contractSymbol,strike,lastPrice,bid,ask,volume,openInterest,impliedVolatility,inTheMoney,option_type,expiry_date,symbol
NVDA260720C00150000,150.0,55.02,52.0,58.65,1.0,2.0,4.674808843994141,True,CALL,2026-07-20,NVDA
NVDA260720C00160000,160.0,49.11,41.95,48.8,2.0,19.0,4.016606541748047,True,CALL,2026-07-20,NVDA
NVDA260720C00165000,165.0,32.88,40.2,42.1,218.0,20.0,2.425785185546875,True,CALL,2026-07-20,NVDA
NVDA260720C00167500,167.5,35.25,37.45,39.6,10.0,28.0,2.28906677734375,True,CALL,2026-07-20,NVDA
NVDA260720C00170000,170.0,35.95,35.25,35.6,174.0,63.0,1.0000000000000003e-05,True,CALL,2026-07-20,NVDA
NVDA260720C00172500,172.5,32.44,32.5,33.25,40.0,19.0,1.0000000000000003e-05,True,CALL,2026-07-20,NVDA
NVDA260720C00175000,175.0,31.19,30.0,30.9,2.0,10.0,1.0000000000000003e-05,True,CALL,2026-07-20,NVDA
NVDA260720C00177500,177.5,27.71,27.7,28.4,110.0,47.0,1.0000000000000003e-05,True,CALL,2026-07-20,NVDA
NVDA260720C00180000,180.0,23.55,25.0,25.75,44.0,63.0,1.0000000000000003e-05,True,CALL,2026-07-20,NVDA
NVDA260720C00182500,182.5,22.72,22.35,23.25,93.0,72.0,1.0000000000000003e-05,True,CALL,2026-07-20,NVDA
NVDA260720C00185000,185.0,18.62,20.3,20.65,192.0,83.0,1.0000000000000003e-05,True,CALL,2026-07-20,NVDA
NVDA260720C00187500,187.5,18.86,17.85,18.55,1.0,131.0,1.0000000000000003e-05,True,CALL,2026-07-20,NVDA
NVDA260720C00190000,190.0,16.0,16.15,16.5,1.0,419.0,1.0000000000000003e-05,True,CALL,2026-07-20,NVDA
NVDA260720C00192500,192.5,13.15,12.95,13.4,2.0,343.0,1.0000000000000003e-05,True,CALL,2026-07-20,NVDA
NVDA260720C00195000,195.0,10.9,10.05,10.7,21.0,2141.0,1.0000000000000003e-05,True,CALL,2026-07-20,NVDA
NVDA260720C00197500,197.5,9.0,7.95,8.65,4.0,896.0,1.0000000000000003e-05,True,CALL,2026-07-20,NVDA
NVDA260720C00200000,200.0,6.5,6.2,6.5,50.0,2875.0,1.0000000000000003e-05,True,CALL,2026-07-20,NVDA
NVDA260720C00202500,202.5,4.15,4.0,4.2,206.0,11669.0,1.0000000000000003e-05,True,CALL,2026-07-20,NVDA
NVDA260720C00205000,205.0,2.26,2.24,2.29,1987.0,11177.0,0.28516339843749994,True,CALL,2026-07-20,NVDA
NVDA260720C00207500,207.5,1.01,1.0,1.02,5426.0,10699.0,0.3154365332031249,False,CALL,2026-07-20,NVDA
NVDA260720C00210000,210.0,0.37,0.36,0.38,6235.0,20810.0,0.33740896972656254,False,CALL,2026-07-20,NVDA
NVDA260720C00212500,212.5,0.1,0.09,0.1,3161.0,12701.0,0.340826904296875,False,CALL,2026-07-20,NVDA
NVDA260720C00215000,215.0,0.03,0.02,0.03,2959.0,15983.0,0.3632876171875,False,CALL,2026-07-20,NVDA
NVDA260720C00217500,217.5,0.01,0.0,0.01,249.0,4720.0,0.39063109375,False,CALL,2026-07-20,NVDA
NVDA260720C00220000,220.0,0.02,0.01,0.02,7.0,10601.0,0.51562984375,False,CALL,2026-07-20,NVDA
NVDA260720C00222500,222.5,0.01,0.01,0.02,1302.0,1986.0,0.570316796875,False,CALL,2026-07-20,NVDA
NVDA260720C00225000,225.0,0.01,0.0,0.01,641.0,2459.0,0.57812921875,False,CALL,2026-07-20,NVDA
NVDA260720C00227500,227.5,0.01,0.0,0.0,331.0,916.0,0.500005,False,CALL,2026-07-20,NVDA
NVDA260720C00230000,230.0,0.01,0.0,0.0,664.0,1513.0,0.500005,False,CALL,2026-07-20,NVDA
NVDA260720C00235000,235.0,0.01,0.0,0.0,54.0,649.0,0.500005,False,CALL,2026-07-20,NVDA
NVDA260720C00240000,240.0,0.03,0.0,0.01,199.0,1239.0,0.9687503125,False,CALL,2026-07-20,NVDA
NVDA260720C00245000,245.0,0.01,0.0,0.0,8.0,171.0,0.500005,False,CALL,2026-07-20,NVDA
NVDA260720C00250000,250.0,0.02,0.0,0.0,25.0,123.0,0.500005,False,CALL,2026-07-20,NVDA
NVDA260720C00255000,255.0,0.01,0.0,0.0,6.0,247.0,0.500005,False,CALL,2026-07-20,NVDA
NVDA260720C00260000,260.0,0.01,0.0,0.0,27.0,318.0,0.500005,False,CALL,2026-07-20,NVDA
NVDA260720C00265000,265.0,0.01,0.0,0.01,50.0,50.0,1.5312523437499999,False,CALL,2026-07-20,NVDA
NVDA260720P00145000,145.0,0.01,0.0,0.0,114.0,2134.0,0.500005,False,PUT,2026-07-20,NVDA
NVDA260720P00150000,150.0,0.01,0.0,0.0,50.0,998.0,0.500005,False,PUT,2026-07-20,NVDA
NVDA260720P00155000,155.0,0.01,0.0,0.0,1694.0,1375.0,0.500005,False,PUT,2026-07-20,NVDA
NVDA260720P00160000,160.0,0.01,0.0,0.0,1367.0,1783.0,0.500005,False,PUT,2026-07-20,NVDA
NVDA260720P00165000,165.0,0.02,0.0,0.0,1836.0,1647.0,0.500005,False,PUT,2026-07-20,NVDA
NVDA260720P00167500,167.5,0.02,0.0,0.0,23.0,128.0,0.500005,False,PUT,2026-07-20,NVDA
NVDA260720P00170000,170.0,0.01,0.0,0.01,4.0,344.0,1.2500037499999999,False,PUT,2026-07-20,NVDA
NVDA260720P00172500,172.5,0.02,0.0,0.0,383.0,231.0,0.500005,False,PUT,2026-07-20,NVDA
NVDA260720P00175000,175.0,0.03,0.0,0.0,692.0,815.0,0.500005,False,PUT,2026-07-20,NVDA
NVDA260720P00177500,177.5,0.04,0.0,0.0,957.0,833.0,0.500005,False,PUT,2026-07-20,NVDA
NVDA260720P00180000,180.0,0.01,0.01,0.02,26.0,2045.0,1.015629921875,False,PUT,2026-07-20,NVDA
NVDA260720P00182500,182.5,0.01,0.01,0.02,753.0,2712.0,0.92187578125,False,PUT,2026-07-20,NVDA
NVDA260720P00185000,185.0,0.01,0.01,0.02,547.0,3091.0,0.8359391406249999,False,PUT,2026-07-20,NVDA
NVDA260720P00187500,187.5,0.12,0.0,0.0,4704.0,2424.0,0.500005,False,PUT,2026-07-20,NVDA
NVDA260720P00190000,190.0,0.03,0.02,0.03,1580.0,8284.0,0.6953155468750001,False,PUT,2026-07-20,NVDA
NVDA260720P00192500,192.5,0.02,0.02,0.03,1632.0,3006.0,0.6015664843750002,False,PUT,2026-07-20,NVDA
NVDA260720P00195000,195.0,0.05,0.06,0.07,378.0,7496.0,0.5820354296875,False,PUT,2026-07-20,NVDA
NVDA260720P00197500,197.5,0.08,0.08,0.08,948.0,5120.0,0.49414568359375005,False,PUT,2026-07-20,NVDA
NVDA260720P00200000,200.0,0.18,0.18,0.19,985.0,11416.0,0.46094289062500005,False,PUT,2026-07-20,NVDA
NVDA260720P00202500,202.5,0.42,0.41,0.43,828.0,6573.0,0.424810439453125,False,PUT,2026-07-20,NVDA
NVDA260720P00205000,205.0,1.01,1.01,1.04,2789.0,4712.0,0.41358008300781246,False,PUT,2026-07-20,NVDA
NVDA260720P00207500,207.5,2.5,2.4,2.46,221.0,3850.0,0.476567734375,True,PUT,2026-07-20,NVDA
NVDA260720P00210000,210.0,4.57,4.65,5.0,17.0,7293.0,0.6694368994140626,True,PUT,2026-07-20,NVDA
NVDA260720P00212500,212.5,6.9,7.0,7.45,1.0,610.0,0.8334977587890623,True,PUT,2026-07-20,NVDA
NVDA260720P00215000,215.0,11.71,9.35,10.15,7010.0,1045.0,1.0127002490234376,True,PUT,2026-07-20,NVDA
NVDA260720P00217500,217.5,15.7,10.55,12.4,173.0,15.0,0.9008798974609374,True,PUT,2026-07-20,NVDA
NVDA260720P00220000,220.0,18.05,14.2,14.65,292.0,4.0,1.2114297241210936,True,PUT,2026-07-20,NVDA
NVDA260720P00222500,222.5,20.55,16.15,16.5,129.0,0.0,1.0888717431640624,True,PUT,2026-07-20,NVDA
NVDA260720P00225000,225.0,21.7,19.4,20.05,242.0,0.0,1.5986348193359374,True,PUT,2026-07-20,NVDA
NVDA260720P00227500,227.5,22.85,21.8,22.2,30.0,0.0,1.6416033544921875,True,PUT,2026-07-20,NVDA
NVDA260720P00230000,230.0,26.68,24.35,24.7,49.0,0.0,1.7773448632812499,True,PUT,2026-07-20,NVDA
NVDA260720P00235000,235.0,31.99,29.35,30.1,153.0,0.0,2.1054734863281244,True,PUT,2026-07-20,NVDA
NVDA260720P00240000,240.0,34.48,34.15,35.0,2.0,0.0,2.268559016113281,True,PUT,2026-07-20,NVDA
NVDA260720P00245000,245.0,35.5,39.35,40.1,,0.0,2.5595739135742184,True,PUT,2026-07-20,NVDA
NVDA260720P00250000,250.0,40.45,43.35,45.75,,0.0,2.6826204809570315,True,PUT,2026-07-20,NVDA
NVDA260720P00255000,255.0,45.45,48.0,50.0,,0.0,2.5390661523437497,True,PUT,2026-07-20,NVDA
NVDA260720P00260000,260.0,54.5,53.35,56.05,2.0,0.0,3.1582052294921876,True,PUT,2026-07-20,NVDA
NVDA260720P00265000,265.0,59.48,58.4,61.0,2.0,0.0,3.3476578808593747,True,PUT,2026-07-20,NVDA
NVDA260722C00150000,150.0,57.81,51.85,59.4,1.0,1.0,2.9589869775390625,True,CALL,2026-07-22,NVDA
NVDA260722C00155000,155.0,46.43,47.05,53.8,,13.0,2.534183352050781,True,CALL,2026-07-22,NVDA
NVDA260722C00160000,160.0,41.52,41.65,49.2,,14.0,2.442874986572266,True,CALL,2026-07-22,NVDA
NVDA260722C00165000,165.0,39.62,37.25,44.2,80.0,42.0,2.2241255334472654,True,CALL,2026-07-22,NVDA
NVDA260722C00170000,170.0,36.1,31.55,39.45,22.0,18.0,2.0732470043945312,True,CALL,2026-07-22,NVDA
NVDA260722C00172500,172.5,38.02,29.2,36.7,,1.0,1.9013676806640625,True,CALL,2026-07-22,NVDA
NVDA260722C00175000,175.0,24.01,27.1,33.85,2.0,16.0,1.7060561572265625,True,CALL,2026-07-22,NVDA
NVDA260722C00177500,177.5,28.49,24.35,29.9,116.0,12.0,1.158207333984375,True,CALL,2026-07-22,NVDA
NVDA260722C00180000,180.0,23.01,22.0,29.65,329.0,129.0,1.6821304956054686,True,CALL,2026-07-22,NVDA
NVDA260722C00182500,182.5,28.63,19.4,27.15,158.0,41.0,1.572267763671875,True,CALL,2026-07-22,NVDA
NVDA260722C00185000,185.0,19.0,17.2,23.9,180.0,46.0,1.3042026977539058,True,CALL,2026-07-22,NVDA
NVDA260722C00187500,187.5,18.45,17.25,20.9,1.0,84.0,1.08984830078125,True,CALL,2026-07-22,NVDA
NVDA260722C00190000,190.0,15.78,15.65,15.85,25.0,116.0,1.0000000000000003e-05,True,CALL,2026-07-22,NVDA
NVDA260722C00192500,192.5,13.65,12.75,13.95,2.0,71.0,1.0000000000000003e-05,True,CALL,2026-07-22,NVDA
NVDA260722C00195000,195.0,9.3,10.75,10.95,343.0,204.0,1.0000000000000003e-05,True,CALL,2026-07-22,NVDA
NVDA260722C00197500,197.5,7.72,8.55,8.8,381.0,339.0,1.0000000000000003e-05,True,CALL,2026-07-22,NVDA
NVDA260722C00200000,200.0,7.0,6.65,6.8,9.0,899.0,0.20410952148437497,True,CALL,2026-07-22,NVDA
NVDA260722C00202500,202.5,5.4,4.95,5.05,8.0,770.0,0.3161689477539062,True,CALL,2026-07-22,NVDA
NVDA260722C00205000,205.0,3.84,3.85,3.9,225.0,9831.0,0.39551385742187506,True,CALL,2026-07-22,NVDA
NVDA260722C00207500,207.5,2.26,2.28,2.33,265.0,2497.0,0.3591372680664062,False,CALL,2026-07-22,NVDA
NVDA260722C00210000,210.0,1.64,1.63,1.65,655.0,5523.0,0.39819937744140627,False,CALL,2026-07-22,NVDA
NVDA260722C00212500,212.5,0.95,0.91,0.95,343.0,5387.0,0.39380489013671877,False,CALL,2026-07-22,NVDA
NVDA260722C00215000,215.0,0.56,0.55,0.56,254.0,3809.0,0.40332627929687503,False,CALL,2026-07-22,NVDA
NVDA260722C00217500,217.5,0.29,0.28,0.3,83.0,1065.0,0.4057676611328125,False,CALL,2026-07-22,NVDA
NVDA260722C00220000,220.0,0.13,0.14,0.15,30.0,3260.0,0.407232490234375,False,CALL,2026-07-22,NVDA
NVDA260722C00222500,222.5,0.1,0.1,0.16,15.0,1023.0,0.47070841796875,False,CALL,2026-07-22,NVDA
NVDA260722C00225000,225.0,0.05,0.04,0.06,5.0,1075.0,0.44922425781249997,False,CALL,2026-07-22,NVDA
NVDA260722C00227500,227.5,0.04,0.01,0.04,1.0,414.0,0.47070841796875,False,CALL,2026-07-22,NVDA
NVDA260722C00230000,230.0,0.04,0.0,0.0,511.0,1153.0,0.2500075,False,CALL,2026-07-22,NVDA
NVDA260722C00232500,232.5,0.03,0.0,0.0,39.0,270.0,0.2500075,False,CALL,2026-07-22,NVDA
NVDA260722C00235000,235.0,0.01,0.0,0.0,35.0,263.0,0.2500075,False,CALL,2026-07-22,NVDA
NVDA260722C00240000,240.0,0.02,0.0,0.0,159.0,374.0,0.2500075,False,CALL,2026-07-22,NVDA
NVDA260722C00245000,245.0,0.01,0.0,0.0,151.0,249.0,0.500005,False,CALL,2026-07-22,NVDA
NVDA260722C00250000,250.0,0.01,0.0,0.0,135.0,214.0,0.500005,False,CALL,2026-07-22,NVDA
NVDA260722C00255000,255.0,0.02,0.0,0.0,1.0,96.0,0.500005,False,CALL,2026-07-22,NVDA
NVDA260722C00260000,260.0,0.01,0.0,0.0,1.0,12.0,0.500005,False,CALL,2026-07-22,NVDA
NVDA260722C00265000,265.0,0.01,0.0,0.0,,1.0,0.500005,False,CALL,2026-07-22,NVDA
NVDA260722P00145000,145.0,0.02,0.0,0.0,32.0,38.0,0.500005,False,PUT,2026-07-22,NVDA
NVDA260722P00150000,150.0,0.02,0.0,0.0,48.0,91.0,0.500005,False,PUT,2026-07-22,NVDA
NVDA260722P00155000,155.0,0.05,0.01,0.21,113.0,135.0,1.4375028125,False,PUT,2026-07-22,NVDA
NVDA260722P00160000,160.0,0.04,0.0,0.0,303.0,837.0,0.500005,False,PUT,2026-07-22,NVDA
NVDA260722P00162500,162.5,0.05,0.0,0.0,171.0,153.0,0.500005,False,PUT,2026-07-22,NVDA
NVDA260722P00165000,165.0,0.06,0.0,0.0,143.0,190.0,0.500005,False,PUT,2026-07-22,NVDA
NVDA260722P00167500,167.5,0.06,0.0,0.0,107.0,127.0,0.500005,False,PUT,2026-07-22,NVDA
NVDA260722P00170000,170.0,0.09,0.0,0.0,9337.0,9621.0,0.500005,False,PUT,2026-07-22,NVDA
NVDA260722P00172500,172.5,0.11,0.0,0.0,28.0,100.0,0.500005,False,PUT,2026-07-22,NVDA
NVDA260722P00175000,175.0,0.04,0.04,0.06,120.0,455.0,0.79687703125,False,PUT,2026-07-22,NVDA
NVDA260722P00177500,177.5,0.15,0.0,0.0,408.0,445.0,0.500005,False,PUT,2026-07-22,NVDA
NVDA260722P00180000,180.0,0.18,0.0,0.0,403.0,448.0,0.2500075,False,PUT,2026-07-22,NVDA
NVDA260722P00182500,182.5,0.11,0.09,0.11,100.0,317.0,0.68555001953125,False,PUT,2026-07-22,NVDA
NVDA260722P00185000,185.0,0.29,0.14,0.15,1071.0,948.0,0.6601596484375001,False,PUT,2026-07-22,NVDA
NVDA260722P00187500,187.5,0.18,0.19,0.2,8.0,1319.0,0.6269568554687501,False,PUT,2026-07-22,NVDA
NVDA260722P00190000,190.0,0.25,0.25,0.26,14.0,3581.0,0.58789474609375,False,PUT,2026-07-22,NVDA
NVDA260722P00192500,192.5,0.36,0.35,0.37,5.0,1283.0,0.5576216113281252,False,PUT,2026-07-22,NVDA
NVDA260722P00195000,195.0,0.44,0.45,0.48,48.0,8762.0,0.5131884619140624,False,PUT,2026-07-22,NVDA
NVDA260722P00197500,197.5,0.97,0.82,0.85,1.0,1011.0,0.5190477783203125,False,PUT,2026-07-22,NVDA
NVDA260722P00200000,200.0,1.27,1.08,1.09,185.0,7657.0,0.471684970703125,False,PUT,2026-07-22,NVDA
NVDA260722P00202500,202.5,1.89,1.89,1.93,445.0,7599.0,0.49561051269531253,False,PUT,2026-07-22,NVDA
NVDA260722P00205000,205.0,2.65,2.58,2.65,608.0,11473.0,0.46362841064453125,False,PUT,2026-07-22,NVDA
NVDA260722P00207500,207.5,4.25,4.25,4.3,214.0,1380.0,0.5188036401367188,True,PUT,2026-07-22,NVDA
NVDA260722P00210000,210.0,5.51,5.45,5.6,60.0,7879.0,0.4975636181640626,True,PUT,2026-07-22,NVDA
NVDA260722P00212500,212.5,10.68,7.1,7.25,131.0,527.0,0.485356708984375,True,PUT,2026-07-22,NVDA
NVDA260722P00215000,215.0,12.06,9.8,10.0,74.0,66.0,0.6103554589843752,True,PUT,2026-07-22,NVDA
NVDA260722P00217500,217.5,13.22,10.85,12.25,289.0,75.0,0.5371140039062501,True,PUT,2026-07-22,NVDA
NVDA260722P00220000,220.0,17.05,14.3,16.2,53.0,91.0,0.8576674389648438,True,PUT,2026-07-22,NVDA
NVDA260722P00222500,222.5,16.9,15.55,18.85,50.0,82.0,0.8378922460937499,True,PUT,2026-07-22,NVDA
NVDA260722P00225000,225.0,18.94,19.2,19.9,415.0,106.0,0.8845226391601562,True,PUT,2026-07-22,NVDA
NVDA260722P00227500,227.5,18.05,20.8,23.9,143.0,24.0,1.0268603344726563,True,PUT,2026-07-22,NVDA
NVDA260722P00230000,230.0,23.55,23.0,26.5,48.0,11.0,1.0795944458007813,True,PUT,2026-07-22,NVDA
NVDA260722P00232500,232.5,25.95,25.65,28.7,,0.0,1.1337933935546878,True,PUT,2026-07-22,NVDA
NVDA260722P00235000,235.0,25.45,28.15,31.2,,0.0,1.203128984375,True,PUT,2026-07-22,NVDA
NVDA260722P00245000,245.0,36.0,38.15,41.2,1.0,0.0,1.464358146972656,True,PUT,2026-07-22,NVDA
NVDA260722P00260000,260.0,51.6,53.1,56.0,,0.0,1.7753917480468748,True,PUT,2026-07-22,NVDA
NVDA260724C00145000,145.0,60.3,58.45,63.2,5.0,1265.0,2.1157273669433594,True,CALL,2026-07-24,NVDA
NVDA260724C00150000,150.0,53.94,52.8,58.55,45.0,75.0,2.0610400036621095,True,CALL,2026-07-24,NVDA
NVDA260724C00155000,155.0,56.18,47.8,53.2,1.0,47.0,1.7924815063476562,True,CALL,2026-07-24,NVDA
NVDA260724C00160000,160.0,44.61,43.55,48.25,128.0,621.0,1.650392373046875,True,CALL,2026-07-24,NVDA
NVDA260724C00165000,165.0,38.07,38.5,43.6,5.0,163.0,1.584963012695312,True,CALL,2026-07-24,NVDA
NVDA260724C00167500,167.5,36.85,34.95,41.45,,10.0,1.584963012695312,True,CALL,2026-07-24,NVDA
NVDA260724C00170000,170.0,32.02,34.2,38.3,27.0,191.0,1.3554719726562499,True,CALL,2026-07-24,NVDA
NVDA260724C00172500,172.5,34.1,30.15,36.35,1.0,74.0,1.4016143200683593,True,CALL,2026-07-24,NVDA
NVDA260724C00175000,175.0,28.85,30.45,31.15,84.0,240.0,1.0000000000000003e-05,True,CALL,2026-07-24,NVDA
NVDA260724C00177500,177.5,28.06,25.3,30.85,21.0,125.0,1.1396527392578126,True,CALL,2026-07-24,NVDA
NVDA260724C00180000,180.0,23.44,25.35,25.85,271.0,8410.0,1.0000000000000003e-05,True,CALL,2026-07-24,NVDA
NVDA260724C00182500,182.5,21.34,20.95,23.8,275.0,122.0,1.0000000000000003e-05,True,CALL,2026-07-24,NVDA
NVDA260724C00185000,185.0,19.25,20.85,21.05,277.0,902.0,1.0000000000000003e-05,True,CALL,2026-07-24,NVDA
NVDA260724C00187500,187.5,18.47,18.1,18.4,3.0,544.0,1.0000000000000003e-05,True,CALL,2026-07-24,NVDA
NVDA260724C00190000,190.0,16.2,16.1,16.3,13.0,3887.0,1.0000000000000003e-05,True,CALL,2026-07-24,NVDA
NVDA260724C00192500,192.5,15.1,13.7,14.0,30.0,2568.0,1.0000000000000003e-05,True,CALL,2026-07-24,NVDA
NVDA260724C00195000,195.0,12.25,12.05,12.2,45.0,3798.0,0.39502558105468755,True,CALL,2026-07-24,NVDA
NVDA260724C00197500,197.5,8.2,9.3,9.6,1644.0,1877.0,0.30811238769531246,True,CALL,2026-07-24,NVDA
NVDA260724C00200000,200.0,7.9,7.5,7.8,31.0,8161.0,0.36035795898437495,True,CALL,2026-07-24,NVDA
NVDA260724C00202500,202.5,7.0,5.95,6.1,18.0,5650.0,0.37525038818359374,True,CALL,2026-07-24,NVDA
NVDA260724C00205000,205.0,5.05,5.0,5.05,796.0,24297.0,0.42847251220703125,True,CALL,2026-07-24,NVDA
NVDA260724C00207500,207.5,3.75,3.65,3.7,2192.0,33910.0,0.4204159521484375,False,CALL,2026-07-24,NVDA
NVDA260724C00210000,210.0,2.58,2.58,2.59,1712.0,50349.0,0.41211525390625,False,CALL,2026-07-24,NVDA
NVDA260724C00212500,212.5,1.63,1.68,1.69,413.0,26497.0,0.39990834472656256,False,CALL,2026-07-24,NVDA
NVDA260724C00215000,215.0,1.2,1.19,1.22,922.0,49511.0,0.41528905029296875,False,CALL,2026-07-24,NVDA
NVDA260724C00217500,217.5,0.66,0.69,0.71,821.0,39532.0,0.40112903564453123,False,CALL,2026-07-24,NVDA
NVDA260724C00220000,220.0,0.46,0.45,0.47,1031.0,24057.0,0.4096738720703125,False,CALL,2026-07-24,NVDA
NVDA260724C00222500,222.5,0.28,0.31,0.33,154.0,3740.0,0.424810439453125,False,CALL,2026-07-24,NVDA
NVDA260724C00225000,225.0,0.2,0.2,0.21,620.0,23434.0,0.43066975585937506,False,CALL,2026-07-24,NVDA
NVDA260724C00227500,227.5,0.15,0.12,0.14,4.0,1985.0,0.4414118359375,False,CALL,2026-07-24,NVDA
NVDA260724C00230000,230.0,0.11,0.08,0.09,16.0,9729.0,0.44922425781249997,False,CALL,2026-07-24,NVDA
NVDA260724C00232500,232.5,0.09,0.07,0.09,2.0,4423.0,0.48633326171875,False,CALL,2026-07-24,NVDA
NVDA260724C00235000,235.0,0.07,0.06,0.07,2.0,9410.0,0.500005,False,CALL,2026-07-24,NVDA
NVDA260724C00237500,237.5,0.06,0.0,0.0,354.0,473.0,0.2500075,False,CALL,2026-07-24,NVDA
NVDA260724C00240000,240.0,0.05,0.0,0.0,293.0,7753.0,0.2500075,False,CALL,2026-07-24,NVDA
NVDA260724C00245000,245.0,0.03,0.0,0.0,871.0,2887.0,0.2500075,False,CALL,2026-07-24,NVDA
NVDA260724C00250000,250.0,0.01,0.01,0.04,143.0,4332.0,0.6250037500000001,False,CALL,2026-07-24,NVDA
NVDA260724C00255000,255.0,0.01,0.0,0.0,214.0,1952.0,0.500005,False,CALL,2026-07-24,NVDA
NVDA260724C00260000,260.0,0.02,0.0,0.0,89.0,1974.0,0.500005,False,CALL,2026-07-24,NVDA
NVDA260724C00265000,265.0,0.02,0.0,0.0,447.0,1130.0,0.500005,False,CALL,2026-07-24,NVDA
NVDA260724P00145000,145.0,0.03,0.01,0.14,10.0,1563.0,1.2734411328124997,False,PUT,2026-07-24,NVDA
NVDA260724P00150000,150.0,0.04,0.01,0.15,881.0,3404.0,1.1757853710937498,False,PUT,2026-07-24,NVDA
NVDA260724P00155000,155.0,0.06,0.03,0.05,136.0,5914.0,0.9804689453125001,False,PUT,2026-07-24,NVDA
NVDA260724P00160000,160.0,0.08,0.03,0.08,1999.0,12493.0,0.9179695703125,False,PUT,2026-07-24,NVDA
NVDA260724P00165000,165.0,0.08,0.04,0.1,1.0,8420.0,0.8437515624999999,False,PUT,2026-07-24,NVDA
NVDA260724P00167500,167.5,0.13,0.07,0.12,160.0,1460.0,0.8281267187499999,False,PUT,2026-07-24,NVDA
NVDA260724P00170000,170.0,0.1,0.08,0.14,6.0,4264.0,0.7929708203125,False,PUT,2026-07-24,NVDA
NVDA260724P00172500,172.5,0.2,0.08,0.19,544.0,2237.0,0.7656273437500001,False,PUT,2026-07-24,NVDA
NVDA260724P00175000,175.0,0.23,0.11,0.13,6139.0,7140.0,0.6992217578125001,False,PUT,2026-07-24,NVDA
NVDA260724P00177500,177.5,0.22,0.06,0.22,1.0,1683.0,0.6640658593750002,False,PUT,2026-07-24,NVDA
NVDA260724P00180000,180.0,0.19,0.18,0.19,11.0,19889.0,0.641605146484375,False,PUT,2026-07-24,NVDA
NVDA260724P00182500,182.5,0.47,0.25,0.33,2235.0,4750.0,0.64062859375,False,PUT,2026-07-24,NVDA
NVDA260724P00185000,185.0,0.3,0.29,0.31,264.0,15314.0,0.586918193359375,False,PUT,2026-07-24,NVDA
NVDA260724P00187500,187.5,0.39,0.35,0.36,570.0,5210.0,0.5498091894531252,False,PUT,2026-07-24,NVDA
NVDA260724P00190000,190.0,0.5,0.5,0.51,103.0,20396.0,0.534184345703125,False,PUT,2026-07-24,NVDA
NVDA260724P00192500,192.5,0.78,0.76,0.79,95.0,6094.0,0.5317429638671876,False,PUT,2026-07-24,NVDA
NVDA260724P00195000,195.0,1.1,1.06,1.09,330.0,19727.0,0.516606396484375,False,PUT,2026-07-24,NVDA
NVDA260724P00197500,197.5,1.5,1.35,1.37,233.0,4830.0,0.4858449853515625,False,PUT,2026-07-24,NVDA
NVDA260724P00200000,200.0,2.03,1.91,1.93,587.0,17973.0,0.476567734375,False,PUT,2026-07-24,NVDA
NVDA260724P00202500,202.5,2.95,2.89,2.95,407.0,5571.0,0.500005,False,PUT,2026-07-24,NVDA
NVDA260724P00205000,205.0,3.68,3.6,3.65,699.0,15582.0,0.46484910156250003,False,PUT,2026-07-24,NVDA
NVDA260724P00207500,207.5,5.22,5.15,5.25,38.0,3376.0,0.5029346582031251,True,PUT,2026-07-24,NVDA
NVDA260724P00210000,210.0,6.3,6.2,6.35,27.0,5052.0,0.46655806884765627,True,PUT,2026-07-24,NVDA
NVDA260724P00212500,212.5,7.95,8.6,8.7,1.0,1559.0,0.5397995239257813,True,PUT,2026-07-24,NVDA
NVDA260724P00215000,215.0,10.1,10.3,10.45,5.0,2264.0,0.5329636547851562,True,PUT,2026-07-24,NVDA
NVDA260724P00217500,217.5,15.0,11.85,12.05,687.0,925.0,0.49561051269531253,True,PUT,2026-07-24,NVDA
NVDA260724P00220000,220.0,17.1,14.1,14.25,269.0,905.0,0.5127001855468749,True,PUT,2026-07-24,NVDA
NVDA260724P00222500,222.5,19.43,16.5,16.7,225.0,360.0,0.5446822875976562,True,PUT,2026-07-24,NVDA
NVDA260724P00225000,225.0,21.55,19.3,19.65,505.0,1155.0,0.6718782812500002,True,PUT,2026-07-24,NVDA
NVDA260724P00227500,227.5,25.45,20.95,22.0,176.0,62.0,0.6274451318359376,True,PUT,2026-07-24,NVDA
NVDA260724P00230000,230.0,26.45,24.15,24.65,157.0,514.0,0.7707542456054688,True,PUT,2026-07-24,NVDA
NVDA260724P00232500,232.5,30.22,25.45,27.25,1.0,43.0,0.6953155468750001,True,PUT,2026-07-24,NVDA
NVDA260724P00235000,235.0,30.87,29.3,29.75,73.0,271.0,0.9023447265625,True,PUT,2026-07-24,NVDA
NVDA260724P00237500,237.5,32.37,31.35,32.8,1.0,0.0,0.9643558251953125,True,PUT,2026-07-24,NVDA
NVDA260724P00240000,240.0,33.05,33.6,34.75,1.0,0.0,0.9233406103515626,True,PUT,2026-07-24,NVDA
NVDA260724P00245000,245.0,38.4,37.45,39.25,3.0,0.0,0.6699251757812501,True,PUT,2026-07-24,NVDA
NVDA260724P00250000,250.0,43.45,43.8,45.5,2.0,0.0,1.2231484155273438,True,PUT,2026-07-24,NVDA
NVDA260724P00255000,255.0,48.5,48.85,50.5,2.0,0.0,1.3193393408203122,True,PUT,2026-07-24,NVDA
NVDA260724P00260000,260.0,51.16,52.55,54.8,2.0,0.0,1.087895185546875,True,PUT,2026-07-24,NVDA
NVDA260727C00155000,155.0,43.39,46.55,54.8,1.0,2.0,1.7548840380859376,True,CALL,2026-07-27,NVDA
NVDA260727C00175000,175.0,32.17,27.0,35.0,,14.0,1.2221718579101561,True,CALL,2026-07-27,NVDA
NVDA260727C00180000,180.0,24.49,22.05,26.95,21.0,25.0,0.5454147021484376,True,CALL,2026-07-27,NVDA
NVDA260727C00185000,185.0,18.68,20.65,22.4,25.0,29.0,0.569340244140625,True,CALL,2026-07-27,NVDA
NVDA260727C00190000,190.0,14.35,16.0,17.35,136.0,33.0,0.45508357421875,True,CALL,2026-07-27,NVDA
NVDA260727C00192500,192.5,12.25,13.75,15.15,121.0,92.0,0.45044494873046875,True,CALL,2026-07-27,NVDA
NVDA260727C00195000,195.0,12.5,11.75,12.55,2.0,69.0,0.37915659912109373,True,CALL,2026-07-27,NVDA
NVDA260727C00197500,197.5,8.72,9.7,10.9,81.0,99.0,0.42236905761718746,True,CALL,2026-07-27,NVDA
NVDA260727C00200000,200.0,8.8,8.15,9.1,1.0,173.0,0.4232235412597656,True,CALL,2026-07-27,NVDA
NVDA260727C00202500,202.5,6.25,6.5,7.05,5.0,155.0,0.3864807446289062,True,CALL,2026-07-27,NVDA
NVDA260727C00205000,205.0,4.9,4.6,5.65,3.0,922.0,0.3920959228515625,True,CALL,2026-07-27,NVDA
NVDA260727C00207500,207.5,4.15,3.6,4.1,47.0,687.0,0.36804831176757813,False,CALL,2026-07-27,NVDA
NVDA260727C00210000,210.0,3.15,3.1,3.2,206.0,8528.0,0.38013315185546875,False,CALL,2026-07-27,NVDA
NVDA260727C00212500,212.5,2.1,1.93,2.07,18.0,7031.0,0.3540103662109374,False,CALL,2026-07-27,NVDA
NVDA260727C00215000,215.0,1.38,1.48,1.63,131.0,10223.0,0.37402969726562496,False,CALL,2026-07-27,NVDA
NVDA260727C00217500,217.5,0.93,1.06,1.17,26.0,765.0,0.3786683227539062,False,CALL,2026-07-27,NVDA
NVDA260727C00220000,220.0,0.71,0.61,0.69,4.0,3491.0,0.36255520263671875,False,CALL,2026-07-27,NVDA
NVDA260727C00222500,222.5,0.51,0.43,0.5,6.0,365.0,0.37305314453125,False,CALL,2026-07-27,NVDA
NVDA260727C00225000,225.0,0.35,0.28,0.35,1.0,1999.0,0.38086556640624997,False,CALL,2026-07-27,NVDA
NVDA260727C00227500,227.5,0.22,0.2,0.26,227.0,146.0,0.3930724755859375,False,CALL,2026-07-27,NVDA
NVDA260727C00230000,230.0,0.18,0.0,0.0,387.0,505.0,0.12500875,False,CALL,2026-07-27,NVDA
NVDA260727C00232500,232.5,0.14,0.0,0.0,365.0,97.0,0.12500875,False,CALL,2026-07-27,NVDA
NVDA260727C00235000,235.0,0.11,0.1,0.11,1.0,485.0,0.42774009765625004,False,CALL,2026-07-27,NVDA
NVDA260727C00240000,240.0,0.08,0.01,0.43,1578.0,4906.0,0.5429733203125001,False,CALL,2026-07-27,NVDA
NVDA260727C00245000,245.0,0.1,0.0,0.0,22.0,168.0,0.2500075,False,CALL,2026-07-27,NVDA
NVDA260727C00250000,250.0,0.05,0.0,0.0,13.0,178.0,0.2500075,False,CALL,2026-07-27,NVDA
NVDA260727C00255000,255.0,0.07,0.0,0.0,3.0,7.0,0.2500075,False,CALL,2026-07-27,NVDA
NVDA260727C00260000,260.0,0.03,0.0,0.0,2.0,1.0,0.2500075,False,CALL,2026-07-27,NVDA
NVDA260727C00265000,265.0,0.05,0.01,0.04,12.0,23.0,0.6289099609375001,False,CALL,2026-07-27,NVDA
NVDA260727P00150000,150.0,0.03,0.0,0.0,1.0,1.0,0.500005,False,PUT,2026-07-27,NVDA
NVDA260727P00155000,155.0,0.07,0.0,0.0,5.0,5.0,0.500005,False,PUT,2026-07-27,NVDA
NVDA260727P00160000,160.0,0.08,0.0,0.0,3.0,15.0,0.500005,False,PUT,2026-07-27,NVDA
NVDA260727P00165000,165.0,0.13,0.07,0.11,11.0,43.0,0.6894562304687502,False,PUT,2026-07-27,NVDA
NVDA260727P00167500,167.5,0.2,0.0,0.0,3.0,3.0,0.2500075,False,PUT,2026-07-27,NVDA
NVDA260727P00170000,170.0,0.2,0.1,0.14,43.0,200.0,0.6347692773437501,False,PUT,2026-07-27,NVDA
NVDA260727P00172500,172.5,0.21,0.0,0.0,80.0,63.0,0.2500075,False,PUT,2026-07-27,NVDA
NVDA260727P00175000,175.0,0.28,0.15,0.19,58.0,60.0,0.5839885351562499,False,PUT,2026-07-27,NVDA
NVDA260727P00177500,177.5,0.27,0.19,0.25,126.0,117.0,0.5664105859375,False,PUT,2026-07-27,NVDA
NVDA260727P00180000,180.0,0.45,0.23,0.28,94.0,150.0,0.5371140039062501,False,PUT,2026-07-27,NVDA
NVDA260727P00182500,182.5,0.69,0.31,0.38,37.0,28.0,0.523442265625,False,PUT,2026-07-27,NVDA
NVDA260727P00185000,185.0,0.46,0.4,0.46,2.0,278.0,0.5009815527343751,False,PUT,2026-07-27,NVDA
NVDA260727P00187500,187.5,0.62,0.54,0.62,1.0,142.0,0.49561051269531253,False,PUT,2026-07-27,NVDA
NVDA260727P00190000,190.0,1.34,0.75,0.82,718.0,660.0,0.4804739453125,False,PUT,2026-07-27,NVDA
NVDA260727P00192500,192.5,1.8,1.02,1.12,135.0,120.0,0.4714408325195312,False,PUT,2026-07-27,NVDA
NVDA260727P00195000,195.0,1.7,1.37,1.47,3.0,430.0,0.4572808178710938,False,PUT,2026-07-27,NVDA
NVDA260727P00197500,197.5,1.93,1.86,1.98,1.0,385.0,0.4497125341796875,False,PUT,2026-07-27,NVDA
NVDA260727P00200000,200.0,4.0,2.37,2.48,2023.0,9808.0,0.4282283740234375,False,PUT,2026-07-27,NVDA
NVDA260727P00202500,202.5,3.25,3.3,3.5,2.0,296.0,0.44116769775390624,False,PUT,2026-07-27,NVDA
NVDA260727P00205000,205.0,4.6,4.1,4.25,111.0,5598.0,0.41480077392578124,False,PUT,2026-07-27,NVDA
NVDA260727P00207500,207.5,7.8,5.0,6.05,2088.0,882.0,0.4602104760742188,True,PUT,2026-07-27,NVDA
NVDA260727P00210000,210.0,9.0,6.95,7.45,67.0,5594.0,0.4577690942382813,True,PUT,2026-07-27,NVDA
NVDA260727P00212500,212.5,8.97,8.65,9.25,1.0,267.0,0.4753470434570312,True,PUT,2026-07-27,NVDA
NVDA260727P00215000,215.0,10.02,9.85,11.65,6.0,33.0,0.5363815893554689,True,PUT,2026-07-27,NVDA
NVDA260727P00217500,217.5,18.55,11.75,13.75,1.0,8.0,0.5634809277343751,True,PUT,2026-07-27,NVDA
NVDA260727P00220000,220.0,17.6,14.05,15.9,1.0,7.0,0.5881388842773438,True,PUT,2026-07-27,NVDA
NVDA260727P00222500,222.5,19.95,16.55,18.1,13.0,13.0,0.5214891601562499,True,PUT,2026-07-27,NVDA
NVDA260727P00225000,225.0,21.96,18.9,20.8,22.0,19.0,0.5734905932617188,True,PUT,2026-07-27,NVDA
NVDA260727P00227500,227.5,24.36,21.1,23.2,24.0,22.0,0.5932657861328126,True,PUT,2026-07-27,NVDA
NVDA260727P00230000,230.0,23.75,20.65,28.7,,1.0,0.641605146484375,True,PUT,2026-07-27,NVDA
NVDA260727P00235000,235.0,28.67,25.65,33.25,2.0,1.0,0.6904327832031252,True,PUT,2026-07-27,NVDA
NVDA260727P00260000,260.0,56.02,50.0,58.25,2.0,2.0,0.9760744580078126,True,PUT,2026-07-27,NVDA
NVDA260729C00175000,175.0,31.5,26.95,34.9,32.0,17.0,1.0734909606933596,True,CALL,2026-07-29,NVDA
NVDA260729C00177500,177.5,26.56,27.85,29.6,,58.0,0.5551802294921876,True,CALL,2026-07-29,NVDA
NVDA260729C00180000,180.0,30.0,25.4,27.5,11.0,12.0,0.6091347680664063,True,CALL,2026-07-29,NVDA
NVDA260729C00182500,182.5,24.35,23.05,24.95,15.0,15.0,0.55273884765625,True,CALL,2026-07-29,NVDA
NVDA260729C00185000,185.0,20.9,20.65,22.65,,1.0,0.5415084912109377,True,CALL,2026-07-29,NVDA
NVDA260729C00187500,187.5,17.0,18.1,20.9,15.0,16.0,0.5969278588867188,True,CALL,2026-07-29,NVDA
NVDA260729C00190000,190.0,17.28,16.1,18.1,4.0,4.0,0.5053760400390624,True,CALL,2026-07-29,NVDA
NVDA260729C00192500,192.5,13.0,13.95,16.0,3.0,1.0,0.4978077563476563,True,CALL,2026-07-29,NVDA
NVDA260729C00195000,195.0,13.35,11.9,14.3,56.0,49.0,0.5200243310546875,True,CALL,2026-07-29,NVDA
NVDA260729C00197500,197.5,11.0,10.0,12.0,13.0,26.0,0.47461462890625,True,CALL,2026-07-29,NVDA
NVDA260729C00200000,200.0,7.95,8.25,10.2,232.0,117.0,0.4660697924804688,True,CALL,2026-07-29,NVDA
NVDA260729C00202500,202.5,6.55,7.0,8.0,81.0,33.0,0.4162656030273437,True,CALL,2026-07-29,NVDA
NVDA260729C00205000,205.0,6.0,5.7,6.3,33.0,471.0,0.39600213378906257,True,CALL,2026-07-29,NVDA
NVDA260729C00207500,207.5,4.27,4.5,5.35,248.0,335.0,0.4182187084960937,False,CALL,2026-07-29,NVDA
NVDA260729C00210000,210.0,3.89,3.45,3.8,2.0,1878.0,0.38294074096679687,False,CALL,2026-07-29,NVDA
NVDA260729C00212500,212.5,3.1,2.6,2.84,2.0,316.0,0.37720349365234374,False,CALL,2026-07-29,NVDA
NVDA260729C00215000,215.0,2.45,1.98,2.21,1.0,316.0,0.38477177734374995,False,CALL,2026-07-29,NVDA
NVDA260729C00217500,217.5,1.47,1.42,1.67,4.0,76.0,0.3883117810058594,False,CALL,2026-07-29,NVDA
NVDA260729C00220000,220.0,1.2,1.2,1.26,6.0,322.0,0.39331661376953125,False,CALL,2026-07-29,NVDA
NVDA260729C00222500,222.5,0.7,0.72,0.88,597.0,419.0,0.3898986791992188,False,CALL,2026-07-29,NVDA
NVDA260729C00225000,225.0,0.55,0.51,0.67,389.0,340.0,0.39819937744140627,False,CALL,2026-07-29,NVDA
NVDA260729C00227500,227.5,0.41,0.34,0.49,406.0,415.0,0.4028380029296875,False,CALL,2026-07-29,NVDA
NVDA260729C00230000,230.0,0.3,0.01,0.98,100.0,187.0,0.5212450219726561,False,CALL,2026-07-29,NVDA
NVDA260729C00232500,232.5,0.29,0.0,0.0,32.0,11.0,0.12500875,False,CALL,2026-07-29,NVDA
NVDA260729C00235000,235.0,0.25,0.11,0.2,2.0,162.0,0.42139250488281255,False,CALL,2026-07-29,NVDA
NVDA260729C00237500,237.5,0.16,0.0,0.0,11.0,4.0,0.2500075,False,CALL,2026-07-29,NVDA
NVDA260729C00240000,240.0,0.11,0.16,0.79,49.0,57.0,0.561527822265625,False,CALL,2026-07-29,NVDA
NVDA260729C00245000,245.0,0.14,0.0,0.0,51.0,74.0,0.2500075,False,CALL,2026-07-29,NVDA
NVDA260729C00250000,250.0,0.1,0.0,0.0,7.0,63.0,0.2500075,False,CALL,2026-07-29,NVDA
NVDA260729C00255000,255.0,0.09,0.0,0.0,1.0,6.0,0.2500075,False,CALL,2026-07-29,NVDA
NVDA260729C00260000,260.0,0.02,0.0,0.0,2.0,30.0,0.2500075,False,CALL,2026-07-29,NVDA
NVDA260729C00265000,265.0,0.05,0.0,0.71,5.0,5.0,0.795900478515625,False,CALL,2026-07-29,NVDA
NVDA260729P00145000,145.0,0.07,0.0,0.0,2.0,1.0,0.500005,False,PUT,2026-07-29,NVDA
NVDA260729P00155000,155.0,0.11,0.0,0.0,18.0,19.0,0.500005,False,PUT,2026-07-29,NVDA
NVDA260729P00160000,160.0,0.13,0.0,0.0,13.0,14.0,0.2500075,False,PUT,2026-07-29,NVDA
NVDA260729P00165000,165.0,0.28,0.08,0.2,7.0,25.0,0.657229990234375,False,PUT,2026-07-29,NVDA
NVDA260729P00170000,170.0,0.35,0.13,0.26,8.0,16.0,0.6132851171875001,False,PUT,2026-07-29,NVDA
NVDA260729P00172500,172.5,0.42,0.16,0.3,1.0,1.0,0.5908244042968751,False,PUT,2026-07-29,NVDA
NVDA260729P00175000,175.0,0.41,0.21,0.35,22.0,24.0,0.5708050732421875,False,PUT,2026-07-29,NVDA
NVDA260729P00177500,177.5,0.54,0.27,0.41,8.0,9.0,0.5507857421875001,False,PUT,2026-07-29,NVDA
NVDA260729P00180000,180.0,0.76,0.35,0.51,29.0,52.0,0.5346726220703125,False,PUT,2026-07-29,NVDA
NVDA260729P00182500,182.5,1.01,0.46,0.6,260.0,164.0,0.51562984375,False,PUT,2026-07-29,NVDA
NVDA260729P00185000,185.0,0.67,0.6,0.75,3.0,119.0,0.5004932763671875,False,PUT,2026-07-29,NVDA
NVDA260729P00187500,187.5,1.33,0.81,0.9,145.0,153.0,0.49219257812500006,False,PUT,2026-07-29,NVDA
NVDA260729P00190000,190.0,1.85,1.07,1.26,577.0,365.0,0.4931691308593751,False,PUT,2026-07-29,NVDA
NVDA260729P00192500,192.5,2.25,1.29,1.52,59.0,88.0,0.4714408325195312,False,PUT,2026-07-29,NVDA
NVDA260729P00195000,195.0,2.87,1.83,2.11,129.0,129.0,0.47681187255859375,False,PUT,2026-07-29,NVDA
NVDA260729P00197500,197.5,3.56,2.48,2.71,57.0,221.0,0.47070841796875,False,PUT,2026-07-29,NVDA
NVDA260729P00200000,200.0,4.57,3.2,3.45,1413.0,1720.0,0.46570358520507815,False,PUT,2026-07-29,NVDA
NVDA260729P00202500,202.5,4.25,4.1,4.4,1.0,53.0,0.4660697924804688,False,PUT,2026-07-29,NVDA
NVDA260729P00205000,205.0,4.88,5.0,5.4,1.0,131.0,0.4587456469726563,False,PUT,2026-07-29,NVDA
NVDA260729P00207500,207.5,8.95,5.65,6.9,21.0,185.0,0.476567734375,True,PUT,2026-07-29,NVDA
NVDA260729P00210000,210.0,9.77,7.2,8.45,38.0,164.0,0.48682153808593753,True,PUT,2026-07-29,NVDA
NVDA260729P00212500,212.5,12.73,8.75,10.45,1.0,50.0,0.5211229528808592,True,PUT,2026-07-29,NVDA
NVDA260729P00215000,215.0,11.39,10.05,12.25,1.0,34.0,0.5318650329589845,True,PUT,2026-07-29,NVDA
NVDA260729P00220000,220.0,15.18,14.3,16.75,1.0,6.0,0.6062051098632814,True,PUT,2026-07-29,NVDA
NVDA260729P00225000,225.0,18.5,18.9,21.2,8.0,3.0,0.5422409057617189,True,PUT,2026-07-29,NVDA
NVDA260729P00227500,227.5,19.7,21.3,23.55,18.0,13.0,0.5712933496093751,True,PUT,2026-07-29,NVDA
NVDA260729P00230000,230.0,21.91,23.7,25.95,16.0,1.0,0.6005899316406251,True,PUT,2026-07-29,NVDA
NVDA260729P00235000,235.0,26.9,25.65,33.3,,8.0,0.63086306640625,True,PUT,2026-07-29,NVDA
NVDA260729P00240000,240.0,31.5,30.35,38.25,1.0,1.0,0.6743196630859377,True,PUT,2026-07-29,NVDA
NVDA260731C00145000,145.0,60.3,57.35,64.35,5.0,176.0,1.5959492858886715,True,CALL,2026-07-31,NVDA
NVDA260731C00150000,150.0,53.44,52.5,58.5,28.0,121.0,1.3288607775878902,True,CALL,2026-07-31,NVDA
NVDA260731C00155000,155.0,49.27,47.35,54.05,76.0,105.0,1.3154331103515622,True,CALL,2026-07-31,NVDA
NVDA260731C00160000,160.0,43.6,42.55,48.85,23.0,583.0,1.173832255859375,True,CALL,2026-07-31,NVDA
NVDA260731C00165000,165.0,38.1,37.6,43.95,23.0,278.0,1.08203583984375,True,CALL,2026-07-31,NVDA
NVDA260731C00170000,170.0,34.14,33.05,36.75,22.0,337.0,0.45898978515625005,True,CALL,2026-07-31,NVDA
NVDA260731C00172500,172.5,31.22,30.3,37.0,54.0,54.0,0.9929199926757812,True,CALL,2026-07-31,NVDA
NVDA260731C00175000,175.0,29.4,30.7,31.75,10.0,584.0,0.398443515625,True,CALL,2026-07-31,NVDA
NVDA260731C00177500,177.5,28.95,28.3,29.3,2.0,2.0,0.4062559375,True,CALL,2026-07-31,NVDA
NVDA260731C00180000,180.0,26.3,26.25,27.1,1.0,587.0,0.47998566894531247,True,CALL,2026-07-31,NVDA
NVDA260731C00182500,182.5,21.71,23.8,25.05,13.0,14.0,0.5288133056640626,True,CALL,2026-07-31,NVDA
NVDA260731C00185000,185.0,22.3,21.85,22.95,3.0,1087.0,0.5427291821289064,True,CALL,2026-07-31,NVDA
NVDA260731C00187500,187.5,17.9,19.35,20.05,23.0,149.0,0.44116769775390624,True,CALL,2026-07-31,NVDA
NVDA260731C00190000,190.0,16.15,17.1,17.5,767.0,2923.0,0.3898986791992188,True,CALL,2026-07-31,NVDA
NVDA260731C00192500,192.5,15.51,14.9,15.35,2.0,172.0,0.38867798828125,True,CALL,2026-07-31,NVDA
NVDA260731C00195000,195.0,12.0,13.0,13.35,4948.0,6414.0,0.3913635083007812,True,CALL,2026-07-31,NVDA
NVDA260731C00197500,197.5,9.8,11.35,11.65,362.0,322.0,0.40735455932617193,True,CALL,2026-07-31,NVDA
NVDA260731C00200000,200.0,10.2,10.1,10.35,180.0,58016.0,0.43897045410156255,True,CALL,2026-07-31,NVDA
NVDA260731C00202500,202.5,8.55,8.45,8.75,5.0,889.0,0.4348201049804688,True,CALL,2026-07-31,NVDA
NVDA260731C00205000,205.0,6.95,6.5,6.7,416.0,12138.0,0.3902648864746094,True,CALL,2026-07-31,NVDA
NVDA260731C00207500,207.5,5.5,5.75,5.95,146.0,2056.0,0.4234676794433594,False,CALL,2026-07-31,NVDA
NVDA260731C00210000,210.0,4.47,4.25,4.4,48.0,22081.0,0.3918517846679687,False,CALL,2026-07-31,NVDA
NVDA260731C00212500,212.5,3.5,3.5,3.5,79.0,1543.0,0.3929504064941406,False,CALL,2026-07-31,NVDA
NVDA260731C00215000,215.0,3.05,2.73,2.82,39.0,12175.0,0.39954213745117195,False,CALL,2026-07-31,NVDA
NVDA260731C00217500,217.5,2.5,2.06,2.14,3.0,2049.0,0.39600213378906257,False,CALL,2026-07-31,NVDA
NVDA260731C00220000,220.0,1.7,1.7,1.74,388.0,21184.0,0.40650007568359375,False,CALL,2026-07-31,NVDA
NVDA260731C00222500,222.5,1.27,1.22,1.27,46.0,2591.0,0.401373173828125,False,CALL,2026-07-31,NVDA
NVDA260731C00225000,225.0,0.88,0.91,0.94,97.0,17684.0,0.4008848974609375,False,CALL,2026-07-31,NVDA
NVDA260731C00227500,227.5,0.7,0.64,0.67,4.0,1274.0,0.3979552392578125,False,CALL,2026-07-31,NVDA
NVDA260731C00230000,230.0,0.57,0.45,0.49,22.0,14919.0,0.39942006835937505,False,CALL,2026-07-31,NVDA
NVDA260731C00232500,232.5,0.36,0.36,0.39,133.0,120.0,0.4089414575195312,False,CALL,2026-07-31,NVDA
NVDA260731C00235000,235.0,0.26,0.27,0.29,25.0,7937.0,0.41260353027343744,False,CALL,2026-07-31,NVDA
NVDA260731C00237500,237.5,0.29,0.2,0.24,2.0,36.0,0.4243221630859375,False,CALL,2026-07-31,NVDA
NVDA260731C00240000,240.0,0.19,0.16,0.19,32.0,6781.0,0.432622861328125,False,CALL,2026-07-31,NVDA
NVDA260731C00242500,242.5,0.14,0.13,0.15,3.0,14.0,0.43945873046875,False,CALL,2026-07-31,NVDA
NVDA260731C00245000,245.0,0.13,0.11,0.13,327.0,2732.0,0.45313046875,False,CALL,2026-07-31,NVDA
NVDA260731C00250000,250.0,0.08,0.08,0.09,10.0,7145.0,0.4726615234375,False,CALL,2026-07-31,NVDA
NVDA260731C00255000,255.0,0.07,0.0,0.0,146.0,671.0,0.2500075,False,CALL,2026-07-31,NVDA
NVDA260731C00260000,260.0,0.06,0.04,0.06,91.0,1498.0,0.51562984375,False,CALL,2026-07-31,NVDA
NVDA260731C00265000,265.0,0.06,0.04,0.05,31.0,1768.0,0.5468795312500001,False,CALL,2026-07-31,NVDA
NVDA260731P00145000,145.0,0.09,0.0,0.0,257.0,585.0,0.500005,False,PUT,2026-07-31,NVDA
NVDA260731P00150000,150.0,0.08,0.08,0.25,10.0,1752.0,0.8359391406249999,False,PUT,2026-07-31,NVDA
NVDA260731P00155000,155.0,0.16,0.11,0.13,356.0,1776.0,0.726565234375,False,PUT,2026-07-31,NVDA
NVDA260731P00160000,160.0,0.21,0.0,0.0,1375.0,1648.0,0.2500075,False,PUT,2026-07-31,NVDA
NVDA260731P00165000,165.0,0.27,0.19,0.21,559.0,1820.0,0.6337927246093751,False,PUT,2026-07-31,NVDA
NVDA260731P00170000,170.0,0.27,0.26,0.29,1.0,73172.0,0.5927775097656252,False,PUT,2026-07-31,NVDA
NVDA260731P00172500,172.5,0.53,0.31,0.34,175.0,156.0,0.5732464550781251,False,PUT,2026-07-31,NVDA
NVDA260731P00175000,175.0,0.43,0.39,0.42,1.0,5223.0,0.5590864404296876,False,PUT,2026-07-31,NVDA
NVDA260731P00177500,177.5,0.84,0.48,0.5,1097.0,955.0,0.5415084912109377,False,PUT,2026-07-31,NVDA
NVDA260731P00180000,180.0,0.62,0.6,0.62,14.0,7018.0,0.5273484765625001,False,PUT,2026-07-31,NVDA
NVDA260731P00182500,182.5,1.17,0.76,0.81,397.0,596.0,0.5180712255859375,False,PUT,2026-07-31,NVDA
NVDA260731P00185000,185.0,0.96,0.91,0.95,18.0,6372.0,0.5004932763671875,False,PUT,2026-07-31,NVDA
NVDA260731P00187500,187.5,1.24,1.25,1.3,2.0,1003.0,0.5019581054687501,False,PUT,2026-07-31,NVDA
NVDA260731P00190000,190.0,1.54,1.49,1.51,24.0,12896.0,0.47827670166015623,False,PUT,2026-07-31,NVDA
NVDA260731P00192500,192.5,1.96,1.88,1.93,16.0,2915.0,0.47119669433593747,False,PUT,2026-07-31,NVDA
NVDA260731P00195000,195.0,2.61,2.42,2.47,271.0,5774.0,0.4664359997558594,False,PUT,2026-07-31,NVDA
NVDA260731P00197500,197.5,3.3,3.1,3.25,12.0,2066.0,0.47192910888671874,False,PUT,2026-07-31,NVDA
NVDA260731P00200000,200.0,4.03,3.7,3.8,103.0,8966.0,0.4500787414550781,False,PUT,2026-07-31,NVDA
NVDA260731P00202500,202.5,4.95,4.85,4.95,104.0,882.0,0.4627739270019532,False,PUT,2026-07-31,NVDA
NVDA260731P00205000,205.0,5.9,5.95,6.1,112.0,9686.0,0.4647270324707031,False,PUT,2026-07-31,NVDA
NVDA260731P00207500,207.5,7.15,7.1,7.4,14.0,620.0,0.4669242761230469,True,PUT,2026-07-31,NVDA
NVDA260731P00210000,210.0,8.4,8.6,8.85,74.0,4342.0,0.46985393432617195,True,PUT,2026-07-31,NVDA
NVDA260731P00212500,212.5,11.95,9.65,10.85,418.0,336.0,0.5014698291015626,True,PUT,2026-07-31,NVDA
NVDA260731P00215000,215.0,11.64,11.4,12.5,20.0,1054.0,0.5014698291015626,True,PUT,2026-07-31,NVDA
NVDA260731P00217500,217.5,16.9,13.15,13.85,3.0,90.0,0.4694877270507813,True,PUT,2026-07-31,NVDA
NVDA260731P00220000,220.0,18.34,15.2,16.45,34.0,663.0,0.5269822692871093,True,PUT,2026-07-31,NVDA
NVDA260731P00222500,222.5,20.21,17.0,18.95,151.0,172.0,0.5744671459960937,True,PUT,2026-07-31,NVDA
NVDA260731P00225000,225.0,19.7,19.4,20.55,2.0,139.0,0.5397995239257813,True,PUT,2026-07-31,NVDA
NVDA260731P00227500,227.5,21.28,21.7,23.45,10.0,16.0,0.5334519311523438,True,PUT,2026-07-31,NVDA
NVDA260731P00230000,230.0,26.72,23.85,25.75,11.0,142.0,0.541264353027344,True,PUT,2026-07-31,NVDA
NVDA260731P00235000,235.0,31.56,27.8,31.2,26.0,161.0,0.5739788696289063,True,PUT,2026-07-31,NVDA
NVDA260731P00240000,240.0,36.0,32.9,36.0,5.0,170.0,0.631839619140625,True,PUT,2026-07-31,NVDA
NVDA260731P00245000,245.0,34.5,38.45,41.05,3.0,30.0,0.7370631762695312,True,PUT,2026-07-31,NVDA
NVDA260731P00250000,250.0,43.52,43.6,45.8,1.0,0.0,0.79101771484375,True,PUT,2026-07-31,NVDA
NVDA260731P00255000,255.0,54.26,47.2,51.2,,0.0,0.764650791015625,True,PUT,2026-07-31,NVDA
NVDA260731P00260000,260.0,52.0,52.35,55.85,1.0,0.0,0.7971211694335938,True,PUT,2026-07-31,NVDA
NVDA260731P00265000,265.0,62.48,58.35,60.95,,0.0,0.9514165014648437,True,PUT,2026-07-31,NVDA
NVDA260807C00145000,145.0,61.7,56.5,65.0,3.0,10.0,1.3547395544433591,True,CALL,2026-08-07,NVDA
NVDA260807C00150000,150.0,54.15,51.55,60.05,25.0,94.0,1.2624548596191407,True,CALL,2026-08-07,NVDA
NVDA260807C00155000,155.0,48.67,47.15,55.15,29.0,66.0,1.1770060681152343,True,CALL,2026-08-07,NVDA
NVDA260807C00160000,160.0,47.74,43.0,49.2,126.0,45.0,0.9775392871093751,True,CALL,2026-08-07,NVDA
NVDA260807C00165000,165.0,38.65,38.15,42.1,25.0,122.0,0.5732464550781251,True,CALL,2026-08-07,NVDA
NVDA260807C00170000,170.0,33.15,36.15,37.1,2.0,215.0,0.5097705273437501,True,CALL,2026-08-07,NVDA
NVDA260807C00175000,175.0,29.65,31.35,32.55,46.0,172.0,0.5271043383789062,True,CALL,2026-08-07,NVDA
NVDA260807C00180000,180.0,26.94,26.7,27.95,207.0,563.0,0.5075732836914062,True,CALL,2026-08-07,NVDA
NVDA260807C00185000,185.0,19.97,22.3,23.2,36.0,505.0,0.4585015087890626,True,CALL,2026-08-07,NVDA
NVDA260807C00190000,190.0,18.55,18.1,18.6,1.0,1065.0,0.4146787048339844,True,CALL,2026-08-07,NVDA
NVDA260807C00195000,195.0,13.51,14.95,15.25,193.0,1980.0,0.4437311486816406,True,CALL,2026-08-07,NVDA
NVDA260807C00200000,200.0,11.75,10.85,11.2,6.0,2904.0,0.39905386108398444,True,CALL,2026-08-07,NVDA
NVDA260807C00205000,205.0,8.35,8.0,8.4,110.0,3499.0,0.4019835192871094,True,CALL,2026-08-07,NVDA
NVDA260807C00210000,210.0,5.78,5.85,6.0,37.0,5232.0,0.3979552392578125,False,CALL,2026-08-07,NVDA
NVDA260807C00215000,215.0,4.08,3.95,4.05,19.0,6864.0,0.3902648864746094,False,CALL,2026-08-07,NVDA
NVDA260807C00220000,220.0,2.89,2.57,2.67,26.0,7633.0,0.38794557373046873,False,CALL,2026-08-07,NVDA
NVDA260807C00225000,225.0,1.68,1.6,1.67,36.0,5125.0,0.3842835009765625,False,CALL,2026-08-07,NVDA
NVDA260807C00230000,230.0,1.18,1.04,1.1,4.0,7997.0,0.39160764648437496,False,CALL,2026-08-07,NVDA
NVDA260807C00235000,235.0,0.73,0.67,0.71,13.0,2915.0,0.3979552392578125,False,CALL,2026-08-07,NVDA
NVDA260807C00240000,240.0,0.43,0.43,0.75,8.0,5217.0,0.4514215014648438,False,CALL,2026-08-07,NVDA
NVDA260807C00245000,245.0,0.26,0.26,0.3,124.0,1516.0,0.41309180664062495,False,CALL,2026-08-07,NVDA
NVDA260807C00250000,250.0,0.25,0.2,0.22,10.0,946.0,0.4292049267578125,False,CALL,2026-08-07,NVDA
NVDA260807C00255000,255.0,0.16,0.15,0.16,38.0,527.0,0.44336494140625,False,CALL,2026-08-07,NVDA
NVDA260807C00260000,260.0,0.14,0.14,0.15,58.0,1117.0,0.4726615234375,False,CALL,2026-08-07,NVDA
NVDA260807C00265000,265.0,0.12,0.0,0.0,58.0,247.0,0.2500075,False,CALL,2026-08-07,NVDA
NVDA260807P00145000,145.0,0.18,0.01,0.23,6.0,319.0,0.694338994140625,False,PUT,2026-08-07,NVDA
NVDA260807P00150000,150.0,0.23,0.17,0.2,203.0,433.0,0.6757844921875001,False,PUT,2026-08-07,NVDA
NVDA260807P00155000,155.0,0.29,0.21,0.25,74.0,1309.0,0.6357458300781251,False,PUT,2026-08-07,NVDA
NVDA260807P00160000,160.0,0.37,0.28,0.32,91.0,801.0,0.6010782080078126,False,PUT,2026-08-07,NVDA
NVDA260807P00165000,165.0,0.54,0.38,0.42,52.0,1099.0,0.56836369140625,False,PUT,2026-08-07,NVDA
NVDA260807P00170000,170.0,0.75,0.53,0.57,251.0,2727.0,0.5390671093750001,False,PUT,2026-08-07,NVDA
NVDA260807P00175000,175.0,1.06,0.75,0.79,546.0,3292.0,0.5117236328125,False,PUT,2026-08-07,NVDA
NVDA260807P00180000,180.0,1.16,1.11,1.17,2.0,11141.0,0.4958546508789063,False,PUT,2026-08-07,NVDA
NVDA260807P00185000,185.0,1.6,1.58,1.65,17.0,6924.0,0.47119669433593747,False,PUT,2026-08-07,NVDA
NVDA260807P00190000,190.0,2.5,2.47,2.55,20.0,3273.0,0.4646049633789063,False,PUT,2026-08-07,NVDA
NVDA260807P00195000,195.0,3.6,3.55,3.75,6.0,2532.0,0.45532771240234376,False,PUT,2026-08-07,NVDA
NVDA260807P00200000,200.0,4.9,5.2,5.35,4.0,2162.0,0.4467828759765625,False,PUT,2026-08-07,NVDA
NVDA260807P00205000,205.0,7.15,7.25,7.4,30.0,5102.0,0.43860424682617194,False,PUT,2026-08-07,NVDA
NVDA260807P00210000,210.0,11.52,9.8,10.05,143.0,7701.0,0.4371394177246094,True,PUT,2026-08-07,NVDA
NVDA260807P00215000,215.0,15.73,12.45,13.85,46.0,287.0,0.4740653179931641,True,PUT,2026-08-07,NVDA
NVDA260807P00220000,220.0,17.9,16.3,17.3,6.0,147.0,0.47095255615234377,True,PUT,2026-08-07,NVDA
NVDA260807P00225000,225.0,21.9,19.9,21.1,38.0,235.0,0.46753462158203124,True,PUT,2026-08-07,NVDA
NVDA260807P00230000,230.0,19.7,24.4,26.3,3.0,28.0,0.549076774902344,True,PUT,2026-08-07,NVDA
NVDA260807P00235000,235.0,30.15,29.0,31.0,2.0,24.0,0.5041553491210937,True,PUT,2026-08-07,NVDA
NVDA260807P00240000,240.0,37.65,33.65,35.7,36.0,64.0,0.52539537109375,True,PUT,2026-08-07,NVDA
NVDA260807P00245000,245.0,40.8,37.75,41.65,2.0,2.0,0.5783733569335938,True,PUT,2026-08-07,NVDA
NVDA260807P00250000,250.0,47.29,43.15,46.1,18.0,23.0,0.6176796044921876,True,PUT,2026-08-07,NVDA
NVDA260807P00260000,260.0,56.7,53.15,56.1,2.0,1.0,0.7077665942382813,True,PUT,2026-08-07,NVDA
NVDA260814C00145000,145.0,63.09,57.25,64.95,194.0,122.0,1.150394873046875,True,CALL,2026-08-14,NVDA
NVDA260814C00150000,150.0,54.06,52.45,59.65,11.0,57.0,1.0357714227294925,True,CALL,2026-08-14,NVDA
NVDA260814C00155000,155.0,53.68,47.65,54.7,168.0,27.0,0.9606937524414061,True,CALL,2026-08-14,NVDA
NVDA260814C00160000,160.0,49.2,43.3,49.45,1.0,5.0,0.8581557153320312,True,CALL,2026-08-14,NVDA
NVDA260814C00165000,165.0,41.52,41.15,42.3,20.0,42.0,0.5258836474609375,True,CALL,2026-08-14,NVDA
NVDA260814C00170000,170.0,35.45,36.45,37.8,14.0,102.0,0.5407760766601564,True,CALL,2026-08-14,NVDA
NVDA260814C00175000,175.0,30.33,31.75,32.85,25.0,162.0,0.48413601806640627,True,CALL,2026-08-14,NVDA
NVDA260814C00180000,180.0,25.8,27.45,28.15,23.0,300.0,0.45117736328125,True,CALL,2026-08-14,NVDA
NVDA260814C00185000,185.0,22.08,23.1,23.6,57.0,138.0,0.4226131958007812,True,CALL,2026-08-14,NVDA
NVDA260814C00190000,190.0,20.5,19.05,19.4,4.0,271.0,0.4067442138671875,True,CALL,2026-08-14,NVDA
NVDA260814C00195000,195.0,14.66,15.5,15.9,187.0,939.0,0.41370215209960937,True,CALL,2026-08-14,NVDA
NVDA260814C00200000,200.0,11.41,12.1,12.4,665.0,1225.0,0.39905386108398444,True,CALL,2026-08-14,NVDA
NVDA260814C00205000,205.0,9.75,9.25,9.75,4.0,1966.0,0.40491317749023437,True,CALL,2026-08-14,NVDA
NVDA260814C00210000,210.0,7.3,7.2,7.5,24.0,3253.0,0.40820904296875,False,CALL,2026-08-14,NVDA
NVDA260814C00215000,215.0,4.75,4.95,5.05,1660.0,3045.0,0.38172005004882803,False,CALL,2026-08-14,NVDA
NVDA260814C00220000,220.0,3.52,3.7,3.85,29.0,3761.0,0.3953307537841797,False,CALL,2026-08-14,NVDA
NVDA260814C00225000,225.0,2.5,2.4,2.5,7.0,3233.0,0.38220832641601554,False,CALL,2026-08-14,NVDA
NVDA260814C00230000,230.0,1.58,1.68,1.81,34.0,3516.0,0.39087523193359375,False,CALL,2026-08-14,NVDA
NVDA260814C00235000,235.0,1.25,1.03,1.12,28.0,4235.0,0.38233039550781245,False,CALL,2026-08-14,NVDA
NVDA260814C00240000,240.0,0.75,0.7,0.78,278.0,3493.0,0.3891662646484375,False,CALL,2026-08-14,NVDA
NVDA260814C00245000,245.0,0.51,0.48,0.54,263.0,2154.0,0.3957579956054688,False,CALL,2026-08-14,NVDA
NVDA260814C00250000,250.0,0.37,0.34,0.4,417.0,1293.0,0.407232490234375,False,CALL,2026-08-14,NVDA
NVDA260814C00255000,255.0,0.28,0.0,0.0,130.0,921.0,0.12500875,False,CALL,2026-08-14,NVDA
NVDA260814C00260000,260.0,0.23,0.0,0.0,368.0,889.0,0.12500875,False,CALL,2026-08-14,NVDA
NVDA260814C00265000,265.0,0.22,0.0,0.0,33.0,151.0,0.2500075,False,CALL,2026-08-14,NVDA
NVDA260814P00145000,145.0,0.27,0.17,0.33,10.0,274.0,0.6601596484375001,False,PUT,2026-08-14,NVDA
NVDA260814P00150000,150.0,0.35,0.01,0.63,152.0,834.0,0.629886513671875,False,PUT,2026-08-14,NVDA
NVDA260814P00155000,155.0,0.55,0.33,0.41,13.0,371.0,0.5888712988281251,False,PUT,2026-08-14,NVDA
NVDA260814P00160000,160.0,0.56,0.45,0.51,138.0,451.0,0.5600629931640625,False,PUT,2026-08-14,NVDA
NVDA260814P00165000,165.0,0.82,0.58,0.68,61.0,558.0,0.5324753784179688,False,PUT,2026-08-14,NVDA
NVDA260814P00170000,170.0,0.8,0.79,0.86,7.0,1978.0,0.5048877636718749,False,PUT,2026-08-14,NVDA
NVDA260814P00175000,175.0,1.54,1.1,1.22,530.0,2030.0,0.49268085449218757,False,PUT,2026-08-14,NVDA
NVDA260814P00180000,180.0,1.67,1.65,1.71,11.0,3066.0,0.47546911254882807,False,PUT,2026-08-14,NVDA
NVDA260814P00185000,185.0,2.38,2.28,2.38,2.0,2374.0,0.4591118542480469,False,PUT,2026-08-14,NVDA
NVDA260814P00190000,190.0,3.45,3.3,3.4,10.0,2698.0,0.4508111560058594,False,PUT,2026-08-14,NVDA
NVDA260814P00195000,195.0,4.6,4.35,4.5,1.0,1434.0,0.43018147949218755,False,PUT,2026-08-14,NVDA
NVDA260814P00200000,200.0,6.25,5.9,6.05,1.0,5504.0,0.4163266375732422,False,PUT,2026-08-14,NVDA
NVDA260814P00205000,205.0,9.85,7.95,8.15,390.0,798.0,0.4097959411621094,False,PUT,2026-08-14,NVDA
NVDA260814P00210000,210.0,12.9,10.7,11.05,370.0,967.0,0.41992767578125,True,PUT,2026-08-14,NVDA
NVDA260814P00215000,215.0,15.91,12.9,14.5,158.0,284.0,0.43677321044921874,True,PUT,2026-08-14,NVDA
NVDA260814P00220000,220.0,19.51,16.25,18.05,18.0,68.0,0.44208321594238287,True,PUT,2026-08-14,NVDA
NVDA260814P00225000,225.0,21.92,19.95,22.15,27.0,98.0,0.46094289062500005,True,PUT,2026-08-14,NVDA
NVDA260814P00230000,230.0,27.91,24.8,25.9,7.0,16.0,0.445318046875,True,PUT,2026-08-14,NVDA
NVDA260814P00235000,235.0,25.1,29.3,30.45,301.0,304.0,0.4666801379394532,True,PUT,2026-08-14,NVDA
NVDA260814P00240000,240.0,30.15,33.25,35.25,57.0,58.0,0.4996387927246094,True,PUT,2026-08-14,NVDA
NVDA260814P00245000,245.0,40.6,38.25,39.85,,25.0,0.5105029418945313,True,PUT,2026-08-14,NVDA
NVDA260814P00250000,250.0,43.68,43.15,45.45,6.0,8.0,0.6054726953125001,True,PUT,2026-08-14,NVDA
NVDA260814P00255000,255.0,46.15,44.8,53.2,,25.0,0.8459488061523437,True,PUT,2026-08-14,NVDA
NVDA260821C00145000,145.0,59.27,60.35,62.35,5.0,566.0,0.674075524902344,True,CALL,2026-08-21,NVDA
NVDA260821C00150000,150.0,53.93,55.75,57.55,42.0,4685.0,0.6577182666015625,True,CALL,2026-08-21,NVDA
NVDA260821C00155000,155.0,51.12,50.8,52.9,8.0,1338.0,0.6543003320312502,True,CALL,2026-08-21,NVDA
NVDA260821C00160000,160.0,44.93,46.3,47.4,181.0,2057.0,0.5224657128906249,True,CALL,2026-08-21,NVDA
NVDA260821C00165000,165.0,39.08,41.55,42.6,18.0,2056.0,0.5004932763671875,True,CALL,2026-08-21,NVDA
NVDA260821C00170000,170.0,35.08,36.7,38.3,204.0,6745.0,0.5241746801757812,True,CALL,2026-08-21,NVDA
NVDA260821C00175000,175.0,32.78,32.75,33.95,1.0,3683.0,0.5194139855957032,True,CALL,2026-08-21,NVDA
NVDA260821C00180000,180.0,26.61,28.75,29.15,475.0,13113.0,0.4710746252441406,True,CALL,2026-08-21,NVDA
NVDA260821C00185000,185.0,24.69,23.9,24.35,4.0,8901.0,0.4200497448730469,True,CALL,2026-08-21,NVDA
NVDA260821C00190000,190.0,20.03,20.65,20.95,30.0,18182.0,0.4412897668457031,True,CALL,2026-08-21,NVDA
NVDA260821C00195000,195.0,16.6,16.95,17.25,11.0,13058.0,0.4278621667480469,True,CALL,2026-08-21,NVDA
NVDA260821C00200000,200.0,13.48,13.75,14.0,58.0,25813.0,0.420476986694336,True,CALL,2026-08-21,NVDA
NVDA260821C00205000,205.0,10.55,11.0,11.05,112.0,19619.0,0.41046732116699214,True,CALL,2026-08-21,NVDA
NVDA260821C00210000,210.0,8.05,8.0,8.1,285.0,35005.0,0.38513798461914056,False,CALL,2026-08-21,NVDA
NVDA260821C00215000,215.0,6.15,5.95,6.1,351.0,25676.0,0.38196418823242184,False,CALL,2026-08-21,NVDA
NVDA260821C00220000,220.0,4.43,4.45,4.6,292.0,49353.0,0.3841614318847656,False,CALL,2026-08-21,NVDA
NVDA260821C00225000,225.0,3.55,3.2,3.25,25.0,30503.0,0.37781383911132804,False,CALL,2026-08-21,NVDA
NVDA260821C00230000,230.0,2.3,2.3,2.36,103.0,69814.0,0.3800110827636719,False,CALL,2026-08-21,NVDA
NVDA260821C00235000,235.0,1.8,1.54,1.6,74.0,22695.0,0.3756165954589844,False,CALL,2026-08-21,NVDA
NVDA260821C00240000,240.0,1.13,1.1,1.12,238.0,36012.0,0.37744763183593744,False,CALL,2026-08-21,NVDA
NVDA260821C00245000,245.0,0.89,0.83,0.87,1.0,15146.0,0.389654541015625,False,CALL,2026-08-21,NVDA
NVDA260821C00250000,250.0,0.61,0.59,0.63,162.0,92821.0,0.39502558105468755,False,CALL,2026-08-21,NVDA
NVDA260821C00255000,255.0,0.47,0.43,0.46,10.0,8460.0,0.4008848974609375,False,CALL,2026-08-21,NVDA
NVDA260821C00260000,260.0,0.38,0.33,0.35,32.0,20876.0,0.4096738720703125,False,CALL,2026-08-21,NVDA
NVDA260821C00265000,265.0,0.31,0.29,0.3,2.0,6500.0,0.42578699218750005,False,CALL,2026-08-21,NVDA
NVDA260821P00145000,145.0,0.38,0.3,0.32,631.0,6588.0,0.6069375244140626,False,PUT,2026-08-21,NVDA
NVDA260821P00150000,150.0,0.48,0.38,0.41,157.0,24115.0,0.5800823242187501,False,PUT,2026-08-21,NVDA
NVDA260821P00155000,155.0,0.52,0.5,0.52,1.0,16710.0,0.5551802294921876,False,PUT,2026-08-21,NVDA
NVDA260821P00160000,160.0,0.8,0.64,0.68,1650.0,23377.0,0.5305222729492188,False,PUT,2026-08-21,NVDA
NVDA260821P00165000,165.0,1.07,0.85,0.89,826.0,21344.0,0.5083056982421875,False,PUT,2026-08-21,NVDA
NVDA260821P00170000,170.0,1.2,1.1,1.14,2.0,25608.0,0.4858449853515625,False,PUT,2026-08-21,NVDA
NVDA260821P00175000,175.0,1.58,1.56,1.61,19.0,29226.0,0.4738822143554688,False,PUT,2026-08-21,NVDA
NVDA260821P00180000,180.0,2.25,2.13,2.2,3.0,48781.0,0.4594780615234375,False,PUT,2026-08-21,NVDA
NVDA260821P00185000,185.0,2.88,2.94,3.0,9.0,27997.0,0.44690494506835937,False,PUT,2026-08-21,NVDA
NVDA260821P00190000,190.0,4.1,4.05,4.15,49.0,40452.0,0.44061838684082033,False,PUT,2026-08-21,NVDA
NVDA260821P00195000,195.0,5.35,5.35,5.5,21.0,23010.0,0.42957113403320313,False,PUT,2026-08-21,NVDA
NVDA260821P00200000,200.0,6.99,6.85,6.95,697.0,41385.0,0.40930766479492187,False,PUT,2026-08-21,NVDA
NVDA260821P00205000,205.0,9.35,9.15,9.25,2.0,19516.0,0.40991801025390623,False,PUT,2026-08-21,NVDA
NVDA260821P00210000,210.0,11.7,11.85,12.0,162.0,25002.0,0.4128476684570312,True,PUT,2026-08-21,NVDA
NVDA260821P00215000,215.0,17.04,14.7,14.9,391.0,11065.0,0.40650007568359375,True,PUT,2026-08-21,NVDA
NVDA260821P00220000,220.0,20.47,18.05,18.6,324.0,7699.0,0.4193173303222656,True,PUT,2026-08-21,NVDA
NVDA260821P00225000,225.0,24.2,21.65,22.3,262.0,5380.0,0.41937836486816404,True,PUT,2026-08-21,NVDA
NVDA260821P00230000,230.0,28.41,25.55,26.55,17.0,5883.0,0.43457596679687505,True,PUT,2026-08-21,NVDA
NVDA260821P00235000,235.0,33.05,29.8,30.9,11.0,1146.0,0.4461725305175781,True,PUT,2026-08-21,NVDA
NVDA260821P00240000,240.0,34.65,34.25,35.55,2.0,3103.0,0.46851117431640626,True,PUT,2026-08-21,NVDA
NVDA260821P00245000,245.0,37.15,39.0,40.3,50.0,297.0,0.49255878540039066,True,PUT,2026-08-21,NVDA
NVDA260821P00250000,250.0,47.25,43.95,45.25,185.0,4157.0,0.5278367529296876,True,PUT,2026-08-21,NVDA
NVDA260821P00255000,255.0,52.18,49.0,50.7,74.0,889.0,0.5323533093261719,True,PUT,2026-08-21,NVDA
NVDA260821P00260000,260.0,56.45,52.6,54.85,6.0,98.0,0.5671430004882813,True,PUT,2026-08-21,NVDA
NVDA260821P00265000,265.0,53.32,58.35,60.85,4.0,0.0,0.5766643896484375,True,PUT,2026-08-21,NVDA
NVDA260828C00145000,145.0,58.48,57.7,65.8,1.0,4.0,0.9916993017578125,True,CALL,2026-08-28,NVDA
NVDA260828C00150000,150.0,56.0,53.15,60.9,5.0,164.0,0.9288337194824219,True,CALL,2026-08-28,NVDA
NVDA260828C00155000,155.0,52.15,51.45,53.55,1.0,50.0,0.5390671093750001,True,CALL,2026-08-28,NVDA
NVDA260828C00160000,160.0,45.0,46.75,48.25,51.0,43.0,0.5795940478515625,True,CALL,2026-08-28,NVDA
NVDA260828C00165000,165.0,40.8,42.1,43.65,2.0,5.0,0.5614057531738281,True,CALL,2026-08-28,NVDA
NVDA260828C00170000,170.0,39.17,37.6,39.15,121.0,166.0,0.5437057348632813,True,CALL,2026-08-28,NVDA
NVDA260828C00175000,175.0,31.55,33.25,34.75,7.0,34.0,0.5250291638183593,True,CALL,2026-08-28,NVDA
NVDA260828C00180000,180.0,28.45,29.6,31.25,36.0,131.0,0.5033008654785156,True,CALL,2026-08-28,NVDA
NVDA260828C00185000,185.0,23.78,25.2,27.0,18.0,114.0,0.5183153637695312,True,CALL,2026-08-28,NVDA
NVDA260828C00190000,190.0,21.4,21.8,23.15,1.0,245.0,0.500005,True,CALL,2026-08-28,NVDA
NVDA260828C00195000,195.0,17.3,18.7,19.8,455.0,624.0,0.493291199951172,True,CALL,2026-08-28,NVDA
NVDA260828C00200000,200.0,15.02,15.6,16.7,556.0,931.0,0.4854787780761719,True,CALL,2026-08-28,NVDA
NVDA260828C00205000,205.0,12.0,0.0,0.0,941.0,1308.0,1.0000000000000003e-05,True,CALL,2026-08-28,NVDA
NVDA260828C00210000,210.0,10.3,10.25,11.0,1.0,3364.0,0.4561211614990235,False,CALL,2026-08-28,NVDA
NVDA260828C00215000,215.0,7.95,8.2,8.95,1015.0,4544.0,0.454107021484375,False,CALL,2026-08-28,NVDA
NVDA260828C00220000,220.0,6.75,6.5,6.9,1016.0,5344.0,0.44061838684082033,False,CALL,2026-08-28,NVDA
NVDA260828C00225000,225.0,5.45,5.2,5.6,19.0,1703.0,0.44537908142089844,False,CALL,2026-08-28,NVDA
NVDA260828C00230000,230.0,3.7,4.0,4.4,6.0,1607.0,0.4444025286865234,False,CALL,2026-08-28,NVDA
NVDA260828C00235000,235.0,3.0,3.0,3.25,1.0,1320.0,0.4348201049804688,False,CALL,2026-08-28,NVDA
NVDA260828C00240000,240.0,2.45,2.31,2.57,1.0,1485.0,0.4390925231933594,False,CALL,2026-08-28,NVDA
NVDA260828C00245000,245.0,1.75,0.0,0.0,1209.0,1360.0,0.12500875,False,CALL,2026-08-28,NVDA
NVDA260828C00250000,250.0,1.45,1.01,1.84,2.0,2204.0,0.4655815161132813,False,CALL,2026-08-28,NVDA
NVDA260828C00255000,255.0,1.01,0.98,1.24,279.0,647.0,0.4506890869140625,False,CALL,2026-08-28,NVDA
NVDA260828C00260000,260.0,0.84,0.0,0.0,142.0,1311.0,0.12500875,False,CALL,2026-08-28,NVDA
NVDA260828C00265000,265.0,0.71,0.0,0.0,21.0,380.0,0.12500875,False,CALL,2026-08-28,NVDA
NVDA260828P00145000,145.0,0.7,0.14,0.97,14.0,151.0,0.6103554589843752,False,PUT,2026-08-28,NVDA
NVDA260828P00150000,150.0,0.93,0.26,0.93,23.0,694.0,0.56836369140625,False,PUT,2026-08-28,NVDA
NVDA260828P00155000,155.0,1.08,0.43,1.33,34.0,181.0,0.5634809277343751,False,PUT,2026-08-28,NVDA
NVDA260828P00160000,160.0,1.47,0.67,1.47,78.0,326.0,0.5363815893554689,False,PUT,2026-08-28,NVDA
NVDA260828P00165000,165.0,1.8,1.38,1.67,156.0,418.0,0.5310105493164063,False,PUT,2026-08-28,NVDA
NVDA260828P00170000,170.0,2.37,1.41,2.37,873.0,1216.0,0.5075732836914062,False,PUT,2026-08-28,NVDA
NVDA260828P00175000,175.0,3.1,1.97,3.0,210.0,487.0,0.5273484765625001,False,PUT,2026-08-28,NVDA
NVDA260828P00180000,180.0,4.09,2.75,4.05,397.0,934.0,0.5258836474609375,False,PUT,2026-08-28,NVDA
NVDA260828P00185000,185.0,5.29,4.0,5.05,309.0,857.0,0.5104419073486328,False,PUT,2026-08-28,NVDA
NVDA260828P00190000,190.0,5.45,5.6,5.9,7.0,929.0,0.4796804962158203,False,PUT,2026-08-28,NVDA
NVDA260828P00195000,195.0,8.5,6.5,8.05,192.0,680.0,0.49481706359863287,False,PUT,2026-08-28,NVDA
NVDA260828P00200000,200.0,10.55,8.8,9.35,430.0,860.0,0.4639946179199219,False,PUT,2026-08-28,NVDA
NVDA260828P00205000,205.0,11.69,11.35,11.85,1.0,1022.0,0.4683891052246094,False,PUT,2026-08-28,NVDA
NVDA260828P00210000,210.0,15.94,12.85,14.7,69.0,779.0,0.4739432489013672,True,PUT,2026-08-28,NVDA
NVDA260828P00215000,215.0,18.79,16.35,17.1,309.0,806.0,0.45178770874023444,True,PUT,2026-08-28,NVDA
NVDA260828P00220000,220.0,20.22,18.65,20.85,6.0,25.0,0.4691825543212891,True,PUT,2026-08-28,NVDA
NVDA260828P00225000,225.0,26.0,22.85,24.25,7.0,7.0,0.4633842724609375,True,PUT,2026-08-28,NVDA
NVDA260828P00230000,230.0,32.75,26.65,28.1,8.0,10.0,0.46619186157226566,True,PUT,2026-08-28,NVDA
NVDA260828P00235000,235.0,34.65,30.7,32.15,1.0,2.0,0.4689994506835938,True,PUT,2026-08-28,NVDA
NVDA260828P00240000,240.0,35.95,34.9,36.6,1.0,2.0,0.4840139489746094,True,PUT,2026-08-28,NVDA
NVDA260828P00250000,250.0,43.13,44.0,45.6,,0.0,0.5025684509277344,True,PUT,2026-08-28,NVDA
NVDA260828P00255000,255.0,47.0,48.3,50.3,,0.0,0.5167284655761719,True,PUT,2026-08-28,NVDA
NVDA260828P00260000,260.0,56.97,53.65,55.1,10.0,7.0,0.5346726220703125,True,PUT,2026-08-28,NVDA
NVDA260918C00145000,145.0,59.85,61.95,63.4,30.0,2774.0,0.5424850439453126,True,CALL,2026-09-18,NVDA
NVDA260918C00150000,150.0,55.5,55.85,55.5,5.0,28408.0,1.0000000000000003e-05,True,CALL,2026-09-18,NVDA
NVDA260918C00155000,155.0,51.2,52.65,53.95,95.0,5973.0,0.5184374328613282,True,CALL,2026-09-18,NVDA
NVDA260918C00160000,160.0,46.57,48.05,49.5,90.0,9567.0,0.5097705273437501,True,CALL,2026-09-18,NVDA
NVDA260918C00165000,165.0,42.2,43.3,44.85,7.0,8106.0,0.5297898583984376,True,CALL,2026-09-18,NVDA
NVDA260918C00170000,170.0,37.75,39.4,39.9,45.0,8814.0,0.48254911987304694,True,CALL,2026-09-18,NVDA
NVDA260918C00175000,175.0,33.1,35.15,35.65,43.0,9215.0,0.46936565795898444,True,CALL,2026-09-18,NVDA
NVDA260918C00180000,180.0,29.53,31.3,31.9,3212.0,15420.0,0.4710135906982422,True,CALL,2026-09-18,NVDA
NVDA260918C00185000,185.0,28.85,27.75,28.1,6.0,10846.0,0.4616142706298829,True,CALL,2026-09-18,NVDA
NVDA260918C00190000,190.0,24.85,24.15,24.5,1.0,106435.0,0.45203184692382814,True,CALL,2026-09-18,NVDA
NVDA260918C00195000,195.0,20.02,20.9,21.3,345.0,82172.0,0.44812563598632804,True,CALL,2026-09-18,NVDA
NVDA260918C00200000,200.0,18.9,17.95,18.25,17.0,44357.0,0.4409235595703125,True,CALL,2026-09-18,NVDA
NVDA260918C00205000,205.0,15.77,15.75,16.0,4.0,19178.0,0.45001770690917964,True,CALL,2026-09-18,NVDA
NVDA260918C00210000,210.0,13.33,13.3,13.55,69.0,60133.0,0.4449518395996094,False,CALL,2026-09-18,NVDA
NVDA260918C00215000,215.0,11.28,10.8,11.0,7.0,15862.0,0.429265961303711,False,CALL,2026-09-18,NVDA
NVDA260918C00220000,220.0,9.5,8.9,9.05,8.0,32847.0,0.4237118176269531,False,CALL,2026-09-18,NVDA
NVDA260918C00225000,225.0,7.47,7.3,7.4,7.0,23673.0,0.41974457214355465,False,CALL,2026-09-18,NVDA
NVDA260918C00230000,230.0,6.1,6.05,6.1,215.0,30587.0,0.4198056066894531,False,CALL,2026-09-18,NVDA
NVDA260918C00235000,235.0,5.05,4.75,4.95,4.0,13145.0,0.4182187084960937,False,CALL,2026-09-18,NVDA
NVDA260918C00240000,240.0,4.0,3.95,4.0,7.0,50062.0,0.4173031903076171,False,CALL,2026-09-18,NVDA
NVDA260918C00245000,245.0,3.05,3.2,3.3,906.0,14152.0,0.420476986694336,False,CALL,2026-09-18,NVDA
NVDA260918C00250000,250.0,2.6,2.58,2.65,29.0,41852.0,0.4202938830566406,False,CALL,2026-09-18,NVDA
NVDA260918C00255000,255.0,2.13,2.03,2.09,4.0,39348.0,0.4185849157714844,False,CALL,2026-09-18,NVDA
NVDA260918C00260000,260.0,1.73,1.66,1.71,9.0,24473.0,0.42175871215820315,False,CALL,2026-09-18,NVDA
NVDA260918C00265000,265.0,1.36,1.34,1.39,3.0,7215.0,0.4243221630859375,False,CALL,2026-09-18,NVDA
NVDA260918P00145000,145.0,1.14,0.95,1.02,869.0,24516.0,0.5546919531250001,False,PUT,2026-09-18,NVDA
NVDA260918P00150000,150.0,1.42,1.21,1.28,754.0,41034.0,0.5387009020996094,False,PUT,2026-09-18,NVDA
NVDA260918P00155000,155.0,1.52,1.5,1.54,8.0,18229.0,0.5190477783203125,False,PUT,2026-09-18,NVDA
NVDA260918P00160000,160.0,1.92,1.89,1.94,19.0,34706.0,0.5043994873046875,False,PUT,2026-09-18,NVDA
NVDA260918P00165000,165.0,2.9,2.42,2.47,517.0,18277.0,0.49451189086914066,False,PUT,2026-09-18,NVDA
NVDA260918P00170000,170.0,3.65,3.05,3.25,60818.0,43234.0,0.48987326538085946,False,PUT,2026-09-18,NVDA
NVDA260918P00175000,175.0,3.9,3.85,3.95,4.0,29955.0,0.4735160070800781,False,PUT,2026-09-18,NVDA
NVDA260918P00180000,180.0,4.9,5.0,5.1,52.0,55974.0,0.4705253143310547,False,PUT,2026-09-18,NVDA
NVDA260918P00185000,185.0,7.13,6.1,6.25,2166.0,31016.0,0.45929495788574226,False,PUT,2026-09-18,NVDA
NVDA260918P00190000,190.0,8.73,7.55,7.7,947.0,27084.0,0.4516046051025391,False,PUT,2026-09-18,NVDA
NVDA260918P00195000,195.0,9.45,9.3,9.4,1.0,15816.0,0.4445245977783203,False,PUT,2026-09-18,NVDA
NVDA260918P00200000,200.0,11.55,11.4,11.55,26.0,38693.0,0.4436701141357422,False,PUT,2026-09-18,NVDA
NVDA260918P00205000,205.0,15.19,13.75,13.9,1152.0,10715.0,0.44067942138671873,False,PUT,2026-09-18,NVDA
NVDA260918P00210000,210.0,16.2,16.35,16.6,18.0,26930.0,0.4401911450195312,True,PUT,2026-09-18,NVDA
NVDA260918P00215000,215.0,20.71,19.05,19.35,133.0,10459.0,0.43341631042480466,True,PUT,2026-09-18,NVDA
NVDA260918P00220000,220.0,22.0,21.65,22.6,3.0,9067.0,0.43408769042968753,True,PUT,2026-09-18,NVDA
NVDA260918P00225000,225.0,27.3,24.6,26.25,130.0,3802.0,0.4401911450195312,True,PUT,2026-09-18,NVDA
NVDA260918P00230000,230.0,31.6,27.8,29.5,30.0,5750.0,0.42627526855468756,True,PUT,2026-09-18,NVDA
NVDA260918P00235000,235.0,35.3,32.05,33.75,15.0,1919.0,0.43970286865234376,True,PUT,2026-09-18,NVDA
NVDA260918P00240000,240.0,41.76,35.7,37.9,1002.0,1912.0,0.4445245977783203,True,PUT,2026-09-18,NVDA
NVDA260918P00245000,245.0,42.05,39.85,42.2,44.0,377.0,0.450200810546875,True,PUT,2026-09-18,NVDA
NVDA260918P00250000,250.0,48.5,44.35,46.45,63.0,1419.0,0.4484918432617187,True,PUT,2026-09-18,NVDA
NVDA260918P00255000,255.0,52.15,49.25,51.15,44.0,130.0,0.4633842724609375,True,PUT,2026-09-18,NVDA
NVDA260918P00260000,260.0,56.25,53.25,55.85,17.0,203.0,0.47559118164062497,True,PUT,2026-09-18,NVDA
NVDA260918P00265000,265.0,62.05,58.0,60.55,2.0,110.0,0.4852346398925781,True,PUT,2026-09-18,NVDA
NVDA261016C00145000,145.0,62.45,63.05,64.9,20.0,274.0,0.5562788513183594,True,CALL,2026-10-16,NVDA
NVDA261016C00150000,150.0,59.5,58.45,60.3,42.0,764.0,0.5393112475585939,True,CALL,2026-10-16,NVDA
NVDA261016C00155000,155.0,54.72,53.75,55.6,2.0,629.0,0.5139208764648437,True,CALL,2026-10-16,NVDA
NVDA261016C00160000,160.0,49.4,49.4,51.4,3.0,724.0,0.5074512145996093,True,CALL,2026-10-16,NVDA
NVDA261016C00165000,165.0,44.42,45.25,46.15,10.0,417.0,0.49670913452148446,True,CALL,2026-10-16,NVDA
NVDA261016C00170000,170.0,40.0,41.15,42.1,286.0,2146.0,0.48895774719238294,True,CALL,2026-10-16,NVDA
NVDA261016C00175000,175.0,36.31,37.85,38.6,80.0,2352.0,0.49506120178222657,True,CALL,2026-10-16,NVDA
NVDA261016C00180000,180.0,32.77,33.9,34.35,95.0,2935.0,0.470281176147461,True,CALL,2026-10-16,NVDA
NVDA261016C00185000,185.0,29.23,30.8,31.3,77.0,1677.0,0.478093598022461,True,CALL,2026-10-16,NVDA
NVDA261016C00190000,190.0,28.21,26.95,27.4,1.0,2697.0,0.4555718505859375,True,CALL,2026-10-16,NVDA
NVDA261016C00195000,195.0,24.05,24.15,24.3,1.0,4992.0,0.45050598327636715,True,CALL,2026-10-16,NVDA
NVDA261016C00200000,200.0,20.25,21.0,21.3,1167.0,5530.0,0.4426325268554688,True,CALL,2026-10-16,NVDA
NVDA261016C00205000,205.0,19.15,18.45,18.85,5.0,8558.0,0.4432123550415039,True,CALL,2026-10-16,NVDA
NVDA261016C00210000,210.0,16.05,16.3,16.5,131.0,12622.0,0.4408014904785156,False,CALL,2026-10-16,NVDA
NVDA261016C00215000,215.0,14.04,14.2,14.45,17.0,15766.0,0.4404963177490234,False,CALL,2026-10-16,NVDA
NVDA261016C00220000,220.0,12.26,11.85,12.1,7.0,69162.0,0.4276180285644532,False,CALL,2026-10-16,NVDA
NVDA261016C00225000,225.0,10.42,10.1,10.4,41.0,7753.0,0.4257564749145508,False,CALL,2026-10-16,NVDA
NVDA261016C00230000,230.0,9.0,8.75,9.05,8.0,27313.0,0.42816733947753904,False,CALL,2026-10-16,NVDA
NVDA261016C00235000,235.0,7.65,7.4,7.65,7.0,5893.0,0.4246578530883789,False,CALL,2026-10-16,NVDA
NVDA261016C00240000,240.0,6.46,6.15,6.45,12.0,11131.0,0.42200285034179685,False,CALL,2026-10-16,NVDA
NVDA261016C00245000,245.0,5.5,5.25,5.55,113.0,6445.0,0.42401699035644536,False,CALL,2026-10-16,NVDA
NVDA261016C00250000,250.0,4.6,4.4,4.7,9.0,24225.0,0.42365078308105464,False,CALL,2026-10-16,NVDA
NVDA261016C00255000,255.0,3.79,3.65,4.0,10.0,3174.0,0.42456630126953127,False,CALL,2026-10-16,NVDA
NVDA261016C00260000,260.0,3.3,3.2,3.4,3.0,14326.0,0.4255428540039063,False,CALL,2026-10-16,NVDA
NVDA261016C00265000,265.0,2.52,2.65,2.85,179.0,3107.0,0.4249935430908204,False,CALL,2026-10-16,NVDA
NVDA261016P00145000,145.0,1.81,1.53,1.69,54.0,7399.0,0.5141650146484374,False,PUT,2026-10-16,NVDA
NVDA261016P00150000,150.0,2.27,1.9,2.07,215.0,18078.0,0.5012256909179689,False,PUT,2026-10-16,NVDA
NVDA261016P00155000,155.0,2.5,2.39,2.51,1.0,10818.0,0.4928029235839845,False,PUT,2026-10-16,NVDA
NVDA261016P00160000,160.0,3.46,2.93,3.15,350.0,14150.0,0.48505153625488284,False,PUT,2026-10-16,NVDA
NVDA261016P00165000,165.0,4.25,3.6,3.85,250.0,15995.0,0.47461462890625,False,PUT,2026-10-16,NVDA
NVDA261016P00170000,170.0,4.6,4.5,4.7,3.0,18895.0,0.46545944702148445,False,PUT,2026-10-16,NVDA
NVDA261016P00175000,175.0,6.28,5.5,5.75,307.0,10528.0,0.4583794396972657,False,PUT,2026-10-16,NVDA
NVDA261016P00180000,180.0,7.6,6.7,6.95,1002.0,11695.0,0.4508111560058594,False,PUT,2026-10-16,NVDA
NVDA261016P00185000,185.0,8.15,8.25,8.45,8.0,11252.0,0.44690494506835937,False,PUT,2026-10-16,NVDA
NVDA261016P00190000,190.0,11.0,9.55,9.9,274.0,10073.0,0.4358576922607422,False,PUT,2026-10-16,NVDA
NVDA261016P00195000,195.0,11.7,11.65,11.95,1.0,15706.0,0.4357356231689453,False,PUT,2026-10-16,NVDA
NVDA261016P00200000,200.0,13.91,13.8,14.05,4.0,17749.0,0.430944411315918,False,PUT,2026-10-16,NVDA
NVDA261016P00205000,205.0,16.0,16.0,16.3,11.0,11473.0,0.42435268035888674,False,PUT,2026-10-16,NVDA
NVDA261016P00210000,210.0,18.4,18.35,18.65,2.0,5702.0,0.41473973937988284,True,PUT,2026-10-16,NVDA
NVDA261016P00215000,215.0,23.15,21.1,21.55,22.0,1817.0,0.4131528411865234,True,PUT,2026-10-16,NVDA
NVDA261016P00220000,220.0,26.0,24.1,24.55,7.0,1797.0,0.4085752502441406,True,PUT,2026-10-16,NVDA
NVDA261016P00225000,225.0,28.85,26.95,28.3,27.0,1109.0,0.4177914666748046,True,PUT,2026-10-16,NVDA
NVDA261016P00230000,230.0,31.3,30.35,31.85,19.0,4575.0,0.4172421557617187,True,PUT,2026-10-16,NVDA
NVDA261016P00235000,235.0,36.73,34.1,35.5,1.0,602.0,0.41461767028808594,True,PUT,2026-10-16,NVDA
NVDA261016P00240000,240.0,38.0,37.95,39.4,1.0,940.0,0.41431249755859373,True,PUT,2026-10-16,NVDA
NVDA261016P00245000,245.0,43.65,41.9,43.5,20.0,127.0,0.41583836120605466,True,PUT,2026-10-16,NVDA
NVDA261016P00250000,250.0,46.25,45.35,48.1,10.0,443.0,0.4301204449462891,True,PUT,2026-10-16,NVDA
NVDA261016P00255000,255.0,46.9,49.55,52.4,35.0,367.0,0.4315242395019532,True,PUT,2026-10-16,NVDA
NVDA261016P00260000,260.0,56.65,54.05,57.65,26.0,167.0,0.4650322052001954,True,PUT,2026-10-16,NVDA
NVDA261016P00265000,265.0,61.2,58.35,61.55,95.0,107.0,0.44586735778808595,True,PUT,2026-10-16,NVDA
NVDA261120C00145000,145.0,68.23,0.0,0.0,1.0,420.0,1.0000000000000003e-05,True,CALL,2026-11-20,NVDA
NVDA261120C00150000,150.0,59.2,0.0,0.0,102.0,752.0,1.0000000000000003e-05,True,CALL,2026-11-20,NVDA
NVDA261120C00155000,155.0,55.84,56.15,56.95,10.0,1812.0,0.5137988073730468,True,CALL,2026-11-20,NVDA
NVDA261120C00160000,160.0,51.0,51.95,52.85,5.0,929.0,0.5043994873046875,True,CALL,2026-11-20,NVDA
NVDA261120C00165000,165.0,48.77,48.75,49.75,1.0,1346.0,0.5230760583496092,True,CALL,2026-11-20,NVDA
NVDA261120C00170000,170.0,44.05,44.1,45.1,3.0,1405.0,0.5051319018554687,True,CALL,2026-11-20,NVDA
NVDA261120C00175000,175.0,41.2,41.35,41.9,12.0,1636.0,0.5031787963867188,True,CALL,2026-11-20,NVDA
NVDA261120C00180000,180.0,38.15,37.3,37.85,105.0,6330.0,0.489384989013672,True,CALL,2026-11-20,NVDA
NVDA261120C00185000,185.0,32.76,34.45,35.1,1026.0,2976.0,0.49728896270751966,True,CALL,2026-11-20,NVDA
NVDA261120C00190000,190.0,29.83,30.65,31.15,54.0,2639.0,0.47281410980224614,True,CALL,2026-11-20,NVDA
NVDA261120C00195000,195.0,26.9,28.25,28.85,39.0,2243.0,0.4826101544189454,True,CALL,2026-11-20,NVDA
NVDA261120C00200000,200.0,23.95,24.95,25.4,2307.0,11718.0,0.463170651550293,True,CALL,2026-11-20,NVDA
NVDA261120C00205000,205.0,21.57,22.85,23.45,313.0,2835.0,0.47235635070800785,True,CALL,2026-11-20,NVDA
NVDA261120C00210000,210.0,19.62,20.55,20.95,410.0,7955.0,0.4661308270263672,False,CALL,2026-11-20,NVDA
NVDA261120C00215000,215.0,17.49,18.0,18.35,363.0,4695.0,0.45435115966796874,False,CALL,2026-11-20,NVDA
NVDA261120C00220000,220.0,15.5,16.25,16.6,2221.0,11345.0,0.4567925415039063,False,CALL,2026-11-20,NVDA
NVDA261120C00225000,225.0,14.55,14.4,14.8,2.0,4342.0,0.4548699533081054,False,CALL,2026-11-20,NVDA
NVDA261120C00230000,230.0,12.72,12.4,12.75,23.0,9336.0,0.44421942504882805,False,CALL,2026-11-20,NVDA
NVDA261120C00235000,235.0,10.75,11.0,11.3,520.0,5037.0,0.44312080322265623,False,CALL,2026-11-20,NVDA
NVDA261120C00240000,240.0,9.55,9.75,10.05,275.0,8026.0,0.44348701049804684,False,CALL,2026-11-20,NVDA
NVDA261120C00245000,245.0,8.21,8.5,8.9,600.0,5193.0,0.44324287231445314,False,CALL,2026-11-20,NVDA
NVDA261120C00250000,250.0,7.2,7.4,7.7,1346.0,19368.0,0.43884838500976564,False,CALL,2026-11-20,NVDA
NVDA261120C00255000,255.0,6.25,6.55,6.9,96.0,2466.0,0.44171700866699215,False,CALL,2026-11-20,NVDA
NVDA261120C00260000,260.0,5.7,5.8,6.05,2.0,6602.0,0.4408014904785156,False,CALL,2026-11-20,NVDA
NVDA261120C00265000,265.0,4.95,0.0,0.0,46.0,1744.0,0.062509375,False,CALL,2026-11-20,NVDA
NVDA261120P00145000,145.0,3.0,2.6,2.77,32.0,6223.0,0.5032398309326171,False,PUT,2026-11-20,NVDA
NVDA261120P00150000,150.0,3.65,3.3,4.95,74.0,17417.0,0.5280808911132813,False,PUT,2026-11-20,NVDA
NVDA261120P00155000,155.0,4.38,3.85,4.05,13.0,6029.0,0.48566188171386715,False,PUT,2026-11-20,NVDA
NVDA261120P00160000,160.0,5.2,4.65,4.9,200.0,20134.0,0.47913118530273435,False,PUT,2026-11-20,NVDA
NVDA261120P00165000,165.0,6.35,5.65,5.65,80.0,8099.0,0.4651542742919922,False,PUT,2026-11-20,NVDA
NVDA261120P00170000,170.0,6.8,6.65,6.9,3.0,11288.0,0.46356737609863286,False,PUT,2026-11-20,NVDA
NVDA261120P00175000,175.0,9.05,7.9,8.1,177.0,7569.0,0.4558159887695313,False,PUT,2026-11-20,NVDA
NVDA261120P00180000,180.0,10.4,9.25,9.55,424.0,14733.0,0.45075012145996096,False,PUT,2026-11-20,NVDA
NVDA261120P00185000,185.0,12.45,10.9,11.2,46.0,5866.0,0.44647770324707037,False,PUT,2026-11-20,NVDA
NVDA261120P00190000,190.0,13.97,12.6,12.9,105.0,6300.0,0.43921459228515625,False,PUT,2026-11-20,NVDA
NVDA261120P00195000,195.0,16.5,14.75,15.15,44.0,7668.0,0.4403742486572265,False,PUT,2026-11-20,NVDA
NVDA261120P00200000,200.0,16.9,16.95,17.3,2.0,20982.0,0.43503372589111333,False,PUT,2026-11-20,NVDA
NVDA261120P00205000,205.0,20.85,19.1,19.65,88.0,2416.0,0.4300288931274414,False,PUT,2026-11-20,NVDA
NVDA261120P00210000,210.0,23.5,21.6,22.3,487.0,3274.0,0.4274044076538086,True,PUT,2026-11-20,NVDA
NVDA261120P00215000,215.0,24.92,24.25,24.85,1.0,2226.0,0.4188290539550781,True,PUT,2026-11-20,NVDA
NVDA261120P00220000,220.0,27.5,27.65,28.15,3.0,2147.0,0.42212491943359376,True,PUT,2026-11-20,NVDA
NVDA261120P00225000,225.0,31.85,30.4,31.2,12.0,2710.0,0.4164792239379882,True,PUT,2026-11-20,NVDA
NVDA261120P00230000,230.0,35.75,33.0,35.0,1.0,4610.0,0.42340664489746094,True,PUT,2026-11-20,NVDA
NVDA261120P00235000,235.0,38.83,36.55,38.55,5.0,451.0,0.4216976776123047,True,PUT,2026-11-20,NVDA
NVDA261120P00240000,240.0,41.5,40.35,42.15,1.0,758.0,0.4177914666748046,True,PUT,2026-11-20,NVDA
NVDA261120P00245000,245.0,44.58,43.95,45.95,1.0,269.0,0.41522801574707036,True,PUT,2026-11-20,NVDA
NVDA261120P00250000,250.0,48.64,48.3,50.1,40.0,401.0,0.41834077758789057,True,PUT,2026-11-20,NVDA
NVDA261120P00255000,255.0,53.75,52.1,54.35,10.0,117.0,0.4215145739746094,True,PUT,2026-11-20,NVDA
NVDA261120P00260000,260.0,54.4,55.55,58.6,10.0,750.0,0.4222469885253906,True,PUT,2026-11-20,NVDA
NVDA261120P00265000,265.0,57.9,59.8,63.25,20.0,479.0,0.4325007922363281,True,PUT,2026-11-20,NVDA
NVDA261218C00145000,145.0,66.2,0.0,0.0,2.0,3268.0,1.0000000000000003e-05,True,CALL,2026-12-18,NVDA
NVDA261218C00146000,146.0,69.76,64.2,66.95,20.0,1927.0,0.5319871020507813,True,CALL,2026-12-18,NVDA
NVDA261218C00148000,148.0,60.4,62.8,65.15,1.0,9193.0,0.5315598602294922,True,CALL,2026-12-18,NVDA
NVDA261218C00150000,150.0,62.04,61.45,62.4,3.0,15810.0,0.5145922564697265,True,CALL,2026-12-18,NVDA
NVDA261218C00152000,152.0,58.6,59.7,60.65,1.0,835.0,0.5082446636962892,True,CALL,2026-12-18,NVDA
NVDA261218C00154000,154.0,60.08,58.35,60.3,6.0,3730.0,0.5309495147705079,True,CALL,2026-12-18,NVDA
NVDA261218C00155000,155.0,55.14,57.45,58.25,2.0,1148.0,0.5078784564208985,True,CALL,2026-12-18,NVDA
NVDA261218C00156000,156.0,51.32,56.65,57.45,1.0,2277.0,0.5066577655029296,True,CALL,2026-12-18,NVDA
NVDA261218C00158000,158.0,52.88,55.15,56.25,2.0,993.0,0.5112963909912109,True,CALL,2026-12-18,NVDA
NVDA261218C00160000,160.0,53.7,53.95,54.8,35.0,15535.0,0.5155688092041015,True,CALL,2026-12-18,NVDA
NVDA261218C00162000,162.0,50.37,52.0,52.95,3.0,1093.0,0.5025989682006836,True,CALL,2026-12-18,NVDA
NVDA261218C00164000,164.0,50.5,50.25,51.25,5.0,29901.0,0.5083056982421875,True,CALL,2026-12-18,NVDA
NVDA261218C00165000,165.0,51.0,49.55,50.45,4.0,2469.0,0.5056812127685546,True,CALL,2026-12-18,NVDA
NVDA261218C00166000,166.0,54.08,48.75,49.7,1.0,867.0,0.5042774182128906,True,CALL,2026-12-18,NVDA
NVDA261218C00167000,167.0,46.3,48.3,49.3,1.0,596.0,0.5119677709960937,True,CALL,2026-12-18,NVDA
NVDA261218C00168000,168.0,48.45,47.25,48.2,30.0,1272.0,0.5011646563720704,True,CALL,2026-12-18,NVDA
NVDA261218C00169000,169.0,46.25,46.65,48.45,2.0,1356.0,0.5019581054687501,True,CALL,2026-12-18,NVDA
NVDA261218C00170000,170.0,45.03,46.35,47.25,26.0,7255.0,0.5000355172729493,True,CALL,2026-12-18,NVDA
NVDA261218C00171000,171.0,49.53,45.1,46.0,1.0,1264.0,0.4967701690673829,True,CALL,2026-12-18,NVDA
NVDA261218C00172000,172.0,47.0,44.55,45.5,2.0,1551.0,0.5007984490966797,True,CALL,2026-12-18,NVDA
NVDA261218C00173000,173.0,46.42,43.9,44.35,2.0,398.0,0.4887746435546876,True,CALL,2026-12-18,NVDA
NVDA261218C00174000,174.0,45.55,43.8,44.5,1.0,2141.0,0.5080615600585938,True,CALL,2026-12-18,NVDA
NVDA261218C00175000,175.0,41.11,42.55,43.1,10.0,5273.0,0.49002585174560553,True,CALL,2026-12-18,NVDA
NVDA261218C00176000,176.0,46.5,41.7,42.35,2.0,14789.0,0.4874624008178712,True,CALL,2026-12-18,NVDA
NVDA261218C00177000,177.0,40.6,41.0,41.65,1.0,1604.0,0.4859670544433594,True,CALL,2026-12-18,NVDA
NVDA261218C00178000,178.0,40.1,40.3,40.85,2.0,2298.0,0.4820303262329102,True,CALL,2026-12-18,NVDA
NVDA261218C00179000,179.0,35.23,39.75,40.35,1.0,3056.0,0.4848684326171875,True,CALL,2026-12-18,NVDA
NVDA261218C00180000,180.0,37.81,38.95,39.5,51.0,20975.0,0.47961946166992186,True,CALL,2026-12-18,NVDA
NVDA261218C00181000,181.0,37.6,38.25,39.2,3.0,3686.0,0.4865468826293946,True,CALL,2026-12-18,NVDA
NVDA261218C00182000,182.0,33.35,38.35,38.9,1.0,1958.0,0.4931996481323243,True,CALL,2026-12-18,NVDA
NVDA261218C00183000,183.0,38.35,37.1,37.7,5.0,2780.0,0.479924634399414,True,CALL,2026-12-18,NVDA
NVDA261218C00184000,184.0,32.75,36.5,36.95,2.0,2530.0,0.47650669982910154,True,CALL,2026-12-18,NVDA
NVDA261218C00185000,185.0,36.0,35.8,36.3,28.0,4429.0,0.4751334225463867,True,CALL,2026-12-18,NVDA
NVDA261218C00186000,186.0,36.37,0.0,0.0,2.0,1968.0,1.0000000000000003e-05,True,CALL,2026-12-18,NVDA
NVDA261218C00187000,187.0,32.92,34.6,35.25,5.0,1507.0,0.47730014892578126,True,CALL,2026-12-18,NVDA
NVDA261218C00188000,188.0,32.8,34.0,34.6,20.0,2039.0,0.4755301470947265,True,CALL,2026-12-18,NVDA
NVDA261218C00189000,189.0,33.62,33.5,33.9,7.0,5185.0,0.47260048889160156,True,CALL,2026-12-18,NVDA
NVDA261218C00190000,190.0,31.95,33.3,33.75,37.0,11822.0,0.48090118713378904,True,CALL,2026-12-18,NVDA
NVDA261218C00191000,191.0,36.43,32.15,32.65,1.0,1566.0,0.4694877270507813,True,CALL,2026-12-18,NVDA
NVDA261218C00192000,192.0,30.5,31.6,32.15,6.0,1011.0,0.4703422106933594,True,CALL,2026-12-18,NVDA
NVDA261218C00193000,193.0,30.1,30.95,31.55,8.0,1624.0,0.4689994506835938,True,CALL,2026-12-18,NVDA
NVDA261218C00194000,194.0,29.7,30.4,30.8,12.0,12718.0,0.46451341156005865,True,CALL,2026-12-18,NVDA
NVDA261218C00195000,195.0,29.1,30.0,30.4,154.0,4556.0,0.4669242761230469,True,CALL,2026-12-18,NVDA
NVDA261218C00200000,200.0,27.49,27.65,28.05,4.0,32222.0,0.4699149688720704,True,CALL,2026-12-18,NVDA
NVDA261218C00205000,205.0,23.8,25.1,25.65,313.0,5725.0,0.46869427795410157,True,CALL,2026-12-18,NVDA
NVDA261218C00210000,210.0,22.35,22.3,22.8,6.0,16195.0,0.4559990924072266,False,CALL,2026-12-18,NVDA
NVDA261218C00212000,212.0,20.9,21.35,21.8,81.0,2349.0,0.4527642614746094,False,CALL,2026-12-18,NVDA
NVDA261218C00213000,213.0,20.3,20.75,21.45,15.0,2263.0,0.45380184875488283,False,CALL,2026-12-18,NVDA
NVDA261218C00214000,214.0,19.8,20.55,20.95,16.0,1588.0,0.4519097778320313,False,CALL,2026-12-18,NVDA
NVDA261218C00215000,215.0,19.64,20.05,20.4,191.0,12678.0,0.4489801196289062,False,CALL,2026-12-18,NVDA
NVDA261218C00216000,216.0,19.0,19.6,20.1,20.0,2640.0,0.45059753509521483,False,CALL,2026-12-18,NVDA
NVDA261218C00217000,217.0,18.2,19.6,20.0,95.0,938.0,0.4558770233154297,False,CALL,2026-12-18,NVDA
NVDA261218C00218000,218.0,18.25,18.8,19.3,14.0,1062.0,0.44977356872558594,False,CALL,2026-12-18,NVDA
NVDA261218C00219000,219.0,17.45,0.0,0.0,42.0,1145.0,0.015634843750000002,False,CALL,2026-12-18,NVDA
NVDA261218C00220000,220.0,17.3,18.15,18.5,418.0,22754.0,0.4484918432617187,False,CALL,2026-12-18,NVDA
NVDA261218C00221000,221.0,17.16,17.95,18.4,20.0,2092.0,0.4533135723876953,False,CALL,2026-12-18,NVDA
NVDA261218C00222000,222.0,16.85,17.3,17.75,86.0,2022.0,0.447698394165039,False,CALL,2026-12-18,NVDA
NVDA261218C00223000,223.0,16.45,17.0,17.45,8.0,2137.0,0.4485528778076171,False,CALL,2026-12-18,NVDA
NVDA261218C00224000,224.0,16.1,16.6,17.0,17.0,1090.0,0.44647770324707037,False,CALL,2026-12-18,NVDA
NVDA261218C00225000,225.0,15.8,16.25,16.55,200.0,13277.0,0.4442499423217773,False,CALL,2026-12-18,NVDA
NVDA261218C00226000,226.0,15.45,15.85,16.35,27.0,2692.0,0.44669132415771484,False,CALL,2026-12-18,NVDA
NVDA261218C00227000,227.0,15.0,15.5,15.95,10.0,1186.0,0.4451959777832031,False,CALL,2026-12-18,NVDA
NVDA261218C00228000,228.0,14.9,15.15,15.55,16.0,20559.0,0.44360907958984375,False,CALL,2026-12-18,NVDA
NVDA261218C00230000,230.0,15.11,14.65,14.95,5.0,18208.0,0.44397528686523435,False,CALL,2026-12-18,NVDA
NVDA261218C00235000,235.0,12.62,13.0,13.3,96.0,5869.0,0.44006907592773437,False,CALL,2026-12-18,NVDA
NVDA261218C00240000,240.0,12.13,11.55,11.9,2.0,16276.0,0.43848217773437503,False,CALL,2026-12-18,NVDA
NVDA261218C00245000,245.0,9.75,10.4,10.65,149.0,7412.0,0.437505625,False,CALL,2026-12-18,NVDA
NVDA261218C00250000,250.0,9.1,9.2,9.5,2265.0,29302.0,0.43625441680908206,False,CALL,2026-12-18,NVDA
NVDA261218C00255000,255.0,7.72,8.35,8.65,1777.0,6423.0,0.4393671786499024,False,CALL,2026-12-18,NVDA
NVDA261218C00260000,260.0,7.05,7.4,7.65,509.0,17015.0,0.4370173486328125,False,CALL,2026-12-18,NVDA
NVDA261218C00265000,265.0,6.4,6.55,6.85,112.0,4570.0,0.43726148681640625,False,CALL,2026-12-18,NVDA
NVDA261218P00145000,145.0,3.75,3.3,3.5,28.0,8000.0,0.48730981445312505,False,PUT,2026-12-18,NVDA
NVDA261218P00146000,146.0,4.0,3.4,3.65,3.0,4619.0,0.4865163653564454,False,PUT,2026-12-18,NVDA
NVDA261218P00148000,148.0,4.2,3.65,3.9,12.0,4874.0,0.48242705078125003,False,PUT,2026-12-18,NVDA
NVDA261218P00150000,150.0,4.05,4.0,4.05,40.0,24218.0,0.47400428344726564,False,PUT,2026-12-18,NVDA
NVDA261218P00152000,152.0,4.95,4.2,4.55,14.0,2147.0,0.4783377362060547,False,PUT,2026-12-18,NVDA
NVDA261218P00154000,154.0,5.3,4.5,4.9,10.0,1665.0,0.4762015270996094,False,PUT,2026-12-18,NVDA
NVDA261218P00155000,155.0,4.95,4.8,5.0,6.0,11655.0,0.47235635070800785,False,PUT,2026-12-18,NVDA
NVDA261218P00156000,156.0,5.6,4.85,5.25,120.0,1781.0,0.4734549725341797,False,PUT,2026-12-18,NVDA
NVDA261218P00158000,158.0,6.1,5.15,5.65,19.0,3769.0,0.471684970703125,False,PUT,2026-12-18,NVDA
NVDA261218P00160000,160.0,6.5,5.65,5.95,228.0,39180.0,0.4662528961181641,False,PUT,2026-12-18,NVDA
NVDA261218P00162000,162.0,6.35,5.95,6.45,26.0,3293.0,0.466374965209961,False,PUT,2026-12-18,NVDA
NVDA261218P00164000,164.0,7.3,6.45,6.8,116.0,9505.0,0.46143116699218756,False,PUT,2026-12-18,NVDA
NVDA261218P00165000,165.0,7.55,6.85,7.05,1735.0,9679.0,0.4608818560791016,False,PUT,2026-12-18,NVDA
NVDA261218P00166000,166.0,7.95,6.9,7.3,4.0,2020.0,0.4602104760742188,False,PUT,2026-12-18,NVDA
NVDA261218P00167000,167.0,7.95,7.15,7.45,14.0,4358.0,0.4566399551391602,False,PUT,2026-12-18,NVDA
NVDA261218P00168000,168.0,8.5,7.35,7.8,5.0,2732.0,0.4583794396972657,False,PUT,2026-12-18,NVDA
NVDA261218P00169000,169.0,8.7,7.5,8.05,1705.0,3828.0,0.45725030059814464,False,PUT,2026-12-18,NVDA
NVDA261218P00170000,170.0,8.68,7.9,8.2,131.0,17726.0,0.45334408966064454,False,PUT,2026-12-18,NVDA
NVDA261218P00171000,171.0,8.5,8.15,8.45,8.0,3934.0,0.4519708123779297,False,PUT,2026-12-18,NVDA
NVDA261218P00172000,172.0,9.55,8.3,8.85,18.0,3395.0,0.4542290905761719,False,PUT,2026-12-18,NVDA
NVDA261218P00173000,173.0,9.85,8.65,9.1,6.0,2618.0,0.45252012329101565,False,PUT,2026-12-18,NVDA
NVDA261218P00174000,174.0,10.2,8.9,9.4,10.0,3093.0,0.4519097778320313,False,PUT,2026-12-18,NVDA
NVDA261218P00175000,175.0,10.3,9.3,9.65,31.0,11870.0,0.44995667236328124,False,PUT,2026-12-18,NVDA
NVDA261218P00176000,176.0,10.89,9.5,10.0,8.0,2364.0,0.45026184509277345,False,PUT,2026-12-18,NVDA
NVDA261218P00177000,177.0,11.25,9.75,10.25,5.0,2331.0,0.4480035668945312,False,PUT,2026-12-18,NVDA
NVDA261218P00178000,178.0,10.5,10.05,10.55,146.0,2656.0,0.44681339324951175,False,PUT,2026-12-18,NVDA
NVDA261218P00179000,179.0,11.6,10.35,10.85,10.0,2758.0,0.44550115051269534,False,PUT,2026-12-18,NVDA
NVDA261218P00180000,180.0,11.9,10.75,11.05,107.0,26253.0,0.4417475259399414,False,PUT,2026-12-18,NVDA
NVDA261218P00181000,181.0,12.12,10.9,11.55,11.0,3825.0,0.44470770141601557,False,PUT,2026-12-18,NVDA
NVDA261218P00182000,182.0,12.9,11.35,11.85,4.0,2124.0,0.4429682168579102,False,PUT,2026-12-18,NVDA
NVDA261218P00183000,183.0,13.2,11.65,12.15,3.0,2529.0,0.44110666320800784,False,PUT,2026-12-18,NVDA
NVDA261218P00184000,184.0,12.48,12.0,12.5,5.0,2073.0,0.4401911450195312,False,PUT,2026-12-18,NVDA
NVDA261218P00185000,185.0,13.65,12.3,12.75,52.0,10044.0,0.4370173486328125,False,PUT,2026-12-18,NVDA
NVDA261218P00186000,186.0,12.96,12.7,13.2,5.0,1971.0,0.4379939013671875,False,PUT,2026-12-18,NVDA
NVDA261218P00187000,187.0,13.5,13.05,13.7,3.0,3639.0,0.439885972290039,False,PUT,2026-12-18,NVDA
NVDA261218P00188000,188.0,15.05,13.4,13.9,3.0,3003.0,0.4352473468017578,False,PUT,2026-12-18,NVDA
NVDA261218P00189000,189.0,14.25,13.9,14.35,4.0,1498.0,0.43579665771484377,False,PUT,2026-12-18,NVDA
NVDA261218P00190000,190.0,15.5,14.2,14.55,166.0,13377.0,0.4309749285888672,False,PUT,2026-12-18,NVDA
NVDA261218P00191000,191.0,15.1,14.55,15.1,12.0,1943.0,0.43326372406005864,False,PUT,2026-12-18,NVDA
NVDA261218P00192000,192.0,15.35,14.95,15.5,327.0,1434.0,0.43231768859863284,False,PUT,2026-12-18,NVDA
NVDA261218P00193000,193.0,15.8,15.3,15.9,2.0,1231.0,0.43124958404541025,False,PUT,2026-12-18,NVDA
NVDA261218P00194000,194.0,16.2,15.8,16.35,8.0,1562.0,0.43103596313476567,False,PUT,2026-12-18,NVDA
NVDA261218P00195000,195.0,17.96,16.25,16.6,68.0,7313.0,0.4267025103759766,False,PUT,2026-12-18,NVDA
NVDA261218P00200000,200.0,19.95,18.4,18.75,2439.0,19337.0,0.42102629760742194,False,PUT,2026-12-18,NVDA
NVDA261218P00205000,205.0,22.99,20.8,21.15,122.0,8678.0,0.41687594848632803,False,PUT,2026-12-18,NVDA
NVDA261218P00210000,210.0,25.17,23.3,23.7,115.0,9627.0,0.4123288748168945,True,PUT,2026-12-18,NVDA
NVDA261218P00212000,212.0,24.4,24.35,24.9,3.0,1452.0,0.41296973754882804,True,PUT,2026-12-18,NVDA
NVDA261218P00213000,213.0,25.0,24.85,25.55,76.0,1375.0,0.41403784210205075,True,PUT,2026-12-18,NVDA
NVDA261218P00214000,214.0,25.08,25.45,26.0,3.0,484.0,0.4112302529907227,True,PUT,2026-12-18,NVDA
NVDA261218P00215000,215.0,27.85,25.95,26.7,19.0,3003.0,0.41296973754882804,True,PUT,2026-12-18,NVDA
NVDA261218P00216000,216.0,27.75,26.65,27.25,1.0,928.0,0.41177956390380854,True,PUT,2026-12-18,NVDA
NVDA261218P00217000,217.0,31.38,27.1,27.75,1.0,2323.0,0.40952128570556634,True,PUT,2026-12-18,NVDA
NVDA261218P00218000,218.0,27.65,27.65,28.3,7.0,461.0,0.40808697387695314,True,PUT,2026-12-18,NVDA
NVDA261218P00219000,219.0,29.92,28.3,28.95,22.0,369.0,0.4083921466064453,True,PUT,2026-12-18,NVDA
NVDA261218P00220000,220.0,31.0,29.0,29.4,41.0,6239.0,0.4048216256713867,True,PUT,2026-12-18,NVDA
NVDA261218P00221000,221.0,27.4,29.5,30.15,13.0,620.0,0.40677473114013674,True,PUT,2026-12-18,NVDA
NVDA261218P00222000,222.0,30.6,30.15,30.75,20.0,280.0,0.4057676611328125,True,PUT,2026-12-18,NVDA
NVDA261218P00223000,223.0,29.37,30.75,31.5,4.0,320.0,0.4074766284179688,True,PUT,2026-12-18,NVDA
NVDA261218P00224000,224.0,29.04,31.35,32.0,1.0,348.0,0.4043333493041992,True,PUT,2026-12-18,NVDA
NVDA261218P00225000,225.0,34.0,32.05,32.75,9.0,1809.0,0.40582869567871094,True,PUT,2026-12-18,NVDA
NVDA261218P00226000,226.0,41.15,32.6,33.25,49.0,352.0,0.40241076110839846,True,PUT,2026-12-18,NVDA
NVDA261218P00227000,227.0,34.75,33.45,34.25,24.0,243.0,0.408483698425293,True,PUT,2026-12-18,NVDA
NVDA261218P00228000,228.0,32.82,33.9,34.6,2.0,2042.0,0.40192248474121095,True,PUT,2026-12-18,NVDA
NVDA261218P00230000,230.0,36.25,35.15,36.4,5.0,2531.0,0.4097349066162109,True,PUT,2026-12-18,NVDA
NVDA261218P00235000,235.0,40.9,38.2,40.1,85.0,741.0,0.41199318481445313,True,PUT,2026-12-18,NVDA
NVDA261218P00240000,240.0,44.65,41.8,43.75,6.0,1412.0,0.4106504248046875,True,PUT,2026-12-18,NVDA
NVDA261218P00245000,245.0,47.65,45.25,47.45,16.0,702.0,0.40759869750976563,True,PUT,2026-12-18,NVDA
NVDA261218P00250000,250.0,49.7,48.55,51.2,20.0,1690.0,0.40286852020263675,True,PUT,2026-12-18,NVDA
NVDA261218P00255000,255.0,62.0,52.8,55.5,1.0,988.0,0.40808697387695314,True,PUT,2026-12-18,NVDA
NVDA261218P00260000,260.0,54.32,57.2,59.6,1.0,1075.0,0.40656111022949215,True,PUT,2026-12-18,NVDA
NVDA261218P00265000,265.0,74.44,60.6,64.7,18.0,710.0,0.4282283740234375,True,PUT,2026-12-18,NVDA
NVDA270115C00145000,145.0,66.12,66.85,68.7,5.0,3777.0,0.5364426239013673,True,CALL,2027-01-15,NVDA
NVDA270115C00150000,150.0,60.5,63.15,64.0,278.0,27308.0,0.5246019219970703,True,CALL,2027-01-15,NVDA
NVDA270115C00155000,155.0,59.25,59.55,60.4,168.0,7415.0,0.5272874420166016,True,CALL,2027-01-15,NVDA
NVDA270115C00160000,160.0,53.4,55.15,56.05,36.0,115792.0,0.5059863854980469,True,CALL,2027-01-15,NVDA
NVDA270115C00165000,165.0,48.95,51.4,52.2,18.0,7795.0,0.5073901800537108,True,CALL,2027-01-15,NVDA
NVDA270115C00170000,170.0,46.72,48.25,49.05,178.0,16527.0,0.5017750018310547,True,CALL,2027-01-15,NVDA
NVDA270115C00175000,175.0,43.05,44.55,45.05,29.0,17627.0,0.4924367163085938,True,CALL,2027-01-15,NVDA
NVDA270115C00180000,180.0,40.29,41.1,41.6,4254.0,54120.0,0.48386136260986334,True,CALL,2027-01-15,NVDA
NVDA270115C00185000,185.0,38.06,37.85,38.2,27.0,16296.0,0.47391273162841796,True,CALL,2027-01-15,NVDA
NVDA270115C00190000,190.0,36.0,35.45,35.8,2.0,23162.0,0.4805960144042969,True,CALL,2027-01-15,NVDA
NVDA270115C00195000,195.0,31.39,32.15,32.6,150.0,19159.0,0.46936565795898444,True,CALL,2027-01-15,NVDA
NVDA270115C00200000,200.0,30.1,29.35,29.65,5.0,91612.0,0.4603935797119141,True,CALL,2027-01-15,NVDA
NVDA270115C00205000,205.0,26.15,26.95,27.2,445.0,4361.0,0.4578911633300782,True,CALL,2027-01-15,NVDA
NVDA270115C00210000,210.0,24.75,24.5,24.8,5.0,37824.0,0.4537408142089844,False,CALL,2027-01-15,NVDA
NVDA270115C00215000,215.0,21.9,22.25,22.6,210.0,8166.0,0.4505670178222656,False,CALL,2027-01-15,NVDA
NVDA270115C00220000,220.0,20.7,20.3,20.6,1.0,29687.0,0.4484308087158203,False,CALL,2027-01-15,NVDA
NVDA270115C00225000,225.0,17.45,18.4,18.7,248.0,9613.0,0.4456842541503906,False,CALL,2027-01-15,NVDA
NVDA270115C00230000,230.0,16.35,16.6,16.95,847.0,33555.0,0.44324287231445314,False,CALL,2027-01-15,NVDA
NVDA270115C00235000,235.0,15.9,15.0,15.35,1.0,7347.0,0.44122873229980464,False,CALL,2027-01-15,NVDA
NVDA270115C00240000,240.0,13.26,13.7,14.05,324.0,40759.0,0.4424494232177735,False,CALL,2027-01-15,NVDA
NVDA270115C00245000,245.0,11.85,12.55,12.8,363.0,6781.0,0.4426325268554688,False,CALL,2027-01-15,NVDA
NVDA270115C00250000,250.0,10.7,11.1,11.4,1654.0,51097.0,0.4379939013671875,False,CALL,2027-01-15,NVDA
NVDA270115C00255000,255.0,9.6,10.15,10.35,265.0,5918.0,0.4381159704589844,False,CALL,2027-01-15,NVDA
NVDA270115C00260000,260.0,8.75,9.05,9.35,398.0,19622.0,0.4373835559082031,False,CALL,2027-01-15,NVDA
NVDA270115C00265000,265.0,7.65,8.1,8.4,1037.0,4793.0,0.4359187268066406,False,CALL,2027-01-15,NVDA
NVDA270115P00145000,145.0,4.39,0.0,0.0,333.0,13008.0,0.12500875,False,PUT,2027-01-15,NVDA
NVDA270115P00150000,150.0,4.9,4.35,5.05,2.0,42248.0,0.4697928997802735,False,PUT,2027-01-15,NVDA
NVDA270115P00155000,155.0,6.25,0.0,0.0,162.0,17960.0,0.062509375,False,PUT,2027-01-15,NVDA
NVDA270115P00160000,160.0,7.35,6.55,6.8,1753.0,31949.0,0.45227598510742195,False,PUT,2027-01-15,NVDA
NVDA270115P00165000,165.0,8.46,7.75,8.0,407.0,19189.0,0.4479425323486328,False,PUT,2027-01-15,NVDA
NVDA270115P00170000,170.0,9.9,9.1,9.3,1463.0,33883.0,0.44275459594726563,False,PUT,2027-01-15,NVDA
NVDA270115P00175000,175.0,11.7,10.55,10.8,834.0,21638.0,0.43897045410156255,False,PUT,2027-01-15,NVDA
NVDA270115P00180000,180.0,13.0,12.0,12.25,247.0,43115.0,0.43103596313476567,False,PUT,2027-01-15,NVDA
NVDA270115P00185000,185.0,15.25,13.85,14.2,352.0,20805.0,0.4303645831298829,False,PUT,2027-01-15,NVDA
NVDA270115P00190000,190.0,17.0,15.8,16.1,257.0,25288.0,0.4254818194580079,False,PUT,2027-01-15,NVDA
NVDA270115P00195000,195.0,17.75,17.85,18.15,15.0,11624.0,0.4205380212402344,False,PUT,2027-01-15,NVDA
NVDA270115P00200000,200.0,20.0,20.1,20.45,30.0,59161.0,0.4172421557617187,False,PUT,2027-01-15,NVDA
NVDA270115P00205000,205.0,23.1,22.4,22.8,1.0,8868.0,0.41202370208740235,False,PUT,2027-01-15,NVDA
NVDA270115P00210000,210.0,26.5,25.2,25.55,88.0,8717.0,0.41095559753417965,True,PUT,2027-01-15,NVDA
NVDA270115P00215000,215.0,29.25,27.85,28.25,180.0,6319.0,0.4062864547729492,True,PUT,2027-01-15,NVDA
NVDA270115P00220000,220.0,32.3,30.9,31.3,12.0,4656.0,0.4049436947631836,True,PUT,2027-01-15,NVDA
NVDA270115P00225000,225.0,35.35,33.9,34.3,29.0,6390.0,0.40012196563720703,True,PUT,2027-01-15,NVDA
NVDA270115P00230000,230.0,39.68,37.1,37.55,13.0,4969.0,0.39707023834228516,True,PUT,2027-01-15,NVDA
NVDA270115P00235000,235.0,41.46,0.0,0.0,18.0,1404.0,1.0000000000000003e-05,True,PUT,2027-01-15,NVDA
NVDA270115P00240000,240.0,42.4,0.0,0.0,200.0,7960.0,1.0000000000000003e-05,True,PUT,2027-01-15,NVDA
NVDA270115P00245000,245.0,46.25,0.0,0.0,13.0,1711.0,1.0000000000000003e-05,True,PUT,2027-01-15,NVDA
NVDA270115P00250000,250.0,51.46,50.85,52.2,27.0,2050.0,0.39063109375,True,PUT,2027-01-15,NVDA
NVDA270115P00255000,255.0,54.85,0.0,0.0,40.0,324.0,1.0000000000000003e-05,True,PUT,2027-01-15,NVDA
NVDA270115P00260000,260.0,60.35,0.0,0.0,2.0,2447.0,1.0000000000000003e-05,True,PUT,2027-01-15,NVDA
NVDA270115P00265000,265.0,64.4,62.9,64.55,20.0,181.0,0.3900817828369141,True,PUT,2027-01-15,NVDA
NVDA270219C00145000,145.0,66.43,0.0,0.0,15.0,32.0,1.0000000000000003e-05,True,CALL,2027-02-19,NVDA
NVDA270219C00150000,150.0,69.55,64.4,65.55,1.0,194.0,0.5176439837646485,True,CALL,2027-02-19,NVDA
NVDA270219C00155000,155.0,59.2,60.55,61.75,25.0,29.0,0.511571046447754,True,CALL,2027-02-19,NVDA
NVDA270219C00160000,160.0,55.86,56.75,58.0,1.0,68.0,0.5042163836669922,True,CALL,2027-02-19,NVDA
NVDA270219C00165000,165.0,55.77,53.25,54.7,1.0,46.0,0.5027515545654297,True,CALL,2027-02-19,NVDA
NVDA270219C00170000,170.0,49.65,49.6,50.4,3.0,60.0,0.49493913269042966,True,CALL,2027-02-19,NVDA
NVDA270219C00175000,175.0,46.3,46.4,47.15,4.0,23.0,0.4913991290283204,True,CALL,2027-02-19,NVDA
NVDA270219C00180000,180.0,41.3,43.2,44.05,104.0,272.0,0.4882253326416016,True,CALL,2027-02-19,NVDA
NVDA270219C00185000,185.0,39.83,40.05,40.7,4.0,30.0,0.47827670166015623,True,CALL,2027-02-19,NVDA
NVDA270219C00190000,190.0,35.69,37.35,38.1,3.0,91.0,0.4794058407592773,True,CALL,2027-02-19,NVDA
NVDA270219C00195000,195.0,34.75,34.4,35.2,8.0,89.0,0.47305824798583984,True,CALL,2027-02-19,NVDA
NVDA270219C00200000,200.0,30.74,31.7,32.3,28.0,322.0,0.4646965151977539,True,CALL,2027-02-19,NVDA
NVDA270219C00205000,205.0,28.49,29.45,30.0,57.0,239.0,0.4640861697387696,True,CALL,2027-02-19,NVDA
NVDA270219C00210000,210.0,26.02,27.1,28.1,310.0,713.0,0.46771772521972654,False,CALL,2027-02-19,NVDA
NVDA270219C00215000,215.0,24.0,24.8,25.5,60.0,516.0,0.458135301513672,False,CALL,2027-02-19,NVDA
NVDA270219C00220000,220.0,23.05,22.65,23.45,1.0,222.0,0.45535822967529294,False,CALL,2027-02-19,NVDA
NVDA270219C00225000,225.0,20.15,20.75,21.35,251.0,289.0,0.4498346032714844,False,CALL,2027-02-19,NVDA
NVDA270219C00230000,230.0,19.4,19.05,19.7,57.0,130.0,0.4495904650878906,False,CALL,2027-02-19,NVDA
NVDA270219C00235000,235.0,17.5,17.35,18.0,3.0,122.0,0.44669132415771484,False,CALL,2027-02-19,NVDA
NVDA270219C00240000,240.0,14.95,15.85,16.5,140.0,302.0,0.44528752960205076,False,CALL,2027-02-19,NVDA
NVDA270219C00245000,245.0,15.75,14.45,15.1,3.0,74.0,0.443792183227539,False,CALL,2027-02-19,NVDA
NVDA270219C00250000,250.0,12.6,13.2,13.9,57.0,875.0,0.4440058041381836,False,CALL,2027-02-19,NVDA
NVDA270219C00255000,255.0,12.25,11.95,12.65,60.0,1090.0,0.44180856048583983,False,CALL,2027-02-19,NVDA
NVDA270219C00260000,260.0,11.13,10.85,11.6,5.0,98.0,0.4415339050292969,False,CALL,2027-02-19,NVDA
NVDA270219C00265000,265.0,9.9,9.85,10.65,2.0,753.0,0.44165597412109375,False,CALL,2027-02-19,NVDA
NVDA270219P00145000,145.0,5.2,0.0,0.0,57.0,86.0,0.12500875,False,PUT,2027-02-19,NVDA
NVDA270219P00150000,150.0,6.2,0.0,0.0,1108.0,969.0,0.062509375,False,PUT,2027-02-19,NVDA
NVDA270219P00155000,155.0,6.87,0.0,0.0,1.0,588.0,0.062509375,False,PUT,2027-02-19,NVDA
NVDA270219P00160000,160.0,8.43,7.45,8.1,29.0,2009.0,0.4458063232421875,False,PUT,2027-02-19,NVDA
NVDA270219P00165000,165.0,9.7,8.65,9.35,988.0,1179.0,0.4405878695678711,False,PUT,2027-02-19,NVDA
NVDA270219P00170000,170.0,10.69,10.05,10.75,32.0,238.0,0.43588820953369145,False,PUT,2027-02-19,NVDA
NVDA270219P00175000,175.0,12.82,11.55,12.25,12.0,414.0,0.43054768676757815,False,PUT,2027-02-19,NVDA
NVDA270219P00180000,180.0,14.35,0.0,0.0,33.0,353.0,0.0312596875,False,PUT,2027-02-19,NVDA
NVDA270219P00185000,185.0,16.4,15.05,15.75,4.0,146.0,0.4216671603393555,False,PUT,2027-02-19,NVDA
NVDA270219P00190000,190.0,18.01,17.0,17.75,1.0,157.0,0.4178830184936523,False,PUT,2027-02-19,NVDA
NVDA270219P00195000,195.0,19.55,19.1,19.85,5.0,835.0,0.4132749102783203,False,PUT,2027-02-19,NVDA
NVDA270219P00200000,200.0,22.75,0.0,0.0,6.0,298.0,0.007822421875,False,PUT,2027-02-19,NVDA
NVDA270219P00205000,205.0,24.08,0.0,0.0,17.0,56.0,0.0039162109375,False,PUT,2027-02-19,NVDA
NVDA270219P00210000,210.0,27.15,0.0,0.0,19.0,77.0,1.0000000000000003e-05,True,PUT,2027-02-19,NVDA
NVDA270219P00215000,215.0,31.96,29.25,29.95,10.0,129.0,0.39856558471679693,True,PUT,2027-02-19,NVDA
NVDA270219P00220000,220.0,30.1,32.15,32.95,1.0,177.0,0.3966124792480469,True,PUT,2027-02-19,NVDA
NVDA270219P00225000,225.0,34.53,35.25,36.2,1.0,26.0,0.3963988583374024,True,PUT,2027-02-19,NVDA
NVDA270219P00230000,230.0,36.24,38.4,39.3,1.0,201.0,0.3916381637573242,True,PUT,2027-02-19,NVDA
NVDA270219P00250000,250.0,52.34,51.9,54.1,2.0,3.0,0.39169919830322264,True,PUT,2027-02-19,NVDA
NVDA270219P00260000,260.0,59.41,59.0,62.15,20.0,30.0,0.3924010955810546,True,PUT,2027-02-19,NVDA
NVDA270219P00265000,265.0,66.6,63.75,66.3,,1.0,0.39267575103759766,True,PUT,2027-02-19,NVDA
NVDA270319C00145000,145.0,71.42,69.65,70.6,3.0,249.0,0.5247239910888672,True,CALL,2027-03-19,NVDA
NVDA270319C00150000,150.0,64.66,65.65,66.85,6.0,1853.0,0.5178881219482423,True,CALL,2027-03-19,NVDA
NVDA270319C00155000,155.0,62.4,62.0,62.95,10.0,422.0,0.511174321899414,True,CALL,2027-03-19,NVDA
NVDA270319C00160000,160.0,57.01,58.3,59.45,329.0,2808.0,0.5061084545898438,True,CALL,2027-03-19,NVDA
NVDA270319C00165000,165.0,53.75,54.75,55.95,7.0,1382.0,0.5003712072753908,True,CALL,2027-03-19,NVDA
NVDA270319C00170000,170.0,50.2,51.4,52.0,21.0,5104.0,0.4959156854248047,True,CALL,2027-03-19,NVDA
NVDA270319C00175000,175.0,46.68,48.25,48.95,11.0,2555.0,0.4947255117797852,True,CALL,2027-03-19,NVDA
NVDA270319C00180000,180.0,46.05,44.85,46.0,7.0,3809.0,0.49301654449462895,True,CALL,2027-03-19,NVDA
NVDA270319C00185000,185.0,41.25,42.5,43.2,42.0,3027.0,0.4916432672119141,True,CALL,2027-03-19,NVDA
NVDA270319C00190000,190.0,38.55,39.05,39.85,38.0,4175.0,0.4792837716674804,True,CALL,2027-03-19,NVDA
NVDA270319C00195000,195.0,36.0,36.45,37.1,26.0,4302.0,0.47495031890869144,True,CALL,2027-03-19,NVDA
NVDA270319C00200000,200.0,32.85,33.95,34.5,182.0,30125.0,0.4711051425170898,True,CALL,2027-03-19,NVDA
NVDA270319C00205000,205.0,30.53,31.7,32.2,88.0,2078.0,0.4699760034179688,True,CALL,2027-03-19,NVDA
NVDA270319C00210000,210.0,28.3,29.25,29.8,180.0,23718.0,0.4654899642944337,False,CALL,2027-03-19,NVDA
NVDA270319C00215000,215.0,26.5,27.15,27.65,921.0,4651.0,0.4630180651855469,False,CALL,2027-03-19,NVDA
NVDA270319C00220000,220.0,24.65,25.15,25.55,25.0,9684.0,0.4595696133422852,False,CALL,2027-03-19,NVDA
NVDA270319C00225000,225.0,22.4,23.4,23.75,40.0,6087.0,0.4588677160644532,False,CALL,2027-03-19,NVDA
NVDA270319C00230000,230.0,20.43,21.35,21.7,175.0,8114.0,0.45285581329345703,False,CALL,2027-03-19,NVDA
NVDA270319C00235000,235.0,19.03,19.7,20.3,91.0,3305.0,0.4549309878540039,False,CALL,2027-03-19,NVDA
NVDA270319C00240000,240.0,17.6,18.15,18.6,149.0,7121.0,0.45099425964355466,False,CALL,2027-03-19,NVDA
NVDA270319C00245000,245.0,17.1,16.8,17.3,11.0,3000.0,0.45166563964843753,False,CALL,2027-03-19,NVDA
NVDA270319C00250000,250.0,14.9,15.6,16.05,193.0,23522.0,0.451726674194336,False,CALL,2027-03-19,NVDA
NVDA270319C00255000,255.0,13.8,14.05,14.65,14.0,1227.0,0.44803408416748036,False,CALL,2027-03-19,NVDA
NVDA270319C00260000,260.0,12.8,12.85,13.65,67.0,18835.0,0.44940736145019533,False,CALL,2027-03-19,NVDA
NVDA270319C00265000,265.0,11.45,12.05,12.55,8.0,2126.0,0.44791201507568357,False,CALL,2027-03-19,NVDA
NVDA270319P00145000,145.0,5.9,0.0,0.0,10.0,11981.0,0.062509375,False,PUT,2027-03-19,NVDA
NVDA270319P00150000,150.0,7.2,0.0,0.0,111.0,25345.0,0.062509375,False,PUT,2027-03-19,NVDA
NVDA270319P00155000,155.0,8.25,0.0,0.0,12.0,5551.0,0.062509375,False,PUT,2027-03-19,NVDA
NVDA270319P00160000,160.0,9.6,0.0,0.0,598.0,20040.0,0.062509375,False,PUT,2027-03-19,NVDA
NVDA270319P00165000,165.0,10.93,10.05,10.4,171.0,8397.0,0.4363154513549804,False,PUT,2027-03-19,NVDA
NVDA270319P00170000,170.0,11.91,11.5,11.85,165.0,12704.0,0.4315242395019532,False,PUT,2027-03-19,NVDA
NVDA270319P00175000,175.0,13.52,13.15,13.45,2.0,6346.0,0.4271602694702149,False,PUT,2027-03-19,NVDA
NVDA270319P00180000,180.0,16.0,14.95,15.3,83.0,16949.0,0.4249019912719727,False,PUT,2027-03-19,NVDA
NVDA270319P00185000,185.0,17.81,16.65,17.05,44.0,10232.0,0.4185238812255859,False,PUT,2027-03-19,NVDA
NVDA270319P00190000,190.0,20.0,18.85,19.35,27.0,8150.0,0.41901215759277344,False,PUT,2027-03-19,NVDA
NVDA270319P00195000,195.0,22.3,20.95,21.65,35.0,4977.0,0.4170895693969726,False,PUT,2027-03-19,NVDA
NVDA270319P00200000,200.0,24.8,23.4,23.8,227.0,11369.0,0.41061990753173827,False,PUT,2027-03-19,NVDA
NVDA270319P00205000,205.0,27.4,0.0,0.0,189.0,3317.0,0.0039162109375,False,PUT,2027-03-19,NVDA
NVDA270319P00210000,210.0,30.05,28.5,28.95,82.0,10071.0,0.4044554183959961,True,PUT,2027-03-19,NVDA
NVDA270319P00215000,215.0,33.05,31.15,31.9,27.0,3165.0,0.403875590209961,True,PUT,2027-03-19,NVDA
NVDA270319P00220000,220.0,34.84,34.05,34.75,2.0,4840.0,0.3998167929077149,True,PUT,2027-03-19,NVDA
NVDA270319P00225000,225.0,34.81,36.9,37.75,3.0,1473.0,0.3960326510620118,True,PUT,2027-03-19,NVDA
NVDA270319P00230000,230.0,41.9,39.95,40.55,13.0,7468.0,0.3872741937255859,True,PUT,2027-03-19,NVDA
NVDA270319P00235000,235.0,47.67,43.6,44.25,40.0,1390.0,0.390203851928711,True,PUT,2027-03-19,NVDA
NVDA270319P00240000,240.0,49.26,46.1,48.3,41.0,597.0,0.39691765197753903,True,PUT,2027-03-19,NVDA
NVDA270319P00245000,245.0,48.17,49.35,51.95,36.0,445.0,0.39588006469726567,True,PUT,2027-03-19,NVDA
NVDA270319P00250000,250.0,53.59,0.0,0.0,10.0,553.0,1.0000000000000003e-05,True,PUT,2027-03-19,NVDA
NVDA270319P00255000,255.0,65.4,0.0,0.0,111.0,459.0,1.0000000000000003e-05,True,PUT,2027-03-19,NVDA
NVDA270319P00260000,260.0,60.52,60.6,63.3,100.0,741.0,0.38934936828613287,True,PUT,2027-03-19,NVDA
NVDA270319P00265000,265.0,66.65,0.0,0.0,30.0,668.0,1.0000000000000003e-05,True,PUT,2027-03-19,NVDA
NVDA270617C00145000,145.0,72.5,73.3,74.35,11.0,943.0,0.5253343365478516,True,CALL,2027-06-17,NVDA
NVDA270617C00150000,150.0,68.5,69.9,71.55,8.0,9849.0,0.529423651123047,True,CALL,2027-06-17,NVDA
NVDA270617C00155000,155.0,66.58,0.0,0.0,19.0,3673.0,1.0000000000000003e-05,True,CALL,2027-06-17,NVDA
NVDA270617C00160000,160.0,61.97,62.55,63.7,413.0,6516.0,0.5063831100463867,True,CALL,2027-06-17,NVDA
NVDA270617C00165000,165.0,57.97,58.95,60.6,4.0,2864.0,0.5007374145507812,True,CALL,2027-06-17,NVDA
NVDA270617C00170000,170.0,56.8,56.2,57.15,1.0,7398.0,0.5050403500366211,True,CALL,2027-06-17,NVDA
NVDA270617C00175000,175.0,52.08,53.05,53.8,9.0,7248.0,0.4962513754272462,True,CALL,2027-06-17,NVDA
NVDA270617C00180000,180.0,49.1,50.75,51.3,110.0,11833.0,0.49872327453613285,True,CALL,2027-06-17,NVDA
NVDA270617C00185000,185.0,46.3,47.55,48.15,34.0,5034.0,0.49017843811035167,True,CALL,2027-06-17,NVDA
NVDA270617C00190000,190.0,43.52,44.6,45.2,57.0,12885.0,0.48328153442382815,True,CALL,2027-06-17,NVDA
NVDA270617C00195000,195.0,41.35,42.05,42.65,111.0,5923.0,0.48056549713134766,True,CALL,2027-06-17,NVDA
NVDA270617C00200000,200.0,38.9,39.5,40.0,598.0,22961.0,0.4751334225463867,True,CALL,2027-06-17,NVDA
NVDA270617C00205000,205.0,37.9,37.2,37.65,4.0,22585.0,0.47241738525390625,True,CALL,2027-06-17,NVDA
NVDA270617C00210000,210.0,34.29,34.95,35.4,115.0,9527.0,0.4697013479614258,False,CALL,2027-06-17,NVDA
NVDA270617C00215000,215.0,32.21,32.8,33.3,45.0,6508.0,0.46762617340087886,False,CALL,2027-06-17,NVDA
NVDA270617C00220000,220.0,29.95,30.85,31.45,290.0,9321.0,0.4675193629455566,False,CALL,2027-06-17,NVDA
NVDA270617C00225000,225.0,28.02,28.9,29.35,54.0,4446.0,0.4630180651855469,False,CALL,2027-06-17,NVDA
NVDA270617C00230000,230.0,26.58,27.2,27.65,132.0,7718.0,0.46246875427246104,False,CALL,2027-06-17,NVDA
NVDA270617C00235000,235.0,24.65,25.1,26.0,27.0,2940.0,0.46140064971923833,False,CALL,2027-06-17,NVDA
NVDA270617C00240000,240.0,24.29,24.15,24.65,4.0,7032.0,0.46310961700439457,False,CALL,2027-06-17,NVDA
NVDA270617C00245000,245.0,23.0,22.3,22.9,7.0,3432.0,0.45862357788085945,False,CALL,2027-06-17,NVDA
NVDA270617C00250000,250.0,20.53,20.9,21.3,299.0,18160.0,0.45502253967285156,False,CALL,2027-06-17,NVDA
NVDA270617C00255000,255.0,19.42,0.0,0.0,15.0,2611.0,0.062509375,False,CALL,2027-06-17,NVDA
NVDA270617C00260000,260.0,17.58,18.5,19.05,30.0,17298.0,0.457311335144043,False,CALL,2027-06-17,NVDA
NVDA270617C00265000,265.0,17.15,17.0,17.75,1.0,2540.0,0.45477840148925786,False,CALL,2027-06-17,NVDA
NVDA270617P00145000,145.0,8.19,0.0,0.0,36.0,5051.0,0.062509375,False,PUT,2027-06-17,NVDA
NVDA270617P00150000,150.0,9.65,8.9,9.2,73.0,36875.0,0.43683424499511714,False,PUT,2027-06-17,NVDA
NVDA270617P00155000,155.0,10.85,0.0,0.0,26.0,5028.0,0.062509375,False,PUT,2027-06-17,NVDA
NVDA270617P00160000,160.0,12.25,11.55,11.85,57.0,13022.0,0.42792320129394534,False,PUT,2027-06-17,NVDA
NVDA270617P00165000,165.0,12.95,13.05,13.4,1.0,7449.0,0.4245357839965821,False,PUT,2027-06-17,NVDA
NVDA270617P00170000,170.0,15.57,0.0,0.0,99.0,14491.0,0.0312596875,False,PUT,2027-06-17,NVDA
NVDA270617P00175000,175.0,17.5,16.4,16.85,358.0,6960.0,0.41769991485595703,False,PUT,2027-06-17,NVDA
NVDA270617P00180000,180.0,19.27,18.3,18.75,31.0,25303.0,0.4142209457397461,False,PUT,2027-06-17,NVDA
NVDA270617P00185000,185.0,21.82,20.3,20.75,854.0,7707.0,0.41046732116699214,False,PUT,2027-06-17,NVDA
NVDA270617P00190000,190.0,22.62,22.55,22.9,10.0,11660.0,0.4071104211425781,False,PUT,2027-06-17,NVDA
NVDA270617P00195000,195.0,26.2,24.7,25.15,1014.0,7358.0,0.40347886566162117,False,PUT,2027-06-17,NVDA
NVDA270617P00200000,200.0,28.4,27.0,27.4,32.0,15015.0,0.39822989471435544,False,PUT,2027-06-17,NVDA
NVDA270617P00205000,205.0,31.15,29.6,30.1,34.0,6176.0,0.3973448937988281,False,PUT,2027-06-17,NVDA
NVDA270617P00210000,210.0,33.83,32.25,32.8,54.0,9843.0,0.3948729946899414,True,PUT,2027-06-17,NVDA
NVDA270617P00215000,215.0,36.4,34.85,35.55,33.0,2172.0,0.3915160946655273,True,PUT,2027-06-17,NVDA
NVDA270617P00220000,220.0,39.98,37.65,38.35,40.0,2726.0,0.38730471099853514,True,PUT,2027-06-17,NVDA
NVDA270617P00225000,225.0,42.4,40.8,41.55,19.0,2809.0,0.38674014144897456,True,PUT,2027-06-17,NVDA
NVDA270617P00230000,230.0,45.75,43.85,44.7,8.0,3118.0,0.38413091461181637,True,PUT,2027-06-17,NVDA
NVDA270617P00235000,235.0,49.1,47.15,47.9,4.0,909.0,0.3807434973144531,True,PUT,2027-06-17,NVDA
NVDA270617P00240000,240.0,52.71,50.35,51.15,2.0,2431.0,0.37663892410278316,True,PUT,2027-06-17,NVDA
NVDA270617P00245000,245.0,51.15,54.0,54.8,38.0,521.0,0.3764405618286133,True,PUT,2027-06-17,NVDA
NVDA270617P00250000,250.0,57.57,0.0,0.0,1.0,2121.0,1.0000000000000003e-05,True,PUT,2027-06-17,NVDA
NVDA270617P00255000,255.0,58.06,59.8,62.9,64.0,160.0,0.38327643096923825,True,PUT,2027-06-17,NVDA
NVDA270617P00260000,260.0,66.0,63.45,66.7,7.0,1358.0,0.3816895327758788,True,PUT,2027-06-17,NVDA
NVDA270617P00265000,265.0,68.2,0.0,0.0,26.0,404.0,1.0000000000000003e-05,True,PUT,2027-06-17,NVDA
NVDA270917C00145000,145.0,79.65,76.25,79.55,1.0,273.0,0.5354355538940431,True,CALL,2027-09-17,NVDA
NVDA270917C00150000,150.0,71.1,72.45,75.9,9.0,1083.0,0.5250901983642577,True,CALL,2027-09-17,NVDA
NVDA270917C00155000,155.0,69.0,68.5,72.45,1.0,493.0,0.5143176010131835,True,CALL,2027-09-17,NVDA
NVDA270917C00160000,160.0,65.0,64.05,70.55,8.0,1175.0,0.5105639764404297,True,CALL,2027-09-17,NVDA
NVDA270917C00165000,165.0,62.0,62.75,65.6,6.0,340.0,0.5062610409545899,True,CALL,2027-09-17,NVDA
NVDA270917C00170000,170.0,59.35,60.2,62.4,7.0,699.0,0.504185866394043,True,CALL,2027-09-17,NVDA
NVDA270917C00175000,175.0,56.59,0.0,0.0,3.0,667.0,1.0000000000000003e-05,True,CALL,2027-09-17,NVDA
NVDA270917C00180000,180.0,53.75,54.45,56.35,21.0,809.0,0.5066272482299804,True,CALL,2027-09-17,NVDA
NVDA270917C00185000,185.0,52.85,51.6,53.65,3.0,918.0,0.5029956927490236,True,CALL,2027-09-17,NVDA
NVDA270917C00190000,190.0,48.2,49.1,51.05,7.0,1383.0,0.49953198226928713,True,CALL,2027-09-17,NVDA
NVDA270917C00195000,195.0,46.06,37.3,57.45,18.0,1061.0,0.6044045907592775,True,CALL,2027-09-17,NVDA
NVDA270917C00200000,200.0,43.76,44.3,46.05,90.0,2822.0,0.4919789572143555,True,CALL,2027-09-17,NVDA
NVDA270917C00205000,205.0,41.57,42.2,43.85,62.0,1966.0,0.4902547312927247,True,CALL,2027-09-17,NVDA
NVDA270917C00210000,210.0,39.04,39.7,41.65,155.0,2967.0,0.4875539526367188,False,CALL,2027-09-17,NVDA
NVDA270917C00215000,215.0,36.38,37.95,38.8,29.0,826.0,0.47649144119262693,False,CALL,2027-09-17,NVDA
NVDA270917C00220000,220.0,34.55,35.7,37.55,124.0,3921.0,0.48279325805664064,False,CALL,2027-09-17,NVDA
NVDA270917C00225000,225.0,33.29,34.25,35.1,6.0,4623.0,0.4745688529968262,False,CALL,2027-09-17,NVDA
NVDA270917C00230000,230.0,31.71,32.05,33.8,15.0,1628.0,0.4784598052978516,False,CALL,2027-09-17,NVDA
NVDA270917C00235000,235.0,29.67,30.35,32.1,15.0,609.0,0.47697971755981444,False,CALL,2027-09-17,NVDA
NVDA270917C00240000,240.0,28.63,28.75,30.45,24.0,2846.0,0.4752554916381836,False,CALL,2027-09-17,NVDA
NVDA270917C00245000,245.0,27.14,26.35,29.25,5.0,746.0,0.47781894256591795,False,CALL,2027-09-17,NVDA
NVDA270917C00250000,250.0,25.7,0.0,0.0,17.0,3168.0,0.0312596875,False,CALL,2027-09-17,NVDA
NVDA270917C00255000,255.0,24.35,0.0,0.0,4.0,901.0,0.0312596875,False,CALL,2027-09-17,NVDA
NVDA270917C00260000,260.0,22.61,22.95,24.7,24.0,1419.0,0.47031169342041024,False,CALL,2027-09-17,NVDA
NVDA270917C00265000,265.0,22.05,21.65,23.45,1.0,1160.0,0.4694266925048829,False,CALL,2027-09-17,NVDA
NVDA270917P00145000,145.0,10.55,9.25,10.55,1.0,1661.0,0.43814648773193365,False,PUT,2027-09-17,NVDA
NVDA270917P00150000,150.0,11.76,0.0,0.0,5.0,4258.0,0.062509375,False,PUT,2027-09-17,NVDA
NVDA270917P00155000,155.0,12.0,0.0,0.0,3.0,1945.0,0.062509375,False,PUT,2027-09-17,NVDA
NVDA270917P00160000,160.0,14.84,0.0,0.0,2.0,1798.0,0.062509375,False,PUT,2027-09-17,NVDA
NVDA270917P00165000,165.0,15.55,0.0,0.0,3.0,1437.0,0.0312596875,False,PUT,2027-09-17,NVDA
NVDA270917P00170000,170.0,17.6,0.0,0.0,3.0,2676.0,0.0312596875,False,PUT,2027-09-17,NVDA
NVDA270917P00175000,175.0,19.93,0.0,0.0,209.0,2055.0,0.0312596875,False,PUT,2027-09-17,NVDA
NVDA270917P00180000,180.0,22.15,0.0,0.0,1.0,6046.0,0.0312596875,False,PUT,2027-09-17,NVDA
NVDA270917P00185000,185.0,24.5,0.0,0.0,1.0,2506.0,0.0312596875,False,PUT,2027-09-17,NVDA
NVDA270917P00190000,190.0,25.6,0.0,0.0,12.0,1501.0,0.015634843750000002,False,PUT,2027-09-17,NVDA
NVDA270917P00195000,195.0,29.2,0.0,0.0,2.0,929.0,0.015634843750000002,False,PUT,2027-09-17,NVDA
NVDA270917P00200000,200.0,30.9,0.0,0.0,6.0,3559.0,0.007822421875,False,PUT,2027-09-17,NVDA
NVDA270917P00205000,205.0,33.85,0.0,0.0,12.0,1088.0,0.00196310546875,False,PUT,2027-09-17,NVDA
NVDA270917P00210000,210.0,37.14,0.0,0.0,9.0,1481.0,1.0000000000000003e-05,True,PUT,2027-09-17,NVDA
NVDA270917P00215000,215.0,37.25,0.0,0.0,1.0,1237.0,1.0000000000000003e-05,True,PUT,2027-09-17,NVDA
NVDA270917P00220000,220.0,40.75,0.0,0.0,25.0,604.0,1.0000000000000003e-05,True,PUT,2027-09-17,NVDA
NVDA270917P00225000,225.0,45.0,0.0,0.0,1.0,540.0,1.0000000000000003e-05,True,PUT,2027-09-17,NVDA
NVDA270917P00230000,230.0,49.0,0.0,0.0,13.0,495.0,1.0000000000000003e-05,True,PUT,2027-09-17,NVDA
NVDA270917P00235000,235.0,49.19,49.85,51.35,128.0,236.0,0.37622694091796877,True,PUT,2027-09-17,NVDA
NVDA270917P00240000,240.0,51.66,0.0,0.0,300.0,463.0,1.0000000000000003e-05,True,PUT,2027-09-17,NVDA
NVDA270917P00245000,245.0,58.7,0.0,0.0,50.0,324.0,1.0000000000000003e-05,True,PUT,2027-09-17,NVDA
NVDA270917P00250000,250.0,62.66,0.0,0.0,55.0,1421.0,1.0000000000000003e-05,True,PUT,2027-09-17,NVDA
NVDA270917P00255000,255.0,61.15,63.2,66.4,6.0,82.0,0.3810791873168945,True,PUT,2027-09-17,NVDA
NVDA270917P00260000,260.0,75.05,0.0,0.0,10.0,62.0,1.0000000000000003e-05,True,PUT,2027-09-17,NVDA
NVDA270917P00265000,265.0,68.3,69.5,74.65,3.0,44.0,0.3869079864501953,True,PUT,2027-09-17,NVDA
NVDA271217C00145000,145.0,83.6,79.75,81.9,8.0,4947.0,0.5302171002197267,True,CALL,2027-12-17,NVDA
NVDA271217C00150000,150.0,75.43,76.05,78.45,13.0,12954.0,0.5210619183349607,True,CALL,2027-12-17,NVDA
NVDA271217C00155000,155.0,74.26,73.4,75.35,2.0,9429.0,0.5208482974243164,True,CALL,2027-12-17,NVDA
NVDA271217C00160000,160.0,69.07,70.3,72.3,9.0,4660.0,0.5166674310302735,True,CALL,2027-12-17,NVDA
NVDA271217C00165000,165.0,67.9,0.0,0.0,1.0,2079.0,1.0000000000000003e-05,True,CALL,2027-12-17,NVDA
NVDA271217C00170000,170.0,64.65,64.5,65.6,7.0,4311.0,0.5041553491210937,True,CALL,2027-12-17,NVDA
NVDA271217C00175000,175.0,62.05,61.65,62.9,15.0,6029.0,0.5008900009155274,True,CALL,2027-12-17,NVDA
NVDA271217C00180000,180.0,57.9,59.05,60.0,9.0,7437.0,0.5025684509277344,True,CALL,2027-12-17,NVDA
NVDA271217C00185000,185.0,55.27,56.7,57.65,5.0,5023.0,0.5022327609252931,True,CALL,2027-12-17,NVDA
NVDA271217C00190000,190.0,54.85,54.1,55.45,3.0,6971.0,0.5025989682006836,True,CALL,2027-12-17,NVDA
NVDA271217C00195000,195.0,47.48,51.6,52.6,5.0,4768.0,0.49481706359863287,True,CALL,2027-12-17,NVDA
NVDA271217C00200000,200.0,47.15,49.2,50.15,55.0,36460.0,0.4907277490234375,True,CALL,2027-12-17,NVDA
NVDA271217C00205000,205.0,46.93,47.05,48.55,113.0,747.0,0.4949696499633789,True,CALL,2027-12-17,NVDA
NVDA271217C00210000,210.0,44.1,44.8,45.75,88.0,23663.0,0.4855703298950196,False,CALL,2027-12-17,NVDA
NVDA271217C00215000,215.0,43.17,42.75,43.7,7.0,7919.0,0.48340360351562506,False,CALL,2027-12-17,NVDA
NVDA271217C00220000,220.0,40.1,40.65,41.65,32.0,9193.0,0.4804739453125,False,CALL,2027-12-17,NVDA
NVDA271217C00225000,225.0,39.25,38.85,40.45,27.0,2162.0,0.48560084716796875,False,CALL,2027-12-17,NVDA
NVDA271217C00230000,230.0,36.55,37.25,38.1,72.0,17205.0,0.478169891204834,False,CALL,2027-12-17,NVDA
NVDA271217C00235000,235.0,36.5,0.0,0.0,4.0,549.0,0.0312596875,False,CALL,2027-12-17,NVDA
NVDA271217C00240000,240.0,34.0,33.35,34.65,12.0,6477.0,0.47412635253906255,False,CALL,2027-12-17,NVDA
NVDA271217C00245000,245.0,32.36,0.0,0.0,6.0,278.0,0.0312596875,False,CALL,2027-12-17,NVDA
NVDA271217C00250000,250.0,31.9,30.9,31.65,21.0,7326.0,0.47211221252441404,False,CALL,2027-12-17,NVDA
NVDA271217C00255000,255.0,29.47,0.0,0.0,15.0,1448.0,0.0312596875,False,CALL,2027-12-17,NVDA
NVDA271217C00260000,260.0,29.0,27.8,29.15,33.0,3279.0,0.4727835925292969,False,CALL,2027-12-17,NVDA
NVDA271217C00265000,265.0,26.65,26.35,28.1,10.0,939.0,0.474339973449707,False,CALL,2027-12-17,NVDA
NVDA271217P00145000,145.0,11.49,0.0,0.0,9.0,1865.0,0.062509375,False,PUT,2027-12-17,NVDA
NVDA271217P00150000,150.0,13.95,0.0,0.0,20.0,15135.0,0.062509375,False,PUT,2027-12-17,NVDA
NVDA271217P00155000,155.0,15.2,0.0,0.0,1.0,4394.0,0.062509375,False,PUT,2027-12-17,NVDA
NVDA271217P00160000,160.0,17.15,0.0,0.0,8.0,5129.0,0.062509375,False,PUT,2027-12-17,NVDA
NVDA271217P00165000,165.0,19.15,0.0,0.0,1.0,3976.0,0.0312596875,False,PUT,2027-12-17,NVDA
NVDA271217P00170000,170.0,20.9,0.0,0.0,149.0,8138.0,0.0312596875,False,PUT,2027-12-17,NVDA
NVDA271217P00175000,175.0,22.35,0.0,0.0,6.0,2955.0,0.0312596875,False,PUT,2027-12-17,NVDA
NVDA271217P00180000,180.0,25.05,0.0,0.0,89.0,3698.0,0.0312596875,False,PUT,2027-12-17,NVDA
NVDA271217P00185000,185.0,27.19,0.0,0.0,6.0,2908.0,0.015634843750000002,False,PUT,2027-12-17,NVDA
NVDA271217P00190000,190.0,29.08,0.0,0.0,12.0,3015.0,0.015634843750000002,False,PUT,2027-12-17,NVDA
NVDA271217P00195000,195.0,29.01,0.0,0.0,1.0,952.0,0.015634843750000002,False,PUT,2027-12-17,NVDA
NVDA271217P00200000,200.0,33.82,0.0,0.0,4.0,6757.0,0.007822421875,False,PUT,2027-12-17,NVDA
NVDA271217P00205000,205.0,36.51,0.0,0.0,16.0,1326.0,0.00196310546875,False,PUT,2027-12-17,NVDA
NVDA271217P00210000,210.0,40.35,0.0,0.0,2.0,3018.0,1.0000000000000003e-05,True,PUT,2027-12-17,NVDA
NVDA271217P00215000,215.0,41.9,0.0,0.0,6.0,1009.0,1.0000000000000003e-05,True,PUT,2027-12-17,NVDA
NVDA271217P00220000,220.0,45.05,0.0,0.0,50.0,3519.0,1.0000000000000003e-05,True,PUT,2027-12-17,NVDA
NVDA271217P00225000,225.0,50.2,46.5,47.95,1.0,1126.0,0.37602857864379885,True,PUT,2027-12-17,NVDA
NVDA271217P00230000,230.0,49.83,0.0,0.0,3.0,1277.0,1.0000000000000003e-05,True,PUT,2027-12-17,NVDA
NVDA271217P00235000,235.0,50.74,0.0,0.0,107.0,270.0,1.0000000000000003e-05,True,PUT,2027-12-17,NVDA
NVDA271217P00240000,240.0,56.4,56.05,57.65,10.0,5982.0,0.36997089996337884,True,PUT,2027-12-17,NVDA
NVDA271217P00245000,245.0,57.51,59.25,60.8,83.0,238.0,0.36534753311157225,True,PUT,2027-12-17,NVDA
NVDA271217P00250000,250.0,61.6,0.0,0.0,20.0,1651.0,1.0000000000000003e-05,True,PUT,2027-12-17,NVDA
NVDA271217P00255000,255.0,73.75,0.0,0.0,4.0,857.0,1.0000000000000003e-05,True,PUT,2027-12-17,NVDA
NVDA271217P00260000,260.0,67.1,0.0,0.0,8.0,819.0,1.0000000000000003e-05,True,PUT,2027-12-17,NVDA
NVDA271217P00265000,265.0,71.6,0.0,0.0,5.0,18.0,1.0000000000000003e-05,True,PUT,2027-12-17,NVDA
NVDA280121C00145000,145.0,77.0,0.0,0.0,2.0,1528.0,1.0000000000000003e-05,True,CALL,2028-01-21,NVDA
NVDA280121C00150000,150.0,76.5,78.1,79.5,55.0,5976.0,0.5257005438232423,True,CALL,2028-01-21,NVDA
NVDA280121C00155000,155.0,72.8,0.0,0.0,3.0,939.0,1.0000000000000003e-05,True,CALL,2028-01-21,NVDA
NVDA280121C00160000,160.0,72.5,0.0,0.0,17.0,2123.0,1.0000000000000003e-05,True,CALL,2028-01-21,NVDA
NVDA280121C00165000,165.0,67.8,0.0,0.0,3.0,1208.0,1.0000000000000003e-05,True,CALL,2028-01-21,NVDA
NVDA280121C00170000,170.0,67.0,65.8,67.45,56.0,3772.0,0.506764575958252,True,CALL,2028-01-21,NVDA
NVDA280121C00175000,175.0,64.0,63.15,64.05,1.0,7968.0,0.5001728450012208,True,CALL,2028-01-21,NVDA
NVDA280121C00180000,180.0,59.75,60.4,61.4,31.0,13276.0,0.5022480195617678,True,CALL,2028-01-21,NVDA
NVDA280121C00185000,185.0,57.6,57.9,58.7,36.0,9281.0,0.49768568725585943,True,CALL,2028-01-21,NVDA
NVDA280121C00190000,190.0,55.99,55.9,56.85,244.0,8347.0,0.5016071568298339,True,CALL,2028-01-21,NVDA
NVDA280121C00195000,195.0,52.0,53.35,54.35,15.0,6769.0,0.49753310089111336,True,CALL,2028-01-21,NVDA
NVDA280121C00200000,200.0,49.95,50.75,51.5,604.0,27164.0,0.4890492990112305,True,CALL,2028-01-21,NVDA
NVDA280121C00205000,205.0,47.5,48.35,49.65,46.0,840.0,0.4903615417480469,True,CALL,2028-01-21,NVDA
NVDA280121C00210000,210.0,47.05,46.5,47.25,2.0,10296.0,0.4852193812561035,False,CALL,2028-01-21,NVDA
NVDA280121C00215000,215.0,43.65,0.0,0.0,17.0,1184.0,0.007822421875,False,CALL,2028-01-21,NVDA
NVDA280121C00220000,220.0,42.68,42.7,43.45,17.0,8727.0,0.48303739624023445,False,CALL,2028-01-21,NVDA
NVDA280121C00225000,225.0,39.69,40.8,41.65,41.0,4050.0,0.4818929985046387,False,CALL,2028-01-21,NVDA
NVDA280121C00230000,230.0,38.05,38.75,39.45,32.0,13100.0,0.4761252339172363,False,CALL,2028-01-21,NVDA
NVDA280121C00235000,235.0,37.5,37.05,38.3,7.0,625.0,0.4801382553100586,False,CALL,2028-01-21,NVDA
NVDA280121C00240000,240.0,35.85,35.65,36.35,51.0,8982.0,0.47559118164062497,False,CALL,2028-01-21,NVDA
NVDA280121C00245000,245.0,34.8,0.0,0.0,27.0,2210.0,0.0312596875,False,CALL,2028-01-21,NVDA
NVDA280121C00250000,250.0,31.89,32.4,33.0,488.0,37012.0,0.47018962432861333,False,CALL,2028-01-21,NVDA
NVDA280121C00255000,255.0,31.09,0.0,0.0,32.0,423.0,0.0312596875,False,CALL,2028-01-21,NVDA
NVDA280121C00260000,260.0,29.0,29.5,30.25,57.0,8748.0,0.46845013977050787,False,CALL,2028-01-21,NVDA
NVDA280121C00265000,265.0,29.1,28.25,29.1,297.0,757.0,0.4689994506835938,False,CALL,2028-01-21,NVDA
NVDA280121P00145000,145.0,12.65,11.4,13.95,319.0,6183.0,0.43781079772949216,False,PUT,2028-01-21,NVDA
NVDA280121P00150000,150.0,14.37,0.0,0.0,85.0,23647.0,0.062509375,False,PUT,2028-01-21,NVDA
NVDA280121P00155000,155.0,16.1,0.0,0.0,239.0,4682.0,0.062509375,False,PUT,2028-01-21,NVDA
NVDA280121P00160000,160.0,18.0,0.0,0.0,38.0,4446.0,0.0312596875,False,PUT,2028-01-21,NVDA
NVDA280121P00165000,165.0,19.63,0.0,0.0,78.0,6509.0,0.0312596875,False,PUT,2028-01-21,NVDA
NVDA280121P00170000,170.0,21.75,0.0,0.0,114.0,3857.0,0.0312596875,False,PUT,2028-01-21,NVDA
NVDA280121P00175000,175.0,23.45,0.0,0.0,29.0,5884.0,0.0312596875,False,PUT,2028-01-21,NVDA
NVDA280121P00180000,180.0,25.64,0.0,0.0,58.0,12674.0,0.0312596875,False,PUT,2028-01-21,NVDA
NVDA280121P00185000,185.0,28.0,0.0,0.0,81.0,6389.0,0.015634843750000002,False,PUT,2028-01-21,NVDA
NVDA280121P00190000,190.0,30.0,29.0,29.75,101.0,12550.0,0.39014281738281253,False,PUT,2028-01-21,NVDA
NVDA280121P00195000,195.0,32.75,0.0,0.0,10.0,2909.0,0.007822421875,False,PUT,2028-01-21,NVDA
NVDA280121P00200000,200.0,34.79,33.85,34.65,19.0,23025.0,0.3843140182495117,False,PUT,2028-01-21,NVDA
NVDA280121P00205000,205.0,37.45,0.0,0.0,259.0,5612.0,0.00196310546875,False,PUT,2028-01-21,NVDA
NVDA280121P00210000,210.0,40.75,39.1,39.95,1518.0,5440.0,0.37868358139038083,True,PUT,2028-01-21,NVDA
NVDA280121P00215000,215.0,43.0,41.75,42.8,19.0,3497.0,0.3764710791015625,True,PUT,2028-01-21,NVDA
NVDA280121P00220000,220.0,46.05,0.0,0.0,21.0,4029.0,1.0000000000000003e-05,True,PUT,2028-01-21,NVDA
NVDA280121P00225000,225.0,45.6,0.0,0.0,20.0,1495.0,1.0000000000000003e-05,True,PUT,2028-01-21,NVDA
NVDA280121P00230000,230.0,51.6,50.7,51.75,4.0,6165.0,0.3683992604064942,True,PUT,2028-01-21,NVDA
NVDA280121P00235000,235.0,52.29,53.75,54.95,5.0,200.0,0.3661257235717773,True,PUT,2028-01-21,NVDA
NVDA280121P00240000,240.0,62.35,0.0,0.0,30.0,899.0,1.0000000000000003e-05,True,PUT,2028-01-21,NVDA
NVDA280121P00245000,245.0,65.55,60.3,61.55,20.0,270.0,0.3610751148986816,True,PUT,2028-01-21,NVDA
NVDA280121P00250000,250.0,66.16,0.0,0.0,2.0,1010.0,1.0000000000000003e-05,True,PUT,2028-01-21,NVDA
NVDA280121P00255000,255.0,74.75,0.0,0.0,43.0,356.0,1.0000000000000003e-05,True,PUT,2028-01-21,NVDA
NVDA280121P00260000,260.0,70.95,0.0,0.0,354.0,1764.0,1.0000000000000003e-05,True,PUT,2028-01-21,NVDA
NVDA280121P00265000,265.0,71.48,72.3,77.65,40.0,112.0,0.37134417724609375,True,PUT,2028-01-21,NVDA
NVDA280616C00145000,145.0,82.21,84.8,88.85,1.0,215.0,0.532109171142578,True,CALL,2028-06-16,NVDA
NVDA280616C00150000,150.0,80.95,81.8,85.85,4.0,494.0,0.5282639947509766,True,CALL,2028-06-16,NVDA
NVDA280616C00155000,155.0,81.13,78.65,82.8,1.0,253.0,0.5224351956176757,True,CALL,2028-06-16,NVDA
NVDA280616C00160000,160.0,76.75,75.8,79.9,5.0,317.0,0.5185289846801758,True,CALL,2028-06-16,NVDA
NVDA280616C00165000,165.0,78.35,73.1,76.95,180.0,361.0,0.5144701873779296,True,CALL,2028-06-16,NVDA
NVDA280616C00170000,170.0,69.45,70.45,73.5,8.0,350.0,0.5073138868713378,True,CALL,2028-06-16,NVDA
NVDA280616C00175000,175.0,69.85,69.15,71.1,1.0,346.0,0.5121813919067383,True,CALL,2028-06-16,NVDA
NVDA280616C00180000,180.0,65.25,65.45,69.5,7.0,425.0,0.5078479391479492,True,CALL,2028-06-16,NVDA
NVDA280616C00185000,185.0,65.1,63.5,66.5,28.0,447.0,0.5046588841247559,True,CALL,2028-06-16,NVDA
NVDA280616C00190000,190.0,60.55,62.0,64.15,9.0,498.0,0.5062457823181152,True,CALL,2028-06-16,NVDA
NVDA280616C00195000,195.0,60.49,58.55,61.85,2.0,410.0,0.5138293246459961,True,CALL,2028-06-16,NVDA
NVDA280616C00200000,200.0,58.4,56.8,59.5,28.0,1047.0,0.509816303253174,True,CALL,2028-06-16,NVDA
NVDA280616C00205000,205.0,56.65,54.2,57.0,8.0,609.0,0.5038806936645508,True,CALL,2028-06-16,NVDA
NVDA280616C00210000,210.0,52.0,52.35,55.4,74.0,1475.0,0.5058337991333007,False,CALL,2028-06-16,NVDA
NVDA280616C00215000,215.0,50.3,50.95,52.55,38.0,4342.0,0.4957173231506348,False,CALL,2028-06-16,NVDA
NVDA280616C00220000,220.0,48.63,48.95,51.45,66.0,3413.0,0.5010731045532227,False,CALL,2028-06-16,NVDA
NVDA280616C00225000,225.0,46.65,46.6,49.7,7.0,1523.0,0.4999897413635254,False,CALL,2028-06-16,NVDA
NVDA280616C00230000,230.0,46.45,44.8,47.9,20.0,2408.0,0.4979450840759278,False,CALL,2028-06-16,NVDA
NVDA280616C00235000,235.0,42.18,43.35,46.3,1.0,294.0,0.4972126695251466,False,CALL,2028-06-16,NVDA
NVDA280616C00240000,240.0,42.8,41.65,44.3,5.0,1559.0,0.492467233581543,False,CALL,2028-06-16,NVDA
NVDA280616C00245000,245.0,42.0,39.85,43.0,51.0,962.0,0.49347430358886724,False,CALL,2028-06-16,NVDA
NVDA280616C00250000,250.0,38.63,38.45,41.3,4.0,3227.0,0.49052938674926766,False,CALL,2028-06-16,NVDA
NVDA280616C00255000,255.0,39.13,36.85,40.05,2.0,1053.0,0.49110921493530274,False,CALL,2028-06-16,NVDA
NVDA280616C00260000,260.0,35.57,35.45,38.75,3.0,535.0,0.4908345594787598,False,CALL,2028-06-16,NVDA
NVDA280616C00265000,265.0,39.0,34.25,37.4,5.0,261.0,0.489735937652588,False,CALL,2028-06-16,NVDA
NVDA280616P00145000,145.0,14.55,14.2,16.2,1.0,766.0,0.4189968989562988,False,PUT,2028-06-16,NVDA
NVDA280616P00150000,150.0,17.55,16.15,17.45,2.0,4808.0,0.4105588729858398,False,PUT,2028-06-16,NVDA
NVDA280616P00155000,155.0,19.53,17.5,19.55,1.0,6554.0,0.41174904663085937,False,PUT,2028-06-16,NVDA
NVDA280616P00160000,160.0,20.9,19.55,21.15,4.0,5449.0,0.40582869567871094,False,PUT,2028-06-16,NVDA
NVDA280616P00165000,165.0,22.14,21.0,23.25,1.0,813.0,0.4046842979431152,False,PUT,2028-06-16,NVDA
NVDA280616P00170000,170.0,24.95,23.4,25.0,2.0,5212.0,0.39873342971801756,False,PUT,2028-06-16,NVDA
NVDA280616P00175000,175.0,28.05,25.0,27.35,1.0,731.0,0.3982909292602539,False,PUT,2028-06-16,NVDA
NVDA280616P00180000,180.0,28.3,27.15,29.55,7.0,2206.0,0.3953002365112305,False,PUT,2028-06-16,NVDA
NVDA280616P00185000,185.0,31.22,29.9,31.8,6.0,1306.0,0.3919891123962402,False,PUT,2028-06-16,NVDA
NVDA280616P00190000,190.0,32.81,31.75,34.2,4.0,2000.0,0.38930359237670903,False,PUT,2028-06-16,NVDA
NVDA280616P00195000,195.0,35.31,34.15,37.25,26.0,2592.0,0.39194333648681634,False,PUT,2028-06-16,NVDA
NVDA280616P00200000,200.0,39.5,36.7,39.7,19.0,3584.0,0.3880676428222656,False,PUT,2028-06-16,NVDA
NVDA280616P00205000,205.0,41.95,39.3,42.55,3.0,1075.0,0.3871368659973144,False,PUT,2028-06-16,NVDA
NVDA280616P00210000,210.0,44.75,42.0,44.6,3.0,923.0,0.3782258222961425,True,PUT,2028-06-16,NVDA
NVDA280616P00215000,215.0,43.97,44.8,47.35,96.0,530.0,0.37497573272705076,True,PUT,2028-06-16,NVDA
NVDA280616P00220000,220.0,49.75,47.85,49.95,23.0,6080.0,0.3696962445068359,True,PUT,2028-06-16,NVDA
NVDA280616P00225000,225.0,50.97,50.6,53.25,1.0,224.0,0.3699403826904296,True,PUT,2028-06-16,NVDA
NVDA280616P00230000,230.0,52.6,52.75,56.85,15.0,1508.0,0.37210710906982425,True,PUT,2028-06-16,NVDA
NVDA280616P00235000,235.0,64.2,56.6,59.7,2.0,2559.0,0.36701072448730465,True,PUT,2028-06-16,NVDA
NVDA280616P00240000,240.0,61.9,59.8,62.65,40.0,40.0,0.3621737367248535,True,PUT,2028-06-16,NVDA
NVDA280616P00245000,245.0,62.75,63.05,65.95,1.0,19.0,0.3597476135253906,True,PUT,2028-06-16,NVDA
NVDA280616P00250000,250.0,65.0,66.5,69.15,2.0,185.0,0.35582614395141593,True,PUT,2028-06-16,NVDA
NVDA280616P00255000,255.0,68.35,69.8,72.75,2.0,25.0,0.3548190739440917,True,PUT,2028-06-16,NVDA
NVDA280616P00260000,260.0,74.65,73.3,76.2,2.0,68.0,0.3518741571044921,True,PUT,2028-06-16,NVDA
NVDA280616P00265000,265.0,83.88,76.85,79.85,16.0,42.0,0.35014993118286125,True,PUT,2028-06-16,NVDA
NVDA281215C00145000,145.0,93.0,0.0,0.0,13.0,1322.0,1.0000000000000003e-05,True,CALL,2028-12-15,NVDA
NVDA281215C00150000,150.0,86.6,0.0,0.0,13.0,2763.0,1.0000000000000003e-05,True,CALL,2028-12-15,NVDA
NVDA281215C00155000,155.0,87.1,83.75,89.0,44.0,860.0,0.5241136456298827,True,CALL,2028-12-15,NVDA
NVDA281215C00160000,160.0,83.65,82.55,86.3,19.0,2817.0,0.5282334774780274,True,CALL,2028-12-15,NVDA
NVDA281215C00165000,165.0,79.95,79.5,83.25,27.0,1272.0,0.5205278660583494,True,CALL,2028-12-15,NVDA
NVDA281215C00170000,170.0,76.3,77.35,80.0,9.0,4135.0,0.5158587232971192,True,CALL,2028-12-15,NVDA
NVDA281215C00175000,175.0,73.98,74.95,77.05,22.0,2348.0,0.5109607009887696,True,CALL,2028-12-15,NVDA
NVDA281215C00180000,180.0,73.6,73.1,74.6,50.0,4820.0,0.510472424621582,True,CALL,2028-12-15,NVDA
NVDA281215C00185000,185.0,71.16,70.7,72.1,11.0,6263.0,0.5066577655029296,True,CALL,2028-12-15,NVDA
NVDA281215C00190000,190.0,67.4,68.2,69.6,10.0,5843.0,0.5019733641052246,True,CALL,2028-12-15,NVDA
NVDA281215C00195000,195.0,65.62,58.25,64.95,44.0,2226.0,0.48431912170410163,True,CALL,2028-12-15,NVDA
NVDA281215C00200000,200.0,63.13,64.1,65.3,360.0,25286.0,0.503407675933838,True,CALL,2028-12-15,NVDA
NVDA281215C00205000,205.0,61.45,0.0,0.0,50.0,3238.0,1.0000000000000003e-05,True,CALL,2028-12-15,NVDA
NVDA281215C00210000,210.0,59.45,60.15,61.3,67.0,6435.0,0.49940991317749023,False,CALL,2028-12-15,NVDA
NVDA281215C00215000,215.0,57.2,0.0,0.0,44.0,3324.0,0.007822421875,False,CALL,2028-12-15,NVDA
NVDA281215C00220000,220.0,55.59,56.2,57.5,25.0,7097.0,0.4953816331481934,False,CALL,2028-12-15,NVDA
NVDA281215C00225000,225.0,53.0,54.65,56.25,66.0,7483.0,0.4980366358947754,False,CALL,2028-12-15,NVDA
NVDA281215C00230000,230.0,52.3,52.95,54.45,118.0,4312.0,0.4958241336059571,False,CALL,2028-12-15,NVDA
NVDA281215C00235000,235.0,50.52,0.0,0.0,69.0,3027.0,0.015634843750000002,False,CALL,2028-12-15,NVDA
NVDA281215C00240000,240.0,48.71,49.65,50.7,157.0,4412.0,0.4891408508300782,False,CALL,2028-12-15,NVDA
NVDA281215C00245000,245.0,47.1,0.0,0.0,104.0,1713.0,0.0312596875,False,CALL,2028-12-15,NVDA
NVDA281215C00250000,250.0,46.1,46.4,47.65,344.0,16917.0,0.4866536930847168,False,CALL,2028-12-15,NVDA
NVDA281215C00255000,255.0,46.1,44.65,46.45,13.0,1313.0,0.48744714218139656,False,CALL,2028-12-15,NVDA
NVDA281215C00260000,260.0,44.01,0.0,0.0,79.0,3446.0,0.0312596875,False,CALL,2028-12-15,NVDA
NVDA281215C00265000,265.0,43.21,42.3,43.7,11.0,716.0,0.4853414503479004,False,CALL,2028-12-15,NVDA
NVDA281215P00145000,145.0,18.78,0.0,0.0,6.0,2744.0,0.062509375,False,PUT,2028-12-15,NVDA
NVDA281215P00150000,150.0,19.95,19.45,20.45,1.0,13428.0,0.39896230926513676,False,PUT,2028-12-15,NVDA
NVDA281215P00155000,155.0,21.38,0.0,0.0,1.0,1339.0,0.0312596875,False,PUT,2028-12-15,NVDA
NVDA281215P00160000,160.0,24.34,0.0,0.0,7.0,3489.0,0.0312596875,False,PUT,2028-12-15,NVDA
NVDA281215P00165000,165.0,26.01,0.0,0.0,3.0,4584.0,0.0312596875,False,PUT,2028-12-15,NVDA
NVDA281215P00170000,170.0,28.61,0.0,0.0,10.0,6690.0,0.0312596875,False,PUT,2028-12-15,NVDA
NVDA281215P00175000,175.0,30.39,0.0,0.0,6.0,3476.0,0.0312596875,False,PUT,2028-12-15,NVDA
NVDA281215P00180000,180.0,33.05,0.0,0.0,28.0,13653.0,0.015634843750000002,False,PUT,2028-12-15,NVDA
NVDA281215P00185000,185.0,35.4,0.0,0.0,130.0,6410.0,0.015634843750000002,False,PUT,2028-12-15,NVDA
NVDA281215P00190000,190.0,37.8,0.0,0.0,14.0,4451.0,0.015634843750000002,False,PUT,2028-12-15,NVDA
NVDA281215P00195000,195.0,40.65,0.0,0.0,6.0,4259.0,0.007822421875,False,PUT,2028-12-15,NVDA
NVDA281215P00200000,200.0,43.11,0.0,0.0,236.0,8495.0,0.0039162109375,False,PUT,2028-12-15,NVDA
NVDA281215P00205000,205.0,45.96,0.0,0.0,3.0,2656.0,0.00196310546875,False,PUT,2028-12-15,NVDA
NVDA281215P00210000,210.0,48.3,0.0,0.0,12.0,4957.0,1.0000000000000003e-05,True,PUT,2028-12-15,NVDA
NVDA281215P00215000,215.0,51.45,0.0,0.0,3.0,652.0,1.0000000000000003e-05,True,PUT,2028-12-15,NVDA
NVDA281215P00220000,220.0,52.88,51.7,54.85,3.0,2918.0,0.36804831176757813,True,PUT,2028-12-15,NVDA
NVDA281215P00225000,225.0,56.9,0.0,0.0,1.0,1068.0,1.0000000000000003e-05,True,PUT,2028-12-15,NVDA
NVDA281215P00230000,230.0,60.5,0.0,0.0,1.0,5529.0,1.0000000000000003e-05,True,PUT,2028-12-15,NVDA
NVDA281215P00235000,235.0,60.51,0.0,0.0,2.0,558.0,1.0000000000000003e-05,True,PUT,2028-12-15,NVDA
NVDA281215P00240000,240.0,65.91,0.0,0.0,41.0,1047.0,1.0000000000000003e-05,True,PUT,2028-12-15,NVDA
NVDA281215P00245000,245.0,67.8,0.0,0.0,1.0,1329.0,1.0000000000000003e-05,True,PUT,2028-12-15,NVDA
NVDA281215P00250000,250.0,72.65,0.0,0.0,3.0,1687.0,1.0000000000000003e-05,True,PUT,2028-12-15,NVDA
NVDA281215P00255000,255.0,74.6,0.0,0.0,26.0,384.0,1.0000000000000003e-05,True,PUT,2028-12-15,NVDA
NVDA281215P00260000,260.0,80.0,0.0,0.0,975.0,2188.0,1.0000000000000003e-05,True,PUT,2028-12-15,NVDA
NVDA281215P00265000,265.0,82.65,80.95,83.05,32.0,207.0,0.3376378492736816,True,PUT,2028-12-15,NVDA
MSFT260720C00300000,300.0,94.76,88.85,92.05,3.0,4.0,2.3222698193359372,True,CALL,2026-07-20,MSFT
MSFT260720C00310000,310.0,82.73,78.95,81.85,4.0,1.0,1.40625296875,True,CALL,2026-07-20,MSFT
MSFT260720C00315000,315.0,77.76,75.3,78.15,4.0,1.0,2.697268881835938,True,CALL,2026-07-20,MSFT
MSFT260720C00320000,320.0,73.91,68.95,71.85,9.0,10.0,1.21875390625,True,CALL,2026-07-20,MSFT
MSFT260720C00325000,325.0,61.3,63.95,66.85,2.0,2.0,1.125004375,True,CALL,2026-07-20,MSFT
MSFT260720C00327500,327.5,53.02,61.4,64.45,,3.0,1.4960962695312499,True,CALL,2026-07-20,MSFT
MSFT260720C00330000,330.0,56.32,60.3,63.15,2.0,4.0,2.227543493652343,True,CALL,2026-07-20,MSFT
MSFT260720C00332500,332.5,48.29,57.5,60.25,,1.0,1.982421962890625,True,CALL,2026-07-20,MSFT
MSFT260720C00335000,335.0,57.65,55.3,57.7,1.0,2.0,1.8857427587890623,True,CALL,2026-07-20,MSFT
MSFT260720C00337500,337.5,49.84,51.45,54.35,2.0,2.0,0.937500625,True,CALL,2026-07-20,MSFT
MSFT260720C00340000,340.0,52.3,48.7,51.95,1.0,4.0,1.2168007910156249,True,CALL,2026-07-20,MSFT
MSFT260720C00342500,342.5,61.91,47.8,50.65,38.0,19.0,1.8417976660156248,True,CALL,2026-07-20,MSFT
MSFT260720C00345000,345.0,50.19,43.7,47.0,6.0,22.0,1.171879140625,True,CALL,2026-07-20,MSFT
MSFT260720C00347500,347.5,45.45,41.25,44.55,1.0,13.0,1.162113564453125,True,CALL,2026-07-20,MSFT
MSFT260720C00350000,350.0,45.39,38.9,41.85,9.0,42.0,0.7187528125,True,CALL,2026-07-20,MSFT
MSFT260720C00352500,352.5,42.9,37.8,40.7,6.0,11.0,1.5488303808593749,True,CALL,2026-07-20,MSFT
MSFT260720C00355000,355.0,37.38,34.45,37.75,1.0,22.0,1.3271518017578123,True,CALL,2026-07-20,MSFT
MSFT260720C00357500,357.5,35.3,31.55,34.35,2.0,22.0,0.5937540625000001,True,CALL,2026-07-20,MSFT
MSFT260720C00360000,360.0,35.0,29.1,31.3,30.0,45.0,1.0000000000000003e-05,True,CALL,2026-07-20,MSFT
MSFT260720C00362500,362.5,30.5,27.8,30.65,1.0,38.0,1.2216835791015623,True,CALL,2026-07-20,MSFT
MSFT260720C00365000,365.0,28.35,23.95,27.0,1.0,36.0,0.7128934960937501,True,CALL,2026-07-20,MSFT
MSFT260720C00367500,367.5,25.78,22.1,25.2,,0.0,0.9433599414062499,True,CALL,2026-07-20,MSFT
MSFT260720C00370000,370.0,24.88,19.1,21.9,29.0,33.0,0.507817421875,True,CALL,2026-07-20,MSFT
MSFT260720C00372500,372.5,20.47,16.3,19.95,6.0,8.0,0.7226590234375,True,CALL,2026-07-20,MSFT
MSFT260720C00375000,375.0,20.14,14.15,16.2,18.0,45.0,1.0000000000000003e-05,True,CALL,2026-07-20,MSFT
MSFT260720C00377500,377.5,17.0,11.85,14.5,57.0,55.0,0.41992767578125,True,CALL,2026-07-20,MSFT
MSFT260720C00380000,380.0,10.9,10.45,12.5,3.0,84.0,0.5136767382812499,True,CALL,2026-07-20,MSFT
MSFT260720C00382500,382.5,10.97,7.65,9.6,13.0,45.0,0.33301448242187504,True,CALL,2026-07-20,MSFT
MSFT260720C00385000,385.0,10.25,5.55,6.5,255.0,319.0,1.0000000000000003e-05,True,CALL,2026-07-20,MSFT
MSFT260720C00387500,387.5,4.5,4.2,4.85,28.0,533.0,0.24024197265624997,True,CALL,2026-07-20,MSFT
MSFT260720C00390000,390.0,3.24,3.15,3.5,400.0,868.0,0.30249720947265624,True,CALL,2026-07-20,MSFT
MSFT260720C00392500,392.5,2.21,2.1,2.25,883.0,516.0,0.3129951513671875,False,CALL,2026-07-20,MSFT
MSFT260720C00395000,395.0,1.03,1.11,1.2,612.0,1760.0,0.299811689453125,False,CALL,2026-07-20,MSFT
MSFT260720C00397500,397.5,0.58,0.56,0.65,597.0,994.0,0.30762411132812495,False,CALL,2026-07-20,MSFT
MSFT260720C00400000,400.0,0.35,0.33,0.35,366.0,2742.0,0.3198310205078124,False,CALL,2026-07-20,MSFT
MSFT260720C00402500,402.5,0.17,0.17,0.18,664.0,1572.0,0.331061376953125,False,CALL,2026-07-20,MSFT
MSFT260720C00405000,405.0,0.09,0.09,0.12,114.0,1762.0,0.35938140625,False,CALL,2026-07-20,MSFT
MSFT260720C00407500,407.5,0.07,0.07,0.09,6.0,986.0,0.39258419921875,False,CALL,2026-07-20,MSFT
MSFT260720C00410000,410.0,0.04,0.03,0.06,77.0,1530.0,0.41602146484374997,False,CALL,2026-07-20,MSFT
MSFT260720C00412500,412.5,0.01,0.01,0.04,24.0,1000.0,0.437505625,False,CALL,2026-07-20,MSFT
MSFT260720C00415000,415.0,0.03,0.01,0.03,14.0,773.0,0.46484910156250003,False,CALL,2026-07-20,MSFT
MSFT260720C00417500,417.5,0.09,0.0,0.51,448.0,562.0,0.702151416015625,False,CALL,2026-07-20,MSFT
MSFT260720C00420000,420.0,0.07,0.0,0.05,1038.0,1217.0,0.5351608984375,False,CALL,2026-07-20,MSFT
MSFT260720C00422500,422.5,0.06,0.0,0.32,63.0,117.0,0.74414318359375,False,CALL,2026-07-20,MSFT
MSFT260720C00425000,425.0,0.05,0.0,1.25,426.0,784.0,1.0263720556640625,False,CALL,2026-07-20,MSFT
MSFT260720C00427500,427.5,0.01,0.0,0.23,2.0,289.0,0.79687703125,False,CALL,2026-07-20,MSFT
MSFT260720C00430000,430.0,0.04,0.0,0.04,95.0,2655.0,0.6796907031250001,False,CALL,2026-07-20,MSFT
MSFT260720C00432500,432.5,0.08,0.0,0.32,2.0,45.0,0.93164130859375,False,CALL,2026-07-20,MSFT
MSFT260720C00435000,435.0,0.01,0.0,0.01,240.0,298.0,0.6562534375000001,False,CALL,2026-07-20,MSFT
MSFT260720C00437500,437.5,0.07,0.0,0.0,2.0,43.0,0.500005,False,CALL,2026-07-20,MSFT
MSFT260720C00440000,440.0,0.03,0.0,0.32,136.0,208.0,1.0664109179687502,False,CALL,2026-07-20,MSFT
MSFT260720C00442500,442.5,0.01,0.0,0.32,20.0,32.0,1.109379453125,False,CALL,2026-07-20,MSFT
MSFT260720C00445000,445.0,0.04,0.0,0.0,25.0,108.0,0.500005,False,CALL,2026-07-20,MSFT
MSFT260720C00447500,447.5,0.01,0.0,0.32,5.0,18.0,1.1953165234375,False,CALL,2026-07-20,MSFT
MSFT260720C00450000,450.0,0.01,0.0,0.01,47.0,141.0,0.8437515624999999,False,CALL,2026-07-20,MSFT
MSFT260720C00452500,452.5,0.06,0.0,2.13,1.0,7.0,1.7905283911132814,False,CALL,2026-07-20,MSFT
MSFT260720C00455000,455.0,0.06,0.0,0.58,2.0,11.0,1.4453152734375,False,CALL,2026-07-20,MSFT
MSFT260720C00457500,457.5,0.09,0.0,2.13,1.0,7.0,1.89453177734375,False,CALL,2026-07-20,MSFT
MSFT260720C00460000,460.0,0.01,0.0,0.05,26.0,52.0,1.125004375,False,CALL,2026-07-20,MSFT
MSFT260720C00470000,470.0,0.05,0.0,1.02,1.0,12.0,1.865235048828125,False,CALL,2026-07-20,MSFT
MSFT260720C00475000,475.0,0.01,0.0,0.0,1400.0,1405.0,0.500005,False,CALL,2026-07-20,MSFT
MSFT260720C00480000,480.0,0.01,0.0,1.02,20.0,25.0,2.03906740234375,False,CALL,2026-07-20,MSFT
MSFT260720C00490000,490.0,0.01,0.0,0.0,2027.0,2034.0,0.500005,False,CALL,2026-07-20,MSFT
MSFT260720C00500000,500.0,0.01,0.0,1.02,21.0,56.0,2.3691447021484366,False,CALL,2026-07-20,MSFT
MSFT260720P00300000,300.0,0.01,0.0,0.0,17.0,123.0,0.500005,False,PUT,2026-07-20,MSFT
MSFT260720P00305000,305.0,0.04,0.0,0.0,58.0,24.0,0.500005,False,PUT,2026-07-20,MSFT
MSFT260720P00310000,310.0,0.14,0.0,1.0,2.0,5.0,2.376957182617187,False,PUT,2026-07-20,MSFT
MSFT260720P00315000,315.0,0.14,0.0,1.0,2.0,1.0,2.2382856542968748,False,PUT,2026-07-20,MSFT
MSFT260720P00320000,320.0,0.02,0.0,0.57,1.0,5.0,1.9160160449218753,False,PUT,2026-07-20,MSFT
MSFT260720P00332500,332.5,0.15,0.0,1.9,,2.0,2.0029346801757812,False,PUT,2026-07-20,MSFT
MSFT260720P00335000,335.0,0.24,0.0,0.52,1.0,8.0,1.5156274218749999,False,PUT,2026-07-20,MSFT
MSFT260720P00337500,337.5,0.19,0.0,0.32,1.0,8.0,1.3496126269531248,False,PUT,2026-07-20,MSFT
MSFT260720P00340000,340.0,0.24,0.0,0.0,3.0,10.0,0.500005,False,PUT,2026-07-20,MSFT
MSFT260720P00342500,342.5,0.03,0.0,0.32,1.0,9.0,1.2343788281249999,False,PUT,2026-07-20,MSFT
MSFT260720P00345000,345.0,0.01,0.0,0.0,29.0,88.0,0.500005,False,PUT,2026-07-20,MSFT
MSFT260720P00347500,347.5,0.01,0.0,0.0,47.0,305.0,0.500005,False,PUT,2026-07-20,MSFT
MSFT260720P00350000,350.0,0.09,0.0,0.02,311.0,1151.0,0.7656273437500001,False,PUT,2026-07-20,MSFT
MSFT260720P00352500,352.5,0.22,0.0,0.33,3.0,15.0,1.009770576171875,False,PUT,2026-07-20,MSFT
MSFT260720P00355000,355.0,0.02,0.0,0.34,7.0,205.0,0.95507857421875,False,PUT,2026-07-20,MSFT
MSFT260720P00357500,357.5,0.21,0.0,0.55,3.0,11.0,0.975586181640625,False,PUT,2026-07-20,MSFT
MSFT260720P00360000,360.0,0.03,0.0,0.18,108.0,248.0,0.7617211328125001,False,PUT,2026-07-20,MSFT
MSFT260720P00362500,362.5,0.03,0.0,0.5,34.0,165.0,0.8369156933593749,False,PUT,2026-07-20,MSFT
MSFT260720P00365000,365.0,0.05,0.01,0.24,187.0,322.0,0.6875031250000001,False,PUT,2026-07-20,MSFT
MSFT260720P00367500,367.5,0.07,0.02,0.11,296.0,449.0,0.5722699023437501,False,PUT,2026-07-20,MSFT
MSFT260720P00370000,370.0,0.06,0.02,0.04,20.0,212.0,0.48438015625,False,PUT,2026-07-20,MSFT
MSFT260720P00372500,372.5,0.13,0.09,0.13,440.0,356.0,0.507817421875,False,PUT,2026-07-20,MSFT
MSFT260720P00375000,375.0,0.17,0.01,0.1,13.0,499.0,0.44336494140625,False,PUT,2026-07-20,MSFT
MSFT260720P00377500,377.5,0.16,0.04,0.16,17.0,533.0,0.42188078125,False,PUT,2026-07-20,MSFT
MSFT260720P00380000,380.0,0.22,0.19,0.26,115.0,1071.0,0.401373173828125,False,PUT,2026-07-20,MSFT
MSFT260720P00382500,382.5,0.69,0.22,0.51,37.0,909.0,0.4023497265625,False,PUT,2026-07-20,MSFT
MSFT260720P00385000,385.0,0.69,0.6,0.7,235.0,660.0,0.362311064453125,False,PUT,2026-07-20,MSFT
MSFT260720P00387500,387.5,1.25,1.16,1.34,450.0,720.0,0.3723207299804688,False,PUT,2026-07-20,MSFT
MSFT260720P00390000,390.0,2.1,2.03,2.17,117.0,1049.0,0.3679262426757813,False,PUT,2026-07-20,MSFT
MSFT260720P00392500,392.5,2.99,2.99,3.3,48.0,2127.0,0.36157864990234373,True,PUT,2026-07-20,MSFT
MSFT260720P00395000,395.0,5.34,4.5,5.15,14.0,760.0,0.4062559375,True,PUT,2026-07-20,MSFT
MSFT260720P00397500,397.5,5.45,6.55,8.85,451.0,989.0,0.5210008837890624,True,PUT,2026-07-20,MSFT
MSFT260720P00400000,400.0,7.43,9.0,11.05,815.0,719.0,0.5935099243164064,True,PUT,2026-07-20,MSFT
MSFT260720P00402500,402.5,11.46,10.4,12.85,3.0,99.0,0.5288133056640626,True,PUT,2026-07-20,MSFT
MSFT260720P00405000,405.0,10.58,13.5,15.65,124.0,190.0,0.692385888671875,True,PUT,2026-07-20,MSFT
MSFT260720P00407500,407.5,12.91,15.25,18.7,32.0,11.0,0.7514673291015624,True,PUT,2026-07-20,MSFT
MSFT260720P00410000,410.0,15.22,18.65,21.05,31.0,34.0,0.9006357592773437,True,PUT,2026-07-20,MSFT
MSFT260720P00412500,412.5,17.62,20.35,23.5,6.0,4.0,0.8881847119140623,True,PUT,2026-07-20,MSFT
MSFT260720P00415000,415.0,20.19,23.75,26.35,7.0,14.0,1.0903365795898439,True,PUT,2026-07-20,MSFT
MSFT260720P00417500,417.5,22.58,26.25,28.8,1.0,2.0,1.158207333984375,True,PUT,2026-07-20,MSFT
MSFT260720P00420000,420.0,20.04,27.5,30.95,7.0,5.0,1.0424852563476565,True,PUT,2026-07-20,MSFT
MSFT260720P00425000,425.0,30.11,33.05,36.35,5.0,0.0,1.2919957275390623,True,PUT,2026-07-20,MSFT
MSFT260720P00430000,430.0,35.05,38.75,41.25,4.0,0.0,1.4941431542968748,True,PUT,2026-07-20,MSFT
MSFT260720P00437500,437.5,34.0,46.25,48.8,2.0,0.0,1.6904312353515625,True,PUT,2026-07-20,MSFT
MSFT260720P00440000,440.0,49.2,48.75,51.3,7.0,0.0,1.751954365234375,True,PUT,2026-07-20,MSFT
MSFT260720P00445000,445.0,54.7,53.05,56.45,1.0,0.0,1.7963877368164063,True,PUT,2026-07-20,MSFT
MSFT260720P00450000,450.0,55.67,57.25,60.1,1.0,0.0,1.501955615234375,True,PUT,2026-07-20,MSFT
MSFT260722C00300000,300.0,92.05,88.55,92.25,3.0,3.0,1.5332054589843749,True,CALL,2026-07-22,MSFT
MSFT260722C00310000,310.0,84.33,78.45,82.05,8.0,2.0,1.2626989990234374,True,CALL,2026-07-22,MSFT
MSFT260722C00315000,315.0,79.36,74.25,78.05,8.0,2.0,1.5546897265624997,True,CALL,2026-07-22,MSFT
MSFT260722C00320000,320.0,67.54,69.25,73.25,,1.0,1.51172119140625,True,CALL,2026-07-22,MSFT
MSFT260722C00325000,325.0,62.57,63.65,66.9,,1.0,0.937500625,True,CALL,2026-07-22,MSFT
MSFT260722C00330000,330.0,56.93,59.7,62.85,,2.0,1.236331943359375,True,CALL,2026-07-22,MSFT
MSFT260722C00335000,335.0,57.39,53.8,57.05,2.0,5.0,0.8945323046874999,True,CALL,2026-07-22,MSFT
MSFT260722C00337500,337.5,54.91,51.6,54.7,2.0,4.0,0.920899228515625,True,CALL,2026-07-22,MSFT
MSFT260722C00340000,340.0,54.07,48.95,52.1,8.0,8.0,0.8437515624999999,True,CALL,2026-07-22,MSFT
MSFT260722C00345000,345.0,49.55,44.15,47.65,7.0,7.0,0.93164130859375,True,CALL,2026-07-22,MSFT
MSFT260722C00347500,347.5,40.34,41.35,44.45,,1.0,0.6679720703125002,True,CALL,2026-07-22,MSFT
MSFT260722C00350000,350.0,44.6,39.2,42.1,10.0,13.0,0.6972686523437501,True,CALL,2026-07-22,MSFT
MSFT260722C00352500,352.5,35.45,36.7,40.2,2.0,2.0,0.8161639477539062,True,CALL,2026-07-22,MSFT
MSFT260722C00355000,355.0,39.1,33.9,37.4,2.0,3.0,0.7084990087890625,True,CALL,2026-07-22,MSFT
MSFT260722C00357500,357.5,36.66,31.45,34.75,2.0,1.0,0.6313513427734375,True,CALL,2026-07-22,MSFT
MSFT260722C00360000,360.0,35.34,29.05,32.25,2.0,6.0,0.5927775097656252,True,CALL,2026-07-22,MSFT
MSFT260722C00362500,362.5,32.92,26.55,29.95,2.0,1.0,0.5981485498046876,True,CALL,2026-07-22,MSFT
MSFT260722C00365000,365.0,25.94,24.55,27.9,9.0,15.0,0.6347692773437501,True,CALL,2026-07-22,MSFT
MSFT260722C00370000,370.0,30.55,19.95,22.95,1.0,4.0,0.5515181567382813,True,CALL,2026-07-22,MSFT
MSFT260722C00372500,372.5,23.07,17.7,21.0,1.0,3.0,0.5730023168945313,True,CALL,2026-07-22,MSFT
MSFT260722C00375000,375.0,20.66,15.5,17.55,2.0,21.0,0.40405869384765625,True,CALL,2026-07-22,MSFT
MSFT260722C00377500,377.5,29.0,14.5,16.0,11.0,20.0,0.47119669433593747,True,CALL,2026-07-22,MSFT
MSFT260722C00380000,380.0,17.34,12.7,13.65,6.0,26.0,0.4331111376953125,True,CALL,2026-07-22,MSFT
MSFT260722C00382500,382.5,15.2,10.95,11.7,42.0,29.0,0.42639733764648446,True,CALL,2026-07-22,MSFT
MSFT260722C00385000,385.0,12.77,9.3,10.1,28.0,183.0,0.437505625,True,CALL,2026-07-22,MSFT
MSFT260722C00387500,387.5,8.0,7.8,8.8,3.0,146.0,0.4580132324218751,True,CALL,2026-07-22,MSFT
MSFT260722C00390000,390.0,6.95,6.95,7.4,27.0,288.0,0.4588677160644532,True,CALL,2026-07-22,MSFT
MSFT260722C00392500,392.5,5.2,4.95,5.4,127.0,307.0,0.4066221447753906,False,CALL,2026-07-22,MSFT
MSFT260722C00395000,395.0,4.0,4.2,4.9,13.0,428.0,0.44946839599609373,False,CALL,2026-07-22,MSFT
MSFT260722C00397500,397.5,3.35,3.05,3.65,1.0,292.0,0.4272518212890626,False,CALL,2026-07-22,MSFT
MSFT260722C00400000,400.0,2.5,2.5,2.65,111.0,2098.0,0.41040628662109374,False,CALL,2026-07-22,MSFT
MSFT260722C00402500,402.5,1.76,1.93,2.08,7.0,983.0,0.4163876721191406,False,CALL,2026-07-22,MSFT
MSFT260722C00405000,405.0,1.5,1.47,1.64,32.0,1386.0,0.4243221630859375,False,CALL,2026-07-22,MSFT
MSFT260722C00407500,407.5,1.12,1.06,1.38,4.0,1556.0,0.442388388671875,False,CALL,2026-07-22,MSFT
MSFT260722C00410000,410.0,1.08,0.78,1.0,20.0,2015.0,0.4387263159179688,False,CALL,2026-07-22,MSFT
MSFT260722C00412500,412.5,1.35,0.4,1.04,198.0,202.0,0.48413601806640627,False,CALL,2026-07-22,MSFT
MSFT260722C00415000,415.0,0.53,0.51,0.71,133.0,551.0,0.4721732470703125,False,CALL,2026-07-22,MSFT
MSFT260722C00417500,417.5,0.41,0.38,0.65,40.0,301.0,0.49707534179687507,False,CALL,2026-07-22,MSFT
MSFT260722C00420000,420.0,0.65,0.1,0.73,282.0,303.0,0.5468795312500001,False,CALL,2026-07-22,MSFT
MSFT260722C00422500,422.5,0.54,0.01,0.75,313.0,199.0,0.5039112109375,False,CALL,2026-07-22,MSFT
MSFT260722C00425000,425.0,0.43,0.0,0.7,422.0,295.0,0.526371923828125,False,CALL,2026-07-22,MSFT
MSFT260722C00427500,427.5,0.35,0.0,0.22,114.0,121.0,0.5117236328125,False,CALL,2026-07-22,MSFT
MSFT260722C00430000,430.0,0.27,0.07,0.39,92.0,121.0,0.543949873046875,False,CALL,2026-07-22,MSFT
MSFT260722C00432500,432.5,0.23,0.01,0.75,47.0,101.0,0.6250037500000001,False,CALL,2026-07-22,MSFT
MSFT260722C00435000,435.0,0.19,0.03,0.58,370.0,202.0,0.6284216845703126,False,CALL,2026-07-22,MSFT
MSFT260722C00437500,437.5,0.13,0.01,0.1,1.0,61.0,0.5117236328125,False,CALL,2026-07-22,MSFT
MSFT260722C00440000,440.0,0.11,0.01,0.36,340.0,347.0,0.63086306640625,False,CALL,2026-07-22,MSFT
MSFT260722C00442500,442.5,0.23,0.0,0.35,3.0,21.0,0.65039412109375,False,CALL,2026-07-22,MSFT
MSFT260722C00445000,445.0,0.07,0.0,0.22,3.0,43.0,0.632816171875,False,CALL,2026-07-22,MSFT
MSFT260722C00447500,447.5,0.08,0.0,0.34,2.0,5.0,0.6982452050781252,False,CALL,2026-07-22,MSFT
MSFT260722C00450000,450.0,0.04,0.0,0.09,204.0,273.0,0.6093789062500001,False,CALL,2026-07-22,MSFT
MSFT260722C00452500,452.5,0.12,0.0,0.33,8.0,10.0,0.74414318359375,False,CALL,2026-07-22,MSFT
MSFT260722C00455000,455.0,0.12,0.0,0.33,23.0,20.0,0.7675804492187501,False,CALL,2026-07-22,MSFT
MSFT260722C00457500,457.5,0.01,0.0,0.97,1.0,17.0,0.938477177734375,False,CALL,2026-07-22,MSFT
MSFT260722C00460000,460.0,0.07,0.0,0.33,1.0,8.0,0.81445498046875,False,CALL,2026-07-22,MSFT
MSFT260722C00465000,465.0,0.1,0.0,0.32,,2.0,0.85742330078125,False,CALL,2026-07-22,MSFT
MSFT260722C00480000,480.0,0.02,0.0,2.13,,6.0,1.3491243481445312,False,CALL,2026-07-22,MSFT
MSFT260722C00490000,490.0,0.02,0.0,0.0,7.0,6.0,0.500005,False,CALL,2026-07-22,MSFT
MSFT260722C00500000,500.0,0.01,0.0,0.32,20.0,20.0,1.16016044921875,False,CALL,2026-07-22,MSFT
MSFT260722P00300000,300.0,0.07,0.0,0.0,4.0,2.0,0.500005,False,PUT,2026-07-22,MSFT
MSFT260722P00305000,305.0,0.14,0.0,0.0,18.0,14.0,0.500005,False,PUT,2026-07-22,MSFT
MSFT260722P00310000,310.0,0.08,0.0,0.0,2.0,11.0,0.500005,False,PUT,2026-07-22,MSFT
MSFT260722P00315000,315.0,0.08,0.0,0.32,1.0,10.0,1.083988955078125,False,PUT,2026-07-22,MSFT
MSFT260722P00320000,320.0,0.08,0.0,0.32,,2.0,1.015629921875,False,PUT,2026-07-22,MSFT
MSFT260722P00325000,325.0,0.08,0.0,0.0,111.0,104.0,0.500005,False,PUT,2026-07-22,MSFT
MSFT260722P00330000,330.0,0.47,0.0,0.32,4.0,20.0,0.8789074609374999,False,PUT,2026-07-22,MSFT
MSFT260722P00335000,335.0,0.09,0.0,2.13,6.0,28.0,1.1411175756835936,False,PUT,2026-07-22,MSFT
MSFT260722P00337500,337.5,0.14,0.0,0.33,2.0,24.0,0.7812521875,False,PUT,2026-07-22,MSFT
MSFT260722P00340000,340.0,0.08,0.0,0.58,1.0,5.0,0.8173846386718748,False,PUT,2026-07-22,MSFT
MSFT260722P00342500,342.5,0.15,0.0,0.33,2.0,20.0,0.7148466015625,False,PUT,2026-07-22,MSFT
MSFT260722P00345000,345.0,0.06,0.0,0.38,5.0,19.0,0.6962920996093751,False,PUT,2026-07-22,MSFT
MSFT260722P00347500,347.5,0.08,0.0,0.3,5.0,48.0,0.63867548828125,False,PUT,2026-07-22,MSFT
MSFT260722P00350000,350.0,0.06,0.0,0.09,87.0,218.0,0.51562984375,False,PUT,2026-07-22,MSFT
MSFT260722P00352500,352.5,0.07,0.01,0.39,42.0,230.0,0.5996133789062501,False,PUT,2026-07-22,MSFT
MSFT260722P00355000,355.0,0.12,0.01,0.65,11.0,29.0,0.6176796044921876,False,PUT,2026-07-22,MSFT
MSFT260722P00357500,357.5,0.16,0.11,0.7,16.0,34.0,0.6049844189453126,False,PUT,2026-07-22,MSFT
MSFT260722P00360000,360.0,0.2,0.01,0.5,41.0,52.0,0.5190477783203125,False,PUT,2026-07-22,MSFT
MSFT260722P00362500,362.5,0.26,0.04,1.02,17.0,16.0,0.5610395458984375,False,PUT,2026-07-22,MSFT
MSFT260722P00365000,365.0,0.34,0.12,0.75,89.0,163.0,0.5668988623046876,False,PUT,2026-07-22,MSFT
MSFT260722P00367500,367.5,0.45,0.4,0.56,29.0,1433.0,0.48828636718750007,False,PUT,2026-07-22,MSFT
MSFT260722P00370000,370.0,0.71,0.55,0.75,133.0,124.0,0.4826711889648438,False,PUT,2026-07-22,MSFT
MSFT260722P00372500,372.5,0.75,0.75,0.91,75.0,183.0,0.4646049633789063,False,PUT,2026-07-22,MSFT
MSFT260722P00375000,375.0,1.25,1.04,1.19,91.0,469.0,0.45703667968750006,False,PUT,2026-07-22,MSFT
MSFT260722P00377500,377.5,1.49,1.5,1.84,74.0,87.0,0.4804739453125,False,PUT,2026-07-22,MSFT
MSFT260722P00380000,380.0,2.0,2.05,2.25,442.0,337.0,0.46631393066406257,False,PUT,2026-07-22,MSFT
MSFT260722P00382500,382.5,2.84,2.39,2.73,1.0,122.0,0.4503228796386719,False,PUT,2026-07-22,MSFT
MSFT260722P00385000,385.0,3.45,3.05,3.5,1.0,409.0,0.44922425781249997,False,PUT,2026-07-22,MSFT
MSFT260722P00387500,387.5,3.92,4.0,5.6,207.0,153.0,0.5347946911621093,False,PUT,2026-07-22,MSFT
MSFT260722P00390000,390.0,5.8,4.75,5.6,1.0,402.0,0.45532771240234376,False,PUT,2026-07-22,MSFT
MSFT260722P00392500,392.5,7.35,6.2,6.9,3.0,142.0,0.4596001306152344,True,PUT,2026-07-22,MSFT
MSFT260722P00395000,395.0,6.7,7.45,9.7,169.0,181.0,0.5603071313476562,True,PUT,2026-07-22,MSFT
MSFT260722P00397500,397.5,8.24,9.15,9.85,66.0,65.0,0.46094289062500005,True,PUT,2026-07-22,MSFT
MSFT260722P00400000,400.0,9.65,11.2,13.05,256.0,284.0,0.5075732836914062,True,PUT,2026-07-22,MSFT
MSFT260722P00402500,402.5,13.3,12.95,13.75,5.0,84.0,0.4958546508789063,True,PUT,2026-07-22,MSFT
MSFT260722P00405000,405.0,12.81,14.65,15.8,16.0,33.0,0.5105029418945313,True,PUT,2026-07-22,MSFT
MSFT260722P00407500,407.5,14.5,16.85,18.95,1.0,8.0,0.5227098510742187,True,PUT,2026-07-22,MSFT
MSFT260722P00410000,410.0,16.76,18.7,22.15,13.0,31.0,0.5722699023437501,True,PUT,2026-07-22,MSFT
MSFT260722P00412500,412.5,19.38,21.3,24.05,25.0,18.0,0.5913126806640626,True,PUT,2026-07-22,MSFT
MSFT260722P00415000,415.0,20.92,23.0,26.2,4.0,5.0,0.5654340332031251,True,PUT,2026-07-22,MSFT
MSFT260722P00420000,420.0,25.64,27.7,31.25,2.0,11.0,0.6264685791015626,True,PUT,2026-07-22,MSFT
MSFT260722P00425000,425.0,30.49,32.65,36.1,4.0,5.0,0.6850617431640625,True,PUT,2026-07-22,MSFT
MSFT260722P00430000,430.0,35.26,37.6,41.0,4.0,7.0,0.7426783544921874,True,PUT,2026-07-22,MSFT
MSFT260722P00445000,445.0,49.27,52.6,55.95,,0.0,0.9345709667968749,True,PUT,2026-07-22,MSFT
MSFT260722P00450000,450.0,46.1,58.05,61.15,4.0,0.0,1.0610398510742187,True,PUT,2026-07-22,MSFT
MSFT260722P00480000,480.0,99.6,87.25,90.5,,0.0,1.220707021484375,True,PUT,2026-07-22,MSFT
MSFT260722P00485000,485.0,89.85,93.05,96.3,,0.0,1.4892603662109374,True,PUT,2026-07-22,MSFT
MSFT260724C00280000,280.0,109.44,108.6,112.2,2.0,12.0,1.419924775390625,True,CALL,2026-07-24,MSFT
MSFT260724C00290000,290.0,95.72,99.1,102.65,1.0,18.0,1.455080849609375,True,CALL,2026-07-24,MSFT
MSFT260724C00300000,300.0,95.9,90.1,93.3,8.0,58.0,1.4714381896972655,True,CALL,2026-07-24,MSFT
MSFT260724C00305000,305.0,64.24,84.1,87.4,84.0,47.0,1.173832255859375,True,CALL,2026-07-24,MSFT
MSFT260724C00310000,310.0,85.03,79.85,83.2,1.0,58.0,1.303958558349609,True,CALL,2026-07-24,MSFT
MSFT260724C00315000,315.0,81.95,73.65,77.25,1.0,25.0,0.9965820654296875,True,CALL,2026-07-24,MSFT
MSFT260724C00320000,320.0,74.84,69.3,72.75,1.0,61.0,1.0693405908203126,True,CALL,2026-07-24,MSFT
MSFT260724C00325000,325.0,78.28,64.3,67.2,2.0,45.0,0.858399853515625,True,CALL,2026-07-24,MSFT
MSFT260724C00327500,327.5,57.9,61.55,64.7,,59.0,0.8286149951171874,True,CALL,2026-07-24,MSFT
MSFT260724C00330000,330.0,65.08,0.0,61.9,3.0,116.0,0.6679720703125002,True,CALL,2026-07-24,MSFT
MSFT260724C00335000,335.0,60.12,54.0,57.35,8.0,55.0,0.7817404638671875,True,CALL,2026-07-24,MSFT
MSFT260724C00337500,337.5,56.8,51.85,55.3,2.0,1.0,0.8457046679687499,True,CALL,2026-07-24,MSFT
MSFT260724C00340000,340.0,54.64,50.85,53.15,19.0,116.0,0.6137733935546876,True,CALL,2026-07-24,MSFT
MSFT260724C00342500,342.5,48.27,46.9,50.4,4.0,1.0,0.7961446166992188,True,CALL,2026-07-24,MSFT
MSFT260724C00345000,345.0,50.65,44.5,47.3,8.0,103.0,0.6479527392578125,True,CALL,2026-07-24,MSFT
MSFT260724C00347500,347.5,48.21,41.45,45.0,4.0,2.0,0.6596713720703126,True,CALL,2026-07-24,MSFT
MSFT260724C00350000,350.0,45.3,39.15,42.4,12.0,6582.0,0.6088906298828126,True,CALL,2026-07-24,MSFT
MSFT260724C00352500,352.5,42.58,37.05,40.05,38.0,22.0,0.6054726953125001,True,CALL,2026-07-24,MSFT
MSFT260724C00355000,355.0,40.67,34.25,37.2,68.0,87.0,0.50586431640625,True,CALL,2026-07-24,MSFT
MSFT260724C00357500,357.5,38.27,32.5,35.35,48.0,9.0,0.5864299169921875,True,CALL,2026-07-24,MSFT
MSFT260724C00360000,360.0,35.7,30.3,32.85,70.0,308.0,0.55273884765625,True,CALL,2026-07-24,MSFT
MSFT260724C00362500,362.5,33.47,27.85,30.65,13.0,47.0,0.5553022985839844,True,CALL,2026-07-24,MSFT
MSFT260724C00365000,365.0,30.62,24.9,27.85,9.0,348.0,0.48438015625,True,CALL,2026-07-24,MSFT
MSFT260724C00367500,367.5,27.61,23.6,26.15,5.0,13.0,0.5339402075195312,True,CALL,2026-07-24,MSFT
MSFT260724C00370000,370.0,26.97,21.8,23.75,65.0,1671.0,0.5043994873046875,True,CALL,2026-07-24,MSFT
MSFT260724C00372500,372.5,23.86,18.9,21.95,14.0,69.0,0.5225877819824218,True,CALL,2026-07-24,MSFT
MSFT260724C00375000,375.0,22.62,17.7,18.95,29.0,527.0,0.44116769775390624,True,CALL,2026-07-24,MSFT
MSFT260724C00377500,377.5,20.11,16.45,17.25,11.0,88.0,0.45825737060546884,True,CALL,2026-07-24,MSFT
MSFT260724C00380000,380.0,17.51,14.0,16.3,136.0,1243.0,0.5137988073730468,True,CALL,2026-07-24,MSFT
MSFT260724C00382500,382.5,15.69,12.1,13.95,13.0,238.0,0.4720511779785156,True,CALL,2026-07-24,MSFT
MSFT260724C00385000,385.0,14.4,10.55,12.4,173.0,1442.0,0.47437049072265625,True,CALL,2026-07-24,MSFT
MSFT260724C00387500,387.5,12.59,9.8,10.95,127.0,417.0,0.4757132507324219,True,CALL,2026-07-24,MSFT
MSFT260724C00390000,390.0,8.0,8.4,9.5,19.0,2835.0,0.4707694525146484,True,CALL,2026-07-24,MSFT
MSFT260724C00392500,392.5,7.65,6.95,7.65,45.0,748.0,0.43774976318359377,False,CALL,2026-07-24,MSFT
MSFT260724C00395000,395.0,6.25,6.0,6.6,13.0,2333.0,0.4420221813964844,False,CALL,2026-07-24,MSFT
MSFT260724C00397500,397.5,5.5,5.0,5.65,1.0,1973.0,0.4451959777832031,False,CALL,2026-07-24,MSFT
MSFT260724C00400000,400.0,4.25,4.3,4.55,84.0,6914.0,0.4331111376953125,False,CALL,2026-07-24,MSFT
MSFT260724C00402500,402.5,5.25,3.15,3.85,530.0,931.0,0.4376276940917969,False,CALL,2026-07-24,MSFT
MSFT260724C00405000,405.0,2.9,2.93,3.15,32.0,3129.0,0.4359187268066406,False,CALL,2026-07-24,MSFT
MSFT260724C00407500,407.5,3.82,2.37,2.54,1012.0,1574.0,0.4335994140625,False,CALL,2026-07-24,MSFT
MSFT260724C00410000,410.0,2.07,1.99,2.13,75.0,8752.0,0.43958079956054685,False,CALL,2026-07-24,MSFT
MSFT260724C00412500,412.5,1.65,1.63,1.88,5.0,960.0,0.4539849523925781,False,CALL,2026-07-24,MSFT
MSFT260724C00415000,415.0,1.51,1.28,1.4,5.0,4441.0,0.44287666503906253,False,CALL,2026-07-24,MSFT
MSFT260724C00417500,417.5,1.2,1.06,1.21,2.0,1337.0,0.45386288330078123,False,CALL,2026-07-24,MSFT
MSFT260724C00420000,420.0,0.92,0.83,0.95,183.0,7357.0,0.45264219238281256,False,CALL,2026-07-24,MSFT
MSFT260724C00422500,422.5,1.28,0.68,0.85,547.0,1511.0,0.4672904833984375,False,CALL,2026-07-24,MSFT
MSFT260724C00425000,425.0,0.58,0.54,0.7,127.0,4281.0,0.47192910888671874,False,CALL,2026-07-24,MSFT
MSFT260724C00427500,427.5,0.9,0.23,0.93,793.0,982.0,0.5319871020507813,False,CALL,2026-07-24,MSFT
MSFT260724C00430000,430.0,0.4,0.34,0.51,165.0,6774.0,0.4887746435546876,False,CALL,2026-07-24,MSFT
MSFT260724C00432500,432.5,0.63,0.0,0.75,233.0,431.0,0.5561567822265626,False,CALL,2026-07-24,MSFT
MSFT260724C00435000,435.0,0.25,0.24,0.35,164.0,1773.0,0.499028447265625,False,CALL,2026-07-24,MSFT
MSFT260724C00437500,437.5,0.44,0.07,0.0,149.0,229.0,0.2500075,False,CALL,2026-07-24,MSFT
MSFT260724C00440000,440.0,0.34,0.08,0.0,2132.0,10061.0,0.2500075,False,CALL,2026-07-24,MSFT
MSFT260724C00442500,442.5,0.3,0.0,0.67,9.0,6.0,0.559574716796875,False,CALL,2026-07-24,MSFT
MSFT260724C00445000,445.0,0.25,0.08,0.2,492.0,2023.0,0.506840869140625,False,CALL,2026-07-24,MSFT
MSFT260724C00450000,450.0,0.16,0.0,0.15,803.0,4505.0,0.5019581054687501,False,CALL,2026-07-24,MSFT
MSFT260724C00452500,452.5,0.14,0.0,0.4,2.0,2.0,0.5927775097656252,False,CALL,2026-07-24,MSFT
MSFT260724C00455000,455.0,0.12,0.0,0.38,39.0,780.0,0.6064492480468751,False,CALL,2026-07-24,MSFT
MSFT260724C00460000,460.0,0.12,0.0,0.15,164.0,898.0,0.570316796875,False,CALL,2026-07-24,MSFT
MSFT260724C00465000,465.0,0.07,0.0,2.18,985.0,1383.0,0.9204109521484375,False,CALL,2026-07-24,MSFT
MSFT260724C00470000,470.0,0.08,0.0,0.3,187.0,564.0,0.69336244140625,False,CALL,2026-07-24,MSFT
MSFT260724C00475000,475.0,0.05,0.01,0.35,43.0,278.0,0.7460962890625,False,CALL,2026-07-24,MSFT
MSFT260724C00480000,480.0,0.12,0.0,0.25,993.0,2649.0,0.74414318359375,False,CALL,2026-07-24,MSFT
MSFT260724C00485000,485.0,0.05,0.0,0.1,117.0,137.0,0.6992217578125001,False,CALL,2026-07-24,MSFT
MSFT260724C00490000,490.0,0.07,0.0,0.34,33.0,219.0,0.840821904296875,False,CALL,2026-07-24,MSFT
MSFT260724C00495000,495.0,0.09,0.0,0.07,32.0,378.0,0.7304714453125,False,CALL,2026-07-24,MSFT
MSFT260724C00500000,500.0,0.04,0.01,0.3,907.0,2882.0,0.8945323046874999,False,CALL,2026-07-24,MSFT
MSFT260724C00505000,505.0,0.04,0.01,0.33,37.0,161.0,0.936524072265625,False,CALL,2026-07-24,MSFT
MSFT260724P00280000,280.0,0.12,0.0,0.64,81.0,81.0,1.3535188574218748,False,PUT,2026-07-24,MSFT
MSFT260724P00290000,290.0,0.01,0.0,0.0,13.0,107.0,0.500005,False,PUT,2026-07-24,MSFT
MSFT260724P00300000,300.0,0.11,0.0,0.25,5.0,149.0,0.9726565234375,False,PUT,2026-07-24,MSFT
MSFT260724P00305000,305.0,0.01,0.0,0.0,1.0,852.0,0.500005,False,PUT,2026-07-24,MSFT
MSFT260724P00310000,310.0,0.02,0.0,0.0,3.0,379.0,0.500005,False,PUT,2026-07-24,MSFT
MSFT260724P00315000,315.0,0.02,0.0,1.0,4.0,1062.0,1.000005,False,PUT,2026-07-24,MSFT
MSFT260724P00320000,320.0,0.03,0.0,1.0,78.0,890.0,0.9389654541015625,False,PUT,2026-07-24,MSFT
MSFT260724P00325000,325.0,0.03,0.0,0.29,704.0,1090.0,0.7236355761718749,False,PUT,2026-07-24,MSFT
MSFT260724P00327500,327.5,0.06,0.0,0.35,3.0,4.0,0.71679970703125,False,PUT,2026-07-24,MSFT
MSFT260724P00330000,330.0,0.05,0.01,0.18,93.0,559.0,0.6347692773437501,False,PUT,2026-07-24,MSFT
MSFT260724P00332500,332.5,0.09,0.0,0.91,10.0,17.0,0.7744163183593751,False,PUT,2026-07-24,MSFT
MSFT260724P00335000,335.0,0.06,0.0,2.18,104.0,1048.0,0.888428850097656,False,PUT,2026-07-24,MSFT
MSFT260724P00337500,337.5,0.08,0.05,0.16,2.0,197.0,0.56836369140625,False,PUT,2026-07-24,MSFT
MSFT260724P00340000,340.0,0.08,0.04,0.75,561.0,1444.0,0.6679720703125002,False,PUT,2026-07-24,MSFT
MSFT260724P00342500,342.5,0.11,0.0,0.0,77.0,78.0,0.2500075,False,PUT,2026-07-24,MSFT
MSFT260724P00345000,345.0,0.13,0.0,0.0,1.0,1907.0,0.2500075,False,PUT,2026-07-24,MSFT
MSFT260724P00347500,347.5,0.18,0.0,0.91,22.0,195.0,0.5971719970703125,False,PUT,2026-07-24,MSFT
MSFT260724P00350000,350.0,0.24,0.16,0.26,5.0,10285.0,0.5127001855468749,False,PUT,2026-07-24,MSFT
MSFT260724P00352500,352.5,0.27,0.0,0.63,31.0,222.0,0.5024463818359376,False,PUT,2026-07-24,MSFT
MSFT260724P00355000,355.0,0.46,0.29,0.5,4.0,2468.0,0.5190477783203125,False,PUT,2026-07-24,MSFT
MSFT260724P00357500,357.5,0.36,0.21,0.85,1619.0,1646.0,0.5512740185546876,False,PUT,2026-07-24,MSFT
MSFT260724P00360000,360.0,0.61,0.52,0.66,1.0,2294.0,0.4885305053710938,False,PUT,2026-07-24,MSFT
MSFT260724P00362500,362.5,0.7,0.29,1.33,613.0,2191.0,0.5483443603515626,False,PUT,2026-07-24,MSFT
MSFT260724P00365000,365.0,0.98,0.82,1.08,4.0,2168.0,0.48340360351562506,False,PUT,2026-07-24,MSFT
MSFT260724P00367500,367.5,1.13,1.1,1.25,621.0,859.0,0.4682670361328125,False,PUT,2026-07-24,MSFT
MSFT260724P00370000,370.0,1.44,1.29,1.52,887.0,4191.0,0.4603325451660156,False,PUT,2026-07-24,MSFT
MSFT260724P00372500,372.5,1.66,1.64,2.07,11.0,657.0,0.47192910888671874,False,PUT,2026-07-24,MSFT
MSFT260724P00375000,375.0,2.51,2.1,2.27,18.0,1639.0,0.4476373596191406,False,PUT,2026-07-24,MSFT
MSFT260724P00377500,377.5,3.19,2.79,3.05,19.0,475.0,0.46252978881835943,False,PUT,2026-07-24,MSFT
MSFT260724P00380000,380.0,3.85,3.3,3.7,6.0,1623.0,0.459966337890625,False,PUT,2026-07-24,MSFT
MSFT260724P00382500,382.5,4.35,3.8,4.4,1.0,255.0,0.4544732287597656,False,PUT,2026-07-24,MSFT
MSFT260724P00385000,385.0,5.0,5.0,5.4,13.0,1776.0,0.46045461425781253,False,PUT,2026-07-24,MSFT
MSFT260724P00387500,387.5,6.53,5.8,6.4,4.0,583.0,0.4594780615234375,False,PUT,2026-07-24,MSFT
MSFT260724P00390000,390.0,7.45,7.45,8.4,18.0,1485.0,0.5070850073242188,False,PUT,2026-07-24,MSFT
MSFT260724P00392500,392.5,8.75,8.05,8.75,2.0,281.0,0.4574639215087891,True,PUT,2026-07-24,MSFT
MSFT260724P00395000,395.0,10.25,8.85,10.0,3.0,725.0,0.4508111560058594,True,PUT,2026-07-24,MSFT
MSFT260724P00397500,397.5,10.15,10.2,11.4,320.0,190.0,0.4458063232421875,True,PUT,2026-07-24,MSFT
MSFT260724P00400000,400.0,13.7,12.5,13.6,3.0,973.0,0.4803518762207031,True,PUT,2026-07-24,MSFT
MSFT260724P00402500,402.5,12.49,14.45,15.1,323.0,477.0,0.4689994506835938,True,PUT,2026-07-24,MSFT
MSFT260724P00405000,405.0,17.06,15.8,16.65,4.0,679.0,0.45313046875,True,PUT,2026-07-24,MSFT
MSFT260724P00407500,407.5,18.0,17.95,19.75,23.0,149.0,0.534184345703125,True,PUT,2026-07-24,MSFT
MSFT260724P00410000,410.0,18.45,20.45,22.45,16.0,708.0,0.5199022619628906,True,PUT,2026-07-24,MSFT
MSFT260724P00412500,412.5,22.8,21.9,23.4,1.0,45.0,0.5168505346679688,True,PUT,2026-07-24,MSFT
MSFT260724P00415000,415.0,22.18,24.15,27.65,6.0,210.0,0.5524947094726562,True,PUT,2026-07-24,MSFT
MSFT260724P00417500,417.5,22.37,26.45,30.0,1.0,5.0,0.5727581787109376,True,PUT,2026-07-24,MSFT
MSFT260724P00420000,420.0,25.95,28.65,31.4,54.0,320.0,0.5429733203125001,True,PUT,2026-07-24,MSFT
MSFT260724P00425000,425.0,31.24,33.4,36.55,6.0,43.0,0.5991251025390626,True,PUT,2026-07-24,MSFT
MSFT260724P00427500,427.5,31.53,35.45,38.8,5.0,13.0,0.5898478515625001,True,PUT,2026-07-24,MSFT
MSFT260724P00430000,430.0,35.3,38.4,41.55,115.0,287.0,0.6577182666015625,True,PUT,2026-07-24,MSFT
MSFT260724P00432500,432.5,37.2,40.8,44.15,10.0,11.0,0.6861603649902344,True,PUT,2026-07-24,MSFT
MSFT260724P00435000,435.0,40.47,43.3,46.45,1.0,52.0,0.7026396923828125,True,PUT,2026-07-24,MSFT
MSFT260724P00437500,437.5,44.7,45.7,48.6,15.0,15.0,0.702151416015625,True,PUT,2026-07-24,MSFT
MSFT260724P00440000,440.0,45.75,47.55,51.05,1.0,15.0,0.6796907031250001,True,PUT,2026-07-24,MSFT
MSFT260724P00445000,445.0,60.4,52.55,56.0,1.0,10.0,0.7253445434570311,True,PUT,2026-07-24,MSFT
MSFT260724P00450000,450.0,47.15,57.75,61.0,1.0,7.0,0.7893087475585938,True,PUT,2026-07-24,MSFT
MSFT260724P00455000,455.0,70.35,63.5,66.35,2.0,0.0,0.9177254321289063,True,PUT,2026-07-24,MSFT
MSFT260724P00460000,460.0,69.5,68.0,71.35,2.0,0.0,0.930664755859375,True,PUT,2026-07-24,MSFT
MSFT260724P00465000,465.0,82.7,73.25,76.35,1.0,0.0,0.9963379272460937,True,PUT,2026-07-24,MSFT
MSFT260724P00470000,470.0,87.68,77.85,81.3,1.0,1.0,1.0070850427246092,True,PUT,2026-07-24,MSFT
MSFT260724P00475000,475.0,104.6,83.05,86.35,5.0,0.0,1.0722702636718753,True,PUT,2026-07-24,MSFT
MSFT260724P00480000,480.0,98.1,88.25,91.35,1.0,0.0,1.1323285571289063,True,PUT,2026-07-24,MSFT
MSFT260724P00485000,485.0,90.38,93.25,96.25,1.0,0.0,1.1677287707519532,True,PUT,2026-07-24,MSFT
MSFT260724P00490000,490.0,108.05,97.95,101.3,,0.0,1.1884806201171876,True,PUT,2026-07-24,MSFT
MSFT260724P00495000,495.0,113.03,103.15,106.25,2.0,0.0,1.2431678466796874,True,PUT,2026-07-24,MSFT
MSFT260724P00500000,500.0,129.3,108.05,111.1,1.0,0.0,1.2609900231933593,True,PUT,2026-07-24,MSFT
MSFT260724P00505000,505.0,115.95,112.5,115.95,2.0,0.0,1.2270546459960938,True,PUT,2026-07-24,MSFT
MSFT260727C00330000,330.0,69.61,60.0,63.05,1.0,2.0,0.773439765625,True,CALL,2026-07-27,MSFT
MSFT260727C00345000,345.0,52.27,44.8,46.7,30.0,30.0,1.0000000000000003e-05,True,CALL,2026-07-27,MSFT
MSFT260727C00355000,355.0,40.23,34.4,37.75,2.0,7.0,0.4689994506835938,True,CALL,2026-07-27,MSFT
MSFT260727C00357500,357.5,46.09,32.4,35.55,,7.0,0.47681187255859375,True,CALL,2026-07-27,MSFT
MSFT260727C00360000,360.0,36.5,30.2,33.15,10.0,47.0,0.45972219970703126,True,CALL,2026-07-27,MSFT
MSFT260727C00362500,362.5,41.34,27.55,30.8,,1.0,0.4458063232421875,True,CALL,2026-07-27,MSFT
MSFT260727C00365000,365.0,28.23,25.4,28.7,5.0,11.0,0.4503228796386719,True,CALL,2026-07-27,MSFT
MSFT260727C00367500,367.5,31.37,23.15,26.6,38.0,38.0,0.4497125341796875,True,CALL,2026-07-27,MSFT
MSFT260727C00370000,370.0,25.05,21.0,24.4,2.0,210.0,0.43836010864257813,True,CALL,2026-07-27,MSFT
MSFT260727C00372500,372.5,30.3,19.4,22.5,17.0,19.0,0.4425104577636719,True,CALL,2026-07-27,MSFT
MSFT260727C00375000,375.0,22.79,17.65,20.6,5.0,15.0,0.4417780432128906,True,CALL,2026-07-27,MSFT
MSFT260727C00377500,377.5,19.17,15.65,18.5,3.0,15.0,0.426336303100586,True,CALL,2026-07-27,MSFT
MSFT260727C00380000,380.0,18.0,13.9,16.65,4.0,94.0,0.4206600903320313,True,CALL,2026-07-27,MSFT
MSFT260727C00382500,382.5,17.0,12.0,15.0,1.0,37.0,0.420476986694336,True,CALL,2026-07-27,MSFT
MSFT260727C00385000,385.0,12.5,11.2,13.85,10.0,144.0,0.4385432122802735,True,CALL,2026-07-27,MSFT
MSFT260727C00387500,387.5,12.23,8.85,12.4,11.0,56.0,0.4379939013671875,True,CALL,2026-07-27,MSFT
MSFT260727C00390000,390.0,9.5,8.2,10.9,12.0,663.0,0.43103596313476567,True,CALL,2026-07-27,MSFT
MSFT260727C00392500,392.5,11.1,6.2,10.15,156.0,111.0,0.45227598510742195,False,CALL,2026-07-27,MSFT
MSFT260727C00395000,395.0,7.2,6.45,7.9,2.0,581.0,0.40430283203125,False,CALL,2026-07-27,MSFT
MSFT260727C00397500,397.5,7.85,4.9,7.55,139.0,71.0,0.4345149322509766,False,CALL,2026-07-27,MSFT
MSFT260727C00400000,400.0,5.0,4.5,5.95,3.0,1642.0,0.4052183502197265,False,CALL,2026-07-27,MSFT
MSFT260727C00402500,402.5,6.1,3.2,5.9,77.0,137.0,0.44208321594238287,False,CALL,2026-07-27,MSFT
MSFT260727C00405000,405.0,5.0,2.87,5.25,193.0,474.0,0.44836977416992185,False,CALL,2026-07-27,MSFT
MSFT260727C00407500,407.5,3.1,2.8,3.6,2.0,33.0,0.3996642065429688,False,CALL,2026-07-27,MSFT
MSFT260727C00410000,410.0,3.7,2.2,3.85,885.0,957.0,0.44482977050781247,False,CALL,2026-07-27,MSFT
MSFT260727C00412500,412.5,3.41,1.77,2.3,100.0,98.0,0.3852600537109374,False,CALL,2026-07-27,MSFT
MSFT260727C00415000,415.0,1.95,1.51,2.01,1.0,469.0,0.3934386828613281,False,CALL,2026-07-27,MSFT
MSFT260727C00417500,417.5,2.32,1.06,2.12,50.0,59.0,0.4272518212890626,False,CALL,2026-07-27,MSFT
MSFT260727C00420000,420.0,1.98,1.5,1.84,253.0,1141.0,0.4325007922363281,False,CALL,2026-07-27,MSFT
MSFT260727C00422500,422.5,1.71,0.53,1.61,21.0,54.0,0.4387263159179688,False,CALL,2026-07-27,MSFT
MSFT260727C00425000,425.0,1.42,0.5,1.34,84.0,792.0,0.4387263159179688,False,CALL,2026-07-27,MSFT
MSFT260727C00427500,427.5,1.2,0.35,1.19,8.0,29.0,0.4467828759765625,False,CALL,2026-07-27,MSFT
MSFT260727C00430000,430.0,1.01,0.0,0.98,310.0,397.0,0.446294599609375,False,CALL,2026-07-27,MSFT
MSFT260727C00432500,432.5,0.89,0.0,0.83,15.0,29.0,0.4489801196289062,False,CALL,2026-07-27,MSFT
MSFT260727C00435000,435.0,0.76,0.1,1.1,43.0,145.0,0.5008594836425782,False,CALL,2026-07-27,MSFT
MSFT260727C00437500,437.5,0.77,0.0,1.04,6.0,6.0,0.5144091528320311,False,CALL,2026-07-27,MSFT
MSFT260727C00440000,440.0,0.47,0.21,0.77,69.0,189.0,0.4995167236328125,False,CALL,2026-07-27,MSFT
MSFT260727C00442500,442.5,0.44,0.0,0.94,1.0,1.0,0.541264353027344,False,CALL,2026-07-27,MSFT
MSFT260727C00445000,445.0,0.35,0.01,0.45,110.0,79.0,0.4831594653320313,False,CALL,2026-07-27,MSFT
MSFT260727C00450000,450.0,0.3,0.06,0.28,162.0,638.0,0.4770560107421875,False,CALL,2026-07-27,MSFT
MSFT260727C00455000,455.0,0.4,0.0,1.11,17.0,19.0,0.5715374877929689,False,CALL,2026-07-27,MSFT
MSFT260727C00460000,460.0,0.17,0.0,0.4,54.0,390.0,0.5122119091796875,False,CALL,2026-07-27,MSFT
MSFT260727C00465000,465.0,0.22,0.0,0.57,101.0,108.0,0.570316796875,False,CALL,2026-07-27,MSFT
MSFT260727C00470000,470.0,0.17,0.0,0.56,1.0,32.0,0.5986368261718751,False,CALL,2026-07-27,MSFT
MSFT260727C00475000,475.0,0.29,0.0,0.35,16.0,16.0,0.586918193359375,False,CALL,2026-07-27,MSFT
MSFT260727C00480000,480.0,0.31,0.0,0.4,,1.0,0.6250037500000001,False,CALL,2026-07-27,MSFT
MSFT260727C00485000,485.0,0.26,0.0,0.34,,1.0,0.637698935546875,False,CALL,2026-07-27,MSFT
MSFT260727C00495000,495.0,0.31,0.0,0.33,1.0,1.0,0.6875031250000001,False,CALL,2026-07-27,MSFT
MSFT260727C00500000,500.0,0.11,0.0,0.26,,1.0,0.6914093359375001,False,CALL,2026-07-27,MSFT
MSFT260727P00300000,300.0,0.11,0.0,0.32,6.0,5.0,0.7939473730468749,False,PUT,2026-07-27,MSFT
MSFT260727P00305000,305.0,0.11,0.0,0.32,4.0,2.0,0.7500025,False,PUT,2026-07-27,MSFT
MSFT260727P00310000,310.0,0.23,0.0,0.0,3.0,14.0,0.2500075,False,PUT,2026-07-27,MSFT
MSFT260727P00320000,320.0,0.14,0.0,0.33,18.0,30.0,0.6250037500000001,False,PUT,2026-07-27,MSFT
MSFT260727P00325000,325.0,0.04,0.0,0.53,2.0,2.0,0.6250037500000001,False,PUT,2026-07-27,MSFT
MSFT260727P00330000,330.0,0.17,0.0,0.54,,1.0,0.5830119824218749,False,PUT,2026-07-27,MSFT
MSFT260727P00335000,335.0,0.13,0.0,0.57,2.0,15.0,0.543949873046875,False,PUT,2026-07-27,MSFT
MSFT260727P00340000,340.0,0.13,0.0,0.76,5.0,36.0,0.52539537109375,False,PUT,2026-07-27,MSFT
MSFT260727P00345000,345.0,0.25,0.0,0.76,8.0,181.0,0.5502974658203126,False,PUT,2026-07-27,MSFT
MSFT260727P00350000,350.0,0.34,0.05,0.55,12.0,137.0,0.4670463452148438,False,PUT,2026-07-27,MSFT
MSFT260727P00352500,352.5,0.66,0.11,0.65,30.0,17.0,0.4592339233398438,False,PUT,2026-07-27,MSFT
MSFT260727P00355000,355.0,0.45,0.03,0.9,26.0,107.0,0.46851117431640626,False,PUT,2026-07-27,MSFT
MSFT260727P00357500,357.5,0.59,0.19,1.23,48.0,58.0,0.47949739257812496,False,PUT,2026-07-27,MSFT
MSFT260727P00360000,360.0,1.08,0.0,0.0,3.0,79.0,0.12500875,False,PUT,2026-07-27,MSFT
MSFT260727P00362500,362.5,0.92,0.54,1.63,11.0,38.0,0.4611870288085938,False,PUT,2026-07-27,MSFT
MSFT260727P00365000,365.0,1.22,1.02,1.92,39.0,83.0,0.4554497814941406,False,PUT,2026-07-27,MSFT
MSFT260727P00367500,367.5,1.36,1.15,2.24,42.0,64.0,0.44861391235351555,False,PUT,2026-07-27,MSFT
MSFT260727P00370000,370.0,1.77,1.66,2.41,66.0,201.0,0.428716650390625,False,PUT,2026-07-27,MSFT
MSFT260727P00372500,372.5,2.08,1.95,3.35,10.0,38.0,0.454107021484375,False,PUT,2026-07-27,MSFT
MSFT260727P00375000,375.0,2.7,2.38,3.5,2.0,190.0,0.42755699401855474,False,PUT,2026-07-27,MSFT
MSFT260727P00377500,377.5,3.07,2.82,5.8,7.0,20.0,0.5101977691650392,False,PUT,2026-07-27,MSFT
MSFT260727P00380000,380.0,3.7,3.9,4.95,62.0,139.0,0.4278621667480469,False,PUT,2026-07-27,MSFT
MSFT260727P00382500,382.5,4.5,3.7,6.5,14.0,25.0,0.4600884069824219,False,PUT,2026-07-27,MSFT
MSFT260727P00385000,385.0,6.0,5.3,7.35,3.0,108.0,0.45416805603027344,False,PUT,2026-07-27,MSFT
MSFT260727P00387500,387.5,5.91,5.65,8.8,10.0,18.0,0.47083048706054687,False,PUT,2026-07-27,MSFT
MSFT260727P00390000,390.0,6.87,6.75,10.25,114.0,88.0,0.482976361694336,False,PUT,2026-07-27,MSFT
MSFT260727P00392500,392.5,8.0,7.7,9.5,17.0,50.0,0.39588006469726567,True,PUT,2026-07-27,MSFT
MSFT260727P00395000,395.0,9.15,9.1,12.95,27.0,127.0,0.4865773999023438,True,PUT,2026-07-27,MSFT
MSFT260727P00397500,397.5,10.55,10.4,14.6,7.0,47.0,0.49573258178710944,True,PUT,2026-07-27,MSFT
MSFT260727P00400000,400.0,12.2,13.05,15.75,38.0,54.0,0.4792532543945312,True,PUT,2026-07-27,MSFT
MSFT260727P00402500,402.5,11.5,15.05,17.5,60.0,23.0,0.48560084716796875,True,PUT,2026-07-27,MSFT
MSFT260727P00405000,405.0,14.8,16.45,19.35,19.0,79.0,0.49341326904296884,True,PUT,2026-07-27,MSFT
MSFT260727P00407500,407.5,18.85,18.85,21.3,1.0,11.0,0.5028736236572267,True,PUT,2026-07-27,MSFT
MSFT260727P00410000,410.0,18.45,20.2,23.4,25.0,118.0,0.5171557073974609,True,PUT,2026-07-27,MSFT
MSFT260727P00412500,412.5,20.62,22.35,25.5,2.0,52.0,0.5291795129394532,True,PUT,2026-07-27,MSFT
MSFT260727P00415000,415.0,22.31,23.6,26.8,1.0,14.0,0.4943898217773438,True,PUT,2026-07-27,MSFT
MSFT260727P00417500,417.5,24.4,26.75,29.75,1.0,4.0,0.549381947631836,True,PUT,2026-07-27,MSFT
MSFT260727P00420000,420.0,29.01,29.0,32.25,1.0,35.0,0.5782512878417969,True,PUT,2026-07-27,MSFT
MSFT260727P00425000,425.0,33.04,33.5,36.65,1.0,33.0,0.5969278588867188,True,PUT,2026-07-27,MSFT
MSFT260727P00435000,435.0,39.8,43.1,46.55,1.0,6.0,0.5578657495117189,True,PUT,2026-07-27,MSFT
MSFT260727P00440000,440.0,36.66,48.2,51.45,1.0,7.0,0.6009561389160158,True,PUT,2026-07-27,MSFT
MSFT260731C00280000,280.0,105.27,109.55,112.75,5.0,26.0,1.0498094384765626,True,CALL,2026-07-31,MSFT
MSFT260731C00290000,290.0,81.37,99.4,102.5,1.0,24.0,0.9062509375,True,CALL,2026-07-31,MSFT
MSFT260731C00300000,300.0,91.27,89.6,92.5,2.0,111.0,0.8188494677734374,True,CALL,2026-07-31,MSFT
MSFT260731C00305000,305.0,90.26,84.6,88.3,10.0,69.0,0.9006357592773437,True,CALL,2026-07-31,MSFT
MSFT260731C00310000,310.0,78.2,79.5,82.85,83.0,107.0,0.7917501293945313,True,CALL,2026-07-31,MSFT
MSFT260731C00315000,315.0,73.15,75.65,78.7,62.0,62.0,0.62305064453125,True,CALL,2026-07-31,MSFT
MSFT260731C00320000,320.0,75.58,69.85,73.2,21.0,93.0,0.7478052563476563,True,CALL,2026-07-31,MSFT
MSFT260731C00325000,325.0,69.34,65.5,68.6,174.0,58.0,0.5141650146484374,True,CALL,2026-07-31,MSFT
MSFT260731C00330000,330.0,72.01,60.4,63.75,3.0,121.0,0.7116728051757812,True,CALL,2026-07-31,MSFT
MSFT260731C00335000,335.0,58.0,55.7,59.2,2.0,67.0,0.5188036401367188,True,CALL,2026-07-31,MSFT
MSFT260731C00340000,340.0,57.19,51.5,54.3,5.0,68.0,0.5346726220703125,True,CALL,2026-07-31,MSFT
MSFT260731C00345000,345.0,61.79,46.8,50.25,18.0,110.0,0.5495650512695314,True,CALL,2026-07-31,MSFT
MSFT260731C00350000,350.0,48.7,42.6,45.9,1.0,642.0,0.556767127685547,True,CALL,2026-07-31,MSFT
MSFT260731C00352500,352.5,44.1,41.05,44.0,2.0,1.0,0.5816692224121094,True,CALL,2026-07-31,MSFT
MSFT260731C00355000,355.0,45.0,38.45,41.6,1.0,407.0,0.5553022985839844,True,CALL,2026-07-31,MSFT
MSFT260731C00357500,357.5,32.19,37.05,40.05,,1.0,0.585941640625,True,CALL,2026-07-31,MSFT
MSFT260731C00360000,360.0,39.87,35.6,37.5,37.0,538.0,0.5835612933349608,True,CALL,2026-07-31,MSFT
MSFT260731C00362500,362.5,40.6,33.0,35.45,2.0,3.0,0.5632367895507813,True,CALL,2026-07-31,MSFT
MSFT260731C00365000,365.0,36.7,31.8,34.1,8.0,359.0,0.5908244042968751,True,CALL,2026-07-31,MSFT
MSFT260731C00367500,367.5,34.5,29.2,32.0,3.0,10.0,0.5664105859375,True,CALL,2026-07-31,MSFT
MSFT260731C00370000,370.0,33.1,27.95,30.3,85.0,1915.0,0.5785564605712892,True,CALL,2026-07-31,MSFT
MSFT260731C00372500,372.5,31.83,26.9,28.05,13.0,9.0,0.5803264624023439,True,CALL,2026-07-31,MSFT
MSFT260731C00375000,375.0,29.52,25.7,26.55,108.0,504.0,0.5914957843017579,True,CALL,2026-07-31,MSFT
MSFT260731C00377500,377.5,25.19,23.8,24.85,7.0,36.0,0.5825237060546875,True,CALL,2026-07-31,MSFT
MSFT260731C00380000,380.0,23.51,22.2,23.6,1.0,1491.0,0.5858806060791015,True,CALL,2026-07-31,MSFT
MSFT260731C00382500,382.5,21.44,21.0,21.95,6.0,96.0,0.5867961242675781,True,CALL,2026-07-31,MSFT
MSFT260731C00385000,385.0,20.0,19.75,20.95,4.0,1160.0,0.5964395825195312,True,CALL,2026-07-31,MSFT
MSFT260731C00387500,387.5,21.7,18.1,19.45,8.0,87.0,0.5875285388183593,True,CALL,2026-07-31,MSFT
MSFT260731C00390000,390.0,18.07,17.95,19.35,8.0,2149.0,0.6281165118408205,True,CALL,2026-07-31,MSFT
MSFT260731C00392500,392.5,17.25,16.3,16.95,9.0,459.0,0.5991251025390626,False,CALL,2026-07-31,MSFT
MSFT260731C00395000,395.0,15.2,15.55,16.65,20.0,1428.0,0.6212196081542969,False,CALL,2026-07-31,MSFT
MSFT260731C00397500,397.5,14.56,14.0,15.0,10.0,304.0,0.6032754516601564,False,CALL,2026-07-31,MSFT
MSFT260731C00400000,400.0,13.4,13.2,14.15,40.0,6610.0,0.6108437353515627,False,CALL,2026-07-31,MSFT
MSFT260731C00402500,402.5,14.57,12.15,12.8,89.0,126.0,0.6030313134765627,False,CALL,2026-07-31,MSFT
MSFT260731C00405000,405.0,11.68,11.3,11.95,14.0,2100.0,0.6057778680419923,False,CALL,2026-07-31,MSFT
MSFT260731C00407500,407.5,11.91,10.4,11.05,36.0,29.0,0.6048623498535157,False,CALL,2026-07-31,MSFT
MSFT260731C00410000,410.0,11.4,9.55,10.3,635.0,2265.0,0.6057778680419923,False,CALL,2026-07-31,MSFT
MSFT260731C00412500,412.5,10.95,8.4,9.6,20.0,17.0,0.5999795861816408,False,CALL,2026-07-31,MSFT
MSFT260731C00415000,415.0,8.61,8.2,8.8,1.0,3716.0,0.6087685607910158,False,CALL,2026-07-31,MSFT
MSFT260731C00417500,417.5,9.4,7.0,8.4,25.0,24.0,0.6040078662109377,False,CALL,2026-07-31,MSFT
MSFT260731C00420000,420.0,8.57,6.55,7.55,830.0,4215.0,0.6032754516601564,False,CALL,2026-07-31,MSFT
MSFT260731C00422500,422.5,8.1,6.1,7.05,6.0,6.0,0.6082802844238282,False,CALL,2026-07-31,MSFT
MSFT260731C00425000,425.0,6.2,5.85,6.5,12.0,1857.0,0.6151771881103516,False,CALL,2026-07-31,MSFT
MSFT260731C00427500,427.5,6.85,5.15,6.0,10.0,5.0,0.611576149902344,False,CALL,2026-07-31,MSFT
MSFT260731C00430000,430.0,5.28,4.95,5.65,7.0,9488.0,0.6213416772460938,False,CALL,2026-07-31,MSFT
MSFT260731C00432500,432.5,4.15,4.5,5.2,1.0,6.0,0.6215858154296876,False,CALL,2026-07-31,MSFT
MSFT260731C00435000,435.0,5.3,4.0,4.45,199.0,2413.0,0.6110878735351564,False,CALL,2026-07-31,MSFT
MSFT260731C00437500,437.5,5.03,3.55,4.35,10.0,7.0,0.6168251208496094,False,CALL,2026-07-31,MSFT
MSFT260731C00440000,440.0,4.5,2.2,4.3,343.0,3091.0,0.5969278588867188,False,CALL,2026-07-31,MSFT
MSFT260731C00442500,442.5,4.36,2.63,3.85,6.0,4.0,0.615360291748047,False,CALL,2026-07-31,MSFT
MSFT260731C00445000,445.0,3.9,2.56,3.45,266.0,2330.0,0.6196327099609377,False,CALL,2026-07-31,MSFT
MSFT260731C00447500,447.5,3.5,2.81,3.2,13.0,11.0,0.6379430737304688,False,CALL,2026-07-31,MSFT
MSFT260731C00450000,450.0,3.3,2.5,2.86,1288.0,4688.0,0.6342810009765626,False,CALL,2026-07-31,MSFT
MSFT260731C00452500,452.5,3.05,2.06,2.95,22.0,16.0,0.6395299719238281,False,CALL,2026-07-31,MSFT
MSFT260731C00455000,455.0,2.81,1.58,2.7,104.0,627.0,0.6293982373046876,False,CALL,2026-07-31,MSFT
MSFT260731C00457500,457.5,2.66,1.94,2.3,1.0,1.0,0.6442906665039063,False,CALL,2026-07-31,MSFT
MSFT260731C00460000,460.0,1.98,1.4,2.26,3.0,1615.0,0.6364782446289063,False,CALL,2026-07-31,MSFT
MSFT260731C00462500,462.5,2.21,1.63,1.88,10.0,7.0,0.6456334265136718,False,CALL,2026-07-31,MSFT
MSFT260731C00465000,465.0,2.03,1.2,1.96,205.0,595.0,0.6449010119628906,False,CALL,2026-07-31,MSFT
MSFT260731C00467500,467.5,1.9,1.34,1.58,41.0,41.0,0.6481968774414062,False,CALL,2026-07-31,MSFT
MSFT260731C00470000,470.0,1.32,1.22,1.45,2.0,1649.0,0.6499058447265625,False,CALL,2026-07-31,MSFT
MSFT260731C00472500,472.5,1.53,1.11,1.34,42.0,40.0,0.6521030883789063,False,CALL,2026-07-31,MSFT
MSFT260731C00475000,475.0,1.4,1.03,1.31,183.0,1031.0,0.6599155102539063,False,CALL,2026-07-31,MSFT
MSFT260731C00477500,477.5,1.3,0.49,1.53,61.0,61.0,0.6538120556640626,False,CALL,2026-07-31,MSFT
MSFT260731C00480000,480.0,1.3,0.4,1.07,184.0,956.0,0.6281775463867189,False,CALL,2026-07-31,MSFT
MSFT260731C00482500,482.5,1.1,0.14,1.1,26.0,26.0,0.6218299536132813,False,CALL,2026-07-31,MSFT
MSFT260731C00485000,485.0,1.0,0.26,1.3,49.0,254.0,0.6608920629882813,False,CALL,2026-07-31,MSFT
MSFT260731C00487500,487.5,0.93,0.09,1.14,5.0,5.0,0.6457554956054687,False,CALL,2026-07-31,MSFT
MSFT260731C00490000,490.0,0.84,0.51,0.77,24.0,721.0,0.6626010302734376,False,CALL,2026-07-31,MSFT
MSFT260731C00495000,495.0,0.65,0.18,0.91,30.0,143.0,0.6684603466796877,False,CALL,2026-07-31,MSFT
MSFT260731C00497500,497.5,0.67,0.01,0.94,10.0,10.0,0.6650424121093752,False,CALL,2026-07-31,MSFT
MSFT260731C00500000,500.0,0.61,0.2,0.48,169.0,1816.0,0.6425816992187501,False,CALL,2026-07-31,MSFT
MSFT260731C00502500,502.5,0.45,0.02,0.86,2.0,2.0,0.6796907031250001,False,CALL,2026-07-31,MSFT
MSFT260731C00505000,505.0,0.59,0.01,0.67,5.0,94.0,0.6645541357421877,False,CALL,2026-07-31,MSFT
MSFT260731C00507500,507.5,0.49,0.01,0.82,55.0,55.0,0.6958038232421876,False,CALL,2026-07-31,MSFT
MSFT260731P00280000,280.0,0.12,0.02,0.57,1.0,102.0,0.8632826171875,False,PUT,2026-07-31,MSFT
MSFT260731P00290000,290.0,0.2,0.03,0.42,1.0,306.0,0.7539087109375,False,PUT,2026-07-31,MSFT
MSFT260731P00300000,300.0,0.18,0.01,0.52,56.0,937.0,0.6948272705078126,False,PUT,2026-07-31,MSFT
MSFT260731P00305000,305.0,0.23,0.05,0.78,31.0,202.0,0.7041045214843751,False,PUT,2026-07-31,MSFT
MSFT260731P00310000,310.0,0.4,0.1,0.59,9.0,301.0,0.6455113574218749,False,PUT,2026-07-31,MSFT
MSFT260731P00315000,315.0,0.44,0.19,0.77,22.0,494.0,0.6411168701171875,False,PUT,2026-07-31,MSFT
MSFT260731P00320000,320.0,0.62,0.26,1.22,70.0,873.0,0.6513706738281251,False,PUT,2026-07-31,MSFT
MSFT260731P00322500,322.5,0.9,0.49,1.13,3.0,1.0,0.6420934228515626,False,PUT,2026-07-31,MSFT
MSFT260731P00325000,325.0,0.8,0.75,1.11,50.0,702.0,0.63867548828125,False,PUT,2026-07-31,MSFT
MSFT260731P00327500,327.5,0.9,0.76,1.4,56.0,54.0,0.6374547973632813,False,PUT,2026-07-31,MSFT
MSFT260731P00330000,330.0,1.08,1.04,1.39,736.0,1986.0,0.6320837573242188,False,PUT,2026-07-31,MSFT
MSFT260731P00332500,332.5,1.18,1.21,1.63,24.0,24.0,0.632816171875,False,PUT,2026-07-31,MSFT
MSFT260731P00335000,335.0,1.6,1.37,1.64,6.0,803.0,0.6189002954101563,False,PUT,2026-07-31,MSFT
MSFT260731P00337500,337.5,1.6,1.58,1.83,16.0,15.0,0.6152382226562501,False,PUT,2026-07-31,MSFT
MSFT260731P00340000,340.0,2.07,1.88,2.26,12.0,2148.0,0.6235389208984375,False,PUT,2026-07-31,MSFT
MSFT260731P00342500,342.5,2.14,2.19,3.75,8.0,7.0,0.6671175866699222,False,PUT,2026-07-31,MSFT
MSFT260731P00345000,345.0,2.33,2.44,2.73,1.0,1292.0,0.614261669921875,False,PUT,2026-07-31,MSFT
MSFT260731P00347500,347.5,2.7,2.85,3.4,16.0,14.0,0.6258582336425782,False,PUT,2026-07-31,MSFT
MSFT260731P00350000,350.0,3.15,3.05,3.55,4.0,4062.0,0.6109658044433595,False,PUT,2026-07-31,MSFT
MSFT260731P00352500,352.5,3.4,3.45,4.1,132.0,105.0,0.6129189099121095,False,PUT,2026-07-31,MSFT
MSFT260731P00355000,355.0,3.83,3.85,6.65,161.0,1078.0,0.6657748266601564,False,PUT,2026-07-31,MSFT
MSFT260731P00357500,357.5,4.55,4.35,4.95,1.0,61.0,0.6055947644042969,False,PUT,2026-07-31,MSFT
MSFT260731P00360000,360.0,5.2,5.2,5.2,4.0,2769.0,0.6047402807617189,False,PUT,2026-07-31,MSFT
MSFT260731P00362500,362.5,5.14,4.55,6.0,46.0,58.0,0.5788616333007812,False,PUT,2026-07-31,MSFT
MSFT260731P00365000,365.0,6.55,6.15,6.75,1.0,1097.0,0.6031533825683595,False,PUT,2026-07-31,MSFT
MSFT260731P00367500,367.5,6.5,6.9,8.0,141.0,190.0,0.6152992572021485,False,PUT,2026-07-31,MSFT
MSFT260731P00370000,370.0,8.05,7.8,8.3,7.0,1394.0,0.6076699389648439,False,PUT,2026-07-31,MSFT
MSFT260731P00372500,372.5,8.14,8.25,9.9,36.0,57.0,0.6154823608398439,False,PUT,2026-07-31,MSFT
MSFT260731P00375000,375.0,9.6,9.25,10.05,1.0,1362.0,0.603092348022461,False,PUT,2026-07-31,MSFT
MSFT260731P00377500,377.5,10.0,10.05,10.8,40.0,91.0,0.5967447552490235,False,PUT,2026-07-31,MSFT
MSFT260731P00380000,380.0,11.55,11.1,11.95,4.0,2093.0,0.6006509661865236,False,PUT,2026-07-31,MSFT
MSFT260731P00382500,382.5,11.68,11.6,14.0,236.0,410.0,0.6086464916992189,False,PUT,2026-07-31,MSFT
MSFT260731P00385000,385.0,13.9,13.3,14.15,4.0,1120.0,0.6016885534667971,False,PUT,2026-07-31,MSFT
MSFT260731P00387500,387.5,13.5,14.05,15.4,170.0,557.0,0.5954630297851562,False,PUT,2026-07-31,MSFT
MSFT260731P00390000,390.0,15.0,15.75,16.6,126.0,835.0,0.6031533825683595,False,PUT,2026-07-31,MSFT
MSFT260731P00392500,392.5,15.95,16.9,19.15,199.0,190.0,0.6228675408935547,True,PUT,2026-07-31,MSFT
MSFT260731P00395000,395.0,19.06,18.2,19.85,10.0,1350.0,0.6104775280761721,True,PUT,2026-07-31,MSFT
MSFT260731P00397500,397.5,18.55,20.2,21.35,121.0,191.0,0.6226234027099609,True,PUT,2026-07-31,MSFT
MSFT260731P00400000,400.0,21.75,20.85,21.95,3.0,922.0,0.5928995788574221,True,PUT,2026-07-31,MSFT
MSFT260731P00402500,402.5,21.29,22.0,23.45,15.0,37.0,0.5858195715332031,True,PUT,2026-07-31,MSFT
MSFT260731P00405000,405.0,23.32,24.55,25.45,23.0,257.0,0.6110878735351564,True,PUT,2026-07-31,MSFT
MSFT260731P00407500,407.5,25.75,26.1,27.6,4.0,3.0,0.6195106408691409,True,PUT,2026-07-31,MSFT
MSFT260731P00410000,410.0,27.4,27.95,30.0,26.0,297.0,0.6365392791748048,True,PUT,2026-07-31,MSFT
MSFT260731P00412500,412.5,27.67,29.25,30.6,3.0,3.0,0.607547869873047,True,PUT,2026-07-31,MSFT
MSFT260731P00415000,415.0,29.68,31.0,33.55,4.0,103.0,0.6301306518554688,True,PUT,2026-07-31,MSFT
MSFT260731P00420000,420.0,33.17,34.15,38.1,79.0,285.0,0.6383092810058593,True,PUT,2026-07-31,MSFT
MSFT260731P00425000,425.0,36.96,39.2,42.0,15.0,113.0,0.6670565521240237,True,PUT,2026-07-31,MSFT
MSFT260731P00430000,430.0,40.9,42.4,46.1,36.0,195.0,0.6550327465820314,True,PUT,2026-07-31,MSFT
MSFT260731P00435000,435.0,45.6,46.7,50.35,40.0,251.0,0.6651644812011721,True,PUT,2026-07-31,MSFT
MSFT260731P00440000,440.0,49.01,51.05,54.65,11.0,40.0,0.6729769030761721,True,PUT,2026-07-31,MSFT
MSFT260731P00442500,442.5,51.06,53.3,57.0,2.0,2.0,0.6825593267822267,True,PUT,2026-07-31,MSFT
MSFT260731P00445000,445.0,47.06,55.45,59.3,13.0,65.0,0.6871369177246094,True,PUT,2026-07-31,MSFT
MSFT260731P00450000,450.0,60.0,60.05,63.4,3.0,96.0,0.6868927795410158,True,PUT,2026-07-31,MSFT
MSFT260731P00455000,455.0,66.78,64.7,68.0,1.0,12.0,0.6990996887207033,True,PUT,2026-07-31,MSFT
MSFT260731P00460000,460.0,66.42,69.35,72.85,2.0,55.0,0.716677637939453,True,PUT,2026-07-31,MSFT
MSFT260731P00465000,465.0,87.02,73.05,76.9,1.0,26.0,0.6604037866210939,True,PUT,2026-07-31,MSFT
MSFT260731P00470000,470.0,77.66,78.85,82.65,3.0,21.0,0.7563500927734376,True,PUT,2026-07-31,MSFT
MSFT260731P00475000,475.0,89.85,83.55,87.2,5.0,8.0,0.7565942309570313,True,PUT,2026-07-31,MSFT
MSFT260731P00480000,480.0,108.0,87.45,90.9,2.0,1.0,0.6589389575195312,True,PUT,2026-07-31,MSFT
MSFT260731P00485000,485.0,90.95,93.35,96.9,1.0,1.0,0.7927266821289063,True,PUT,2026-07-31,MSFT
MSFT260731P00495000,495.0,112.18,103.15,107.1,2.0,0.0,0.8488784643554688,True,PUT,2026-07-31,MSFT
MSFT260731P00500000,500.0,109.16,108.0,111.65,1.0,0.0,0.8443619079589844,True,PUT,2026-07-31,MSFT
MSFT260807C00280000,280.0,95.05,109.25,113.15,,3.0,0.8913585083007811,True,CALL,2026-08-07,MSFT
MSFT260807C00290000,290.0,86.8,100.0,103.85,,3.0,0.569340244140625,True,CALL,2026-08-07,MSFT
MSFT260807C00300000,300.0,96.19,89.1,93.15,6.0,88.0,0.7370631762695312,True,CALL,2026-08-07,MSFT
MSFT260807C00305000,305.0,83.02,0.0,88.2,94.0,20.0,0.7050810742187501,True,CALL,2026-08-07,MSFT
MSFT260807C00310000,310.0,88.75,79.9,83.35,5.0,28.0,0.6828644995117189,True,CALL,2026-08-07,MSFT
MSFT260807C00315000,315.0,83.78,75.1,78.5,104.0,40.0,0.659183095703125,True,CALL,2026-08-07,MSFT
MSFT260807C00320000,320.0,78.59,70.45,0.0,1.0,5.0,1.0000000000000003e-05,True,CALL,2026-08-07,MSFT
MSFT260807C00325000,325.0,59.1,66.15,69.55,1.0,2.0,0.5238084729003907,True,CALL,2026-08-07,MSFT
MSFT260807C00330000,330.0,62.9,61.25,64.45,1.0,41.0,0.6138954626464845,True,CALL,2026-08-07,MSFT
MSFT260807C00335000,335.0,57.3,56.5,59.85,1.0,22.0,0.5979044116210939,True,CALL,2026-08-07,MSFT
MSFT260807C00340000,340.0,60.83,52.8,54.85,2.0,42.0,0.5567060931396486,True,CALL,2026-08-07,MSFT
MSFT260807C00345000,345.0,51.38,47.9,51.3,1.0,90.0,0.5019581054687501,True,CALL,2026-08-07,MSFT
MSFT260807C00350000,350.0,46.9,44.3,47.15,2.0,104.0,0.5170946728515625,True,CALL,2026-08-07,MSFT
MSFT260807C00355000,355.0,45.76,39.65,43.3,4.0,131.0,0.5062305236816407,True,CALL,2026-08-07,MSFT
MSFT260807C00360000,360.0,39.58,36.7,39.45,9.0,304.0,0.5230760583496092,True,CALL,2026-08-07,MSFT
MSFT260807C00365000,365.0,37.53,33.0,35.2,18.0,613.0,0.5104419073486328,True,CALL,2026-08-07,MSFT
MSFT260807C00370000,370.0,34.27,29.65,31.85,4.0,520.0,0.5134326000976561,True,CALL,2026-08-07,MSFT
MSFT260807C00375000,375.0,27.8,26.45,28.55,11.0,303.0,0.5126391510009765,True,CALL,2026-08-07,MSFT
MSFT260807C00380000,380.0,27.4,24.3,25.35,34.0,409.0,0.5225267474365234,True,CALL,2026-08-07,MSFT
MSFT260807C00385000,385.0,24.96,21.75,22.7,29.0,415.0,0.5277146838378908,True,CALL,2026-08-07,MSFT
MSFT260807C00390000,390.0,22.15,19.35,20.1,479.0,967.0,0.5294541683959962,True,CALL,2026-08-07,MSFT
MSFT260807C00395000,395.0,17.05,16.95,17.75,14.0,644.0,0.5287522711181643,False,CALL,2026-08-07,MSFT
MSFT260807C00400000,400.0,14.6,14.9,14.9,2.0,2006.0,0.5200243310546875,False,CALL,2026-08-07,MSFT
MSFT260807C00405000,405.0,14.6,11.95,14.05,72.0,423.0,0.5210619183349607,False,CALL,2026-08-07,MSFT
MSFT260807C00410000,410.0,13.17,11.1,12.1,301.0,663.0,0.5311326184082032,False,CALL,2026-08-07,MSFT
MSFT260807C00415000,415.0,11.62,9.45,10.95,768.0,1183.0,0.536259520263672,False,CALL,2026-08-07,MSFT
MSFT260807C00420000,420.0,8.5,8.15,9.25,2.0,1829.0,0.5331467584228515,False,CALL,2026-08-07,MSFT
MSFT260807C00425000,425.0,8.89,6.3,8.15,56.0,575.0,0.5251512329101562,False,CALL,2026-08-07,MSFT
MSFT260807C00430000,430.0,7.7,5.3,7.0,100.0,738.0,0.5252122674560546,False,CALL,2026-08-07,MSFT
MSFT260807C00435000,435.0,6.63,4.6,6.1,103.0,657.0,0.5307053765869141,False,CALL,2026-08-07,MSFT
MSFT260807C00440000,440.0,5.78,3.9,5.0,103.0,952.0,0.5276536492919923,False,CALL,2026-08-07,MSFT
MSFT260807C00445000,445.0,5.0,2.87,4.7,127.0,312.0,0.5297898583984376,False,CALL,2026-08-07,MSFT
MSFT260807C00450000,450.0,4.15,3.3,3.6,142.0,2332.0,0.5437057348632813,False,CALL,2026-08-07,MSFT
MSFT260807C00455000,455.0,3.68,2.24,3.5,40.0,693.0,0.5422409057617189,False,CALL,2026-08-07,MSFT
MSFT260807C00460000,460.0,3.16,2.0,3.4,82.0,615.0,0.5598188549804688,False,CALL,2026-08-07,MSFT
MSFT260807C00465000,465.0,2.67,1.88,2.6,126.0,348.0,0.5581098876953126,False,CALL,2026-08-07,MSFT
MSFT260807C00470000,470.0,2.53,1.71,2.2,55.0,502.0,0.5638471350097658,False,CALL,2026-08-07,MSFT
MSFT260807C00475000,475.0,2.11,0.78,2.01,21.0,272.0,0.5444381494140625,False,CALL,2026-08-07,MSFT
MSFT260807C00480000,480.0,1.83,1.0,1.99,11.0,446.0,0.5754436987304687,False,CALL,2026-08-07,MSFT
MSFT260807C00485000,485.0,1.67,0.51,1.69,43.0,125.0,0.5607954077148438,False,CALL,2026-08-07,MSFT
MSFT260807C00490000,490.0,1.44,0.92,1.3,43.0,83.0,0.5827678442382812,False,CALL,2026-08-07,MSFT
MSFT260807C00495000,495.0,0.99,0.18,1.38,2.0,95.0,0.5649457568359376,False,CALL,2026-08-07,MSFT
MSFT260807C00500000,500.0,0.99,0.45,1.05,29.0,734.0,0.5803264624023439,False,CALL,2026-08-07,MSFT
MSFT260807C00505000,505.0,0.84,0.02,0.79,11.0,84.0,0.5419967675781252,False,CALL,2026-08-07,MSFT
MSFT260807P00280000,280.0,0.13,0.03,0.25,1.0,34.0,0.6210975390625001,False,PUT,2026-08-07,MSFT
MSFT260807P00290000,290.0,0.2,0.01,0.28,6.0,111.0,0.5654340332031251,False,PUT,2026-08-07,MSFT
MSFT260807P00300000,300.0,0.31,0.06,0.79,69.0,552.0,0.5932657861328126,False,PUT,2026-08-07,MSFT
MSFT260807P00305000,305.0,0.57,0.14,0.77,1.0,34.0,0.5678754150390625,False,PUT,2026-08-07,MSFT
MSFT260807P00310000,310.0,0.53,0.08,0.92,16.0,224.0,0.5449264257812501,False,PUT,2026-08-07,MSFT
MSFT260807P00315000,315.0,0.74,0.48,1.11,126.0,343.0,0.5585981640625001,False,PUT,2026-08-07,MSFT
MSFT260807P00320000,320.0,0.95,0.72,1.36,6.0,218.0,0.5544478149414063,False,PUT,2026-08-07,MSFT
MSFT260807P00325000,325.0,1.13,0.6,1.82,6.0,230.0,0.5371140039062501,False,PUT,2026-08-07,MSFT
MSFT260807P00330000,330.0,1.52,1.23,2.12,7.0,600.0,0.5421188366699221,False,PUT,2026-08-07,MSFT
MSFT260807P00335000,335.0,1.93,1.7,2.62,27.0,350.0,0.5400436621093752,False,PUT,2026-08-07,MSFT
MSFT260807P00340000,340.0,2.36,2.25,3.1,18.0,592.0,0.5334519311523438,False,PUT,2026-08-07,MSFT
MSFT260807P00345000,345.0,3.15,2.99,4.05,78.0,775.0,0.5387009020996094,False,PUT,2026-08-07,MSFT
MSFT260807P00350000,350.0,3.85,3.75,4.9,51.0,1284.0,0.5343064147949219,False,PUT,2026-08-07,MSFT
MSFT260807P00355000,355.0,4.6,4.8,5.95,88.0,866.0,0.534184345703125,False,PUT,2026-08-07,MSFT
MSFT260807P00360000,360.0,5.7,5.75,7.25,195.0,653.0,0.5304612384033205,False,PUT,2026-08-07,MSFT
MSFT260807P00365000,365.0,7.0,7.35,8.65,20.0,1005.0,0.5337571038818358,False,PUT,2026-08-07,MSFT
MSFT260807P00370000,370.0,9.15,8.6,9.7,8.0,1540.0,0.518986743774414,False,PUT,2026-08-07,MSFT
MSFT260807P00375000,375.0,10.88,10.2,11.4,3.0,428.0,0.5148363946533203,False,PUT,2026-08-07,MSFT
MSFT260807P00380000,380.0,12.15,12.55,14.15,29.0,456.0,0.5312852047729493,False,PUT,2026-08-07,MSFT
MSFT260807P00385000,385.0,13.9,14.25,15.75,39.0,203.0,0.5147143255615234,False,PUT,2026-08-07,MSFT
MSFT260807P00390000,390.0,16.52,16.9,18.35,41.0,229.0,0.5202074346923828,False,PUT,2026-08-07,MSFT
MSFT260807P00395000,395.0,18.7,19.65,20.7,122.0,263.0,0.5174303628540039,True,PUT,2026-08-07,MSFT
MSFT260807P00400000,400.0,21.54,22.05,23.5,22.0,108.0,0.5100757000732423,True,PUT,2026-08-07,MSFT
MSFT260807P00405000,405.0,24.55,25.1,26.55,4.0,514.0,0.5094653546142578,True,PUT,2026-08-07,MSFT
MSFT260807P00410000,410.0,29.48,28.9,31.3,2.0,233.0,0.5391281439208986,True,PUT,2026-08-07,MSFT
MSFT260807P00415000,415.0,30.33,31.95,33.3,20.0,272.0,0.5116015637207032,True,PUT,2026-08-07,MSFT
MSFT260807P00420000,420.0,36.77,35.35,36.95,34.0,103.0,0.5080615600585938,True,PUT,2026-08-07,MSFT
MSFT260807P00425000,425.0,37.5,39.55,43.0,1.0,13.0,0.5527998822021485,True,PUT,2026-08-07,MSFT
MSFT260807P00430000,430.0,41.86,43.75,46.9,1.0,42.0,0.5589643713378907,True,PUT,2026-08-07,MSFT
MSFT260807P00435000,435.0,44.9,47.65,51.05,1.0,3.0,0.5600629931640625,True,PUT,2026-08-07,MSFT
MSFT260807P00440000,440.0,50.19,51.5,55.05,1.0,18.0,0.5523726403808593,True,PUT,2026-08-07,MSFT
MSFT260807P00445000,445.0,62.65,56.25,59.7,1.0,13.0,0.5721478332519532,True,PUT,2026-08-07,MSFT
MSFT260807P00450000,450.0,66.84,60.45,64.15,,1.0,0.5731243859863282,True,PUT,2026-08-07,MSFT
MSFT260807P00460000,460.0,67.05,69.85,73.25,2.0,2.0,0.5938761315917969,True,PUT,2026-08-07,MSFT
MSFT260807P00465000,465.0,80.32,0.0,77.9,,1.0,0.6883576086425782,True,PUT,2026-08-07,MSFT
MSFT260807P00470000,470.0,108.92,79.3,82.6,2.0,2.0,0.6132851171875001,True,PUT,2026-08-07,MSFT
MSFT260807P00475000,475.0,105.37,84.1,88.05,,5.0,0.6459996337890624,True,PUT,2026-08-07,MSFT
MSFT260807P00480000,480.0,94.5,88.8,92.9,1.0,1.0,0.6568637829589845,True,PUT,2026-08-07,MSFT
MSFT260807P00490000,490.0,102.85,97.1,100.65,,1.0,0.5275926147460939,True,PUT,2026-08-07,MSFT
MSFT260807P00500000,500.0,116.21,107.9,111.6,1.0,1.0,0.664309997558594,True,PUT,2026-08-07,MSFT
MSFT260814C00300000,300.0,97.87,90.6,94.0,3.0,8.0,0.5207567456054687,True,CALL,2026-08-14,MSFT
MSFT260814C00305000,305.0,93.5,84.95,88.7,1.0,15.0,0.642703768310547,True,CALL,2026-08-14,MSFT
MSFT260814C00310000,310.0,78.65,80.2,83.95,,15.0,0.6278113391113282,True,CALL,2026-08-14,MSFT
MSFT260814C00320000,320.0,75.89,71.45,74.65,3.0,3.0,0.6041299353027345,True,CALL,2026-08-14,MSFT
MSFT260814C00330000,330.0,71.5,61.85,64.8,22.0,53.0,0.5422409057617189,True,CALL,2026-08-14,MSFT
MSFT260814C00335000,335.0,54.74,57.55,60.85,,1.0,0.5573164385986329,True,CALL,2026-08-14,MSFT
MSFT260814C00340000,340.0,60.54,53.05,56.55,1.0,1.0,0.5498091894531252,True,CALL,2026-08-14,MSFT
MSFT260814C00345000,345.0,55.64,49.65,52.95,11.0,12.0,0.5015918981933594,True,CALL,2026-08-14,MSFT
MSFT260814C00350000,350.0,50.17,44.65,49.65,1.0,17.0,0.5820964642333983,True,CALL,2026-08-14,MSFT
MSFT260814C00355000,355.0,53.21,40.95,44.35,1.0,10.0,0.5295457202148439,True,CALL,2026-08-14,MSFT
MSFT260814C00360000,360.0,40.65,37.95,40.95,25.0,125.0,0.5352829675292969,True,CALL,2026-08-14,MSFT
MSFT260814C00365000,365.0,38.62,34.35,38.0,1.0,9.0,0.5481612567138674,True,CALL,2026-08-14,MSFT
MSFT260814C00370000,370.0,35.36,30.65,33.5,7.0,76.0,0.513554669189453,True,CALL,2026-08-14,MSFT
MSFT260814C00375000,375.0,33.26,27.8,30.55,2.0,50.0,0.5171557073974609,True,CALL,2026-08-14,MSFT
MSFT260814C00380000,380.0,29.2,24.5,27.85,8.0,173.0,0.5220995056152342,True,CALL,2026-08-14,MSFT
MSFT260814C00385000,385.0,26.48,22.25,24.8,41.0,231.0,0.5136767382812499,True,CALL,2026-08-14,MSFT
MSFT260814C00390000,390.0,23.85,20.0,21.7,115.0,540.0,0.4997608618164063,True,CALL,2026-08-14,MSFT
MSFT260814C00395000,395.0,20.61,17.2,19.35,97.0,287.0,0.499577758178711,False,CALL,2026-08-14,MSFT
MSFT260814C00400000,400.0,18.6,15.15,17.4,207.0,602.0,0.504460521850586,False,CALL,2026-08-14,MSFT
MSFT260814C00405000,405.0,14.5,13.35,15.2,10.0,941.0,0.4989063781738281,False,CALL,2026-08-14,MSFT
MSFT260814C00410000,410.0,14.42,10.85,14.15,52.0,1433.0,0.5173998455810547,False,CALL,2026-08-14,MSFT
MSFT260814C00415000,415.0,12.69,9.45,11.8,23.0,200.0,0.49945568908691407,False,CALL,2026-08-14,MSFT
MSFT260814C00420000,420.0,11.09,8.6,11.0,157.0,433.0,0.5171251901245117,False,CALL,2026-08-14,MSFT
MSFT260814C00425000,425.0,9.68,7.05,9.9,28.0,239.0,0.5238695074462891,False,CALL,2026-08-14,MSFT
MSFT260814C00430000,430.0,8.9,5.95,8.3,40.0,292.0,0.5129443237304687,False,CALL,2026-08-14,MSFT
MSFT260814C00435000,435.0,7.75,5.05,7.1,44.0,150.0,0.5090991473388673,False,CALL,2026-08-14,MSFT
MSFT260814C00440000,440.0,6.65,5.35,7.05,145.0,1044.0,0.5106250109863282,False,CALL,2026-08-14,MSFT
MSFT260814C00445000,445.0,6.0,6.1,7.35,29.0,152.0,0.5566450585937501,False,CALL,2026-08-14,MSFT
MSFT260814C00450000,450.0,5.15,4.05,4.8,268.0,864.0,0.5034229345703125,False,CALL,2026-08-14,MSFT
MSFT260814C00455000,455.0,4.5,2.67,4.7,11.0,93.0,0.539616420288086,False,CALL,2026-08-14,MSFT
MSFT260814C00460000,460.0,4.05,2.76,3.95,57.0,318.0,0.5089160437011719,False,CALL,2026-08-14,MSFT
MSFT260814C00465000,465.0,3.76,2.21,3.55,15.0,218.0,0.5097705273437501,False,CALL,2026-08-14,MSFT
MSFT260814C00470000,470.0,3.1,1.24,3.15,8.0,209.0,0.5452315985107423,False,CALL,2026-08-14,MSFT
MSFT260814C00475000,475.0,2.71,1.49,2.95,2.0,368.0,0.5180712255859375,False,CALL,2026-08-14,MSFT
MSFT260814C00480000,480.0,2.36,0.98,2.38,5.0,108.0,0.5046436254882812,False,CALL,2026-08-14,MSFT
MSFT260814C00485000,485.0,2.09,0.76,2.06,28.0,54.0,0.5043994873046875,False,CALL,2026-08-14,MSFT
MSFT260814C00490000,490.0,1.79,0.52,2.36,11.0,50.0,0.5251512329101562,False,CALL,2026-08-14,MSFT
MSFT260814C00495000,495.0,1.56,0.33,1.97,58.0,56.0,0.5192919165039063,False,CALL,2026-08-14,MSFT
MSFT260814C00500000,500.0,1.43,0.8,2.95,160.0,312.0,0.5936319934082033,False,CALL,2026-08-14,MSFT
MSFT260814C00505000,505.0,1.01,0.18,1.49,2.0,9.0,0.5219774365234374,False,CALL,2026-08-14,MSFT
MSFT260814P00280000,280.0,0.24,0.0,0.68,1.0,24.0,0.5991251025390626,False,PUT,2026-08-14,MSFT
MSFT260814P00290000,290.0,0.48,0.01,0.52,18.0,42.0,0.524418818359375,False,PUT,2026-08-14,MSFT
MSFT260814P00300000,300.0,0.4,0.01,1.01,68.0,105.0,0.5229539892578124,False,PUT,2026-08-14,MSFT
MSFT260814P00305000,305.0,0.51,0.01,1.17,2.0,63.0,0.5075732836914062,False,PUT,2026-08-14,MSFT
MSFT260814P00310000,310.0,0.82,0.01,1.37,6.0,420.0,0.5659223095703125,False,PUT,2026-08-14,MSFT
MSFT260814P00315000,315.0,1.0,0.01,3.05,100.0,211.0,0.5478560839843751,False,PUT,2026-08-14,MSFT
MSFT260814P00320000,320.0,1.5,0.08,2.26,8.0,81.0,0.5678754150390625,False,PUT,2026-08-14,MSFT
MSFT260814P00325000,325.0,1.49,1.0,2.22,8.0,218.0,0.5318650329589845,False,PUT,2026-08-14,MSFT
MSFT260814P00330000,330.0,1.94,1.46,2.66,21.0,162.0,0.5239305419921875,False,PUT,2026-08-14,MSFT
MSFT260814P00335000,335.0,2.38,1.95,4.0,59.0,202.0,0.5059863854980469,False,PUT,2026-08-14,MSFT
MSFT260814P00340000,340.0,2.99,3.2,3.5,39.0,241.0,0.4958546508789063,False,PUT,2026-08-14,MSFT
MSFT260814P00345000,345.0,4.0,3.0,3.5,1.0,261.0,0.4598442687988281,False,PUT,2026-08-14,MSFT
MSFT260814P00350000,350.0,4.5,4.0,5.75,61.0,450.0,0.5100146655273439,False,PUT,2026-08-14,MSFT
MSFT260814P00355000,355.0,5.38,4.75,6.2,26.0,154.0,0.4852346398925781,False,PUT,2026-08-14,MSFT
MSFT260814P00360000,360.0,6.52,6.5,8.0,178.0,327.0,0.5005543109130859,False,PUT,2026-08-14,MSFT
MSFT260814P00365000,365.0,7.82,8.25,9.55,40.0,391.0,0.5015308636474609,False,PUT,2026-08-14,MSFT
MSFT260814P00370000,370.0,10.32,9.65,10.75,1.0,223.0,0.48792015991210946,False,PUT,2026-08-14,MSFT
MSFT260814P00375000,375.0,11.02,11.45,13.05,19.0,131.0,0.4991505163574219,False,PUT,2026-08-14,MSFT
MSFT260814P00380000,380.0,13.11,13.2,15.25,33.0,187.0,0.5021412091064454,False,PUT,2026-08-14,MSFT
MSFT260814P00385000,385.0,15.0,15.25,17.5,19.0,138.0,0.5015308636474609,False,PUT,2026-08-14,MSFT
MSFT260814P00390000,390.0,17.5,17.85,20.75,47.0,223.0,0.5203295037841795,False,PUT,2026-08-14,MSFT
MSFT260814P00395000,395.0,19.69,20.25,22.3,1555.0,1691.0,0.4936574072265626,True,PUT,2026-08-14,MSFT
MSFT260814P00400000,400.0,22.65,23.15,25.4,77.0,216.0,0.4996998272705079,True,PUT,2026-08-14,MSFT
MSFT260814P00405000,405.0,27.45,26.15,29.85,1.0,37.0,0.5342453802490235,True,PUT,2026-08-14,MSFT
MSFT260814P00410000,410.0,28.97,29.35,33.1,9.0,133.0,0.5360458993530274,True,PUT,2026-08-14,MSFT
MSFT260814P00415000,415.0,28.7,32.8,36.5,6.0,12.0,0.5377243493652344,True,PUT,2026-08-14,MSFT
MSFT260814P00420000,420.0,35.27,36.6,39.8,6.0,67.0,0.5329636547851562,True,PUT,2026-08-14,MSFT
MSFT260814P00425000,425.0,38.42,40.4,43.7,1.0,13.0,0.5402572830200197,True,PUT,2026-08-14,MSFT
MSFT260814P00430000,430.0,42.85,44.3,47.9,2.0,13.0,0.5014087945556642,True,PUT,2026-08-14,MSFT
MSFT260814P00435000,435.0,55.48,48.3,51.9,2.0,5.0,0.5029956927490236,True,PUT,2026-08-14,MSFT
MSFT260814P00440000,440.0,51.05,52.55,56.15,5.0,7.0,0.5090991473388673,True,PUT,2026-08-14,MSFT
MSFT260814P00450000,450.0,53.4,61.25,64.8,10.0,10.0,0.5185595019531251,True,PUT,2026-08-14,MSFT
MSFT260814P00455000,455.0,57.01,65.0,68.4,6.0,11.0,0.5585371295166017,True,PUT,2026-08-14,MSFT
MSFT260814P00460000,460.0,62.5,70.3,73.8,3.0,12.0,0.5305222729492188,True,PUT,2026-08-14,MSFT
MSFT260814P00470000,470.0,88.71,78.65,82.35,,1.0,0.5018360363769532,True,PUT,2026-08-14,MSFT
MSFT260814P00480000,480.0,98.33,88.85,92.5,,1.0,0.5533491931152343,True,PUT,2026-08-14,MSFT
MSFT260821C00275000,275.0,111.7,114.85,118.65,10.0,172.0,0.7507349145507812,True,CALL,2026-08-21,MSFT
MSFT260821C00280000,280.0,122.45,109.7,113.65,1.0,250.0,0.7192410888671875,True,CALL,2026-08-21,MSFT
MSFT260821C00285000,285.0,102.15,0.0,108.4,1.0,131.0,0.6667513793945314,True,CALL,2026-08-21,MSFT
MSFT260821C00290000,290.0,98.0,100.2,103.85,12.0,26.0,0.6726106958007814,True,CALL,2026-08-21,MSFT
MSFT260821C00295000,295.0,101.75,95.5,98.6,1.0,33.0,0.6229285754394531,True,CALL,2026-08-21,MSFT
MSFT260821C00300000,300.0,96.79,90.75,93.7,10.0,366.0,0.6003457934570313,True,CALL,2026-08-21,MSFT
MSFT260821C00305000,305.0,94.02,85.5,88.95,1.0,25.0,0.5875285388183593,True,CALL,2026-08-21,MSFT
MSFT260821C00310000,310.0,94.55,81.7,84.45,10.0,320.0,0.5875285388183593,True,CALL,2026-08-21,MSFT
MSFT260821C00315000,315.0,83.15,77.0,80.1,26.0,97.0,0.5014698291015626,True,CALL,2026-08-21,MSFT
MSFT260821C00320000,320.0,78.36,71.65,74.1,10.0,149.0,0.5062305236816407,True,CALL,2026-08-21,MSFT
MSFT260821C00325000,325.0,73.45,67.45,69.55,4.0,108.0,0.500005,True,CALL,2026-08-21,MSFT
MSFT260821C00330000,330.0,66.25,63.1,65.05,1.0,194.0,0.4928029235839845,True,CALL,2026-08-21,MSFT
MSFT260821C00335000,335.0,59.54,58.55,60.65,12.0,177.0,0.4865773999023438,True,CALL,2026-08-21,MSFT
MSFT260821C00340000,340.0,56.45,0.0,0.0,1.0,244.0,1.0000000000000003e-05,True,CALL,2026-08-21,MSFT
MSFT260821C00345000,345.0,57.01,50.25,52.25,16.0,192.0,0.478093598022461,True,CALL,2026-08-21,MSFT
MSFT260821C00350000,350.0,51.71,46.2,48.4,103.0,1203.0,0.4791922198486328,True,CALL,2026-08-21,MSFT
MSFT260821C00355000,355.0,47.0,42.6,44.6,4.0,605.0,0.4771780798339844,True,CALL,2026-08-21,MSFT
MSFT260821C00360000,360.0,43.94,39.1,42.2,63.0,1284.0,0.5078784564208985,True,CALL,2026-08-21,MSFT
MSFT260821C00365000,365.0,37.7,35.6,37.5,4.0,809.0,0.4740653179931641,True,CALL,2026-08-21,MSFT
MSFT260821C00370000,370.0,37.02,33.1,34.5,99.0,4033.0,0.4796804962158203,True,CALL,2026-08-21,MSFT
MSFT260821C00375000,375.0,30.35,30.25,30.35,4.0,2178.0,0.4544732287597656,True,CALL,2026-08-21,MSFT
MSFT260821C00380000,380.0,30.22,27.1,28.05,76.0,5857.0,0.46783979431152345,True,CALL,2026-08-21,MSFT
MSFT260821C00385000,385.0,24.9,24.2,25.05,4.0,7580.0,0.4613701324462891,True,CALL,2026-08-21,MSFT
MSFT260821C00390000,390.0,22.61,22.2,23.35,8.0,26464.0,0.4788870471191406,True,CALL,2026-08-21,MSFT
MSFT260821C00395000,395.0,22.03,19.0,20.65,749.0,7056.0,0.4710746252441406,False,CALL,2026-08-21,MSFT
MSFT260821C00400000,400.0,17.55,17.65,18.6,34.0,18657.0,0.4733634207153321,False,CALL,2026-08-21,MSFT
MSFT260821C00405000,405.0,17.58,15.1,16.3,301.0,5560.0,0.4666191033935547,False,CALL,2026-08-21,MSFT
MSFT260821C00410000,410.0,15.7,13.7,14.4,722.0,12153.0,0.46475754974365235,False,CALL,2026-08-21,MSFT
MSFT260821C00415000,415.0,13.87,12.1,12.5,2837.0,4033.0,0.45917288879394536,False,CALL,2026-08-21,MSFT
MSFT260821C00420000,420.0,10.94,10.7,11.2,3.0,13277.0,0.46368944519042965,False,CALL,2026-08-21,MSFT
MSFT260821C00425000,425.0,9.94,9.4,10.1,1.0,3343.0,0.4698234170532227,False,CALL,2026-08-21,MSFT
MSFT260821C00430000,430.0,9.59,8.0,9.5,1885.0,13542.0,0.4856313644409179,False,CALL,2026-08-21,MSFT
MSFT260821C00435000,435.0,8.65,6.75,8.05,115.0,3578.0,0.47730014892578126,False,CALL,2026-08-21,MSFT
MSFT260821C00440000,440.0,6.6,6.4,6.75,10.0,11086.0,0.4689384161376954,False,CALL,2026-08-21,MSFT
MSFT260821C00445000,445.0,6.95,5.55,6.25,158.0,3380.0,0.48016877258300783,False,CALL,2026-08-21,MSFT
MSFT260821C00450000,450.0,5.2,5.0,5.3,128.0,49838.0,0.4755301470947265,False,CALL,2026-08-21,MSFT
MSFT260821C00455000,455.0,5.3,4.0,4.9,285.0,9500.0,0.4857229162597656,False,CALL,2026-08-21,MSFT
MSFT260821C00460000,460.0,3.95,3.8,4.25,1.0,75125.0,0.48541774353027345,False,CALL,2026-08-21,MSFT
MSFT260821C00465000,465.0,4.1,2.97,4.0,74.0,3521.0,0.4975636181640626,False,CALL,2026-08-21,MSFT
MSFT260821C00470000,470.0,3.68,1.95,3.65,326.0,18459.0,0.5045825909423829,False,CALL,2026-08-21,MSFT
MSFT260821C00475000,475.0,3.2,2.67,3.05,133.0,2695.0,0.4991505163574219,False,CALL,2026-08-21,MSFT
MSFT260821C00480000,480.0,2.88,2.37,2.55,691.0,68864.0,0.4947560290527344,False,CALL,2026-08-21,MSFT
MSFT260821C00485000,485.0,2.56,2.03,2.35,76.0,1318.0,0.5026905200195313,False,CALL,2026-08-21,MSFT
MSFT260821C00490000,490.0,2.25,1.73,2.1,877.0,6792.0,0.5067188000488281,False,CALL,2026-08-21,MSFT
MSFT260821C00495000,495.0,2.05,1.45,2.26,149.0,850.0,0.5092822509765625,False,CALL,2026-08-21,MSFT
MSFT260821C00500000,500.0,1.5,0.0,0.0,2.0,138857.0,0.12500875,False,CALL,2026-08-21,MSFT
MSFT260821C00505000,505.0,1.47,1.01,1.9,59.0,1992.0,0.5148974291992188,False,CALL,2026-08-21,MSFT
MSFT260821P00275000,275.0,0.29,0.02,0.6,2.0,296.0,0.5493209130859377,False,PUT,2026-08-21,MSFT
MSFT260821P00280000,280.0,0.29,0.15,0.83,159.0,1516.0,0.5620160986328125,False,PUT,2026-08-21,MSFT
MSFT260821P00285000,285.0,0.4,0.09,0.84,63.0,594.0,0.5317429638671876,False,PUT,2026-08-21,MSFT
MSFT260821P00290000,290.0,0.43,0.37,1.02,29.0,988.0,0.5419967675781252,False,PUT,2026-08-21,MSFT
MSFT260821P00295000,295.0,0.5,0.3,1.04,20.0,781.0,0.5122119091796875,False,PUT,2026-08-21,MSFT
MSFT260821P00300000,300.0,0.64,0.5,0.77,75.0,4364.0,0.49878430908203125,False,PUT,2026-08-21,MSFT
MSFT260821P00305000,305.0,0.92,0.63,1.25,16.0,601.0,0.5201464001464844,False,PUT,2026-08-21,MSFT
MSFT260821P00310000,310.0,1.11,0.98,1.15,16.0,3497.0,0.48389187988281257,False,PUT,2026-08-21,MSFT
MSFT260821P00315000,315.0,1.23,1.22,1.6,344.0,992.0,0.49133809448242194,False,PUT,2026-08-21,MSFT
MSFT260821P00320000,320.0,1.58,1.52,1.95,241.0,3584.0,0.48560084716796875,False,PUT,2026-08-21,MSFT
MSFT260821P00325000,325.0,2.29,2.0,2.26,6.0,3111.0,0.4742484216308594,False,PUT,2026-08-21,MSFT
MSFT260821P00330000,330.0,2.62,2.5,2.76,4.0,5035.0,0.4699760034179688,False,PUT,2026-08-21,MSFT
MSFT260821P00335000,335.0,3.03,2.75,4.45,105.0,1451.0,0.5106250109863282,False,PUT,2026-08-21,MSFT
MSFT260821P00340000,340.0,4.24,3.6,4.9,2.0,8356.0,0.49359637268066414,False,PUT,2026-08-21,MSFT
MSFT260821P00345000,345.0,5.12,3.65,6.35,2.0,8166.0,0.5077563873291016,False,PUT,2026-08-21,MSFT
MSFT260821P00350000,350.0,5.76,5.6,5.9,19.0,12406.0,0.4574639215087891,False,PUT,2026-08-21,MSFT
MSFT260821P00355000,355.0,6.4,6.6,7.35,176.0,2927.0,0.464421859741211,False,PUT,2026-08-21,MSFT
MSFT260821P00360000,360.0,7.75,7.4,9.0,403.0,9758.0,0.47119669433593747,False,PUT,2026-08-21,MSFT
MSFT260821P00365000,365.0,9.78,9.35,11.35,7.0,2090.0,0.4903615417480469,False,PUT,2026-08-21,MSFT
MSFT260821P00370000,370.0,11.38,11.1,11.85,20.0,7443.0,0.45953909606933596,False,PUT,2026-08-21,MSFT
MSFT260821P00375000,375.0,13.18,13.0,13.75,2.0,3051.0,0.4591118542480469,False,PUT,2026-08-21,MSFT
MSFT260821P00380000,380.0,16.0,15.1,16.1,5.0,7310.0,0.4646049633789063,False,PUT,2026-08-21,MSFT
MSFT260821P00385000,385.0,16.5,18.0,19.1,1287.0,5118.0,0.47986359985351557,False,PUT,2026-08-21,MSFT
MSFT260821P00390000,390.0,20.05,19.75,20.65,2.0,6127.0,0.45972219970703126,False,PUT,2026-08-21,MSFT
MSFT260821P00395000,395.0,21.85,22.3,24.0,1277.0,2928.0,0.474339973449707,True,PUT,2026-08-21,MSFT
MSFT260821P00400000,400.0,24.45,25.1,27.1,1677.0,9461.0,0.47986359985351557,True,PUT,2026-08-21,MSFT
MSFT260821P00405000,405.0,29.09,28.4,29.5,1.0,1373.0,0.4666801379394532,True,PUT,2026-08-21,MSFT
MSFT260821P00410000,410.0,32.27,31.6,32.45,1.0,5573.0,0.46155323608398446,True,PUT,2026-08-21,MSFT
MSFT260821P00415000,415.0,33.4,34.35,35.55,28.0,2046.0,0.4558770233154297,True,PUT,2026-08-21,MSFT
MSFT260821P00420000,420.0,36.68,38.65,39.65,96.0,11939.0,0.46960979614257814,True,PUT,2026-08-21,MSFT
MSFT260821P00425000,425.0,40.62,42.45,44.45,34.0,846.0,0.4974720663452149,True,PUT,2026-08-21,MSFT
MSFT260821P00430000,430.0,44.4,46.35,48.35,36.0,2553.0,0.5018360363769532,True,PUT,2026-08-21,MSFT
MSFT260821P00435000,435.0,47.76,50.35,52.15,23.0,489.0,0.5008900009155274,True,PUT,2026-08-21,MSFT
MSFT260821P00440000,440.0,51.95,53.75,56.5,33.0,1943.0,0.5116015637207032,True,PUT,2026-08-21,MSFT
MSFT260821P00445000,445.0,56.03,57.9,60.7,16.0,464.0,0.5162401892089843,True,PUT,2026-08-21,MSFT
MSFT260821P00450000,450.0,62.37,62.3,65.1,27.0,2892.0,0.5243577838134765,True,PUT,2026-08-21,MSFT
MSFT260821P00455000,455.0,59.48,67.45,69.4,6.0,808.0,0.5275315802001954,True,PUT,2026-08-21,MSFT
MSFT260821P00460000,460.0,70.28,71.5,73.9,1.0,1624.0,0.5349777947998047,True,PUT,2026-08-21,MSFT
MSFT260821P00465000,465.0,68.1,75.75,78.5,9.0,345.0,0.5440719421386719,True,PUT,2026-08-21,MSFT
MSFT260821P00470000,470.0,76.01,80.35,83.05,3.0,1045.0,0.5499312585449221,True,PUT,2026-08-21,MSFT
MSFT260821P00475000,475.0,80.53,85.75,87.75,1.0,99.0,0.5206346765136718,True,PUT,2026-08-21,MSFT
MSFT260821P00480000,480.0,90.74,0.0,0.0,2.0,984.0,1.0000000000000003e-05,True,PUT,2026-08-21,MSFT
MSFT260821P00485000,485.0,97.45,94.4,97.8,1.0,76.0,0.5300339965820313,True,PUT,2026-08-21,MSFT
MSFT260821P00490000,490.0,98.42,99.2,102.5,2.0,341.0,0.5360153820800782,True,PUT,2026-08-21,MSFT
MSFT260821P00495000,495.0,102.67,104.35,107.4,1.0,71.0,0.554814022216797,True,PUT,2026-08-21,MSFT
MSFT260821P00500000,500.0,99.8,109.55,111.5,12.0,373.0,0.5534712622070312,True,PUT,2026-08-21,MSFT
MSFT260821P00505000,505.0,111.53,113.7,116.7,43.0,0.0,0.5511519494628907,True,PUT,2026-08-21,MSFT
MSFT260828C00290000,290.0,95.97,100.4,103.65,,2.0,0.5882609533691407,True,CALL,2026-08-28,MSFT
MSFT260828C00300000,300.0,84.35,91.1,94.5,6.0,7.0,0.5871623315429688,True,CALL,2026-08-28,MSFT
MSFT260828C00305000,305.0,79.25,87.1,90.8,,2.0,0.5264939929199219,True,CALL,2026-08-28,MSFT
MSFT260828C00310000,310.0,85.3,82.2,85.3,1.0,1.0,0.5701947277832031,True,CALL,2026-08-28,MSFT
MSFT260828C00320000,320.0,65.85,71.75,75.3,,1.0,0.5113574255371094,True,CALL,2026-08-28,MSFT
MSFT260828C00325000,325.0,73.65,67.6,70.75,1.0,1.0,0.5008594836425782,True,CALL,2026-08-28,MSFT
MSFT260828C00330000,330.0,57.0,62.9,66.45,,2.0,0.4974415490722657,True,CALL,2026-08-28,MSFT
MSFT260828C00340000,340.0,57.5,55.0,58.05,1.0,7.0,0.48767602172851565,True,CALL,2026-08-28,MSFT
MSFT260828C00345000,345.0,62.58,50.45,53.85,1.0,1.0,0.47839877075195314,True,CALL,2026-08-28,MSFT
MSFT260828C00350000,350.0,49.7,46.8,49.85,4.0,8.0,0.47199014343261714,True,CALL,2026-08-28,MSFT
MSFT260828C00355000,355.0,47.63,42.65,46.1,1.0,4.0,0.4689689334106446,True,CALL,2026-08-28,MSFT
MSFT260828C00360000,360.0,44.69,39.7,42.45,5.0,5.0,0.4650322052001954,True,CALL,2026-08-28,MSFT
MSFT260828C00365000,365.0,43.11,36.15,39.2,1.0,2.0,0.4668632415771484,True,CALL,2026-08-28,MSFT
MSFT260828C00370000,370.0,38.8,32.9,36.0,13.0,7.0,0.4660697924804688,True,CALL,2026-08-28,MSFT
MSFT260828C00375000,375.0,35.0,29.95,33.0,1.0,11.0,0.46603927520751964,True,CALL,2026-08-28,MSFT
MSFT260828C00380000,380.0,31.5,27.15,30.0,8.0,127.0,0.46262134063720706,True,CALL,2026-08-28,MSFT
MSFT260828C00385000,385.0,28.2,24.1,26.65,17.0,90.0,0.4491327059936523,True,CALL,2026-08-28,MSFT
MSFT260828C00390000,390.0,25.98,21.8,25.0,41.0,102.0,0.4657341024780274,True,CALL,2026-08-28,MSFT
MSFT260828C00395000,395.0,20.82,19.95,22.35,1.0,151.0,0.45950857879638674,False,CALL,2026-08-28,MSFT
MSFT260828C00400000,400.0,21.15,17.8,20.2,48.0,318.0,0.45978323425292966,False,CALL,2026-08-28,MSFT
MSFT260828C00405000,405.0,17.09,19.25,19.3,2.0,50.0,0.4813284289550781,False,CALL,2026-08-28,MSFT
MSFT260828C00410000,410.0,17.43,13.5,16.85,12.0,100.0,0.46976238250732427,False,CALL,2026-08-28,MSFT
MSFT260828C00415000,415.0,15.2,12.7,15.05,14.0,106.0,0.46796186340332036,False,CALL,2026-08-28,MSFT
MSFT260828C00420000,420.0,13.72,9.85,13.8,30.0,276.0,0.4745535943603516,False,CALL,2026-08-28,MSFT
MSFT260828C00425000,425.0,12.25,8.55,12.45,61.0,98.0,0.476567734375,False,CALL,2026-08-28,MSFT
MSFT260828C00430000,430.0,10.86,7.85,10.9,29.0,125.0,0.4715629016113281,False,CALL,2026-08-28,MSFT
MSFT260828C00435000,435.0,9.45,8.1,10.25,14.0,289.0,0.4840444662475586,False,CALL,2026-08-28,MSFT
MSFT260828C00440000,440.0,9.05,5.45,9.45,28.0,689.0,0.49133809448242194,False,CALL,2026-08-28,MSFT
MSFT260828C00445000,445.0,7.85,4.45,7.85,91.0,72.0,0.4769034243774414,False,CALL,2026-08-28,MSFT
MSFT260828C00450000,450.0,6.9,5.15,6.2,51.0,294.0,0.45654840332031255,False,CALL,2026-08-28,MSFT
MSFT260828C00455000,455.0,5.95,3.85,6.7,16.0,136.0,0.4922536126708985,False,CALL,2026-08-28,MSFT
MSFT260828C00460000,460.0,5.52,3.8,5.55,20.0,154.0,0.48071808349609374,False,CALL,2026-08-28,MSFT
MSFT260828C00465000,465.0,4.85,2.77,6.1,133.0,131.0,0.5173998455810547,False,CALL,2026-08-28,MSFT
MSFT260828C00470000,470.0,4.35,2.4,4.5,10.0,31.0,0.4872487799072266,False,CALL,2026-08-28,MSFT
MSFT260828C00475000,475.0,3.43,2.05,5.25,3.0,35.0,0.5307664111328125,False,CALL,2026-08-28,MSFT
MSFT260828C00480000,480.0,2.97,1.61,4.4,12.0,47.0,0.5208788146972656,False,CALL,2026-08-28,MSFT
MSFT260828C00485000,485.0,2.54,1.26,4.05,1.0,27.0,0.5261277856445312,False,CALL,2026-08-28,MSFT
MSFT260828C00490000,490.0,2.6,1.0,2.5,6.0,36.0,0.4791922198486328,False,CALL,2026-08-28,MSFT
MSFT260828C00495000,495.0,2.32,0.8,3.75,1.0,11.0,0.5488326367187502,False,CALL,2026-08-28,MSFT
MSFT260828C00500000,500.0,2.13,1.0,2.75,31.0,98.0,0.5224046783447265,False,CALL,2026-08-28,MSFT
MSFT260828C00505000,505.0,1.95,0.9,2.1,1.0,38.0,0.5052539709472657,False,CALL,2026-08-28,MSFT
MSFT260828P00280000,280.0,0.45,0.16,1.46,27.0,61.0,0.5559126440429689,False,PUT,2026-08-28,MSFT
MSFT260828P00290000,290.0,0.53,0.01,0.0,25.0,31.0,0.2500075,False,PUT,2026-08-28,MSFT
MSFT260828P00300000,300.0,0.9,0.01,2.99,5.0,14.0,0.5179491564941407,False,PUT,2026-08-28,MSFT
MSFT260828P00305000,305.0,1.21,0.0,3.2,361.0,371.0,0.5914347497558594,False,PUT,2026-08-28,MSFT
MSFT260828P00310000,310.0,1.5,0.48,2.51,22.0,55.0,0.5268602001953125,False,PUT,2026-08-28,MSFT
MSFT260828P00315000,315.0,1.75,0.58,2.05,5.0,27.0,0.47400428344726564,False,PUT,2026-08-28,MSFT
MSFT260828P00320000,320.0,2.28,0.96,2.5,15.0,33.0,0.47070841796875,False,PUT,2026-08-28,MSFT
MSFT260828P00325000,325.0,2.57,1.69,4.25,11.0,62.0,0.5177660528564454,False,PUT,2026-08-28,MSFT
MSFT260828P00330000,330.0,3.0,2.28,4.5,20.0,181.0,0.49670913452148446,False,PUT,2026-08-28,MSFT
MSFT260828P00335000,335.0,3.82,2.6,5.6,30.0,107.0,0.503361900024414,False,PUT,2026-08-28,MSFT
MSFT260828P00340000,340.0,4.5,3.35,5.0,48.0,168.0,0.4522149505615235,False,PUT,2026-08-28,MSFT
MSFT260828P00345000,345.0,5.02,5.05,5.5,25.0,128.0,0.436529072265625,False,PUT,2026-08-28,MSFT
MSFT260828P00350000,350.0,6.34,5.05,8.05,67.0,214.0,0.4754080780029296,False,PUT,2026-08-28,MSFT
MSFT260828P00355000,355.0,7.5,6.55,9.55,63.0,183.0,0.47839877075195314,False,PUT,2026-08-28,MSFT
MSFT260828P00360000,360.0,8.7,8.0,12.35,78.0,147.0,0.5075732836914062,False,PUT,2026-08-28,MSFT
MSFT260828P00365000,365.0,10.2,10.0,12.5,19.0,50.0,0.47199014343261714,False,PUT,2026-08-28,MSFT
MSFT260828P00370000,370.0,11.61,11.15,13.8,66.0,362.0,0.4602715106201172,False,PUT,2026-08-28,MSFT
MSFT260828P00375000,375.0,13.96,13.85,15.9,15.0,254.0,0.46252978881835943,False,PUT,2026-08-28,MSFT
MSFT260828P00380000,380.0,16.25,15.3,17.55,1.0,309.0,0.45215391601562505,False,PUT,2026-08-28,MSFT
MSFT260828P00385000,385.0,17.41,18.4,19.5,9.0,239.0,0.444768735961914,False,PUT,2026-08-28,MSFT
MSFT260828P00390000,390.0,20.0,20.2,23.4,42.0,260.0,0.47211221252441404,False,PUT,2026-08-28,MSFT
MSFT260828P00395000,395.0,22.82,22.5,26.3,17.0,40.0,0.47650669982910154,True,PUT,2026-08-28,MSFT
MSFT260828P00400000,400.0,26.67,25.35,28.0,1.0,294.0,0.45453426330566404,True,PUT,2026-08-28,MSFT
MSFT260828P00405000,405.0,28.05,28.6,32.3,7.0,48.0,0.47995515167236324,True,PUT,2026-08-28,MSFT
MSFT260828P00410000,410.0,31.4,31.7,34.7,2.0,10.0,0.465398412475586,True,PUT,2026-08-28,MSFT
MSFT260828P00415000,415.0,34.42,34.95,38.95,1.0,6.0,0.484654811706543,True,PUT,2026-08-28,MSFT
MSFT260828P00420000,420.0,39.35,38.65,42.5,4.0,28.0,0.4874929180908204,True,PUT,2026-08-28,MSFT
MSFT260828P00425000,425.0,40.28,42.3,46.15,1.0,1.0,0.48987326538085946,True,PUT,2026-08-28,MSFT
MSFT260828P00430000,430.0,43.71,46.3,49.95,1.0,5.0,0.49301654449462895,True,PUT,2026-08-28,MSFT
MSFT260828P00435000,435.0,48.58,49.4,52.8,1.0,2.0,0.4721732470703125,True,PUT,2026-08-28,MSFT
MSFT260828P00440000,440.0,62.47,54.3,57.95,,3.0,0.5014087945556642,True,PUT,2026-08-28,MSFT
MSFT260828P00445000,445.0,51.9,58.35,62.1,5.0,6.0,0.5060169027709961,True,PUT,2026-08-28,MSFT
MSFT260828P00450000,450.0,62.87,62.0,65.35,1.0,3.0,0.4854787780761719,True,PUT,2026-08-28,MSFT
MSFT260828P00455000,455.0,67.7,67.15,70.7,,2.0,0.5171557073974609,True,PUT,2026-08-28,MSFT
MSFT260828P00465000,465.0,72.4,75.95,79.7,10.0,10.0,0.5327195166015625,True,PUT,2026-08-28,MSFT
MSFT260918C00275000,275.0,113.7,116.8,119.65,1.0,26.0,0.5136767382812499,True,CALL,2026-09-18,MSFT
MSFT260918C00280000,280.0,116.18,111.5,114.6,22.0,125.0,0.5758099060058592,True,CALL,2026-09-18,MSFT
MSFT260918C00285000,285.0,103.48,105.75,109.45,1.0,819.0,0.5438278039550781,True,CALL,2026-09-18,MSFT
MSFT260918C00290000,290.0,105.0,101.35,104.5,1.0,48.0,0.5224657128906249,True,CALL,2026-09-18,MSFT
MSFT260918C00295000,295.0,93.65,96.0,99.7,2.0,41.0,0.5081836291503907,True,CALL,2026-09-18,MSFT
MSFT260918C00300000,300.0,106.2,92.35,94.45,2.0,255.0,0.4730277307128906,True,CALL,2026-09-18,MSFT
MSFT260918C00305000,305.0,94.0,87.7,90.5,1.0,119.0,0.49359637268066414,True,CALL,2026-09-18,MSFT
MSFT260918C00310000,310.0,95.4,83.0,85.85,4.0,509.0,0.4820608435058594,True,CALL,2026-09-18,MSFT
MSFT260918C00315000,315.0,84.18,78.55,81.45,1.0,4.0,0.4776663562011719,True,CALL,2026-09-18,MSFT
MSFT260918C00320000,320.0,86.52,74.75,77.75,12.0,183.0,0.4918874053955079,True,CALL,2026-09-18,MSFT
MSFT260918C00325000,325.0,82.0,69.65,72.7,5.0,47.0,0.46417772155761716,True,CALL,2026-09-18,MSFT
MSFT260918C00330000,330.0,68.75,66.2,68.75,18.0,775.0,0.46582565429687506,True,CALL,2026-09-18,MSFT
MSFT260918C00335000,335.0,64.0,61.35,64.5,22.0,79.0,0.4572808178710938,True,CALL,2026-09-18,MSFT
MSFT260918C00340000,340.0,60.7,57.5,60.4,2.0,215.0,0.45050598327636715,True,CALL,2026-09-18,MSFT
MSFT260918C00345000,345.0,58.7,53.3,56.5,49.0,89.0,0.44611149597167965,True,CALL,2026-09-18,MSFT
MSFT260918C00350000,350.0,55.48,50.15,52.85,51.0,880.0,0.4445856323242187,True,CALL,2026-09-18,MSFT
MSFT260918C00355000,355.0,51.2,46.6,48.8,10.0,426.0,0.4329585513305664,True,CALL,2026-09-18,MSFT
MSFT260918C00360000,360.0,45.15,43.7,46.05,1.0,2117.0,0.4436701141357422,True,CALL,2026-09-18,MSFT
MSFT260918C00365000,365.0,44.4,40.0,42.0,207.0,637.0,0.42804527038574225,True,CALL,2026-09-18,MSFT
MSFT260918C00370000,370.0,41.08,36.95,38.95,133.0,2893.0,0.4280757876586915,True,CALL,2026-09-18,MSFT
MSFT260918C00375000,375.0,38.0,34.0,36.0,24.0,688.0,0.4272823385620118,True,CALL,2026-09-18,MSFT
MSFT260918C00380000,380.0,34.7,31.15,33.2,378.0,4572.0,0.4265499240112305,True,CALL,2026-09-18,MSFT
MSFT260918C00385000,385.0,32.6,28.5,30.65,134.0,874.0,0.4274044076538086,True,CALL,2026-09-18,MSFT
MSFT260918C00390000,390.0,26.95,26.1,28.3,10.0,4824.0,0.4290828576660156,True,CALL,2026-09-18,MSFT
MSFT260918C00395000,395.0,25.0,24.05,25.85,4.0,831.0,0.42685509674072275,False,CALL,2026-09-18,MSFT
MSFT260918C00400000,400.0,23.25,22.0,23.45,12.0,10321.0,0.4232235412597656,False,CALL,2026-09-18,MSFT
MSFT260918C00405000,405.0,22.85,19.5,20.95,194.0,606.0,0.415746809387207,False,CALL,2026-09-18,MSFT
MSFT260918C00410000,410.0,18.89,17.6,19.25,5.0,6814.0,0.41864595031738283,False,CALL,2026-09-18,MSFT
MSFT260918C00415000,415.0,18.9,15.9,17.3,69.0,664.0,0.41547215393066406,False,CALL,2026-09-18,MSFT
MSFT260918C00420000,420.0,17.14,14.55,16.25,2843.0,10908.0,0.42484095672607425,False,CALL,2026-09-18,MSFT
MSFT260918C00425000,425.0,15.76,12.85,14.9,253.0,797.0,0.4274959594726563,False,CALL,2026-09-18,MSFT
MSFT260918C00430000,430.0,14.3,11.5,13.5,724.0,7290.0,0.42746544219970706,False,CALL,2026-09-18,MSFT
MSFT260918C00435000,435.0,12.95,10.65,11.95,67.0,260.0,0.4227962994384765,False,CALL,2026-09-18,MSFT
MSFT260918C00440000,440.0,11.45,10.0,10.8,288.0,13619.0,0.4232235412597656,False,CALL,2026-09-18,MSFT
MSFT260918C00445000,445.0,10.35,8.55,9.85,50.0,1075.0,0.42569544036865237,False,CALL,2026-09-18,MSFT
MSFT260918C00450000,450.0,8.35,8.0,8.8,10.0,31705.0,0.42447474945068364,False,CALL,2026-09-18,MSFT
MSFT260918C00455000,455.0,8.55,6.7,8.75,102.0,618.0,0.44217476776123044,False,CALL,2026-09-18,MSFT
MSFT260918C00460000,460.0,7.8,6.55,7.4,348.0,11212.0,0.4315547567749024,False,CALL,2026-09-18,MSFT
MSFT260918C00465000,465.0,7.2,5.55,6.6,3.0,760.0,0.43066975585937506,False,CALL,2026-09-18,MSFT
MSFT260918C00470000,470.0,6.5,5.05,6.4,78.0,10299.0,0.4424799404907227,False,CALL,2026-09-18,MSFT
MSFT260918C00475000,475.0,5.75,4.4,5.45,61.0,1523.0,0.43494217407226565,False,CALL,2026-09-18,MSFT
MSFT260918C00480000,480.0,5.1,3.9,4.95,294.0,10410.0,0.4370173486328125,False,CALL,2026-09-18,MSFT
MSFT260918C00485000,485.0,4.65,2.96,4.3,55.0,191.0,0.43341631042480466,False,CALL,2026-09-18,MSFT
MSFT260918C00490000,490.0,4.15,2.41,4.1,86.0,6020.0,0.44159493957519536,False,CALL,2026-09-18,MSFT
MSFT260918C00495000,495.0,3.55,2.73,3.75,25.0,139.0,0.4444025286865234,False,CALL,2026-09-18,MSFT
MSFT260918C00500000,500.0,3.3,2.51,3.55,686.0,17431.0,0.45117736328125,False,CALL,2026-09-18,MSFT
MSFT260918C00505000,505.0,3.25,1.85,4.0,66.0,317.0,0.47900911621093745,False,CALL,2026-09-18,MSFT
MSFT260918P00275000,275.0,0.74,0.4,1.21,1.0,1254.0,0.506840869140625,False,PUT,2026-09-18,MSFT
MSFT260918P00280000,280.0,0.81,0.31,1.35,4.0,894.0,0.4958546508789063,False,PUT,2026-09-18,MSFT
MSFT260918P00285000,285.0,1.01,0.48,1.52,5.0,1918.0,0.4857229162597656,False,PUT,2026-09-18,MSFT
MSFT260918P00290000,290.0,1.0,0.68,1.72,42.0,1683.0,0.4762015270996094,False,PUT,2026-09-18,MSFT
MSFT260918P00295000,295.0,1.35,0.86,1.79,103.0,958.0,0.458135301513672,False,PUT,2026-09-18,MSFT
MSFT260918P00300000,300.0,1.59,1.13,2.17,183.0,5520.0,0.4561211614990235,False,PUT,2026-09-18,MSFT
MSFT260918P00305000,305.0,2.13,1.48,2.52,27.0,349.0,0.44995667236328124,False,PUT,2026-09-18,MSFT
MSFT260918P00310000,310.0,2.41,1.88,3.5,61.0,5570.0,0.4666191033935547,False,PUT,2026-09-18,MSFT
MSFT260918P00315000,315.0,2.68,2.31,4.15,32.0,278.0,0.46533737792968755,False,PUT,2026-09-18,MSFT
MSFT260918P00320000,320.0,3.15,2.75,4.7,48.0,6517.0,0.45825737060546884,False,PUT,2026-09-18,MSFT
MSFT260918P00325000,325.0,4.0,3.6,4.65,60.0,372.0,0.43158527404785163,False,PUT,2026-09-18,MSFT
MSFT260918P00330000,330.0,4.45,3.4,6.1,42.0,9985.0,0.44696597961425777,False,PUT,2026-09-18,MSFT
MSFT260918P00335000,335.0,5.41,5.25,6.3,8.0,463.0,0.42578699218750005,False,PUT,2026-09-18,MSFT
MSFT260918P00340000,340.0,6.15,6.15,7.45,395.0,7115.0,0.42694664855957043,False,PUT,2026-09-18,MSFT
MSFT260918P00345000,345.0,7.1,6.8,9.0,16.0,813.0,0.4338435522460938,False,PUT,2026-09-18,MSFT
MSFT260918P00350000,350.0,8.3,8.55,9.85,305.0,11085.0,0.4227962994384765,False,PUT,2026-09-18,MSFT
MSFT260918P00355000,355.0,9.75,10.0,11.3,52.0,569.0,0.4219418157958984,False,PUT,2026-09-18,MSFT
MSFT260918P00360000,360.0,11.0,10.75,13.15,226.0,10790.0,0.4258480267333985,False,PUT,2026-09-18,MSFT
MSFT260918P00365000,365.0,12.55,12.9,14.9,43.0,568.0,0.4250545776367188,False,PUT,2026-09-18,MSFT
MSFT260918P00370000,370.0,14.45,13.55,17.4,196.0,8625.0,0.43457596679687505,False,PUT,2026-09-18,MSFT
MSFT260918P00375000,375.0,16.23,16.5,18.65,27.0,1640.0,0.42035491760253907,False,PUT,2026-09-18,MSFT
MSFT260918P00380000,380.0,18.42,18.75,20.8,135.0,9192.0,0.418951123046875,False,PUT,2026-09-18,MSFT
MSFT260918P00385000,385.0,20.36,21.1,23.25,123.0,643.0,0.41995819305419924,False,PUT,2026-09-18,MSFT
MSFT260918P00390000,390.0,22.75,23.65,25.55,136.0,7887.0,0.41617405120849604,False,PUT,2026-09-18,MSFT
MSFT260918P00395000,395.0,25.3,26.35,28.4,160.0,499.0,0.4187375021362304,True,PUT,2026-09-18,MSFT
MSFT260918P00400000,400.0,28.1,29.2,31.1,315.0,10404.0,0.41666232757568356,True,PUT,2026-09-18,MSFT
MSFT260918P00405000,405.0,30.8,31.95,34.35,60.0,213.0,0.4209652630615235,True,PUT,2026-09-18,MSFT
MSFT260918P00410000,410.0,34.1,34.9,37.3,15.0,5615.0,0.4183712948608398,True,PUT,2026-09-18,MSFT
MSFT260918P00415000,415.0,37.25,38.05,40.85,19.0,143.0,0.4232235412597656,True,PUT,2026-09-18,MSFT
MSFT260918P00420000,420.0,42.56,40.85,44.25,1.0,5663.0,0.4237118176269531,True,PUT,2026-09-18,MSFT
MSFT260918P00425000,425.0,43.66,45.45,47.85,21.0,113.0,0.4255123367309571,True,PUT,2026-09-18,MSFT
MSFT260918P00430000,430.0,47.78,48.7,51.6,60.0,2890.0,0.428014753112793,True,PUT,2026-09-18,MSFT
MSFT260918P00435000,435.0,53.7,52.65,55.45,37.0,85.0,0.4304866522216797,True,PUT,2026-09-18,MSFT
MSFT260918P00440000,440.0,52.01,56.5,59.45,1.0,5010.0,0.43396562133789063,True,PUT,2026-09-18,MSFT
MSFT260918P00445000,445.0,64.25,60.6,63.4,2.0,147.0,0.4349116567993164,True,PUT,2026-09-18,MSFT
MSFT260918P00450000,450.0,62.9,64.55,67.55,13.0,3671.0,0.4380854531860352,True,PUT,2026-09-18,MSFT
MSFT260918P00455000,455.0,69.36,68.9,71.75,1.0,13.0,0.4408014904785156,True,PUT,2026-09-18,MSFT
MSFT260918P00460000,460.0,71.5,73.05,76.05,7.0,4874.0,0.4441583905029296,True,PUT,2026-09-18,MSFT
MSFT260918P00465000,465.0,75.03,77.55,80.35,1.0,91.0,0.4461725305175781,True,PUT,2026-09-18,MSFT
MSFT260918P00470000,470.0,80.2,81.9,85.3,22.0,2533.0,0.4618584088134766,True,PUT,2026-09-18,MSFT
MSFT260918P00475000,475.0,88.7,86.55,89.25,10.0,10.0,0.45325253784179687,True,PUT,2026-09-18,MSFT
MSFT260918P00480000,480.0,91.91,0.0,0.0,2.0,2109.0,1.0000000000000003e-05,True,PUT,2026-09-18,MSFT
MSFT260918P00485000,485.0,93.4,94.2,97.85,4.0,13.0,0.44714908325195313,True,PUT,2026-09-18,MSFT
MSFT260918P00490000,490.0,92.18,100.1,103.0,30.0,986.0,0.4657646197509766,True,PUT,2026-09-18,MSFT
MSFT260918P00495000,495.0,101.05,105.05,107.95,4.0,7.0,0.47852083984375,True,PUT,2026-09-18,MSFT
MSFT260918P00500000,500.0,106.78,109.7,112.8,15.0,790.0,0.4880422290039063,True,PUT,2026-09-18,MSFT
MSFT260918P00505000,505.0,113.6,114.5,117.65,6.0,26.0,0.4971058590698243,True,PUT,2026-09-18,MSFT
MSFT261016C00280000,280.0,81.42,112.8,116.3,3.0,30.0,0.5410202148437502,True,CALL,2026-10-16,MSFT
MSFT261016C00290000,290.0,109.18,103.6,106.65,1.0,10.0,0.5081836291503907,True,CALL,2026-10-16,MSFT
MSFT261016C00295000,295.0,101.8,98.45,101.85,107.0,76.0,0.49231464721679696,True,CALL,2026-10-16,MSFT
MSFT261016C00300000,300.0,100.65,94.45,96.7,11.0,261.0,0.4660697924804688,True,CALL,2026-10-16,MSFT
MSFT261016C00305000,305.0,81.3,89.9,93.1,1.0,84.0,0.4823049816894531,True,CALL,2026-10-16,MSFT
MSFT261016C00310000,310.0,90.0,85.5,88.45,1.0,79.0,0.46851117431640626,True,CALL,2026-10-16,MSFT
MSFT261016C00315000,315.0,74.04,81.2,84.35,23.0,16.0,0.4669242761230469,True,CALL,2026-10-16,MSFT
MSFT261016C00320000,320.0,80.8,76.8,80.15,1.0,191.0,0.4613396151733399,True,CALL,2026-10-16,MSFT
MSFT261016C00325000,325.0,70.33,72.75,76.1,3.0,67.0,0.45740288696289066,True,CALL,2026-10-16,MSFT
MSFT261016C00330000,330.0,74.93,68.7,72.0,20.0,160.0,0.45096374237060544,True,CALL,2026-10-16,MSFT
MSFT261016C00335000,335.0,74.66,65.0,68.1,8.0,36.0,0.446843910522461,True,CALL,2026-10-16,MSFT
MSFT261016C00340000,340.0,73.0,61.05,64.15,3.0,117.0,0.4403437313842773,True,CALL,2026-10-16,MSFT
MSFT261016C00345000,345.0,61.95,57.55,60.6,1.0,116.0,0.4391535577392578,True,CALL,2026-10-16,MSFT
MSFT261016C00350000,350.0,59.0,53.7,57.05,61.0,464.0,0.4361628649902344,True,CALL,2026-10-16,MSFT
MSFT261016C00355000,355.0,54.32,50.3,53.65,2.0,485.0,0.43387406951904295,True,CALL,2026-10-16,MSFT
MSFT261016C00360000,360.0,51.25,47.15,50.25,12.0,1275.0,0.4299068240356446,True,CALL,2026-10-16,MSFT
MSFT261016C00365000,365.0,49.1,44.4,46.75,46.0,294.0,0.4230099203491211,True,CALL,2026-10-16,MSFT
MSFT261016C00370000,370.0,45.7,41.4,43.75,27.0,892.0,0.4216671603393555,True,CALL,2026-10-16,MSFT
MSFT261016C00375000,375.0,40.61,38.5,40.85,3.0,1238.0,0.4200039689636231,True,CALL,2026-10-16,MSFT
MSFT261016C00380000,380.0,39.81,35.75,38.1,161.0,2039.0,0.41870698486328123,True,CALL,2026-10-16,MSFT
MSFT261016C00385000,385.0,37.0,33.1,35.5,60.0,1468.0,0.4177914666748046,True,CALL,2026-10-16,MSFT
MSFT261016C00390000,390.0,33.8,30.6,33.1,120.0,2109.0,0.41782198394775383,True,CALL,2026-10-16,MSFT
MSFT261016C00395000,395.0,31.65,28.45,31.3,67.0,1510.0,0.42407802490234375,False,CALL,2026-10-16,MSFT
MSFT261016C00400000,400.0,29.37,26.1,28.55,475.0,3547.0,0.41641818939208974,False,CALL,2026-10-16,MSFT
MSFT261016C00405000,405.0,28.05,24.0,26.5,48.0,3478.0,0.41629612030029295,False,CALL,2026-10-16,MSFT
MSFT261016C00410000,410.0,25.48,22.05,24.6,84.0,2914.0,0.41663181030273433,False,CALL,2026-10-16,MSFT
MSFT261016C00415000,415.0,23.75,20.05,22.8,44.0,1554.0,0.4168149139404296,False,CALL,2026-10-16,MSFT
MSFT261016C00420000,420.0,21.45,18.45,20.5,300.0,4673.0,0.4088804229736328,False,CALL,2026-10-16,MSFT
MSFT261016C00425000,425.0,20.0,16.9,18.7,374.0,1497.0,0.4060423165893554,False,CALL,2026-10-16,MSFT
MSFT261016C00430000,430.0,18.44,15.4,17.45,29.0,1387.0,0.40927714752197264,False,CALL,2026-10-16,MSFT
MSFT261016C00435000,435.0,17.15,14.05,16.1,15.0,1953.0,0.40985697570800783,False,CALL,2026-10-16,MSFT
MSFT261016C00440000,440.0,15.6,12.9,15.55,124.0,2376.0,0.4206295730590821,False,CALL,2026-10-16,MSFT
MSFT261016C00445000,445.0,14.3,11.65,14.4,35.0,1057.0,0.4217892294311524,False,CALL,2026-10-16,MSFT
MSFT261016C00450000,450.0,12.8,10.9,12.2,177.0,7284.0,0.40570662658691403,False,CALL,2026-10-16,MSFT
MSFT261016C00455000,455.0,12.0,9.95,11.25,22.0,799.0,0.40704938659667966,False,CALL,2026-10-16,MSFT
MSFT261016C00460000,460.0,11.2,9.05,10.2,102.0,4238.0,0.4055845574951171,False,CALL,2026-10-16,MSFT
MSFT261016C00465000,465.0,10.1,8.2,9.5,36.0,723.0,0.4087583538818359,False,CALL,2026-10-16,MSFT
MSFT261016C00470000,470.0,9.25,7.75,8.85,32.0,2959.0,0.4118711157226562,False,CALL,2026-10-16,MSFT
MSFT261016C00475000,475.0,8.5,6.75,8.05,18.0,1249.0,0.41129128753662114,False,CALL,2026-10-16,MSFT
MSFT261016C00480000,480.0,7.9,6.15,7.45,91.0,1860.0,0.4133664620971679,False,CALL,2026-10-16,MSFT
MSFT261016C00485000,485.0,7.45,5.0,7.6,7.0,1146.0,0.4293269958496094,False,CALL,2026-10-16,MSFT
MSFT261016C00490000,490.0,6.8,5.15,6.2,29.0,915.0,0.41358008300781246,False,CALL,2026-10-16,MSFT
MSFT261016C00495000,495.0,6.0,4.65,5.9,3.0,1399.0,0.4192257785034179,False,CALL,2026-10-16,MSFT
MSFT261016C00500000,500.0,5.45,4.25,5.2,3571.0,3725.0,0.4151364639282227,False,CALL,2026-10-16,MSFT
MSFT261016P00280000,280.0,1.4,0.98,1.5,8.0,1153.0,0.4193173303222656,False,PUT,2026-10-16,MSFT
MSFT261016P00290000,290.0,2.08,1.5,2.55,6.0,662.0,0.43164630859375,False,PUT,2026-10-16,MSFT
MSFT261016P00295000,295.0,2.29,1.84,3.2,38.0,1462.0,0.43659010681152344,False,PUT,2026-10-16,MSFT
MSFT261016P00300000,300.0,2.69,1.94,3.3,12.0,10494.0,0.41992767578125,False,PUT,2026-10-16,MSFT
MSFT261016P00305000,305.0,3.4,2.34,4.4,5.0,1006.0,0.43396562133789063,False,PUT,2026-10-16,MSFT
MSFT261016P00310000,310.0,3.65,3.1,4.3,33.0,3072.0,0.4101621484375,False,PUT,2026-10-16,MSFT
MSFT261016P00315000,315.0,4.33,3.7,5.2,1.0,4059.0,0.41345801391601555,False,PUT,2026-10-16,MSFT
MSFT261016P00320000,320.0,4.95,4.4,6.55,82.0,5139.0,0.42435268035888674,False,PUT,2026-10-16,MSFT
MSFT261016P00325000,325.0,5.6,5.7,6.75,87.0,1493.0,0.40650007568359375,False,PUT,2026-10-16,MSFT
MSFT261016P00330000,330.0,6.57,6.5,7.7,21.0,3273.0,0.4041197283935547,False,PUT,2026-10-16,MSFT
MSFT261016P00335000,335.0,7.78,7.55,8.85,234.0,1558.0,0.4036619692993164,False,PUT,2026-10-16,MSFT
MSFT261016P00340000,340.0,8.9,8.75,10.05,55.0,1814.0,0.4020750711059571,False,PUT,2026-10-16,MSFT
MSFT261016P00345000,345.0,9.8,9.15,11.75,48.0,1605.0,0.4070799038696289,False,PUT,2026-10-16,MSFT
MSFT261016P00350000,350.0,11.0,10.65,13.15,42.0,5092.0,0.404730073852539,False,PUT,2026-10-16,MSFT
MSFT261016P00355000,355.0,13.0,12.6,14.65,20.0,1605.0,0.4021361056518554,False,PUT,2026-10-16,MSFT
MSFT261016P00360000,360.0,14.2,13.05,14.0,135.0,4010.0,0.365515378112793,False,PUT,2026-10-16,MSFT
MSFT261016P00365000,365.0,15.65,16.1,18.15,25.0,2168.0,0.39908437835693367,False,PUT,2026-10-16,MSFT
MSFT261016P00370000,370.0,17.8,17.15,20.25,39.0,2880.0,0.3998167929077149,False,PUT,2026-10-16,MSFT
MSFT261016P00375000,375.0,19.45,20.75,22.3,30.0,1667.0,0.39798575653076174,False,PUT,2026-10-16,MSFT
MSFT261016P00380000,380.0,21.6,21.85,24.4,45.0,5421.0,0.395086615600586,False,PUT,2026-10-16,MSFT
MSFT261016P00385000,385.0,24.2,24.25,26.85,49.0,1770.0,0.39514765014648445,False,PUT,2026-10-16,MSFT
MSFT261016P00390000,390.0,28.06,26.85,29.4,2.0,2571.0,0.3947814428710938,False,PUT,2026-10-16,MSFT
MSFT261016P00395000,395.0,28.74,29.45,32.0,892.0,1365.0,0.39337764831542965,True,PUT,2026-10-16,MSFT
MSFT261016P00400000,400.0,33.45,32.1,34.65,2.0,4204.0,0.3909667837524414,True,PUT,2026-10-16,MSFT
MSFT261016P00405000,405.0,34.7,35.15,37.8,14.0,880.0,0.39339290695190426,True,PUT,2026-10-16,MSFT
MSFT261016P00410000,410.0,37.3,38.15,40.9,6.0,3465.0,0.39359126922607424,True,PUT,2026-10-16,MSFT
MSFT261016P00415000,415.0,37.66,41.35,44.15,5.0,590.0,0.39420161468505865,True,PUT,2026-10-16,MSFT
MSFT261016P00420000,420.0,45.55,44.7,47.45,13.0,2261.0,0.39398799377441407,True,PUT,2026-10-16,MSFT
MSFT261016P00425000,425.0,47.2,47.85,51.1,13.0,449.0,0.3970092037963867,True,PUT,2026-10-16,MSFT
MSFT261016P00430000,430.0,50.6,51.5,54.65,13.0,1405.0,0.39731437652587887,True,PUT,2026-10-16,MSFT
MSFT261016P00435000,435.0,50.41,55.15,58.45,3.0,273.0,0.3997557583618164,True,PUT,2026-10-16,MSFT
MSFT261016P00440000,440.0,60.15,59.0,62.15,16.0,284.0,0.3994505856323243,True,PUT,2026-10-16,MSFT
MSFT261016P00445000,445.0,63.32,62.85,65.65,10.0,172.0,0.3947509255981446,True,PUT,2026-10-16,MSFT
MSFT261016P00450000,450.0,59.0,66.85,69.55,4.0,465.0,0.3946288565063477,True,PUT,2026-10-16,MSFT
MSFT261016P00455000,455.0,80.87,70.8,73.85,10.0,219.0,0.39963368927001963,True,PUT,2026-10-16,MSFT
MSFT261016P00460000,460.0,65.8,75.1,78.3,1.0,125.0,0.40619490295410154,True,PUT,2026-10-16,MSFT
MSFT261016P00465000,465.0,76.98,79.3,82.5,1.0,176.0,0.4076597320556641,True,PUT,2026-10-16,MSFT
MSFT261016P00470000,470.0,80.1,83.65,86.45,1.0,115.0,0.40360093475341796,True,PUT,2026-10-16,MSFT
MSFT261016P00475000,475.0,119.0,88.0,91.0,2.0,97.0,0.40918559570312496,True,PUT,2026-10-16,MSFT
MSFT261016P00480000,480.0,100.73,92.35,95.45,6.0,107.0,0.41214577117919915,True,PUT,2026-10-16,MSFT
MSFT261016P00485000,485.0,117.55,96.9,99.65,2.0,5.0,0.40915507843017573,True,PUT,2026-10-16,MSFT
MSFT261016P00490000,490.0,100.93,101.45,104.35,1.0,104.0,0.4154111193847656,True,PUT,2026-10-16,MSFT
MSFT261016P00495000,495.0,105.8,106.0,108.9,1.0,47.0,0.41785250122070305,True,PUT,2026-10-16,MSFT
MSFT261016P00500000,500.0,110.4,110.6,113.45,1.0,155.0,0.4194699166870117,True,PUT,2026-10-16,MSFT
MSFT261120C00275000,275.0,129.4,120.5,123.65,1.0,16.0,0.5408371112060548,True,CALL,2026-11-20,MSFT
MSFT261120C00280000,280.0,127.0,115.1,118.2,2.0,32.0,0.5090991473388673,True,CALL,2026-11-20,MSFT
MSFT261120C00285000,285.0,107.85,110.65,113.9,34.0,28.0,0.5056201782226561,True,CALL,2026-11-20,MSFT
MSFT261120C00290000,290.0,103.95,106.3,109.25,2.0,22.0,0.4931691308593751,True,CALL,2026-11-20,MSFT
MSFT261120C00295000,295.0,99.35,102.7,105.95,2.0,38.0,0.5084888018798828,True,CALL,2026-11-20,MSFT
MSFT261120C00300000,300.0,99.2,98.4,101.35,1.0,108.0,0.49527482269287115,True,CALL,2026-11-20,MSFT
MSFT261120C00305000,305.0,93.95,93.45,96.5,10.0,50.0,0.47708652801513673,True,CALL,2026-11-20,MSFT
MSFT261120C00310000,310.0,82.05,89.05,92.3,4.0,38.0,0.47067790069580084,True,CALL,2026-11-20,MSFT
MSFT261120C00315000,315.0,78.1,85.0,87.6,2.0,35.0,0.45474788421630863,True,CALL,2026-11-20,MSFT
MSFT261120C00320000,320.0,87.01,81.0,84.25,1.0,82.0,0.46097340789794927,True,CALL,2026-11-20,MSFT
MSFT261120C00325000,325.0,74.45,77.25,80.6,2.0,31.0,0.4604240969848633,True,CALL,2026-11-20,MSFT
MSFT261120C00330000,330.0,79.3,73.55,76.65,5.0,230.0,0.4540154696655273,True,CALL,2026-11-20,MSFT
MSFT261120C00335000,335.0,77.0,69.55,72.95,1.0,77.0,0.45026184509277345,True,CALL,2026-11-20,MSFT
MSFT261120C00340000,340.0,70.7,66.25,69.5,40.0,129.0,0.44885805053710937,True,CALL,2026-11-20,MSFT
MSFT261120C00345000,345.0,67.0,62.85,65.9,1.0,188.0,0.4441583905029296,True,CALL,2026-11-20,MSFT
MSFT261120C00350000,350.0,63.75,59.45,62.55,43.0,996.0,0.4416864913940429,True,CALL,2026-11-20,MSFT
MSFT261120C00355000,355.0,58.1,55.95,59.4,2.0,215.0,0.44052683502197265,True,CALL,2026-11-20,MSFT
MSFT261120C00360000,360.0,63.56,53.0,55.55,34.0,323.0,0.42957113403320313,True,CALL,2026-11-20,MSFT
MSFT261120C00365000,365.0,54.0,49.75,53.25,1.0,232.0,0.43637648590087885,True,CALL,2026-11-20,MSFT
MSFT261120C00370000,370.0,50.85,47.6,50.0,15.0,1054.0,0.43054768676757815,True,CALL,2026-11-20,MSFT
MSFT261120C00375000,375.0,46.4,44.8,47.45,79.0,880.0,0.43173786041259765,True,CALL,2026-11-20,MSFT
MSFT261120C00380000,380.0,46.5,42.15,44.65,6.0,689.0,0.42886923675537114,True,CALL,2026-11-20,MSFT
MSFT261120C00385000,385.0,44.15,39.75,42.0,4.0,830.0,0.4265804412841797,True,CALL,2026-11-20,MSFT
MSFT261120C00390000,390.0,40.5,37.1,40.35,64.0,1120.0,0.4342707940673829,True,CALL,2026-11-20,MSFT
MSFT261120C00395000,395.0,36.26,36.0,37.35,2.0,1337.0,0.4258632853698731,False,CALL,2026-11-20,MSFT
MSFT261120C00400000,400.0,35.7,32.6,35.1,196.0,4502.0,0.4246578530883789,False,CALL,2026-11-20,MSFT
MSFT261120C00405000,405.0,34.35,30.5,33.15,45.0,1056.0,0.42569544036865237,False,CALL,2026-11-20,MSFT
MSFT261120C00410000,410.0,31.5,28.5,31.1,162.0,1048.0,0.42455104263305665,False,CALL,2026-11-20,MSFT
MSFT261120C00415000,415.0,30.55,26.3,29.3,6.0,906.0,0.4251308708190918,False,CALL,2026-11-20,MSFT
MSFT261120C00420000,420.0,26.2,25.6,27.3,10.0,2124.0,0.42249112670898437,False,CALL,2026-11-20,MSFT
MSFT261120C00425000,425.0,26.2,23.1,25.75,27.0,1552.0,0.4238644039916992,False,CALL,2026-11-20,MSFT
MSFT261120C00430000,430.0,24.8,21.5,24.25,21.0,1489.0,0.42484095672607425,False,CALL,2026-11-20,MSFT
MSFT261120C00435000,435.0,23.1,19.95,22.0,16.0,798.0,0.41628086166381834,False,CALL,2026-11-20,MSFT
MSFT261120C00440000,440.0,21.5,18.55,20.6,60.0,2051.0,0.41644870666503897,False,CALL,2026-11-20,MSFT
MSFT261120C00445000,445.0,20.5,17.25,19.3,21.0,997.0,0.41687594848632803,False,CALL,2026-11-20,MSFT
MSFT261120C00450000,450.0,18.54,16.0,18.05,114.0,5115.0,0.41702853485107416,False,CALL,2026-11-20,MSFT
MSFT261120C00455000,455.0,17.5,14.75,17.45,28.0,763.0,0.4243069044494629,False,CALL,2026-11-20,MSFT
MSFT261120C00460000,460.0,15.3,14.2,15.3,141.0,3126.0,0.41144387390136716,False,CALL,2026-11-20,MSFT
MSFT261120C00465000,465.0,15.35,12.75,14.8,25.0,633.0,0.41853913986206054,False,CALL,2026-11-20,MSFT
MSFT261120C00470000,470.0,14.4,11.8,13.85,25.0,1084.0,0.41914948532104496,False,CALL,2026-11-20,MSFT
MSFT261120C00475000,475.0,13.15,10.95,13.0,23.0,1007.0,0.42035491760253907,False,CALL,2026-11-20,MSFT
MSFT261120C00480000,480.0,12.22,10.05,12.0,317.0,20667.0,0.41870698486328123,False,CALL,2026-11-20,MSFT
MSFT261120C00485000,485.0,11.65,9.3,12.05,15.0,703.0,0.43129535995483403,False,CALL,2026-11-20,MSFT
MSFT261120C00490000,490.0,10.85,8.55,11.1,38.0,944.0,0.42911337493896484,False,CALL,2026-11-20,MSFT
MSFT261120C00495000,495.0,10.1,8.9,9.55,11.0,890.0,0.4167538793945312,False,CALL,2026-11-20,MSFT
MSFT261120C00500000,500.0,9.1,7.25,9.0,193.0,3627.0,0.4187680194091796,False,CALL,2026-11-20,MSFT
MSFT261120C00505000,505.0,8.9,7.1,8.4,16.0,368.0,0.4193478475952148,False,CALL,2026-11-20,MSFT
MSFT261120P00275000,275.0,2.36,2.13,3.6,4.0,274.0,0.4534966760253906,False,PUT,2026-11-20,MSFT
MSFT261120P00280000,280.0,2.9,1.95,4.15,3.0,2328.0,0.4519708123779297,False,PUT,2026-11-20,MSFT
MSFT261120P00285000,285.0,3.4,2.34,4.45,1.0,230.0,0.44196114685058596,False,PUT,2026-11-20,MSFT
MSFT261120P00290000,290.0,3.72,2.72,5.15,2.0,2200.0,0.4417780432128906,False,PUT,2026-11-20,MSFT
MSFT261120P00295000,295.0,4.1,3.2,5.6,8.0,336.0,0.4338435522460938,False,PUT,2026-11-20,MSFT
MSFT261120P00300000,300.0,4.7,4.55,5.6,137.0,3453.0,0.41486180847167964,False,PUT,2026-11-20,MSFT
MSFT261120P00305000,305.0,5.6,5.25,6.3,10.0,744.0,0.4115049084472656,False,PUT,2026-11-20,MSFT
MSFT261120P00310000,310.0,6.1,6.3,7.55,39.0,1173.0,0.41785250122070305,False,PUT,2026-11-20,MSFT
MSFT261120P00315000,315.0,7.0,6.2,8.7,87.0,1927.0,0.41974457214355465,False,PUT,2026-11-20,MSFT
MSFT261120P00320000,320.0,7.85,7.1,9.65,18.0,1065.0,0.4162656030273437,False,PUT,2026-11-20,MSFT
MSFT261120P00325000,325.0,9.0,8.95,10.25,34.0,2120.0,0.4057676611328125,False,PUT,2026-11-20,MSFT
MSFT261120P00330000,330.0,9.95,10.1,11.4,49.0,1775.0,0.40335679656982426,False,PUT,2026-11-20,MSFT
MSFT261120P00335000,335.0,11.5,11.0,13.05,9.0,790.0,0.40704938659667966,False,PUT,2026-11-20,MSFT
MSFT261120P00340000,340.0,12.85,12.4,14.4,10.0,980.0,0.4046080047607422,False,PUT,2026-11-20,MSFT
MSFT261120P00345000,345.0,14.2,13.9,15.95,10.0,1194.0,0.4035704174804688,False,PUT,2026-11-20,MSFT
MSFT261120P00350000,350.0,15.65,15.1,17.6,32.0,4573.0,0.4024717956542969,False,PUT,2026-11-20,MSFT
MSFT261120P00355000,355.0,17.05,17.25,19.25,39.0,2879.0,0.39999989654541024,False,PUT,2026-11-20,MSFT
MSFT261120P00360000,360.0,18.85,19.1,21.15,25.0,3221.0,0.3993590338134766,False,PUT,2026-11-20,MSFT
MSFT261120P00365000,365.0,20.7,20.0,23.2,11.0,2211.0,0.3991759301757813,False,PUT,2026-11-20,MSFT
MSFT261120P00370000,370.0,22.7,22.5,25.15,51.0,5713.0,0.39645989288330086,False,PUT,2026-11-20,MSFT
MSFT261120P00375000,375.0,25.05,24.8,27.35,37.0,1445.0,0.39539178833007815,False,PUT,2026-11-20,MSFT
MSFT261120P00380000,380.0,26.9,27.1,29.65,78.0,2491.0,0.39420161468505865,False,PUT,2026-11-20,MSFT
MSFT261120P00385000,385.0,29.3,29.4,32.05,39.0,1114.0,0.39288937194824214,False,PUT,2026-11-20,MSFT
MSFT261120P00390000,390.0,31.45,31.3,34.7,30.0,2021.0,0.39313351013183595,False,PUT,2026-11-20,MSFT
MSFT261120P00395000,395.0,34.25,34.6,37.25,40.0,1272.0,0.39102781829833977,True,PUT,2026-11-20,MSFT
MSFT261120P00400000,400.0,37.0,37.35,40.0,19.0,3468.0,0.3899597137451172,True,PUT,2026-11-20,MSFT
MSFT261120P00405000,405.0,39.95,40.25,43.0,35.0,627.0,0.3904479901123047,True,PUT,2026-11-20,MSFT
MSFT261120P00410000,410.0,42.25,43.25,45.85,6.0,2234.0,0.38812867736816403,True,PUT,2026-11-20,MSFT
MSFT261120P00415000,415.0,45.3,46.35,49.2,9.0,963.0,0.3901885932922364,True,PUT,2026-11-20,MSFT
MSFT261120P00420000,420.0,48.35,49.55,52.4,5.0,1271.0,0.3895019546508789,True,PUT,2026-11-20,MSFT
MSFT261120P00425000,425.0,46.55,52.6,55.95,2.0,771.0,0.3916686810302734,True,PUT,2026-11-20,MSFT
MSFT261120P00430000,430.0,56.9,56.05,59.4,8.0,1106.0,0.39169919830322264,True,PUT,2026-11-20,MSFT
MSFT261120P00435000,435.0,66.28,59.55,62.85,1.0,646.0,0.390707386932373,True,PUT,2026-11-20,MSFT
MSFT261120P00440000,440.0,64.79,63.15,66.15,1.0,652.0,0.3868774691772461,True,PUT,2026-11-20,MSFT
MSFT261120P00445000,445.0,65.8,66.95,70.35,4.0,225.0,0.39278256149291996,True,PUT,2026-11-20,MSFT
MSFT261120P00450000,450.0,70.88,70.65,74.2,2.0,1259.0,0.3936523037719727,True,PUT,2026-11-20,MSFT
MSFT261120P00455000,455.0,77.0,74.65,78.1,1.0,231.0,0.3942473905944825,True,PUT,2026-11-20,MSFT
MSFT261120P00460000,460.0,85.3,77.85,81.25,1.0,343.0,0.38413091461181637,True,PUT,2026-11-20,MSFT
MSFT261120P00465000,465.0,82.23,82.6,86.05,1.0,100.0,0.3947204083251954,True,PUT,2026-11-20,MSFT
MSFT261120P00470000,470.0,87.97,86.75,90.1,2.0,371.0,0.39465937377929694,True,PUT,2026-11-20,MSFT
MSFT261120P00475000,475.0,94.48,90.85,94.3,1.0,136.0,0.39588006469726567,True,PUT,2026-11-20,MSFT
MSFT261120P00480000,480.0,101.29,95.1,98.5,17.0,267.0,0.3963073065185547,True,PUT,2026-11-20,MSFT
MSFT261120P00485000,485.0,99.92,99.55,102.75,4.0,99.0,0.39667351379394533,True,PUT,2026-11-20,MSFT
MSFT261120P00490000,490.0,103.12,103.7,107.1,1.0,55.0,0.3978331701660156,True,PUT,2026-11-20,MSFT
MSFT261120P00495000,495.0,108.68,108.25,111.45,4.0,41.0,0.3982909292602539,True,PUT,2026-11-20,MSFT
MSFT261120P00500000,500.0,119.78,112.65,115.9,3.0,417.0,0.399694723815918,True,PUT,2026-11-20,MSFT
MSFT261120P00505000,505.0,113.1,117.2,120.35,1.0,22.0,0.4004271383666992,True,PUT,2026-11-20,MSFT
MSFT261218C00275000,275.0,123.65,120.95,123.95,2.0,52.0,0.4951832708740235,True,CALL,2026-12-18,MSFT
MSFT261218C00280000,280.0,123.14,116.4,119.4,14.0,142.0,0.48590601989746096,True,CALL,2026-12-18,MSFT
MSFT261218C00285000,285.0,113.5,112.05,115.1,1.0,299.0,0.48120635986328125,True,CALL,2026-12-18,MSFT
MSFT261218C00290000,290.0,115.08,108.5,111.5,6.0,173.0,0.4886525744628907,True,CALL,2026-12-18,MSFT
MSFT261218C00295000,295.0,110.0,104.2,107.2,1.0,146.0,0.48160308441162114,True,CALL,2026-12-18,MSFT
MSFT261218C00300000,300.0,112.0,99.15,102.35,6.0,723.0,0.4646049633789063,True,CALL,2026-12-18,MSFT
MSFT261218C00305000,305.0,109.2,95.0,98.2,6.0,73.0,0.45914237152099613,True,CALL,2026-12-18,MSFT
MSFT261218C00310000,310.0,89.33,91.2,94.25,12.0,58.0,0.4559380578613281,True,CALL,2026-12-18,MSFT
MSFT261218C00315000,315.0,81.01,87.0,90.3,2.0,63.0,0.4517571914672852,True,CALL,2026-12-18,MSFT
MSFT261218C00320000,320.0,93.43,83.1,86.4,24.0,173.0,0.4473627041625976,True,CALL,2026-12-18,MSFT
MSFT261218C00325000,325.0,91.52,79.3,82.0,2.0,159.0,0.4352473468017578,True,CALL,2026-12-18,MSFT
MSFT261218C00330000,330.0,81.16,75.7,79.15,2.0,211.0,0.4431818377685547,True,CALL,2026-12-18,MSFT
MSFT261218C00335000,335.0,81.85,72.3,74.8,9.0,232.0,0.4303645831298829,True,CALL,2026-12-18,MSFT
MSFT261218C00340000,340.0,71.92,68.8,72.25,4.0,348.0,0.43922985092163086,True,CALL,2026-12-18,MSFT
MSFT261218C00345000,345.0,69.1,65.45,68.5,2.0,3018.0,0.4321803608703613,True,CALL,2026-12-18,MSFT
MSFT261218C00350000,350.0,66.91,62.05,65.45,22.0,3635.0,0.43245501632690425,True,CALL,2026-12-18,MSFT
MSFT261218C00355000,355.0,66.83,58.8,62.5,7.0,490.0,0.4327449304199219,True,CALL,2026-12-18,MSFT
MSFT261218C00360000,360.0,61.08,56.0,59.25,3.0,8778.0,0.42865561584472656,True,CALL,2026-12-18,MSFT
MSFT261218C00365000,365.0,57.0,52.95,56.05,26.0,1396.0,0.4242153526306152,True,CALL,2026-12-18,MSFT
MSFT261218C00370000,370.0,53.1,50.05,53.2,4.0,2042.0,0.42258267852783205,True,CALL,2026-12-18,MSFT
MSFT261218C00375000,375.0,50.19,47.95,50.45,2.0,4475.0,0.42102629760742194,True,CALL,2026-12-18,MSFT
MSFT261218C00380000,380.0,47.53,45.35,47.8,19.0,6855.0,0.4195462098693848,True,CALL,2026-12-18,MSFT
MSFT261218C00385000,385.0,43.8,42.8,45.5,46.0,3004.0,0.4206600903320313,True,CALL,2026-12-18,MSFT
MSFT261218C00390000,390.0,44.15,40.4,42.9,22.0,1692.0,0.41777620803833,True,CALL,2026-12-18,MSFT
MSFT261218C00395000,395.0,41.65,37.95,39.3,104.0,1906.0,0.40404343521118163,False,CALL,2026-12-18,MSFT
MSFT261218C00400000,400.0,39.3,37.5,38.25,356.0,6923.0,0.41480077392578124,False,CALL,2026-12-18,MSFT
MSFT261218C00405000,405.0,37.34,33.1,36.75,21.0,1927.0,0.4201412966918946,False,CALL,2026-12-18,MSFT
MSFT261218C00410000,410.0,35.05,31.7,34.05,91.0,3108.0,0.41272559936523434,False,CALL,2026-12-18,MSFT
MSFT261218C00415000,415.0,33.35,29.8,32.4,18.0,1796.0,0.4148312911987304,False,CALL,2026-12-18,MSFT
MSFT261218C00420000,420.0,31.44,27.95,30.55,188.0,4235.0,0.4141293939208984,False,CALL,2026-12-18,MSFT
MSFT261218C00425000,425.0,29.35,26.8,28.85,61.0,2384.0,0.4140836180114746,False,CALL,2026-12-18,MSFT
MSFT261218C00430000,430.0,28.2,24.55,27.25,53.0,6044.0,0.41425146301269533,False,CALL,2026-12-18,MSFT
MSFT261218C00435000,435.0,26.2,23.0,25.7,20.0,1469.0,0.4141293939208984,False,CALL,2026-12-18,MSFT
MSFT261218C00440000,440.0,24.2,20.9,24.35,30.0,3195.0,0.4153195675659179,False,CALL,2026-12-18,MSFT
MSFT261218C00445000,445.0,21.69,19.9,22.2,3.0,1547.0,0.40735455932617193,False,CALL,2026-12-18,MSFT
MSFT261218C00450000,450.0,21.55,19.15,21.55,327.0,7410.0,0.4144345666503906,False,CALL,2026-12-18,MSFT
MSFT261218C00455000,455.0,20.65,17.7,19.75,89.0,1455.0,0.4085294743347168,False,CALL,2026-12-18,MSFT
MSFT261218C00460000,460.0,18.0,16.25,18.85,4.0,6880.0,0.41164223617553714,False,CALL,2026-12-18,MSFT
MSFT261218C00465000,465.0,17.9,15.45,17.5,48.0,1466.0,0.4090940438842773,False,CALL,2026-12-18,MSFT
MSFT261218C00470000,470.0,16.97,14.45,16.5,244.0,2973.0,0.40978068252563477,False,CALL,2026-12-18,MSFT
MSFT261218C00475000,475.0,16.0,13.4,16.15,15.0,8989.0,0.41748629394531245,False,CALL,2026-12-18,MSFT
MSFT261218C00480000,480.0,15.0,12.3,15.0,66.0,8271.0,0.41524327438354497,False,CALL,2026-12-18,MSFT
MSFT261218C00485000,485.0,14.0,11.75,13.8,28.0,1131.0,0.4116269775390625,False,CALL,2026-12-18,MSFT
MSFT261218C00490000,490.0,13.25,10.95,13.0,20.0,3505.0,0.41226784027099606,False,CALL,2026-12-18,MSFT
MSFT261218C00495000,495.0,12.05,11.0,11.6,17.0,1448.0,0.40440964248657224,False,CALL,2026-12-18,MSFT
MSFT261218C00500000,500.0,11.3,10.0,11.15,282.0,12987.0,0.40836162933349607,False,CALL,2026-12-18,MSFT
MSFT261218C00505000,505.0,10.9,9.2,10.5,38.0,750.0,0.40915507843017573,False,CALL,2026-12-18,MSFT
MSFT261218P00275000,275.0,3.25,2.54,3.85,6.0,2478.0,0.4168149139404296,False,PUT,2026-12-18,MSFT
MSFT261218P00280000,280.0,3.52,2.66,4.9,36.0,1868.0,0.42755699401855474,False,PUT,2026-12-18,MSFT
MSFT261218P00285000,285.0,4.0,3.05,5.5,33.0,893.0,0.4244442321777344,False,PUT,2026-12-18,MSFT
MSFT261218P00290000,290.0,4.6,3.7,6.1,32.0,1515.0,0.42017181396484377,False,PUT,2026-12-18,MSFT
MSFT261218P00295000,295.0,5.3,4.25,6.85,52.0,1663.0,0.4178830184936523,False,PUT,2026-12-18,MSFT
MSFT261218P00300000,300.0,5.8,5.8,6.85,28.0,3345.0,0.39999989654541024,False,PUT,2026-12-18,MSFT
MSFT261218P00305000,305.0,6.6,6.0,8.4,6.0,817.0,0.4106809420776367,False,PUT,2026-12-18,MSFT
MSFT261218P00310000,310.0,7.8,7.4,8.7,15.0,1465.0,0.397466962890625,False,PUT,2026-12-18,MSFT
MSFT261218P00315000,315.0,8.3,8.4,9.7,45.0,1758.0,0.3954528228759766,False,PUT,2026-12-18,MSFT
MSFT261218P00320000,320.0,9.75,9.5,10.8,16.0,7897.0,0.39371333831787114,False,PUT,2026-12-18,MSFT
MSFT261218P00325000,325.0,10.45,10.5,11.8,16.0,1586.0,0.38931885101318364,False,PUT,2026-12-18,MSFT
MSFT261218P00330000,330.0,11.81,10.55,12.25,99.0,3316.0,0.37628797546386716,False,PUT,2026-12-18,MSFT
MSFT261218P00335000,335.0,12.85,12.45,15.0,129.0,2096.0,0.39349971740722656,False,PUT,2026-12-18,MSFT
MSFT261218P00340000,340.0,14.2,13.45,16.75,25.0,3598.0,0.3952544606018067,False,PUT,2026-12-18,MSFT
MSFT261218P00345000,345.0,16.0,0.0,0.0,1.0,1814.0,0.0312596875,False,PUT,2026-12-18,MSFT
MSFT261218P00350000,350.0,17.4,17.65,19.7,104.0,10687.0,0.38828126373291016,False,PUT,2026-12-18,MSFT
MSFT261218P00355000,355.0,19.1,19.5,21.45,207.0,1658.0,0.3864197100830078,False,PUT,2026-12-18,MSFT
MSFT261218P00360000,360.0,20.7,20.75,23.4,54.0,4453.0,0.38565677825927724,False,PUT,2026-12-18,MSFT
MSFT261218P00365000,365.0,22.55,22.65,25.55,577.0,3993.0,0.3859314337158203,False,PUT,2026-12-18,MSFT
MSFT261218P00370000,370.0,25.12,25.0,27.5,29.0,2414.0,0.38294074096679687,False,PUT,2026-12-18,MSFT
MSFT261218P00375000,375.0,26.8,27.2,29.75,65.0,2614.0,0.3820557400512695,False,PUT,2026-12-18,MSFT
MSFT261218P00380000,380.0,29.05,29.4,32.05,65.0,5781.0,0.3806061695861816,False,PUT,2026-12-18,MSFT
MSFT261218P00385000,385.0,31.3,31.8,34.4,37.0,2503.0,0.37862254684448243,False,PUT,2026-12-18,MSFT
MSFT261218P00390000,390.0,33.8,34.5,36.9,64.0,2994.0,0.37711194183349606,False,PUT,2026-12-18,MSFT
MSFT261218P00395000,395.0,36.25,37.0,39.55,52.0,1284.0,0.3760743545532227,True,PUT,2026-12-18,MSFT
MSFT261218P00400000,400.0,38.85,40.15,42.35,91.0,6583.0,0.3755250436401367,True,PUT,2026-12-18,MSFT
MSFT261218P00405000,405.0,42.05,42.75,45.25,185.0,1014.0,0.37497573272705076,True,PUT,2026-12-18,MSFT
MSFT261218P00410000,410.0,44.35,45.55,48.25,15.0,2595.0,0.3744264218139648,True,PUT,2026-12-18,MSFT
MSFT261218P00415000,415.0,47.6,49.55,51.25,6.0,957.0,0.37293107543945314,True,PUT,2026-12-18,MSFT
MSFT261218P00420000,420.0,50.6,51.55,54.8,4.0,6139.0,0.375982802734375,True,PUT,2026-12-18,MSFT
MSFT261218P00425000,425.0,53.82,54.85,58.15,7.0,1113.0,0.37616590637207037,True,PUT,2026-12-18,MSFT
MSFT261218P00430000,430.0,53.83,57.4,60.85,25.0,1308.0,0.3687654676818848,True,PUT,2026-12-18,MSFT
MSFT261218P00435000,435.0,55.71,61.7,65.05,1.0,664.0,0.37590650955200194,True,PUT,2026-12-18,MSFT
MSFT261218P00440000,440.0,63.87,65.25,68.35,10.0,2886.0,0.3728852995300293,True,PUT,2026-12-18,MSFT
MSFT261218P00445000,445.0,76.83,69.75,72.3,15.0,680.0,0.37590650955200194,True,PUT,2026-12-18,MSFT
MSFT261218P00450000,450.0,72.01,73.75,76.1,2.0,2599.0,0.37657788955688476,True,PUT,2026-12-18,MSFT
MSFT261218P00455000,455.0,77.7,76.4,79.55,2.0,303.0,0.3725343508911133,True,PUT,2026-12-18,MSFT
MSFT261218P00460000,460.0,71.72,80.3,83.7,7.0,1947.0,0.37555556091308595,True,PUT,2026-12-18,MSFT
MSFT261218P00465000,465.0,75.75,84.35,87.6,1.0,552.0,0.3750215086364746,True,PUT,2026-12-18,MSFT
MSFT261218P00470000,470.0,82.5,88.35,91.65,3.0,1488.0,0.3754945263671875,True,PUT,2026-12-18,MSFT
MSFT261218P00475000,475.0,86.41,92.4,95.7,1.0,14223.0,0.37525038818359374,True,PUT,2026-12-18,MSFT
MSFT261218P00480000,480.0,87.26,95.8,99.1,7.0,2642.0,0.3658510681152344,True,PUT,2026-12-18,MSFT
MSFT261218P00485000,485.0,93.25,100.7,104.0,6.0,375.0,0.3751435777282715,True,PUT,2026-12-18,MSFT
MSFT261218P00490000,490.0,101.74,104.95,108.3,1.0,841.0,0.37604383728027346,True,PUT,2026-12-18,MSFT
MSFT261218P00495000,495.0,126.09,109.3,112.6,126.0,862.0,0.3763490100097656,True,PUT,2026-12-18,MSFT
MSFT261218P00500000,500.0,103.3,113.9,116.95,5.0,4289.0,0.3767152172851562,True,PUT,2026-12-18,MSFT
MSFT261218P00505000,505.0,123.3,118.05,121.2,1.0,265.0,0.3749146981811523,True,PUT,2026-12-18,MSFT
MSFT270115C00280000,280.0,114.2,118.35,121.35,1.0,240.0,0.4827322235107422,True,CALL,2027-01-15,MSFT
MSFT270115C00290000,290.0,108.05,109.9,112.25,1.0,2553.0,0.46155323608398446,True,CALL,2027-01-15,MSFT
MSFT270115C00300000,300.0,107.53,101.45,104.1,6.0,1683.0,0.45371029693603515,True,CALL,2027-01-15,MSFT
MSFT270115C00310000,310.0,106.0,93.6,96.15,5.0,624.0,0.44550115051269534,True,CALL,2027-01-15,MSFT
MSFT270115C00315000,315.0,97.0,89.75,92.95,4.0,39.0,0.45039917282104497,True,CALL,2027-01-15,MSFT
MSFT270115C00320000,320.0,88.7,86.25,89.35,2.0,479.0,0.4487664987182617,True,CALL,2027-01-15,MSFT
MSFT270115C00325000,325.0,84.7,82.3,84.8,1.0,62.0,0.4346675186157227,True,CALL,2027-01-15,MSFT
MSFT270115C00330000,330.0,81.93,78.7,81.25,1.0,851.0,0.43222613677978516,True,CALL,2027-01-15,MSFT
MSFT270115C00335000,335.0,78.44,75.2,77.75,3.0,95.0,0.42947958221435545,True,CALL,2027-01-15,MSFT
MSFT270115C00340000,340.0,77.05,71.8,74.35,23.0,1736.0,0.42697716583251966,True,CALL,2027-01-15,MSFT
MSFT270115C00345000,345.0,73.47,68.55,71.5,10.0,49.0,0.4295406167602539,True,CALL,2027-01-15,MSFT
MSFT270115C00350000,350.0,70.8,65.3,67.85,59.0,2423.0,0.4226437130737304,True,CALL,2027-01-15,MSFT
MSFT270115C00355000,355.0,67.25,62.2,65.7,4.0,309.0,0.4304408763122559,True,CALL,2027-01-15,MSFT
MSFT270115C00360000,360.0,64.12,59.25,61.8,8.0,2658.0,0.4194699166870117,True,CALL,2027-01-15,MSFT
MSFT270115C00365000,365.0,67.26,56.3,60.3,16.0,392.0,0.43160053268432624,True,CALL,2027-01-15,MSFT
MSFT270115C00370000,370.0,57.75,53.5,56.05,10.0,2643.0,0.4158688784790039,True,CALL,2027-01-15,MSFT
MSFT270115C00375000,375.0,55.2,50.85,53.4,7.0,916.0,0.41498387756347654,True,CALL,2027-01-15,MSFT
MSFT270115C00380000,380.0,52.0,48.2,51.5,39.0,3066.0,0.4202938830566406,True,CALL,2027-01-15,MSFT
MSFT270115C00385000,385.0,48.2,46.05,48.25,33.0,626.0,0.41211525390625,True,CALL,2027-01-15,MSFT
MSFT270115C00390000,390.0,47.25,43.55,45.85,112.0,3443.0,0.4111081838989258,True,CALL,2027-01-15,MSFT
MSFT270115C00395000,395.0,44.85,41.25,43.55,36.0,561.0,0.41022318298339844,False,CALL,2027-01-15,MSFT
MSFT270115C00400000,400.0,42.5,39.5,40.35,780.0,14878.0,0.4003355865478516,False,CALL,2027-01-15,MSFT
MSFT270115C00405000,405.0,40.5,36.9,39.2,65.0,616.0,0.4083921466064453,False,CALL,2027-01-15,MSFT
MSFT270115C00410000,410.0,38.48,34.85,37.15,227.0,5151.0,0.4074918870544434,False,CALL,2027-01-15,MSFT
MSFT270115C00415000,415.0,35.8,32.4,36.25,46.0,572.0,0.4163266375732422,False,CALL,2027-01-15,MSFT
MSFT270115C00420000,420.0,34.33,31.05,33.4,134.0,10220.0,0.40665266204833983,False,CALL,2027-01-15,MSFT
MSFT270115C00425000,425.0,32.65,28.5,32.65,74.0,661.0,0.4155026712036133,False,CALL,2027-01-15,MSFT
MSFT270115C00430000,430.0,31.0,27.6,29.95,95.0,6993.0,0.40573714385986326,False,CALL,2027-01-15,MSFT
MSFT270115C00435000,435.0,29.16,26.0,28.35,61.0,495.0,0.4054014538574219,False,CALL,2027-01-15,MSFT
MSFT270115C00440000,440.0,27.55,24.55,26.8,245.0,6101.0,0.4048521429443359,False,CALL,2027-01-15,MSFT
MSFT270115C00445000,445.0,25.95,23.1,25.75,97.0,1473.0,0.4084226638793945,False,CALL,2027-01-15,MSFT
MSFT270115C00450000,450.0,22.82,22.5,23.2,80.0,20706.0,0.39691765197753903,False,CALL,2027-01-15,MSFT
MSFT270115C00455000,455.0,23.5,20.45,22.2,28.0,1218.0,0.399694723815918,False,CALL,2027-01-15,MSFT
MSFT270115C00460000,460.0,22.1,19.4,21.55,111.0,4190.0,0.4054167124938965,False,CALL,2027-01-15,MSFT
MSFT270115C00465000,465.0,20.85,18.05,20.1,64.0,911.0,0.4026091233825684,False,CALL,2027-01-15,MSFT
MSFT270115C00470000,470.0,19.4,16.95,19.0,59.0,4496.0,0.4027159338378906,False,CALL,2027-01-15,MSFT
MSFT270115C00475000,475.0,18.55,15.9,17.95,42.0,1353.0,0.40277696838378907,False,CALL,2027-01-15,MSFT
MSFT270115C00480000,480.0,17.3,14.95,17.0,102.0,6503.0,0.40335679656982426,False,CALL,2027-01-15,MSFT
MSFT270115C00485000,485.0,16.65,13.3,17.35,15.0,1442.0,0.4175168112182617,False,CALL,2027-01-15,MSFT
MSFT270115C00490000,490.0,15.65,13.15,15.2,28.0,3412.0,0.4039976593017578,False,CALL,2027-01-15,MSFT
MSFT270115C00495000,495.0,14.9,12.3,14.35,553.0,1466.0,0.4041197283935547,False,CALL,2027-01-15,MSFT
MSFT270115C00500000,500.0,12.4,12.25,12.85,32.0,33747.0,0.39600213378906257,False,CALL,2027-01-15,MSFT
MSFT270115C00505000,505.0,13.2,11.15,12.25,14.0,2921.0,0.39789420471191406,False,CALL,2027-01-15,MSFT
MSFT270115P00280000,280.0,4.25,3.85,5.15,83.0,6960.0,0.39856558471679693,False,PUT,2027-01-15,MSFT
MSFT270115P00290000,290.0,5.52,4.95,6.85,23.0,4900.0,0.40064075927734377,False,PUT,2027-01-15,MSFT
MSFT270115P00300000,300.0,6.75,6.8,8.1,559.0,12111.0,0.38934936828613287,False,PUT,2027-01-15,MSFT
MSFT270115P00310000,310.0,8.53,8.7,10.0,101.0,4581.0,0.3852295364379882,False,PUT,2027-01-15,MSFT
MSFT270115P00315000,315.0,9.85,9.75,11.05,130.0,1072.0,0.3829865168762207,False,PUT,2027-01-15,MSFT
MSFT270115P00320000,320.0,10.65,10.75,12.25,32.0,6988.0,0.38175056732177726,False,PUT,2027-01-15,MSFT
MSFT270115P00325000,325.0,11.8,11.85,13.9,117.0,1885.0,0.38519901916503896,False,PUT,2027-01-15,MSFT
MSFT270115P00330000,330.0,13.05,13.2,15.25,78.0,4657.0,0.383444275970459,False,PUT,2027-01-15,MSFT
MSFT270115P00335000,335.0,14.4,14.65,16.7,49.0,1271.0,0.38185737777709955,False,PUT,2027-01-15,MSFT
MSFT270115P00340000,340.0,15.85,16.15,17.65,50.0,10970.0,0.37354142089843745,False,PUT,2027-01-15,MSFT
MSFT270115P00345000,345.0,17.45,17.7,19.45,494.0,1386.0,0.3740602145385742,False,PUT,2027-01-15,MSFT
MSFT270115P00350000,350.0,19.35,19.5,21.5,578.0,16098.0,0.3760743545532227,False,PUT,2027-01-15,MSFT
MSFT270115P00355000,355.0,20.7,21.35,23.4,120.0,1498.0,0.3753724572753906,False,PUT,2027-01-15,MSFT
MSFT270115P00360000,360.0,22.6,23.05,25.35,81.0,4779.0,0.37415176635742187,False,PUT,2027-01-15,MSFT
MSFT270115P00365000,365.0,24.6,24.1,27.4,240.0,1058.0,0.37296159271240237,False,PUT,2027-01-15,MSFT
MSFT270115P00370000,370.0,27.05,27.2,29.5,143.0,4814.0,0.3713136599731446,False,PUT,2027-01-15,MSFT
MSFT270115P00375000,375.0,28.8,29.45,31.7,76.0,2630.0,0.3696809858703613,False,PUT,2027-01-15,MSFT
MSFT270115P00380000,380.0,31.05,31.85,34.05,28.0,8288.0,0.36855184677124025,False,PUT,2027-01-15,MSFT
MSFT270115P00385000,385.0,33.4,34.3,36.5,16.0,737.0,0.36743796630859377,False,PUT,2027-01-15,MSFT
MSFT270115P00390000,390.0,35.85,36.85,38.95,50.0,5046.0,0.3654238262939453,False,PUT,2027-01-15,MSFT
MSFT270115P00395000,395.0,39.0,39.5,41.65,121.0,433.0,0.364813480834961,True,PUT,2027-01-15,MSFT
MSFT270115P00400000,400.0,40.95,42.25,44.4,84.0,12189.0,0.36379115219116215,True,PUT,2027-01-15,MSFT
MSFT270115P00405000,405.0,43.75,45.1,47.25,56.0,733.0,0.3628145994567871,True,PUT,2027-01-15,MSFT
MSFT270115P00410000,410.0,46.22,48.05,50.3,54.0,6448.0,0.3627993408203125,True,PUT,2027-01-15,MSFT
MSFT270115P00415000,415.0,49.9,51.1,53.35,98.0,879.0,0.3619448571777344,True,PUT,2027-01-15,MSFT
MSFT270115P00420000,420.0,52.95,54.25,56.5,85.0,5895.0,0.36119718399047845,True,PUT,2027-01-15,MSFT
MSFT270115P00425000,425.0,56.65,57.45,59.7,27.0,695.0,0.3600985621643066,True,PUT,2027-01-15,MSFT
MSFT270115P00430000,430.0,60.53,60.8,63.15,20.0,4518.0,0.3605410626220703,True,PUT,2027-01-15,MSFT
MSFT270115P00435000,435.0,57.98,63.15,65.85,1.0,504.0,0.3530795893859863,True,PUT,2027-01-15,MSFT
MSFT270115P00440000,440.0,67.1,67.7,70.15,10.0,3378.0,0.360083303527832,True,PUT,2027-01-15,MSFT
MSFT270115P00445000,445.0,68.95,71.3,73.85,77.0,380.0,0.3606783903503417,True,PUT,2027-01-15,MSFT
MSFT270115P00450000,450.0,74.44,75.0,77.45,1.0,5475.0,0.3595797685241699,True,PUT,2027-01-15,MSFT
MSFT270115P00455000,455.0,71.0,78.75,81.25,99.0,408.0,0.3597628721618652,True,PUT,2027-01-15,MSFT
MSFT270115P00460000,460.0,79.9,82.55,85.05,26.0,2050.0,0.35925933715820313,True,PUT,2027-01-15,MSFT
MSFT270115P00465000,465.0,85.56,85.85,89.05,1.0,59.0,0.360159596710205,True,PUT,2027-01-15,MSFT
MSFT270115P00470000,470.0,89.95,90.45,92.95,17.0,2076.0,0.3593508889770508,True,PUT,2027-01-15,MSFT
MSFT270115P00475000,475.0,89.8,94.15,96.85,1.0,216.0,0.35785554260253905,True,PUT,2027-01-15,MSFT
MSFT270115P00480000,480.0,91.24,96.75,100.25,17.0,2353.0,0.3498294998168945,True,PUT,2027-01-15,MSFT
MSFT270115P00485000,485.0,93.45,102.75,104.95,1.0,73.0,0.35617709259033203,True,PUT,2027-01-15,MSFT
MSFT270115P00490000,490.0,108.39,106.95,109.4,50.0,875.0,0.35916778533935545,True,PUT,2027-01-15,MSFT
MSFT270115P00495000,495.0,111.0,111.2,113.6,10.0,22.0,0.3586184744262696,True,PUT,2027-01-15,MSFT
MSFT270115P00500000,500.0,103.9,115.4,117.95,7.0,1809.0,0.35938140625,True,PUT,2027-01-15,MSFT
MSFT270115P00505000,505.0,146.14,119.75,122.25,9.0,659.0,0.358954164428711,True,PUT,2027-01-15,MSFT
MSFT270319C00280000,280.0,136.95,122.25,124.75,2.0,76.0,0.46512375701904296,True,CALL,2027-03-19,MSFT
MSFT270319C00290000,290.0,122.1,114.1,116.65,2.0,352.0,0.45644159286499025,True,CALL,2027-03-19,MSFT
MSFT270319C00300000,300.0,111.39,106.25,108.85,8.0,873.0,0.44908693008422845,True,CALL,2027-03-19,MSFT
MSFT270319C00310000,310.0,107.5,98.75,101.3,4.0,212.0,0.4421137332153321,True,CALL,2027-03-19,MSFT
MSFT270319C00320000,320.0,92.95,91.6,94.15,2.0,428.0,0.4369257968139648,True,CALL,2027-03-19,MSFT
MSFT270319C00330000,330.0,89.5,84.65,87.2,5.0,335.0,0.43112751495361334,True,CALL,2027-03-19,MSFT
MSFT270319C00340000,340.0,81.5,78.1,80.65,2.0,410.0,0.42664147583007817,True,CALL,2027-03-19,MSFT
MSFT270319C00350000,350.0,76.64,71.95,74.5,23.0,1226.0,0.42319302398681635,True,CALL,2027-03-19,MSFT
MSFT270319C00360000,360.0,70.2,66.4,69.8,2.0,1311.0,0.4296474272155762,True,CALL,2027-03-19,MSFT
MSFT270319C00370000,370.0,64.66,60.5,63.05,13.0,1194.0,0.4160367234802246,True,CALL,2027-03-19,MSFT
MSFT270319C00380000,380.0,59.1,55.4,57.95,29.0,2485.0,0.4139615489196777,True,CALL,2027-03-19,MSFT
MSFT270319C00390000,390.0,54.95,50.55,53.1,143.0,3041.0,0.4114743911743164,True,CALL,2027-03-19,MSFT
MSFT270319C00400000,400.0,50.0,46.25,48.65,305.0,5371.0,0.4098417170715332,False,CALL,2027-03-19,MSFT
MSFT270319C00410000,410.0,44.8,42.15,44.45,8.0,1395.0,0.4079191288757324,False,CALL,2027-03-19,MSFT
MSFT270319C00420000,420.0,41.85,38.3,40.65,205.0,2039.0,0.4069578347778321,False,CALL,2027-03-19,MSFT
MSFT270319C00430000,430.0,38.23,34.75,37.1,32.0,1518.0,0.40584395431518555,False,CALL,2027-03-19,MSFT
MSFT270319C00440000,440.0,34.65,31.5,33.85,45.0,1396.0,0.4050962811279296,False,CALL,2027-03-19,MSFT
MSFT270319C00450000,450.0,31.64,28.8,30.85,81.0,3630.0,0.4043943838500976,False,CALL,2027-03-19,MSFT
MSFT270319C00460000,460.0,26.75,26.75,26.95,217.0,13106.0,0.3943694596862793,False,CALL,2027-03-19,MSFT
MSFT270319C00470000,470.0,24.45,23.3,25.7,34.0,1281.0,0.4044859356689453,False,CALL,2027-03-19,MSFT
MSFT270319C00480000,480.0,23.7,21.1,23.15,678.0,4385.0,0.40210558837890625,False,CALL,2027-03-19,MSFT
MSFT270319C00490000,490.0,21.55,19.05,21.1,5.0,3322.0,0.40238024383544924,False,CALL,2027-03-19,MSFT
MSFT270319C00500000,500.0,19.2,17.2,19.25,388.0,6201.0,0.4029142961120606,False,CALL,2027-03-19,MSFT
MSFT270319P00280000,280.0,6.4,6.45,7.75,6.0,2952.0,0.38907471282958983,False,PUT,2027-03-19,MSFT
MSFT270319P00290000,290.0,8.27,8.15,9.45,1.0,4303.0,0.38483281188964835,False,PUT,2027-03-19,MSFT
MSFT270319P00300000,300.0,10.25,10.05,11.35,12.0,4500.0,0.37995004821777345,False,PUT,2027-03-19,MSFT
MSFT270319P00310000,310.0,12.2,11.95,14.0,24.0,1245.0,0.3809571182250976,False,PUT,2027-03-19,MSFT
MSFT270319P00320000,320.0,14.8,14.5,16.55,394.0,6062.0,0.3769288381958008,False,PUT,2027-03-19,MSFT
MSFT270319P00330000,330.0,17.51,17.35,19.4,105.0,3805.0,0.37294633407592775,False,PUT,2027-03-19,MSFT
MSFT270319P00340000,340.0,21.15,20.6,22.65,3.0,2875.0,0.3698030549621582,False,PUT,2027-03-19,MSFT
MSFT270319P00350000,350.0,24.07,23.95,26.0,8.0,5470.0,0.3645998599243164,False,PUT,2027-03-19,MSFT
MSFT270319P00360000,360.0,27.5,27.85,30.35,4.0,3507.0,0.3653017572021484,False,PUT,2027-03-19,MSFT
MSFT270319P00370000,370.0,31.95,32.2,34.6,3.0,5205.0,0.36205166763305663,False,PUT,2027-03-19,MSFT
MSFT270319P00380000,380.0,36.5,36.6,39.25,126.0,2591.0,0.35928985443115236,False,PUT,2027-03-19,MSFT
MSFT270319P00390000,390.0,41.49,41.95,44.15,256.0,4292.0,0.3557956266784667,False,PUT,2027-03-19,MSFT
MSFT270319P00400000,400.0,46.71,47.35,49.5,145.0,6669.0,0.3531863998413085,True,PUT,2027-03-19,MSFT
MSFT270319P00410000,410.0,52.15,53.1,55.25,12.0,3827.0,0.35109596664428705,True,PUT,2027-03-19,MSFT
MSFT270319P00420000,420.0,57.8,59.2,61.5,18.0,2909.0,0.35039406936645495,True,PUT,2027-03-19,MSFT
MSFT270319P00430000,430.0,64.5,65.6,67.85,223.0,1402.0,0.34801372207641595,True,PUT,2027-03-19,MSFT
MSFT270319P00440000,440.0,69.61,72.35,74.9,1.0,1014.0,0.34886820571899413,True,PUT,2027-03-19,MSFT
MSFT270319P00450000,450.0,72.5,79.4,81.95,899.0,1387.0,0.3474796697998046,True,PUT,2027-03-19,MSFT
MSFT270319P00460000,460.0,80.5,86.7,89.25,2.0,1700.0,0.3459538061523437,True,PUT,2027-03-19,MSFT
MSFT270319P00470000,470.0,98.74,94.3,96.85,1.0,402.0,0.3448704429626465,True,PUT,2027-03-19,MSFT
MSFT270319P00480000,480.0,103.0,102.15,104.7,1.0,172.0,0.34395492477416995,True,PUT,2027-03-19,MSFT
MSFT270319P00490000,490.0,99.75,109.1,112.35,99.0,198.0,0.3390263851928711,True,PUT,2027-03-19,MSFT
MSFT270319P00500000,500.0,111.5,118.4,120.8,1.0,484.0,0.3398503515625,True,PUT,2027-03-19,MSFT
MSFT270617C00280000,280.0,132.0,128.05,131.55,1.0,1700.0,0.47377540390014655,True,CALL,2027-06-17,MSFT
MSFT270617C00290000,290.0,126.01,120.5,124.1,2.0,742.0,0.46762617340087886,True,CALL,2027-06-17,MSFT
MSFT270617C00300000,300.0,118.5,113.1,116.75,31.0,789.0,0.46059194198608405,True,CALL,2027-06-17,MSFT
MSFT270617C00310000,310.0,109.3,105.85,110.1,8.0,796.0,0.45808952560424815,True,CALL,2027-06-17,MSFT
MSFT270617C00320000,320.0,101.8,98.9,103.25,5.0,394.0,0.45178770874023444,True,CALL,2027-06-17,MSFT
MSFT270617C00330000,330.0,93.91,92.1,96.65,13.0,1056.0,0.4458215818786621,True,CALL,2027-06-17,MSFT
MSFT270617C00340000,340.0,89.0,85.8,90.4,4.0,1754.0,0.4409235595703125,True,CALL,2027-06-17,MSFT
MSFT270617C00350000,350.0,84.9,80.15,84.3,160.0,2910.0,0.43541519180297855,True,CALL,2027-06-17,MSFT
MSFT270617C00360000,360.0,80.06,74.45,77.6,12.0,1513.0,0.42390255058288573,True,CALL,2027-06-17,MSFT
MSFT270617C00370000,370.0,73.84,69.2,73.25,54.0,1391.0,0.4277706149291992,True,CALL,2027-06-17,MSFT
MSFT270617C00380000,380.0,69.0,64.15,68.1,36.0,1991.0,0.42406276626586914,True,CALL,2027-06-17,MSFT
MSFT270617C00390000,390.0,61.4,61.2,62.55,39.0,2912.0,0.4159909475708008,True,CALL,2027-06-17,MSFT
MSFT270617C00400000,400.0,59.5,55.15,58.9,285.0,8039.0,0.41928681304931636,False,CALL,2027-06-17,MSFT
MSFT270617C00410000,410.0,55.3,50.65,54.95,55.0,1482.0,0.4188748298645019,False,CALL,2027-06-17,MSFT
MSFT270617C00420000,420.0,51.21,46.8,51.0,35.0,3476.0,0.4169293537139892,False,CALL,2027-06-17,MSFT
MSFT270617C00430000,430.0,47.45,43.65,46.6,34.0,3494.0,0.41048257980346675,False,CALL,2027-06-17,MSFT
MSFT270617C00440000,440.0,43.75,40.3,43.05,898.0,1754.0,0.4082700775146484,False,CALL,2027-06-17,MSFT
MSFT270617C00450000,450.0,40.0,38.0,39.8,134.0,5111.0,0.40666792068481444,False,CALL,2027-06-17,MSFT
MSFT270617C00460000,460.0,37.75,34.25,36.95,36.0,1298.0,0.40643904113769536,False,CALL,2027-06-17,MSFT
MSFT270617C00470000,470.0,35.05,30.8,34.85,13.0,2345.0,0.41011637252807615,False,CALL,2027-06-17,MSFT
MSFT270617C00480000,480.0,31.91,28.95,31.8,10.0,3203.0,0.40596602340698246,False,CALL,2027-06-17,MSFT
MSFT270617C00490000,490.0,28.05,26.05,30.1,7.0,2584.0,0.4101926657104492,False,CALL,2027-06-17,MSFT
MSFT270617C00500000,500.0,27.0,25.0,27.85,345.0,9926.0,0.40939921661376955,False,CALL,2027-06-17,MSFT
MSFT270617C00505000,505.0,26.75,22.95,26.85,4.0,2067.0,0.40952128570556634,False,CALL,2027-06-17,MSFT
MSFT270617P00280000,280.0,10.5,8.5,12.05,5.0,1298.0,0.38825074645996094,False,PUT,2027-06-17,MSFT
MSFT270617P00290000,290.0,12.2,10.4,14.05,3.0,2867.0,0.38269660278320305,False,PUT,2027-06-17,MSFT
MSFT270617P00300000,300.0,13.6,12.7,16.25,9.0,7072.0,0.37695935546875,False,PUT,2027-06-17,MSFT
MSFT270617P00310000,310.0,16.6,15.0,18.7,73.0,1674.0,0.37149676361083983,False,PUT,2027-06-17,MSFT
MSFT270617P00320000,320.0,19.35,17.8,21.7,7.0,2468.0,0.368795984954834,False,PUT,2027-06-17,MSFT
MSFT270617P00330000,330.0,23.4,20.9,24.8,4.0,3046.0,0.3645235667419434,False,PUT,2027-06-17,MSFT
MSFT270617P00340000,340.0,25.8,24.25,28.35,9.0,3510.0,0.36168546035766597,False,PUT,2027-06-17,MSFT
MSFT270617P00350000,350.0,29.0,28.15,32.05,23.0,5677.0,0.35773347351074214,False,PUT,2027-06-17,MSFT
MSFT270617P00360000,360.0,33.4,32.15,36.0,34.0,2935.0,0.35352208984374994,False,PUT,2027-06-17,MSFT
MSFT270617P00370000,370.0,38.0,36.45,40.4,9.0,3136.0,0.350470362548828,False,PUT,2027-06-17,MSFT
MSFT270617P00380000,380.0,42.6,41.25,45.1,17.0,6428.0,0.3474186352539062,False,PUT,2027-06-17,MSFT
MSFT270617P00390000,390.0,48.4,46.5,50.2,17.0,2456.0,0.3450688052368164,False,PUT,2027-06-17,MSFT
MSFT270617P00400000,400.0,52.55,52.25,55.55,153.0,3828.0,0.34241380249023434,True,PUT,2027-06-17,MSFT
MSFT270617P00410000,410.0,57.31,57.65,61.1,1.0,1364.0,0.3391484542846679,True,PUT,2027-06-17,MSFT
MSFT270617P00420000,420.0,59.85,63.65,67.15,192.0,1990.0,0.33731741790771486,True,PUT,2027-06-17,MSFT
MSFT270617P00430000,430.0,69.3,70.2,73.45,108.0,2251.0,0.33530327789306635,True,PUT,2027-06-17,MSFT
MSFT270617P00440000,440.0,71.95,76.3,80.05,17.0,1466.0,0.33350275878906255,True,PUT,2027-06-17,MSFT
MSFT270617P00450000,450.0,81.98,83.05,86.85,2.0,1128.0,0.33132077377319336,True,PUT,2027-06-17,MSFT
MSFT270617P00460000,460.0,85.6,90.15,93.9,2.0,926.0,0.3291693060302734,True,PUT,2027-06-17,MSFT
MSFT270617P00470000,470.0,91.78,97.4,100.95,1.0,519.0,0.325278353729248,True,PUT,2027-06-17,MSFT
MSFT270617P00480000,480.0,110.43,105.6,109.45,1.0,1858.0,0.33052732467651363,True,PUT,2027-06-17,MSFT
MSFT270617P00490000,490.0,114.15,113.45,116.45,1.0,236.0,0.3229132650756835,True,PUT,2027-06-17,MSFT
MSFT270617P00500000,500.0,113.17,121.1,124.5,49.0,815.0,0.3217841259765625,True,PUT,2027-06-17,MSFT
MSFT270617P00505000,505.0,117.17,125.1,128.9,49.0,591.0,0.32379826599121087,True,PUT,2027-06-17,MSFT
MSFT270917C00275000,275.0,140.0,136.55,142.2,2.0,13.0,0.4870046417236329,True,CALL,2027-09-17,MSFT
MSFT270917C00280000,280.0,139.22,133.5,137.5,5.0,14.0,0.4741721284484864,True,CALL,2027-09-17,MSFT
MSFT270917C00285000,285.0,135.75,129.85,134.0,1.0,23.0,0.4719596261596679,True,CALL,2027-09-17,MSFT
MSFT270917C00290000,290.0,128.86,125.55,130.0,1.0,19.0,0.4650932397460938,True,CALL,2027-09-17,MSFT
MSFT270917C00295000,295.0,128.6,122.7,126.5,1.0,9.0,0.462194098815918,True,CALL,2027-09-17,MSFT
MSFT270917C00300000,300.0,125.0,118.6,123.0,6.0,274.0,0.45892875061035165,True,CALL,2027-09-17,MSFT
MSFT270917C00305000,305.0,115.29,116.0,121.0,1.0,13.0,0.46713789703369146,True,CALL,2027-09-17,MSFT
MSFT270917C00310000,310.0,115.47,112.3,117.2,16.0,83.0,0.4606377178955079,True,CALL,2027-09-17,MSFT
MSFT270917C00315000,315.0,114.86,109.0,113.0,5.0,18.0,0.45093322509765627,True,CALL,2027-09-17,MSFT
MSFT270917C00320000,320.0,110.9,105.75,110.0,12.0,84.0,0.45001770690917964,True,CALL,2027-09-17,MSFT
MSFT270917C00325000,325.0,106.5,103.5,107.0,1.0,42.0,0.4486902055358886,True,CALL,2027-09-17,MSFT
MSFT270917C00330000,330.0,106.99,99.95,103.2,11.0,78.0,0.4412897668457031,True,CALL,2027-09-17,MSFT
MSFT270917C00335000,335.0,100.75,97.0,101.0,3.0,33.0,0.4448602877807617,True,CALL,2027-09-17,MSFT
MSFT270917C00340000,340.0,99.97,94.1,97.2,1.0,59.0,0.43694105545043943,True,CALL,2027-09-17,MSFT
MSFT270917C00345000,345.0,99.0,91.2,0.0,1.0,51.0,1.0000000000000003e-05,True,CALL,2027-09-17,MSFT
MSFT270917C00350000,350.0,93.0,88.35,91.5,6.0,206.0,0.4332179481506348,True,CALL,2027-09-17,MSFT
MSFT270917C00355000,355.0,96.0,85.6,88.75,1.0,137.0,0.43149372222900395,True,CALL,2027-09-17,MSFT
MSFT270917C00360000,360.0,87.34,82.15,86.5,2.0,182.0,0.4326533786010742,True,CALL,2027-09-17,MSFT
MSFT270917C00365000,365.0,84.45,80.3,83.45,1.0,44.0,0.42830466720581056,True,CALL,2027-09-17,MSFT
MSFT270917C00370000,370.0,79.68,77.8,80.85,3.0,107.0,0.4265194067382813,True,CALL,2027-09-17,MSFT
MSFT270917C00375000,375.0,79.0,75.25,78.35,1.0,124.0,0.4250316896820069,True,CALL,2027-09-17,MSFT
MSFT270917C00380000,380.0,73.6,72.9,76.95,9.0,154.0,0.4300288931274414,True,CALL,2027-09-17,MSFT
MSFT270917C00385000,385.0,72.5,70.55,73.55,9.0,132.0,0.422308023071289,True,CALL,2027-09-17,MSFT
MSFT270917C00390000,390.0,72.5,68.3,71.25,4.0,176.0,0.4210873321533204,True,CALL,2027-09-17,MSFT
MSFT270917C00395000,395.0,70.75,66.05,69.0,25.0,154.0,0.41983612396240233,False,CALL,2027-09-17,MSFT
MSFT270917C00400000,400.0,68.0,63.8,66.95,36.0,637.0,0.41948517532348634,False,CALL,2027-09-17,MSFT
MSFT270917C00405000,405.0,64.0,61.7,64.8,2.0,80.0,0.4182187084960937,False,CALL,2027-09-17,MSFT
MSFT270917C00410000,410.0,63.5,59.7,62.75,2.0,129.0,0.4172574143981933,False,CALL,2027-09-17,MSFT
MSFT270917C00415000,415.0,62.03,57.7,60.75,2.0,65.0,0.41628086166381834,False,CALL,2027-09-17,MSFT
MSFT270917C00420000,420.0,60.0,54.3,59.3,17.0,204.0,0.4182950016784667,False,CALL,2027-09-17,MSFT
MSFT270917C00425000,425.0,58.2,53.9,56.95,9.0,116.0,0.4146634461975098,False,CALL,2027-09-17,MSFT
MSFT270917C00430000,430.0,56.28,50.7,55.5,3.0,161.0,0.41608249938964836,False,CALL,2027-09-17,MSFT
MSFT270917C00435000,435.0,54.2,49.5,54.0,8.0,112.0,0.4169369830322265,False,CALL,2027-09-17,MSFT
MSFT270917C00440000,440.0,50.0,48.4,51.45,2.0,211.0,0.41127602890014653,False,CALL,2027-09-17,MSFT
MSFT270917C00445000,445.0,50.36,46.75,49.8,3.0,242.0,0.41069620071411134,False,CALL,2027-09-17,MSFT
MSFT270917C00450000,450.0,49.35,45.15,48.2,13.0,1345.0,0.41013926048278804,False,CALL,2027-09-17,MSFT
MSFT270917C00455000,455.0,47.58,43.55,46.6,4.0,161.0,0.4093229234313965,False,CALL,2027-09-17,MSFT
MSFT270917C00460000,460.0,47.0,42.0,45.15,11.0,163.0,0.4091398197937011,False,CALL,2027-09-17,MSFT
MSFT270917C00465000,465.0,45.4,40.0,44.5,9.0,116.0,0.413519048461914,False,CALL,2027-09-17,MSFT
MSFT270917C00470000,470.0,46.58,39.2,42.25,99.0,148.0,0.4080411979675293,False,CALL,2027-09-17,MSFT
MSFT270917C00475000,475.0,42.5,37.85,40.9,17.0,128.0,0.40772076660156253,False,CALL,2027-09-17,MSFT
MSFT270917C00480000,480.0,39.72,36.75,39.55,1.0,173.0,0.40717145568847657,False,CALL,2027-09-17,MSFT
MSFT270917C00485000,485.0,39.6,34.5,39.0,16.0,96.0,0.41128365821838386,False,CALL,2027-09-17,MSFT
MSFT270917C00490000,490.0,39.25,34.05,37.05,114.0,198.0,0.4065916275024414,False,CALL,2027-09-17,MSFT
MSFT270917C00495000,495.0,37.65,32.85,35.9,11.0,93.0,0.40657636886596676,False,CALL,2027-09-17,MSFT
MSFT270917C00500000,500.0,35.0,31.7,34.75,26.0,444.0,0.4063474893188477,False,CALL,2027-09-17,MSFT
MSFT270917C00505000,505.0,31.85,30.05,34.0,1.0,61.0,0.40843792251586913,False,CALL,2027-09-17,MSFT
MSFT270917P00275000,275.0,12.98,10.25,14.25,1.0,108.0,0.38007211730957036,False,PUT,2027-09-17,MSFT
MSFT270917P00280000,280.0,12.47,11.2,15.85,1.0,111.0,0.3829712582397461,False,PUT,2027-09-17,MSFT
MSFT270917P00285000,285.0,12.85,13.1,16.05,12.0,69.0,0.371450987701416,False,PUT,2027-09-17,MSFT
MSFT270917P00290000,290.0,14.99,13.65,17.55,1.0,237.0,0.37222917816162115,False,PUT,2027-09-17,MSFT
MSFT270917P00295000,295.0,15.05,14.85,18.85,19.0,78.0,0.3704896936035156,False,PUT,2027-09-17,MSFT
MSFT270917P00300000,300.0,16.1,16.8,19.0,9.0,390.0,0.35820649124145504,False,PUT,2027-09-17,MSFT
MSFT270917P00305000,305.0,17.1,17.55,21.6,9.0,137.0,0.36676658630371095,False,PUT,2027-09-17,MSFT
MSFT270917P00310000,310.0,20.45,18.9,22.9,1.0,126.0,0.36356227264404295,False,PUT,2027-09-17,MSFT
MSFT270917P00315000,315.0,21.76,21.05,24.1,10.0,175.0,0.35916778533935545,False,PUT,2027-09-17,MSFT
MSFT270917P00320000,320.0,21.45,22.0,26.1,12.0,940.0,0.3605868385314941,False,PUT,2027-09-17,MSFT
MSFT270917P00325000,325.0,22.1,24.25,27.35,11.0,149.0,0.35575748008728014,False,PUT,2027-09-17,MSFT
MSFT270917P00330000,330.0,27.32,25.95,29.15,1.0,215.0,0.3546207116699218,False,PUT,2027-09-17,MSFT
MSFT270917P00335000,335.0,27.8,27.4,31.0,20.0,96.0,0.35335424484252925,False,PUT,2027-09-17,MSFT
MSFT270917P00340000,340.0,30.5,28.7,33.05,2.0,831.0,0.35301092552185054,False,PUT,2027-09-17,MSFT
MSFT270917P00345000,345.0,31.1,31.55,34.7,2.0,102.0,0.34943277526855465,False,PUT,2027-09-17,MSFT
MSFT270917P00350000,350.0,30.45,33.0,36.7,6.0,436.0,0.3478458770751953,False,PUT,2027-09-17,MSFT
MSFT270917P00355000,355.0,36.22,35.0,39.05,11.0,114.0,0.34810527389526363,False,PUT,2027-09-17,MSFT
MSFT270917P00360000,360.0,38.19,37.8,40.95,1.0,432.0,0.34496199478149414,False,PUT,2027-09-17,MSFT
MSFT270917P00365000,365.0,38.69,39.0,43.25,1.0,95.0,0.34400070068359373,False,PUT,2027-09-17,MSFT
MSFT270917P00370000,370.0,42.62,41.25,45.55,1.0,338.0,0.3425969061279296,False,PUT,2027-09-17,MSFT
MSFT270917P00375000,375.0,44.8,43.6,48.0,12.0,126.0,0.34169664657592774,False,PUT,2027-09-17,MSFT
MSFT270917P00380000,380.0,47.5,46.2,50.25,11.0,355.0,0.3391637129211425,False,PUT,2027-09-17,MSFT
MSFT270917P00385000,385.0,49.05,49.75,52.6,1.0,120.0,0.33684440017700196,False,PUT,2027-09-17,MSFT
MSFT270917P00390000,390.0,47.35,51.55,55.35,101.0,358.0,0.3365544860839844,False,PUT,2027-09-17,MSFT
MSFT270917P00395000,395.0,54.5,54.0,57.95,1.0,85.0,0.33495232925415036,True,PUT,2027-09-17,MSFT
MSFT270917P00400000,400.0,57.55,56.4,60.8,36.0,376.0,0.33444879425048823,True,PUT,2027-09-17,MSFT
MSFT270917P00405000,405.0,59.4,59.5,63.55,1.0,116.0,0.3329534478759766,True,PUT,2027-09-17,MSFT
MSFT270917P00410000,410.0,58.29,62.5,66.3,2.0,68.0,0.3310766355895996,True,PUT,2027-09-17,MSFT
MSFT270917P00415000,415.0,60.25,65.5,69.2,9.0,751.0,0.32971861694335935,True,PUT,2027-09-17,MSFT
MSFT270917P00420000,420.0,69.65,68.5,72.35,54.0,546.0,0.32945922012329093,True,PUT,2027-09-17,MSFT
MSFT270917P00425000,425.0,73.03,71.5,75.45,1.0,249.0,0.328536072616577,True,PUT,2027-09-17,MSFT
MSFT270917P00430000,430.0,78.95,74.5,78.5,1.0,191.0,0.3269415451049804,True,PUT,2027-09-17,MSFT
MSFT270917P00435000,435.0,73.76,77.6,81.8,1.0,54.0,0.3264837860107421,True,PUT,2027-09-17,MSFT
MSFT270917P00440000,440.0,76.9,81.75,84.85,13.0,83.0,0.32417210258483875,True,PUT,2027-09-17,MSFT
MSFT270917P00445000,445.0,74.0,81.5,86.0,10.0,13.0,0.30998919998168945,True,PUT,2027-09-17,MSFT
MSFT270917P00450000,450.0,83.1,87.5,91.6,6.0,58.0,0.32237921279907217,True,PUT,2027-09-17,MSFT
MSFT270917P00455000,455.0,95.69,91.0,95.0,,1.0,0.3211203752899169,True,PUT,2027-09-17,MSFT
MSFT270917P00460000,460.0,103.0,95.35,98.45,16.0,25.0,0.3198157618713378,True,PUT,2027-09-17,MSFT
MSFT270917P00465000,465.0,92.66,95.0,98.9,1.0,1.0,0.29929289581298824,True,PUT,2027-09-17,MSFT
MSFT270917P00470000,470.0,115.9,101.5,105.7,1.0,9.0,0.31838907936096184,True,PUT,2027-09-17,MSFT
MSFT270917P00475000,475.0,105.54,105.5,109.5,99.0,100.0,0.31829752754211427,True,PUT,2027-09-17,MSFT
MSFT270917P00480000,480.0,115.59,109.0,112.95,20.0,23.0,0.3156348954772949,True,PUT,2027-09-17,MSFT
MSFT270917P00485000,485.0,93.99,0.0,0.0,,0.0,1.0000000000000003e-05,True,PUT,2027-09-17,MSFT
MSFT270917P00490000,490.0,144.4,116.0,120.0,1.0,3.0,0.31017230361938475,True,PUT,2027-09-17,MSFT
MSFT270917P00495000,495.0,113.76,120.5,124.5,,1.0,0.3134986863708496,True,PUT,2027-09-17,MSFT
MSFT270917P00500000,500.0,117.3,122.9,128.55,1.0,19.0,0.31354446228027344,True,PUT,2027-09-17,MSFT
MSFT270917P00505000,505.0,155.13,128.0,132.5,1.0,0.0,0.31259842681884764,True,PUT,2027-09-17,MSFT
MSFT271217C00280000,280.0,144.79,138.75,143.0,3.0,232.0,0.4744467839050293,True,CALL,2027-12-17,MSFT
MSFT271217C00290000,290.0,141.01,131.5,136.0,1.0,125.0,0.467778759765625,True,CALL,2027-12-17,MSFT
MSFT271217C00300000,300.0,129.9,125.4,129.05,1.0,902.0,0.4603859503936768,True,CALL,2027-12-17,MSFT
MSFT271217C00310000,310.0,119.28,118.5,123.0,1.0,195.0,0.45819633605957044,True,CALL,2027-12-17,MSFT
MSFT271217C00320000,320.0,123.0,112.15,117.25,204.0,522.0,0.4566246965026856,True,CALL,2027-12-17,MSFT
MSFT271217C00330000,330.0,113.65,106.15,111.3,2.0,210.0,0.4524209421539307,True,CALL,2027-12-17,MSFT
MSFT271217C00340000,340.0,106.16,100.35,105.2,1.0,319.0,0.4461725305175781,True,CALL,2027-12-17,MSFT
MSFT271217C00350000,350.0,100.0,95.6,98.65,25.0,1186.0,0.43622389953613283,True,CALL,2027-12-17,MSFT
MSFT271217C00360000,360.0,94.5,90.3,93.4,10.0,521.0,0.433149284286499,True,CALL,2027-12-17,MSFT
MSFT271217C00370000,370.0,90.0,85.25,88.35,18.0,737.0,0.4301357035827637,True,CALL,2027-12-17,MSFT
MSFT271217C00380000,380.0,84.5,80.45,83.5,5.0,904.0,0.42718315742492685,True,CALL,2027-12-17,MSFT
MSFT271217C00390000,390.0,80.35,75.0,79.5,5.0,589.0,0.4279308306121826,True,CALL,2027-12-17,MSFT
MSFT271217C00400000,400.0,75.3,70.65,75.9,42.0,1971.0,0.429792384262085,False,CALL,2027-12-17,MSFT
MSFT271217C00410000,410.0,71.63,67.3,70.55,31.0,3216.0,0.4210491855621339,False,CALL,2027-12-17,MSFT
MSFT271217C00420000,420.0,66.9,63.45,66.65,28.0,2947.0,0.419302071685791,False,CALL,2027-12-17,MSFT
MSFT271217C00430000,430.0,64.15,59.8,62.9,20.0,2632.0,0.4174405180358886,False,CALL,2027-12-17,MSFT
MSFT271217C00440000,440.0,60.62,56.3,59.35,7.0,1172.0,0.415746809387207,False,CALL,2027-12-17,MSFT
MSFT271217C00450000,450.0,56.0,53.0,56.05,14.0,1803.0,0.41451085983276365,False,CALL,2027-12-17,MSFT
MSFT271217C00460000,460.0,53.7,49.0,53.5,29.0,593.0,0.4164792239379882,False,CALL,2027-12-17,MSFT
MSFT271217C00470000,470.0,49.73,46.0,50.5,2.0,448.0,0.41522801574707036,False,CALL,2027-12-17,MSFT
MSFT271217C00480000,480.0,47.27,43.65,47.65,20.0,1020.0,0.4139920661926269,False,CALL,2027-12-17,MSFT
MSFT271217C00490000,490.0,44.79,40.05,45.65,12.0,1055.0,0.41666232757568356,False,CALL,2027-12-17,MSFT
MSFT271217C00500000,500.0,42.18,40.0,42.1,37.0,7586.0,0.4100705966186523,False,CALL,2027-12-17,MSFT
MSFT271217C00505000,505.0,39.45,37.5,41.4,10.0,196.0,0.4124585732269287,False,CALL,2027-12-17,MSFT
MSFT271217P00280000,280.0,16.02,15.05,18.05,3.0,3614.0,0.3671785694885254,False,PUT,2027-12-17,MSFT
MSFT271217P00290000,290.0,16.95,16.85,20.95,10.0,965.0,0.3660036544799804,False,PUT,2027-12-17,MSFT
MSFT271217P00300000,300.0,22.35,19.55,23.7,6.0,1927.0,0.3617007189941406,False,PUT,2027-12-17,MSFT
MSFT271217P00310000,310.0,21.85,23.25,26.35,4.0,402.0,0.35512424667358394,False,PUT,2027-12-17,MSFT
MSFT271217P00320000,320.0,27.91,25.6,30.0,3.0,1100.0,0.3541400646209716,False,PUT,2027-12-17,MSFT
MSFT271217P00330000,330.0,30.66,30.0,33.15,5.0,1924.0,0.34812053253173825,False,PUT,2027-12-17,MSFT
MSFT271217P00340000,340.0,32.63,33.85,36.75,135.0,1639.0,0.3436497520446777,False,PUT,2027-12-17,MSFT
MSFT271217P00350000,350.0,38.32,37.0,40.95,2.0,1842.0,0.34142199111938476,False,PUT,2027-12-17,MSFT
MSFT271217P00360000,360.0,43.45,41.5,45.2,1.0,990.0,0.33800405654907223,False,PUT,2027-12-17,MSFT
MSFT271217P00370000,370.0,47.21,46.7,49.7,10.0,1084.0,0.334616639251709,False,PUT,2027-12-17,MSFT
MSFT271217P00380000,380.0,47.38,51.0,54.95,7.0,1131.0,0.334067328338623,False,PUT,2027-12-17,MSFT
MSFT271217P00390000,390.0,53.3,56.0,60.0,6.0,446.0,0.33100034240722653,False,PUT,2027-12-17,MSFT
MSFT271217P00400000,400.0,62.89,60.8,65.35,5.0,3487.0,0.3282537878417968,True,PUT,2027-12-17,MSFT
MSFT271217P00410000,410.0,67.04,66.0,70.5,5.0,418.0,0.3231421446228026,True,PUT,2027-12-17,MSFT
MSFT271217P00420000,420.0,67.85,72.35,76.8,8.0,959.0,0.322974299621582,True,PUT,2027-12-17,MSFT
MSFT271217P00430000,430.0,75.1,78.95,83.0,25.0,1023.0,0.32102119415283203,True,PUT,2027-12-17,MSFT
MSFT271217P00440000,440.0,95.13,85.0,89.25,1.0,417.0,0.31812968254089347,True,PUT,2027-12-17,MSFT
MSFT271217P00450000,450.0,89.95,91.5,95.65,1.0,1126.0,0.31485670501708973,True,PUT,2027-12-17,MSFT
MSFT271217P00460000,460.0,103.52,98.5,102.5,1.0,534.0,0.31287308227539057,True,PUT,2027-12-17,MSFT
MSFT271217P00470000,470.0,110.02,105.5,109.6,2.0,535.0,0.31116411499023433,True,PUT,2027-12-17,MSFT
MSFT271217P00480000,480.0,113.85,112.7,116.85,1.0,569.0,0.3091957508850098,True,PUT,2027-12-17,MSFT
MSFT271217P00490000,490.0,121.0,118.95,124.5,13.0,301.0,0.30847859497070307,True,PUT,2027-12-17,MSFT
MSFT271217P00500000,500.0,126.78,127.5,132.05,21.0,1742.0,0.3061440235900879,True,PUT,2027-12-17,MSFT
MSFT271217P00505000,505.0,143.91,131.2,135.9,2.0,34.0,0.30503014312744137,True,PUT,2027-12-17,MSFT
MSFT280121C00280000,280.0,139.98,141.0,145.0,5.0,189.0,0.47437049072265625,True,CALL,2028-01-21,MSFT
MSFT280121C00290000,290.0,130.49,134.3,139.35,4.0,141.0,0.4769492002868652,True,CALL,2028-01-21,MSFT
MSFT280121C00300000,300.0,134.0,127.05,132.55,11.0,4401.0,0.4697776411437989,True,CALL,2028-01-21,MSFT
MSFT280121C00310000,310.0,131.1,121.15,125.0,2.0,394.0,0.4567009896850587,True,CALL,2028-01-21,MSFT
MSFT280121C00320000,320.0,119.96,115.5,119.0,3.0,463.0,0.45308469284057623,True,CALL,2028-01-21,MSFT
MSFT280121C00330000,330.0,120.0,108.95,113.0,5.0,349.0,0.448323998260498,True,CALL,2028-01-21,MSFT
MSFT280121C00340000,340.0,109.5,103.25,107.5,2.0,384.0,0.44556218505859374,True,CALL,2028-01-21,MSFT
MSFT280121C00350000,350.0,102.9,97.7,102.0,39.0,2905.0,0.4416864913940429,True,CALL,2028-01-21,MSFT
MSFT280121C00360000,360.0,97.9,92.45,96.5,106.0,572.0,0.4368189863586425,True,CALL,2028-01-21,MSFT
MSFT280121C00370000,370.0,92.6,87.4,91.5,12.0,1022.0,0.4338130349731446,True,CALL,2028-01-21,MSFT
MSFT280121C00380000,380.0,87.49,82.6,87.65,15.0,1775.0,0.4361247183990479,True,CALL,2028-01-21,MSFT
MSFT280121C00390000,390.0,83.0,78.0,82.5,83.0,1017.0,0.43030354858398445,True,CALL,2028-01-21,MSFT
MSFT280121C00400000,400.0,77.9,73.7,77.7,357.0,4951.0,0.42550470741271984,False,CALL,2028-01-21,MSFT
MSFT280121C00410000,410.0,74.16,70.2,73.35,2.0,867.0,0.422231729888916,False,CALL,2028-01-21,MSFT
MSFT280121C00420000,420.0,70.55,66.3,69.4,78.0,1371.0,0.4201794432830811,False,CALL,2028-01-21,MSFT
MSFT280121C00430000,430.0,66.65,62.65,65.7,6.0,1547.0,0.41856965713500977,False,CALL,2028-01-21,MSFT
MSFT280121C00440000,440.0,62.7,58.25,62.5,2.0,597.0,0.41871461418151856,False,CALL,2028-01-21,MSFT
MSFT280121C00450000,450.0,59.0,55.75,58.8,56.0,3633.0,0.41544163665771483,False,CALL,2028-01-21,MSFT
MSFT280121C00460000,460.0,56.0,51.05,56.05,3.0,873.0,0.41633426689147945,False,CALL,2028-01-21,MSFT
MSFT280121C00470000,470.0,50.02,48.55,53.0,2.0,1166.0,0.4149075843811035,False,CALL,2028-01-21,MSFT
MSFT280121C00480000,480.0,50.5,46.65,50.5,2.0,2037.0,0.41563236961364747,False,CALL,2028-01-21,MSFT
MSFT280121C00490000,490.0,47.38,44.0,48.05,39.0,862.0,0.41592991302490234,False,CALL,2028-01-21,MSFT
MSFT280121C00500000,500.0,44.36,42.9,45.55,309.0,9681.0,0.41530430892944337,False,CALL,2028-01-21,MSFT
MSFT280121C00505000,505.0,43.1,39.5,44.0,31.0,629.0,0.41312995323181145,False,CALL,2028-01-21,MSFT
MSFT280121P00280000,280.0,15.8,15.5,19.65,101.0,1289.0,0.3687807263183594,False,PUT,2028-01-21,MSFT
MSFT280121P00290000,290.0,17.77,18.05,22.15,2.0,496.0,0.3635927899169922,False,PUT,2028-01-21,MSFT
MSFT280121P00300000,300.0,23.05,20.9,25.0,2.0,4000.0,0.3595950271606445,False,PUT,2028-01-21,MSFT
MSFT280121P00310000,310.0,26.6,23.7,27.55,8.0,638.0,0.35202674346923823,False,PUT,2028-01-21,MSFT
MSFT280121P00320000,320.0,29.0,27.75,30.8,5.0,1839.0,0.34799846343994134,False,PUT,2028-01-21,MSFT
MSFT280121P00330000,330.0,31.75,30.5,34.5,3.0,2472.0,0.34541212455749504,False,PUT,2028-01-21,MSFT
MSFT280121P00340000,340.0,35.73,34.3,39.0,3.0,2965.0,0.34619031501770015,False,PUT,2028-01-21,MSFT
MSFT280121P00350000,350.0,40.05,38.3,40.5,27.0,2744.0,0.327780770111084,False,PUT,2028-01-21,MSFT
MSFT280121P00360000,360.0,44.74,43.55,46.5,2.0,3930.0,0.33446405288696285,False,PUT,2028-01-21,MSFT
MSFT280121P00370000,370.0,48.58,47.25,51.95,1.0,1177.0,0.33625694267272943,False,PUT,2028-01-21,MSFT
MSFT280121P00380000,380.0,53.0,52.0,56.85,12.0,2200.0,0.3335790519714356,False,PUT,2028-01-21,MSFT
MSFT280121P00390000,390.0,58.0,57.15,61.0,39.0,2324.0,0.3256445610046386,False,PUT,2028-01-21,MSFT
MSFT280121P00400000,400.0,58.45,62.5,67.0,17.0,4185.0,0.3263464582824707,True,PUT,2028-01-21,MSFT
MSFT280121P00410000,410.0,67.87,68.0,72.5,12.0,2379.0,0.32317266189575183,True,PUT,2028-01-21,MSFT
MSFT280121P00420000,420.0,73.75,74.8,77.95,15.0,3498.0,0.31854929504394525,True,PUT,2028-01-21,MSFT
MSFT280121P00430000,430.0,80.01,79.0,84.0,6.0,898.0,0.31588666297912593,True,PUT,2028-01-21,MSFT
MSFT280121P00440000,440.0,82.33,86.5,90.95,26.0,1155.0,0.31677929321289056,True,PUT,2028-01-21,MSFT
MSFT280121P00450000,450.0,93.4,93.0,97.7,2.0,1748.0,0.3155433436584472,True,PUT,2028-01-21,MSFT
MSFT280121P00460000,460.0,94.85,99.5,103.8,4.0,741.0,0.3097526911163331,True,PUT,2028-01-21,MSFT
MSFT280121P00470000,470.0,101.46,106.5,111.0,4.0,359.0,0.3087532504272461,True,PUT,2028-01-21,MSFT
MSFT280121P00480000,480.0,108.77,114.0,118.2,11.0,491.0,0.306723851776123,True,PUT,2028-01-21,MSFT
MSFT280121P00490000,490.0,122.58,121.0,125.0,2.0,1167.0,0.30139095832824714,True,PUT,2028-01-21,MSFT
MSFT280121P00500000,500.0,130.1,128.5,133.0,2.0,966.0,0.30183345878601076,True,PUT,2028-01-21,MSFT
MSFT280121P00505000,505.0,133.19,132.5,137.2,1.0,60.0,0.30290156333923335,True,PUT,2028-01-21,MSFT
MSFT280616C00280000,280.0,154.5,148.5,153.0,3.0,99.0,0.4746756634521484,True,CALL,2028-06-16,MSFT
MSFT280616C00290000,290.0,154.0,142.0,146.5,3.0,125.0,0.46915203704833985,True,CALL,2028-06-16,MSFT
MSFT280616C00300000,300.0,141.3,136.0,140.5,21.0,620.0,0.46582565429687506,True,CALL,2028-06-16,MSFT
MSFT280616C00310000,310.0,139.0,129.5,134.0,1.0,176.0,0.4586159485626221,True,CALL,2028-06-16,MSFT
MSFT280616C00320000,320.0,125.55,124.0,128.05,1.0,136.0,0.4538552539825439,True,CALL,2028-06-16,MSFT
MSFT280616C00330000,330.0,121.25,118.5,122.5,2.0,147.0,0.45049072463989254,True,CALL,2028-06-16,MSFT
MSFT280616C00340000,340.0,118.09,113.0,117.5,1.0,265.0,0.44922425781249997,True,CALL,2028-06-16,MSFT
MSFT280616C00350000,350.0,112.5,107.5,112.0,13.0,734.0,0.44443304595947264,True,CALL,2028-06-16,MSFT
MSFT280616C00360000,360.0,106.45,102.4,106.75,3.0,173.0,0.4401911450195312,True,CALL,2028-06-16,MSFT
MSFT280616C00370000,370.0,102.91,98.55,101.6,8.0,323.0,0.4357203645324707,True,CALL,2028-06-16,MSFT
MSFT280616C00380000,380.0,97.8,93.1,97.25,19.0,499.0,0.43448441497802737,True,CALL,2028-06-16,MSFT
MSFT280616C00390000,390.0,94.38,89.55,92.55,28.0,439.0,0.43076893699646,True,CALL,2028-06-16,MSFT
MSFT280616C00400000,400.0,86.2,84.3,89.8,4.0,959.0,0.4357051058959961,False,CALL,2028-06-16,MSFT
MSFT280616C00410000,410.0,83.32,81.3,84.25,18.0,437.0,0.4265041481018067,False,CALL,2028-06-16,MSFT
MSFT280616C00420000,420.0,78.07,0.0,0.0,1.0,588.0,0.007822421875,False,CALL,2028-06-16,MSFT
MSFT280616C00430000,430.0,76.02,73.55,76.8,7.0,304.0,0.4234981967163086,False,CALL,2028-06-16,MSFT
MSFT280616C00440000,440.0,73.51,70.1,73.25,3.0,1497.0,0.4218197467041016,False,CALL,2028-06-16,MSFT
MSFT280616C00450000,450.0,70.59,66.7,69.85,36.0,822.0,0.42021758987426755,False,CALL,2028-06-16,MSFT
MSFT280616C00460000,460.0,70.86,63.5,66.65,6.0,913.0,0.41892823509216304,False,CALL,2028-06-16,MSFT
MSFT280616C00470000,470.0,64.32,60.45,63.6,19.0,2263.0,0.4177456907653808,False,CALL,2028-06-16,MSFT
MSFT280616C00480000,480.0,62.7,57.55,60.7,1.0,332.0,0.4166852155303955,False,CALL,2028-06-16,MSFT
MSFT280616C00490000,490.0,55.95,52.65,59.15,5.0,1136.0,0.4213467289733887,False,CALL,2028-06-16,MSFT
MSFT280616C00500000,500.0,54.95,52.05,55.2,33.0,1491.0,0.41432775619506834,False,CALL,2028-06-16,MSFT
MSFT280616P00280000,280.0,21.76,19.7,23.9,21.0,490.0,0.35845062942504885,False,PUT,2028-06-16,MSFT
MSFT280616P00290000,290.0,24.5,23.3,26.4,4.0,516.0,0.3520114848327636,False,PUT,2028-06-16,MSFT
MSFT280616P00300000,300.0,25.37,26.5,29.45,4.0,1417.0,0.34810527389526363,False,PUT,2028-06-16,MSFT
MSFT280616P00310000,310.0,28.37,28.7,33.2,4.0,386.0,0.3472355316162109,False,PUT,2028-06-16,MSFT
MSFT280616P00320000,320.0,34.0,32.2,36.65,2.0,942.0,0.3432225102233886,False,PUT,2028-06-16,MSFT
MSFT280616P00330000,330.0,37.4,36.9,40.0,101.0,1786.0,0.3375539267730713,False,PUT,2028-06-16,MSFT
MSFT280616P00340000,340.0,41.52,41.1,43.9,2.0,877.0,0.33387659538269043,False,PUT,2028-06-16,MSFT
MSFT280616P00350000,350.0,45.46,44.0,48.6,413.0,1725.0,0.3332738792419434,False,PUT,2028-06-16,MSFT
MSFT280616P00360000,360.0,49.65,48.5,52.95,20.0,1238.0,0.3296957289886474,False,PUT,2028-06-16,MSFT
MSFT280616P00370000,370.0,57.0,52.9,57.65,2.0,284.0,0.3268194760131836,False,PUT,2028-06-16,MSFT
MSFT280616P00380000,380.0,55.6,59.0,62.1,2.0,632.0,0.32171546211242674,False,PUT,2028-06-16,MSFT
MSFT280616P00390000,390.0,65.04,62.85,67.5,1.0,298.0,0.32019722778320303,False,PUT,2028-06-16,MSFT
MSFT280616P00400000,400.0,64.92,68.35,72.8,3.0,642.0,0.31718364707946767,True,PUT,2028-06-16,MSFT
MSFT280616P00410000,410.0,72.15,74.0,78.0,1.0,434.0,0.3127433838653564,True,PUT,2028-06-16,MSFT
MSFT280616P00420000,420.0,77.92,81.2,84.1,30.0,406.0,0.3115379515838622,True,PUT,2028-06-16,MSFT
MSFT280616P00430000,430.0,82.85,86.0,90.05,30.0,376.0,0.30869984519958493,True,PUT,2028-06-16,MSFT
MSFT280616P00440000,440.0,91.66,92.0,96.5,1.0,219.0,0.30725790405273434,True,PUT,2028-06-16,MSFT
MSFT280616P00450000,450.0,101.45,99.25,102.6,2.0,290.0,0.3032982878875732,True,PUT,2028-06-16,MSFT
MSFT280616P00460000,460.0,106.43,0.0,109.5,1.0,197.0,0.30217677810668947,True,PUT,2028-06-16,MSFT
MSFT280616P00470000,470.0,108.9,111.5,115.5,2.0,125.0,0.2959359957885742,True,PUT,2028-06-16,MSFT
MSFT280616P00480000,480.0,138.0,117.75,123.2,2.0,125.0,0.2969201778411864,True,PUT,2028-06-16,MSFT
MSFT280616P00490000,490.0,137.17,126.0,130.4,1.0,147.0,0.2947000462341308,True,PUT,2028-06-16,MSFT
MSFT280616P00500000,500.0,127.12,132.65,138.1,2.0,279.0,0.2941507353210449,True,PUT,2028-06-16,MSFT
MSFT281215C00275000,275.0,175.23,160.5,165.0,3.0,78.0,0.47688816574096676,True,CALL,2028-12-15,MSFT
MSFT281215C00280000,280.0,160.07,158.3,161.7,1.0,230.0,0.4733634207153321,True,CALL,2028-12-15,MSFT
MSFT281215C00285000,285.0,160.6,154.5,159.0,2.0,62.0,0.4731040238952637,True,CALL,2028-12-15,MSFT
MSFT281215C00290000,290.0,153.55,151.5,156.0,2.0,283.0,0.47092203887939454,True,CALL,2028-12-15,MSFT
MSFT281215C00295000,295.0,150.15,149.5,154.0,2.0,193.0,0.47404243003845214,True,CALL,2028-12-15,MSFT
MSFT281215C00300000,300.0,148.55,146.5,150.5,10.0,1542.0,0.4687247952270508,True,CALL,2028-12-15,MSFT
MSFT281215C00305000,305.0,148.0,143.0,147.0,1.0,320.0,0.46335375518798827,True,CALL,2028-12-15,MSFT
MSFT281215C00310000,310.0,147.21,140.05,145.15,16.0,157.0,0.4665046636199951,True,CALL,2028-12-15,MSFT
MSFT281215C00315000,315.0,143.85,137.5,141.2,39.0,154.0,0.45855491401672377,True,CALL,2028-12-15,MSFT
MSFT281215C00320000,320.0,135.65,134.45,139.15,12.0,396.0,0.4602257347106934,True,CALL,2028-12-15,MSFT
MSFT281215C00325000,325.0,133.73,132.0,136.0,3.0,37.0,0.4561364201354981,True,CALL,2028-12-15,MSFT
MSFT281215C00330000,330.0,132.38,129.15,133.5,16.0,176.0,0.4551598674011231,True,CALL,2028-12-15,MSFT
MSFT281215C00335000,335.0,132.97,126.5,131.0,7.0,53.0,0.4539849523925781,True,CALL,2028-12-15,MSFT
MSFT281215C00340000,340.0,129.78,123.9,128.7,15.0,444.0,0.4536111157989502,True,CALL,2028-12-15,MSFT
MSFT281215C00345000,345.0,126.75,121.4,126.0,10.0,89.0,0.4511468460083008,True,CALL,2028-12-15,MSFT
MSFT281215C00350000,350.0,125.44,118.7,123.7,40.0,2510.0,0.45042206077575686,True,CALL,2028-12-15,MSFT
MSFT281215C00355000,355.0,118.75,116.5,121.0,5.0,104.0,0.44766787689208976,True,CALL,2028-12-15,MSFT
MSFT281215C00360000,360.0,119.25,114.05,119.2,9.0,690.0,0.44893434371948243,True,CALL,2028-12-15,MSFT
MSFT281215C00365000,365.0,113.82,111.8,116.0,8.0,163.0,0.44360907958984375,True,CALL,2028-12-15,MSFT
MSFT281215C00370000,370.0,114.0,109.5,113.5,3.0,800.0,0.4413736893463135,True,CALL,2028-12-15,MSFT
MSFT281215C00375000,375.0,109.85,107.15,111.5,5.0,335.0,0.44124399093627925,True,CALL,2028-12-15,MSFT
MSFT281215C00380000,380.0,110.25,104.95,110.15,16.0,1428.0,0.44383795913696283,True,CALL,2028-12-15,MSFT
MSFT281215C00385000,385.0,108.13,102.75,107.5,2.0,205.0,0.4405039470672607,True,CALL,2028-12-15,MSFT
MSFT281215C00390000,390.0,103.18,99.05,105.5,40.0,1607.0,0.4399012309265136,True,CALL,2028-12-15,MSFT
MSFT281215C00395000,395.0,101.47,99.35,102.35,7.0,106.0,0.43415635429382327,False,CALL,2028-12-15,MSFT
MSFT281215C00400000,400.0,101.76,97.0,100.25,60.0,4224.0,0.43286699951171875,False,CALL,2028-12-15,MSFT
MSFT281215C00405000,405.0,98.8,94.5,98.95,5.0,150.0,0.4348735102081299,False,CALL,2028-12-15,MSFT
MSFT281215C00410000,410.0,97.4,93.25,96.3,18.0,1188.0,0.43095204063415526,False,CALL,2028-12-15,MSFT
MSFT281215C00415000,415.0,94.4,91.45,94.45,1.0,200.0,0.4303264365386964,False,CALL,2028-12-15,MSFT
MSFT281215C00420000,420.0,93.8,88.75,93.75,5.0,1684.0,0.4344386390686035,False,CALL,2028-12-15,MSFT
MSFT281215C00425000,425.0,91.0,87.0,91.5,1.0,276.0,0.4318370415496826,False,CALL,2028-12-15,MSFT
MSFT281215C00430000,430.0,88.25,85.95,88.9,1.0,862.0,0.42766380447387703,False,CALL,2028-12-15,MSFT
MSFT281215C00435000,435.0,89.49,84.0,87.25,3.0,53.0,0.4273586317443848,False,CALL,2028-12-15,MSFT
MSFT281215C00440000,440.0,84.6,81.5,86.9,2.0,644.0,0.43235583518981935,False,CALL,2028-12-15,MSFT
MSFT281215C00445000,445.0,90.19,80.6,83.85,5.0,127.0,0.4259624665069581,False,CALL,2028-12-15,MSFT
MSFT281215C00450000,450.0,83.46,78.9,82.15,30.0,1165.0,0.42508509490966795,False,CALL,2028-12-15,MSFT
MSFT281215C00455000,455.0,86.81,76.9,81.0,4.0,878.0,0.4263744496917725,False,CALL,2028-12-15,MSFT
MSFT281215C00460000,460.0,80.01,74.9,80.0,68.0,3383.0,0.42815208084106443,False,CALL,2028-12-15,MSFT
MSFT281215C00465000,465.0,77.25,73.5,78.0,10.0,128.0,0.4256878110504151,False,CALL,2028-12-15,MSFT
MSFT281215C00470000,470.0,76.39,72.65,76.85,76.0,517.0,0.4266185878753662,False,CALL,2028-12-15,MSFT
MSFT281215C00475000,475.0,81.0,70.5,75.0,3.0,180.0,0.42455867195129393,False,CALL,2028-12-15,MSFT
MSFT281215C00480000,480.0,73.82,68.5,74.25,31.0,405.0,0.4269161312866212,False,CALL,2028-12-15,MSFT
MSFT281215C00485000,485.0,70.12,67.55,72.0,1.0,103.0,0.4229946617126465,False,CALL,2028-12-15,MSFT
MSFT281215C00490000,490.0,74.5,0.0,70.25,331.0,699.0,0.42102629760742194,False,CALL,2028-12-15,MSFT
MSFT281215C00495000,495.0,64.99,65.5,69.5,2.0,25.0,0.42307858421325684,False,CALL,2028-12-15,MSFT
MSFT281215C00500000,500.0,67.6,64.2,67.55,62.0,4199.0,0.42008026214599614,False,CALL,2028-12-15,MSFT
MSFT281215C00505000,505.0,66.67,62.75,66.05,2.0,448.0,0.41883668327331536,False,CALL,2028-12-15,MSFT
MSFT281215P00275000,275.0,25.1,23.85,26.95,14.0,243.0,0.3493564820861816,False,PUT,2028-12-15,MSFT
MSFT281215P00280000,280.0,26.35,25.3,27.1,8.0,893.0,0.3392857820129394,False,PUT,2028-12-15,MSFT
MSFT281215P00285000,285.0,28.28,26.8,29.9,2.0,75.0,0.34528242614746096,False,PUT,2028-12-15,MSFT
MSFT281215P00290000,290.0,29.06,27.5,31.85,2.0,1132.0,0.3456257454681396,False,PUT,2028-12-15,MSFT
MSFT281215P00295000,295.0,30.82,29.9,33.05,2.0,1137.0,0.34135332725524903,False,PUT,2028-12-15,MSFT
MSFT281215P00300000,300.0,32.57,30.55,35.05,19.0,2594.0,0.341376215209961,False,PUT,2028-12-15,MSFT
MSFT281215P00305000,305.0,34.5,33.3,36.45,3.0,89.0,0.337820952911377,False,PUT,2028-12-15,MSFT
MSFT281215P00310000,310.0,33.53,35.05,38.25,20.0,704.0,0.3362264253997802,False,PUT,2028-12-15,MSFT
MSFT281215P00315000,315.0,37.52,36.85,40.1,1.0,82.0,0.3346395272064209,False,PUT,2028-12-15,MSFT
MSFT281215P00320000,320.0,37.75,37.7,42.2,222.0,1070.0,0.33408258697509763,False,PUT,2028-12-15,MSFT
MSFT281215P00325000,325.0,41.35,40.6,43.85,1.0,144.0,0.33100034240722653,False,PUT,2028-12-15,MSFT
MSFT281215P00330000,330.0,41.32,41.55,46.15,70.0,2662.0,0.3309316785430908,False,PUT,2028-12-15,MSFT
MSFT281215P00335000,335.0,45.1,43.65,48.15,1.0,383.0,0.3291311594390869,False,PUT,2028-12-15,MSFT
MSFT281215P00340000,340.0,45.01,45.75,50.25,59.0,1601.0,0.32759003715515134,False,PUT,2028-12-15,MSFT
MSFT281215P00345000,345.0,52.45,47.5,52.0,1.0,95.0,0.3241873612213134,False,PUT,2028-12-15,MSFT
MSFT281215P00350000,350.0,51.65,49.5,54.5,7.0,2957.0,0.3240729214477538,False,PUT,2028-12-15,MSFT
MSFT281215P00355000,355.0,53.35,52.1,56.5,1.0,342.0,0.3214331773376465,False,PUT,2028-12-15,MSFT
MSFT281215P00360000,360.0,56.37,54.35,58.95,4.0,2143.0,0.32063209892272937,False,PUT,2028-12-15,MSFT
MSFT281215P00365000,365.0,56.0,56.0,61.0,31.0,51.0,0.31781688049316403,False,PUT,2028-12-15,MSFT
MSFT281215P00370000,370.0,60.87,59.0,63.7,4.0,1377.0,0.31768718208312985,False,PUT,2028-12-15,MSFT
MSFT281215P00375000,375.0,62.75,61.7,66.0,5.0,423.0,0.3155814902496338,False,PUT,2028-12-15,MSFT
MSFT281215P00380000,380.0,64.4,63.65,68.65,2.0,962.0,0.3147956704711914,False,PUT,2028-12-15,MSFT
MSFT281215P00385000,385.0,64.3,66.5,71.0,30.0,117.0,0.31250687499999996,False,PUT,2028-12-15,MSFT
MSFT281215P00390000,390.0,71.74,69.5,73.7,2.0,687.0,0.3115150636291503,False,PUT,2028-12-15,MSFT
MSFT281215P00395000,395.0,73.81,72.0,76.35,4.0,144.0,0.31011126907348635,True,PUT,2028-12-15,MSFT
MSFT281215P00400000,400.0,75.99,74.5,78.5,2.0,2347.0,0.30641867904663084,True,PUT,2028-12-15,MSFT
MSFT281215P00405000,405.0,78.7,77.5,81.95,1.0,53.0,0.30797505996704094,True,PUT,2028-12-15,MSFT
MSFT281215P00410000,410.0,78.5,80.0,84.45,2.0,1105.0,0.30536583312988286,True,PUT,2028-12-15,MSFT
MSFT281215P00415000,415.0,81.07,83.0,87.3,30.0,136.0,0.3040307024383544,True,PUT,2028-12-15,MSFT
MSFT281215P00420000,420.0,82.7,86.0,90.25,23.0,850.0,0.302916821975708,True,PUT,2028-12-15,MSFT
MSFT281215P00425000,425.0,90.94,89.0,93.25,1.0,108.0,0.3018182001495362,True,PUT,2028-12-15,MSFT
MSFT281215P00430000,430.0,93.92,92.7,95.9,1.0,308.0,0.2990945335388183,True,PUT,2028-12-15,MSFT
MSFT281215P00435000,435.0,99.67,95.0,99.4,14.0,38.0,0.2996819910430908,True,PUT,2028-12-15,MSFT
MSFT281215P00440000,440.0,97.32,97.4,102.6,1.0,702.0,0.2988580246734619,True,PUT,2028-12-15,MSFT
MSFT281215P00445000,445.0,100.39,100.5,105.75,1.0,183.0,0.29764496307373034,True,PUT,2028-12-15,MSFT
MSFT281215P00450000,450.0,105.42,103.0,108.0,2.0,775.0,0.29253331985473624,True,PUT,2028-12-15,MSFT
MSFT281215P00455000,455.0,112.4,0.0,111.95,8.0,777.0,0.29426517509460437,True,PUT,2028-12-15,MSFT
MSFT281215P00460000,460.0,106.35,110.5,115.5,1.0,408.0,0.2941812525939941,True,PUT,2028-12-15,MSFT
MSFT281215P00465000,465.0,115.74,113.0,118.0,1.0,34.0,0.28955025642395016,True,PUT,2028-12-15,MSFT
MSFT281215P00470000,470.0,120.12,116.75,122.55,1.0,90.0,0.29328862236022935,True,PUT,2028-12-15,MSFT
MSFT281215P00475000,475.0,116.46,121.0,125.0,2.0,118.0,0.2880777980041503,True,PUT,2028-12-15,MSFT
MSFT281215P00480000,480.0,131.62,123.55,129.45,1.0,401.0,0.29110663734436026,True,PUT,2028-12-15,MSFT
MSFT281215P00485000,485.0,150.1,127.5,132.0,40.0,133.0,0.285941588897705,True,PUT,2028-12-15,MSFT
MSFT281215P00490000,490.0,132.97,130.8,136.4,1.0,310.0,0.2884668932342528,True,PUT,2028-12-15,MSFT
MSFT281215P00495000,495.0,137.75,135.0,139.5,2.0,13.0,0.28527020889282223,True,PUT,2028-12-15,MSFT
MSFT281215P00500000,500.0,138.79,137.95,143.6,3.0,581.0,0.28623150299072264,True,PUT,2028-12-15,MSFT
MSFT281215P00505000,505.0,155.13,142.0,146.3,41.0,99.0,0.2809138681793213,True,PUT,2028-12-15,MSFT
AAPL260720C00235000,235.0,79.0,95.6,98.3,,0.0,4.103520495605468,True,CALL,2026-07-20,AAPL
AAPL260720C00240000,240.0,74.0,90.2,93.25,,0.0,3.755859985351563,True,CALL,2026-07-20,AAPL
AAPL260720C00245000,245.0,70.12,85.25,88.25,,2.0,3.57031357421875,True,CALL,2026-07-20,AAPL
AAPL260720C00250000,250.0,65.13,81.45,83.95,,2.0,3.8457035107421875,True,CALL,2026-07-20,AAPL
AAPL260720C00255000,255.0,60.17,75.65,78.6,,0.0,3.3701187622070305,True,CALL,2026-07-20,AAPL
AAPL260720C00260000,260.0,73.83,70.3,73.65,1.0,1.0,3.0957053857421872,True,CALL,2026-07-20,AAPL
AAPL260720C00265000,265.0,65.8,65.85,68.7,4.0,2.0,3.0332055419921877,True,CALL,2026-07-20,AAPL
AAPL260720C00270000,270.0,56.85,60.1,63.25,2.0,3.0,2.561527033691406,True,CALL,2026-07-20,AAPL
AAPL260720C00275000,275.0,58.67,55.85,58.6,22.0,26.0,2.6118198767089846,True,CALL,2026-07-20,AAPL
AAPL260720C00277500,277.5,56.19,53.2,56.35,22.0,37.0,2.5317419519042965,True,CALL,2026-07-20,AAPL
AAPL260720C00280000,280.0,52.72,50.3,54.05,177.0,50.0,2.3950235437011718,True,CALL,2026-07-20,AAPL
AAPL260720C00282500,282.5,51.1,47.8,50.75,182.0,71.0,2.1406296484375,True,CALL,2026-07-20,AAPL
AAPL260720C00285000,285.0,48.0,45.25,48.25,10.0,74.0,2.037114282226563,True,CALL,2026-07-20,AAPL
AAPL260720C00287500,287.5,42.57,42.75,46.35,1.0,20.0,2.0571337634277342,True,CALL,2026-07-20,AAPL
AAPL260720C00290000,290.0,42.95,40.3,43.85,16.0,55.0,1.9692384350585939,True,CALL,2026-07-20,AAPL
AAPL260720C00292500,292.5,41.62,38.9,41.85,7.0,60.0,2.1176804870605466,True,CALL,2026-07-20,AAPL
AAPL260720C00295000,295.0,34.9,36.35,38.8,17.0,21.0,1.9282230151367186,True,CALL,2026-07-20,AAPL
AAPL260720C00297500,297.5,36.43,32.75,35.8,4.0,12.0,1.5800802246093748,True,CALL,2026-07-20,AAPL
AAPL260720C00300000,300.0,33.96,30.35,33.8,17.0,58.0,1.5810567822265622,True,CALL,2026-07-20,AAPL
AAPL260720C00302500,302.5,32.84,28.45,31.05,47.0,17.0,1.5327171801757813,True,CALL,2026-07-20,AAPL
AAPL260720C00305000,305.0,30.1,26.45,29.0,61.0,69.0,1.554201447753906,True,CALL,2026-07-20,AAPL
AAPL260720C00307500,307.5,24.69,23.95,26.6,31.0,44.0,1.4599636376953122,True,CALL,2026-07-20,AAPL
AAPL260720C00310000,310.0,24.03,20.35,23.3,25.0,282.0,1.119145029296875,True,CALL,2026-07-20,AAPL
AAPL260720C00312500,312.5,20.5,18.05,20.45,315.0,377.0,1.0009815576171874,True,CALL,2026-07-20,AAPL
AAPL260720C00315000,315.0,18.78,16.45,19.0,526.0,3996.0,1.1215864233398438,True,CALL,2026-07-20,AAPL
AAPL260720C00317500,317.5,15.61,13.8,16.05,1.0,970.0,0.9487309814453124,True,CALL,2026-07-20,AAPL
AAPL260720C00320000,320.0,12.97,11.2,12.7,2.0,1113.0,0.7407252490234374,True,CALL,2026-07-20,AAPL
AAPL260720C00322500,322.5,12.23,11.35,11.4,407.0,950.0,0.9682620361328125,True,CALL,2026-07-20,AAPL
AAPL260720C00325000,325.0,7.5,6.75,7.75,5.0,1080.0,0.5664105859375,True,CALL,2026-07-20,AAPL
AAPL260720C00327500,327.5,5.84,4.7,5.25,2.0,1198.0,0.5141650146484374,True,CALL,2026-07-20,AAPL
AAPL260720C00330000,330.0,3.17,3.1,3.1,72.0,4268.0,0.41040628662109374,True,CALL,2026-07-20,AAPL
AAPL260720C00332500,332.5,1.5,1.47,1.59,1256.0,4140.0,0.35425450439453116,False,CALL,2026-07-20,AAPL
AAPL260720C00335000,335.0,0.75,0.76,0.84,1270.0,5344.0,0.35352208984374994,False,CALL,2026-07-20,AAPL
AAPL260720C00337500,337.5,0.35,0.3,0.4,948.0,3195.0,0.35352208984374994,False,CALL,2026-07-20,AAPL
AAPL260720C00340000,340.0,0.12,0.11,0.13,3606.0,2777.0,0.33399103515625,False,CALL,2026-07-20,AAPL
AAPL260720C00342500,342.5,0.07,0.06,0.08,213.0,1985.0,0.367193828125,False,CALL,2026-07-20,AAPL
AAPL260720C00345000,345.0,0.03,0.02,0.03,137.0,1925.0,0.367193828125,False,CALL,2026-07-20,AAPL
AAPL260720C00347500,347.5,0.04,0.01,0.04,60.0,1265.0,0.437505625,False,CALL,2026-07-20,AAPL
AAPL260720C00350000,350.0,0.02,0.01,0.03,24.0,2903.0,0.4726615234375,False,CALL,2026-07-20,AAPL
AAPL260720C00352500,352.5,0.02,0.02,0.03,205.0,182.0,0.5117236328125,False,CALL,2026-07-20,AAPL
AAPL260720C00355000,355.0,0.02,0.0,0.02,2.0,853.0,0.507817421875,False,CALL,2026-07-20,AAPL
AAPL260720C00357500,357.5,0.01,0.0,0.02,13.0,11.0,0.5468795312500001,False,CALL,2026-07-20,AAPL
AAPL260720C00360000,360.0,0.02,0.0,0.02,757.0,848.0,0.5937540625000001,False,CALL,2026-07-20,AAPL
AAPL260720C00362500,362.5,0.01,0.0,0.01,91.0,81.0,0.5937540625000001,False,CALL,2026-07-20,AAPL
AAPL260720C00365000,365.0,0.02,0.0,0.01,32.0,47.0,0.64062859375,False,CALL,2026-07-20,AAPL
AAPL260720C00370000,370.0,0.02,0.0,0.01,41.0,44.0,0.7187528125,False,CALL,2026-07-20,AAPL
AAPL260720C00375000,375.0,0.01,0.0,0.0,11.0,15.0,0.500005,False,CALL,2026-07-20,AAPL
AAPL260720C00380000,380.0,0.03,0.0,0.01,1.0,1.0,0.87500125,False,CALL,2026-07-20,AAPL
AAPL260720P00235000,235.0,0.02,0.0,0.0,2.0,2.0,0.500005,False,PUT,2026-07-20,AAPL
AAPL260720P00240000,240.0,0.14,0.0,0.17,,1.0,2.49219126953125,False,PUT,2026-07-20,AAPL
AAPL260720P00245000,245.0,0.15,0.0,0.19,,1.0,2.3789103027343748,False,PUT,2026-07-20,AAPL
AAPL260720P00250000,250.0,0.03,0.0,0.19,10.0,16.0,2.2343794140624995,False,PUT,2026-07-20,AAPL
AAPL260720P00255000,255.0,0.01,0.0,0.19,9.0,5.0,2.0937547656249995,False,PUT,2026-07-20,AAPL
AAPL260720P00260000,260.0,0.01,0.0,0.19,5.0,12.0,1.953125234375,False,PUT,2026-07-20,AAPL
AAPL260720P00265000,265.0,0.45,0.0,0.19,2.0,5.0,1.8125009374999999,False,PUT,2026-07-20,AAPL
AAPL260720P00270000,270.0,0.22,0.0,0.19,1.0,8.0,1.6796891015625,False,PUT,2026-07-20,AAPL
AAPL260720P00275000,275.0,0.01,0.0,0.19,1.0,53.0,1.54297103515625,False,PUT,2026-07-20,AAPL
AAPL260720P00277500,277.5,0.08,0.0,0.19,2.0,8.0,1.4765651171875,False,PUT,2026-07-20,AAPL
AAPL260720P00280000,280.0,0.02,0.0,0.19,3.0,20.0,1.41015919921875,False,PUT,2026-07-20,AAPL
AAPL260720P00282500,282.5,0.02,0.0,0.18,3.0,2.0,1.3320345898437496,False,PUT,2026-07-20,AAPL
AAPL260720P00285000,285.0,0.01,0.0,0.17,1.0,18.0,1.2578162109375,False,PUT,2026-07-20,AAPL
AAPL260720P00287500,287.5,0.32,0.0,0.18,1.0,4.0,1.203128984375,False,PUT,2026-07-20,AAPL
AAPL260720P00290000,290.0,0.05,0.01,0.02,6.0,249.0,0.92187578125,False,PUT,2026-07-20,AAPL
AAPL260720P00292500,292.5,0.02,0.0,0.18,10.0,116.0,1.0703171484375003,False,PUT,2026-07-20,AAPL
AAPL260720P00295000,295.0,0.05,0.0,0.19,16.0,145.0,1.013676806640625,False,PUT,2026-07-20,AAPL
AAPL260720P00297500,297.5,0.01,0.0,0.18,17.0,520.0,0.9414068359375,False,PUT,2026-07-20,AAPL
AAPL260720P00300000,300.0,0.02,0.0,0.05,620.0,945.0,0.7421900781249999,False,PUT,2026-07-20,AAPL
AAPL260720P00302500,302.5,0.01,0.0,0.01,536.0,532.0,0.57812921875,False,PUT,2026-07-20,AAPL
AAPL260720P00305000,305.0,0.03,0.03,0.08,81.0,336.0,0.6953155468750001,False,PUT,2026-07-20,AAPL
AAPL260720P00307500,307.5,0.04,0.01,0.05,505.0,703.0,0.585941640625,False,PUT,2026-07-20,AAPL
AAPL260720P00310000,310.0,0.02,0.01,0.03,21.0,2001.0,0.500005,False,PUT,2026-07-20,AAPL
AAPL260720P00312500,312.5,0.06,0.01,0.26,205.0,1044.0,0.5898478515625001,False,PUT,2026-07-20,AAPL
AAPL260720P00315000,315.0,0.07,0.02,0.08,2069.0,3032.0,0.47461462890625,False,PUT,2026-07-20,AAPL
AAPL260720P00317500,317.5,0.03,0.02,0.03,6267.0,3997.0,0.35156898437499995,False,PUT,2026-07-20,AAPL
AAPL260720P00320000,320.0,0.05,0.04,0.06,1493.0,4447.0,0.3242255078124999,False,PUT,2026-07-20,AAPL
AAPL260720P00322500,322.5,0.11,0.06,0.11,2128.0,4051.0,0.29004616210937495,False,PUT,2026-07-20,AAPL
AAPL260720P00325000,325.0,0.23,0.22,0.25,527.0,13557.0,0.26563234375,False,PUT,2026-07-20,AAPL
AAPL260720P00327500,327.5,0.55,0.51,0.56,932.0,3885.0,0.24024197265624997,False,PUT,2026-07-20,AAPL
AAPL260720P00330000,330.0,1.29,1.27,1.31,2303.0,6098.0,0.2260819580078125,False,PUT,2026-07-20,AAPL
AAPL260720P00332500,332.5,2.4,2.16,2.21,423.0,3372.0,0.1294032373046875,True,PUT,2026-07-20,AAPL
AAPL260720P00335000,335.0,4.13,4.1,4.35,51.0,22579.0,1.0000000000000003e-05,True,PUT,2026-07-20,AAPL
AAPL260720P00337500,337.5,6.25,5.6,6.6,10.0,1313.0,1.0000000000000003e-05,True,PUT,2026-07-20,AAPL
AAPL260720P00340000,340.0,6.75,6.1,8.5,818.0,332.0,1.0000000000000003e-05,True,PUT,2026-07-20,AAPL
AAPL260720P00342500,342.5,9.14,8.8,12.0,572.0,163.0,0.30664755859375,True,PUT,2026-07-20,AAPL
AAPL260720P00345000,345.0,11.1,11.3,13.65,1231.0,182.0,1.0000000000000003e-05,True,PUT,2026-07-20,AAPL
AAPL260720P00347500,347.5,13.75,14.6,17.0,3315.0,137.0,0.414068359375,True,PUT,2026-07-20,AAPL
AAPL260720P00350000,350.0,16.0,16.1,18.6,679.0,50.0,1.0000000000000003e-05,True,PUT,2026-07-20,AAPL
AAPL260720P00352500,352.5,20.4,17.75,20.3,351.0,66.0,1.0000000000000003e-05,True,PUT,2026-07-20,AAPL
AAPL260720P00355000,355.0,21.76,21.8,24.75,148.0,49.0,0.8095722167968749,True,PUT,2026-07-20,AAPL
AAPL260720P00357500,357.5,25.0,23.7,26.25,30.0,,1.0000000000000003e-05,True,PUT,2026-07-20,AAPL
AAPL260720P00360000,360.0,29.63,26.2,28.7,72.0,0.0,1.0000000000000003e-05,True,PUT,2026-07-20,AAPL
AAPL260722C00235000,235.0,80.89,95.45,99.0,,11.0,2.4628944677734372,True,CALL,2026-07-22,AAPL
AAPL260722C00250000,250.0,62.9,80.75,84.0,,1.0,2.1362351281738277,True,CALL,2026-07-22,AAPL
AAPL260722C00260000,260.0,70.24,70.45,73.8,6.0,6.0,1.8300789746093749,True,CALL,2026-07-22,AAPL
AAPL260722C00265000,265.0,65.36,64.9,68.6,3.0,3.0,1.611330068359375,True,CALL,2026-07-22,AAPL
AAPL260722C00270000,270.0,60.45,60.35,63.55,1.0,5.0,1.5556662841796873,True,CALL,2026-07-22,AAPL
AAPL260722C00275000,275.0,53.21,56.65,59.9,1.0,0.0,1.7216810791015624,True,CALL,2026-07-22,AAPL
AAPL260722C00280000,280.0,36.08,50.75,54.15,1.0,53.0,1.4418973217773439,True,CALL,2026-07-22,AAPL
AAPL260722C00282500,282.5,44.65,48.9,51.9,2.0,39.0,1.46875265625,True,CALL,2026-07-22,AAPL
AAPL260722C00285000,285.0,30.71,45.5,48.3,94.0,14.0,1.2114297241210936,True,CALL,2026-07-22,AAPL
AAPL260722C00287500,287.5,46.29,43.1,45.85,4.0,67.0,1.1728556982421874,True,CALL,2026-07-22,AAPL
AAPL260722C00290000,290.0,43.87,40.8,44.15,13.0,124.0,1.2138711181640622,True,CALL,2026-07-22,AAPL
AAPL260722C00292500,292.5,40.3,37.6,41.2,3.0,48.0,1.0473680444335938,True,CALL,2026-07-22,AAPL
AAPL260722C00295000,295.0,38.37,35.5,38.35,41.0,108.0,0.9970703417968749,True,CALL,2026-07-22,AAPL
AAPL260722C00297500,297.5,37.35,33.3,36.45,11.0,65.0,1.0219775463867187,True,CALL,2026-07-22,AAPL
AAPL260722C00300000,300.0,33.2,30.9,34.15,23.0,64.0,0.9877930908203125,True,CALL,2026-07-22,AAPL
AAPL260722C00302500,302.5,31.38,28.05,30.9,10.0,6.0,0.8398453515625,True,CALL,2026-07-22,AAPL
AAPL260722C00305000,305.0,29.43,26.7,29.2,4.0,100.0,0.9291999267578125,True,CALL,2026-07-22,AAPL
AAPL260722C00307500,307.5,26.69,23.25,26.0,12.0,55.0,0.7502466381835937,True,CALL,2026-07-22,AAPL
AAPL260722C00310000,310.0,20.5,21.25,24.05,14.0,498.0,0.764650791015625,True,CALL,2026-07-22,AAPL
AAPL260722C00312500,312.5,20.18,18.55,21.6,11.0,808.0,0.6928741650390625,True,CALL,2026-07-22,AAPL
AAPL260722C00315000,315.0,19.56,16.95,19.55,102.0,362.0,0.7092314233398438,True,CALL,2026-07-22,AAPL
AAPL260722C00317500,317.5,17.08,14.6,17.35,50.0,646.0,0.6654086193847659,True,CALL,2026-07-22,AAPL
AAPL260722C00320000,320.0,13.5,11.75,14.9,38.0,639.0,0.579105771484375,True,CALL,2026-07-22,AAPL
AAPL260722C00322500,322.5,12.6,10.05,10.7,50.0,1017.0,0.49414568359375005,True,CALL,2026-07-22,AAPL
AAPL260722C00325000,325.0,9.7,7.95,8.7,88.0,368.0,0.4643608251953125,True,CALL,2026-07-22,AAPL
AAPL260722C00327500,327.5,7.88,6.15,6.65,2.0,542.0,0.4198056066894531,True,CALL,2026-07-22,AAPL
AAPL260722C00330000,330.0,5.1,4.6,5.3,3.0,1414.0,0.42163664306640625,True,CALL,2026-07-22,AAPL
AAPL260722C00332500,332.5,4.0,3.45,3.95,53.0,1077.0,0.4067442138671875,False,CALL,2026-07-22,AAPL
AAPL260722C00335000,335.0,2.52,2.51,2.67,204.0,2383.0,0.3792786682128906,False,CALL,2026-07-22,AAPL
AAPL260722C00337500,337.5,1.85,1.67,1.77,61.0,1391.0,0.36499658447265626,False,CALL,2026-07-22,AAPL
AAPL260722C00340000,340.0,1.17,1.15,1.29,67.0,1573.0,0.3745179736328125,False,CALL,2026-07-22,AAPL
AAPL260722C00342500,342.5,0.89,0.69,0.86,10.0,1184.0,0.37354142089843745,False,CALL,2026-07-22,AAPL
AAPL260722C00345000,345.0,0.53,0.46,0.6,6.0,1115.0,0.38086556640624997,False,CALL,2026-07-22,AAPL
AAPL260722C00347500,347.5,0.49,0.26,0.37,2.0,529.0,0.37793590820312495,False,CALL,2026-07-22,AAPL
AAPL260722C00350000,350.0,0.19,0.23,0.23,19.0,786.0,0.37842418457031246,False,CALL,2026-07-22,AAPL
AAPL260722C00352500,352.5,0.41,0.01,0.36,47.0,17.0,0.4555718505859375,False,CALL,2026-07-22,AAPL
AAPL260722C00355000,355.0,0.13,0.01,0.25,3.0,143.0,0.45898978515625005,False,CALL,2026-07-22,AAPL
AAPL260722C00357500,357.5,0.27,0.01,0.27,7.0,6.0,0.5019581054687501,False,CALL,2026-07-22,AAPL
AAPL260722C00360000,360.0,0.11,0.05,0.09,159.0,144.0,0.44824770507812495,False,CALL,2026-07-22,AAPL
AAPL260722C00362500,362.5,0.16,0.0,0.21,2.0,5.0,0.5478560839843751,False,CALL,2026-07-22,AAPL
AAPL260722C00365000,365.0,0.05,0.0,0.25,17.0,43.0,0.534184345703125,False,CALL,2026-07-22,AAPL
AAPL260722C00370000,370.0,0.06,0.0,0.22,4.0,6.0,0.5839885351562499,False,CALL,2026-07-22,AAPL
AAPL260722C00375000,375.0,0.03,0.0,0.01,22.0,21.0,0.48438015625,False,CALL,2026-07-22,AAPL
AAPL260722C00380000,380.0,0.05,0.0,0.17,36.0,0.0,0.6757844921875001,False,CALL,2026-07-22,AAPL
AAPL260722C00385000,385.0,0.03,0.0,0.0,7.0,10.0,0.2500075,False,CALL,2026-07-22,AAPL
AAPL260722P00245000,245.0,0.12,0.0,0.65,,1.0,1.625001875,False,PUT,2026-07-22,AAPL
AAPL260722P00260000,260.0,0.09,0.0,0.42,1.0,2.0,1.2548865380859375,False,PUT,2026-07-22,AAPL
AAPL260722P00270000,270.0,0.11,0.0,0.38,,1.0,1.0664109179687502,False,PUT,2026-07-22,AAPL
AAPL260722P00275000,275.0,0.08,0.0,0.35,3.0,38.0,0.9687503125,False,PUT,2026-07-22,AAPL
AAPL260722P00280000,280.0,0.01,0.01,0.22,70.0,106.0,0.8339860351562498,False,PUT,2026-07-22,AAPL
AAPL260722P00282500,282.5,0.04,0.0,0.25,2.0,2.0,0.804689453125,False,PUT,2026-07-22,AAPL
AAPL260722P00285000,285.0,0.04,0.0,0.21,16.0,133.0,0.7460962890625,False,PUT,2026-07-22,AAPL
AAPL260722P00287500,287.5,0.07,0.0,0.21,1.0,2.0,0.70898728515625,False,PUT,2026-07-22,AAPL
AAPL260722P00290000,290.0,0.07,0.01,0.24,37.0,695.0,0.6875031250000001,False,PUT,2026-07-22,AAPL
AAPL260722P00292500,292.5,0.03,0.0,0.21,40.0,68.0,0.631839619140625,False,PUT,2026-07-22,AAPL
AAPL260722P00295000,295.0,0.06,0.0,0.23,76.0,153.0,0.6015664843750002,False,PUT,2026-07-22,AAPL
AAPL260722P00297500,297.5,0.06,0.0,0.28,15.0,161.0,0.5800823242187501,False,PUT,2026-07-22,AAPL
AAPL260722P00300000,300.0,0.12,0.05,0.11,50.0,339.0,0.5214891601562499,False,PUT,2026-07-22,AAPL
AAPL260722P00302500,302.5,0.16,0.05,0.15,4.0,97.0,0.506840869140625,False,PUT,2026-07-22,AAPL
AAPL260722P00305000,305.0,0.14,0.1,0.64,100.0,179.0,0.5537154003906251,False,PUT,2026-07-22,AAPL
AAPL260722P00307500,307.5,0.18,0.01,0.28,110.0,268.0,0.47998566894531247,False,PUT,2026-07-22,AAPL
AAPL260722P00310000,310.0,0.25,0.01,0.4,600.0,1292.0,0.47119669433593747,False,PUT,2026-07-22,AAPL
AAPL260722P00312500,312.5,0.29,0.2,0.37,252.0,356.0,0.41699801757812494,False,PUT,2026-07-22,AAPL
AAPL260722P00315000,315.0,0.3,0.3,0.37,1011.0,6391.0,0.3706117626953125,False,PUT,2026-07-22,AAPL
AAPL260722P00317500,317.5,0.49,0.45,0.58,5.0,1023.0,0.36426416992187505,False,PUT,2026-07-22,AAPL
AAPL260722P00320000,320.0,0.7,0.61,0.72,462.0,2203.0,0.33399103515625,False,PUT,2026-07-22,AAPL
AAPL260722P00322500,322.5,1.19,0.91,1.05,3.0,358.0,0.32031929687499994,False,PUT,2026-07-22,AAPL
AAPL260722P00325000,325.0,1.52,1.27,1.49,124.0,3681.0,0.30335169311523436,False,PUT,2026-07-22,AAPL
AAPL260722P00327500,327.5,2.08,2.17,2.32,3.0,1639.0,0.3051827294921875,False,PUT,2026-07-22,AAPL
AAPL260722P00330000,330.0,3.0,2.98,3.25,197.0,3645.0,0.2933420275878905,False,PUT,2026-07-22,AAPL
AAPL260722P00332500,332.5,4.35,4.15,4.55,41.0,810.0,0.28943581665039053,True,PUT,2026-07-22,AAPL
AAPL260722P00335000,335.0,5.6,5.45,5.85,39.0,931.0,0.25843026733398444,True,PUT,2026-07-22,AAPL
AAPL260722P00337500,337.5,7.4,7.2,7.75,229.0,187.0,0.2551344018554688,True,PUT,2026-07-22,AAPL
AAPL260722P00340000,340.0,8.9,8.75,9.65,115.0,57.0,0.20410952148437497,True,PUT,2026-07-22,AAPL
AAPL260722P00342500,342.5,9.95,10.6,12.65,5.0,5.0,0.3452213916015625,True,PUT,2026-07-22,AAPL
AAPL260722P00345000,345.0,11.9,12.0,15.1,62.0,19.0,0.3842835009765625,True,PUT,2026-07-22,AAPL
AAPL260722P00347500,347.5,14.41,13.35,16.35,20.0,8.0,1.0000000000000003e-05,True,PUT,2026-07-22,AAPL
AAPL260722P00350000,350.0,18.05,15.65,18.65,18.0,26.0,1.0000000000000003e-05,True,PUT,2026-07-22,AAPL
AAPL260722P00355000,355.0,20.9,21.8,24.65,70.0,85.0,0.42774009765625004,True,PUT,2026-07-22,AAPL
AAPL260724C00235000,235.0,78.94,95.4,99.0,3.0,38.0,1.9013676806640625,True,CALL,2026-07-24,AAPL
AAPL260724C00240000,240.0,92.92,91.55,94.95,65.0,69.0,2.0278369616699217,True,CALL,2026-07-24,AAPL
AAPL260724C00245000,245.0,86.83,85.45,88.7,3.0,98.0,1.6806656591796876,True,CALL,2026-07-24,AAPL
AAPL260724C00250000,250.0,83.04,81.6,84.3,141.0,262.0,1.7685558447265624,True,CALL,2026-07-24,AAPL
AAPL260724C00255000,255.0,78.14,76.5,79.95,42.0,179.0,1.7180189880371093,True,CALL,2026-07-24,AAPL
AAPL260724C00257500,257.5,76.7,74.05,76.9,370.0,370.0,1.6254901538085935,True,CALL,2026-07-24,AAPL
AAPL260724C00260000,260.0,73.6,71.6,74.45,11.0,282.0,1.5854512915039058,True,CALL,2026-07-24,AAPL
AAPL260724C00265000,265.0,65.3,66.3,69.65,1.0,137.0,1.48047134765625,True,CALL,2026-07-24,AAPL
AAPL260724C00270000,270.0,64.49,60.45,63.45,44.0,420.0,1.205082099609375,True,CALL,2026-07-24,AAPL
AAPL260724C00275000,275.0,59.11,56.6,59.25,13.0,464.0,1.2822301513671874,True,CALL,2026-07-24,AAPL
AAPL260724C00277500,277.5,55.5,53.25,56.0,1.0,13.0,1.1069380590820312,True,CALL,2026-07-24,AAPL
AAPL260724C00280000,280.0,54.19,50.5,53.5,15.0,725.0,1.041508698730469,True,CALL,2026-07-24,AAPL
AAPL260724C00282500,282.5,48.7,48.05,51.25,13.0,59.0,1.023930661621094,True,CALL,2026-07-24,AAPL
AAPL260724C00285000,285.0,48.3,47.55,49.75,168.0,809.0,1.1882364807128907,True,CALL,2026-07-24,AAPL
AAPL260724C00287500,287.5,42.6,43.2,46.7,12.0,34.0,0.9816896362304688,True,CALL,2026-07-24,AAPL
AAPL260724C00290000,290.0,42.82,41.55,44.55,95.0,2424.0,1.0166064794921876,True,CALL,2026-07-24,AAPL
AAPL260724C00292500,292.5,41.49,38.0,41.3,285.0,532.0,0.8491226025390625,True,CALL,2026-07-24,AAPL
AAPL260724C00295000,295.0,39.67,35.85,38.85,112.0,1538.0,0.8330094824218748,True,CALL,2026-07-24,AAPL
AAPL260724C00297500,297.5,35.52,33.65,36.6,25.0,129.0,0.8234880932617187,True,CALL,2026-07-24,AAPL
AAPL260724C00300000,300.0,33.87,31.75,34.15,394.0,2021.0,0.8153094641113281,True,CALL,2026-07-24,AAPL
AAPL260724C00302500,302.5,31.95,29.25,32.4,124.0,227.0,0.8081073876953124,True,CALL,2026-07-24,AAPL
AAPL260724C00305000,305.0,29.29,25.7,28.95,292.0,1459.0,0.6499058447265625,True,CALL,2026-07-24,AAPL
AAPL260724C00307500,307.5,26.2,24.3,26.95,131.0,1008.0,0.6892120922851563,True,CALL,2026-07-24,AAPL
AAPL260724C00310000,310.0,22.35,20.95,24.2,583.0,5295.0,0.5845988806152342,True,CALL,2026-07-24,AAPL
AAPL260724C00312500,312.5,22.37,20.0,22.4,183.0,992.0,0.6413610083007812,True,CALL,2026-07-24,AAPL
AAPL260724C00315000,315.0,17.92,17.15,18.45,4.0,7293.0,0.5089160437011719,True,CALL,2026-07-24,AAPL
AAPL260724C00317500,317.5,17.66,15.05,15.9,450.0,723.0,0.5092822509765625,True,CALL,2026-07-24,AAPL
AAPL260724C00320000,320.0,15.45,13.1,13.8,2180.0,6033.0,0.4858449853515625,True,CALL,2026-07-24,AAPL
AAPL260724C00322500,322.5,13.17,11.15,11.75,891.0,1384.0,0.4606987524414063,True,CALL,2026-07-24,AAPL
AAPL260724C00325000,325.0,9.97,9.3,9.8,201.0,5054.0,0.436529072265625,True,CALL,2026-07-24,AAPL
AAPL260724C00327500,327.5,9.65,7.4,7.9,1004.0,2673.0,0.40845318115234375,True,CALL,2026-07-24,AAPL
AAPL260724C00330000,330.0,6.25,6.0,6.4,39.0,8597.0,0.3979552392578125,True,CALL,2026-07-24,AAPL
AAPL260724C00332500,332.5,4.8,4.6,4.9,75.0,4095.0,0.37708142456054683,False,CALL,2026-07-24,AAPL
AAPL260724C00335000,335.0,3.75,3.6,3.85,55.0,10686.0,0.37439590454101557,False,CALL,2026-07-24,AAPL
AAPL260724C00337500,337.5,2.59,2.66,2.79,207.0,3624.0,0.35925933715820313,False,CALL,2026-07-24,AAPL
AAPL260724C00340000,340.0,1.99,1.9,2.02,215.0,11395.0,0.35205726074218746,False,CALL,2026-07-24,AAPL
AAPL260724C00342500,342.5,1.66,1.37,1.53,15.0,2844.0,0.35608554077148435,False,CALL,2026-07-24,AAPL
AAPL260724C00345000,345.0,1.07,1.06,1.17,9.0,5157.0,0.36255520263671875,False,CALL,2026-07-24,AAPL
AAPL260724C00347500,347.5,0.84,0.71,0.85,6.0,280.0,0.36377589355468753,False,CALL,2026-07-24,AAPL
AAPL260724C00350000,350.0,0.57,0.52,0.63,66.0,8155.0,0.36865865722656255,False,CALL,2026-07-24,AAPL
AAPL260724C00352500,352.5,0.7,0.31,0.63,590.0,298.0,0.4018614501953125,False,CALL,2026-07-24,AAPL
AAPL260724C00355000,355.0,0.28,0.25,0.3,23.0,2855.0,0.36865865722656255,False,CALL,2026-07-24,AAPL
AAPL260724C00357500,357.5,0.4,0.09,0.45,105.0,56.0,0.43164630859375,False,CALL,2026-07-24,AAPL
AAPL260724C00360000,360.0,0.23,0.0,0.0,1.0,1829.0,0.12500875,False,CALL,2026-07-24,AAPL
AAPL260724C00362500,362.5,0.2,0.02,0.16,1001.0,979.0,0.405279384765625,False,CALL,2026-07-24,AAPL
AAPL260724C00365000,365.0,0.17,0.01,0.12,915.0,961.0,0.411138701171875,False,CALL,2026-07-24,AAPL
AAPL260724C00370000,370.0,0.07,0.01,0.31,242.0,1505.0,0.5346726220703125,False,CALL,2026-07-24,AAPL
AAPL260724C00375000,375.0,0.05,0.01,0.08,143.0,170.0,0.476567734375,False,CALL,2026-07-24,AAPL
AAPL260724C00380000,380.0,0.05,0.01,0.05,416.0,368.0,0.49023947265625006,False,CALL,2026-07-24,AAPL
AAPL260724C00385000,385.0,0.02,0.01,0.04,393.0,344.0,0.51562984375,False,CALL,2026-07-24,AAPL
AAPL260724C00390000,390.0,0.02,0.02,0.23,22.0,34.0,0.637698935546875,False,CALL,2026-07-24,AAPL
AAPL260724C00395000,395.0,0.02,0.0,0.02,27.0,62.0,0.51562984375,False,CALL,2026-07-24,AAPL
AAPL260724C00400000,400.0,0.01,0.0,0.0,273.0,696.0,0.2500075,False,CALL,2026-07-24,AAPL
AAPL260724P00235000,235.0,0.05,0.0,0.42,1.0,59.0,1.32422212890625,False,PUT,2026-07-24,AAPL
AAPL260724P00240000,240.0,0.09,0.0,0.42,3.0,359.0,1.2519568652343749,False,PUT,2026-07-24,AAPL
AAPL260724P00245000,245.0,0.01,0.0,0.41,1.0,213.0,1.1757853710937498,False,PUT,2026-07-24,AAPL
AAPL260724P00250000,250.0,0.01,0.0,0.32,78.0,1212.0,1.0683640332031252,False,PUT,2026-07-24,AAPL
AAPL260724P00255000,255.0,0.01,0.0,0.27,2.0,1644.0,0.9785158398437501,False,PUT,2026-07-24,AAPL
AAPL260724P00260000,260.0,0.02,0.01,0.13,86.0,1184.0,0.8398453515625,False,PUT,2026-07-24,AAPL
AAPL260724P00265000,265.0,0.03,0.01,0.27,812.0,3080.0,0.8535170898437501,False,PUT,2026-07-24,AAPL
AAPL260724P00270000,270.0,0.03,0.01,0.11,93.0,5543.0,0.70898728515625,False,PUT,2026-07-24,AAPL
AAPL260724P00275000,275.0,0.07,0.01,0.07,12.0,2762.0,0.6210975390625001,False,PUT,2026-07-24,AAPL
AAPL260724P00277500,277.5,0.03,0.01,0.19,2.0,73.0,0.6640658593750002,False,PUT,2026-07-24,AAPL
AAPL260724P00280000,280.0,0.02,0.02,0.04,12.0,5886.0,0.5468795312500001,False,PUT,2026-07-24,AAPL
AAPL260724P00282500,282.5,0.03,0.02,0.18,111.0,530.0,0.6044961425781252,False,PUT,2026-07-24,AAPL
AAPL260724P00285000,285.0,0.04,0.01,0.07,195.0,1751.0,0.5117236328125,False,PUT,2026-07-24,AAPL
AAPL260724P00287500,287.5,0.05,0.05,0.28,1.0,527.0,0.585941640625,False,PUT,2026-07-24,AAPL
AAPL260724P00290000,290.0,0.08,0.01,0.23,510.0,1404.0,0.5293015820312501,False,PUT,2026-07-24,AAPL
AAPL260724P00292500,292.5,0.09,0.05,0.14,35.0,665.0,0.5107470800781251,False,PUT,2026-07-24,AAPL
AAPL260724P00295000,295.0,0.1,0.07,0.16,143.0,1311.0,0.49023947265625006,False,PUT,2026-07-24,AAPL
AAPL260724P00297500,297.5,0.13,0.01,0.3,301.0,675.0,0.5122119091796875,False,PUT,2026-07-24,AAPL
AAPL260724P00300000,300.0,0.14,0.12,0.15,206.0,5485.0,0.42383388671875,False,PUT,2026-07-24,AAPL
AAPL260724P00302500,302.5,0.21,0.07,0.32,228.0,578.0,0.4506890869140625,False,PUT,2026-07-24,AAPL
AAPL260724P00305000,305.0,0.29,0.13,0.29,74.0,3244.0,0.40820904296875,False,PUT,2026-07-24,AAPL
AAPL260724P00307500,307.5,0.37,0.17,0.44,848.0,2867.0,0.40918559570312496,False,PUT,2026-07-24,AAPL
AAPL260724P00310000,310.0,0.37,0.37,0.4,17.0,4925.0,0.36475244628906256,False,PUT,2026-07-24,AAPL
AAPL260724P00312500,312.5,0.48,0.47,0.57,5.0,2781.0,0.3588931298828125,False,PUT,2026-07-24,AAPL
AAPL260724P00315000,315.0,0.69,0.65,0.72,51.0,5898.0,0.34180345703125,False,PUT,2026-07-24,AAPL
AAPL260724P00317500,317.5,0.95,0.89,1.0,26.0,1693.0,0.33399103515625,False,PUT,2026-07-24,AAPL
AAPL260724P00320000,320.0,1.34,1.24,1.32,199.0,6576.0,0.32129584960937496,False,PUT,2026-07-24,AAPL
AAPL260724P00322500,322.5,1.6,1.7,1.86,108.0,1507.0,0.3182441223144531,False,PUT,2026-07-24,AAPL
AAPL260724P00325000,325.0,2.3,2.3,2.3,139.0,8800.0,0.2963937548828125,False,PUT,2026-07-24,AAPL
AAPL260724P00327500,327.5,3.05,3.0,3.3,78.0,5131.0,0.30298548583984375,False,PUT,2026-07-24,AAPL
AAPL260724P00330000,330.0,4.05,4.0,4.1,669.0,6872.0,0.28247787841796873,False,PUT,2026-07-24,AAPL
AAPL260724P00332500,332.5,5.14,5.1,5.35,172.0,3372.0,0.27698476928710936,True,PUT,2026-07-24,AAPL
AAPL260724P00335000,335.0,6.5,6.1,6.6,39.0,1053.0,0.2551344018554688,True,PUT,2026-07-24,AAPL
AAPL260724P00337500,337.5,8.0,8.0,8.55,1.0,922.0,0.2668530346679688,True,PUT,2026-07-24,AAPL
AAPL260724P00340000,340.0,9.1,8.65,10.95,854.0,598.0,0.3060372131347656,True,PUT,2026-07-24,AAPL
AAPL260724P00342500,342.5,10.88,11.35,12.2,220.0,166.0,0.20020331054687499,True,PUT,2026-07-24,AAPL
AAPL260724P00345000,345.0,12.61,13.7,15.05,111.0,21.0,0.2910227148437499,True,PUT,2026-07-24,AAPL
AAPL260724P00347500,347.5,14.51,14.85,17.3,30.0,15.0,0.28321029296874994,True,PUT,2026-07-24,AAPL
AAPL260724P00350000,350.0,16.56,17.75,19.75,368.0,338.0,0.30274134765625,True,PUT,2026-07-24,AAPL
AAPL260724P00352500,352.5,19.42,18.15,21.45,1.0,1.0,1.0000000000000003e-05,True,PUT,2026-07-24,AAPL
AAPL260724P00355000,355.0,21.48,21.2,23.85,48.0,62.0,1.0000000000000003e-05,True,PUT,2026-07-24,AAPL
AAPL260724P00360000,360.0,26.0,25.75,28.7,5.0,54.0,1.0000000000000003e-05,True,PUT,2026-07-24,AAPL
AAPL260724P00380000,380.0,66.8,45.75,48.55,,0.0,1.0000000000000003e-05,True,PUT,2026-07-24,AAPL
AAPL260727C00240000,240.0,93.81,90.1,94.15,,15.0,1.418215799560547,True,CALL,2026-07-27,AAPL
AAPL260727C00265000,265.0,63.0,0.0,0.0,1.0,1.0,1.0000000000000003e-05,True,CALL,2026-07-27,AAPL
AAPL260727C00270000,270.0,53.44,60.25,63.8,2.0,0.0,0.9685061743164063,True,CALL,2026-07-27,AAPL
AAPL260727C00275000,275.0,53.22,55.2,58.9,1.0,11.0,0.9030771411132812,True,CALL,2026-07-27,AAPL
AAPL260727C00280000,280.0,35.95,50.45,53.95,,12.0,0.8542495043945313,True,CALL,2026-07-27,AAPL
AAPL260727C00285000,285.0,30.69,0.0,0.0,,7.0,1.0000000000000003e-05,True,CALL,2026-07-27,AAPL
AAPL260727C00287500,287.5,45.32,42.8,46.45,1.0,7.0,0.7404811108398437,True,CALL,2026-07-27,AAPL
AAPL260727C00290000,290.0,43.12,40.8,44.0,136.0,16.0,0.7377955908203124,True,CALL,2026-07-27,AAPL
AAPL260727C00292500,292.5,40.67,0.0,0.0,28.0,6.0,1.0000000000000003e-05,True,CALL,2026-07-27,AAPL
AAPL260727C00295000,295.0,38.8,35.8,39.0,134.0,49.0,0.6667513793945314,True,CALL,2026-07-27,AAPL
AAPL260727C00297500,297.5,36.44,33.1,36.45,30.0,10.0,0.6181678808593751,True,CALL,2026-07-27,AAPL
AAPL260727C00300000,300.0,30.84,30.5,34.0,1.0,61.0,0.5803264624023439,True,CALL,2026-07-27,AAPL
AAPL260727C00305000,305.0,29.8,25.85,29.2,1.0,62.0,0.5344284838867188,True,CALL,2026-07-27,AAPL
AAPL260727C00307500,307.5,25.4,23.25,26.95,5.0,6.0,0.5039112109375,True,CALL,2026-07-27,AAPL
AAPL260727C00310000,310.0,23.36,0.0,0.0,14.0,24.0,1.0000000000000003e-05,True,CALL,2026-07-27,AAPL
AAPL260727C00312500,312.5,20.31,19.15,21.9,10.0,13.0,0.5561567822265626,True,CALL,2026-07-27,AAPL
AAPL260727C00315000,315.0,20.48,16.4,20.05,4.0,283.0,0.5533491931152343,True,CALL,2026-07-27,AAPL
AAPL260727C00317500,317.5,16.41,0.0,0.0,7.0,28.0,1.0000000000000003e-05,True,CALL,2026-07-27,AAPL
AAPL260727C00320000,320.0,15.6,12.95,15.8,23.0,376.0,0.5031787963867188,True,CALL,2026-07-27,AAPL
AAPL260727C00322500,322.5,14.1,0.0,0.0,10.0,38.0,1.0000000000000003e-05,True,CALL,2026-07-27,AAPL
AAPL260727C00325000,325.0,10.45,9.15,11.4,2.0,216.0,0.4325007922363281,True,CALL,2026-07-27,AAPL
AAPL260727C00327500,327.5,8.85,0.0,0.0,26.0,581.0,1.0000000000000003e-05,True,CALL,2026-07-27,AAPL
AAPL260727C00330000,330.0,8.4,5.5,7.8,286.0,544.0,0.38721315917968746,True,CALL,2026-07-27,AAPL
AAPL260727C00332500,332.5,6.0,4.7,5.8,28.0,206.0,0.34516035705566406,False,CALL,2026-07-27,AAPL
AAPL260727C00335000,335.0,4.92,4.1,5.3,7.0,434.0,0.37329728271484375,False,CALL,2026-07-27,AAPL
AAPL260727C00337500,337.5,3.65,3.0,4.7,5.0,205.0,0.39050902465820314,False,CALL,2026-07-27,AAPL
AAPL260727C00340000,340.0,2.57,2.17,3.15,85.0,401.0,0.34778484252929687,False,CALL,2026-07-27,AAPL
AAPL260727C00342500,342.5,2.7,1.64,3.25,106.0,81.0,0.3942931665039063,False,CALL,2026-07-27,AAPL
AAPL260727C00345000,345.0,2.05,0.0,0.0,223.0,161.0,0.062509375,False,CALL,2026-07-27,AAPL
AAPL260727C00347500,347.5,1.58,0.5,2.0,99.0,89.0,0.3842835009765625,False,CALL,2026-07-27,AAPL
AAPL260727C00350000,350.0,1.39,0.79,1.05,198.0,268.0,0.3365544860839844,False,CALL,2026-07-27,AAPL
AAPL260727C00352500,352.5,0.93,0.02,0.74,28.0,25.0,0.3315496533203125,False,CALL,2026-07-27,AAPL
AAPL260727C00355000,355.0,0.49,0.16,0.8,1.0,263.0,0.36499658447265626,False,CALL,2026-07-27,AAPL
AAPL260727C00357500,357.5,0.5,0.0,0.0,3.0,3.0,0.12500875,False,CALL,2026-07-27,AAPL
AAPL260727C00360000,360.0,0.25,0.0,0.0,13.0,43.0,0.12500875,False,CALL,2026-07-27,AAPL
AAPL260727C00362500,362.5,0.19,0.0,0.0,2.0,2.0,0.12500875,False,CALL,2026-07-27,AAPL
AAPL260727C00365000,365.0,0.22,0.0,0.0,13.0,21.0,0.12500875,False,CALL,2026-07-27,AAPL
AAPL260727C00375000,375.0,0.05,0.0,0.0,5.0,6.0,0.12500875,False,CALL,2026-07-27,AAPL
AAPL260727C00380000,380.0,0.1,0.0,0.0,7.0,12.0,0.2500075,False,CALL,2026-07-27,AAPL
AAPL260727C00385000,385.0,0.06,0.0,0.0,6.0,6.0,0.2500075,False,CALL,2026-07-27,AAPL
AAPL260727P00240000,240.0,2.15,0.0,0.0,,4.0,0.500005,False,PUT,2026-07-27,AAPL
AAPL260727P00260000,260.0,0.1,0.01,0.5,3.0,5.0,0.79101771484375,False,PUT,2026-07-27,AAPL
AAPL260727P00265000,265.0,0.05,0.0,0.0,34.0,36.0,0.2500075,False,PUT,2026-07-27,AAPL
AAPL260727P00270000,270.0,0.21,0.0,0.0,16.0,18.0,0.2500075,False,PUT,2026-07-27,AAPL
AAPL260727P00275000,275.0,0.12,0.0,0.0,1.0,8.0,0.2500075,False,PUT,2026-07-27,AAPL
AAPL260727P00277500,277.5,0.22,0.0,0.0,,1.0,0.2500075,False,PUT,2026-07-27,AAPL
AAPL260727P00280000,280.0,0.14,0.0,0.0,12.0,23.0,0.2500075,False,PUT,2026-07-27,AAPL
AAPL260727P00282500,282.5,0.29,0.0,0.0,1.0,6.0,0.2500075,False,PUT,2026-07-27,AAPL
AAPL260727P00285000,285.0,0.29,0.0,0.59,1.0,4.0,0.5361374511718751,False,PUT,2026-07-27,AAPL
AAPL260727P00287500,287.5,0.41,0.0,0.0,,1.0,0.2500075,False,PUT,2026-07-27,AAPL
AAPL260727P00290000,290.0,0.43,0.0,0.0,,5.0,0.2500075,False,PUT,2026-07-27,AAPL
AAPL260727P00292500,292.5,0.11,0.0,0.0,1.0,3.0,0.12500875,False,PUT,2026-07-27,AAPL
AAPL260727P00295000,295.0,0.2,0.0,0.0,4.0,336.0,0.12500875,False,PUT,2026-07-27,AAPL
AAPL260727P00297500,297.5,0.4,0.0,0.0,2.0,37.0,0.12500875,False,PUT,2026-07-27,AAPL
AAPL260727P00300000,300.0,0.22,0.01,0.34,2.0,571.0,0.38721315917968746,False,PUT,2026-07-27,AAPL
AAPL260727P00302500,302.5,0.32,0.0,0.0,105.0,351.0,0.12500875,False,PUT,2026-07-27,AAPL
AAPL260727P00305000,305.0,0.36,0.0,0.0,167.0,719.0,0.12500875,False,PUT,2026-07-27,AAPL
AAPL260727P00307500,307.5,0.43,0.0,0.0,45.0,63.0,0.12500875,False,PUT,2026-07-27,AAPL
AAPL260727P00310000,310.0,0.6,0.6,2.8,1.0,1226.0,0.5200243310546875,False,PUT,2026-07-27,AAPL
AAPL260727P00312500,312.5,0.77,0.0,0.0,282.0,264.0,0.062509375,False,PUT,2026-07-27,AAPL
AAPL260727P00315000,315.0,1.04,0.88,1.41,11.0,316.0,0.33447931152343746,False,PUT,2026-07-27,AAPL
AAPL260727P00317500,317.5,1.32,0.0,0.0,40.0,67.0,0.062509375,False,PUT,2026-07-27,AAPL
AAPL260727P00320000,320.0,1.81,1.32,2.11,8.0,347.0,0.3092110095214844,False,PUT,2026-07-27,AAPL
AAPL260727P00322500,322.5,2.0,1.81,2.5,77.0,289.0,0.29114478393554677,False,PUT,2026-07-27,AAPL
AAPL260727P00325000,325.0,2.68,2.66,2.92,7.0,1599.0,0.26929441650390623,False,PUT,2026-07-27,AAPL
AAPL260727P00327500,327.5,3.43,0.0,0.0,96.0,116.0,0.015634843750000002,False,PUT,2026-07-27,AAPL
AAPL260727P00330000,330.0,4.5,4.2,5.0,9.0,1402.0,0.2687451055908203,False,PUT,2026-07-27,AAPL
AAPL260727P00332500,332.5,5.9,5.35,6.9,10.0,465.0,0.29834686035156244,True,PUT,2026-07-27,AAPL
AAPL260727P00335000,335.0,6.41,0.0,0.0,195.0,73.0,1.0000000000000003e-05,True,PUT,2026-07-27,AAPL
AAPL260727P00337500,337.5,7.55,0.0,0.0,14.0,5.0,1.0000000000000003e-05,True,PUT,2026-07-27,AAPL
AAPL260727P00340000,340.0,9.5,0.0,0.0,11.0,16.0,1.0000000000000003e-05,True,PUT,2026-07-27,AAPL
AAPL260727P00342500,342.5,11.85,10.05,12.45,60.0,60.0,0.18775226318359373,True,PUT,2026-07-27,AAPL
AAPL260727P00345000,345.0,16.25,0.0,0.0,1.0,1.0,1.0000000000000003e-05,True,PUT,2026-07-27,AAPL
AAPL260727P00347500,347.5,17.0,0.0,0.0,1.0,1.0,1.0000000000000003e-05,True,PUT,2026-07-27,AAPL
AAPL260727P00350000,350.0,17.24,17.1,19.95,12.0,12.0,0.26709717285156254,True,PUT,2026-07-27,AAPL
AAPL260807C00235000,235.0,81.47,95.8,99.2,56.0,13.0,1.0178271765136717,True,CALL,2026-08-07,AAPL
AAPL260807C00240000,240.0,94.49,90.7,94.45,25.0,16.0,0.9750979052734375,True,CALL,2026-08-07,AAPL
AAPL260807C00245000,245.0,89.85,86.0,89.35,5.0,29.0,0.9350592431640624,True,CALL,2026-08-07,AAPL
AAPL260807C00250000,250.0,82.25,81.0,84.6,6.0,54.0,0.897217824707031,True,CALL,2026-08-07,AAPL
AAPL260807C00255000,255.0,76.2,76.0,79.35,1.0,31.0,0.8352067260742186,True,CALL,2026-08-07,AAPL
AAPL260807C00260000,260.0,72.06,70.7,74.35,44.0,140.0,0.7719749365234375,True,CALL,2026-08-07,AAPL
AAPL260807C00265000,265.0,68.76,66.25,69.9,1.0,33.0,0.77148666015625,True,CALL,2026-08-07,AAPL
AAPL260807C00270000,270.0,64.76,61.4,64.6,1.0,93.0,0.7159452233886718,True,CALL,2026-08-07,AAPL
AAPL260807C00275000,275.0,58.11,56.35,59.5,34.0,140.0,0.6611362011718751,True,CALL,2026-08-07,AAPL
AAPL260807C00280000,280.0,52.07,51.65,54.25,45.0,386.0,0.6145058081054688,True,CALL,2026-08-07,AAPL
AAPL260807C00285000,285.0,48.25,0.0,0.0,1.0,233.0,1.0000000000000003e-05,True,CALL,2026-08-07,AAPL
AAPL260807C00290000,290.0,45.51,0.0,0.0,9.0,230.0,1.0000000000000003e-05,True,CALL,2026-08-07,AAPL
AAPL260807C00295000,295.0,36.46,38.0,40.4,21.0,782.0,0.5410812493896486,True,CALL,2026-08-07,AAPL
AAPL260807C00300000,300.0,32.35,0.0,0.0,32.0,509.0,1.0000000000000003e-05,True,CALL,2026-08-07,AAPL
AAPL260807C00305000,305.0,31.6,0.0,0.0,63.0,901.0,1.0000000000000003e-05,True,CALL,2026-08-07,AAPL
AAPL260807C00310000,310.0,26.8,24.55,27.15,139.0,1145.0,0.5048877636718749,True,CALL,2026-08-07,AAPL
AAPL260807C00315000,315.0,23.15,20.65,23.0,322.0,1026.0,0.47412635253906255,True,CALL,2026-08-07,AAPL
AAPL260807C00320000,320.0,18.15,17.05,18.4,1.0,1919.0,0.421453539428711,True,CALL,2026-08-07,AAPL
AAPL260807C00325000,325.0,15.9,13.7,14.75,170.0,4579.0,0.3961242028808594,True,CALL,2026-08-07,AAPL
AAPL260807C00330000,330.0,12.79,11.15,11.75,2171.0,4325.0,0.3831238446044921,True,CALL,2026-08-07,AAPL
AAPL260807C00335000,335.0,9.55,8.7,9.15,6.0,4444.0,0.37219866088867193,False,CALL,2026-08-07,AAPL
AAPL260807C00340000,340.0,6.7,6.3,6.8,53.0,1254.0,0.35761140441894534,False,CALL,2026-08-07,AAPL
AAPL260807C00345000,345.0,6.05,4.75,5.1,242.0,1784.0,0.35315588256835934,False,CALL,2026-08-07,AAPL
AAPL260807C00350000,350.0,3.5,3.4,3.7,10.0,17859.0,0.34766277343749996,False,CALL,2026-08-07,AAPL
AAPL260807C00355000,355.0,3.1,2.36,2.69,373.0,613.0,0.3465031170654296,False,CALL,2026-08-07,AAPL
AAPL260807C00360000,360.0,2.26,1.69,1.97,288.0,735.0,0.3485172570800781,False,CALL,2026-08-07,AAPL
AAPL260807C00365000,365.0,1.38,1.14,1.35,6.0,231.0,0.3452213916015625,False,CALL,2026-08-07,AAPL
AAPL260807C00370000,370.0,1.02,0.73,0.95,37.0,448.0,0.3464420825195312,False,CALL,2026-08-07,AAPL
AAPL260807C00375000,375.0,0.75,0.49,0.69,68.0,126.0,0.35108070800781244,False,CALL,2026-08-07,AAPL
AAPL260807C00380000,380.0,0.48,0.0,0.0,43.0,125.0,0.12500875,False,CALL,2026-08-07,AAPL
AAPL260807C00385000,385.0,0.34,0.18,0.4,64.0,252.0,0.3667055517578125,False,CALL,2026-08-07,AAPL
AAPL260807C00390000,390.0,0.24,0.0,0.0,63.0,65.0,0.12500875,False,CALL,2026-08-07,AAPL
AAPL260807C00395000,395.0,0.14,0.0,0.0,310.0,199.0,0.12500875,False,CALL,2026-08-07,AAPL
AAPL260807C00400000,400.0,0.11,0.01,0.27,2.0,619.0,0.41260353027343744,False,CALL,2026-08-07,AAPL
AAPL260807P00235000,235.0,0.08,0.0,0.0,1.0,50.0,0.2500075,False,PUT,2026-08-07,AAPL
AAPL260807P00240000,240.0,0.11,0.0,0.0,2.0,81.0,0.2500075,False,PUT,2026-08-07,AAPL
AAPL260807P00245000,245.0,0.12,0.0,0.0,2.0,53.0,0.2500075,False,PUT,2026-08-07,AAPL
AAPL260807P00250000,250.0,0.13,0.0,0.0,7.0,287.0,0.2500075,False,PUT,2026-08-07,AAPL
AAPL260807P00255000,255.0,0.19,0.0,0.0,42.0,1073.0,0.2500075,False,PUT,2026-08-07,AAPL
AAPL260807P00260000,260.0,0.24,0.0,0.0,2.0,318.0,0.2500075,False,PUT,2026-08-07,AAPL
AAPL260807P00265000,265.0,0.31,0.0,0.0,11.0,2921.0,0.2500075,False,PUT,2026-08-07,AAPL
AAPL260807P00270000,270.0,0.38,0.0,0.0,97.0,365.0,0.2500075,False,PUT,2026-08-07,AAPL
AAPL260807P00275000,275.0,0.47,0.19,0.6,5.0,335.0,0.47461462890625,False,PUT,2026-08-07,AAPL
AAPL260807P00280000,280.0,0.6,0.0,0.0,166.0,811.0,0.12500875,False,PUT,2026-08-07,AAPL
AAPL260807P00285000,285.0,0.73,0.0,0.0,128.0,746.0,0.12500875,False,PUT,2026-08-07,AAPL
AAPL260807P00290000,290.0,1.0,1.0,1.0,63.0,800.0,0.40332627929687503,False,PUT,2026-08-07,AAPL
AAPL260807P00295000,295.0,1.22,1.1,1.37,15.0,666.0,0.3931945446777344,False,PUT,2026-08-07,AAPL
AAPL260807P00300000,300.0,1.58,1.51,1.7,1.0,3065.0,0.37244279907226563,False,PUT,2026-08-07,AAPL
AAPL260807P00305000,305.0,2.1,2.01,2.2,191.0,452.0,0.35608554077148435,False,PUT,2026-08-07,AAPL
AAPL260807P00310000,310.0,3.0,2.8,3.05,3.0,766.0,0.34924967163085935,False,PUT,2026-08-07,AAPL
AAPL260807P00315000,315.0,4.15,3.75,4.0,2.0,1061.0,0.33600517517089845,False,PUT,2026-08-07,AAPL
AAPL260807P00320000,320.0,5.44,4.95,5.4,5.0,533.0,0.32959654785156245,False,PUT,2026-08-07,AAPL
AAPL260807P00325000,325.0,6.46,6.45,7.1,345.0,582.0,0.3215399877929687,False,PUT,2026-08-07,AAPL
AAPL260807P00330000,330.0,9.2,8.45,9.1,1.0,346.0,0.31061480407714837,False,PUT,2026-08-07,AAPL
AAPL260807P00335000,335.0,11.3,10.85,11.6,107.0,285.0,0.3024361749267578,True,PUT,2026-08-07,AAPL
AAPL260807P00340000,340.0,13.3,13.6,14.5,22.0,41.0,0.29303685485839837,True,PUT,2026-08-07,AAPL
AAPL260807P00345000,345.0,16.34,17.0,18.55,1.0,4.0,0.31189652954101554,True,PUT,2026-08-07,AAPL
AAPL260807P00350000,350.0,21.5,19.35,21.95,24.0,15.0,0.2912058184814452,True,PUT,2026-08-07,AAPL
AAPL260807P00355000,355.0,23.6,23.4,26.7,6.0,4.0,0.3205634350585937,True,PUT,2026-08-07,AAPL
AAPL260807P00360000,360.0,29.45,27.7,30.5,1.0,1.0,0.28394270751953116,True,PUT,2026-08-07,AAPL
AAPL260807P00370000,370.0,36.8,38.0,40.2,5.0,25.0,0.3200751586914062,True,PUT,2026-08-07,AAPL
AAPL260821C00235000,235.0,99.79,96.05,99.7,105.0,351.0,0.8100604931640624,True,CALL,2026-08-21,AAPL
AAPL260821C00240000,240.0,94.62,91.2,94.65,4.0,1232.0,0.7738059729003908,True,CALL,2026-08-21,AAPL
AAPL260821C00245000,245.0,90.08,86.1,89.55,2.0,1091.0,0.7268093725585938,True,CALL,2026-08-21,AAPL
AAPL260821C00250000,250.0,84.8,81.65,84.7,49.0,2539.0,0.7124052197265626,True,CALL,2026-08-21,AAPL
AAPL260821C00255000,255.0,80.15,76.4,79.75,30.0,1415.0,0.6665072412109377,True,CALL,2026-08-21,AAPL
AAPL260821C00260000,260.0,73.2,72.2,74.8,43.0,5109.0,0.6543003320312502,True,CALL,2026-08-21,AAPL
AAPL260821C00265000,265.0,65.2,0.0,0.0,68.0,2681.0,1.0000000000000003e-05,True,CALL,2026-08-21,AAPL
AAPL260821C00270000,270.0,65.5,0.0,0.0,464.0,4734.0,1.0000000000000003e-05,True,CALL,2026-08-21,AAPL
AAPL260821C00275000,275.0,60.32,0.0,0.0,150.0,7033.0,1.0000000000000003e-05,True,CALL,2026-08-21,AAPL
AAPL260821C00280000,280.0,55.66,53.2,55.0,2502.0,8100.0,0.5283250292968751,True,CALL,2026-08-21,AAPL
AAPL260821C00285000,285.0,51.25,48.7,49.9,1421.0,5353.0,0.5235643347167969,True,CALL,2026-08-21,AAPL
AAPL260821C00290000,290.0,45.0,44.0,45.45,2.0,7686.0,0.5041553491210937,True,CALL,2026-08-21,AAPL
AAPL260821C00295000,295.0,40.96,39.3,40.5,1.0,7460.0,0.46362841064453125,True,CALL,2026-08-21,AAPL
AAPL260821C00300000,300.0,37.11,34.9,35.9,1.0,16170.0,0.43494217407226565,True,CALL,2026-08-21,AAPL
AAPL260821C00305000,305.0,32.05,30.65,31.6,115.0,6753.0,0.4138852557373046,True,CALL,2026-08-21,AAPL
AAPL260821C00310000,310.0,28.22,26.7,27.95,2.0,24670.0,0.4088804229736328,True,CALL,2026-08-21,AAPL
AAPL260821C00315000,315.0,23.78,22.35,23.65,3.0,9017.0,0.37970591003417964,True,CALL,2026-08-21,AAPL
AAPL260821C00320000,320.0,19.85,19.25,20.0,9.0,26012.0,0.3643252044677735,True,CALL,2026-08-21,AAPL
AAPL260821C00325000,325.0,17.0,16.05,16.8,2.0,15583.0,0.35474278076171867,True,CALL,2026-08-21,AAPL
AAPL260821C00330000,330.0,13.45,13.2,13.45,15.0,26060.0,0.3347234497070312,True,CALL,2026-08-21,AAPL
AAPL260821C00335000,335.0,11.0,10.75,11.15,4.0,9406.0,0.33408258697509763,False,CALL,2026-08-21,AAPL
AAPL260821C00340000,340.0,8.7,8.7,9.0,2593.0,19321.0,0.3297796514892578,False,CALL,2026-08-21,AAPL
AAPL260821C00345000,345.0,7.2,6.55,6.9,6.0,44410.0,0.3188544677734374,False,CALL,2026-08-21,AAPL
AAPL260821C00350000,350.0,5.18,5.05,5.45,13.0,15430.0,0.3178779150390625,False,CALL,2026-08-21,AAPL
AAPL260821C00355000,355.0,4.5,3.8,4.15,1.0,4876.0,0.31366653137207035,False,CALL,2026-08-21,AAPL
AAPL260821C00360000,360.0,3.0,2.82,3.1,3.0,6924.0,0.30982135498046875,False,CALL,2026-08-21,AAPL
AAPL260821C00365000,365.0,2.12,2.12,2.28,20.0,2178.0,0.30652548950195313,False,CALL,2026-08-21,AAPL
AAPL260821C00370000,370.0,1.98,1.55,1.71,1160.0,4433.0,0.30689169677734374,False,CALL,2026-08-21,AAPL
AAPL260821C00375000,375.0,1.22,1.14,1.26,1.0,1687.0,0.30664755859375,False,CALL,2026-08-21,AAPL
AAPL260821C00380000,380.0,1.09,0.0,0.0,734.0,2116.0,0.12500875,False,CALL,2026-08-21,AAPL
AAPL260821C00385000,385.0,0.81,0.56,0.74,168.0,188.0,0.313483427734375,False,CALL,2026-08-21,AAPL
AAPL260821C00390000,390.0,0.55,0.22,0.58,10.0,625.0,0.31836619140624994,False,CALL,2026-08-21,AAPL
AAPL260821C00395000,395.0,0.44,0.0,0.0,109.0,131.0,0.12500875,False,CALL,2026-08-21,AAPL
AAPL260821C00400000,400.0,0.33,0.0,0.0,1436.0,3138.0,0.12500875,False,CALL,2026-08-21,AAPL
AAPL260821C00410000,410.0,0.16,0.0,0.0,99.0,1142.0,0.12500875,False,CALL,2026-08-21,AAPL
AAPL260821C00420000,420.0,0.09,0.07,0.34,1.0,742.0,0.39234006103515623,False,CALL,2026-08-21,AAPL
AAPL260821P00235000,235.0,0.29,0.0,0.0,428.0,6417.0,0.2500075,False,PUT,2026-08-21,AAPL
AAPL260821P00240000,240.0,0.31,0.0,0.0,43.0,7893.0,0.2500075,False,PUT,2026-08-21,AAPL
AAPL260821P00245000,245.0,0.36,0.0,0.0,329.0,5020.0,0.2500075,False,PUT,2026-08-21,AAPL
AAPL260821P00250000,250.0,0.44,0.34,0.5,604.0,8205.0,0.49414568359375005,False,PUT,2026-08-21,AAPL
AAPL260821P00255000,255.0,0.45,0.0,0.0,113.0,5525.0,0.12500875,False,PUT,2026-08-21,AAPL
AAPL260821P00260000,260.0,0.55,0.0,0.0,220.0,8002.0,0.12500875,False,PUT,2026-08-21,AAPL
AAPL260821P00265000,265.0,0.67,0.53,0.68,866.0,7378.0,0.42896078857421877,False,PUT,2026-08-21,AAPL
AAPL260821P00270000,270.0,0.7,0.4,0.7,1.0,16138.0,0.4008848974609375,False,PUT,2026-08-21,AAPL
AAPL260821P00275000,275.0,0.96,0.85,0.98,291.0,20733.0,0.39819937744140627,False,PUT,2026-08-21,AAPL
AAPL260821P00280000,280.0,0.95,1.02,1.09,1.0,11843.0,0.37573866455078125,False,PUT,2026-08-21,AAPL
AAPL260821P00285000,285.0,1.36,1.29,1.45,22.0,11610.0,0.36926900268554685,False,PUT,2026-08-21,AAPL
AAPL260821P00290000,290.0,1.67,1.62,1.74,103.0,9959.0,0.3532779516601562,False,PUT,2026-08-21,AAPL
AAPL260821P00295000,295.0,2.04,2.02,2.18,2.0,10037.0,0.3413151806640625,False,PUT,2026-08-21,AAPL
AAPL260821P00300000,300.0,2.7,2.7,2.79,119.0,34180.0,0.3321599987792969,False,PUT,2026-08-21,AAPL
AAPL260821P00305000,305.0,3.23,3.3,3.55,2.0,3803.0,0.3228827478027343,False,PUT,2026-08-21,AAPL
AAPL260821P00310000,310.0,4.24,4.2,4.5,19.0,3969.0,0.3139717041015625,False,PUT,2026-08-21,AAPL
AAPL260821P00315000,315.0,5.3,5.25,5.7,12.0,16898.0,0.30597617858886716,False,PUT,2026-08-21,AAPL
AAPL260821P00320000,320.0,6.9,6.65,7.1,22.0,5113.0,0.2964853067016602,False,PUT,2026-08-21,AAPL
AAPL260821P00325000,325.0,8.73,8.5,8.95,2.0,2547.0,0.2912668530273437,False,PUT,2026-08-21,AAPL
AAPL260821P00330000,330.0,10.75,10.55,10.9,45.0,1832.0,0.2802196002197265,False,PUT,2026-08-21,AAPL
AAPL260821P00335000,335.0,13.3,13.2,13.45,49.0,1138.0,0.2755199401855468,True,PUT,2026-08-21,AAPL
AAPL260821P00340000,340.0,15.2,15.3,16.4,340.0,380.0,0.27197993652343744,True,PUT,2026-08-21,AAPL
AAPL260821P00345000,345.0,18.0,18.5,19.3,173.0,396.0,0.25702647277832036,True,PUT,2026-08-21,AAPL
AAPL260821P00350000,350.0,22.25,21.4,23.6,1.0,29.0,0.27368890380859373,True,PUT,2026-08-21,AAPL
AAPL260821P00355000,355.0,25.54,0.0,0.0,23.0,32.0,1.0000000000000003e-05,True,PUT,2026-08-21,AAPL
AAPL260821P00360000,360.0,31.6,28.6,31.9,102.0,53.0,0.27851063293457035,True,PUT,2026-08-21,AAPL
AAPL260821P00365000,365.0,33.11,0.0,0.0,1.0,1.0,1.0000000000000003e-05,True,PUT,2026-08-21,AAPL
AAPL260821P00370000,370.0,40.85,0.0,0.0,40.0,33.0,1.0000000000000003e-05,True,PUT,2026-08-21,AAPL
AAPL260821P00380000,380.0,105.63,0.0,0.0,1.0,0.0,1.0000000000000003e-05,True,PUT,2026-08-21,AAPL
AAPL260821P00420000,420.0,143.0,116.8,120.05,1.0,0.0,1.4370755685424803,True,PUT,2026-08-21,AAPL
AAPL260918C00235000,235.0,98.52,98.3,101.25,4.0,1839.0,0.692385888671875,True,CALL,2026-09-18,AAPL
AAPL260918C00240000,240.0,95.95,93.45,96.25,29.0,3970.0,0.6629672375488282,True,CALL,2026-09-18,AAPL
AAPL260918C00245000,245.0,91.25,88.4,91.6,7.0,1190.0,0.6368444519042968,True,CALL,2026-09-18,AAPL
AAPL260918C00250000,250.0,86.15,83.15,86.3,94.0,4137.0,0.5933878552246095,True,CALL,2026-09-18,AAPL
AAPL260918C00255000,255.0,81.5,78.2,81.5,126.0,3100.0,0.5668988623046876,True,CALL,2026-09-18,AAPL
AAPL260918C00260000,260.0,76.19,74.2,77.0,18.0,5186.0,0.563602996826172,True,CALL,2026-09-18,AAPL
AAPL260918C00265000,265.0,69.5,68.9,70.9,9.0,6577.0,0.5065967309570312,True,CALL,2026-09-18,AAPL
AAPL260918C00270000,270.0,66.77,64.6,67.8,35.0,6276.0,0.5197191583251952,True,CALL,2026-09-18,AAPL
AAPL260918C00275000,275.0,62.13,59.95,63.15,314.0,4586.0,0.5457809094238282,True,CALL,2026-09-18,AAPL
AAPL260918C00280000,280.0,56.6,55.4,58.3,379.0,7594.0,0.5157519128417969,True,CALL,2026-09-18,AAPL
AAPL260918C00285000,285.0,52.48,51.15,52.45,28.0,36075.0,0.45856254333496105,True,CALL,2026-09-18,AAPL
AAPL260918C00290000,290.0,47.67,46.55,48.2,343.0,10925.0,0.44470770141601557,True,CALL,2026-09-18,AAPL
AAPL260918C00295000,295.0,43.05,42.05,44.55,2.0,12337.0,0.44336494140625,True,CALL,2026-09-18,AAPL
AAPL260918C00300000,300.0,41.0,38.0,39.95,1.0,29715.0,0.4169369830322265,True,CALL,2026-09-18,AAPL
AAPL260918C00305000,305.0,36.9,34.25,36.45,107.0,19274.0,0.4133969793701171,True,CALL,2026-09-18,AAPL
AAPL260918C00310000,310.0,32.45,30.25,33.1,307.0,15785.0,0.409612837524414,True,CALL,2026-09-18,AAPL
AAPL260918C00315000,315.0,28.76,26.6,27.75,193.0,7727.0,0.3625246853637696,True,CALL,2026-09-18,AAPL
AAPL260918C00320000,320.0,25.75,23.35,24.6,561.0,35687.0,0.35742830078125,True,CALL,2026-09-18,AAPL
AAPL260918C00325000,325.0,22.09,20.1,21.35,287.0,10459.0,0.3467472552490234,True,CALL,2026-09-18,AAPL
AAPL260918C00330000,330.0,19.23,18.1,19.0,1036.0,9515.0,0.34924967163085935,True,CALL,2026-09-18,AAPL
AAPL260918C00335000,335.0,15.79,15.0,15.55,4.0,6042.0,0.32733826965332036,False,CALL,2026-09-18,AAPL
AAPL260918C00340000,340.0,13.37,12.7,13.15,4.0,10495.0,0.3208686077880859,False,CALL,2026-09-18,AAPL
AAPL260918C00345000,345.0,10.94,10.6,11.05,1.0,8101.0,0.3157722232055663,False,CALL,2026-09-18,AAPL
AAPL260918C00350000,350.0,8.77,8.65,9.05,201.0,42410.0,0.30823445678710937,False,CALL,2026-09-18,AAPL
AAPL260918C00355000,355.0,8.2,7.05,7.5,533.0,3667.0,0.3053047985839844,False,CALL,2026-09-18,AAPL
AAPL260918C00360000,360.0,6.7,5.85,6.15,958.0,9256.0,0.3023751403808594,False,CALL,2026-09-18,AAPL
AAPL260918C00365000,365.0,5.6,4.85,5.4,151.0,1254.0,0.30951618225097655,False,CALL,2026-09-18,AAPL
AAPL260918C00370000,370.0,4.46,3.55,4.05,1045.0,3626.0,0.2979196185302734,False,CALL,2026-09-18,AAPL
AAPL260918C00375000,375.0,3.62,3.05,3.3,137.0,1726.0,0.29767548034667957,False,CALL,2026-09-18,AAPL
AAPL260918C00380000,380.0,2.9,2.41,2.85,548.0,3603.0,0.3032906585693359,False,CALL,2026-09-18,AAPL
AAPL260918C00385000,385.0,2.33,2.4,2.41,127.0,659.0,0.30676962768554683,False,CALL,2026-09-18,AAPL
AAPL260918C00390000,390.0,1.86,1.46,1.75,205.0,4999.0,0.29822479125976553,False,CALL,2026-09-18,AAPL
AAPL260918C00395000,395.0,1.47,1.01,1.4,147.0,102.0,0.29834686035156244,False,CALL,2026-09-18,AAPL
AAPL260918C00400000,400.0,1.14,0.89,1.0,2.0,11395.0,0.29175512939453113,False,CALL,2026-09-18,AAPL
AAPL260918C00405000,405.0,0.82,0.66,0.9,27.0,49.0,0.299811689453125,False,CALL,2026-09-18,AAPL
AAPL260918C00410000,410.0,0.74,0.3,1.05,42.0,609.0,0.3236151623535155,False,CALL,2026-09-18,AAPL
AAPL260918C00415000,415.0,0.49,0.16,0.91,1.0,3.0,0.3282537878417968,False,CALL,2026-09-18,AAPL
AAPL260918C00420000,420.0,0.47,0.18,0.43,64.0,4177.0,0.29932341308593746,False,CALL,2026-09-18,AAPL
AAPL260918P00235000,235.0,0.64,0.41,0.73,8.0,5827.0,0.4606987524414063,False,PUT,2026-09-18,AAPL
AAPL260918P00240000,240.0,0.64,0.53,0.77,205.0,11217.0,0.44067942138671873,False,PUT,2026-09-18,AAPL
AAPL260918P00245000,245.0,0.8,0.58,0.9,341.0,5442.0,0.4292049267578125,False,PUT,2026-09-18,AAPL
AAPL260918P00250000,250.0,0.93,0.6,0.95,98.0,9603.0,0.40918559570312496,False,PUT,2026-09-18,AAPL
AAPL260918P00255000,255.0,1.07,0.84,1.1,109.0,12354.0,0.39685661743164063,False,PUT,2026-09-18,AAPL
AAPL260918P00260000,260.0,1.21,1.04,1.28,319.0,7571.0,0.3850159155273437,False,PUT,2026-09-18,AAPL
AAPL260918P00265000,265.0,1.37,1.19,1.53,2559.0,18549.0,0.3754945263671875,False,PUT,2026-09-18,AAPL
AAPL260918P00270000,270.0,1.6,1.7,1.77,319.0,10256.0,0.3631655480957031,False,PUT,2026-09-18,AAPL
AAPL260918P00275000,275.0,1.95,1.81,2.08,313.0,4364.0,0.35217932983398437,False,PUT,2026-09-18,AAPL
AAPL260918P00280000,280.0,2.41,2.2,2.46,3.0,5782.0,0.3419865606689453,False,PUT,2026-09-18,AAPL
AAPL260918P00285000,285.0,2.82,2.47,2.93,561.0,3707.0,0.332587240600586,False,PUT,2026-09-18,AAPL
AAPL260918P00290000,290.0,3.55,3.25,3.65,218.0,8211.0,0.3284979260253906,False,PUT,2026-09-18,AAPL
AAPL260918P00295000,295.0,4.04,3.95,4.3,583.0,4405.0,0.3184882604980468,False,PUT,2026-09-18,AAPL
AAPL260918P00300000,300.0,4.95,4.9,5.05,2.0,15911.0,0.3081734222412109,False,PUT,2026-09-18,AAPL
AAPL260918P00305000,305.0,6.0,0.0,0.0,2.0,2246.0,0.0312596875,False,PUT,2026-09-18,AAPL
AAPL260918P00310000,310.0,7.0,7.05,7.3,20.0,14403.0,0.2952340985107421,False,PUT,2026-09-18,AAPL
AAPL260918P00315000,315.0,8.57,8.35,8.75,13.0,8486.0,0.2896494375610351,False,PUT,2026-09-18,AAPL
AAPL260918P00320000,320.0,10.1,9.95,10.3,3.0,1260.0,0.28174546386718746,False,PUT,2026-09-18,AAPL
AAPL260918P00325000,325.0,11.95,11.45,11.95,17.0,2243.0,0.27140010833740236,False,PUT,2026-09-18,AAPL
AAPL260918P00330000,330.0,14.0,13.8,14.2,15.0,1060.0,0.2676464837646484,False,PUT,2026-09-18,AAPL
AAPL260918P00335000,335.0,15.69,16.2,16.9,333.0,385.0,0.2672192419433594,True,PUT,2026-09-18,AAPL
AAPL260918P00340000,340.0,18.35,18.7,19.65,153.0,369.0,0.2626721682739258,True,PUT,2026-09-18,AAPL
AAPL260918P00345000,345.0,20.9,20.65,22.1,9.0,63.0,0.2467116345214844,True,PUT,2026-09-18,AAPL
AAPL260918P00350000,350.0,24.5,23.1,26.0,31.0,132.0,0.2542494009399414,True,PUT,2026-09-18,AAPL
AAPL260918P00355000,355.0,27.76,27.75,30.2,24.0,54.0,0.2644116528320312,True,PUT,2026-09-18,AAPL
AAPL260918P00360000,360.0,32.0,30.65,33.25,11.0,52.0,0.24274438903808593,True,PUT,2026-09-18,AAPL
AAPL260918P00365000,365.0,37.1,34.8,37.15,35.0,70.0,0.2342605871582031,True,PUT,2026-09-18,AAPL
AAPL260918P00370000,370.0,39.8,38.25,41.2,5.0,2.0,0.22205367797851558,True,PUT,2026-09-18,AAPL
AAPL260918P00380000,380.0,51.0,47.0,49.85,1.0,1.0,0.17774259765625,True,PUT,2026-09-18,AAPL
AAPL260918P00390000,390.0,100.15,61.15,63.4,,0.0,0.3721376263427735,True,PUT,2026-09-18,AAPL
AAPL260918P00400000,400.0,122.0,66.6,69.75,1.0,0.0,0.2148516015625,True,PUT,2026-09-18,AAPL
AAPL260918P00405000,405.0,72.95,70.95,73.65,,0.0,1.0000000000000003e-05,True,PUT,2026-09-18,AAPL
AAPL260918P00420000,420.0,147.75,155.9,158.95,5.0,0.0,1.7913218441772458,True,PUT,2026-09-18,AAPL
AAPL261016C00235000,235.0,101.81,98.55,101.9,4.0,269.0,0.590946473388672,True,CALL,2026-10-16,AAPL
AAPL261016C00240000,240.0,97.4,94.05,97.5,4.0,540.0,0.5821574987792968,True,CALL,2026-10-16,AAPL
AAPL261016C00245000,245.0,90.07,89.0,92.2,61.0,314.0,0.5484664294433594,True,CALL,2026-10-16,AAPL
AAPL261016C00250000,250.0,87.81,84.5,86.95,36.0,1104.0,0.5250901983642577,True,CALL,2026-10-16,AAPL
AAPL261016C00255000,255.0,79.18,80.45,83.25,3.0,1001.0,0.5312546875,True,CALL,2026-10-16,AAPL
AAPL261016C00260000,260.0,77.2,76.3,78.8,17.0,1328.0,0.5224046783447265,True,CALL,2026-10-16,AAPL
AAPL261016C00265000,265.0,72.65,70.5,73.15,21.0,1043.0,0.5094653546142578,True,CALL,2026-10-16,AAPL
AAPL261016C00270000,270.0,68.54,67.1,69.55,38.0,1466.0,0.5144091528320311,True,CALL,2026-10-16,AAPL
AAPL261016C00275000,275.0,63.32,61.05,64.3,2.0,1521.0,0.4791922198486328,True,CALL,2026-10-16,AAPL
AAPL261016C00280000,280.0,59.9,58.2,60.0,52.0,2126.0,0.46533737792968755,True,CALL,2026-10-16,AAPL
AAPL261016C00285000,285.0,55.16,53.4,56.4,19.0,1965.0,0.4647880670166016,True,CALL,2026-10-16,AAPL
AAPL261016C00290000,290.0,51.6,48.4,50.55,1777.0,3378.0,0.4172116384887695,True,CALL,2026-10-16,AAPL
AAPL261016C00295000,295.0,47.45,44.35,46.45,58.0,2097.0,0.40454697021484376,True,CALL,2026-10-16,AAPL
AAPL261016C00300000,300.0,42.8,40.6,42.35,3.0,12134.0,0.3903259210205078,True,CALL,2026-10-16,AAPL
AAPL261016C00305000,305.0,39.42,36.8,40.2,252.0,3414.0,0.4087278366088867,True,CALL,2026-10-16,AAPL
AAPL261016C00310000,310.0,35.85,33.5,35.05,267.0,4344.0,0.37259538543701176,True,CALL,2026-10-16,AAPL
AAPL261016C00315000,315.0,32.38,29.8,32.45,956.0,8642.0,0.3777528045654296,True,CALL,2026-10-16,AAPL
AAPL261016C00320000,320.0,28.8,26.75,28.95,663.0,8911.0,0.3656374472045898,True,CALL,2026-10-16,AAPL
AAPL261016C00325000,325.0,25.8,24.0,25.65,176.0,5406.0,0.3544986425781249,True,CALL,2026-10-16,AAPL
AAPL261016C00330000,330.0,21.78,20.9,21.8,1.0,6067.0,0.3325262060546875,True,CALL,2026-10-16,AAPL
AAPL261016C00335000,335.0,19.47,18.3,19.1,1.0,3429.0,0.3257513714599609,False,CALL,2026-10-16,AAPL
AAPL261016C00340000,340.0,16.5,15.9,16.65,1.0,7002.0,0.320044641418457,False,CALL,2026-10-16,AAPL
AAPL261016C00345000,345.0,15.2,13.8,14.5,319.0,5801.0,0.31607739593505857,False,CALL,2026-10-16,AAPL
AAPL261016C00350000,350.0,13.12,11.6,12.65,567.0,5919.0,0.3140022213745117,False,CALL,2026-10-16,AAPL
AAPL261016C00355000,355.0,11.2,10.3,11.1,365.0,3195.0,0.31403273864746095,False,CALL,2026-10-16,AAPL
AAPL261016C00360000,360.0,8.8,8.5,9.05,32.0,75215.0,0.3026803131103516,False,CALL,2026-10-16,AAPL
AAPL261016C00365000,365.0,7.9,7.35,7.9,226.0,2681.0,0.3039010040283203,False,CALL,2026-10-16,AAPL
AAPL261016C00370000,370.0,6.95,6.1,6.9,416.0,3632.0,0.3055184194946289,False,CALL,2026-10-16,AAPL
AAPL261016C00380000,380.0,4.92,4.2,4.75,522.0,3443.0,0.29779754943847647,False,CALL,2026-10-16,AAPL
AAPL261016C00390000,390.0,3.52,2.85,3.6,228.0,1120.0,0.3025582440185547,False,CALL,2026-10-16,AAPL
AAPL261016C00400000,400.0,2.31,2.44,2.66,454.0,5657.0,0.3051827294921875,False,CALL,2026-10-16,AAPL
AAPL261016C00410000,410.0,1.62,1.23,1.94,285.0,3203.0,0.30713583496093744,False,CALL,2026-10-16,AAPL
AAPL261016C00420000,420.0,1.1,0.73,1.3,141.0,142.0,0.3039620385742187,False,CALL,2026-10-16,AAPL
AAPL261016P00235000,235.0,1.13,0.76,1.25,14.0,6701.0,0.422857333984375,False,PUT,2026-10-16,AAPL
AAPL261016P00240000,240.0,1.21,0.88,1.43,113.0,5634.0,0.41260353027343744,False,PUT,2026-10-16,AAPL
AAPL261016P00245000,245.0,1.38,1.05,1.53,123.0,3677.0,0.3966124792480469,False,PUT,2026-10-16,AAPL
AAPL261016P00250000,250.0,1.5,1.31,1.65,106.0,4325.0,0.3812317736816406,False,PUT,2026-10-16,AAPL
AAPL261016P00255000,255.0,1.8,1.46,1.93,257.0,4491.0,0.3731141790771484,False,PUT,2026-10-16,AAPL
AAPL261016P00260000,260.0,2.05,1.72,2.15,202.0,5026.0,0.3606020971679687,False,PUT,2026-10-16,AAPL
AAPL261016P00265000,265.0,2.44,2.07,2.47,288.0,2392.0,0.35108070800781244,False,PUT,2026-10-16,AAPL
AAPL261016P00270000,270.0,2.78,2.56,2.9,416.0,6924.0,0.3436955279541015,False,PUT,2026-10-16,AAPL
AAPL261016P00275000,275.0,3.15,2.87,3.35,221.0,2278.0,0.334967587890625,False,PUT,2026-10-16,AAPL
AAPL261016P00280000,280.0,3.7,3.55,3.85,1.0,3770.0,0.3257513714599609,False,PUT,2026-10-16,AAPL
AAPL261016P00285000,285.0,4.5,4.3,4.65,127.0,2028.0,0.32245550598144523,False,PUT,2026-10-16,AAPL
AAPL261016P00290000,290.0,4.93,4.75,5.35,403.0,3082.0,0.3138801522827148,False,PUT,2026-10-16,AAPL
AAPL261016P00295000,295.0,5.8,5.25,6.05,139.0,1615.0,0.3031991067504882,False,PUT,2026-10-16,AAPL
AAPL261016P00300000,300.0,7.21,6.6,7.15,4.0,3660.0,0.29862151580810536,False,PUT,2026-10-16,AAPL
AAPL261016P00305000,305.0,7.8,7.55,8.15,211.0,1040.0,0.2892832302856445,False,PUT,2026-10-16,AAPL
AAPL261016P00310000,310.0,9.35,9.1,9.6,15.0,1937.0,0.2854685711669921,False,PUT,2026-10-16,AAPL
AAPL261016P00315000,315.0,10.39,10.35,11.1,720.0,2515.0,0.27936511657714835,False,PUT,2026-10-16,AAPL
AAPL261016P00320000,320.0,12.07,12.2,12.85,323.0,641.0,0.2742992492675781,False,PUT,2026-10-16,AAPL
AAPL261016P00325000,325.0,13.9,13.45,14.45,428.0,652.0,0.26367923828125,False,PUT,2026-10-16,AAPL
AAPL261016P00330000,330.0,16.3,15.95,16.9,2.0,438.0,0.26297734100341796,False,PUT,2026-10-16,AAPL
AAPL261016P00335000,335.0,19.0,18.3,19.25,1.0,274.0,0.2571790591430664,True,PUT,2026-10-16,AAPL
AAPL261016P00340000,340.0,20.65,21.0,21.8,100.0,163.0,0.25086198364257806,True,PUT,2026-10-16,AAPL
AAPL261016P00345000,345.0,23.4,23.55,25.05,47.0,51.0,0.2518385363769531,True,PUT,2026-10-16,AAPL
AAPL261016P00350000,350.0,27.3,26.4,28.9,30.0,57.0,0.25928475097656256,True,PUT,2026-10-16,AAPL
AAPL261016P00355000,355.0,31.55,28.95,31.65,5.0,15.0,0.2447890463256836,True,PUT,2026-10-16,AAPL
AAPL261016P00360000,360.0,35.2,33.25,35.7,4.0,61.0,0.24933611999511718,True,PUT,2026-10-16,AAPL
AAPL261016P00370000,370.0,42.55,39.95,42.65,5.0,5.0,0.22309126525878903,True,PUT,2026-10-16,AAPL
AAPL261016P00380000,380.0,50.06,48.55,51.15,7.0,7.0,0.21125056335449216,True,PUT,2026-10-16,AAPL
AAPL261016P00390000,390.0,117.72,0.0,0.0,,0.0,1.0000000000000003e-05,True,PUT,2026-10-16,AAPL
AAPL261016P00410000,410.0,77.0,75.75,78.75,1.0,1.0,1.0000000000000003e-05,True,PUT,2026-10-16,AAPL
AAPL261218C00235000,235.0,101.15,102.25,105.15,3.0,571.0,0.5380905566406251,True,CALL,2026-12-18,AAPL
AAPL261218C00240000,240.0,96.67,96.7,99.35,3.0,5395.0,0.5285691674804689,True,CALL,2026-12-18,AAPL
AAPL261218C00245000,245.0,91.9,92.25,94.75,8.0,428.0,0.5130358755493164,True,CALL,2026-12-18,AAPL
AAPL261218C00250000,250.0,87.28,88.35,91.2,4.0,15316.0,0.5179491564941407,True,CALL,2026-12-18,AAPL
AAPL261218C00255000,255.0,85.0,83.5,86.15,17.0,4517.0,0.49265033721923834,True,CALL,2026-12-18,AAPL
AAPL261218C00260000,260.0,82.2,80.1,82.0,32.0,7178.0,0.4840749835205078,True,CALL,2026-12-18,AAPL
AAPL261218C00265000,265.0,74.02,75.05,77.75,2.0,1126.0,0.47284462707519537,True,CALL,2026-12-18,AAPL
AAPL261218C00270000,270.0,72.25,70.6,73.45,32.0,7030.0,0.4600884069824219,True,CALL,2026-12-18,AAPL
AAPL261218C00275000,275.0,69.0,66.4,69.3,7.0,2160.0,0.4491327059936523,True,CALL,2026-12-18,AAPL
AAPL261218C00280000,280.0,63.6,62.25,65.25,23.0,6963.0,0.4389399368286133,True,CALL,2026-12-18,AAPL
AAPL261218C00285000,285.0,59.4,58.1,61.15,7.0,2112.0,0.4271602694702149,True,CALL,2026-12-18,AAPL
AAPL261218C00290000,290.0,55.41,53.55,56.25,217.0,14507.0,0.4031431756591797,True,CALL,2026-12-18,AAPL
AAPL261218C00295000,295.0,52.68,50.25,53.2,3.0,3443.0,0.4046995565795898,True,CALL,2026-12-18,AAPL
AAPL261218C00300000,300.0,49.25,46.5,49.3,922.0,24618.0,0.3931640274047852,True,CALL,2026-12-18,AAPL
AAPL261218C00305000,305.0,45.4,42.9,45.35,20.0,3048.0,0.3800110827636719,True,CALL,2026-12-18,AAPL
AAPL261218C00310000,310.0,42.25,39.45,42.65,1012.0,6281.0,0.38176582595825187,True,CALL,2026-12-18,AAPL
AAPL261218C00315000,315.0,38.5,36.35,39.05,62.0,3501.0,0.37070331451416016,True,CALL,2026-12-18,AAPL
AAPL261218C00320000,320.0,35.72,33.4,35.5,1454.0,9653.0,0.359106750793457,True,CALL,2026-12-18,AAPL
AAPL261218C00325000,325.0,32.35,30.65,32.85,2009.0,5469.0,0.35704683486938477,True,CALL,2026-12-18,AAPL
AAPL261218C00330000,330.0,29.25,27.4,28.45,2023.0,17100.0,0.3327398269653321,True,CALL,2026-12-18,AAPL
AAPL261218C00335000,335.0,25.53,24.9,25.55,3.0,5945.0,0.32485111190795896,False,CALL,2026-12-18,AAPL
AAPL261218C00340000,340.0,24.25,22.55,23.15,147.0,6939.0,0.3212348150634765,False,CALL,2026-12-18,AAPL
AAPL261218C00345000,345.0,20.35,19.95,20.75,2.0,5520.0,0.3159858441162109,False,CALL,2026-12-18,AAPL
AAPL261218C00350000,350.0,19.26,17.8,18.6,6113.0,16877.0,0.31201859863281245,False,CALL,2026-12-18,AAPL
AAPL261218C00360000,360.0,14.3,14.2,14.8,3.0,6213.0,0.3050606604003906,False,CALL,2026-12-18,AAPL
AAPL261218C00370000,370.0,11.27,11.4,12.0,2.0,7352.0,0.30417565948486325,False,CALL,2026-12-18,AAPL
AAPL261218C00380000,380.0,9.6,8.6,9.1,441.0,4600.0,0.2954477194213867,False,CALL,2026-12-18,AAPL
AAPL261218C00390000,390.0,7.5,6.7,7.45,84.0,1559.0,0.29862151580810536,False,CALL,2026-12-18,AAPL
AAPL261218C00400000,400.0,5.85,5.1,5.5,1.0,5665.0,0.29123633575439445,False,CALL,2026-12-18,AAPL
AAPL261218C00410000,410.0,4.39,3.7,4.3,191.0,957.0,0.2912058184814452,False,CALL,2026-12-18,AAPL
AAPL261218C00420000,420.0,3.33,2.81,3.35,245.0,744.0,0.2914194393920897,False,CALL,2026-12-18,AAPL
AAPL261218P00235000,235.0,2.3,1.91,2.3,95.0,2653.0,0.3706117626953125,False,PUT,2026-12-18,AAPL
AAPL261218P00240000,240.0,2.56,2.18,2.64,189.0,11005.0,0.3644472735595704,False,PUT,2026-12-18,AAPL
AAPL261218P00245000,245.0,2.92,2.5,3.0,255.0,3504.0,0.35761140441894534,False,PUT,2026-12-18,AAPL
AAPL261218P00250000,250.0,3.1,2.86,3.3,581.0,24604.0,0.3478458770751953,False,PUT,2026-12-18,AAPL
AAPL261218P00255000,255.0,3.75,3.25,3.8,466.0,6253.0,0.3427189752197265,False,PUT,2026-12-18,AAPL
AAPL261218P00260000,260.0,4.2,3.75,4.2,635.0,12377.0,0.3336248278808594,False,PUT,2026-12-18,AAPL
AAPL261218P00265000,265.0,4.6,4.3,4.75,150.0,2876.0,0.3270636141967773,False,PUT,2026-12-18,AAPL
AAPL261218P00270000,270.0,5.2,3.7,6.6,406.0,7730.0,0.3456791506958008,False,PUT,2026-12-18,AAPL
AAPL261218P00275000,275.0,6.05,5.65,6.1,579.0,5965.0,0.3150703259277343,False,PUT,2026-12-18,AAPL
AAPL261218P00280000,280.0,6.88,6.4,6.9,226.0,17970.0,0.30927204406738285,False,PUT,2026-12-18,AAPL
AAPL261218P00285000,285.0,7.65,7.25,7.75,78.0,2345.0,0.3028023822021484,False,PUT,2026-12-18,AAPL
AAPL261218P00290000,290.0,8.41,8.2,8.75,306.0,5671.0,0.29730927307128896,False,PUT,2026-12-18,AAPL
AAPL261218P00295000,295.0,9.55,9.1,9.7,80.0,2868.0,0.289496851196289,False,PUT,2026-12-18,AAPL
AAPL261218P00300000,300.0,10.46,10.85,11.35,364.0,6110.0,0.2902292657470703,False,PUT,2026-12-18,AAPL
AAPL261218P00305000,305.0,11.83,11.85,12.4,462.0,1281.0,0.2805858074951171,False,PUT,2026-12-18,AAPL
AAPL261218P00310000,310.0,13.55,13.0,13.65,245.0,1315.0,0.2721630401611328,False,PUT,2026-12-18,AAPL
AAPL261218P00315000,315.0,15.15,15.0,15.55,1005.0,1686.0,0.27033200378417965,False,PUT,2026-12-18,AAPL
AAPL261218P00320000,320.0,16.5,16.2,17.15,197.0,687.0,0.2627942373657227,False,PUT,2026-12-18,AAPL
AAPL261218P00325000,325.0,19.35,18.5,19.4,37.0,848.0,0.2612073391723633,False,PUT,2026-12-18,AAPL
AAPL261218P00330000,330.0,20.87,20.05,21.2,916.0,888.0,0.25220474365234374,False,PUT,2026-12-18,AAPL
AAPL261218P00335000,335.0,23.7,22.25,23.45,81.0,132.0,0.24646749633789064,True,PUT,2026-12-18,AAPL
AAPL261218P00340000,340.0,25.65,25.2,26.35,100.0,153.0,0.24622335815429688,True,PUT,2026-12-18,AAPL
AAPL261218P00345000,345.0,27.85,27.4,28.6,251.0,229.0,0.23604584762573239,True,PUT,2026-12-18,AAPL
AAPL261218P00350000,350.0,31.1,30.85,32.2,11.0,247.0,0.23987576538085933,True,PUT,2026-12-18,AAPL
AAPL261218P00360000,360.0,36.6,36.15,38.85,106.0,122.0,0.23455050125122068,True,PUT,2026-12-18,AAPL
AAPL261218P00370000,370.0,45.75,42.8,45.85,2.0,18.0,0.22443402526855466,True,PUT,2026-12-18,AAPL
AAPL261218P00380000,380.0,55.25,51.0,53.4,10.0,10.0,0.211372632446289,True,PUT,2026-12-18,AAPL
AAPL261218P00390000,390.0,64.21,59.35,62.55,2.0,2.0,0.2186357434082031,True,PUT,2026-12-18,AAPL
AAPL261218P00400000,400.0,73.15,68.5,70.8,1.0,1.0,0.19336744140625,True,PUT,2026-12-18,AAPL
AAPL261218P00410000,410.0,95.59,77.25,80.5,1.0,0.0,0.20032537963867186,True,PUT,2026-12-18,AAPL
AAPL261218P00420000,420.0,112.38,86.5,89.8,2.0,0.0,0.1733481103515625,True,PUT,2026-12-18,AAPL
AAPL270115C00235000,235.0,105.02,102.55,105.7,5.0,324.0,0.5020496572875978,True,CALL,2027-01-15,AAPL
AAPL270115C00240000,240.0,100.45,99.0,102.0,1.0,9557.0,0.5070239727783203,True,CALL,2027-01-15,AAPL
AAPL270115C00245000,245.0,94.2,0.0,0.0,3.0,2487.0,1.0000000000000003e-05,True,CALL,2027-01-15,AAPL
AAPL270115C00250000,250.0,91.75,90.85,93.1,1.0,15894.0,0.508092077331543,True,CALL,2027-01-15,AAPL
AAPL270115C00255000,255.0,84.95,0.0,0.0,3.0,2446.0,1.0000000000000003e-05,True,CALL,2027-01-15,AAPL
AAPL270115C00260000,260.0,80.44,81.0,83.4,144.0,9323.0,0.46674117248535163,True,CALL,2027-01-15,AAPL
AAPL270115C00265000,265.0,76.2,0.0,0.0,2.0,1926.0,1.0000000000000003e-05,True,CALL,2027-01-15,AAPL
AAPL270115C00270000,270.0,74.12,71.85,74.9,1.0,12207.0,0.443792183227539,True,CALL,2027-01-15,AAPL
AAPL270115C00275000,275.0,70.99,67.95,70.7,6.0,901.0,0.43222613677978516,True,CALL,2027-01-15,AAPL
AAPL270115C00280000,280.0,66.9,63.15,66.7,56.0,31197.0,0.422857333984375,True,CALL,2027-01-15,AAPL
AAPL270115C00285000,285.0,63.1,0.0,0.0,2531.0,2923.0,1.0000000000000003e-05,True,CALL,2027-01-15,AAPL
AAPL270115C00290000,290.0,58.8,0.0,0.0,70.0,10864.0,1.0000000000000003e-05,True,CALL,2027-01-15,AAPL
AAPL270115C00295000,295.0,55.1,0.0,0.0,92.0,7167.0,1.0000000000000003e-05,True,CALL,2027-01-15,AAPL
AAPL270115C00300000,300.0,51.0,51.0,51.7,1.0,65870.0,0.39002074829101563,True,CALL,2027-01-15,AAPL
AAPL270115C00305000,305.0,48.0,0.0,0.0,22.0,3598.0,1.0000000000000003e-05,True,CALL,2027-01-15,AAPL
AAPL270115C00310000,310.0,44.1,42.0,44.1,220.0,26195.0,0.36710227630615233,True,CALL,2027-01-15,AAPL
AAPL270115C00315000,315.0,40.63,38.15,40.6,3.0,11473.0,0.35776399078369137,True,CALL,2027-01-15,AAPL
AAPL270115C00320000,320.0,37.7,35.2,37.2,262.0,31261.0,0.34847148117065424,True,CALL,2027-01-15,AAPL
AAPL270115C00325000,325.0,34.0,32.6,34.0,11.0,2584.0,0.34029285202026366,True,CALL,2027-01-15,AAPL
AAPL270115C00330000,330.0,30.35,30.0,30.75,9.0,19059.0,0.3303594796752929,True,CALL,2027-01-15,AAPL
AAPL270115C00335000,335.0,29.3,27.4,28.15,537.0,3759.0,0.3262396478271484,False,CALL,2027-01-15,AAPL
AAPL270115C00340000,340.0,26.51,24.95,25.55,756.0,6678.0,0.320746538696289,False,CALL,2027-01-15,AAPL
AAPL270115C00345000,345.0,24.4,22.4,22.95,274.0,1512.0,0.3138801522827148,False,CALL,2027-01-15,AAPL
AAPL270115C00350000,350.0,20.5,20.3,20.95,10.0,27508.0,0.31211015045166013,False,CALL,2027-01-15,AAPL
AAPL270115C00355000,355.0,19.65,18.3,18.8,106.0,1696.0,0.3073189385986328,False,CALL,2027-01-15,AAPL
AAPL270115C00360000,360.0,17.2,16.45,17.0,3.0,5077.0,0.30499962585449214,False,CALL,2027-01-15,AAPL
AAPL270115C00365000,365.0,14.89,14.55,15.15,10.0,3030.0,0.3006814317321777,False,CALL,2027-01-15,AAPL
AAPL270115C00370000,370.0,13.7,12.95,13.55,1.0,8148.0,0.2978128080749511,False,CALL,2027-01-15,AAPL
AAPL270115C00375000,375.0,12.95,11.65,12.1,192.0,1994.0,0.2953256503295898,False,CALL,2027-01-15,AAPL
AAPL270115C00380000,380.0,11.65,10.35,10.9,1.0,5064.0,0.29457797714233397,False,CALL,2027-01-15,AAPL
AAPL270115C00385000,385.0,10.2,9.25,9.75,881.0,2016.0,0.2931894412231445,False,CALL,2027-01-15,AAPL
AAPL270115C00390000,390.0,9.15,8.2,8.65,778.0,3738.0,0.291175301208496,False,CALL,2027-01-15,AAPL
AAPL270115C00395000,395.0,8.2,7.2,7.75,410.0,851.0,0.2906565075683593,False,CALL,2027-01-15,AAPL
AAPL270115C00400000,400.0,7.2,6.4,6.9,2114.0,8539.0,0.28967995483398434,False,CALL,2027-01-15,AAPL
AAPL270115C00410000,410.0,5.7,0.0,0.0,72.0,2444.0,0.062509375,False,CALL,2027-01-15,AAPL
AAPL270115C00420000,420.0,4.11,3.8,4.55,34.0,2343.0,0.29193823303222644,False,CALL,2027-01-15,AAPL
AAPL270115P00235000,235.0,2.69,2.02,2.92,38.0,1107.0,0.36157864990234373,False,PUT,2027-01-15,AAPL
AAPL270115P00240000,240.0,2.92,2.72,2.99,1.0,59033.0,0.3460148406982422,False,PUT,2027-01-15,AAPL
AAPL270115P00245000,245.0,3.4,2.92,3.45,244.0,3155.0,0.3415593188476562,False,PUT,2027-01-15,AAPL
AAPL270115P00250000,250.0,3.75,3.5,3.85,993.0,19576.0,0.33423517333984376,False,PUT,2027-01-15,AAPL
AAPL270115P00255000,255.0,4.35,3.9,4.3,293.0,3745.0,0.32709413146972655,False,PUT,2027-01-15,AAPL
AAPL270115P00260000,260.0,4.84,4.1,5.3,587.0,12611.0,0.3307256869506836,False,PUT,2027-01-15,AAPL
AAPL270115P00265000,265.0,5.44,5.05,5.45,96.0,2993.0,0.3150398086547851,False,PUT,2027-01-15,AAPL
AAPL270115P00270000,270.0,5.87,5.7,6.2,446.0,17001.0,0.31055376953124997,False,PUT,2027-01-15,AAPL
AAPL270115P00275000,275.0,6.6,6.5,7.0,516.0,5622.0,0.3055184194946289,False,PUT,2027-01-15,AAPL
AAPL270115P00280000,280.0,7.4,6.8,8.3,536.0,17123.0,0.30713583496093744,False,PUT,2027-01-15,AAPL
AAPL270115P00285000,285.0,8.65,8.15,8.6,656.0,2942.0,0.29157202575683583,False,PUT,2027-01-15,AAPL
AAPL270115P00290000,290.0,9.35,9.1,9.65,766.0,7218.0,0.2864451239013671,False,PUT,2027-01-15,AAPL
AAPL270115P00295000,295.0,10.57,10.3,10.9,393.0,7939.0,0.28266098205566403,False,PUT,2027-01-15,AAPL
AAPL270115P00300000,300.0,12.0,11.7,12.3,873.0,5063.0,0.27924304748535156,False,PUT,2027-01-15,AAPL
AAPL270115P00305000,305.0,13.75,12.9,13.55,177.0,6701.0,0.27234614379882804,False,PUT,2027-01-15,AAPL
AAPL270115P00310000,310.0,15.3,14.65,15.2,398.0,19786.0,0.2688366574096679,False,PUT,2027-01-15,AAPL
AAPL270115P00315000,315.0,16.4,16.3,17.0,1.0,10548.0,0.2654187228393554,False,PUT,2027-01-15,AAPL
AAPL270115P00320000,320.0,18.53,18.15,18.65,321.0,2910.0,0.2586133709716797,False,PUT,2027-01-15,AAPL
AAPL270115P00325000,325.0,20.85,19.95,20.6,1.0,1159.0,0.25354750366210943,False,PUT,2027-01-15,AAPL
AAPL270115P00330000,330.0,22.53,22.1,22.8,12.0,1088.0,0.24948870635986325,False,PUT,2027-01-15,AAPL
AAPL270115P00335000,335.0,24.65,24.45,25.15,73.0,174.0,0.2452468054199219,True,PUT,2027-01-15,AAPL
AAPL270115P00340000,340.0,26.75,26.75,27.65,722.0,747.0,0.24079128356933593,True,PUT,2027-01-15,AAPL
AAPL270115P00345000,345.0,30.9,29.5,30.35,5.0,15.0,0.23662567581176758,True,PUT,2027-01-15,AAPL
AAPL270115P00350000,350.0,33.1,32.25,33.25,39.0,160.0,0.2327347235107422,True,PUT,2027-01-15,AAPL
AAPL270115P00355000,355.0,36.0,34.55,36.0,53.0,32.0,0.22505962936401364,True,PUT,2027-01-15,AAPL
AAPL270115P00360000,360.0,40.28,37.1,40.05,2.0,23.0,0.23059851440429688,True,PUT,2027-01-15,AAPL
AAPL270115P00365000,365.0,43.35,41.3,43.7,25.0,27.0,0.2298203239440918,True,PUT,2027-01-15,AAPL
AAPL270115P00370000,370.0,46.2,44.15,46.85,6.0,6.0,0.2205888488769531,True,PUT,2027-01-15,AAPL
AAPL270115P00375000,375.0,65.95,0.0,0.0,,0.0,1.0000000000000003e-05,True,PUT,2027-01-15,AAPL
AAPL270115P00380000,380.0,101.58,51.6,54.25,2.0,0.0,0.20917538879394526,True,PUT,2027-01-15,AAPL
AAPL270115P00385000,385.0,74.65,0.0,0.0,1.0,0.0,1.0000000000000003e-05,True,PUT,2027-01-15,AAPL
AAPL270115P00390000,390.0,61.5,59.65,62.3,20.0,20.0,0.19715158325195312,True,PUT,2027-01-15,AAPL
AAPL270115P00395000,395.0,83.85,0.0,0.0,33.0,0.0,1.0000000000000003e-05,True,PUT,2027-01-15,AAPL
AAPL270115P00400000,400.0,89.9,0.0,0.0,8.0,0.0,1.0000000000000003e-05,True,PUT,2027-01-15,AAPL
AAPL270115P00410000,410.0,162.74,171.3,175.1,,0.0,1.297794038391113,True,PUT,2027-01-15,AAPL
AAPL270115P00420000,420.0,106.95,86.15,89.1,1.0,0.0,1.0000000000000003e-05,True,PUT,2027-01-15,AAPL
AAPL270319C00240000,240.0,103.16,101.0,104.2,5.0,464.0,0.4950001672363281,True,CALL,2027-03-19,AAPL
AAPL270319C00250000,250.0,94.5,0.0,0.0,5.0,1035.0,1.0000000000000003e-05,True,CALL,2027-03-19,AAPL
AAPL270319C00260000,260.0,86.8,0.0,0.0,3.0,1921.0,1.0000000000000003e-05,True,CALL,2027-03-19,AAPL
AAPL270319C00270000,270.0,75.71,0.0,0.0,7.0,1843.0,1.0000000000000003e-05,True,CALL,2027-03-19,AAPL
AAPL270319C00280000,280.0,71.46,0.0,0.0,11.0,2098.0,1.0000000000000003e-05,True,CALL,2027-03-19,AAPL
AAPL270319C00290000,290.0,60.0,60.1,63.5,13.0,2030.0,0.39867239517211916,True,CALL,2027-03-19,AAPL
AAPL270319C00300000,300.0,55.0,53.05,56.35,3.0,2691.0,0.38410039733886714,True,CALL,2027-03-19,AAPL
AAPL270319C00310000,310.0,50.0,0.0,0.0,52.0,3604.0,1.0000000000000003e-05,True,CALL,2027-03-19,AAPL
AAPL270319C00320000,320.0,42.96,40.35,42.95,61.0,4568.0,0.35510898803710933,True,CALL,2027-03-19,AAPL
AAPL270319C00330000,330.0,37.6,34.65,36.8,104.0,6283.0,0.34105578384399415,True,CALL,2027-03-19,AAPL
AAPL270319C00340000,340.0,31.97,30.2,31.45,124.0,3046.0,0.3308782733154296,False,CALL,2027-03-19,AAPL
AAPL270319C00350000,350.0,27.0,25.55,26.55,213.0,9214.0,0.3210364527893066,False,CALL,2027-03-19,AAPL
AAPL270319C00360000,360.0,23.1,21.05,22.5,2010.0,4444.0,0.31519239501953117,False,CALL,2027-03-19,AAPL
AAPL270319C00370000,370.0,19.16,17.8,18.75,157.0,2185.0,0.30820393951416014,False,CALL,2027-03-19,AAPL
AAPL270319C00380000,380.0,13.5,14.75,15.7,1.0,2495.0,0.3041298835754394,False,CALL,2027-03-19,AAPL
AAPL270319C00390000,390.0,13.2,12.0,14.35,1.0,651.0,0.3143073941040039,False,CALL,2027-03-19,AAPL
AAPL270319C00400000,400.0,11.2,0.0,0.0,34.0,2752.0,0.062509375,False,CALL,2027-03-19,AAPL
AAPL270319C00410000,410.0,9.46,0.0,0.0,238.0,1909.0,0.062509375,False,CALL,2027-03-19,AAPL
AAPL270319C00420000,420.0,7.7,0.0,0.0,56.0,357.0,0.062509375,False,CALL,2027-03-19,AAPL
AAPL270319P00240000,240.0,4.3,3.75,4.65,21.0,3942.0,0.33704276245117193,False,PUT,2027-03-19,AAPL
AAPL270319P00250000,250.0,5.2,5.0,5.45,32.0,6603.0,0.32019722778320303,False,PUT,2027-03-19,AAPL
AAPL270319P00260000,260.0,6.55,6.05,7.05,15.0,3481.0,0.3145820495605468,False,PUT,2027-03-19,AAPL
AAPL270319P00270000,270.0,7.95,7.6,8.55,329.0,2261.0,0.3028328994750976,False,PUT,2027-03-19,AAPL
AAPL270319P00280000,280.0,10.0,9.3,10.45,21.0,2302.0,0.29288426849365223,False,PUT,2027-03-19,AAPL
AAPL270319P00290000,290.0,12.12,11.7,12.95,20.0,1707.0,0.2860789166259765,False,PUT,2027-03-19,AAPL
AAPL270319P00300000,300.0,15.05,14.6,15.25,129.0,1639.0,0.27257502334594724,False,PUT,2027-03-19,AAPL
AAPL270319P00310000,310.0,18.0,17.35,18.75,58.0,770.0,0.2674023455810547,False,PUT,2027-03-19,AAPL
AAPL270319P00320000,320.0,22.0,21.0,22.25,29.0,1190.0,0.25725535232543945,False,PUT,2027-03-19,AAPL
AAPL270319P00330000,330.0,26.3,25.0,26.25,11.0,1607.0,0.24698628997802735,False,PUT,2027-03-19,AAPL
AAPL270319P00340000,340.0,31.1,29.35,30.95,58.0,232.0,0.238014211730957,True,PUT,2027-03-19,AAPL
AAPL270319P00350000,350.0,36.88,35.05,36.85,5.0,41.0,0.23474886352539062,True,PUT,2027-03-19,AAPL
AAPL270319P00360000,360.0,41.0,40.0,42.65,1.0,7.0,0.22480023254394527,True,PUT,2027-03-19,AAPL
AAPL270319P00370000,370.0,47.1,47.4,49.95,4.0,21.0,0.22412885253906245,True,PUT,2027-03-19,AAPL
AAPL270319P00380000,380.0,74.3,53.8,56.6,25.0,25.0,0.2101672001647949,True,PUT,2027-03-19,AAPL
AAPL270319P00390000,390.0,74.5,61.75,65.1,1.0,1.0,0.21219659881591796,True,PUT,2027-03-19,AAPL
AAPL270319P00400000,400.0,96.45,73.35,75.95,8.0,0.0,0.24350732086181642,True,PUT,2027-03-19,AAPL
AAPL270319P00410000,410.0,96.55,82.35,84.75,2.0,0.0,0.24518577087402343,True,PUT,2027-03-19,AAPL
AAPL270917C00235000,235.0,115.71,113.45,116.95,1.0,47.0,0.4790396334838867,True,CALL,2027-09-17,AAPL
AAPL270917C00240000,240.0,97.52,0.0,0.0,2.0,17.0,1.0000000000000003e-05,True,CALL,2027-09-17,AAPL
AAPL270917C00245000,245.0,101.96,105.55,108.8,8.0,16.0,0.46152271881103524,True,CALL,2027-09-17,AAPL
AAPL270917C00250000,250.0,101.36,101.6,104.85,34.0,187.0,0.4536797796630859,True,CALL,2027-09-17,AAPL
AAPL270917C00255000,255.0,97.37,97.7,101.0,2.0,34.0,0.4465082205200196,True,CALL,2027-09-17,AAPL
AAPL270917C00260000,260.0,93.7,93.85,97.15,1.0,119.0,0.4390620059204102,True,CALL,2027-09-17,AAPL
AAPL270917C00265000,265.0,93.02,90.05,93.4,96.0,45.0,0.43219561950683594,True,CALL,2027-09-17,AAPL
AAPL270917C00270000,270.0,87.73,0.0,0.0,1.0,106.0,1.0000000000000003e-05,True,CALL,2027-09-17,AAPL
AAPL270917C00275000,275.0,83.98,82.7,86.0,9.0,75.0,0.418401812133789,True,CALL,2027-09-17,AAPL
AAPL270917C00280000,280.0,76.7,79.15,82.5,6.0,110.0,0.4126798234558105,True,CALL,2027-09-17,AAPL
AAPL270917C00285000,285.0,77.83,75.65,78.95,389.0,433.0,0.4061491270446777,True,CALL,2027-09-17,AAPL
AAPL270917C00290000,290.0,74.3,72.2,75.55,3.0,144.0,0.400472914276123,True,CALL,2027-09-17,AAPL
AAPL270917C00295000,295.0,71.74,0.0,0.0,14.0,280.0,1.0000000000000003e-05,True,CALL,2027-09-17,AAPL
AAPL270917C00300000,300.0,68.73,65.65,69.0,13.0,422.0,0.38988342056274417,True,CALL,2027-09-17,AAPL
AAPL270917C00305000,305.0,64.35,62.45,65.85,5.0,129.0,0.3849091050720214,True,CALL,2027-09-17,AAPL
AAPL270917C00310000,310.0,59.96,0.0,0.0,4.0,308.0,1.0000000000000003e-05,True,CALL,2027-09-17,AAPL
AAPL270917C00315000,315.0,59.6,0.0,0.0,13.0,433.0,1.0000000000000003e-05,True,CALL,2027-09-17,AAPL
AAPL270917C00320000,320.0,55.2,0.0,0.0,34.0,929.0,1.0000000000000003e-05,True,CALL,2027-09-17,AAPL
AAPL270917C00325000,325.0,54.21,51.05,53.75,35.0,245.0,0.3643252044677735,True,CALL,2027-09-17,AAPL
AAPL270917C00330000,330.0,51.17,48.4,50.85,48.0,336.0,0.3589694230651856,True,CALL,2027-09-17,AAPL
AAPL270917C00335000,335.0,46.8,0.0,0.0,17.0,237.0,0.0039162109375,False,CALL,2027-09-17,AAPL
AAPL270917C00340000,340.0,45.25,43.95,45.35,1.0,620.0,0.348990274810791,False,CALL,2027-09-17,AAPL
AAPL270917C00345000,345.0,43.21,41.4,42.7,14.0,625.0,0.34397781272888184,False,CALL,2027-09-17,AAPL
AAPL270917C00350000,350.0,41.59,39.2,40.15,39.0,2834.0,0.3391789715576171,False,CALL,2027-09-17,AAPL
AAPL270917C00355000,355.0,36.75,37.25,38.0,2.0,370.0,0.3366918138122559,False,CALL,2027-09-17,AAPL
AAPL270917C00360000,360.0,36.76,35.0,35.7,26.0,1215.0,0.3326330165100098,False,CALL,2027-09-17,AAPL
AAPL270917C00365000,365.0,33.05,33.05,33.95,7.0,1461.0,0.33193874855041505,False,CALL,2027-09-17,AAPL
AAPL270917C00370000,370.0,32.9,31.05,31.85,10.0,225.0,0.32826904647827143,False,CALL,2027-09-17,AAPL
AAPL270917C00375000,375.0,30.3,29.35,30.1,63.0,1584.0,0.3265753378295898,False,CALL,2027-09-17,AAPL
AAPL270917C00380000,380.0,28.85,27.4,28.35,21.0,701.0,0.32439335281372067,False,CALL,2027-09-17,AAPL
AAPL270917C00385000,385.0,26.08,25.75,26.65,61.0,332.0,0.32207404006958,False,CALL,2027-09-17,AAPL
AAPL270917C00390000,390.0,25.13,24.15,24.95,3.0,165.0,0.3192359336853026,False,CALL,2027-09-17,AAPL
AAPL270917C00395000,395.0,23.6,22.65,23.55,1.0,127.0,0.3181373118591308,False,CALL,2027-09-17,AAPL
AAPL270917C00400000,400.0,22.75,21.3,21.7,286.0,6034.0,0.3131477377319336,False,CALL,2027-09-17,AAPL
AAPL270917C00410000,410.0,18.57,18.55,19.4,11.0,155.0,0.31235428863525383,False,CALL,2027-09-17,AAPL
AAPL270917C00420000,420.0,17.61,16.4,17.0,2.0,1384.0,0.3089973886108398,False,CALL,2027-09-17,AAPL
AAPL270917P00235000,235.0,6.72,6.75,7.6,52.0,150.0,0.3122932540893554,False,PUT,2027-09-17,AAPL
AAPL270917P00240000,240.0,7.75,7.5,8.2,14.0,139.0,0.3064034204101562,False,PUT,2027-09-17,AAPL
AAPL270917P00245000,245.0,8.14,8.2,9.05,4.0,82.0,0.30322962402343745,False,PUT,2027-09-17,AAPL
AAPL270917P00250000,250.0,9.0,9.0,9.95,4.0,355.0,0.29990324127197265,False,PUT,2027-09-17,AAPL
AAPL270917P00255000,255.0,10.07,9.9,10.85,4.0,126.0,0.29587496124267576,False,PUT,2027-09-17,AAPL
AAPL270917P00260000,260.0,13.0,10.95,11.65,5.0,141.0,0.290122455291748,False,PUT,2027-09-17,AAPL
AAPL270917P00265000,265.0,12.3,11.85,12.65,91.0,785.0,0.285941588897705,False,PUT,2027-09-17,AAPL
AAPL270917P00270000,270.0,13.62,12.9,13.75,7.0,603.0,0.28211167114257807,False,PUT,2027-09-17,AAPL
AAPL270917P00275000,275.0,14.8,14.25,15.0,41.0,1241.0,0.2790446852111816,False,PUT,2027-09-17,AAPL
AAPL270917P00280000,280.0,15.6,15.55,16.25,5.0,1351.0,0.2752452847290039,False,PUT,2027-09-17,AAPL
AAPL270917P00285000,285.0,17.03,16.6,17.45,1.0,425.0,0.2703625210571289,False,PUT,2027-09-17,AAPL
AAPL270917P00290000,290.0,18.9,18.15,19.05,14.0,252.0,0.2682263119506836,False,PUT,2027-09-17,AAPL
AAPL270917P00295000,295.0,19.4,19.5,20.65,52.0,335.0,0.26532717102050785,False,PUT,2027-09-17,AAPL
AAPL270917P00300000,300.0,21.06,21.25,22.2,6.0,495.0,0.26129889099121095,False,PUT,2027-09-17,AAPL
AAPL270917P00305000,305.0,23.55,22.85,23.9,2.0,98.0,0.25775888732910157,False,PUT,2027-09-17,AAPL
AAPL270917P00310000,310.0,25.2,24.5,25.45,1.0,105.0,0.25238784729003905,False,PUT,2027-09-17,AAPL
AAPL270917P00315000,315.0,27.11,26.55,27.55,7.0,173.0,0.2504194831848144,False,PUT,2027-09-17,AAPL
AAPL270917P00320000,320.0,28.28,28.25,29.45,2.0,73.0,0.24622335815429688,False,PUT,2027-09-17,AAPL
AAPL270917P00325000,325.0,32.02,30.45,31.8,47.0,183.0,0.24454490814208985,False,PUT,2027-09-17,AAPL
AAPL270917P00330000,330.0,33.67,32.6,34.05,96.0,229.0,0.24137111175537107,False,PUT,2027-09-17,AAPL
AAPL270917P00335000,335.0,34.9,34.6,35.9,10.0,588.0,0.23461153579711913,True,PUT,2027-09-17,AAPL
AAPL270917P00340000,340.0,37.52,37.35,38.65,1.0,94.0,0.23342136215209958,True,PUT,2027-09-17,AAPL
AAPL270917P00345000,345.0,40.1,39.85,41.3,24.0,112.0,0.23073584213256837,True,PUT,2027-09-17,AAPL
AAPL270917P00350000,350.0,42.65,41.8,43.5,1.0,30.0,0.224067817993164,True,PUT,2027-09-17,AAPL
AAPL270917P00355000,355.0,56.35,45.25,46.7,33.0,217.0,0.22365583480834955,True,PUT,2027-09-17,AAPL
AAPL270917P00360000,360.0,57.15,48.15,49.65,7.0,8.0,0.22064988342285152,True,PUT,2027-09-17,AAPL
AAPL270917P00365000,365.0,67.02,51.05,52.85,1.0,3.0,0.2186357434082031,True,PUT,2027-09-17,AAPL
AAPL270917P00370000,370.0,55.61,53.85,56.15,1.0,107.0,0.21654531021118162,True,PUT,2027-09-17,AAPL
AAPL270917P00375000,375.0,59.2,56.4,60.05,10.0,19.0,0.21823901885986324,True,PUT,2027-09-17,AAPL
AAPL270917P00380000,380.0,102.11,59.65,62.6,6.0,60.0,0.2085803019714355,True,PUT,2027-09-17,AAPL
AAPL270917P00385000,385.0,87.88,63.2,66.05,15.0,21.0,0.2049487464904785,True,PUT,2027-09-17,AAPL
AAPL270917P00390000,390.0,84.2,66.5,69.55,3.0,3.0,0.2007221041870117,True,PUT,2027-09-17,AAPL
AAPL270917P00400000,400.0,89.15,74.2,76.9,2.0,2.0,0.1920551986694336,True,PUT,2027-09-17,AAPL
AAPL270917P00410000,410.0,105.2,82.25,85.6,15.0,15.0,0.19300123413085937,True,PUT,2027-09-17,AAPL
AAPL270917P00420000,420.0,93.0,90.5,93.85,1.0,1.0,0.18552450225830075,True,PUT,2027-09-17,AAPL
AAPL280121C00240000,240.0,114.8,115.15,117.9,3.0,1805.0,0.458837198791504,True,CALL,2028-01-21,AAPL
AAPL280121C00250000,250.0,111.1,107.5,111.15,6.0,1628.0,0.45236753692626963,True,CALL,2028-01-21,AAPL
AAPL280121C00260000,260.0,100.03,100.2,103.35,4.0,2314.0,0.43599501998901363,True,CALL,2028-01-21,AAPL
AAPL280121C00270000,270.0,92.96,93.55,96.6,61.0,3676.0,0.4270076831054688,True,CALL,2028-01-21,AAPL
AAPL280121C00280000,280.0,86.0,86.25,89.35,11.0,2406.0,0.41309180664062495,True,CALL,2028-01-21,AAPL
AAPL280121C00290000,290.0,83.09,80.05,83.25,28.0,1476.0,0.4063780065917969,True,CALL,2028-01-21,AAPL
AAPL280121C00300000,300.0,76.49,73.25,76.5,272.0,20475.0,0.39380489013671877,True,CALL,2028-01-21,AAPL
AAPL280121C00310000,310.0,70.28,67.55,70.7,70.0,2084.0,0.3864654859924316,True,CALL,2028-01-21,AAPL
AAPL280121C00320000,320.0,63.59,61.7,64.75,1.0,3863.0,0.3767762518310547,True,CALL,2028-01-21,AAPL
AAPL280121C00330000,330.0,59.85,56.65,59.15,109.0,1968.0,0.3680025358581543,True,CALL,2028-01-21,AAPL
AAPL280121C00340000,340.0,53.65,51.85,53.75,16.0,3156.0,0.3591372680664062,False,CALL,2028-01-21,AAPL
AAPL280121C00350000,350.0,48.8,43.65,49.5,101.0,7721.0,0.3560092475891113,False,CALL,2028-01-21,AAPL
AAPL280121C00360000,360.0,45.05,43.25,44.4,51.0,2634.0,0.3461521684265136,False,CALL,2028-01-21,AAPL
AAPL280121C00370000,370.0,38.5,39.0,40.3,115.0,649.0,0.341025266571045,False,CALL,2028-01-21,AAPL
AAPL280121C00380000,380.0,36.3,35.35,36.3,41.0,4636.0,0.33504388107299804,False,CALL,2028-01-21,AAPL
AAPL280121C00390000,390.0,33.0,31.85,33.0,12.0,1223.0,0.33197689514160156,False,CALL,2028-01-21,AAPL
AAPL280121C00400000,400.0,30.2,28.8,29.65,362.0,3024.0,0.32717805397033695,False,CALL,2028-01-21,AAPL
AAPL280121C00410000,410.0,26.5,26.05,27.45,53.0,849.0,0.3284368914794922,False,CALL,2028-01-21,AAPL
AAPL280121C00420000,420.0,24.25,23.2,24.2,14.0,2203.0,0.3214865825653076,False,CALL,2028-01-21,AAPL
AAPL280121P00240000,240.0,10.1,9.7,10.55,3.0,2139.0,0.2954172021484375,False,PUT,2028-01-21,AAPL
AAPL280121P00250000,250.0,12.25,11.5,12.4,9.0,10269.0,0.28803202209472645,False,PUT,2028-01-21,AAPL
AAPL280121P00260000,260.0,13.95,13.5,14.75,21.0,2694.0,0.2831187411499023,False,PUT,2028-01-21,AAPL
AAPL280121P00270000,270.0,15.99,15.85,16.85,64.0,1392.0,0.27379571426391597,False,PUT,2028-01-21,AAPL
AAPL280121P00280000,280.0,19.27,18.6,19.7,3.0,4671.0,0.26853148468017574,False,PUT,2028-01-21,AAPL
AAPL280121P00290000,290.0,21.95,21.45,22.5,39.0,1761.0,0.2606275109863281,False,PUT,2028-01-21,AAPL
AAPL280121P00300000,300.0,25.09,24.6,25.8,199.0,1436.0,0.25418836639404296,False,PUT,2028-01-21,AAPL
AAPL280121P00310000,310.0,29.28,28.0,29.55,48.0,668.0,0.2485426708984375,False,PUT,2028-01-21,AAPL
AAPL280121P00320000,320.0,33.3,31.9,33.55,16.0,826.0,0.24221033676147458,False,PUT,2028-01-21,AAPL
AAPL280121P00330000,330.0,37.85,36.45,38.25,13.0,596.0,0.23798369445800777,False,PUT,2028-01-21,AAPL
AAPL280121P00340000,340.0,41.51,40.95,42.65,6.0,245.0,0.2294922632598877,True,PUT,2028-01-21,AAPL
AAPL280121P00350000,350.0,47.46,46.05,48.35,4.0,527.0,0.2266312689208984,True,PUT,2028-01-21,AAPL
AAPL280121P00360000,360.0,52.97,50.95,53.35,4.0,159.0,0.21690388816833497,True,PUT,2028-01-21,AAPL
AAPL280121P00370000,370.0,72.02,57.45,59.9,1.0,282.0,0.21436332519531248,True,PUT,2028-01-21,AAPL
AAPL280121P00380000,380.0,63.65,63.25,66.4,2.0,25.0,0.20896176788330073,True,PUT,2028-01-21,AAPL
AAPL280121P00390000,390.0,81.8,69.2,72.7,2.0,10.0,0.19925727508544921,True,PUT,2028-01-21,AAPL
AAPL280121P00400000,400.0,95.95,77.2,79.9,1.0,15.0,0.19280287185668943,True,PUT,2028-01-21,AAPL
AAPL280121P00410000,410.0,132.09,149.5,154.0,,0.0,0.6069680416870118,True,PUT,2028-01-21,AAPL
AAPL280121P00420000,420.0,96.08,92.65,95.95,3.0,3.0,0.18415122497558595,True,PUT,2028-01-21,AAPL
AAPL280317C00240000,240.0,119.41,117.2,121.25,2.0,491.0,0.4651847915649414,True,CALL,2028-03-17,AAPL
AAPL280317C00250000,250.0,110.2,110.5,113.8,6.0,534.0,0.45203184692382814,True,CALL,2028-03-17,AAPL
AAPL280317C00260000,260.0,103.0,102.95,106.45,3.0,663.0,0.43886364364624025,True,CALL,2028-03-17,AAPL
AAPL280317C00270000,270.0,98.85,96.5,99.65,1.0,799.0,0.42889975402832037,True,CALL,2028-03-17,AAPL
AAPL280317C00280000,280.0,91.26,89.0,93.0,4.0,1276.0,0.41893586441040037,True,CALL,2028-03-17,AAPL
AAPL280317C00290000,290.0,84.93,83.0,86.45,23.0,657.0,0.40860576751708977,True,CALL,2028-03-17,AAPL
AAPL280317C00300000,300.0,79.49,76.0,79.0,294.0,2225.0,0.391409284210205,True,CALL,2028-03-17,AAPL
AAPL280317C00310000,310.0,73.57,71.0,75.0,17.0,562.0,0.3953460124206543,True,CALL,2028-03-17,AAPL
AAPL280317C00320000,320.0,68.05,65.0,68.85,11.0,559.0,0.384245354385376,True,CALL,2028-03-17,AAPL
AAPL280317C00330000,330.0,62.75,58.9,63.9,30.0,532.0,0.37937022003173826,True,CALL,2028-03-17,AAPL
AAPL280317C00340000,340.0,57.2,54.45,57.8,20.0,814.0,0.3663240858459473,False,CALL,2028-03-17,AAPL
AAPL280317C00350000,350.0,51.63,50.5,53.4,26.0,917.0,0.36225002990722655,False,CALL,2028-03-17,AAPL
AAPL280317C00360000,360.0,46.79,45.5,48.25,5.0,659.0,0.3524616146087646,False,CALL,2028-03-17,AAPL
AAPL280317C00370000,370.0,43.25,41.25,45.1,2.0,408.0,0.3531863998413085,False,CALL,2028-03-17,AAPL
AAPL280317C00380000,380.0,37.07,37.45,40.8,1.0,305.0,0.34586225433349604,False,CALL,2028-03-17,AAPL
AAPL280317C00390000,390.0,26.8,34.2,37.45,3.0,175.0,0.34290207885742185,False,CALL,2028-03-17,AAPL
AAPL280317C00400000,400.0,33.1,30.75,33.9,14.0,742.0,0.3375157801818848,False,CALL,2028-03-17,AAPL
AAPL280317C00410000,410.0,29.7,27.8,30.95,2.0,762.0,0.3345250874328613,False,CALL,2028-03-17,AAPL
AAPL280317C00420000,420.0,25.95,25.35,28.15,8.0,494.0,0.33128262718200685,False,CALL,2028-03-17,AAPL
AAPL280317P00240000,240.0,10.65,9.15,12.6,2.0,606.0,0.30213100219726563,False,PUT,2028-03-17,AAPL
AAPL280317P00250000,250.0,12.64,11.0,14.5,3.0,529.0,0.2937082348632812,False,PUT,2028-03-17,AAPL
AAPL280317P00260000,260.0,14.4,13.15,16.6,5.0,478.0,0.2853465020751953,False,PUT,2028-03-17,AAPL
AAPL280317P00270000,270.0,17.39,15.7,18.95,2.0,455.0,0.2772899420166015,False,PUT,2028-03-17,AAPL
AAPL280317P00280000,280.0,19.94,18.4,21.75,1.0,558.0,0.27082028015136717,False,PUT,2028-03-17,AAPL
AAPL280317P00290000,290.0,23.12,21.85,24.9,6.0,652.0,0.26483889465332033,False,PUT,2028-03-17,AAPL
AAPL280317P00300000,300.0,26.4,25.35,28.35,5.0,1501.0,0.2588727677917481,False,PUT,2028-03-17,AAPL
AAPL280317P00310000,310.0,30.54,29.2,32.15,3.0,178.0,0.253135520477295,False,PUT,2028-03-17,AAPL
AAPL280317P00320000,320.0,34.26,31.95,36.85,10.0,124.0,0.25086198364257806,False,PUT,2028-03-17,AAPL
AAPL280317P00330000,330.0,38.9,36.75,40.85,34.0,71.0,0.2422408540344238,False,PUT,2028-03-17,AAPL
AAPL280317P00340000,340.0,43.38,41.55,45.6,10.0,40.0,0.2360534769439697,True,PUT,2028-03-17,AAPL
AAPL280317P00350000,350.0,49.85,46.65,50.5,7.0,254.0,0.228622520980835,True,PUT,2028-03-17,AAPL
AAPL280317P00360000,360.0,53.35,51.45,56.25,1.0,50.0,0.22400678344726557,True,PUT,2028-03-17,AAPL
AAPL280317P00370000,370.0,68.8,58.0,62.0,2.0,8.0,0.2171251383972168,True,PUT,2028-03-17,AAPL
AAPL280317P00380000,380.0,74.16,63.5,68.0,2.0,13.0,0.2093279751586914,True,PUT,2028-03-17,AAPL
AAPL280317P00390000,390.0,116.23,70.5,74.5,3.0,8.0,0.20209538146972655,True,PUT,2028-03-17,AAPL
AAPL280317P00400000,400.0,126.65,139.0,144.0,2.0,0.0,0.5615049343109131,True,PUT,2028-03-17,AAPL
AAPL280317P00410000,410.0,88.0,85.7,89.35,3.0,6.0,0.1923603713989258,True,PUT,2028-03-17,AAPL
AAPL280317P00420000,420.0,95.65,93.4,97.0,3.0,8.0,0.184929415435791,True,PUT,2028-03-17,AAPL
GOOGL260720C00270000,270.0,76.46,82.35,85.25,2.0,1.0,1.0000000000000003e-05,True,CALL,2026-07-20,GOOGL
GOOGL260720C00280000,280.0,76.31,71.9,74.7,1.0,1.0,1.0000000000000003e-05,True,CALL,2026-07-20,GOOGL
GOOGL260720C00285000,285.0,59.55,66.9,70.85,1.0,1.0,1.0000000000000003e-05,True,CALL,2026-07-20,GOOGL
GOOGL260720C00290000,290.0,57.32,0.0,0.0,2.0,1.0,1.0000000000000003e-05,True,CALL,2026-07-20,GOOGL
GOOGL260720C00295000,295.0,52.34,56.85,61.1,2.0,1.0,1.0000000000000003e-05,True,CALL,2026-07-20,GOOGL
GOOGL260720C00300000,300.0,45.21,0.0,0.0,8.0,5.0,1.0000000000000003e-05,True,CALL,2026-07-20,GOOGL
GOOGL260720C00305000,305.0,42.2,46.9,50.7,6.0,2.0,1.0000000000000003e-05,True,CALL,2026-07-20,GOOGL
GOOGL260720C00307500,307.5,38.82,0.0,0.0,2.0,1.0,1.0000000000000003e-05,True,CALL,2026-07-20,GOOGL
GOOGL260720C00310000,310.0,36.34,42.25,44.7,2.0,40.0,1.0000000000000003e-05,True,CALL,2026-07-20,GOOGL
GOOGL260720C00312500,312.5,45.64,39.4,43.25,12.0,39.0,1.0000000000000003e-05,True,CALL,2026-07-20,GOOGL
GOOGL260720C00315000,315.0,40.89,37.1,40.55,,1.0,1.0000000000000003e-05,True,CALL,2026-07-20,GOOGL
GOOGL260720C00317500,317.5,40.74,34.4,38.2,,2.0,1.0000000000000003e-05,True,CALL,2026-07-20,GOOGL
GOOGL260720C00320000,320.0,26.21,0.0,0.0,77.0,27.0,1.0000000000000003e-05,True,CALL,2026-07-20,GOOGL
GOOGL260720C00322500,322.5,23.0,29.45,33.2,190.0,12.0,1.0000000000000003e-05,True,CALL,2026-07-20,GOOGL
GOOGL260720C00325000,325.0,20.49,26.9,30.85,79.0,14.0,1.0000000000000003e-05,True,CALL,2026-07-20,GOOGL
GOOGL260720C00327500,327.5,18.11,24.4,28.55,190.0,13.0,1.0000000000000003e-05,True,CALL,2026-07-20,GOOGL
GOOGL260720C00330000,330.0,15.35,22.2,25.25,95.0,19.0,1.0000000000000003e-05,True,CALL,2026-07-20,GOOGL
GOOGL260720C00332500,332.5,12.0,19.75,22.8,2.0,21.0,1.0000000000000003e-05,True,CALL,2026-07-20,GOOGL
GOOGL260720C00335000,335.0,19.0,17.65,20.3,3.0,18.0,1.0000000000000003e-05,True,CALL,2026-07-20,GOOGL
GOOGL260720C00337500,337.5,8.85,14.75,17.65,118.0,108.0,1.0000000000000003e-05,True,CALL,2026-07-20,GOOGL
GOOGL260720C00340000,340.0,11.75,12.4,14.5,1.0,87.0,1.0000000000000003e-05,True,CALL,2026-07-20,GOOGL
GOOGL260720C00342500,342.5,10.85,10.55,12.15,16.0,86.0,1.0000000000000003e-05,True,CALL,2026-07-20,GOOGL
GOOGL260720C00345000,345.0,8.92,8.7,9.7,56.0,733.0,1.0000000000000003e-05,True,CALL,2026-07-20,GOOGL
GOOGL260720C00347500,347.5,7.22,6.25,6.8,189.0,819.0,1.0000000000000003e-05,True,CALL,2026-07-20,GOOGL
GOOGL260720C00350000,350.0,5.05,4.5,4.85,271.0,830.0,1.0000000000000003e-05,True,CALL,2026-07-20,GOOGL
GOOGL260720C00352500,352.5,3.45,3.05,3.4,581.0,598.0,1.0000000000000003e-05,True,CALL,2026-07-20,GOOGL
GOOGL260720C00355000,355.0,1.95,1.94,1.99,2952.0,3054.0,1.0000000000000003e-05,True,CALL,2026-07-20,GOOGL
GOOGL260720C00357500,357.5,1.09,1.05,1.09,701.0,546.0,1.0000000000000003e-05,True,CALL,2026-07-20,GOOGL
GOOGL260720C00360000,360.0,0.6,0.56,0.63,1317.0,1349.0,0.1596763720703125,False,CALL,2026-07-20,GOOGL
GOOGL260720C00362500,362.5,0.26,0.29,0.3,163.0,483.0,0.20069158691406247,False,CALL,2026-07-20,GOOGL
GOOGL260720C00365000,365.0,0.15,0.14,0.15,1717.0,880.0,0.23438265625,False,CALL,2026-07-20,GOOGL
GOOGL260720C00367500,367.5,0.14,0.07,0.13,32.0,971.0,0.2929758203124999,False,CALL,2026-07-20,GOOGL
GOOGL260720C00370000,370.0,0.04,0.04,0.06,378.0,2144.0,0.3086006640625,False,CALL,2026-07-20,GOOGL
GOOGL260720C00372500,372.5,0.05,0.01,0.03,1.0,1188.0,0.32813171874999997,False,CALL,2026-07-20,GOOGL
GOOGL260720C00375000,375.0,0.05,0.0,0.05,1.0,2888.0,0.4062559375,False,CALL,2026-07-20,GOOGL
GOOGL260720C00377500,377.5,0.02,0.0,0.0,149.0,488.0,0.2500075,False,CALL,2026-07-20,GOOGL
GOOGL260720C00380000,380.0,0.02,0.01,0.11,2303.0,1076.0,0.5195360546875,False,CALL,2026-07-20,GOOGL
GOOGL260720C00382500,382.5,0.01,0.02,0.06,85.0,530.0,0.5390671093750001,False,CALL,2026-07-20,GOOGL
GOOGL260720C00385000,385.0,0.01,0.0,0.03,179.0,950.0,0.523442265625,False,CALL,2026-07-20,GOOGL
GOOGL260720C00387500,387.5,0.05,0.0,0.24,9.0,145.0,0.7382838671874999,False,CALL,2026-07-20,GOOGL
GOOGL260720C00390000,390.0,0.01,0.0,0.54,180.0,939.0,0.90429783203125,False,CALL,2026-07-20,GOOGL
GOOGL260720C00392500,392.5,0.01,0.0,0.2,1.0,167.0,0.8164080859374999,False,CALL,2026-07-20,GOOGL
GOOGL260720C00395000,395.0,0.03,0.0,0.0,5.0,231.0,0.500005,False,CALL,2026-07-20,GOOGL
GOOGL260720C00397500,397.5,0.08,0.0,0.0,37.0,24.0,0.500005,False,CALL,2026-07-20,GOOGL
GOOGL260720C00400000,400.0,0.01,0.01,0.02,104.0,2142.0,0.7656273437500001,False,CALL,2026-07-20,GOOGL
GOOGL260720C00402500,402.5,0.08,0.0,0.0,1.0,13.0,0.500005,False,CALL,2026-07-20,GOOGL
GOOGL260720C00405000,405.0,0.04,0.0,0.0,1.0,33.0,0.500005,False,CALL,2026-07-20,GOOGL
GOOGL260720C00407500,407.5,0.13,0.0,0.0,2.0,7.0,0.500005,False,CALL,2026-07-20,GOOGL
GOOGL260720C00410000,410.0,0.01,0.0,0.21,2.0,26.0,1.150394873046875,False,CALL,2026-07-20,GOOGL
GOOGL260720C00412500,412.5,0.12,0.0,0.0,3.0,463.0,0.500005,False,CALL,2026-07-20,GOOGL
GOOGL260720C00415000,415.0,0.1,0.0,0.21,5.0,19.0,1.2382850585937497,False,CALL,2026-07-20,GOOGL
GOOGL260720C00417500,417.5,0.01,0.0,0.0,4.0,226.0,0.500005,False,CALL,2026-07-20,GOOGL
GOOGL260720C00420000,420.0,0.02,0.0,0.0,12.0,17.0,0.500005,False,CALL,2026-07-20,GOOGL
GOOGL260720C00425000,425.0,0.25,0.0,0.0,92.0,96.0,0.500005,False,CALL,2026-07-20,GOOGL
GOOGL260720C00430000,430.0,0.01,0.0,0.0,25.0,25.0,0.500005,False,CALL,2026-07-20,GOOGL
GOOGL260720C00435000,435.0,0.37,0.0,0.02,,1.0,1.2343788281249999,False,CALL,2026-07-20,GOOGL
GOOGL260720C00440000,440.0,0.19,0.0,0.0,,1.0,0.500005,False,CALL,2026-07-20,GOOGL
GOOGL260720C00445000,445.0,0.05,0.0,0.0,5.0,5.0,0.500005,False,CALL,2026-07-20,GOOGL
GOOGL260720C00450000,450.0,0.13,0.0,0.0,4.0,5.0,0.500005,False,CALL,2026-07-20,GOOGL
GOOGL260720P00270000,270.0,0.01,0.0,0.0,2.0,2.0,0.500005,False,PUT,2026-07-20,GOOGL
GOOGL260720P00275000,275.0,0.16,0.0,0.0,,2.0,0.500005,False,PUT,2026-07-20,GOOGL
GOOGL260720P00280000,280.0,0.04,0.0,0.0,2.0,1.0,0.500005,False,PUT,2026-07-20,GOOGL
GOOGL260720P00290000,290.0,0.12,0.0,0.0,,1.0,0.500005,False,PUT,2026-07-20,GOOGL
GOOGL260720P00295000,295.0,0.24,0.0,0.38,,3.0,1.7695324023437498,False,PUT,2026-07-20,GOOGL
GOOGL260720P00300000,300.0,0.01,0.0,0.0,46.0,44.0,0.500005,False,PUT,2026-07-20,GOOGL
GOOGL260720P00305000,305.0,0.03,0.0,0.38,21.0,19.0,1.50390873046875,False,PUT,2026-07-20,GOOGL
GOOGL260720P00307500,307.5,0.01,0.0,0.38,6.0,12.0,1.439455927734375,False,PUT,2026-07-20,GOOGL
GOOGL260720P00310000,310.0,0.01,0.0,0.38,38.0,42.0,1.3750031249999999,False,PUT,2026-07-20,GOOGL
GOOGL260720P00312500,312.5,0.02,0.0,0.33,5.0,15.0,1.2812535937499998,False,PUT,2026-07-20,GOOGL
GOOGL260720P00315000,315.0,0.02,0.0,0.33,48.0,113.0,1.2168007910156249,False,PUT,2026-07-20,GOOGL
GOOGL260720P00317500,317.5,0.01,0.0,0.0,6.0,21.0,0.500005,False,PUT,2026-07-20,GOOGL
GOOGL260720P00320000,320.0,0.01,0.0,0.18,66.0,77.0,0.9960937890625,False,PUT,2026-07-20,GOOGL
GOOGL260720P00322500,322.5,0.07,0.0,0.29,31.0,65.0,1.0058643457031249,False,PUT,2026-07-20,GOOGL
GOOGL260720P00325000,325.0,0.04,0.0,0.04,308.0,229.0,0.726565234375,False,PUT,2026-07-20,GOOGL
GOOGL260720P00327500,327.5,0.09,0.0,0.0,1.0,143.0,0.500005,False,PUT,2026-07-20,GOOGL
GOOGL260720P00330000,330.0,0.19,0.01,0.27,587.0,756.0,0.8125018749999999,False,PUT,2026-07-20,GOOGL
GOOGL260720P00332500,332.5,0.23,0.0,0.18,189.0,203.0,0.6992217578125001,False,PUT,2026-07-20,GOOGL
GOOGL260720P00335000,335.0,0.05,0.04,0.05,123.0,425.0,0.57812921875,False,PUT,2026-07-20,GOOGL
GOOGL260720P00337500,337.5,0.57,0.03,0.54,784.0,605.0,0.7138700488281251,False,PUT,2026-07-20,GOOGL
GOOGL260720P00340000,340.0,0.1,0.05,0.1,71.0,2019.0,0.5039112109375,False,PUT,2026-07-20,GOOGL
GOOGL260720P00342500,342.5,0.18,0.12,0.18,66.0,623.0,0.5019581054687501,False,PUT,2026-07-20,GOOGL
GOOGL260720P00345000,345.0,0.25,0.25,0.35,51.0,1324.0,0.506840869140625,False,PUT,2026-07-20,GOOGL
GOOGL260720P00347500,347.5,0.5,0.56,0.66,243.0,986.0,0.52539537109375,False,PUT,2026-07-20,GOOGL
GOOGL260720P00350000,350.0,1.1,0.95,1.05,50.0,606.0,0.5239305419921875,False,PUT,2026-07-20,GOOGL
GOOGL260720P00352500,352.5,1.86,1.95,2.15,11.0,927.0,0.6001016552734376,False,PUT,2026-07-20,GOOGL
GOOGL260720P00355000,355.0,2.99,2.97,3.25,58.0,702.0,0.6303747900390625,False,PUT,2026-07-20,GOOGL
GOOGL260720P00357500,357.5,5.1,4.75,5.3,1.0,446.0,0.74414318359375,False,PUT,2026-07-20,GOOGL
GOOGL260720P00360000,360.0,13.64,5.95,7.1,108.0,971.0,0.773439765625,True,PUT,2026-07-20,GOOGL
GOOGL260720P00362500,362.5,9.65,9.65,11.0,3.0,486.0,1.09375453125,True,PUT,2026-07-20,GOOGL
GOOGL260720P00365000,365.0,19.38,9.9,12.9,158.0,215.0,1.0314989831542971,True,PUT,2026-07-20,GOOGL
GOOGL260720P00367500,367.5,20.79,12.9,15.15,44.0,257.0,1.1716350012207033,True,PUT,2026-07-20,GOOGL
GOOGL260720P00370000,370.0,25.14,14.55,18.1,75.0,10.0,1.2585486291503907,True,PUT,2026-07-20,GOOGL
GOOGL260720P00372500,372.5,27.63,17.1,20.4,8.0,1.0,1.3571809484863282,True,PUT,2026-07-20,GOOGL
GOOGL260720P00375000,375.0,27.07,20.0,22.7,18.0,1.0,1.4780299536132815,True,PUT,2026-07-20,GOOGL
GOOGL260720P00377500,377.5,33.04,22.1,25.35,3.0,0.0,1.560304932861328,True,PUT,2026-07-20,GOOGL
GOOGL260720P00380000,380.0,34.93,25.6,27.7,4.0,1.0,1.727052145996094,True,PUT,2026-07-20,GOOGL
GOOGL260720P00382500,382.5,12.06,27.05,30.25,10.0,0.0,1.741700510253906,True,PUT,2026-07-20,GOOGL
GOOGL260720P00385000,385.0,43.5,29.55,33.1,3.0,0.0,1.8637702124023439,True,PUT,2026-07-20,GOOGL
GOOGL260720P00387500,387.5,17.0,32.85,35.7,,0.0,2.030766641845703,True,PUT,2026-07-20,GOOGL
GOOGL260720P00390000,390.0,32.4,34.75,37.7,,0.0,2.0256397015380854,True,PUT,2026-07-20,GOOGL
GOOGL260720P00392500,392.5,19.63,36.85,40.6,1.0,0.0,2.112065266723633,True,PUT,2026-07-20,GOOGL
GOOGL260720P00397500,397.5,27.0,41.55,45.6,1.0,0.0,2.2519574951171872,True,PUT,2026-07-20,GOOGL
GOOGL260722C00285000,285.0,69.25,66.6,70.45,,2.0,1.0000000000000003e-05,True,CALL,2026-07-22,GOOGL
GOOGL260722C00290000,290.0,64.1,62.05,65.95,,2.0,1.0000000000000003e-05,True,CALL,2026-07-22,GOOGL
GOOGL260722C00295000,295.0,59.3,56.6,60.5,,3.0,1.0000000000000003e-05,True,CALL,2026-07-22,GOOGL
GOOGL260722C00300000,300.0,53.9,52.25,56.2,,3.0,1.0000000000000003e-05,True,CALL,2026-07-22,GOOGL
GOOGL260722C00305000,305.0,49.1,47.2,50.95,,2.0,1.0000000000000003e-05,True,CALL,2026-07-22,GOOGL
GOOGL260722C00310000,310.0,44.95,42.55,46.3,,1.0,1.0000000000000003e-05,True,CALL,2026-07-22,GOOGL
GOOGL260722C00332500,332.5,24.39,21.5,25.5,,6.0,1.0000000000000003e-05,True,CALL,2026-07-22,GOOGL
GOOGL260722C00340000,340.0,19.74,16.25,19.9,3.0,3.0,0.5454147021484376,True,CALL,2026-07-22,GOOGL
GOOGL260722C00342500,342.5,11.33,14.7,18.5,25.0,25.0,0.6252478881835939,True,CALL,2026-07-22,GOOGL
GOOGL260722C00345000,345.0,24.05,12.95,16.95,5.0,7.0,0.6606479248046876,True,CALL,2026-07-22,GOOGL
GOOGL260722C00347500,347.5,17.35,11.55,15.3,,1.0,0.6723665576171877,True,CALL,2026-07-22,GOOGL
GOOGL260722C00350000,350.0,14.1,9.75,13.65,62.0,18.0,0.5041553491210937,True,CALL,2026-07-22,GOOGL
GOOGL260722C00352500,352.5,21.0,8.65,12.4,1.0,16.0,0.5452926330566408,True,CALL,2026-07-22,GOOGL
GOOGL260722C00355000,355.0,21.47,7.1,11.0,19.0,113.0,0.5473678076171876,True,CALL,2026-07-22,GOOGL
GOOGL260722C00357500,357.5,20.5,6.1,9.95,9.0,34.0,0.573368524169922,True,CALL,2026-07-22,GOOGL
GOOGL260722C00360000,360.0,4.67,5.1,8.9,2.0,66.0,0.5883830224609375,False,CALL,2026-07-22,GOOGL
GOOGL260722C00362500,362.5,9.02,4.05,8.15,900.0,898.0,0.6032754516601564,False,CALL,2026-07-22,GOOGL
GOOGL260722C00365000,365.0,7.92,0.0,0.0,900.0,1234.0,0.062509375,False,CALL,2026-07-22,GOOGL
GOOGL260722C00367500,367.5,9.0,0.0,0.0,3.0,28.0,0.062509375,False,CALL,2026-07-22,GOOGL
GOOGL260722C00370000,370.0,2.12,0.0,0.0,2.0,195.0,0.062509375,False,CALL,2026-07-22,GOOGL
GOOGL260722C00372500,372.5,5.89,0.0,0.0,10.0,35.0,0.12500875,False,CALL,2026-07-22,GOOGL
GOOGL260722C00375000,375.0,1.8,0.52,4.65,1.0,45.0,0.6274451318359376,False,CALL,2026-07-22,GOOGL
GOOGL260722C00377500,377.5,1.5,0.0,0.0,1.0,192.0,0.12500875,False,CALL,2026-07-22,GOOGL
GOOGL260722C00380000,380.0,1.21,0.0,3.85,2.0,17.0,0.6552768847656252,False,CALL,2026-07-22,GOOGL
GOOGL260722C00382500,382.5,6.9,0.0,0.0,1.0,4.0,0.12500875,False,CALL,2026-07-22,GOOGL
GOOGL260722C00385000,385.0,5.95,0.0,0.0,3.0,55.0,0.12500875,False,CALL,2026-07-22,GOOGL
GOOGL260722C00390000,390.0,0.5,0.0,0.0,15.0,120.0,0.2500075,False,CALL,2026-07-22,GOOGL
GOOGL260722C00392500,392.5,4.05,0.0,0.0,1.0,3.0,0.2500075,False,CALL,2026-07-22,GOOGL
GOOGL260722C00395000,395.0,1.0,0.0,0.0,1.0,131.0,0.2500075,False,CALL,2026-07-22,GOOGL
GOOGL260722C00397500,397.5,1.62,0.0,0.0,2.0,93.0,0.2500075,False,CALL,2026-07-22,GOOGL
GOOGL260722C00400000,400.0,1.38,0.0,0.0,15.0,29.0,0.2500075,False,CALL,2026-07-22,GOOGL
GOOGL260722C00405000,405.0,1.58,0.0,0.0,1.0,5.0,0.2500075,False,CALL,2026-07-22,GOOGL
GOOGL260722C00410000,410.0,1.01,0.0,0.0,1.0,1.0,0.2500075,False,CALL,2026-07-22,GOOGL
GOOGL260722C00415000,415.0,0.91,0.0,0.0,,2.0,0.2500075,False,CALL,2026-07-22,GOOGL
GOOGL260722C00420000,420.0,0.12,0.0,0.0,2.0,2.0,0.2500075,False,CALL,2026-07-22,GOOGL
GOOGL260722C00425000,425.0,0.18,0.0,0.0,,1.0,0.500005,False,CALL,2026-07-22,GOOGL
GOOGL260722C00430000,430.0,0.19,0.0,0.0,,2.0,0.500005,False,CALL,2026-07-22,GOOGL
GOOGL260722P00300000,300.0,0.34,0.0,0.0,,1.0,0.500005,False,PUT,2026-07-22,GOOGL
GOOGL260722P00305000,305.0,1.18,0.0,0.0,,1.0,0.500005,False,PUT,2026-07-22,GOOGL
GOOGL260722P00310000,310.0,0.92,0.0,0.0,,1.0,0.2500075,False,PUT,2026-07-22,GOOGL
GOOGL260722P00315000,315.0,0.01,0.0,0.0,,0.0,0.2500075,False,PUT,2026-07-22,GOOGL
GOOGL260722P00320000,320.0,1.93,0.0,2.99,,11.0,0.9943848217773439,False,PUT,2026-07-22,GOOGL
GOOGL260722P00322500,322.5,2.23,0.0,3.2,,10.0,0.9619144433593749,False,PUT,2026-07-22,GOOGL
GOOGL260722P00325000,325.0,1.35,0.0,3.2,1.0,16.0,0.9106454248046875,False,PUT,2026-07-22,GOOGL
GOOGL260722P00327500,327.5,3.33,0.02,3.6,,7.0,0.8918467846679687,False,PUT,2026-07-22,GOOGL
GOOGL260722P00330000,330.0,4.85,0.0,4.15,1.0,126.0,0.8767102172851562,False,PUT,2026-07-22,GOOGL
GOOGL260722P00332500,332.5,2.16,0.49,4.5,2.0,14.0,0.8764660791015625,False,PUT,2026-07-22,GOOGL
GOOGL260722P00335000,335.0,4.3,1.04,5.15,1.0,85.0,0.8898936791992187,False,PUT,2026-07-22,GOOGL
GOOGL260722P00337500,337.5,5.45,1.67,5.75,,2.0,0.8957529956054686,False,PUT,2026-07-22,GOOGL
GOOGL260722P00340000,340.0,1.5,0.0,6.5,10.0,30.0,0.7846701220703125,False,PUT,2026-07-22,GOOGL
GOOGL260722P00342500,342.5,6.9,0.0,7.4,,15.0,0.7668480346679689,False,PUT,2026-07-22,GOOGL
GOOGL260722P00345000,345.0,9.9,4.0,7.95,5.0,99.0,0.9077157666015624,False,PUT,2026-07-22,GOOGL
GOOGL260722P00347500,347.5,8.06,4.95,9.25,,8.0,0.9288337194824219,False,PUT,2026-07-22,GOOGL
GOOGL260722P00350000,350.0,5.25,6.05,9.95,1.0,28.0,0.9235847485351563,False,PUT,2026-07-22,GOOGL
GOOGL260722P00352500,352.5,3.5,7.15,11.15,16.0,19.0,0.9321295849609376,False,PUT,2026-07-22,GOOGL
GOOGL260722P00355000,355.0,11.2,8.5,12.45,2.0,25.0,0.9473882214355469,False,PUT,2026-07-22,GOOGL
GOOGL260722P00357500,357.5,7.4,11.5,13.8,1.0,236.0,1.0216113372802735,False,PUT,2026-07-22,GOOGL
GOOGL260722P00360000,360.0,5.25,11.2,15.2,1.0,6.0,0.9639896179199219,True,PUT,2026-07-22,GOOGL
GOOGL260722P00362500,362.5,9.9,12.55,16.65,,5.0,0.965820654296875,True,PUT,2026-07-22,GOOGL
GOOGL260722P00365000,365.0,16.36,14.35,18.15,2.0,2.0,0.9813234289550781,True,PUT,2026-07-22,GOOGL
GOOGL260722P00370000,370.0,20.05,17.75,21.8,1.0,3.0,1.013676806640625,True,PUT,2026-07-22,GOOGL
GOOGL260722P00372500,372.5,24.25,19.7,23.65,,1.0,1.0336962377929688,True,PUT,2026-07-22,GOOGL
GOOGL260722P00377500,377.5,19.18,23.85,27.8,,1.0,1.0904586492919923,True,PUT,2026-07-22,GOOGL
GOOGL260722P00380000,380.0,17.35,26.0,30.05,2.0,2.0,1.1245160961914062,True,PUT,2026-07-22,GOOGL
GOOGL260722P00382500,382.5,18.8,28.15,32.0,1.0,1.0,1.1422162030029297,True,PUT,2026-07-22,GOOGL
GOOGL260722P00385000,385.0,18.1,31.15,33.9,,1.0,1.1936075476074217,True,PUT,2026-07-22,GOOGL
GOOGL260722P00400000,400.0,44.5,44.65,48.65,1.0,2.0,1.4133330114746094,True,PUT,2026-07-22,GOOGL
GOOGL260727C00285000,285.0,61.06,67.0,70.6,10.0,5.0,1.0000000000000003e-05,True,CALL,2026-07-27,GOOGL
GOOGL260727C00290000,290.0,55.36,62.25,65.9,74.0,7.0,1.0000000000000003e-05,True,CALL,2026-07-27,GOOGL
GOOGL260727C00295000,295.0,50.57,57.6,61.05,64.0,11.0,1.0000000000000003e-05,True,CALL,2026-07-27,GOOGL
GOOGL260727C00300000,300.0,45.73,52.5,55.9,2.0,20.0,1.0000000000000003e-05,True,CALL,2026-07-27,GOOGL
GOOGL260727C00305000,305.0,67.42,47.65,51.5,122.0,18.0,1.0000000000000003e-05,True,CALL,2026-07-27,GOOGL
GOOGL260727C00310000,310.0,63.28,0.0,0.0,80.0,19.0,1.0000000000000003e-05,True,CALL,2026-07-27,GOOGL
GOOGL260727C00315000,315.0,58.45,0.0,0.0,80.0,19.0,1.0000000000000003e-05,True,CALL,2026-07-27,GOOGL
GOOGL260727C00317500,317.5,54.37,36.2,39.65,,11.0,1.0000000000000003e-05,True,CALL,2026-07-27,GOOGL
GOOGL260727C00320000,320.0,30.0,34.2,37.45,4.0,20.0,1.0000000000000003e-05,True,CALL,2026-07-27,GOOGL
GOOGL260727C00322500,322.5,49.63,31.7,35.45,,11.0,1.0000000000000003e-05,True,CALL,2026-07-27,GOOGL
GOOGL260727C00325000,325.0,47.86,29.75,33.5,,17.0,1.0000000000000003e-05,True,CALL,2026-07-27,GOOGL
GOOGL260727C00327500,327.5,23.56,0.0,0.0,54.0,56.0,1.0000000000000003e-05,True,CALL,2026-07-27,GOOGL
GOOGL260727C00330000,330.0,22.5,26.5,29.05,1.0,1.0,0.36914693359375,True,CALL,2026-07-27,GOOGL
GOOGL260727C00332500,332.5,41.14,0.0,0.0,,2.0,1.0000000000000003e-05,True,CALL,2026-07-27,GOOGL
GOOGL260727C00335000,335.0,16.71,0.0,0.0,4.0,5.0,1.0000000000000003e-05,True,CALL,2026-07-27,GOOGL
GOOGL260727C00337500,337.5,15.8,20.1,23.4,4.0,5.0,0.45606012695312503,True,CALL,2026-07-27,GOOGL
GOOGL260727C00340000,340.0,15.6,0.0,0.0,13.0,9.0,1.0000000000000003e-05,True,CALL,2026-07-27,GOOGL
GOOGL260727C00342500,342.5,14.0,0.0,0.0,7.0,3.0,1.0000000000000003e-05,True,CALL,2026-07-27,GOOGL
GOOGL260727C00345000,345.0,15.9,16.3,17.2,1.0,70.0,0.42578699218750005,True,CALL,2026-07-27,GOOGL
GOOGL260727C00347500,347.5,11.84,0.0,0.0,126.0,63.0,1.0000000000000003e-05,True,CALL,2026-07-27,GOOGL
GOOGL260727C00350000,350.0,9.94,13.3,14.4,51.0,192.0,0.45606012695312503,True,CALL,2026-07-27,GOOGL
GOOGL260727C00352500,352.5,13.0,11.25,13.85,5.0,409.0,0.5034229345703125,True,CALL,2026-07-27,GOOGL
GOOGL260727C00355000,355.0,11.28,11.25,11.75,17.0,664.0,0.4694877270507813,True,CALL,2026-07-27,GOOGL
GOOGL260727C00357500,357.5,7.68,9.25,10.45,13.0,68.0,0.46973186523437505,True,CALL,2026-07-27,GOOGL
GOOGL260727C00360000,360.0,9.05,8.4,9.35,15.0,555.0,0.4747977325439453,False,CALL,2026-07-27,GOOGL
GOOGL260727C00362500,362.5,5.74,6.3,8.4,17.0,482.0,0.4823049816894531,False,CALL,2026-07-27,GOOGL
GOOGL260727C00365000,365.0,5.3,6.7,7.3,64.0,1245.0,0.4781546325683594,False,CALL,2026-07-27,GOOGL
GOOGL260727C00367500,367.5,5.75,4.85,6.75,2.0,871.0,0.49646499633789065,False,CALL,2026-07-27,GOOGL
GOOGL260727C00370000,370.0,5.5,4.85,5.65,22.0,602.0,0.48340360351562506,False,CALL,2026-07-27,GOOGL
GOOGL260727C00372500,372.5,3.21,3.35,5.45,116.0,103.0,0.5127001855468749,False,CALL,2026-07-27,GOOGL
GOOGL260727C00375000,375.0,3.48,3.85,4.6,31.0,546.0,0.5042774182128906,False,CALL,2026-07-27,GOOGL
GOOGL260727C00377500,377.5,3.5,2.84,3.95,101.0,653.0,0.5023243127441408,False,CALL,2026-07-27,GOOGL
GOOGL260727C00380000,380.0,2.53,2.79,3.3,1.0,526.0,0.49597671997070314,False,CALL,2026-07-27,GOOGL
GOOGL260727C00382500,382.5,1.8,2.3,3.1,11.0,296.0,0.5144091528320311,False,CALL,2026-07-27,GOOGL
GOOGL260727C00385000,385.0,2.35,1.87,2.74,8.0,78.0,0.5200243310546875,False,CALL,2026-07-27,GOOGL
GOOGL260727C00387500,387.5,1.79,1.51,2.49,72.0,218.0,0.5307664111328125,False,CALL,2026-07-27,GOOGL
GOOGL260727C00390000,390.0,1.23,1.51,2.27,47.0,79.0,0.5107470800781251,False,CALL,2026-07-27,GOOGL
GOOGL260727C00392500,392.5,1.14,0.0,0.0,3.0,4.0,0.12500875,False,CALL,2026-07-27,GOOGL
GOOGL260727C00395000,395.0,1.33,0.18,2.0,1.0,423.0,0.5719036950683594,False,CALL,2026-07-27,GOOGL
GOOGL260727C00400000,400.0,0.7,0.88,1.23,180.0,585.0,0.5246629565429688,False,CALL,2026-07-27,GOOGL
GOOGL260727C00405000,405.0,0.44,0.0,0.0,6.0,1005.0,0.12500875,False,CALL,2026-07-27,GOOGL
GOOGL260727C00410000,410.0,1.0,0.0,0.0,1.0,802.0,0.2500075,False,CALL,2026-07-27,GOOGL
GOOGL260727C00415000,415.0,0.25,0.0,0.0,305.0,62.0,0.2500075,False,CALL,2026-07-27,GOOGL
GOOGL260727C00420000,420.0,0.3,0.0,0.0,3.0,936.0,0.2500075,False,CALL,2026-07-27,GOOGL
GOOGL260727C00425000,425.0,0.23,0.0,0.0,4.0,21.0,0.2500075,False,CALL,2026-07-27,GOOGL
GOOGL260727C00430000,430.0,0.19,0.0,0.0,2.0,170.0,0.2500075,False,CALL,2026-07-27,GOOGL
GOOGL260727C00435000,435.0,0.18,0.01,0.93,1.0,1.0,0.694338994140625,False,CALL,2026-07-27,GOOGL
GOOGL260727C00440000,440.0,0.14,0.0,0.0,11.0,15.0,0.2500075,False,CALL,2026-07-27,GOOGL
GOOGL260727C00445000,445.0,0.13,0.01,1.1,14.0,13.0,0.7817404638671875,False,CALL,2026-07-27,GOOGL
GOOGL260727C00450000,450.0,0.1,0.1,0.28,16.0,72.0,0.6914093359375001,False,CALL,2026-07-27,GOOGL
GOOGL260727P00270000,270.0,0.23,0.0,2.14,1.0,1.0,1.154301103515625,False,PUT,2026-07-27,GOOGL
GOOGL260727P00275000,275.0,0.13,0.0,1.62,49.0,48.0,1.0341845166015626,False,PUT,2026-07-27,GOOGL
GOOGL260727P00280000,280.0,0.13,0.0,2.18,49.0,49.0,1.0346727954101564,False,PUT,2026-07-27,GOOGL
GOOGL260727P00285000,285.0,0.23,0.0,1.97,1.0,2.0,0.9536137451171874,False,PUT,2026-07-27,GOOGL
GOOGL260727P00290000,290.0,0.33,0.01,0.56,1.0,23.0,0.7143583251953125,False,PUT,2026-07-27,GOOGL
GOOGL260727P00295000,295.0,0.49,0.01,0.63,145.0,85.0,0.6772493212890626,False,PUT,2026-07-27,GOOGL
GOOGL260727P00300000,300.0,0.73,0.02,2.24,20.0,61.0,0.8007832421875,False,PUT,2026-07-27,GOOGL
GOOGL260727P00305000,305.0,1.1,0.08,1.74,48.0,24.0,0.7060576269531251,False,PUT,2026-07-27,GOOGL
GOOGL260727P00310000,310.0,1.74,0.25,2.39,21.0,20.0,0.7084990087890625,False,PUT,2026-07-27,GOOGL
GOOGL260727P00315000,315.0,2.25,1.0,3.0,30.0,39.0,0.7251004052734374,False,PUT,2026-07-27,GOOGL
GOOGL260727P00317500,317.5,2.7,0.61,3.65,3.0,3.0,0.7055693505859376,False,PUT,2026-07-27,GOOGL
GOOGL260727P00320000,320.0,3.23,0.87,2.6,97.0,290.0,0.6333044482421876,False,PUT,2026-07-27,GOOGL
GOOGL260727P00322500,322.5,3.45,0.99,4.3,40.0,36.0,0.685672088623047,False,PUT,2026-07-27,GOOGL
GOOGL260727P00325000,325.0,4.33,1.54,4.75,84.0,97.0,0.6915314050292969,False,PUT,2026-07-27,GOOGL
GOOGL260727P00327500,327.5,5.35,1.53,5.05,5.0,7.0,0.6666293103027345,False,PUT,2026-07-27,GOOGL
GOOGL260727P00330000,330.0,6.23,2.4,5.5,17.0,41.0,0.6772493212890626,False,PUT,2026-07-27,GOOGL
GOOGL260727P00332500,332.5,6.54,2.61,6.05,3.0,4.0,0.6644320666503909,False,PUT,2026-07-27,GOOGL
GOOGL260727P00335000,335.0,7.31,3.25,7.45,7.0,49.0,0.6889679541015626,False,PUT,2026-07-27,GOOGL
GOOGL260727P00337500,337.5,8.26,4.05,6.2,15.0,37.0,0.6341589318847658,False,PUT,2026-07-27,GOOGL
GOOGL260727P00340000,340.0,8.45,4.95,6.25,260.0,266.0,0.6199989172363283,False,PUT,2026-07-27,GOOGL
GOOGL260727P00342500,342.5,6.99,5.8,7.9,6.0,35.0,0.6457554956054687,False,PUT,2026-07-27,GOOGL
GOOGL260727P00345000,345.0,7.96,6.85,8.1,4.0,137.0,0.632938240966797,False,PUT,2026-07-27,GOOGL
GOOGL260727P00347500,347.5,13.0,7.65,10.6,34.0,42.0,0.6693148303222658,False,PUT,2026-07-27,GOOGL
GOOGL260727P00350000,350.0,13.74,9.2,10.05,24.0,285.0,0.6434972174072267,False,PUT,2026-07-27,GOOGL
GOOGL260727P00352500,352.5,16.0,9.95,12.75,14.0,4.0,0.6745638012695314,False,PUT,2026-07-27,GOOGL
GOOGL260727P00355000,355.0,16.74,10.9,14.45,73.0,601.0,0.6821320849609377,False,PUT,2026-07-27,GOOGL
GOOGL260727P00357500,357.5,19.0,11.95,15.4,8.0,30.0,0.6709017285156251,False,PUT,2026-07-27,GOOGL
GOOGL260727P00360000,360.0,20.83,13.25,16.8,18.0,312.0,0.6729769030761721,True,PUT,2026-07-27,GOOGL
GOOGL260727P00362500,362.5,21.43,14.9,18.3,55.0,77.0,0.6823762231445314,True,PUT,2026-07-27,GOOGL
GOOGL260727P00365000,365.0,24.88,16.5,19.95,53.0,102.0,0.6911041632080079,True,PUT,2026-07-27,GOOGL
GOOGL260727P00367500,367.5,26.69,18.3,21.85,4.0,107.0,0.7076445251464845,True,PUT,2026-07-27,GOOGL
GOOGL260727P00370000,370.0,28.05,20.25,23.25,8.0,575.0,0.713015565185547,True,PUT,2026-07-27,GOOGL
GOOGL260727P00372500,372.5,23.3,21.65,25.35,490.0,142.0,0.7193021234130859,True,PUT,2026-07-27,GOOGL
GOOGL260727P00375000,375.0,33.3,23.55,27.3,17.0,50.0,0.7317531707763671,True,PUT,2026-07-27,GOOGL
GOOGL260727P00377500,377.5,16.32,25.15,28.85,,0.0,0.7238186798095703,True,PUT,2026-07-27,GOOGL
GOOGL260727P00380000,380.0,17.26,27.4,31.35,2.0,2.0,0.7550073327636719,True,PUT,2026-07-27,GOOGL
GOOGL260727P00400000,400.0,32.1,45.1,48.95,25.0,26.0,0.8820812573242187,True,PUT,2026-07-27,GOOGL
GOOGL260727P00415000,415.0,59.15,59.6,63.4,,1.0,1.0116016217041015,True,PUT,2026-07-27,GOOGL
GOOGL260727P00440000,440.0,79.85,84.5,88.3,1.0,0.0,1.2465857983398436,True,PUT,2026-07-27,GOOGL
GOOGL260814C00275000,275.0,72.0,78.35,82.25,1.0,1.0,1.0000000000000003e-05,True,CALL,2026-08-14,GOOGL
GOOGL260814C00280000,280.0,83.11,72.75,76.65,,10.0,1.0000000000000003e-05,True,CALL,2026-08-14,GOOGL
GOOGL260814C00285000,285.0,89.22,68.4,72.05,32.0,11.0,1.0000000000000003e-05,True,CALL,2026-08-14,GOOGL
GOOGL260814C00290000,290.0,84.36,63.6,67.6,32.0,12.0,1.0000000000000003e-05,True,CALL,2026-08-14,GOOGL
GOOGL260814C00295000,295.0,54.1,58.9,62.7,2.0,28.0,1.0000000000000003e-05,True,CALL,2026-08-14,GOOGL
GOOGL260814C00300000,300.0,74.71,54.15,57.6,118.0,28.0,1.0000000000000003e-05,True,CALL,2026-08-14,GOOGL
GOOGL260814C00305000,305.0,44.09,49.8,53.4,6.0,48.0,1.0000000000000003e-05,True,CALL,2026-08-14,GOOGL
GOOGL260814C00310000,310.0,40.93,45.3,49.1,2.0,45.0,0.33838552246093745,True,CALL,2026-08-14,GOOGL
GOOGL260814C00315000,315.0,36.8,41.0,44.9,6.0,4.0,0.370123486328125,True,CALL,2026-08-14,GOOGL
GOOGL260814C00320000,320.0,31.9,36.7,40.75,2.0,11.0,0.3833069482421875,True,CALL,2026-08-14,GOOGL
GOOGL260814C00325000,325.0,27.65,32.8,36.05,4.0,26.0,0.3601138208007812,True,CALL,2026-08-14,GOOGL
GOOGL260814C00330000,330.0,25.4,29.0,32.25,3.0,11.0,0.3704896936035156,True,CALL,2026-08-14,GOOGL
GOOGL260814C00335000,335.0,20.9,25.4,28.65,7.0,10.0,0.37744763183593744,True,CALL,2026-08-14,GOOGL
GOOGL260814C00340000,340.0,18.73,22.05,25.35,28.0,36.0,0.38477177734374995,True,CALL,2026-08-14,GOOGL
GOOGL260814C00345000,345.0,19.84,19.4,22.65,23.0,63.0,0.4007628283691406,True,CALL,2026-08-14,GOOGL
GOOGL260814C00350000,350.0,14.5,16.1,20.1,234.0,163.0,0.4120542193603516,True,CALL,2026-08-14,GOOGL
GOOGL260814C00355000,355.0,11.75,13.75,17.2,54.0,297.0,0.40656111022949215,True,CALL,2026-08-14,GOOGL
GOOGL260814C00360000,360.0,10.0,11.95,14.55,87.0,389.0,0.4010069665527344,False,CALL,2026-08-14,GOOGL
GOOGL260814C00365000,365.0,8.2,10.05,12.55,57.0,457.0,0.4058897302246094,False,CALL,2026-08-14,GOOGL
GOOGL260814C00370000,370.0,7.25,6.8,8.9,67.0,441.0,0.35950347534179683,False,CALL,2026-08-14,GOOGL
GOOGL260814C00375000,375.0,6.25,6.2,9.2,165.0,385.0,0.414068359375,False,CALL,2026-08-14,GOOGL
GOOGL260814C00380000,380.0,5.05,4.9,7.75,132.0,1172.0,0.4155331884765625,False,CALL,2026-08-14,GOOGL
GOOGL260814C00385000,385.0,4.1,3.85,6.8,87.0,139.0,0.4265194067382813,False,CALL,2026-08-14,GOOGL
GOOGL260814C00390000,390.0,3.12,3.0,5.7,144.0,347.0,0.4279842358398438,False,CALL,2026-08-14,GOOGL
GOOGL260814C00395000,395.0,2.81,2.8,4.5,78.0,180.0,0.42023284851074216,False,CALL,2026-08-14,GOOGL
GOOGL260814C00400000,400.0,2.25,2.7,3.8,80.0,384.0,0.4250545776367188,False,CALL,2026-08-14,GOOGL
GOOGL260814C00405000,405.0,1.85,1.16,3.2,35.0,494.0,0.4295100994873047,False,CALL,2026-08-14,GOOGL
GOOGL260814C00410000,410.0,1.4,0.99,3.25,41.0,71.0,0.45972219970703126,False,CALL,2026-08-14,GOOGL
GOOGL260814C00415000,415.0,1.16,0.97,1.95,759.0,1256.0,0.42090422851562503,False,CALL,2026-08-14,GOOGL
GOOGL260814C00420000,420.0,1.13,0.71,1.99,1.0,244.0,0.44775942871093743,False,CALL,2026-08-14,GOOGL
GOOGL260814C00425000,425.0,0.76,0.5,1.7,1.0,57.0,0.4534966760253906,False,CALL,2026-08-14,GOOGL
GOOGL260814C00430000,430.0,0.69,0.19,1.1,17.0,415.0,0.4317683776855469,False,CALL,2026-08-14,GOOGL
GOOGL260814C00435000,435.0,0.75,0.45,1.39,1.0,42.0,0.4760794580078125,False,CALL,2026-08-14,GOOGL
GOOGL260814C00440000,440.0,0.51,0.16,1.51,27.0,67.0,0.5064746618652343,False,CALL,2026-08-14,GOOGL
GOOGL260814C00445000,445.0,0.51,0.2,1.15,60.0,68.0,0.4978077563476563,False,CALL,2026-08-14,GOOGL
GOOGL260814C00450000,450.0,0.01,0.24,0.97,1.0,17.0,0.5004932763671875,False,CALL,2026-08-14,GOOGL
GOOGL260814C00455000,455.0,0.05,0.07,0.94,2.0,258.0,0.5163622583007812,False,CALL,2026-08-14,GOOGL
GOOGL260814C00460000,460.0,0.8,0.01,1.14,2.0,7.0,0.5550581604003908,False,CALL,2026-08-14,GOOGL
GOOGL260814C00465000,465.0,0.32,0.01,0.86,1.0,2.0,0.5441940112304688,False,CALL,2026-08-14,GOOGL
GOOGL260814P00255000,255.0,0.24,0.01,0.61,2.0,13.0,0.6054726953125001,False,PUT,2026-08-14,GOOGL
GOOGL260814P00260000,260.0,0.25,0.01,0.68,3.0,25.0,0.5844768115234374,False,PUT,2026-08-14,GOOGL
GOOGL260814P00265000,265.0,0.41,0.01,0.65,2.0,4.0,0.5502974658203126,False,PUT,2026-08-14,GOOGL
GOOGL260814P00270000,270.0,0.38,0.0,0.0,20.0,1.0,0.2500075,False,PUT,2026-08-14,GOOGL
GOOGL260814P00275000,275.0,0.55,0.17,1.21,4.0,47.0,0.5561567822265626,False,PUT,2026-08-14,GOOGL
GOOGL260814P00280000,280.0,0.71,0.03,1.17,31.0,69.0,0.5109912182617188,False,PUT,2026-08-14,GOOGL
GOOGL260814P00285000,285.0,0.92,0.12,1.12,10.0,47.0,0.5427291821289064,False,PUT,2026-08-14,GOOGL
GOOGL260814P00290000,290.0,1.13,0.32,1.66,24.0,357.0,0.5568891967773439,False,PUT,2026-08-14,GOOGL
GOOGL260814P00295000,295.0,1.61,0.19,1.83,8.0,36.0,0.534184345703125,False,PUT,2026-08-14,GOOGL
GOOGL260814P00300000,300.0,2.1,0.72,2.03,148.0,626.0,0.5120898400878906,False,PUT,2026-08-14,GOOGL
GOOGL260814P00305000,305.0,2.74,0.74,2.25,43.0,92.0,0.48950705810546885,False,PUT,2026-08-14,GOOGL
GOOGL260814P00310000,310.0,3.47,1.28,3.2,17.0,79.0,0.5037891418457032,False,PUT,2026-08-14,GOOGL
GOOGL260814P00315000,315.0,4.25,1.51,3.65,47.0,121.0,0.48560084716796875,False,PUT,2026-08-14,GOOGL
GOOGL260814P00320000,320.0,5.12,2.22,5.3,72.0,169.0,0.5131274273681641,False,PUT,2026-08-14,GOOGL
GOOGL260814P00325000,325.0,7.4,3.5,6.15,46.0,111.0,0.5003712072753908,False,PUT,2026-08-14,GOOGL
GOOGL260814P00330000,330.0,7.98,4.95,7.15,164.0,310.0,0.48846947082519543,False,PUT,2026-08-14,GOOGL
GOOGL260814P00335000,335.0,10.68,6.35,8.85,43.0,270.0,0.4939015454101563,False,PUT,2026-08-14,GOOGL
GOOGL260814P00340000,340.0,12.92,8.15,10.6,76.0,180.0,0.49414568359375005,False,PUT,2026-08-14,GOOGL
GOOGL260814P00345000,345.0,14.6,9.7,12.4,84.0,254.0,0.48993429992675785,False,PUT,2026-08-14,GOOGL
GOOGL260814P00350000,350.0,17.82,0.0,0.0,41.0,101.0,0.015634843750000002,False,PUT,2026-08-14,GOOGL
GOOGL260814P00355000,355.0,20.8,14.0,17.5,8.0,60.0,0.5048267291259765,False,PUT,2026-08-14,GOOGL
GOOGL260814P00360000,360.0,23.15,16.6,20.4,49.0,227.0,0.5127612200927734,True,PUT,2026-08-14,GOOGL
GOOGL260814P00365000,365.0,27.24,19.75,23.4,11.0,125.0,0.5180101910400392,True,PUT,2026-08-14,GOOGL
GOOGL260814P00370000,370.0,30.0,24.3,26.3,11.0,92.0,0.5155077746582031,True,PUT,2026-08-14,GOOGL
GOOGL260814P00375000,375.0,33.74,26.4,30.05,19.0,57.0,0.5308884802246094,True,PUT,2026-08-14,GOOGL
GOOGL260814P00380000,380.0,38.99,30.25,33.75,7.0,12.0,0.5407760766601564,True,PUT,2026-08-14,GOOGL
GOOGL260814P00385000,385.0,44.27,33.95,37.8,8.0,29.0,0.5010425872802735,True,PUT,2026-08-14,GOOGL
GOOGL260814P00395000,395.0,44.85,42.55,45.95,10.0,10.0,0.5269212347412109,True,PUT,2026-08-14,GOOGL
GOOGL260814P00400000,400.0,43.45,46.55,50.3,,1.0,0.5344895184326173,True,PUT,2026-08-14,GOOGL
GOOGL260814P00405000,405.0,53.65,51.25,55.35,10.0,10.0,0.5630536859130859,True,PUT,2026-08-14,GOOGL
GOOGL260814P00430000,430.0,69.5,74.9,78.25,2.0,1.0,0.6434361828613282,True,PUT,2026-08-14,GOOGL
GOOGL260821C00255000,255.0,117.52,98.35,101.95,1.0,411.0,1.0000000000000003e-05,True,CALL,2026-08-21,GOOGL
GOOGL260821C00260000,260.0,88.35,93.45,96.65,1.0,1448.0,1.0000000000000003e-05,True,CALL,2026-08-21,GOOGL
GOOGL260821C00265000,265.0,91.1,88.65,92.25,1.0,314.0,1.0000000000000003e-05,True,CALL,2026-08-21,GOOGL
GOOGL260821C00270000,270.0,78.35,83.7,86.8,8.0,405.0,1.0000000000000003e-05,True,CALL,2026-08-21,GOOGL
GOOGL260821C00275000,275.0,71.8,0.0,0.0,24.0,299.0,1.0000000000000003e-05,True,CALL,2026-08-21,GOOGL
GOOGL260821C00280000,280.0,69.32,73.9,77.2,6.0,1179.0,1.0000000000000003e-05,True,CALL,2026-08-21,GOOGL
GOOGL260821C00285000,285.0,86.5,0.0,0.0,12.0,569.0,1.0000000000000003e-05,True,CALL,2026-08-21,GOOGL
GOOGL260821C00290000,290.0,59.29,0.0,0.0,2.0,683.0,1.0000000000000003e-05,True,CALL,2026-08-21,GOOGL
GOOGL260821C00295000,295.0,56.1,0.0,0.0,49.0,490.0,1.0000000000000003e-05,True,CALL,2026-08-21,GOOGL
GOOGL260821C00300000,300.0,48.95,55.55,58.35,78.0,1638.0,0.23633576171874998,True,CALL,2026-08-21,GOOGL
GOOGL260821C00305000,305.0,43.3,0.0,0.0,18.0,608.0,1.0000000000000003e-05,True,CALL,2026-08-21,GOOGL
GOOGL260821C00310000,310.0,40.14,0.0,0.0,21.0,778.0,1.0000000000000003e-05,True,CALL,2026-08-21,GOOGL
GOOGL260821C00315000,315.0,36.77,0.0,0.0,10.0,1019.0,1.0000000000000003e-05,True,CALL,2026-08-21,GOOGL
GOOGL260821C00320000,320.0,32.67,0.0,0.0,35.0,2786.0,1.0000000000000003e-05,True,CALL,2026-08-21,GOOGL
GOOGL260821C00325000,325.0,28.44,0.0,0.0,31.0,1215.0,1.0000000000000003e-05,True,CALL,2026-08-21,GOOGL
GOOGL260821C00330000,330.0,26.71,0.0,0.0,46.0,2156.0,1.0000000000000003e-05,True,CALL,2026-08-21,GOOGL
GOOGL260821C00335000,335.0,23.13,0.0,0.0,70.0,1641.0,1.0000000000000003e-05,True,CALL,2026-08-21,GOOGL
GOOGL260821C00340000,340.0,23.35,24.4,25.5,1.0,1929.0,0.3477238079833984,True,CALL,2026-08-21,GOOGL
GOOGL260821C00345000,345.0,22.1,21.8,22.4,6.0,1797.0,0.3512638116455078,True,CALL,2026-08-21,GOOGL
GOOGL260821C00350000,350.0,19.1,18.75,19.65,34.0,13089.0,0.3565127825927734,True,CALL,2026-08-21,GOOGL
GOOGL260821C00355000,355.0,13.68,16.85,17.45,254.0,1457.0,0.36817038085937503,True,CALL,2026-08-21,GOOGL
GOOGL260821C00360000,360.0,14.55,14.2,14.95,51.0,6948.0,0.36655296539306637,False,CALL,2026-08-21,GOOGL
GOOGL260821C00365000,365.0,12.39,11.85,12.65,15.0,4069.0,0.36377589355468753,False,CALL,2026-08-21,GOOGL
GOOGL260821C00370000,370.0,10.68,10.55,10.9,302.0,9461.0,0.3682314154052735,False,CALL,2026-08-21,GOOGL
GOOGL260821C00375000,375.0,8.95,8.55,9.05,15.0,4429.0,0.364813480834961,False,CALL,2026-08-21,GOOGL
GOOGL260821C00380000,380.0,7.65,7.3,7.7,17.0,7856.0,0.3684755535888672,False,CALL,2026-08-21,GOOGL
GOOGL260821C00385000,385.0,6.47,6.1,6.8,19.0,3552.0,0.3794007373046875,False,CALL,2026-08-21,GOOGL
GOOGL260821C00390000,390.0,5.3,5.0,5.45,48.0,10986.0,0.37329728271484375,False,CALL,2026-08-21,GOOGL
GOOGL260821C00395000,395.0,3.38,3.5,5.3,458.0,3629.0,0.39905386108398444,False,CALL,2026-08-21,GOOGL
GOOGL260821C00400000,400.0,3.75,3.55,3.8,100.0,20976.0,0.37793590820312495,False,CALL,2026-08-21,GOOGL
GOOGL260821C00405000,405.0,3.13,2.91,3.3,10.0,1678.0,0.3857483300781249,False,CALL,2026-08-21,GOOGL
GOOGL260821C00410000,410.0,2.13,2.49,2.7,1.0,4923.0,0.38611453735351553,False,CALL,2026-08-21,GOOGL
GOOGL260821C00415000,415.0,2.15,2.09,2.24,15.0,15984.0,0.38843385009765624,False,CALL,2026-08-21,GOOGL
GOOGL260821C00420000,420.0,1.31,1.63,2.08,484.0,7189.0,0.40259386474609377,False,CALL,2026-08-21,GOOGL
GOOGL260821C00425000,425.0,1.17,1.1,1.85,237.0,1209.0,0.41156594299316407,False,CALL,2026-08-21,GOOGL
GOOGL260821C00430000,430.0,1.21,1.12,1.32,57.0,1971.0,0.39929799926757814,False,CALL,2026-08-21,GOOGL
GOOGL260821C00435000,435.0,0.81,0.94,1.19,63.0,551.0,0.40906352661132805,False,CALL,2026-08-21,GOOGL
GOOGL260821C00440000,440.0,0.85,0.79,1.02,1.0,3664.0,0.414068359375,False,CALL,2026-08-21,GOOGL
GOOGL260821C00445000,445.0,0.65,0.09,1.19,27.0,801.0,0.4454401159667969,False,CALL,2026-08-21,GOOGL
GOOGL260821C00450000,450.0,0.56,0.67,0.8,651.0,24015.0,0.428716650390625,False,CALL,2026-08-21,GOOGL
GOOGL260821C00455000,455.0,0.48,0.01,1.0,9.0,494.0,0.4642387561035156,False,CALL,2026-08-21,GOOGL
GOOGL260821C00460000,460.0,0.42,0.05,1.1,117.0,2513.0,0.4897511962890626,False,CALL,2026-08-21,GOOGL
GOOGL260821C00465000,465.0,0.35,0.3,0.88,67.0,510.0,0.4854787780761719,False,CALL,2026-08-21,GOOGL
GOOGL260821P00255000,255.0,0.28,0.06,0.78,2.0,2036.0,0.5625043750000001,False,PUT,2026-08-21,GOOGL
GOOGL260821P00260000,260.0,0.96,0.06,0.62,9.0,3671.0,0.5170946728515625,False,PUT,2026-08-21,GOOGL
GOOGL260821P00265000,265.0,0.48,0.2,0.71,2.0,2011.0,0.5131884619140624,False,PUT,2026-08-21,GOOGL
GOOGL260821P00270000,270.0,0.58,0.11,0.65,29.0,1939.0,0.5163622583007812,False,PUT,2026-08-21,GOOGL
GOOGL260821P00275000,275.0,0.76,0.43,0.63,12.0,1954.0,0.48511257080078124,False,PUT,2026-08-21,GOOGL
GOOGL260821P00280000,280.0,0.98,0.49,1.15,180.0,2278.0,0.5141650146484374,False,PUT,2026-08-21,GOOGL
GOOGL260821P00285000,285.0,1.21,0.52,1.44,44.0,1895.0,0.5085498364257812,False,PUT,2026-08-21,GOOGL
GOOGL260821P00290000,290.0,1.62,0.75,1.5,328.0,1649.0,0.4821829125976563,False,PUT,2026-08-21,GOOGL
GOOGL260821P00295000,295.0,2.1,1.23,1.56,56.0,2340.0,0.45532771240234376,False,PUT,2026-08-21,GOOGL
GOOGL260821P00300000,300.0,2.4,1.71,1.96,2.0,4953.0,0.4498346032714844,False,PUT,2026-08-21,GOOGL
GOOGL260821P00305000,305.0,3.25,2.17,2.49,339.0,1631.0,0.4466608068847656,False,PUT,2026-08-21,GOOGL
GOOGL260821P00310000,310.0,3.9,2.82,3.25,680.0,7760.0,0.44885805053710937,False,PUT,2026-08-21,GOOGL
GOOGL260821P00315000,315.0,3.85,3.45,3.8,2.0,3384.0,0.43646803771972653,False,PUT,2026-08-21,GOOGL
GOOGL260821P00320000,320.0,4.65,4.3,4.8,1.0,18368.0,0.4371394177246094,False,PUT,2026-08-21,GOOGL
GOOGL260821P00325000,325.0,8.0,5.1,6.15,558.0,2694.0,0.44336494140625,False,PUT,2026-08-21,GOOGL
GOOGL260821P00330000,330.0,9.0,6.2,7.7,3084.0,7517.0,0.4489801196289062,False,PUT,2026-08-21,GOOGL
GOOGL260821P00335000,335.0,10.6,8.05,9.0,274.0,4407.0,0.44165597412109375,False,PUT,2026-08-21,GOOGL
GOOGL260821P00340000,340.0,10.17,9.9,10.5,12.0,6652.0,0.435125277709961,False,PUT,2026-08-21,GOOGL
GOOGL260821P00345000,345.0,12.56,11.8,12.65,1.0,3521.0,0.44006907592773437,False,PUT,2026-08-21,GOOGL
GOOGL260821P00350000,350.0,14.8,14.0,14.75,2.0,10831.0,0.43836010864257813,False,PUT,2026-08-21,GOOGL
GOOGL260821P00355000,355.0,17.35,15.95,17.35,1.0,1767.0,0.4434259759521484,False,PUT,2026-08-21,GOOGL
GOOGL260821P00360000,360.0,23.4,19.05,20.2,896.0,12403.0,0.4492547750854492,True,PUT,2026-08-21,GOOGL
GOOGL260821P00365000,365.0,22.13,22.2,22.95,1.0,1055.0,0.4479425323486328,True,PUT,2026-08-21,GOOGL
GOOGL260821P00370000,370.0,31.67,25.05,26.0,122.0,1984.0,0.4490411541748046,True,PUT,2026-08-21,GOOGL
GOOGL260821P00375000,375.0,35.11,28.65,29.3,30.0,1465.0,0.4516046051025391,True,PUT,2026-08-21,GOOGL
GOOGL260821P00380000,380.0,40.62,31.1,34.2,1135.0,2856.0,0.4893544717407228,True,PUT,2026-08-21,GOOGL
GOOGL260821P00385000,385.0,42.98,34.8,37.8,17.0,1011.0,0.49219257812500006,True,PUT,2026-08-21,GOOGL
GOOGL260821P00390000,390.0,47.15,39.05,41.9,6.0,5475.0,0.5044300045776368,True,PUT,2026-08-21,GOOGL
GOOGL260821P00395000,395.0,51.35,42.9,46.45,1.0,1240.0,0.5260057165527343,True,PUT,2026-08-21,GOOGL
GOOGL260821P00400000,400.0,56.37,47.2,50.7,3.0,813.0,0.5373581420898439,True,PUT,2026-08-21,GOOGL
GOOGL260821P00405000,405.0,58.78,51.6,54.95,4.0,71.0,0.5463912548828126,True,PUT,2026-08-21,GOOGL
GOOGL260821P00410000,410.0,64.63,56.2,59.65,4.0,280.0,0.5133715655517577,True,PUT,2026-08-21,GOOGL
GOOGL260821P00415000,415.0,48.18,60.95,64.65,2.0,75.0,0.5361374511718751,True,PUT,2026-08-21,GOOGL
GOOGL260821P00420000,420.0,65.0,65.05,69.0,2.0,199.0,0.5355881402587892,True,PUT,2026-08-21,GOOGL
GOOGL260821P00425000,425.0,72.67,70.3,73.95,22.0,232.0,0.5639081695556643,True,PUT,2026-08-21,GOOGL
GOOGL260821P00430000,430.0,59.7,74.8,78.55,6.0,255.0,0.5714764532470704,True,PUT,2026-08-21,GOOGL
GOOGL260821P00435000,435.0,81.65,79.75,83.75,20.0,45.0,0.5975382043457032,True,PUT,2026-08-21,GOOGL
GOOGL260821P00440000,440.0,86.02,84.75,88.15,599.0,1564.0,0.608524422607422,True,PUT,2026-08-21,GOOGL
GOOGL260821P00445000,445.0,86.27,89.65,93.0,160.0,163.0,0.6254920263671876,True,PUT,2026-08-21,GOOGL
GOOGL260821P00450000,450.0,97.35,94.3,98.45,50.0,0.0,0.6489292919921875,True,PUT,2026-08-21,GOOGL
GOOGL260821P00460000,460.0,96.95,87.8,90.8,3.0,0.0,1.0000000000000003e-05,True,PUT,2026-08-21,GOOGL
GOOGL260828C00260000,260.0,87.67,93.65,97.8,2.0,2.0,1.0000000000000003e-05,True,CALL,2026-08-28,GOOGL
GOOGL260828C00265000,265.0,94.0,88.7,92.95,,1.0,1.0000000000000003e-05,True,CALL,2026-08-28,GOOGL
GOOGL260828C00270000,270.0,99.0,83.85,88.05,1.0,2.0,1.0000000000000003e-05,True,CALL,2026-08-28,GOOGL
GOOGL260828C00280000,280.0,68.35,74.25,78.0,15.0,16.0,1.0000000000000003e-05,True,CALL,2026-08-28,GOOGL
GOOGL260828C00285000,285.0,63.5,69.35,73.15,2.0,2.0,1.0000000000000003e-05,True,CALL,2026-08-28,GOOGL
GOOGL260828C00295000,295.0,80.25,60.05,63.8,,1.0,0.32569033691406246,True,CALL,2026-08-28,GOOGL
GOOGL260828C00300000,300.0,48.89,54.9,58.95,15.0,20.0,0.31763377685546873,True,CALL,2026-08-28,GOOGL
GOOGL260828C00305000,305.0,44.42,51.35,54.9,13.0,3.0,0.35962554443359374,True,CALL,2026-08-28,GOOGL
GOOGL260828C00310000,310.0,41.55,47.05,50.6,2.0,1.0,0.36652244812011714,True,CALL,2026-08-28,GOOGL
GOOGL260828C00315000,315.0,46.0,42.65,46.6,,1.0,0.37756970092773434,True,CALL,2026-08-28,GOOGL
GOOGL260828C00320000,320.0,33.99,38.6,42.25,4.0,5.0,0.3685976226806641,True,CALL,2026-08-28,GOOGL
GOOGL260828C00325000,325.0,36.3,35.15,38.1,2.0,11.0,0.3621889953613281,True,CALL,2026-08-28,GOOGL
GOOGL260828C00330000,330.0,28.5,30.6,35.0,2.0,3.0,0.38080453186035157,True,CALL,2026-08-28,GOOGL
GOOGL260828C00335000,335.0,24.8,27.9,31.45,12.0,86.0,0.3797669445800781,True,CALL,2026-08-28,GOOGL
GOOGL260828C00340000,340.0,20.82,24.8,27.8,20.0,28.0,0.3714662463378906,True,CALL,2026-08-28,GOOGL
GOOGL260828C00345000,345.0,18.77,21.25,25.25,19.0,15.0,0.38385625915527344,True,CALL,2026-08-28,GOOGL
GOOGL260828C00350000,350.0,20.5,20.5,20.5,3.0,77.0,0.34241380249023434,True,CALL,2026-08-28,GOOGL
GOOGL260828C00355000,355.0,13.4,16.1,19.5,18.0,44.0,0.37814952911376953,True,CALL,2026-08-28,GOOGL
GOOGL260828C00360000,360.0,12.06,11.8,16.8,51.0,82.0,0.37201555725097657,False,CALL,2026-08-28,GOOGL
GOOGL260828C00365000,365.0,11.0,12.25,15.3,9.0,28.0,0.3866638482666015,False,CALL,2026-08-28,GOOGL
GOOGL260828C00370000,370.0,8.9,10.3,13.4,60.0,200.0,0.3884643673706054,False,CALL,2026-08-28,GOOGL
GOOGL260828C00375000,375.0,8.95,8.45,9.9,3.0,79.0,0.3504398452758788,False,CALL,2026-08-28,GOOGL
GOOGL260828C00380000,380.0,6.4,6.65,10.3,28.0,102.0,0.39490351196289064,False,CALL,2026-08-28,GOOGL
GOOGL260828C00385000,385.0,5.45,6.05,8.7,39.0,44.0,0.3908447146606445,False,CALL,2026-08-28,GOOGL
GOOGL260828C00390000,390.0,5.4,0.0,0.0,1.0,61.0,0.062509375,False,CALL,2026-08-28,GOOGL
GOOGL260828C00395000,395.0,3.87,3.3,6.85,9.0,16.0,0.40442490112304685,False,CALL,2026-08-28,GOOGL
GOOGL260828C00400000,400.0,3.4,2.66,5.65,44.0,125.0,0.39880972290039063,False,CALL,2026-08-28,GOOGL
GOOGL260828C00405000,405.0,3.1,2.97,5.1,2.0,40.0,0.4081785256958008,False,CALL,2026-08-28,GOOGL
GOOGL260828C00410000,410.0,2.49,1.85,3.6,107.0,111.0,0.3836731555175781,False,CALL,2026-08-28,GOOGL
GOOGL260828C00415000,415.0,1.87,1.3,3.75,12.0,16.0,0.4112607702636719,False,CALL,2026-08-28,GOOGL
GOOGL260828C00420000,420.0,1.85,1.51,3.7,5.0,57.0,0.4312801013183594,False,CALL,2026-08-28,GOOGL
GOOGL260828C00425000,425.0,1.98,1.28,2.36,2.0,10.0,0.3980773083496094,False,CALL,2026-08-28,GOOGL
GOOGL260828C00430000,430.0,2.18,0.27,3.3,7.0,45.0,0.45752495605468757,False,CALL,2026-08-28,GOOGL
GOOGL260828C00435000,435.0,1.36,0.9,1.52,4.0,12.0,0.3920959228515625,False,CALL,2026-08-28,GOOGL
GOOGL260828C00440000,440.0,1.04,0.86,2.65,2.0,3.0,0.46820600158691406,False,CALL,2026-08-28,GOOGL
GOOGL260828C00445000,445.0,0.84,0.42,1.66,1.0,31.0,0.4348201049804688,False,CALL,2026-08-28,GOOGL
GOOGL260828C00450000,450.0,0.86,0.14,2.91,13.0,9.0,0.516606396484375,False,CALL,2026-08-28,GOOGL
GOOGL260828C00455000,455.0,0.85,0.17,1.52,1.0,1.0,0.4591118542480469,False,CALL,2026-08-28,GOOGL
GOOGL260828C00460000,460.0,0.68,0.01,2.74,42.0,53.0,0.5435836657714845,False,CALL,2026-08-28,GOOGL
GOOGL260828C00465000,465.0,0.63,0.01,1.93,1.0,1.0,0.516606396484375,False,CALL,2026-08-28,GOOGL
GOOGL260828P00260000,260.0,0.39,0.0,0.0,1.0,2.0,0.2500075,False,PUT,2026-08-28,GOOGL
GOOGL260828P00270000,270.0,0.37,0.4,2.57,1.0,2.0,0.5520064331054688,False,PUT,2026-08-28,GOOGL
GOOGL260828P00275000,275.0,1.2,0.14,2.12,1.0,1.0,0.5677533459472657,False,PUT,2026-08-28,GOOGL
GOOGL260828P00280000,280.0,1.29,0.11,1.2,12.0,16.0,0.4713187634277344,False,PUT,2026-08-28,GOOGL
GOOGL260828P00285000,285.0,1.65,0.13,2.68,37.0,37.0,0.5387009020996094,False,PUT,2026-08-28,GOOGL
GOOGL260828P00290000,290.0,2.0,1.0,1.96,18.0,112.0,0.4672904833984375,False,PUT,2026-08-28,GOOGL
GOOGL260828P00295000,295.0,2.08,0.84,3.4,2.0,18.0,0.5103808728027344,False,PUT,2026-08-28,GOOGL
GOOGL260828P00300000,300.0,3.15,1.17,3.3,67.0,106.0,0.4736991107177735,False,PUT,2026-08-28,GOOGL
GOOGL260828P00305000,305.0,3.72,2.4,3.45,31.0,56.0,0.4479425323486328,False,PUT,2026-08-28,GOOGL
GOOGL260828P00310000,310.0,4.93,2.85,4.65,138.0,223.0,0.4606987524414063,False,PUT,2026-08-28,GOOGL
GOOGL260828P00315000,315.0,6.05,3.55,5.85,87.0,218.0,0.46619186157226566,False,PUT,2026-08-28,GOOGL
GOOGL260828P00320000,320.0,7.25,0.0,0.0,27.0,102.0,0.062509375,False,PUT,2026-08-28,GOOGL
GOOGL260828P00325000,325.0,8.48,0.0,0.0,1.0,135.0,0.062509375,False,PUT,2026-08-28,GOOGL
GOOGL260828P00330000,330.0,10.38,6.45,8.6,66.0,247.0,0.43149372222900395,False,PUT,2026-08-28,GOOGL
GOOGL260828P00335000,335.0,12.05,7.95,10.95,8.0,114.0,0.44907167144775384,False,PUT,2026-08-28,GOOGL
GOOGL260828P00340000,340.0,14.66,0.0,0.0,30.0,62.0,0.0312596875,False,PUT,2026-08-28,GOOGL
GOOGL260828P00345000,345.0,16.05,11.2,14.95,45.0,56.0,0.45120788055419925,False,PUT,2026-08-28,GOOGL
GOOGL260828P00350000,350.0,20.07,18.1,18.1,166.0,133.0,0.47095255615234377,False,PUT,2026-08-28,GOOGL
GOOGL260828P00355000,355.0,23.38,0.0,0.0,31.0,57.0,0.007822421875,False,PUT,2026-08-28,GOOGL
GOOGL260828P00360000,360.0,24.34,18.7,22.85,19.0,39.0,0.46411668701171876,True,PUT,2026-08-28,GOOGL
GOOGL260828P00365000,365.0,29.9,21.55,25.35,15.0,28.0,0.45770805969238293,True,PUT,2026-08-28,GOOGL
GOOGL260828P00370000,370.0,26.1,24.85,28.45,4.0,18.0,0.4602715106201172,True,PUT,2026-08-28,GOOGL
GOOGL260828P00375000,375.0,34.21,28.65,31.85,1.0,20.0,0.46570358520507815,True,PUT,2026-08-28,GOOGL
GOOGL260828P00380000,380.0,22.05,31.8,35.2,2.0,16.0,0.4666801379394532,True,PUT,2026-08-28,GOOGL
GOOGL260828P00390000,390.0,48.53,39.1,43.15,12.0,14.0,0.4876149871826172,True,PUT,2026-08-28,GOOGL
GOOGL260828P00420000,420.0,58.58,65.8,69.9,,4.0,0.512150874633789,True,PUT,2026-08-28,GOOGL
GOOGL260828P00430000,430.0,84.95,75.2,78.9,15.0,19.0,0.5316819293212891,True,PUT,2026-08-28,GOOGL
GOOGL261016C00255000,255.0,96.18,101.2,104.45,1.0,48.0,0.4050352465820312,True,CALL,2026-10-16,GOOGL
GOOGL261016C00260000,260.0,93.0,96.6,99.5,2.0,42.0,0.3890441955566406,True,CALL,2026-10-16,GOOGL
GOOGL261016C00265000,265.0,82.93,91.9,94.85,1.0,25.0,0.39075316284179684,True,CALL,2026-10-16,GOOGL
GOOGL261016C00270000,270.0,82.25,87.25,90.1,1.0,124.0,0.3839172937011719,True,CALL,2026-10-16,GOOGL
GOOGL261016C00275000,275.0,78.0,82.75,85.75,1.0,297.0,0.39258419921875,True,CALL,2026-10-16,GOOGL
GOOGL261016C00280000,280.0,73.25,78.05,81.05,1.0,227.0,0.38318487915039057,True,CALL,2026-10-16,GOOGL
GOOGL261016C00285000,285.0,69.9,73.65,76.7,315.0,295.0,0.38440557006835935,True,CALL,2026-10-16,GOOGL
GOOGL261016C00290000,290.0,63.05,69.45,72.45,4.0,283.0,0.3853821228027343,True,CALL,2026-10-16,GOOGL
GOOGL261016C00295000,295.0,78.8,64.95,67.9,1.0,93.0,0.37525038818359374,True,CALL,2026-10-16,GOOGL
GOOGL261016C00300000,300.0,55.21,60.8,63.25,84.0,642.0,0.36133451171875,True,CALL,2026-10-16,GOOGL
GOOGL261016C00305000,305.0,51.3,56.9,59.9,5.0,200.0,0.37674573455810545,True,CALL,2026-10-16,GOOGL
GOOGL261016C00310000,310.0,47.79,53.15,56.45,13.0,252.0,0.38468022552490233,True,CALL,2026-10-16,GOOGL
GOOGL261016C00315000,315.0,45.08,49.3,52.55,14.0,158.0,0.38031625549316406,True,CALL,2026-10-16,GOOGL
GOOGL261016C00320000,320.0,40.2,45.6,49.05,23.0,282.0,0.3811097045898437,True,CALL,2026-10-16,GOOGL
GOOGL261016C00325000,325.0,37.91,42.35,45.15,25.0,523.0,0.37247331634521486,True,CALL,2026-10-16,GOOGL
GOOGL261016C00330000,330.0,34.0,39.0,41.8,15.0,359.0,0.3712221081542969,True,CALL,2026-10-16,GOOGL
GOOGL261016C00335000,335.0,30.28,35.45,38.6,15.0,427.0,0.36997089996337884,True,CALL,2026-10-16,GOOGL
GOOGL261016C00340000,340.0,28.65,32.6,35.2,54.0,510.0,0.36340968627929693,True,CALL,2026-10-16,GOOGL
GOOGL261016C00345000,345.0,26.4,29.5,32.5,121.0,467.0,0.36521020538330085,True,CALL,2026-10-16,GOOGL
GOOGL261016C00350000,350.0,28.64,27.3,30.4,2.0,1637.0,0.3733430586242676,True,CALL,2026-10-16,GOOGL
GOOGL261016C00355000,355.0,26.44,25.9,25.9,1.0,774.0,0.3446415634155273,True,CALL,2026-10-16,GOOGL
GOOGL261016C00360000,360.0,22.0,0.0,0.0,1.0,1077.0,0.00196310546875,False,CALL,2026-10-16,GOOGL
GOOGL261016C00365000,365.0,17.85,20.75,22.7,48.0,894.0,0.363836928100586,False,CALL,2026-10-16,GOOGL
GOOGL261016C00370000,370.0,16.25,18.05,19.0,436.0,2427.0,0.34027759338378905,False,CALL,2026-10-16,GOOGL
GOOGL261016C00375000,375.0,14.34,16.8,18.9,50.0,564.0,0.36594261993408206,False,CALL,2026-10-16,GOOGL
GOOGL261016C00380000,380.0,13.6,14.95,16.5,65.0,576.0,0.3566348516845703,False,CALL,2026-10-16,GOOGL
GOOGL261016C00385000,385.0,11.55,12.6,15.4,20.0,835.0,0.3643557217407227,False,CALL,2026-10-16,GOOGL
GOOGL261016C00390000,390.0,13.0,12.9,13.25,26.0,1217.0,0.35440709075927723,False,CALL,2026-10-16,GOOGL
GOOGL261016C00395000,395.0,9.09,10.15,12.85,10.0,731.0,0.36948262359619144,False,CALL,2026-10-16,GOOGL
GOOGL261016C00400000,400.0,9.25,9.5,11.0,2.0,2091.0,0.36014433807373036,False,CALL,2026-10-16,GOOGL
GOOGL261016C00405000,405.0,7.29,8.5,10.0,73.0,485.0,0.36261623718261715,False,CALL,2026-10-16,GOOGL
GOOGL261016C00410000,410.0,6.58,7.6,9.15,123.0,1879.0,0.3660952062988281,False,CALL,2026-10-16,GOOGL
GOOGL261016C00415000,415.0,5.95,6.8,8.1,38.0,379.0,0.3645083081054688,False,CALL,2026-10-16,GOOGL
GOOGL261016C00420000,420.0,5.2,6.65,7.4,43.0,6161.0,0.3677736563110352,False,CALL,2026-10-16,GOOGL
GOOGL261016C00425000,425.0,4.54,5.2,6.7,25.0,470.0,0.36972676177978514,False,CALL,2026-10-16,GOOGL
GOOGL261016C00430000,430.0,4.0,4.45,5.5,5030.0,3258.0,0.3594424407958984,False,CALL,2026-10-16,GOOGL
GOOGL261016C00435000,435.0,3.66,4.05,5.4,11.0,401.0,0.3715883154296875,False,CALL,2026-10-16,GOOGL
GOOGL261016C00440000,440.0,3.1,3.7,4.9,285.0,981.0,0.3738465936279296,False,CALL,2026-10-16,GOOGL
GOOGL261016C00445000,445.0,2.7,3.25,4.45,28.0,290.0,0.3761964236450196,False,CALL,2026-10-16,GOOGL
GOOGL261016C00450000,450.0,2.57,2.64,3.7,1055.0,3562.0,0.3692079681396484,False,CALL,2026-10-16,GOOGL
GOOGL261016C00460000,460.0,2.11,2.15,3.2,980.0,6776.0,0.3788514263916015,False,CALL,2026-10-16,GOOGL
GOOGL261016P00255000,255.0,1.64,1.16,1.77,12.0,741.0,0.4470270141601562,False,PUT,2026-10-16,GOOGL
GOOGL261016P00260000,260.0,1.95,1.1,1.81,29.0,556.0,0.4282283740234375,False,PUT,2026-10-16,GOOGL
GOOGL261016P00265000,265.0,2.31,0.0,0.0,10.0,1737.0,0.12500875,False,PUT,2026-10-16,GOOGL
GOOGL261016P00270000,270.0,2.8,2.02,2.38,38.0,2006.0,0.41309180664062495,False,PUT,2026-10-16,GOOGL
GOOGL261016P00275000,275.0,3.3,2.03,2.83,62.0,1391.0,0.4097349066162109,False,PUT,2026-10-16,GOOGL
GOOGL261016P00280000,280.0,3.65,2.87,3.3,846.0,1477.0,0.4048521429443359,False,PUT,2026-10-16,GOOGL
GOOGL261016P00285000,285.0,3.64,3.4,3.9,23.0,2756.0,0.40210558837890625,False,PUT,2026-10-16,GOOGL
GOOGL261016P00290000,290.0,4.25,4.0,4.25,5.0,2249.0,0.3898376446533204,False,PUT,2026-10-16,GOOGL
GOOGL261016P00295000,295.0,6.19,4.65,5.25,43.0,1456.0,0.39386592468261716,False,PUT,2026-10-16,GOOGL
GOOGL261016P00300000,300.0,5.62,5.5,6.5,2.0,2230.0,0.4003355865478516,False,PUT,2026-10-16,GOOGL
GOOGL261016P00305000,305.0,8.17,0.0,0.0,18.0,600.0,0.062509375,False,PUT,2026-10-16,GOOGL
GOOGL261016P00310000,310.0,9.37,7.35,8.75,65.0,2541.0,0.3979247219848633,False,PUT,2026-10-16,GOOGL
GOOGL261016P00315000,315.0,11.28,8.55,10.15,24.0,913.0,0.3984129983520508,False,PUT,2026-10-16,GOOGL
GOOGL261016P00320000,320.0,12.75,0.0,0.0,787.0,3131.0,0.062509375,False,PUT,2026-10-16,GOOGL
GOOGL261016P00325000,325.0,14.5,11.45,13.1,267.0,1302.0,0.3947204083251954,False,PUT,2026-10-16,GOOGL
GOOGL261016P00330000,330.0,16.0,12.75,14.4,496.0,2735.0,0.3867859173583984,False,PUT,2026-10-16,GOOGL
GOOGL261016P00335000,335.0,18.01,13.8,16.6,68.0,462.0,0.3912109219360351,False,PUT,2026-10-16,GOOGL
GOOGL261016P00340000,340.0,20.21,0.0,0.0,63.0,2004.0,0.0312596875,False,PUT,2026-10-16,GOOGL
GOOGL261016P00345000,345.0,19.22,17.7,21.1,1.0,768.0,0.3941405801391602,False,PUT,2026-10-16,GOOGL
GOOGL261016P00350000,350.0,25.75,20.2,23.1,31.0,1582.0,0.38861695373535154,False,PUT,2026-10-16,GOOGL
GOOGL261016P00355000,355.0,28.95,22.25,25.9,26.0,620.0,0.39264523376464844,False,PUT,2026-10-16,GOOGL
GOOGL261016P00360000,360.0,31.95,24.9,28.45,13.0,563.0,0.3909667837524414,True,PUT,2026-10-16,GOOGL
GOOGL261016P00365000,365.0,34.74,28.2,31.4,2.0,721.0,0.3929504064941406,True,PUT,2026-10-16,GOOGL
GOOGL261016P00370000,370.0,33.52,30.8,34.25,128.0,455.0,0.3915466119384765,True,PUT,2026-10-16,GOOGL
GOOGL261016P00375000,375.0,35.37,34.25,37.5,1.0,301.0,0.3939269592285156,True,PUT,2026-10-16,GOOGL
GOOGL261016P00380000,380.0,45.05,37.15,40.6,3.0,1448.0,0.39230954376220706,True,PUT,2026-10-16,GOOGL
GOOGL261016P00385000,385.0,41.7,40.65,44.05,2.0,162.0,0.39395747650146484,True,PUT,2026-10-16,GOOGL
GOOGL261016P00390000,390.0,52.86,44.25,47.65,23.0,307.0,0.3961242028808594,True,PUT,2026-10-16,GOOGL
GOOGL261016P00395000,395.0,39.75,47.95,51.35,11.0,248.0,0.3981688601684571,True,PUT,2026-10-16,GOOGL
GOOGL261016P00400000,400.0,58.99,52.3,55.05,4.0,1672.0,0.3986266192626954,True,PUT,2026-10-16,GOOGL
GOOGL261016P00405000,405.0,64.5,55.85,59.2,2.0,395.0,0.40476059112548823,True,PUT,2026-10-16,GOOGL
GOOGL261016P00410000,410.0,69.14,59.65,63.25,5.0,64.0,0.40799542205810546,True,PUT,2026-10-16,GOOGL
GOOGL261016P00415000,415.0,52.22,64.2,67.5,1.0,57.0,0.4133359448242187,True,PUT,2026-10-16,GOOGL
GOOGL261016P00420000,420.0,69.4,68.35,71.7,50.0,140.0,0.41666232757568356,True,PUT,2026-10-16,GOOGL
GOOGL261016P00425000,425.0,82.52,72.9,76.05,1.0,31.0,0.4215756085205078,True,PUT,2026-10-16,GOOGL
GOOGL261016P00430000,430.0,64.1,77.05,80.5,10.0,36.0,0.42731285583496104,True,PUT,2026-10-16,GOOGL
GOOGL261016P00435000,435.0,68.45,81.95,85.3,10.0,42.0,0.43897045410156255,True,PUT,2026-10-16,GOOGL
GOOGL261016P00440000,440.0,98.64,86.55,89.65,2.0,36.0,0.44116769775390624,True,PUT,2026-10-16,GOOGL
GOOGL261016P00445000,445.0,76.6,91.25,94.25,10.0,10.0,0.4474847732543945,True,PUT,2026-10-16,GOOGL
GOOGL261016P00450000,450.0,80.9,95.8,99.05,20.0,15.0,0.4573418524169922,True,PUT,2026-10-16,GOOGL
GOOGL261016P00460000,460.0,89.8,105.15,108.6,20.0,128.0,0.47461462890625,True,PUT,2026-10-16,GOOGL
GOOGL270617C00255000,255.0,110.5,116.5,119.9,5.0,316.0,0.4585930606079103,True,CALL,2027-06-17,GOOGL
GOOGL270617C00260000,260.0,106.53,111.05,114.85,5.0,594.0,0.4408014904785156,True,CALL,2027-06-17,GOOGL
GOOGL270617C00265000,265.0,123.5,107.1,111.75,2.0,211.0,0.44540959869384766,True,CALL,2027-06-17,GOOGL
GOOGL270617C00270000,270.0,98.8,103.5,108.05,8.0,1047.0,0.44232735412597657,True,CALL,2027-06-17,GOOGL
GOOGL270617C00275000,275.0,95.78,99.25,104.75,2.0,241.0,0.4428308891296387,True,CALL,2027-06-17,GOOGL
GOOGL270617C00280000,280.0,92.5,96.45,100.25,9.0,556.0,0.4303798417663575,True,CALL,2027-06-17,GOOGL
GOOGL270617C00285000,285.0,88.45,92.2,96.8,14.0,506.0,0.4282283740234375,True,CALL,2027-06-17,GOOGL
GOOGL270617C00290000,290.0,87.11,87.8,94.4,601.0,1089.0,0.43541519180297855,True,CALL,2027-06-17,GOOGL
GOOGL270617C00295000,295.0,81.35,84.7,91.1,8.0,1980.0,0.43315691360473635,True,CALL,2027-06-17,GOOGL
GOOGL270617C00300000,300.0,80.0,81.5,87.2,645.0,3957.0,0.4249172499084473,True,CALL,2027-06-17,GOOGL
GOOGL270617C00305000,305.0,75.5,79.55,84.05,6.0,1049.0,0.42296414443969726,True,CALL,2027-06-17,GOOGL
GOOGL270617C00310000,310.0,72.0,76.6,81.2,27.0,452.0,0.4229946617126465,True,CALL,2027-06-17,GOOGL
GOOGL270617C00315000,315.0,69.95,72.6,78.85,124.0,343.0,0.4265651826477051,True,CALL,2027-06-17,GOOGL
GOOGL270617C00320000,320.0,66.92,71.05,75.7,68.0,750.0,0.4227810408020019,True,CALL,2027-06-17,GOOGL
GOOGL270617C00325000,325.0,65.4,67.8,72.9,12.0,220.0,0.4213314703369141,True,CALL,2027-06-17,GOOGL
GOOGL270617C00330000,330.0,62.65,63.45,70.2,50.0,1846.0,0.42012603805542,True,CALL,2027-06-17,GOOGL
GOOGL270617C00335000,335.0,59.15,62.4,67.55,3.0,353.0,0.418752760772705,True,CALL,2027-06-17,GOOGL
GOOGL270617C00340000,340.0,58.2,59.85,64.45,19.0,1613.0,0.4133664620971679,True,CALL,2027-06-17,GOOGL
GOOGL270617C00345000,345.0,55.0,56.6,61.55,207.0,571.0,0.40906352661132805,True,CALL,2027-06-17,GOOGL
GOOGL270617C00350000,350.0,52.9,53.9,58.25,152.0,2826.0,0.4012816220092773,True,CALL,2027-06-17,GOOGL
GOOGL270617C00355000,355.0,49.7,51.7,56.95,6.0,375.0,0.40810223251342775,True,CALL,2027-06-17,GOOGL
GOOGL270617C00360000,360.0,47.3,49.6,54.7,133.0,2441.0,0.4072019729614258,False,CALL,2027-06-17,GOOGL
GOOGL270617C00365000,365.0,46.87,46.7,52.55,6.0,1530.0,0.4065305929565429,False,CALL,2027-06-17,GOOGL
GOOGL270617C00370000,370.0,43.0,44.65,50.5,26.0,1522.0,0.40610335113525386,False,CALL,2027-06-17,GOOGL
GOOGL270617C00375000,375.0,41.79,42.65,48.5,32.0,366.0,0.4055540402221679,False,CALL,2027-06-17,GOOGL
GOOGL270617C00380000,380.0,40.0,42.1,46.55,12.0,2006.0,0.40489791885375975,False,CALL,2027-06-17,GOOGL
GOOGL270617C00385000,385.0,39.2,38.85,44.7,1.0,524.0,0.40451645294189453,False,CALL,2027-06-17,GOOGL
GOOGL270617C00390000,390.0,37.34,38.4,42.9,4.0,547.0,0.404028176574707,False,CALL,2027-06-17,GOOGL
GOOGL270617C00395000,395.0,35.77,36.65,41.2,4.0,440.0,0.4038374436187745,False,CALL,2027-06-17,GOOGL
GOOGL270617C00400000,400.0,37.15,0.0,0.0,1.0,2667.0,0.0312596875,False,CALL,2027-06-17,GOOGL
GOOGL270617C00405000,405.0,32.44,32.1,38.0,16.0,372.0,0.4036161933898926,False,CALL,2027-06-17,GOOGL
GOOGL270617C00410000,410.0,29.5,31.15,36.45,3.0,625.0,0.40324998611450197,False,CALL,2027-06-17,GOOGL
GOOGL270617C00415000,415.0,30.8,29.0,35.0,4.0,233.0,0.40321946884155274,False,CALL,2027-06-17,GOOGL
GOOGL270617C00420000,420.0,28.8,28.85,32.6,6.0,1120.0,0.3956511851501466,False,CALL,2027-06-17,GOOGL
GOOGL270617C00425000,425.0,27.53,28.35,32.15,9.0,1866.0,0.4023344679260254,False,CALL,2027-06-17,GOOGL
GOOGL270617C00430000,430.0,25.5,25.1,30.95,1.0,605.0,0.4030211065673829,False,CALL,2027-06-17,GOOGL
GOOGL270617C00435000,435.0,25.2,25.8,29.65,101.0,519.0,0.40257860610961915,False,CALL,2027-06-17,GOOGL
GOOGL270617C00440000,440.0,23.55,24.65,28.25,294.0,1262.0,0.40097644927978515,False,CALL,2027-06-17,GOOGL
GOOGL270617C00445000,445.0,21.27,23.5,27.1,5.0,456.0,0.40096119064331054,False,CALL,2027-06-17,GOOGL
GOOGL270617C00450000,450.0,20.73,22.4,25.0,39.0,3561.0,0.39304195831298827,False,CALL,2027-06-17,GOOGL
GOOGL270617C00455000,455.0,21.1,21.4,24.85,1.0,1274.0,0.40027455200195317,False,CALL,2027-06-17,GOOGL
GOOGL270617C00460000,460.0,20.0,18.55,24.2,69.0,893.0,0.4032805033874512,False,CALL,2027-06-17,GOOGL
GOOGL270617C00465000,465.0,18.5,19.45,22.85,2.0,2138.0,0.40025929336547855,False,CALL,2027-06-17,GOOGL
GOOGL270617P00255000,255.0,7.56,7.85,10.65,8.0,1088.0,0.3868774691772461,False,PUT,2027-06-17,GOOGL
GOOGL270617P00260000,260.0,9.1,8.7,11.7,1.0,819.0,0.38506169143676755,False,PUT,2027-06-17,GOOGL
GOOGL270617P00265000,265.0,8.78,9.75,12.8,1.0,336.0,0.38303229278564455,False,PUT,2027-06-17,GOOGL
GOOGL270617P00270000,270.0,13.75,10.65,13.95,6.0,836.0,0.3808197904968262,False,PUT,2027-06-17,GOOGL
GOOGL270617P00275000,275.0,14.7,11.9,15.15,29.0,525.0,0.37842418457031246,False,PUT,2027-06-17,GOOGL
GOOGL270617P00280000,280.0,16.45,13.05,16.55,546.0,3536.0,0.3774323731994628,False,PUT,2027-06-17,GOOGL
GOOGL270617P00285000,285.0,17.95,14.3,17.95,1.0,357.0,0.375631854095459,False,PUT,2027-06-17,GOOGL
GOOGL270617P00290000,290.0,19.15,15.75,19.45,9.0,1473.0,0.3740907318115234,False,PUT,2027-06-17,GOOGL
GOOGL270617P00295000,295.0,20.78,17.2,20.95,1.0,863.0,0.37183245361328127,False,PUT,2027-06-17,GOOGL
GOOGL270617P00300000,300.0,22.78,18.75,22.6,36.0,6014.0,0.3702760726928711,False,PUT,2027-06-17,GOOGL
GOOGL270617P00305000,305.0,24.55,20.85,25.1,13.0,482.0,0.3756165954589844,False,PUT,2027-06-17,GOOGL
GOOGL270617P00310000,310.0,26.25,22.15,25.7,5.0,1574.0,0.3633639103698731,False,PUT,2027-06-17,GOOGL
GOOGL270617P00315000,315.0,28.4,23.6,28.9,4.0,303.0,0.37305314453125,False,PUT,2027-06-17,GOOGL
GOOGL270617P00320000,320.0,30.53,25.55,31.7,453.0,3674.0,0.3782258222961425,False,PUT,2027-06-17,GOOGL
GOOGL270617P00325000,325.0,32.85,27.65,33.85,100.0,1487.0,0.37720349365234374,False,PUT,2027-06-17,GOOGL
GOOGL270617P00330000,330.0,34.46,30.1,34.05,1.0,1432.0,0.36002226898193357,False,PUT,2027-06-17,GOOGL
GOOGL270617P00335000,335.0,37.54,32.35,36.3,5.0,803.0,0.35881683670043946,False,PUT,2027-06-17,GOOGL
GOOGL270617P00340000,340.0,40.0,36.05,38.35,12.0,2726.0,0.3554294194030761,False,PUT,2027-06-17,GOOGL
GOOGL270617P00345000,345.0,42.1,36.85,42.2,13.0,947.0,0.36519494674682623,False,PUT,2027-06-17,GOOGL
GOOGL270617P00350000,350.0,44.91,40.15,42.45,25.0,2019.0,0.3469761347961425,False,PUT,2027-06-17,GOOGL
GOOGL270617P00355000,355.0,47.5,43.0,47.3,2.0,1309.0,0.36282985809326174,False,PUT,2027-06-17,GOOGL
GOOGL270617P00360000,360.0,50.6,44.75,48.55,5.0,2267.0,0.3511570011901855,True,PUT,2027-06-17,GOOGL
GOOGL270617P00365000,365.0,52.45,47.45,52.8,2.0,666.0,0.36113614944458,True,PUT,2027-06-17,GOOGL
GOOGL270617P00370000,370.0,55.55,50.35,56.35,3.0,1204.0,0.365317015838623,True,PUT,2027-06-17,GOOGL
GOOGL270617P00375000,375.0,59.35,53.25,58.6,8.0,285.0,0.3593966648864746,True,PUT,2027-06-17,GOOGL
GOOGL270617P00380000,380.0,62.4,56.2,59.85,100.0,1201.0,0.34563337478637696,True,PUT,2027-06-17,GOOGL
GOOGL270617P00385000,385.0,60.97,59.4,64.0,1.0,478.0,0.3525760543823242,True,PUT,2027-06-17,GOOGL
GOOGL270617P00390000,390.0,69.98,62.4,65.95,4.0,313.0,0.3428486736297607,True,PUT,2027-06-17,GOOGL
GOOGL270617P00395000,395.0,66.1,64.75,72.6,1.0,145.0,0.3671785694885254,True,PUT,2027-06-17,GOOGL
GOOGL270617P00400000,400.0,74.9,68.85,73.3,14.0,882.0,0.34717449707031245,True,PUT,2027-06-17,GOOGL
GOOGL270617P00405000,405.0,77.77,71.5,79.3,25.0,31.0,0.36592736129760745,True,PUT,2027-06-17,GOOGL
GOOGL270617P00410000,410.0,67.83,75.0,82.2,1.0,224.0,0.3612277012634277,True,PUT,2027-06-17,GOOGL
GOOGL270617P00415000,415.0,81.8,79.3,82.75,20.0,23.0,0.33814138427734375,True,PUT,2027-06-17,GOOGL
GOOGL270617P00420000,420.0,86.2,82.8,87.3,32.0,45.0,0.3448246670532227,True,PUT,2027-06-17,GOOGL
GOOGL270617P00425000,425.0,84.5,85.85,91.25,32.0,53.0,0.3465336343383788,True,PUT,2027-06-17,GOOGL
GOOGL270617P00430000,430.0,96.9,89.75,97.25,6.0,78.0,0.3638827040100098,True,PUT,2027-06-17,GOOGL
GOOGL270617P00435000,435.0,72.35,89.5,93.5,2.0,4.0,0.30263453720092776,True,PUT,2027-06-17,GOOGL
GOOGL270617P00440000,440.0,98.62,97.4,104.9,2.0,9.0,0.3637148590087891,True,PUT,2027-06-17,GOOGL
GOOGL270617P00445000,445.0,98.1,0.0,0.0,3.0,0.0,1.0000000000000003e-05,True,PUT,2027-06-17,GOOGL
GOOGL270617P00450000,450.0,88.72,0.0,0.0,1.0,0.0,1.0000000000000003e-05,True,PUT,2027-06-17,GOOGL
GOOGL270617P00455000,455.0,93.5,99.15,100.8,1.0,70.0,0.2067950415039062,True,PUT,2027-06-17,GOOGL
GOOGL270617P00460000,460.0,97.3,108.5,113.0,2.0,1.0,0.29349461395263665,True,PUT,2027-06-17,GOOGL
GOOGL270617P00465000,465.0,100.0,107.4,108.9,1.0,2.0,0.18976640319824223,True,PUT,2027-06-17,GOOGL
GOOGL270917C00255000,255.0,116.1,122.0,126.5,1.0,3.0,0.473012472076416,True,CALL,2027-09-17,GOOGL
GOOGL270917C00260000,260.0,111.3,118.0,122.5,11.0,30.0,0.46594772338867196,True,CALL,2027-09-17,GOOGL
GOOGL270917C00265000,265.0,110.76,114.5,119.0,1.0,26.0,0.46333849655151366,True,CALL,2027-09-17,GOOGL
GOOGL270917C00270000,270.0,105.8,110.95,115.0,4.0,88.0,0.45570917831420904,True,CALL,2027-09-17,GOOGL
GOOGL270917C00275000,275.0,103.0,107.5,112.0,4.0,29.0,0.4567162483215333,True,CALL,2027-09-17,GOOGL
GOOGL270917C00280000,280.0,97.75,104.0,108.5,1.0,40.0,0.4527642614746094,True,CALL,2027-09-17,GOOGL
GOOGL270917C00285000,285.0,117.55,100.5,105.5,2.0,10.0,0.45261167510986333,True,CALL,2027-09-17,GOOGL
GOOGL270917C00290000,290.0,94.2,97.5,102.0,1.0,28.0,0.4478204632568359,True,CALL,2027-09-17,GOOGL
GOOGL270917C00295000,295.0,91.0,94.0,99.0,3.0,16.0,0.44669132415771484,True,CALL,2027-09-17,GOOGL
GOOGL270917C00300000,300.0,86.2,91.0,95.5,22.0,148.0,0.4411524391174316,True,CALL,2027-09-17,GOOGL
GOOGL270917C00305000,305.0,92.0,87.75,92.5,1.0,17.0,0.4391535577392578,True,CALL,2027-09-17,GOOGL
GOOGL270917C00310000,310.0,81.85,85.0,90.0,1.0,14.0,0.4404658004760742,True,CALL,2027-09-17,GOOGL
GOOGL270917C00315000,315.0,88.13,82.0,86.5,7.0,12.0,0.4338435522460938,True,CALL,2027-09-17,GOOGL
GOOGL270917C00320000,320.0,76.0,79.0,83.5,12.0,47.0,0.430593462677002,True,CALL,2027-09-17,GOOGL
GOOGL270917C00325000,325.0,92.5,76.5,81.5,5.0,25.0,0.43411820770263676,True,CALL,2027-09-17,GOOGL
GOOGL270917C00330000,330.0,71.68,74.0,78.5,46.0,142.0,0.4300288931274414,True,CALL,2027-09-17,GOOGL
GOOGL270917C00335000,335.0,68.75,71.5,76.0,1.0,24.0,0.429067599029541,True,CALL,2027-09-17,GOOGL
GOOGL270917C00340000,340.0,65.42,69.0,73.5,2.0,124.0,0.4277019510650636,True,CALL,2027-09-17,GOOGL
GOOGL270917C00345000,345.0,62.63,66.5,71.0,29.0,47.0,0.42592431991577157,True,CALL,2027-09-17,GOOGL
GOOGL270917C00350000,350.0,60.99,64.0,69.0,3.0,175.0,0.4271450108337403,True,CALL,2027-09-17,GOOGL
GOOGL270917C00355000,355.0,58.7,62.0,66.5,2.0,606.0,0.4245815599060059,True,CALL,2027-09-17,GOOGL
GOOGL270917C00360000,360.0,57.65,59.5,64.0,6.0,80.0,0.4216671603393555,False,CALL,2027-09-17,GOOGL
GOOGL270917C00365000,365.0,55.15,57.0,62.0,5.0,73.0,0.4216976776123047,False,CALL,2027-09-17,GOOGL
GOOGL270917C00370000,370.0,53.1,54.65,57.0,4.0,278.0,0.40169360519409175,False,CALL,2027-09-17,GOOGL
GOOGL270917C00375000,375.0,54.85,0.0,0.0,1.0,90.0,0.007822421875,False,CALL,2027-09-17,GOOGL
GOOGL270917C00380000,380.0,47.95,51.0,56.0,8.0,161.0,0.4195614685058594,False,CALL,2027-09-17,GOOGL
GOOGL270917C00385000,385.0,53.45,49.5,54.45,3.0,166.0,0.42106444419860845,False,CALL,2027-09-17,GOOGL
GOOGL270917C00390000,390.0,44.63,47.5,52.0,12.0,128.0,0.41638004280090324,False,CALL,2027-09-17,GOOGL
GOOGL270917C00395000,395.0,42.96,45.5,51.15,10.0,49.0,0.4217358242034912,False,CALL,2027-09-17,GOOGL
GOOGL270917C00400000,400.0,41.25,44.0,48.5,71.0,350.0,0.41509831733703617,False,CALL,2027-09-17,GOOGL
GOOGL270917C00405000,405.0,39.39,42.5,47.0,8.0,100.0,0.41559422302246096,False,CALL,2027-09-17,GOOGL
GOOGL270917C00410000,410.0,38.6,40.5,45.0,4.0,84.0,0.41251197845458976,False,CALL,2027-09-17,GOOGL
GOOGL270917C00415000,415.0,48.0,38.95,43.5,1.0,106.0,0.41237465072631835,False,CALL,2027-09-17,GOOGL
GOOGL270917C00420000,420.0,37.6,37.5,42.0,2.0,124.0,0.4119321502685547,False,CALL,2027-09-17,GOOGL
GOOGL270917C00425000,425.0,42.43,36.0,41.55,8.0,142.0,0.41806612213134764,False,CALL,2027-09-17,GOOGL
GOOGL270917C00430000,430.0,33.69,35.0,39.5,2.0,233.0,0.41344275527954094,False,CALL,2027-09-17,GOOGL
GOOGL270917C00435000,435.0,33.5,33.5,38.0,2.0,43.0,0.4121305125427246,False,CALL,2027-09-17,GOOGL
GOOGL270917C00440000,440.0,30.89,32.0,36.5,3.0,191.0,0.410513097076416,False,CALL,2027-09-17,GOOGL
GOOGL270917C00445000,445.0,30.45,30.7,36.15,1.0,44.0,0.4163266375732422,False,CALL,2027-09-17,GOOGL
GOOGL270917C00450000,450.0,29.55,30.0,34.5,4.0,497.0,0.41317572914123535,False,CALL,2027-09-17,GOOGL
GOOGL270917C00455000,455.0,26.84,28.5,33.0,1.0,47.0,0.4107419766235352,False,CALL,2027-09-17,GOOGL
GOOGL270917C00460000,460.0,25.89,27.5,32.0,24.0,140.0,0.41144387390136716,False,CALL,2027-09-17,GOOGL
GOOGL270917C00465000,465.0,24.99,26.5,31.0,1.0,77.0,0.41190163299560545,False,CALL,2027-09-17,GOOGL
GOOGL270917P00255000,255.0,11.98,10.05,15.0,24.0,96.0,0.3919891123962402,False,PUT,2027-09-17,GOOGL
GOOGL270917P00260000,260.0,11.5,11.0,15.9,1.0,195.0,0.38658755508422843,False,PUT,2027-09-17,GOOGL
GOOGL270917P00265000,265.0,13.75,12.5,16.95,3.0,14.0,0.38233039550781245,False,PUT,2027-09-17,GOOGL
GOOGL270917P00270000,270.0,17.1,13.65,16.85,77.0,158.0,0.36638512039184573,False,PUT,2027-09-17,GOOGL
GOOGL270917P00275000,275.0,18.55,15.0,19.45,1.0,79.0,0.37628797546386716,False,PUT,2027-09-17,GOOGL
GOOGL270917P00280000,280.0,17.5,16.0,21.0,6.0,44.0,0.37520461227416996,False,PUT,2027-09-17,GOOGL
GOOGL270917P00285000,285.0,18.95,18.0,22.5,2.0,284.0,0.37305314453125,False,PUT,2027-09-17,GOOGL
GOOGL270917P00290000,290.0,23.0,19.5,24.0,4.0,339.0,0.37036762451171873,False,PUT,2027-09-17,GOOGL
GOOGL270917P00295000,295.0,23.19,21.0,25.5,3.0,18.0,0.36714805221557617,False,PUT,2027-09-17,GOOGL
GOOGL270917P00300000,300.0,26.57,23.0,27.25,12.0,649.0,0.36546960220336916,False,PUT,2027-09-17,GOOGL
GOOGL270917P00305000,305.0,29.4,0.0,0.0,4.0,116.0,0.0312596875,False,PUT,2027-09-17,GOOGL
GOOGL270917P00310000,310.0,23.75,26.0,31.0,1.0,29.0,0.3624026162719727,False,PUT,2027-09-17,GOOGL
GOOGL270917P00315000,315.0,29.1,28.0,33.0,250.0,315.0,0.3610140803527832,False,PUT,2027-09-17,GOOGL
GOOGL270917P00320000,320.0,31.7,30.5,35.0,1.0,139.0,0.35907623352050777,False,PUT,2027-09-17,GOOGL
GOOGL270917P00325000,325.0,37.56,0.0,0.0,1.0,158.0,0.015634843750000002,False,PUT,2027-09-17,GOOGL
GOOGL270917P00330000,330.0,39.77,0.0,0.0,1.0,130.0,0.015634843750000002,False,PUT,2027-09-17,GOOGL
GOOGL270917P00335000,335.0,33.4,37.0,41.5,11.0,13.0,0.3538577798461914,False,PUT,2027-09-17,GOOGL
GOOGL270917P00340000,340.0,45.27,39.5,44.0,3.0,86.0,0.3534305380249023,False,PUT,2027-09-17,GOOGL
GOOGL270917P00345000,345.0,47.14,42.0,46.0,2.0,68.0,0.3491123439025879,False,PUT,2027-09-17,GOOGL
GOOGL270917P00350000,350.0,49.56,44.5,48.5,1.0,54.0,0.3477238079833984,False,PUT,2027-09-17,GOOGL
GOOGL270917P00355000,355.0,43.09,47.0,51.5,1.0,15.0,0.34917337844848634,False,PUT,2027-09-17,GOOGL
GOOGL270917P00360000,360.0,55.92,0.0,0.0,3.0,223.0,1.0000000000000003e-05,True,PUT,2027-09-17,GOOGL
GOOGL270917P00365000,365.0,53.58,52.5,56.5,1.0,11.0,0.3440464765930175,True,PUT,2027-09-17,GOOGL
GOOGL270917P00370000,370.0,51.3,0.0,0.0,2.0,208.0,1.0000000000000003e-05,True,PUT,2027-09-17,GOOGL
GOOGL270917P00375000,375.0,64.95,58.0,62.5,1.0,10.0,0.3436497520446777,True,PUT,2027-09-17,GOOGL
GOOGL270917P00380000,380.0,62.65,61.0,65.5,20.0,112.0,0.34278763908386223,True,PUT,2027-09-17,GOOGL
GOOGL270917P00385000,385.0,62.25,55.5,60.5,2.0,12.0,0.2896189202880859,True,PUT,2027-09-17,GOOGL
GOOGL270917P00390000,390.0,66.4,0.0,0.0,2.0,7.0,1.0000000000000003e-05,True,PUT,2027-09-17,GOOGL
GOOGL270917P00395000,395.0,68.3,0.0,0.0,20.0,24.0,1.0000000000000003e-05,True,PUT,2027-09-17,GOOGL
GOOGL270917P00400000,400.0,68.5,65.05,69.0,10.0,153.0,0.27922778884887695,True,PUT,2027-09-17,GOOGL
GOOGL270917P00405000,405.0,68.6,77.0,81.0,1.0,12.0,0.3353490538024902,True,PUT,2027-09-17,GOOGL
GOOGL270917P00420000,420.0,67.56,79.45,81.75,,12.0,0.2672192419433594,True,PUT,2027-09-17,GOOGL
GOOGL270917P00425000,425.0,88.54,0.0,0.0,2.0,3.0,1.0000000000000003e-05,True,PUT,2027-09-17,GOOGL
GOOGL270917P00430000,430.0,92.45,94.5,98.5,,32.0,0.3309850837707519,True,PUT,2027-09-17,GOOGL
GOOGL270917P00435000,435.0,95.8,97.5,102.0,33.0,33.0,0.3289556851196288,True,PUT,2027-09-17,GOOGL
GOOGL270917P00440000,440.0,102.44,0.0,0.0,,0.0,1.0000000000000003e-05,True,PUT,2027-09-17,GOOGL
GOOGL270917P00450000,450.0,123.5,109.45,114.0,,1.0,0.33122922195434573,True,PUT,2027-09-17,GOOGL
GOOGL270917P00455000,455.0,103.36,113.5,118.0,,20.0,0.33136654968261714,True,PUT,2027-09-17,GOOGL
GOOGL270917P00460000,460.0,109.07,0.0,0.0,1.0,0.0,1.0000000000000003e-05,True,PUT,2027-09-17,GOOGL
GOOGL270917P00465000,465.0,111.01,121.0,125.85,3.0,4.0,0.3295660305786132,True,PUT,2027-09-17,GOOGL
GOOGL280121C00255000,255.0,145.7,129.0,133.5,52.0,235.0,0.475041870727539,True,CALL,2028-01-21,GOOGL
GOOGL280121C00260000,260.0,142.3,125.5,130.0,33.0,432.0,0.471334022064209,True,CALL,2028-01-21,GOOGL
GOOGL280121C00265000,265.0,115.1,122.0,126.5,1.0,151.0,0.4673057420349121,True,CALL,2028-01-21,GOOGL
GOOGL280121C00270000,270.0,114.0,118.5,123.0,4.0,3499.0,0.4630028065490723,True,CALL,2028-01-21,GOOGL
GOOGL280121C00275000,275.0,109.7,116.0,120.0,6.0,145.0,0.462194098815918,True,CALL,2028-01-21,GOOGL
GOOGL280121C00280000,280.0,108.05,0.0,0.0,2.0,695.0,1.0000000000000003e-05,True,CALL,2028-01-21,GOOGL
GOOGL280121C00285000,285.0,106.3,109.5,113.5,1.0,386.0,0.45572443695068365,True,CALL,2028-01-21,GOOGL
GOOGL280121C00290000,290.0,98.57,106.45,110.55,2.0,428.0,0.45416805603027344,True,CALL,2028-01-21,GOOGL
GOOGL280121C00295000,295.0,99.66,98.45,107.75,10.0,213.0,0.4532677964782715,True,CALL,2028-01-21,GOOGL
GOOGL280121C00300000,300.0,95.28,100.5,104.5,16.0,1935.0,0.44894960235595704,True,CALL,2028-01-21,GOOGL
GOOGL280121C00305000,305.0,91.9,97.5,102.5,1.0,458.0,0.45272611488342296,True,CALL,2028-01-21,GOOGL
GOOGL280121C00310000,310.0,94.56,0.0,0.0,2.0,345.0,1.0000000000000003e-05,True,CALL,2028-01-21,GOOGL
GOOGL280121C00315000,315.0,94.35,0.0,0.0,9.0,144.0,1.0000000000000003e-05,True,CALL,2028-01-21,GOOGL
GOOGL280121C00320000,320.0,91.34,88.95,93.5,6.0,955.0,0.4419764054870606,True,CALL,2028-01-21,GOOGL
GOOGL280121C00325000,325.0,102.75,87.0,91.0,6.0,264.0,0.4410303700256348,True,CALL,2028-01-21,GOOGL
GOOGL280121C00330000,330.0,80.05,0.0,0.0,6.0,1228.0,1.0000000000000003e-05,True,CALL,2028-01-21,GOOGL
GOOGL280121C00335000,335.0,78.05,82.0,86.0,3.0,469.0,0.43815411705017093,True,CALL,2028-01-21,GOOGL
GOOGL280121C00340000,340.0,75.0,79.5,83.5,6.0,457.0,0.4362696754455566,True,CALL,2028-01-21,GOOGL
GOOGL280121C00345000,345.0,74.48,0.0,0.0,4.0,256.0,1.0000000000000003e-05,True,CALL,2028-01-21,GOOGL
GOOGL280121C00350000,350.0,72.68,0.0,0.0,81.0,1145.0,1.0000000000000003e-05,True,CALL,2028-01-21,GOOGL
GOOGL280121C00355000,355.0,68.5,0.0,0.0,1.0,475.0,1.0000000000000003e-05,True,CALL,2028-01-21,GOOGL
GOOGL280121C00360000,360.0,67.55,70.5,74.5,3.0,359.0,0.4317988949584961,False,CALL,2028-01-21,GOOGL
GOOGL280121C00365000,365.0,70.41,67.5,72.5,9.0,180.0,0.4314479463195801,False,CALL,2028-01-21,GOOGL
GOOGL280121C00370000,370.0,62.81,66.0,70.5,72.0,4268.0,0.43079945426940924,False,CALL,2028-01-21,GOOGL
GOOGL280121C00375000,375.0,62.0,0.0,0.0,1.0,400.0,0.007822421875,False,CALL,2028-01-21,GOOGL
GOOGL280121C00380000,380.0,59.0,0.0,0.0,1.0,2605.0,0.007822421875,False,CALL,2028-01-21,GOOGL
GOOGL280121C00385000,385.0,73.48,60.0,64.5,4.0,256.0,0.4272670799255372,False,CALL,2028-01-21,GOOGL
GOOGL280121C00390000,390.0,55.72,58.5,62.55,1.0,285.0,0.4258632853698731,False,CALL,2028-01-21,GOOGL
GOOGL280121C00395000,395.0,52.67,0.0,0.0,2.0,280.0,0.015634843750000002,False,CALL,2028-01-21,GOOGL
GOOGL280121C00400000,400.0,56.88,55.3,58.15,11.0,2280.0,0.419477546005249,False,CALL,2028-01-21,GOOGL
GOOGL280121C00405000,405.0,66.2,0.0,0.0,2.0,148.0,0.015634843750000002,False,CALL,2028-01-21,GOOGL
GOOGL280121C00410000,410.0,58.0,0.0,0.0,1.0,136.0,0.0312596875,False,CALL,2028-01-21,GOOGL
GOOGL280121C00415000,415.0,48.6,0.0,0.0,1.0,336.0,0.0312596875,False,CALL,2028-01-21,GOOGL
GOOGL280121C00420000,420.0,51.17,48.0,52.55,3.0,588.0,0.4220486262512207,False,CALL,2028-01-21,GOOGL
GOOGL280121C00425000,425.0,50.6,0.0,0.0,2004.0,2401.0,0.0312596875,False,CALL,2028-01-21,GOOGL
GOOGL280121C00430000,430.0,44.0,44.5,50.3,2.0,3344.0,0.4251156121826172,False,CALL,2028-01-21,GOOGL
GOOGL280121C00435000,435.0,42.8,0.0,0.0,20.0,222.0,0.0312596875,False,CALL,2028-01-21,GOOGL
GOOGL280121C00440000,440.0,46.3,42.5,47.0,1.0,3484.0,0.4213467289733887,False,CALL,2028-01-21,GOOGL
GOOGL280121C00445000,445.0,49.45,0.0,0.0,2.0,437.0,0.0312596875,False,CALL,2028-01-21,GOOGL
GOOGL280121C00450000,450.0,37.85,0.0,0.0,9.0,5350.0,0.0312596875,False,CALL,2028-01-21,GOOGL
GOOGL280121C00455000,455.0,37.67,0.0,0.0,1.0,47.0,0.0312596875,False,CALL,2028-01-21,GOOGL
GOOGL280121C00460000,460.0,42.5,0.0,0.0,1.0,1077.0,0.0312596875,False,CALL,2028-01-21,GOOGL
GOOGL280121C00465000,465.0,35.0,0.0,0.0,2.0,596.0,0.0312596875,False,CALL,2028-01-21,GOOGL
GOOGL280121P00255000,255.0,18.3,0.0,0.0,10.0,181.0,0.062509375,False,PUT,2028-01-21,GOOGL
GOOGL280121P00260000,260.0,14.65,15.1,20.0,2.0,1534.0,0.37622694091796877,False,PUT,2028-01-21,GOOGL
GOOGL280121P00265000,265.0,18.0,0.0,0.0,1.0,299.0,0.062509375,False,PUT,2028-01-21,GOOGL
GOOGL280121P00270000,270.0,21.3,0.0,0.0,7.0,3824.0,0.062509375,False,PUT,2028-01-21,GOOGL
GOOGL280121P00275000,275.0,21.21,0.0,0.0,2.0,688.0,0.0312596875,False,PUT,2028-01-21,GOOGL
GOOGL280121P00280000,280.0,22.78,0.0,0.0,8.0,1516.0,0.0312596875,False,PUT,2028-01-21,GOOGL
GOOGL280121P00285000,285.0,23.7,0.0,0.0,1.0,451.0,0.0312596875,False,PUT,2028-01-21,GOOGL
GOOGL280121P00290000,290.0,26.11,0.0,0.0,4.0,995.0,0.0312596875,False,PUT,2028-01-21,GOOGL
GOOGL280121P00295000,295.0,28.0,0.0,0.0,2.0,455.0,0.0312596875,False,PUT,2028-01-21,GOOGL
GOOGL280121P00300000,300.0,32.0,0.0,0.0,104.0,3801.0,0.0312596875,False,PUT,2028-01-21,GOOGL
GOOGL280121P00305000,305.0,32.2,0.0,0.0,7.0,282.0,0.0312596875,False,PUT,2028-01-21,GOOGL
GOOGL280121P00310000,310.0,33.24,0.0,0.0,1.0,729.0,0.0312596875,False,PUT,2028-01-21,GOOGL
GOOGL280121P00315000,315.0,35.01,0.0,0.0,1.0,268.0,0.015634843750000002,False,PUT,2028-01-21,GOOGL
GOOGL280121P00320000,320.0,37.82,0.0,0.0,7.0,4462.0,0.015634843750000002,False,PUT,2028-01-21,GOOGL
GOOGL280121P00325000,325.0,35.42,0.0,0.0,9.0,1448.0,0.015634843750000002,False,PUT,2028-01-21,GOOGL
GOOGL280121P00330000,330.0,37.0,0.0,0.0,4.0,849.0,0.015634843750000002,False,PUT,2028-01-21,GOOGL
GOOGL280121P00335000,335.0,43.6,0.0,0.0,1.0,223.0,0.015634843750000002,False,PUT,2028-01-21,GOOGL
GOOGL280121P00340000,340.0,50.1,45.0,49.5,30.0,365.0,0.3434971656799316,False,PUT,2028-01-21,GOOGL
GOOGL280121P00345000,345.0,43.8,0.0,0.0,815.0,1988.0,0.007822421875,False,PUT,2028-01-21,GOOGL
GOOGL280121P00350000,350.0,54.93,50.5,54.5,1080.0,2813.0,0.3407124645233154,False,PUT,2028-01-21,GOOGL
GOOGL280121P00355000,355.0,48.8,54.5,56.9,1.0,385.0,0.3381871601867676,False,PUT,2028-01-21,GOOGL
GOOGL280121P00360000,360.0,60.65,57.35,60.0,14.0,307.0,0.33936970451354975,True,PUT,2028-01-21,GOOGL
GOOGL280121P00365000,365.0,63.6,0.0,0.0,8.0,275.0,1.0000000000000003e-05,True,PUT,2028-01-21,GOOGL
GOOGL280121P00370000,370.0,66.35,0.0,0.0,40.0,392.0,1.0000000000000003e-05,True,PUT,2028-01-21,GOOGL
GOOGL280121P00375000,375.0,69.65,0.0,0.0,6.0,721.0,1.0000000000000003e-05,True,PUT,2028-01-21,GOOGL
GOOGL280121P00380000,380.0,67.8,0.0,0.0,3.0,597.0,1.0000000000000003e-05,True,PUT,2028-01-21,GOOGL
GOOGL280121P00385000,385.0,71.75,70.0,74.0,7.0,239.0,0.33122922195434573,True,PUT,2028-01-21,GOOGL
GOOGL280121P00390000,390.0,67.43,0.0,0.0,2.0,549.0,1.0000000000000003e-05,True,PUT,2028-01-21,GOOGL
GOOGL280121P00395000,395.0,69.4,0.0,0.0,10.0,291.0,1.0000000000000003e-05,True,PUT,2028-01-21,GOOGL
GOOGL280121P00400000,400.0,79.36,0.0,0.0,1.0,87.0,1.0000000000000003e-05,True,PUT,2028-01-21,GOOGL
GOOGL280121P00405000,405.0,79.3,0.0,0.0,2.0,55.0,1.0000000000000003e-05,True,PUT,2028-01-21,GOOGL
GOOGL280121P00410000,410.0,83.49,0.0,0.0,6.0,79.0,1.0000000000000003e-05,True,PUT,2028-01-21,GOOGL
GOOGL280121P00415000,415.0,73.96,0.0,0.0,2.0,0.0,1.0000000000000003e-05,True,PUT,2028-01-21,GOOGL
GOOGL280121P00420000,420.0,88.98,0.0,0.0,1.0,62.0,1.0000000000000003e-05,True,PUT,2028-01-21,GOOGL
GOOGL280121P00425000,425.0,96.41,0.0,0.0,1.0,592.0,1.0000000000000003e-05,True,PUT,2028-01-21,GOOGL
GOOGL280121P00430000,430.0,98.35,89.0,93.1,1.0,9.0,0.2578046632385254,True,PUT,2028-01-21,GOOGL
GOOGL280121P00435000,435.0,123.25,136.5,141.5,,5.0,0.5033466413879395,True,PUT,2028-01-21,GOOGL
GOOGL280121P00440000,440.0,97.92,0.0,0.0,1.0,28.0,1.0000000000000003e-05,True,PUT,2028-01-21,GOOGL
GOOGL280121P00445000,445.0,90.65,102.0,104.1,2.0,3.0,0.25286086502075195,True,PUT,2028-01-21,GOOGL
GOOGL280121P00450000,450.0,110.0,113.5,118.0,5.0,127.0,0.3158256284332275,True,PUT,2028-01-21,GOOGL
GOOGL280121P00455000,455.0,114.84,118.0,122.0,600.0,422.0,0.3162604995727538,True,PUT,2028-01-21,GOOGL
GOOGL280121P00460000,460.0,142.65,160.45,164.25,16.0,9.0,0.5299653327178956,True,PUT,2028-01-21,GOOGL
GOOGL280121P00465000,465.0,125.33,0.0,0.0,4.0,28.0,1.0000000000000003e-05,True,PUT,2028-01-21,GOOGL
GOOGL280616C00260000,260.0,127.32,0.0,0.0,1.0,116.0,1.0000000000000003e-05,True,CALL,2028-06-16,GOOGL
GOOGL280616C00270000,270.0,129.99,127.5,132.5,1.0,281.0,0.47594213027954096,True,CALL,2028-06-16,GOOGL
GOOGL280616C00280000,280.0,117.8,122.45,126.5,2.0,161.0,0.47137979797363283,True,CALL,2028-06-16,GOOGL
GOOGL280616C00290000,290.0,132.0,116.0,121.0,32.0,100.0,0.46892315750122077,True,CALL,2028-06-16,GOOGL
GOOGL280616C00300000,300.0,105.65,111.0,115.5,1.0,819.0,0.46533737792968755,True,CALL,2028-06-16,GOOGL
GOOGL280616C00310000,310.0,121.1,0.0,0.0,1.0,293.0,1.0000000000000003e-05,True,CALL,2028-06-16,GOOGL
GOOGL280616C00320000,320.0,94.8,0.0,0.0,16.0,619.0,1.0000000000000003e-05,True,CALL,2028-06-16,GOOGL
GOOGL280616C00330000,330.0,90.0,95.0,100.0,2.0,708.0,0.45457240989685055,True,CALL,2028-06-16,GOOGL
GOOGL280616C00340000,340.0,85.9,90.5,95.5,9.0,582.0,0.45284818397521975,True,CALL,2028-06-16,GOOGL
GOOGL280616C00350000,350.0,81.6,86.0,90.5,14.0,574.0,0.44751529052734373,True,CALL,2028-06-16,GOOGL
GOOGL280616C00360000,360.0,79.2,82.0,86.5,2.0,286.0,0.4467142121124268,False,CALL,2028-06-16,GOOGL
GOOGL280616C00370000,370.0,74.85,0.0,0.0,2.0,121.0,0.0039162109375,False,CALL,2028-06-16,GOOGL
GOOGL280616C00380000,380.0,70.65,0.0,0.0,2.0,230.0,0.007822421875,False,CALL,2028-06-16,GOOGL
GOOGL280616C00390000,390.0,66.6,0.0,0.0,3.0,252.0,0.015634843750000002,False,CALL,2028-06-16,GOOGL
GOOGL280616C00400000,400.0,64.25,0.0,0.0,11.0,435.0,0.015634843750000002,False,CALL,2028-06-16,GOOGL
GOOGL280616C00410000,410.0,60.69,0.0,0.0,23.0,265.0,0.015634843750000002,False,CALL,2028-06-16,GOOGL
GOOGL280616C00420000,420.0,64.43,0.0,0.0,3.0,332.0,0.0312596875,False,CALL,2028-06-16,GOOGL
GOOGL280616C00430000,430.0,55.46,0.0,0.0,2.0,206.0,0.0312596875,False,CALL,2028-06-16,GOOGL
GOOGL280616C00440000,440.0,53.3,0.0,0.0,4.0,200.0,0.0312596875,False,CALL,2028-06-16,GOOGL
GOOGL280616C00450000,450.0,49.8,0.0,0.0,5.0,550.0,0.0312596875,False,CALL,2028-06-16,GOOGL
GOOGL280616C00460000,460.0,47.45,0.0,0.0,1.0,106.0,0.0312596875,False,CALL,2028-06-16,GOOGL
GOOGL280616P00260000,260.0,22.35,17.3,20.0,16.0,629.0,0.3342962078857422,False,PUT,2028-06-16,GOOGL
GOOGL280616P00270000,270.0,26.6,0.0,0.0,1.0,1067.0,0.0312596875,False,PUT,2028-06-16,GOOGL
GOOGL280616P00280000,280.0,25.05,0.0,0.0,1.0,427.0,0.0312596875,False,PUT,2028-06-16,GOOGL
GOOGL280616P00290000,290.0,29.75,0.0,0.0,1.0,166.0,0.0312596875,False,PUT,2028-06-16,GOOGL
GOOGL280616P00300000,300.0,31.79,0.0,0.0,2.0,900.0,0.0312596875,False,PUT,2028-06-16,GOOGL
GOOGL280616P00310000,310.0,38.83,0.0,0.0,1.0,363.0,0.015634843750000002,False,PUT,2028-06-16,GOOGL
GOOGL280616P00320000,320.0,39.34,0.0,0.0,4.0,1190.0,0.015634843750000002,False,PUT,2028-06-16,GOOGL
GOOGL280616P00330000,330.0,48.2,0.0,0.0,1.0,692.0,0.015634843750000002,False,PUT,2028-06-16,GOOGL
GOOGL280616P00340000,340.0,47.46,0.0,0.0,3.0,309.0,0.007822421875,False,PUT,2028-06-16,GOOGL
GOOGL280616P00350000,350.0,58.56,0.0,0.0,4.0,807.0,0.0039162109375,False,PUT,2028-06-16,GOOGL
GOOGL280616P00360000,360.0,57.46,63.7,66.5,4.0,292.0,0.33516595016479495,True,PUT,2028-06-16,GOOGL
GOOGL280616P00370000,370.0,66.79,0.0,0.0,1.0,177.0,1.0000000000000003e-05,True,PUT,2028-06-16,GOOGL
GOOGL280616P00380000,380.0,68.97,0.0,0.0,1.0,117.0,1.0000000000000003e-05,True,PUT,2028-06-16,GOOGL
GOOGL280616P00390000,390.0,73.13,0.0,0.0,2.0,153.0,1.0000000000000003e-05,True,PUT,2028-06-16,GOOGL
GOOGL280616P00400000,400.0,86.93,0.0,0.0,22.0,219.0,1.0000000000000003e-05,True,PUT,2028-06-16,GOOGL
GOOGL280616P00410000,410.0,99.0,0.0,0.0,3.0,88.0,1.0000000000000003e-05,True,PUT,2028-06-16,GOOGL
GOOGL280616P00420000,420.0,103.08,0.0,0.0,9.0,43.0,1.0000000000000003e-05,True,PUT,2028-06-16,GOOGL
GOOGL280616P00430000,430.0,106.25,0.0,0.0,2.0,124.0,1.0000000000000003e-05,True,PUT,2028-06-16,GOOGL
GOOGL280616P00440000,440.0,112.48,0.0,0.0,2.0,40.0,1.0000000000000003e-05,True,PUT,2028-06-16,GOOGL
GOOGL280616P00450000,450.0,119.0,109.0,113.5,2.0,143.0,0.25576763526916513,True,PUT,2028-06-16,GOOGL
GOOGL280616P00460000,460.0,152.0,104.0,109.0,3.0,4.0,0.17487397399902344,True,PUT,2028-06-16,GOOGL
GOOGL281215C00255000,255.0,151.33,0.0,0.0,1.0,24.0,1.0000000000000003e-05,True,CALL,2028-12-15,GOOGL
GOOGL281215C00260000,260.0,137.0,0.0,0.0,7.0,141.0,1.0000000000000003e-05,True,CALL,2028-12-15,GOOGL
GOOGL281215C00265000,265.0,150.59,141.5,145.5,1.0,325.0,0.48660791717529295,True,CALL,2028-12-15,GOOGL
GOOGL281215C00270000,270.0,133.49,138.0,143.0,6.0,193.0,0.48672998626708985,True,CALL,2028-12-15,GOOGL
GOOGL281215C00275000,275.0,143.2,135.5,139.5,10.0,108.0,0.48068756622314457,True,CALL,2028-12-15,GOOGL
GOOGL281215C00280000,280.0,130.03,0.0,0.0,2.0,203.0,1.0000000000000003e-05,True,CALL,2028-12-15,GOOGL
GOOGL281215C00285000,285.0,125.46,130.0,134.0,1.0,284.0,0.4769034243774414,True,CALL,2028-12-15,GOOGL
GOOGL281215C00290000,290.0,137.37,0.0,0.0,4.0,317.0,1.0000000000000003e-05,True,CALL,2028-12-15,GOOGL
GOOGL281215C00295000,295.0,119.77,124.5,129.0,1.0,146.0,0.4750800173187255,True,CALL,2028-12-15,GOOGL
GOOGL281215C00300000,300.0,117.55,122.0,126.0,37.0,1269.0,0.4711204011535644,True,CALL,2028-12-15,GOOGL
GOOGL281215C00305000,305.0,122.14,119.5,123.5,3.0,341.0,0.4697089772796631,True,CALL,2028-12-15,GOOGL
GOOGL281215C00310000,310.0,127.55,117.0,121.0,1.0,337.0,0.46809919113159176,True,CALL,2028-12-15,GOOGL
GOOGL281215C00315000,315.0,109.49,114.5,118.5,3.0,373.0,0.46629867202758796,True,CALL,2028-12-15,GOOGL
GOOGL281215C00320000,320.0,108.0,0.0,0.0,19.0,826.0,1.0000000000000003e-05,True,CALL,2028-12-15,GOOGL
GOOGL281215C00325000,325.0,114.8,110.0,114.0,1.0,155.0,0.4647117738342285,True,CALL,2028-12-15,GOOGL
GOOGL281215C00330000,330.0,102.95,107.5,111.5,3.0,826.0,0.46237720245361336,True,CALL,2028-12-15,GOOGL
GOOGL281215C00335000,335.0,102.0,105.15,109.5,24.0,306.0,0.46237720245361336,True,CALL,2028-12-15,GOOGL
GOOGL281215C00340000,340.0,99.96,103.0,107.0,23.0,584.0,0.4596993117523194,True,CALL,2028-12-15,GOOGL
GOOGL281215C00345000,345.0,96.17,0.0,0.0,6.0,539.0,1.0000000000000003e-05,True,CALL,2028-12-15,GOOGL
GOOGL281215C00350000,350.0,95.49,0.0,0.0,84.0,1408.0,1.0000000000000003e-05,True,CALL,2028-12-15,GOOGL
GOOGL281215C00355000,355.0,92.17,0.0,0.0,2.0,275.0,1.0000000000000003e-05,True,CALL,2028-12-15,GOOGL
GOOGL281215C00360000,360.0,90.6,94.5,99.0,10.0,535.0,0.4571740074157716,False,CALL,2028-12-15,GOOGL
GOOGL281215C00365000,365.0,88.83,0.0,0.0,13.0,317.0,0.00196310546875,False,CALL,2028-12-15,GOOGL
GOOGL281215C00370000,370.0,86.59,0.0,0.0,5.0,295.0,0.0039162109375,False,CALL,2028-12-15,GOOGL
GOOGL281215C00375000,375.0,85.73,88.5,93.0,9.0,203.0,0.45355008125305174,False,CALL,2028-12-15,GOOGL
GOOGL281215C00380000,380.0,82.45,0.0,0.0,6.0,437.0,0.007822421875,False,CALL,2028-12-15,GOOGL
GOOGL281215C00385000,385.0,80.75,0.0,0.0,1.0,347.0,0.007822421875,False,CALL,2028-12-15,GOOGL
GOOGL281215C00390000,390.0,81.55,0.0,0.0,2.0,419.0,0.015634843750000002,False,CALL,2028-12-15,GOOGL
GOOGL281215C00395000,395.0,85.7,81.5,85.5,11.0,341.0,0.44898774894714355,False,CALL,2028-12-15,GOOGL
GOOGL281215C00400000,400.0,76.9,0.0,0.0,47.0,3914.0,0.015634843750000002,False,CALL,2028-12-15,GOOGL
GOOGL281215C00405000,405.0,90.9,0.0,0.0,5.0,157.0,0.015634843750000002,False,CALL,2028-12-15,GOOGL
GOOGL281215C00410000,410.0,72.84,76.5,80.5,3.0,250.0,0.4469583502960205,False,CALL,2028-12-15,GOOGL
GOOGL281215C00415000,415.0,72.11,74.5,79.0,27.0,198.0,0.4467676173400879,False,CALL,2028-12-15,GOOGL
GOOGL281215C00420000,420.0,70.61,0.0,0.0,26.0,834.0,0.015634843750000002,False,CALL,2028-12-15,GOOGL
GOOGL281215C00425000,425.0,75.49,0.0,0.0,20.0,423.0,0.015634843750000002,False,CALL,2028-12-15,GOOGL
GOOGL281215C00430000,430.0,69.0,0.0,0.0,2.0,2196.0,0.0312596875,False,CALL,2028-12-15,GOOGL
GOOGL281215C00435000,435.0,72.5,0.0,0.0,13.0,146.0,0.0312596875,False,CALL,2028-12-15,GOOGL
GOOGL281215C00440000,440.0,64.61,67.0,72.0,32.0,7494.0,0.4461343839263916,False,CALL,2028-12-15,GOOGL
GOOGL281215C00445000,445.0,63.0,0.0,0.0,10.0,601.0,0.0312596875,False,CALL,2028-12-15,GOOGL
GOOGL281215C00450000,450.0,61.8,0.0,0.0,29.0,693.0,0.0312596875,False,CALL,2028-12-15,GOOGL
GOOGL281215C00455000,455.0,68.5,63.0,68.0,1.0,570.0,0.4451959777832031,False,CALL,2028-12-15,GOOGL
GOOGL281215C00460000,460.0,72.5,0.0,0.0,2.0,1355.0,0.0312596875,False,CALL,2028-12-15,GOOGL
GOOGL281215C00465000,465.0,57.6,60.5,64.5,8.0,1337.0,0.4402521795654296,False,CALL,2028-12-15,GOOGL
GOOGL281215P00255000,255.0,27.38,0.0,0.0,2.0,611.0,0.0312596875,False,PUT,2028-12-15,GOOGL
GOOGL281215P00260000,260.0,25.25,0.0,0.0,5.0,772.0,0.0312596875,False,PUT,2028-12-15,GOOGL
GOOGL281215P00265000,265.0,27.15,0.0,0.0,4.0,173.0,0.0312596875,False,PUT,2028-12-15,GOOGL
GOOGL281215P00270000,270.0,32.35,0.0,0.0,1.0,204.0,0.0312596875,False,PUT,2028-12-15,GOOGL
GOOGL281215P00275000,275.0,29.7,0.0,0.0,1.0,361.0,0.0312596875,False,PUT,2028-12-15,GOOGL
GOOGL281215P00280000,280.0,36.5,0.0,0.0,1.0,713.0,0.0312596875,False,PUT,2028-12-15,GOOGL
GOOGL281215P00285000,285.0,35.18,34.0,38.5,1.0,190.0,0.3530338134765625,False,PUT,2028-12-15,GOOGL
GOOGL281215P00290000,290.0,39.5,36.0,40.5,6.0,551.0,0.35167579483032224,False,PUT,2028-12-15,GOOGL
GOOGL281215P00295000,295.0,41.8,0.0,0.0,10.0,250.0,0.0312596875,False,PUT,2028-12-15,GOOGL
GOOGL281215P00300000,300.0,44.63,0.0,0.0,379.0,3118.0,0.0312596875,False,PUT,2028-12-15,GOOGL
GOOGL281215P00305000,305.0,43.34,0.0,0.0,2.0,161.0,0.015634843750000002,False,PUT,2028-12-15,GOOGL
GOOGL281215P00310000,310.0,45.97,0.0,0.0,1.0,692.0,0.015634843750000002,False,PUT,2028-12-15,GOOGL
GOOGL281215P00315000,315.0,48.82,0.0,0.0,4.0,217.0,0.015634843750000002,False,PUT,2028-12-15,GOOGL
GOOGL281215P00320000,320.0,46.0,0.0,0.0,198.0,362.0,0.015634843750000002,False,PUT,2028-12-15,GOOGL
GOOGL281215P00325000,325.0,52.69,0.0,0.0,2.0,518.0,0.015634843750000002,False,PUT,2028-12-15,GOOGL
GOOGL281215P00330000,330.0,58.89,0.0,0.0,2.0,310.0,0.015634843750000002,False,PUT,2028-12-15,GOOGL
GOOGL281215P00335000,335.0,60.95,0.0,0.0,1508.0,1783.0,0.007822421875,False,PUT,2028-12-15,GOOGL
GOOGL281215P00340000,340.0,62.94,0.0,0.0,8.0,1537.0,0.007822421875,False,PUT,2028-12-15,GOOGL
GOOGL281215P00345000,345.0,65.55,0.0,0.0,9.0,151.0,0.007822421875,False,PUT,2028-12-15,GOOGL
GOOGL281215P00350000,350.0,68.17,0.0,0.0,171.0,3110.0,0.0039162109375,False,PUT,2028-12-15,GOOGL
GOOGL281215P00355000,355.0,68.71,67.85,70.35,66.0,686.0,0.3302297812652588,False,PUT,2028-12-15,GOOGL
GOOGL281215P00360000,360.0,73.5,70.3,72.8,34.0,2503.0,0.32771210624694824,True,PUT,2028-12-15,GOOGL
GOOGL281215P00365000,365.0,73.6,0.0,0.0,11.0,423.0,1.0000000000000003e-05,True,PUT,2028-12-15,GOOGL
GOOGL281215P00370000,370.0,79.2,0.0,0.0,49.0,324.0,1.0000000000000003e-05,True,PUT,2028-12-15,GOOGL
GOOGL281215P00375000,375.0,71.97,0.0,0.0,1.0,142.0,1.0000000000000003e-05,True,PUT,2028-12-15,GOOGL
GOOGL281215P00380000,380.0,77.47,0.0,0.0,65.0,115.0,1.0000000000000003e-05,True,PUT,2028-12-15,GOOGL
GOOGL281215P00385000,385.0,82.34,83.0,87.0,45.0,298.0,0.3208686077880859,True,PUT,2028-12-15,GOOGL
GOOGL281215P00390000,390.0,85.14,86.0,90.0,90.0,165.0,0.31958688232421867,True,PUT,2028-12-15,GOOGL
GOOGL281215P00395000,395.0,86.36,0.0,0.0,45.0,309.0,1.0000000000000003e-05,True,PUT,2028-12-15,GOOGL
GOOGL281215P00400000,400.0,97.71,0.0,0.0,1.0,1621.0,1.0000000000000003e-05,True,PUT,2028-12-15,GOOGL
GOOGL281215P00405000,405.0,90.38,0.0,0.0,90.0,119.0,1.0000000000000003e-05,True,PUT,2028-12-15,GOOGL
GOOGL281215P00410000,410.0,93.32,0.0,0.0,47.0,867.0,1.0000000000000003e-05,True,PUT,2028-12-15,GOOGL
GOOGL281215P00415000,415.0,101.75,0.0,0.0,1.0,51.0,1.0000000000000003e-05,True,PUT,2028-12-15,GOOGL
GOOGL281215P00420000,420.0,99.32,0.0,0.0,2.0,130.0,1.0000000000000003e-05,True,PUT,2028-12-15,GOOGL
GOOGL281215P00425000,425.0,105.5,100.25,103.15,25.0,143.0,0.2691189421844482,True,PUT,2028-12-15,GOOGL
GOOGL281215P00430000,430.0,107.9,0.0,0.0,6.0,0.0,1.0000000000000003e-05,True,PUT,2028-12-15,GOOGL
GOOGL281215P00435000,435.0,94.5,110.25,114.25,8.0,93.0,0.28624676162719725,True,PUT,2028-12-15,GOOGL
GOOGL281215P00440000,440.0,116.0,0.0,0.0,31.0,107.0,1.0000000000000003e-05,True,PUT,2028-12-15,GOOGL
GOOGL281215P00445000,445.0,123.35,121.5,125.5,2.0,539.0,0.3035347967529296,True,PUT,2028-12-15,GOOGL
GOOGL281215P00450000,450.0,121.55,125.0,129.0,2.0,133.0,0.3021538901519776,True,PUT,2028-12-15,GOOGL
GOOGL281215P00455000,455.0,134.26,124.0,127.9,73.0,141.0,0.2788997281646729,True,PUT,2028-12-15,GOOGL
GOOGL281215P00460000,460.0,140.12,0.0,0.0,2.0,64.0,1.0000000000000003e-05,True,PUT,2028-12-15,GOOGL
GOOGL281215P00465000,465.0,128.21,0.0,0.0,4.0,0.0,1.0000000000000003e-05,True,PUT,2028-12-15,GOOGL
UNH260724C00300000,300.0,138.15,126.75,133.8,1.0,1.0,2.454105427246094,True,CALL,2026-07-24,UNH
UNH260724C00305000,305.0,98.75,0.0,0.0,3.0,0.0,1.0000000000000003e-05,True,CALL,2026-07-24,UNH
UNH260724C00310000,310.0,119.28,113.4,119.7,2.0,12.0,1.7255873095703125,True,CALL,2026-07-24,UNH
UNH260724C00315000,315.0,118.27,111.75,118.35,2.0,2.0,2.161625689697266,True,CALL,2026-07-24,UNH
UNH260724C00320000,320.0,113.22,102.5,109.0,2.0,3.0,1.41015919921875,True,CALL,2026-07-24,UNH
UNH260724C00325000,325.0,86.33,100.5,107.45,5.0,5.0,1.8645026306152346,True,CALL,2026-07-24,UNH
UNH260724C00330000,330.0,122.0,96.8,103.6,1.0,10.0,1.9223636694335937,True,CALL,2026-07-24,UNH
UNH260724C00335000,335.0,70.19,91.8,98.0,1.0,5.0,1.806397452392578,True,CALL,2026-07-24,UNH
UNH260724C00340000,340.0,88.25,85.5,92.45,2.0,8.0,1.6240253173828125,True,CALL,2026-07-24,UNH
UNH260724C00345000,345.0,73.13,77.85,84.05,2.0,2.0,1.1323285571289063,True,CALL,2026-07-24,UNH
UNH260724C00350000,350.0,78.27,71.95,78.95,1.0,16.0,0.9643558251953125,True,CALL,2026-07-24,UNH
UNH260724C00352500,352.5,77.67,67.55,76.25,4.0,4.0,1.4038115747070314,True,CALL,2026-07-24,UNH
UNH260724C00355000,355.0,73.1,71.8,78.8,4.0,4.0,1.516237770385742,True,CALL,2026-07-24,UNH
UNH260724C00360000,360.0,75.2,66.8,72.5,1.0,11.0,1.3748810552978514,True,CALL,2026-07-24,UNH
UNH260724C00365000,365.0,59.09,58.05,64.75,2.0,2.0,0.9467778759765625,True,CALL,2026-07-24,UNH
UNH260724C00370000,370.0,65.15,53.2,60.0,2.0,52.0,0.9069833520507812,True,CALL,2026-07-24,UNH
UNH260724C00372500,372.5,51.88,51.35,57.75,,0.0,0.9260261303710937,True,CALL,2026-07-24,UNH
UNH260724C00375000,375.0,54.82,51.85,57.55,2.0,17.0,1.1391644604492188,True,CALL,2026-07-24,UNH
UNH260724C00380000,380.0,58.52,46.9,53.95,1.0,42.0,1.1154829382324216,True,CALL,2026-07-24,UNH
UNH260724C00382500,382.5,40.9,44.4,51.3,1.0,1.0,1.0682419635009768,True,CALL,2026-07-24,UNH
UNH260724C00385000,385.0,42.93,41.95,48.5,5.0,43.0,1.0174609674072266,True,CALL,2026-07-24,UNH
UNH260724C00387500,387.5,47.57,35.65,42.45,7.0,2.0,0.6665072412109377,True,CALL,2026-07-24,UNH
UNH260724C00390000,390.0,36.29,37.0,43.55,16.0,17.0,0.9378668322753907,True,CALL,2026-07-24,UNH
UNH260724C00392500,392.5,36.65,33.8,40.25,40.0,20.0,0.8425308715820312,True,CALL,2026-07-24,UNH
UNH260724C00395000,395.0,32.33,31.85,39.0,206.0,46.0,0.8636488244628906,True,CALL,2026-07-24,UNH
UNH260724C00397500,397.5,29.65,29.6,36.0,220.0,6.0,0.812379805908203,True,CALL,2026-07-24,UNH
UNH260724C00400000,400.0,27.37,25.1,29.45,140.0,138.0,0.5559126440429689,True,CALL,2026-07-24,UNH
UNH260724C00402500,402.5,27.17,24.75,31.1,91.0,8.0,0.7334011035156249,True,CALL,2026-07-24,UNH
UNH260724C00405000,405.0,26.82,20.45,25.0,50.0,60.0,0.5130663928222656,True,CALL,2026-07-24,UNH
UNH260724C00407500,407.5,25.9,16.15,22.65,20.0,20.0,0.6272009936523439,True,CALL,2026-07-24,UNH
UNH260724C00410000,410.0,21.9,17.9,24.05,17.0,419.0,0.629459271850586,True,CALL,2026-07-24,UNH
UNH260724C00412500,412.5,20.78,11.95,14.95,16.0,29.0,0.37354142089843745,True,CALL,2026-07-24,UNH
UNH260724C00415000,415.0,17.65,11.4,17.1,23.0,112.0,0.5931437170410157,True,CALL,2026-07-24,UNH
UNH260724C00417500,417.5,16.4,11.0,12.65,7.0,57.0,0.43677321044921874,True,CALL,2026-07-24,UNH
UNH260724C00420000,420.0,11.43,8.6,10.4,109.0,596.0,0.39752799743652345,True,CALL,2026-07-24,UNH
UNH260724C00422500,422.5,11.12,8.95,11.6,2.0,116.0,0.5296677893066408,True,CALL,2026-07-24,UNH
UNH260724C00425000,425.0,8.25,6.65,9.95,1.0,759.0,0.5096484582519532,False,CALL,2026-07-24,UNH
UNH260724C00427500,427.5,7.05,4.75,6.15,21.0,642.0,0.37573866455078125,False,CALL,2026-07-24,UNH
UNH260724C00430000,430.0,5.75,4.2,5.3,9.0,1792.0,0.3842835009765625,False,CALL,2026-07-24,UNH
UNH260724C00432500,432.5,4.6,3.75,4.95,543.0,223.0,0.41370215209960937,False,CALL,2026-07-24,UNH
UNH260724C00435000,435.0,3.7,2.58,3.8,17.0,1269.0,0.3942931665039063,False,CALL,2026-07-24,UNH
UNH260724C00437500,437.5,2.75,2.03,2.53,308.0,231.0,0.3575503698730469,False,CALL,2026-07-24,UNH
UNH260724C00440000,440.0,1.63,1.42,1.42,34.0,983.0,0.3143379113769531,False,CALL,2026-07-24,UNH
UNH260724C00442500,442.5,1.7,1.5,2.03,1.0,231.0,0.39331661376953125,False,CALL,2026-07-24,UNH
UNH260724C00445000,445.0,2.33,0.76,1.51,1.0,814.0,0.3842835009765625,False,CALL,2026-07-24,UNH
UNH260724C00447500,447.5,1.02,0.52,0.92,343.0,316.0,0.35742830078125,False,CALL,2026-07-24,UNH
UNH260724C00450000,450.0,1.0,0.52,0.69,23.0,1417.0,0.3569400244140625,False,CALL,2026-07-24,UNH
UNH260724C00452500,452.5,0.66,0.35,0.7,2.0,455.0,0.38355108642578123,False,CALL,2026-07-24,UNH
UNH260724C00455000,455.0,0.46,0.27,0.49,425.0,573.0,0.3767152172851562,False,CALL,2026-07-24,UNH
UNH260724C00457500,457.5,0.52,0.02,1.19,74.0,508.0,0.4939015454101563,False,CALL,2026-07-24,UNH
UNH260724C00460000,460.0,0.29,0.01,0.5,1428.0,1041.0,0.4243221630859375,False,CALL,2026-07-24,UNH
UNH260724C00462500,462.5,0.5,0.0,0.88,412.0,350.0,0.5061084545898438,False,CALL,2026-07-24,UNH
UNH260724C00465000,465.0,0.19,0.0,0.29,278.0,1645.0,0.422857333984375,False,CALL,2026-07-24,UNH
UNH260724C00467500,467.5,0.19,0.0,0.75,24.0,610.0,0.534184345703125,False,CALL,2026-07-24,UNH
UNH260724C00470000,470.0,0.12,0.0,0.41,411.0,1137.0,0.4931691308593751,False,CALL,2026-07-24,UNH
UNH260724C00472500,472.5,0.17,0.05,0.57,10.0,40.0,0.5473678076171876,False,CALL,2026-07-24,UNH
UNH260724C00475000,475.0,0.1,0.0,0.64,340.0,176.0,0.5112353564453125,False,CALL,2026-07-24,UNH
UNH260724C00477500,477.5,0.13,0.03,0.55,5.0,52.0,0.5219774365234374,False,CALL,2026-07-24,UNH
UNH260724C00480000,480.0,0.09,0.02,0.09,52.0,546.0,0.45606012695312503,False,CALL,2026-07-24,UNH
UNH260724C00482500,482.5,0.1,0.0,2.01,13.0,487.0,0.7084990087890625,False,CALL,2026-07-24,UNH
UNH260724C00485000,485.0,0.17,0.0,3.0,1.0,993.0,0.8007832421875,False,CALL,2026-07-24,UNH
UNH260724C00487500,487.5,0.16,0.0,4.5,1.0,281.0,0.9125985302734375,False,CALL,2026-07-24,UNH
UNH260724C00490000,490.0,0.07,0.0,0.0,33.0,964.0,0.2500075,False,CALL,2026-07-24,UNH
UNH260724C00492500,492.5,0.17,0.0,1.28,1.0,296.0,0.726565234375,False,CALL,2026-07-24,UNH
UNH260724C00495000,495.0,0.11,0.0,0.0,3.0,33.0,0.2500075,False,CALL,2026-07-24,UNH
UNH260724C00497500,497.5,0.09,0.0,1.15,1.0,306.0,0.7509790527343749,False,CALL,2026-07-24,UNH
UNH260724C00500000,500.0,0.03,0.0,0.0,114.0,1455.0,0.2500075,False,CALL,2026-07-24,UNH
UNH260724C00502500,502.5,0.89,0.0,0.79,1.0,15.0,0.7397486962890624,False,CALL,2026-07-24,UNH
UNH260724C00505000,505.0,0.83,0.0,0.0,1.0,1.0,0.2500075,False,CALL,2026-07-24,UNH
UNH260724C00507500,507.5,0.19,0.0,1.37,1.0,0.0,0.852540537109375,False,CALL,2026-07-24,UNH
UNH260724C00510000,510.0,0.13,0.0,0.0,1.0,8.0,0.2500075,False,CALL,2026-07-24,UNH
UNH260724C00512500,512.5,3.9,0.0,1.8,1.0,2.0,0.936524072265625,False,CALL,2026-07-24,UNH
UNH260724C00515000,515.0,3.85,0.0,0.0,1.0,2.0,0.2500075,False,CALL,2026-07-24,UNH
UNH260724C00520000,520.0,0.01,0.0,0.0,1.0,235.0,0.2500075,False,CALL,2026-07-24,UNH
UNH260724P00300000,300.0,0.03,0.0,1.29,92.0,83.0,1.534670295410156,False,PUT,2026-07-24,UNH
UNH260724P00305000,305.0,0.2,0.0,0.51,1.0,61.0,1.2793004785156248,False,PUT,2026-07-24,UNH
UNH260724P00310000,310.0,0.03,0.0,0.0,127.0,191.0,0.500005,False,PUT,2026-07-24,UNH
UNH260724P00315000,315.0,0.03,0.0,0.0,62.0,277.0,0.500005,False,PUT,2026-07-24,UNH
UNH260724P00320000,320.0,0.03,0.01,0.06,32.0,64.0,0.8828136718749999,False,PUT,2026-07-24,UNH
UNH260724P00325000,325.0,0.03,0.0,0.0,6.0,89.0,0.500005,False,PUT,2026-07-24,UNH
UNH260724P00330000,330.0,0.02,0.0,0.5,1.0,60.0,1.0039112304687499,False,PUT,2026-07-24,UNH
UNH260724P00335000,335.0,0.04,0.0,0.0,48.0,36.0,0.500005,False,PUT,2026-07-24,UNH
UNH260724P00340000,340.0,0.05,0.0,2.1,3.0,64.0,1.150394873046875,False,PUT,2026-07-24,UNH
UNH260724P00345000,345.0,0.04,0.0,4.0,151.0,131.0,1.2561072351074216,False,PUT,2026-07-24,UNH
UNH260724P00347500,347.5,0.07,0.0,0.0,,11.0,0.2500075,False,PUT,2026-07-24,UNH
UNH260724P00350000,350.0,0.03,0.0,2.25,71.0,380.0,1.041508698730469,False,PUT,2026-07-24,UNH
UNH260724P00352500,352.5,0.09,0.0,0.0,,36.0,0.2500075,False,PUT,2026-07-24,UNH
UNH260724P00355000,355.0,0.06,0.0,1.2,50.0,607.0,0.8637708935546875,False,PUT,2026-07-24,UNH
UNH260724P00357500,357.5,0.21,0.0,1.55,,27.0,0.877930908203125,False,PUT,2026-07-24,UNH
UNH260724P00360000,360.0,0.15,0.0,0.98,4.0,522.0,0.778322529296875,False,PUT,2026-07-24,UNH
UNH260724P00362500,362.5,0.24,0.0,2.8,3.0,22.0,0.9321295849609376,False,PUT,2026-07-24,UNH
UNH260724P00365000,365.0,0.15,0.01,0.5,205.0,360.0,0.647464462890625,False,PUT,2026-07-24,UNH
UNH260724P00367500,367.5,0.2,0.0,0.0,113.0,638.0,0.2500075,False,PUT,2026-07-24,UNH
UNH260724P00370000,370.0,0.14,0.0,1.37,100.0,335.0,0.7143583251953125,False,PUT,2026-07-24,UNH
UNH260724P00372500,372.5,0.16,0.0,4.8,9.0,26.0,0.9294440649414062,False,PUT,2026-07-24,UNH
UNH260724P00375000,375.0,0.15,0.0,1.88,57.0,588.0,0.7036162451171876,False,PUT,2026-07-24,UNH
UNH260724P00377500,377.5,0.14,0.0,1.12,8.0,453.0,0.6035195898437502,False,PUT,2026-07-24,UNH
UNH260724P00380000,380.0,0.17,0.05,0.86,238.0,1350.0,0.55273884765625,False,PUT,2026-07-24,UNH
UNH260724P00382500,382.5,0.2,0.0,0.87,7.0,21.0,0.5214891601562499,False,PUT,2026-07-24,UNH
UNH260724P00385000,385.0,0.15,0.0,0.0,3.0,193.0,0.12500875,False,PUT,2026-07-24,UNH
UNH260724P00387500,387.5,0.28,0.0,1.5,27.0,60.0,0.5258836474609375,False,PUT,2026-07-24,UNH
UNH260724P00390000,390.0,0.27,0.01,0.6,253.0,521.0,0.4721732470703125,False,PUT,2026-07-24,UNH
UNH260724P00392500,392.5,0.38,0.14,1.12,22.0,82.0,0.5170946728515625,False,PUT,2026-07-24,UNH
UNH260724P00395000,395.0,0.27,0.19,0.56,9.0,430.0,0.4094297338867187,False,PUT,2026-07-24,UNH
UNH260724P00397500,397.5,0.49,0.0,0.71,19.0,652.0,0.40332627929687503,False,PUT,2026-07-24,UNH
UNH260724P00400000,400.0,0.4,0.35,0.55,15.0,989.0,0.35156898437499995,False,PUT,2026-07-24,UNH
UNH260724P00402500,402.5,0.79,0.63,0.87,22.0,113.0,0.3635317553710938,False,PUT,2026-07-24,UNH
UNH260724P00405000,405.0,0.6,0.68,1.1,1.0,716.0,0.3562076098632812,False,PUT,2026-07-24,UNH
UNH260724P00407500,407.5,1.31,0.53,1.03,91.0,219.0,0.31690136230468746,False,PUT,2026-07-24,UNH
UNH260724P00410000,410.0,1.81,1.6,2.01,12.0,1458.0,0.3617007189941406,False,PUT,2026-07-24,UNH
UNH260724P00412500,412.5,2.06,1.66,2.26,97.0,268.0,0.3403386279296875,False,PUT,2026-07-24,UNH
UNH260724P00415000,415.0,2.1,2.22,2.64,6.0,410.0,0.3233710241699218,False,PUT,2026-07-24,UNH
UNH260724P00417500,417.5,3.18,2.24,2.7,195.0,343.0,0.2833323620605468,False,PUT,2026-07-24,UNH
UNH260724P00420000,420.0,4.2,3.65,4.2,2.0,549.0,0.31763377685546873,False,PUT,2026-07-24,UNH
UNH260724P00422500,422.5,5.28,4.95,6.35,142.0,355.0,0.37366348999023435,False,PUT,2026-07-24,UNH
UNH260724P00425000,425.0,6.25,5.6,7.0,10.0,514.0,0.34479414978027345,True,PUT,2026-07-24,UNH
UNH260724P00427500,427.5,7.35,6.3,8.1,367.0,419.0,0.33148861877441405,True,PUT,2026-07-24,UNH
UNH260724P00430000,430.0,8.8,5.85,7.85,410.0,365.0,0.23657989990234374,True,PUT,2026-07-24,UNH
UNH260724P00432500,432.5,9.95,9.8,12.1,326.0,90.0,0.37756970092773434,True,PUT,2026-07-24,UNH
UNH260724P00435000,435.0,11.63,10.65,12.9,480.0,356.0,0.32263860961914054,True,PUT,2026-07-24,UNH
UNH260724P00437500,437.5,11.55,12.6,14.85,405.0,380.0,0.32471378417968744,True,PUT,2026-07-24,UNH
UNH260724P00440000,440.0,15.2,14.5,16.8,146.0,168.0,0.31909860595703116,True,PUT,2026-07-24,UNH
UNH260724P00442500,442.5,15.2,16.25,19.05,12.0,55.0,0.3298406860351562,True,PUT,2026-07-24,UNH
UNH260724P00445000,445.0,16.41,17.15,19.5,25.0,37.0,1.0000000000000003e-05,True,PUT,2026-07-24,UNH
UNH260724P00447500,447.5,16.39,18.6,24.3,19.0,42.0,0.4116269775390625,True,PUT,2026-07-24,UNH
UNH260724P00450000,450.0,17.28,20.45,26.8,14.0,49.0,0.4409235595703125,True,PUT,2026-07-24,UNH
UNH260724P00452500,452.5,20.75,20.85,27.95,2.0,9.0,0.27539787109374997,True,PUT,2026-07-24,UNH
UNH260724P00455000,455.0,26.5,25.25,31.05,4.0,26.0,0.41260353027343744,True,PUT,2026-07-24,UNH
UNH260724P00457500,457.5,20.45,24.0,31.35,,15.0,1.0000000000000003e-05,True,PUT,2026-07-24,UNH
UNH260724P00460000,460.0,31.37,28.0,35.4,1.0,7.0,0.31153032226562494,True,PUT,2026-07-24,UNH
UNH260724P00470000,470.0,42.2,39.0,45.3,1.0,0.0,1.0000000000000003e-05,True,PUT,2026-07-24,UNH
UNH260724P00475000,475.0,36.35,42.85,50.3,,0.0,1.0000000000000003e-05,True,PUT,2026-07-24,UNH
UNH260724P00480000,480.0,44.53,49.0,55.65,5.0,1.0,0.5532271240234375,True,PUT,2026-07-24,UNH
UNH260724P00490000,490.0,80.6,69.0,76.75,,0.0,1.3782990069580074,True,PUT,2026-07-24,UNH
UNH260724P00495000,495.0,70.4,62.8,70.0,4.0,0.0,1.0000000000000003e-05,True,PUT,2026-07-24,UNH
UNH260724P00497500,497.5,73.97,69.45,76.7,,0.0,0.6567417138671876,True,PUT,2026-07-24,UNH
UNH260724P00500000,500.0,75.38,71.25,79.0,4.0,4.0,1.1784709045410153,True,PUT,2026-07-24,UNH
UNH260724P00517500,517.5,94.6,88.75,95.05,,0.0,1.1823771350097654,True,PUT,2026-07-24,UNH
UNH260724P00520000,520.0,97.08,91.55,100.0,12.0,0.0,0.8818371191406249,True,PUT,2026-07-24,UNH
UNH260731C00310000,310.0,124.09,117.05,123.1,1.0,3.0,1.4533718737792967,True,CALL,2026-07-31,UNH
UNH260731C00330000,330.0,75.25,86.35,92.6,6.0,7.0,1.0000000000000003e-05,True,CALL,2026-07-31,UNH
UNH260731C00335000,335.0,82.7,87.05,93.8,2.0,2.0,0.7334011035156249,True,CALL,2026-07-31,UNH
UNH260731C00340000,340.0,79.17,86.9,94.0,1.0,3.0,1.1489300366210937,True,CALL,2026-07-31,UNH
UNH260731C00345000,345.0,65.7,82.1,88.4,,0.0,1.0821579095458984,True,CALL,2026-07-31,UNH
UNH260731C00350000,350.0,58.0,77.15,84.0,4.0,5.0,1.0487108111572268,True,CALL,2026-07-31,UNH
UNH260731C00355000,355.0,71.88,66.95,74.35,17.0,11.0,0.6125527026367189,True,CALL,2026-07-31,UNH
UNH260731C00360000,360.0,70.32,65.35,73.7,14.0,18.0,0.8798840136718749,True,CALL,2026-07-31,UNH
UNH260731C00365000,365.0,45.75,58.55,65.2,2.0,2.0,0.6512486047363282,True,CALL,2026-07-31,UNH
UNH260731C00370000,370.0,61.65,57.1,63.0,10.0,18.0,0.8062763513183593,True,CALL,2026-07-31,UNH
UNH260731C00375000,375.0,57.24,51.7,58.0,1.0,14.0,0.7432886999511719,True,CALL,2026-07-31,UNH
UNH260731C00380000,380.0,51.51,47.45,54.05,3.0,7.0,0.7359645544433593,True,CALL,2026-07-31,UNH
UNH260731C00385000,385.0,45.11,42.6,49.55,2.0,33.0,0.696841410522461,True,CALL,2026-07-31,UNH
UNH260731C00390000,390.0,47.91,36.8,45.55,5.0,43.0,0.6459385992431641,True,CALL,2026-07-31,UNH
UNH260731C00395000,395.0,37.94,31.35,36.0,3.0,59.0,0.5822795678710937,True,CALL,2026-07-31,UNH
UNH260731C00400000,400.0,29.65,27.85,33.1,8.0,161.0,0.5037891418457032,True,CALL,2026-07-31,UNH
UNH260731C00402500,402.5,31.25,23.6,30.0,4.0,3.0,0.5554243676757813,True,CALL,2026-07-31,UNH
UNH260731C00405000,405.0,29.8,23.3,28.45,10.0,39.0,0.5604902349853516,True,CALL,2026-07-31,UNH
UNH260731C00410000,410.0,21.05,20.4,26.2,8.0,51.0,0.5936319934082033,True,CALL,2026-07-31,UNH
UNH260731C00412500,412.5,24.33,17.45,24.25,2.0,14.0,0.5778850805664062,True,CALL,2026-07-31,UNH
UNH260731C00415000,415.0,22.28,14.9,18.8,2.0,59.0,0.44159493957519536,True,CALL,2026-07-31,UNH
UNH260731C00417500,417.5,19.35,13.5,16.85,3.0,9.0,0.4250545776367188,True,CALL,2026-07-31,UNH
UNH260731C00420000,420.0,14.9,14.45,17.45,40.0,149.0,0.4909108526611329,True,CALL,2026-07-31,UNH
UNH260731C00422500,422.5,12.8,12.3,13.9,9.0,21.0,0.4171811212158203,True,CALL,2026-07-31,UNH
UNH260731C00425000,425.0,11.5,10.5,12.65,42.0,89.0,0.41687594848632803,False,CALL,2026-07-31,UNH
UNH260731C00427500,427.5,10.5,7.95,10.85,13.0,27.0,0.3961852374267578,False,CALL,2026-07-31,UNH
UNH260731C00430000,430.0,10.94,8.8,11.05,1.0,1069.0,0.4382380395507813,False,CALL,2026-07-31,UNH
UNH260731C00432500,432.5,7.7,7.6,9.2,116.0,607.0,0.41071145935058595,False,CALL,2026-07-31,UNH
UNH260731C00435000,435.0,6.8,5.45,6.9,1193.0,1309.0,0.36414210083007814,False,CALL,2026-07-31,UNH
UNH260731C00437500,437.5,6.2,4.9,6.25,8.0,327.0,0.37030658996582033,False,CALL,2026-07-31,UNH
UNH260731C00440000,440.0,4.93,4.45,5.65,2.0,324.0,0.375982802734375,False,CALL,2026-07-31,UNH
UNH260731C00442500,442.5,4.6,3.95,5.1,13.0,76.0,0.3813538427734374,False,CALL,2026-07-31,UNH
UNH260731C00445000,445.0,4.15,2.59,3.95,108.0,801.0,0.36023588989257804,False,CALL,2026-07-31,UNH
UNH260731C00447500,447.5,4.0,2.83,3.9,1.0,168.0,0.3811097045898437,False,CALL,2026-07-31,UNH
UNH260731C00450000,450.0,2.7,2.94,3.8,227.0,275.0,0.3991148956298829,False,CALL,2026-07-31,UNH
UNH260731C00452500,452.5,2.4,1.74,2.51,26.0,74.0,0.35986968261718744,False,CALL,2026-07-31,UNH
UNH260731C00455000,455.0,2.06,1.57,2.29,2.0,771.0,0.3679262426757813,False,CALL,2026-07-31,UNH
UNH260731C00457500,457.5,2.43,1.2,1.75,23.0,19.0,0.3557193334960937,False,CALL,2026-07-31,UNH
UNH260731C00460000,460.0,1.41,1.3,2.0,471.0,397.0,0.3888000573730469,False,CALL,2026-07-31,UNH
UNH260731C00462500,462.5,1.37,0.89,1.37,20.0,17.0,0.36524072265625,False,CALL,2026-07-31,UNH
UNH260731C00465000,465.0,1.05,0.7,1.3,97.0,1014.0,0.3765931481933594,False,CALL,2026-07-31,UNH
UNH260731C00467500,467.5,0.88,0.81,1.41,9.0,7.0,0.40112903564453123,False,CALL,2026-07-31,UNH
UNH260731C00470000,470.0,0.69,0.25,1.0,2.0,867.0,0.3834290173339844,False,CALL,2026-07-31,UNH
UNH260731C00472500,472.5,1.03,0.34,0.81,1.0,1.0,0.38013315185546875,False,CALL,2026-07-31,UNH
UNH260731C00475000,475.0,0.5,0.07,0.76,49.0,596.0,0.3891662646484375,False,CALL,2026-07-31,UNH
UNH260731C00477500,477.5,0.67,0.02,1.5,131.0,70.0,0.4713187634277344,False,CALL,2026-07-31,UNH
UNH260731C00480000,480.0,0.56,0.0,0.0,131.0,191.0,0.12500875,False,CALL,2026-07-31,UNH
UNH260731C00485000,485.0,0.66,0.0,0.0,9.0,403.0,0.12500875,False,CALL,2026-07-31,UNH
UNH260731C00490000,490.0,0.25,0.01,1.8,17.0,206.0,0.5709271423339843,False,CALL,2026-07-31,UNH
UNH260731C00492500,492.5,0.37,0.0,0.0,16.0,10.0,0.12500875,False,CALL,2026-07-31,UNH
UNH260731C00495000,495.0,0.31,0.0,1.5,2.0,29.0,0.575077491455078,False,CALL,2026-07-31,UNH
UNH260731C00500000,500.0,0.15,0.01,0.85,86.0,244.0,0.5349167602539062,False,CALL,2026-07-31,UNH
UNH260731C00505000,505.0,1.02,0.0,1.5,1.0,1.0,0.5471236694335939,False,CALL,2026-07-31,UNH
UNH260731C00510000,510.0,0.15,0.0,0.0,5.0,22.0,0.2500075,False,CALL,2026-07-31,UNH
UNH260731C00515000,515.0,0.4,0.0,0.0,,1.0,0.2500075,False,CALL,2026-07-31,UNH
UNH260731C00520000,520.0,0.03,0.01,0.6,11.0,43.0,0.5351608984375,False,CALL,2026-07-31,UNH
UNH260731C00530000,530.0,0.18,0.0,0.0,4.0,4.0,0.2500075,False,CALL,2026-07-31,UNH
UNH260731P00300000,300.0,0.17,0.0,1.7,10.0,14.0,1.0380907470703127,False,PUT,2026-07-31,UNH
UNH260731P00310000,310.0,0.22,0.0,0.0,11.0,26.0,0.2500075,False,PUT,2026-07-31,UNH
UNH260731P00315000,315.0,0.66,0.0,1.5,2.0,224.0,0.89257919921875,False,PUT,2026-07-31,UNH
UNH260731P00320000,320.0,0.3,0.0,4.75,2.0,76.0,1.0788620275878906,False,PUT,2026-07-31,UNH
UNH260731P00325000,325.0,1.68,0.0,1.5,48.0,49.0,0.8125018749999999,False,PUT,2026-07-31,UNH
UNH260731P00330000,330.0,0.4,0.0,1.5,2.0,37.0,0.773439765625,False,PUT,2026-07-31,UNH
UNH260731P00335000,335.0,0.59,0.0,0.0,14.0,50.0,0.2500075,False,PUT,2026-07-31,UNH
UNH260731P00340000,340.0,0.55,0.0,0.66,3.0,69.0,0.6054726953125001,False,PUT,2026-07-31,UNH
UNH260731P00345000,345.0,1.73,0.0,4.8,56.0,69.0,0.848512257080078,False,PUT,2026-07-31,UNH
UNH260731P00350000,350.0,0.15,0.0,0.0,57.0,325.0,0.2500075,False,PUT,2026-07-31,UNH
UNH260731P00355000,355.0,0.3,0.0,1.5,1.0,339.0,0.5817912915039063,False,PUT,2026-07-31,UNH
UNH260731P00360000,360.0,0.24,0.0,1.5,31.0,1025.0,0.5441940112304688,False,PUT,2026-07-31,UNH
UNH260731P00365000,365.0,0.22,0.05,1.49,16.0,213.0,0.5095263891601562,False,PUT,2026-07-31,UNH
UNH260731P00370000,370.0,0.26,0.0,0.4,29.0,541.0,0.4165097412109374,False,PUT,2026-07-31,UNH
UNH260731P00375000,375.0,0.45,0.03,0.36,6.0,190.0,0.37500625,False,PUT,2026-07-31,UNH
UNH260731P00380000,380.0,0.45,0.02,1.51,12.0,127.0,0.4672904833984375,False,PUT,2026-07-31,UNH
UNH260731P00385000,385.0,0.96,0.52,1.3,104.0,156.0,0.4089414575195312,False,PUT,2026-07-31,UNH
UNH260731P00387500,387.5,0.65,0.6,1.12,1.0,1.0,0.3737855590820312,False,PUT,2026-07-31,UNH
UNH260731P00390000,390.0,0.99,0.67,1.02,7.0,132.0,0.3454655297851562,False,PUT,2026-07-31,UNH
UNH260731P00392500,392.5,0.81,0.92,1.37,4.0,4.0,0.3526676062011719,False,PUT,2026-07-31,UNH
UNH260731P00395000,395.0,1.37,0.89,1.37,53.0,579.0,0.33179379150390625,False,PUT,2026-07-31,UNH
UNH260731P00397500,397.5,1.01,1.27,1.84,593.0,589.0,0.3404606970214844,False,PUT,2026-07-31,UNH
UNH260731P00400000,400.0,1.85,1.38,1.93,115.0,303.0,0.3232489550781249,False,PUT,2026-07-31,UNH
UNH260731P00402500,402.5,1.42,1.79,2.4,14.0,6.0,0.3249579223632812,False,PUT,2026-07-31,UNH
UNH260731P00405000,405.0,2.71,1.97,2.82,23.0,94.0,0.32080757324218745,False,PUT,2026-07-31,UNH
UNH260731P00407500,407.5,3.35,2.58,3.5,14.0,309.0,0.3251410260009765,False,PUT,2026-07-31,UNH
UNH260731P00410000,410.0,3.06,2.92,3.8,60.0,157.0,0.31037066589355466,False,PUT,2026-07-31,UNH
UNH260731P00412500,412.5,3.43,3.9,5.55,6.0,13.0,0.3481510498046875,False,PUT,2026-07-31,UNH
UNH260731P00415000,415.0,4.3,3.85,5.9,27.0,71.0,0.32947447875976554,False,PUT,2026-07-31,UNH
UNH260731P00417500,417.5,5.6,5.25,7.7,5.0,183.0,0.35846588806152346,False,PUT,2026-07-31,UNH
UNH260731P00420000,420.0,5.25,4.95,6.55,97.0,167.0,0.28449201843261707,False,PUT,2026-07-31,UNH
UNH260731P00422500,422.5,5.32,6.2,7.65,12.0,22.0,0.28388167297363276,False,PUT,2026-07-31,UNH
UNH260731P00425000,425.0,7.3,7.0,10.85,39.0,222.0,0.3479069116210937,True,PUT,2026-07-31,UNH
UNH260731P00427500,427.5,9.6,7.95,10.65,13.0,36.0,0.29761444580078117,True,PUT,2026-07-31,UNH
UNH260731P00430000,430.0,10.6,10.55,12.8,193.0,223.0,0.32080757324218745,True,PUT,2026-07-31,UNH
UNH260731P00432500,432.5,9.18,11.8,14.3,17.0,27.0,0.3194648132324218,True,PUT,2026-07-31,UNH
UNH260731P00435000,435.0,13.05,14.0,15.95,173.0,179.0,0.3200751586914062,True,PUT,2026-07-31,UNH
UNH260731P00437500,437.5,11.56,12.5,16.4,6.0,24.0,0.2725292474365234,True,PUT,2026-07-31,UNH
UNH260731P00440000,440.0,14.31,16.5,19.4,3.0,13.0,0.3171455004882812,True,PUT,2026-07-31,UNH
UNH260731P00442500,442.5,6.93,15.0,20.25,10.0,17.0,0.27246821289062495,True,PUT,2026-07-31,UNH
UNH260731P00445000,445.0,15.44,17.0,23.25,1.0,2.0,0.31690136230468746,True,PUT,2026-07-31,UNH
UNH260731P00447500,447.5,9.2,17.6,23.05,1.0,21.0,0.16797707031250003,True,PUT,2026-07-31,UNH
UNH260731P00450000,450.0,22.26,19.9,25.45,9.0,126.0,0.165047412109375,True,PUT,2026-07-31,UNH
UNH260731P00452500,452.5,23.0,22.4,27.5,,9.0,1.0000000000000003e-05,True,PUT,2026-07-31,UNH
UNH260731P00455000,455.0,21.7,24.65,29.6,15.0,15.0,1.0000000000000003e-05,True,PUT,2026-07-31,UNH
UNH260731P00460000,460.0,13.1,28.7,33.95,,1.0,1.0000000000000003e-05,True,PUT,2026-07-31,UNH
UNH260731P00465000,465.0,35.0,34.9,40.9,1.0,1.0,0.3122627368164062,True,PUT,2026-07-31,UNH
UNH260731P00470000,470.0,65.15,50.7,57.35,,1.0,0.7778342529296876,True,PUT,2026-07-31,UNH
UNH260731P00475000,475.0,68.0,42.55,48.75,,1.0,1.0000000000000003e-05,True,PUT,2026-07-31,UNH
UNH260731P00485000,485.0,72.1,64.35,72.1,,1.0,0.8670667590332031,True,PUT,2026-07-31,UNH
UNH260731P00495000,495.0,88.9,74.05,81.75,,0.0,0.9279792358398438,True,PUT,2026-07-31,UNH
UNH260731P00515000,515.0,82.35,82.15,88.45,2.0,0.0,1.0000000000000003e-05,True,PUT,2026-07-31,UNH
UNH260821C00300000,300.0,133.02,124.95,130.9,2.0,2091.0,0.8317887915039062,True,CALL,2026-08-21,UNH
UNH260821C00310000,310.0,127.12,112.9,120.0,2.0,569.0,0.6706575903320313,True,CALL,2026-08-21,UNH
UNH260821C00320000,320.0,119.18,107.6,114.0,2.0,851.0,0.8442398388671875,True,CALL,2026-08-21,UNH
UNH260821C00330000,330.0,99.87,92.85,100.0,3.0,1635.0,0.5587202331542969,True,CALL,2026-08-21,UNH
UNH260821C00340000,340.0,89.25,83.3,89.7,9.0,875.0,0.509892596435547,True,CALL,2026-08-21,UNH
UNH260821C00350000,350.0,81.2,75.9,80.65,4.0,1684.0,0.5448043566894532,True,CALL,2026-08-21,UNH
UNH260821C00360000,360.0,70.65,63.75,71.0,23.0,808.0,0.5846599151611327,True,CALL,2026-08-21,UNH
UNH260821C00370000,370.0,60.63,57.3,61.55,31.0,940.0,0.5359543475341797,True,CALL,2026-08-21,UNH
UNH260821C00380000,380.0,51.84,44.9,52.45,29.0,2264.0,0.49420671813964845,True,CALL,2026-08-21,UNH
UNH260821C00390000,390.0,43.13,40.65,47.35,42.0,1111.0,0.5443160803222657,True,CALL,2026-08-21,UNH
UNH260821C00400000,400.0,34.85,30.0,37.0,63.0,6726.0,0.4576775424194337,True,CALL,2026-08-21,UNH
UNH260821C00410000,410.0,27.31,24.55,26.3,527.0,1508.0,0.36133451171875,True,CALL,2026-08-21,UNH
UNH260821C00420000,420.0,20.23,18.55,21.95,1.0,2025.0,0.3865417791748046,True,CALL,2026-08-21,UNH
UNH260821C00430000,430.0,15.9,14.75,17.05,20.0,2628.0,0.3833374655151367,False,CALL,2026-08-21,UNH
UNH260821C00440000,440.0,10.3,10.8,10.8,359.0,2270.0,0.33637138244628906,False,CALL,2026-08-21,UNH
UNH260821C00450000,450.0,7.72,6.15,8.15,1.0,3301.0,0.34503828796386715,False,CALL,2026-08-21,UNH
UNH260821C00460000,460.0,4.4,3.9,5.15,3.0,2122.0,0.3286810296630859,False,CALL,2026-08-21,UNH
UNH260821C00470000,470.0,3.28,2.62,3.3,313.0,761.0,0.32282171325683584,False,CALL,2026-08-21,UNH
UNH260821C00480000,480.0,2.07,1.8,2.22,186.0,899.0,0.32556826782226556,False,CALL,2026-08-21,UNH
UNH260821C00490000,490.0,1.35,0.92,1.34,91.0,606.0,0.32129584960937496,False,CALL,2026-08-21,UNH
UNH260821C00500000,500.0,1.01,0.72,0.96,1.0,2105.0,0.33081723876953123,False,CALL,2026-08-21,UNH
UNH260821C00510000,510.0,0.63,0.0,0.0,147.0,5364.0,0.12500875,False,CALL,2026-08-21,UNH
UNH260821C00520000,520.0,0.54,0.24,0.54,29.0,497.0,0.3532779516601562,False,CALL,2026-08-21,UNH
UNH260821C00530000,530.0,0.3,0.0,0.6,20.0,68.0,0.3869690209960937,False,CALL,2026-08-21,UNH
UNH260821C00540000,540.0,0.22,0.04,0.51,3.0,181.0,0.40259386474609377,False,CALL,2026-08-21,UNH
UNH260821C00550000,550.0,0.26,0.0,0.45,6.0,41.0,0.41968353759765625,False,CALL,2026-08-21,UNH
UNH260821P00300000,300.0,0.44,0.1,0.35,10.0,1676.0,0.5112353564453125,False,PUT,2026-08-21,UNH
UNH260821P00310000,310.0,0.3,0.0,0.0,105.0,1763.0,0.2500075,False,PUT,2026-08-21,UNH
UNH260821P00320000,320.0,0.4,0.0,0.5,5.0,1443.0,0.4797415307617187,False,PUT,2026-08-21,UNH
UNH260821P00330000,330.0,0.45,0.0,0.0,16.0,785.0,0.12500875,False,PUT,2026-08-21,UNH
UNH260821P00340000,340.0,0.58,0.26,0.73,35.0,1492.0,0.4172421557617187,False,PUT,2026-08-21,UNH
UNH260821P00350000,350.0,0.79,0.42,0.96,38.0,1963.0,0.3918517846679687,False,PUT,2026-08-21,UNH
UNH260821P00360000,360.0,1.11,0.68,1.21,95.0,1868.0,0.36255520263671875,False,PUT,2026-08-21,UNH
UNH260821P00370000,370.0,1.57,1.42,1.93,53.0,1280.0,0.35315588256835934,False,PUT,2026-08-21,UNH
UNH260821P00380000,380.0,2.35,2.17,2.75,110.0,1625.0,0.3343572424316406,False,PUT,2026-08-21,UNH
UNH260821P00390000,390.0,3.7,3.15,3.85,243.0,1302.0,0.3138496350097656,False,PUT,2026-08-21,UNH
UNH260821P00400000,400.0,5.25,4.35,5.65,233.0,1219.0,0.2996285858154296,False,PUT,2026-08-21,UNH
UNH260821P00410000,410.0,7.7,6.25,8.15,266.0,955.0,0.28528546752929684,False,PUT,2026-08-21,UNH
UNH260821P00420000,420.0,11.55,10.05,12.5,3.0,1726.0,0.2898935757446288,False,PUT,2026-08-21,UNH
UNH260821P00430000,430.0,16.23,14.4,17.4,102.0,709.0,0.28363753479003895,True,PUT,2026-08-21,UNH
UNH260821P00440000,440.0,21.36,19.9,24.2,27.0,426.0,0.2946847875976562,True,PUT,2026-08-21,UNH
UNH260821P00450000,450.0,24.09,25.85,30.2,7.0,116.0,0.2664563101196289,True,PUT,2026-08-21,UNH
UNH260821P00460000,460.0,31.19,34.55,40.65,3.0,111.0,0.33100034240722653,True,PUT,2026-08-21,UNH
UNH260821P00470000,470.0,37.25,39.6,44.35,6.0,79.0,1.0000000000000003e-05,True,PUT,2026-08-21,UNH
UNH260821P00480000,480.0,41.65,50.65,57.2,16.0,81.0,0.3073189385986328,True,PUT,2026-08-21,UNH
UNH260821P00490000,490.0,56.47,58.2,65.15,5.0,72.0,1.0000000000000003e-05,True,PUT,2026-08-21,UNH
UNH260821P00500000,500.0,72.3,70.2,77.45,5.0,7.0,0.3916686810302734,True,PUT,2026-08-21,UNH
UNH260821P00510000,510.0,61.2,79.0,85.5,5.0,0.0,0.25196060546875,True,PUT,2026-08-21,UNH
UNH260821P00520000,520.0,94.46,90.1,97.4,2.0,0.0,0.45654840332031255,True,PUT,2026-08-21,UNH
UNH260821P00540000,540.0,115.48,111.25,118.05,,0.0,0.5535322967529297,True,PUT,2026-08-21,UNH
UNH260828C00340000,340.0,92.6,85.8,92.2,,1.0,0.5783733569335938,True,CALL,2026-08-28,UNH
UNH260828C00345000,345.0,88.13,83.8,90.8,2.0,2.0,0.662662064819336,True,CALL,2026-08-28,UNH
UNH260828C00350000,350.0,81.63,75.45,82.1,3.0,2.0,0.5140429455566407,True,CALL,2026-08-28,UNH
UNH260828C00360000,360.0,78.25,69.3,75.25,,1.0,0.5684552432250977,True,CALL,2026-08-28,UNH
UNH260828C00365000,365.0,62.53,60.75,66.55,1.0,2.0,0.5170946728515625,True,CALL,2026-08-28,UNH
UNH260828C00370000,370.0,57.83,58.65,64.15,1.0,1.0,0.5554243676757813,True,CALL,2026-08-28,UNH
UNH260828C00375000,375.0,57.63,50.0,55.9,1.0,5.0,0.4389094195556641,True,CALL,2026-08-28,UNH
UNH260828C00380000,380.0,75.4,49.15,57.4,1.0,3.0,0.5656171368408205,True,CALL,2026-08-28,UNH
UNH260828C00385000,385.0,47.45,41.5,49.0,,1.0,0.454107021484375,True,CALL,2026-08-28,UNH
UNH260828C00390000,390.0,44.45,42.0,49.4,4.0,3.0,0.5377243493652344,True,CALL,2026-08-28,UNH
UNH260828C00395000,395.0,45.8,34.25,39.6,2.0,6.0,0.400823862915039,True,CALL,2026-08-28,UNH
UNH260828C00400000,400.0,36.68,35.25,40.9,3.0,9.0,0.49347430358886724,True,CALL,2026-08-28,UNH
UNH260828C00405000,405.0,43.86,30.95,36.8,3.0,4.0,0.47211221252441404,True,CALL,2026-08-28,UNH
UNH260828C00410000,410.0,30.88,27.3,33.0,1.0,2.0,0.4546868496704102,True,CALL,2026-08-28,UNH
UNH260828C00415000,415.0,28.16,22.7,29.8,2.0,3.0,0.44611149597167965,True,CALL,2026-08-28,UNH
UNH260828C00420000,420.0,26.57,19.0,23.7,7.0,35.0,0.38266608551025383,True,CALL,2026-08-28,UNH
UNH260828C00425000,425.0,21.32,18.45,23.25,7.0,41.0,0.418401812133789,False,CALL,2026-08-28,UNH
UNH260828C00430000,430.0,20.75,14.35,21.1,9.0,73.0,0.42044646942138675,False,CALL,2026-08-28,UNH
UNH260828C00435000,435.0,17.26,12.0,18.2,29.0,19.0,0.40610335113525386,False,CALL,2026-08-28,UNH
UNH260828C00440000,440.0,14.2,10.4,15.95,8.0,49.0,0.40027455200195317,False,CALL,2026-08-28,UNH
UNH260828C00445000,445.0,11.0,7.9,12.6,17.0,26.0,0.3706422799682617,False,CALL,2026-08-28,UNH
UNH260828C00450000,450.0,9.1,6.25,10.7,26.0,56.0,0.36405054901123046,False,CALL,2026-08-28,UNH
UNH260828C00455000,455.0,9.01,4.95,9.9,3.0,37.0,0.375982802734375,False,CALL,2026-08-28,UNH
UNH260828C00460000,460.0,6.35,4.2,7.5,17.0,34.0,0.3518131225585937,False,CALL,2026-08-28,UNH
UNH260828C00465000,465.0,6.4,2.57,6.0,7.0,20.0,0.3417729397583008,False,CALL,2026-08-28,UNH
UNH260828C00470000,470.0,4.4,1.73,5.9,31.0,43.0,0.3619448571777344,False,CALL,2026-08-28,UNH
UNH260828C00475000,475.0,4.31,2.15,4.25,10.0,17.0,0.3404606970214844,False,CALL,2026-08-28,UNH
UNH260828C00480000,480.0,2.45,2.45,4.2,3.0,26.0,0.35907623352050777,False,CALL,2026-08-28,UNH
UNH260828C00485000,485.0,2.3,0.0,0.0,26.0,14.0,0.062509375,False,CALL,2026-08-28,UNH
UNH260828C00490000,490.0,2.22,0.0,0.0,39.0,71.0,0.062509375,False,CALL,2026-08-28,UNH
UNH260828C00495000,495.0,2.03,0.0,0.0,3.0,6.0,0.12500875,False,CALL,2026-08-28,UNH
UNH260828C00500000,500.0,1.3,0.01,2.6,106.0,83.0,0.37854625366210937,False,CALL,2026-08-28,UNH
UNH260828C00510000,510.0,1.08,0.0,0.0,20.0,56.0,0.12500875,False,CALL,2026-08-28,UNH
UNH260828C00520000,520.0,0.75,0.0,0.0,32.0,22.0,0.12500875,False,CALL,2026-08-28,UNH
UNH260828C00530000,530.0,1.26,0.0,0.0,10.0,10.0,0.12500875,False,CALL,2026-08-28,UNH
UNH260828C00540000,540.0,0.47,0.01,0.73,3.0,8.0,0.38794557373046873,False,CALL,2026-08-28,UNH
UNH260828P00300000,300.0,0.45,0.0,1.5,,1.0,0.5561567822265626,False,PUT,2026-08-28,UNH
UNH260828P00330000,330.0,0.5,0.0,0.0,,1.0,0.12500875,False,PUT,2026-08-28,UNH
UNH260828P00340000,340.0,0.96,0.0,0.0,1.0,5.0,0.12500875,False,PUT,2026-08-28,UNH
UNH260828P00350000,350.0,1.1,0.0,0.0,4.0,3.0,0.12500875,False,PUT,2026-08-28,UNH
UNH260828P00355000,355.0,1.06,0.53,2.01,1.0,1.0,0.39600213378906257,False,PUT,2026-08-28,UNH
UNH260828P00360000,360.0,1.28,0.25,3.05,1.0,6.0,0.4169369830322265,False,PUT,2026-08-28,UNH
UNH260828P00365000,365.0,3.51,0.38,2.6,3.0,25.0,0.373480386352539,False,PUT,2026-08-28,UNH
UNH260828P00370000,370.0,2.75,0.92,2.75,1.0,5.0,0.35425450439453116,False,PUT,2026-08-28,UNH
UNH260828P00375000,375.0,2.18,0.0,0.0,3.0,16.0,0.062509375,False,PUT,2026-08-28,UNH
UNH260828P00380000,380.0,2.57,1.3,4.8,6.0,27.0,0.36762106994628907,False,PUT,2026-08-28,UNH
UNH260828P00385000,385.0,3.05,2.25,4.65,5.0,9.0,0.33515069152832033,False,PUT,2026-08-28,UNH
UNH260828P00390000,390.0,3.8,0.0,0.0,16.0,45.0,0.062509375,False,PUT,2026-08-28,UNH
UNH260828P00395000,395.0,5.14,2.51,5.7,6.0,17.0,0.3037789349365234,False,PUT,2026-08-28,UNH
UNH260828P00400000,400.0,5.6,4.1,7.3,31.0,342.0,0.3089668713378906,False,PUT,2026-08-28,UNH
UNH260828P00405000,405.0,6.47,5.3,8.85,2.0,24.0,0.30808187042236324,False,PUT,2026-08-28,UNH
UNH260828P00410000,410.0,7.2,6.85,10.85,3.0,16.0,0.31168290863037107,False,PUT,2026-08-28,UNH
UNH260828P00415000,415.0,8.81,7.9,13.1,4.0,9.0,0.3154060159301757,False,PUT,2026-08-28,UNH
UNH260828P00420000,420.0,12.95,10.0,15.25,19.0,32.0,0.3129951513671875,False,PUT,2026-08-28,UNH
UNH260828P00425000,425.0,12.62,12.0,16.95,14.0,86.0,0.2985909985351562,True,PUT,2026-08-28,UNH
UNH260828P00430000,430.0,15.0,15.6,19.4,3.0,10.0,0.2934640966796874,True,PUT,2026-08-28,UNH
UNH260828P00435000,435.0,18.65,15.7,22.1,2.0,9.0,0.2885508157348632,True,PUT,2026-08-28,UNH
UNH260828P00440000,440.0,18.42,18.1,25.35,3.0,3.0,0.2893747821044921,True,PUT,2026-08-28,UNH
UNH260828P00445000,445.0,21.0,21.6,27.35,,6.0,0.2611157873535156,True,PUT,2026-08-28,UNH
UNH260828P00450000,450.0,23.0,24.6,30.55,66.0,63.0,0.24988543090820312,True,PUT,2026-08-28,UNH
UNH260828P00455000,455.0,32.57,28.3,33.15,1.0,11.0,0.21479056701660154,True,PUT,2026-08-28,UNH
UNH260828P00460000,460.0,26.93,32.15,39.25,2.0,1.0,0.26605958557128906,True,PUT,2026-08-28,UNH
UNH260828P00475000,475.0,28.98,46.65,51.5,,6.0,0.23133092895507812,True,PUT,2026-08-28,UNH
UNH260828P00480000,480.0,49.15,49.55,55.9,2.0,1.0,0.21009090698242186,True,PUT,2026-08-28,UNH
UNH260828P00490000,490.0,63.23,62.0,69.85,2.0,2.0,0.40454697021484376,True,PUT,2026-08-28,UNH
UNH260828P00540000,540.0,113.97,106.6,114.1,4.0,0.0,1.0000000000000003e-05,True,PUT,2026-08-28,UNH
UNH260918C00300000,300.0,132.68,125.7,131.45,13.0,1536.0,0.6400182482910157,True,CALL,2026-09-18,UNH
UNH260918C00310000,310.0,144.72,113.95,121.0,1.0,1057.0,0.5454757366943359,True,CALL,2026-09-18,UNH
UNH260918C00320000,320.0,113.55,108.8,115.6,14.0,1648.0,0.6629062030029298,True,CALL,2026-09-18,UNH
UNH260918C00330000,330.0,104.5,99.35,105.75,29.0,1775.0,0.6203040899658205,True,CALL,2026-09-18,UNH
UNH260918C00340000,340.0,93.98,86.25,92.35,2.0,1764.0,0.5632978240966797,True,CALL,2026-09-18,UNH
UNH260918C00350000,350.0,84.24,80.35,86.6,5.0,1938.0,0.5394027993774416,True,CALL,2026-09-18,UNH
UNH260918C00360000,360.0,76.95,71.45,77.65,7.0,1647.0,0.5109912182617188,True,CALL,2026-09-18,UNH
UNH260918C00370000,370.0,66.0,62.1,68.25,3.0,1303.0,0.5305527902221681,True,CALL,2026-09-18,UNH
UNH260918C00380000,380.0,61.12,53.7,59.45,36.0,1988.0,0.4950001672363281,True,CALL,2026-09-18,UNH
UNH260918C00390000,390.0,47.95,42.9,47.6,37.0,1742.0,0.40463852203369144,True,CALL,2026-09-18,UNH
UNH260918C00400000,400.0,39.8,37.0,43.2,23.0,3039.0,0.4361018304443359,True,CALL,2026-09-18,UNH
UNH260918C00410000,410.0,37.3,29.95,36.55,21.0,2085.0,0.42175871215820315,True,CALL,2026-09-18,UNH
UNH260918C00420000,420.0,26.2,23.1,26.25,163.0,1156.0,0.34708294525146477,True,CALL,2026-09-18,UNH
UNH260918C00430000,430.0,20.88,18.7,23.7,171.0,1535.0,0.3779969427490234,False,CALL,2026-09-18,UNH
UNH260918C00440000,440.0,16.75,14.45,16.15,255.0,2173.0,0.3270636141967773,False,CALL,2026-09-18,UNH
UNH260918C00450000,450.0,12.8,10.45,12.6,344.0,4091.0,0.3244696459960937,False,CALL,2026-09-18,UNH
UNH260918C00460000,460.0,9.35,8.25,11.9,99.0,1257.0,0.35867950897216794,False,CALL,2026-09-18,UNH
UNH260918C00470000,470.0,7.25,6.3,7.95,44.0,949.0,0.33179379150390625,False,CALL,2026-09-18,UNH
UNH260918C00480000,480.0,5.15,4.4,5.9,359.0,1633.0,0.32782654602050776,False,CALL,2026-09-18,UNH
UNH260918C00490000,490.0,4.5,3.3,4.0,2.0,1305.0,0.316840327758789,False,CALL,2026-09-18,UNH
UNH260918C00500000,500.0,2.7,2.71,3.55,1.0,2205.0,0.3341741387939453,False,CALL,2026-09-18,UNH
UNH260918C00520000,520.0,1.81,1.3,1.73,1.0,804.0,0.32532412963867186,False,CALL,2026-09-18,UNH
UNH260918C00540000,540.0,0.85,0.45,1.27,106.0,366.0,0.34778484252929687,False,CALL,2026-09-18,UNH
UNH260918P00300000,300.0,0.52,0.0,0.0,5.0,3207.0,0.12500875,False,PUT,2026-09-18,UNH
UNH260918P00310000,310.0,0.56,0.0,0.0,6.0,2615.0,0.12500875,False,PUT,2026-09-18,UNH
UNH260918P00320000,320.0,0.78,0.58,1.12,10.0,1997.0,0.40698835205078127,False,PUT,2026-09-18,UNH
UNH260918P00330000,330.0,0.97,0.89,1.2,27.0,1935.0,0.3751283190917969,False,PUT,2026-09-18,UNH
UNH260918P00340000,340.0,1.52,0.91,2.05,18.0,1810.0,0.3813538427734374,False,PUT,2026-09-18,UNH
UNH260918P00350000,350.0,2.0,1.57,2.41,29.0,2093.0,0.3562076098632812,False,PUT,2026-09-18,UNH
UNH260918P00360000,360.0,2.92,2.24,3.2,447.0,1964.0,0.34241380249023434,False,PUT,2026-09-18,UNH
UNH260918P00370000,370.0,3.85,3.25,4.35,1.0,2167.0,0.33179379150390625,False,PUT,2026-09-18,UNH
UNH260918P00380000,380.0,5.46,4.35,5.65,116.0,1130.0,0.31690136230468746,False,PUT,2026-09-18,UNH
UNH260918P00390000,390.0,7.25,6.0,7.25,1.0,1157.0,0.3007882421875,False,PUT,2026-09-18,UNH
UNH260918P00400000,400.0,10.0,8.4,10.7,89.0,2054.0,0.3083565258789062,False,PUT,2026-09-18,UNH
UNH260918P00410000,410.0,13.25,11.15,13.35,411.0,829.0,0.2910837493896483,False,PUT,2026-09-18,UNH
UNH260918P00420000,420.0,17.2,15.95,18.4,82.0,430.0,0.2995065167236328,False,PUT,2026-09-18,UNH
UNH260918P00430000,430.0,20.89,20.15,24.1,119.0,646.0,0.305671005859375,True,PUT,2026-09-18,UNH
UNH260918P00440000,440.0,27.49,24.25,29.15,21.0,83.0,0.2914499566650389,True,PUT,2026-09-18,UNH
UNH260918P00450000,450.0,30.92,30.85,35.75,133.0,413.0,0.2891306439208984,True,PUT,2026-09-18,UNH
UNH260918P00460000,460.0,41.06,36.05,43.0,3.0,40.0,0.28650615844726557,True,PUT,2026-09-18,UNH
UNH260918P00470000,470.0,49.3,44.3,48.25,2.0,14.0,0.2262650616455078,True,PUT,2026-09-18,UNH
UNH260918P00480000,480.0,45.26,53.75,58.6,2.0,26.0,0.2662426892089844,True,PUT,2026-09-18,UNH
UNH260918P00490000,490.0,53.15,60.75,66.2,2.0,6.0,0.2111895288085937,True,PUT,2026-09-18,UNH
UNH260918P00500000,500.0,80.0,69.25,75.4,1.0,5.0,1.0000000000000003e-05,True,PUT,2026-09-18,UNH
UNH260918P00520000,520.0,93.35,92.2,99.35,4.0,4.0,0.3994505856323243,True,PUT,2026-09-18,UNH
UNH260918P00540000,540.0,110.8,111.25,117.6,2.0,0.0,0.39014281738281253,True,PUT,2026-09-18,UNH
UNH261016C00300000,300.0,135.74,129.3,135.95,1.0,2.0,0.6489598092651367,True,CALL,2026-10-16,UNH
UNH261016C00320000,320.0,121.2,107.9,115.0,,1.0,0.5304612384033205,True,CALL,2026-10-16,UNH
UNH261016C00330000,330.0,111.8,96.25,102.55,1.0,6.0,0.5134936346435546,True,CALL,2026-10-16,UNH
UNH261016C00340000,340.0,90.0,91.35,97.9,4.0,7.0,0.5130663928222656,True,CALL,2026-10-16,UNH
UNH261016C00350000,350.0,87.7,78.25,85.0,1.0,2.0,0.4754996298217773,True,CALL,2026-10-16,UNH
UNH261016C00360000,360.0,83.45,72.0,79.6,1.0,1.0,0.508519319152832,True,CALL,2026-10-16,UNH
UNH261016C00370000,370.0,65.8,63.85,71.0,1.0,16.0,0.4817861880493164,True,CALL,2026-10-16,UNH
UNH261016C00380000,380.0,59.28,57.0,62.9,9.0,19.0,0.45990530334472657,True,CALL,2026-10-16,UNH
UNH261016C00390000,390.0,51.08,48.0,53.65,4.0,8.0,0.41919526123046874,True,CALL,2026-10-16,UNH
UNH261016C00400000,400.0,49.8,41.65,46.65,3.0,21.0,0.4058897302246094,True,CALL,2026-10-16,UNH
UNH261016C00410000,410.0,42.05,36.0,43.35,14.0,50.0,0.4336604486083985,True,CALL,2026-10-16,UNH
UNH261016C00420000,420.0,33.5,30.0,37.35,19.0,37.0,0.42154509124755857,True,CALL,2026-10-16,UNH
UNH261016C00430000,430.0,27.86,24.3,28.4,70.0,105.0,0.36911641632080083,False,CALL,2026-10-16,UNH
UNH261016C00440000,440.0,26.0,20.4,24.1,33.0,928.0,0.36688865539550786,False,CALL,2026-10-16,UNH
UNH261016C00450000,450.0,18.38,15.8,18.9,33.0,149.0,0.34763225616455073,False,CALL,2026-10-16,UNH
UNH261016C00460000,460.0,18.35,12.65,15.65,27.0,399.0,0.3460453579711914,False,CALL,2026-10-16,UNH
UNH261016C00470000,470.0,14.7,11.3,13.4,54.0,558.0,0.3519657089233398,False,CALL,2026-10-16,UNH
UNH261016C00480000,480.0,10.0,8.8,10.5,19.0,79.0,0.3435429415893554,False,CALL,2026-10-16,UNH
UNH261016C00490000,490.0,9.55,7.05,9.6,8.0,48.0,0.35965606170654296,False,CALL,2026-10-16,UNH
UNH261016C00500000,500.0,7.15,5.3,7.7,21.0,68.0,0.3563601962280273,False,CALL,2026-10-16,UNH
UNH261016C00510000,510.0,5.45,3.5,6.5,22.0,28.0,0.3604189935302734,False,CALL,2026-10-16,UNH
UNH261016C00520000,520.0,4.75,3.25,5.5,8.0,84.0,0.3645998599243164,False,CALL,2026-10-16,UNH
UNH261016C00530000,530.0,3.9,2.24,4.4,11.0,18.0,0.36286037536621096,False,CALL,2026-10-16,UNH
UNH261016C00540000,540.0,3.3,1.52,4.15,1.0,164.0,0.3777528045654296,False,CALL,2026-10-16,UNH
UNH261016C00550000,550.0,2.74,1.16,2.99,2.0,168.0,0.36640037902832034,False,CALL,2026-10-16,UNH
UNH261016P00300000,300.0,1.2,0.01,2.28,6.0,29.0,0.4631401342773438,False,PUT,2026-10-16,UNH
UNH261016P00310000,310.0,1.43,0.69,2.99,24.0,47.0,0.4555718505859375,False,PUT,2026-10-16,UNH
UNH261016P00320000,320.0,2.0,0.92,3.25,5.0,35.0,0.42780113220214844,False,PUT,2026-10-16,UNH
UNH261016P00330000,330.0,2.29,1.46,5.45,78.0,107.0,0.45361874511718747,False,PUT,2026-10-16,UNH
UNH261016P00340000,340.0,3.35,2.06,4.2,6.0,2507.0,0.3821472918701171,False,PUT,2026-10-16,UNH
UNH261016P00350000,350.0,4.21,3.15,5.4,17.0,81.0,0.3736940072631836,False,PUT,2026-10-16,UNH
UNH261016P00360000,360.0,5.05,4.45,7.05,41.0,911.0,0.3687807263183594,False,PUT,2026-10-16,UNH
UNH261016P00370000,370.0,7.15,6.15,8.35,1.0,462.0,0.3514163980102538,False,PUT,2026-10-16,UNH
UNH261016P00380000,380.0,9.37,7.7,10.95,1.0,108.0,0.3506839834594726,False,PUT,2026-10-16,UNH
UNH261016P00390000,390.0,11.74,10.2,13.75,1.0,162.0,0.3455570816040039,False,PUT,2026-10-16,UNH
UNH261016P00400000,400.0,14.0,12.8,17.15,13.0,306.0,0.34192552612304683,False,PUT,2026-10-16,UNH
UNH261016P00410000,410.0,18.74,16.2,21.0,33.0,115.0,0.3372258660888672,False,PUT,2026-10-16,UNH
UNH261016P00420000,420.0,22.75,20.15,23.4,64.0,78.0,0.3084175604248046,False,PUT,2026-10-16,UNH
UNH261016P00430000,430.0,24.95,24.85,30.5,40.0,843.0,0.32961180648803706,True,PUT,2026-10-16,UNH
UNH261016P00440000,440.0,30.63,28.55,34.7,7.0,49.0,0.3089668713378906,True,PUT,2026-10-16,UNH
UNH261016P00450000,450.0,35.6,34.95,41.15,1.0,117.0,0.3084175604248046,True,PUT,2026-10-16,UNH
UNH261016P00460000,460.0,41.48,41.95,47.1,1.0,18.0,0.2941965112304687,True,PUT,2026-10-16,UNH
UNH261016P00490000,490.0,65.85,65.4,70.75,2.0,0.0,0.28852029846191396,True,PUT,2026-10-16,UNH
UNH261016P00510000,510.0,89.35,80.65,86.65,,1.0,0.23236851623535154,True,PUT,2026-10-16,UNH
UNH261016P00550000,550.0,120.5,120.4,126.65,7.0,7.0,0.3039620385742187,True,PUT,2026-10-16,UNH
UNH261120C00300000,300.0,140.0,127.2,133.85,11.0,169.0,0.5738262832641602,True,CALL,2026-11-20,UNH
UNH261120C00310000,310.0,120.75,121.35,128.2,2.0,253.0,0.5523421231079101,True,CALL,2026-11-20,UNH
UNH261120C00320000,320.0,111.08,111.8,115.45,3.0,292.0,0.5249986465454101,True,CALL,2026-11-20,UNH
UNH261120C00330000,330.0,123.45,99.25,106.0,2.0,188.0,0.4949696499633789,True,CALL,2026-11-20,UNH
UNH261120C00340000,340.0,102.2,90.65,97.1,1.0,213.0,0.47330238616943365,True,CALL,2026-11-20,UNH
UNH261120C00350000,350.0,94.52,81.95,88.65,19.0,534.0,0.4567009896850587,True,CALL,2026-11-20,UNH
UNH261120C00360000,360.0,82.17,74.0,79.5,1.0,436.0,0.42816733947753904,True,CALL,2026-11-20,UNH
UNH261120C00370000,370.0,77.0,69.3,74.0,17.0,504.0,0.44528752960205076,True,CALL,2026-11-20,UNH
UNH261120C00380000,380.0,69.77,59.25,65.25,1.0,910.0,0.4169369830322265,True,CALL,2026-11-20,UNH
UNH261120C00390000,390.0,56.9,55.0,61.85,8.0,621.0,0.44751529052734373,True,CALL,2026-11-20,UNH
UNH261120C00400000,400.0,49.57,46.6,52.55,19.0,692.0,0.4073240420532227,True,CALL,2026-11-20,UNH
UNH261120C00410000,410.0,46.42,42.0,48.6,5.0,560.0,0.42175871215820315,True,CALL,2026-11-20,UNH
UNH261120C00420000,420.0,43.09,36.0,40.4,10.0,494.0,0.3877319528198242,True,CALL,2026-11-20,UNH
UNH261120C00430000,430.0,33.8,30.45,35.1,37.0,203.0,0.3800110827636719,False,CALL,2026-11-20,UNH
UNH261120C00440000,440.0,28.25,27.15,31.15,41.0,262.0,0.3818878950500488,False,CALL,2026-11-20,UNH
UNH261120C00450000,450.0,28.0,22.55,25.7,29.0,364.0,0.36437098037719734,False,CALL,2026-11-20,UNH
UNH261120C00460000,460.0,23.98,19.05,22.05,48.0,244.0,0.36105985626220705,False,CALL,2026-11-20,UNH
UNH261120C00470000,470.0,20.45,15.4,20.85,12.0,159.0,0.3801026345825196,False,CALL,2026-11-20,UNH
UNH261120C00480000,480.0,15.1,13.2,16.15,5.0,1625.0,0.3574588180541992,False,CALL,2026-11-20,UNH
UNH261120C00490000,490.0,12.45,11.15,14.0,1.0,95.0,0.3591983026123047,False,CALL,2026-11-20,UNH
UNH261120C00500000,500.0,10.5,9.95,12.25,1.0,377.0,0.36257046127319337,False,CALL,2026-11-20,UNH
UNH261120C00520000,520.0,8.63,6.4,7.9,108.0,209.0,0.34729656616210935,False,CALL,2026-11-20,UNH
UNH261120C00540000,540.0,5.75,3.8,6.0,2.0,45.0,0.3549869189453124,False,CALL,2026-11-20,UNH
UNH261120P00300000,300.0,2.11,1.53,3.05,2.0,436.0,0.4200497448730469,False,PUT,2026-11-20,UNH
UNH261120P00310000,310.0,2.4,1.57,3.25,2.0,494.0,0.3942931665039063,False,PUT,2026-11-20,UNH
UNH261120P00320000,320.0,3.5,2.49,4.5,2.0,385.0,0.39600213378906257,False,PUT,2026-11-20,UNH
UNH261120P00330000,330.0,4.15,3.35,5.15,1.0,518.0,0.3779969427490234,False,PUT,2026-11-20,UNH
UNH261120P00340000,340.0,5.55,4.1,5.6,2.0,631.0,0.35407140075683585,False,PUT,2026-11-20,UNH
UNH261120P00350000,350.0,6.42,5.65,7.65,2.0,1150.0,0.35785554260253905,False,PUT,2026-11-20,UNH
UNH261120P00360000,360.0,7.65,7.25,9.75,28.0,462.0,0.3555667471313476,False,PUT,2026-11-20,UNH
UNH261120P00370000,370.0,9.5,9.2,11.55,18.0,405.0,0.3438786315917969,False,PUT,2026-11-20,UNH
UNH261120P00380000,380.0,11.8,11.45,14.05,10.0,305.0,0.33740896972656254,False,PUT,2026-11-20,UNH
UNH261120P00390000,390.0,14.3,14.3,16.8,12.0,336.0,0.3293218923950195,False,PUT,2026-11-20,UNH
UNH261120P00400000,400.0,17.4,17.3,20.25,23.0,381.0,0.3244696459960937,False,PUT,2026-11-20,UNH
UNH261120P00410000,410.0,22.11,20.3,25.95,13.0,154.0,0.33840078109741206,False,PUT,2026-11-20,UNH
UNH261120P00420000,420.0,24.6,25.4,29.3,3.0,219.0,0.3222571437072753,False,PUT,2026-11-20,UNH
UNH261120P00430000,430.0,30.8,28.35,34.05,2.0,104.0,0.31580274047851553,True,PUT,2026-11-20,UNH
UNH261120P00440000,440.0,39.9,33.85,39.35,40.0,48.0,0.309928165435791,True,PUT,2026-11-20,UNH
UNH261120P00450000,450.0,40.93,38.95,45.55,1.0,62.0,0.308249715423584,True,PUT,2026-11-20,UNH
UNH261120P00460000,460.0,51.3,47.9,53.85,11.0,72.0,0.32414921463012686,True,PUT,2026-11-20,UNH
UNH261120P00470000,470.0,64.6,52.1,58.1,,5.0,0.2910532321166991,True,PUT,2026-11-20,UNH
UNH261120P00480000,480.0,67.85,59.35,66.0,8.0,9.0,0.2933420275878905,True,PUT,2026-11-20,UNH
UNH261120P00500000,500.0,82.9,77.6,84.25,,1.0,0.31938852005004875,True,PUT,2026-11-20,UNH
UNH261218C00300000,300.0,137.0,128.3,135.75,10.0,1187.0,0.5530745376586915,True,CALL,2026-12-18,UNH
UNH261218C00310000,310.0,127.18,118.45,125.45,3.0,624.0,0.5105334591674805,True,CALL,2026-12-18,UNH
UNH261218C00320000,320.0,115.06,111.45,116.6,1.0,448.0,0.49268085449218757,True,CALL,2026-12-18,UNH
UNH261218C00330000,330.0,111.45,105.25,111.75,4.0,1335.0,0.5303696865844728,True,CALL,2026-12-18,UNH
UNH261218C00340000,340.0,104.12,96.0,102.75,2.0,579.0,0.504384228668213,True,CALL,2026-12-18,UNH
UNH261218C00350000,350.0,89.85,88.3,94.8,2.0,1369.0,0.49066671447753907,True,CALL,2026-12-18,UNH
UNH261218C00360000,360.0,81.47,80.0,86.4,1.0,873.0,0.46960979614257814,True,CALL,2026-12-18,UNH
UNH261218C00370000,370.0,70.4,69.7,74.45,2.0,751.0,0.4072935247802735,True,CALL,2026-12-18,UNH
UNH261218C00380000,380.0,65.5,63.4,69.65,1.0,379.0,0.42365078308105464,True,CALL,2026-12-18,UNH
UNH261218C00390000,390.0,64.63,57.0,64.35,1.0,863.0,0.4295100994873047,True,CALL,2026-12-18,UNH
UNH261218C00400000,400.0,58.4,51.0,57.75,4.0,3240.0,0.4186917262268066,True,CALL,2026-12-18,UNH
UNH261218C00410000,410.0,50.65,46.0,51.75,5.0,420.0,0.4107724938964844,True,CALL,2026-12-18,UNH
UNH261218C00420000,420.0,42.84,39.05,45.0,30.0,800.0,0.39284359603881835,True,CALL,2026-12-18,UNH
UNH261218C00430000,430.0,39.85,33.9,40.05,546.0,1310.0,0.3885864364624023,False,CALL,2026-12-18,UNH
UNH261218C00440000,440.0,32.9,29.0,34.9,48.0,740.0,0.37923289230346674,False,CALL,2026-12-18,UNH
UNH261218C00450000,450.0,26.64,25.4,29.55,137.0,2953.0,0.3646914117431641,False,CALL,2026-12-18,UNH
UNH261218C00460000,460.0,26.9,22.5,27.2,2.0,267.0,0.37459426681518554,False,CALL,2026-12-18,UNH
UNH261218C00470000,470.0,22.5,17.25,22.35,12.0,923.0,0.3578097666931152,False,CALL,2026-12-18,UNH
UNH261218C00480000,480.0,17.0,16.7,20.1,1.0,719.0,0.36272304763793944,False,CALL,2026-12-18,UNH
UNH261218C00490000,490.0,17.45,13.2,17.2,14.0,542.0,0.3582827844238281,False,CALL,2026-12-18,UNH
UNH261218C00500000,500.0,12.51,10.7,14.0,70.0,4505.0,0.3471287211608886,False,CALL,2026-12-18,UNH
UNH261218C00510000,510.0,12.5,8.45,12.0,12.0,758.0,0.34574018524169914,False,CALL,2026-12-18,UNH
UNH261218C00520000,520.0,10.63,7.8,10.5,4.0,444.0,0.3475864802551269,False,CALL,2026-12-18,UNH
UNH261218C00530000,530.0,9.1,6.55,8.75,36.0,200.0,0.3435734588623046,False,CALL,2026-12-18,UNH
UNH261218C00540000,540.0,6.7,5.25,8.6,1.0,811.0,0.35928985443115236,False,CALL,2026-12-18,UNH
UNH261218P00300000,300.0,3.1,0.0,0.0,18.0,3397.0,0.12500875,False,PUT,2026-12-18,UNH
UNH261218P00310000,310.0,3.9,3.05,5.05,5.0,685.0,0.4007628283691406,False,PUT,2026-12-18,UNH
UNH261218P00320000,320.0,4.3,3.9,7.1,5.0,730.0,0.4107724938964844,False,PUT,2026-12-18,UNH
UNH261218P00330000,330.0,5.4,5.0,6.85,23.0,1545.0,0.3737245245361328,False,PUT,2026-12-18,UNH
UNH261218P00340000,340.0,6.65,5.6,9.8,27.0,1034.0,0.38934936828613287,False,PUT,2026-12-18,UNH
UNH261218P00350000,350.0,8.33,7.1,10.45,90.0,847.0,0.3647829635620118,False,PUT,2026-12-18,UNH
UNH261218P00360000,360.0,10.08,9.6,12.3,2.0,809.0,0.35513950531005856,False,PUT,2026-12-18,UNH
UNH261218P00370000,370.0,13.23,11.45,14.6,6.0,850.0,0.3477238079833984,False,PUT,2026-12-18,UNH
UNH261218P00380000,380.0,15.64,13.2,17.35,420.0,318.0,0.3417729397583008,False,PUT,2026-12-18,UNH
UNH261218P00390000,390.0,18.97,16.2,20.0,1.0,136.0,0.33100034240722653,False,PUT,2026-12-18,UNH
UNH261218P00400000,400.0,20.6,19.55,24.3,7.0,575.0,0.33316706878662117,False,PUT,2026-12-18,UNH
UNH261218P00410000,410.0,23.85,24.15,27.9,11.0,185.0,0.3241797319030761,False,PUT,2026-12-18,UNH
UNH261218P00420000,420.0,27.8,28.95,31.45,14.0,219.0,0.31098101135253897,False,PUT,2026-12-18,UNH
UNH261218P00430000,430.0,32.4,33.25,38.05,6.0,129.0,0.32186041915893554,True,PUT,2026-12-18,UNH
UNH261218P00440000,440.0,39.28,38.55,43.05,15.0,44.0,0.31392592819213866,True,PUT,2026-12-18,UNH
UNH261218P00450000,450.0,45.17,41.75,48.15,9.0,134.0,0.30277186492919916,True,PUT,2026-12-18,UNH
UNH261218P00460000,460.0,46.01,49.35,54.75,3.0,54.0,0.30145962219238287,True,PUT,2026-12-18,UNH
UNH261218P00470000,470.0,44.15,54.1,61.45,1.0,43.0,0.2971414280700683,True,PUT,2026-12-18,UNH
UNH261218P00480000,480.0,64.24,61.5,66.3,5.0,24.0,0.2683178637695312,True,PUT,2026-12-18,UNH
UNH261218P00490000,490.0,70.38,68.9,73.75,3.0,60.0,0.2612683737182617,True,PUT,2026-12-18,UNH
UNH261218P00500000,500.0,73.69,76.35,81.7,2.0,8.0,0.25522595367431644,True,PUT,2026-12-18,UNH
UNH261218P00530000,530.0,84.78,103.8,110.4,1.0,1.0,0.2897409893798828,True,PUT,2026-12-18,UNH
UNH261218P00540000,540.0,111.5,110.2,116.6,1.0,1.0,0.22187057434082028,True,PUT,2026-12-18,UNH
UNH270319C00300000,300.0,146.58,133.9,140.5,6.0,137.0,0.5003406900024415,True,CALL,2027-03-19,UNH
UNH270319C00310000,310.0,133.2,122.6,128.9,5.0,194.0,0.4484308087158203,True,CALL,2027-03-19,UNH
UNH270319C00320000,320.0,111.2,116.75,122.55,5.0,294.0,0.45998159652709963,True,CALL,2027-03-19,UNH
UNH270319C00330000,330.0,119.23,107.85,114.6,2.0,147.0,0.45001770690917964,True,CALL,2027-03-19,UNH
UNH270319C00340000,340.0,104.84,103.55,110.65,6.0,152.0,0.4777273907470704,True,CALL,2027-03-19,UNH
UNH270319C00350000,350.0,101.59,97.0,102.55,1.0,444.0,0.4613548738098145,True,CALL,2027-03-19,UNH
UNH270319C00360000,360.0,87.31,86.0,91.6,1.0,180.0,0.4185849157714844,True,CALL,2027-03-19,UNH
UNH270319C00370000,370.0,103.18,80.75,88.0,9.0,262.0,0.4396418341064453,True,CALL,2027-03-19,UNH
UNH270319C00380000,380.0,81.82,74.6,81.0,4.0,438.0,0.42874716766357424,True,CALL,2027-03-19,UNH
UNH270319C00390000,390.0,72.2,67.3,74.0,3.0,403.0,0.41628086166381834,True,CALL,2027-03-19,UNH
UNH270319C00400000,400.0,61.37,61.0,68.35,14.0,436.0,0.41263404754638666,True,CALL,2027-03-19,UNH
UNH270319C00410000,410.0,61.85,52.45,59.7,2.0,280.0,0.38442082870483396,True,CALL,2027-03-19,UNH
UNH270319C00420000,420.0,51.0,49.5,56.65,184.0,709.0,0.3963683410644532,True,CALL,2027-03-19,UNH
UNH270319C00430000,430.0,50.75,44.25,50.6,5.0,187.0,0.38397832824707034,False,CALL,2027-03-19,UNH
UNH270319C00440000,440.0,44.63,38.5,45.85,16.0,740.0,0.37912608184814456,False,CALL,2027-03-19,UNH
UNH270319C00450000,450.0,40.69,35.1,41.95,5.0,524.0,0.37840892593383785,False,CALL,2027-03-19,UNH
UNH270319C00460000,460.0,37.84,30.75,37.65,13.0,426.0,0.3727937477111816,False,CALL,2027-03-19,UNH
UNH270319C00470000,470.0,29.92,28.1,33.95,87.0,294.0,0.3695894340515136,False,CALL,2027-03-19,UNH
UNH270319C00480000,480.0,29.85,0.0,0.0,7.0,508.0,0.0312596875,False,CALL,2027-03-19,UNH
UNH270319C00490000,490.0,25.48,21.6,26.95,2.0,299.0,0.3602969244384765,False,CALL,2027-03-19,UNH
UNH270319C00500000,500.0,22.58,19.7,23.9,14.0,719.0,0.3561313166809082,False,CALL,2027-03-19,UNH
UNH270319C00510000,510.0,21.11,17.35,21.2,1.0,2.0,0.3528201925659179,False,CALL,2027-03-19,UNH
UNH270319C00520000,520.0,18.5,15.35,19.3,10.0,454.0,0.3543460562133788,False,CALL,2027-03-19,UNH
UNH270319C00530000,530.0,22.96,13.15,17.85,,10.0,0.3582980430603027,False,CALL,2027-03-19,UNH
UNH270319C00540000,540.0,13.2,11.4,15.35,88.0,325.0,0.3514163980102538,False,CALL,2027-03-19,UNH
UNH270319C00550000,550.0,13.0,11.0,13.35,4.0,7.0,0.347113462524414,False,CALL,2027-03-19,UNH
UNH270319P00300000,300.0,6.7,5.75,7.4,9.0,446.0,0.3828797064208984,False,PUT,2027-03-19,UNH
UNH270319P00310000,310.0,7.7,6.0,8.9,6.0,209.0,0.37814952911376953,False,PUT,2027-03-19,UNH
UNH270319P00320000,320.0,6.8,7.7,11.0,4.0,182.0,0.37842418457031246,False,PUT,2027-03-19,UNH
UNH270319P00330000,330.0,10.0,9.45,11.95,10.0,391.0,0.36157864990234373,False,PUT,2027-03-19,UNH
UNH270319P00340000,340.0,11.87,11.25,15.65,1.0,226.0,0.37387711090087883,False,PUT,2027-03-19,UNH
UNH270319P00350000,350.0,14.13,12.75,15.8,15.0,276.0,0.34549604705810544,False,PUT,2027-03-19,UNH
UNH270319P00360000,360.0,16.76,15.1,18.85,2.0,307.0,0.3450077706909179,False,PUT,2027-03-19,UNH
UNH270319P00370000,370.0,19.15,17.55,22.05,1.0,246.0,0.34276475112915034,False,PUT,2027-03-19,UNH
UNH270319P00380000,380.0,21.8,20.35,24.2,4.0,395.0,0.3289251678466796,False,PUT,2027-03-19,UNH
UNH270319P00390000,390.0,23.1,23.1,28.55,14.0,266.0,0.331061376953125,False,PUT,2027-03-19,UNH
UNH270319P00400000,400.0,29.05,28.0,32.05,10.0,620.0,0.3235999037170409,False,PUT,2027-03-19,UNH
UNH270319P00410000,410.0,34.2,31.5,36.9,2.0,310.0,0.32392033508300777,False,PUT,2027-03-19,UNH
UNH270319P00420000,420.0,36.85,35.15,41.0,7.0,414.0,0.31600873207092284,False,PUT,2027-03-19,UNH
UNH270319P00430000,430.0,43.65,41.55,47.35,84.0,217.0,0.32201300552368156,True,PUT,2027-03-19,UNH
UNH270319P00440000,440.0,48.79,47.2,51.85,1.0,151.0,0.3120491159057617,True,PUT,2027-03-19,UNH
UNH270319P00450000,450.0,59.19,49.05,57.0,12.0,9.0,0.30428246994018554,True,PUT,2027-03-19,UNH
UNH270319P00460000,460.0,68.9,55.05,62.9,1.0,41.0,0.2994225942230224,True,PUT,2027-03-19,UNH
UNH270319P00470000,470.0,69.05,61.9,69.05,31.0,24.0,0.29384556259155264,True,PUT,2027-03-19,UNH
UNH270319P00480000,480.0,71.74,68.05,76.0,6.0,32.0,0.2918009053039549,True,PUT,2027-03-19,UNH
UNH270319P00490000,490.0,64.85,76.6,82.7,5.0,21.0,0.285239691619873,True,PUT,2027-03-19,UNH
UNH270319P00500000,500.0,72.73,82.8,90.0,1.0,5.0,0.28089098022460934,True,PUT,2027-03-19,UNH
UNH270917C00300000,300.0,152.55,142.0,151.0,1.0,54.0,0.47202066070556636,True,CALL,2027-09-17,UNH
UNH270917C00310000,310.0,163.78,132.4,142.0,1.0,124.0,0.45216917465209966,True,CALL,2027-09-17,UNH
UNH270917C00320000,320.0,129.78,130.0,138.0,1.0,84.0,0.47079996978759764,True,CALL,2027-09-17,UNH
UNH270917C00330000,330.0,122.0,120.35,128.0,2.0,77.0,0.4421595091247559,True,CALL,2027-09-17,UNH
UNH270917C00340000,340.0,113.65,114.0,123.0,1.0,351.0,0.44931580963134765,True,CALL,2027-09-17,UNH
UNH270917C00350000,350.0,113.55,109.0,117.0,1.0,114.0,0.4475610664367676,True,CALL,2027-09-17,UNH
UNH270917C00360000,360.0,108.25,100.5,108.0,1.0,78.0,0.42492487922668465,True,CALL,2027-09-17,UNH
UNH270917C00370000,370.0,94.0,91.65,100.0,1.0,136.0,0.408559991607666,True,CALL,2027-09-17,UNH
UNH270917C00380000,380.0,91.55,89.0,97.0,1.0,186.0,0.422308023071289,True,CALL,2027-09-17,UNH
UNH270917C00390000,390.0,89.0,82.45,91.0,1.0,98.0,0.41605198211669914,True,CALL,2027-09-17,UNH
UNH270917C00400000,400.0,78.33,76.0,84.0,7.0,94.0,0.4029371840667725,True,CALL,2027-09-17,UNH
UNH270917C00410000,410.0,75.1,71.7,80.0,4.0,89.0,0.40619490295410154,True,CALL,2027-09-17,UNH
UNH270917C00420000,420.0,76.02,66.0,73.0,13.0,120.0,0.3912185512542724,True,CALL,2027-09-17,UNH
UNH270917C00430000,430.0,61.62,61.95,70.0,9.0,62.0,0.39766532516479497,False,CALL,2027-09-17,UNH
UNH270917C00440000,440.0,77.5,57.0,66.0,5.0,112.0,0.3973067472076416,False,CALL,2027-09-17,UNH
UNH270917C00450000,450.0,58.3,53.0,62.0,15.0,148.0,0.39584191810607916,False,CALL,2027-09-17,UNH
UNH270917C00460000,460.0,51.32,47.5,55.0,1.0,51.0,0.3769135795593262,False,CALL,2027-09-17,UNH
UNH270917C00470000,470.0,54.72,44.0,53.0,2.0,91.0,0.38430638893127445,False,CALL,2027-09-17,UNH
UNH270917C00480000,480.0,45.0,41.45,49.0,2.0,43.0,0.37973642730712887,False,CALL,2027-09-17,UNH
UNH270917C00490000,490.0,40.95,38.1,46.0,1.0,25.0,0.37964487548828124,False,CALL,2027-09-17,UNH
UNH270917C00500000,500.0,40.19,33.95,42.65,3.0,444.0,0.3766694413757324,False,CALL,2027-09-17,UNH
UNH270917C00520000,520.0,33.25,31.0,34.75,1.0,457.0,0.36081571807861323,False,CALL,2027-09-17,UNH
UNH270917C00540000,540.0,27.5,23.55,31.65,1.0,34.0,0.36888753677368163,False,CALL,2027-09-17,UNH
UNH270917P00300000,300.0,13.11,10.5,15.2,1.0,88.0,0.37280900634765624,False,PUT,2027-09-17,UNH
UNH270917P00310000,310.0,13.8,12.25,17.15,2.0,56.0,0.36640037902832034,False,PUT,2027-09-17,UNH
UNH270917P00320000,320.0,16.87,14.25,19.3,1.0,74.0,0.3602816658020019,False,PUT,2027-09-17,UNH
UNH270917P00330000,330.0,19.07,16.4,23.9,1.0,52.0,0.37187822952270505,False,PUT,2027-09-17,UNH
UNH270917P00340000,340.0,22.09,20.9,23.25,2.0,49.0,0.34148302566528316,False,PUT,2027-09-17,UNH
UNH270917P00350000,350.0,24.9,23.0,27.05,6.0,51.0,0.3434513897705078,False,PUT,2027-09-17,UNH
UNH270917P00360000,360.0,25.35,24.65,30.1,1.0,188.0,0.33827108268737793,False,PUT,2027-09-17,UNH
UNH270917P00370000,370.0,30.71,27.8,33.45,1.0,132.0,0.3336019399261475,False,PUT,2027-09-17,UNH
UNH270917P00380000,380.0,34.91,31.25,37.0,12.0,135.0,0.3287268055725097,False,PUT,2027-09-17,UNH
UNH270917P00390000,390.0,38.35,35.0,40.75,1.0,36.0,0.32364567962646473,False,PUT,2027-09-17,UNH
UNH270917P00400000,400.0,42.0,38.0,46.0,18.0,85.0,0.3258734405517578,False,PUT,2027-09-17,UNH
UNH270917P00410000,410.0,45.41,42.0,51.5,1.0,33.0,0.32779602874755853,False,PUT,2027-09-17,UNH
UNH270917P00420000,420.0,53.1,48.0,57.0,1.0,14.0,0.32813171874999997,False,PUT,2027-09-17,UNH
UNH270917P00430000,430.0,55.38,51.0,59.0,1.0,21.0,0.3076546286010742,True,PUT,2027-09-17,UNH
UNH270917P00440000,440.0,61.0,57.0,65.0,5.0,215.0,0.30799031860351556,True,PUT,2027-09-17,UNH
UNH270917P00450000,450.0,71.85,61.55,70.0,3.0,23.0,0.30141384628295903,True,PUT,2027-09-17,UNH
UNH270917P00460000,460.0,74.49,67.0,76.0,6.0,13.0,0.298911429901123,True,PUT,2027-09-17,UNH
UNH270917P00470000,470.0,84.28,73.0,81.0,8.0,15.0,0.28945107528686514,True,PUT,2027-09-17,UNH
UNH270917P00480000,480.0,87.35,79.0,88.5,3.0,9.0,0.2924722853088378,True,PUT,2027-09-17,UNH
UNH270917P00490000,490.0,93.11,85.0,94.25,1.0,12.0,0.284263138885498,True,PUT,2027-09-17,UNH
UNH270917P00500000,500.0,99.95,93.0,101.55,5.0,19.0,0.28351546569824215,True,PUT,2027-09-17,UNH
UNH270917P00520000,520.0,118.2,108.0,116.0,1.0,5.0,0.2771602436065673,True,PUT,2027-09-17,UNH
UNH270917P00540000,540.0,130.0,122.0,131.0,1.0,5.0,0.26856200195312496,True,PUT,2027-09-17,UNH
