contractSymbol,strike,oi_change,signal_type,stock_price_change_pct,option_type,openInterest_new,openInterest_old,amount_threshold,amount_to_market_cap,amount_tier,expiry_date,股票价格(new),股票价格(old),股票价格(new open),股票价格(new high),股票价格(new low),lastPrice_new,bid,ask,volume,impliedVolatility,inTheMoney,symbol,lastPrice_old,option_price_change,stock_price_change,market_cap,option_price_change_pct,oi_change_abs
NVDA260116C00130000,130.0,-31416.0,多头平仓 Call，减仓，看涨减弱,-1.2192895275319897,CALL,0.0,31416.0,163363200.0,3.7728073584930496e-05,>50M,2026-01-16,178.06210327148438,180.25999450683597,178.99000549316406,179.2899932861328,176.97999572753906,52.0,0.0,0.0,97.0,1.0000000000000004e-05,True,NVDA,52.0,0.0,-0.012192895275319898,4330017000000.0,0.0,-31416.0
NVDA261218C00164000,164.0,-31502.0,多头平仓 Call，减仓，看涨减弱,-1.2192895275319897,CALL,0.0,31502.0,142389040.0,3.2884175743420866e-05,>50M,2026-12-18,178.06210327148438,180.25999450683597,178.99000549316406,179.2899932861328,176.97999572753906,45.2,41.75,45.0,9.0,0.51797967376709,True,NVDA,45.2,0.0,-0.012192895275319898,4330017000000.0,0.0,-31502.0
MSFT260320P00550000,550.0,-20466.0,多头平仓 Put，减仓，看跌减弱,1.1575685102342945,PUT,0.0,20466.0,137122200.0,3.60680152250009e-05,>50M,2026-03-20,491.1199951171875,485.5,487.5950012207031,491.7999877929688,486.6499938964844,67.0,64.95,67.5,1.0,0.253135520477295,True,MSFT,67.0,0.0,0.011575685102342945,3801767276203.0,0.0,-20466.0
NVDA270115C00135000,135.0,-18371.0,多头平仓 Call，减仓，看涨减弱,-1.2192895275319897,CALL,0.0,18371.0,117206980.0,2.7068480331601468e-05,>50M,2027-01-15,178.06210327148438,180.25999450683597,178.99000549316406,179.2899932861328,176.97999572753906,63.8,61.35,63.5,68.0,0.5679059323120117,True,NVDA,63.8,0.0,-0.012192895275319898,4330017000000.0,0.0,-18371.0
NVDA260320C00130000,130.0,-21108.0,多头平仓 Call，减仓，看涨减弱,-1.2192895275319897,CALL,0.0,21108.0,115882920.0,2.6762694003279895e-05,>50M,2026-03-20,178.06210327148438,180.25999450683597,178.99000549316406,179.2899932861328,176.97999572753906,54.9,0.0,0.0,14.0,1.0000000000000004e-05,True,NVDA,54.9,0.0,-0.012192895275319898,4330017000000.0,0.0,-21108.0
NVDA251219C00150000,150.0,-31813.0,多头平仓 Call，减仓，看涨减弱,-1.2192895275319897,CALL,0.0,31813.0,99892820.0,2.3069844760424727e-05,>50M,2025-12-19,178.06210327148438,180.25999450683597,178.99000549316406,179.2899932861328,176.97999572753906,31.4,29.65,31.05,431.0,0.6953155468750001,True,NVDA,31.4,0.0,-0.012192895275319898,4330017000000.0,0.0,-31813.0
MSFT260220C00480000,480.0,-30972.0,空头平仓 Call，回补信号，看涨,1.1575685102342945,CALL,0.0,30972.0,95300844.0,2.506751125891676e-05,>50M,2026-02-20,491.1199951171875,485.5,487.5950012207031,491.7999877929688,486.6499938964844,30.77,30.5,32.35,387.0,0.2820048606872558,True,MSFT,30.77,0.0,0.011575685102342945,3801767276203.0,0.0,-30972.0
NVDA260116C00135000,135.0,-18517.0,多头平仓 Call，减仓，看涨减弱,-1.2192895275319897,CALL,0.0,18517.0,89066770.0,2.056961208235441e-05,>50M,2026-01-16,178.06210327148438,180.25999450683597,178.99000549316406,179.2899932861328,176.97999572753906,48.1,45.0,46.7,12.0,0.6906769213867189,True,NVDA,48.1,0.0,-0.012192895275319898,4330017000000.0,0.0,-18517.0
NVDA270115C00130000,130.0,-13263.0,多头平仓 Call，减仓，看涨减弱,-1.2192895275319897,CALL,0.0,13263.0,88862100.0,2.0522344369548666e-05,>50M,2027-01-15,178.06210327148438,180.25999450683597,178.99000549316406,179.2899932861328,176.97999572753906,67.0,64.75,66.9,46.0,0.5777019769287108,True,NVDA,67.0,0.0,-0.012192895275319898,4330017000000.0,0.0,-13263.0
AMD260116P00240000,240.0,-27684.0,多头平仓 Put，减仓，看跌减弱,1.3512831121376383,PUT,0.0,27684.0,85543560.0,0.0003305665226382733,>50M,2026-01-16,217.13499450683597,214.2400054931641,216.3950042724609,218.3000030517578,214.03219604492188,30.9,29.65,32.2,4.0,0.5042774182128906,True,AMD,32.15,-0.038880248833592534,0.013512831121376382,258778654648.0,-3.8880248833592534,-27684.0
NVDA260116C00180000,180.0,-72870.0,多头平仓 Call，减仓，看涨减弱,-1.2192895275319897,CALL,0.0,72870.0,81250050.0,1.8764372056737885e-05,>50M,2026-01-16,178.06210327148438,180.25999450683597,178.99000549316406,179.2899932861328,176.97999572753906,11.15,10.5,11.15,1.0,0.4582573706054688,False,NVDA,11.82,-0.056683587140439924,-0.012192895275319898,4330017000000.0,-5.668358714043992,-72870.0
AMD260116C00160000,160.0,-13472.0,空头平仓 Call，回补信号，看涨,1.3512831121376383,CALL,0.0,13472.0,78568704.0,0.00030361354226403245,>50M,2026-01-16,217.13499450683597,214.2400054931641,216.3950042724609,218.3000030517578,214.03219604492188,58.32,57.8,59.9,17.0,0.6256140954589844,True,AMD,58.32,0.0,0.013512831121376382,258778654648.0,0.0,-13472.0
NVDA260116C00145000,145.0,-20595.0,多头平仓 Call，减仓，看涨减弱,-1.2192895275319897,CALL,0.0,20595.0,78055050.0,1.8026499665012863e-05,>50M,2026-01-16,178.06210327148438,180.25999450683597,178.99000549316406,179.2899932861328,176.97999572753906,37.9,0.0,0.0,41.0,1.0000000000000004e-05,True,NVDA,37.9,0.0,-0.012192895275319898,4330017000000.0,0.0,-20595.0
NVDA270115P00180000,180.0,-24803.0,空头平仓 Put，回补，看跌信号减弱,-1.2192895275319897,PUT,0.0,24803.0,75897180.0,1.7528148272858976e-05,>50M,2027-01-15,178.06210327148438,180.25999450683597,178.99000549316406,179.2899932861328,176.97999572753906,30.6,30.6,33.25,268.0,0.428091046295166,True,NVDA,30.6,0.0,-0.012192895275319898,4330017000000.0,0.0,-24803.0
NVDA280121C00200000,200.0,-15662.0,多头平仓 Call，减仓，看涨减弱,-1.2192895275319897,CALL,0.0,15662.0,74237880.0,1.7144939615710515e-05,>50M,2028-01-21,178.06210327148438,180.25999450683597,178.99000549316406,179.2899932861328,176.97999572753906,47.4,45.3,46.85,376.0,0.5226488165283203,False,NVDA,47.4,0.0,-0.012192895275319898,4330017000000.0,0.0,-15662.0
NVDA260618C00180000,180.0,-28345.0,多头平仓 Call，减仓，看涨减弱,-1.2192895275319897,CALL,0.0,28345.0,74008795.0,1.7092033356912916e-05,>50M,2026-06-18,178.06210327148438,180.25999450683597,178.99000549316406,179.2899932861328,176.97999572753906,26.11,25.5,26.4,13.0,0.5082446636962892,False,NVDA,26.65,-0.02026266416510316,-0.012192895275319898,4330017000000.0,-2.026266416510316,-28345.0
NVDA261218C00140000,140.0,-12242.0,多头平仓 Call，减仓，看涨减弱,-1.2192895275319897,CALL,0.0,12242.0,72803174.0,1.681360003898368e-05,>50M,2026-12-18,178.06210327148438,180.25999450683597,178.99000549316406,179.2899932861328,176.97999572753906,59.47,56.95,59.15,10.0,0.5596357513427734,True,NVDA,59.47,0.0,-0.012192895275319898,4330017000000.0,0.0,-12242.0
NVDA261218C00160000,160.0,-14261.0,多头平仓 Call，减仓，看涨减弱,-1.2192895275319897,CALL,0.0,14261.0,67739750.0,1.5644222643929573e-05,>50M,2026-12-18,178.06210327148438,180.25999450683597,178.99000549316406,179.2899932861328,176.97999572753906,47.5,45.1,47.3,119.0,0.5327500338745117,True,NVDA,47.5,0.0,-0.012192895275319898,4330017000000.0,0.0,-14261.0
NVDA260320C00190000,190.0,-45400.0,多头平仓 Call，减仓，看涨减弱,-1.2192895275319897,CALL,0.0,45400.0,64922000.0,1.4993474621462226e-05,>50M,2026-03-20,178.06210327148438,180.25999450683597,178.99000549316406,179.2899932861328,176.97999572753906,14.3,14.05,14.3,14.0,0.4838613626098633,False,NVDA,14.89,-0.03962390866353256,-0.012192895275319898,4330017000000.0,-3.9623908663532563,-45400.0
BMNR270115C00035000,35.0,-42014.0,空头平仓 Call，回补信号，看涨,7.876178098770012,CALL,0.0,42014.0,63903294.00000001,0.2940516243276165,>50M,2027-01-15,34.239898681640625,31.739999771118164,33.79999923706055,34.30500030517578,33.02000045776367,15.21,15.0,16.3,2.0,1.1596721704101562,False,BMNR,14.01,0.08565310492505361,0.07876178098770012,217319983.0,8.565310492505361,-42014.0
NVDA260116C00170000,170.0,-35509.0,多头平仓 Call，减仓，看涨减弱,-1.2192895275319897,CALL,0.0,35509.0,63561110.0,1.4679182552862956e-05,>50M,2026-01-16,178.06210327148438,180.25999450683597,178.99000549316406,179.2899932861328,176.97999572753906,17.9,17.0,17.25,1433.0,0.4998829309082031,True,NVDA,17.9,0.0,-0.012192895275319898,4330017000000.0,0.0,-35509.0
NVDA251219C00140000,140.0,-15950.0,多头平仓 Call，减仓，看涨减弱,-1.2192895275319897,CALL,0.0,15950.0,63433150.0,1.4649630705837876e-05,>50M,2025-12-19,178.06210327148438,180.25999450683597,178.99000549316406,179.2899932861328,176.97999572753906,39.77,38.75,40.6,3.0,0.7963887548828125,True,NVDA,41.25,-0.0358787878787878,-0.012192895275319898,4330017000000.0,-3.5878787878787803,-15950.0
NVDA261218C00200000,200.0,-21385.0,多头平仓 Call，减仓，看涨减弱,-1.2192895275319897,CALL,0.0,21385.0,62123425.0,1.4347154988075105e-05,>50M,2026-12-18,178.06210327148438,180.25999450683597,178.99000549316406,179.2899932861328,176.97999572753906,29.05,27.75,28.65,2789.0,0.5042163836669922,False,NVDA,29.05,0.0,-0.012192895275319898,4330017000000.0,0.0,-21385.0
AMD270115C00200000,200.0,-10148.0,空头平仓 Call，回补信号，看涨,1.3512831121376383,CALL,0.0,10148.0,60380600.0,0.00023332913636996784,>50M,2027-01-15,217.13499450683597,214.2400054931641,216.3950042724609,218.3000030517578,214.03219604492188,59.5,60.0,62.45,254.0,0.5994302752685547,True,AMD,59.5,0.0,0.013512831121376382,258778654648.0,0.0,-10148.0
AMZN260116C00190000,190.0,-13522.0,空头平仓 Call，回补信号，看涨,1.0560698564344801,CALL,0.0,13522.0,56630136.0,2.416029069192422e-05,>50M,2026-01-16,231.58009338378903,229.16000366210935,231.34500122070312,232.7400054931641,230.22999572753903,41.88,43.5,44.4,25.0,0.499028447265625,True,AMZN,41.88,0.0,0.0105606985643448,2343934380679.0,0.0,-13522.0
NVDA270617C00135000,135.0,-8021.0,多头平仓 Call，减仓，看涨减弱,-1.2192895275319897,CALL,0.0,8021.0,55826160.0,1.2892826979663129e-05,>50M,2027-06-17,178.06210327148438,180.25999450683597,178.99000549316406,179.2899932861328,176.97999572753906,69.6,66.6,69.5,2.0,0.5694317959594727,True,NVDA,69.6,0.0,-0.012192895275319898,4330017000000.0,0.0,-8021.0
MSFT260116C00360000,360.0,-4940.0,空头平仓 Call，回补信号，看涨,1.1575685102342945,CALL,0.0,4940.0,55081000.0,1.4488261905134796e-05,>50M,2026-01-16,491.1199951171875,485.5,487.5950012207031,491.7999877929688,486.6499938964844,111.5,128.8,131.5,2.0,0.37500625,True,MSFT,111.5,0.0,0.011575685102342945,3801767276203.0,0.0,-4940.0
MSFT261218C00375000,375.0,-4396.0,空头平仓 Call，回补信号，看涨,1.1575685102342945,CALL,0.0,4396.0,54950000.0,1.4453804246240211e-05,>50M,2026-12-18,491.1199951171875,485.5,487.5950012207031,491.7999877929688,486.6499938964844,125.0,137.0,140.05,2.0,0.3779816841125488,True,MSFT,125.0,0.0,0.011575685102342945,3801767276203.0,0.0,-4396.0
NVDA270115C00160000,160.0,-10967.0,多头平仓 Call，减仓，看涨减弱,-1.2192895275319897,CALL,0.0,10967.0,53518960.0,1.2359988424987708e-05,>50M,2027-01-15,178.06210327148438,180.25999450683597,178.99000549316406,179.2899932861328,176.97999572753906,48.8,46.5,48.7,181.0,0.535084605255127,True,NVDA,48.8,0.0,-0.012192895275319898,4330017000000.0,0.0,-10967.0
AMD251219C00180000,180.0,-13677.0,空头平仓 Call，回补信号，看涨,1.3512831121376383,CALL,0.0,13677.0,50714316.0,0.00019597565366812587,>50M,2025-12-19,217.13499450683597,214.2400054931641,216.3950042724609,218.3000030517578,214.03219604492188,37.08,37.1,40.05,132.0,0.6228065063476562,True,AMD,37.08,0.0,0.013512831121376382,258778654648.0,0.0,-13677.0
NVDA270617C00150000,150.0,-8206.0,多头平仓 Call，减仓，看涨减弱,-1.2192895275319897,CALL,0.0,8206.0,50089424.0,1.1567950887952635e-05,>50M,2027-06-17,178.06210327148438,180.25999450683597,178.99000549316406,179.2899932861328,176.97999572753906,61.04,58.1,60.7,60.0,0.5506941903686525,True,NVDA,61.04,0.0,-0.012192895275319898,4330017000000.0,0.0,-8206.0
INTC260116C00030000,30.0,-60446.0,空头平仓 Call，回补信号，看涨,5.32273052724586,CALL,0.0,60446.0,50049287.99999999,0.0003221016903339157,>50M,2026-01-16,38.7692985534668,36.810001373291016,37.369998931884766,38.81999969482422,37.35499954223633,8.28,8.2,8.4,16.0,1.0000000000000004e-05,True,INTC,7.65,0.08235294117647045,0.0532273052724586,155383500000.0,8.235294117647046,-60446.0
AMD260116C00170000,170.0,-9931.0,空头平仓 Call，回补信号，看涨,1.3512831121376383,CALL,0.0,9931.0,48880382.0,0.0001888887708551111,10M-50M,2026-01-16,217.13499450683597,214.2400054931641,216.3950042724609,218.3000030517578,214.03219604492188,49.22,48.85,50.9,37.0,0.5996133789062501,True,AMD,49.22,0.0,0.013512831121376382,258778654648.0,0.0,-9931.0
NVDA251219C00145000,145.0,-13444.0,多头平仓 Call，减仓，看涨减弱,-1.2192895275319897,CALL,0.0,13444.0,48788276.0,1.1267455993821733e-05,10M-50M,2025-12-19,178.06210327148438,180.25999450683597,178.99000549316406,179.2899932861328,176.97999572753906,36.29,34.15,35.85,288.0,0.748171463623047,True,NVDA,36.29,0.0,-0.012192895275319898,4330017000000.0,0.0,-13444.0
INTC270115C00040000,40.0,-62887.0,空头平仓 Call，回补信号，看涨,5.32273052724586,CALL,0.0,62887.0,48737425.0,0.0003136589470567982,10M-50M,2027-01-15,38.7692985534668,36.810001373291016,37.369998931884766,38.81999969482422,37.35499954223633,7.75,0.0,0.0,308.0,0.007822421875,False,INTC,7.75,0.0,0.0532273052724586,155383500000.0,0.0,-62887.0
MSFT260116C00400000,400.0,-5288.0,空头平仓 Call，回补信号，看涨,1.1575685102342945,CALL,0.0,5288.0,47592000.0,1.251838856573365e-05,10M-50M,2026-01-16,491.1199951171875,485.5,487.5950012207031,491.7999877929688,486.6499938964844,90.0,89.9,92.2,16.0,0.3249579223632812,True,MSFT,90.0,0.0,0.011575685102342945,3801767276203.0,0.0,-5288.0
MSFT260116C00425000,425.0,-6947.0,空头平仓 Call，回补信号，看涨,1.1575685102342945,CALL,0.0,6947.0,46857515.0,1.232519288944976e-05,10M-50M,2026-01-16,491.1199951171875,485.5,487.5950012207031,491.7999877929688,486.6499938964844,67.45,66.4,68.4,9.0,0.2954172021484375,True,MSFT,67.45,0.0,0.011575685102342945,3801767276203.0,0.0,-6947.0
AMD260116C00180000,180.0,-11608.0,空头平仓 Call，回补信号，看涨,1.3512831121376383,CALL,0.0,11608.0,46838280.0,0.00018099746311654301,10M-50M,2026-01-16,217.13499450683597,214.2400054931641,216.3950042724609,218.3000030517578,214.03219604492188,40.35,39.55,42.05,119.0,0.547001600341797,True,AMD,40.35,0.0,0.013512831121376382,258778654648.0,0.0,-11608.0
NVDA251219C00155000,155.0,-17537.0,多头平仓 Call，减仓，看涨减弱,-1.2192895275319897,CALL,0.0,17537.0,46718568.0,1.0789465260759946e-05,10M-50M,2025-12-19,178.06210327148438,180.25999450683597,178.99000549316406,179.2899932861328,176.97999572753906,26.64,24.9,26.45,101.0,0.632816171875,True,NVDA,26.64,0.0,-0.012192895275319898,4330017000000.0,0.0,-17537.0
NVDA251219C00160000,160.0,-21831.0,多头平仓 Call，减仓，看涨减弱,-1.2192895275319897,CALL,0.0,21831.0,46303551.0,1.0693618754845535e-05,10M-50M,2025-12-19,178.06210327148438,180.25999450683597,178.99000549316406,179.2899932861328,176.97999572753906,21.21,20.55,21.95,200.0,0.5844768115234374,True,NVDA,22.49,-0.056914184081814034,-0.012192895275319898,4330017000000.0,-5.691418408181404,-21831.0
NVDA260116P00180000,180.0,-44043.0,空头平仓 Put，回补，看跌信号减弱,-1.2192895275319897,PUT,0.0,44043.0,45584505.0,1.0527557974945595e-05,10M-50M,2026-01-16,178.06210327148438,180.25999450683597,178.99000549316406,179.2899932861328,176.97999572753906,10.35,10.7,10.95,3068.0,0.3765931481933594,True,NVDA,10.35,0.0,-0.012192895275319898,4330017000000.0,0.0,-44043.0
MU260116C00200000,200.0,-10619.0,空头平仓 Call，回补信号，看涨,3.0183324819044453,CALL,0.0,10619.0,45236940.0,0.000257021051749523,10M-50M,2026-01-16,237.2100067138672,230.25999450683597,235.6150054931641,238.1000061035156,234.1699981689453,42.6,43.85,47.0,109.0,0.6861603649902344,True,MU,42.6,0.0,0.030183324819044455,176004804634.0,0.0,-10619.0
NVDA251219C00165000,165.0,-24659.0,多头平仓 Call，减仓，看涨减弱,-1.2192895275319897,CALL,0.0,24659.0,44756085.0,1.0336237709921231e-05,10M-50M,2025-12-19,178.06210327148438,180.25999450683597,178.99000549316406,179.2899932861328,176.97999572753906,18.15,15.75,18.35,441.0,0.5405319384765627,True,NVDA,18.15,0.0,-0.012192895275319898,4330017000000.0,0.0,-24659.0
AMZN260116C00170000,170.0,-7354.0,空头平仓 Call，回补信号，看涨,1.0560698564344801,CALL,0.0,7354.0,44719674.0,1.9078893320829838e-05,10M-50M,2026-01-16,231.58009338378903,229.16000366210935,231.34500122070312,232.7400054931641,230.22999572753903,60.81,62.4,64.15,20.0,0.603763728027344,True,AMZN,60.81,0.0,0.0105606985643448,2343934380679.0,0.0,-7354.0
NVDA271217C00180000,180.0,-8314.0,多头平仓 Call，减仓，看涨减弱,-1.2192895275319897,CALL,0.0,8314.0,44305306.0,1.023213211403096e-05,10M-50M,2027-12-17,178.06210327148438,180.25999450683597,178.99000549316406,179.2899932861328,176.97999572753906,53.29,50.8,53.7,112.0,0.5322922747802734,False,NVDA,53.29,0.0,-0.012192895275319898,4330017000000.0,0.0,-8314.0
NVDA260320P00175000,175.0,-30375.0,空头平仓 Put，回补，看跌信号减弱,-1.2192895275319897,PUT,0.0,30375.0,43436250.0,1.0031427128346148e-05,10M-50M,2026-03-20,178.06210327148438,180.25999450683597,178.99000549316406,179.2899932861328,176.97999572753906,14.3,0.0,0.0,567.0,0.007822421875,False,NVDA,14.3,0.0,-0.012192895275319898,4330017000000.0,0.0,-30375.0
AMD260618C00165000,165.0,-6413.0,空头平仓 Call，回补信号，看涨,1.3512831121376383,CALL,0.0,6413.0,42345039.0,0.000163634203360394,10M-50M,2026-06-18,217.13499450683597,214.2400054931641,216.3950042724609,218.3000030517578,214.03219604492188,66.03,64.6,67.4,7.0,0.6006814834594728,True,AMD,66.03,0.0,0.013512831121376382,258778654648.0,0.0,-6413.0
AMD260116C00200000,200.0,-16625.0,空头平仓 Call，回补信号，看涨,1.3512831121376383,CALL,0.0,16625.0,42294000.0,0.00016343697302828093,10M-50M,2026-01-16,217.13499450683597,214.2400054931641,216.3950042724609,218.3000030517578,214.03219604492188,25.44,26.0,28.05,1188.0,0.5612226495361328,True,AMD,25.44,0.0,0.013512831121376382,258778654648.0,0.0,-16625.0
AMZN260116C00180000,180.0,-8120.0,空头平仓 Call，回补信号，看涨,1.0560698564344801,CALL,0.0,8120.0,41818000.0,1.7840943135910656e-05,10M-50M,2026-01-16,231.58009338378903,229.16000366210935,231.34500122070312,232.7400054931641,230.22999572753903,51.5,52.9,54.45,10.0,0.5449264257812501,True,AMZN,51.5,0.0,0.0105606985643448,2343934380679.0,0.0,-8120.0
AMD260116C00165000,165.0,-7735.0,空头平仓 Call，回补信号，看涨,1.3512831121376383,CALL,0.0,7735.0,41769000.0,0.00016140821219128636,10M-50M,2026-01-16,217.13499450683597,214.2400054931641,216.3950042724609,218.3000030517578,214.03219604492188,54.0,53.3,56.3,17.0,0.6472203247070312,True,AMD,54.0,0.0,0.013512831121376382,258778654648.0,0.0,-7735.0
INTC260116C00035000,35.0,-108593.0,空头平仓 Call，回补信号，看涨,5.32273052724586,CALL,0.0,108593.0,41265340.0,0.00026557092612793505,10M-50M,2026-01-16,38.7692985534668,36.810001373291016,37.369998931884766,38.81999969482422,37.35499954223633,3.8,0.0,0.0,10795.0,1.0000000000000004e-05,True,INTC,3.8,0.0,0.0532273052724586,155383500000.0,0.0,-108593.0
NVDA261218C00194000,194.0,-13027.0,多头平仓 Call，减仓，看涨减弱,-1.2192895275319897,CALL,0.0,13027.0,41035050.0,9.476879651973653e-06,10M-50M,2026-12-18,178.06210327148438,180.25999450683597,178.99000549316406,179.2899932861328,176.97999572753906,31.5,29.7,31.35,5.0,0.503209313659668,False,NVDA,31.5,0.0,-0.012192895275319898,4330017000000.0,0.0,-13027.0
MSFT271217C00500000,500.0,-4733.0,空头平仓 Call，回补信号，看涨,1.1575685102342945,CALL,0.0,4733.0,40514480.0,1.0656749100240474e-05,10M-50M,2027-12-17,491.1199951171875,485.5,487.5950012207031,491.7999877929688,486.6499938964844,85.6,85.2,87.95,14.0,0.3284826673889159,False,MSFT,85.6,0.0,0.011575685102342945,3801767276203.0,0.0,-4733.0
AMD271217C00200000,200.0,-5154.0,空头平仓 Call，回补信号，看涨,1.3512831121376383,CALL,0.0,5154.0,40216662.0,0.00015540950259094647,10M-50M,2027-12-17,217.13499450683597,214.2400054931641,216.3950042724609,218.3000030517578,214.03219604492188,78.03,78.4,81.55,48.0,0.6155433953857423,True,AMD,78.03,0.0,0.013512831121376382,258778654648.0,0.0,-5154.0
NVDA260320C00210000,210.0,-50277.0,多头平仓 Call，减仓，看涨减弱,-1.2192895275319897,CALL,0.0,50277.0,39718830.00000001,9.172903940100006e-06,10M-50M,2026-03-20,178.06210327148438,180.25999450683597,178.99000549316406,179.2899932861328,176.97999572753906,7.9,0.0,0.0,2.0,0.062509375,False,NVDA,8.2,-0.03658536585365841,-0.012192895275319898,4330017000000.0,-3.658536585365841,-50277.0
MSFT270115C00500000,500.0,-6647.0,空头平仓 Call，回补信号，看涨,1.1575685102342945,CALL,0.0,6647.0,38918185.0,1.0236866744476106e-05,10M-50M,2027-01-15,491.1199951171875,485.5,487.5950012207031,491.7999877929688,486.6499938964844,58.55,58.65,60.7,245.0,0.3099586827087402,False,MSFT,58.55,0.0,0.011575685102342945,3801767276203.0,0.0,-6647.0
NVDA271217C00135000,135.0,-5206.0,多头平仓 Call，减仓，看涨减弱,-1.2192895275319897,CALL,0.0,5206.0,38784700.0,8.957170376005453e-06,10M-50M,2027-12-17,178.06210327148438,180.25999450683597,178.99000549316406,179.2899932861328,176.97999572753906,74.5,71.75,75.95,4.0,0.5702557623291016,True,NVDA,74.5,0.0,-0.012192895275319898,4330017000000.0,0.0,-5206.0
NVDA260618C00142000,142.0,-7190.0,多头平仓 Call，减仓，看涨减弱,-1.2192895275319897,CALL,0.0,7190.0,36489250.0,8.427045436542165e-06,10M-50M,2026-06-18,178.06210327148438,180.25999450683597,178.99000549316406,179.2899932861328,176.97999572753906,50.75,0.0,0.0,1.0,1.0000000000000004e-05,True,NVDA,50.75,0.0,-0.012192895275319898,4330017000000.0,0.0,-7190.0
AMZN260116C00220000,220.0,-19622.0,空头平仓 Call，回补信号，看涨,1.0560698564344801,CALL,0.0,19622.0,36104480.0,1.5403366364523017e-05,10M-50M,2026-01-16,231.58009338378903,229.16000366210935,231.34500122070312,232.7400054931641,230.22999572753903,18.4,18.2,18.4,4.0,0.3512027770996093,True,AMZN,16.8,0.09523809523809511,0.0105606985643448,2343934380679.0,9.523809523809511,-19622.0
PLTR260116C00120000,120.0,-7461.0,空头平仓 Call，回补信号，看涨,1.0194862748682496,CALL,0.0,7461.0,35984403.0,8.542152736130436e-05,10M-50M,2026-01-16,167.4600067138672,165.77000427246094,167.75999450683594,168.38999938964844,165.875,48.23,49.3,50.8,48.0,0.7905294384765625,True,PLTR,48.23,0.0,0.010194862748682495,421256843697.0,0.0,-7461.0
NVDA260618P00160000,160.0,-26952.0,空头平仓 Put，回补，看跌信号减弱,-1.2192895275319897,PUT,0.0,26952.0,35980920.0,8.30964866881585e-06,10M-50M,2026-06-18,178.06210327148438,180.25999450683597,178.99000549316406,179.2899932861328,176.97999572753906,13.35,0.0,0.0,1011.0,0.0312596875,False,NVDA,13.35,0.0,-0.012192895275319898,4330017000000.0,0.0,-26952.0
IREN270115C00035000,35.0,-12892.0,多头平仓 Call，减仓，看涨减弱,-2.187825297418438,CALL,0.0,12892.0,35968680.0,0.0031592756329659006,10M-50M,2027-01-15,47.38999938964844,48.45000076293945,49.584999084472656,51.5,47.244998931884766,27.9,27.0,30.4,6.0,1.377810728149414,True,IREN,27.9,0.0,-0.02187825297418438,11385103479.0,0.0,-12892.0
NVDA260618P00150000,150.0,-35060.0,空头平仓 Put，回补，看跌信号减弱,-1.2192895275319897,PUT,0.0,35060.0,34989880.0,8.080771969255547e-06,10M-50M,2026-06-18,178.06210327148438,180.25999450683597,178.99000549316406,179.2899932861328,176.97999572753906,9.98,0.0,0.0,338.0,0.062509375,False,NVDA,9.98,0.0,-0.012192895275319898,4330017000000.0,0.0,-35060.0
ORCL260116P00250000,250.0,-7271.0,空头平仓 Put，回补，看跌信号减弱,-2.1272445684676113,PUT,0.0,7271.0,34828090.0,4.323719469316033e-05,10M-50M,2026-01-16,200.6000061035156,204.9600067138672,199.50999450683597,201.0,197.6100006103516,47.9,0.0,0.0,72.0,1.0000000000000004e-05,True,ORCL,47.9,0.0,-0.021272445684676112,805512250440.0,0.0,-7271.0
SNOW260116C00180000,180.0,-4718.0,空头平仓 Call，回补信号，看涨,1.7895909606311697,CALL,0.0,4718.0,34464990.0,0.00045284300611005157,10M-50M,2026-01-16,253.1100006103516,248.66000366210935,249.6499938964844,253.4600067138672,248.84500122070312,73.05,0.0,0.0,3.0,1.0000000000000004e-05,True,SNOW,73.05,0.0,0.017895909606311697,76108032000.0,0.0,-4718.0
AMZN260116C00240000,240.0,-47470.0,空头平仓 Call，回补信号，看涨,1.0560698564344801,CALL,0.0,47470.0,34083460.0,1.4541132329023038e-05,10M-50M,2026-01-16,231.58009338378903,229.16000366210935,231.34500122070312,232.7400054931641,230.22999572753903,7.18,7.1,7.25,12.0,0.3144599804687499,False,AMZN,6.42,0.11838006230529592,0.0105606985643448,2343934380679.0,11.838006230529592,-47470.0
MU251205C00200000,200.0,-10446.0,空头平仓 Call，回补信号，看涨,3.0183324819044453,CALL,0.0,10446.0,34033068.0,0.00019336442587900585,10M-50M,2025-12-05,237.2100067138672,230.25999450683597,235.6150054931641,238.1000061035156,234.1699981689453,32.58,34.7,38.1,56.0,0.831056376953125,True,MU,32.58,0.0,0.030183324819044455,176004804634.0,0.0,-10446.0
AMZN260618C00200000,200.0,-7550.0,空头平仓 Call，回补信号，看涨,1.0560698564344801,CALL,0.0,7550.0,33899500.0,1.4462648903242701e-05,10M-50M,2026-06-18,231.58009338378903,229.16000366210935,231.34500122070312,232.7400054931641,230.22999572753903,44.9,46.3,46.75,51.0,0.4415644223022461,True,AMZN,44.9,0.0,0.0105606985643448,2343934380679.0,0.0,-7550.0
NVDA251219C00180000,180.0,-47336.0,多头平仓 Call，减仓，看涨减弱,-1.2192895275319897,CALL,0.0,47336.0,33845240.0,7.816421967858326e-06,10M-50M,2025-12-19,178.06210327148438,180.25999450683597,178.99000549316406,179.2899932861328,176.97999572753906,7.15,7.0,7.25,10.0,0.4671684143066406,False,NVDA,7.92,-0.09722222222222217,-0.012192895275319898,4330017000000.0,-9.722222222222216,-47336.0
NVDA270617C00160000,160.0,-6005.0,多头平仓 Call，减仓，看涨减弱,-1.2192895275319897,CALL,0.0,6005.0,33327750.0,7.696909734996422e-06,10M-50M,2027-06-17,178.06210327148438,180.25999450683597,178.99000549316406,179.2899932861328,176.97999572753906,55.5,52.9,55.4,5.0,0.5403488348388674,True,NVDA,55.5,0.0,-0.012192895275319898,4330017000000.0,0.0,-6005.0
COIN260116C00200000,200.0,-4585.0,空头平仓 Call，回补信号，看涨,4.238219773782709,CALL,0.0,4585.0,32851525.0,0.0004090268801571711,10M-50M,2026-01-16,276.20001220703125,264.9700012207031,273.69000244140625,276.5,270.20001220703125,71.65,73.35,77.7,123.0,0.5883830224609375,True,COIN,71.65,0.0,0.04238219773782709,80316298497.0,0.0,-4585.0
SOFI270115C00030000,30.0,-38650.0,空头平仓 Call，回补信号，看涨,1.579504270111097,CALL,0.0,38650.0,32775200.0,0.0009782282842736448,10M-50M,2027-01-15,28.940000534057617,28.489999771118164,28.790000915527344,29.01499938964844,28.45499992370605,8.48,8.3,8.65,45.0,0.7374293835449219,False,SOFI,8.33,0.018007202881152505,0.01579504270111097,33504653798.0,1.8007202881152504,-38650.0
NVDA270115C00230000,230.0,-15237.0,多头平仓 Call，减仓，看涨减弱,-1.2192895275319897,CALL,0.0,15237.0,32652890.999999996,7.541053764915933e-06,10M-50M,2027-01-15,178.06210327148438,180.25999450683597,178.99000549316406,179.2899932861328,176.97999572753906,21.43,20.3,21.0,426.0,0.4921010263061524,False,NVDA,21.43,0.0,-0.012192895275319898,4330017000000.0,0.0,-15237.0
AMZN260116C00210000,210.0,-13391.0,空头平仓 Call，回补信号，看涨,1.0560698564344801,CALL,0.0,13391.0,32406220.0,1.3825566221957307e-05,10M-50M,2026-01-16,231.58009338378903,229.16000366210935,231.34500122070312,232.7400054931641,230.22999572753903,24.2,25.2,26.2,194.0,0.3857483300781249,True,AMZN,24.2,0.0,0.0105606985643448,2343934380679.0,0.0,-13391.0
OKLO270115C00105000,105.0,-10211.0,空头平仓 Call，回补信号，看涨,1.8710505070726529,CALL,0.0,10211.0,32113595.0,0.0019683183764060276,10M-50M,2027-01-15,90.37999725341795,88.72000122070312,90.0,91.0500030517578,89.01000213623047,31.45,0.0,0.0,18.0,0.0312596875,False,OKLO,31.45,0.0,0.018710505070726528,16315244213.0,0.0,-10211.0
NVDA271217P00140000,140.0,-15154.0,空头平仓 Put，回补，看跌信号减弱,-1.2192895275319897,PUT,0.0,15154.0,32050709.999999996,7.401982486442893e-06,10M-50M,2027-12-17,178.06210327148438,180.25999450683597,178.99000549316406,179.2899932861328,176.97999572753906,21.15,20.9,21.6,9.0,0.4220028503417968,False,NVDA,21.15,0.0,-0.012192895275319898,4330017000000.0,0.0,-15154.0
NVDA270115C00165000,165.0,-6915.0,多头平仓 Call，减仓，看涨减弱,-1.2192895275319897,CALL,0.0,6915.0,31857405.0,7.357339474648714e-06,10M-50M,2027-01-15,178.06210327148438,180.25999450683597,178.99000549316406,179.2899932861328,176.97999572753906,46.07,43.8,46.05,85.0,0.5289964093017578,True,NVDA,46.07,0.0,-0.012192895275319898,4330017000000.0,0.0,-6915.0
NVDA271217P00200000,200.0,-6187.0,空头平仓 Put，回补，看跌信号减弱,-1.2192895275319897,PUT,0.0,6187.0,31708375.0,7.3229215959198315e-06,10M-50M,2027-12-17,178.06210327148438,180.25999450683597,178.99000549316406,179.2899932861328,176.97999572753906,51.25,51.15,52.3,22.0,0.3788819436645507,True,NVDA,51.25,0.0,-0.012192895275319898,4330017000000.0,0.0,-6187.0
AMD260618C00170000,170.0,-5166.0,空头平仓 Call，回补信号，看涨,1.3512831121376383,CALL,0.0,5166.0,31579758.0,0.0001220338595660292,10M-50M,2026-06-18,217.13499450683597,214.2400054931641,216.3950042724609,218.3000030517578,214.03219604492188,61.13,62.0,64.2,5.0,0.6068154553222658,True,AMD,61.13,0.0,0.013512831121376382,258778654648.0,0.0,-5166.0
NVDA270115P00140000,140.0,-23355.0,空头平仓 Put，回补，看跌信号减弱,-1.2192895275319897,PUT,0.0,23355.0,31505895.0,7.276159654800431e-06,10M-50M,2027-01-15,178.06210327148438,180.25999450683597,178.99000549316406,179.2899932861328,176.97999572753906,13.49,13.35,13.85,485.0,0.435125277709961,False,NVDA,13.49,0.0,-0.012192895275319898,4330017000000.0,0.0,-23355.0
NVDA270115P00200000,200.0,-7417.0,空头平仓 Put，回补，看跌信号减弱,-1.2192895275319897,PUT,0.0,7417.0,31040145.0,7.168596566710939e-06,10M-50M,2027-01-15,178.06210327148438,180.25999450683597,178.99000549316406,179.2899932861328,176.97999572753906,41.85,41.95,42.75,29.0,0.3834595346069336,True,NVDA,41.85,0.0,-0.012192895275319898,4330017000000.0,0.0,-7417.0
NVDA260320P00190000,190.0,-13989.0,空头平仓 Put，回补，看跌信号减弱,-1.2192895275319897,PUT,0.0,13989.0,30803777.999999996,7.114008559319743e-06,10M-50M,2026-03-20,178.06210327148438,180.25999450683597,178.99000549316406,179.2899932861328,176.97999572753906,22.02,0.0,0.0,77.0,1.0000000000000004e-05,True,NVDA,22.02,0.0,-0.012192895275319898,4330017000000.0,0.0,-13989.0
MSFT251219C00380000,380.0,-2863.0,空头平仓 Call，回补信号，看涨,1.1575685102342945,CALL,0.0,2863.0,30762935.000000004,8.091745960506127e-06,10M-50M,2025-12-19,491.1199951171875,485.5,487.5950012207031,491.7999877929688,486.6499938964844,107.45,107.25,109.6,5.0,1.0000000000000004e-05,True,MSFT,107.45,0.0,0.011575685102342945,3801767276203.0,0.0,-2863.0
MU251219C00200000,200.0,-8095.0,空头平仓 Call，回补信号，看涨,3.0183324819044453,CALL,0.0,8095.0,30558625.0,0.00017362381137007207,10M-50M,2025-12-19,237.2100067138672,230.25999450683597,235.6150054931641,238.1000061035156,234.1699981689453,37.75,38.9,42.2,114.0,0.7224148852539063,True,MU,37.75,0.0,0.030183324819044455,176004804634.0,0.0,-8095.0
SNOW270115C00200000,200.0,-3740.0,空头平仓 Call，回补信号，看涨,1.7895909606311697,CALL,0.0,3740.0,30481000.0,0.00040049649424649423,10M-50M,2027-01-15,253.1100006103516,248.66000366210935,249.6499938964844,253.4600067138672,248.84500122070312,81.5,0.0,0.0,11.0,1.0000000000000004e-05,True,SNOW,81.5,0.0,0.017895909606311697,76108032000.0,0.0,-3740.0
NVDA260320P00160000,160.0,-34048.0,空头平仓 Put，回补，看跌信号减弱,-1.2192895275319897,PUT,0.0,34048.0,30302720.0,6.998291230727269e-06,10M-50M,2026-03-20,178.06210327148438,180.25999450683597,178.99000549316406,179.2899932861328,176.97999572753906,8.9,8.6,9.1,5.0,0.4436701141357422,False,NVDA,8.55,0.04093567251461984,-0.012192895275319898,4330017000000.0,4.093567251461984,-34048.0
ORCL260116P00240000,240.0,-7544.0,空头平仓 Put，回补，看跌信号减弱,-2.1272445684676113,PUT,0.0,7544.0,30100559.999999996,3.7368221257414746e-05,10M-50M,2026-01-16,200.6000061035156,204.9600067138672,199.50999450683597,201.0,197.6100006103516,39.9,0.0,0.0,104.0,1.0000000000000004e-05,True,ORCL,39.9,0.0,-0.021272445684676112,805512250440.0,0.0,-7544.0
NVDA260618C00145000,145.0,-6260.0,多头平仓 Call，减仓，看涨减弱,-1.2192895275319897,CALL,0.0,6260.0,29860200.0,6.896093017648661e-06,10M-50M,2026-06-18,178.06210327148438,180.25999450683597,178.99000549316406,179.2899932861328,176.97999572753906,47.7,0.0,0.0,12.0,1.0000000000000004e-05,True,NVDA,47.7,0.0,-0.012192895275319898,4330017000000.0,0.0,-6260.0
AMZN270115C00250000,250.0,-9774.0,空头平仓 Call，回补信号，看涨,1.0560698564344801,CALL,0.0,9774.0,29761830.0,1.2697381908523598e-05,10M-50M,2027-01-15,231.58009338378903,229.16000366210935,231.34500122070312,232.7400054931641,230.22999572753903,30.45,30.1,31.95,472.0,0.3988707574462891,False,AMZN,30.45,0.0,0.0105606985643448,2343934380679.0,0.0,-9774.0
NVDA261218P00170000,170.0,-12121.0,空头平仓 Put，回补，看跌信号减弱,-1.2192895275319897,PUT,0.0,12121.0,29720692.0,6.863874206498496e-06,10M-50M,2026-12-18,178.06210327148438,180.25999450683597,178.99000549316406,179.2899932861328,176.97999572753906,24.52,24.45,25.15,3879.0,0.4094297338867187,False,NVDA,24.52,0.0,-0.012192895275319898,4330017000000.0,0.0,-12121.0
SNOW270917C00210000,210.0,-3122.0,空头平仓 Call，回补信号，看涨,1.7895909606311697,CALL,0.0,3122.0,29659000.0,0.0003896960573096937,10M-50M,2027-09-17,253.1100006103516,248.66000366210935,249.6499938964844,253.4600067138672,248.84500122070312,95.0,0.0,0.0,1.0,1.0000000000000004e-05,True,SNOW,95.0,0.0,0.017895909606311697,76108032000.0,0.0,-3122.0
NVDA271217C00195000,195.0,-6178.0,多头平仓 Call，减仓，看涨减弱,-1.2192895275319897,CALL,0.0,6178.0,29530839.999999996,6.82002865115772e-06,10M-50M,2027-12-17,178.06210327148438,180.25999450683597,178.99000549316406,179.2899932861328,176.97999572753906,47.8,45.3,47.8,6.0,0.5241899388122557,False,NVDA,47.8,0.0,-0.012192895275319898,4330017000000.0,0.0,-6178.0
NVDA260220C00180000,180.0,-19366.0,多头平仓 Call，减仓，看涨减弱,-1.2192895275319897,CALL,0.0,19366.0,28952170.0,6.686387143514679e-06,10M-50M,2026-02-20,178.06210327148438,180.25999450683597,178.99000549316406,179.2899932861328,176.97999572753906,14.95,14.75,15.1,4.0,0.46680220703125,False,NVDA,15.74,-0.05019059720457439,-0.012192895275319898,4330017000000.0,-5.019059720457439,-19366.0
AMD251219C00190000,190.0,-10108.0,空头平仓 Call，回补信号，看涨,1.3512831121376383,CALL,0.0,10108.0,28352940.000000004,0.00010956444625839287,10M-50M,2025-12-19,217.13499450683597,214.2400054931641,216.3950042724609,218.3000030517578,214.03219604492188,28.05,28.2,30.35,287.0,0.5468795312500001,True,AMD,28.05,0.0,0.013512831121376382,258778654648.0,0.0,-10108.0
AMD260618C00180000,180.0,-5107.0,空头平仓 Call，回补信号，看涨,1.3512831121376383,CALL,0.0,5107.0,28292780.0,0.00010933196958800506,10M-50M,2026-06-18,217.13499450683597,214.2400054931641,216.3950042724609,218.3000030517578,214.03219604492188,55.4,54.95,58.4,19.0,0.5985757916259766,True,AMD,55.4,0.0,0.013512831121376382,258778654648.0,0.0,-5107.0
INTC270115C00030000,30.0,-22929.0,空头平仓 Call，回补信号，看涨,5.32273052724586,CALL,0.0,22929.0,28248528.000000004,0.00018179876241685894,10M-50M,2027-01-15,38.7692985534668,36.810001373291016,37.369998931884766,38.81999969482422,37.35499954223633,12.32,0.0,0.0,534.0,1.0000000000000004e-05,True,INTC,12.32,0.0,0.0532273052724586,155383500000.0,0.0,-22929.0
ORCL251219P00220000,220.0,-10350.0,空头平仓 Put，回补，看跌信号减弱,-2.1272445684676113,PUT,0.0,10350.0,28234800.0,3.5051980878722985e-05,10M-50M,2025-12-19,200.6000061035156,204.9600067138672,199.50999450683597,201.0,197.6100006103516,27.28,25.05,28.05,5.0,0.7253445434570311,True,ORCL,22.54,0.21029281277728493,-0.021272445684676112,805512250440.0,21.029281277728494,-10350.0
ORCL260116P00260000,260.0,-4906.0,空头平仓 Put，回补，看跌信号减弱,-2.1272445684676113,PUT,0.0,4906.0,28209500.0,3.5020572293706206e-05,10M-50M,2026-01-16,200.6000061035156,204.9600067138672,199.50999450683597,201.0,197.6100006103516,57.5,0.0,0.0,65.0,1.0000000000000004e-05,True,ORCL,57.5,0.0,-0.021272445684676112,805512250440.0,0.0,-4906.0
AMZN270115C00220000,220.0,-6277.0,空头平仓 Call，回补信号，看涨,1.0560698564344801,CALL,0.0,6277.0,27932650.0,1.1916993167662126e-05,10M-50M,2027-01-15,231.58009338378903,229.16000366210935,231.34500122070312,232.7400054931641,230.22999572753903,44.5,44.0,46.0,116.0,0.4197750894165039,True,AMZN,44.5,0.0,0.0105606985643448,2343934380679.0,0.0,-6277.0
ORCL260320P00250000,250.0,-5272.0,空头平仓 Put，回补，看跌信号减弱,-2.1272445684676113,PUT,0.0,5272.0,27867792.0,3.459636024750412e-05,10M-50M,2026-03-20,200.6000061035156,204.9600067138672,199.50999450683597,201.0,197.6100006103516,52.86,0.0,0.0,42.0,1.0000000000000004e-05,True,ORCL,52.86,0.0,-0.021272445684676112,805512250440.0,0.0,-5272.0
AMD251219C00155000,155.0,-4501.0,空头平仓 Call，回补信号，看涨,1.3512831121376383,CALL,0.0,4501.0,27366080.0,0.00010575091688773297,10M-50M,2025-12-19,217.13499450683597,214.2400054931641,216.3950042724609,218.3000030517578,214.03219604492188,60.8,60.15,63.2,6.0,0.920899228515625,True,AMD,60.8,0.0,0.013512831121376382,258778654648.0,0.0,-4501.0
MSFT271217C00400000,400.0,-1912.0,空头平仓 Call，回补信号，看涨,1.1575685102342945,CALL,0.0,1912.0,27341600.0,7.191813178871726e-06,10M-50M,2027-12-17,491.1199951171875,485.5,487.5950012207031,491.7999877929688,486.6499938964844,143.0,140.7,0.0,9.0,1.0000000000000004e-05,True,MSFT,143.0,0.0,0.011575685102342945,3801767276203.0,0.0,-1912.0
INTC270115C00035000,35.0,-26587.0,空头平仓 Call，回补信号，看涨,5.32273052724586,CALL,0.0,26587.0,27145327.0,0.00017469890303668022,10M-50M,2027-01-15,38.7692985534668,36.810001373291016,37.369998931884766,38.81999969482422,37.35499954223633,10.21,10.05,10.55,3.0,0.536259520263672,True,INTC,9.65,0.058031088082901604,0.0532273052724586,155383500000.0,5.80310880829016,-26587.0
ORCL260618P00250000,250.0,-4565.0,空头平仓 Put，回补，看跌信号减弱,-2.1272445684676113,PUT,0.0,4565.0,27116100.0,3.3663175184720286e-05,10M-50M,2026-06-18,200.6000061035156,204.9600067138672,199.50999450683597,201.0,197.6100006103516,59.4,0.0,0.0,51.0,1.0000000000000004e-05,True,ORCL,59.4,0.0,-0.021272445684676112,805512250440.0,0.0,-4565.0
NVDA270617C00175000,175.0,-5577.0,多头平仓 Call，减仓，看涨减弱,-1.2192895275319897,CALL,0.0,5577.0,26825370.0,6.195211242819601e-06,10M-50M,2027-06-17,178.06210327148438,180.25999450683597,178.99000549316406,179.2899932861328,176.97999572753906,48.1,45.85,48.3,57.0,0.5279588220214844,True,NVDA,48.1,0.0,-0.012192895275319898,4330017000000.0,0.0,-5577.0
NVDA251219C00175000,175.0,-24534.0,多头平仓 Call，减仓，看涨减弱,-1.2192895275319897,CALL,0.0,24534.0,26594856.0,6.141974962223012e-06,10M-50M,2025-12-19,178.06210327148438,180.25999450683597,178.99000549316406,179.2899932861328,176.97999572753906,10.84,9.9,10.1,2141.0,0.491216025390625,True,NVDA,10.84,0.0,-0.012192895275319898,4330017000000.0,0.0,-24534.0
SNOW270115C00230000,230.0,-4135.0,空头平仓 Call，回补信号，看涨,1.7895909606311697,CALL,0.0,4135.0,26521890.000000004,0.0003484768861189316,10M-50M,2027-01-15,253.1100006103516,248.66000366210935,249.6499938964844,253.4600067138672,248.84500122070312,64.14,63.2,67.35,1.0,0.5225572647094726,True,SNOW,64.14,0.0,0.017895909606311697,76108032000.0,0.0,-4135.0
SNOW270115C00220000,220.0,-4004.0,空头平仓 Call，回补信号，看涨,1.7895909606311697,CALL,0.0,4004.0,26466439.999999996,0.0003477483164983164,10M-50M,2027-01-15,253.1100006103516,248.66000366210935,249.6499938964844,253.4600067138672,248.84500122070312,66.1,0.0,0.0,1.0,1.0000000000000004e-05,True,SNOW,66.1,0.0,0.017895909606311697,76108032000.0,0.0,-4004.0
NVDA270115C00220000,220.0,-10971.0,多头平仓 Call，减仓，看涨减弱,-1.2192895275319897,CALL,0.0,10971.0,26352342.0,6.085967329920413e-06,10M-50M,2027-01-15,178.06210327148438,180.25999450683597,178.99000549316406,179.2899932861328,176.97999572753906,24.02,23.0,23.8,382.0,0.4975025836181641,False,NVDA,24.02,0.0,-0.012192895275319898,4330017000000.0,0.0,-10971.0
NVDA260918C00130000,130.0,-4158.0,多头平仓 Call，减仓，看涨减弱,-1.2192895275319897,CALL,0.0,4158.0,26195400.0,6.049722206633369e-06,10M-50M,2026-09-18,178.06210327148438,180.25999450683597,178.99000549316406,179.2899932861328,176.97999572753906,63.0,60.3,62.3,8.0,0.5839275006103515,True,NVDA,63.0,0.0,-0.012192895275319898,4330017000000.0,0.0,-4158.0
SOFI260618C00022000,22.0,-26174.0,空头平仓 Call，回补信号，看涨,1.579504270111097,CALL,0.0,26174.0,26174000.0,0.0007812049083629812,10M-50M,2026-06-18,28.940000534057617,28.489999771118164,28.790000915527344,29.01499938964844,28.45499992370605,10.0,9.6,10.1,74.0,0.77148666015625,True,SOFI,10.0,0.0,0.01579504270111097,33504653798.0,0.0,-26174.0
NVDA270617C00190000,190.0,-6171.0,多头平仓 Call，减仓，看涨减弱,-1.2192895275319897,CALL,0.0,6171.0,25856490.0,5.971452306076396e-06,10M-50M,2027-06-17,178.06210327148438,180.25999450683597,178.99000549316406,179.2899932861328,176.97999572753906,41.9,39.65,42.05,117.0,0.5179338978576662,False,NVDA,41.9,0.0,-0.012192895275319898,4330017000000.0,0.0,-6171.0
NVDA251219C00185000,185.0,-46490.0,多头平仓 Call，减仓，看涨减弱,-1.2192895275319897,CALL,0.0,46490.0,25569500.0,5.905173120567425e-06,10M-50M,2025-12-19,178.06210327148438,180.25999450683597,178.99000549316406,179.2899932861328,176.97999572753906,5.5,4.85,5.5,162.0,0.4799856689453124,False,NVDA,5.5,0.0,-0.012192895275319898,4330017000000.0,0.0,-46490.0
AMD260320C00155000,155.0,-3786.0,空头平仓 Call，回补信号，看涨,1.3512831121376383,CALL,0.0,3786.0,25513854.0,9.859334818285093e-05,10M-50M,2026-03-20,217.13499450683597,214.2400054931641,216.3950042724609,218.3000030517578,214.03219604492188,67.39,65.8,68.1,11.0,0.6002237243652344,True,AMD,67.39,0.0,0.013512831121376382,258778654648.0,0.0,-3786.0
NVDA260618P00190000,190.0,-9210.0,空头平仓 Put，回补，看跌信号减弱,-1.2192895275319897,PUT,0.0,9210.0,25419600.0,5.870554318839857e-06,10M-50M,2026-06-18,178.06210327148438,180.25999450683597,178.99000549316406,179.2899932861328,176.97999572753906,27.6,27.45,28.4,103.0,0.4019224847412109,True,NVDA,27.6,0.0,-0.012192895275319898,4330017000000.0,0.0,-9210.0
AMZN260618C00230000,230.0,-9329.0,空头平仓 Call，回补信号，看涨,1.0560698564344801,CALL,0.0,9329.0,25141655.0,1.0726262308041606e-05,10M-50M,2026-06-18,231.58009338378903,229.16000366210935,231.34500122070312,232.7400054931641,230.22999572753903,26.95,26.95,28.25,286.0,0.401098518371582,True,AMZN,26.95,0.0,0.0105606985643448,2343934380679.0,0.0,-9329.0
COIN260320P00300000,300.0,-4360.0,多头平仓 Put，减仓，看跌减弱,4.238219773782709,PUT,0.0,4360.0,24939200.0,0.00031051231775741677,10M-50M,2026-03-20,276.20001220703125,264.9700012207031,273.69000244140625,276.5,270.20001220703125,57.2,49.2,55.05,16.0,0.613956497192383,True,COIN,57.2,0.0,0.04238219773782709,80316298497.0,0.0,-4360.0
NVDA270115C00145000,145.0,-4341.0,多头平仓 Call，减仓，看涨减弱,-1.2192895275319897,CALL,0.0,4341.0,24873930.0,5.744534028388341e-06,10M-50M,2027-01-15,178.06210327148438,180.25999450683597,178.99000549316406,179.2899932861328,176.97999572753906,57.3,55.0,57.25,9.0,0.5529524685668946,True,NVDA,57.3,0.0,-0.012192895275319898,4330017000000.0,0.0,-4341.0
SNOW260116C00200000,200.0,-4585.0,空头平仓 Call，回补信号，看涨,1.7895909606311697,CALL,0.0,4585.0,24667300.0,0.0003241090243931153,10M-50M,2026-01-16,253.1100006103516,248.66000366210935,249.6499938964844,253.4600067138672,248.84500122070312,53.8,0.0,0.0,11.0,1.0000000000000004e-05,True,SNOW,53.8,0.0,0.017895909606311697,76108032000.0,0.0,-4585.0
MU260220C00220000,220.0,-6814.0,空头平仓 Call，回补信号，看涨,3.0183324819044453,CALL,0.0,6814.0,24530400.0,0.00013937346796305186,10M-50M,2026-02-20,237.2100067138672,230.25999450683597,235.6150054931641,238.1000061035156,234.1699981689453,36.0,37.0,38.0,45.0,0.6410558355712892,True,MU,36.0,0.0,0.030183324819044455,176004804634.0,0.0,-6814.0
NVDA260618C00134000,134.0,-4284.0,多头平仓 Call，减仓，看涨减弱,-1.2192895275319897,CALL,0.0,4284.0,24354540.0,5.624582998172986e-06,10M-50M,2026-06-18,178.06210327148438,180.25999450683597,178.99000549316406,179.2899932861328,176.97999572753906,56.85,0.0,0.0,5.0,1.0000000000000004e-05,True,NVDA,56.85,0.0,-0.012192895275319898,4330017000000.0,0.0,-4284.0
NVDA261218C00190000,190.0,-7323.0,多头平仓 Call，减仓，看涨减弱,-1.2192895275319897,CALL,0.0,7323.0,24041409.0,5.552266653918449e-06,10M-50M,2026-12-18,178.06210327148438,180.25999450683597,178.99000549316406,179.2899932861328,176.97999572753906,32.83,31.35,32.85,91.0,0.5059863854980469,False,NVDA,32.83,0.0,-0.012192895275319898,4330017000000.0,0.0,-7323.0
AMZN271217C00225000,225.0,-4086.0,空头平仓 Call，回补信号，看涨,1.0560698564344801,CALL,0.0,4086.0,24025680.0,1.0250150429996315e-05,10M-50M,2027-12-17,231.58009338378903,229.16000366210935,231.34500122070312,232.7400054931641,230.22999572753903,58.8,58.15,62.1,18.0,0.4579827151489258,True,AMZN,58.8,0.0,0.0105606985643448,2343934380679.0,0.0,-4086.0
NVDA260918P00180000,180.0,-9115.0,空头平仓 Put，回补，看跌信号减弱,-1.2192895275319897,PUT,0.0,9115.0,23881300.0,5.515290124726993e-06,10M-50M,2026-09-18,178.06210327148438,180.25999450683597,178.99000549316406,179.2899932861328,176.97999572753906,26.2,26.25,26.75,2998.0,0.4036009347534179,True,NVDA,26.2,0.0,-0.012192895275319898,4330017000000.0,0.0,-9115.0
ORCL251219P00240000,240.0,-5617.0,空头平仓 Put，回补，看跌信号减弱,-2.1272445684676113,PUT,0.0,5617.0,23844165.000000004,2.960124440935002e-05,10M-50M,2025-12-19,200.6000061035156,204.9600067138672,199.50999450683597,201.0,197.6100006103516,42.45,40.85,44.05,3.0,0.715701085205078,True,ORCL,38.02,0.11651762230405048,-0.021272445684676112,805512250440.0,11.651762230405048,-5617.0
AMD270115C00180000,180.0,-3403.0,空头平仓 Call，回补信号，看涨,1.3512831121376383,CALL,0.0,3403.0,23599805.0,9.119687646611077e-05,10M-50M,2027-01-15,217.13499450683597,214.2400054931641,216.3950042724609,218.3000030517578,214.03219604492188,69.35,67.8,71.55,53.0,0.5905192315673828,True,AMD,69.35,0.0,0.013512831121376382,258778654648.0,0.0,-3403.0
NVDA280121C00195000,195.0,-4812.0,多头平仓 Call，减仓，看涨减弱,-1.2192895275319897,CALL,0.0,4812.0,23578800.0,5.445428967138005e-06,10M-50M,2028-01-21,178.06210327148438,180.25999450683597,178.99000549316406,179.2899932861328,176.97999572753906,49.0,46.7,49.35,68.0,0.5270127865600586,False,NVDA,49.0,0.0,-0.012192895275319898,4330017000000.0,0.0,-4812.0
NVDA251219P00190000,190.0,-17762.0,空头平仓 Put，回补，看跌信号减弱,-1.2192895275319897,PUT,0.0,17762.0,23357030.0,5.3942120781511945e-06,10M-50M,2025-12-19,178.06210327148438,180.25999450683597,178.99000549316406,179.2899932861328,176.97999572753906,13.15,12.9,14.5,1658.0,0.3859924682617187,True,NVDA,13.15,0.0,-0.012192895275319898,4330017000000.0,0.0,-17762.0
NVDA260618C00185000,185.0,-9655.0,多头平仓 Call，减仓，看涨减弱,-1.2192895275319897,CALL,0.0,9655.0,23355445.0,5.3938460287800255e-06,10M-50M,2026-06-18,178.06210327148438,180.25999450683597,178.99000549316406,179.2899932861328,176.97999572753906,24.19,0.0,0.0,181.0,0.01563484375,False,NVDA,24.19,0.0,-0.012192895275319898,4330017000000.0,0.0,-9655.0
ORCL260116C00200000,200.0,-11108.0,多头平仓 Call，减仓，看涨减弱,-2.1272445684676113,CALL,0.0,11108.0,23260152.0,2.8876223778464525e-05,10M-50M,2026-01-16,200.6000061035156,204.9600067138672,199.50999450683597,201.0,197.6100006103516,20.94,0.0,0.0,3000.0,1.0000000000000004e-05,True,ORCL,20.94,0.0,-0.021272445684676112,805512250440.0,0.0,-11108.0
MSFT251219C00350000,350.0,-1904.0,空头平仓 Call，回补信号，看涨,1.1575685102342945,CALL,0.0,1904.0,23228800.0,6.110000510920193e-06,10M-50M,2025-12-19,491.1199951171875,485.5,487.5950012207031,491.7999877929688,486.6499938964844,122.0,137.25,139.9,1.0,1.0000000000000004e-05,True,MSFT,122.0,0.0,0.011575685102342945,3801767276203.0,0.0,-1904.0
NVDA260618P00140000,140.0,-31726.0,空头平仓 Put，回补，看跌信号减弱,-1.2192895275319897,PUT,0.0,31726.0,23159980.0,5.348704173678764e-06,10M-50M,2026-06-18,178.06210327148438,180.25999450683597,178.99000549316406,179.2899932861328,176.97999572753906,7.3,0.0,0.0,1937.0,0.062509375,False,NVDA,7.3,0.0,-0.012192895275319898,4330017000000.0,0.0,-31726.0
AMZN261218C00250000,250.0,-7847.0,空头平仓 Call，回补信号，看涨,1.0560698564344801,CALL,0.0,7847.0,23030945.0,9.825763549459225e-06,10M-50M,2026-12-18,231.58009338378903,229.16000366210935,231.34500122070312,232.7400054931641,230.22999572753903,29.35,30.3,30.8,51.0,0.4009764492797851,False,AMZN,29.35,0.0,0.0105606985643448,2343934380679.0,0.0,-7847.0
AMZN271217C00220000,220.0,-3743.0,空头平仓 Call，回补信号，看涨,1.0560698564344801,CALL,0.0,3743.0,22907160.0,9.772952770701782e-06,10M-50M,2027-12-17,231.58009338378903,229.16000366210935,231.34500122070312,232.7400054931641,230.22999572753903,61.2,60.4,64.6,21.0,0.4623161679077149,True,AMZN,61.2,0.0,0.0105606985643448,2343934380679.0,0.0,-3743.0
NVDA271217C00220000,220.0,-5809.0,多头平仓 Call，减仓，看涨减弱,-1.2192895275319897,CALL,0.0,5809.0,22800325.0,5.2656432988600275e-06,10M-50M,2027-12-17,178.06210327148438,180.25999450683597,178.99000549316406,179.2899932861328,176.97999572753906,39.25,37.9,38.9,81.0,0.5132647550964353,False,NVDA,39.25,0.0,-0.012192895275319898,4330017000000.0,0.0,-5809.0
NVDA260618P00165000,165.0,-14668.0,空头平仓 Put，回补，看跌信号减弱,-1.2192895275319897,PUT,0.0,14668.0,22442040.000000004,5.182898820027728e-06,10M-50M,2026-06-18,178.06210327148438,180.25999450683597,178.99000549316406,179.2899932861328,176.97999572753906,15.3,0.0,0.0,128.0,0.0312596875,False,NVDA,15.3,0.0,-0.012192895275319898,4330017000000.0,0.0,-14668.0
NVDA280121C00220000,220.0,-5509.0,多头平仓 Call，减仓，看涨减弱,-1.2192895275319897,CALL,0.0,5509.0,22399593.999999996,5.17309608715162e-06,10M-50M,2028-01-21,178.06210327148438,180.25999450683597,178.99000549316406,179.2899932861328,176.97999572753906,40.66,39.3,40.3,465.0,0.5151873432922363,False,NVDA,40.66,0.0,-0.012192895275319898,4330017000000.0,0.0,-5509.0
CORZ260116C00015000,15.0,-74086.0,空头平仓 Call，回补信号，看涨,2.1940638784955286,CALL,0.0,74086.0,22151714.0,0.004304536481472871,10M-50M,2026-01-16,16.53499984741211,16.18000030517578,16.350000381469727,16.621599197387695,16.28030014038086,2.99,0.0,0.0,1311.0,1.0000000000000004e-05,True,CORZ,2.99,0.0,0.021940638784955287,5146132248.0,0.0,-74086.0
NVDA280121C00150000,150.0,-3205.0,多头平仓 Call，减仓，看涨减弱,-1.2192895275319897,CALL,0.0,3205.0,21967070.0,5.073206410044118e-06,10M-50M,2028-01-21,178.06210327148438,180.25999450683597,178.99000549316406,179.2899932861328,176.97999572753906,68.54,65.3,69.2,207.0,0.5584760949707033,True,NVDA,68.54,0.0,-0.012192895275319898,4330017000000.0,0.0,-3205.0
PLTR270617C00140000,140.0,-3408.0,空头平仓 Call，回补信号，看涨,1.0194862748682496,CALL,0.0,3408.0,21811200.0,5.177648820748483e-05,10M-50M,2027-06-17,167.4600067138672,165.77000427246094,167.75999450683594,168.38999938964844,165.875,64.0,64.5,66.3,18.0,0.682589844055176,True,PLTR,64.0,0.0,0.010194862748682495,421256843697.0,0.0,-3408.0
COIN260116P00320000,320.0,-3536.0,多头平仓 Put，减仓，看跌减弱,4.238219773782709,PUT,0.0,3536.0,21806512.0,0.00027150793062026535,10M-50M,2026-01-16,276.20001220703125,264.9700012207031,273.69000244140625,276.5,270.20001220703125,61.67,53.6,58.3,7.0,0.6589999920654297,True,COIN,61.67,0.0,0.04238219773782709,80316298497.0,0.0,-3536.0
NVDA280121C00130000,130.0,-2718.0,多头平仓 Call，减仓，看涨减弱,-1.2192895275319897,CALL,0.0,2718.0,21771180.0,5.027966402903268e-06,10M-50M,2028-01-21,178.06210327148438,180.25999450683597,178.99000549316406,179.2899932861328,176.97999572753906,80.1,75.9,80.25,35.0,0.581333532409668,True,NVDA,80.1,0.0,-0.012192895275319898,4330017000000.0,0.0,-2718.0
ADBE260116P00400000,400.0,-2594.0,多头平仓 Put，减仓，看跌减弱,1.0141097669805215,PUT,0.0,2594.0,21732532.0,0.00014406632372225705,10M-50M,2026-01-16,320.739990234375,317.5199890136719,317.7431945800781,320.739990234375,317.5199890136719,83.78,0.0,0.0,3.0,1.0000000000000004e-05,True,ADBE,83.78,0.0,0.010141097669805215,150850882000.0,0.0,-2594.0
AMZN260116C00205000,205.0,-7633.0,空头平仓 Call，回补信号，看涨,1.0560698564344801,CALL,0.0,7633.0,21700619.0,9.25820243897514e-06,10M-50M,2026-01-16,231.58009338378903,229.16000366210935,231.34500122070312,232.7400054931641,230.22999572753903,28.43,29.5,30.5,70.0,0.4083311120605468,True,AMZN,28.43,0.0,0.0105606985643448,2343934380679.0,0.0,-7633.0
AMD260918P00200000,200.0,-7110.0,多头平仓 Put，减仓，看跌减弱,1.3512831121376383,PUT,0.0,7110.0,21657060.0,8.368951461417368e-05,10M-50M,2026-09-18,217.13499450683597,214.2400054931641,216.3950042724609,218.3000030517578,214.03219604492188,30.46,29.55,30.75,1047.0,0.5143633769226073,False,AMD,30.46,0.0,0.013512831121376382,258778654648.0,0.0,-7110.0
NVDA260821P00170000,170.0,-10800.0,空头平仓 Put，回补，看跌信号减弱,-1.2192895275319897,PUT,0.0,10800.0,21654000.0,5.000904153494085e-06,10M-50M,2026-08-21,178.06210327148438,180.25999450683597,178.99000549316406,179.2899932861328,176.97999572753906,20.05,19.9,20.45,44.0,0.4105588729858398,False,NVDA,20.05,0.0,-0.012192895275319898,4330017000000.0,0.0,-10800.0
MU251219C00190000,190.0,-4656.0,空头平仓 Call，回补信号，看涨,3.0183324819044453,CALL,0.0,4656.0,21557280.0,0.00012248120183325746,10M-50M,2025-12-19,237.2100067138672,230.25999450683597,235.6150054931641,238.1000061035156,234.1699981689453,46.3,48.2,51.2,8.0,0.7924825439453125,True,MU,46.3,0.0,0.030183324819044455,176004804634.0,0.0,-4656.0
MSFT261218C00500000,500.0,-3800.0,空头平仓 Call，回补信号，看涨,1.1575685102342945,CALL,0.0,3800.0,21477600.0,5.649372631101888e-06,10M-50M,2026-12-18,491.1199951171875,485.5,487.5950012207031,491.7999877929688,486.6499938964844,56.52,55.55,58.15,59.0,0.3082802326965332,False,MSFT,56.52,0.0,0.011575685102342945,3801767276203.0,0.0,-3800.0
AMZN260320C00230000,230.0,-11199.0,空头平仓 Call，回补信号，看涨,1.0560698564344801,CALL,0.0,11199.0,21446084.999999996,9.14960980852519e-06,10M-50M,2026-03-20,231.58009338378903,229.16000366210935,231.34500122070312,232.7400054931641,230.22999572753903,19.15,19.55,20.55,4895.0,0.3860229855346678,True,AMZN,19.15,0.0,0.0105606985643448,2343934380679.0,0.0,-11199.0
NVDA260116C00136000,136.0,-4611.0,多头平仓 Call，减仓，看涨减弱,-1.2192895275319897,CALL,0.0,4611.0,21279765.0,4.914476086352548e-06,10M-50M,2026-01-16,178.06210327148438,180.25999450683597,178.99000549316406,179.2899932861328,176.97999572753906,46.15,0.0,0.0,2.0,1.0000000000000004e-05,True,NVDA,46.15,0.0,-0.012192895275319898,4330017000000.0,0.0,-4611.0
MSFT260116C00395000,395.0,-2669.0,空头平仓 Call，回补信号，看涨,1.1575685102342945,CALL,0.0,2669.0,21218550.0,5.581233268226756e-06,10M-50M,2026-01-16,491.1199951171875,485.5,487.5950012207031,491.7999877929688,486.6499938964844,79.5,94.75,97.05,150.0,0.3306951696777344,True,MSFT,79.5,0.0,0.011575685102342945,3801767276203.0,0.0,-2669.0
MU251219C00175000,175.0,-3586.0,空头平仓 Call，回补信号，看涨,3.0183324819044453,CALL,0.0,3586.0,21031890.0,0.00011949611286882524,10M-50M,2025-12-19,237.2100067138672,230.25999450683597,235.6150054931641,238.1000061035156,234.1699981689453,58.65,60.7,63.95,3.0,0.6113320117187502,True,MU,58.65,0.0,0.030183324819044455,176004804634.0,0.0,-3586.0
MU260618C00180000,180.0,-2808.0,空头平仓 Call，回补信号，看涨,3.0183324819044453,CALL,0.0,2808.0,20919600.0,0.00011885811892182189,10M-50M,2026-06-18,237.2100067138672,230.25999450683597,235.6150054931641,238.1000061035156,234.1699981689453,74.5,74.45,77.85,43.0,0.6792024267578126,True,MU,74.5,0.0,0.030183324819044455,176004804634.0,0.0,-2808.0
NVDA260220P00160000,160.0,-32602.0,空头平仓 Put，回补，看跌信号减弱,-1.2192895275319897,PUT,0.0,32602.0,20800076.0,4.80369384231055e-06,10M-50M,2026-02-20,178.06210327148438,180.25999450683597,178.99000549316406,179.2899932861328,176.97999572753906,6.38,6.25,6.55,8.0,0.4231014721679687,False,NVDA,6.1,0.04590163934426234,-0.012192895275319898,4330017000000.0,4.590163934426235,-32602.0
MSFT251219C00480000,480.0,-13805.0,空头平仓 Call，回补信号，看涨,1.1575685102342945,CALL,0.0,13805.0,20776525.0,5.464964973013938e-06,10M-50M,2025-12-19,491.1199951171875,485.5,487.5950012207031,491.7999877929688,486.6499938964844,15.05,14.75,16.75,1217.0,0.2135088415527344,True,MSFT,15.05,0.0,0.011575685102342945,3801767276203.0,0.0,-13805.0
COIN260320P00340000,340.0,-1876.0,多头平仓 Put，减仓，看跌减弱,4.238219773782709,PUT,0.0,1876.0,20761692.0,0.00025849911398463535,10M-50M,2026-03-20,276.20001220703125,264.9700012207031,273.69000244140625,276.5,270.20001220703125,110.67,0.0,0.0,13.0,1.0000000000000004e-05,True,COIN,110.67,0.0,0.04238219773782709,80316298497.0,0.0,-1876.0
AMZN260515C00260000,260.0,-16281.0,空头平仓 Call，回补信号，看涨,1.0560698564344801,CALL,0.0,16281.0,20546622.0,8.765869117056073e-06,10M-50M,2026-05-15,231.58009338378903,229.16000366210935,231.34500122070312,232.7400054931641,230.22999572753903,12.62,12.3,13.5,149.0,0.3790345300292969,False,AMZN,12.62,0.0,0.0105606985643448,2343934380679.0,0.0,-16281.0
PLTR270617C00170000,170.0,-3974.0,空头平仓 Call，回补信号，看涨,1.0194862748682496,CALL,0.0,3974.0,20366750.0,4.8347582489720496e-05,10M-50M,2027-06-17,167.4600067138672,165.77000427246094,167.75999450683594,168.38999938964844,165.875,51.25,51.5,53.2,20.0,0.6571689556884766,False,PLTR,51.25,0.0,0.010194862748682495,421256843697.0,0.0,-3974.0
NVDA260417C00200000,200.0,-15214.0,多头平仓 Call，减仓，看涨减弱,-1.2192895275319897,CALL,0.0,15214.0,20310690.0,4.6906721151441205e-06,10M-50M,2026-04-17,178.06210327148438,180.25999450683597,178.99000549316406,179.2899932861328,176.97999572753906,13.35,0.0,0.0,1021.0,0.0312596875,False,NVDA,13.35,0.0,-0.012192895275319898,4330017000000.0,0.0,-15214.0
AMD260116C00190000,190.0,-6278.0,空头平仓 Call，回补信号，看涨,1.3512831121376383,CALL,0.0,6278.0,20277940.0,7.836017243223859e-05,10M-50M,2026-01-16,217.13499450683597,214.2400054931641,216.3950042724609,218.3000030517578,214.03219604492188,32.3,32.7,34.7,59.0,0.5647626531982424,True,AMD,32.3,0.0,0.013512831121376382,258778654648.0,0.0,-6278.0
NVDA280121C00175000,175.0,-3563.0,多头平仓 Call，减仓，看涨减弱,-1.2192895275319897,CALL,0.0,3563.0,20255655.0,4.677962003382435e-06,10M-50M,2028-01-21,178.06210327148438,180.25999450683597,178.99000549316406,179.2899932861328,176.97999572753906,56.85,56.3,57.45,98.0,0.5501906553649902,True,NVDA,56.85,0.0,-0.012192895275319898,4330017000000.0,0.0,-3563.0
AMZN260618C00170000,170.0,-2922.0,空头平仓 Call，回补信号，看涨,1.0560698564344801,CALL,0.0,2922.0,20153034.0,8.597951446986324e-06,10M-50M,2026-06-18,231.58009338378903,229.16000366210935,231.34500122070312,232.7400054931641,230.22999572753903,68.97,69.4,70.85,21.0,0.5039722454833984,True,AMZN,68.97,0.0,0.0105606985643448,2343934380679.0,0.0,-2922.0
COIN260116P00300000,300.0,-4320.0,多头平仓 Put，减仓，看跌减弱,4.238219773782709,PUT,0.0,4320.0,20139840.0,0.000250756575899128,10M-50M,2026-01-16,276.20001220703125,264.9700012207031,273.69000244140625,276.5,270.20001220703125,46.62,40.2,42.3,196.0,0.6532627447509767,True,COIN,46.62,0.0,0.04238219773782709,80316298497.0,0.0,-4320.0
NVDA271217P00170000,170.0,-5665.0,空头平仓 Put，回补，看跌信号减弱,-1.2192895275319897,PUT,0.0,5665.0,19663215.0,4.541140369656748e-06,10M-50M,2027-12-17,178.06210327148438,180.25999450683597,178.99000549316406,179.2899932861328,176.97999572753906,34.71,34.4,35.25,6.0,0.3990080851745606,False,NVDA,34.71,0.0,-0.012192895275319898,4330017000000.0,0.0,-5665.0
MSFT251219C00400000,400.0,-2203.0,空头平仓 Call，回补信号，看涨,1.1575685102342945,CALL,0.0,2203.0,19496550.0,5.12828602687961e-06,10M-50M,2025-12-19,491.1199951171875,485.5,487.5950012207031,491.7999877929688,486.6499938964844,88.5,87.4,89.8,8.0,1.0000000000000004e-05,True,MSFT,88.5,0.0,0.011575685102342945,3801767276203.0,0.0,-2203.0
ORCL260116P00230000,230.0,-6050.0,空头平仓 Put，回补，看跌信号减弱,-2.1272445684676113,PUT,0.0,6050.0,19462850.0,2.4162078217145282e-05,10M-50M,2026-01-16,200.6000061035156,204.9600067138672,199.50999450683597,201.0,197.6100006103516,32.17,0.0,0.0,196.0,1.0000000000000004e-05,True,ORCL,32.17,0.0,-0.021272445684676112,805512250440.0,0.0,-6050.0
AMZN251219C00175000,175.0,-3532.0,空头平仓 Call，回补信号，看涨,1.0560698564344801,CALL,0.0,3532.0,19390680.0,8.27270599375006e-06,10M-50M,2025-12-19,231.58009338378903,229.16000366210935,231.34500122070312,232.7400054931641,230.22999572753903,54.9,56.4,58.0,31.0,0.6709017285156251,True,AMZN,54.9,0.0,0.0105606985643448,2343934380679.0,0.0,-3532.0
NVDA280121P00200000,200.0,-3710.0,空头平仓 Put，回补，看跌信号减弱,-1.2192895275319897,PUT,0.0,3710.0,19325390.000000004,4.463121045483194e-06,10M-50M,2028-01-21,178.06210327148438,180.25999450683597,178.99000549316406,179.2899932861328,176.97999572753906,52.09,51.95,53.05,2.0,0.3775697009277343,True,NVDA,52.09,0.0,-0.012192895275319898,4330017000000.0,0.0,-3710.0
NVDA251219P00205000,205.0,-7495.0,空头平仓 Put，回补，看跌信号减弱,-1.2192895275319897,PUT,0.0,7495.0,19119745.0,4.415628160351333e-06,10M-50M,2025-12-19,178.06210327148438,180.25999450683597,178.99000549316406,179.2899932861328,176.97999572753906,25.51,25.7,27.25,77.0,0.3403386279296875,True,NVDA,25.51,0.0,-0.012192895275319898,4330017000000.0,0.0,-7495.0
MSFT270115C00400000,400.0,-1564.0,空头平仓 Call，回补信号，看涨,1.1575685102342945,CALL,0.0,1564.0,18836816.0,4.954752522046324e-06,10M-50M,2027-01-15,491.1199951171875,485.5,487.5950012207031,491.7999877929688,486.6499938964844,120.44,119.9,122.8,48.0,0.3604800280761718,True,MSFT,120.44,0.0,0.011575685102342945,3801767276203.0,0.0,-1564.0
PLTR270115C00200000,200.0,-5824.0,空头平仓 Call，回补信号，看涨,1.0194862748682496,CALL,0.0,5824.0,18811520.0,4.465570181580404e-05,10M-50M,2027-01-15,167.4600067138672,165.77000427246094,167.75999450683594,168.38999938964844,165.875,32.3,32.85,33.8,77.0,0.6261634063720705,False,PLTR,32.3,0.0,0.010194862748682495,421256843697.0,0.0,-5824.0
CRM260116P00260000,260.0,-5363.0,多头平仓 Put，减仓，看跌减弱,1.5034004060182171,PUT,0.0,5363.0,18781226.0,8.104251148760864e-05,10M-50M,2026-01-16,231.5800018310547,228.1499938964844,229.0,231.7454071044922,228.625,35.02,33.3,36.0,8.0,0.5084888018798828,True,CRM,35.02,0.0,0.015034004060182172,231745360000.0,0.0,-5363.0
IREN260320C00040000,40.0,-11484.0,多头平仓 Call，减仓，看涨减弱,-2.187825297418438,CALL,0.0,11484.0,18753371.999999996,0.0016471850286289345,10M-50M,2026-03-20,47.38999938964844,48.45000076293945,49.584999084472656,51.5,47.244998931884766,16.33,16.55,18.95,5.0,1.453127734375,True,IREN,16.33,0.0,-0.02187825297418438,11385103479.0,0.0,-11484.0
AMZN260116P00230000,230.0,-18725.0,多头平仓 Put，减仓，看跌减弱,1.0560698564344801,PUT,0.0,18725.0,18725000.0,7.988704869193338e-06,10M-50M,2026-01-16,231.58009338378903,229.16000366210935,231.34500122070312,232.7400054931641,230.22999572753903,10.0,8.7,8.9,2056.0,0.2841258111572264,False,AMZN,10.0,0.0,0.0105606985643448,2343934380679.0,0.0,-18725.0
ADBE260116P00360000,360.0,-3941.0,多头平仓 Put，减仓，看跌减弱,1.0141097669805215,PUT,0.0,3941.0,18644871.000000004,0.00012359802443846502,10M-50M,2026-01-16,320.739990234375,317.5199890136719,317.7431945800781,320.739990234375,317.5199890136719,47.31,42.05,50.2,2.0,0.5133715655517577,True,ADBE,47.31,0.0,0.010141097669805215,150850882000.0,0.0,-3941.0
ORCL260320P00220000,220.0,-5640.0,空头平仓 Put，回补，看跌信号减弱,-2.1272445684676113,PUT,0.0,5640.0,18623280.0,2.3119797358547048e-05,10M-50M,2026-03-20,200.6000061035156,204.9600067138672,199.50999450683597,201.0,197.6100006103516,33.02,0.0,0.0,24.0,1.0000000000000004e-05,True,ORCL,33.02,0.0,-0.021272445684676112,805512250440.0,0.0,-5640.0
MSFT251219C00450000,450.0,-4726.0,空头平仓 Call，回补信号，看涨,1.1575685102342945,CALL,0.0,4726.0,18525920.0,4.872975817315859e-06,10M-50M,2025-12-19,491.1199951171875,485.5,487.5950012207031,491.7999877929688,486.6499938964844,39.2,39.05,40.75,40.0,1.0000000000000004e-05,True,MSFT,39.2,0.0,0.011575685102342945,3801767276203.0,0.0,-4726.0
NVDA271217C00165000,165.0,-3082.0,多头平仓 Call，减仓，看涨减弱,-1.2192895275319897,CALL,0.0,3082.0,18507409.999999996,4.274211856443057e-06,10M-50M,2027-12-17,178.06210327148438,180.25999450683597,178.99000549316406,179.2899932861328,176.97999572753906,60.05,57.15,60.5,5.0,0.5440719421386719,True,NVDA,60.05,0.0,-0.012192895275319898,4330017000000.0,0.0,-3082.0
NVDA271217P00220000,220.0,-2890.0,空头平仓 Put，回补，看跌信号减弱,-1.2192895275319897,PUT,0.0,2890.0,18467100.0,4.264902424170621e-06,10M-50M,2027-12-17,178.06210327148438,180.25999450683597,178.99000549316406,179.2899932861328,176.97999572753906,63.9,63.0,66.5,54.0,0.3775544422912597,True,NVDA,63.9,0.0,-0.012192895275319898,4330017000000.0,0.0,-2890.0
AMZN260320C00210000,210.0,-5927.0,空头平仓 Call，回补信号，看涨,1.0560698564344801,CALL,0.0,5927.0,18462605.0,7.876758475914193e-06,10M-50M,2026-03-20,231.58009338378903,229.16000366210935,231.34500122070312,232.7400054931641,230.22999572753903,31.15,32.65,32.95,40.0,0.4165097412109374,True,AMZN,31.15,0.0,0.0105606985643448,2343934380679.0,0.0,-5927.0
AMZN260116C00185000,185.0,-3951.0,空头平仓 Call，回补信号，看涨,1.0560698564344801,CALL,0.0,3951.0,18391905.0,7.846595515473501e-06,10M-50M,2026-01-16,231.58009338378903,229.16000366210935,231.34500122070312,232.7400054931641,230.22999572753903,46.55,47.95,49.5,4.0,0.503056727294922,True,AMZN,46.55,0.0,0.0105606985643448,2343934380679.0,0.0,-3951.0
MSFT260116C00375000,375.0,-1868.0,空头平仓 Call，回补信号，看涨,1.1575685102342945,CALL,0.0,1868.0,18306400.0,4.81523425028884e-06,10M-50M,2026-01-16,491.1199951171875,485.5,487.5950012207031,491.7999877929688,486.6499938964844,98.0,114.25,116.6,3.0,0.3471744970703124,True,MSFT,98.0,0.0,0.011575685102342945,3801767276203.0,0.0,-1868.0
AMZN251219C00210000,210.0,-8534.0,空头平仓 Call，回补信号，看涨,1.0560698564344801,CALL,0.0,8534.0,18177420.0,7.755089114198792e-06,10M-50M,2025-12-19,231.58009338378903,229.16000366210935,231.34500122070312,232.7400054931641,230.22999572753903,21.3,22.65,23.65,254.0,0.417852501220703,True,AMZN,21.3,0.0,0.0105606985643448,2343934380679.0,0.0,-8534.0
MSFT260116C00440000,440.0,-3389.0,空头平仓 Call，回补信号，看涨,1.1575685102342945,CALL,0.0,3389.0,18124372.0,4.7673544126303396e-06,10M-50M,2026-01-16,491.1199951171875,485.5,487.5950012207031,491.7999877929688,486.6499938964844,53.48,52.4,54.7,50.0,0.2774730456542968,True,MSFT,53.48,0.0,0.011575685102342945,3801767276203.0,0.0,-3389.0
AMD251219C00200000,200.0,-8894.0,空头平仓 Call，回补信号，看涨,1.3512831121376383,CALL,0.0,8894.0,18099290.000000004,6.994120138934684e-05,10M-50M,2025-12-19,217.13499450683597,214.2400054931641,216.3950042724609,218.3000030517578,214.03219604492188,20.35,19.95,21.8,1078.0,0.502080174560547,True,AMD,20.35,0.0,0.013512831121376382,258778654648.0,0.0,-8894.0
ORCL270115C00195000,195.0,-3474.0,多头平仓 Call，减仓，看涨减弱,-2.1272445684676113,CALL,0.0,3474.0,18064800.0,2.242647456960754e-05,10M-50M,2027-01-15,200.6000061035156,204.9600067138672,199.50999450683597,201.0,197.6100006103516,52.0,0.0,0.0,158.0,1.0000000000000004e-05,True,ORCL,52.0,0.0,-0.021272445684676112,805512250440.0,0.0,-3474.0
AMZN260618P00200000,200.0,-17012.0,多头平仓 Put，减仓，看跌减弱,1.0560698564344801,PUT,0.0,17012.0,17862600.0,7.620776480451425e-06,10M-50M,2026-06-18,231.58009338378903,229.16000366210935,231.34500122070312,232.7400054931641,230.22999572753903,10.5,10.0,10.1,59.0,0.3513553634643553,False,AMZN,10.5,0.0,0.0105606985643448,2343934380679.0,0.0,-17012.0
ADBE251219P00350000,350.0,-4750.0,多头平仓 Put，减仓，看跌减弱,1.0141097669805215,PUT,0.0,4750.0,17788750.0,0.00011792274439601884,10M-50M,2025-12-19,320.739990234375,317.5199890136719,317.7431945800781,320.739990234375,317.5199890136719,37.45,0.0,0.0,17.0,1.0000000000000004e-05,True,ADBE,37.45,0.0,0.010141097669805215,150850882000.0,0.0,-4750.0
MU251219C00240000,240.0,-11474.0,空头平仓 Call，回补信号，看涨,3.0183324819044453,CALL,0.0,11474.0,17669960.0,0.00010039475931776113,10M-50M,2025-12-19,237.2100067138672,230.25999450683597,235.6150054931641,238.1000061035156,234.1699981689453,15.4,14.5,16.35,1.0,0.7219266088867188,False,MU,13.34,0.1544227886056972,0.030183324819044455,176004804634.0,15.442278860569719,-11474.0
NVDA280121P00180000,180.0,-4342.0,空头平仓 Put，回补，看跌信号减弱,-1.2192895275319897,PUT,0.0,4342.0,17641546.000000004,4.074244050312044e-06,10M-50M,2028-01-21,178.06210327148438,180.25999450683597,178.99000549316406,179.2899932861328,176.97999572753906,40.63,40.4,41.35,128.0,0.3909667837524414,True,NVDA,40.63,0.0,-0.012192895275319898,4330017000000.0,0.0,-4342.0
INTC260116C00040000,40.0,-90236.0,空头平仓 Call，回补信号，看涨,5.32273052724586,CALL,0.0,90236.0,17235075.999999996,0.00011091960214565894,10M-50M,2026-01-16,38.7692985534668,36.810001373291016,37.369998931884766,38.81999969482422,37.35499954223633,1.91,1.87,1.93,85.0,0.4294490649414063,False,INTC,1.6,0.1937499999999999,0.0532273052724586,155383500000.0,19.37499999999999,-90236.0
AMZN251219C00230000,230.0,-21363.0,空头平仓 Call，回补信号，看涨,1.0560698564344801,CALL,0.0,21363.0,17218578.0,7.3460153756574255e-06,10M-50M,2025-12-19,231.58009338378903,229.16000366210935,231.34500122070312,232.7400054931641,230.22999572753903,8.06,8.0,8.2,7.0,0.3263006823730469,True,AMZN,7.0,0.1514285714285715,0.0105606985643448,2343934380679.0,15.14285714285715,-21363.0
ORCL260320P00260000,260.0,-2810.0,空头平仓 Put，回补，看跌信号减弱,-2.1272445684676113,PUT,0.0,2810.0,17070750.0,2.119241512549975e-05,10M-50M,2026-03-20,200.6000061035156,204.9600067138672,199.50999450683597,201.0,197.6100006103516,60.75,0.0,0.0,2.0,1.0000000000000004e-05,True,ORCL,60.75,0.0,-0.021272445684676112,805512250440.0,0.0,-2810.0
AMD260116C00220000,220.0,-11427.0,空头平仓 Call，回补信号，看涨,1.3512831121376383,CALL,0.0,11427.0,16854825.0,6.513220737980316e-05,10M-50M,2026-01-16,217.13499450683597,214.2400054931641,216.3950042724609,218.3000030517578,214.03219604492188,14.75,14.5,14.85,7.0,0.5013477600097658,False,AMD,14.75,0.0,0.013512831121376382,258778654648.0,0.0,-11427.0
MSFT260417C00400000,400.0,-1709.0,空头平仓 Call，回补信号，看涨,1.1575685102342945,CALL,0.0,1709.0,16821687.000000004,4.424701928835738e-06,10M-50M,2026-04-17,491.1199951171875,485.5,487.5950012207031,491.7999877929688,486.6499938964844,98.43,98.15,100.35,1.0,0.3530032962036132,True,MSFT,98.43,0.0,0.011575685102342945,3801767276203.0,0.0,-1709.0
ORCL260918P00200000,200.0,-5189.0,空头平仓 Put，回补，看跌信号减弱,-2.1272445684676113,PUT,0.0,5189.0,16760469.999999998,2.0807219245697158e-05,10M-50M,2026-09-18,200.6000061035156,204.9600067138672,199.50999450683597,201.0,197.6100006103516,32.3,0.0,0.0,6.0,0.000986552734375,False,ORCL,32.3,0.0,-0.021272445684676112,805512250440.0,0.0,-5189.0
SOFI271217C00025000,25.0,-12892.0,空头平仓 Call，回补信号，看涨,1.579504270111097,CALL,0.0,12892.0,16759600.0,0.0005002170773362963,10M-50M,2027-12-17,28.940000534057617,28.489999771118164,28.790000915527344,29.01499938964844,28.45499992370605,13.0,12.95,13.5,9.0,0.7596459582519532,True,SOFI,13.0,0.0,0.01579504270111097,33504653798.0,0.0,-12892.0
MU251128C00210000,210.0,-6587.0,空头平仓 Call，回补信号，看涨,3.0183324819044453,CALL,0.0,6587.0,16730979.999999998,9.505979132099195e-05,10M-50M,2025-11-28,237.2100067138672,230.25999450683597,235.6150054931641,238.1000061035156,234.1699981689453,25.4,25.4,26.9,2.0,1.0000000000000004e-05,True,MU,21.51,0.18084611808461165,0.030183324819044455,176004804634.0,18.084611808461165,-6587.0
INTC261218P00040000,40.0,-18573.0,多头平仓 Put，减仓，看跌减弱,5.32273052724586,PUT,0.0,18573.0,16715700.0,0.00010757705934027745,10M-50M,2026-12-18,38.7692985534668,36.810001373291016,37.369998931884766,38.81999969482422,37.35499954223633,9.0,0.0,0.0,91.0,1.0000000000000004e-05,True,INTC,9.0,0.0,0.0532273052724586,155383500000.0,0.0,-18573.0
LULU270115P00200000,200.0,-3418.0,多头平仓 Put，减仓，看跌减弱,1.846762979699118,PUT,0.0,3418.0,16662750.0,0.0008329532983336896,10M-50M,2027-01-15,185.3000030517578,181.94000244140625,184.72000122070312,185.6499938964844,183.5,48.75,44.1,50.0,21.0,0.5232286447143554,True,LULU,48.75,0.0,0.01846762979699118,20004422857.0,0.0,-3418.0
AMZN260220C00230000,230.0,-9937.0,空头平仓 Call，回补信号，看涨,1.0560698564344801,CALL,0.0,9937.0,16495420.000000002,7.037492233558836e-06,10M-50M,2026-02-20,231.58009338378903,229.16000366210935,231.34500122070312,232.7400054931641,230.22999572753903,16.6,17.5,18.35,1422.0,0.3953307537841797,True,AMZN,16.6,0.0,0.0105606985643448,2343934380679.0,0.0,-9937.0
ORCL260320P00200000,200.0,-7583.0,空头平仓 Put，回补，看跌信号减弱,-2.1272445684676113,PUT,0.0,7583.0,16455110.0,2.0428131280451193e-05,10M-50M,2026-03-20,200.6000061035156,204.9600067138672,199.50999450683597,201.0,197.6100006103516,21.7,0.0,0.0,115.0,0.00196310546875,False,ORCL,21.7,0.0,-0.021272445684676112,805512250440.0,0.0,-7583.0
ORCL260320P00240000,240.0,-3591.0,空头平仓 Put，回补，看跌信号减弱,-2.1272445684676113,PUT,0.0,3591.0,16428825.0,2.0395499871077043e-05,10M-50M,2026-03-20,200.6000061035156,204.9600067138672,199.50999450683597,201.0,197.6100006103516,45.75,0.0,0.0,24.0,1.0000000000000004e-05,True,ORCL,45.75,0.0,-0.021272445684676112,805512250440.0,0.0,-3591.0
SOFI260618C00030000,30.0,-29217.0,空头平仓 Call，回补信号，看涨,1.579504270111097,CALL,0.0,29217.0,16361519.999999998,0.0004883357428088592,10M-50M,2026-06-18,28.940000534057617,28.489999771118164,28.790000915527344,29.01499938964844,28.45499992370605,5.6,5.5,6.0,611.0,0.7238797143554687,False,SOFI,5.6,0.0,0.01579504270111097,33504653798.0,0.0,-29217.0
MSFT270115C00430000,430.0,-1656.0,空头平仓 Call，回补信号，看涨,1.1575685102342945,CALL,0.0,1656.0,16356312.0,4.302291753201632e-06,10M-50M,2027-01-15,491.1199951171875,485.5,487.5950012207031,491.7999877929688,486.6499938964844,98.77,98.75,101.45,14.0,0.3414982843017577,True,MSFT,98.77,0.0,0.011575685102342945,3801767276203.0,0.0,-1656.0
MSFT261218C00480000,480.0,-2429.0,空头平仓 Call，回补信号，看涨,1.1575685102342945,CALL,0.0,2429.0,16347169.999999998,4.299887082074805e-06,10M-50M,2026-12-18,491.1199951171875,485.5,487.5950012207031,491.7999877929688,486.6499938964844,67.3,65.9,68.35,14.0,0.3153907572937011,True,MSFT,67.3,0.0,0.011575685102342945,3801767276203.0,0.0,-2429.0
NVDA270617C00210000,210.0,-4697.0,多头平仓 Call，减仓，看涨减弱,-1.2192895275319897,CALL,0.0,4697.0,16251620.000000002,3.7532462343681333e-06,10M-50M,2027-06-17,178.06210327148438,180.25999450683597,178.99000549316406,179.2899932861328,176.97999572753906,34.6,33.3,34.2,12.0,0.5072986282348633,False,NVDA,34.6,0.0,-0.012192895275319898,4330017000000.0,0.0,-4697.0
ORCL260320P00180000,180.0,-12694.0,空头平仓 Put，回补，看跌信号减弱,-2.1272445684676113,PUT,0.0,12694.0,16222931.999999998,2.0139894819896834e-05,10M-50M,2026-03-20,200.6000061035156,204.9600067138672,199.50999450683597,201.0,197.6100006103516,12.78,0.0,0.0,72.0,0.0312596875,False,ORCL,12.78,0.0,-0.021272445684676112,805512250440.0,0.0,-12694.0
COIN251128C00250000,250.0,-7262.0,空头平仓 Call，回补信号，看涨,4.238219773782709,CALL,0.0,7262.0,16186997.999999998,0.0002015406374909648,10M-50M,2025-11-28,276.20001220703125,264.9700012207031,273.69000244140625,276.5,270.20001220703125,22.29,18.15,22.5,63.0,1.0000000000000004e-05,True,COIN,15.72,0.4179389312977098,0.04238219773782709,80316298497.0,41.79389312977098,-7262.0
NVDA260618P00130000,130.0,-30806.0,空头平仓 Put，回补，看跌信号减弱,-1.2192895275319897,PUT,0.0,30806.0,16173150.0,3.735123903670586e-06,10M-50M,2026-06-18,178.06210327148438,180.25999450683597,178.99000549316406,179.2899932861328,176.97999572753906,5.25,5.15,5.95,1.0,0.4904836108398438,False,NVDA,5.12,0.02539062499999998,-0.012192895275319898,4330017000000.0,2.539062499999998,-30806.0
AMZN270115P00210000,210.0,-7766.0,多头平仓 Put，减仓，看跌减弱,1.0560698564344801,PUT,0.0,7766.0,16153280.000000002,6.891523983414867e-06,10M-50M,2027-01-15,231.58009338378903,229.16000366210935,231.34500122070312,232.7400054931641,230.22999572753903,20.8,19.75,20.6,6.0,0.3235999037170409,False,AMZN,20.8,0.0,0.0105606985643448,2343934380679.0,0.0,-7766.0
MU260116C00180000,180.0,-2759.0,空头平仓 Call，回补信号，看涨,3.0183324819044453,CALL,0.0,2759.0,16118078.0,9.157748865729751e-05,10M-50M,2026-01-16,237.2100067138672,230.25999450683597,235.6150054931641,238.1000061035156,234.1699981689453,58.42,59.45,63.05,20.0,0.7097196997070312,True,MU,58.42,0.0,0.030183324819044455,176004804634.0,0.0,-2759.0
CRWD260116C00390000,390.0,-1379.0,空头平仓 Call，回补信号，看涨,1.7864958532566595,CALL,0.0,1379.0,15968819.999999998,0.00013217599908286234,10M-50M,2026-01-16,510.5,501.5400085449219,505.7449951171875,510.6900024414063,501.9400024414063,115.8,0.0,0.0,1.0,1.0000000000000004e-05,True,CRWD,115.8,0.0,0.017864958532566595,120814823499.0,0.0,-1379.0
SNOW270115P00240000,240.0,-4147.0,多头平仓 Put，减仓，看跌减弱,1.7895909606311697,PUT,0.0,4147.0,15965950.0,0.0002097800925925926,10M-50M,2027-01-15,253.1100006103516,248.66000366210935,249.6499938964844,253.4600067138672,248.84500122070312,38.5,0.0,0.0,1.0,0.01563484375,False,SNOW,38.5,0.0,0.017895909606311697,76108032000.0,0.0,-4147.0
NVDA270617P00150000,150.0,-7471.0,空头平仓 Put，回补，看跌信号减弱,-1.2192895275319897,PUT,0.0,7471.0,15763810.0,3.640588478059093e-06,10M-50M,2027-06-17,178.06210327148438,180.25999450683597,178.99000549316406,179.2899932861328,176.97999572753906,21.1,20.85,21.5,24.0,0.4188900885009765,False,NVDA,21.1,0.0,-0.012192895275319898,4330017000000.0,0.0,-7471.0
CORZ260320C00017000,17.0,-48333.0,空头平仓 Call，回补信号，看涨,2.1940638784955286,CALL,0.0,48333.0,15756557.999999998,0.003061825316697535,10M-50M,2026-03-20,16.53499984741211,16.18000030517578,16.350000381469727,16.621599197387695,16.28030014038086,3.26,2.94,3.4,142.0,0.92187578125,False,CORZ,3.26,0.0,0.021940638784955287,5146132248.0,0.0,-48333.0
SOFI260918C00022000,22.0,-14609.0,空头平仓 Call，回补信号，看涨,1.579504270111097,CALL,0.0,14609.0,15704675.0,0.0004687311528327883,10M-50M,2026-09-18,28.940000534057617,28.489999771118164,28.790000915527344,29.01499938964844,28.45499992370605,10.75,10.65,11.1,23.0,0.7709983837890625,True,SOFI,10.75,0.0,0.01579504270111097,33504653798.0,0.0,-14609.0
SOFI270115C00035000,35.0,-23052.0,空头平仓 Call，回补信号，看涨,1.579504270111097,CALL,0.0,23052.0,15675360.0,0.0004678561997538298,10M-50M,2027-01-15,28.940000534057617,28.489999771118164,28.790000915527344,29.01499938964844,28.45499992370605,6.8,6.6,7.1,171.0,0.7251004052734374,False,SOFI,6.8,0.0,0.01579504270111097,33504653798.0,0.0,-23052.0
PLTR260618P00150000,150.0,-8148.0,多头平仓 Put，减仓，看跌减弱,1.0194862748682496,PUT,0.0,8148.0,15644160.0,3.7136868478396686e-05,10M-50M,2026-06-18,167.4600067138672,165.77000427246094,167.75999450683594,168.38999938964844,165.875,19.2,18.4,18.85,96.0,0.5643964459228517,False,PLTR,19.2,0.0,0.010194862748682495,421256843697.0,0.0,-8148.0
AMZN260618C00215000,215.0,-4437.0,空头平仓 Call，回补信号，看涨,1.0560698564344801,CALL,0.0,4437.0,15596054.999999998,6.653793352133891e-06,10M-50M,2026-06-18,231.58009338378903,229.16000366210935,231.34500122070312,232.7400054931641,230.22999572753903,35.15,35.25,36.8,91.0,0.4189816403198242,True,AMZN,35.15,0.0,0.0105606985643448,2343934380679.0,0.0,-4437.0
MSFT261218C00365000,365.0,-1142.0,空头平仓 Call，回补信号，看涨,1.1575685102342945,CALL,0.0,1142.0,15461537.999999998,4.066934369386794e-06,10M-50M,2026-12-18,491.1199951171875,485.5,487.5950012207031,491.7999877929688,486.6499938964844,135.39,145.15,148.05,1.0,0.3855041918945311,True,MSFT,135.39,0.0,0.011575685102342945,3801767276203.0,0.0,-1142.0
NVDA261218C00220000,220.0,-6824.0,多头平仓 Call，减仓，看涨减弱,-1.2192895275319897,CALL,0.0,6824.0,15456359.999999998,3.569584137891375e-06,10M-50M,2026-12-18,178.06210327148438,180.25999450683597,178.99000549316406,179.2899932861328,176.97999572753906,22.65,21.2,22.15,152.0,0.4924061990356446,False,NVDA,22.65,0.0,-0.012192895275319898,4330017000000.0,0.0,-6824.0
CORZ251219C00015000,15.0,-71730.0,空头平仓 Call，回补信号，看涨,2.1940638784955286,CALL,0.0,71730.0,15421950.0,0.0029968040572594316,10M-50M,2025-12-19,16.53499984741211,16.18000030517578,16.350000381469727,16.621599197387695,16.28030014038086,2.15,2.29,2.54,22.0,0.989257919921875,True,CORZ,2.15,0.0,0.021940638784955287,5146132248.0,0.0,-71730.0
NVDA260116C00128000,128.0,-2867.0,多头平仓 Call，减仓，看涨减弱,-1.2192895275319897,CALL,0.0,2867.0,15315514.000000002,3.537056321025992e-06,10M-50M,2026-01-16,178.06210327148438,180.25999450683597,178.99000549316406,179.2899932861328,176.97999572753906,53.42,0.0,0.0,2.0,1.0000000000000004e-05,True,NVDA,53.42,0.0,-0.012192895275319898,4330017000000.0,0.0,-2867.0
ORCL260220P00260000,260.0,-2593.0,空头平仓 Put，回补，看跌信号减弱,-2.1272445684676113,PUT,0.0,2593.0,15298700.0,1.8992510655974873e-05,10M-50M,2026-02-20,200.6000061035156,204.9600067138672,199.50999450683597,201.0,197.6100006103516,59.0,0.0,0.0,10.0,1.0000000000000004e-05,True,ORCL,59.0,0.0,-0.021272445684676112,805512250440.0,0.0,-2593.0
MSFT261218C00370000,370.0,-1176.0,空头平仓 Call，回补信号，看涨,1.1575685102342945,CALL,0.0,1176.0,15288000.0,4.02128770366734e-06,10M-50M,2026-12-18,491.1199951171875,485.5,487.5950012207031,491.7999877929688,486.6499938964844,130.0,141.2,144.05,10.0,0.3818573777770995,True,MSFT,130.0,0.0,0.011575685102342945,3801767276203.0,0.0,-1176.0
AMD260618C00250000,250.0,-6237.0,空头平仓 Call，回补信号，看涨,1.3512831121376383,CALL,0.0,6237.0,15187095.000000002,5.868758774041094e-05,10M-50M,2026-06-18,217.13499450683597,214.2400054931641,216.3950042724609,218.3000030517578,214.03219604492188,24.35,24.1,24.95,187.0,0.5623517886352539,False,AMD,24.35,0.0,0.013512831121376382,258778654648.0,0.0,-6237.0
NVDA260618C00230000,230.0,-15159.0,多头平仓 Call，减仓，看涨减弱,-1.2192895275319897,CALL,0.0,15159.0,15159000.0,3.500910042616461e-06,10M-50M,2026-06-18,178.06210327148438,180.25999450683597,178.99000549316406,179.2899932861328,176.97999572753906,10.0,0.0,0.0,366.0,0.062509375,False,NVDA,10.0,0.0,-0.012192895275319898,4330017000000.0,0.0,-15159.0
INTC260618C00035000,35.0,-21508.0,空头平仓 Call，回补信号，看涨,5.32273052724586,CALL,0.0,21508.0,15141632.0,9.744684602934031e-05,10M-50M,2026-06-18,38.7692985534668,36.810001373291016,37.369998931884766,38.81999969482422,37.35499954223633,7.04,7.05,7.75,221.0,0.5195360546875,True,INTC,7.04,0.0,0.0532273052724586,155383500000.0,0.0,-21508.0
MSFT261218C00475000,475.0,-2154.0,空头平仓 Call，回补信号，看涨,1.1575685102342945,CALL,0.0,2154.0,15093078.0,3.9700162854455815e-06,10M-50M,2026-12-18,491.1199951171875,485.5,487.5950012207031,491.7999877929688,486.6499938964844,70.07,68.6,71.15,12.0,0.3176948114013671,True,MSFT,70.07,0.0,0.011575685102342945,3801767276203.0,0.0,-2154.0
MSFT251219C00425000,425.0,-2343.0,空头平仓 Call，回补信号，看涨,1.1575685102342945,CALL,0.0,2343.0,15030345.000000002,3.953515275404101e-06,10M-50M,2025-12-19,491.1199951171875,485.5,487.5950012207031,491.7999877929688,486.6499938964844,64.15,0.0,0.0,5.0,1.0000000000000004e-05,True,MSFT,64.15,0.0,0.011575685102342945,3801767276203.0,0.0,-2343.0
INTC260618C00040000,40.0,-28344.0,空头平仓 Call，回补信号，看涨,5.32273052724586,CALL,0.0,28344.0,15022319.999999998,9.667899101255923e-05,10M-50M,2026-06-18,38.7692985534668,36.810001373291016,37.369998931884766,38.81999969482422,37.35499954223633,5.3,5.1,5.35,2.0,0.5101367346191408,False,INTC,4.9,0.08163265306122437,0.0532273052724586,155383500000.0,8.163265306122437,-28344.0
NVDA260116P00165000,165.0,-28917.0,空头平仓 Put，回补，看跌信号减弱,-1.2192895275319897,PUT,0.0,28917.0,14979006.0,3.459341152702172e-06,10M-50M,2026-01-16,178.06210327148438,180.25999450683597,178.99000549316406,179.2899932861328,176.97999572753906,5.18,5.15,5.75,18.0,0.437932866821289,False,NVDA,4.91,0.054989816700610906,-0.012192895275319898,4330017000000.0,5.498981670061091,-28917.0
MU260116C00220000,220.0,-5093.0,空头平仓 Call，回补信号，看涨,3.0183324819044453,CALL,0.0,5093.0,14886839.000000002,8.458200349108092e-05,10M-50M,2026-01-16,237.2100067138672,230.25999450683597,235.6150054931641,238.1000061035156,234.1699981689453,29.23,31.5,33.2,235.0,0.6759675958251954,True,MU,29.23,0.0,0.030183324819044455,176004804634.0,0.0,-5093.0
NVDA260918C00145000,145.0,-2847.0,多头平仓 Call，减仓，看涨减弱,-1.2192895275319897,CALL,0.0,2847.0,14847104.999999998,3.428879147587642e-06,10M-50M,2026-09-18,178.06210327148438,180.25999450683597,178.99000549316406,179.2899932861328,176.97999572753906,52.15,49.8,51.85,10.0,0.5526778131103516,True,NVDA,52.15,0.0,-0.012192895275319898,4330017000000.0,0.0,-2847.0
NVDA260417C00190000,190.0,-8903.0,多头平仓 Call，减仓，看涨减弱,-1.2192895275319897,CALL,0.0,8903.0,14823494.999999998,3.423426513106068e-06,10M-50M,2026-04-17,178.06210327148438,180.25999450683597,178.99000549316406,179.2899932861328,176.97999572753906,16.65,16.1,16.5,2.0,0.4831594653320313,False,NVDA,17.1,-0.026315789473684376,-0.012192895275319898,4330017000000.0,-2.6315789473684377,-8903.0
NVDA260918P00190000,190.0,-4676.0,空头平仓 Put，回补，看跌信号减弱,-1.2192895275319897,PUT,0.0,4676.0,14822919.999999998,3.4232937191701555e-06,10M-50M,2026-09-18,178.06210327148438,180.25999450683597,178.99000549316406,179.2899932861328,176.97999572753906,31.7,31.8,32.3,16.0,0.3945678219604492,True,NVDA,31.7,0.0,-0.012192895275319898,4330017000000.0,0.0,-4676.0
SNOW261218C00210000,210.0,-2023.0,空头平仓 Call，回补信号，看涨,1.7895909606311697,CALL,0.0,2023.0,14814429.0,0.00019465000750512113,10M-50M,2026-12-18,253.1100006103516,248.66000366210935,249.6499938964844,253.4600067138672,248.84500122070312,73.23,0.0,0.0,2.0,1.0000000000000004e-05,True,SNOW,73.23,0.0,0.017895909606311697,76108032000.0,0.0,-2023.0
COIN251219P00300000,300.0,-4459.0,多头平仓 Put，减仓，看跌减弱,4.238219773782709,PUT,0.0,4459.0,14799421.0,0.0001842642312575298,10M-50M,2025-12-19,276.20001220703125,264.9700012207031,273.69000244140625,276.5,270.20001220703125,33.19,33.1,37.45,2.0,0.7546411254882812,True,COIN,40.41,-0.17866864637465973,0.04238219773782709,80316298497.0,-17.866864637465973,-4459.0
AMD260618C00270000,270.0,-7377.0,空头平仓 Call，回补信号，看涨,1.3512831121376383,CALL,0.0,7377.0,14754000.0,5.701397597908112e-05,10M-50M,2026-06-18,217.13499450683597,214.2400054931641,216.3950042724609,218.3000030517578,214.03219604492188,20.0,19.0,19.5,1.0,0.5618024777221681,False,AMD,19.36,0.03305785123966945,0.013512831121376382,258778654648.0,3.305785123966945,-7377.0
MU251219C00230000,230.0,-8296.0,空头平仓 Call，回补信号，看涨,3.0183324819044453,CALL,0.0,8296.0,14750288.0,8.380616671614765e-05,10M-50M,2025-12-19,237.2100067138672,230.25999450683597,235.6150054931641,238.1000061035156,234.1699981689453,17.78,18.95,21.4,2326.0,0.7175931561279296,True,MU,17.78,0.0,0.030183324819044455,176004804634.0,0.0,-8296.0
ORCL260618P00240000,240.0,-2802.0,空头平仓 Put，回补，看跌信号减弱,-2.1272445684676113,PUT,0.0,2802.0,14696490.0,1.8244899431352216e-05,10M-50M,2026-06-18,200.6000061035156,204.9600067138672,199.50999450683597,201.0,197.6100006103516,52.45,0.0,0.0,3.0,1.0000000000000004e-05,True,ORCL,52.45,0.0,-0.021272445684676112,805512250440.0,0.0,-2802.0
INTC271217C00030000,30.0,-9733.0,空头平仓 Call，回补信号，看涨,5.32273052724586,CALL,0.0,9733.0,14648165.0,9.427104550998015e-05,10M-50M,2027-12-17,38.7692985534668,36.810001373291016,37.369998931884766,38.81999969482422,37.35499954223633,15.05,15.05,15.6,11.0,0.5424850439453126,True,INTC,15.05,0.0,0.0532273052724586,155383500000.0,0.0,-9733.0
PLTR251219P00180000,180.0,-8599.0,多头平仓 Put，减仓，看跌减弱,1.0194862748682496,PUT,0.0,8599.0,14601101.999999998,3.4660806627754686e-05,10M-50M,2025-12-19,167.4600067138672,165.77000427246094,167.75999450683594,168.38999938964844,165.875,16.98,14.5,16.65,95.0,0.5297898583984376,True,PLTR,16.98,0.0,0.010194862748682495,421256843697.0,0.0,-8599.0
NVDA260220C00195000,195.0,-16732.0,多头平仓 Call，减仓，看涨减弱,-1.2192895275319897,CALL,0.0,16732.0,14590304.0,3.369571990133064e-06,10M-50M,2026-02-20,178.06210327148438,180.25999450683597,178.99000549316406,179.2899932861328,176.97999572753906,8.72,8.8,9.0,2.0,0.4487359814453124,False,NVDA,9.3,-0.06236559139784947,-0.012192895275319898,4330017000000.0,-6.236559139784947,-16732.0
MU251219C00210000,210.0,-4863.0,空头平仓 Call，回补信号，看涨,3.0183324819044453,CALL,0.0,4863.0,14589000.0,8.288978264165947e-05,10M-50M,2025-12-19,237.2100067138672,230.25999450683597,235.6150054931641,238.1000061035156,234.1699981689453,30.0,32.1,34.5,71.0,0.7467066345214843,True,MU,30.0,0.0,0.030183324819044455,176004804634.0,0.0,-4863.0
BE260320C00090000,90.0,-4703.0,空头平仓 Call，回补信号，看涨,2.432271207551969,CALL,0.0,4703.0,14579300.0,0.0008860244790599741,10M-50M,2026-03-20,103.5999984741211,101.13999938964844,104.1999969482422,105.4000015258789,102.55120086669922,31.0,32.0,34.5,71.0,1.2301063885498047,True,BE,31.0,0.0,0.02432271207551969,16454737250.0,0.0,-4703.0
MU261218C00220000,220.0,-2139.0,空头平仓 Call，回补信号，看涨,3.0183324819044453,CALL,0.0,2139.0,14575146.0,8.281106888137997e-05,10M-50M,2026-12-18,237.2100067138672,230.25999450683597,235.6150054931641,238.1000061035156,234.1699981689453,68.14,68.0,71.5,6.0,0.6608615457153321,True,MU,68.14,0.0,0.030183324819044455,176004804634.0,0.0,-2139.0
AMD260618P00180000,180.0,-8658.0,多头平仓 Put，减仓，看跌减弱,1.3512831121376383,PUT,0.0,8658.0,14545440.0,5.62080362454362e-05,10M-50M,2026-06-18,217.13499450683597,214.2400054931641,216.3950042724609,218.3000030517578,214.03219604492188,16.8,16.35,16.8,1602.0,0.5429733203125001,False,AMD,16.8,0.0,0.013512831121376382,258778654648.0,0.0,-8658.0
BMNR270115C00040000,40.0,-10448.0,空头平仓 Call，回补信号，看涨,7.876178098770012,CALL,0.0,10448.0,14543616.0,0.0669225894426837,10M-50M,2027-01-15,34.239898681640625,31.739999771118164,33.79999923706055,34.30500030517578,33.02000045776367,13.92,13.2,14.95,1.0,1.1326947662353517,False,BMNR,12.89,0.07990690457719157,0.07876178098770012,217319983.0,7.9906904577191575,-10448.0
NVDA260918C00135000,135.0,-2458.0,多头平仓 Call，减仓，看涨减弱,-1.2192895275319897,CALL,0.0,2458.0,14514490.0,3.3520630519464475e-06,10M-50M,2026-09-18,178.06210327148438,180.25999450683597,178.99000549316406,179.2899932861328,176.97999572753906,59.05,56.65,58.65,6.0,0.5719647296142578,True,NVDA,59.05,0.0,-0.012192895275319898,4330017000000.0,0.0,-2458.0
PLTR270617C00150000,150.0,-2473.0,空头平仓 Call，回补信号，看涨,1.0194862748682496,CALL,0.0,2473.0,14437374.000000002,3.427214113198944e-05,10M-50M,2027-06-17,167.4600067138672,165.77000427246094,167.75999450683594,168.38999938964844,165.875,58.38,59.85,61.7,10.0,0.6737093176269533,True,PLTR,58.38,0.0,0.010194862748682495,421256843697.0,0.0,-2473.0
MSFT251219C00485000,485.0,-11812.0,空头平仓 Call，回补信号，看涨,1.1575685102342945,CALL,0.0,11812.0,14398828.0,3.787403845082483e-06,10M-50M,2025-12-19,491.1199951171875,485.5,487.5950012207031,491.7999877929688,486.6499938964844,12.19,12.05,0.0,1275.0,1.0000000000000004e-05,True,MSFT,12.19,0.0,0.011575685102342945,3801767276203.0,0.0,-11812.0
AMZN270617C00260000,260.0,-4019.0,空头平仓 Call，回补信号，看涨,1.0560698564344801,CALL,0.0,4019.0,14367925.0,6.129832438328689e-06,10M-50M,2027-06-17,231.58009338378903,229.16000366210935,231.34500122070312,232.7400054931641,230.22999572753903,35.75,34.3,36.25,27.0,0.4068662829589844,False,AMZN,35.75,0.0,0.0105606985643448,2343934380679.0,0.0,-4019.0
SOFI270115C00022000,22.0,-11902.0,空头平仓 Call，回补信号，看涨,1.579504270111097,CALL,0.0,11902.0,14282400.0,0.0004262810798197999,10M-50M,2027-01-15,28.940000534057617,28.489999771118164,28.790000915527344,29.01499938964844,28.45499992370605,12.0,11.8,13.0,10.0,0.8142108422851562,True,SOFI,11.94,0.005025125628140745,0.01579504270111097,33504653798.0,0.5025125628140745,-11902.0
NVDA260116P00195000,195.0,-7343.0,空头平仓 Put，回补，看跌信号减弱,-1.2192895275319897,PUT,0.0,7343.0,14282135.0,3.2984015998089614e-06,10M-50M,2026-01-16,178.06210327148438,180.25999450683597,178.99000549316406,179.2899932861328,176.97999572753906,19.45,17.75,22.5,2363.0,0.4437311486816406,True,NVDA,19.45,0.0,-0.012192895275319898,4330017000000.0,0.0,-7343.0
PLTR260320C00120000,120.0,-2625.0,空头平仓 Call，回补信号，看涨,1.0194862748682496,CALL,0.0,2625.0,14280000.0,3.389855907070144e-05,10M-50M,2026-03-20,167.4600067138672,165.77000427246094,167.75999450683594,168.38999938964844,165.875,54.4,0.0,0.0,11.0,1.0000000000000004e-05,True,PLTR,54.4,0.0,0.010194862748682495,421256843697.0,0.0,-2625.0
ORCL251219C00190000,190.0,-5752.0,多头平仓 Call，减仓，看涨减弱,-2.1272445684676113,CALL,0.0,5752.0,14236200.0,1.7673474229875054e-05,10M-50M,2025-12-19,200.6000061035156,204.9600067138672,199.50999450683597,201.0,197.6100006103516,24.75,0.0,0.0,99.0,1.0000000000000004e-05,True,ORCL,24.75,0.0,-0.021272445684676112,805512250440.0,0.0,-5752.0
COIN260220P00310000,310.0,-2228.0,多头平仓 Put，减仓，看跌减弱,4.238219773782709,PUT,0.0,2228.0,14178992.000000002,0.00017653941062198753,10M-50M,2026-02-20,276.20001220703125,264.9700012207031,273.69000244140625,276.5,270.20001220703125,63.64,53.25,57.5,4.0,0.6402623864746093,True,COIN,63.64,0.0,0.04238219773782709,80316298497.0,0.0,-2228.0
AMD270115C00160000,160.0,-1750.0,空头平仓 Call，回补信号，看涨,1.3512831121376383,CALL,0.0,1750.0,14152250.0,5.468862962924975e-05,10M-50M,2027-01-15,217.13499450683597,214.2400054931641,216.3950042724609,218.3000030517578,214.03219604492188,80.87,79.9,83.75,11.0,0.6135902899169923,True,AMD,80.87,0.0,0.013512831121376382,258778654648.0,0.0,-1750.0
NVDA260918C00160000,160.0,-3271.0,多头平仓 Call，减仓，看涨减弱,-1.2192895275319897,CALL,0.0,3271.0,14130720.000000002,3.26343291492851e-06,10M-50M,2026-09-18,178.06210327148438,180.25999450683597,178.99000549316406,179.2899932861328,176.97999572753906,43.2,40.6,42.7,69.0,0.5301560656738282,True,NVDA,43.2,0.0,-0.012192895275319898,4330017000000.0,0.0,-3271.0
AMZN271217P00220000,220.0,-3987.0,多头平仓 Put，减仓，看跌减弱,1.0560698564344801,PUT,0.0,3987.0,13950513.0,5.9517506611933225e-06,10M-50M,2027-12-17,231.58009338378903,229.16000366210935,231.34500122070312,232.7400054931641,230.22999572753903,34.99,32.95,35.15,1.0,0.3180457600402831,False,AMZN,34.99,0.0,0.0105606985643448,2343934380679.0,0.0,-3987.0
AMZN260116C00235000,235.0,-16481.0,空头平仓 Call，回补信号，看涨,1.0560698564344801,CALL,0.0,16481.0,13844040.0,5.9063257547293645e-06,10M-50M,2026-01-16,231.58009338378903,229.16000366210935,231.34500122070312,232.7400054931641,230.22999572753903,8.4,8.9,9.6,1026.0,0.3258734405517578,False,AMZN,8.4,0.0,0.0105606985643448,2343934380679.0,0.0,-16481.0
NVDA270617P00180000,180.0,-3919.0,空头平仓 Put，回补，看跌信号减弱,-1.2192895275319897,PUT,0.0,3919.0,13806637.0,3.1885872503502875e-06,10M-50M,2027-06-17,178.06210327148438,180.25999450683597,178.99000549316406,179.2899932861328,176.97999572753906,35.23,35.05,35.85,107.0,0.3959105819702149,True,NVDA,35.23,0.0,-0.012192895275319898,4330017000000.0,0.0,-3919.0
AMZN260116P00235000,235.0,-10877.0,多头平仓 Put，减仓，看跌减弱,1.0560698564344801,PUT,0.0,10877.0,13759405.000000002,5.870217661986819e-06,10M-50M,2026-01-16,231.58009338378903,229.16000366210935,231.34500122070312,232.7400054931641,230.22999572753903,12.65,11.0,11.2,142.0,0.2730175238037109,True,AMZN,12.65,0.0,0.0105606985643448,2343934380679.0,0.0,-10877.0
AMZN260618C00195000,195.0,-2786.0,空头平仓 Call，回补信号，看涨,1.0560698564344801,CALL,0.0,2786.0,13743338.0,5.863362947907602e-06,10M-50M,2026-06-18,231.58009338378903,229.16000366210935,231.34500122070312,232.7400054931641,230.22999572753903,49.33,48.9,50.6,8.0,0.4548394360351562,True,AMZN,49.33,0.0,0.0105606985643448,2343934380679.0,0.0,-2786.0
ORCL260618P00200000,200.0,-4893.0,空头平仓 Put，回补，看跌信号减弱,-2.1272445684676113,PUT,0.0,4893.0,13671042.000000002,1.6971861064226377e-05,10M-50M,2026-06-18,200.6000061035156,204.9600067138672,199.50999450683597,201.0,197.6100006103516,27.94,0.0,0.0,37.0,0.000986552734375,False,ORCL,27.94,0.0,-0.021272445684676112,805512250440.0,0.0,-4893.0
AMD261218C00165000,165.0,-1780.0,空头平仓 Call，回补信号，看涨,1.3512831121376383,CALL,0.0,1780.0,13611660.0,5.259962425616235e-05,10M-50M,2026-12-18,217.13499450683597,214.2400054931641,216.3950042724609,218.3000030517578,214.03219604492188,76.47,77.0,79.8,7.0,0.6251868536376954,True,AMD,76.47,0.0,0.013512831121376382,258778654648.0,0.0,-1780.0
MSFT260618C00415000,415.0,-1458.0,空头平仓 Call，回补信号，看涨,1.1575685102342945,CALL,0.0,1458.0,13588560.0,3.5742745446458578e-06,10M-50M,2026-06-18,491.1199951171875,485.5,487.5950012207031,491.7999877929688,486.6499938964844,93.2,91.8,94.25,1.0,0.3467777725219726,True,MSFT,93.2,0.0,0.011575685102342945,3801767276203.0,0.0,-1458.0
RBLX260116C00075000,75.0,-6837.0,空头平仓 Call，回补信号，看涨,2.167577304078284,CALL,0.0,6837.0,13482563.999999998,0.00014399849932951561,10M-50M,2026-01-16,94.73999786376952,92.7300033569336,93.61000061035156,95.30999755859376,93.0749969482422,19.72,0.0,0.0,1.0,1.0000000000000004e-05,True,RBLX,19.72,0.0,0.021675773040782838,93629892414.0,0.0,-6837.0
NVDA260320P00210000,210.0,-3802.0,空头平仓 Put，回补，看跌信号减弱,-1.2192895275319897,PUT,0.0,3802.0,13478090.000000002,3.11271064293743e-06,10M-50M,2026-03-20,178.06210327148438,180.25999450683597,178.99000549316406,179.2899932861328,176.97999572753906,35.45,0.0,0.0,3.0,1.0000000000000004e-05,True,NVDA,35.45,0.0,-0.012192895275319898,4330017000000.0,0.0,-3802.0
MSFT251219C00405000,405.0,-1832.0,空头平仓 Call，回补信号，看涨,1.1575685102342945,CALL,0.0,1832.0,13443216.0,3.536043903620097e-06,10M-50M,2025-12-19,491.1199951171875,485.5,487.5950012207031,491.7999877929688,486.6499938964844,73.38,82.4,84.85,7.0,1.0000000000000004e-05,True,MSFT,73.38,0.0,0.011575685102342945,3801767276203.0,0.0,-1832.0
MSFT260618P00450000,450.0,-6832.0,多头平仓 Put，减仓，看跌减弱,1.1575685102342945,PUT,0.0,6832.0,13424879.999999998,3.531220883517111e-06,10M-50M,2026-06-18,491.1199951171875,485.5,487.5950012207031,491.7999877929688,486.6499938964844,19.65,0.0,0.0,7.0,0.0312596875,False,MSFT,19.65,0.0,0.011575685102342945,3801767276203.0,0.0,-6832.0
COIN270115P00200000,200.0,-4052.0,多头平仓 Put，减仓，看跌减弱,4.238219773782709,PUT,0.0,4052.0,13408068.000000002,0.00016694081090528376,10M-50M,2027-01-15,276.20001220703125,264.9700012207031,273.69000244140625,276.5,270.20001220703125,33.09,28.7,33.7,5.0,0.6298254791259765,False,COIN,33.09,0.0,0.04238219773782709,80316298497.0,0.0,-4052.0
PLTR260618C00150000,150.0,-3468.0,空头平仓 Call，回补信号，看涨,1.0194862748682496,CALL,0.0,3468.0,13403819.999999998,3.1818640339149116e-05,10M-50M,2026-06-18,167.4600067138672,165.77000427246094,167.75999450683594,168.38999938964844,165.875,38.65,39.6,40.2,35.0,0.6508213629150392,True,PLTR,38.65,0.0,0.010194862748682495,421256843697.0,0.0,-3468.0
ORCL260417P00250000,250.0,-2417.0,空头平仓 Put，回补，看跌信号减弱,-2.1272445684676113,PUT,0.0,2417.0,13293500.0,1.6503163040336888e-05,10M-50M,2026-04-17,200.6000061035156,204.9600067138672,199.50999450683597,201.0,197.6100006103516,55.0,0.0,0.0,37.0,1.0000000000000004e-05,True,ORCL,55.0,0.0,-0.021272445684676112,805512250440.0,0.0,-2417.0
AMZN251219C00195000,195.0,-3713.0,空头平仓 Call，回补信号，看涨,1.0560698564344801,CALL,0.0,3713.0,13292540.0,5.671037597967809e-06,10M-50M,2025-12-19,231.58009338378903,229.16000366210935,231.34500122070312,232.7400054931641,230.22999572753903,35.8,36.8,38.25,15.0,0.5786174951171875,True,AMZN,35.8,0.0,0.0105606985643448,2343934380679.0,0.0,-3713.0
NVDA270617C00185000,185.0,-3022.0,多头平仓 Call，减仓，看涨减弱,-1.2192895275319897,CALL,6659.0,9681.0,13236360.0,3.056884072279624e-06,10M-50M,2027-06-17,178.06210327148438,180.25999450683597,178.99000549316406,179.2899932861328,176.97999572753906,43.8,41.6,44.05,3520.0,0.520939849243164,False,NVDA,43.8,0.0,-0.012192895275319898,4330017000000.0,0.0,-3022.0
CRM270115P00250000,250.0,-2896.0,多头平仓 Put，减仓，看跌减弱,1.5034004060182171,PUT,0.0,2896.0,13220240.0,5.704640645232336e-05,10M-50M,2027-01-15,231.5800018310547,228.1499938964844,229.0,231.7454071044922,228.625,45.65,44.2,46.3,6.0,0.3578097666931152,True,CRM,45.65,0.0,0.015034004060182172,231745360000.0,0.0,-2896.0
AMD260618P00200000,200.0,-5213.0,多头平仓 Put，减仓，看跌减弱,1.3512831121376383,PUT,0.0,5213.0,13126334.0,5.0724175909542884e-05,10M-50M,2026-06-18,217.13499450683597,214.2400054931641,216.3950042724609,218.3000030517578,214.03219604492188,25.18,24.75,25.3,41.0,0.5341538284301758,False,AMD,25.18,0.0,0.013512831121376382,258778654648.0,0.0,-5213.0
PLTR260116C00200000,200.0,-41586.0,空头平仓 Call，回补信号，看涨,1.0194862748682496,CALL,0.0,41586.0,13099590.0,3.109644435693067e-05,10M-50M,2026-01-16,167.4600067138672,165.77000427246094,167.75999450683594,168.38999938964844,165.875,3.15,2.9,3.75,5.0,0.5169726037597657,False,PLTR,2.85,0.10526315789473678,0.010194862748682495,421256843697.0,10.526315789473678,-41586.0
PLTR260116C00130000,130.0,-3314.0,空头平仓 Call，回补信号，看涨,1.0194862748682496,CALL,0.0,3314.0,13083671.999999998,3.105865743373126e-05,10M-50M,2026-01-16,167.4600067138672,165.77000427246094,167.75999450683594,168.38999938964844,165.875,39.48,40.2,41.7,57.0,0.7153348779296875,True,PLTR,39.48,0.0,0.010194862748682495,421256843697.0,0.0,-3314.0
NVDA271217P00185000,185.0,-3048.0,空头平仓 Put，回补，看跌信号减弱,-1.2192895275319897,PUT,0.0,3048.0,12999720.0,3.002233016637117e-06,10M-50M,2027-12-17,178.06210327148438,180.25999450683597,178.99000549316406,179.2899932861328,176.97999572753906,42.65,42.4,43.45,150.0,0.3894714373779296,True,NVDA,42.65,0.0,-0.012192895275319898,4330017000000.0,0.0,-3048.0
MU260220C00250000,250.0,-5918.0,空头平仓 Call，回补信号，看涨,3.0183324819044453,CALL,0.0,5918.0,12960420.0,7.363673978645666e-05,10M-50M,2026-02-20,237.2100067138672,230.25999450683597,235.6150054931641,238.1000061035156,234.1699981689453,21.9,22.6,25.2,96.0,0.6398351446533204,False,MU,21.9,0.0,0.030183324819044455,176004804634.0,0.0,-5918.0
INTC260320C00040000,40.0,-35487.0,空头平仓 Call，回补信号，看涨,5.32273052724586,CALL,0.0,35487.0,12952755.0,8.335991273204684e-05,10M-50M,2026-03-20,38.7692985534668,36.810001373291016,37.369998931884766,38.81999969482422,37.35499954223633,3.65,3.45,3.8,2.0,0.5031787963867188,False,INTC,3.3,0.10606060606060609,0.0532273052724586,155383500000.0,10.606060606060609,-35487.0
PLTR271217C00125000,125.0,-1634.0,空头平仓 Call，回补信号，看涨,1.0194862748682496,CALL,0.0,1634.0,12933110.0,3.070124602961341e-05,10M-50M,2027-12-17,167.4600067138672,165.77000427246094,167.75999450683594,168.38999938964844,165.875,79.15,78.65,81.75,4.0,0.7095365960693358,True,PLTR,79.15,0.0,0.010194862748682495,421256843697.0,0.0,-1634.0
MU260116C00250000,250.0,-7180.0,空头平仓 Call，回补信号，看涨,3.0183324819044453,CALL,0.0,7180.0,12924000.0,7.34298136171641e-05,10M-50M,2026-01-16,237.2100067138672,230.25999450683597,235.6150054931641,238.1000061035156,234.1699981689453,18.0,17.0,17.5,5.0,0.643985493774414,False,MU,16.0,0.125,0.030183324819044455,176004804634.0,12.5,-7180.0
NVDA260515P00140000,140.0,-21867.0,空头平仓 Put，回补，看跌信号减弱,-1.2192895275319897,PUT,0.0,21867.0,12901530.0,2.9795564313026947e-06,10M-50M,2026-05-15,178.06210327148438,180.25999450683597,178.99000549316406,179.2899932861328,176.97999572753906,5.9,0.0,0.0,4760.0,0.062509375,False,NVDA,5.9,0.0,-0.012192895275319898,4330017000000.0,0.0,-21867.0
AMZN251219C00190000,190.0,-3186.0,空头平仓 Call，回补信号，看涨,1.0560698564344801,CALL,0.0,3186.0,12871440.0,5.491382397945523e-06,10M-50M,2025-12-19,231.58009338378903,229.16000366210935,231.34500122070312,232.7400054931641,230.22999572753903,40.4,40.35,43.65,4.0,0.6835969140625001,True,AMZN,40.4,0.0,0.0105606985643448,2343934380679.0,0.0,-3186.0
ORCL261218P00200000,200.0,-3488.0,空头平仓 Put，回补，看跌信号减弱,-2.1272445684676113,PUT,0.0,3488.0,12783520.0,1.587005038472994e-05,10M-50M,2026-12-18,200.6000061035156,204.9600067138672,199.50999450683597,201.0,197.6100006103516,36.65,0.0,0.0,62.0,0.000986552734375,False,ORCL,36.65,0.0,-0.021272445684676112,805512250440.0,0.0,-3488.0
SMCI260320P00040000,40.0,-12960.0,多头平仓 Put，减仓，看跌减弱,1.5839068354072676,PUT,0.0,12960.0,12765600.0,0.00046881329899146743,10M-50M,2026-03-20,33.349998474121094,32.83000183105469,33.27000045776367,33.52000045776367,32.880001068115234,9.85,9.15,9.8,9.0,0.6848176049804688,True,SMCI,9.85,0.0,0.015839068354072675,27229602973.0,0.0,-12960.0
CRCL260116P00090000,90.0,-6315.0,多头平仓 Put，减仓，看跌减弱,7.702369586611589,PUT,0.0,6315.0,12756300.0,0.0004378334241708434,10M-50M,2026-01-16,78.23500061035156,72.63999938964844,75.30999755859375,78.7300033569336,74.0199966430664,20.2,18.1,19.35,5.0,0.9611820288085936,True,CRCL,20.2,0.0,0.07702369586611589,29135052958.0,0.0,-6315.0
AMD261218C00190000,190.0,-2025.0,空头平仓 Call，回补信号，看涨,1.3512831121376383,CALL,0.0,2025.0,12682575.0,4.9009355185230766e-05,10M-50M,2026-12-18,217.13499450683597,214.2400054931641,216.3950042724609,218.3000030517578,214.03219604492188,62.63,63.15,65.9,12.0,0.606571317138672,True,AMD,62.63,0.0,0.013512831121376382,258778654648.0,0.0,-2025.0
MSFT270617C00505000,505.0,1827.0,多头买 Call，看涨,1.1575685102342945,CALL,1921.0,94.0,12661110.0,3.3303222107391154e-06,10M-50M,2027-06-17,491.1199951171875,485.5,487.5950012207031,491.7999877929688,486.6499938964844,69.3,0.0,0.0,1954.0,0.0039162109375,False,MSFT,69.3,0.0,0.011575685102342945,3801767276203.0,0.0,1827.0
NVDA260417P00190000,190.0,-5315.0,空头平仓 Put，回补，看跌信号减弱,-1.2192895275319897,PUT,0.0,5315.0,12596550.0,2.909122527694464e-06,10M-50M,2026-04-17,178.06210327148438,180.25999450683597,178.99000549316406,179.2899932861328,176.97999572753906,23.7,0.0,0.0,38.0,1.0000000000000004e-05,True,NVDA,23.7,0.0,-0.012192895275319898,4330017000000.0,0.0,-5315.0
AMD251219P00250000,250.0,-3472.0,多头平仓 Put，减仓，看跌减弱,1.3512831121376383,PUT,0.0,3472.0,12568640.0,4.856907544053938e-05,10M-50M,2025-12-19,217.13499450683597,214.2400054931641,216.3950042724609,218.3000030517578,214.03219604492188,36.2,35.35,37.55,419.0,0.6235389208984375,True,AMD,36.2,0.0,0.013512831121376382,258778654648.0,0.0,-3472.0
SE251219C00130000,130.0,-13935.0,空头平仓 Call，回补信号，看涨,2.506335193535801,CALL,0.0,13935.0,12541500.0,0.00011477003409741291,10M-50M,2025-12-19,137.625,134.25999450683594,136.38999938964844,137.89500427246094,135.6300048828125,9.0,2.8,17.8,86.0,1.0446825109863282,True,SE,9.0,0.0,0.02506335193535801,109275039418.0,0.0,-13935.0
AMZN270115P00180000,180.0,-11150.0,多头平仓 Put，减仓，看跌减弱,1.0560698564344801,PUT,0.0,11150.0,12510300.0,5.337308118828808e-06,10M-50M,2027-01-15,231.58009338378903,229.16000366210935,231.34500122070312,232.7400054931641,230.22999572753903,11.22,10.6,10.85,7.0,0.344733115234375,False,AMZN,11.22,0.0,0.0105606985643448,2343934380679.0,0.0,-11150.0
AMZN270617C00250000,250.0,-3225.0,空头平仓 Call，回补信号，看涨,1.0560698564344801,CALL,0.0,3225.0,12496875.0,5.331580569409906e-06,10M-50M,2027-06-17,231.58009338378903,229.16000366210935,231.34500122070312,232.7400054931641,230.22999572753903,38.75,37.95,40.35,71.0,0.4139615489196777,False,AMZN,38.75,0.0,0.0105606985643448,2343934380679.0,0.0,-3225.0
AMZN260618P00235000,235.0,-5170.0,多头平仓 Put，减仓，看跌减弱,1.0560698564344801,PUT,0.0,5170.0,12485549.999999998,5.326748949509045e-06,10M-50M,2026-06-18,231.58009338378903,229.16000366210935,231.34500122070312,232.7400054931641,230.22999572753903,24.15,23.5,23.8,56.0,0.3186103295898437,True,AMZN,24.15,0.0,0.0105606985643448,2343934380679.0,0.0,-5170.0
NVDA251219C00142000,142.0,-3164.0,多头平仓 Call，减仓，看涨减弱,-1.2192895275319897,CALL,0.0,3164.0,12466160.0,2.879009481948916e-06,10M-50M,2025-12-19,178.06210327148438,180.25999450683597,178.99000549316406,179.2899932861328,176.97999572753906,39.4,0.0,0.0,4.0,1.0000000000000004e-05,True,NVDA,39.4,0.0,-0.012192895275319898,4330017000000.0,0.0,-3164.0
MSFT251219C00500000,500.0,-20871.0,空头平仓 Call，回补信号，看涨,1.1575685102342945,CALL,0.0,20871.0,12439116.0,3.2719298937265614e-06,10M-50M,2025-12-19,491.1199951171875,485.5,487.5950012207031,491.7999877929688,486.6499938964844,5.96,5.55,6.5,3.0,0.2120440124511718,False,MSFT,5.6,0.06428571428571435,0.011575685102342945,3801767276203.0,6.428571428571435,-20871.0
AMD251219C00185000,185.0,-3866.0,空头平仓 Call，回补信号，看涨,1.3512831121376383,CALL,0.0,3866.0,12436922.0,4.8060076735916053e-05,10M-50M,2025-12-19,217.13499450683597,214.2400054931641,216.3950042724609,218.3000030517578,214.03219604492188,32.17,32.45,34.6,28.0,0.549076774902344,True,AMD,32.17,0.0,0.013512831121376382,258778654648.0,0.0,-3866.0
AMZN260116P00225000,225.0,-15934.0,多头平仓 Put，减仓，看跌减弱,1.0560698564344801,PUT,0.0,15934.0,12396652.0,5.288822119844878e-06,10M-50M,2026-01-16,231.58009338378903,229.16000366210935,231.34500122070312,232.7400054931641,230.22999572753903,7.78,6.85,7.0,4008.0,0.2954172021484375,False,AMZN,7.78,0.0,0.0105606985643448,2343934380679.0,0.0,-15934.0
ORCL260618P00210000,210.0,-3789.0,空头平仓 Put，回补，看跌信号减弱,-2.1272445684676113,PUT,0.0,3789.0,12390030.000000002,1.5381553779265453e-05,10M-50M,2026-06-18,200.6000061035156,204.9600067138672,199.50999450683597,201.0,197.6100006103516,32.7,0.0,0.0,3.0,1.0000000000000004e-05,True,ORCL,32.7,0.0,-0.021272445684676112,805512250440.0,0.0,-3789.0
AMZN260320P00220000,220.0,-10039.0,多头平仓 Put，减仓，看跌减弱,1.0560698564344801,PUT,0.0,10039.0,12388126.0,5.285184646001634e-06,10M-50M,2026-03-20,231.58009338378903,229.16000366210935,231.34500122070312,232.7400054931641,230.22999572753903,12.34,11.4,11.65,53.0,0.3361272442626953,False,AMZN,12.34,0.0,0.0105606985643448,2343934380679.0,0.0,-10039.0
NVDA260618P00175000,175.0,-6309.0,空头平仓 Put，回补，看跌信号减弱,-1.2192895275319897,PUT,0.0,6309.0,12384567.0,2.86016590696988e-06,10M-50M,2026-06-18,178.06210327148438,180.25999450683597,178.99000549316406,179.2899932861328,176.97999572753906,19.63,0.0,0.0,694.0,0.007822421875,False,NVDA,19.63,0.0,-0.012192895275319898,4330017000000.0,0.0,-6309.0
PLTR271217C00165000,165.0,-2013.0,空头平仓 Call，回补信号，看涨,1.0194862748682496,CALL,0.0,2013.0,12379950.0,2.9388127896871872e-05,10M-50M,2027-12-17,167.4600067138672,165.77000427246094,167.75999450683594,168.38999938964844,165.875,61.5,61.2,63.55,11.0,0.6680331048583985,True,PLTR,61.5,0.0,0.010194862748682495,421256843697.0,0.0,-2013.0
MU260116C00210000,210.0,-3520.0,空头平仓 Call，回补信号，看涨,3.0183324819044453,CALL,0.0,3520.0,12320000.0,6.9998089118188e-05,10M-50M,2026-01-16,237.2100067138672,230.25999450683597,235.6150054931641,238.1000061035156,234.1699981689453,35.0,37.0,39.9,71.0,0.6775544940185547,True,MU,35.0,0.0,0.030183324819044455,176004804634.0,0.0,-3520.0
ADBE260116P00350000,350.0,-3080.0,多头平仓 Put，减仓，看跌减弱,1.0141097669805215,PUT,0.0,3080.0,12307680.0,8.158838607254547e-05,10M-50M,2026-01-16,320.739990234375,317.5199890136719,317.7431945800781,320.739990234375,317.5199890136719,39.96,0.0,0.0,6.0,1.0000000000000004e-05,True,ADBE,39.96,0.0,0.010141097669805215,150850882000.0,0.0,-3080.0
ORCL260918P00250000,250.0,-1926.0,空头平仓 Put，回补，看跌信号减弱,-2.1272445684676113,PUT,0.0,1926.0,12230100.0,1.5183009312793785e-05,10M-50M,2026-09-18,200.6000061035156,204.9600067138672,199.50999450683597,201.0,197.6100006103516,63.5,0.0,0.0,4.0,1.0000000000000004e-05,True,ORCL,63.5,0.0,-0.021272445684676112,805512250440.0,0.0,-1926.0
AMD270115P00200000,200.0,-3360.0,多头平仓 Put，减仓，看跌减弱,1.3512831121376383,PUT,0.0,3360.0,12227040.0,4.7249028389268266e-05,10M-50M,2027-01-15,217.13499450683597,214.2400054931641,216.3950042724609,218.3000030517578,214.03219604492188,36.39,35.75,36.75,100.0,0.5062915582275391,False,AMD,36.39,0.0,0.013512831121376382,258778654648.0,0.0,-3360.0
ORCL251219P00200000,200.0,-8714.0,空头平仓 Put，回补，看跌信号减弱,-2.1272445684676113,PUT,0.0,8714.0,12199600.0,1.514514520832692e-05,10M-50M,2025-12-19,200.6000061035156,204.9600067138672,199.50999450683597,201.0,197.6100006103516,14.0,13.1,15.0,33.0,0.7331569653320311,False,ORCL,11.52,0.21527777777777782,-0.021272445684676112,805512250440.0,21.527777777777782,-8714.0
SOFI271217C00030000,30.0,-10697.0,空头平仓 Call，回补信号，看涨,1.579504270111097,CALL,0.0,10697.0,12194580.0,0.00036396675141075276,10M-50M,2027-12-17,28.940000534057617,28.489999771118164,28.790000915527344,29.01499938964844,28.45499992370605,11.4,0.0,0.0,1.0,0.007822421875,False,SOFI,11.1,0.02702702702702709,0.01579504270111097,33504653798.0,2.7027027027027093,-10697.0
INTC261218C00033000,33.0,-11650.0,空头平仓 Call，回补信号，看涨,5.32273052724586,CALL,0.0,11650.0,12174249.999999998,7.834969607455102e-05,10M-50M,2026-12-18,38.7692985534668,36.810001373291016,37.369998931884766,38.81999969482422,37.35499954223633,10.45,0.0,0.0,21.0,1.0000000000000004e-05,True,INTC,10.45,0.0,0.0532273052724586,155383500000.0,0.0,-11650.0
MU270115C00200000,200.0,-1505.0,空头平仓 Call，回补信号，看涨,3.0183324819044453,CALL,0.0,1505.0,12166420.000000002,6.912549930270332e-05,10M-50M,2027-01-15,237.2100067138672,230.25999450683597,235.6150054931641,238.1000061035156,234.1699981689453,80.84,78.4,82.75,1.0,0.662936720275879,True,MU,79.3,0.019419924337957205,0.030183324819044455,176004804634.0,1.9419924337957206,-1505.0
NVDA251128P00190000,190.0,-12413.0,空头平仓 Put，回补，看跌信号减弱,-1.2192895275319897,PUT,0.0,12413.0,12164740.0,2.8093977460134685e-06,10M-50M,2025-11-28,178.06210327148438,180.25999450683597,178.99000549316406,179.2899932861328,176.97999572753906,9.8,0.0,0.0,4721.0,1.0000000000000004e-05,True,NVDA,9.8,0.0,-0.012192895275319898,4330017000000.0,0.0,-12413.0
MU251219P00230000,230.0,-7342.0,多头平仓 Put，减仓，看跌减弱,3.0183324819044453,PUT,0.0,7342.0,12114300.0,6.882937102308968e-05,10M-50M,2025-12-19,237.2100067138672,230.25999450683597,235.6150054931641,238.1000061035156,234.1699981689453,16.5,13.1,15.2,400.0,0.764650791015625,False,MU,16.5,0.0,0.030183324819044455,176004804634.0,0.0,-7342.0
NVDA251219C00132000,132.0,-2644.0,多头平仓 Call，减仓，看涨减弱,-1.2192895275319897,CALL,0.0,2644.0,12109520.0,2.796644909246315e-06,10M-50M,2025-12-19,178.06210327148438,180.25999450683597,178.99000549316406,179.2899932861328,176.97999572753906,45.8,0.0,0.0,7.0,1.0000000000000004e-05,True,NVDA,45.8,0.0,-0.012192895275319898,4330017000000.0,0.0,-2644.0
IONQ260417C00040000,40.0,-8768.0,空头平仓 Call，回补信号，看涨,4.072705687412491,CALL,0.0,8768.0,12099840.0,0.0006058630215478461,10M-50M,2026-04-17,48.81010055541992,46.900001525878906,47.70000076293945,48.98799896240234,47.56999969482422,13.8,14.4,15.6,6.0,0.9205330212402344,True,IONQ,13.8,0.0,0.040727056874124916,19971246915.0,0.0,-8768.0
AMD260116P00230000,230.0,-4779.0,多头平仓 Put，减仓，看跌减弱,1.3512831121376383,PUT,0.0,4779.0,12066975.0,4.66304881923663e-05,10M-50M,2026-01-16,217.13499450683597,214.2400054931641,216.3950042724609,218.3000030517578,214.03219604492188,25.25,22.95,25.15,687.0,0.507817421875,True,AMD,25.25,0.0,0.013512831121376382,258778654648.0,0.0,-4779.0
PLTR251128C00165000,165.0,-40353.0,空头平仓 Call，回补信号，看涨,1.0194862748682496,CALL,0.0,40353.0,12065547.000000002,2.864178275208856e-05,10M-50M,2025-11-28,167.4600067138672,165.77000427246094,167.75999450683594,168.38999938964844,165.875,2.99,2.7,3.25,546.0,0.5034229345703125,True,PLTR,1.92,0.5572916666666669,0.010194862748682495,421256843697.0,55.729166666666686,-40353.0
MSFT280121P00570000,570.0,-1001.0,多头平仓 Put，减仓，看跌减弱,1.1575685102342945,PUT,0.0,1001.0,12057045.0,3.1714316327226443e-06,10M-50M,2028-01-21,491.1199951171875,485.5,487.5950012207031,491.7999877929688,486.6499938964844,120.45,107.45,113.9,1.0,0.2184068638610839,True,MSFT,120.45,0.0,0.011575685102342945,3801767276203.0,0.0,-1001.0
NVDA261218C00127000,127.0,-1780.0,多头平仓 Call，减仓，看涨减弱,-1.2192895275319897,CALL,0.0,1780.0,12050600.0,2.7830375723698084e-06,10M-50M,2026-12-18,178.06210327148438,180.25999450683597,178.99000549316406,179.2899932861328,176.97999572753906,67.7,65.8,67.85,1.0,0.583164568786621,True,NVDA,67.7,0.0,-0.012192895275319898,4330017000000.0,0.0,-1780.0
PLTR271217C00150000,150.0,-1758.0,空头平仓 Call，回补信号，看涨,1.0194862748682496,CALL,0.0,1758.0,12033510.0,2.85657317621062e-05,10M-50M,2027-12-17,167.4600067138672,165.77000427246094,167.75999450683594,168.38999938964844,165.875,68.45,67.3,69.45,11.0,0.6793855303955079,True,PLTR,68.45,0.0,0.010194862748682495,421256843697.0,0.0,-1758.0
PLTR260116C00140000,140.0,-3902.0,空头平仓 Call，回补信号，看涨,1.0194862748682496,CALL,0.0,3902.0,12018160.0,2.852929318495387e-05,10M-50M,2026-01-16,167.4600067138672,165.77000427246094,167.75999450683594,168.38999938964844,165.875,30.8,0.0,0.0,70.0,1.0000000000000004e-05,True,PLTR,30.8,0.0,0.010194862748682495,421256843697.0,0.0,-3902.0
PLTR251219P00170000,170.0,-13046.0,多头平仓 Put，减仓，看跌减弱,1.0194862748682496,PUT,0.0,13046.0,12002320.0,2.8491691421951074e-05,10M-50M,2025-12-19,167.4600067138672,165.77000427246094,167.75999450683594,168.38999938964844,165.875,9.2,8.7,9.2,1.0,0.4752249743652343,True,PLTR,10.39,-0.11453320500481244,0.010194862748682495,421256843697.0,-11.453320500481244,-13046.0
ORCL260320P00210000,210.0,-4461.0,空头平仓 Put，回补，看跌信号减弱,-2.1272445684676113,PUT,0.0,4461.0,11933175.0,1.481439294496349e-05,10M-50M,2026-03-20,200.6000061035156,204.9600067138672,199.50999450683597,201.0,197.6100006103516,26.75,0.0,0.0,53.0,1.0000000000000004e-05,True,ORCL,26.75,0.0,-0.021272445684676112,805512250440.0,0.0,-4461.0
AMZN260618C00190000,190.0,-2290.0,空头平仓 Call，回补信号，看涨,1.0560698564344801,CALL,0.0,2290.0,11908000.0,5.080347000392752e-06,10M-50M,2026-06-18,231.58009338378903,229.16000366210935,231.34500122070312,232.7400054931641,230.22999572753903,52.0,52.65,54.65,10.0,0.4705253143310547,True,AMZN,52.0,0.0,0.0105606985643448,2343934380679.0,0.0,-2290.0
NVDA260220P00210000,210.0,-3548.0,空头平仓 Put，回补，看跌信号减弱,-1.2192895275319897,PUT,0.0,3548.0,11850320.0,2.73678371239651e-06,10M-50M,2026-02-20,178.06210327148438,180.25999450683597,178.99000549316406,179.2899932861328,176.97999572753906,33.4,33.35,35.05,25.0,0.3615176153564453,True,NVDA,33.4,0.0,-0.012192895275319898,4330017000000.0,0.0,-3548.0
COIN260618P00290000,290.0,-1931.0,多头平仓 Put，减仓，看跌减弱,4.238219773782709,PUT,0.0,1931.0,11837029.999999998,0.00014738017340829195,10M-50M,2026-06-18,276.20001220703125,264.9700012207031,273.69000244140625,276.5,270.20001220703125,61.3,54.9,60.75,3.0,0.6064339894104005,True,COIN,61.3,0.0,0.04238219773782709,80316298497.0,0.0,-1931.0
MSFT260320C00500000,500.0,-4794.0,空头平仓 Call，回补信号，看涨,1.1575685102342945,CALL,0.0,4794.0,11817210.0,3.1083464982113244e-06,10M-50M,2026-03-20,491.1199951171875,485.5,487.5950012207031,491.7999877929688,486.6499938964844,24.65,23.85,26.25,554.0,0.2768169242858886,False,MSFT,24.65,0.0,0.011575685102342945,3801767276203.0,0.0,-4794.0
MU251219C00250000,250.0,-9918.0,空头平仓 Call，回补信号，看涨,3.0183324819044453,CALL,0.0,9918.0,11802420.0,6.705737394239321e-05,10M-50M,2025-12-19,237.2100067138672,230.25999450683597,235.6150054931641,238.1000061035156,234.1699981689453,11.9,10.6,11.8,9.0,0.7086210778808593,False,MU,9.85,0.20812182741116758,0.030183324819044455,176004804634.0,20.812182741116757,-9918.0
NVDA261218P00180000,180.0,-3972.0,空头平仓 Put，回补，看跌信号减弱,-1.2192895275319897,PUT,0.0,3972.0,11769036.0,2.718011499723904e-06,10M-50M,2026-12-18,178.06210327148438,180.25999450683597,178.99000549316406,179.2899932861328,176.97999572753906,29.63,29.25,30.55,133.0,0.4056761093139648,True,NVDA,29.63,0.0,-0.012192895275319898,4330017000000.0,0.0,-3972.0
SOFI260220C00030000,30.0,-34022.0,空头平仓 Call，回补信号，看涨,1.579504270111097,CALL,0.0,34022.0,11737590.0,0.00035032715367739914,10M-50M,2026-02-20,28.940000534057617,28.489999771118164,28.790000915527344,29.01499938964844,28.45499992370605,3.45,3.35,3.4,48.0,0.6875031250000001,False,SOFI,3.26,0.05828220858895718,0.01579504270111097,33504653798.0,5.828220858895718,-34022.0
CRM260116P00250000,250.0,-4326.0,多头平仓 Put，减仓，看跌减弱,1.5034004060182171,PUT,0.0,4326.0,11693178.0,5.0457010228813214e-05,10M-50M,2026-01-16,231.5800018310547,228.1499938964844,229.0,231.7454071044922,228.625,27.03,25.2,27.95,163.0,0.4845632598876953,True,CRM,27.03,0.0,0.015034004060182172,231745360000.0,0.0,-4326.0
AMZN260116P00220000,220.0,-19269.0,多头平仓 Put，减仓，看跌减弱,1.0560698564344801,PUT,0.0,19269.0,11657745.0,4.973579932994088e-06,10M-50M,2026-01-16,231.58009338378903,229.16000366210935,231.34500122070312,232.7400054931641,230.22999572753903,6.05,5.05,5.15,2117.0,0.2966989276123046,False,AMZN,6.05,0.0,0.0105606985643448,2343934380679.0,0.0,-19269.0
AMZN260515C00210000,210.0,-3233.0,空头平仓 Call，回补信号，看涨,1.0560698564344801,CALL,0.0,3233.0,11625868.0,4.959980149543339e-06,10M-50M,2026-05-15,231.58009338378903,229.16000366210935,231.34500122070312,232.7400054931641,230.22999572753903,35.96,36.5,38.05,16.0,0.4327449304199219,True,AMZN,35.96,0.0,0.0105606985643448,2343934380679.0,0.0,-3233.0
AMD260116P00260000,260.0,-2395.0,多头平仓 Put，减仓，看跌减弱,1.3512831121376383,PUT,0.0,2395.0,11620540.0,4.490532658424504e-05,10M-50M,2026-01-16,217.13499450683597,214.2400054931641,216.3950042724609,218.3000030517578,214.03219604492188,48.52,46.6,49.85,759.0,0.5603681658935546,True,AMD,48.52,0.0,0.013512831121376382,258778654648.0,0.0,-2395.0
MSFT251219C00345000,345.0,-816.0,空头平仓 Call，回补信号，看涨,1.1575685102342945,CALL,0.0,816.0,11615760.0,3.0553579838272464e-06,10M-50M,2025-12-19,491.1199951171875,485.5,487.5950012207031,491.7999877929688,486.6499938964844,142.35,142.4,145.75,1.0,1.0000000000000004e-05,True,MSFT,142.35,0.0,0.011575685102342945,3801767276203.0,0.0,-816.0
MU260320C00230000,230.0,-3219.0,空头平仓 Call，回补信号，看涨,3.0183324819044453,CALL,0.0,3219.0,11604495.0,6.59328307777246e-05,10M-50M,2026-03-20,237.2100067138672,230.25999450683597,235.6150054931641,238.1000061035156,234.1699981689453,36.05,0.0,0.0,228.0,1.0000000000000004e-05,True,MU,36.05,0.0,0.030183324819044455,176004804634.0,0.0,-3219.0
SOFI260116C00030000,30.0,-51529.0,空头平仓 Call，回补信号，看涨,1.579504270111097,CALL,0.0,51529.0,11594025.0,0.00034604222654860216,10M-50M,2026-01-16,28.940000534057617,28.489999771118164,28.790000915527344,29.01499938964844,28.45499992370605,2.25,2.17,2.25,18.0,0.6235389208984375,False,SOFI,2.13,0.056338028169014134,0.01579504270111097,33504653798.0,5.633802816901413,-51529.0
BMNR270115C00025000,25.0,-6212.0,空头平仓 Call，回补信号，看涨,7.876178098770012,CALL,0.0,6212.0,11585379.999999998,0.05331023792690062,10M-50M,2027-01-15,34.239898681640625,31.739999771118164,33.79999923706055,34.30500030517578,33.02000045776367,18.65,17.35,19.65,3.0,1.1380658331298827,True,BMNR,17.1,0.090643274853801,0.07876178098770012,217319983.0,9.0643274853801,-6212.0
BIDU261218C00150000,150.0,-8258.0,空头平仓 Call，回补信号，看涨,1.1904780641456745,CALL,0.0,8258.0,11561200.0,0.00025605708445692465,10M-50M,2026-12-18,117.7249984741211,116.33999633789062,117.16500091552734,118.0,116.87999725341795,14.0,12.2,14.6,1.0,0.5147143255615234,False,BIDU,14.0,0.0,0.011904780641456744,45150869481.0,0.0,-8258.0
AMD260918P00210000,210.0,-3202.0,多头平仓 Put，减仓，看跌减弱,1.3512831121376383,PUT,0.0,3202.0,11559220.000000002,4.466836731848408e-05,10M-50M,2026-09-18,217.13499450683597,214.2400054931641,216.3950042724609,218.3000030517578,214.03219604492188,36.1,35.2,36.15,716.0,0.5157213955688477,False,AMD,36.1,0.0,0.013512831121376382,258778654648.0,0.0,-3202.0
MSFT260116P00495000,495.0,-5915.0,多头平仓 Put，减仓，看跌减弱,1.1575685102342945,PUT,0.0,5915.0,11504675.0,3.02613867819133e-06,10M-50M,2026-01-16,491.1199951171875,485.5,487.5950012207031,491.7999877929688,486.6499938964844,19.45,17.5,19.65,178.0,0.243324217224121,True,MSFT,19.45,0.0,0.011575685102342945,3801767276203.0,0.0,-5915.0
NVDA260417C00185000,185.0,-5993.0,多头平仓 Call，减仓，看涨减弱,-1.2192895275319897,CALL,0.0,5993.0,11476595.0,2.650473427702478e-06,10M-50M,2026-04-17,178.06210327148438,180.25999450683597,178.99000549316406,179.2899932861328,176.97999572753906,19.15,0.0,0.0,373.0,0.01563484375,False,NVDA,19.15,0.0,-0.012192895275319898,4330017000000.0,0.0,-5993.0
MSFT260116C00380000,380.0,-1032.0,空头平仓 Call，回补信号，看涨,1.1575685102342945,CALL,0.0,1032.0,11455200.0,3.0131249936584325e-06,10M-50M,2026-01-16,491.1199951171875,485.5,487.5950012207031,491.7999877929688,486.6499938964844,111.0,109.35,111.7,5.0,0.3449772534179687,True,MSFT,111.0,0.0,0.011575685102342945,3801767276203.0,0.0,-1032.0
MSFT251219C00445000,445.0,-2523.0,空头平仓 Call，回补信号，看涨,1.1575685102342945,CALL,0.0,2523.0,11429190.0,3.0062834386366907e-06,10M-50M,2025-12-19,491.1199951171875,485.5,487.5950012207031,491.7999877929688,486.6499938964844,45.3,43.7,45.6,329.0,1.0000000000000004e-05,True,MSFT,45.3,0.0,0.011575685102342945,3801767276203.0,0.0,-2523.0
ORCL260417P00260000,260.0,-1807.0,空头平仓 Put，回补，看跌信号减弱,-2.1272445684676113,PUT,0.0,1807.0,11385907.0,1.4134989249115211e-05,10M-50M,2026-04-17,200.6000061035156,204.9600067138672,199.50999450683597,201.0,197.6100006103516,63.01,0.0,0.0,2.0,1.0000000000000004e-05,True,ORCL,63.01,0.0,-0.021272445684676112,805512250440.0,0.0,-1807.0
NVDA260618P00145000,145.0,-13342.0,空头平仓 Put，回补，看跌信号减弱,-1.2192895275319897,PUT,0.0,13342.0,11340700.0,2.6190890243617983e-06,10M-50M,2026-06-18,178.06210327148438,180.25999450683597,178.99000549316406,179.2899932861328,176.97999572753906,8.5,0.0,0.0,915.0,0.062509375,False,NVDA,8.5,0.0,-0.012192895275319898,4330017000000.0,0.0,-13342.0
AMD260320P00175000,175.0,-12316.0,多头平仓 Put，减仓，看跌减弱,1.3512831121376383,PUT,0.0,12316.0,11330720.0,4.378537331609692e-05,10M-50M,2026-03-20,217.13499450683597,214.2400054931641,216.3950042724609,218.3000030517578,214.03219604492188,9.2,8.5,8.95,57.0,0.5587812677001953,False,AMD,9.2,0.0,0.013512831121376382,258778654648.0,0.0,-12316.0
MU260618P00170000,170.0,-6899.0,多头平仓 Put，减仓，看跌减弱,3.0183324819044453,PUT,0.0,6899.0,11314360.0,6.428438146065435e-05,10M-50M,2026-06-18,237.2100067138672,230.25999450683597,235.6150054931641,238.1000061035156,234.1699981689453,16.4,0.0,0.0,11.0,0.12500875,False,MU,16.4,0.0,0.030183324819044455,176004804634.0,0.0,-6899.0
ORCL260116C00160000,160.0,-2269.0,多头平仓 Call，减仓，看涨减弱,-2.1272445684676113,CALL,0.0,2269.0,11288275.0,1.4013784388547703e-05,10M-50M,2026-01-16,200.6000061035156,204.9600067138672,199.50999450683597,201.0,197.6100006103516,49.75,0.0,0.0,6.0,1.0000000000000004e-05,True,ORCL,49.75,0.0,-0.021272445684676112,805512250440.0,0.0,-2269.0
AMZN260320P00250000,250.0,-3985.0,多头平仓 Put，减仓，看跌减弱,1.0560698564344801,PUT,0.0,3985.0,11237700.0,4.794374830896341e-06,10M-50M,2026-03-20,231.58009338378903,229.16000366210935,231.34500122070312,232.7400054931641,230.22999572753903,28.2,25.75,26.95,44.0,0.3018563467407227,True,AMZN,28.2,0.0,0.0105606985643448,2343934380679.0,0.0,-3985.0
CRWD260618C00400000,400.0,-822.0,空头平仓 Call，回补信号，看涨,1.7864958532566595,CALL,0.0,822.0,11191530.0,9.263374870628052e-05,10M-50M,2026-06-18,510.5,501.5400085449219,505.7449951171875,510.6900024414063,501.9400024414063,136.15,133.45,139.25,2.0,0.5007831904602051,True,CRWD,136.15,0.0,0.017864958532566595,120814823499.0,0.0,-822.0
NVDA260320P00145000,145.0,-22955.0,空头平仓 Put，回补，看跌信号减弱,-1.2192895275319897,PUT,0.0,22955.0,11179085.0,2.581764690531238e-06,10M-50M,2026-03-20,178.06210327148438,180.25999450683597,178.99000549316406,179.2899932861328,176.97999572753906,4.87,4.85,5.25,508.0,0.4735770416259766,False,NVDA,4.87,0.0,-0.012192895275319898,4330017000000.0,0.0,-22955.0
PLTR270617C00180000,180.0,-2354.0,空头平仓 Call，回补信号，看涨,1.0194862748682496,CALL,0.0,2354.0,11169730.0,2.651524875411667e-05,10M-50M,2027-06-17,167.4600067138672,165.77000427246094,167.75999450683594,168.38999938964844,165.875,47.45,47.7,49.45,11.0,0.6501042070007323,False,PLTR,47.45,0.0,0.010194862748682495,421256843697.0,0.0,-2354.0
COIN270115P00250000,250.0,-1969.0,多头平仓 Put，减仓，看跌减弱,4.238219773782709,PUT,0.0,1969.0,11144540.0,0.00013875813762030223,10M-50M,2027-01-15,276.20001220703125,264.9700012207031,273.69000244140625,276.5,270.20001220703125,56.6,51.05,56.9,6.0,0.6035348484802248,False,COIN,56.6,0.0,0.04238219773782709,80316298497.0,0.0,-1969.0
NVDA261218C00210000,210.0,-4344.0,多头平仓 Call，减仓，看涨减弱,-1.2192895275319897,CALL,0.0,4344.0,11142360.0,2.5732831995809716e-06,10M-50M,2026-12-18,178.06210327148438,180.25999450683597,178.99000549316406,179.2899932861328,176.97999572753906,25.65,24.25,25.65,32.0,0.5039417282104492,False,NVDA,25.65,0.0,-0.012192895275319898,4330017000000.0,0.0,-4344.0
COIN260618C00300000,300.0,-2609.0,空头平仓 Call，回补信号，看涨,4.238219773782709,CALL,0.0,2609.0,11127385.0,0.00013854454460965522,10M-50M,2026-06-18,276.20001220703125,264.9700012207031,273.69000244140625,276.5,270.20001220703125,42.65,41.05,45.4,1.0,0.6397741101074219,False,COIN,39.25,0.08662420382165602,0.04238219773782709,80316298497.0,8.662420382165601,-2609.0
NVDA260220C00150000,150.0,-3079.0,多头平仓 Call，减仓，看涨减弱,-1.2192895275319897,CALL,0.0,3079.0,11109032.0,2.565586232109481e-06,10M-50M,2026-02-20,178.06210327148438,180.25999450683597,178.99000549316406,179.2899932861328,176.97999572753906,36.08,33.85,35.6,82.0,0.5468184967041017,True,NVDA,36.08,0.0,-0.012192895275319898,4330017000000.0,0.0,-3079.0
AMZN260116P00250000,250.0,-4813.0,多头平仓 Put，减仓，看跌减弱,1.0560698564344801,PUT,0.0,4813.0,11055461.0,4.716625640687693e-06,10M-50M,2026-01-16,231.58009338378903,229.16000366210935,231.34500122070312,232.7400054931641,230.22999572753903,22.97,20.25,21.15,15.0,0.2576978527832031,True,AMZN,22.97,0.0,0.0105606985643448,2343934380679.0,0.0,-4813.0
PLTR280121C00200000,200.0,-2182.0,空头平仓 Call，回补信号，看涨,1.0194862748682496,CALL,0.0,2182.0,11043102.0,2.6214653044172358e-05,10M-50M,2028-01-21,167.4600067138672,165.77000427246094,167.75999450683594,168.38999938964844,165.875,50.61,51.05,52.8,236.0,0.6481205842590332,False,PLTR,50.61,0.0,0.010194862748682495,421256843697.0,0.0,-2182.0
PLTR260220C00150000,150.0,-3720.0,空头平仓 Call，回补信号，看涨,1.0194862748682496,CALL,0.0,3720.0,11029800.0,2.6183076109105238e-05,10M-50M,2026-02-20,167.4600067138672,165.77000427246094,167.75999450683594,168.38999938964844,165.875,29.65,29.3,29.8,2.0,0.6456334265136718,True,PLTR,28.35,0.04585537918871242,0.010194862748682495,421256843697.0,4.585537918871243,-3720.0
AMD261218C00250000,250.0,-2811.0,空头平仓 Call，回补信号，看涨,1.3512831121376383,CALL,0.0,2811.0,11027552.999999998,4.261384315101286e-05,10M-50M,2026-12-18,217.13499450683597,214.2400054931641,216.3950042724609,218.3000030517578,214.03219604492188,39.23,38.7,39.6,201.0,0.5725445578002931,False,AMD,39.23,0.0,0.013512831121376382,258778654648.0,0.0,-2811.0
MSFT260116C00510000,510.0,-13795.0,空头平仓 Call，回补信号，看涨,1.1575685102342945,CALL,0.0,13795.0,10967025.0,2.8847176071632856e-06,10M-50M,2026-01-16,491.1199951171875,485.5,487.5950012207031,491.7999877929688,486.6499938964844,7.95,7.05,9.0,969.0,0.2264481652832031,False,MSFT,7.95,0.0,0.011575685102342945,3801767276203.0,0.0,-13795.0
AMZN251219C00215000,215.0,-6273.0,空头平仓 Call，回补信号，看涨,1.0560698564344801,CALL,0.0,6273.0,10946385.0,4.670090208254469e-06,10M-50M,2025-12-19,231.58009338378903,229.16000366210935,231.34500122070312,232.7400054931641,230.22999572753903,17.45,18.05,19.15,1094.0,0.3824524645996093,True,AMZN,17.45,0.0,0.0105606985643448,2343934380679.0,0.0,-6273.0
AMZN251219P00235000,235.0,-11020.0,多头平仓 Put，减仓，看跌减弱,1.0560698564344801,PUT,0.0,11020.0,10909800.0,4.654481836150894e-06,10M-50M,2025-12-19,231.58009338378903,229.16000366210935,231.34500122070312,232.7400054931641,230.22999572753903,9.9,8.3,8.4,195.0,0.2871165039062499,True,AMZN,9.9,0.0,0.0105606985643448,2343934380679.0,0.0,-11020.0
PLTR251219P00175000,175.0,-8159.0,多头平仓 Put，减仓，看跌减弱,1.0194862748682496,PUT,0.0,8159.0,10908582.999999998,2.58953252943382e-05,10M-50M,2025-12-19,167.4600067138672,165.77000427246094,167.75999450683594,168.38999938964844,165.875,13.37,11.95,12.75,185.0,0.5031787963867188,True,PLTR,13.37,0.0,0.010194862748682495,421256843697.0,0.0,-8159.0
NVDA260116C00210000,210.0,-48889.0,多头平仓 Call，减仓，看涨减弱,-1.2192895275319897,CALL,0.0,48889.0,10902247.0,2.517830068565551e-06,10M-50M,2026-01-16,178.06210327148438,180.25999450683597,178.99000549316406,179.2899932861328,176.97999572753906,2.23,2.26,2.35,4.0,0.4279842358398438,False,NVDA,2.47,-0.09716599190283409,-0.012192895275319898,4330017000000.0,-9.716599190283409,-48889.0
COIN251128C00255000,255.0,-6662.0,空头平仓 Call，回补信号，看涨,4.238219773782709,CALL,0.0,6662.0,10885708.0,0.0001355354791457005,10M-50M,2025-11-28,276.20001220703125,264.9700012207031,273.69000244140625,276.5,270.20001220703125,16.34,12.6,17.65,2.0,1.0000000000000004e-05,True,COIN,10.7,0.5271028037383179,0.04238219773782709,80316298497.0,52.710280373831786,-6662.0
NVDA261218C00156000,156.0,-2215.0,多头平仓 Call，减仓，看涨减弱,-1.2192895275319897,CALL,0.0,2215.0,10864575.0,2.509129871776485e-06,10M-50M,2026-12-18,178.06210327148438,180.25999450683597,178.99000549316406,179.2899932861328,176.97999572753906,49.05,47.3,49.5,3.0,0.5372665902709962,True,NVDA,49.05,0.0,-0.012192895275319898,4330017000000.0,0.0,-2215.0
JD251219P00034000,34.0,-22152.0,多头平仓 Put，减仓，看跌减弱,1.444592916242034,PUT,0.0,22152.0,10854480.0,0.00021648923500207563,10M-50M,2025-12-19,29.84499931335449,29.420000076293945,29.850000381469727,29.959999084472656,29.7450008392334,4.9,0.0,0.0,46.0,1.0000000000000004e-05,True,JD,4.9,0.0,0.014445929162420339,50138659319.0,0.0,-22152.0
NVDA251128P00185000,185.0,-18014.0,空头平仓 Put，回补，看跌信号减弱,-1.2192895275319897,PUT,0.0,18014.0,10844428.0,2.5044770032080707e-06,10M-50M,2025-11-28,178.06210327148438,180.25999450683597,178.99000549316406,179.2899932861328,176.97999572753906,6.02,5.45,6.1,9.0,1.0000000000000004e-05,True,NVDA,4.91,0.22606924643584508,-0.012192895275319898,4330017000000.0,22.60692464358451,-18014.0
ORCL280121C00145000,145.0,-1285.0,多头平仓 Call，减仓，看涨减弱,-2.1272445684676113,CALL,0.0,1285.0,10842829.999999998,1.3460788453654492e-05,10M-50M,2028-01-21,200.6000061035156,204.9600067138672,199.50999450683597,201.0,197.6100006103516,84.38,0.0,0.0,7.0,1.0000000000000004e-05,True,ORCL,84.38,0.0,-0.021272445684676112,805512250440.0,0.0,-1285.0
AMZN260116C00165000,165.0,-1647.0,空头平仓 Call，回补信号，看涨,1.0560698564344801,CALL,0.0,1647.0,10838907.0,4.624236535521162e-06,10M-50M,2026-01-16,231.58009338378903,229.16000366210935,231.34500122070312,232.7400054931641,230.22999572753903,65.81,66.45,69.5,2.0,0.6201209863281252,True,AMZN,65.81,0.0,0.0105606985643448,2343934380679.0,0.0,-1647.0
AMZN270115C00260000,260.0,-4041.0,空头平仓 Call，回补信号，看涨,1.0560698564344801,CALL,0.0,4041.0,10829880.0,4.6203853184929005e-06,10M-50M,2027-01-15,231.58009338378903,229.16000366210935,231.34500122070312,232.7400054931641,230.22999572753903,26.8,26.25,28.1,41.0,0.3933166137695312,False,AMZN,26.8,0.0,0.0105606985643448,2343934380679.0,0.0,-4041.0
INTC260618C00038000,38.0,-18820.0,空头平仓 Call，回补信号，看涨,5.32273052724586,CALL,0.0,18820.0,10821500.0,6.964381675016975e-05,10M-50M,2026-06-18,38.7692985534668,36.810001373291016,37.369998931884766,38.81999969482422,37.35499954223633,5.75,0.0,0.0,1181.0,1.0000000000000004e-05,True,INTC,5.75,0.0,0.0532273052724586,155383500000.0,0.0,-18820.0
MU261218C00280000,280.0,-2393.0,空头平仓 Call，回补信号，看涨,3.0183324819044453,CALL,0.0,2393.0,10816360.0,6.145491324792239e-05,10M-50M,2026-12-18,237.2100067138672,230.25999450683597,235.6150054931641,238.1000061035156,234.1699981689453,45.2,0.0,0.0,2.0,0.0312596875,False,MU,45.2,0.0,0.030183324819044455,176004804634.0,0.0,-2393.0
INTC260618C00045000,45.0,-30878.0,空头平仓 Call，回补信号，看涨,5.32273052724586,CALL,0.0,30878.0,10807300.0,6.955242995556157e-05,10M-50M,2026-06-18,38.7692985534668,36.810001373291016,37.369998931884766,38.81999969482422,37.35499954223633,3.5,0.0,0.0,68.0,0.062509375,False,INTC,3.5,0.0,0.0532273052724586,155383500000.0,0.0,-30878.0
SNOW261218C00200000,200.0,-1339.0,空头平仓 Call，回补信号，看涨,1.7895909606311697,CALL,0.0,1339.0,10799035.0,0.00014189087164939438,10M-50M,2026-12-18,253.1100006103516,248.66000366210935,249.6499938964844,253.4600067138672,248.84500122070312,80.65,0.0,0.0,1.0,1.0000000000000004e-05,True,SNOW,80.65,0.0,0.017895909606311697,76108032000.0,0.0,-1339.0
CRM260116P00240000,240.0,-5214.0,多头平仓 Put，减仓，看跌减弱,1.5034004060182171,PUT,0.0,5214.0,10740840.0,4.634759461850714e-05,10M-50M,2026-01-16,231.5800018310547,228.1499938964844,229.0,231.7454071044922,228.625,20.6,0.0,0.0,35.0,1.0000000000000004e-05,True,CRM,20.6,0.0,0.015034004060182172,231745360000.0,0.0,-5214.0
AMZN251219P00250000,250.0,-5233.0,多头平仓 Put，减仓，看跌减弱,1.0560698564344801,PUT,0.0,5233.0,10727650.0,4.576770616288487e-06,10M-50M,2025-12-19,231.58009338378903,229.16000366210935,231.34500122070312,232.7400054931641,230.22999572753903,20.5,18.25,19.0,34.0,0.2348709326171875,True,AMZN,20.5,0.0,0.0105606985643448,2343934380679.0,0.0,-5233.0
ORCL260618P00220000,220.0,-2718.0,空头平仓 Put，回补，看跌信号减弱,-2.1272445684676113,PUT,0.0,2718.0,10708920.0,1.3294546413354235e-05,10M-50M,2026-06-18,200.6000061035156,204.9600067138672,199.50999450683597,201.0,197.6100006103516,39.4,0.0,0.0,7.0,1.0000000000000004e-05,True,ORCL,39.4,0.0,-0.021272445684676112,805512250440.0,0.0,-2718.0
ORCL260417P00220000,220.0,-3064.0,空头平仓 Put，回补，看跌信号减弱,-2.1272445684676113,PUT,0.0,3064.0,10708680.0,1.3294248466302691e-05,10M-50M,2026-04-17,200.6000061035156,204.9600067138672,199.50999450683597,201.0,197.6100006103516,34.95,0.0,0.0,5.0,1.0000000000000004e-05,True,ORCL,34.95,0.0,-0.021272445684676112,805512250440.0,0.0,-3064.0
ORCL260618P00190000,190.0,-4683.0,空头平仓 Put，回补，看跌信号减弱,-2.1272445684676113,PUT,0.0,4683.0,10705337.999999998,1.3290099553609959e-05,10M-50M,2026-06-18,200.6000061035156,204.9600067138672,199.50999450683597,201.0,197.6100006103516,22.86,0.0,0.0,6.0,0.01563484375,False,ORCL,22.86,0.0,-0.021272445684676112,805512250440.0,0.0,-4683.0
ADBE260116P00380000,380.0,-1726.0,多头平仓 Put，减仓，看跌减弱,1.0141097669805215,PUT,0.0,1726.0,10701200.0,7.093892894839023e-05,10M-50M,2026-01-16,320.739990234375,317.5199890136719,317.7431945800781,320.739990234375,317.5199890136719,62.0,61.95,66.95,2.0,0.5338181384277343,True,ADBE,62.0,0.0,0.010141097669805215,150850882000.0,0.0,-1726.0
RIVN270115C00020000,20.0,-28144.0,空头平仓 Call，回补信号，看涨,4.946846509127688,CALL,0.0,28144.0,10694720.0,0.000565336646773433,10M-50M,2027-01-15,16.98040008544922,16.18000030517578,16.389999389648438,17.030000686645508,16.260000228881836,3.8,3.75,4.0,2.0,0.6838410522460938,False,RIVN,3.77,0.00795755968169756,0.049468465091276885,18917436294.0,0.795755968169756,-28144.0
ORCL260618P00230000,230.0,-2344.0,空头平仓 Put，回补，看跌信号减弱,-2.1272445684676113,PUT,0.0,2344.0,10686296.0,1.3266459937962156e-05,10M-50M,2026-06-18,200.6000061035156,204.9600067138672,199.50999450683597,201.0,197.6100006103516,45.59,0.0,0.0,2.0,1.0000000000000004e-05,True,ORCL,45.59,0.0,-0.021272445684676112,805512250440.0,0.0,-2344.0
MSFT271217C00440000,440.0,-904.0,空头平仓 Call，回补信号，看涨,1.1575685102342945,CALL,0.0,904.0,10682568.0,2.809895299711552e-06,10M-50M,2027-12-17,491.1199951171875,485.5,487.5950012207031,491.7999877929688,486.6499938964844,118.17,116.8,122.65,3.0,0.3604266228485107,True,MSFT,118.17,0.0,0.011575685102342945,3801767276203.0,0.0,-904.0
PLTR270115C00180000,180.0,-2737.0,空头平仓 Call，回补信号，看涨,1.0194862748682496,CALL,0.0,2737.0,10641456.000000002,2.5261206219486722e-05,10M-50M,2027-01-15,167.4600067138672,165.77000427246094,167.75999450683594,168.38999938964844,165.875,38.88,39.5,40.55,20.0,0.6359899682617188,False,PLTR,38.88,0.0,0.010194862748682495,421256843697.0,0.0,-2737.0
AMZN260618P00230000,230.0,-4771.0,多头平仓 Put，减仓，看跌减弱,1.0560698564344801,PUT,0.0,4771.0,10567765.0,4.508558382482828e-06,10M-50M,2026-06-18,231.58009338378903,229.16000366210935,231.34500122070312,232.7400054931641,230.22999572753903,22.15,20.85,21.1,18.0,0.3196173995971678,False,AMZN,22.15,0.0,0.0105606985643448,2343934380679.0,0.0,-4771.0
SOFI270115C00032000,32.0,-13160.0,空头平仓 Call，回补信号，看涨,1.579504270111097,CALL,0.0,13160.0,10528000.0,0.00031422500478510987,10M-50M,2027-01-15,28.940000534057617,28.489999771118164,28.790000915527344,29.01499938964844,28.45499992370605,8.0,7.5,8.0,220.0,0.729494892578125,False,SOFI,8.0,0.0,0.01579504270111097,33504653798.0,0.0,-13160.0
AMZN260618P00215000,215.0,-6791.0,多头平仓 Put，减仓，看跌减弱,1.0560698564344801,PUT,0.0,6791.0,10526050.0,4.490761382556611e-06,10M-50M,2026-06-18,231.58009338378903,229.16000366210935,231.34500122070312,232.7400054931641,230.22999572753903,15.5,14.4,15.3,20.0,0.3418950088500976,False,AMZN,15.5,0.0,0.0105606985643448,2343934380679.0,0.0,-6791.0
MSFT260618C00430000,430.0,-1335.0,空头平仓 Call，回补信号，看涨,1.1575685102342945,CALL,0.0,1335.0,10493099.999999998,2.76005847745629e-06,10M-50M,2026-06-18,491.1199951171875,485.5,487.5950012207031,491.7999877929688,486.6499938964844,78.6,80.1,82.4,5.0,0.3321599987792969,True,MSFT,78.6,0.0,0.011575685102342945,3801767276203.0,0.0,-1335.0
ORCL260417P00240000,240.0,-2171.0,空头平仓 Put，回补，看跌信号减弱,-2.1272445684676113,PUT,0.0,2171.0,10485929.999999998,1.3017716359089763e-05,10M-50M,2026-04-17,200.6000061035156,204.9600067138672,199.50999450683597,201.0,197.6100006103516,48.3,0.0,0.0,37.0,1.0000000000000004e-05,True,ORCL,48.3,0.0,-0.021272445684676112,805512250440.0,0.0,-2171.0
AMD261218C00210000,210.0,-1884.0,空头平仓 Call，回补信号，看涨,1.3512831121376383,CALL,0.0,1884.0,10456200.0,4.0405960121490305e-05,10M-50M,2026-12-18,217.13499450683597,214.2400054931641,216.3950042724609,218.3000030517578,214.03219604492188,55.5,52.5,54.75,3.0,0.5787700814819335,True,AMD,53.55,0.03641456582633059,0.013512831121376382,258778654648.0,3.641456582633059,-1884.0
NVDA260417C00170000,170.0,-3874.0,多头平仓 Call，减仓，看涨减弱,-1.2192895275319897,CALL,0.0,3874.0,10440430.0,2.411175290997703e-06,10M-50M,2026-04-17,178.06210327148438,180.25999450683597,178.99000549316406,179.2899932861328,176.97999572753906,26.95,26.0,27.1,259.0,0.5189257092285156,True,NVDA,26.95,0.0,-0.012192895275319898,4330017000000.0,0.0,-3874.0
AMZN270115P00190000,190.0,-7482.0,多头平仓 Put，减仓，看跌减弱,1.0560698564344801,PUT,0.0,7482.0,10437390.0,4.452936091571154e-06,10M-50M,2027-01-15,231.58009338378903,229.16000366210935,231.34500122070312,232.7400054931641,230.22999572753903,13.95,13.3,13.6,487.0,0.3368901760864258,False,AMZN,13.95,0.0,0.0105606985643448,2343934380679.0,0.0,-7482.0
OKLO251219P00100000,100.0,-6678.0,多头平仓 Put，减仓，看跌减弱,1.8710505070726529,PUT,0.0,6678.0,10417680.0,0.0006385243067155062,10M-50M,2025-12-19,90.37999725341795,88.72000122070312,90.0,91.0500030517578,89.01000213623047,15.6,14.1,16.15,79.0,1.0284472406005862,True,OKLO,15.6,0.0,0.018710505070726528,16315244213.0,0.0,-6678.0
INTC260918P00035000,35.0,-18045.0,多头平仓 Put，减仓，看跌减弱,5.32273052724586,PUT,0.0,18045.0,10375875.0,6.677591250036201e-05,10M-50M,2026-09-18,38.7692985534668,36.810001373291016,37.369998931884766,38.81999969482422,37.35499954223633,5.75,0.0,0.0,2.0,0.0312596875,False,INTC,5.75,0.0,0.0532273052724586,155383500000.0,0.0,-18045.0
NVDA260515C00140000,140.0,2094.0,空头卖 Call，看跌/看不涨,-1.2192895275319897,CALL,12649.0,10555.0,10375770.0,2.3962423242218217e-06,10M-50M,2026-05-15,178.06210327148438,180.25999450683597,178.99000549316406,179.2899932861328,176.97999572753906,49.55,47.15,49.0,4279.0,0.5735516278076171,True,NVDA,49.55,0.0,-0.012192895275319898,4330017000000.0,0.0,2094.0
PLTR260918P00130000,130.0,-6620.0,多头平仓 Put，减仓，看跌减弱,1.0194862748682496,PUT,0.0,6620.0,10360300.0,2.4593784421581804e-05,10M-50M,2026-09-18,167.4600067138672,165.77000427246094,167.75999450683594,168.38999938964844,165.875,15.65,15.15,15.85,7.0,0.5842937078857422,False,PLTR,15.65,0.0,0.010194862748682495,421256843697.0,0.0,-6620.0
PLTR260918P00180000,180.0,-2606.0,多头平仓 Put，减仓，看跌减弱,1.0194862748682496,PUT,0.0,2606.0,10358850.0,2.4590342341003896e-05,10M-50M,2026-09-18,167.4600067138672,165.77000427246094,167.75999450683594,168.38999938964844,165.875,39.75,38.5,40.1,1.0,0.5289048574829102,True,PLTR,39.75,0.0,0.010194862748682495,421256843697.0,0.0,-2606.0
NVDA260918C00190000,190.0,-3696.0,多头平仓 Call，减仓，看涨减弱,-1.2192895275319897,CALL,0.0,3696.0,10330320.0,2.3857458296353107e-06,10M-50M,2026-09-18,178.06210327148438,180.25999450683597,178.99000549316406,179.2899932861328,176.97999572753906,27.95,26.85,27.55,55.0,0.5017139672851563,False,NVDA,27.95,0.0,-0.012192895275319898,4330017000000.0,0.0,-3696.0
SNOW260116C00230000,230.0,-3318.0,空头平仓 Call，回补信号，看涨,1.7895909606311697,CALL,0.0,3318.0,10328934.0,0.00013571411227661226,10M-50M,2026-01-16,253.1100006103516,248.66000366210935,249.6499938964844,253.4600067138672,248.84500122070312,31.13,0.0,0.0,31.0,1.0000000000000004e-05,True,SNOW,31.13,0.0,0.017895909606311697,76108032000.0,0.0,-3318.0
BIDU260116C00110000,110.0,-9132.0,空头平仓 Call，回补信号，看涨,1.1904780641456745,CALL,0.0,9132.0,10255236.0,0.0002271326359355166,10M-50M,2026-01-16,117.7249984741211,116.33999633789062,117.16500091552734,118.0,116.87999725341795,11.23,10.85,12.35,10.0,0.4702201416015625,True,BIDU,11.23,0.0,0.011904780641456744,45150869481.0,0.0,-9132.0
MSFT260116C00490000,490.0,-6418.0,空头平仓 Call，回补信号，看涨,1.1575685102342945,CALL,0.0,6418.0,10249546.0,2.695995113682154e-06,10M-50M,2026-01-16,491.1199951171875,485.5,487.5950012207031,491.7999877929688,486.6499938964844,15.97,15.95,17.45,3585.0,0.2322464471435547,True,MSFT,15.97,0.0,0.011575685102342945,3801767276203.0,0.0,-6418.0
AMD270115C00210000,210.0,-1840.0,空头平仓 Call，回补信号，看涨,1.3512831121376383,CALL,0.0,1840.0,10248800.0,3.9604502983218554e-05,10M-50M,2027-01-15,217.13499450683597,214.2400054931641,216.3950042724609,218.3000030517578,214.03219604492188,55.7,55.05,58.05,178.0,0.5926859579467775,True,AMD,55.7,0.0,0.013512831121376382,258778654648.0,0.0,-1840.0
NVDA271217P00155000,155.0,-3754.0,空头平仓 Put，回补，看跌信号减弱,-1.2192895275319897,PUT,0.0,3754.0,10233404.0,2.3633634694736765e-06,10M-50M,2027-12-17,178.06210327148438,180.25999450683597,178.99000549316406,179.2899932861328,176.97999572753906,27.26,27.25,28.0,1.0,0.4102537002563476,False,NVDA,27.26,0.0,-0.012192895275319898,4330017000000.0,0.0,-3754.0
AMZN260618C00205000,205.0,-2426.0,空头平仓 Call，回补信号，看涨,1.0560698564344801,CALL,0.0,2426.0,10218312.0,4.359470164450559e-06,10M-50M,2026-06-18,231.58009338378903,229.16000366210935,231.34500122070312,232.7400054931641,230.22999572753903,42.12,41.8,43.4,8.0,0.4353694158935547,True,AMZN,42.12,0.0,0.0105606985643448,2343934380679.0,0.0,-2426.0
MSFT260618P00550000,550.0,-1211.0,多头平仓 Put，减仓，看跌减弱,1.1575685102342945,PUT,0.0,1211.0,10215996.0,2.687170270507243e-06,10M-50M,2026-06-18,491.1199951171875,485.5,487.5950012207031,491.7999877929688,486.6499938964844,84.36,70.8,73.45,1.0,0.2387008503723144,True,MSFT,84.36,0.0,0.011575685102342945,3801767276203.0,0.0,-1211.0
NVDA261218C00215000,215.0,-4102.0,多头平仓 Call，减仓，看涨减弱,-1.2192895275319897,CALL,0.0,4102.0,10213979.999999998,2.3588775748455487e-06,10M-50M,2026-12-18,178.06210327148438,180.25999450683597,178.99000549316406,179.2899932861328,176.97999572753906,24.9,23.0,23.75,129.0,0.496648099975586,False,NVDA,24.9,0.0,-0.012192895275319898,4330017000000.0,0.0,-4102.0
AMD251219P00210000,210.0,-12541.0,多头平仓 Put，减仓，看跌减弱,1.3512831121376383,PUT,0.0,12541.0,10208374.0,3.9448284534463616e-05,10M-50M,2025-12-19,217.13499450683597,214.2400054931641,216.3950042724609,218.3000030517578,214.03219604492188,8.14,8.8,9.2,5.0,0.5822795678710937,False,AMD,9.15,-0.11038251366120216,0.013512831121376382,258778654648.0,-11.038251366120216,-12541.0
CRWD261218C00480000,480.0,-890.0,空头平仓 Call，回补信号，看涨,1.7864958532566595,CALL,0.0,890.0,10199400.0,8.442175971961274e-05,10M-50M,2026-12-18,510.5,501.5400085449219,505.7449951171875,510.6900024414063,501.9400024414063,114.6,110.85,119.0,6.0,0.5130358755493164,True,CRWD,114.6,0.0,0.017864958532566595,120814823499.0,0.0,-890.0
AMZN260618C00240000,240.0,-4610.0,空头平仓 Call，回补信号，看涨,1.0560698564344801,CALL,0.0,4610.0,10197320.000000002,4.350514282334987e-06,10M-50M,2026-06-18,231.58009338378903,229.16000366210935,231.34500122070312,232.7400054931641,230.22999572753903,22.12,22.1,23.3,1051.0,0.3904479901123047,False,AMZN,22.12,0.0,0.0105606985643448,2343934380679.0,0.0,-4610.0
NVDA260618C00177000,177.0,-3739.0,多头平仓 Call，减仓，看涨减弱,-1.2192895275319897,CALL,0.0,3739.0,10188775.0,2.3530565815330517e-06,10M-50M,2026-06-18,178.06210327148438,180.25999450683597,178.99000549316406,179.2899932861328,176.97999572753906,27.25,26.4,28.15,1.0,0.5093738027954101,True,NVDA,28.19,-0.033345157857396286,-0.012192895275319898,4330017000000.0,-3.3345157857396286,-3739.0
NVDA251219P00215000,215.0,-2892.0,空头平仓 Put，回补，看跌信号减弱,-1.2192895275319897,PUT,0.0,2892.0,10156704.0,2.345649913152766e-06,10M-50M,2025-12-19,178.06210327148438,180.25999450683597,178.99000549316406,179.2899932861328,176.97999572753906,35.12,35.15,37.1,104.0,0.3818421191406249,True,NVDA,35.12,0.0,-0.012192895275319898,4330017000000.0,0.0,-2892.0
ORCL260116P00195000,195.0,-8387.0,空头平仓 Put，回补，看跌信号减弱,-2.1272445684676113,PUT,0.0,8387.0,10148270.0,1.2598529686490364e-05,10M-50M,2026-01-16,200.6000061035156,204.9600067138672,199.50999450683597,201.0,197.6100006103516,12.1,0.0,0.0,782.0,0.01563484375,False,ORCL,12.1,0.0,-0.021272445684676112,805512250440.0,0.0,-8387.0
MSFT260116P00510000,510.0,-3635.0,多头平仓 Put，减仓，看跌减弱,1.1575685102342945,PUT,0.0,3635.0,10141650.0,2.6676146284600916e-06,10M-50M,2026-01-16,491.1199951171875,485.5,487.5950012207031,491.7999877929688,486.6499938964844,27.9,27.05,29.1,594.0,0.2464369790649414,True,MSFT,27.9,0.0,0.011575685102342945,3801767276203.0,0.0,-3635.0
AMZN261218P00180000,180.0,-9497.0,多头平仓 Put，减仓，看跌减弱,1.0560698564344801,PUT,0.0,9497.0,10114305.0,4.3150973352206425e-06,10M-50M,2026-12-18,231.58009338378903,229.16000366210935,231.34500122070312,232.7400054931641,230.22999572753903,10.65,10.1,10.55,53.0,0.3523929507446288,False,AMZN,10.65,0.0,0.0105606985643448,2343934380679.0,0.0,-9497.0
MSFT271217C00550000,550.0,-1538.0,空头平仓 Call，回补信号，看涨,1.1575685102342945,CALL,0.0,1538.0,10112350.0,2.659907686432524e-06,10M-50M,2027-12-17,491.1199951171875,485.5,487.5950012207031,491.7999877929688,486.6499938964844,65.75,64.05,69.9,5.0,0.3272009419250488,False,MSFT,65.75,0.0,0.011575685102342945,3801767276203.0,0.0,-1538.0
ORCL260918P00230000,230.0,-2061.0,空头平仓 Put，回补，看跌信号减弱,-2.1272445684676113,PUT,0.0,2061.0,10088595.000000002,1.252444639357036e-05,10M-50M,2026-09-18,200.6000061035156,204.9600067138672,199.50999450683597,201.0,197.6100006103516,48.95,0.0,0.0,2.0,1.0000000000000004e-05,True,ORCL,48.95,0.0,-0.021272445684676112,805512250440.0,0.0,-2061.0
RIVN271217P00020000,20.0,-12073.0,多头平仓 Put，减仓，看跌减弱,4.946846509127688,PUT,0.0,12073.0,10068882.0,0.000532254045607307,10M-50M,2027-12-17,16.98040008544922,16.18000030517578,16.389999389648438,17.030000686645508,16.260000228881836,8.34,0.0,0.0,8.0,1.0000000000000004e-05,True,RIVN,8.34,0.0,0.049468465091276885,18917436294.0,0.0,-12073.0
PLTR270617P00160000,160.0,-2495.0,多头平仓 Put，减仓，看跌减弱,1.0194862748682496,PUT,0.0,2495.0,10024910.0,2.379761931466846e-05,10M-50M,2027-06-17,167.4600067138672,165.77000427246094,167.75999450683594,168.38999938964844,165.875,40.18,39.0,40.15,10.0,0.5408371112060548,False,PLTR,40.18,0.0,0.010194862748682495,421256843697.0,0.0,-2495.0
NVDA251128C00170000,170.0,-10806.0,多头平仓 Call，减仓，看涨减弱,-1.2192895275319897,CALL,15024.0,25830.0,10006356.0,2.3109276476281734e-06,10M-50M,2025-11-28,178.06210327148438,180.25999450683597,178.99000549316406,179.2899932861328,176.97999572753906,9.26,7.6,10.3,14.0,0.981445498046875,True,NVDA,10.3,-0.10097087378640784,-0.012192895275319898,4330017000000.0,-10.097087378640785,-10806.0
PLTR260918P00165000,165.0,-3191.0,多头平仓 Put，减仓，看跌减弱,1.0194862748682496,PUT,0.0,3191.0,10000594.0,2.373989681030129e-05,10M-50M,2026-09-18,167.4600067138672,165.77000427246094,167.75999450683594,168.38999938964844,165.875,31.34,30.45,31.2,2.0,0.5425460784912111,False,PLTR,31.34,0.0,0.010194862748682495,421256843697.0,0.0,-3191.0
BMNR260116P00040000,40.0,-9949.0,多头平仓 Put，减仓，看跌减弱,7.876178098770012,PUT,0.0,9949.0,9859459.0,0.04536839578162492,5M-10M,2026-01-16,34.239898681640625,31.739999771118164,33.79999923706055,34.30500030517578,33.02000045776367,9.91,9.55,10.0,4.0,1.195804802246094,True,BMNR,10.88,-0.08915441176470594,0.07876178098770012,217319983.0,-8.915441176470594,-9949.0
RIOT260116C00016000,16.0,-51015.0,空头平仓 Call，回补信号，看涨,8.155081978060773,CALL,0.0,51015.0,9794880.0,0.0014980009462386102,5M-10M,2026-01-16,16.18000030517578,14.960000038146973,15.710000038146973,16.479999542236328,15.564900398254396,1.92,1.91,1.95,494.0,0.7763694238281251,True,RIOT,1.61,0.19254658385093157,0.08155081978060773,6538634054.0,19.25465838509316,-51015.0
MU260320C00250000,250.0,-3183.0,空头平仓 Call，回补信号，看涨,3.0183324819044453,CALL,0.0,3183.0,9654039.0,5.485099693769988e-05,5M-10M,2026-03-20,237.2100067138672,230.25999450683597,235.6150054931641,238.1000061035156,234.1699981689453,30.33,28.5,31.15,1.0,0.6674837939453127,False,MU,27.95,0.08515205724508047,0.030183324819044455,176004804634.0,8.515205724508048,-3183.0
JD251219P00035000,35.0,-17861.0,多头平仓 Put，减仓，看跌减弱,1.444592916242034,PUT,0.0,17861.0,9394886.0,0.00018737808564497888,5M-10M,2025-12-19,29.84499931335449,29.420000076293945,29.850000381469727,29.959999084472656,29.7450008392334,5.26,4.9,5.8,17.0,0.5039112109375,True,JD,5.65,-0.06902654867256647,0.014445929162420339,50138659319.0,-6.902654867256647,-17861.0
PLTR260320P00160000,160.0,-5637.0,多头平仓 Put，减仓，看跌减弱,1.0194862748682496,PUT,0.0,5637.0,9177036.0,2.1784894743694235e-05,5M-10M,2026-03-20,167.4600067138672,165.77000427246094,167.75999450683594,168.38999938964844,165.875,16.28,16.4,16.7,4.0,0.5537764349365235,False,PLTR,17.25,-0.05623188405797095,0.010194862748682495,421256843697.0,-5.623188405797095,-5637.0
BE251219C00100000,100.0,-6461.0,空头平仓 Call，回补信号，看涨,2.432271207551969,CALL,0.0,6461.0,9148776.0,0.0005559964805879839,5M-10M,2025-12-19,103.5999984741211,101.13999938964844,104.1999969482422,105.4000015258789,102.55120086669922,14.16,13.2,15.3,12.0,1.2452430316162106,True,BE,13.0,0.08923076923076924,0.02432271207551969,16454737250.0,8.923076923076923,-6461.0
NVDA251205C00182500,182.5,-33908.0,多头平仓 Call，减仓，看涨减弱,-1.2192895275319897,CALL,0.0,33908.0,8883896.0,2.0517000279675577e-06,5M-10M,2025-12-05,178.06210327148438,180.25999450683597,178.99000549316406,179.2899932861328,176.97999572753906,2.62,2.62,2.89,24.0,0.4499566723632812,False,NVDA,3.34,-0.21556886227544902,-0.012192895275319898,4330017000000.0,-21.5568862275449,-33908.0
NVDA260220C00220000,220.0,-26518.0,多头平仓 Call，减仓，看涨减弱,-1.2192895275319897,CALL,0.0,26518.0,8644868.0,1.996497473335555e-06,5M-10M,2026-02-20,178.06210327148438,180.25999450683597,178.99000549316406,179.2899932861328,176.97999572753906,3.26,3.05,3.35,1.0,0.4328669995117187,False,NVDA,3.49,-0.06590257879656172,-0.012192895275319898,4330017000000.0,-6.590257879656172,-26518.0
COIN260116P00250000,250.0,-5521.0,多头平仓 Put，减仓，看跌减弱,4.238219773782709,PUT,0.0,5521.0,8281500.0,0.00010311107651841467,5M-10M,2026-01-16,276.20001220703125,264.9700012207031,273.69000244140625,276.5,270.20001220703125,15.0,12.7,15.7,2.0,0.6492954992675781,False,COIN,16.22,-0.07521578298397034,0.04238219773782709,80316298497.0,-7.521578298397034,-5521.0
MU260116C00270000,270.0,-7224.0,空头平仓 Call，回补信号，看涨,3.0183324819044453,CALL,0.0,7224.0,8271479.999999999,4.699576251455435e-05,5M-10M,2026-01-16,237.2100067138672,230.25999450683597,235.6150054931641,238.1000061035156,234.1699981689453,11.45,10.55,11.8,3.0,0.6466099792480469,False,MU,10.25,0.11707317073170725,0.030183324819044455,176004804634.0,11.707317073170726,-7224.0
CRCL260116C00060000,60.0,-4556.0,空头平仓 Call，回补信号，看涨,7.702369586611589,CALL,0.0,4556.0,8178020.0,0.00028069350043019066,5M-10M,2026-01-16,78.23500061035156,72.63999938964844,75.30999755859375,78.7300033569336,74.0199966430664,17.95,16.15,18.55,1.0,0.4995167236328125,True,CRCL,15.5,0.15806451612903222,0.07702369586611589,29135052958.0,15.806451612903222,-4556.0
PLTR260116P00180000,180.0,-4172.0,多头平仓 Put，减仓，看跌减弱,1.0194862748682496,PUT,0.0,4172.0,8014412.000000001,1.9025001302446678e-05,5M-10M,2026-01-16,167.4600067138672,165.77000427246094,167.75999450683594,168.38999938964844,165.875,19.21,18.55,20.05,1.0,0.4998218963623047,True,PLTR,20.3,-0.05369458128078817,0.010194862748682495,421256843697.0,-5.369458128078817,-4172.0
RIOT251219C00013000,13.0,-29075.0,空头平仓 Call，回补信号，看涨,8.155081978060773,CALL,0.0,29075.0,7995625.0,0.0012228280301309548,5M-10M,2025-12-19,16.18000030517578,14.960000038146973,15.710000038146973,16.479999542236328,15.564900398254396,2.75,3.0,3.3,3.0,0.6992217578125001,True,RIOT,2.55,0.07843137254901968,0.08155081978060773,6538634054.0,7.843137254901968,-29075.0
INTC260116C00045000,45.0,-94840.0,空头平仓 Call，回补信号，看涨,5.32273052724586,CALL,0.0,94840.0,7587200.0,4.8828865355716664e-05,5M-10M,2026-01-16,38.7692985534668,36.810001373291016,37.369998931884766,38.81999969482422,37.35499954223633,0.8,0.72,0.78,30.0,0.467778759765625,False,INTC,0.7,0.142857142857143,0.0532273052724586,155383500000.0,14.285714285714299,-94840.0
LULU260116C00200000,200.0,-6577.0,空头平仓 Call，回补信号，看涨,1.846762979699118,CALL,0.0,6577.0,7333355.0,0.0003665866819763757,5M-10M,2026-01-16,185.3000030517578,181.94000244140625,184.72000122070312,185.6499938964844,183.5,11.15,11.0,11.5,10.0,0.6223182299804688,False,LULU,10.5,0.06190476190476194,0.01846762979699118,20004422857.0,6.190476190476194,-6577.0
MU251219P00240000,240.0,-3542.0,多头平仓 Put，减仓，看跌减弱,3.0183324819044453,PUT,0.0,3542.0,7144214.0,4.0591016903523243e-05,5M-10M,2025-12-19,237.2100067138672,230.25999450683597,235.6150054931641,238.1000061035156,234.1699981689453,20.17,18.2,20.5,1.0,0.7652611364746094,True,MU,22.09,-0.08691715708465361,0.030183324819044455,176004804634.0,-8.691715708465361,-3542.0
COIN260116C00290000,290.0,-4068.0,空头平仓 Call，回补信号，看涨,4.238219773782709,CALL,0.0,4068.0,7082388.0,8.818120521657934e-05,5M-10M,2026-01-16,276.20001220703125,264.9700012207031,273.69000244140625,276.5,270.20001220703125,17.41,16.35,18.55,10.0,0.5690961059570312,False,COIN,15.35,0.13420195439739419,0.04238219773782709,80316298497.0,13.420195439739418,-4068.0
ORCL251219C00200000,200.0,-4806.0,多头平仓 Call，减仓，看涨减弱,-2.1272445684676113,CALL,0.0,4806.0,6968700.0,8.65126507535229e-06,5M-10M,2025-12-19,200.6000061035156,204.9600067138672,199.50999450683597,201.0,197.6100006103516,14.5,13.7,15.1,9.0,0.7185086743164062,True,ORCL,17.3,-0.161849710982659,-0.021272445684676112,805512250440.0,-16.184971098265898,-4806.0
NVDA251219C00205000,205.0,-80554.0,多头平仓 Call，减仓，看涨减弱,-1.2192895275319897,CALL,0.0,80554.0,6847089.999999999,1.5813078793916974e-06,5M-10M,2025-12-19,178.06210327148438,180.25999450683597,178.99000549316406,179.2899932861328,176.97999572753906,0.85,0.77,0.89,4.0,0.4350642431640625,False,NVDA,1.01,-0.15841584158415845,-0.012192895275319898,4330017000000.0,-15.841584158415845,-80554.0
ORCL260116C00220000,220.0,-6550.0,多头平仓 Call，减仓，看涨减弱,-2.1272445684676113,CALL,0.0,6550.0,6419000.000000001,7.96884218271505e-06,5M-10M,2026-01-16,200.6000061035156,204.9600067138672,199.50999450683597,201.0,197.6100006103516,9.8,9.35,10.15,78.0,0.5742230078125,False,ORCL,12.15,-0.19341563786008226,-0.021272445684676112,805512250440.0,-19.341563786008226,-6550.0
COIN260116C00250000,250.0,-1657.0,空头平仓 Call，回补信号，看涨,4.238219773782709,CALL,0.0,1657.0,6048050.0,7.530289758343269e-05,5M-10M,2026-01-16,276.20001220703125,264.9700012207031,273.69000244140625,276.5,270.20001220703125,36.5,36.05,38.15,3.0,0.5562788513183594,True,COIN,32.4,0.12654320987654327,0.04238219773782709,80316298497.0,12.654320987654327,-1657.0
COIN251205C00270000,270.0,5450.0,多头买 Call，看涨,4.238219773782709,CALL,6704.0,1254.0,5995000.0,7.464238407630212e-05,5M-10M,2025-12-05,276.20001220703125,264.9700012207031,273.69000244140625,276.5,270.20001220703125,11.0,10.35,11.0,162.0,0.4671684143066406,True,COIN,8.0,0.375,0.04238219773782709,80316298497.0,37.5,5450.0
COIN260417P00250000,250.0,-2008.0,多头平仓 Put，减仓，看跌减弱,4.238219773782709,PUT,0.0,2008.0,5899504.0,7.345338505882913e-05,5M-10M,2026-04-17,276.20001220703125,264.9700012207031,273.69000244140625,276.5,270.20001220703125,29.38,27.35,31.1,1.0,0.632816171875,False,COIN,31.65,-0.07172195892575038,0.04238219773782709,80316298497.0,-7.172195892575038,-2008.0
COIN251219P00290000,290.0,-2234.0,多头平仓 Put，减仓，看跌减弱,4.238219773782709,PUT,0.0,2234.0,5879888.0,7.320915069585319e-05,5M-10M,2025-12-19,276.20001220703125,264.9700012207031,273.69000244140625,276.5,270.20001220703125,26.32,26.35,29.55,1.0,0.732302481689453,True,COIN,33.05,-0.20363086232980326,0.04238219773782709,80316298497.0,-20.363086232980326,-2234.0
CRCL260116C00085000,85.0,-11757.0,空头平仓 Call，回补信号，看涨,7.702369586611589,CALL,0.0,11757.0,5878500.0,0.00020176726668299607,5M-10M,2026-01-16,78.23500061035156,72.63999938964844,75.30999755859375,78.7300033569336,74.0199966430664,5.0,4.9,5.3,17.0,0.673098972167969,False,CRCL,4.69,0.06609808102345407,0.07702369586611589,29135052958.0,6.609808102345408,-11757.0
NVDA251226C00185000,185.0,-9786.0,多头平仓 Call，减仓，看涨减弱,-1.2192895275319897,CALL,0.0,9786.0,5822670.0,1.3447222031691791e-06,5M-10M,2025-12-26,178.06210327148438,180.25999450683597,178.99000549316406,179.2899932861328,176.97999572753906,5.95,5.75,5.95,9.0,0.4412897668457031,False,NVDA,6.4,-0.07031250000000003,-0.012192895275319898,4330017000000.0,-7.031250000000003,-9786.0
MU251219C00280000,280.0,-12438.0,空头平仓 Call，回补信号，看涨,3.0183324819044453,CALL,0.0,12438.0,5659289.999999999,3.215417903942127e-05,5M-10M,2025-12-19,237.2100067138672,230.25999450683597,235.6150054931641,238.1000061035156,234.1699981689453,4.55,3.45,5.1,1.0,0.7229031616210937,False,MU,4.08,0.11519607843137249,0.030183324819044455,176004804634.0,11.51960784313725,-12438.0
NVDA260116C00220000,220.0,-44871.0,多头平仓 Call，减仓，看涨减弱,-1.2192895275319897,CALL,0.0,44871.0,5653746.0,1.305709885203684e-06,5M-10M,2026-01-16,178.06210327148438,180.25999450683597,178.99000549316406,179.2899932861328,176.97999572753906,1.26,1.2,1.38,4.0,0.4329890686035156,False,NVDA,1.45,-0.13103448275862065,-0.012192895275319898,4330017000000.0,-13.103448275862064,-44871.0
BMNR260116C00030000,30.0,-7489.0,空头平仓 Call，回补信号，看涨,7.876178098770012,CALL,0.0,7489.0,5579305.0,0.025673225825717096,5M-10M,2026-01-16,34.239898681640625,31.739999771118164,33.79999923706055,34.30500030517578,33.02000045776367,7.45,7.35,7.45,32.0,1.0634812451171878,True,BMNR,6.0,0.2416666666666667,0.07876178098770012,217319983.0,24.16666666666667,-7489.0
UPST270115P00045000,45.0,-3748.0,多头平仓 Put，减仓，看跌减弱,4.8026637941253485,PUT,0.0,3748.0,5438348.0,0.0009855494310407006,5M-10M,2027-01-15,44.08000183105469,42.060001373291016,44.09170150756836,44.16999816894531,43.29999923706055,14.51,14.25,14.9,2.0,0.7666038964843751,True,UPST,16.63,-0.12748045700541186,0.04802663794125348,5518087504.0,-12.748045700541185,-3748.0
BMNR260116C00035000,35.0,-9982.0,空头平仓 Call，回补信号，看涨,7.876178098770012,CALL,0.0,9982.0,5240550.0,0.02411444142253591,5M-10M,2026-01-16,34.239898681640625,31.739999771118164,33.79999923706055,34.30500030517578,33.02000045776367,5.25,5.05,5.4,88.0,1.1035201074218752,False,BMNR,4.21,0.2470308788598575,0.07876178098770012,217319983.0,24.70308788598575,-9982.0
PLTR260116P00140000,140.0,-15032.0,多头平仓 Put，减仓，看跌减弱,1.0194862748682496,PUT,0.0,15032.0,5186040.0,1.231087417948323e-05,5M-10M,2026-01-16,167.4600067138672,165.77000427246094,167.75999450683594,168.38999938964844,165.875,3.45,3.25,3.45,23.0,0.5570112658691408,False,PLTR,3.72,-0.07258064516129033,0.010194862748682495,421256843697.0,-7.258064516129033,-15032.0
COIN260320C00300000,300.0,-1796.0,空头平仓 Call，回补信号，看涨,4.238219773782709,CALL,0.0,1796.0,5100639.999999999,6.350691074477891e-05,5M-10M,2026-03-20,276.20001220703125,264.9700012207031,273.69000244140625,276.5,270.20001220703125,28.4,26.95,30.1,1.0,0.6180458117675782,False,COIN,25.85,0.09864603481624747,0.04238219773782709,80316298497.0,9.864603481624746,-1796.0
PLTR260116C00190000,190.0,-10072.0,空头平仓 Call，回补信号，看涨,1.0194862748682496,CALL,0.0,10072.0,5086360.0,1.2074248943617156e-05,5M-10M,2026-01-16,167.4600067138672,165.77000427246094,167.75999450683594,168.38999938964844,165.875,5.05,5.05,5.3,7.0,0.5160570855712892,False,PLTR,4.68,0.07905982905982908,0.010194862748682495,421256843697.0,7.905982905982908,-10072.0
BE251219C00095000,95.0,-2804.0,空头平仓 Call，回补信号，看涨,2.432271207551969,CALL,0.0,2804.0,5047200.0,0.0003067323363063728,5M-10M,2025-12-19,103.5999984741211,101.13999938964844,104.1999969482422,105.4000015258789,102.55120086669922,18.0,15.7,18.0,1.0,1.2460975195312498,True,BE,15.8,0.13924050632911386,0.02432271207551969,16454737250.0,13.924050632911387,-2804.0
MSFT251128C00480000,480.0,-6220.0,空头平仓 Call，回补信号，看涨,1.1575685102342945,CALL,0.0,6220.0,5007100.000000001,1.3170453729089967e-06,5M-10M,2025-11-28,491.1199951171875,485.5,487.5950012207031,491.7999877929688,486.6499938964844,8.05,0.0,0.0,4.0,1.0000000000000004e-05,True,MSFT,6.22,0.29421221864951785,0.011575685102342945,3801767276203.0,29.421221864951786,-6220.0
