contractSymbol,strike,oi_change,signal_type,stock_price_change_pct,option_type,openInterest_new,openInterest_old,amount_threshold,amount_to_market_cap,amount_tier,expiry_date,股票价格(new),股票价格(old),股票价格(new open),股票价格(new high),股票价格(new low),lastPrice_new,bid,ask,volume,impliedVolatility,inTheMoney,symbol,lastPrice_old,option_price_change,stock_price_change,market_cap,option_price_change_pct,oi_change_abs
NVDA260320C00160000,160.0,83154.0,多头买 Call，看涨,2.2203993440635448,CALL,108066.0,24912.0,266092800.0,6.145306126973635e-05,>50M,2026-03-20,187.3699951171875,183.3000030517578,187.07000732421875,189.1199951171875,186.8500061035156,32.0,31.9,32.6,6848.0,0.555790574951172,True,NVDA,30.75,0.04065040650406504,0.022203993440635447,4330017000000.0,4.0650406504065035,83154.0
TSM260220C00250000,250.0,-26674.0,空头平仓 Call，回补信号，看涨,13.484180233352006,CALL,1939.0,28613.0,227769286.0,0.00016065043516456305,>50M,2026-02-20,333.5299987792969,293.8999938964844,332.7900085449219,334.17999267578125,330.2300109863281,85.39,80.45,83.75,4.0,0.485356708984375,True,TSM,44.3,0.9275395033860047,0.13484180233352006,1417794391697.0,92.75395033860046,-26674.0
TSM260220C00290000,290.0,40958.0,多头买 Call，看涨,13.484180233352006,CALL,42797.0,1839.0,193731340.0,0.0001366427608506176,>50M,2026-02-20,333.5299987792969,293.8999938964844,332.7900085449219,334.17999267578125,330.2300109863281,47.3,0.0,45.9,53.0,0.4543511596679687,True,TSM,17.97,1.6321647189760713,0.13484180233352006,1417794391697.0,163.21647189760714,40958.0
MSFT260320P00550000,550.0,-20052.0,空头平仓 Put，回补，看跌信号减弱,-3.2764267162519096,PUT,353.0,20405.0,183215124.0,4.819209348947455e-05,>50M,2026-03-20,469.0899963378906,484.9800109863281,465.3049926757813,470.3475036621094,462.0,91.37,85.7,87.7,4.0,0.4201107794189453,True,MSFT,67.05,0.36271439224459373,-0.032764267162519095,3801767276203.0,36.27143922445937,-20052.0
GOOGL261218C00300000,300.0,-27052.0,空头平仓 Call，回补信号，看涨,7.560695230734458,CALL,22503.0,49555.0,174891180.0,5.865574457050822e-05,>50M,2026-12-18,330.9750061035156,307.7099914550781,327.8099975585937,331.3500061035156,327.0,64.65,65.2,65.6,34.0,0.4100248207092284,True,GOOGL,51.85,0.24686595949855358,0.07560695230734459,2981654760000.0,24.68659594985536,-27052.0
NVDA260220C00170000,170.0,-48168.0,空头平仓 Call，回补信号，看涨,2.2203993440635448,CALL,10293.0,58461.0,97347528.0,2.2482019816550374e-05,>50M,2026-02-20,187.3699951171875,183.3000030517578,187.07000732421875,189.1199951171875,186.8500061035156,20.21,20.15,20.55,530.0,0.500005,True,NVDA,19.6,0.031122448979591804,0.022203993440635447,4330017000000.0,3.1122448979591804,-48168.0
TSLA270115C00400000,400.0,7969.0,空头卖 Call，看跌/看不涨,-10.606911055495248,CALL,18052.0,10083.0,91643500.0,6.451551857785328e-05,>50M,2027-01-15,439.5154113769531,491.6659851074219,445.0299987792969,445.0299987792969,437.6600036621094,115.0,114.95,116.3,10.0,0.5805095660400392,True,TSLA,162.0,-0.29012345679012347,-0.10606911055495248,1420487690716.0,-29.01234567901235,7969.0
NFLX260918C00100000,100.0,145683.0,空头卖 Call，看跌/看不涨,-7.842510323096162,CALL,146876.0,1193.0,84496140.0,0.00016425513441692264,>50M,2026-09-18,85.95989990234375,93.2750015258789,86.91000366210938,86.94000244140625,85.3499984741211,5.8,5.75,5.95,67.0,0.3928893719482421,False,NFLX,10.91,-0.46837763519706693,-0.07842510323096162,514420083731.0,-46.83776351970669,145683.0
TSLA280121P00450000,450.0,-7196.0,空头平仓 Put，回补，看跌信号减弱,-10.606911055495248,PUT,2229.0,9425.0,84301140.0,5.934661775035011e-05,>50M,2028-01-21,439.5154113769531,491.6659851074219,445.0299987792969,445.0299987792969,437.6600036621094,117.15,118.85,119.85,9.0,0.4662376374816895,True,TSLA,113.2,0.03489399293286222,-0.10606911055495248,1420487690716.0,3.4893992932862217,-7196.0
TSLA271217P00490000,490.0,5975.0,多头买 Put，看跌,-10.606911055495248,PUT,6243.0,268.0,83769499.99999999,5.897235192356773e-05,>50M,2027-12-17,439.5154113769531,491.6659851074219,445.0299987792969,445.0299987792969,437.6600036621094,140.2,141.15,142.25,1.0,0.4601189242553711,True,TSLA,138.25,0.014104882459312757,-0.10606911055495248,1420487690716.0,1.4104882459312758,5975.0
GOOGL260220C00260000,260.0,-10441.0,空头平仓 Call，回补信号，看涨,7.560695230734458,CALL,7512.0,17953.0,73765665.0,2.4739841107560017e-05,>50M,2026-02-20,330.9750061035156,307.7099914550781,327.8099975585937,331.3500061035156,327.0,70.65,69.5,72.4,29.0,0.6066933862304689,True,GOOGL,52.8,0.338068181818182,0.07560695230734459,2981654760000.0,33.8068181818182,-10441.0
MSFT260320C00435000,435.0,15251.0,空头卖 Call，看跌/看不涨,-3.2764267162519096,CALL,15325.0,74.0,64206710.0,1.6888648182622635e-05,>50M,2026-03-20,469.0899963378906,484.9800109863281,465.3049926757813,470.3475036621094,462.0,42.1,39.75,40.8,80.0,0.2715832119750976,True,MSFT,63.12,-0.3330164765525982,-0.032764267162519095,3801767276203.0,-33.30164765525982,15251.0
AMZN260320C00220000,220.0,24019.0,多头买 Call，看涨,4.598855744709855,CALL,30645.0,6626.0,62569495.00000001,2.669421785684744e-05,>50M,2026-03-20,238.58999633789065,228.1000061035156,239.97999572753903,240.9499969482422,237.5399932861328,26.05,25.95,26.5,592.0,0.4413508013916015,True,AMZN,20.75,0.255421686746988,0.04598855744709855,2343934380679.0,25.5421686746988,24019.0
NVDA270115C00180000,180.0,15182.0,多头买 Call，看涨,2.2203993440635448,CALL,40137.0,24955.0,61760376.0,1.4263310282615518e-05,>50M,2027-01-15,187.3699951171875,183.3000030517578,187.07000732421875,189.1199951171875,186.8500061035156,40.68,40.65,40.8,18.0,0.5167589828491211,True,NVDA,38.65,0.05252263906856407,0.022203993440635447,4330017000000.0,5.252263906856407,15182.0
AMD260320C00200000,200.0,9443.0,多头买 Call，看涨,18.361493917806847,CALL,17135.0,7692.0,55902560.0,0.00021602461793473912,>50M,2026-03-20,253.4600067138672,214.14059448242188,256.7449951171875,258.2898864746094,251.88999938964844,59.2,59.4,60.25,3.0,0.700198310546875,True,AMD,31.95,0.8528951486697967,0.18361493917806845,258778654648.0,85.28951486697966,9443.0
UNH270115P00420000,420.0,-6540.0,多头平仓 Put，减仓，看跌减弱,6.628631560995219,PUT,609.0,7149.0,55590000.0,0.00017838795385272967,>50M,2027-01-15,349.54998779296875,327.82000732421875,353.95001220703125,354.7900085449219,348.0,85.0,83.45,88.15,1.0,0.2947153048706054,True,UNH,106.97,-0.2053846872955034,0.06628631560995218,311624180890.0,-20.538468729550342,-6540.0
AVGO280121P00330000,330.0,6641.0,多头买 Put，看跌,-5.431308620422091,PUT,6881.0,240.0,55352735.0,3.503841566506991e-05,>50M,2028-01-21,323.2149963378906,341.77801513671875,319.95001220703125,328.010009765625,317.6000061035156,83.35,81.75,83.1,3.0,0.4404810591125488,True,AVGO,77.17,0.08008293378255789,-0.054313086204220914,1579772770810.0,8.00829337825579,6641.0
TSLA271217P00480000,480.0,3715.0,多头买 Put，看跌,-10.606911055495248,PUT,4077.0,362.0,53191370.00000001,3.744585070863147e-05,>50M,2027-12-17,439.5154113769531,491.6659851074219,445.0299987792969,445.0299987792969,437.6600036621094,143.18,134.75,135.85,10.0,0.4618584088134766,True,TSLA,131.28,0.09064594759293118,-0.10606911055495248,1420487690716.0,9.064594759293119,3715.0
NVDA280121C00140000,140.0,6315.0,多头买 Call，看涨,2.2203993440635448,CALL,6981.0,666.0,49320149.99999999,1.1390290153595238e-05,10M-50M,2028-01-21,187.3699951171875,183.3000030517578,187.07000732421875,189.1199951171875,186.8500061035156,78.1,78.05,79.3,140.0,0.5798229273986817,True,NVDA,72.66,0.07486925406000548,0.022203993440635447,4330017000000.0,7.486925406000548,6315.0
TSLA280121P00520000,520.0,2942.0,多头买 Put，看跌,-10.606911055495248,PUT,3097.0,155.0,47395620.0,3.33657379150608e-05,10M-50M,2028-01-21,439.5154113769531,491.6659851074219,445.0299987792969,445.0299987792969,437.6600036621094,161.1,163.85,164.9,2.0,0.4551064621734619,True,TSLA,158.0,0.019620253164556924,-0.10606911055495248,1420487690716.0,1.9620253164556924,2942.0
MSFT260220C00460000,460.0,-22935.0,多头平仓 Call，减仓，看涨减弱,-3.2764267162519096,CALL,2321.0,25256.0,45181950.0,1.1884459704520708e-05,10M-50M,2026-02-20,469.0899963378906,484.9800109863281,465.3049926757813,470.3475036621094,462.0,19.7,19.1,19.4,53.0,0.2881846084594726,True,MSFT,36.5,-0.4602739726027397,-0.032764267162519095,3801767276203.0,-46.02739726027397,-22935.0
TSLA260320C00440000,440.0,13459.0,空头卖 Call，看跌/看不涨,-10.606911055495248,CALL,16531.0,3072.0,43728291.0,3.0783998542049075e-05,10M-50M,2026-03-20,439.5154113769531,491.6659851074219,445.0299987792969,445.0299987792969,437.6600036621094,32.49,32.25,32.45,36.0,0.4841970526123047,False,TSLA,74.21,-0.5621883843147824,-0.10606911055495248,1420487690716.0,-56.21883843147823,13459.0
MU260320C00310000,310.0,4420.0,多头买 Call，看涨,45.68827098100455,CALL,5304.0,884.0,40177800.0,0.00022827672280622838,10M-50M,2026-03-20,395.6601867675781,271.5799865722656,395.6300048828125,397.239990234375,384.2999877929688,90.9,92.55,95.45,2.0,0.6632724102783205,True,MU,20.7,3.3913043478260874,0.45688270981004553,176004804634.0,339.13043478260875,4420.0
NVDA260320C00150000,150.0,9527.0,多头买 Call，看涨,2.2203993440635448,CALL,43582.0,34055.0,38393810.0,8.86689590364195e-06,10M-50M,2026-03-20,187.3699951171875,183.3000030517578,187.07000732421875,189.1199951171875,186.8500061035156,40.3,40.45,40.95,453.0,0.5969278588867188,True,NVDA,38.5,0.04675324675324668,0.022203993440635447,4330017000000.0,4.675324675324668,9527.0
MU260515P00350000,350.0,10429.0,空头卖 Put，看涨/看不跌,45.68827098100455,PUT,10429.0,0.0,37262817.0,0.00021171477152278658,10M-50M,2026-05-15,395.6601867675781,271.5799865722656,395.6300048828125,397.239990234375,384.2999877929688,35.73,36.7,39.1,3.0,0.7158231542968749,False,MU,119.05,-0.6998740025199496,0.45688270981004553,176004804634.0,-69.98740025199496,10429.0
AMD260320C00230000,230.0,10012.0,多头买 Call，看涨,18.361493917806847,CALL,13604.0,3592.0,36253452.0,0.00014009444499706996,10M-50M,2026-03-20,253.4600067138672,214.14059448242188,256.7449951171875,258.2898864746094,251.88999938964844,36.21,36.4,37.4,14.0,0.6287268572998048,True,AMD,17.7,1.0457627118644068,0.18361493917806845,258778654648.0,104.57627118644068,10012.0
MSFT260417C00510000,510.0,35774.0,空头卖 Call，看跌/看不涨,-3.2764267162519096,CALL,36601.0,827.0,35165842.0,9.249867086846448e-06,10M-50M,2026-04-17,469.0899963378906,484.9800109863281,465.3049926757813,470.3475036621094,462.0,9.83,9.8,9.95,297.0,0.2727886442565917,False,MSFT,18.0,-0.4538888888888889,-0.032764267162519095,3801767276203.0,-45.38888888888889,35774.0
AMZN260220C00210000,210.0,-9680.0,空头平仓 Call，回补信号，看涨,4.598855744709855,CALL,12347.0,22027.0,30801759.999999996,1.3141050472188229e-05,10M-50M,2026-02-20,238.58999633789065,228.1000061035156,239.97999572753903,240.9499969482422,237.5399932861328,31.82,31.6,32.05,145.0,0.5387009020996094,True,AMZN,23.6,0.34830508474576266,0.04598855744709855,2343934380679.0,34.83050847457626,-9680.0
PLTR260220C00150000,150.0,-12625.0,多头平仓 Call，减仓，看涨减弱,-13.635784078336705,CALL,4724.0,17349.0,29731875.0,7.05789720567375e-05,10M-50M,2026-02-20,169.7100067138672,196.5050048828125,168.2100067138672,170.58970642089844,168.02000427246094,23.55,23.85,24.05,114.0,0.6743196630859377,True,PLTR,49.05,-0.5198776758409785,-0.13635784078336705,421256843697.0,-51.98776758409785,-12625.0
PLTR260320C00160000,160.0,-14417.0,多头平仓 Call，减仓，看涨减弱,-13.635784078336705,CALL,18842.0,33259.0,28603327.999999996,6.78999722567681e-05,10M-50M,2026-03-20,169.7100067138672,196.5050048828125,168.2100067138672,170.58970642089844,168.02000427246094,19.84,20.2,20.35,5.0,0.5896037133789063,True,PLTR,44.5,-0.5541573033707865,-0.13635784078336705,421256843697.0,-55.41573033707865,-14417.0
NVDA270115C00160000,160.0,5604.0,多头买 Call，看涨,2.2203993440635448,CALL,90692.0,85088.0,28602815.999999996,6.605705243189576e-06,10M-50M,2027-01-15,187.3699951171875,183.3000030517578,187.07000732421875,189.1199951171875,186.8500061035156,51.04,51.4,51.65,2.0,0.5374802111816408,True,NVDA,46.9,0.08827292110874202,0.022203993440635447,4330017000000.0,8.827292110874202,5604.0
MU260220C00350000,350.0,5642.0,多头买 Call，看涨,45.68827098100455,CALL,6498.0,856.0,28576730.0,0.00016236335172454516,10M-50M,2026-02-20,395.6601867675781,271.5799865722656,395.6300048828125,397.239990234375,384.2999877929688,50.65,51.05,53.85,5.0,0.562626444091797,True,MU,6.49,6.804314329738058,0.45688270981004553,176004804634.0,680.4314329738058,5642.0
AAPL270115C00280000,280.0,15652.0,空头卖 Call，看跌/看不涨,-6.979818081637052,CALL,30572.0,14920.0,28017080.0,7.390173732745599e-06,10M-50M,2027-01-15,253.47999572753903,272.5,251.47999572753903,253.78689575195312,249.8000030517578,17.9,17.8,18.0,61.0,0.2811046011352538,False,AAPL,30.8,-0.4188311688311689,-0.06979818081637051,3791126029400.0,-41.88311688311689,15652.0
AMZN260320C00230000,230.0,13709.0,多头买 Call，看涨,4.598855744709855,CALL,25357.0,11648.0,26938184.999999996,1.1492721478063066e-05,10M-50M,2026-03-20,238.58999633789065,228.1000061035156,239.97999572753903,240.9499969482422,237.5399932861328,19.65,19.2,19.35,11.0,0.409063526611328,True,AMZN,14.75,0.3322033898305084,0.04598855744709855,2343934380679.0,33.22033898305084,13709.0
NVDA260320P00185000,185.0,24976.0,空头卖 Put，看涨/看不跌,2.2203993440635448,PUT,51139.0,26163.0,26749296.000000004,6.177642258679355e-06,10M-50M,2026-03-20,187.3699951171875,183.3000030517578,187.07000732421875,189.1199951171875,186.8500061035156,10.71,10.7,10.8,6.0,0.4176083630371093,False,NVDA,14.75,-0.2738983050847457,0.022203993440635447,4330017000000.0,-27.38983050847457,24976.0
AAPL260130P00260000,260.0,25192.0,多头买 Put，看跌,-6.979818081637052,PUT,25438.0,246.0,26325639.999999996,6.944016051127271e-06,10M-50M,2026-01-30,253.47999572753903,272.5,251.47999572753903,253.78689575195312,249.8000030517578,10.45,10.45,10.6,198.0,0.5622602368164062,True,AAPL,3.35,2.1194029850746268,-0.06979818081637051,3791126029400.0,211.94029850746267,25192.0
NVDA260417C00140000,140.0,5145.0,多头买 Call，看涨,2.2203993440635448,CALL,5945.0,800.0,26270370.0,6.067036226416663e-06,10M-50M,2026-04-17,187.3699951171875,183.3000030517578,187.07000732421875,189.1199951171875,186.8500061035156,51.06,50.65,51.8,6.0,0.6152382226562501,True,NVDA,45.97,0.11072438546878406,0.022203993440635447,4330017000000.0,11.072438546878406,5145.0
ORCL260320C00170000,170.0,11658.0,空头卖 Call，看跌/看不涨,-6.782618117241909,CALL,22014.0,10356.0,26055630.0,3.2346658894098094e-05,10M-50M,2026-03-20,181.69000244140625,194.91000366210935,179.10000610351562,185.27999877929688,178.52999877929688,22.35,22.55,23.6,1.0,0.6163978790283204,True,ORCL,33.55,-0.3338301043219075,-0.06782618117241909,805512250440.0,-33.38301043219075,11658.0
ISRG280121C00520000,520.0,2242.0,空头卖 Call，看跌/看不涨,-8.080475280728155,CALL,2250.0,8.0,25693320.0,0.00016248107328620736,10M-50M,2028-01-21,528.3856201171875,574.8350219726562,522.4099731445312,529.47998046875,518.6500244140625,114.6,110.0,116.2,184.0,0.3841156559753417,True,ISRG,155.0,-0.2606451612903226,-0.08080475280728155,158131156327.0,-26.06451612903226,2242.0
BABA260320C00170000,170.0,21190.0,多头买 Call，看涨,13.443152358392846,CALL,29347.0,8157.0,25491570.0,6.421240707678373e-05,10M-50M,2026-03-20,170.53909301757812,150.3300018310547,169.7899932861328,170.86000061035156,168.67999267578125,12.03,11.6,12.05,33.0,0.4512383978271485,True,BABA,5.5,1.1872727272727273,0.13443152358392846,396988232656.0,118.72727272727272,21190.0
AVGO260320C00280000,280.0,5021.0,空头卖 Call，看跌/看不涨,-5.431308620422091,CALL,15973.0,10952.0,25320903.0,1.602819308438717e-05,10M-50M,2026-03-20,323.2149963378906,341.77801513671875,319.95001220703125,328.010009765625,317.6000061035156,50.43,51.5,54.15,1.0,0.5548750567626954,True,AVGO,69.75,-0.27698924731182795,-0.054313086204220914,1579772770810.0,-27.698924731182796,5021.0
SMCI260320C00030000,30.0,59753.0,空头卖 Call，看跌/看不涨,-1.1657073294401457,CALL,61966.0,2213.0,24857248.0,0.000912875888225313,10M-50M,2026-03-20,31.01420021057129,31.3799991607666,31.450000762939453,31.540000915527344,30.790000915527344,4.16,4.05,4.25,32.0,0.778322529296875,True,SMCI,5.15,-0.19223300970873788,-0.011657073294401457,27229602973.0,-19.223300970873787,59753.0
TSM260515P00330000,330.0,10318.0,空头卖 Put，看涨/看不跌,13.484180233352006,PUT,10339.0,21.0,24711610.0,1.7429614720384064e-05,10M-50M,2026-05-15,333.5299987792969,293.8999938964844,332.7900085449219,334.17999267578125,330.2300109863281,23.95,23.45,26.15,114.0,0.3848022946166991,False,TSM,52.85,-0.5468306527909177,0.13484180233352006,1417794391697.0,-54.68306527909177,10318.0
TSM280121C00300000,300.0,2404.0,多头买 Call，看涨,13.484180233352006,CALL,8646.0,6242.0,24677060.0,1.7405245883687902e-05,10M-50M,2028-01-21,333.5299987792969,293.8999938964844,332.7900085449219,334.17999267578125,330.2300109863281,102.65,98.5,103.0,39.0,0.487508176727295,True,TSM,72.15,0.4227304227304227,0.13484180233352006,1417794391697.0,42.27304227304227,2404.0
ISRG280121C00530000,530.0,2226.0,空头卖 Call，看跌/看不涨,-8.080475280728155,CALL,2231.0,5.0,24396959.999999996,0.00015428306835086586,10M-50M,2028-01-21,528.3856201171875,574.8350219726562,522.4099731445312,529.47998046875,518.6500244140625,109.6,105.0,113.0,176.0,0.3868316932678222,False,ISRG,146.7,-0.25289706884798907,-0.08080475280728155,158131156327.0,-25.289706884798907,2226.0
TSM260220P00330000,330.0,23112.0,空头卖 Put，看涨/看不跌,13.484180233352006,PUT,23426.0,314.0,24267600.0,1.711644519270061e-05,10M-50M,2026-02-20,333.5299987792969,293.8999938964844,332.7900085449219,334.17999267578125,330.2300109863281,10.5,9.5,11.5,1.0,0.3742128009033203,False,TSM,42.14,-0.7508305647840532,0.13484180233352006,1417794391697.0,-75.08305647840533,23112.0
AAPL260220P00275000,275.0,9400.0,多头买 Put，看跌,-6.979818081637052,PUT,13960.0,4560.0,23923000.0,6.310262390244557e-06,10M-50M,2026-02-20,253.47999572753903,272.5,251.47999572753903,253.78689575195312,249.8000030517578,25.45,24.25,24.45,17.0,0.3645693426513672,True,AAPL,9.83,1.5890132248219735,-0.06979818081637051,3791126029400.0,158.90132248219734,9400.0
PLTR260220C00155000,155.0,-12221.0,多头平仓 Call，减仓，看涨减弱,-13.635784078336705,CALL,2730.0,14951.0,23769845.0,5.642601504439197e-05,10M-50M,2026-02-20,169.7100067138672,196.5050048828125,168.2100067138672,170.58970642089844,168.02000427246094,19.45,20.15,20.35,4.0,0.6589389575195312,True,PLTR,44.6,-0.5639013452914798,-0.13635784078336705,421256843697.0,-56.390134529147986,-12221.0
MU260220C00340000,340.0,3322.0,多头买 Call，看涨,45.68827098100455,CALL,4229.0,907.0,22167706.000000004,0.00012594943669917135,10M-50M,2026-02-20,395.6601867675781,271.5799865722656,395.6300048828125,397.239990234375,384.2999877929688,66.73,58.25,61.05,71.0,0.5269822692871093,True,MU,7.57,7.815059445178336,0.45688270981004553,176004804634.0,781.5059445178335,3322.0
MU260320P00330000,330.0,13539.0,空头卖 Put，看涨/看不跌,45.68827098100455,PUT,13575.0,36.0,22082109.0,0.00012546310338470304,10M-50M,2026-03-20,395.6601867675781,271.5799865722656,395.6300048828125,397.239990234375,384.2999877929688,16.31,16.25,17.6,3.0,0.7573266455078126,False,MU,110.92,-0.8529570861882437,0.45688270981004553,176004804634.0,-85.29570861882438,13539.0
MU260717C00300000,300.0,1758.0,多头买 Call，看涨,45.68827098100455,CALL,2092.0,334.0,21684930.0,0.00012320646612513542,10M-50M,2026-07-17,395.6601867675781,271.5799865722656,395.6300048828125,397.239990234375,384.2999877929688,123.35,123.2,126.4,1.0,0.7002898623657227,True,MU,39.9,2.0914786967418544,0.45688270981004553,176004804634.0,209.14786967418544,1758.0
TSM260320P00320000,320.0,17109.0,空头卖 Put，看涨/看不跌,13.484180233352006,PUT,17751.0,642.0,21386250.0,1.5084168850747227e-05,10M-50M,2026-03-20,333.5299987792969,293.8999938964844,332.7900085449219,334.17999267578125,330.2300109863281,12.5,11.55,12.8,5.0,0.3756471127319336,False,TSM,43.8,-0.7146118721461187,0.13484180233352006,1417794391697.0,-71.46118721461187,17109.0
GOOGL270617C00295000,295.0,-2583.0,空头平仓 Call，回补信号，看涨,7.560695230734458,CALL,2042.0,4625.0,20818980.0,6.982357675775984e-06,10M-50M,2027-06-17,330.9750061035156,307.7099914550781,327.8099975585937,331.3500061035156,327.0,80.6,81.15,81.8,95.0,0.4265651826477051,True,GOOGL,68.0,0.18529411764705875,0.07560695230734459,2981654760000.0,18.529411764705873,-2583.0
NVDA260320P00190000,190.0,15976.0,空头卖 Put，看涨/看不跌,2.2203993440635448,PUT,30839.0,14863.0,20768800.0,4.796470775980787e-06,10M-50M,2026-03-20,187.3699951171875,183.3000030517578,187.07000732421875,189.1199951171875,186.8500061035156,13.0,13.15,13.25,1.0,0.4098569757080078,True,NVDA,17.2,-0.24418604651162787,0.022203993440635447,4330017000000.0,-24.418604651162788,15976.0
AAPL260717C00280000,280.0,24671.0,空头卖 Call，看跌/看不涨,-6.979818081637052,CALL,25024.0,353.0,20723640.000000004,5.4663548083838875e-06,10M-50M,2026-07-17,253.47999572753903,272.5,251.47999572753903,253.78689575195312,249.8000030517578,8.4,8.45,8.6,14.0,0.25977302734375,False,AAPL,19.64,-0.5723014256619144,-0.06979818081637051,3791126029400.0,-57.23014256619145,24671.0
AAPL261218C00250000,250.0,6740.0,空头卖 Call，看跌/看不涨,-6.979818081637052,CALL,16500.0,9760.0,20557000.0,5.422399530002815e-06,10M-50M,2026-12-18,253.47999572753903,272.5,251.47999572753903,253.78689575195312,249.8000030517578,30.5,30.3,30.55,6.0,0.3038704867553711,True,AAPL,46.88,-0.34940273037542663,-0.06979818081637051,3791126029400.0,-34.94027303754266,6740.0
GOOGL260320C00310000,310.0,6896.0,多头买 Call，看涨,7.560695230734458,CALL,11638.0,4742.0,20412160.0,6.845916661391073e-06,10M-50M,2026-03-20,330.9750061035156,307.7099914550781,327.8099975585937,331.3500061035156,327.0,29.6,30.3,31.05,69.0,0.3810486700439452,True,GOOGL,20.8,0.4230769230769231,0.07560695230734459,2981654760000.0,42.30769230769231,6896.0
NVDA280121P00140000,140.0,10144.0,空头卖 Put，看涨/看不跌,2.2203993440635448,PUT,19864.0,9720.0,20186559.999999996,4.662004791205207e-06,10M-50M,2028-01-21,187.3699951171875,183.3000030517578,187.07000732421875,189.1199951171875,186.8500061035156,19.9,19.6,19.85,4547.0,0.4337062245178223,False,NVDA,20.95,-0.05011933174224347,0.022203993440635447,4330017000000.0,-5.011933174224347,10144.0
SNOW280121C00230000,230.0,3603.0,空头卖 Call，看跌/看不涨,-6.326010990787367,CALL,3660.0,57.0,19924590.0,0.00026179352528784346,10M-50M,2028-01-21,210.2700042724609,224.47000122070312,211.7899932861328,212.1625061035156,208.6000061035156,55.3,53.4,57.8,117.0,0.5377548666381836,False,SNOW,62.6,-0.11661341853035151,-0.06326010990787367,76108032000.0,-11.66134185303515,3603.0
BABA260320C00155000,155.0,8277.0,多头买 Call，看涨,13.443152358392846,CALL,9563.0,1286.0,19359903.0,4.87669442252104e-05,10M-50M,2026-03-20,170.53909301757812,150.3300018310547,169.7899932861328,170.86000061035156,168.67999267578125,23.39,19.25,20.85,177.0,0.4588066815185547,True,BABA,9.83,1.3794506612410986,0.13443152358392846,396988232656.0,137.94506612410987,8277.0
AAPL260618P00260000,260.0,8945.0,多头买 Put，看跌,-6.979818081637052,PUT,12230.0,3285.0,19321200.0,5.096427776382274e-06,10M-50M,2026-06-18,253.47999572753903,272.5,251.47999572753903,253.78689575195312,249.8000030517578,21.6,19.5,19.7,44.0,0.2525099163818359,True,AAPL,12.65,0.7075098814229249,-0.06979818081637051,3791126029400.0,70.7509881422925,8945.0
GOOGL261218P00350000,350.0,-3841.0,多头平仓 Put，减仓，看跌减弱,7.560695230734458,PUT,3007.0,6848.0,19251092.0,6.456512758707182e-06,10M-50M,2026-12-18,330.9750061035156,307.7099914550781,327.8099975585937,331.3500061035156,327.0,50.12,50.4,50.75,1.0,0.316840327758789,True,GOOGL,65.3,-0.2324655436447167,0.07560695230734459,2981654760000.0,-23.24655436447167,-3841.0
TSLA271217P00400000,400.0,-2204.0,空头平仓 Put，回补，看跌信号减弱,-10.606911055495248,PUT,6363.0,8567.0,19108680.0,1.3452196822887094e-05,10M-50M,2027-12-17,439.5154113769531,491.6659851074219,445.0299987792969,445.0299987792969,437.6600036621094,86.7,88.55,89.4,5.0,0.4778342012023925,False,TSLA,86.0,0.008139534883720963,-0.10606911055495248,1420487690716.0,0.8139534883720964,-2204.0
BE260618C00110000,110.0,3515.0,多头买 Call，看涨,60.22885182947528,CALL,3741.0,226.0,19033725.0,0.001156732235271639,10M-50M,2026-06-18,146.67349243164062,91.54000091552734,142.0,146.7445068359375,138.65049743652344,54.15,49.15,52.1,1.0,0.9135140484619142,True,BE,20.3,1.6674876847290636,0.6022885182947528,16454737250.0,166.74876847290636,3515.0
TSLA260417C00510000,510.0,10329.0,空头卖 Call，看跌/看不涨,-10.606911055495248,CALL,10732.0,403.0,18726477.0,1.3183132189312304e-05,10M-50M,2026-04-17,439.5154113769531,491.6659851074219,445.0299987792969,445.0299987792969,437.6600036621094,18.13,17.6,17.75,7.0,0.4956868058776856,False,TSLA,55.15,-0.671260199456029,-0.10606911055495248,1420487690716.0,-67.1260199456029,10329.0
GOOGL270617C00330000,330.0,2940.0,多头买 Call，看涨,7.560695230734458,CALL,3064.0,124.0,18713100.0,6.27607872348038e-06,10M-50M,2027-06-17,330.9750061035156,307.7099914550781,327.8099975585937,331.3500061035156,327.0,63.65,63.35,63.9,4.0,0.4113828393554687,True,GOOGL,49.84,0.27708667736757614,0.07560695230734459,2981654760000.0,27.708667736757615,2940.0
PLTR260320C00180000,180.0,18165.0,空头卖 Call，看跌/看不涨,-13.635784078336705,CALL,22688.0,4523.0,18655455.0,4.4285227122430855e-05,10M-50M,2026-03-20,169.7100067138672,196.5050048828125,168.2100067138672,170.58970642089844,168.02000427246094,10.27,10.25,10.4,3.0,0.555790574951172,False,PLTR,31.7,-0.6760252365930599,-0.13635784078336705,421256843697.0,-67.60252365930599,18165.0
NVDA270115C00230000,230.0,8486.0,多头买 Call，看涨,2.2203993440635448,CALL,25216.0,16730.0,18321274.0,4.231224496347243e-06,10M-50M,2027-01-15,187.3699951171875,183.3000030517578,187.07000732421875,189.1199951171875,186.8500061035156,21.59,21.55,21.7,123.0,0.48633326171875,False,NVDA,20.1,0.07412935323383077,0.022203993440635447,4330017000000.0,7.412935323383077,8486.0
NVDA260618P00140000,140.0,42427.0,空头卖 Put，看涨/看不跌,2.2203993440635448,PUT,76694.0,34267.0,18243610.0,4.21328830810595e-06,10M-50M,2026-06-18,187.3699951171875,183.3000030517578,187.07000732421875,189.1199951171875,186.8500061035156,4.3,4.1,4.15,1249.0,0.4735770416259766,False,NVDA,5.15,-0.16504854368932048,0.022203993440635447,4330017000000.0,-16.504854368932047,42427.0
NFLX260320P00110000,110.0,-7424.0,空头平仓 Put，回补，看跌信号减弱,-7.842510323096162,PUT,1426.0,8850.0,18188800.0,3.535787302097495e-05,10M-50M,2026-03-20,85.95989990234375,93.2750015258789,86.91000366210938,86.94000244140625,85.3499984741211,24.5,23.2,23.9,302.0,1.0000000000000004e-05,True,NFLX,16.7,0.4670658682634731,-0.07842510323096162,514420083731.0,46.70658682634731,-7424.0
GOOGL260220P00330000,330.0,13723.0,空头卖 Put，看涨/看不跌,7.560695230734458,PUT,14400.0,677.0,18128083.0,6.079873244614007e-06,10M-50M,2026-02-20,330.9750061035156,307.7099914550781,327.8099975585937,331.3500061035156,327.0,13.21,13.25,13.45,6.0,0.3961852374267578,False,GOOGL,30.4,-0.5654605263157895,0.07560695230734459,2981654760000.0,-56.546052631578945,13723.0
UNH270115C00420000,420.0,-6510.0,空头平仓 Call，回补信号，看涨,6.628631560995219,CALL,1498.0,8008.0,18000150.0,5.7762366028821944e-05,10M-50M,2027-01-15,349.54998779296875,327.82000732421875,353.95001220703125,354.7900085449219,348.0,27.65,25.05,29.5,3.0,0.386801175994873,False,UNH,21.05,0.31353919239904976,0.06628631560995218,311624180890.0,31.353919239904975,-6510.0
TSLA260618P00440000,440.0,3732.0,多头买 Put，看跌,-10.606911055495248,PUT,6184.0,2452.0,17932259.999999996,1.2624016467866187e-05,10M-50M,2026-06-18,439.5154113769531,491.6659851074219,445.0299987792969,445.0299987792969,437.6600036621094,48.05,50.7,51.0,538.0,0.4627128924560547,True,TSLA,47.75,0.006282722513088946,-0.10606911055495248,1420487690716.0,0.6282722513088945,3732.0
NVDA260417C00150000,150.0,4279.0,多头买 Call，看涨,2.2203993440635448,CALL,6872.0,2593.0,17916173.0,4.137668050725898e-06,10M-50M,2026-04-17,187.3699951171875,183.3000030517578,187.07000732421875,189.1199951171875,186.8500061035156,41.87,42.15,42.8,315.0,0.5684247259521484,True,NVDA,40.0,0.04674999999999994,0.022203993440635447,4330017000000.0,4.674999999999994,4279.0
PLTR260220C00160000,160.0,-10783.0,多头平仓 Call，减仓，看涨减弱,-13.635784078336705,CALL,17293.0,28076.0,17511592.0,4.156986945616406e-05,10M-50M,2026-02-20,169.7100067138672,196.5050048828125,168.2100067138672,170.58970642089844,168.02000427246094,16.24,16.55,16.75,3.0,0.6324499645996093,True,PLTR,40.85,-0.6024479804161568,-0.13635784078336705,421256843697.0,-60.244798041615674,-10783.0
NFLX260821P00073000,73.0,48125.0,多头买 Put，看跌,-7.842510323096162,PUT,48157.0,32.0,17084375.0,3.321094090279287e-05,10M-50M,2026-08-21,85.95989990234375,93.2750015258789,86.91000366210938,86.94000244140625,85.3499984741211,3.55,3.35,3.65,532.0,0.362311064453125,False,NFLX,3.0,0.18333333333333326,-0.07842510323096162,514420083731.0,18.333333333333325,48125.0
AMZN260618C00230000,230.0,6004.0,多头买 Call，看涨,4.598855744709855,CALL,16458.0,10454.0,16661100.0,7.108176806201182e-06,10M-50M,2026-06-18,238.58999633789065,228.1000061035156,239.97999572753903,240.9499969482422,237.5399932861328,27.75,27.7,28.2,394.0,0.404577487487793,True,AMZN,23.3,0.1909871244635193,0.04598855744709855,2343934380679.0,19.09871244635193,6004.0
PLTR260220P00170000,170.0,14190.0,多头买 Put，看跌,-13.635784078336705,PUT,20978.0,6788.0,16318500.0,3.873764959350431e-05,10M-50M,2026-02-20,169.7100067138672,196.5050048828125,168.2100067138672,170.58970642089844,168.02000427246094,11.5,10.8,10.9,14.0,0.5941202697753907,True,PLTR,7.5,0.5333333333333333,-0.13635784078336705,421256843697.0,53.333333333333336,14190.0
GOOGL260618C00320000,320.0,-4429.0,空头平仓 Call，回补信号，看涨,7.560695230734458,CALL,3963.0,8392.0,15970974.000000002,5.356412893355903e-06,10M-50M,2026-06-18,330.9750061035156,307.7099914550781,327.8099975585937,331.3500061035156,327.0,36.06,36.55,37.4,24.0,0.3884338500976562,True,GOOGL,28.15,0.2809946714031973,0.07560695230734459,2981654760000.0,28.099467140319728,-4429.0
TSLA260130C00460000,460.0,26111.0,空头卖 Call，看跌/看不涨,-10.606911055495248,CALL,26450.0,339.0,15927709.999999998,1.1212846196485941e-05,10M-50M,2026-01-30,439.5154113769531,491.6659851074219,445.0299987792969,445.0299987792969,437.6600036621094,6.1,6.05,6.15,1102.0,0.6673006903076173,False,TSLA,46.3,-0.8682505399568035,-0.10606911055495248,1420487690716.0,-86.82505399568035,26111.0
MU260320C00320000,320.0,1865.0,多头买 Call，看涨,45.68827098100455,CALL,2800.0,935.0,15912179.999999998,9.040764559290978e-05,10M-50M,2026-03-20,395.6601867675781,271.5799865722656,395.6300048828125,397.239990234375,384.2999877929688,85.32,83.75,87.45,5.0,0.6472203247070312,True,MU,18.53,3.604425256341068,0.45688270981004553,176004804634.0,360.4425256341068,1865.0
TSM270115C00370000,370.0,3538.0,多头买 Call，看涨,13.484180233352006,CALL,3718.0,180.0,15733485.999999998,1.1097156324033786e-05,10M-50M,2027-01-15,333.5299987792969,293.8999938964844,332.7900085449219,334.17999267578125,330.2300109863281,44.47,42.3,45.7,20.0,0.4536187451171874,False,TSM,25.49,0.7446057277363672,0.13484180233352006,1417794391697.0,74.46057277363673,3538.0
AMZN270115C00250000,250.0,5017.0,多头买 Call，看涨,4.598855744709855,CALL,18255.0,13238.0,15728295.000000002,6.710211313784206e-06,10M-50M,2027-01-15,238.58999633789065,228.1000061035156,239.97999572753903,240.9499969482422,237.5399932861328,31.35,31.15,31.4,15.0,0.3857178128051757,False,AMZN,27.0,0.16111111111111118,0.04598855744709855,2343934380679.0,16.111111111111118,5017.0
BABA260320C00150000,150.0,5744.0,多头买 Call，看涨,13.443152358392846,CALL,11390.0,5646.0,15681120.000000002,3.9500213633757946e-05,10M-50M,2026-03-20,170.53909301757812,150.3300018310547,169.7899932861328,170.86000061035156,168.67999267578125,27.3,22.9,23.6,48.0,0.4157773266601562,True,BABA,12.05,1.2655601659751037,0.13443152358392846,396988232656.0,126.55601659751036,5744.0
AAPL260618P00240000,240.0,12642.0,多头买 Put，看跌,-6.979818081637052,PUT,16362.0,3720.0,15423240.0,4.068247766070955e-06,10M-50M,2026-06-18,253.47999572753903,272.5,251.47999572753903,253.78689575195312,249.8000030517578,12.2,11.0,11.15,2793.0,0.276099768371582,False,AAPL,6.43,0.8973561430793157,-0.06979818081637051,3791126029400.0,89.73561430793157,12642.0
NVDA260320P00180000,180.0,18041.0,空头卖 Put，看涨/看不跌,2.2203993440635448,PUT,67230.0,49189.0,15370931.999999998,3.5498548850962935e-06,10M-50M,2026-03-20,187.3699951171875,183.3000030517578,187.07000732421875,189.1199951171875,186.8500061035156,8.52,8.55,8.65,16.0,0.4245052667236328,False,NVDA,12.24,-0.303921568627451,0.022203993440635447,4330017000000.0,-30.3921568627451,18041.0
MU270115C00350000,350.0,1206.0,多头买 Call，看涨,45.68827098100455,CALL,1949.0,743.0,15316200.0,8.702148803181745e-05,10M-50M,2027-01-15,395.6601867675781,271.5799865722656,395.6300048828125,397.239990234375,384.2999877929688,127.0,127.1,130.0,1.0,0.7235287657165526,True,MU,46.0,1.7608695652173914,0.45688270981004553,176004804634.0,176.08695652173913,1206.0
TSLA260618P00400000,400.0,4860.0,多头买 Put，看跌,-10.606911055495248,PUT,12561.0,7701.0,15284700.0,1.0760177719171726e-05,10M-50M,2026-06-18,439.5154113769531,491.6659851074219,445.0299987792969,445.0299987792969,437.6600036621094,31.45,31.75,31.95,1.0,0.4702201416015625,False,TSLA,29.35,0.07155025553662685,-0.10606911055495248,1420487690716.0,7.155025553662685,4860.0
AAPL270115C00300000,300.0,13034.0,空头卖 Call，看跌/看不涨,-6.979818081637052,CALL,35237.0,22203.0,15249779.999999998,4.022493549868479e-06,10M-50M,2027-01-15,253.47999572753903,272.5,251.47999572753903,253.78689575195312,249.8000030517578,11.7,11.55,11.7,66.0,0.2702709692382812,False,AAPL,22.0,-0.4681818181818182,-0.06979818081637051,3791126029400.0,-46.81818181818182,13034.0
BIDU260417C00125000,125.0,3775.0,多头买 Call，看涨,26.581349105815445,CALL,4952.0,1177.0,15213250.0,0.0003369425699853224,10M-50M,2026-04-17,156.2899932861328,123.47000122070312,158.00999450683594,159.10000610351562,155.5,40.3,35.9,38.45,1.0,0.6513706738281251,True,BIDU,12.8,2.1484374999999996,0.26581349105815444,45150869481.0,214.84374999999994,3775.0
AMD260220C00240000,240.0,6187.0,多头买 Call，看涨,18.361493917806847,CALL,9534.0,3347.0,14972540.0,5.785848149016072e-05,10M-50M,2026-02-20,253.4600067138672,214.14059448242188,256.7449951171875,258.2898864746094,251.88999938964844,24.2,24.2,24.4,20.0,0.6347692773437501,True,AMD,9.65,1.5077720207253884,0.18361493917806845,258778654648.0,150.77720207253884,6187.0
CRWV260220C00100000,100.0,9632.0,多头买 Call，看涨,20.656198460159665,CALL,15595.0,5963.0,14746592.000000002,0.0002508145568323277,10M-50M,2026-02-20,104.44000244140624,86.55999755859375,101.81999969482422,108.6500015258789,101.5500030517578,15.31,15.15,15.5,772.0,1.1970254992675784,True,CRWV,7.7,0.9883116883116884,0.20656198460159664,58794801172.0,98.83116883116884,9632.0
APP260220P00700000,700.0,816.0,多头买 Put，看跌,-24.46103978965113,PUT,922.0,106.0,14280000.0,6.302407314061346e-05,10M-50M,2026-02-20,549.1900024414062,727.02880859375,532.7899780273438,558.3699951171875,530.5900268554688,175.0,152.4,164.2,101.0,0.7725852819824219,True,APP,65.0,1.6923076923076923,-0.24461039789651132,226580087392.0,169.23076923076923,816.0
MU260220C00280000,280.0,1156.0,多头买 Call，看涨,45.68827098100455,CALL,3003.0,1847.0,14247700.0,8.095063103321486e-05,10M-50M,2026-02-20,395.6601867675781,271.5799865722656,395.6300048828125,397.239990234375,384.2999877929688,123.25,111.45,115.25,50.0,1.0000000000000004e-05,True,MU,23.35,4.278372591006424,0.45688270981004553,176004804634.0,427.8372591006424,1156.0
MSFT260130C00460000,460.0,9474.0,空头卖 Call，看跌/看不涨,-3.2764267162519096,CALL,9497.0,23.0,14021520.000000002,3.688158422470283e-06,10M-50M,2026-01-30,469.0899963378906,484.9800109863281,465.3049926757813,470.3475036621094,462.0,14.8,14.65,14.9,87.0,0.4388483850097656,True,MSFT,33.5,-0.5582089552238806,-0.032764267162519095,3801767276203.0,-55.82089552238806,9474.0
SHOP260220C00140000,140.0,-16851.0,多头平仓 Call，减仓，看涨减弱,-20.014993006752757,CALL,23369.0,40220.0,13986330.000000002,7.674828374500689e-05,10M-50M,2026-02-20,136.4149932861328,170.5507049560547,136.72999572753906,138.09950256347656,136.02999877929688,8.3,7.95,9.05,6.0,0.6927520959472657,False,SHOP,36.95,-0.7753721244925575,-0.20014993006752757,182236387806.0,-77.53721244925575,-16851.0
NVDA261218C00160000,160.0,2783.0,多头买 Call，看涨,2.2203993440635448,CALL,17566.0,14783.0,13889953.0,3.207828745245111e-06,10M-50M,2026-12-18,187.3699951171875,183.3000030517578,187.07000732421875,189.1199951171875,186.8500061035156,49.91,49.85,50.05,1.0,0.5340317593383789,True,NVDA,45.6,0.09451754385964901,0.022203993440635447,4330017000000.0,9.451754385964902,2783.0
MSFT270617C00515000,515.0,2705.0,空头卖 Call，看跌/看不涨,-3.2764267162519096,CALL,2897.0,192.0,13849600.0,3.6429373482935107e-06,10M-50M,2027-06-17,469.0899963378906,484.9800109863281,465.3049926757813,470.3475036621094,462.0,51.2,48.55,49.2,1427.0,0.3025048387908935,False,MSFT,61.3,-0.16476345840130496,-0.032764267162519095,3801767276203.0,-16.476345840130495,2705.0
MU260320C00340000,340.0,1899.0,多头买 Call，看涨,45.68827098100455,CALL,2353.0,454.0,13792437.0,7.836398005543779e-05,10M-50M,2026-03-20,395.6601867675781,271.5799865722656,395.6300048828125,397.239990234375,384.2999877929688,72.63,70.3,72.5,13.0,0.6550327465820314,True,MU,12.35,4.880971659919028,0.45688270981004553,176004804634.0,488.0971659919028,1899.0
TSM260220P00320000,320.0,19723.0,空头卖 Put，看涨/看不跌,13.484180233352006,PUT,20087.0,364.0,13746931.0,9.695997586466605e-06,10M-50M,2026-02-20,333.5299987792969,293.8999938964844,332.7900085449219,334.17999267578125,330.2300109863281,6.97,6.6,7.1,12.0,0.3668276208496094,False,TSM,38.92,-0.8209146968139774,0.13484180233352006,1417794391697.0,-82.09146968139774,19723.0
NVDA260220P00180000,180.0,33470.0,空头卖 Put，看涨/看不跌,2.2203993440635448,PUT,67712.0,34242.0,13722700.0,3.1692023380046776e-06,10M-50M,2026-02-20,187.3699951171875,183.3000030517578,187.07000732421875,189.1199951171875,186.8500061035156,4.1,4.1,4.15,103.0,0.3695131408691406,False,NVDA,8.83,-0.535673839184598,0.022203993440635447,4330017000000.0,-53.5673839184598,33470.0
GOOGL270115C00350000,350.0,3272.0,多头买 Call，看涨,7.560695230734458,CALL,12957.0,9685.0,13706408.000000002,4.596913158383234e-06,10M-50M,2027-01-15,330.9750061035156,307.7099914550781,327.8099975585937,331.3500061035156,327.0,41.89,43.05,43.4,44.0,0.3931640274047852,False,GOOGL,33.45,0.2523168908819132,0.07560695230734459,2981654760000.0,25.231689088191324,3272.0
NVDA280121C00190000,190.0,2499.0,多头买 Call，看涨,2.2203993440635448,CALL,7240.0,4741.0,13534584.0,3.1257577048773712e-06,10M-50M,2028-01-21,187.3699951171875,183.3000030517578,187.07000732421875,189.1199951171875,186.8500061035156,54.16,54.1,54.45,4.0,0.5361679684448243,False,NVDA,48.78,0.11029110291102902,0.022203993440635447,4330017000000.0,11.029110291102901,2499.0
MU270115P00350000,350.0,1821.0,空头卖 Put，看涨/看不跌,45.68827098100455,PUT,1887.0,66.0,13479041.999999998,7.658337525517847e-05,10M-50M,2027-01-15,395.6601867675781,271.5799865722656,395.6300048828125,397.239990234375,384.2999877929688,74.02,76.2,78.15,222.0,0.6850159672546388,False,MU,119.4,-0.3800670016750419,0.45688270981004553,176004804634.0,-38.00670016750419,1821.0
NVDA260220P00185000,185.0,22742.0,空头卖 Put，看涨/看不跌,2.2203993440635448,PUT,43107.0,20365.0,13372296.0,3.088277944405299e-06,10M-50M,2026-02-20,187.3699951171875,183.3000030517578,187.07000732421875,189.1199951171875,186.8500061035156,5.88,5.75,5.85,98.0,0.3502872589111327,False,NVDA,10.65,-0.447887323943662,0.022203993440635447,4330017000000.0,-44.7887323943662,22742.0
AAPL270115C00220000,220.0,2623.0,空头卖 Call，看跌/看不涨,-6.979818081637052,CALL,7164.0,4541.0,13277625.999999998,3.502290848954281e-06,10M-50M,2027-01-15,253.47999572753903,272.5,251.47999572753903,253.78689575195312,249.8000030517578,50.62,50.7,51.2,2.0,0.3425206129455566,True,AAPL,68.39,-0.25983330896329876,-0.06979818081637051,3791126029400.0,-25.983330896329875,2623.0
AVGO260220P00350000,350.0,3766.0,多头买 Put，看跌,-5.431308620422091,PUT,6307.0,2541.0,13181000.0,8.343605006713517e-06,10M-50M,2026-02-20,323.2149963378906,341.77801513671875,319.95001220703125,328.010009765625,317.6000061035156,35.0,31.95,32.4,197.0,0.4346980358886719,True,AVGO,24.84,0.40901771336553944,-0.054313086204220914,1579772770810.0,40.90177133655394,3766.0
BMNR270115C00028000,28.0,-12460.0,多头平仓 Call，减仓，看涨减弱,-12.173244486980748,CALL,20097.0,32557.0,13157760.0,0.06054555967823723,10M-50M,2027-01-15,28.38999938964844,32.32500076293945,27.75,28.739999771118164,27.600000381469727,10.56,10.5,11.0,545.0,0.9958496508789064,True,BMNR,15.0,-0.296,-0.12173244486980749,217319983.0,-29.599999999999998,-12460.0
FCX260320C00065000,65.0,38383.0,多头买 Call，看涨,25.029756455554462,CALL,38919.0,536.0,13126985.999999998,0.000255742467343295,10M-50M,2026-03-20,63.040000915527344,50.41999816894531,63.415000915527344,63.57500076293945,62.08000183105469,3.42,3.35,3.55,494.0,0.4559380578613281,False,FCX,0.35,8.771428571428572,0.25029756455554464,51328925291.0,877.1428571428572,38383.0
MU260320C00300000,300.0,-1321.0,空头平仓 Call，回补信号，看涨,45.68827098100455,CALL,7624.0,8945.0,13077900.0,7.430422156483367e-05,10M-50M,2026-03-20,395.6601867675781,271.5799865722656,395.6300048828125,397.239990234375,384.2999877929688,99.0,99.2,102.9,3.0,0.6240882318115235,True,MU,24.55,3.0325865580448066,0.45688270981004553,176004804634.0,303.25865580448067,-1321.0
TSLA260515P00400000,400.0,5001.0,多头买 Put，看跌,-10.606911055495248,PUT,8560.0,3559.0,12982596.0,9.139534319692763e-06,10M-50M,2026-05-15,439.5154113769531,491.6659851074219,445.0299987792969,445.0299987792969,437.6600036621094,25.96,26.3,26.5,40.0,0.4745535943603516,False,TSLA,25.05,0.03632734530938124,-0.10606911055495248,1420487690716.0,3.632734530938124,5001.0
TSM270115C00350000,350.0,2468.0,多头买 Call，看涨,13.484180233352006,CALL,3419.0,951.0,12858280.0,9.06921347361908e-06,10M-50M,2027-01-15,333.5299987792969,293.8999938964844,332.7900085449219,334.17999267578125,330.2300109863281,52.1,49.55,52.7,61.0,0.4540765042114257,False,TSM,29.5,0.7661016949152543,0.13484180233352006,1417794391697.0,76.61016949152543,2468.0
BMNR270115C00025000,25.0,10893.0,空头卖 Call，看跌/看不涨,-12.173244486980748,CALL,31138.0,20245.0,12853740.0,0.05914660871292264,10M-50M,2027-01-15,28.38999938964844,32.32500076293945,27.75,28.739999771118164,27.600000381469727,11.8,11.6,12.4,17.0,1.0222216857910156,True,BMNR,16.03,-0.2638802245789145,-0.12173244486980749,217319983.0,-26.388022457891452,10893.0
BABA260320C00160000,160.0,7625.0,多头买 Call，看涨,13.443152358392846,CALL,16202.0,8577.0,12810000.0,3.226795896265313e-05,10M-50M,2026-03-20,170.53909301757812,150.3300018310547,169.7899932861328,170.86000061035156,168.67999267578125,16.8,16.8,17.2,5.0,0.4400690759277343,True,BABA,8.44,0.9905213270142182,0.13443152358392846,396988232656.0,99.05213270142183,7625.0
TSLA270115C00500000,500.0,1694.0,空头卖 Call，看跌/看不涨,-10.606911055495248,CALL,16331.0,14637.0,12705000.0,8.944111295745207e-06,10M-50M,2027-01-15,439.5154113769531,491.6659851074219,445.0299987792969,445.0299987792969,437.6600036621094,75.0,74.75,75.3,10.0,0.561924546813965,False,TSLA,116.79,-0.3578217313126124,-0.10606911055495248,1420487690716.0,-35.78217313126124,1694.0
TSLA280616C00500000,500.0,862.0,空头卖 Call，看跌/看不涨,-10.606911055495248,CALL,2072.0,1210.0,12606750.0,8.874944909691924e-06,10M-50M,2028-06-16,439.5154113769531,491.6659851074219,445.0299987792969,445.0299987792969,437.6600036621094,146.25,138.75,141.85,18.0,0.6044274787139895,False,TSLA,179.69,-0.18609828037175133,-0.10606911055495248,1420487690716.0,-18.609828037175134,862.0
CRWD260821C00470000,470.0,2254.0,空头卖 Call，看跌/看不涨,-4.489924629597456,CALL,2283.0,29.0,12514208.0,0.00010358172646011094,10M-50M,2026-08-21,460.8599853515625,482.5249938964844,454.05999755859375,463.0,452.6600036621094,55.52,54.25,58.75,293.0,0.45313046875,False,CRWD,74.61,-0.2558638252245007,-0.04489924629597456,120814823499.0,-25.58638252245007,2254.0
TSLA280121P00510000,510.0,792.0,多头买 Put，看跌,-10.606911055495248,PUT,1170.0,378.0,12509640.0,8.80658106491193e-06,10M-50M,2028-01-21,439.5154113769531,491.6659851074219,445.0299987792969,445.0299987792969,437.6600036621094,157.95,156.95,158.05,2.0,0.4563118944549561,True,TSLA,152.05,0.038803025320618065,-0.10606911055495248,1420487690716.0,3.8803025320618065,792.0
NVDA260515C00185000,185.0,6144.0,多头买 Call，看涨,2.2203993440635448,CALL,10237.0,4093.0,12503040.0,2.887526769525385e-06,10M-50M,2026-05-15,187.3699951171875,183.3000030517578,187.07000732421875,189.1199951171875,186.8500061035156,20.35,20.2,20.3,13.0,0.470433762512207,True,NVDA,18.43,0.10417797069994583,0.022203993440635447,4330017000000.0,10.417797069994583,6144.0
SHOP260320P00145000,145.0,7937.0,多头买 Put，看跌,-20.014993006752757,PUT,8649.0,712.0,12500775.0,6.859648147387401e-05,10M-50M,2026-03-20,136.4149932861328,170.5507049560547,136.72999572753906,138.09950256347656,136.02999877929688,15.75,15.0,16.5,1.0,0.5076953527832031,True,SHOP,6.82,1.3093841642228738,-0.20014993006752757,182236387806.0,130.9384164222874,7937.0
TSLA261218C00500000,500.0,1757.0,空头卖 Call，看跌/看不涨,-10.606911055495248,CALL,8192.0,6435.0,12494027.0,8.795589769385722e-06,10M-50M,2026-12-18,439.5154113769531,491.6659851074219,445.0299987792969,445.0299987792969,437.6600036621094,71.11,70.85,71.3,18.0,0.5616804086303712,False,TSLA,115.38,-0.3836886808805685,-0.10606911055495248,1420487690716.0,-38.36886808805685,1757.0
PLTR260220C00180000,180.0,19081.0,空头卖 Call，看跌/看不涨,-13.635784078336705,CALL,24389.0,5308.0,12402650.0,2.9442014261781182e-05,10M-50M,2026-02-20,169.7100067138672,196.5050048828125,168.2100067138672,170.58970642089844,168.02000427246094,6.5,6.85,6.95,13.0,0.6068154553222658,False,PLTR,28.0,-0.7678571428571429,-0.13635784078336705,421256843697.0,-76.78571428571429,19081.0
TSLA261218P00480000,480.0,1258.0,多头买 Put，看跌,-10.606911055495248,PUT,4226.0,2968.0,12271790.0,8.639138572059273e-06,10M-50M,2026-12-18,439.5154113769531,491.6659851074219,445.0299987792969,445.0299987792969,437.6600036621094,97.55,101.3,101.85,3.0,0.4650322052001954,True,TSLA,90.9,0.07315731573157305,-0.10606911055495248,1420487690716.0,7.315731573157305,1258.0
AVGO260618P00300000,300.0,4259.0,多头买 Put，看跌,-5.431308620422091,PUT,9392.0,5133.0,12210553.000000002,7.72930969922925e-06,10M-50M,2026-06-18,323.2149963378906,341.77801513671875,319.95001220703125,328.010009765625,317.6000061035156,28.67,27.6,28.05,75.0,0.4958851681518554,False,AVGO,24.76,0.15791599353796446,-0.054313086204220914,1579772770810.0,15.791599353796446,4259.0
TSLA260320P00440000,440.0,4189.0,多头买 Put，看跌,-10.606911055495248,PUT,5929.0,1740.0,12189990.0,8.58155271578285e-06,10M-50M,2026-03-20,439.5154113769531,491.6659851074219,445.0299987792969,445.0299987792969,437.6600036621094,29.1,29.5,29.7,5.0,0.4379023495483398,True,TSLA,27.94,0.04151753758052971,-0.10606911055495248,1420487690716.0,4.151753758052971,4189.0
AMZN260515C00250000,250.0,7706.0,多头买 Call，看涨,4.598855744709855,CALL,19493.0,11787.0,12175480.0,5.194462823004866e-06,10M-50M,2026-05-15,238.58999633789065,228.1000061035156,239.97999572753903,240.9499969482422,237.5399932861328,15.8,15.3,15.45,1.0,0.3872741937255859,False,AMZN,12.0,0.3166666666666667,0.04598855744709855,2343934380679.0,31.66666666666667,7706.0
NVDA260918C00175000,175.0,3414.0,多头买 Call，看涨,2.2203993440635448,CALL,6582.0,3168.0,12085560.0,2.7911114436733158e-06,10M-50M,2026-09-18,187.3699951171875,183.3000030517578,187.07000732421875,189.1199951171875,186.8500061035156,35.4,35.65,35.75,2.0,0.5047351773071288,True,NVDA,32.2,0.0993788819875775,0.022203993440635447,4330017000000.0,9.937888198757749,3414.0
TSLA260515C00470000,470.0,3074.0,空头卖 Call，看跌/看不涨,-10.606911055495248,CALL,7362.0,4288.0,11896380.0,8.37485609889629e-06,10M-50M,2026-05-15,439.5154113769531,491.6659851074219,445.0299987792969,445.0299987792969,437.6600036621094,38.7,38.05,38.3,3.0,0.523518558807373,False,TSLA,76.15,-0.4917925147734734,-0.10606911055495248,1420487690716.0,-49.17925147734734,3074.0
NFLX260320C00085000,85.0,23025.0,空头卖 Call，看跌/看不涨,-7.842510323096162,CALL,23395.0,370.0,11857875.000000002,2.305095655285634e-05,10M-50M,2026-03-20,85.95989990234375,93.2750015258789,86.91000366210938,86.94000244140625,85.3499984741211,5.15,5.05,5.2,55.0,0.3582827844238281,True,NFLX,13.3,-0.6127819548872181,-0.07842510323096162,514420083731.0,-61.278195488721806,23025.0
AVGO280121C00350000,350.0,1393.0,空头卖 Call，看跌/看不涨,-5.431308620422091,CALL,5760.0,4367.0,11812640.0,7.477429803998509e-06,10M-50M,2028-01-21,323.2149963378906,341.77801513671875,319.95001220703125,328.010009765625,317.6000061035156,84.8,84.1,87.65,51.0,0.5339783541107177,False,AVGO,100.5,-0.15621890547263684,-0.054313086204220914,1579772770810.0,-15.621890547263684,1393.0
TSLA260320P00450000,450.0,3309.0,多头买 Put，看跌,-10.606911055495248,PUT,6630.0,3321.0,11770113.0,8.285966205076545e-06,10M-50M,2026-03-20,439.5154113769531,491.6659851074219,445.0299987792969,445.0299987792969,437.6600036621094,35.57,35.1,35.35,8.0,0.4383601086425781,True,TSLA,28.0,0.27035714285714285,-0.10606911055495248,1420487690716.0,27.035714285714285,3309.0
AAPL260717P00255000,255.0,5986.0,多头买 Put，看跌,-6.979818081637052,PUT,6051.0,65.0,11732560.0,3.0947428043843866e-06,10M-50M,2026-07-17,253.47999572753903,272.5,251.47999572753903,253.78689575195312,249.8000030517578,19.6,18.15,18.35,61.0,0.2520216400146484,True,AAPL,11.83,0.6568047337278108,-0.06979818081637051,3791126029400.0,65.68047337278108,5986.0
NVDA260220C00135000,135.0,2193.0,多头买 Call，看涨,2.2203993440635448,CALL,3010.0,817.0,11686497.0,2.6989494498520447e-06,10M-50M,2026-02-20,187.3699951171875,183.3000030517578,187.07000732421875,189.1199951171875,186.8500061035156,53.29,53.35,54.2,11.0,0.8945323046874999,True,NVDA,47.13,0.1307023127519626,0.022203993440635447,4330017000000.0,13.070231275196258,2193.0
APP260618C00700000,700.0,2952.0,空头卖 Call，看跌/看不涨,-24.46103978965113,CALL,3943.0,991.0,11601360.0,5.120202809317839e-05,10M-50M,2026-06-18,549.1900024414062,727.02880859375,532.7899780273438,558.3699951171875,530.5900268554688,39.3,39.0,0.0,2835.0,0.062509375,False,APP,147.0,-0.7326530612244898,-0.24461039789651132,226580087392.0,-73.26530612244898,2952.0
BABA260618C00160000,160.0,4273.0,多头买 Call，看涨,13.443152358392846,CALL,8145.0,3872.0,11537100.0,2.9061566693834926e-05,10M-50M,2026-06-18,170.53909301757812,150.3300018310547,169.7899932861328,170.86000061035156,168.67999267578125,27.0,23.35,24.55,1027.0,0.4554192642211914,True,BABA,13.2,1.0454545454545456,0.13443152358392846,396988232656.0,104.54545454545456,4273.0
BE260618C00105000,105.0,2060.0,多头买 Call，看涨,60.22885182947528,CALL,2234.0,174.0,11536000.0,0.0007010747011472335,10M-50M,2026-06-18,146.67349243164062,91.54000091552734,142.0,146.7445068359375,138.65049743652344,56.0,52.0,53.7,1.0,0.882691602783203,True,BE,16.9,2.313609467455622,0.6022885182947528,16454737250.0,231.3609467455622,2060.0
TSLA260320C00500000,500.0,8925.0,空头卖 Call，看跌/看不涨,-10.606911055495248,CALL,23613.0,14688.0,11513250.0,8.105138872549273e-06,10M-50M,2026-03-20,439.5154113769531,491.6659851074219,445.0299987792969,445.0299987792969,437.6600036621094,12.9,12.8,12.9,168.0,0.4888051608276368,False,TSLA,51.0,-0.7470588235294118,-0.10606911055495248,1420487690716.0,-74.70588235294117,8925.0
TSLA260220C00440000,440.0,4915.0,空头卖 Call，看跌/看不涨,-10.606911055495248,CALL,7153.0,2238.0,11427375.0,8.044684283212624e-06,10M-50M,2026-02-20,439.5154113769531,491.6659851074219,445.0299987792969,445.0299987792969,437.6600036621094,23.25,22.85,23.1,47.0,0.4982349981689453,False,TSLA,76.58,-0.6963959258291982,-0.10606911055495248,1420487690716.0,-69.63959258291982,4915.0
COIN260320P00260000,260.0,2220.0,多头买 Put，看跌,-15.487127020807561,PUT,3751.0,1531.0,11401920.0,0.0001419627175725222,10M-50M,2026-03-20,213.3950042724609,252.5,212.10499572753903,215.63999938964844,210.88999938964844,51.36,49.5,53.65,2.0,0.5637250659179689,True,COIN,34.83,0.4745908699397072,-0.15487127020807562,80316298497.0,47.45908699397072,2220.0
MU280121C00350000,350.0,600.0,多头买 Call，看涨,45.68827098100455,CALL,788.0,188.0,11395199.999999998,6.474368710386167e-05,10M-50M,2028-01-21,395.6601867675781,271.5799865722656,395.6300048828125,397.239990234375,384.2999877929688,189.92,169.0,173.25,2.0,0.7319667916870116,True,MU,79.65,1.384431889516635,0.45688270981004553,176004804634.0,138.4431889516635,600.0
NVDA271217C00200000,200.0,-2318.0,空头平仓 Call，回补信号，看涨,2.2203993440635448,CALL,38710.0,41028.0,11358200.0,2.623130578933062e-06,10M-50M,2027-12-17,187.3699951171875,183.3000030517578,187.07000732421875,189.1199951171875,186.8500061035156,49.0,48.75,49.05,126.0,0.5289201161193848,False,NVDA,44.34,0.10509697789806036,0.022203993440635447,4330017000000.0,10.509697789806035,-2318.0
SOUN260417P00012000,12.0,43046.0,多头买 Put，看跌,-11.103235340956036,PUT,47807.0,4761.0,11321098.0,0.0017421041582179797,10M-50M,2026-04-17,10.152099609375,11.420100212097168,10.270000457763672,10.324999809265137,10.114999771118164,2.63,2.54,2.82,6501.0,0.76367423828125,True,SOUN,2.63,0.0,-0.11103235340956036,6498519590.0,0.0,43046.0
TSM260515P00320000,320.0,5766.0,空头卖 Put，看涨/看不跌,13.484180233352006,PUT,5873.0,107.0,11295594.0,7.967018395720955e-06,10M-50M,2026-05-15,333.5299987792969,293.8999938964844,332.7900085449219,334.17999267578125,330.2300109863281,19.59,19.5,21.5,45.0,0.3887695401000977,False,TSM,47.95,-0.5914494264859229,0.13484180233352006,1417794391697.0,-59.14494264859229,5766.0
MU260417C00350000,350.0,1555.0,多头买 Call，看涨,45.68827098100455,CALL,2197.0,642.0,11281525.0,6.40978240534956e-05,10M-50M,2026-04-17,395.6601867675781,271.5799865722656,395.6300048828125,397.239990234375,384.2999877929688,72.55,71.2,73.55,3.0,0.6518894674682618,True,MU,16.8,3.318452380952381,0.45688270981004553,176004804634.0,331.8452380952381,1555.0
TSM261218C00310000,310.0,-1684.0,空头平仓 Call，回补信号，看涨,13.484180233352006,CALL,497.0,2181.0,11262592.0,7.943741395760122e-06,10M-50M,2026-12-18,333.5299987792969,293.8999938964844,332.7900085449219,334.17999267578125,330.2300109863281,66.88,65.15,68.45,1.0,0.4635826347351074,True,TSM,38.13,0.7539994754786256,0.13484180233352006,1417794391697.0,75.39994754786255,-1684.0
TSLA260130C00440000,440.0,8113.0,空头卖 Call，看跌/看不涨,-10.606911055495248,CALL,8325.0,212.0,11236505.0,7.910314938622392e-06,10M-50M,2026-01-30,439.5154113769531,491.6659851074219,445.0299987792969,445.0299987792969,437.6600036621094,13.85,13.9,13.95,889.0,0.6887238159179689,False,TSLA,59.61,-0.7676564334843147,-0.10606911055495248,1420487690716.0,-76.76564334843147,8113.0
AVGO270115P00350000,350.0,1506.0,多头买 Put，看跌,-5.431308620422091,PUT,2735.0,1229.0,11228736.0,7.107817154135824e-06,10M-50M,2027-01-15,323.2149963378906,341.77801513671875,319.95001220703125,328.010009765625,317.6000061035156,74.56,72.05,72.85,25.0,0.4454553746032715,True,AVGO,65.6,0.13658536585365866,-0.054313086204220914,1579772770810.0,13.658536585365866,1506.0
MSFT280121C00350000,350.0,707.0,空头卖 Call，看跌/看不涨,-3.2764267162519096,CALL,764.0,57.0,11150097.0,2.9328720539506866e-06,10M-50M,2028-01-21,469.0899963378906,484.9800109863281,465.3049926757813,470.3475036621094,462.0,157.71,154.6,156.5,9.0,0.3694673649597168,True,MSFT,176.9,-0.10847936687394007,-0.032764267162519095,3801767276203.0,-10.847936687394007,707.0
IREN260320C00040000,40.0,-5821.0,空头平仓 Call，回补信号，看涨,30.278800299839574,CALL,7856.0,13677.0,11100647.0,0.0009750150291102154,10M-50M,2026-03-20,55.84999847412109,42.86959838867188,56.13899993896485,57.04560089111328,55.20000076293945,19.07,18.2,20.2,2.0,1.2707555993652342,True,IREN,9.23,1.066088840736728,0.30278800299839576,11385103479.0,106.6088840736728,-5821.0
NVDA270115C00210000,210.0,3962.0,多头买 Call，看涨,2.2203993440635448,CALL,25377.0,21415.0,11093600.0,2.562022273815553e-06,10M-50M,2027-01-15,187.3699951171875,183.3000030517578,187.07000732421875,189.1199951171875,186.8500061035156,28.0,27.8,28.0,2290.0,0.4949543913269043,False,NVDA,25.15,0.11332007952286288,0.022203993440635447,4330017000000.0,11.332007952286288,3962.0
PLTR270115P00150000,150.0,4565.0,多头买 Put，看跌,-13.635784078336705,PUT,7121.0,2556.0,11042735.0,2.6213781841708845e-05,10M-50M,2027-01-15,169.7100067138672,196.5050048828125,168.2100067138672,170.58970642089844,168.02000427246094,24.19,23.9,24.1,419.0,0.5303391693115236,False,PLTR,21.9,0.10456621004566223,-0.13635784078336705,421256843697.0,10.456621004566223,4565.0
AAPL260130C00220000,220.0,3538.0,空头卖 Call，看跌/看不涨,-6.979818081637052,CALL,3551.0,13.0,10996104.0,2.9004849521555712e-06,10M-50M,2026-01-30,253.47999572753903,272.5,251.47999572753903,253.78689575195312,249.8000030517578,31.08,31.45,32.45,51.0,1.0000000000000004e-05,True,AAPL,52.43,-0.4072096128170895,-0.06979818081637051,3791126029400.0,-40.72096128170895,3538.0
MSFT271217P00580000,580.0,734.0,多头买 Put，看跌,-3.2764267162519096,PUT,905.0,171.0,10907240.0,2.8689920259647148e-06,10M-50M,2027-12-17,469.0899963378906,484.9800109863281,465.3049926757813,470.3475036621094,462.0,148.6,130.35,131.45,2.0,0.2127840563201904,True,MSFT,116.64,0.2740054869684499,-0.032764267162519095,3801767276203.0,27.40054869684499,734.0
AMD260130C00235000,235.0,5302.0,多头买 Call，看涨,18.361493917806847,CALL,5636.0,334.0,10810778.0,4.177615814065193e-05,10M-50M,2026-01-30,253.4600067138672,214.14059448242188,256.7449951171875,258.2898864746094,251.88999938964844,20.39,20.7,21.1,25.0,0.7575707836914063,True,AMD,6.26,2.2571884984025563,0.18361493917806845,258778654648.0,225.71884984025564,5302.0
BABA260320C00135000,135.0,-2628.0,空头平仓 Call，回补信号，看涨,13.443152358392846,CALL,3954.0,6582.0,10669680.0,2.6876564901220983e-05,10M-50M,2026-03-20,170.53909301757812,150.3300018310547,169.7899932861328,170.86000061035156,168.67999267578125,40.6,0.0,0.0,3.0,1.0000000000000004e-05,True,BABA,21.45,0.8927738927738929,0.13443152358392846,396988232656.0,89.27738927738929,-2628.0
PFE260320P00029000,29.0,30367.0,空头卖 Put，看涨/看不跌,1.6030108704908217,PUT,30454.0,87.0,10628450.0,7.867757690312251e-05,10M-50M,2026-03-20,25.670000076293945,25.26499938964844,25.6299991607666,25.690000534057617,25.59499931335449,3.5,3.25,3.5,1.0,0.27149166015625,True,PFE,4.4,-0.2045454545454546,0.016030108704908216,135088679880.0,-20.45454545454546,30367.0
GOOGL260417C00330000,330.0,4843.0,多头买 Call，看涨,7.560695230734458,CALL,6189.0,1346.0,10572268.999999998,3.5457723482379287e-06,10M-50M,2026-04-17,330.9750061035156,307.7099914550781,327.8099975585937,331.3500061035156,327.0,21.83,22.55,22.75,259.0,0.3565127825927734,True,GOOGL,16.0,0.3643749999999999,0.07560695230734459,2981654760000.0,36.437499999999986,4843.0
NVDA270115C00140000,140.0,1645.0,多头买 Call，看涨,2.2203993440635448,CALL,13588.0,11943.0,10560900.0,2.438997352666283e-06,10M-50M,2027-01-15,187.3699951171875,183.3000030517578,187.07000732421875,189.1199951171875,186.8500061035156,64.2,64.05,64.45,2.0,0.5654950677490236,True,NVDA,61.05,0.05159705159705169,0.022203993440635447,4330017000000.0,5.159705159705169,1645.0
BABA260220C00170000,170.0,13752.0,多头买 Call，看涨,13.443152358392846,CALL,19334.0,5582.0,10520280.0,2.6500231328307608e-05,10M-50M,2026-02-20,170.53909301757812,150.3300018310547,169.7899932861328,170.86000061035156,168.67999267578125,7.65,7.6,7.85,3.0,0.4180966394042968,True,BABA,3.15,1.4285714285714286,0.13443152358392846,396988232656.0,142.85714285714286,13752.0
MU260320C00350000,350.0,1559.0,多头买 Call，看涨,45.68827098100455,CALL,2384.0,825.0,10507660.0,5.9700983855813253e-05,10M-50M,2026-03-20,395.6601867675781,271.5799865722656,395.6300048828125,397.239990234375,384.2999877929688,67.4,64.0,66.25,1.0,0.6621127539062501,True,MU,12.2,4.524590163934427,0.45688270981004553,176004804634.0,452.45901639344265,1559.0
BABA260220C00165000,165.0,10155.0,多头买 Call，看涨,13.443152358392846,CALL,15187.0,5032.0,10337790.0,2.6040545158823254e-05,10M-50M,2026-02-20,170.53909301757812,150.3300018310547,169.7899932861328,170.86000061035156,168.67999267578125,10.18,9.85,10.65,2.0,0.4233456103515625,True,BABA,4.25,1.3952941176470588,0.13443152358392846,396988232656.0,139.52941176470588,10155.0
TSLA260130P00450000,450.0,5341.0,多头买 Put，看跌,-10.606911055495248,PUT,5792.0,451.0,10270743.0,7.23043435513546e-06,10M-50M,2026-01-30,439.5154113769531,491.6659851074219,445.0299987792969,445.0299987792969,437.6600036621094,19.23,18.3,18.4,742.0,0.5994913098144532,True,TSLA,15.29,0.25768476128188367,-0.10606911055495248,1420487690716.0,25.768476128188368,5341.0
NFLX260320P00111000,111.0,-4082.0,空头平仓 Put，回补，看跌信号减弱,-7.842510323096162,PUT,351.0,4433.0,10266229.999999998,1.995689967145296e-05,10M-50M,2026-03-20,85.95989990234375,93.2750015258789,86.91000366210938,86.94000244140625,85.3499984741211,25.15,24.15,25.6,13.0,0.4604546142578125,True,NFLX,17.46,0.44043528064146603,-0.07842510323096162,514420083731.0,44.04352806414661,-4082.0
AMZN260220C00250000,250.0,16092.0,多头买 Call，看涨,4.598855744709855,CALL,44961.0,28869.0,10137960.0,4.325189341291711e-06,10M-50M,2026-02-20,238.58999633789065,228.1000061035156,239.97999572753903,240.9499969482422,237.5399932861328,6.3,6.2,6.3,1022.0,0.4276180285644532,False,AMZN,4.85,0.2989690721649485,0.04598855744709855,2343934380679.0,29.89690721649485,16092.0
ORCL270115P00200000,200.0,2165.0,多头买 Put，看跌,-6.782618117241909,PUT,4266.0,2101.0,10119210.0,1.2562453264332752e-05,10M-50M,2027-01-15,181.69000244140625,194.91000366210935,179.10000610351562,185.27999877929688,178.52999877929688,46.74,44.85,47.0,1.0,0.4999744827270508,True,ORCL,39.2,0.19234693877551018,-0.06782618117241909,805512250440.0,19.234693877551017,2165.0
AVGO260220P00330000,330.0,5194.0,多头买 Put，看跌,-5.431308620422091,PUT,8823.0,3629.0,10102330.0,6.3947994209447045e-06,10M-50M,2026-02-20,323.2149963378906,341.77801513671875,319.95001220703125,328.010009765625,317.6000061035156,19.45,18.15,18.45,64.0,0.4280452703857422,True,AVGO,17.22,0.12950058072009296,-0.054313086204220914,1579772770810.0,12.950058072009297,5194.0
GOOGL270617C00305000,305.0,1300.0,多头买 Call，看涨,7.560695230734458,CALL,1881.0,581.0,10042500.0,3.3680961775735565e-06,10M-50M,2027-06-17,330.9750061035156,307.7099914550781,327.8099975585937,331.3500061035156,327.0,77.25,75.75,76.3,1.0,0.4215145739746094,True,GOOGL,60.95,0.26743232157506147,0.07560695230734459,2981654760000.0,26.743232157506146,1300.0
MU260130C00310000,310.0,1244.0,多头买 Call，看涨,45.68827098100455,CALL,1339.0,95.0,10040324.0,5.7045738159698195e-05,10M-50M,2026-01-30,395.6601867675781,271.5799865722656,395.6300048828125,397.239990234375,384.2999877929688,80.71,78.5,81.7,1.0,1.0000000000000004e-05,True,MU,6.69,11.064275037369207,0.45688270981004553,176004804634.0,1106.4275037369207,1244.0
BIDU270115C00115000,115.0,-1702.0,空头平仓 Call，回补信号，看涨,26.581349105815445,CALL,1059.0,2761.0,9999250.0,0.0002214630662695831,5M-10M,2027-01-15,156.2899932861328,123.47000122070312,158.00999450683594,159.10000610351562,155.5,58.75,54.85,57.75,16.0,0.6022378643798829,True,BIDU,28.0,1.0982142857142858,0.26581349105815444,45150869481.0,109.82142857142858,-1702.0
NVDA270115P00140000,140.0,9047.0,空头卖 Put，看涨/看不跌,2.2203993440635448,PUT,31595.0,22548.0,9996935.0,2.3087519055929804e-06,5M-10M,2027-01-15,187.3699951171875,183.3000030517578,187.07000732421875,189.1199951171875,186.8500061035156,11.05,10.7,10.85,1.0,0.4490411541748046,False,NVDA,12.35,-0.10526315789473675,0.022203993440635447,4330017000000.0,-10.526315789473676,9047.0
TSLA260130C00450000,450.0,10518.0,空头卖 Call，看跌/看不涨,-10.606911055495248,CALL,11239.0,721.0,9971064.0,7.01946526194399e-06,5M-10M,2026-01-30,439.5154113769531,491.6659851074219,445.0299987792969,445.0299987792969,437.6600036621094,9.48,9.4,9.5,1998.0,0.676883114013672,False,TSLA,62.0,-0.8470967741935483,-0.10606911055495248,1420487690716.0,-84.70967741935483,10518.0
PLTR260130C00170000,170.0,24987.0,空头卖 Call，看跌/看不涨,-13.635784078336705,CALL,25214.0,227.0,9919839.0,2.3548196660598595e-05,5M-10M,2026-01-30,169.7100067138672,196.5050048828125,168.2100067138672,170.58970642089844,168.02000427246094,3.97,3.9,4.0,1018.0,0.5124560473632812,False,PLTR,29.12,-0.8636675824175825,-0.13635784078336705,421256843697.0,-86.36675824175825,24987.0
TSLA260821C00400000,400.0,1020.0,空头卖 Call，看跌/看不涨,-10.606911055495248,CALL,1471.0,451.0,9919500.0,6.983165052982652e-06,5M-10M,2026-08-21,439.5154113769531,491.6659851074219,445.0299987792969,445.0299987792969,437.6600036621094,97.25,91.45,92.7,35.0,0.5624738577270508,True,TSLA,134.35,-0.2761443989579456,-0.10606911055495248,1420487690716.0,-27.61443989579456,1020.0
GOOGL270115C00310000,310.0,1626.0,多头买 Call，看涨,7.560695230734458,CALL,3784.0,2158.0,9918600.0,3.3265420708868386e-06,5M-10M,2027-01-15,330.9750061035156,307.7099914550781,327.8099975585937,331.3500061035156,327.0,61.0,61.65,62.05,6.0,0.4059660234069824,True,GOOGL,47.5,0.28421052631578947,0.07560695230734459,2981654760000.0,28.421052631578945,1626.0
BIDU270115C00125000,125.0,-1866.0,空头平仓 Call，回补信号，看涨,26.581349105815445,CALL,6523.0,8389.0,9824490.0,0.0002175924874300429,5M-10M,2027-01-15,156.2899932861328,123.47000122070312,158.00999450683594,159.10000610351562,155.5,52.65,48.35,51.25,1.0,0.5836223278808592,True,BIDU,24.45,1.1533742331288344,0.26581349105815444,45150869481.0,115.33742331288343,-1866.0
IREN260220C00047000,47.0,7546.0,多头买 Call，看涨,30.278800299839574,CALL,8915.0,1369.0,9809800.0,0.0008616346806240566,5M-10M,2026-02-20,55.84999847412109,42.86959838867188,56.13899993896485,57.04560089111328,55.20000076293945,13.0,11.8,13.0,100.0,1.308108928222656,True,IREN,5.0,1.6,0.30278800299839576,11385103479.0,160.0,7546.0
NVDA260717P00170000,170.0,7403.0,空头卖 Put，看涨/看不跌,2.2203993440635448,PUT,7808.0,405.0,9808975.0,2.265343300037852e-06,5M-10M,2026-07-17,187.3699951171875,183.3000030517578,187.07000732421875,189.1199951171875,186.8500061035156,13.25,13.0,13.15,20.0,0.422857333984375,False,NVDA,16.32,-0.18811274509803924,0.022203993440635447,4330017000000.0,-18.811274509803923,7403.0
IREN260918C00050000,50.0,4737.0,多头买 Call，看涨,30.278800299839574,CALL,16890.0,12153.0,9710850.0,0.0008529434991883749,5M-10M,2026-09-18,55.84999847412109,42.86959838867188,56.13899993896485,57.04560089111328,55.20000076293945,20.5,19.55,21.8,2.0,1.0698288696289064,True,IREN,10.54,0.9449715370018977,0.30278800299839576,11385103479.0,94.49715370018977,4737.0
TSLA260618C00380000,380.0,998.0,空头卖 Call，看跌/看不涨,-10.606911055495248,CALL,3443.0,2445.0,9705550.0,6.832547767526163e-06,5M-10M,2026-06-18,439.5154113769531,491.6659851074219,445.0299987792969,445.0299987792969,437.6600036621094,97.25,89.95,91.45,21.0,0.5480391876220705,True,TSLA,135.92,-0.28450559152442606,-0.10606911055495248,1420487690716.0,-28.450559152442604,998.0
IREN260918P00055000,55.0,6073.0,空头卖 Put，看涨/看不跌,30.278800299839574,PUT,6660.0,587.0,9686435.0,0.0008507990303177112,5M-10M,2026-09-18,55.84999847412109,42.86959838867188,56.13899993896485,57.04560089111328,55.20000076293945,15.95,15.7,16.9,22.0,0.963989617919922,False,IREN,23.7,-0.3270042194092827,0.30278800299839576,11385103479.0,-32.70042194092827,6073.0
AAPL260717P00250000,250.0,5513.0,多头买 Put，看跌,-6.979818081637052,PUT,5766.0,253.0,9620185.0,2.5375534670691314e-06,5M-10M,2026-07-17,253.47999572753903,272.5,251.47999572753903,253.78689575195312,249.8000030517578,17.45,15.95,16.15,110.0,0.2582776809692383,False,AAPL,10.7,0.6308411214953271,-0.06979818081637051,3791126029400.0,63.084112149532714,5513.0
TSM260220C00310000,310.0,3475.0,多头买 Call，看涨,13.484180233352006,CALL,6202.0,2727.0,9531925.0,6.72306580969823e-06,5M-10M,2026-02-20,333.5299987792969,293.8999938964844,332.7900085449219,334.17999267578125,330.2300109863281,27.43,25.25,27.2,7.0,0.3465031170654296,True,TSM,11.5,1.3852173913043477,0.13484180233352006,1417794391697.0,138.52173913043478,3475.0
TSLA270115C00450000,450.0,1030.0,空头卖 Call，看跌/看不涨,-10.606911055495248,CALL,5711.0,4681.0,9517200.0,6.699952461540046e-06,5M-10M,2027-01-15,439.5154113769531,491.6659851074219,445.0299987792969,445.0299987792969,437.6600036621094,92.4,92.85,93.65,5.0,0.5695386064147949,False,TSLA,131.16,-0.2955169258920402,-0.10606911055495248,1420487690716.0,-29.55169258920402,1030.0
NFLX270115P00090000,90.0,7527.0,多头买 Put，看跌,-7.842510323096162,PUT,14385.0,6858.0,9506601.0,1.848022909807538e-05,5M-10M,2027-01-15,85.95989990234375,93.2750015258789,86.91000366210938,86.94000244140625,85.3499984741211,12.63,12.9,13.25,5.0,0.3226996441650389,True,NFLX,10.76,0.17379182156133838,-0.07842510323096162,514420083731.0,17.379182156133837,7527.0
GOOGL260320C00240000,240.0,-1028.0,空头平仓 Call，回补信号，看涨,7.560695230734458,CALL,5259.0,6287.0,9462740.0,3.173653813629315e-06,5M-10M,2026-03-20,330.9750061035156,307.7099914550781,327.8099975585937,331.3500061035156,327.0,92.05,90.3,93.2,1.0,0.5877726770019531,True,GOOGL,67.8,0.35766961651917406,0.07560695230734459,2981654760000.0,35.766961651917406,-1028.0
UNH280121C00350000,350.0,1245.0,多头买 Call，看涨,6.628631560995219,CALL,1567.0,322.0,9462000.0,3.0363497380005902e-05,5M-10M,2028-01-21,349.54998779296875,327.82000732421875,353.95001220703125,354.7900085449219,348.0,76.0,72.85,78.6,31.0,0.4058744715881348,False,UNH,62.6,0.21405750798722042,0.06628631560995218,311624180890.0,21.405750798722043,1245.0
MSFT260320C00470000,470.0,4851.0,空头卖 Call，看跌/看不涨,-3.2764267162519096,CALL,5753.0,902.0,9444897.0,2.484343810080099e-06,5M-10M,2026-03-20,469.0899963378906,484.9800109863281,465.3049926757813,470.3475036621094,462.0,19.47,19.4,19.65,153.0,0.277076321105957,False,MSFT,36.45,-0.465843621399177,-0.032764267162519095,3801767276203.0,-46.5843621399177,4851.0
AVGO260130C00250000,250.0,1343.0,空头卖 Call，看跌/看不涨,-5.431308620422091,CALL,1435.0,92.0,9401000.0,5.950855827942779e-06,5M-10M,2026-01-30,323.2149963378906,341.77801513671875,319.95001220703125,328.010009765625,317.6000061035156,70.0,69.85,72.6,12.0,1.0000000000000004e-05,True,AVGO,87.88,-0.20345926263086023,-0.054313086204220914,1579772770810.0,-20.34592626308602,1343.0
BABA260320C00180000,180.0,11688.0,多头买 Call，看涨,13.443152358392846,CALL,24432.0,12744.0,9350400.0,2.3553342973020437e-05,5M-10M,2026-03-20,170.53909301757812,150.3300018310547,169.7899932861328,170.86000061035156,168.67999267578125,8.0,7.8,8.45,306.0,0.4699149688720704,False,BABA,3.6,1.2222222222222223,0.13443152358392846,396988232656.0,122.22222222222223,11688.0
ORCL260320P00200000,200.0,3274.0,多头买 Put，看跌,-6.782618117241909,PUT,22594.0,19320.0,9330900.0,1.1583808930159813e-05,5M-10M,2026-03-20,181.69000244140625,194.91000366210935,179.10000610351562,185.27999877929688,178.52999877929688,28.5,26.35,27.25,3.0,0.5477340148925782,True,ORCL,21.8,0.30733944954128434,-0.06782618117241909,805512250440.0,30.733944954128432,3274.0
TSLA261218C00550000,550.0,1523.0,空头卖 Call，看跌/看不涨,-10.606911055495248,CALL,5784.0,4261.0,9290300.0,6.540218588812413e-06,5M-10M,2026-12-18,439.5154113769531,491.6659851074219,445.0299987792969,445.0299987792969,437.6600036621094,61.0,56.65,57.1,58.0,0.558872819519043,False,TSLA,89.45,-0.3180547792062605,-0.10606911055495248,1420487690716.0,-31.805477920626053,1523.0
AMD260220C00210000,210.0,1793.0,多头买 Call，看涨,18.361493917806847,CALL,8567.0,6774.0,9242915.0,3.571745518413234e-05,5M-10M,2026-02-20,253.4600067138672,214.14059448242188,256.7449951171875,258.2898864746094,251.88999938964844,51.55,46.05,47.0,241.0,0.6616244775390626,True,AMD,22.25,1.3168539325842696,0.18361493917806845,258778654648.0,131.68539325842696,1793.0
NVDA260220P00190000,190.0,11323.0,空头卖 Put，看涨/看不跌,2.2203993440635448,PUT,20113.0,8790.0,9228245.0,2.131226043685279e-06,5M-10M,2026-02-20,187.3699951171875,183.3000030517578,187.07000732421875,189.1199951171875,186.8500061035156,8.15,8.0,8.15,131.0,0.3343572424316406,True,NVDA,13.7,-0.40510948905109484,0.022203993440635447,4330017000000.0,-40.51094890510949,11323.0
FCX260320C00060000,60.0,15126.0,多头买 Call，看涨,25.029756455554462,CALL,16778.0,1652.0,9151230.0,0.0001782860238767667,5M-10M,2026-03-20,63.040000915527344,50.41999816894531,63.415000915527344,63.57500076293945,62.08000183105469,6.05,5.8,6.05,604.0,0.4646049633789063,True,FCX,0.93,5.505376344086021,0.25029756455554464,51328925291.0,550.5376344086021,15126.0
IREN260515C00050000,50.0,5537.0,多头买 Call，看涨,30.278800299839574,CALL,8477.0,2940.0,9136050.0,0.0008024564745372395,5M-10M,2026-05-15,55.84999847412109,42.86959838867188,56.13899993896485,57.04560089111328,55.20000076293945,16.5,15.2,16.9,12.0,1.1339154632568362,True,IREN,8.01,1.059925093632959,0.30278800299839576,11385103479.0,105.9925093632959,5537.0
NVDA260717P00180000,180.0,5248.0,空头卖 Put，看涨/看不跌,2.2203993440635448,PUT,5869.0,621.0,9094784.0,2.100403762848968e-06,5M-10M,2026-07-17,187.3699951171875,183.3000030517578,187.07000732421875,189.1199951171875,186.8500061035156,17.33,17.0,17.15,479.0,0.4097349066162109,False,NVDA,21.32,-0.1871482176360226,0.022203993440635447,4330017000000.0,-18.71482176360226,5248.0
BABA260220C00155000,155.0,4409.0,多头买 Call，看涨,13.443152358392846,CALL,9174.0,4765.0,9082540.0,2.287861264610894e-05,5M-10M,2026-02-20,170.53909301757812,150.3300018310547,169.7899932861328,170.86000061035156,168.67999267578125,20.6,16.15,17.5,51.0,0.4169980175781249,True,BABA,7.2,1.8611111111111114,0.13443152358392846,396988232656.0,186.11111111111114,4409.0
AAPL270115C00270000,270.0,4133.0,空头卖 Call，看跌/看不涨,-6.979818081637052,CALL,11047.0,6914.0,9030605.0,2.3820376663735503e-06,5M-10M,2027-01-15,253.47999572753903,272.5,251.47999572753903,253.78689575195312,249.8000030517578,21.85,21.9,22.1,9.0,0.2888712471008299,False,AAPL,36.15,-0.3955739972337482,-0.06979818081637051,3791126029400.0,-39.55739972337482,4133.0
NVDA260320P00175000,175.0,12670.0,空头卖 Put，看涨/看不跌,2.2203993440635448,PUT,46722.0,34052.0,9008370.0,2.080446797322043e-06,5M-10M,2026-03-20,187.3699951171875,183.3000030517578,187.07000732421875,189.1199951171875,186.8500061035156,7.11,6.75,6.8,8.0,0.4308528594970704,False,NVDA,10.05,-0.29253731343283584,0.022203993440635447,4330017000000.0,-29.253731343283583,12670.0
INTC270115P00045000,45.0,9867.0,空头卖 Put，看涨/看不跌,16.391913684478432,PUT,11090.0,1223.0,8978970.0,5.778586529457761e-05,5M-10M,2027-01-15,43.05500030517578,36.99140167236328,44.27999877929688,44.459999084472656,42.95019912719727,9.1,9.1,9.75,1972.0,0.5102588037109376,True,INTC,12.4,-0.26612903225806456,0.16391913684478432,155383500000.0,-26.612903225806456,9867.0
TSM270115P00270000,270.0,3998.0,空头卖 Put，看涨/看不跌,13.484180233352006,PUT,5368.0,1370.0,8975510.0,6.330614687547851e-06,5M-10M,2027-01-15,333.5299987792969,293.8999938964844,332.7900085449219,334.17999267578125,330.2300109863281,22.45,21.15,23.3,187.0,0.413946290283203,False,TSM,30.85,-0.2722852512155592,0.13484180233352006,1417794391697.0,-27.22852512155592,3998.0
TSLA260618C00500000,500.0,2493.0,空头卖 Call，看跌/看不涨,-10.606911055495248,CALL,17308.0,14815.0,8974800.0,6.318111771511538e-06,5M-10M,2026-06-18,439.5154113769531,491.6659851074219,445.0299987792969,445.0299987792969,437.6600036621094,36.0,35.55,35.8,32.0,0.5227556269836426,False,TSLA,77.62,-0.536202009791291,-0.10606911055495248,1420487690716.0,-53.620200979129095,2493.0
AAPL260220C00220000,220.0,3041.0,空头卖 Call，看跌/看不涨,-6.979818081637052,CALL,6508.0,3467.0,8973991.0,2.367104372264897e-06,5M-10M,2026-02-20,253.47999572753903,272.5,251.47999572753903,253.78689575195312,249.8000030517578,29.51,32.55,32.75,63.0,1.0000000000000004e-05,True,AAPL,52.94,-0.4425765017000377,-0.06979818081637051,3791126029400.0,-44.25765017000377,3041.0
AMD260220C00220000,220.0,2217.0,多头买 Call，看涨,18.361493917806847,CALL,8411.0,6194.0,8958896.999999998,3.461992262146277e-05,5M-10M,2026-02-20,253.4600067138672,214.14059448242188,256.7449951171875,258.2898864746094,251.88999938964844,40.41,38.2,39.0,3.0,0.6660189648437502,True,AMD,16.95,1.3840707964601768,0.18361493917806845,258778654648.0,138.40707964601768,2217.0
TSLA270115C00460000,460.0,949.0,空头卖 Call，看跌/看不涨,-10.606911055495248,CALL,2293.0,1344.0,8949070.0,6.2999982741766675e-06,5M-10M,2027-01-15,439.5154113769531,491.6659851074219,445.0299987792969,445.0299987792969,437.6600036621094,94.3,88.45,90.15,86.0,0.5678296391296387,False,TSLA,131.95,-0.2853353543008715,-0.10606911055495248,1420487690716.0,-28.53353543008715,949.0
MU260320P00350000,350.0,3713.0,空头卖 Put，看涨/看不跌,45.68827098100455,PUT,3753.0,40.0,8914913.0,5.065153203367636e-05,5M-10M,2026-03-20,395.6601867675781,271.5799865722656,395.6300048828125,397.239990234375,384.2999877929688,24.01,22.55,24.0,61.0,0.7436243899536132,False,MU,82.15,-0.7077297626293365,0.45688270981004553,176004804634.0,-70.77297626293365,3713.0
GOOGL270115P00360000,360.0,1505.0,空头卖 Put，看涨/看不跌,7.560695230734458,PUT,1568.0,63.0,8846390.0,2.9669397405352186e-06,5M-10M,2027-01-15,330.9750061035156,307.7099914550781,327.8099975585937,331.3500061035156,327.0,58.78,57.5,57.85,23.0,0.3088295436096191,True,GOOGL,70.4,-0.16505681818181822,0.07560695230734459,2981654760000.0,-16.505681818181824,1505.0
TSLA261218C00480000,480.0,1080.0,空头卖 Call，看跌/看不涨,-10.606911055495248,CALL,3650.0,2570.0,8839800.0,6.223073989148247e-06,5M-10M,2026-12-18,439.5154113769531,491.6659851074219,445.0299987792969,445.0299987792969,437.6600036621094,81.85,77.5,78.0,9.0,0.5634351518249512,False,TSLA,114.62,-0.28590123887628693,-0.10606911055495248,1420487690716.0,-28.590123887628693,1080.0
MU260220C00320000,320.0,1163.0,多头买 Call，看涨,45.68827098100455,CALL,2828.0,1665.0,8837637.0,5.021247583767822e-05,5M-10M,2026-02-20,395.6601867675781,271.5799865722656,395.6300048828125,397.239990234375,384.2999877929688,75.99,73.9,76.15,5.0,0.3564517480468749,True,MU,11.21,5.778768956289027,0.45688270981004553,176004804634.0,577.8768956289027,1163.0
BE260320C00115000,115.0,2406.0,多头买 Call，看涨,60.22885182947528,CALL,2975.0,569.0,8830020.000000002,0.0005366247947836421,5M-10M,2026-03-20,146.67349243164062,91.54000091552734,142.0,146.7445068359375,138.65049743652344,36.7,35.5,37.4,1.0,0.8007832421875,True,BE,10.62,2.455743879472694,0.6022885182947528,16454737250.0,245.57438794726937,2406.0
RKLB280121C00075000,75.0,-1953.0,空头平仓 Call，回补信号，看涨,12.539707561611419,CALL,3461.0,5414.0,8788500.0,0.00039632477427120453,5M-10M,2028-01-21,85.3499984741211,75.83989715576172,86.79000091552734,87.16000366210938,84.27999877929688,45.0,43.9,45.9,2.0,0.941834077758789,True,RKLB,36.0,0.25,0.12539707561611418,22174995283.0,25.0,-1953.0
AAPL270617P00260000,260.0,2703.0,多头买 Put，看跌,-6.979818081637052,PUT,3289.0,586.0,8784750.0,2.3171875405551506e-06,5M-10M,2027-06-17,253.47999572753903,272.5,251.47999572753903,253.78689575195312,249.8000030517578,32.5,30.95,31.3,21.0,0.2318192053222656,True,AAPL,24.78,0.31154156577885384,-0.06979818081637051,3791126029400.0,31.154156577885384,2703.0
APP260220P00600000,600.0,952.0,多头买 Put，看跌,-24.46103978965113,PUT,1697.0,745.0,8780296.0,3.8751401771725205e-05,5M-10M,2026-02-20,549.1900024414062,727.02880859375,532.7899780273438,558.3699951171875,530.5900268554688,92.23,74.0,78.5,109.0,0.7618432019042969,True,APP,30.0,2.0743333333333336,-0.24461039789651132,226580087392.0,207.43333333333337,952.0
NVDA270115P00185000,185.0,3062.0,空头卖 Put，看涨/看不跌,2.2203993440635448,PUT,8385.0,5323.0,8766506.0,2.02458927990352e-06,5M-10M,2027-01-15,187.3699951171875,183.3000030517578,187.07000732421875,189.1199951171875,186.8500061035156,28.63,28.35,28.55,2244.0,0.4083921466064453,False,NVDA,31.55,-0.09255150554675123,0.022203993440635447,4330017000000.0,-9.255150554675124,3062.0
AMD260130C00220000,220.0,2522.0,多头买 Call，看涨,18.361493917806847,CALL,3263.0,741.0,8713510.0,3.367167207763882e-05,5M-10M,2026-01-30,253.4600067138672,214.14059448242188,256.7449951171875,258.2898864746094,251.88999938964844,34.55,34.8,35.65,24.0,1.0307665649414064,True,AMD,11.54,1.9939341421143848,0.18361493917806845,258778654648.0,199.39341421143848,2522.0
NFLX270115C00080000,80.0,4999.0,空头卖 Call，看跌/看不涨,-7.842510323096162,CALL,7242.0,2243.0,8673265.0,1.6860276793810824e-05,5M-10M,2027-01-15,85.95989990234375,93.2750015258789,86.91000366210938,86.94000244140625,85.3499984741211,17.35,17.15,17.45,22.0,0.4405573522949219,True,NFLX,24.5,-0.2918367346938775,-0.07842510323096162,514420083731.0,-29.18367346938775,4999.0
NFLX270115C00100000,100.0,10110.0,空头卖 Call，看跌/看不涨,-7.842510323096162,CALL,16488.0,6378.0,8644050.0,1.6803484687662657e-05,5M-10M,2027-01-15,85.95989990234375,93.2750015258789,86.91000366210938,86.94000244140625,85.3499984741211,8.55,8.5,8.65,34.0,0.4025938647460937,False,NFLX,14.2,-0.3978873239436619,-0.07842510323096162,514420083731.0,-39.788732394366185,10110.0
AVGO260320P00350000,350.0,1996.0,多头买 Put，看跌,-5.431308620422091,PUT,3639.0,1643.0,8632700.0,5.464520062321203e-06,5M-10M,2026-03-20,323.2149963378906,341.77801513671875,319.95001220703125,328.010009765625,317.6000061035156,43.25,42.1,42.5,394.0,0.520665193786621,True,AVGO,34.51,0.2532599246595191,-0.054313086204220914,1579772770810.0,25.325992465951906,1996.0
PLTR270115C00145000,145.0,1675.0,空头卖 Call，看跌/看不涨,-13.635784078336705,CALL,2658.0,983.0,8626250.0,2.0477412127705766e-05,5M-10M,2027-01-15,169.7100067138672,196.5050048828125,168.2100067138672,170.58970642089844,168.02000427246094,51.5,51.0,52.45,257.0,0.6260413372802736,True,PLTR,75.0,-0.31333333333333335,-0.13635784078336705,421256843697.0,-31.333333333333336,1675.0
AMZN260320C00250000,250.0,9356.0,多头买 Call，看涨,4.598855744709855,CALL,27082.0,17726.0,8560740.0,3.652295077270931e-06,5M-10M,2026-03-20,238.58999633789065,228.1000061035156,239.97999572753903,240.9499969482422,237.5399932861328,9.15,9.05,9.2,52.0,0.3792786682128906,False,AMZN,7.15,0.2797202797202797,0.04598855744709855,2343934380679.0,27.97202797202797,9356.0
AMD260130C00230000,230.0,3395.0,多头买 Call，看涨,18.361493917806847,CALL,3748.0,353.0,8538425.0,3.299508999926702e-05,5M-10M,2026-01-30,253.4600067138672,214.14059448242188,256.7449951171875,258.2898864746094,251.88999938964844,25.15,25.3,25.75,7.0,0.8349625878906248,True,AMD,8.43,1.9833926453143533,0.18361493917806845,258778654648.0,198.33926453143533,3395.0
BABA270115C00180000,180.0,2980.0,多头买 Call，看涨,13.443152358392846,CALL,4703.0,1723.0,8537700.0,2.1506179019160312e-05,5M-10M,2027-01-15,170.53909301757812,150.3300018310547,169.7899932861328,170.86000061035156,168.67999267578125,28.65,25.45,26.75,44.0,0.4568230587768555,False,BABA,16.2,0.7685185185185185,0.13443152358392846,396988232656.0,76.85185185185185,2980.0
BABA260618C00175000,175.0,4312.0,多头买 Call，看涨,13.443152358392846,CALL,6457.0,2145.0,8516200.0,2.1452021242603167e-05,5M-10M,2026-06-18,170.53909301757812,150.3300018310547,169.7899932861328,170.86000061035156,168.67999267578125,19.75,16.65,17.55,66.0,0.4562127133178711,False,BABA,9.29,1.125941872981701,0.13443152358392846,396988232656.0,112.5941872981701,4312.0
AVGO270115C00350000,350.0,1538.0,空头卖 Call，看跌/看不涨,-5.431308620422091,CALL,4162.0,2624.0,8459000.0,5.354567540534833e-06,5M-10M,2027-01-15,323.2149963378906,341.77801513671875,319.95001220703125,328.010009765625,317.6000061035156,55.0,55.25,56.05,11.0,0.5210008837890624,False,AVGO,68.75,-0.2,-0.054313086204220914,1579772770810.0,-20.0,1538.0
ORCL260918C00190000,190.0,3242.0,空头卖 Call，看跌/看不涨,-6.782618117241909,CALL,3801.0,559.0,8445410.0,1.0484520869033104e-05,5M-10M,2026-09-18,181.69000244140625,194.91000366210935,179.10000610351562,185.27999877929688,178.52999877929688,26.05,26.8,29.25,20.0,0.5412948703002932,False,ORCL,38.0,-0.3144736842105263,-0.06782618117241909,805512250440.0,-31.44736842105263,3242.0
TSLA260220P00430000,430.0,5018.0,多头买 Put，看跌,-10.606911055495248,PUT,7936.0,2918.0,8440276.0,5.941815656104461e-06,5M-10M,2026-02-20,439.5154113769531,491.6659851074219,445.0299987792969,445.0299987792969,437.6600036621094,16.82,16.85,17.05,42.0,0.4646965151977539,False,TSLA,14.9,0.12885906040268455,-0.10606911055495248,1420487690716.0,12.885906040268456,5018.0
AMZN260515C00275000,275.0,11561.0,多头买 Call，看涨,4.598855744709855,CALL,12622.0,1061.0,8439530.0,3.6005828787558484e-06,5M-10M,2026-05-15,238.58999633789065,228.1000061035156,239.97999572753903,240.9499969482422,237.5399932861328,7.3,7.1,7.25,565.0,0.3663393444824219,False,AMZN,6.0,0.21666666666666665,0.04598855744709855,2343934380679.0,21.666666666666664,11561.0
MSFT260220P00450000,450.0,8431.0,多头买 Put，看跌,-3.2764267162519096,PUT,11215.0,2784.0,8388845.0,2.2065645765614367e-06,5M-10M,2026-02-20,469.0899963378906,484.9800109863281,465.3049926757813,470.3475036621094,462.0,9.95,9.8,10.0,70.0,0.3687807263183594,False,MSFT,7.5,0.32666666666666655,-0.032764267162519095,3801767276203.0,32.66666666666666,8431.0
PLTR270617C00170000,170.0,-1706.0,多头平仓 Call，减仓，看涨减弱,-13.635784078336705,CALL,2326.0,4032.0,8384989.999999999,1.9904697396515467e-05,5M-10M,2027-06-17,169.7100067138672,196.5050048828125,168.2100067138672,170.58970642089844,168.02000427246094,49.15,48.45,49.25,7.0,0.6264990963745118,False,PLTR,69.33,-0.29107168613875667,-0.13635784078336705,421256843697.0,-29.10716861387567,-1706.0
AVGO260320P00330000,330.0,2958.0,多头买 Put，看跌,-5.431308620422091,PUT,5733.0,2775.0,8374098.0,5.300824368371872e-06,5M-10M,2026-03-20,323.2149963378906,341.77801513671875,319.95001220703125,328.010009765625,317.6000061035156,28.31,28.15,28.5,10.0,0.4992725854492187,True,AVGO,26.16,0.08218654434250759,-0.054313086204220914,1579772770810.0,8.218654434250759,2958.0
TSLA260220P00500000,500.0,1444.0,多头买 Put，看跌,-10.606911055495248,PUT,3532.0,2088.0,8367980.0,5.890920459706413e-06,5M-10M,2026-02-20,439.5154113769531,491.6659851074219,445.0299987792969,445.0299987792969,437.6600036621094,57.95,62.85,64.3,31.0,0.4427545959472656,True,TSLA,43.85,0.3215507411630559,-0.10606911055495248,1420487690716.0,32.155074116305585,1444.0
MU260918C00320000,320.0,633.0,多头买 Call，看涨,45.68827098100455,CALL,822.0,189.0,8355600.0,4.747370401265679e-05,5M-10M,2026-09-18,395.6601867675781,271.5799865722656,395.6300048828125,397.239990234375,384.2999877929688,132.0,121.4,124.85,5.0,0.7015868464660646,True,MU,41.0,2.2195121951219514,0.45688270981004553,176004804634.0,221.95121951219514,633.0
AAPL270617C00260000,260.0,2484.0,空头卖 Call，看跌/看不涨,-6.979818081637052,CALL,5591.0,3107.0,8346240.000000001,2.2015200590208057e-06,5M-10M,2027-06-17,253.47999572753903,272.5,251.47999572753903,253.78689575195312,249.8000030517578,33.6,33.85,34.1,1.0,0.3102180795288085,False,AAPL,49.5,-0.32121212121212117,-0.06979818081637051,3791126029400.0,-32.12121212121212,2484.0
TSM260515C00290000,290.0,1476.0,多头买 Call，看涨,13.484180233352006,CALL,1970.0,494.0,8345303.999999999,5.8861172317173986e-06,5M-10M,2026-05-15,333.5299987792969,293.8999938964844,332.7900085449219,334.17999267578125,330.2300109863281,56.54,53.6,56.7,7.0,0.4411676977539062,True,TSM,30.06,0.8809048569527612,0.13484180233352006,1417794391697.0,88.09048569527612,1476.0
TSLA260320C00460000,460.0,3290.0,空头卖 Call，看跌/看不涨,-10.606911055495248,CALL,7942.0,4652.0,8323700.0,5.859748067091254e-06,5M-10M,2026-03-20,439.5154113769531,491.6659851074219,445.0299987792969,445.0299987792969,437.6600036621094,25.3,24.4,24.55,11.0,0.4899037826538086,False,TSLA,70.0,-0.6385714285714286,-0.10606911055495248,1420487690716.0,-63.857142857142854,3290.0
AMD270115C00250000,250.0,1301.0,多头买 Call，看涨,18.361493917806847,CALL,5162.0,3861.0,8314690.999999999,3.213051328097342e-05,5M-10M,2027-01-15,253.4600067138672,214.14059448242188,256.7449951171875,258.2898864746094,251.88999938964844,63.91,62.0,62.95,1.0,0.6227454718017578,True,AMD,37.11,0.722177310697925,0.18361493917806845,258778654648.0,72.2177310697925,1301.0
TSM260320C00340000,340.0,5210.0,多头买 Call，看涨,13.484180233352006,CALL,6158.0,948.0,8200539.999999999,5.78401215862092e-06,5M-10M,2026-03-20,333.5299987792969,293.8999938964844,332.7900085449219,334.17999267578125,330.2300109863281,15.74,14.7,15.3,10.0,0.3549564016723632,False,TSM,6.4,1.4593749999999999,0.13484180233352006,1417794391697.0,145.9375,5210.0
TSLA260515C00350000,350.0,-721.0,多头平仓 Call，减仓，看涨减弱,-10.606911055495248,CALL,1070.0,1791.0,8179745.0,5.758406111831199e-06,5M-10M,2026-05-15,439.5154113769531,491.6659851074219,445.0299987792969,445.0299987792969,437.6600036621094,113.45,105.8,107.0,41.0,0.5726971441650393,True,TSLA,152.04,-0.25381478558274134,-0.10606911055495248,1420487690716.0,-25.381478558274136,-721.0
NFLX270115C00090000,90.0,6641.0,空头卖 Call，看跌/看不涨,-7.842510323096162,CALL,9267.0,2626.0,8168430.0,1.5878909588357802e-05,5M-10M,2027-01-15,85.95989990234375,93.2750015258789,86.91000366210938,86.94000244140625,85.3499984741211,12.3,12.05,12.4,39.0,0.4167843966674803,False,NFLX,18.93,-0.35023771790808234,-0.07842510323096162,514420083731.0,-35.02377179080823,6641.0
TSM260618C00330000,330.0,2383.0,多头买 Call，看涨,13.484180233352006,CALL,5544.0,3161.0,8102200.0,5.714650902450134e-06,5M-10M,2026-06-18,333.5299987792969,293.8999938964844,332.7900085449219,334.17999267578125,330.2300109863281,34.0,33.55,35.0,1.0,0.4000609310913086,True,TSM,18.15,0.8732782369146007,0.13484180233352006,1417794391697.0,87.32782369146007,2383.0
TSLA260618C00445000,445.0,1409.0,空头卖 Call，看跌/看不涨,-10.606911055495248,CALL,1626.0,217.0,8087659.999999999,5.693579784505838e-06,5M-10M,2026-06-18,439.5154113769531,491.6659851074219,445.0299987792969,445.0299987792969,437.6600036621094,57.4,55.6,55.9,2.0,0.5293320993041993,False,TSLA,96.45,-0.40487299118714365,-0.10606911055495248,1420487690716.0,-40.48729911871437,1409.0
BIDU270115C00130000,130.0,-1591.0,空头平仓 Call，回补信号，看涨,26.581349105815445,CALL,6559.0,8150.0,8056824.000000001,0.00017844227791428036,5M-10M,2027-01-15,156.2899932861328,123.47000122070312,158.00999450683594,159.10000610351562,155.5,50.64,45.45,47.25,7.0,0.5676312768554688,True,BIDU,22.67,1.2337891486546095,0.26581349105815444,45150869481.0,123.37891486546096,-1591.0
TSM280121C00350000,350.0,1018.0,多头买 Call，看涨,13.484180233352006,CALL,2609.0,1591.0,8054416.0,5.680947849116141e-06,5M-10M,2028-01-21,333.5299987792969,293.8999938964844,332.7900085449219,334.17999267578125,330.2300109863281,79.12,76.15,80.95,1.0,0.4708610043334961,False,TSM,53.3,0.4844277673545968,0.13484180233352006,1417794391697.0,48.44277673545968,1018.0
TSM270115P00330000,330.0,1713.0,空头卖 Put，看涨/看不跌,13.484180233352006,PUT,3152.0,1439.0,8051100.0,5.67860900505002e-06,5M-10M,2027-01-15,333.5299987792969,293.8999938964844,332.7900085449219,334.17999267578125,330.2300109863281,47.0,45.95,48.75,1.0,0.3895324719238281,False,TSM,65.0,-0.27692307692307694,0.13484180233352006,1417794391697.0,-27.692307692307693,1713.0
AAPL260618C00270000,270.0,7775.0,空头卖 Call，看跌/看不涨,-6.979818081637052,CALL,17713.0,9938.0,8008250.0,2.1123671273116236e-06,5M-10M,2026-06-18,253.47999572753903,272.5,251.47999572753903,253.78689575195312,249.8000030517578,10.3,10.25,10.4,85.0,0.2662121719360352,False,AAPL,23.26,-0.5571797076526225,-0.06979818081637051,3791126029400.0,-55.71797076526225,7775.0
NFLX260320C00090000,90.0,27615.0,空头卖 Call，看跌/看不涨,-7.842510323096162,CALL,31661.0,4046.0,7980735.000000001,1.5514042418634026e-05,5M-10M,2026-03-20,85.95989990234375,93.2750015258789,86.91000366210938,86.94000244140625,85.3499984741211,2.89,2.8,2.87,322.0,0.3413151806640625,False,NFLX,9.69,-0.7017543859649122,-0.07842510323096162,514420083731.0,-70.17543859649122,27615.0
GOOGL260220P00310000,310.0,13871.0,空头卖 Put，看涨/看不跌,7.560695230734458,PUT,15103.0,1232.0,7975825.0,2.674965964201704e-06,5M-10M,2026-02-20,330.9750061035156,307.7099914550781,327.8099975585937,331.3500061035156,327.0,5.75,5.55,5.7,695.0,0.4021666229248046,False,GOOGL,16.77,-0.6571258199165175,0.07560695230734459,2981654760000.0,-65.71258199165175,13871.0
MU270115C00340000,340.0,567.0,多头买 Call，看涨,45.68827098100455,CALL,1006.0,439.0,7965215.999999999,4.5255673653702665e-05,5M-10M,2027-01-15,395.6601867675781,271.5799865722656,395.6300048828125,397.239990234375,384.2999877929688,140.48,132.8,136.15,43.0,0.7354152435302734,True,MU,39.7,2.5385390428211583,0.45688270981004553,176004804634.0,253.85390428211582,567.0
COIN260220P00250000,250.0,2031.0,多头买 Put，看跌,-15.487127020807561,PUT,4718.0,2687.0,7920900.0,9.862132777814535e-05,5M-10M,2026-02-20,213.3950042724609,252.5,212.10499572753903,215.63999938964844,210.88999938964844,39.0,36.7,38.9,4.0,0.5434615966796876,True,COIN,24.59,0.5860105734038227,-0.15487127020807562,80316298497.0,58.60105734038227,2031.0
NVDA280121C00200000,200.0,1567.0,多头买 Call，看涨,2.2203993440635448,CALL,20748.0,19181.0,7918050.999999999,1.828642012259998e-06,5M-10M,2028-01-21,187.3699951171875,183.3000030517578,187.07000732421875,189.1199951171875,186.8500061035156,50.53,50.15,50.45,3.0,0.5298203756713868,False,NVDA,47.5,0.06378947368421055,0.022203993440635447,4330017000000.0,6.378947368421055,1567.0
MARA260320C00010000,10.0,49378.0,空头卖 Call，看跌/看不涨,-3.120566710714547,CALL,53139.0,3761.0,7900480.0,0.0013221486124427118,5M-10M,2026-03-20,10.244999885559082,10.574999809265137,10.369999885559082,10.390000343322754,10.119999885559082,1.6,1.54,1.65,28.0,0.95117236328125,True,MARA,2.15,-0.25581395348837205,-0.03120566710714547,5975485604.0,-25.581395348837205,49378.0
TSLA260320P00460000,460.0,1940.0,多头买 Put，看跌,-10.606911055495248,PUT,3225.0,1285.0,7857000.0,5.531198933543494e-06,5M-10M,2026-03-20,439.5154113769531,491.6659851074219,445.0299987792969,445.0299987792969,437.6600036621094,40.5,40.65,40.9,2.0,0.4295711340332031,True,TSLA,31.85,0.27158555729984296,-0.10606911055495248,1420487690716.0,27.158555729984297,1940.0
MU270115P00300000,300.0,1488.0,空头卖 Put，看涨/看不跌,45.68827098100455,PUT,1582.0,94.0,7856639.999999999,4.463878140337017e-05,5M-10M,2027-01-15,395.6601867675781,271.5799865722656,395.6300048828125,397.239990234375,384.2999877929688,52.8,50.9,53.65,2.0,0.6931640791320801,False,MU,83.14,-0.3649266297810922,0.45688270981004553,176004804634.0,-36.492662978109216,1488.0
NU280121P00013000,13.0,50327.0,空头卖 Put，看涨/看不跌,10.100705911057837,PUT,50476.0,149.0,7800685.000000001,0.00010258871280556804,5M-10M,2028-01-21,18.040000915527344,16.385000228881836,18.049999237060547,18.114999771118164,17.950000762939453,1.55,1.56,1.75,10.0,0.43945873046875,False,NU,2.09,-0.2583732057416267,0.10100705911057838,76038433339.0,-25.83732057416267,50327.0
CRWV260220C00095000,95.0,4291.0,多头买 Call，看涨,20.656198460159665,CALL,6886.0,2595.0,7788164.999999999,0.00013246349753299238,5M-10M,2026-02-20,104.44000244140624,86.55999755859375,101.81999969482422,108.6500015258789,101.5500030517578,18.15,18.2,18.85,174.0,1.2556189562988282,True,CRWV,9.0,1.0166666666666666,0.20656198460159664,58794801172.0,101.66666666666666,4291.0
GOOGL260320C00350000,350.0,7595.0,多头买 Call，看涨,7.560695230734458,CALL,12774.0,5179.0,7769685.000000001,2.6058298580483548e-06,5M-10M,2026-03-20,330.9750061035156,307.7099914550781,327.8099975585937,331.3500061035156,327.0,10.23,10.3,10.45,7.0,0.3528507098388671,False,GOOGL,7.15,0.43076923076923074,0.07560695230734459,2981654760000.0,43.07692307692307,7595.0
TSLA260220C00450000,450.0,4291.0,空头卖 Call，看跌/看不涨,-10.606911055495248,CALL,10685.0,6394.0,7766710.000000001,5.46763625673178e-06,5M-10M,2026-02-20,439.5154113769531,491.6659851074219,445.0299987792969,445.0299987792969,437.6600036621094,18.1,18.1,18.15,109.0,0.485783950805664,False,TSLA,67.98,-0.7337452191821123,-0.10606911055495248,1420487690716.0,-73.37452191821123,4291.0
NFLX260618P00090000,90.0,8487.0,多头买 Put，看跌,-7.842510323096162,PUT,20319.0,11832.0,7765605.0,1.5095843349811322e-05,5M-10M,2026-06-18,85.95989990234375,93.2750015258789,86.91000366210938,86.94000244140625,85.3499984741211,9.15,9.15,9.4,169.0,0.3272772351074219,True,NFLX,7.0,0.3071428571428572,-0.07842510323096162,514420083731.0,30.714285714285722,8487.0
TSLA260220P00450000,450.0,2885.0,多头买 Put，看跌,-10.606911055495248,PUT,6928.0,4043.0,7760650.0,5.4633701162790276e-06,5M-10M,2026-02-20,439.5154113769531,491.6659851074219,445.0299987792969,445.0299987792969,437.6600036621094,26.9,27.0,27.25,41.0,0.4572197833251954,True,TSLA,20.85,0.2901678657074339,-0.10606911055495248,1420487690716.0,29.016786570743392,2885.0
FCX260618C00065000,65.0,12182.0,多头买 Call，看涨,25.029756455554462,CALL,12666.0,484.0,7759934.0,0.00015118052747074804,5M-10M,2026-06-18,63.040000915527344,50.41999816894531,63.415000915527344,63.57500076293945,62.08000183105469,6.37,6.1,6.5,61.0,0.4657035852050781,False,FCX,1.1,4.79090909090909,0.25029756455554464,51328925291.0,479.090909090909,12182.0
AMD260821P00250000,250.0,2044.0,空头卖 Put，看涨/看不跌,18.361493917806847,PUT,2390.0,346.0,7756980.0,2.9975347118761872e-05,5M-10M,2026-08-21,253.4600067138672,214.14059448242188,256.7449951171875,258.2898864746094,251.88999938964844,37.95,37.4,37.7,2.0,0.5211839874267576,False,AMD,57.27,-0.3373493975903614,0.18361493917806845,258778654648.0,-33.734939759036145,2044.0
AMZN260220P00240000,240.0,7346.0,空头卖 Put，看涨/看不跌,4.598855744709855,PUT,10318.0,2972.0,7713300.0,3.2907491197622954e-06,5M-10M,2026-02-20,238.58999633789065,228.1000061035156,239.97999572753903,240.9499969482422,237.5399932861328,10.5,10.55,10.7,17.0,0.3902648864746094,True,AMZN,18.7,-0.4385026737967914,0.04598855744709855,2343934380679.0,-43.85026737967914,7346.0
MU280121P00300000,300.0,984.0,空头卖 Put，看涨/看不跌,45.68827098100455,PUT,993.0,9.0,7685039.999999999,4.366380801922398e-05,5M-10M,2028-01-21,395.6601867675781,271.5799865722656,395.6300048828125,397.239990234375,384.2999877929688,78.1,78.5,81.9,2.0,0.650813733596802,False,MU,102.99,-0.24167394892708033,0.45688270981004553,176004804634.0,-24.16739489270803,984.0
NVDA270115C00185000,185.0,2013.0,多头买 Call，看涨,2.2203993440635448,CALL,11329.0,9316.0,7671542.999999999,1.7717119817312493e-06,5M-10M,2027-01-15,187.3699951171875,183.3000030517578,187.07000732421875,189.1199951171875,186.8500061035156,38.11,38.15,38.4,56.0,0.5117846673583983,True,NVDA,34.6,0.10144508670520225,0.022203993440635447,4330017000000.0,10.144508670520224,2013.0
NVDA260417P00180000,180.0,6948.0,空头卖 Put，看涨/看不跌,2.2203993440635448,PUT,15820.0,8872.0,7663644.0,1.769887739470769e-06,5M-10M,2026-04-17,187.3699951171875,183.3000030517578,187.07000732421875,189.1199951171875,186.8500061035156,11.03,10.8,10.85,2.0,0.4097349066162109,False,NVDA,14.05,-0.21494661921708194,0.022203993440635447,4330017000000.0,-21.494661921708193,6948.0
CORZ260220C00019000,19.0,33250.0,多头买 Call，看涨,19.242696192880178,CALL,39479.0,6229.0,7647500.0,0.0014860675224528353,5M-10M,2026-02-20,19.209999084472656,16.110000610351562,19.030000686645508,19.82999992370605,18.86000061035156,2.3,1.95,2.28,11.0,0.99023447265625,True,CORZ,1.24,0.8548387096774193,0.1924269619288018,5146132248.0,85.48387096774192,33250.0
MU270617C00300000,300.0,419.0,多头买 Call，看涨,45.68827098100455,CALL,478.0,59.0,7581804.999999999,4.3077261531389875e-05,5M-10M,2027-06-17,395.6601867675781,271.5799865722656,395.6300048828125,397.239990234375,384.2999877929688,180.95,168.0,172.0,61.0,0.7325161026000976,True,MU,72.7,1.4889958734525444,0.45688270981004553,176004804634.0,148.89958734525445,419.0
TSLA280616C00450000,450.0,468.0,空头卖 Call，看跌/看不涨,-10.606911055495248,CALL,914.0,446.0,7576920.0,5.334027214400454e-06,5M-10M,2028-06-16,439.5154113769531,491.6659851074219,445.0299987792969,445.0299987792969,437.6600036621094,161.9,155.15,157.6,21.0,0.610576709213257,False,TSLA,197.12,-0.1786728896103896,-0.10606911055495248,1420487690716.0,-17.86728896103896,468.0
COIN270115C00200000,200.0,1284.0,空头卖 Call，看跌/看不涨,-15.487127020807561,CALL,2332.0,1048.0,7570464.0,9.425812869454853e-05,5M-10M,2027-01-15,213.3950042724609,252.5,212.10499572753903,215.63999938964844,210.88999938964844,58.96,59.8,61.8,9.0,0.6743806976318361,True,COIN,86.0,-0.3144186046511628,-0.15487127020807562,80316298497.0,-31.441860465116278,1284.0
TSLA260320P00430000,430.0,3096.0,多头买 Put，看跌,-10.606911055495248,PUT,4755.0,1659.0,7569720.0,5.328958532674413e-06,5M-10M,2026-03-20,439.5154113769531,491.6659851074219,445.0299987792969,445.0299987792969,437.6600036621094,24.45,24.45,24.6,4.0,0.4376582113647461,False,TSLA,21.55,0.13457076566125284,-0.10606911055495248,1420487690716.0,13.457076566125284,3096.0
MU270617C00290000,290.0,420.0,多头买 Call，看涨,45.68827098100455,CALL,681.0,261.0,7560420.0,4.295575916647166e-05,5M-10M,2027-06-17,395.6601867675781,271.5799865722656,395.6300048828125,397.239990234375,384.2999877929688,180.01,173.0,177.4,1.0,0.7366511930847168,True,MU,73.97,1.4335541435717183,0.45688270981004553,176004804634.0,143.35541435717184,420.0
AMZN260130C00210000,210.0,2554.0,多头买 Call，看涨,4.598855744709855,CALL,2591.0,37.0,7557286.0,3.2241883827015567e-06,5M-10M,2026-01-30,238.58999633789065,228.1000061035156,239.97999572753903,240.9499969482422,237.5399932861328,29.59,29.15,30.35,30.0,0.8881847119140623,True,AMZN,22.0,0.345,0.04598855744709855,2343934380679.0,34.5,2554.0
TSM260220C00320000,320.0,3490.0,多头买 Call，看涨,13.484180233352006,CALL,5332.0,1842.0,7555850.0,5.329298835042068e-06,5M-10M,2026-02-20,333.5299987792969,293.8999938964844,332.7900085449219,334.17999267578125,330.2300109863281,21.65,18.0,20.65,156.0,0.3658510681152344,True,TSM,6.75,2.2074074074074073,0.13484180233352006,1417794391697.0,220.74074074074073,3490.0
HOOD270115P00115000,115.0,2737.0,多头买 Put，看跌,-12.618205452699394,PUT,3272.0,535.0,7540435.000000001,7.016507470631031e-05,5M-10M,2027-01-15,107.6500015258789,123.19499969482422,106.23999786376952,108.1500015258789,104.83000183105467,27.55,27.55,29.45,5.0,0.5710492114257812,True,HOOD,25.5,0.08039215686274513,-0.12618205452699394,107467070071.0,8.039215686274513,2737.0
TSLA260515P00470000,470.0,1202.0,多头买 Put，看跌,-10.606911055495248,PUT,1521.0,319.0,7522116.0,5.295446098662397e-06,5M-10M,2026-05-15,439.5154113769531,491.6659851074219,445.0299987792969,445.0299987792969,437.6600036621094,62.58,61.65,61.95,2.0,0.4547173669433594,True,TSLA,56.5,0.10761061946902652,-0.10606911055495248,1420487690716.0,10.761061946902652,1202.0
AMD260130C00210000,210.0,1568.0,多头买 Call，看涨,18.361493917806847,CALL,2073.0,505.0,7501312.000000001,2.8987367641290023e-05,5M-10M,2026-01-30,253.4600067138672,214.14059448242188,256.7449951171875,258.2898864746094,251.88999938964844,47.84,44.15,44.7,3.0,1.0810592822265626,True,AMD,16.76,1.8544152744630071,0.18361493917806845,258778654648.0,185.4415274463007,1568.0
AMZN260220C00230000,230.0,-4341.0,空头平仓 Call，回补信号，看涨,4.598855744709855,CALL,16793.0,21134.0,7501248.000000001,3.2002807168292017e-06,5M-10M,2026-02-20,238.58999633789065,228.1000061035156,239.97999572753903,240.9499969482422,237.5399932861328,17.28,16.5,16.65,1.0,0.4780325634765625,True,AMZN,12.18,0.4187192118226602,0.04598855744709855,2343934380679.0,41.87192118226602,-4341.0
NVDA260320P00170000,170.0,14031.0,空头卖 Put，看涨/看不跌,2.2203993440635448,PUT,52738.0,38707.0,7492553.999999999,1.7303751925223385e-06,5M-10M,2026-03-20,187.3699951171875,183.3000030517578,187.07000732421875,189.1199951171875,186.8500061035156,5.34,5.35,5.45,55.0,0.4459283923339844,False,NVDA,8.47,-0.36953955135773325,0.022203993440635447,4330017000000.0,-36.95395513577333,14031.0
TSLA260130C00445000,445.0,6492.0,空头卖 Call，看跌/看不涨,-10.606911055495248,CALL,6752.0,260.0,7485275.999999999,5.269511343830814e-06,5M-10M,2026-01-30,439.5154113769531,491.6659851074219,445.0299987792969,445.0299987792969,437.6600036621094,11.53,11.5,11.6,2377.0,0.6828644995117189,False,TSLA,54.58,-0.7887504580432393,-0.10606911055495248,1420487690716.0,-78.87504580432393,6492.0
AMZN260320P00290000,290.0,1277.0,空头卖 Put，看涨/看不跌,4.598855744709855,PUT,1277.0,0.0,7481943.000000001,3.1920445647597877e-06,5M-10M,2026-03-20,238.58999633789065,228.1000061035156,239.97999572753903,240.9499969482422,237.5399932861328,58.59,50.35,51.45,46.0,1.0000000000000004e-05,True,AMZN,67.04,-0.1260441527446301,0.04598855744709855,2343934380679.0,-12.60441527446301,1277.0
AMD260417C00210000,210.0,1326.0,多头买 Call，看涨,18.361493917806847,CALL,2699.0,1373.0,7472010.000000001,2.8874135736441233e-05,5M-10M,2026-04-17,253.4600067138672,214.14059448242188,256.7449951171875,258.2898864746094,251.88999938964844,56.35,54.35,55.4,71.0,0.6397130755615235,True,AMD,27.4,1.0565693430656935,0.18361493917806845,258778654648.0,105.65693430656935,1326.0
NVDA270115P00150000,150.0,5344.0,空头卖 Put，看涨/看不跌,2.2203993440635448,PUT,23596.0,18252.0,7454880.0,1.721674533841322e-06,5M-10M,2027-01-15,187.3699951171875,183.3000030517578,187.07000732421875,189.1199951171875,186.8500061035156,13.95,13.75,13.95,11.0,0.4401301104736328,False,NVDA,14.9,-0.06375838926174504,0.022203993440635447,4330017000000.0,-6.375838926174504,5344.0
CRM260618P00230000,230.0,3479.0,多头买 Put，看跌,-12.680554554628795,PUT,6972.0,3493.0,7445059.999999999,3.2126036957115344e-05,5M-10M,2026-06-18,228.51499938964844,261.70001220703125,229.42999267578125,230.8699951171875,227.5850067138672,21.4,20.1,21.4,58.0,0.3609988217163086,True,CRM,10.75,0.9906976744186046,-0.12680554554628795,231745360000.0,99.06976744186046,3479.0
BABA260320P00145000,145.0,28566.0,空头卖 Put，看涨/看不跌,13.443152358392846,PUT,54531.0,25965.0,7427160.000000001,1.870876612717087e-05,5M-10M,2026-03-20,170.53909301757812,150.3300018310547,169.7899932861328,170.86000061035156,168.67999267578125,2.6,2.22,2.46,16.0,0.4444635632324218,False,BABA,8.2,-0.6829268292682927,0.13443152358392846,396988232656.0,-68.29268292682927,28566.0
MSFT260618C00500000,500.0,3517.0,空头卖 Call，看跌/看不涨,-3.2764267162519096,CALL,10613.0,7096.0,7385700.0,1.942701765631598e-06,5M-10M,2026-06-18,469.0899963378906,484.9800109863281,465.3049926757813,470.3475036621094,462.0,21.0,20.75,21.0,12.0,0.2815928775024413,False,MSFT,32.9,-0.36170212765957444,-0.032764267162519095,3801767276203.0,-36.170212765957444,3517.0
NVDA260717P00150000,150.0,10241.0,空头卖 Put，看涨/看不跌,2.2203993440635448,PUT,11677.0,1436.0,7373520.0,1.702884769274578e-06,5M-10M,2026-07-17,187.3699951171875,183.3000030517578,187.07000732421875,189.1199951171875,186.8500061035156,7.2,7.0,7.1,20.0,0.4483087396240234,False,NVDA,9.16,-0.21397379912663755,0.022203993440635447,4330017000000.0,-21.397379912663755,10241.0
ORCL280121P00155000,155.0,2127.0,多头买 Put，看跌,-6.782618117241909,PUT,2426.0,299.0,7370055.0,9.149525653985037e-06,5M-10M,2028-01-21,181.69000244140625,194.91000366210935,179.10000610351562,185.27999877929688,178.52999877929688,34.65,31.6,33.55,2.0,0.4930012858581543,False,ORCL,29.2,0.18664383561643832,-0.06782618117241909,805512250440.0,18.66438356164383,2127.0
AVGO280121C00250000,250.0,575.0,空头卖 Call，看跌/看不涨,-5.431308620422091,CALL,714.0,139.0,7365750.0,4.662537635854645e-06,5M-10M,2028-01-21,323.2149963378906,341.77801513671875,319.95001220703125,328.010009765625,317.6000061035156,128.1,126.85,129.65,210.0,0.5553480744934083,True,AVGO,140.57,-0.08871025112043822,-0.054313086204220914,1579772770810.0,-8.871025112043823,575.0
PLTR270115C00155000,155.0,1598.0,空头卖 Call，看跌/看不涨,-13.635784078336705,CALL,2362.0,764.0,7358789.999999999,1.7468653886826825e-05,5M-10M,2027-01-15,169.7100067138672,196.5050048828125,168.2100067138672,170.58970642089844,168.02000427246094,46.05,46.35,47.55,1.0,0.6226234027099609,True,PLTR,69.47,-0.3371239383906723,-0.13635784078336705,421256843697.0,-33.712393839067225,1598.0
BIDU270115C00120000,120.0,-1293.0,空头平仓 Call，回补信号，看涨,26.581349105815445,CALL,1658.0,2951.0,7308036.0,0.00016185814545775922,5M-10M,2027-01-15,156.2899932861328,123.47000122070312,158.00999450683594,159.10000610351562,155.5,56.52,51.55,54.35,5.0,0.5918009570312501,True,BIDU,26.58,1.1264108352144473,0.26581349105815444,45150869481.0,112.64108352144473,-1293.0
MU270115C00300000,300.0,483.0,多头买 Call，看涨,45.68827098100455,CALL,1990.0,1507.0,7305375.0,4.150667940680054e-05,5M-10M,2027-01-15,395.6601867675781,271.5799865722656,395.6300048828125,397.239990234375,384.2999877929688,151.25,150.95,154.45,17.0,0.7294796339416505,True,MU,59.35,1.548441449031171,0.45688270981004553,176004804634.0,154.8441449031171,483.0
SOFI280616C00020000,20.0,5671.0,空头卖 Call，看跌/看不涨,-5.5954823642197535,CALL,6969.0,1298.0,7287234.999999999,0.00021749918814069339,5M-10M,2028-06-16,25.904600143432617,27.440000534057617,25.899999618530277,26.399999618530277,25.8700008392334,12.85,12.75,14.25,1.0,0.773439765625,True,SOFI,14.28,-0.10014005602240895,-0.05595482364219753,33504653798.0,-10.014005602240896,5671.0
AAPL260220P00270000,270.0,3163.0,多头买 Put，看跌,-6.979818081637052,PUT,7580.0,4417.0,7268574.000000001,1.9172599232081866e-06,5M-10M,2026-02-20,253.47999572753903,272.5,251.47999572753903,253.78689575195312,249.8000030517578,22.98,19.75,19.95,57.0,0.3388737988281249,True,AAPL,7.85,1.9273885350318474,-0.06979818081637051,3791126029400.0,192.73885350318474,3163.0
UNH260515C00300000,300.0,1161.0,多头买 Call，看涨,6.628631560995219,CALL,1712.0,551.0,7267860.000000001,2.332251617715596e-05,5M-10M,2026-05-15,349.54998779296875,327.82000732421875,353.95001220703125,354.7900085449219,348.0,62.6,59.65,64.55,3.0,0.4833425689697266,True,UNH,47.45,0.31928345626975757,0.06628631560995218,311624180890.0,31.92834562697576,1161.0
SHOP260220P00175000,175.0,1945.0,多头买 Put，看跌,-20.014993006752757,PUT,3287.0,1342.0,7254850.0,3.981010646305808e-05,5M-10M,2026-02-20,136.4149932861328,170.5507049560547,136.72999572753906,138.09950256347656,136.02999877929688,37.3,36.5,39.45,3.0,0.6472203247070312,True,SHOP,17.1,1.181286549707602,-0.20014993006752757,182236387806.0,118.1286549707602,1945.0
IREN260220C00050000,50.0,7251.0,多头买 Call，看涨,30.278800299839574,CALL,12543.0,5292.0,7251000.0,0.000636884856898717,5M-10M,2026-02-20,55.84999847412109,42.86959838867188,56.13899993896485,57.04560089111328,55.20000076293945,10.0,9.8,10.8,11.0,1.245853380126953,True,IREN,4.5,1.2222222222222223,0.30278800299839576,11385103479.0,122.22222222222223,7251.0
NVDA260320P00200000,200.0,3745.0,空头卖 Put，看涨/看不跌,2.2203993440635448,PUT,15782.0,12037.0,7246575.0,1.6735673324146303e-06,5M-10M,2026-03-20,187.3699951171875,183.3000030517578,187.07000732421875,189.1199951171875,186.8500061035156,19.35,18.95,19.05,13.0,0.3913635083007812,True,NVDA,25.85,-0.2514506769825919,0.022203993440635447,4330017000000.0,-25.145067698259187,3745.0
AMZN260220C00240000,240.0,6758.0,多头买 Call，看涨,4.598855744709855,CALL,30583.0,23825.0,7244576.000000001,3.090775944803269e-06,5M-10M,2026-02-20,238.58999633789065,228.1000061035156,239.97999572753903,240.9499969482422,237.5399932861328,10.72,10.65,10.8,78.0,0.4528252960205078,False,AMZN,8.1,0.3234567901234569,0.04598855744709855,2343934380679.0,32.34567901234569,6758.0
AMZN260618C00270000,270.0,6674.0,多头买 Call，看涨,4.598855744709855,CALL,14783.0,8109.0,7241289.999999999,3.0893740284240868e-06,5M-10M,2026-06-18,238.58999633789065,228.1000061035156,239.97999572753903,240.9499969482422,237.5399932861328,10.85,10.5,10.65,1.0,0.3629214099121094,False,AMZN,8.46,0.2825059101654845,0.04598855744709855,2343934380679.0,28.250591016548448,6674.0
AVGO260717P00300000,300.0,2316.0,多头买 Put，看跌,-5.431308620422091,PUT,2849.0,533.0,7202760.000000001,4.559364570074794e-06,5M-10M,2026-07-17,323.2149963378906,341.77801513671875,319.95001220703125,328.010009765625,317.6000061035156,31.1,29.65,30.0,16.0,0.4761557511901855,False,AVGO,27.95,0.11270125223613604,-0.054313086204220914,1579772770810.0,11.270125223613604,2316.0
MU260130C00320000,320.0,910.0,多头买 Call，看涨,45.68827098100455,CALL,958.0,48.0,7172620.0,4.075241022491052e-05,5M-10M,2026-01-30,395.6601867675781,271.5799865722656,395.6300048828125,397.239990234375,384.2999877929688,78.82,70.0,72.9,16.0,1.0000000000000004e-05,True,MU,7.5,9.509333333333332,0.45688270981004553,176004804634.0,950.9333333333333,910.0
COIN260320P00230000,230.0,2748.0,多头买 Put，看跌,-15.487127020807561,PUT,5324.0,2576.0,7153044.0,8.906092703297553e-05,5M-10M,2026-03-20,213.3950042724609,252.5,212.10499572753903,215.63999938964844,210.88999938964844,26.03,26.65,27.95,157.0,0.5246629565429688,True,COIN,19.45,0.33830334190231376,-0.15487127020807562,80316298497.0,33.830334190231376,2748.0
APP260320C00700000,700.0,5127.0,空头卖 Call，看跌/看不涨,-24.46103978965113,CALL,5895.0,768.0,7152164.999999999,3.1565726195639755e-05,5M-10M,2026-03-20,549.1900024414062,727.02880859375,532.7899780273438,558.3699951171875,530.5900268554688,13.95,14.0,17.6,2.0,0.6865570895385743,False,APP,106.75,-0.8693208430913348,-0.24461039789651132,226580087392.0,-86.93208430913349,5127.0
TSLA280616C00400000,400.0,402.0,空头卖 Call，看跌/看不涨,-10.606911055495248,CALL,1300.0,898.0,7147560.000000001,5.031764827470808e-06,5M-10M,2028-06-16,439.5154113769531,491.6659851074219,445.0299987792969,445.0299987792969,437.6600036621094,177.8,174.0,176.0,1.0,0.6194801235961916,True,TSLA,217.35,-0.18196457326892101,-0.10606911055495248,1420487690716.0,-18.1964573268921,402.0
TSLA260515C00550000,550.0,-3992.0,多头平仓 Call，减仓，看涨减弱,-10.606911055495248,CALL,2908.0,6900.0,7145679.999999999,5.0304413383534516e-06,5M-10M,2026-05-15,439.5154113769531,491.6659851074219,445.0299987792969,445.0299987792969,437.6600036621094,17.9,17.15,17.4,4.0,0.5205126074218749,False,TSLA,49.65,-0.6394763343403826,-0.10606911055495248,1420487690716.0,-63.947633434038266,-3992.0
AMD260515C00200000,200.0,1033.0,多头买 Call，看涨,18.361493917806847,CALL,11226.0,10193.0,7143195.000000001,2.7603493841933875e-05,5M-10M,2026-05-15,253.4600067138672,214.14059448242188,256.7449951171875,258.2898864746094,251.88999938964844,69.15,65.65,66.8,35.0,0.6671175866699222,True,AMD,36.54,0.8924466338259444,0.18361493917806845,258778654648.0,89.24466338259444,1033.0
AMZN270617C00265000,265.0,2105.0,多头买 Call，看涨,4.598855744709855,CALL,3042.0,937.0,7142264.999999999,3.047126685317445e-06,5M-10M,2027-06-17,238.58999633789065,228.1000061035156,239.97999572753903,240.9499969482422,237.5399932861328,33.93,34.05,34.3,6.0,0.3948272187805176,False,AMZN,29.95,0.1328881469115192,0.04598855744709855,2343934380679.0,13.28881469115192,2105.0
NVDA270115C00190000,190.0,1980.0,多头买 Call，看涨,2.2203993440635448,CALL,20527.0,18547.0,7128000.0,1.6461829133696242e-06,5M-10M,2027-01-15,187.3699951171875,183.3000030517578,187.07000732421875,189.1199951171875,186.8500061035156,36.0,35.8,36.05,2.0,0.5069019036865234,False,NVDA,33.55,0.07302533532041738,0.022203993440635447,4330017000000.0,7.302533532041738,1980.0
TSLA260717C00500000,500.0,1655.0,空头卖 Call，看跌/看不涨,-10.606911055495248,CALL,3366.0,1711.0,7091675.0,4.992422705490271e-06,5M-10M,2026-07-17,439.5154113769531,491.6659851074219,445.0299987792969,445.0299987792969,437.6600036621094,42.85,41.15,41.45,2.0,0.5244645942687989,False,TSLA,84.61,-0.49355868100697314,-0.10606911055495248,1420487690716.0,-49.355868100697315,1655.0
RKLB260220C00060000,60.0,-2405.0,空头平仓 Call，回补信号，看涨,12.539707561611419,CALL,1320.0,3725.0,7080320.0,0.0003192929653260391,5M-10M,2026-02-20,85.3499984741211,75.83989715576172,86.79000091552734,87.16000366210938,84.27999877929688,29.44,25.2,27.45,8.0,1.0449266503906252,True,RKLB,18.9,0.5576719576719579,0.12539707561611418,22174995283.0,55.76719576719579,-2405.0
MU260618P00350000,350.0,1573.0,空头卖 Put，看涨/看不跌,45.68827098100455,PUT,1576.0,3.0,7078500.0,4.0217652096030336e-05,5M-10M,2026-06-18,395.6601867675781,271.5799865722656,395.6300048828125,397.239990234375,384.2999877929688,45.0,43.4,45.25,1.0,0.6992064991760254,False,MU,100.75,-0.5533498759305211,0.45688270981004553,176004804634.0,-55.33498759305211,1573.0
TSM260515C00300000,300.0,1485.0,多头买 Call，看涨,13.484180233352006,CALL,2320.0,835.0,7046325.0,4.969920209351404e-06,5M-10M,2026-05-15,333.5299987792969,293.8999938964844,332.7900085449219,334.17999267578125,330.2300109863281,47.45,46.7,48.45,1.0,0.4130612893676757,True,TSM,25.06,0.8934557063048685,0.13484180233352006,1417794391697.0,89.34557063048685,1485.0
AAPL280317P00300000,300.0,1108.0,多头买 Put，看跌,-6.979818081637052,PUT,1113.0,5.0,7025828.0,1.853229870364383e-06,5M-10M,2028-03-17,253.47999572753903,272.5,251.47999572753903,253.78689575195312,249.8000030517578,63.41,59.7,60.25,1.0,0.1975635664367676,True,AAPL,49.3,0.28620689655172415,-0.06979818081637051,3791126029400.0,28.620689655172416,1108.0
SHOP260320C00145000,145.0,7706.0,空头卖 Call，看跌/看不涨,-20.014993006752757,CALL,8317.0,611.0,7012459.999999999,3.848002083681072e-05,5M-10M,2026-03-20,136.4149932861328,170.5507049560547,136.72999572753906,138.09950256347656,136.02999877929688,9.1,8.7,9.6,30.0,0.602787175292969,False,SHOP,34.22,-0.7340736411455289,-0.20014993006752757,182236387806.0,-73.40736411455289,7706.0
ORCL260618C00190000,190.0,3522.0,空头卖 Call，看跌/看不涨,-6.782618117241909,CALL,4091.0,569.0,6998214.0,8.687905114015736e-06,5M-10M,2026-06-18,181.69000244140625,194.91000366210935,179.10000610351562,185.27999877929688,178.52999877929688,19.87,20.2,22.2,157.0,0.5425765957641603,False,ORCL,29.3,-0.3218430034129693,-0.06782618117241909,805512250440.0,-32.184300341296925,3522.0
ORCL260220C00185000,185.0,9606.0,空头卖 Call，看跌/看不涨,-6.782618117241909,CALL,10659.0,1053.0,6993168.000000001,8.681640777257054e-06,5M-10M,2026-02-20,181.69000244140625,194.91000366210935,179.10000610351562,185.27999877929688,178.52999877929688,7.28,7.15,7.55,11.0,0.4669242761230469,False,ORCL,19.0,-0.6168421052631579,-0.06782618117241909,805512250440.0,-61.68421052631579,9606.0
NVDA260130P00190000,190.0,15535.0,空头卖 Put，看涨/看不跌,2.2203993440635448,PUT,15912.0,377.0,6990750.0,1.614485578232141e-06,5M-10M,2026-01-30,187.3699951171875,183.3000030517578,187.07000732421875,189.1199951171875,186.8500061035156,4.5,4.45,4.5,619.0,0.3357000024414062,True,NVDA,11.28,-0.601063829787234,0.022203993440635447,4330017000000.0,-60.1063829787234,15535.0
SOFI260918C00025000,25.0,11597.0,空头卖 Call，看跌/看不涨,-5.5954823642197535,CALL,19761.0,8164.0,6958200.0,0.00020767861211015877,5M-10M,2026-09-18,25.904600143432617,27.440000534057617,25.899999618530277,26.399999618530277,25.8700008392334,6.0,5.8,6.15,29.0,0.6833527758789064,True,SOFI,7.5,-0.2,-0.05595482364219753,33504653798.0,-20.0,11597.0
CRWD260618C00470000,470.0,1541.0,空头卖 Call，看跌/看不涨,-4.489924629597456,CALL,1799.0,258.0,6937582.000000001,5.74232680980362e-05,5M-10M,2026-06-18,460.8599853515625,482.5249938964844,454.05999755859375,463.0,452.6600036621094,45.02,44.15,49.05,267.0,0.4602409933471679,False,CRWD,66.23,-0.32024762192359957,-0.04489924629597456,120814823499.0,-32.02476219235996,1541.0
COIN260320P00190000,190.0,8209.0,多头买 Put，看跌,-15.487127020807561,PUT,9269.0,1060.0,6936604.999999999,8.636609417774772e-05,5M-10M,2026-03-20,213.3950042724609,252.5,212.10499572753903,215.63999938964844,210.88999938964844,8.45,7.55,8.25,3.0,0.5550581604003908,False,COIN,6.9,0.22463768115942012,-0.15487127020807562,80316298497.0,22.463768115942013,8209.0
BE260220C00115000,115.0,-2226.0,空头平仓 Call，回补信号，看涨,60.22885182947528,CALL,1648.0,3874.0,6933989.999999999,0.0004213977953370236,5M-10M,2026-02-20,146.67349243164062,91.54000091552734,142.0,146.7445068359375,138.65049743652344,31.15,29.5,32.8,12.0,0.7307155834960937,True,BE,10.36,2.0067567567567566,0.6022885182947528,16454737250.0,200.67567567567565,-2226.0
NFLX260220P00110000,110.0,-2898.0,空头平仓 Put，回补，看跌信号减弱,-7.842510323096162,PUT,314.0,3212.0,6926220.0,1.346413217338896e-05,5M-10M,2026-02-20,85.95989990234375,93.2750015258789,86.91000366210938,86.94000244140625,85.3499984741211,23.9,23.45,24.35,478.0,0.5556685058593751,True,NFLX,15.84,0.5088383838383838,-0.07842510323096162,514420083731.0,50.88383838383837,-2898.0
AVGO270115P00300000,300.0,1496.0,多头买 Put，看跌,-5.431308620422091,PUT,3910.0,2414.0,6911520.0,4.375008942872362e-06,5M-10M,2027-01-15,323.2149963378906,341.77801513671875,319.95001220703125,328.010009765625,317.6000061035156,46.2,44.55,45.15,93.0,0.4609123733520508,False,AVGO,42.17,0.09556556793929336,-0.054313086204220914,1579772770810.0,9.556556793929335,1496.0
NFLX260618P00086000,86.0,9796.0,多头买 Put，看跌,-7.842510323096162,PUT,12163.0,2367.0,6896384.0,1.3406132882646645e-05,5M-10M,2026-06-18,85.95989990234375,93.2750015258789,86.91000366210938,86.94000244140625,85.3499984741211,7.04,6.8,7.2,13.0,0.3338689660644531,True,NFLX,5.7,0.2350877192982456,-0.07842510323096162,514420083731.0,23.508771929824558,9796.0
INTC270115C00040000,40.0,-5868.0,空头平仓 Call，回补信号，看涨,16.391913684478432,CALL,58435.0,64303.0,6865559.999999999,4.418461419648804e-05,5M-10M,2027-01-15,43.05500030517578,36.99140167236328,44.27999877929688,44.459999084472656,42.95019912719727,11.7,11.7,11.95,29.0,0.6364782446289063,True,INTC,7.6,0.5394736842105263,0.16391913684478432,155383500000.0,53.94736842105263,-5868.0
AAPL260130C00250000,250.0,11155.0,空头卖 Call，看跌/看不涨,-6.979818081637052,CALL,11176.0,21.0,6860325.0,1.8095745028781712e-06,5M-10M,2026-01-30,253.47999572753903,272.5,251.47999572753903,253.78689575195312,249.8000030517578,6.15,6.05,6.15,2411.0,0.358404853515625,True,AAPL,24.4,-0.7479508196721312,-0.06979818081637051,3791126029400.0,-74.79508196721312,11155.0
AMZN260220C00245000,245.0,8009.0,多头买 Call，看涨,4.598855744709855,CALL,16736.0,8727.0,6807650.0,2.904368849279788e-06,5M-10M,2026-02-20,238.58999633789065,228.1000061035156,239.97999572753903,240.9499969482422,237.5399932861328,8.5,8.2,8.35,48.0,0.4392145922851562,False,AMZN,6.65,0.27819548872180444,0.04598855744709855,2343934380679.0,27.819548872180444,8009.0
MSFT261218C00480000,480.0,1366.0,空头卖 Call，看跌/看不涨,-3.2764267162519096,CALL,3976.0,2610.0,6804046.000000001,1.7897060776417421e-06,5M-10M,2026-12-18,469.0899963378906,484.9800109863281,465.3049926757813,470.3475036621094,462.0,49.81,47.7,48.15,29.0,0.2984231535339355,False,MSFT,63.3,-0.21311216429699834,-0.032764267162519095,3801767276203.0,-21.311216429699833,1366.0
BIDU260618C00160000,160.0,3017.0,多头买 Call，看涨,26.581349105815445,CALL,3106.0,89.0,6803335.000000001,0.00015068004399921737,5M-10M,2026-06-18,156.2899932861328,123.47000122070312,158.00999450683594,159.10000610351562,155.5,22.55,19.3,21.5,43.0,0.5632367895507813,False,BIDU,6.8,2.3161764705882355,0.26581349105815444,45150869481.0,231.61764705882354,3017.0
TSLA260320C00480000,480.0,3857.0,空头卖 Call，看跌/看不涨,-10.606911055495248,CALL,7581.0,3724.0,6776749.000000001,4.770719974760334e-06,5M-10M,2026-03-20,439.5154113769531,491.6659851074219,445.0299987792969,445.0299987792969,437.6600036621094,17.57,17.7,17.9,28.0,0.4882558499145508,False,TSLA,61.05,-0.7122031122031122,-0.10606911055495248,1420487690716.0,-71.22031122031122,3857.0
AMZN260515C00220000,220.0,2151.0,多头买 Call，看涨,4.598855744709855,CALL,3295.0,1144.0,6775650.0,2.890716589957268e-06,5M-10M,2026-05-15,238.58999633789065,228.1000061035156,239.97999572753903,240.9499969482422,237.5399932861328,31.5,31.45,31.7,78.0,0.4223690576171874,True,AMZN,25.85,0.21856866537717595,0.04598855744709855,2343934380679.0,21.856866537717597,2151.0
NVDA260417P00185000,185.0,5269.0,空头卖 Put，看涨/看不跌,2.2203993440635448,PUT,8854.0,3585.0,6765396.000000001,1.5624409788691363e-06,5M-10M,2026-04-17,187.3699951171875,183.3000030517578,187.07000732421875,189.1199951171875,186.8500061035156,12.84,12.95,13.0,122.0,0.401800415649414,False,NVDA,16.45,-0.21945288753799388,0.022203993440635447,4330017000000.0,-21.94528875379939,5269.0
CRWV260320C00085000,85.0,2767.0,多头买 Call，看涨,20.656198460159665,CALL,4244.0,1477.0,6765314.999999999,0.00011506655121102549,5M-10M,2026-03-20,104.44000244140624,86.55999755859375,101.81999969482422,108.6500015258789,101.5500030517578,24.45,25.5,28.35,7.0,1.0609177813720705,True,CRWV,16.75,0.4597014925373134,0.20656198460159664,58794801172.0,45.97014925373134,2767.0
ANET280121C00155000,155.0,2002.0,多头买 Call，看涨,8.970049849106436,CALL,2070.0,68.0,6756750.0,3.7725432007544364e-05,5M-10M,2028-01-21,144.25999450683594,132.38499450683594,139.32000732421875,146.40499877929688,139.3300018310547,33.75,35.0,37.45,523.0,0.5015918981933594,False,ANET,28.8,0.17187499999999997,0.08970049849106436,179103316793.0,17.187499999999996,2002.0
FCX260220C00060000,60.0,15171.0,多头买 Call，看涨,25.029756455554462,CALL,19638.0,4467.0,6751095.0,0.00013152613193683475,5M-10M,2026-02-20,63.040000915527344,50.41999816894531,63.415000915527344,63.57500076293945,62.08000183105469,4.45,4.55,4.8,274.0,0.4672904833984375,True,FCX,0.5,7.9,0.25029756455554464,51328925291.0,790.0,15171.0
TSLA260320C00450000,450.0,2402.0,空头卖 Call，看跌/看不涨,-10.606911055495248,CALL,9125.0,6723.0,6737610.000000001,4.743166761694284e-06,5M-10M,2026-03-20,439.5154113769531,491.6659851074219,445.0299987792969,445.0299987792969,437.6600036621094,28.05,27.75,27.95,102.0,0.4823049816894531,False,TSLA,78.35,-0.6419910657306956,-0.10606911055495248,1420487690716.0,-64.19910657306957,2402.0
UNH280121P00350000,350.0,1159.0,空头卖 Put，看涨/看不跌,6.628631560995219,PUT,1358.0,199.0,6722200.0,2.157149673302427e-05,5M-10M,2028-01-21,349.54998779296875,327.82000732421875,353.95001220703125,354.7900085449219,348.0,58.0,57.25,61.25,11.0,0.3128120477294921,True,UNH,73.1,-0.20656634746922017,0.06628631560995218,311624180890.0,-20.656634746922016,1159.0
AMD260220C00250000,250.0,3736.0,多头买 Call，看涨,18.361493917806847,CALL,10331.0,6595.0,6721064.0,2.597225033549321e-05,5M-10M,2026-02-20,253.4600067138672,214.14059448242188,256.7449951171875,258.2898864746094,251.88999938964844,17.99,18.4,18.65,58.0,0.6232947827148438,True,AMD,7.46,1.411528150134048,0.18361493917806845,258778654648.0,141.1528150134048,3736.0
AVGO260320C00380000,380.0,8242.0,空头卖 Call，看跌/看不涨,-5.431308620422091,CALL,14530.0,6288.0,6717230.0,4.252022901088402e-06,5M-10M,2026-03-20,323.2149963378906,341.77801513671875,319.95001220703125,328.010009765625,317.6000061035156,8.15,8.4,8.75,4.0,0.5277146838378908,False,AVGO,20.06,-0.5937188434695911,-0.054313086204220914,1579772770810.0,-59.37188434695911,8242.0
TSLA260220C00425000,425.0,2177.0,空头卖 Call，看跌/看不涨,-10.606911055495248,CALL,2631.0,454.0,6702983.0,4.718789922509886e-06,5M-10M,2026-02-20,439.5154113769531,491.6659851074219,445.0299987792969,445.0299987792969,437.6600036621094,30.79,31.1,31.35,15.0,0.504765694580078,True,TSLA,77.29,-0.6016302238323199,-0.10606911055495248,1420487690716.0,-60.16302238323199,2177.0
NFLX260320P00090000,90.0,11274.0,多头买 Put，看跌,-7.842510323096162,PUT,20639.0,9365.0,6685481.999999999,1.2996152777534177e-05,5M-10M,2026-03-20,85.95989990234375,93.2750015258789,86.91000366210938,86.94000244140625,85.3499984741211,5.93,6.15,6.4,6.0,0.3021310021972656,True,NFLX,4.5,0.3177777777777777,-0.07842510323096162,514420083731.0,31.77777777777777,11274.0
TSLA260821C00430000,430.0,815.0,空头卖 Call，看跌/看不涨,-10.606911055495248,CALL,1326.0,511.0,6683000.0,4.7047222187694e-06,5M-10M,2026-08-21,439.5154113769531,491.6659851074219,445.0299987792969,445.0299987792969,437.6600036621094,82.0,76.4,77.45,3.0,0.5541731594848633,True,TSLA,116.87,-0.29836570548472663,-0.10606911055495248,1420487690716.0,-29.836570548472665,815.0
AVGO270115P00320000,320.0,1187.0,多头买 Put，看跌,-5.431308620422091,PUT,2813.0,1626.0,6667379.000000001,4.2204670970379005e-06,5M-10M,2027-01-15,323.2149963378906,341.77801513671875,319.95001220703125,328.010009765625,317.6000061035156,56.17,54.95,55.7,37.0,0.4566704724121094,False,AVGO,51.0,0.10137254901960788,-0.054313086204220914,1579772770810.0,10.137254901960787,1187.0
PLTR260320P00170000,170.0,4571.0,多头买 Put，看跌,-13.635784078336705,PUT,9318.0,4747.0,6650805.0,1.5788004633068382e-05,5M-10M,2026-03-20,169.7100067138672,196.5050048828125,168.2100067138672,170.58970642089844,168.02000427246094,14.55,13.8,13.95,2.0,0.5288133056640626,True,PLTR,9.8,0.4846938775510204,-0.13635784078336705,421256843697.0,48.46938775510204,4571.0
NFLX270115C00071000,71.0,2965.0,空头卖 Call，看跌/看不涨,-7.842510323096162,CALL,3275.0,310.0,6644564.999999999,1.2916612725942029e-05,5M-10M,2027-01-15,85.95989990234375,93.2750015258789,86.91000366210938,86.94000244140625,85.3499984741211,22.41,22.5,23.05,61.0,0.4699149688720704,True,NFLX,33.05,-0.32193645990922837,-0.07842510323096162,514420083731.0,-32.19364599092284,2965.0
AVGO260220P00340000,340.0,2480.0,多头买 Put，看跌,-5.431308620422091,PUT,6347.0,3867.0,6634000.0,4.199338108985469e-06,5M-10M,2026-02-20,323.2149963378906,341.77801513671875,319.95001220703125,328.010009765625,317.6000061035156,26.75,25.3,25.65,2.0,0.4520318469238281,True,AVGO,22.63,0.1820592134334954,-0.054313086204220914,1579772770810.0,18.20592134334954,2480.0
AMZN260320C00240000,240.0,4847.0,多头买 Call，看涨,4.598855744709855,CALL,13092.0,8245.0,6630695.999999999,2.828874415024875e-06,5M-10M,2026-03-20,238.58999633789065,228.1000061035156,239.97999572753903,240.9499969482422,237.5399932861328,13.68,13.5,13.65,66.0,0.3917297155761718,False,AMZN,10.43,0.311601150527325,0.04598855744709855,2343934380679.0,31.1601150527325,4847.0
NFLX260320P00083000,83.0,25244.0,多头买 Put，看跌,-7.842510323096162,PUT,26625.0,1381.0,6613928.0,1.2857056342027556e-05,5M-10M,2026-03-20,85.95989990234375,93.2750015258789,86.91000366210938,86.94000244140625,85.3499984741211,2.62,2.65,2.79,6314.0,0.3171455004882812,False,NFLX,2.33,0.12446351931330474,-0.07842510323096162,514420083731.0,12.446351931330474,25244.0
NVDA260717C00185000,185.0,2572.0,多头买 Call，看涨,2.2203993440635448,CALL,3452.0,880.0,6610039.999999999,1.5265621358992353e-06,5M-10M,2026-07-17,187.3699951171875,183.3000030517578,187.07000732421875,189.1199951171875,186.8500061035156,25.7,25.85,25.95,187.0,0.4870046417236329,True,NVDA,23.07,0.11400086692674465,0.022203993440635447,4330017000000.0,11.400086692674465,2572.0
ORCL280121P00150000,150.0,2163.0,多头买 Put，看跌,-6.782618117241909,PUT,2883.0,720.0,6597150.0,8.190005796182984e-06,5M-10M,2028-01-21,181.69000244140625,194.91000366210935,179.10000610351562,185.27999877929688,178.52999877929688,30.5,28.6,31.0,4.0,0.4946644772338867,False,ORCL,26.45,0.15311909262759926,-0.06782618117241909,805512250440.0,15.311909262759926,2163.0
NFLX260320P00099000,99.0,4523.0,多头买 Put，看跌,-7.842510323096162,PUT,7608.0,3085.0,6594534.0,1.2819355636683124e-05,5M-10M,2026-03-20,85.95989990234375,93.2750015258789,86.91000366210938,86.94000244140625,85.3499984741211,14.58,13.05,13.7,1.0,0.3154365332031249,True,NFLX,8.63,0.6894553881807647,-0.07842510323096162,514420083731.0,68.94553881807647,4523.0
AMZN260618C00240000,240.0,2950.0,多头买 Call，看涨,4.598855744709855,CALL,8342.0,5392.0,6593250.0,2.812898711818904e-06,5M-10M,2026-06-18,238.58999633789065,228.1000061035156,239.97999572753903,240.9499969482422,237.5399932861328,22.35,22.15,22.3,20.0,0.3848938464355468,False,AMZN,18.29,0.22197922361946432,0.04598855744709855,2343934380679.0,22.197922361946432,2950.0
NVDA260717P00200000,200.0,2357.0,空头卖 Put，看涨/看不跌,2.2203993440635448,PUT,2398.0,41.0,6578387.0,1.519252002936709e-06,5M-10M,2026-07-17,187.3699951171875,183.3000030517578,187.07000732421875,189.1199951171875,186.8500061035156,27.91,27.45,27.55,25.0,0.3882812637329101,True,NVDA,32.25,-0.1345736434108527,0.022203993440635447,4330017000000.0,-13.45736434108527,2357.0
COIN260320C00270000,270.0,15084.0,空头卖 Call，看跌/看不涨,-15.487127020807561,CALL,16417.0,1333.0,6561539.999999999,8.169624500617503e-05,5M-10M,2026-03-20,213.3950042724609,252.5,212.10499572753903,215.63999938964844,210.88999938964844,4.35,4.15,4.5,20.0,0.5948526843261719,False,COIN,20.08,-0.7833665338645418,-0.15487127020807562,80316298497.0,-78.33665338645417,15084.0
TSLA271217P00510000,510.0,415.0,多头买 Put，看跌,-10.606911055495248,PUT,714.0,299.0,6559075.0,4.617481054477764e-06,5M-10M,2027-12-17,439.5154113769531,491.6659851074219,445.0299987792969,445.0299987792969,437.6600036621094,158.05,154.7,155.85,1.0,0.4586083192443848,True,TSLA,150.05,0.05331556147950683,-0.10606911055495248,1420487690716.0,5.331556147950683,415.0
FCX260618C00055000,55.0,6581.0,多头买 Call，看涨,25.029756455554462,CALL,23455.0,16874.0,6548095.0,0.00012757124687253372,5M-10M,2026-06-18,63.040000915527344,50.41999816894531,63.415000915527344,63.57500076293945,62.08000183105469,9.95,11.2,12.45,105.0,0.5295457202148439,True,FCX,3.27,2.0428134556574924,0.25029756455554464,51328925291.0,204.28134556574923,6581.0
TSLA260220P00440000,440.0,3103.0,多头买 Put，看跌,-10.606911055495248,PUT,6032.0,2929.0,6547330.0,4.609212767412158e-06,5M-10M,2026-02-20,439.5154113769531,491.6659851074219,445.0299987792969,445.0299987792969,437.6600036621094,21.1,21.0,21.1,72.0,0.446294599609375,True,TSLA,17.62,0.1975028376844495,-0.10606911055495248,1420487690716.0,19.75028376844495,3103.0
MSFT280121C00400000,400.0,519.0,空头卖 Call，看跌/看不涨,-3.2764267162519096,CALL,916.0,397.0,6503070.0,1.7105386857069576e-06,5M-10M,2028-01-21,469.0899963378906,484.9800109863281,465.3049926757813,470.3475036621094,462.0,125.3,121.75,123.85,33.0,0.3505237677764892,True,MSFT,139.56,-0.1021782745772428,-0.032764267162519095,3801767276203.0,-10.21782745772428,519.0
TSLA260320P00470000,470.0,1401.0,多头买 Put，看跌,-10.606911055495248,PUT,2446.0,1045.0,6500640.0,4.576343774385921e-06,5M-10M,2026-03-20,439.5154113769531,491.6659851074219,445.0299987792969,445.0299987792969,437.6600036621094,46.4,47.3,47.55,6.0,0.4298152722167969,True,TSLA,36.36,0.2761276127612761,-0.10606911055495248,1420487690716.0,27.61276127612761,1401.0
NFLX260220P00102000,102.0,-3931.0,空头平仓 Put，回补，看跌信号减弱,-7.842510323096162,PUT,509.0,4440.0,6486150.0,1.2608664018241812e-05,5M-10M,2026-02-20,85.95989990234375,93.2750015258789,86.91000366210938,86.94000244140625,85.3499984741211,16.5,15.5,16.45,107.0,0.4492242578124999,True,NFLX,9.95,0.6582914572864322,-0.07842510323096162,514420083731.0,65.82914572864323,-3931.0
AMD260130C00215000,215.0,1445.0,多头买 Call，看涨,18.361493917806847,CALL,2002.0,557.0,6482270.0,2.504947716347554e-05,5M-10M,2026-01-30,253.4600067138672,214.14059448242188,256.7449951171875,258.2898864746094,251.88999938964844,44.86,39.5,40.0,292.0,1.0517625537109376,True,AMD,14.85,2.020875420875421,0.18361493917806845,258778654648.0,202.0875420875421,1445.0
TSLA260220C00460000,460.0,4422.0,空头卖 Call，看跌/看不涨,-10.606911055495248,CALL,7245.0,2823.0,6460542.0,4.548115441073304e-06,5M-10M,2026-02-20,439.5154113769531,491.6659851074219,445.0299987792969,445.0299987792969,437.6600036621094,14.61,14.4,14.55,38.0,0.4881032635498047,False,TSLA,62.05,-0.7645447219983884,-0.10606911055495248,1420487690716.0,-76.45447219983885,4422.0
NBIS270115P00085000,85.0,2604.0,空头卖 Put，看涨/看不跌,3.1434553076038334,PUT,3502.0,898.0,6444900.0,0.00025131879978882804,5M-10M,2027-01-15,97.77999877929688,94.8000030517578,97.87000274658205,100.87999725341795,97.05999755859376,24.75,22.5,25.25,70.0,0.8558364025878906,False,NBIS,27.3,-0.09340659340659344,0.03143455307603833,25644321099.0,-9.340659340659343,2604.0
AAL271217C00015000,15.0,15899.0,空头卖 Call，看跌/看不涨,-8.278455441129266,CALL,17287.0,1388.0,6439095.0,0.0008628413431633269,5M-10M,2027-12-17,14.625,15.94499969482422,14.539999961853027,14.775799751281738,14.5,4.05,3.9,4.15,5.0,0.5290574438476563,False,AAL,4.67,-0.132762312633833,-0.08278455441129266,7462663966.0,-13.2762312633833,15899.0
AMD260220C00230000,230.0,2021.0,多头买 Call，看涨,18.361493917806847,CALL,6820.0,4799.0,6426780.0,2.483504680377111e-05,5M-10M,2026-02-20,253.4600067138672,214.14059448242188,256.7449951171875,258.2898864746094,251.88999938964844,31.8,31.15,31.45,5.0,0.6613803393554689,True,AMD,12.85,1.474708171206226,0.18361493917806845,258778654648.0,147.4708171206226,2021.0
TSLA260220C00500000,500.0,12004.0,空头卖 Call，看跌/看不涨,-10.606911055495248,CALL,23300.0,11296.0,6422139.999999999,4.5210810639005995e-06,5M-10M,2026-02-20,439.5154113769531,491.6659851074219,445.0299987792969,445.0299987792969,437.6600036621094,5.35,5.3,5.4,3785.0,0.4948780981445312,False,TSLA,41.64,-0.8715177713736791,-0.10606911055495248,1420487690716.0,-87.15177713736792,12004.0
NFLX260417C00085000,85.0,9656.0,空头卖 Call，看跌/看不涨,-7.842510323096162,CALL,9795.0,139.0,6421240.0,1.2482483097136984e-05,5M-10M,2026-04-17,85.95989990234375,93.2750015258789,86.91000366210938,86.94000244140625,85.3499984741211,6.65,6.65,6.85,23.0,0.3939269592285156,True,NFLX,14.46,-0.5401106500691563,-0.07842510323096162,514420083731.0,-54.01106500691563,9656.0
APP260220C00520000,520.0,1124.0,空头卖 Call，看跌/看不涨,-24.46103978965113,CALL,1237.0,113.0,6406800.0,2.8276094663675236e-05,5M-10M,2026-02-20,549.1900024414062,727.02880859375,532.7899780273438,558.3699951171875,530.5900268554688,57.0,57.8,64.3,5.0,0.79141443939209,True,APP,178.0,-0.6797752808988764,-0.24461039789651132,226580087392.0,-67.97752808988764,1124.0
NVDA260515C00150000,150.0,1457.0,多头买 Call，看涨,2.2203993440635448,CALL,3247.0,1790.0,6390402.0,1.4758376237321932e-06,5M-10M,2026-05-15,187.3699951171875,183.3000030517578,187.07000732421875,189.1199951171875,186.8500061035156,43.86,43.8,44.3,40.0,0.5494429821777345,True,NVDA,39.8,0.10201005025125634,0.022203993440635447,4330017000000.0,10.201005025125633,1457.0
INTC260918P00045000,45.0,8273.0,空头卖 Put，看涨/看不跌,16.391913684478432,PUT,8737.0,464.0,6370210.0,4.0996695273307655e-05,5M-10M,2026-09-18,43.05500030517578,36.99140167236328,44.27999877929688,44.459999084472656,42.95019912719727,7.7,7.7,8.3,1.0,0.5197801928710937,True,INTC,11.3,-0.31858407079646023,0.16391913684478432,155383500000.0,-31.85840707964602,8273.0
INTC260220P00045000,45.0,20730.0,空头卖 Put，看涨/看不跌,16.391913684478432,PUT,21030.0,300.0,6364110.0,4.09574375657647e-05,5M-10M,2026-02-20,43.05500030517578,36.99140167236328,44.27999877929688,44.459999084472656,42.95019912719727,3.07,2.98,3.2,90.0,0.442388388671875,True,INTC,8.6,-0.6430232558139535,0.16391913684478432,155383500000.0,-64.30232558139535,20730.0
ORCL260320C00190000,190.0,5785.0,空头卖 Call，看跌/看不涨,-6.782618117241909,CALL,12479.0,6694.0,6363500.0,7.899941927045833e-06,5M-10M,2026-03-20,181.69000244140625,194.91000366210935,179.10000610351562,185.27999877929688,178.52999877929688,11.0,12.45,13.3,234.0,0.5872233660888673,False,ORCL,23.5,-0.5319148936170213,-0.06782618117241909,805512250440.0,-53.191489361702125,5785.0
AVGO260417P00350000,350.0,1341.0,多头买 Put，看跌,-5.431308620422091,PUT,2527.0,1186.0,6352317.0,4.021032085989787e-06,5M-10M,2026-04-17,323.2149963378906,341.77801513671875,319.95001220703125,328.010009765625,317.6000061035156,47.37,46.05,46.5,6.0,0.4935963726806641,True,AVGO,38.3,0.23681462140992168,-0.054313086204220914,1579772770810.0,23.681462140992167,1341.0
IREN260220C00055000,55.0,8341.0,多头买 Call，看涨,30.278800299839574,CALL,11744.0,3403.0,6339160.0,0.0005567942365822743,5M-10M,2026-02-20,55.84999847412109,42.86959838867188,56.13899993896485,57.04560089111328,55.20000076293945,7.6,7.2,7.5,96.0,1.1757853710937498,True,IREN,3.15,1.4126984126984126,0.30278800299839576,11385103479.0,141.26984126984127,8341.0
BAC280121P00050000,50.0,10220.0,多头买 Put，看跌,-6.5541350353546095,PUT,10443.0,223.0,6315960.0,1.633226516225909e-05,5M-10M,2028-01-21,52.040000915527344,55.68999862670898,51.79999923706055,52.275001525878906,51.66999816894531,6.18,6.0,6.25,271.0,0.2532423309326171,False,BAC,5.65,0.09380530973451316,-0.0655413503535461,386716719160.0,9.380530973451316,10220.0
AVGO260320P00300000,300.0,4295.0,多头买 Put，看跌,-5.431308620422091,PUT,10453.0,6158.0,6313650.0,3.99655578109679e-06,5M-10M,2026-03-20,323.2149963378906,341.77801513671875,319.95001220703125,328.010009765625,317.6000061035156,14.7,14.6,14.9,6.0,0.5166369137573242,False,AVGO,13.7,0.07299270072992702,-0.054313086204220914,1579772770810.0,7.299270072992702,4295.0
TSLA261218C00400000,400.0,539.0,空头卖 Call，看跌/看不涨,-10.606911055495248,CALL,5491.0,4952.0,6294442.0,4.431183769587804e-06,5M-10M,2026-12-18,439.5154113769531,491.6659851074219,445.0299987792969,445.0299987792969,437.6600036621094,116.78,110.8,111.35,15.0,0.5745586978149414,True,TSLA,162.84,-0.2828543355440924,-0.10606911055495248,1420487690716.0,-28.285433554409238,539.0
AMD260417C00250000,250.0,2140.0,多头买 Call，看涨,18.361493917806847,CALL,4756.0,2616.0,6283040.0,2.4279591408133782e-05,5M-10M,2026-04-17,253.4600067138672,214.14059448242188,256.7449951171875,258.2898864746094,251.88999938964844,29.36,29.45,29.7,6.0,0.5849956051635742,True,AMD,13.71,1.1415025528811085,0.18361493917806845,258778654648.0,114.15025528811084,2140.0
TSLA260717C00450000,450.0,1005.0,空头卖 Call，看跌/看不涨,-10.606911055495248,CALL,2932.0,1927.0,6276225.0,4.418359300837345e-06,5M-10M,2026-07-17,439.5154113769531,491.6659851074219,445.0299987792969,445.0299987792969,437.6600036621094,62.45,59.35,59.7,1.0,0.5315751188659668,False,TSLA,98.97,-0.3690007072850358,-0.10606911055495248,1420487690716.0,-36.90007072850358,1005.0
NFLX280121P00080000,80.0,4964.0,多头买 Put，看跌,-7.842510323096162,PUT,7566.0,2602.0,6254640.0,1.2158623268819865e-05,5M-10M,2028-01-21,85.95989990234375,93.2750015258789,86.91000366210938,86.94000244140625,85.3499984741211,12.6,12.25,12.65,58.0,0.3342962078857422,False,NFLX,10.6,0.18867924528301888,-0.07842510323096162,514420083731.0,18.867924528301888,4964.0
AAPL260320C00260000,260.0,8998.0,空头卖 Call，看跌/看不涨,-6.979818081637052,CALL,19481.0,10483.0,6253610.0,1.649538936849779e-06,5M-10M,2026-03-20,253.47999572753903,272.5,251.47999572753903,253.78689575195312,249.8000030517578,6.95,6.95,7.05,228.0,0.2536695727539063,False,AAPL,22.05,-0.6848072562358277,-0.06979818081637051,3791126029400.0,-68.48072562358277,8998.0
PLTR270617C00210000,210.0,1774.0,空头卖 Call，看跌/看不涨,-13.635784078336705,CALL,2470.0,696.0,6242706.0,1.4819239362886718e-05,5M-10M,2027-06-17,169.7100067138672,196.5050048828125,168.2100067138672,170.58970642089844,168.02000427246094,35.19,35.1,35.45,668.0,0.6078988185119629,False,PLTR,54.41,-0.3532438889909943,-0.13635784078336705,421256843697.0,-35.32438889909943,1774.0
TSLA260130C00465000,465.0,13288.0,空头卖 Call，看跌/看不涨,-10.606911055495248,CALL,13410.0,122.0,6232072.000000001,4.387276314135965e-06,5M-10M,2026-01-30,439.5154113769531,491.6659851074219,445.0299987792969,445.0299987792969,437.6600036621094,4.69,4.65,4.75,269.0,0.6566196447753907,False,TSLA,44.5,-0.8946067415730338,-0.10606911055495248,1420487690716.0,-89.46067415730337,13288.0
AVGO280121C00270000,270.0,527.0,空头卖 Call，看跌/看不涨,-5.431308620422091,CALL,586.0,59.0,6223870.0,3.939724823088844e-06,5M-10M,2028-01-21,323.2149963378906,341.77801513671875,319.95001220703125,328.010009765625,317.6000061035156,118.1,117.95,121.25,170.0,0.5583082499694825,True,AVGO,130.2,-0.09293394777265741,-0.054313086204220914,1579772770810.0,-9.29339477726574,527.0
AAPL261218C00290000,290.0,4739.0,空头卖 Call，看跌/看不涨,-6.979818081637052,CALL,13147.0,8408.0,6208090.0,1.6375319501004611e-06,5M-10M,2026-12-18,253.47999572753903,272.5,251.47999572753903,253.78689575195312,249.8000030517578,13.1,13.1,13.25,26.0,0.2718883847045897,False,AAPL,23.91,-0.45211208699289,-0.06979818081637051,3791126029400.0,-45.211208699289,4739.0
BABA270115C00140000,140.0,1367.0,多头买 Call，看涨,13.443152358392846,CALL,3388.0,2021.0,6206180.0,1.5633158591322293e-05,5M-10M,2027-01-15,170.53909301757812,150.3300018310547,169.7899932861328,170.86000061035156,168.67999267578125,45.4,45.3,45.8,6.0,0.4618278915405274,True,BABA,32.0,0.41874999999999996,0.13443152358392846,396988232656.0,41.87499999999999,1367.0
AMZN260618C00245000,245.0,3165.0,多头买 Call，看涨,4.598855744709855,CALL,7331.0,4166.0,6187575.0,2.639824327423176e-06,5M-10M,2026-06-18,238.58999633789065,228.1000061035156,239.97999572753903,240.9499969482422,237.5399932861328,19.55,19.85,20.0,2214.0,0.381994705505371,False,AMZN,16.22,0.2053020961775587,0.04598855744709855,2343934380679.0,20.530209617755872,3165.0
AVGO270115C00300000,300.0,813.0,空头卖 Call，看跌/看不涨,-5.431308620422091,CALL,3856.0,3043.0,6178800.0,3.9111954036477865e-06,5M-10M,2027-01-15,323.2149963378906,341.77801513671875,319.95001220703125,328.010009765625,317.6000061035156,76.0,75.0,77.75,13.0,0.5290727024841309,True,AVGO,91.87,-0.1727440949167302,-0.054313086204220914,1579772770810.0,-17.27440949167302,813.0
PDD260618P00095000,95.0,11835.0,多头买 Put，看跌,-5.457209221455646,PUT,15999.0,4164.0,6177870.0,3.3477160702261406e-05,5M-10M,2026-06-18,106.28500366210938,112.41999816894533,106.0500030517578,106.3000030517578,105.16000366210938,5.22,5.2,5.65,2411.0,0.411138701171875,False,PDD,4.55,0.14725274725274723,-0.05457209221455645,184539843595.0,14.725274725274723,11835.0
NVDA270115C00220000,220.0,2497.0,多头买 Call，看涨,2.2203993440635448,CALL,14326.0,11829.0,6167590.0,1.4243800890389114e-06,5M-10M,2027-01-15,187.3699951171875,183.3000030517578,187.07000732421875,189.1199951171875,186.8500061035156,24.7,24.6,24.75,4.0,0.4914906808471679,False,NVDA,23.41,0.055104656129859,0.022203993440635447,4330017000000.0,5.5104656129859,2497.0
AMD260220C00260000,260.0,4536.0,多头买 Call，看涨,18.361493917806847,CALL,8947.0,4411.0,6146280.0,2.3751108870862592e-05,5M-10M,2026-02-20,253.4600067138672,214.14059448242188,256.7449951171875,258.2898864746094,251.88999938964844,13.55,13.55,13.7,51.0,0.6097451135253908,False,AMD,5.2,1.605769230769231,0.18361493917806845,258778654648.0,160.5769230769231,4536.0
NVDA270115P00180000,180.0,2372.0,空头卖 Put，看涨/看不跌,2.2203993440635448,PUT,27364.0,24992.0,6119760.0,1.4133339430307086e-06,5M-10M,2027-01-15,187.3699951171875,183.3000030517578,187.07000732421875,189.1199951171875,186.8500061035156,25.8,25.9,26.05,50.0,0.4122373229980468,False,NVDA,27.7,-0.0685920577617328,0.022203993440635447,4330017000000.0,-6.85920577617328,2372.0
TSLA260417C00500000,500.0,3074.0,空头卖 Call，看跌/看不涨,-10.606911055495248,CALL,10054.0,6980.0,6086520.0,4.28481009710973e-06,5M-10M,2026-04-17,439.5154113769531,491.6659851074219,445.0299987792969,445.0299987792969,437.6600036621094,19.8,19.75,19.95,52.0,0.4930775790405274,False,TSLA,60.5,-0.6727272727272727,-0.10606911055495248,1420487690716.0,-67.27272727272727,3074.0
TSM260130C00330000,330.0,9083.0,多头买 Call，看涨,13.484180233352006,CALL,9294.0,211.0,6085610.0,4.292307851998168e-06,5M-10M,2026-01-30,333.5299987792969,293.8999938964844,332.7900085449219,334.17999267578125,330.2300109863281,6.7,6.5,7.05,23.0,0.3266668896484375,True,TSM,2.96,1.2635135135135136,0.13484180233352006,1417794391697.0,126.35135135135135,9083.0
PLTR280121C00200000,200.0,1244.0,空头卖 Call，看跌/看不涨,-13.635784078336705,CALL,3483.0,2239.0,6083160.0,1.4440501302277884e-05,5M-10M,2028-01-21,169.7100067138672,196.5050048828125,168.2100067138672,170.58970642089844,168.02000427246094,48.9,47.85,49.0,7.0,0.620090469055176,False,PLTR,69.0,-0.291304347826087,-0.13635784078336705,421256843697.0,-29.1304347826087,1244.0
BABA260320P00155000,155.0,12598.0,空头卖 Put，看涨/看不跌,13.443152358392846,PUT,16736.0,4138.0,6047039.999999999,1.523229028614535e-05,5M-10M,2026-03-20,170.53909301757812,150.3300018310547,169.7899932861328,170.86000061035156,168.67999267578125,4.8,4.65,5.05,1.0,0.4469049450683593,False,BABA,12.9,-0.6279069767441862,0.13443152358392846,396988232656.0,-62.79069767441862,12598.0
TSM261218C00280000,280.0,-730.0,空头平仓 Call，回补信号，看涨,13.484180233352006,CALL,690.0,1420.0,6045860.0,4.264271346682033e-06,5M-10M,2026-12-18,333.5299987792969,293.8999938964844,332.7900085449219,334.17999267578125,330.2300109863281,82.82,81.6,84.85,1.0,0.4699454861450196,True,TSM,52.9,0.5655954631379961,0.13484180233352006,1417794391697.0,56.559546313799615,-730.0
NVDA260918C00220000,220.0,3576.0,多头买 Call，看涨,2.2203993440635448,CALL,15291.0,11715.0,6043439.999999999,1.3957081461804883e-06,5M-10M,2026-09-18,187.3699951171875,183.3000030517578,187.07000732421875,189.1199951171875,186.8500061035156,16.9,16.9,17.0,2.0,0.4722037643432617,False,NVDA,15.3,0.10457516339869266,0.022203993440635447,4330017000000.0,10.457516339869265,3576.0
MU270115P00330000,330.0,945.0,空头卖 Put，看涨/看不跌,45.68827098100455,PUT,1091.0,146.0,6036660.000000001,3.429826823508124e-05,5M-10M,2027-01-15,395.6601867675781,271.5799865722656,395.6300048828125,397.239990234375,384.2999877929688,63.88,64.85,67.85,11.0,0.6854889849853516,False,MU,102.8,-0.3785992217898832,0.45688270981004553,176004804634.0,-37.85992217898832,945.0
AAPL260220P00300000,300.0,-1160.0,空头平仓 Put，回补，看跌信号减弱,-6.979818081637052,PUT,186.0,1346.0,6032000.0,1.591084008609086e-06,5M-10M,2026-02-20,253.47999572753903,272.5,251.47999572753903,253.78689575195312,249.8000030517578,52.0,47.45,49.4,683.0,0.5035450036621094,True,AAPL,27.2,0.911764705882353,-0.06979818081637051,3791126029400.0,91.1764705882353,-1160.0
PLTR260618P00160000,160.0,3494.0,多头买 Put，看跌,-13.635784078336705,PUT,5914.0,2420.0,6030644.0,1.4315836265292104e-05,5M-10M,2026-06-18,169.7100067138672,196.5050048828125,168.2100067138672,170.58970642089844,168.02000427246094,17.26,17.1,17.25,1.0,0.5281419256591797,False,PLTR,14.45,0.19446366782006938,-0.13635784078336705,421256843697.0,19.446366782006937,3494.0
BABA260618C00185000,185.0,3771.0,多头买 Call，看涨,13.443152358392846,CALL,5902.0,2131.0,6026058.0,1.517943733415828e-05,5M-10M,2026-06-18,170.53909301757812,150.3300018310547,169.7899932861328,170.86000061035156,168.67999267578125,15.98,13.2,14.05,18.0,0.4610954769897462,False,BABA,6.18,1.585760517799353,0.13443152358392846,396988232656.0,158.5760517799353,3771.0
AAPL260130C00255000,255.0,16442.0,空头卖 Call，看跌/看不涨,-6.979818081637052,CALL,16510.0,68.0,6017772.0,1.587331033928302e-06,5M-10M,2026-01-30,253.47999572753903,272.5,251.47999572753903,253.78689575195312,249.8000030517578,3.66,3.65,3.75,4230.0,0.3783021154785155,False,AAPL,19.4,-0.811340206185567,-0.06979818081637051,3791126029400.0,-81.1340206185567,16442.0
TSLA260515C00450000,450.0,1270.0,空头卖 Call，看跌/看不涨,-10.606911055495248,CALL,4125.0,2855.0,6007100.0,4.228899721737193e-06,5M-10M,2026-05-15,439.5154113769531,491.6659851074219,445.0299987792969,445.0299987792969,437.6600036621094,47.3,45.65,45.95,11.0,0.5233964897155761,False,TSLA,85.4,-0.4461358313817331,-0.10606911055495248,1420487690716.0,-44.613583138173304,1270.0
PLTR260918P00170000,170.0,2183.0,多头买 Put，看跌,-13.635784078336705,PUT,3601.0,1418.0,6003250.0,1.4250807054705074e-05,5M-10M,2026-09-18,169.7100067138672,196.5050048828125,168.2100067138672,170.58970642089844,168.02000427246094,27.5,28.1,28.25,27.0,0.5186510537719727,True,PLTR,24.21,0.13589425857083845,-0.13635784078336705,421256843697.0,13.589425857083844,2183.0
MU260220C00330000,330.0,898.0,多头买 Call，看涨,45.68827098100455,CALL,2748.0,1850.0,5990557.999999999,3.403633220386964e-05,5M-10M,2026-02-20,395.6601867675781,271.5799865722656,395.6300048828125,397.239990234375,384.2999877929688,66.71,65.9,68.8,1.0,0.5540816076660158,True,MU,10.14,5.578895463510847,0.45688270981004553,176004804634.0,557.8895463510846,898.0
AAPL261218C00200000,200.0,-927.0,多头平仓 Call，减仓，看涨减弱,-6.979818081637052,CALL,22810.0,23737.0,5987493.0,1.5793442247942378e-06,5M-10M,2026-12-18,253.47999572753903,272.5,251.47999572753903,253.78689575195312,249.8000030517578,64.59,64.55,64.8,2.0,0.3657289990234375,True,AAPL,83.0,-0.2218072289156626,-0.06979818081637051,3791126029400.0,-22.18072289156626,-927.0
NFLX270115C00095000,95.0,5844.0,空头卖 Call，看跌/看不涨,-7.842510323096162,CALL,8114.0,2270.0,5978412.0,1.162165356500005e-05,5M-10M,2027-01-15,85.95989990234375,93.2750015258789,86.91000366210938,86.94000244140625,85.3499984741211,10.23,10.05,10.35,14.0,0.4080259393310547,False,NFLX,16.25,-0.37046153846153845,-0.07842510323096162,514420083731.0,-37.04615384615384,5844.0
BIDU260320C00150000,150.0,-3644.0,空头平仓 Call，回补信号，看涨,26.581349105815445,CALL,13169.0,16813.0,5976159.999999999,0.0001323597987966729,5M-10M,2026-03-20,156.2899932861328,123.47000122070312,158.00999450683594,159.10000610351562,155.5,16.4,16.5,17.5,3.0,0.5809978424072266,True,BIDU,4.0,3.0999999999999996,0.26581349105815444,45150869481.0,309.99999999999994,-3644.0
MSFT260220C00465000,465.0,3725.0,空头卖 Call，看跌/看不涨,-3.2764267162519096,CALL,4221.0,496.0,5956275.0,1.566712154445394e-06,5M-10M,2026-02-20,469.0899963378906,484.9800109863281,465.3049926757813,470.3475036621094,462.0,15.99,16.55,16.75,138.0,0.2912668530273437,True,MSFT,35.4,-0.5483050847457627,-0.032764267162519095,3801767276203.0,-54.83050847457627,3725.0
MU260320P00340000,340.0,2966.0,空头卖 Put，看涨/看不跌,45.68827098100455,PUT,3020.0,54.0,5932000.0,3.37036253773613e-05,5M-10M,2026-03-20,395.6601867675781,271.5799865722656,395.6300048828125,397.239990234375,384.2999877929688,20.0,19.4,21.25,27.0,0.7585473364257813,False,MU,87.0,-0.7701149425287356,0.45688270981004553,176004804634.0,-77.01149425287356,2966.0
AMD260220C00200000,200.0,-1046.0,空头平仓 Call，回补信号，看涨,18.361493917806847,CALL,5886.0,6932.0,5925590.0,2.2898295101117208e-05,5M-10M,2026-02-20,253.4600067138672,214.14059448242188,256.7449951171875,258.2898864746094,251.88999938964844,56.65,56.2,57.4,112.0,0.802614278564453,True,AMD,30.4,0.8634868421052632,0.18361493917806845,258778654648.0,86.34868421052632,-1046.0
BABA260515C00155000,155.0,2114.0,多头买 Call，看涨,13.443152358392846,CALL,2202.0,88.0,5919200.0,1.491026562777021e-05,5M-10M,2026-05-15,170.53909301757812,150.3300018310547,169.7899932861328,170.86000061035156,168.67999267578125,28.0,24.0,25.4,27.0,0.4631401342773438,True,BABA,13.95,1.007168458781362,0.13443152358392846,396988232656.0,100.71684587813621,2114.0
AAPL280121C00240000,240.0,1108.0,空头卖 Call，看跌/看不涨,-6.979818081637052,CALL,1987.0,879.0,5894560.000000001,1.554830927351919e-06,5M-10M,2028-01-21,253.47999572753903,272.5,251.47999572753903,253.78689575195312,249.8000030517578,53.2,52.95,53.35,12.0,0.336722331085205,True,AAPL,69.2,-0.23121387283236994,-0.06979818081637051,3791126029400.0,-23.121387283236995,1108.0
AVGO260320C00340000,340.0,3060.0,空头卖 Call，看跌/看不涨,-5.431308620422091,CALL,8518.0,5458.0,5890500.0,3.7287008035843994e-06,5M-10M,2026-03-20,323.2149963378906,341.77801513671875,319.95001220703125,328.010009765625,317.6000061035156,19.25,19.75,20.0,27.0,0.5402572830200197,False,AVGO,33.9,-0.43215339233038347,-0.054313086204220914,1579772770810.0,-43.21533923303835,3060.0
NVDA260717C00190000,190.0,2529.0,多头买 Call，看涨,2.2203993440635448,CALL,3047.0,518.0,5879925.0,1.3579450149964768e-06,5M-10M,2026-07-17,187.3699951171875,183.3000030517578,187.07000732421875,189.1199951171875,186.8500061035156,23.25,23.35,23.45,4.0,0.4803518762207031,False,NVDA,21.1,0.10189573459715633,0.022203993440635447,4330017000000.0,10.189573459715632,2529.0
AMD280121C00260000,260.0,671.0,多头买 Call，看涨,18.361493917806847,CALL,2243.0,1572.0,5876618.0,2.2709052290242356e-05,5M-10M,2028-01-21,253.4600067138672,214.14059448242188,256.7449951171875,258.2898864746094,251.88999938964844,87.58,85.1,86.85,6.0,0.6384160914611816,False,AMD,56.9,0.5391915641476275,0.18361493917806845,258778654648.0,53.919156414762746,671.0
TSLA261218P00460000,460.0,671.0,多头买 Put，看跌,-10.606911055495248,PUT,2098.0,1427.0,5851120.0,4.119092364011074e-06,5M-10M,2026-12-18,439.5154113769531,491.6659851074219,445.0299987792969,445.0299987792969,437.6600036621094,87.2,88.95,89.5,1.0,0.4683585879516602,True,TSLA,80.0,0.09000000000000004,-0.10606911055495248,1420487690716.0,9.000000000000004,671.0
MU270617P00300000,300.0,906.0,空头卖 Put，看涨/看不跌,45.68827098100455,PUT,947.0,41.0,5816520.0,3.304750692513984e-05,5M-10M,2027-06-17,395.6601867675781,271.5799865722656,395.6300048828125,397.239990234375,384.2999877929688,64.2,63.65,66.45,868.0,0.6700319862365725,False,MU,92.41,-0.30526999242506214,0.45688270981004553,176004804634.0,-30.526999242506214,906.0
NVDA260618C00155000,155.0,1352.0,多头买 Call，看涨,2.2203993440635448,CALL,8976.0,7624.0,5813600.0,1.342627523171387e-06,5M-10M,2026-06-18,187.3699951171875,183.3000030517578,187.07000732421875,189.1199951171875,186.8500061035156,43.0,42.5,43.1,2.0,0.5441329766845704,True,NVDA,38.18,0.12624410686223153,0.022203993440635447,4330017000000.0,12.624410686223154,1352.0
TSLA260618P00450000,450.0,1053.0,多头买 Put，看跌,-10.606911055495248,PUT,2869.0,1816.0,5802030.0,4.08453381040949e-06,5M-10M,2026-06-18,439.5154113769531,491.6659851074219,445.0299987792969,445.0299987792969,437.6600036621094,55.1,55.95,56.25,201.0,0.4582421119689942,True,TSLA,47.98,0.14839516465193842,-0.10606911055495248,1420487690716.0,14.839516465193842,1053.0
CRWV260220P00080000,80.0,29120.0,空头卖 Put，看涨/看不跌,20.656198460159665,PUT,32642.0,3522.0,5794880.0,9.856109527520115e-05,5M-10M,2026-02-20,104.44000244140624,86.55999755859375,101.81999969482422,108.6500015258789,101.5500030517578,1.99,1.85,2.15,107.0,0.9960937890625,False,CRWV,9.7,-0.7948453608247422,0.20656198460159664,58794801172.0,-79.48453608247422,29120.0
AMZN260320P00250000,250.0,3245.0,空头卖 Put，看涨/看不跌,4.598855744709855,PUT,7332.0,4087.0,5792325.000000001,2.471197593134863e-06,5M-10M,2026-03-20,238.58999633789065,228.1000061035156,239.97999572753903,240.9499969482422,237.5399932861328,17.85,18.45,18.65,6.0,0.3220892987060546,True,AMZN,26.4,-0.3238636363636363,0.04598855744709855,2343934380679.0,-32.38636363636363,3245.0
MU260130C00330000,330.0,821.0,多头买 Call，看涨,45.68827098100455,CALL,953.0,132.0,5789692.0,3.2895079268089294e-05,5M-10M,2026-01-30,395.6601867675781,271.5799865722656,395.6300048828125,397.239990234375,384.2999877929688,70.52,59.4,62.2,139.0,1.0000000000000004e-05,True,MU,4.73,13.909090909090907,0.45688270981004553,176004804634.0,1390.9090909090905,821.0
AVGO260417P00320000,320.0,1981.0,多头买 Put，看跌,-5.431308620422091,PUT,3015.0,1034.0,5772634.0,3.6540913393767297e-06,5M-10M,2026-04-17,323.2149963378906,341.77801513671875,319.95001220703125,328.010009765625,317.6000061035156,29.14,27.95,28.35,281.0,0.4936268899536133,False,AVGO,26.3,0.1079847908745247,-0.054313086204220914,1579772770810.0,10.79847908745247,1981.0
TSLA270617C00370000,370.0,370.0,空头卖 Call，看跌/看不涨,-10.606911055495248,CALL,1539.0,1169.0,5766820.0,4.059746548801997e-06,5M-10M,2027-06-17,439.5154113769531,491.6659851074219,445.0299987792969,445.0299987792969,437.6600036621094,155.86,148.95,151.5,4.0,0.6017572173309328,True,TSLA,192.8,-0.19159751037344397,-0.10606911055495248,1420487690716.0,-19.159751037344396,370.0
TSLA261218C00350000,350.0,-396.0,多头平仓 Call，减仓，看涨减弱,-10.606911055495248,CALL,4804.0,5200.0,5748336.0,4.04673411643753e-06,5M-10M,2026-12-18,439.5154113769531,491.6659851074219,445.0299987792969,445.0299987792969,437.6600036621094,145.16,138.95,139.55,8.0,0.5955240643310546,True,TSLA,182.0,-0.20241758241758243,-0.10606911055495248,1420487690716.0,-20.24175824175824,-396.0
IREN270115C00050000,50.0,2354.0,多头买 Call，看涨,30.278800299839574,CALL,16450.0,14096.0,5731990.0,0.0005034640230168083,5M-10M,2027-01-15,55.84999847412109,42.86959838867188,56.13899993896485,57.04560089111328,55.20000076293945,24.35,23.5,25.2,19.0,1.0720261242675786,True,IREN,14.5,0.6793103448275863,0.30278800299839576,11385103479.0,67.93103448275863,2354.0
NVDA260918C00190000,190.0,2040.0,多头买 Call，看涨,2.2203993440635448,CALL,5713.0,3673.0,5722200.0,1.321519061010615e-06,5M-10M,2026-09-18,187.3699951171875,183.3000030517578,187.07000732421875,189.1199951171875,186.8500061035156,28.05,28.05,28.2,305.0,0.4908803353881836,False,NVDA,25.45,0.10216110019646371,0.022203993440635447,4330017000000.0,10.21611001964637,2040.0
AVGO260618P00340000,340.0,1175.0,多头买 Put，看跌,-5.431308620422091,PUT,3794.0,2619.0,5716375.0,3.618479255766025e-06,5M-10M,2026-06-18,323.2149963378906,341.77801513671875,319.95001220703125,328.010009765625,317.6000061035156,48.65,47.45,47.9,24.0,0.4702659175109864,True,AVGO,44.48,0.09375000000000004,-0.054313086204220914,1579772770810.0,9.375000000000004,1175.0
AAL260515P00013000,13.0,-75062.0,空头平仓 Put，回补，看跌信号减弱,-8.278455441129266,PUT,11868.0,86930.0,5704712.0,0.0007644337231303388,5M-10M,2026-05-15,14.625,15.94499969482422,14.539999961853027,14.775799751281738,14.5,0.76,0.71,0.81,2.0,0.492192578125,False,AAL,0.62,0.22580645161290325,-0.08278455441129266,7462663966.0,22.580645161290324,-75062.0
TSM260515C00270000,270.0,828.0,多头买 Call，看涨,13.484180233352006,CALL,1254.0,426.0,5696639.999999999,4.017959186015345e-06,5M-10M,2026-05-15,333.5299987792969,293.8999938964844,332.7900085449219,334.17999267578125,330.2300109863281,68.8,68.7,72.05,2.0,0.4595390960693359,True,TSM,32.55,1.1136712749615976,0.13484180233352006,1417794391697.0,111.36712749615975,828.0
HOOD260220P00110000,110.0,6451.0,多头买 Put，看跌,-12.618205452699394,PUT,9701.0,3250.0,5696233.0,5.3004450537608254e-05,5M-10M,2026-02-20,107.6500015258789,123.19499969482422,106.23999786376952,108.1500015258789,104.83000183105467,8.83,8.5,9.2,3.0,0.659183095703125,True,HOOD,6.6,0.33787878787878795,-0.12618205452699394,107467070071.0,33.787878787878796,6451.0
NVDA260417P00165000,165.0,9409.0,空头卖 Put，看涨/看不跌,2.2203993440635448,PUT,15774.0,6365.0,5692445.0,1.314647263509589e-06,5M-10M,2026-04-17,187.3699951171875,183.3000030517578,187.07000732421875,189.1199951171875,186.8500061035156,6.05,5.85,5.95,1.0,0.4350032086181641,False,NVDA,8.3,-0.2710843373493977,0.022203993440635447,4330017000000.0,-27.10843373493977,9409.0
MSFT260220C00470000,470.0,4066.0,空头卖 Call，看跌/看不涨,-3.2764267162519096,CALL,4568.0,502.0,5692400.0,1.4973036449735718e-06,5M-10M,2026-02-20,469.0899963378906,484.9800109863281,465.3049926757813,470.3475036621094,462.0,14.0,14.35,14.6,22.0,0.298713067626953,False,MSFT,29.96,-0.5327102803738318,-0.032764267162519095,3801767276203.0,-53.27102803738318,4066.0
AVGO260515P00300000,300.0,2483.0,多头买 Put，看跌,-5.431308620422091,PUT,3707.0,1224.0,5688553.0,3.6008678622073585e-06,5M-10M,2026-05-15,323.2149963378906,341.77801513671875,319.95001220703125,328.010009765625,317.6000061035156,22.91,22.15,22.5,1.0,0.4826406716918946,False,AVGO,21.15,0.08321513002364074,-0.054313086204220914,1579772770810.0,8.321513002364075,2483.0
AMZN260320C00190000,190.0,1089.0,多头买 Call，看涨,4.598855744709855,CALL,3073.0,1984.0,5684580.0,2.425230009362834e-06,5M-10M,2026-03-20,238.58999633789065,228.1000061035156,239.97999572753903,240.9499969482422,237.5399932861328,52.2,51.55,52.75,3.0,0.5704388659667969,True,AMZN,43.64,0.1961503208065995,0.04598855744709855,2343934380679.0,19.61503208065995,1089.0
AMZN260220P00280000,280.0,1246.0,空头卖 Put，看涨/看不跌,4.598855744709855,PUT,1275.0,29.0,5669300.0,2.418711055536331e-06,5M-10M,2026-02-20,238.58999633789065,228.1000061035156,239.97999572753903,240.9499969482422,237.5399932861328,45.5,40.2,41.2,1.0,1.0000000000000004e-05,True,AMZN,56.71,-0.19767236818903192,0.04598855744709855,2343934380679.0,-19.767236818903193,1246.0
IREN260918P00050000,50.0,4248.0,空头卖 Put，看涨/看不跌,30.278800299839574,PUT,4380.0,132.0,5666832.0,0.0004977409305460033,5M-10M,2026-09-18,55.84999847412109,42.86959838867188,56.13899993896485,57.04560089111328,55.20000076293945,13.34,12.55,14.35,1.0,0.9803468762207032,False,IREN,20.75,-0.3571084337349398,0.30278800299839576,11385103479.0,-35.71084337349398,4248.0
ORCL280121P00180000,180.0,1234.0,多头买 Put，看跌,-6.782618117241909,PUT,2622.0,1388.0,5645550.0,7.0086457368167846e-06,5M-10M,2028-01-21,181.69000244140625,194.91000366210935,179.10000610351562,185.27999877929688,178.52999877929688,45.75,44.85,46.9,712.0,0.4783377362060547,False,ORCL,41.3,0.10774818401937053,-0.06782618117241909,805512250440.0,10.774818401937052,1234.0
TSLA260918C00470000,470.0,805.0,空头卖 Call，看跌/看不涨,-10.606911055495248,CALL,2063.0,1258.0,5630975.0,3.96411390031947e-06,5M-10M,2026-09-18,439.5154113769531,491.6659851074219,445.0299987792969,445.0299987792969,437.6600036621094,69.95,64.95,65.35,46.0,0.5491072921752932,False,TSLA,111.41,-0.3721389462346288,-0.10606911055495248,1420487690716.0,-37.21389462346288,805.0
NFLX260220P00105000,105.0,-2932.0,空头平仓 Put，回补，看跌信号减弱,-7.842510323096162,PUT,142.0,3074.0,5629440.0,1.0943274141185632e-05,5M-10M,2026-02-20,85.95989990234375,93.2750015258789,86.91000366210938,86.94000244140625,85.3499984741211,19.2,18.45,19.1,104.0,0.33399103515625,True,NFLX,12.4,0.5483870967741934,-0.07842510323096162,514420083731.0,54.83870967741934,-2932.0
NVDA270115C00175000,175.0,1307.0,多头买 Call，看涨,2.2203993440635448,CALL,9317.0,8010.0,5626635.0,1.2994487088618822e-06,5M-10M,2027-01-15,187.3699951171875,183.3000030517578,187.07000732421875,189.1199951171875,186.8500061035156,43.05,43.1,43.3,54.0,0.5207262283325195,True,NVDA,40.7,0.05773955773955759,0.022203993440635447,4330017000000.0,5.773955773955759,1307.0
AAPL260417C00250000,250.0,3860.0,空头卖 Call，看跌/看不涨,-6.979818081637052,CALL,5597.0,1737.0,5624020.0,1.4834695434512056e-06,5M-10M,2026-04-17,253.47999572753903,272.5,251.47999572753903,253.78689575195312,249.8000030517578,14.57,14.4,14.55,42.0,0.268439932861328,True,AAPL,29.75,-0.5102521008403361,-0.06979818081637051,3791126029400.0,-51.02521008403361,3860.0
COIN260417P00240000,240.0,1544.0,多头买 Put，看跌,-15.487127020807561,PUT,2615.0,1071.0,5623248.0,7.0013784315646e-05,5M-10M,2026-04-17,213.3950042724609,252.5,212.10499572753903,215.63999938964844,210.88999938964844,36.42,37.3,40.8,11.0,0.548405394897461,True,COIN,28.03,0.29932215483410635,-0.15487127020807562,80316298497.0,29.932215483410634,1544.0
AMZN260220C00260000,260.0,16202.0,多头买 Call，看涨,4.598855744709855,CALL,26015.0,9813.0,5622094.0,2.398571413236991e-06,5M-10M,2026-02-20,238.58999633789065,228.1000061035156,239.97999572753903,240.9499969482422,237.5399932861328,3.47,3.45,3.5,44.0,0.4181576739501953,False,AMZN,3.2,0.084375,0.04598855744709855,2343934380679.0,8.4375,16202.0
GOOGL260220C00330000,330.0,4024.0,多头买 Call，看涨,7.560695230734458,CALL,12356.0,8332.0,5621528.000000001,1.8853718664598182e-06,5M-10M,2026-02-20,330.9750061035156,307.7099914550781,327.8099975585937,331.3500061035156,327.0,13.97,13.85,14.0,33.0,0.3839172937011719,True,GOOGL,9.0,0.5522222222222223,0.07560695230734459,2981654760000.0,55.22222222222223,4024.0
AAPL260320C00200000,200.0,1127.0,空头卖 Call，看跌/看不涨,-6.979818081637052,CALL,6757.0,5630.0,5616968.0,1.4816094100910082e-06,5M-10M,2026-03-20,253.47999572753903,272.5,251.47999572753903,253.78689575195312,249.8000030517578,49.84,52.9,53.5,100.0,0.254890263671875,True,AAPL,75.21,-0.3373221646057704,-0.06979818081637051,3791126029400.0,-33.73221646057704,1127.0
TSLA260130C00425000,425.0,2482.0,空头卖 Call，看跌/看不涨,-10.606911055495248,CALL,2590.0,108.0,5609320.0,3.948869136044825e-06,5M-10M,2026-01-30,439.5154113769531,491.6659851074219,445.0299987792969,445.0299987792969,437.6600036621094,22.6,22.6,22.65,75.0,0.7019072778320312,True,TSLA,69.93,-0.6768196768196768,-0.10606911055495248,1420487690716.0,-67.68196768196768,2482.0
AVGO260320P00340000,340.0,1549.0,多头买 Put，看跌,-5.431308620422091,PUT,6090.0,4541.0,5607380.0,3.5494851560993273e-06,5M-10M,2026-03-20,323.2149963378906,341.77801513671875,319.95001220703125,328.010009765625,317.6000061035156,36.2,34.6,35.0,2.0,0.503209313659668,True,AVGO,30.37,0.19196575567994736,-0.054313086204220914,1579772770810.0,19.196575567994735,1549.0
NVDA270115P00175000,175.0,2370.0,空头卖 Put，看涨/看不跌,2.2203993440635448,PUT,7787.0,5417.0,5600310.0,1.2933690560568238e-06,5M-10M,2027-01-15,187.3699951171875,183.3000030517578,187.07000732421875,189.1199951171875,186.8500061035156,23.63,23.6,23.75,1369.0,0.4171811212158203,False,NVDA,26.25,-0.09980952380952385,0.022203993440635447,4330017000000.0,-9.980952380952385,2370.0
TSM270115C00330000,330.0,963.0,多头买 Call，看涨,13.484180233352006,CALL,5297.0,4334.0,5585400.0,3.939499290383474e-06,5M-10M,2027-01-15,333.5299987792969,293.8999938964844,332.7900085449219,334.17999267578125,330.2300109863281,58.0,57.5,59.65,18.0,0.4465845137023925,True,TSM,37.55,0.544607190412783,0.13484180233352006,1417794391697.0,54.4607190412783,963.0
TSLA260320C00390000,390.0,785.0,空头卖 Call，看跌/看不涨,-10.606911055495248,CALL,1690.0,905.0,5573500.0,3.9236524444577655e-06,5M-10M,2026-03-20,439.5154113769531,491.6659851074219,445.0299987792969,445.0299987792969,437.6600036621094,71.0,62.95,64.45,225.0,0.522068988342285,True,TSLA,119.3,-0.40486169321039395,-0.10606911055495248,1420487690716.0,-40.4861693210394,785.0
UNH260220P00350000,350.0,4320.0,空头卖 Put，看涨/看不跌,6.628631560995219,PUT,5089.0,769.0,5572800.0,1.78830794968608e-05,5M-10M,2026-02-20,349.54998779296875,327.82000732421875,353.95001220703125,354.7900085449219,348.0,12.9,12.45,14.45,31.0,0.3821472918701171,True,UNH,32.7,-0.6055045871559633,0.06628631560995218,311624180890.0,-60.550458715596335,4320.0
NFLX270115C00076000,76.0,2847.0,空头卖 Call，看跌/看不涨,-7.842510323096162,CALL,3548.0,701.0,5565885.0,1.081972725409863e-05,5M-10M,2027-01-15,85.95989990234375,93.2750015258789,86.91000366210938,86.94000244140625,85.3499984741211,19.55,19.3,19.85,7.0,0.4536187451171874,True,NFLX,27.43,-0.2872767043383157,-0.07842510323096162,514420083731.0,-28.72767043383157,2847.0
NVDA260918P00185000,185.0,2382.0,空头卖 Put，看涨/看不跌,2.2203993440635448,PUT,11313.0,8931.0,5550060.0,1.281764020787909e-06,5M-10M,2026-09-18,187.3699951171875,183.3000030517578,187.07000732421875,189.1199951171875,186.8500061035156,23.3,23.1,23.25,219.0,0.4104368038940429,False,NVDA,27.07,-0.13926856298485407,0.022203993440635447,4330017000000.0,-13.926856298485408,2382.0
GOOGL260618P00325000,325.0,2239.0,空头卖 Put，看涨/看不跌,7.560695230734458,PUT,2401.0,162.0,5541525.0,1.8585401215263433e-06,5M-10M,2026-06-18,330.9750061035156,307.7099914550781,327.8099975585937,331.3500061035156,327.0,24.75,25.0,25.2,5.0,0.342505354309082,False,GOOGL,38.75,-0.36129032258064514,0.07560695230734459,2981654760000.0,-36.12903225806451,2239.0
GOOGL260918C00360000,360.0,1889.0,多头买 Call，看涨,7.560695230734458,CALL,2503.0,614.0,5536659.0,1.856908141840003e-06,5M-10M,2026-09-18,330.9750061035156,307.7099914550781,327.8099975585937,331.3500061035156,327.0,29.31,29.0,29.25,23.0,0.3820709986877441,False,GOOGL,20.29,0.4445539674716609,0.07560695230734459,2981654760000.0,44.45539674716609,1889.0
AMD280121P00250000,250.0,834.0,空头卖 Put，看涨/看不跌,18.361493917806847,PUT,1373.0,539.0,5535258.0,2.1389932672496717e-05,5M-10M,2028-01-21,253.4600067138672,214.14059448242188,256.7449951171875,258.2898864746094,251.88999938964844,66.37,67.1,67.65,33.0,0.5001728450012208,False,AMD,78.0,-0.14910256410256403,0.18361493917806845,258778654648.0,-14.910256410256403,834.0
AAPL260717P00225000,225.0,6374.0,多头买 Put，看跌,-6.979818081637052,PUT,6600.0,226.0,5532632.0,1.4593637766443808e-06,5M-10M,2026-07-17,253.47999572753903,272.5,251.47999572753903,253.78689575195312,249.8000030517578,8.68,8.0,8.15,142.0,0.291602543029785,False,AAPL,4.9,0.7714285714285712,-0.06979818081637051,3791126029400.0,77.14285714285712,6374.0
TSLA270115C00430000,430.0,516.0,空头卖 Call，看跌/看不涨,-10.606911055495248,CALL,3345.0,2829.0,5529456.0,3.892646191965849e-06,5M-10M,2027-01-15,439.5154113769531,491.6659851074219,445.0299987792969,445.0299987792969,437.6600036621094,107.16,100.25,101.6,121.0,0.5689130023193358,True,TSLA,149.56,-0.283498261567264,-0.10606911055495248,1420487690716.0,-28.349826156726397,516.0
COIN270115P00230000,230.0,1017.0,多头买 Put，看跌,-15.487127020807561,PUT,2793.0,1776.0,5527395.0,6.88203403722155e-05,5M-10M,2027-01-15,213.3950042724609,252.5,212.10499572753903,215.63999938964844,210.88999938964844,54.35,52.8,57.95,19.0,0.5410507321166994,True,COIN,48.7,0.11601642710472276,-0.15487127020807562,80316298497.0,11.601642710472277,1017.0
AVGO260220P00400000,400.0,690.0,多头买 Put，看跌,-5.431308620422091,PUT,1380.0,690.0,5520000.0,3.4941734039191723e-06,5M-10M,2026-02-20,323.2149963378906,341.77801513671875,319.95001220703125,328.010009765625,317.6000061035156,80.0,76.65,79.15,45.0,0.5095263891601562,True,AVGO,68.6,0.1661807580174928,-0.054313086204220914,1579772770810.0,16.61807580174928,690.0
NU260417C00019000,19.0,56285.0,多头买 Call，看涨,10.100705911057837,CALL,66849.0,10564.0,5515930.0,7.25413420264524e-05,5M-10M,2026-04-17,18.040000915527344,16.385000228881836,18.049999237060547,18.114999771118164,17.950000762939453,0.98,0.91,1.0,11.0,0.4086973193359374,False,NU,0.57,0.7192982456140352,0.10100705911057838,76038433339.0,71.92982456140352,56285.0
PDD260320P00110000,110.0,7265.0,多头买 Put，看跌,-5.457209221455646,PUT,19349.0,12084.0,5506870.0,2.9841089559421332e-05,5M-10M,2026-03-20,106.28500366210938,112.41999816894533,106.0500030517578,106.3000030517578,105.16000366210938,7.58,7.8,8.5,20.0,0.39063109375,True,PDD,6.5,0.16615384615384615,-0.05457209221455645,184539843595.0,16.615384615384617,7265.0
INTC260618C00048000,48.0,11200.0,多头买 Call，看涨,16.391913684478432,CALL,11997.0,797.0,5488000.000000001,3.5319065409132895e-05,5M-10M,2026-06-18,43.05500030517578,36.99140167236328,44.27999877929688,44.459999084472656,42.95019912719727,4.9,4.75,4.95,27.0,0.62305064453125,False,INTC,2.38,1.058823529411765,0.16391913684478432,155383500000.0,105.88235294117649,11200.0
AAPL260618P00250000,250.0,3590.0,多头买 Put，看跌,-6.979818081637052,PUT,8327.0,4737.0,5474750.0,1.444096017263361e-06,5M-10M,2026-06-18,253.47999572753903,272.5,251.47999572753903,253.78689575195312,249.8000030517578,15.25,14.95,15.1,1.0,0.2663037237548828,False,AAPL,8.75,0.7428571428571429,-0.06979818081637051,3791126029400.0,74.28571428571429,3590.0
INTC270115P00040000,40.0,8553.0,空头卖 Put，看涨/看不跌,16.391913684478432,PUT,10452.0,1899.0,5473920.0,3.5228450897296045e-05,5M-10M,2027-01-15,43.05500030517578,36.99140167236328,44.27999877929688,44.459999084472656,42.95019912719727,6.4,6.35,6.7,3.0,0.5034229345703125,False,INTC,8.65,-0.26011560693641617,0.16391913684478432,155383500000.0,-26.011560693641616,8553.0
AMD270115P00180000,180.0,3240.0,空头卖 Put，看涨/看不跌,18.361493917806847,PUT,6743.0,3503.0,5456160.0,2.1084273768335584e-05,5M-10M,2027-01-15,253.4600067138672,214.14059448242188,256.7449951171875,258.2898864746094,251.88999938964844,16.84,17.2,17.45,95.0,0.5367477966308594,False,AMD,24.55,-0.31405295315682286,0.18361493917806845,258778654648.0,-31.405295315682284,3240.0
MU260717C00350000,350.0,526.0,多头买 Call，看涨,45.68827098100455,CALL,734.0,208.0,5454620.0,3.099131305729307e-05,5M-10M,2026-07-17,395.6601867675781,271.5799865722656,395.6300048828125,397.239990234375,384.2999877929688,103.7,96.25,99.1,18.0,0.7134428070068359,True,MU,27.5,2.770909090909091,0.45688270981004553,176004804634.0,277.0909090909091,526.0
NVDA261218P00215000,215.0,1217.0,空头卖 Put，看涨/看不跌,2.2203993440635448,PUT,1581.0,364.0,5454594.0,1.2597165322907509e-06,5M-10M,2026-12-18,187.3699951171875,183.3000030517578,187.07000732421875,189.1199951171875,186.8500061035156,44.82,44.75,45.0,39.0,0.385900916442871,True,NVDA,54.95,-0.18434940855323026,0.022203993440635447,4330017000000.0,-18.434940855323028,1217.0
AAPL260320C00215000,215.0,1508.0,空头卖 Call，看跌/看不涨,-6.979818081637052,CALL,1531.0,23.0,5451420.0,1.4379421727804616e-06,5M-10M,2026-03-20,253.47999572753903,272.5,251.47999572753903,253.78689575195312,249.8000030517578,36.15,38.85,39.5,88.0,0.3093330786132812,True,AAPL,59.29,-0.390285039635689,-0.06979818081637051,3791126029400.0,-39.0285039635689,1508.0
PLTR260417P00180000,180.0,2492.0,多头买 Put，看跌,-13.635784078336705,PUT,4152.0,1660.0,5447512.0,1.2931569140080881e-05,5M-10M,2026-04-17,169.7100067138672,196.5050048828125,168.2100067138672,170.58970642089844,168.02000427246094,21.86,21.85,22.05,31.0,0.4982349981689453,True,PLTR,15.7,0.3923566878980892,-0.13635784078336705,421256843697.0,39.23566878980892,2492.0
AVGO260618P00350000,350.0,980.0,多头买 Put，看跌,-5.431308620422091,PUT,2468.0,1488.0,5446840.0,3.447862946268678e-06,5M-10M,2026-06-18,323.2149963378906,341.77801513671875,319.95001220703125,328.010009765625,317.6000061035156,55.58,53.7,54.15,36.0,0.4679313461303711,True,AVGO,45.4,0.22422907488986785,-0.054313086204220914,1579772770810.0,22.422907488986784,980.0
MSFT260618P00490000,490.0,1298.0,多头买 Put，看跌,-3.2764267162519096,PUT,2173.0,875.0,5443812.0,1.4319161601698527e-06,5M-10M,2026-06-18,469.0899963378906,484.9800109863281,465.3049926757813,470.3475036621094,462.0,41.94,44.45,44.75,166.0,0.2786021847534179,True,MSFT,35.4,0.18474576271186438,-0.032764267162519095,3801767276203.0,18.47457627118644,1298.0
TSLA260130C00435000,435.0,3396.0,空头卖 Call，看跌/看不涨,-10.606911055495248,CALL,3500.0,104.0,5433600.0,3.825165142586475e-06,5M-10M,2026-01-30,439.5154113769531,491.6659851074219,445.0299987792969,445.0299987792969,437.6600036621094,16.0,16.45,16.65,66.0,0.6931183032226562,True,TSLA,61.6,-0.7402597402597403,-0.10606911055495248,1420487690716.0,-74.02597402597402,3396.0
NVDA260130P00185000,185.0,23406.0,空头卖 Put，看涨/看不跌,2.2203993440635448,PUT,23885.0,479.0,5430192.0,1.2540809885965806e-06,5M-10M,2026-01-30,187.3699951171875,183.3000030517578,187.07000732421875,189.1199951171875,186.8500061035156,2.32,2.3,2.33,1805.0,0.3859924682617187,False,NVDA,8.6,-0.7302325581395348,0.022203993440635447,4330017000000.0,-73.02325581395348,23406.0
NVDA260717P00185000,185.0,2762.0,空头卖 Put，看涨/看不跌,2.2203993440635448,PUT,2909.0,147.0,5427330.0,1.2534200212146973e-06,5M-10M,2026-07-17,187.3699951171875,183.3000030517578,187.07000732421875,189.1199951171875,186.8500061035156,19.65,19.35,19.45,19.0,0.403875590209961,False,NVDA,23.45,-0.16204690831556506,0.022203993440635447,4330017000000.0,-16.204690831556505,2762.0
AMZN260220C00200000,200.0,1310.0,多头买 Call，看涨,4.598855744709855,CALL,3246.0,1936.0,5423400.0,2.3138019753048415e-06,5M-10M,2026-02-20,238.58999633789065,228.1000061035156,239.97999572753903,240.9499969482422,237.5399932861328,41.4,40.75,41.45,2.0,0.6149940844726562,True,AMZN,31.77,0.30311614730878184,0.04598855744709855,2343934380679.0,30.311614730878183,1310.0
CRM261218P00240000,240.0,1488.0,多头买 Put，看跌,-12.680554554628795,PUT,2207.0,719.0,5416320.0,2.33718595271983e-05,5M-10M,2026-12-18,228.51499938964844,261.70001220703125,229.42999267578125,230.8699951171875,227.5850067138672,36.4,33.25,35.6,3.0,0.3353185365295409,True,CRM,22.9,0.5895196506550219,-0.12680554554628795,231745360000.0,58.951965065502186,1488.0
CORZ260220C00018000,18.0,-20553.0,空头平仓 Call，回补信号，看涨,19.242696192880178,CALL,40650.0,61203.0,5405439.0,0.001050388668519115,5M-10M,2026-02-20,19.209999084472656,16.110000610351562,19.030000686645508,19.82999992370605,18.86000061035156,2.63,2.56,2.7,60.0,0.9960937890625,True,CORZ,1.45,0.8137931034482758,0.1924269619288018,5146132248.0,81.37931034482759,-20553.0
MU260717P00300000,300.0,1796.0,空头卖 Put，看涨/看不跌,45.68827098100455,PUT,1838.0,42.0,5388000.0,3.06128006630517e-05,5M-10M,2026-07-17,395.6601867675781,271.5799865722656,395.6300048828125,397.239990234375,384.2999877929688,30.0,28.35,31.15,6.0,0.7141141870117188,False,MU,68.0,-0.5588235294117647,0.45688270981004553,176004804634.0,-55.88235294117647,1796.0
MSFT260220C00445000,445.0,1969.0,空头卖 Call，看跌/看不涨,-3.2764267162519096,CALL,2104.0,135.0,5385215.0,1.4165030652214099e-06,5M-10M,2026-02-20,469.0899963378906,484.9800109863281,465.3049926757813,470.3475036621094,462.0,27.35,28.55,28.85,9.0,0.2732616619873046,True,MSFT,47.2,-0.4205508474576271,-0.032764267162519095,3801767276203.0,-42.05508474576271,1969.0
SNOW270115C00230000,230.0,-1512.0,多头平仓 Call，减仓，看涨减弱,-6.326010990787367,CALL,2651.0,4163.0,5382720.0,7.072472981563891e-05,5M-10M,2027-01-15,210.2700042724609,224.47000122070312,211.7899932861328,212.1625061035156,208.6000061035156,35.6,34.1,37.9,7.0,0.5280808911132813,False,SNOW,42.39,-0.16017928756782257,-0.06326010990787367,76108032000.0,-16.017928756782258,-1512.0
BIDU260320C00160000,160.0,4345.0,多头买 Call，看涨,26.581349105815445,CALL,4919.0,574.0,5374764.999999999,0.00011904012174697459,5M-10M,2026-03-20,156.2899932861328,123.47000122070312,158.00999450683594,159.10000610351562,155.5,12.37,11.5,12.55,1.0,0.5698285205078125,False,BIDU,2.69,3.5985130111524164,0.26581349105815444,45150869481.0,359.85130111524165,4345.0
MSFT270115P00400000,400.0,2687.0,多头买 Put，看跌,-3.2764267162519096,PUT,4506.0,1819.0,5374000.0,1.4135531213702436e-06,5M-10M,2027-01-15,469.0899963378906,484.9800109863281,465.3049926757813,470.3475036621094,462.0,20.0,20.2,20.55,1.0,0.2784572277069091,False,MSFT,17.62,0.13507377979568666,-0.032764267162519095,3801767276203.0,13.507377979568666,2687.0
AAPL271217P00250000,250.0,1723.0,多头买 Put，看跌,-6.979818081637052,PUT,2857.0,1134.0,5372314.0,1.41707607669541e-06,5M-10M,2027-12-17,253.47999572753903,272.5,251.47999572753903,253.78689575195312,249.8000030517578,31.18,30.2,30.6,9.0,0.2349319671630859,False,AAPL,25.25,0.23485148514851484,-0.06979818081637051,3791126029400.0,23.485148514851485,1723.0
MSFT261218C00500000,500.0,1343.0,空头卖 Call，看跌/看不涨,-3.2764267162519096,CALL,5384.0,4041.0,5372000.0,1.4130270502420822e-06,5M-10M,2026-12-18,469.0899963378906,484.9800109863281,465.3049926757813,470.3475036621094,462.0,40.0,39.5,39.95,1.0,0.295554529876709,False,MSFT,52.8,-0.24242424242424238,-0.032764267162519095,3801767276203.0,-24.24242424242424,1343.0
BAC270115C00050000,50.0,7947.0,空头卖 Call，看跌/看不涨,-6.5541350353546095,CALL,22836.0,14889.0,5364225.0,1.3871200116849894e-05,5M-10M,2027-01-15,52.040000915527344,55.68999862670898,51.79999923706055,52.275001525878906,51.66999816894531,6.75,6.6,6.95,1169.0,0.2935861657714843,True,BAC,9.55,-0.29319371727748694,-0.0655413503535461,386716719160.0,-29.319371727748695,7947.0
PLTR261120P00150000,150.0,2426.0,多头买 Put，看跌,-13.635784078336705,PUT,2659.0,233.0,5361460.000000001,1.272729471394979e-05,5M-10M,2026-11-20,169.7100067138672,196.5050048828125,168.2100067138672,170.58970642089844,168.02000427246094,22.1,21.95,22.1,90.0,0.5413864221191409,False,PLTR,19.9,0.11055276381909562,-0.13635784078336705,421256843697.0,11.055276381909563,2426.0
TSLA270617C00420000,420.0,405.0,空头卖 Call，看跌/看不涨,-10.606911055495248,CALL,1854.0,1449.0,5354505.0,3.7694835618751824e-06,5M-10M,2027-06-17,439.5154113769531,491.6659851074219,445.0299987792969,445.0299987792969,437.6600036621094,132.21,125.8,128.2,17.0,0.5899012567901613,True,TSLA,168.0,-0.21303571428571424,-0.10606911055495248,1420487690716.0,-21.303571428571423,405.0
COIN260220P00230000,230.0,2272.0,多头买 Put，看跌,-15.487127020807561,PUT,4154.0,1882.0,5352832.0,6.664689608672567e-05,5M-10M,2026-02-20,213.3950042724609,252.5,212.10499572753903,215.63999938964844,210.88999938964844,23.56,22.1,22.8,1.0,0.528447098388672,True,COIN,13.0,0.8123076923076922,-0.15487127020807562,80316298497.0,81.23076923076921,2272.0
AAPL260618C00260000,260.0,3694.0,空头卖 Call，看跌/看不涨,-6.979818081637052,CALL,9650.0,5956.0,5337830.0,1.407980098420729e-06,5M-10M,2026-06-18,253.47999572753903,272.5,251.47999572753903,253.78689575195312,249.8000030517578,14.45,14.55,14.7,78.0,0.2766490792846678,False,AAPL,27.8,-0.4802158273381295,-0.06979818081637051,3791126029400.0,-48.02158273381295,3694.0
AVGO260417P00310000,310.0,2196.0,多头买 Put，看跌,-5.431308620422091,PUT,4074.0,1878.0,5331888.0,3.375098051136918e-06,5M-10M,2026-04-17,323.2149963378906,341.77801513671875,319.95001220703125,328.010009765625,317.6000061035156,24.28,23.15,23.6,1113.0,0.498326549987793,False,AVGO,20.97,0.15784453981878888,-0.054313086204220914,1579772770810.0,15.784453981878887,2196.0
BABA260130C00160000,160.0,5181.0,多头买 Call，看涨,13.443152358392846,CALL,5360.0,179.0,5331249.0,1.3429236842442273e-05,5M-10M,2026-01-30,170.53909301757812,150.3300018310547,169.7899932861328,170.86000061035156,168.67999267578125,10.29,9.95,10.45,2.0,1.0000000000000004e-05,True,BABA,3.5,1.9399999999999997,0.13443152358392846,396988232656.0,193.99999999999997,5181.0
AMD260130C00225000,225.0,1816.0,多头买 Call，看涨,18.361493917806847,CALL,1959.0,143.0,5326328.0,2.058256314550001e-05,5M-10M,2026-01-30,253.4600067138672,214.14059448242188,256.7449951171875,258.2898864746094,251.88999938964844,29.33,30.2,30.85,4.0,0.9594730615234374,True,AMD,9.51,2.0841219768664563,0.18361493917806845,258778654648.0,208.41219768664564,1816.0
BABA260220P00165000,165.0,9639.0,空头卖 Put，看涨/看不跌,13.443152358392846,PUT,13992.0,4353.0,5320728.0,1.3402734797458192e-05,5M-10M,2026-02-20,170.53909301757812,150.3300018310547,169.7899932861328,170.86000061035156,168.67999267578125,5.52,4.85,5.5,11.0,0.446294599609375,False,BABA,17.3,-0.6809248554913295,0.13443152358392846,396988232656.0,-68.09248554913296,9639.0
TSLA271217C00430000,430.0,-364.0,多头平仓 Call，减仓，看涨减弱,-10.606911055495248,CALL,955.0,1319.0,5314400.0,3.7412503006775546e-06,5M-10M,2027-12-17,439.5154113769531,491.6659851074219,445.0299987792969,445.0299987792969,437.6600036621094,146.0,143.25,145.4,25.0,0.6011010959625246,True,TSLA,183.63,-0.204922942874258,-0.10606911055495248,1420487690716.0,-20.4922942874258,-364.0
PLTR260320P00160000,160.0,5420.0,多头买 Put，看跌,-13.635784078336705,PUT,10584.0,5164.0,5311600.000000001,1.2608934619043266e-05,5M-10M,2026-03-20,169.7100067138672,196.5050048828125,168.2100067138672,170.58970642089844,168.02000427246094,9.8,9.25,9.4,1.0,0.5409591802978517,False,PLTR,7.73,0.2677878395860285,-0.13635784078336705,421256843697.0,26.778783958602848,5420.0
FCX260320C00050000,50.0,-3793.0,空头平仓 Call，回补信号，看涨,25.029756455554462,CALL,27622.0,31415.0,5310200.0,0.00010345433826823351,5M-10M,2026-03-20,63.040000915527344,50.41999816894531,63.415000915527344,63.57500076293945,62.08000183105469,14.0,13.2,13.9,34.0,0.5629926513671876,True,FCX,4.1,2.414634146341464,0.25029756455554464,51328925291.0,241.46341463414637,-3793.0
AVGO260417P00330000,330.0,1529.0,多头买 Put，看跌,-5.431308620422091,PUT,2282.0,753.0,5304100.999999999,3.3575088126632393e-06,5M-10M,2026-04-17,323.2149963378906,341.77801513671875,319.95001220703125,328.010009765625,317.6000061035156,34.69,33.25,33.65,6.0,0.4894460235595704,True,AVGO,30.65,0.13181076672104403,-0.054313086204220914,1579772770810.0,13.181076672104403,1529.0
PLTR260220P00160000,160.0,8211.0,多头买 Put，看跌,-13.635784078336705,PUT,21403.0,13192.0,5296095.0,1.2572128095346399e-05,5M-10M,2026-02-20,169.7100067138672,196.5050048828125,168.2100067138672,170.58970642089844,168.02000427246094,6.45,6.25,6.35,45.0,0.5970499279785157,False,PLTR,5.11,0.26223091976516627,-0.13635784078336705,421256843697.0,26.223091976516628,8211.0
NVDA270115P00160000,160.0,3017.0,空头卖 Put，看涨/看不跌,2.2203993440635448,PUT,16376.0,13359.0,5294835.0,1.2228208341907202e-06,5M-10M,2027-01-15,187.3699951171875,183.3000030517578,187.07000732421875,189.1199951171875,186.8500061035156,17.55,17.2,17.4,161.0,0.4292049267578125,False,NVDA,19.5,-0.09999999999999996,0.022203993440635447,4330017000000.0,-9.999999999999996,3017.0
HOOD260618P00100000,100.0,4467.0,多头买 Put，看跌,-12.618205452699394,PUT,7800.0,3333.0,5266592.999999999,4.900657472582562e-05,5M-10M,2026-06-18,107.6500015258789,123.19499969482422,106.23999786376952,108.1500015258789,104.83000183105467,11.79,11.55,12.85,30.0,0.6091958026123048,False,HOOD,10.57,0.11542100283822126,-0.12618205452699394,107467070071.0,11.542100283822126,4467.0
TSM260618C00340000,340.0,1708.0,多头买 Call，看涨,13.484180233352006,CALL,2340.0,632.0,5257224.000000001,3.7080299024934595e-06,5M-10M,2026-06-18,333.5299987792969,293.8999938964844,332.7900085449219,334.17999267578125,330.2300109863281,30.78,28.4,31.7,1.0,0.4136411175537109,False,TSM,15.8,0.9481012658227848,0.13484180233352006,1417794391697.0,94.81012658227847,1708.0
RKLB270115P00080000,80.0,2295.0,空头卖 Put，看涨/看不跌,12.539707561611419,PUT,2643.0,348.0,5255550.0,0.00023700343260181248,5M-10M,2027-01-15,85.3499984741211,75.83989715576172,86.79000091552734,87.16000366210938,84.27999877929688,22.9,23.0,25.25,506.0,0.845582598876953,False,RKLB,29.75,-0.23025210084033618,0.12539707561611418,22174995283.0,-23.025210084033617,2295.0
TSM260515C00280000,280.0,841.0,多头买 Call，看涨,13.484180233352006,CALL,1152.0,311.0,5253727.0,3.7055633953465276e-06,5M-10M,2026-05-15,333.5299987792969,293.8999938964844,332.7900085449219,334.17999267578125,330.2300109863281,62.47,62.0,65.55,4.0,0.4763846307373046,True,TSM,34.93,0.7884340108789006,0.13484180233352006,1417794391697.0,78.84340108789006,841.0
NVDA270115C00200000,200.0,1638.0,多头买 Call，看涨,2.2203993440635448,CALL,51023.0,49385.0,5225220.0,1.206743530106233e-06,5M-10M,2027-01-15,187.3699951171875,183.3000030517578,187.07000732421875,189.1199951171875,186.8500061035156,31.9,31.6,31.7,139.0,0.4998371549987793,False,NVDA,29.7,0.07407407407407406,0.022203993440635447,4330017000000.0,7.407407407407406,1638.0
AVGO280121C00340000,340.0,594.0,空头卖 Call，看跌/看不涨,-5.431308620422091,CALL,1240.0,646.0,5202252.0,3.29303814834879e-06,5M-10M,2028-01-21,323.2149963378906,341.77801513671875,319.95001220703125,328.010009765625,317.6000061035156,87.58,87.7,90.65,40.0,0.5344666304779053,False,AVGO,97.4,-0.1008213552361397,-0.054313086204220914,1579772770810.0,-10.082135523613971,594.0
MU260220C00310000,310.0,609.0,多头买 Call，看涨,45.68827098100455,CALL,1507.0,898.0,5194770.0,2.9514932906533236e-05,5M-10M,2026-02-20,395.6601867675781,271.5799865722656,395.6300048828125,397.239990234375,384.2999877929688,85.3,82.5,85.5,1.0,1.0000000000000004e-05,True,MU,14.94,4.7095046854083,0.45688270981004553,176004804634.0,470.95046854083,609.0
TSLA260130C00455000,455.0,7053.0,空头卖 Call，看跌/看不涨,-10.606911055495248,CALL,7308.0,255.0,5183955.0,3.649419163489559e-06,5M-10M,2026-01-30,439.5154113769531,491.6659851074219,445.0299987792969,445.0299987792969,437.6600036621094,7.35,7.55,7.65,646.0,0.6696810375976563,False,TSLA,50.85,-0.855457227138643,-0.10606911055495248,1420487690716.0,-85.54572271386431,7053.0
NVDA280121C00185000,185.0,927.0,多头买 Call，看涨,2.2203993440635448,CALL,9232.0,8305.0,5173587.0,1.1948190965532006e-06,5M-10M,2028-01-21,187.3699951171875,183.3000030517578,187.07000732421875,189.1199951171875,186.8500061035156,55.81,56.1,56.45,1.0,0.5386246089172364,True,NVDA,51.3,0.08791423001949328,0.022203993440635447,4330017000000.0,8.791423001949328,927.0
BABA260320P00150000,150.0,15423.0,空头卖 Put，看涨/看不跌,13.443152358392846,PUT,23709.0,8286.0,5166705.0,1.3014756043101852e-05,5M-10M,2026-03-20,170.53909301757812,150.3300018310547,169.7899932861328,170.86000061035156,168.67999267578125,3.35,3.2,3.6,3.0,0.4459283923339844,False,BABA,10.4,-0.6778846153846154,0.13443152358392846,396988232656.0,-67.78846153846155,15423.0
RKLB260320P00080000,80.0,5608.0,空头卖 Put，看涨/看不跌,12.539707561611419,PUT,5631.0,23.0,5164968.000000001,0.0002329185613833982,5M-10M,2026-03-20,85.3499984741211,75.83989715576172,86.79000091552734,87.16000366210938,84.27999877929688,9.21,8.9,9.35,16.0,0.91992267578125,False,RKLB,23.95,-0.6154488517745302,0.12539707561611418,22174995283.0,-61.544885177453025,5608.0
AAPL260220C00260000,260.0,11871.0,空头卖 Call，看跌/看不涨,-6.979818081637052,CALL,22710.0,10839.0,5163885.0,1.362097951889312e-06,5M-10M,2026-02-20,253.47999572753903,272.5,251.47999572753903,253.78689575195312,249.8000030517578,4.35,4.35,4.4,503.0,0.2640454455566406,False,AAPL,19.9,-0.7814070351758794,-0.06979818081637051,3791126029400.0,-78.14070351758794,11871.0
NVDA260515P00210000,210.0,1711.0,空头卖 Put，看涨/看不跌,2.2203993440635448,PUT,3155.0,1444.0,5156954.0,1.190977772142696e-06,5M-10M,2026-05-15,187.3699951171875,183.3000030517578,187.07000732421875,189.1199951171875,186.8500061035156,30.14,29.65,29.8,3.0,0.3676821044921875,True,NVDA,36.3,-0.16969696969696962,0.022203993440635447,4330017000000.0,-16.96969696969696,1711.0
NVDA260618P00185000,185.0,2836.0,空头卖 Put，看涨/看不跌,2.2203993440635448,PUT,4808.0,1972.0,5138832.0,1.1867925691746707e-06,5M-10M,2026-06-18,187.3699951171875,183.3000030517578,187.07000732421875,189.1199951171875,186.8500061035156,18.12,17.8,17.9,85.0,0.4090940438842773,False,NVDA,22.35,-0.18926174496644296,0.022203993440635447,4330017000000.0,-18.926174496644297,2836.0
TSLA260220C00430000,430.0,1746.0,空头卖 Call，看跌/看不涨,-10.606911055495248,CALL,4908.0,3162.0,5134986.0,3.614945791900315e-06,5M-10M,2026-02-20,439.5154113769531,491.6659851074219,445.0299987792969,445.0299987792969,437.6600036621094,29.41,28.45,28.65,10.0,0.5070239727783203,True,TSLA,83.6,-0.6482057416267942,-0.10606911055495248,1420487690716.0,-64.82057416267942,1746.0
TSLA270115C00440000,440.0,517.0,空头卖 Call，看跌/看不涨,-10.606911055495248,CALL,2425.0,1908.0,5118300.0,3.6031991220002123e-06,5M-10M,2027-01-15,439.5154113769531,491.6659851074219,445.0299987792969,445.0299987792969,437.6600036621094,99.0,96.1,97.6,14.0,0.568264510269165,False,TSLA,142.15,-0.3035525852972213,-0.10606911055495248,1420487690716.0,-30.35525852972213,517.0
TSM260220C00280000,280.0,-914.0,空头平仓 Call，回补信号，看涨,13.484180233352006,CALL,5853.0,6767.0,5115658.0,3.6081804455982633e-06,5M-10M,2026-02-20,333.5299987792969,293.8999938964844,332.7900085449219,334.17999267578125,330.2300109863281,55.97,52.2,55.6,56.0,0.5150194982910157,True,TSM,23.76,1.3556397306397303,0.13484180233352006,1417794391697.0,135.56397306397304,-914.0
FCX270115C00050000,50.0,-2656.0,空头平仓 Call，回补信号，看涨,25.029756455554462,CALL,14969.0,17625.0,5112800.0,9.960855348156836e-05,5M-10M,2027-01-15,63.040000915527344,50.41999816894531,63.415000915527344,63.57500076293945,62.08000183105469,19.25,18.05,19.4,5.0,0.5017139672851563,True,FCX,7.99,1.409261576971214,0.25029756455554464,51328925291.0,140.9261576971214,-2656.0
NVDA270115C00170000,170.0,1112.0,多头买 Call，看涨,2.2203993440635448,CALL,12560.0,11448.0,5100743.999999999,1.1779962988597964e-06,5M-10M,2027-01-15,187.3699951171875,183.3000030517578,187.07000732421875,189.1199951171875,186.8500061035156,45.87,45.8,46.0,11.0,0.5265855447387696,True,NVDA,43.28,0.059842883548983275,0.022203993440635447,4330017000000.0,5.984288354898328,1112.0
TSLA260220C00435000,435.0,1999.0,空头卖 Call，看跌/看不涨,-10.606911055495248,CALL,2360.0,361.0,5097450.0,3.5885210645018816e-06,5M-10M,2026-02-20,439.5154113769531,491.6659851074219,445.0299987792969,445.0299987792969,437.6600036621094,25.5,25.7,25.9,19.0,0.5038806936645508,True,TSLA,68.65,-0.6285506190823016,-0.10606911055495248,1420487690716.0,-62.855061908230155,1999.0
NVDA260320P00165000,165.0,12134.0,空头卖 Put，看涨/看不跌,2.2203993440635448,PUT,32056.0,19922.0,5096280.0,1.1769653560251611e-06,5M-10M,2026-03-20,187.3699951171875,183.3000030517578,187.07000732421875,189.1199951171875,186.8500061035156,4.2,4.1,4.2,10.0,0.4545952978515625,False,NVDA,6.95,-0.39568345323741005,0.022203993440635447,4330017000000.0,-39.568345323741006,12134.0
MRVL260618P00080000,80.0,4898.0,多头买 Put，看跌,-5.039647243786495,PUT,10257.0,5359.0,5093920.0,7.104406018466418e-05,5M-10M,2026-06-18,81.20059967041016,85.51000213623047,80.04239654541016,81.2300033569336,79.55500030517578,10.4,10.0,10.75,113.0,0.5455367712402344,False,MRVL,9.45,0.10052910052910065,-0.05039647243786496,71700857000.0,10.052910052910065,4898.0
IREN270115C00045000,45.0,-1949.0,空头平仓 Call，回补信号，看涨,30.278800299839574,CALL,9149.0,11098.0,5090788.0,0.00044714464030915814,5M-10M,2027-01-15,55.84999847412109,42.86959838867188,56.13899993896485,57.04560089111328,55.20000076293945,26.12,24.35,27.8,5.0,1.0693405908203126,True,IREN,16.45,0.5878419452887539,0.30278800299839576,11385103479.0,58.78419452887539,-1949.0
ORCL260320P00170000,170.0,4237.0,多头买 Put，看跌,-6.782618117241909,PUT,13828.0,9591.0,5084400.0,6.312008286928866e-06,5M-10M,2026-03-20,181.69000244140625,194.91000366210935,179.10000610351562,185.27999877929688,178.52999877929688,12.0,10.45,11.05,875.0,0.5911906115722658,False,ORCL,7.8,0.5384615384615385,-0.06782618117241909,805512250440.0,53.846153846153854,4237.0
TSLA270115C00420000,420.0,459.0,空头卖 Call，看跌/看不涨,-10.606911055495248,CALL,3382.0,2923.0,5081130.0,3.5770320525895193e-06,5M-10M,2027-01-15,439.5154113769531,491.6659851074219,445.0299987792969,445.0299987792969,437.6600036621094,110.7,104.75,106.1,63.0,0.5712094271087647,True,TSLA,146.81,-0.24596417137797152,-0.10606911055495248,1420487690716.0,-24.596417137797154,459.0
CRWV260320C00100000,100.0,2526.0,多头买 Call，看涨,20.656198460159665,CALL,105157.0,102631.0,5077260.000000001,8.635559435173254e-05,5M-10M,2026-03-20,104.44000244140624,86.55999755859375,101.81999969482422,108.6500015258789,101.5500030517578,20.1,19.75,20.05,382.0,1.1296430236816408,True,CRWV,10.6,0.8962264150943399,0.20656198460159664,58794801172.0,89.62264150943399,2526.0
AVGO260320P00310000,310.0,2502.0,多头买 Put，看跌,-5.431308620422091,PUT,8200.0,5698.0,5066550.0,3.2071384528309206e-06,5M-10M,2026-03-20,323.2149963378906,341.77801513671875,319.95001220703125,328.010009765625,317.6000061035156,20.25,18.85,19.15,5.0,0.5169726037597657,False,AVGO,16.9,0.198224852071006,-0.054313086204220914,1579772770810.0,19.822485207100602,2502.0
GOOGL260220P00320000,320.0,5640.0,空头卖 Put，看涨/看不跌,7.560695230734458,PUT,7693.0,2053.0,5059080.0,1.6967356743877349e-06,5M-10M,2026-02-20,330.9750061035156,307.7099914550781,327.8099975585937,331.3500061035156,327.0,8.97,8.6,8.75,22.0,0.3908752319335937,False,GOOGL,24.95,-0.6404809619238476,0.07560695230734459,2981654760000.0,-64.04809619238476,5640.0
AAPL260220C00250000,250.0,5720.0,空头卖 Call，看跌/看不涨,-6.979818081637052,CALL,11332.0,5612.0,5033600.000000001,1.3277321727013755e-06,5M-10M,2026-02-20,253.47999572753903,272.5,251.47999572753903,253.78689575195312,249.8000030517578,8.8,8.7,8.8,1567.0,0.2595288891601562,True,AAPL,28.5,-0.6912280701754385,-0.06979818081637051,3791126029400.0,-69.12280701754385,5720.0
BABA260220C00150000,150.0,2045.0,多头买 Call，看涨,13.443152358392846,CALL,6377.0,4332.0,5032745.0,1.267731531065556e-05,5M-10M,2026-02-20,170.53909301757812,150.3300018310547,169.7899932861328,170.86000061035156,168.67999267578125,24.61,20.15,22.15,48.0,0.4709525561523437,True,BABA,9.36,1.6292735042735045,0.13443152358392846,396988232656.0,162.92735042735046,2045.0
SOFI260918C00027000,27.0,10036.0,空头卖 Call，看跌/看不涨,-5.5954823642197535,CALL,15357.0,5321.0,5028036.0,0.00015006977927048868,5M-10M,2026-09-18,25.904600143432617,27.440000534057617,25.899999618530277,26.399999618530277,25.8700008392334,5.01,4.9,5.3,1.0,0.6716341430664063,False,SOFI,6.76,-0.2588757396449704,-0.05595482364219753,33504653798.0,-25.88757396449704,10036.0
CRWV260130C00095000,95.0,3509.0,多头买 Call，看涨,20.656198460159665,CALL,3611.0,102.0,5024888.0,8.546483532277026e-05,5M-10M,2026-01-30,104.44000244140624,86.55999755859375,101.81999969482422,108.6500015258789,101.5500030517578,14.32,13.8,14.45,596.0,1.84375078125,True,CRWV,5.65,1.534513274336283,0.20656198460159664,58794801172.0,153.4513274336283,3509.0
