contractSymbol,strike,oi_change,oi_change_pct,signal_type,stock_price_change_pct,option_type,openInterest_new,openInterest_old,amount_threshold,amount_to_market_cap,amount_tier,expiry_date,price_basis_new,price_basis_old,price_source_new,price_source_old,spread_pct_new,股票价格(new),股票价格(old),股票价格(new open),股票价格(new high),股票价格(new low),lastPrice_new,bid,ask,volume,impliedVolatility,inTheMoney,symbol,lastPrice_old,spread_pct_old,option_price_change,stock_price_change,market_cap,option_price_change_pct,oi_change_abs
MU261218C00700000,700.0,-5029.0,-100.0,空头平仓 Call，回补信号，看涨,3.4695717924559646,CALL,0.0,5029.0,168320630.0,0.000885898052631579,>50M,2026-12-18,334.7,332.95,lastPrice,mid,,969.5098876953124,937.0,987.9500122070312,994.7999877929688,967.1500244140624,334.7,0.0,0.0,6.0,1.0000000000000004e-05,True,MU,334.7,0.031836612103919575,0.005256044451118787,0.034695717924559645,190000000000,0.5256044451118786,-5029.0
MU270115C00740000,740.0,-3984.0,-100.0,空头平仓 Call，回补信号，看涨,3.4695717924559646,CALL,0.0,3984.0,151264512.0,0.0007961290105263158,>50M,2027-01-15,379.68,324.5,lastPrice,mid,,969.5098876953124,937.0,987.9500122070312,994.7999877929688,967.1500244140624,379.68,0.0,0.0,10.0,1.0000000000000004e-05,True,MU,379.68,0.03174114021571635,0.17004622496147923,0.034695717924559645,190000000000,17.004622496147924,-3984.0
MU270115C00900000,900.0,-5699.0,-100.0,空头平仓 Call，回补信号，看涨,3.4695717924559646,CALL,0.0,5699.0,146190748.0,0.0007694249894736842,>50M,2027-01-15,256.52,249.22500000000002,lastPrice,mid,,969.5098876953124,937.0,987.9500122070312,994.7999877929688,967.1500244140624,256.52,0.0,0.0,106.0,1.0000000000000004e-05,True,MU,246.08,0.025478984853044413,0.02927073929180443,0.034695717924559645,190000000000,2.927073929180443,-5699.0
MSFT261218P00475000,475.0,-14223.0,-100.0,空头平仓 Put，回补，看跌信号减弱,-1.5754888401150173,PUT,0.0,14223.0,137707086.0,2.8754872833576946e-05,>50M,2026-12-18,96.82,92.95,lastPrice,mid,,384.8299865722656,390.989990234375,382.5050048828125,385.6000061035156,378.6499938964844,96.82,0.0,0.0,3.0,1.0000000000000004e-05,True,MSFT,96.82,0.025820333512641264,0.041635287789133835,-0.015754888401150174,4789000000000,4.163528778913383,-14223.0
MU270115C00700000,700.0,-3944.0,-100.0,空头平仓 Call，回补信号，看涨,3.4695717924559646,CALL,0.0,3944.0,137322192.0,0.0007227483789473684,>50M,2027-01-15,348.18,346.5,lastPrice,mid,,969.5098876953124,937.0,987.9500122070312,994.7999877929688,967.1500244140624,348.18,0.0,0.0,11.0,1.0000000000000004e-05,True,MU,345.2,0.031746031746031744,0.004848484848484868,0.034695717924559645,190000000000,0.48484848484848686,-3944.0
MU280121C00900000,900.0,-3247.0,-100.0,空头平仓 Call，回补信号，看涨,3.4695717924559646,CALL,0.0,3247.0,131412584.00000001,0.0006916451789473685,>50M,2028-01-21,404.72,404.6,lastPrice,mid,,969.5098876953124,937.0,987.9500122070312,994.7999877929688,967.1500244140624,404.72,0.0,0.0,26.0,1.0000000000000004e-05,True,MU,404.72,0.026940187839841902,0.00029658922392487527,0.034695717924559645,190000000000,0.029658922392487526,-3247.0
MU260717C00700000,700.0,-4939.0,-100.0,空头平仓 Call，回补信号，看涨,3.4695717924559646,CALL,0.0,4939.0,115621989.99999999,0.0006085367894736841,>50M,2026-07-17,234.1,231.225,lastPrice,mid,,969.5098876953124,937.0,987.9500122070312,994.7999877929688,967.1500244140624,234.1,0.0,0.0,12.0,1.0000000000000004e-05,True,MU,229.6,0.045194075035138885,0.012433776624499947,0.034695717924559645,190000000000,1.2433776624499948,-4939.0
MU270115C01000000,1000.0,-5088.0,-100.0,空头平仓 Call，回补信号，看涨,3.4695717924559646,CALL,0.0,5088.0,109646400.0,0.0005770863157894737,>50M,2027-01-15,215.5,211.72500000000002,lastPrice,mid,,969.5098876953124,937.0,987.9500122070312,994.7999877929688,967.1500244140624,215.5,0.0,0.0,204.0,0.01563484375,False,MU,211.18,0.02432400519541861,0.01782973196363196,0.034695717924559645,190000000000,1.782973196363196,-5088.0
MU270617C00740000,740.0,-2743.0,-100.0,空头平仓 Call，回补信号，看涨,3.4695717924559646,CALL,0.0,2743.0,107023631.0,0.0005632822684210527,>50M,2027-06-17,390.17,389.82500000000005,lastPrice,mid,,969.5098876953124,937.0,987.9500122070312,994.7999877929688,967.1500244140624,390.17,0.0,0.0,1.0,1.0000000000000004e-05,True,MU,390.17,0.022959020073109696,0.0008850125056114164,0.034695717924559645,190000000000,0.08850125056114164,-2743.0
MU270617C00690000,690.0,-2266.0,-100.0,空头平仓 Call，回补信号，看涨,3.4695717924559646,CALL,0.0,2266.0,97891200.0,0.0005152168421052631,>50M,2027-06-17,432.0,412.75,lastPrice,mid,,969.5098876953124,937.0,987.9500122070312,994.7999877929688,967.1500244140624,432.0,0.0,0.0,1.0,1.0000000000000004e-05,True,MU,432.0,0.029800121138703707,0.04663840096910963,0.034695717924559645,190000000000,4.663840096910963,-2266.0
MU260821P00990000,990.0,-6819.0,-100.0,多头平仓 Put，减仓，看跌减弱,3.4695717924559646,PUT,0.0,6819.0,97682175.0,0.0005141167105263157,>50M,2026-08-21,143.25,143.55,lastPrice,mid,,969.5098876953124,937.0,987.9500122070312,994.7999877929688,967.1500244140624,143.25,0.0,0.0,13.0,1.0000000000000004e-05,True,MU,146.38,0.028561476837338864,-0.002089864158829755,0.034695717924559645,190000000000,-0.2089864158829755,-6819.0
MU260717P01000000,1000.0,-12117.0,-100.0,多头平仓 Put，减仓，看跌减弱,3.4695717924559646,PUT,0.0,12117.0,94270260.0,0.0004961592631578947,>50M,2026-07-17,77.8,84.05000000000001,lastPrice,mid,,969.5098876953124,937.0,987.9500122070312,994.7999877929688,967.1500244140624,77.8,0.0,0.0,1249.0,1.0000000000000004e-05,True,MU,84.5,0.021415823914336666,-0.07436049970255816,0.034695717924559645,190000000000,-7.436049970255816,-12117.0
MU270617C00900000,900.0,-2875.0,-100.0,空头平仓 Call，回补信号，看涨,3.4695717924559646,CALL,0.0,2875.0,93408749.99999999,0.0004916249999999999,>50M,2027-06-17,324.9,323.35,lastPrice,mid,,969.5098876953124,937.0,987.9500122070312,994.7999877929688,967.1500244140624,324.9,0.0,0.0,19.0,1.0000000000000004e-05,True,MU,322.25,0.03247255296118757,0.004793567341889452,0.034695717924559645,190000000000,0.4793567341889452,-2875.0
MU281215C00750000,750.0,-1670.0,-100.0,空头平仓 Call，回补信号，看涨,3.4695717924559646,CALL,0.0,1670.0,91015000.0,0.0004790263157894737,>50M,2028-12-15,545.0,539.975,lastPrice,mid,,969.5098876953124,937.0,987.9500122070312,994.7999877929688,967.1500244140624,545.0,0.0,0.0,4.0,1.0000000000000004e-05,True,MU,545.0,0.022130654196953647,0.009305986388258674,0.034695717924559645,190000000000,0.9305986388258674,-1670.0
MU280121C00910000,910.0,-2071.0,-100.0,空头平仓 Call，回补信号，看涨,3.4695717924559646,CALL,0.0,2071.0,84496800.0,0.00044472,>50M,2028-01-21,408.0,401.475,lastPrice,mid,,969.5098876953124,937.0,987.9500122070312,994.7999877929688,967.1500244140624,408.0,0.0,0.0,1.0,1.0000000000000004e-05,True,MU,408.0,0.02528177346036499,0.016252568653091666,0.034695717924559645,190000000000,1.6252568653091666,-2071.0
MU260821P01000000,1000.0,-5702.0,-100.0,多头平仓 Put，减仓，看跌减弱,3.4695717924559646,PUT,0.0,5702.0,83100948.00000001,0.00043737341052631586,>50M,2026-08-21,145.74,149.25,lastPrice,mid,,969.5098876953124,937.0,987.9500122070312,994.7999877929688,967.1500244140624,145.74,0.0,0.0,272.0,1.0000000000000004e-05,True,MU,149.28,0.027470686767169333,-0.023517587939698433,0.034695717924559645,190000000000,-2.3517587939698434,-5702.0
MU281215C00700000,700.0,-1481.0,-100.0,空头平仓 Call，回补信号，看涨,3.4695717924559646,CALL,0.0,1481.0,82561307.0,0.0004345331947368421,>50M,2028-12-15,557.47,556.0,lastPrice,mid,,969.5098876953124,937.0,987.9500122070312,994.7999877929688,967.1500244140624,557.47,0.0,0.0,7.0,1.0000000000000004e-05,True,MU,557.47,0.02158273381294964,0.00264388489208638,0.034695717924559645,190000000000,0.264388489208638,-1481.0
MU270115P01000000,1000.0,-3028.0,-100.0,多头平仓 Put，减仓，看跌减弱,3.4695717924559646,PUT,0.0,3028.0,78728000.0,0.0004143578947368421,>50M,2027-01-15,260.0,260.025,lastPrice,mid,,969.5098876953124,937.0,987.9500122070312,994.7999877929688,967.1500244140624,260.0,0.0,0.0,38.0,1.0000000000000004e-05,True,MU,260.0,0.024420728776079093,-9.614460148053943e-05,0.034695717924559645,190000000000,-0.009614460148053942,-3028.0
MU260918C00900000,900.0,-4762.0,-100.0,空头平仓 Call，回补信号，看涨,3.4695717924559646,CALL,0.0,4762.0,78120610.00000001,0.00041116110526315795,>50M,2026-09-18,164.05,159.65,lastPrice,mid,,969.5098876953124,937.0,987.9500122070312,994.7999877929688,967.1500244140624,164.05,0.0,0.0,114.0,1.0000000000000004e-05,True,MU,157.0,0.03632947071719393,0.02756028813028503,0.034695717924559645,190000000000,2.7560288130285033,-4762.0
MU270115C00850000,850.0,-2810.0,-100.0,空头平仓 Call，回补信号，看涨,3.4695717924559646,CALL,0.0,2810.0,77275000.0,0.00040671052631578947,>50M,2027-01-15,275.0,271.175,lastPrice,mid,,969.5098876953124,937.0,987.9500122070312,994.7999877929688,967.1500244140624,275.0,0.0,0.0,5.0,1.0000000000000004e-05,True,MU,275.0,0.023047847331059277,0.014105282566608236,0.034695717924559645,190000000000,1.4105282566608237,-2810.0
MU281215C00760000,760.0,-958.0,-100.0,空头平仓 Call，回补信号，看涨,3.4695717924559646,CALL,0.0,958.0,77023200.0,0.00040538526315789475,>50M,2028-12-15,804.0,536.05,lastPrice,mid,,969.5098876953124,937.0,987.9500122070312,994.7999877929688,967.1500244140624,804.0,0.0,0.0,4.0,1.0000000000000004e-05,True,MU,804.0,0.022572521220035488,0.49986008767838835,0.034695717924559645,190000000000,49.98600876783883,-958.0
MU261016P01100000,1100.0,-2809.0,-100.0,多头平仓 Put，减仓，看跌减弱,3.4695717924559646,PUT,0.0,2809.0,76317721.0,0.0004016722157894737,>50M,2026-10-16,271.69,273.25,lastPrice,mid,,969.5098876953124,937.0,987.9500122070312,994.7999877929688,967.1500244140624,271.69,0.0,0.0,17.0,1.0000000000000004e-05,True,MU,271.69,0.030009149130832736,-0.005709057639524254,0.034695717924559645,190000000000,-0.5709057639524254,-2809.0
MU261218C00800000,800.0,-2640.0,-100.0,空头平仓 Call，回补信号，看涨,3.4695717924559646,CALL,0.0,2640.0,74165520.0,0.00039034484210526317,>50M,2026-12-18,280.93,278.95,lastPrice,mid,,969.5098876953124,937.0,987.9500122070312,994.7999877929688,967.1500244140624,280.93,0.0,0.0,5.0,1.0000000000000004e-05,True,MU,276.0,0.0182828463882417,0.007098046244846812,0.034695717924559645,190000000000,0.7098046244846812,-2640.0
MU280121C01100000,1100.0,-2076.0,-100.0,空头平仓 Call，回补信号，看涨,3.4695717924559646,CALL,0.0,2076.0,72660000.0,0.0003824210526315789,>50M,2028-01-21,350.0,345.17499999999995,lastPrice,mid,,969.5098876953124,937.0,987.9500122070312,994.7999877929688,967.1500244140624,350.0,0.0,0.0,9.0,0.0312596875,False,MU,350.0,0.024770044180488195,0.013978416745129415,0.034695717924559645,190000000000,1.3978416745129416,-2076.0
MU270617C00750000,750.0,-1635.0,-100.0,空头平仓 Call，回补信号，看涨,3.4695717924559646,CALL,0.0,1635.0,70627095.0,0.00037172155263157894,>50M,2027-06-17,431.97,384.275,lastPrice,mid,,969.5098876953124,937.0,987.9500122070312,994.7999877929688,967.1500244140624,431.97,0.0,0.0,13.0,1.0000000000000004e-05,True,MU,431.97,0.032398672825450496,0.12411684340641481,0.034695717924559645,190000000000,12.41168434064148,-1635.0
MU270115C00950000,950.0,-3054.0,-100.0,空头平仓 Call，回补信号，看涨,3.4695717924559646,CALL,0.0,3054.0,70577940.0,0.00037146284210526315,>50M,2027-01-15,231.1,229.7,lastPrice,mid,,969.5098876953124,937.0,987.9500122070312,994.7999877929688,967.1500244140624,231.1,0.0,0.0,52.0,0.0039162109375,False,MU,230.05,0.027427078798432664,0.006094906399651745,0.034695717924559645,190000000000,0.6094906399651745,-3054.0
MU270617C00890000,890.0,-2053.0,-100.0,空头平仓 Call，回补信号，看涨,3.4695717924559646,CALL,0.0,2053.0,68529140.0,0.0003606796842105263,>50M,2027-06-17,333.8,326.57500000000005,lastPrice,mid,,969.5098876953124,937.0,987.9500122070312,994.7999877929688,967.1500244140624,333.8,0.0,0.0,1.0,1.0000000000000004e-05,True,MU,333.8,0.02618081604531887,0.02212355507923131,0.034695717924559645,190000000000,2.2123555079231307,-2053.0
MU281215C00900000,900.0,-1372.0,-100.0,空头平仓 Call，回补信号，看涨,3.4695717924559646,CALL,0.0,1372.0,68495728.0,0.0003605038315789474,>50M,2028-12-15,499.24,495.975,lastPrice,mid,,969.5098876953124,937.0,987.9500122070312,994.7999877929688,967.1500244140624,499.24,0.0,0.0,29.0,1.0000000000000004e-05,True,MU,493.18,0.024093956348606258,0.0065829930944099726,0.034695717924559645,190000000000,0.6582993094409972,-1372.0
MU280121C00700000,700.0,-1356.0,-100.0,空头平仓 Call，回补信号，看涨,3.4695717924559646,CALL,0.0,1356.0,65542260.0,0.0003449592631578947,>50M,2028-01-21,483.35,477.175,lastPrice,mid,,969.5098876953124,937.0,987.9500122070312,994.7999877929688,967.1500244140624,483.35,0.0,0.0,28.0,1.0000000000000004e-05,True,MU,478.5,0.02588149001938497,0.012940745009692485,0.034695717924559645,190000000000,1.2940745009692485,-1356.0
MU280121C00720000,720.0,-980.0,-100.0,空头平仓 Call，回补信号，看涨,3.4695717924559646,CALL,0.0,980.0,64190000.0,0.00033784210526315787,>50M,2028-01-21,655.0,470.125,lastPrice,mid,,969.5098876953124,937.0,987.9500122070312,994.7999877929688,967.1500244140624,655.0,0.0,0.0,2.0,1.0000000000000004e-05,True,MU,655.0,0.0324381813347514,0.3932464770007977,0.034695717924559645,190000000000,39.324647700079765,-980.0
MU260918C01000000,1000.0,-5251.0,-100.0,空头平仓 Call，回补信号，看涨,3.4695717924559646,CALL,0.0,5251.0,64062200.0,0.0003371694736842105,>50M,2026-09-18,122.0,116.625,lastPrice,mid,,969.5098876953124,937.0,987.9500122070312,994.7999877929688,967.1500244140624,122.0,0.0,0.0,386.0,0.0312596875,False,MU,116.93,0.02700964630225085,0.04608788853161844,0.034695717924559645,190000000000,4.608788853161844,-5251.0
MU261016C01000000,1000.0,-4183.0,-100.0,空头平仓 Call，回补信号，看涨,3.4695717924559646,CALL,0.0,4183.0,63163300.0,0.00033243842105263157,>50M,2026-10-16,151.0,148.925,lastPrice,mid,,969.5098876953124,937.0,987.9500122070312,994.7999877929688,967.1500244140624,151.0,0.0,0.0,638.0,0.0312596875,False,MU,147.6,0.02316602316602328,0.013933187846231248,0.034695717924559645,190000000000,1.3933187846231248,-4183.0
MU270617C01000000,1000.0,-2169.0,-100.0,空头平仓 Call，回补信号，看涨,3.4695717924559646,CALL,0.0,2169.0,62901000.0,0.0003310578947368421,>50M,2027-06-17,290.0,289.025,lastPrice,mid,,969.5098876953124,937.0,987.9500122070312,994.7999877929688,967.1500244140624,290.0,0.0,0.0,192.0,0.01563484375,False,MU,290.0,0.026468298590087484,0.0033734106046190565,0.034695717924559645,190000000000,0.33734106046190565,-2169.0
MU261016P01000000,1000.0,-3043.0,-100.0,多头平仓 Put，减仓，看跌减弱,3.4695717924559646,PUT,0.0,3043.0,62229350.0,0.0003275228947368421,>50M,2026-10-16,204.5,205.325,lastPrice,mid,,969.5098876953124,937.0,987.9500122070312,994.7999877929688,967.1500244140624,204.5,0.0,0.0,10.0,1.0000000000000004e-05,True,MU,204.7,0.018263728235723854,-0.004018020211859192,0.034695717924559645,190000000000,-0.40180202118591923,-3043.0
MU260821P00980000,980.0,-4594.0,-100.0,多头平仓 Put，减仓，看跌减弱,3.4695717924559646,PUT,0.0,4594.0,62138443.99999999,0.0003270444421052631,>50M,2026-08-21,135.26,137.15,lastPrice,mid,,969.5098876953124,937.0,987.9500122070312,994.7999877929688,967.1500244140624,135.26,0.0,0.0,110.0,1.0000000000000004e-05,True,MU,136.77,0.027706890266132055,-0.013780532263944694,0.034695717924559645,190000000000,-1.3780532263944694,-4594.0
MU260821P00950000,950.0,-5098.0,-100.0,多头平仓 Put，减仓，看跌减弱,3.4695717924559646,PUT,0.0,5098.0,60997570.00000001,0.0003210398421052632,>50M,2026-08-21,119.65,120.1,lastPrice,mid,,969.5098876953124,937.0,987.9500122070312,994.7999877929688,967.1500244140624,119.65,0.0,0.0,109.0,1.0000000000000004e-05,True,MU,119.53,0.017485428809325635,-0.0037468776019982403,0.034695717924559645,190000000000,-0.374687760199824,-5098.0
MU270617C00800000,800.0,-1570.0,-100.0,空头平仓 Call，回补信号，看涨,3.4695717924559646,CALL,0.0,1570.0,58228160.0,0.000306464,>50M,2027-06-17,370.88,362.8,lastPrice,mid,,969.5098876953124,937.0,987.9500122070312,994.7999877929688,967.1500244140624,370.88,0.0,0.0,4.0,1.0000000000000004e-05,True,MU,372.92,0.021775082690187367,0.022271223814773936,0.034695717924559645,190000000000,2.2271223814773937,-1570.0
MU270115C00690000,690.0,-1498.0,-100.0,空头平仓 Call，回补信号，看涨,3.4695717924559646,CALL,0.0,1498.0,55313650.0,0.00029112447368421053,>50M,2027-01-15,369.25,352.25,lastPrice,mid,,969.5098876953124,937.0,987.9500122070312,994.7999877929688,967.1500244140624,369.25,0.0,0.0,3.0,1.0000000000000004e-05,True,MU,369.25,0.03094393186657197,0.0482611781405252,0.034695717924559645,190000000000,4.82611781405252,-1498.0
MU270617C00910000,910.0,-1691.0,-100.0,空头平仓 Call，回补信号，看涨,3.4695717924559646,CALL,0.0,1691.0,54857731.00000001,0.00028872490000000006,>50M,2027-06-17,324.41,319.29999999999995,lastPrice,mid,,969.5098876953124,937.0,987.9500122070312,994.7999877929688,967.1500244140624,324.41,0.0,0.0,5.0,1.0000000000000004e-05,True,MU,324.41,0.025994362668337028,0.0160037582211089,0.034695717924559645,190000000000,1.60037582211089,-1691.0
MSFT270115P00400000,400.0,-12431.0,-100.0,空头平仓 Put，回补，看跌信号减弱,-1.5754888401150173,PUT,0.0,12431.0,53552748.0,1.1182448945500105e-05,>50M,2027-01-15,43.08,42.45,lastPrice,mid,,384.8299865722656,390.989990234375,382.5050048828125,385.6000061035156,378.6499938964844,43.08,0.0,0.0,41.0,1.0000000000000004e-05,True,MSFT,42.06,0.042402826855123775,0.014840989399293177,-0.015754888401150174,4789000000000,1.4840989399293176,-12431.0
MU270115C00660000,660.0,-1246.0,-100.0,空头平仓 Call，回补信号，看涨,3.4695717924559646,CALL,0.0,1246.0,53270238.0,0.0002803696736842105,>50M,2027-01-15,427.53,369.92499999999995,lastPrice,mid,,969.5098876953124,937.0,987.9500122070312,994.7999877929688,967.1500244140624,427.53,0.0,0.0,10.0,1.0000000000000004e-05,True,MU,427.53,0.029600594715144934,0.1557207542069339,0.034695717924559645,190000000000,15.572075420693391,-1246.0
MU280121P00900000,900.0,-1658.0,-100.0,多头平仓 Put，减仓，看跌减弱,3.4695717924559646,PUT,0.0,1658.0,52182234.0,0.00027464333684210524,>50M,2028-01-21,314.73,315.825,lastPrice,mid,,969.5098876953124,937.0,987.9500122070312,994.7999877929688,967.1500244140624,314.73,0.0,0.0,40.0,0.007822421875,False,MU,319.35,0.01693976094356059,-0.0034671099501305167,0.034695717924559645,190000000000,-0.3467109950130517,-1658.0
MSFT261218C00360000,360.0,-8792.0,-100.0,多头平仓 Call，减仓，看涨减弱,-1.5754888401150173,CALL,0.0,8792.0,50984808.0,1.0646232616412612e-05,>50M,2026-12-18,57.99,58.225,lastPrice,mid,,384.8299865722656,390.989990234375,382.5050048828125,385.6000061035156,378.6499938964844,57.99,0.0,0.0,36.0,1.0000000000000004e-05,True,MSFT,58.97,0.030055817947617,-0.004036066981537131,-0.015754888401150174,4789000000000,-0.4036066981537131,-8792.0
MU271217C00910000,910.0,-1277.0,-100.0,空头平仓 Call，回补信号，看涨,3.4695717924559646,CALL,0.0,1277.0,50984225.0,0.00026833802631578946,>50M,2027-12-17,399.25,389.9,lastPrice,mid,,969.5098876953124,937.0,987.9500122070312,994.7999877929688,967.1500244140624,399.25,0.0,0.0,2.0,1.0000000000000004e-05,True,MU,399.25,0.026673506027186548,0.023980507822518655,0.034695717924559645,190000000000,2.3980507822518655,-1277.0
MSFT260717P00420000,420.0,-16636.0,-100.0,空头平仓 Put，回补，看跌信号减弱,-1.5754888401150173,PUT,0.0,16636.0,49675096.0,1.0372749216955523e-05,10M-50M,2026-07-17,29.86,29.75,lastPrice,mid,,384.8299865722656,390.989990234375,382.5050048828125,385.6000061035156,378.6499938964844,29.86,0.0,0.0,142.0,1.0000000000000004e-05,True,MSFT,29.08,0.05714285714285724,0.0036974789915966196,-0.015754888401150174,4789000000000,0.36974789915966194,-16636.0
MU261016C01100000,1100.0,-4178.0,-100.0,空头平仓 Call，回补信号，看涨,3.4695717924559646,CALL,0.0,4178.0,49500944.0,0.0002605312842105263,10M-50M,2026-10-16,118.48,115.55,lastPrice,mid,,969.5098876953124,937.0,987.9500122070312,994.7999877929688,967.1500244140624,118.48,0.0,0.0,175.0,0.062509375,False,MU,115.0,0.04413673734314145,0.025356988316746057,0.034695717924559645,190000000000,2.5356988316746056,-4178.0
MSFT261218P00500000,500.0,-4287.0,-100.0,空头平仓 Put，回补，看跌信号减弱,-1.5754888401150173,PUT,0.0,4287.0,49300500.0,1.0294529129254541e-05,10M-50M,2026-12-18,115.0,114.775,lastPrice,mid,,384.8299865722656,390.989990234375,382.5050048828125,385.6000061035156,378.6499938964844,115.0,0.0,0.0,1.0,1.0000000000000004e-05,True,MSFT,115.0,0.01437595295142663,0.0019603572206490466,-0.015754888401150174,4789000000000,0.19603572206490466,-4287.0
MU281215C00850000,850.0,-947.0,-100.0,空头平仓 Call，回补信号，看涨,3.4695717924559646,CALL,0.0,947.0,48967476.00000001,0.0002577235578947369,10M-50M,2028-12-15,517.08,510.0,lastPrice,mid,,969.5098876953124,937.0,987.9500122070312,994.7999877929688,967.1500244140624,517.08,0.0,0.0,5.0,1.0000000000000004e-05,True,MU,510.0,0.023529411764705882,0.01388235294117655,0.034695717924559645,190000000000,1.388235294117655,-947.0
MU270319C00720000,720.0,-1328.0,-100.0,空头平仓 Call，回补信号，看涨,3.4695717924559646,CALL,0.0,1328.0,48425519.99999999,0.00025487115789473683,10M-50M,2027-03-19,364.65,363.225,lastPrice,mid,,969.5098876953124,937.0,987.9500122070312,994.7999877929688,967.1500244140624,364.65,0.0,0.0,3.0,1.0000000000000004e-05,True,MU,364.65,0.029595980452887326,0.003923188106545404,0.034695717924559645,190000000000,0.3923188106545404,-1328.0
MU281215C00800000,800.0,-904.0,-100.0,空头平仓 Call，回补信号，看涨,3.4695717924559646,CALL,0.0,904.0,48072007.99999999,0.0002530105684210526,10M-50M,2028-12-15,531.77,524.05,lastPrice,mid,,969.5098876953124,937.0,987.9500122070312,994.7999877929688,967.1500244140624,531.77,0.0,0.0,26.0,1.0000000000000004e-05,True,MU,526.37,0.023089399866425005,0.014731418757752177,0.034695717924559645,190000000000,1.4731418757752177,-904.0
MU270115C01200000,1200.0,-3133.0,-100.0,空头平仓 Call，回补信号，看涨,3.4695717924559646,CALL,0.0,3133.0,48053954.0,0.00025291554736842103,10M-50M,2027-01-15,153.38,152.975,lastPrice,mid,,969.5098876953124,937.0,987.9500122070312,994.7999877929688,967.1500244140624,153.38,0.0,0.0,67.0,0.062509375,False,MU,151.72,0.031050825298251348,0.0026474914201667014,0.034695717924559645,190000000000,0.26474914201667016,-3133.0
MU260717C00800000,800.0,-3291.0,-100.0,空头平仓 Call，回补信号，看涨,3.4695717924559646,CALL,0.0,3291.0,46732200.0,0.0002459589473684211,10M-50M,2026-07-17,142.0,135.25,lastPrice,mid,,969.5098876953124,937.0,987.9500122070312,994.7999877929688,967.1500244140624,142.0,0.0,0.0,190.0,1.0000000000000004e-05,True,MU,135.7,0.05323475046210713,0.04990757855822551,0.034695717924559645,190000000000,4.990757855822551,-3291.0
MU261218C00900000,900.0,-1956.0,-100.0,空头平仓 Call，回补信号，看涨,3.4695717924559646,CALL,0.0,1956.0,46552800.0,0.0002450147368421053,10M-50M,2026-12-18,238.0,231.1,lastPrice,mid,,969.5098876953124,937.0,987.9500122070312,994.7999877929688,967.1500244140624,238.0,0.0,0.0,167.0,1.0000000000000004e-05,True,MU,231.0,0.021635655560363478,0.029857204673301628,0.034695717924559645,190000000000,2.9857204673301627,-1956.0
MU260717P01050000,1050.0,-3915.0,-100.0,多头平仓 Put，减仓，看跌减弱,3.4695717924559646,PUT,0.0,3915.0,46189170.0,0.0002431008947368421,10M-50M,2026-07-17,117.98,127.15,lastPrice,mid,,969.5098876953124,937.0,987.9500122070312,994.7999877929688,967.1500244140624,117.98,0.0,0.0,96.0,1.0000000000000004e-05,True,MU,127.69,0.04168305151395998,-0.07211954384585137,0.034695717924559645,190000000000,-7.211954384585137,-3915.0
MU261016P00900000,900.0,-3203.0,-100.0,多头平仓 Put，减仓，看跌减弱,3.4695717924559646,PUT,0.0,3203.0,46123200.0,0.00024275368421052633,10M-50M,2026-10-16,144.0,146.725,lastPrice,mid,,969.5098876953124,937.0,987.9500122070312,994.7999877929688,967.1500244140624,144.0,0.0,0.0,83.0,0.01563484375,False,MU,147.5,0.034418129153177796,-0.018572158800477044,0.034695717924559645,190000000000,-1.8572158800477043,-3203.0
MU260717P01100000,1100.0,-2692.0,-100.0,多头平仓 Put，减仓，看跌减弱,3.4695717924559646,PUT,0.0,2692.0,45683240.0,0.00024043810526315788,10M-50M,2026-07-17,169.7,172.9,lastPrice,mid,,969.5098876953124,937.0,987.9500122070312,994.7999877929688,967.1500244140624,169.7,0.0,0.0,84.0,1.0000000000000004e-05,True,MU,175.97,0.04222093695777913,-0.01850780798149229,0.034695717924559645,190000000000,-1.8507807981492292,-2692.0
MU270115C01100000,1100.0,-2486.0,-100.0,空头平仓 Call，回补信号，看涨,3.4695717924559646,CALL,0.0,2486.0,45618100.0,0.00024009526315789474,10M-50M,2027-01-15,183.5,179.575,lastPrice,mid,,969.5098876953124,937.0,987.9500122070312,994.7999877929688,967.1500244140624,183.5,0.0,0.0,72.0,0.0312596875,False,MU,179.49,0.024780732284560864,0.02185716274537108,0.034695717924559645,190000000000,2.185716274537108,-2486.0
MSFT270115P00450000,450.0,-5480.0,-100.0,空头平仓 Put，回补，看跌信号减弱,-1.5754888401150173,PUT,0.0,5480.0,45538799.99999999,9.509041553560241e-06,10M-50M,2027-01-15,83.1,74.675,lastPrice,mid,,384.8299865722656,390.989990234375,382.5050048828125,385.6000061035156,378.6499938964844,83.1,0.0,0.0,4.0,1.0000000000000004e-05,True,MSFT,83.1,0.02477402075661191,0.11282222966186806,-0.015754888401150174,4789000000000,11.282222966186806,-5480.0
MSFT270617C00400000,400.0,-7975.0,-100.0,多头平仓 Call，减仓，看涨减弱,-1.5754888401150173,CALL,0.0,7975.0,45098625.0,9.417127792858635e-06,10M-50M,2027-06-17,56.55,56.6,lastPrice,mid,,384.8299865722656,390.989990234375,382.5050048828125,385.6000061035156,378.6499938964844,56.55,0.0,0.0,202.0,0.0039162109375,False,MSFT,56.35,0.0088339222614841,-0.0008833922261484852,-0.015754888401150174,4789000000000,-0.08833922261484853,-7975.0
MU270115C00910000,910.0,-1742.0,-100.0,空头平仓 Call，回补信号，看涨,3.4695717924559646,CALL,0.0,1742.0,44177120.0,0.00023251115789473683,10M-50M,2027-01-15,253.6,245.575,lastPrice,mid,,969.5098876953124,937.0,987.9500122070312,994.7999877929688,967.1500244140624,253.6,0.0,0.0,25.0,1.0000000000000004e-05,True,MU,244.95,0.024228850656622284,0.03267840781838545,0.034695717924559645,190000000000,3.267840781838545,-1742.0
MU260731P01000000,1000.0,-3751.0,-100.0,多头平仓 Put，减仓，看跌减弱,3.4695717924559646,PUT,0.0,3751.0,44145519.0,0.00023234483684210527,10M-50M,2026-07-31,117.69,120.025,lastPrice,mid,,969.5098876953124,937.0,987.9500122070312,994.7999877929688,967.1500244140624,117.69,0.0,0.0,66.0,1.0000000000000004e-05,True,MU,120.22,0.036242449489689715,-0.01945428035825876,0.034695717924559645,190000000000,-1.945428035825876,-3751.0
MU270617C00790000,790.0,-1137.0,-100.0,空头平仓 Call，回补信号，看涨,3.4695717924559646,CALL,0.0,1137.0,42884229.0,0.00022570646842105262,10M-50M,2027-06-17,377.17,367.8,lastPrice,mid,,969.5098876953124,937.0,987.9500122070312,994.7999877929688,967.1500244140624,377.17,0.0,0.0,2.0,1.0000000000000004e-05,True,MU,377.17,0.025829255029907558,0.025475802066340415,0.034695717924559645,190000000000,2.5475802066340414,-1137.0
MU280121C01000000,1000.0,-1132.0,-100.0,空头平仓 Call，回补信号，看涨,3.4695717924559646,CALL,0.0,1132.0,42506600.0,0.00022371894736842105,10M-50M,2028-01-21,375.5,373.925,lastPrice,mid,,969.5098876953124,937.0,987.9500122070312,994.7999877929688,967.1500244140624,375.5,0.0,0.0,46.0,0.007822421875,False,MU,373.82,0.028749080698000935,0.00421207461389313,0.034695717924559645,190000000000,0.421207461389313,-1132.0
MU260717C00760000,760.0,-2404.0,-100.0,空头平仓 Call，回补信号，看涨,3.4695717924559646,CALL,0.0,2404.0,42401751.99999999,0.00022316711578947366,10M-50M,2026-07-17,176.38,173.325,lastPrice,mid,,969.5098876953124,937.0,987.9500122070312,994.7999877929688,967.1500244140624,176.38,0.0,0.0,23.0,1.0000000000000004e-05,True,MU,182.15,0.0499062454925718,0.01762584739650949,0.034695717924559645,190000000000,1.7625847396509489,-2404.0
MU270115C00840000,840.0,-1293.0,-100.0,空头平仓 Call，回补信号，看涨,3.4695717924559646,CALL,0.0,1293.0,41504007.0,0.00021844214210526316,10M-50M,2027-01-15,320.99,275.54999999999995,lastPrice,mid,,969.5098876953124,937.0,987.9500122070312,994.7999877929688,967.1500244140624,320.99,0.0,0.0,1.0,1.0000000000000004e-05,True,MU,320.99,0.022500453638178153,0.16490655053529327,0.034695717924559645,190000000000,16.490655053529327,-1293.0
MU270115C00710000,710.0,-1180.0,-100.0,空头平仓 Call，回补信号，看涨,3.4695717924559646,CALL,0.0,1180.0,40466920.0,0.0002129837894736842,10M-50M,2027-01-15,342.94,340.675,lastPrice,mid,,969.5098876953124,937.0,987.9500122070312,994.7999877929688,967.1500244140624,342.94,0.0,0.0,3.0,1.0000000000000004e-05,True,MU,342.94,0.032729140676597865,0.006648565348205728,0.034695717924559645,190000000000,0.6648565348205727,-1180.0
MU281215C00710000,710.0,-721.0,-100.0,空头平仓 Call，回补信号，看涨,3.4695717924559646,CALL,0.0,721.0,39804968.00000001,0.00020949983157894742,10M-50M,2028-12-15,552.08,552.05,lastPrice,mid,,969.5098876953124,937.0,987.9500122070312,994.7999877929688,967.1500244140624,552.08,0.0,0.0,4.0,1.0000000000000004e-05,True,MU,552.08,0.0219183045014039,5.434290372264542e-05,0.034695717924559645,190000000000,0.005434290372264542,-721.0
MU280121C00820000,820.0,-763.0,-100.0,空头平仓 Call，回补信号，看涨,3.4695717924559646,CALL,0.0,763.0,39531030.0,0.00020805805263157895,10M-50M,2028-01-21,518.1,431.975,lastPrice,mid,,969.5098876953124,937.0,987.9500122070312,994.7999877929688,967.1500244140624,518.1,0.0,0.0,1.0,1.0000000000000004e-05,True,MU,518.1,0.022802245500318227,0.19937496382892528,0.034695717924559645,190000000000,19.937496382892526,-763.0
MU270617C00720000,720.0,-940.0,-100.0,空头平仓 Call，回补信号，看涨,3.4695717924559646,CALL,0.0,940.0,39065460.0,0.00020560768421052633,10M-50M,2027-06-17,415.59,397.9,lastPrice,mid,,969.5098876953124,937.0,987.9500122070312,994.7999877929688,967.1500244140624,415.59,0.0,0.0,23.0,1.0000000000000004e-05,True,MU,415.59,0.02940437295802963,0.04445840663483287,0.034695717924559645,190000000000,4.445840663483287,-940.0
MU270115C00720000,720.0,-1151.0,-100.0,空头平仓 Call，回补信号，看涨,3.4695717924559646,CALL,0.0,1151.0,38800210.0,0.00020421163157894736,10M-50M,2027-01-15,337.1,336.125,lastPrice,mid,,969.5098876953124,937.0,987.9500122070312,994.7999877929688,967.1500244140624,337.1,0.0,0.0,2.0,1.0000000000000004e-05,True,MU,337.1,0.03257716623280043,0.002900706582372697,0.034695717924559645,190000000000,0.2900706582372697,-1151.0
MU280121C01200000,1200.0,-1179.0,-100.0,空头平仓 Call，回补信号，看涨,3.4695717924559646,CALL,0.0,1179.0,38341080.0,0.00020179515789473684,10M-50M,2028-01-21,325.2,320.85,lastPrice,mid,,969.5098876953124,937.0,987.9500122070312,994.7999877929688,967.1500244140624,325.2,0.0,0.0,2.0,0.0312596875,False,MU,325.2,0.028050490883590462,0.01355773726040195,0.034695717924559645,190000000000,1.355773726040195,-1179.0
MU260821P00850000,850.0,-5354.0,-100.0,多头平仓 Put，减仓，看跌减弱,3.4695717924559646,PUT,0.0,5354.0,37478000.0,0.00019725263157894737,10M-50M,2026-08-21,70.0,70.2,lastPrice,mid,,969.5098876953124,937.0,987.9500122070312,994.7999877929688,967.1500244140624,70.0,0.0,0.0,200.0,0.062509375,False,MU,70.48,0.027065527065527145,-0.0028490028490028895,0.034695717924559645,190000000000,-0.28490028490028896,-5354.0
MU260717P01200000,1200.0,-1416.0,-100.0,多头平仓 Put，减仓，看跌减弱,3.4695717924559646,PUT,0.0,1416.0,37240800.0,0.00019600421052631578,10M-50M,2026-07-17,263.0,270.1,lastPrice,mid,,969.5098876953124,937.0,987.9500122070312,994.7999877929688,967.1500244140624,263.0,0.0,0.0,210.0,1.0000000000000004e-05,True,MU,270.27,0.04331728989263231,-0.026286560533135956,0.034695717924559645,190000000000,-2.6286560533135956,-1416.0
MU260918C00740000,740.0,-1456.0,-100.0,空头平仓 Call，回补信号，看涨,3.4695717924559646,CALL,0.0,1456.0,37229920.0,0.00019594694736842105,10M-50M,2026-09-18,255.7,250.72500000000002,lastPrice,mid,,969.5098876953124,937.0,987.9500122070312,994.7999877929688,967.1500244140624,255.7,0.0,0.0,2.0,1.0000000000000004e-05,True,MU,255.7,0.028517299830491595,0.01984245687506218,0.034695717924559645,190000000000,1.984245687506218,-1456.0
MU260918C00750000,750.0,-1478.0,-100.0,空头平仓 Call，回补信号，看涨,3.4695717924559646,CALL,0.0,1478.0,36911572.0,0.00019427143157894737,10M-50M,2026-09-18,249.74,244.35,lastPrice,mid,,969.5098876953124,937.0,987.9500122070312,994.7999877929688,967.1500244140624,249.74,0.0,0.0,5.0,1.0000000000000004e-05,True,MU,249.4,0.03192142418661761,0.02205852261100886,0.034695717924559645,190000000000,2.205852261100886,-1478.0
MU270319P00800000,800.0,-2169.0,-100.0,多头平仓 Put，减仓，看跌减弱,3.4695717924559646,PUT,0.0,2169.0,36883845.0,0.0001941255,10M-50M,2027-03-19,170.05,170.525,lastPrice,mid,,969.5098876953124,937.0,987.9500122070312,994.7999877929688,967.1500244140624,170.05,0.0,0.0,1.0,0.0312596875,False,MU,170.05,0.02199091042369154,-0.0027855153203342285,0.034695717924559645,190000000000,-0.27855153203342287,-2169.0
MU260821P00900000,900.0,-3977.0,-100.0,多头平仓 Put，减仓，看跌减弱,3.4695717924559646,PUT,0.0,3977.0,36071390.0,0.00018984942105263158,10M-50M,2026-08-21,90.7,93.30000000000001,lastPrice,mid,,969.5098876953124,937.0,987.9500122070312,994.7999877929688,967.1500244140624,90.7,0.0,0.0,1065.0,0.0312596875,False,MU,92.95,0.019292604501607684,-0.027867095391211235,0.034695717924559645,190000000000,-2.7867095391211234,-3977.0
MU260821P01200000,1200.0,-1201.0,-100.0,多头平仓 Put，减仓，看跌减弱,3.4695717924559646,PUT,0.0,1201.0,36030000.0,0.00018963157894736843,10M-50M,2026-08-21,300.0,300.6,lastPrice,mid,,969.5098876953124,937.0,987.9500122070312,994.7999877929688,967.1500244140624,300.0,0.0,0.0,2.0,1.0000000000000004e-05,True,MU,300.0,0.027944111776447216,-0.0019960079840320114,0.034695717924559645,190000000000,-0.19960079840320114,-1201.0
MU260821C01100000,1100.0,-5877.0,-100.0,空头平仓 Call，回补信号，看涨,3.4695717924559646,CALL,0.0,5877.0,35849700.0,0.00018868263157894736,10M-50M,2026-08-21,61.0,56.9,lastPrice,mid,,969.5098876953124,937.0,987.9500122070312,994.7999877929688,967.1500244140624,61.0,0.0,0.0,716.0,0.12500875,False,MU,56.4,0.029876977152899876,0.07205623901581724,0.034695717924559645,190000000000,7.205623901581724,-5877.0
MU281215C01180000,1180.0,-827.0,-100.0,空头平仓 Call，回补信号，看涨,3.4695717924559646,CALL,0.0,827.0,35683396.0,0.00018780734736842104,10M-50M,2028-12-15,431.48,429.0,lastPrice,mid,,969.5098876953124,937.0,987.9500122070312,994.7999877929688,967.1500244140624,431.48,0.0,0.0,2.0,0.0312596875,False,MU,431.48,0.03263403263403263,0.005780885780885823,0.034695717924559645,190000000000,0.5780885780885824,-827.0
MSFT270319C00460000,460.0,-13197.0,-100.0,多头平仓 Call，减仓，看涨减弱,-1.5754888401150173,CALL,0.0,13197.0,35645097.0,7.443119022760493e-06,10M-50M,2027-03-19,27.01,27.424999999999997,lastPrice,mid,,384.8299865722656,390.989990234375,382.5050048828125,385.6000061035156,378.6499938964844,27.01,0.0,0.0,1052.0,0.0312596875,False,MSFT,27.75,0.03828623518687332,-0.01513217866909738,-0.015754888401150174,4789000000000,-1.513217866909738,-13197.0
MU260717P00900000,900.0,-14729.0,-100.0,多头平仓 Put，减仓，看跌减弱,3.4695717924559646,PUT,0.0,14729.0,35349600.0,0.00018605052631578948,10M-50M,2026-07-17,24.0,27.15,lastPrice,mid,,969.5098876953124,937.0,987.9500122070312,994.7999877929688,967.1500244140624,24.0,0.0,0.0,5119.0,0.062509375,False,MU,27.15,0.025782688766114156,-0.11602209944751377,0.034695717924559645,190000000000,-11.602209944751376,-14729.0
MU260821C01000000,1000.0,-3940.0,-100.0,空头平仓 Call，回补信号，看涨,3.4695717924559646,CALL,0.0,3940.0,35223600.0,0.00018538736842105264,10M-50M,2026-08-21,89.4,85.675,lastPrice,mid,,969.5098876953124,937.0,987.9500122070312,994.7999877929688,967.1500244140624,89.4,0.0,0.0,766.0,0.0312596875,False,MU,86.75,0.039101254741756575,0.04347826086956532,0.034695717924559645,190000000000,4.347826086956532,-3940.0
MU271217C00700000,700.0,-738.0,-100.0,空头平仓 Call，回补信号，看涨,3.4695717924559646,CALL,0.0,738.0,35042454.0,0.00018443396842105262,10M-50M,2027-12-17,474.83,466.925,lastPrice,mid,,969.5098876953124,937.0,987.9500122070312,994.7999877929688,967.1500244140624,474.83,0.0,0.0,6.0,1.0000000000000004e-05,True,MU,467.24,0.02644964394710076,0.016929913797719062,0.034695717924559645,190000000000,1.6929913797719063,-738.0
MU281215C01200000,1200.0,-811.0,-100.0,空头平仓 Call，回补信号，看涨,3.4695717924559646,CALL,0.0,811.0,34536435.0,0.00018177071052631578,10M-50M,2028-12-15,425.85,425.0,lastPrice,mid,,969.5098876953124,937.0,987.9500122070312,994.7999877929688,967.1500244140624,425.85,0.0,0.0,12.0,0.0312596875,False,MU,425.85,0.03294117647058824,0.0020000000000000534,0.034695717924559645,190000000000,0.20000000000000534,-811.0
MU270115P00800000,800.0,-2377.0,-100.0,多头平仓 Put，减仓，看跌减弱,3.4695717924559646,PUT,0.0,2377.0,34276340.0,0.00018040178947368422,10M-50M,2027-01-15,144.2,144.9,lastPrice,mid,,969.5098876953124,937.0,987.9500122070312,994.7999877929688,967.1500244140624,144.2,0.0,0.0,780.0,0.0312596875,False,MU,145.22,0.01932367149758462,-0.004830917874396253,0.034695717924559645,190000000000,-0.4830917874396253,-2377.0
MU260918P00900000,900.0,-2862.0,-100.0,多头平仓 Put，减仓，看跌减弱,3.4695717924559646,PUT,0.0,2862.0,34032042.0,0.0001791160105263158,10M-50M,2026-09-18,118.91,120.44999999999999,lastPrice,mid,,969.5098876953124,937.0,987.9500122070312,994.7999877929688,967.1500244140624,118.91,0.0,0.0,129.0,0.01563484375,False,MU,121.12,0.02324616023246158,-0.012785388127853816,0.034695717924559645,190000000000,-1.2785388127853816,-2862.0
MU281215C01060000,1060.0,-699.0,-100.0,空头平仓 Call，回补信号，看涨,3.4695717924559646,CALL,0.0,699.0,33693198.0,0.00017733262105263157,10M-50M,2028-12-15,482.02,454.975,lastPrice,mid,,969.5098876953124,937.0,987.9500122070312,994.7999877929688,967.1500244140624,482.02,0.0,0.0,2.0,0.01563484375,False,MU,482.02,0.030880817627342187,0.05944282652893007,0.034695717924559645,190000000000,5.944282652893007,-699.0
MU260821C00800000,800.0,-1732.0,-100.0,空头平仓 Call，回补信号，看涨,3.4695717924559646,CALL,0.0,1732.0,33427600.0,0.00017593473684210528,10M-50M,2026-08-21,193.0,186.65,lastPrice,mid,,969.5098876953124,937.0,987.9500122070312,994.7999877929688,967.1500244140624,193.0,0.0,0.0,17.0,1.0000000000000004e-05,True,MU,193.0,0.02303777122957413,0.03402089472274307,0.034695717924559645,190000000000,3.402089472274307,-1732.0
LITE260717P00850000,850.0,-3604.0,-100.0,多头平仓 Put，减仓，看跌减弱,7.024012802166325,PUT,0.0,3604.0,33383851.999999996,0.003034895636363636,10M-50M,2026-07-17,92.63,94.65,lastPrice,mid,,822.10498046875,768.1500244140625,818.4099731445312,839.8800048828125,815.0,92.63,0.0,0.0,49.0,1.0000000000000004e-05,True,LITE,92.63,0.05810882197569994,-0.021341785525620816,0.07024012802166325,11000000000,-2.1341785525620818,-3604.0
MU260918P01100000,1100.0,-1369.0,-100.0,多头平仓 Put，减仓，看跌减弱,3.4695717924559646,PUT,0.0,1369.0,33335150.0,0.00017544815789473684,10M-50M,2026-09-18,243.5,246.175,lastPrice,mid,,969.5098876953124,937.0,987.9500122070312,994.7999877929688,967.1500244140624,243.5,0.0,0.0,5.0,1.0000000000000004e-05,True,MU,251.4,0.0217325073626485,-0.010866253681324307,0.034695717924559645,190000000000,-1.0866253681324307,-1369.0
MU270115P00900000,900.0,-1674.0,-100.0,多头平仓 Put，减仓，看跌减弱,3.4695717924559646,PUT,0.0,1674.0,32736744.0,0.00017229865263157894,10M-50M,2027-01-15,195.56,199.625,lastPrice,mid,,969.5098876953124,937.0,987.9500122070312,994.7999877929688,967.1500244140624,195.56,0.0,0.0,58.0,0.01563484375,False,MU,200.0,0.030306825297432744,-0.020363180964308066,0.034695717924559645,190000000000,-2.0363180964308065,-1674.0
MSFT270115P00420000,420.0,-5918.0,-100.0,空头平仓 Put，回补，看跌信号减弱,-1.5754888401150173,PUT,0.0,5918.0,32578589.999999996,6.802795990812277e-06,10M-50M,2027-01-15,55.05,54.275,lastPrice,mid,,384.8299865722656,390.989990234375,382.5050048828125,385.6000061035156,378.6499938964844,55.05,0.0,0.0,52.0,1.0000000000000004e-05,True,MSFT,53.8,0.028558268079226113,0.014279134039613057,-0.015754888401150174,4789000000000,1.4279134039613057,-5918.0
MSFT270115C00420000,420.0,-10132.0,-100.0,多头平仓 Call，减仓，看涨减弱,-1.5754888401150173,CALL,0.0,10132.0,32473059.999999996,6.780760075172269e-06,10M-50M,2027-01-15,32.05,32.6,lastPrice,mid,,384.8299865722656,390.989990234375,382.5050048828125,385.6000061035156,378.6499938964844,32.05,0.0,0.0,162.0,0.01563484375,False,MSFT,32.55,0.021472392638036897,-0.01687116564417191,-0.015754888401150174,4789000000000,-1.687116564417191,-10132.0
MU261016C01200000,1200.0,-3469.0,-100.0,空头平仓 Call，回补信号，看涨,3.4695717924559646,CALL,0.0,3469.0,32424743.0,0.00017065654210526315,10M-50M,2026-10-16,93.47,90.125,lastPrice,mid,,969.5098876953124,937.0,987.9500122070312,994.7999877929688,967.1500244140624,93.47,0.0,0.0,2159.0,0.12500875,False,MU,89.0,0.034951456310679675,0.03711511789181691,0.034695717924559645,190000000000,3.711511789181691,-3469.0
MSFT261218P00420000,420.0,-6043.0,-100.0,空头平仓 Put，回补，看跌信号减弱,-1.5754888401150173,PUT,0.0,6043.0,32209189.999999996,6.725660889538525e-06,10M-50M,2026-12-18,53.3,52.400000000000006,lastPrice,mid,,384.8299865722656,390.989990234375,382.5050048828125,385.6000061035156,378.6499938964844,53.3,0.0,0.0,34.0,1.0000000000000004e-05,True,MSFT,53.3,0.036259541984732795,0.017175572519083804,-0.015754888401150174,4789000000000,1.7175572519083804,-6043.0
MU270617C01100000,1100.0,-1208.0,-100.0,空头平仓 Call，回补信号，看涨,3.4695717924559646,CALL,0.0,1208.0,31649600.0,0.00016657684210526317,10M-50M,2027-06-17,262.0,258.45,lastPrice,mid,,969.5098876953124,937.0,987.9500122070312,994.7999877929688,967.1500244140624,262.0,0.0,0.0,85.0,0.0312596875,False,MU,258.08,0.03366221706326182,0.01373573224995168,0.034695717924559645,190000000000,1.373573224995168,-1208.0
MU280121C00750000,750.0,-622.0,-100.0,空头平仓 Call，回补信号，看涨,3.4695717924559646,CALL,0.0,622.0,31482530.0,0.00016569752631578948,10M-50M,2028-01-21,506.15,457.325,lastPrice,mid,,969.5098876953124,937.0,987.9500122070312,994.7999877929688,967.1500244140624,506.15,0.0,0.0,1.0,1.0000000000000004e-05,True,MU,506.15,0.023287596348329914,0.10676214945607607,0.034695717924559645,190000000000,10.676214945607606,-622.0
MU260918P00800000,800.0,-4243.0,-100.0,多头平仓 Put，减仓，看跌减弱,3.4695717924559646,PUT,0.0,4243.0,31347283.999999996,0.00016498570526315789,10M-50M,2026-09-18,73.88,75.1,lastPrice,mid,,969.5098876953124,937.0,987.9500122070312,994.7999877929688,967.1500244140624,73.88,0.0,0.0,103.0,0.062509375,False,MU,75.42,0.041278295605858974,-0.0162450066577896,0.034695717924559645,190000000000,-1.62450066577896,-4243.0
MU260918C00670000,670.0,-744.0,-100.0,空头平仓 Call，回补信号，看涨,3.4695717924559646,CALL,0.0,744.0,31240559.999999996,0.00016442399999999998,10M-50M,2026-09-18,419.9,300.075,lastPrice,mid,,969.5098876953124,937.0,987.9500122070312,994.7999877929688,967.1500244140624,419.9,0.0,0.0,1.0,1.0000000000000004e-05,True,MU,419.9,0.03215862700991411,0.39931683745730234,0.034695717924559645,190000000000,39.93168374573023,-744.0
MSFT260918P00400000,400.0,-10273.0,-100.0,空头平仓 Put，回补，看跌信号减弱,-1.5754888401150173,PUT,0.0,10273.0,31096371.000000004,6.493291083733557e-06,10M-50M,2026-09-18,30.27,30.075,lastPrice,mid,,384.8299865722656,390.989990234375,382.5050048828125,385.6000061035156,378.6499938964844,30.27,0.0,0.0,105.0,1.0000000000000004e-05,True,MSFT,29.1,0.04156275976724855,0.006483790523690782,-0.015754888401150174,4789000000000,0.6483790523690782,-10273.0
MSFT270115P00350000,350.0,-15335.0,-100.0,空头平仓 Put，回补，看跌信号减弱,-1.5754888401150173,PUT,0.0,15335.0,30976700.0,6.468302359574024e-06,10M-50M,2027-01-15,20.2,20.15,lastPrice,mid,,384.8299865722656,390.989990234375,382.5050048828125,385.6000061035156,378.6499938964844,20.2,0.0,0.0,244.0,0.0312596875,False,MSFT,20.15,0.02481389578163772,0.0024813895781638073,-0.015754888401150174,4789000000000,0.24813895781638073,-15335.0
MU260717C00750000,750.0,-1628.0,-100.0,空头平仓 Call，回补信号，看涨,3.4695717924559646,CALL,0.0,1628.0,30725244.0,0.00016171181052631578,10M-50M,2026-07-17,188.73,182.925,lastPrice,mid,,969.5098876953124,937.0,987.9500122070312,994.7999877929688,967.1500244140624,188.73,0.0,0.0,12.0,1.0000000000000004e-05,True,MU,182.23,0.049473828071613955,0.031734317343173314,0.034695717924559645,190000000000,3.1734317343173313,-1628.0
MSFT271217C00500000,500.0,-7675.0,-100.0,多头平仓 Call，减仓，看涨减弱,-1.5754888401150173,CALL,0.0,7675.0,30707675.0,6.4121267487993315e-06,10M-50M,2027-12-17,40.01,40.275000000000006,lastPrice,mid,,384.8299865722656,390.989990234375,382.5050048828125,385.6000061035156,378.6499938964844,40.01,0.0,0.0,63.0,0.0312596875,False,MSFT,40.0,0.02855369335816259,-0.006579764121663753,-0.015754888401150174,4789000000000,-0.6579764121663753,-7675.0
MU271217C00890000,890.0,-653.0,-100.0,空头平仓 Call，回补信号，看涨,3.4695717924559646,CALL,0.0,653.0,30666186.0,0.00016140097894736842,10M-50M,2027-12-17,469.62,396.04999999999995,lastPrice,mid,,969.5098876953124,937.0,987.9500122070312,994.7999877929688,967.1500244140624,469.62,0.0,0.0,1.0,1.0000000000000004e-05,True,MU,469.62,0.024491857088751394,0.18575937381643748,0.034695717924559645,190000000000,18.575937381643747,-653.0
MU260821C00900000,900.0,-2240.0,-100.0,空头平仓 Call，回补信号，看涨,3.4695717924559646,CALL,0.0,2240.0,30464000.0,0.00016033684210526317,10M-50M,2026-08-21,136.0,128.625,lastPrice,mid,,969.5098876953124,937.0,987.9500122070312,994.7999877929688,967.1500244140624,136.0,0.0,0.0,154.0,1.0000000000000004e-05,True,MU,127.1,0.0369290573372206,0.057337220602526724,0.034695717924559645,190000000000,5.733722060252672,-2240.0
MRVL270115C00190000,190.0,-4477.0,-100.0,空头平仓 Call，回补信号，看涨,2.362892207278231,CALL,0.0,4477.0,30354059.999999996,0.0004215841666666666,10M-50M,2027-01-15,67.8,67.69999999999999,lastPrice,mid,,222.6699981689453,217.52999877929688,231.56500244140625,232.0,222.57000732421875,67.8,0.0,0.0,32.0,1.0000000000000004e-05,True,MRVL,67.8,0.04135893648449036,0.001477104874446212,0.02362892207278231,72000000000,0.1477104874446212,-4477.0
MSFT281215C00350000,350.0,-2491.0,-100.0,多头平仓 Call，减仓，看涨减弱,-1.5754888401150173,CALL,0.0,2491.0,30178465.000000004,6.301621424096889e-06,10M-50M,2028-12-15,121.15,121.175,lastPrice,mid,,384.8299865722656,390.989990234375,382.5050048828125,385.6000061035156,378.6499938964844,121.15,0.0,0.0,26.0,1.0000000000000004e-05,True,MSFT,122.4,0.01939343924076744,-0.0002063131834123497,-0.015754888401150174,4789000000000,-0.02063131834123497,-2491.0
MRVL260717C00180000,180.0,-7408.0,-100.0,空头平仓 Call，回补信号，看涨,2.362892207278231,CALL,0.0,7408.0,29632000.0,0.0004115555555555556,10M-50M,2026-07-17,40.0,37.9,lastPrice,mid,,222.6699981689453,217.52999877929688,231.56500244140625,232.0,222.57000732421875,40.0,0.0,0.0,3842.0,1.0000000000000004e-05,True,MRVL,37.45,0.07124010554089717,0.05540897097625334,0.02362892207278231,72000000000,5.540897097625334,-7408.0
MSFT280121C00350000,350.0,-2916.0,-100.0,多头平仓 Call，减仓，看涨减弱,-1.5754888401150173,CALL,0.0,2916.0,29072520.0,6.07068699102109e-06,10M-50M,2028-01-21,99.7,99.80000000000001,lastPrice,mid,,384.8299865722656,390.989990234375,382.5050048828125,385.6000061035156,378.6499938964844,99.7,0.0,0.0,44.0,1.0000000000000004e-05,True,MSFT,100.0,0.013026052104208386,-0.0010020040080161174,-0.015754888401150174,4789000000000,-0.10020040080161174,-2916.0
MU270115P00750000,750.0,-2415.0,-100.0,多头平仓 Put，减仓，看跌减弱,3.4695717924559646,PUT,0.0,2415.0,28951020.0,0.0001523737894736842,10M-50M,2027-01-15,119.88,121.32499999999999,lastPrice,mid,,969.5098876953124,937.0,987.9500122070312,994.7999877929688,967.1500244140624,119.88,0.0,0.0,135.0,0.062509375,False,MU,121.55,0.02101792705542961,-0.011910158664743403,0.034695717924559645,190000000000,-1.1910158664743404,-2415.0
MU261120C01000000,1000.0,-1606.0,-100.0,空头平仓 Call，回补信号，看涨,3.4695717924559646,CALL,0.0,1606.0,28808427.999999996,0.00015162330526315789,10M-50M,2026-11-20,179.38,175.075,lastPrice,mid,,969.5098876953124,937.0,987.9500122070312,994.7999877929688,967.1500244140624,179.38,0.0,0.0,79.0,0.01563484375,False,MU,174.82,0.030558332143367097,0.024589461659288915,0.034695717924559645,190000000000,2.4589461659288916,-1606.0
MU270319C01000000,1000.0,-1159.0,-100.0,空头平仓 Call，回补信号，看涨,3.4695717924559646,CALL,0.0,1159.0,28789560.000000004,0.00015152400000000002,10M-50M,2027-03-19,248.4,245.85,lastPrice,mid,,969.5098876953124,937.0,987.9500122070312,994.7999877929688,967.1500244140624,248.4,0.0,0.0,17.0,0.01563484375,False,MU,248.4,0.0296929021761237,0.010372178157413103,0.034695717924559645,190000000000,1.0372178157413103,-1159.0
MU260821C00950000,950.0,-2574.0,-100.0,空头平仓 Call，回补信号，看涨,3.4695717924559646,CALL,0.0,2574.0,28733562.0,0.00015122927368421053,10M-50M,2026-08-21,111.63,105.5,lastPrice,mid,,969.5098876953124,937.0,987.9500122070312,994.7999877929688,967.1500244140624,111.63,0.0,0.0,459.0,0.007822421875,False,MU,105.0,0.03696682464454982,0.05810426540284356,0.034695717924559645,190000000000,5.810426540284356,-2574.0
MU281215P01000000,1000.0,-630.0,-100.0,多头平仓 Put，减仓，看跌减弱,3.4695717924559646,PUT,0.0,630.0,28224000.0,0.00014854736842105263,10M-50M,2028-12-15,448.0,452.0,lastPrice,mid,,969.5098876953124,937.0,987.9500122070312,994.7999877929688,967.1500244140624,448.0,0.0,0.0,14.0,1.0000000000000004e-05,True,MU,450.25,0.035398230088495575,-0.008849557522123894,0.034695717924559645,190000000000,-0.8849557522123894,-630.0
MRVL280121C00170000,170.0,-2502.0,-100.0,空头平仓 Call，回补信号，看涨,2.362892207278231,CALL,0.0,2502.0,28022400.0,0.0003892,10M-50M,2028-01-21,112.0,109.1,lastPrice,mid,,222.6699981689453,217.52999877929688,231.56500244140625,232.0,222.57000732421875,112.0,0.0,0.0,8.0,1.0000000000000004e-05,True,MRVL,112.0,0.034830430797433524,0.02658111824014671,0.02362892207278231,72000000000,2.658111824014671,-2502.0
MU270115C00790000,790.0,-914.0,-100.0,空头平仓 Call，回补信号，看涨,3.4695717924559646,CALL,0.0,914.0,27683232.0,0.00014570122105263158,10M-50M,2027-01-15,302.88,299.85,lastPrice,mid,,969.5098876953124,937.0,987.9500122070312,994.7999877929688,967.1500244140624,302.88,0.0,0.0,2.0,1.0000000000000004e-05,True,MU,302.88,0.02001000500250125,0.01010505252626304,0.034695717924559645,190000000000,1.010505252626304,-914.0
MSFT270115C00290000,290.0,-2553.0,-100.0,多头平仓 Call，减仓，看涨减弱,-1.5754888401150173,CALL,0.0,2553.0,27585164.999999996,5.760109626226769e-06,10M-50M,2027-01-15,108.05,112.275,lastPrice,mid,,384.8299865722656,390.989990234375,382.5050048828125,385.6000061035156,378.6499938964844,108.05,0.0,0.0,1.0,1.0000000000000004e-05,True,MSFT,108.05,0.01469605878423506,-0.0376308171899355,-0.015754888401150174,4789000000000,-3.76308171899355,-2553.0
MU280121C00800000,800.0,-625.0,-100.0,空头平仓 Call，回补信号，看涨,3.4695717924559646,CALL,0.0,625.0,27528125.0,0.00014488486842105264,10M-50M,2028-01-21,440.45,438.475,lastPrice,mid,,969.5098876953124,937.0,987.9500122070312,994.7999877929688,967.1500244140624,440.45,0.0,0.0,16.0,1.0000000000000004e-05,True,MU,440.45,0.028165801927133735,0.0045042476766063416,0.034695717924559645,190000000000,0.45042476766063416,-625.0
MU260821P00800000,800.0,-5358.0,-100.0,多头平仓 Put，减仓，看跌减弱,3.4695717924559646,PUT,0.0,5358.0,27368664.0,0.0001440456,10M-50M,2026-08-21,51.08,51.625,lastPrice,mid,,969.5098876953124,937.0,987.9500122070312,994.7999877929688,967.1500244140624,51.08,0.0,0.0,1000.0,0.12500875,False,MU,51.9,0.020338983050847404,-0.010556900726392284,0.034695717924559645,190000000000,-1.0556900726392284,-5358.0
MU261218P00900000,900.0,-1500.0,-100.0,多头平仓 Put，减仓，看跌减弱,3.4695717924559646,PUT,0.0,1500.0,27300000.0,0.0001436842105263158,10M-50M,2026-12-18,182.0,184.8,lastPrice,mid,,969.5098876953124,937.0,987.9500122070312,994.7999877929688,967.1500244140624,182.0,0.0,0.0,27.0,0.01563484375,False,MU,186.2,0.026515151515151544,-0.015151515151515213,0.034695717924559645,190000000000,-1.5151515151515214,-1500.0
MU260918C01100000,1100.0,-3013.0,-100.0,空头平仓 Call，回补信号，看涨,3.4695717924559646,CALL,0.0,3013.0,27279702.0,0.00014357737894736842,10M-50M,2026-09-18,90.54,85.32499999999999,lastPrice,mid,,969.5098876953124,937.0,987.9500122070312,994.7999877929688,967.1500244140624,90.54,0.0,0.0,735.0,0.062509375,False,MU,85.0,0.04746557280984468,0.06111924992675087,0.034695717924559645,190000000000,6.111924992675087,-3013.0
MSFT261218P00400000,400.0,-6617.0,-100.0,空头平仓 Put，回补，看跌信号减弱,-1.5754888401150173,PUT,0.0,6617.0,27129700.0,5.665003132177907e-06,10M-50M,2026-12-18,41.0,40.85,lastPrice,mid,,384.8299865722656,390.989990234375,382.5050048828125,385.6000061035156,378.6499938964844,41.0,0.0,0.0,24.0,1.0000000000000004e-05,True,MSFT,40.2,0.007343941248469942,0.003671970624234971,-0.015754888401150174,4789000000000,0.3671970624234971,-6617.0
MU270917C00700000,700.0,-604.0,-100.0,空头平仓 Call，回补信号，看涨,3.4695717924559646,CALL,0.0,604.0,27119600.0,0.00014273473684210525,10M-50M,2027-09-17,449.0,439.225,lastPrice,mid,,969.5098876953124,937.0,987.9500122070312,994.7999877929688,967.1500244140624,449.0,0.0,0.0,1.0,1.0000000000000004e-05,True,MU,449.0,0.0283453810689282,0.0222551084296203,0.034695717924559645,190000000000,2.22551084296203,-604.0
MSFT270617P00380000,380.0,-6258.0,-100.0,空头平仓 Put，回补，看跌信号减弱,-1.5754888401150173,PUT,0.0,6258.0,27109656.0,5.660817707245772e-06,10M-50M,2027-06-17,43.32,43.0,lastPrice,mid,,384.8299865722656,390.989990234375,382.5050048828125,385.6000061035156,378.6499938964844,43.32,0.0,0.0,241.0,0.007822421875,False,MSFT,42.58,0.020930232558139666,0.0074418604651162856,-0.015754888401150174,4789000000000,0.7441860465116286,-6258.0
MSFT270115P00380000,380.0,-8267.0,-100.0,空头平仓 Put，回补，看跌信号减弱,-1.5754888401150173,PUT,0.0,8267.0,27033090.000000004,5.644829818333682e-06,10M-50M,2027-01-15,32.7,32.175,lastPrice,mid,,384.8299865722656,390.989990234375,382.5050048828125,385.6000061035156,378.6499938964844,32.7,0.0,0.0,85.0,0.007822421875,False,MSFT,32.19,0.029526029526029507,0.016317016317016497,-0.015754888401150174,4789000000000,1.6317016317016497,-8267.0
MSFT261218P00480000,480.0,-2645.0,-100.0,空头平仓 Put，回补，看跌信号减弱,-1.5754888401150173,PUT,0.0,2645.0,26875845.0,5.611995197327208e-06,10M-50M,2026-12-18,101.61,97.225,lastPrice,mid,,384.8299865722656,390.989990234375,382.5050048828125,385.6000061035156,378.6499938964844,101.61,0.0,0.0,4.0,1.0000000000000004e-05,True,MSFT,101.61,0.021085111853947004,0.04510156852661358,-0.015754888401150174,4789000000000,4.510156852661358,-2645.0
MU270319C00670000,670.0,-664.0,-100.0,空头平仓 Call，回补信号，看涨,3.4695717924559646,CALL,0.0,664.0,26669559.999999996,0.00014036610526315787,10M-50M,2027-03-19,401.65,391.2,lastPrice,mid,,969.5098876953124,937.0,987.9500122070312,994.7999877929688,967.1500244140624,401.65,0.0,0.0,3.0,1.0000000000000004e-05,True,MU,401.65,0.03348670756646223,0.02671267893660529,0.034695717924559645,190000000000,2.671267893660529,-664.0
MU271217C01100000,1100.0,-773.0,-100.0,空头平仓 Call，回补信号，看涨,3.4695717924559646,CALL,0.0,773.0,26179191.0,0.0001377852157894737,10M-50M,2027-12-17,338.67,332.475,lastPrice,mid,,969.5098876953124,937.0,987.9500122070312,994.7999877929688,967.1500244140624,338.67,0.0,0.0,13.0,0.0312596875,False,MU,333.0,0.024212346792991987,0.01863297992330248,0.034695717924559645,190000000000,1.863297992330248,-773.0
MRVL260717P00270000,270.0,-5019.0,-100.0,多头平仓 Put，减仓，看跌减弱,2.362892207278231,PUT,0.0,5019.0,26148990.0,0.00036318041666666667,10M-50M,2026-07-17,52.1,53.325,lastPrice,mid,,222.6699981689453,217.52999877929688,231.56500244140625,232.0,222.57000732421875,52.1,0.0,0.0,131.0,1.0000000000000004e-05,True,MRVL,53.28,0.04969526488513827,-0.022972339428035657,0.02362892207278231,72000000000,-2.2972339428035657,-5019.0
MU281215C00950000,950.0,-532.0,-100.0,空头平仓 Call，回补信号，看涨,3.4695717924559646,CALL,0.0,532.0,26069596.0,0.0001372084,10M-50M,2028-12-15,490.03,481.0,lastPrice,mid,,969.5098876953124,937.0,987.9500122070312,994.7999877929688,967.1500244140624,490.03,0.0,0.0,3.0,0.00196310546875,False,MU,490.03,0.029106029106029108,0.018773388773388716,0.034695717924559645,190000000000,1.8773388773388717,-532.0
MSFT260918P00450000,450.0,-3674.0,-100.0,空头平仓 Put，回补，看跌信号减弱,-1.5754888401150173,PUT,0.0,3674.0,25978853.999999996,5.4246928377531835e-06,10M-50M,2026-09-18,70.71,65.35,lastPrice,mid,,384.8299865722656,390.989990234375,382.5050048828125,385.6000061035156,378.6499938964844,70.71,0.0,0.0,1.0,1.0000000000000004e-05,True,MSFT,70.71,0.03672532517214983,0.08201989288446825,-0.015754888401150174,4789000000000,8.201989288446825,-3674.0
MU270617P00950000,950.0,-898.0,-100.0,多头平仓 Put，减仓，看跌减弱,3.4695717924559646,PUT,0.0,898.0,25709740.000000004,0.0001353144210526316,10M-50M,2027-06-17,286.3,288.725,lastPrice,mid,,969.5098876953124,937.0,987.9500122070312,994.7999877929688,967.1500244140624,286.3,0.0,0.0,13.0,1.0000000000000004e-05,True,MU,286.3,0.02580309983548355,-0.008398995584033288,0.034695717924559645,190000000000,-0.8398995584033289,-898.0
MU280121C00810000,810.0,-584.0,-100.0,空头平仓 Call，回补信号，看涨,3.4695717924559646,CALL,0.0,584.0,25520800.0,0.00013432,10M-50M,2028-01-21,437.0,434.8,lastPrice,mid,,969.5098876953124,937.0,987.9500122070312,994.7999877929688,967.1500244140624,437.0,0.0,0.0,1.0,1.0000000000000004e-05,True,MU,437.0,0.02529898804047838,0.00505979760809565,0.034695717924559645,190000000000,0.505979760809565,-584.0
MU280121C00690000,690.0,-387.0,-100.0,空头平仓 Call，回补信号，看涨,3.4695717924559646,CALL,0.0,387.0,25445637.0,0.00013392440526315789,10M-50M,2028-01-21,657.51,483.025,lastPrice,mid,,969.5098876953124,937.0,987.9500122070312,994.7999877929688,967.1500244140624,657.51,0.0,0.0,3.0,1.0000000000000004e-05,True,MU,657.51,0.029087521349826638,0.3612338905853735,0.034695717924559645,190000000000,36.12338905853735,-387.0
MU281215C00740000,740.0,-462.0,-100.0,空头平仓 Call，回补信号，看涨,3.4695717924559646,CALL,0.0,462.0,25282950.0,0.00013306815789473683,10M-50M,2028-12-15,547.25,542.975,lastPrice,mid,,969.5098876953124,937.0,987.9500122070312,994.7999877929688,967.1500244140624,547.25,0.0,0.0,1.0,1.0000000000000004e-05,True,MU,547.25,0.0330586122749667,0.007873290667157746,0.034695717924559645,190000000000,0.7873290667157745,-462.0
MU260717C00850000,850.0,-2489.0,-100.0,空头平仓 Call，回补信号，看涨,3.4695717924559646,CALL,0.0,2489.0,25263350.0,0.000132965,10M-50M,2026-07-17,101.5,95.375,lastPrice,mid,,969.5098876953124,937.0,987.9500122070312,994.7999877929688,967.1500244140624,101.5,0.0,0.0,129.0,1.0000000000000004e-05,True,MU,92.87,0.019397116644823006,0.06422018348623854,0.034695717924559645,190000000000,6.422018348623854,-2489.0
MSFT261218C00400000,400.0,-6826.0,-100.0,多头平仓 Call，减仓，看涨减弱,-1.5754888401150173,CALL,0.0,6826.0,25256200.0,5.2737941115055335e-06,10M-50M,2026-12-18,37.0,37.125,lastPrice,mid,,384.8299865722656,390.989990234375,382.5050048828125,385.6000061035156,378.6499938964844,37.0,0.0,0.0,330.0,0.007822421875,False,MSFT,37.8,0.028282828282828205,-0.003367003367003367,-0.015754888401150174,4789000000000,-0.33670033670033667,-6826.0
MU270115C00780000,780.0,-821.0,-100.0,空头平仓 Call，回补信号，看涨,3.4695717924559646,CALL,0.0,821.0,25194848.0,0.00013260446315789475,10M-50M,2027-01-15,306.88,304.775,lastPrice,mid,,969.5098876953124,937.0,987.9500122070312,994.7999877929688,967.1500244140624,306.88,0.0,0.0,3.0,1.0000000000000004e-05,True,MU,306.88,0.018866376835370357,0.006906734476253034,0.034695717924559645,190000000000,0.6906734476253034,-821.0
MU280121P00800000,800.0,-969.0,-100.0,多头平仓 Put，减仓，看跌减弱,3.4695717924559646,PUT,0.0,969.0,25063184.999999996,0.00013191149999999997,10M-50M,2028-01-21,258.65,259.25,lastPrice,mid,,969.5098876953124,937.0,987.9500122070312,994.7999877929688,967.1500244140624,258.65,0.0,0.0,24.0,0.0312596875,False,MU,258.65,0.035872709739633496,-0.002314368370299027,0.034695717924559645,190000000000,-0.2314368370299027,-969.0
MSFT260918P00420000,420.0,-5814.0,-100.0,空头平仓 Put，回补，看跌信号减弱,-1.5754888401150173,PUT,0.0,5814.0,24814152.0,5.1814892461891836e-06,10M-50M,2026-09-18,42.68,42.65,lastPrice,mid,,384.8299865722656,390.989990234375,382.5050048828125,385.6000061035156,378.6499938964844,42.68,0.0,0.0,49.0,1.0000000000000004e-05,True,MSFT,42.9,0.030480656506447764,0.0007033997655334381,-0.015754888401150174,4789000000000,0.07033997655334381,-5814.0
MU270617C00850000,850.0,-625.0,-100.0,空头平仓 Call，回补信号，看涨,3.4695717924559646,CALL,0.0,625.0,24721250.0,0.00013011184210526315,10M-50M,2027-06-17,395.54,342.075,lastPrice,mid,,969.5098876953124,937.0,987.9500122070312,994.7999877929688,967.1500244140624,395.54,0.0,0.0,3.0,1.0000000000000004e-05,True,MU,395.54,0.024117518088138567,0.15629613388876717,0.034695717924559645,190000000000,15.629613388876717,-625.0
MU270617P00780000,780.0,-1303.0,-100.0,多头平仓 Put，减仓，看跌减弱,3.4695717924559646,PUT,0.0,1303.0,24665790.000000004,0.00012981994736842108,10M-50M,2027-06-17,189.3,189.45,lastPrice,mid,,969.5098876953124,937.0,987.9500122070312,994.7999877929688,967.1500244140624,189.3,0.0,0.0,12.0,0.0312596875,False,MU,189.3,0.032198469253101054,-0.0007917656373712181,0.034695717924559645,190000000000,-0.07917656373712181,-1303.0
MU270917C00900000,900.0,-681.0,-100.0,空头平仓 Call，回补信号，看涨,3.4695717924559646,CALL,0.0,681.0,24618150.0,0.0001295692105263158,10M-50M,2027-09-17,361.5,360.45000000000005,lastPrice,mid,,969.5098876953124,937.0,987.9500122070312,994.7999877929688,967.1500244140624,361.5,0.0,0.0,26.0,1.0000000000000004e-05,True,MU,361.5,0.02580108198085729,0.002913025384935371,0.034695717924559645,190000000000,0.2913025384935371,-681.0
MSFT270319C00400000,400.0,-5178.0,-100.0,多头平仓 Call，减仓，看涨减弱,-1.5754888401150173,CALL,0.0,5178.0,24538542.0,5.123938609313009e-06,10M-50M,2027-03-19,47.39,47.825,lastPrice,mid,,384.8299865722656,390.989990234375,382.5050048828125,385.6000061035156,378.6499938964844,47.39,0.0,0.0,137.0,0.007822421875,False,MSFT,47.39,0.03659174072138003,-0.009095661265028797,-0.015754888401150174,4789000000000,-0.9095661265028797,-5178.0
MU260821C01200000,1200.0,-6237.0,-100.0,空头平仓 Call，回补信号，看涨,3.4695717924559646,CALL,0.0,6237.0,24324300.0,0.00012802263157894736,10M-50M,2026-08-21,39.0,36.875,lastPrice,mid,,969.5098876953124,937.0,987.9500122070312,994.7999877929688,967.1500244140624,39.0,0.0,0.0,989.0,0.12500875,False,MU,35.75,0.042033898305084666,0.0576271186440678,0.034695717924559645,190000000000,5.762711864406779,-6237.0
MU270617P00800000,800.0,-1221.0,-100.0,多头平仓 Put，减仓，看跌减弱,3.4695717924559646,PUT,0.0,1221.0,24139170.0,0.00012704826315789475,10M-50M,2027-06-17,197.7,199.3,lastPrice,mid,,969.5098876953124,937.0,987.9500122070312,994.7999877929688,967.1500244140624,197.7,0.0,0.0,508.0,0.0312596875,False,MU,199.8,0.0356246864024084,-0.00802809834420483,0.034695717924559645,190000000000,-0.802809834420483,-1221.0
MU260821P01100000,1100.0,-1091.0,-100.0,多头平仓 Put，减仓，看跌减弱,3.4695717924559646,PUT,0.0,1091.0,24122010.0,0.00012695794736842104,10M-50M,2026-08-21,221.1,221.15,lastPrice,mid,,969.5098876953124,937.0,987.9500122070312,994.7999877929688,967.1500244140624,221.1,0.0,0.0,58.0,1.0000000000000004e-05,True,MU,214.72,0.029391815509834954,-0.00022609088853724335,0.034695717924559645,190000000000,-0.022609088853724334,-1091.0
MU280121C00890000,890.0,-557.0,-100.0,空头平仓 Call，回补信号，看涨,3.4695717924559646,CALL,0.0,557.0,24055716.0,0.00012660903157894738,10M-50M,2028-01-21,431.88,407.975,lastPrice,mid,,969.5098876953124,937.0,987.9500122070312,994.7999877929688,967.1500244140624,431.88,0.0,0.0,2.0,1.0000000000000004e-05,True,MU,431.88,0.025859427661008665,0.05859427661008633,0.034695717924559645,190000000000,5.859427661008633,-557.0
MSFT260918P00410000,410.0,-6591.0,-100.0,空头平仓 Put，回补，看跌信号减弱,-1.5754888401150173,PUT,0.0,6591.0,23826465.0,4.975248486114012e-06,10M-50M,2026-09-18,36.15,36.075,lastPrice,mid,,384.8299865722656,390.989990234375,382.5050048828125,385.6000061035156,378.6499938964844,36.15,0.0,0.0,1085.0,1.0000000000000004e-05,True,MSFT,35.01,0.04296604296604308,0.0020790020790019607,-0.015754888401150174,4789000000000,0.20790020790019606,-6591.0
MU260717C00900000,900.0,-3790.0,-100.0,空头平仓 Call，回补信号，看涨,3.4695717924559646,CALL,0.0,3790.0,23797410.0,0.00012524952631578947,10M-50M,2026-07-17,62.79,58.35,lastPrice,mid,,969.5098876953124,937.0,987.9500122070312,994.7999877929688,967.1500244140624,62.79,0.0,0.0,3133.0,1.0000000000000004e-05,True,MU,58.22,0.02227934875749781,0.07609254498714649,0.034695717924559645,190000000000,7.609254498714649,-3790.0
MRVL260821C00200000,200.0,-6696.0,-100.0,空头平仓 Call，回补信号，看涨,2.362892207278231,CALL,0.0,6696.0,23703840.0,0.00032922,10M-50M,2026-08-21,35.4,35.15,lastPrice,mid,,222.6699981689453,217.52999877929688,231.56500244140625,232.0,222.57000732421875,35.4,0.0,0.0,3071.0,1.0000000000000004e-05,True,MRVL,34.24,0.03413940256045527,0.007112375533428165,0.02362892207278231,72000000000,0.7112375533428165,-6696.0
MU270319C00700000,700.0,-632.0,-100.0,空头平仓 Call，回补信号，看涨,3.4695717924559646,CALL,0.0,632.0,23700000.0,0.00012473684210526315,10M-50M,2027-03-19,375.0,374.0,lastPrice,mid,,969.5098876953124,937.0,987.9500122070312,994.7999877929688,967.1500244140624,375.0,0.0,0.0,10.0,1.0000000000000004e-05,True,MU,375.0,0.0296791443850268,0.00267379679144385,0.034695717924559645,190000000000,0.267379679144385,-632.0
MU260724P01100000,1100.0,-1340.0,-100.0,多头平仓 Put，减仓，看跌减弱,3.4695717924559646,PUT,0.0,1340.0,23633580.0,0.00012438726315789473,10M-50M,2026-07-24,176.37,185.025,lastPrice,mid,,969.5098876953124,937.0,987.9500122070312,994.7999877929688,967.1500244140624,176.37,0.0,0.0,39.0,1.0000000000000004e-05,True,MU,186.22,0.04620997162545608,-0.04677746250506689,0.034695717924559645,190000000000,-4.677746250506689,-1340.0
MSFT261218C00350000,350.0,-3625.0,-100.0,多头平仓 Call，减仓，看涨减弱,-1.5754888401150173,CALL,0.0,3625.0,23355875.000000004,4.8769837126748805e-06,10M-50M,2026-12-18,64.43,64.55000000000001,lastPrice,mid,,384.8299865722656,390.989990234375,382.5050048828125,385.6000061035156,378.6499938964844,64.43,0.0,0.0,43.0,1.0000000000000004e-05,True,MSFT,65.25,0.02633617350890786,-0.0018590240123935635,-0.015754888401150174,4789000000000,-0.18590240123935636,-3625.0
LITE270115P00800000,800.0,-1085.0,-100.0,多头平仓 Put，减仓，看跌减弱,7.024012802166325,PUT,0.0,1085.0,23330755.0,0.0021209777272727273,10M-50M,2027-01-15,215.03,216.39999999999998,lastPrice,mid,,822.10498046875,768.1500244140625,818.4099731445312,839.8800048828125,815.0,215.03,0.0,0.0,10.0,1.0000000000000004e-05,True,LITE,215.03,0.0397412199630314,-0.006330868761552571,0.07024012802166325,11000000000,-0.633086876155257,-1085.0
MSFT261120C00480000,480.0,-20484.0,-100.0,多头平仓 Call，减仓，看涨减弱,-1.5754888401150173,CALL,0.0,20484.0,23269824.0,4.8590152432658175e-06,10M-50M,2026-11-20,11.36,11.375,lastPrice,mid,,384.8299865722656,390.989990234375,382.5050048828125,385.6000061035156,378.6499938964844,11.36,0.0,0.0,25.0,0.062509375,False,MSFT,11.57,0.057142857142857016,-0.0013186813186813686,-0.015754888401150174,4789000000000,-0.13186813186813687,-20484.0
MSFT270115P00440000,440.0,-3402.0,-100.0,空头平仓 Put，回补，看跌信号减弱,-1.5754888401150173,PUT,0.0,3402.0,23157414.0,4.835542702025475e-06,10M-50M,2027-01-15,68.07,67.425,lastPrice,mid,,384.8299865722656,390.989990234375,382.5050048828125,385.6000061035156,378.6499938964844,68.07,0.0,0.0,12.0,1.0000000000000004e-05,True,MSFT,68.07,0.03485354097144967,0.00956618464961062,-0.015754888401150174,4789000000000,0.9566184649610621,-3402.0
MU280121P01200000,1200.0,-437.0,-100.0,多头平仓 Put，减仓，看跌减弱,3.4695717924559646,PUT,0.0,437.0,22717445.0,0.0001195655,10M-50M,2028-01-21,519.85,523.75,lastPrice,mid,,969.5098876953124,937.0,987.9500122070312,994.7999877929688,967.1500244140624,519.85,0.0,0.0,5.0,1.0000000000000004e-05,True,MU,519.85,0.02653937947494051,-0.00744630071599041,0.034695717924559645,190000000000,-0.7446300715990409,-437.0
MU270617P01100000,1100.0,-608.0,-100.0,多头平仓 Put，减仓，看跌减弱,3.4695717924559646,PUT,0.0,608.0,22717312.0,0.0001195648,10M-50M,2027-06-17,373.64,387.125,lastPrice,mid,,969.5098876953124,937.0,987.9500122070312,994.7999877929688,967.1500244140624,373.64,0.0,0.0,6.0,1.0000000000000004e-05,True,MU,373.64,0.02880206651598315,-0.03483371004197614,0.034695717924559645,190000000000,-3.4833710041976143,-608.0
MU261218C00910000,910.0,-991.0,-100.0,空头平仓 Call，回补信号，看涨,3.4695717924559646,CALL,0.0,991.0,22681017.0,0.00011937377368421053,10M-50M,2026-12-18,228.87,228.325,lastPrice,mid,,969.5098876953124,937.0,987.9500122070312,994.7999877929688,967.1500244140624,228.87,0.0,0.0,14.0,1.0000000000000004e-05,True,MU,228.87,0.025621373042811757,0.0023869484287748427,0.034695717924559645,190000000000,0.23869484287748427,-991.0
MU260918C01200000,1200.0,-3401.0,-100.0,空头平仓 Call，回补信号，看涨,3.4695717924559646,CALL,0.0,3401.0,22075890.999999996,0.00011618889999999997,10M-50M,2026-09-18,64.91,62.125,lastPrice,mid,,969.5098876953124,937.0,987.9500122070312,994.7999877929688,967.1500244140624,64.91,0.0,0.0,906.0,0.12500875,False,MU,61.1,0.05553319919517107,0.0448289738430583,0.034695717924559645,190000000000,4.48289738430583,-3401.0
MSFT270617C00280000,280.0,-1693.0,-100.0,多头平仓 Call，减仓，看涨减弱,-1.5754888401150173,CALL,0.0,1693.0,22034395.0,4.601043015243266e-06,10M-50M,2027-06-17,130.15,130.675,lastPrice,mid,,384.8299865722656,390.989990234375,382.5050048828125,385.6000061035156,378.6499938964844,130.15,0.0,0.0,3.0,1.0000000000000004e-05,True,MSFT,130.15,0.025636120145398844,-0.0040176009183088245,-0.015754888401150174,4789000000000,-0.40176009183088246,-1693.0
MRVL260717P00250000,250.0,-6637.0,-100.0,多头平仓 Put，减仓，看跌减弱,2.362892207278231,PUT,0.0,6637.0,22001655.0,0.0003055785416666667,10M-50M,2026-07-17,33.15,33.7,lastPrice,mid,,222.6699981689453,217.52999877929688,231.56500244140625,232.0,222.57000732421875,33.15,0.0,0.0,322.0,1.0000000000000004e-05,True,MRVL,34.05,0.0,-0.016320474777448198,0.02362892207278231,72000000000,-1.6320474777448197,-6637.0
MU270617P00870000,870.0,-951.0,-100.0,多头平仓 Put，减仓，看跌减弱,3.4695717924559646,PUT,0.0,951.0,21987120.0,0.00011572168421052632,10M-50M,2027-06-17,231.2,239.05,lastPrice,mid,,969.5098876953124,937.0,987.9500122070312,994.7999877929688,967.1500244140624,231.2,0.0,0.0,221.0,0.01563484375,False,MU,231.2,0.03806734992679353,-0.03283831834344289,0.034695717924559645,190000000000,-3.283831834344289,-951.0
MU280616P01040000,1040.0,-501.0,-100.0,多头平仓 Put，减仓，看跌减弱,3.4695717924559646,PUT,0.0,501.0,21959331.0,0.00011557542631578948,10M-50M,2028-06-16,438.31,444.625,lastPrice,mid,,969.5098876953124,937.0,987.9500122070312,994.7999877929688,967.1500244140624,438.31,0.0,0.0,10.0,1.0000000000000004e-05,True,MU,438.31,0.03317402305313467,-0.014202980039359006,0.034695717924559645,190000000000,-1.4202980039359006,-501.0
LITE280121C00580000,580.0,-454.0,-100.0,空头平仓 Call，回补信号，看涨,7.024012802166325,CALL,0.0,454.0,21900959.999999996,0.0019909963636363633,10M-50M,2028-01-21,482.4,416.0,lastPrice,mid,,822.10498046875,768.1500244140625,818.4099731445312,839.8800048828125,815.0,482.4,0.0,0.0,1.0,1.0000000000000004e-05,True,LITE,482.4,0.038461538461538464,0.15961538461538455,0.07024012802166325,11000000000,15.961538461538455,-454.0
MU270115C00830000,830.0,-612.0,-100.0,空头平仓 Call，回补信号，看涨,3.4695717924559646,CALL,0.0,612.0,21866148.0,0.0001150849894736842,10M-50M,2027-01-15,357.29,279.25,lastPrice,mid,,969.5098876953124,937.0,987.9500122070312,994.7999877929688,967.1500244140624,357.29,0.0,0.0,1.0,1.0000000000000004e-05,True,MU,357.29,0.037958818263205095,0.2794628469113698,0.034695717924559645,190000000000,27.94628469113698,-612.0
MU280121C00760000,760.0,-479.0,-100.0,空头平仓 Call，回补信号，看涨,3.4695717924559646,CALL,0.0,479.0,21844316.0,0.00011497008421052632,10M-50M,2028-01-21,456.04,453.8,lastPrice,mid,,969.5098876953124,937.0,987.9500122070312,994.7999877929688,967.1500244140624,456.04,0.0,0.0,1.0,1.0000000000000004e-05,True,MU,456.04,0.025561921551344253,0.004936095196121659,0.034695717924559645,190000000000,0.4936095196121659,-479.0
MSFT270617C00350000,350.0,-2655.0,-100.0,多头平仓 Call，减仓，看涨减弱,-1.5754888401150173,CALL,0.0,2655.0,21717900.0,4.5349551054499895e-06,10M-50M,2027-06-17,81.8,81.8,lastPrice,mid,,384.8299865722656,390.989990234375,382.5050048828125,385.6000061035156,378.6499938964844,81.8,0.0,0.0,167.0,1.0000000000000004e-05,True,MSFT,82.0,0.011002444987775131,0.0,-0.015754888401150174,4789000000000,0.0,-2655.0
MSFT281215C00300000,300.0,-1460.0,-100.0,多头平仓 Call，减仓，看涨减弱,-1.5754888401150173,CALL,0.0,1460.0,21608000.0,4.512006681979536e-06,10M-50M,2028-12-15,148.0,149.425,lastPrice,mid,,384.8299865722656,390.989990234375,382.5050048828125,385.6000061035156,378.6499938964844,148.0,0.0,0.0,17.0,1.0000000000000004e-05,True,MSFT,149.93,0.02576543416429643,-0.009536556801070847,-0.015754888401150174,4789000000000,-0.9536556801070847,-1460.0
MSFT270115P00390000,390.0,-5819.0,-100.0,空头平仓 Put，回补，看跌信号减弱,-1.5754888401150173,PUT,0.0,5819.0,21530300.0,4.495782000417624e-06,10M-50M,2027-01-15,37.0,36.975,lastPrice,mid,,384.8299865722656,390.989990234375,382.5050048828125,385.6000061035156,378.6499938964844,37.0,0.0,0.0,16.0,0.000986552734375,False,MSFT,36.67,0.04732927653820149,0.0006761325219742685,-0.015754888401150174,4789000000000,0.06761325219742685,-5819.0
MSFT270115P00500000,500.0,-1815.0,-100.0,空头平仓 Put，回补，看跌信号减弱,-1.5754888401150173,PUT,0.0,1815.0,21426075.0,4.474018584255586e-06,10M-50M,2027-01-15,118.05,115.375,lastPrice,mid,,384.8299865722656,390.989990234375,382.5050048828125,385.6000061035156,378.6499938964844,118.05,0.0,0.0,2.0,1.0000000000000004e-05,True,MSFT,118.05,0.022101841820151777,0.023185265438786542,-0.015754888401150174,4789000000000,2.318526543878654,-1815.0
MU280121C01080000,1080.0,-506.0,-100.0,空头平仓 Call，回补信号，看涨,3.4695717924559646,CALL,0.0,506.0,21304624.000000004,0.00011212960000000002,10M-50M,2028-01-21,421.04,350.475,lastPrice,mid,,969.5098876953124,937.0,987.9500122070312,994.7999877929688,967.1500244140624,421.04,0.0,0.0,3.0,0.01563484375,False,MU,421.04,0.023824809187531108,0.20134103716384905,0.034695717924559645,190000000000,20.134103716384903,-506.0
MU271217C00750000,750.0,-423.0,-100.0,空头平仓 Call，回补信号，看涨,3.4695717924559646,CALL,0.0,423.0,21234600.0,0.00011176105263157895,10M-50M,2027-12-17,502.0,446.54999999999995,lastPrice,mid,,969.5098876953124,937.0,987.9500122070312,994.7999877929688,967.1500244140624,502.0,0.0,0.0,1.0,1.0000000000000004e-05,True,MU,502.0,0.0275445078938529,0.12417422461090595,0.034695717924559645,190000000000,12.417422461090595,-423.0
MRVL260918P00250000,250.0,-3878.0,-100.0,多头平仓 Put，减仓，看跌减弱,2.362892207278231,PUT,0.0,3878.0,21212660.0,0.00029462027777777777,10M-50M,2026-09-18,54.7,55.125,lastPrice,mid,,222.6699981689453,217.52999877929688,231.56500244140625,232.0,222.57000732421875,54.7,0.0,0.0,45.0,1.0000000000000004e-05,True,MRVL,55.6,0.03356009070294774,-0.007709750566893372,0.02362892207278231,72000000000,-0.7709750566893372,-3878.0
MU280121C00950000,950.0,-537.0,-100.0,空头平仓 Call，回补信号，看涨,3.4695717924559646,CALL,0.0,537.0,21200760.0,0.00011158294736842105,10M-50M,2028-01-21,394.8,388.0,lastPrice,mid,,969.5098876953124,937.0,987.9500122070312,994.7999877929688,967.1500244140624,394.8,0.0,0.0,23.0,0.00196310546875,False,MU,388.0,0.02139175257731947,0.017525773195876317,0.034695717924559645,190000000000,1.7525773195876317,-537.0
MSFT280121C00450000,450.0,-3711.0,-100.0,多头平仓 Call，减仓，看涨减弱,-1.5754888401150173,CALL,0.0,3711.0,21097035.0,4.4053111296721656e-06,10M-50M,2028-01-21,56.85,57.5,lastPrice,mid,,384.8299865722656,390.989990234375,382.5050048828125,385.6000061035156,378.6499938964844,56.85,0.0,0.0,69.0,0.0312596875,False,MSFT,57.63,0.024347826086956622,-0.011304347826086933,-0.015754888401150174,4789000000000,-1.1304347826086933,-3711.0
MU271217C00880000,880.0,-513.0,-100.0,空头平仓 Call，回补信号，看涨,3.4695717924559646,CALL,0.0,513.0,21012993.0,0.0001105947,10M-50M,2027-12-17,409.61,399.15,lastPrice,mid,,969.5098876953124,937.0,987.9500122070312,994.7999877929688,967.1500244140624,409.61,0.0,0.0,1.0,1.0000000000000004e-05,True,MU,409.61,0.026556432418890056,0.026205687085055836,0.034695717924559645,190000000000,2.6205687085055835,-513.0
MRVL260821C00170000,170.0,-3789.0,-100.0,空头平仓 Call，回补信号，看涨,2.362892207278231,CALL,0.0,3789.0,20782665.0,0.000288648125,10M-50M,2026-08-21,54.85,54.150000000000006,lastPrice,mid,,222.6699981689453,217.52999877929688,231.56500244140625,232.0,222.57000732421875,54.85,0.0,0.0,1122.0,1.0000000000000004e-05,True,MRVL,55.7,0.03878116343490307,0.012927054478300936,0.02362892207278231,72000000000,1.2927054478300937,-3789.0
MU261218C00950000,950.0,-947.0,-100.0,空头平仓 Call，回补信号，看涨,3.4695717924559646,CALL,0.0,947.0,20739300.0,0.00010915421052631579,10M-50M,2026-12-18,219.0,212.125,lastPrice,mid,,969.5098876953124,937.0,987.9500122070312,994.7999877929688,967.1500244140624,219.0,0.0,0.0,21.0,0.0039162109375,False,MU,209.42,0.028992339422510206,0.03241013553329405,0.034695717924559645,190000000000,3.2410135533294047,-947.0
MSFT270617P00480000,480.0,-1858.0,-100.0,空头平仓 Put，回补，看跌信号减弱,-1.5754888401150173,PUT,0.0,1858.0,20517894.0,4.284379619962414e-06,10M-50M,2027-06-17,110.43,106.17500000000001,lastPrice,mid,,384.8299865722656,390.989990234375,382.5050048828125,385.6000061035156,378.6499938964844,110.43,0.0,0.0,1.0,1.0000000000000004e-05,True,MSFT,110.43,0.02401695314339531,0.040075347303979235,-0.015754888401150174,4789000000000,4.007534730397923,-1858.0
MU271217C00680000,680.0,-376.0,-100.0,空头平仓 Call，回补信号，看涨,3.4695717924559646,CALL,0.0,376.0,20510424.0,0.0001079496,10M-50M,2027-12-17,545.49,476.1,lastPrice,mid,,969.5098876953124,937.0,987.9500122070312,994.7999877929688,967.1500244140624,545.49,0.0,0.0,2.0,1.0000000000000004e-05,True,MU,545.49,0.03171602604494847,0.14574669187145553,0.034695717924559645,190000000000,14.574669187145552,-376.0
SNDK281215C01250000,1250.0,177.0,0.0,多头买 Call，看涨,4.7760757147038735,CALL,177.0,0.0,20496600.0,0.002562075,10M-50M,2028-12-15,1158.0,1143.0,mid,mid,0.017271157167530225,1753.9200439453125,1673.969970703125,1807.0,1812.469970703125,1750.300048828125,1235.43,1148.0,1168.0,10.0,1.1775057909584046,True,SNDK,1235.43,0.015748031496062992,0.013123359580052493,0.047760757147038736,8000000000,1.3123359580052494,177.0
MSFT270617C00450000,450.0,-5349.0,-100.0,多头平仓 Call，减仓，看涨减弱,-1.5754888401150173,CALL,0.0,5349.0,20443878.0,4.2689242012946336e-06,10M-50M,2027-06-17,38.22,38.4,lastPrice,mid,,384.8299865722656,390.989990234375,382.5050048828125,385.6000061035156,378.6499938964844,38.22,0.0,0.0,326.0,0.0312596875,False,MSFT,38.6,0.02083333333333326,-0.004687499999999993,-0.015754888401150174,4789000000000,-0.4687499999999993,-5349.0
MSFT261218P00450000,450.0,-2598.0,-100.0,空头平仓 Put，回补，看跌信号减弱,-1.5754888401150173,PUT,0.0,2598.0,20383908.0,4.256401754019628e-06,10M-50M,2026-12-18,78.46,73.15,lastPrice,mid,,384.8299865722656,390.989990234375,382.5050048828125,385.6000061035156,378.6499938964844,78.46,0.0,0.0,31.0,1.0000000000000004e-05,True,MSFT,78.46,0.03691045796308958,0.07259056732740926,-0.015754888401150174,4789000000000,7.259056732740926,-2598.0
MSFT261218C00345000,345.0,-3024.0,-100.0,多头平仓 Call，减仓，看涨减弱,-1.5754888401150173,CALL,0.0,3024.0,20278944.0,4.234484025892671e-06,10M-50M,2026-12-18,67.06,68.2,lastPrice,mid,,384.8299865722656,390.989990234375,382.5050048828125,385.6000061035156,378.6499938964844,67.06,0.0,0.0,3.0,1.0000000000000004e-05,True,MSFT,67.06,0.03665689149560117,-0.016715542521994142,-0.015754888401150174,4789000000000,-1.6715542521994142,-3024.0
MU270917C00880000,880.0,-492.0,-100.0,空头平仓 Call，回补信号，看涨,3.4695717924559646,CALL,0.0,492.0,20172000.0,0.00010616842105263158,10M-50M,2027-09-17,410.0,367.20000000000005,lastPrice,mid,,969.5098876953124,937.0,987.9500122070312,994.7999877929688,967.1500244140624,410.0,0.0,0.0,1.0,1.0000000000000004e-05,True,MU,410.0,0.026416122004357265,0.11655773420479289,0.034695717924559645,190000000000,11.655773420479289,-492.0
MSFT261218P00350000,350.0,-10751.0,-100.0,空头平仓 Put，回补，看跌信号减弱,-1.5754888401150173,PUT,0.0,10751.0,20158125.0,4.209255585717269e-06,10M-50M,2026-12-18,18.75,18.5,lastPrice,mid,,384.8299865722656,390.989990234375,382.5050048828125,385.6000061035156,378.6499938964844,18.75,0.0,0.0,77.0,0.0312596875,False,MSFT,17.98,0.021621621621621546,0.013513513513513514,-0.015754888401150174,4789000000000,1.3513513513513513,-10751.0
MU260717C00730000,730.0,-952.0,-100.0,空头平仓 Call，回补信号，看涨,3.4695717924559646,CALL,0.0,952.0,20144320.0,0.00010602273684210526,10M-50M,2026-07-17,211.6,203.075,lastPrice,mid,,969.5098876953124,937.0,987.9500122070312,994.7999877929688,967.1500244140624,211.6,0.0,0.0,121.0,1.0000000000000004e-05,True,MU,197.5,0.05539825187738521,0.041979564200418595,0.034695717924559645,190000000000,4.1979564200418595,-952.0
MSFT270319P00410000,410.0,-3791.0,-100.0,空头平仓 Put，回补，看跌信号减弱,-1.5754888401150173,PUT,0.0,3791.0,20084718.0,4.193927333472542e-06,10M-50M,2027-03-19,52.98,52.825,lastPrice,mid,,384.8299865722656,390.989990234375,382.5050048828125,385.6000061035156,378.6499938964844,52.98,0.0,0.0,1.0,1.0000000000000004e-05,True,MSFT,52.98,0.040700425934689984,0.0029342167534310275,-0.015754888401150174,4789000000000,0.29342167534310276,-3791.0
MU271217C01000000,1000.0,-550.0,-100.0,空头平仓 Call，回补信号，看涨,3.4695717924559646,CALL,0.0,550.0,20017250.0,0.00010535394736842105,10M-50M,2027-12-17,363.95,361.85,lastPrice,mid,,969.5098876953124,937.0,987.9500122070312,994.7999877929688,967.1500244140624,363.95,0.0,0.0,18.0,0.007822421875,False,MU,363.95,0.02708304546082634,0.005803509741605543,0.034695717924559645,190000000000,0.5803509741605543,-550.0
MU270319C00830000,830.0,-615.0,-100.0,空头平仓 Call，回补信号，看涨,3.4695717924559646,CALL,0.0,615.0,19736580.0,0.00010387673684210527,10M-50M,2027-03-19,320.92,311.75,lastPrice,mid,,969.5098876953124,937.0,987.9500122070312,994.7999877929688,967.1500244140624,320.92,0.0,0.0,1.0,1.0000000000000004e-05,True,MU,320.92,0.022453889334402566,0.02941459502806741,0.034695717924559645,190000000000,2.941459502806741,-615.0
MU260821C00890000,890.0,-1426.0,-100.0,空头平仓 Call，回补信号，看涨,3.4695717924559646,CALL,0.0,1426.0,19707320.0,0.00010372273684210527,10M-50M,2026-08-21,138.2,133.625,lastPrice,mid,,969.5098876953124,937.0,987.9500122070312,994.7999877929688,967.1500244140624,138.2,0.0,0.0,41.0,1.0000000000000004e-05,True,MU,131.44,0.02956033676333013,0.03423760523854061,0.034695717924559645,190000000000,3.4237605238540607,-1426.0
MU270319C00740000,740.0,-550.0,-100.0,空头平仓 Call，回补信号，看涨,3.4695717924559646,CALL,0.0,550.0,19690000.0,0.00010363157894736842,10M-50M,2027-03-19,358.0,353.5,lastPrice,mid,,969.5098876953124,937.0,987.9500122070312,994.7999877929688,967.1500244140624,358.0,0.0,0.0,1.0,1.0000000000000004e-05,True,MU,358.0,0.03451202263083464,0.01272984441301273,0.034695717924559645,190000000000,1.272984441301273,-550.0
MU281215C00810000,810.0,-372.0,-100.0,空头平仓 Call，回补信号，看涨,3.4695717924559646,CALL,0.0,372.0,19650528.0,0.00010342383157894737,10M-50M,2028-12-15,528.24,519.8,lastPrice,mid,,969.5098876953124,937.0,987.9500122070312,994.7999877929688,967.1500244140624,528.24,0.0,0.0,10.0,1.0000000000000004e-05,True,MU,529.0,0.03001154290111586,0.016237014236244816,0.034695717924559645,190000000000,1.6237014236244816,-372.0
MSFT261218P00440000,440.0,-2901.0,-100.0,空头平仓 Put，回补，看跌信号减弱,-1.5754888401150173,PUT,0.0,2901.0,19607859.0,4.0943535184798495e-06,10M-50M,2026-12-18,67.59,65.8,lastPrice,mid,,384.8299865722656,390.989990234375,382.5050048828125,385.6000061035156,378.6499938964844,67.59,0.0,0.0,1.0,1.0000000000000004e-05,True,MSFT,67.59,0.037993920972644375,0.02720364741641347,-0.015754888401150174,4789000000000,2.720364741641347,-2901.0
MU270319C00770000,770.0,-515.0,-100.0,空头平仓 Call，回补信号，看涨,3.4695717924559646,CALL,0.0,515.0,19582875.0,0.00010306776315789474,10M-50M,2027-03-19,380.25,340.475,lastPrice,mid,,969.5098876953124,937.0,987.9500122070312,994.7999877929688,967.1500244140624,380.25,0.0,0.0,1.0,1.0000000000000004e-05,True,MU,380.25,0.024230853954034803,0.11682208679051317,0.034695717924559645,190000000000,11.682208679051318,-515.0
MU280121C01040000,1040.0,-451.0,-100.0,空头平仓 Call，回补信号，看涨,3.4695717924559646,CALL,0.0,451.0,19437649.0,0.00010230341578947368,10M-50M,2028-01-21,430.99,361.70000000000005,lastPrice,mid,,969.5098876953124,937.0,987.9500122070312,994.7999877929688,967.1500244140624,430.99,0.0,0.0,2.0,0.01563484375,False,MU,430.99,0.02267072159247992,0.1915675974564555,0.034695717924559645,190000000000,19.156759745645548,-451.0
MU270319P01000000,1000.0,-709.0,-100.0,多头平仓 Put，减仓，看跌减弱,3.4695717924559646,PUT,0.0,709.0,19426600.0,0.00010224526315789473,10M-50M,2027-03-19,274.0,288.175,lastPrice,mid,,969.5098876953124,937.0,987.9500122070312,994.7999877929688,967.1500244140624,274.0,0.0,0.0,5.0,1.0000000000000004e-05,True,MU,274.0,0.0320985512275527,-0.049188860935195665,0.034695717924559645,190000000000,-4.918886093519567,-709.0
MU261218C00920000,920.0,-846.0,-100.0,空头平仓 Call，回补信号，看涨,3.4695717924559646,CALL,0.0,846.0,19373400.0,0.00010196526315789473,10M-50M,2026-12-18,229.0,224.625,lastPrice,mid,,969.5098876953124,937.0,987.9500122070312,994.7999877929688,967.1500244140624,229.0,0.0,0.0,124.0,1.0000000000000004e-05,True,MU,220.91,0.020255982192543178,0.019476905954368393,0.034695717924559645,190000000000,1.9476905954368393,-846.0
MU280121C00850000,850.0,-405.0,-100.0,空头平仓 Call，回补信号，看涨,3.4695717924559646,CALL,0.0,405.0,19359000.0,0.00010188947368421052,10M-50M,2028-01-21,478.0,421.5,lastPrice,mid,,969.5098876953124,937.0,987.9500122070312,994.7999877929688,967.1500244140624,478.0,0.0,0.0,2.0,1.0000000000000004e-05,True,MU,478.0,0.02348754448398571,0.13404507710557534,0.034695717924559645,190000000000,13.404507710557533,-405.0
MU280616P01070000,1070.0,-424.0,-100.0,多头平仓 Put，减仓，看跌减弱,3.4695717924559646,PUT,0.0,424.0,19285640.000000004,0.00010150336842105265,10M-50M,2028-06-16,454.85,466.225,lastPrice,mid,,969.5098876953124,937.0,987.9500122070312,994.7999877929688,967.1500244140624,454.85,0.0,0.0,2.0,1.0000000000000004e-05,True,MU,454.85,0.03335299479864874,-0.024398091050458467,0.034695717924559645,190000000000,-2.4398091050458466,-424.0
MU260821C00850000,850.0,-1225.0,-100.0,空头平仓 Call，回补信号，看涨,3.4695717924559646,CALL,0.0,1225.0,19159000.0,0.00010083684210526316,10M-50M,2026-08-21,156.4,156.275,lastPrice,mid,,969.5098876953124,937.0,987.9500122070312,994.7999877929688,967.1500244140624,156.4,0.0,0.0,42.0,1.0000000000000004e-05,True,MU,156.4,0.03167493201087818,0.0007998720204767237,0.034695717924559645,190000000000,0.07998720204767237,-1225.0
MU270115P00950000,950.0,-836.0,-100.0,多头平仓 Put，减仓，看跌减弱,3.4695717924559646,PUT,0.0,836.0,19123500.0,0.00010065,10M-50M,2027-01-15,228.75,228.775,lastPrice,mid,,969.5098876953124,937.0,987.9500122070312,994.7999877929688,967.1500244140624,228.75,0.0,0.0,58.0,1.0000000000000004e-05,True,MU,228.75,0.022948311659927875,-0.00010927767457110997,0.034695717924559645,190000000000,-0.010927767457110996,-836.0
MU280616C01030000,1030.0,-375.0,-100.0,空头平仓 Call，回补信号，看涨,3.4695717924559646,CALL,0.0,375.0,19113000.0,0.00010059473684210527,10M-50M,2028-06-16,509.68,414.0,lastPrice,mid,,969.5098876953124,937.0,987.9500122070312,994.7999877929688,967.1500244140624,509.68,0.0,0.0,12.0,0.01563484375,False,MU,509.68,0.03864734299516908,0.23111111111111113,0.034695717924559645,190000000000,23.111111111111114,-375.0
MU260918P01000000,1000.0,-1083.0,-100.0,多头平仓 Put，减仓，看跌减弱,3.4695717924559646,PUT,0.0,1083.0,19098705.0,0.0001005195,10M-50M,2026-09-18,176.35,177.725,lastPrice,mid,,969.5098876953124,937.0,987.9500122070312,994.7999877929688,967.1500244140624,176.35,0.0,0.0,39.0,1.0000000000000004e-05,True,MU,179.4,0.025601350400900332,-0.007736671824447883,0.034695717924559645,190000000000,-0.7736671824447883,-1083.0
MSFT270115P00340000,340.0,-11259.0,-100.0,空头平仓 Put，回补，看跌信号减弱,-1.5754888401150173,PUT,0.0,11259.0,19027709.999999996,3.9732115264147e-06,10M-50M,2027-01-15,16.9,16.700000000000003,lastPrice,mid,,384.8299865722656,390.989990234375,382.5050048828125,385.6000061035156,378.6499938964844,16.9,0.0,0.0,207.0,0.0312596875,False,MSFT,16.9,0.047904191616766505,0.011976047904191359,-0.015754888401150174,4789000000000,1.1976047904191358,-11259.0
MU261016C00900000,900.0,-976.0,-100.0,空头平仓 Call，回补信号，看涨,3.4695717924559646,CALL,0.0,976.0,19009552.0,0.00010005027368421053,10M-50M,2026-10-16,194.77,188.675,lastPrice,mid,,969.5098876953124,937.0,987.9500122070312,994.7999877929688,967.1500244140624,194.77,0.0,0.0,108.0,1.0000000000000004e-05,True,MU,184.5,0.03153570955346504,0.032304226845104006,0.034695717924559645,190000000000,3.2304226845104007,-976.0
MSFT271217C00420000,420.0,-2937.0,-100.0,多头平仓 Call，减仓，看涨减弱,-1.5754888401150173,CALL,0.0,2937.0,18943650.0,3.955658801419921e-06,10M-50M,2027-12-17,64.5,64.575,lastPrice,mid,,384.8299865722656,390.989990234375,382.5050048828125,385.6000061035156,378.6499938964844,64.5,0.0,0.0,10.0,0.01563484375,False,MSFT,65.58,0.013162988772744782,-0.0011614401858304738,-0.015754888401150174,4789000000000,-0.11614401858304738,-2937.0
MSFT270115P00470000,470.0,-2070.0,-100.0,空头平仓 Put，回补，看跌信号减弱,-1.5754888401150173,PUT,0.0,2070.0,18921870.0,3.951110879097933e-06,10M-50M,2027-01-15,91.41,91.05,lastPrice,mid,,384.8299865722656,390.989990234375,382.5050048828125,385.6000061035156,378.6499938964844,91.41,0.0,0.0,50.0,1.0000000000000004e-05,True,MSFT,91.41,0.015376166941241139,0.003953871499176271,-0.015754888401150174,4789000000000,0.3953871499176271,-2070.0
MU261218C00840000,840.0,-602.0,-100.0,空头平仓 Call，回补信号，看涨,3.4695717924559646,CALL,0.0,602.0,18805276.0,9.897513684210527e-05,10M-50M,2026-12-18,312.38,259.35,lastPrice,mid,,969.5098876953124,937.0,987.9500122070312,994.7999877929688,967.1500244140624,312.38,0.0,0.0,1.0,1.0000000000000004e-05,True,MU,312.38,0.02159244264507409,0.20447272026219382,0.034695717924559645,190000000000,20.44727202621938,-602.0
MU271217C00730000,730.0,-331.0,-100.0,空头平仓 Call，回补信号，看涨,3.4695717924559646,CALL,0.0,331.0,18653836.0,9.817808421052631e-05,10M-50M,2027-12-17,563.56,454.35,lastPrice,mid,,969.5098876953124,937.0,987.9500122070312,994.7999877929688,967.1500244140624,563.56,0.0,0.0,7.0,1.0000000000000004e-05,True,MU,563.56,0.027952019368328355,0.24036535710355433,0.034695717924559645,190000000000,24.036535710355434,-331.0
MSFT260821P00410000,410.0,-5603.0,-100.0,空头平仓 Put，回补，看跌信号减弱,-1.5754888401150173,PUT,0.0,5603.0,18489900.0,3.860910419711839e-06,10M-50M,2026-08-21,33.0,32.75,lastPrice,mid,,384.8299865722656,390.989990234375,382.5050048828125,385.6000061035156,378.6499938964844,33.0,0.0,0.0,301.0,1.0000000000000004e-05,True,MSFT,32.5,0.018320610687022728,0.007633587786259542,-0.015754888401150174,4789000000000,0.7633587786259541,-5603.0
MU270917C01000000,1000.0,-565.0,-100.0,空头平仓 Call，回补信号，看涨,3.4695717924559646,CALL,0.0,565.0,18475500.0,9.723947368421053e-05,10M-50M,2027-09-17,327.0,326.925,lastPrice,mid,,969.5098876953124,937.0,987.9500122070312,994.7999877929688,967.1500244140624,327.0,0.0,0.0,8.0,0.01563484375,False,MU,327.0,0.028599831765695565,0.00022941041523281679,0.034695717924559645,190000000000,0.022941041523281677,-565.0
MSFT260918P00380000,380.0,-9106.0,-100.0,空头平仓 Put，回补，看跌信号减弱,-1.5754888401150173,PUT,0.0,9106.0,18457862.0,3.854220505324702e-06,10M-50M,2026-09-18,20.27,20.05,lastPrice,mid,,384.8299865722656,390.989990234375,382.5050048828125,385.6000061035156,378.6499938964844,20.27,0.0,0.0,57.0,0.01563484375,False,MSFT,20.1,0.019950124688279232,0.01097256857855356,-0.015754888401150174,4789000000000,1.0972568578553559,-9106.0
MU280616P00820000,820.0,-624.0,-100.0,多头平仓 Put，减仓，看跌减弱,3.4695717924559646,PUT,0.0,624.0,18450432.0,9.710753684210527e-05,10M-50M,2028-06-16,295.68,302.9,lastPrice,mid,,969.5098876953124,937.0,987.9500122070312,994.7999877929688,967.1500244140624,295.68,0.0,0.0,201.0,0.01563484375,False,MU,295.68,0.04688015846814127,-0.02383624958732245,0.034695717924559645,190000000000,-2.3836249587322453,-624.0
MU281215C01010000,1010.0,-380.0,-100.0,空头平仓 Call，回补信号，看涨,3.4695717924559646,CALL,0.0,380.0,18144240.0,9.5496e-05,10M-50M,2028-12-15,477.48,466.375,lastPrice,mid,,969.5098876953124,937.0,987.9500122070312,994.7999877929688,967.1500244140624,477.48,0.0,0.0,33.0,0.007822421875,False,MU,477.48,0.027338515143393194,0.02381131064057897,0.034695717924559645,190000000000,2.381131064057897,-380.0
MRVL261218P00250000,250.0,-2538.0,-100.0,多头平仓 Put，减仓，看跌减弱,2.362892207278231,PUT,0.0,2538.0,17766000.0,0.00024675,10M-50M,2026-12-18,70.0,70.525,lastPrice,mid,,222.6699981689453,217.52999877929688,231.56500244140625,232.0,222.57000732421875,70.0,0.0,0.0,23.0,1.0000000000000004e-05,True,MRVL,70.0,0.027649769585253493,-0.007444168734491395,0.02362892207278231,72000000000,-0.7444168734491395,-2538.0
SNDK270219C01210000,1210.0,233.0,0.0,多头买 Call，看涨,4.7760757147038735,CALL,233.0,0.0,17684700.0,0.0022105875,10M-50M,2027-02-19,759.0,688.96,mid,lastPrice,0.023715415019762844,1753.9200439453125,1673.969970703125,1807.0,1812.469970703125,1750.300048828125,688.96,750.0,768.0,3.0,1.1470570296287534,True,SNDK,688.96,,0.10166047375754755,0.047760757147038736,8000000000,10.166047375754756,233.0
SNDK281215C01340000,1340.0,161.0,0.0,多头买 Call，看涨,4.7760757147038735,CALL,161.0,0.0,17661700.0,0.0022077125,10M-50M,2028-12-15,1097.0,1084.14,mid,lastPrice,0.016408386508659983,1753.9200439453125,1673.969970703125,1807.0,1812.469970703125,1750.300048828125,1084.14,1088.0,1106.0,1.0,1.110920583114624,True,SNDK,1084.14,,0.011861936650248029,0.047760757147038736,8000000000,1.1861936650248028,161.0
MSFT261218P00380000,380.0,-5740.0,-100.0,空头平仓 Put，回补，看跌信号减弱,-1.5754888401150173,PUT,0.0,5740.0,17644759.999999996,3.6844351639173096e-06,10M-50M,2026-12-18,30.74,30.674999999999997,lastPrice,mid,,384.8299865722656,390.989990234375,382.5050048828125,385.6000061035156,378.6499938964844,30.74,0.0,0.0,29.0,0.007822421875,False,MSFT,29.64,0.01792991035044827,0.0021189894050530167,-0.015754888401150174,4789000000000,0.21189894050530167,-5740.0
MU280121C00980000,980.0,-462.0,-100.0,空头平仓 Call，回补信号，看涨,3.4695717924559646,CALL,0.0,462.0,17588340.0,9.257021052631578e-05,10M-50M,2028-01-21,380.7,379.8,lastPrice,mid,,969.5098876953124,937.0,987.9500122070312,994.7999877929688,967.1500244140624,380.7,0.0,0.0,2.0,0.007822421875,False,MU,454.3,0.026066350710900413,0.0023696682464454375,0.034695717924559645,190000000000,0.23696682464454374,-462.0
MRVL260717P00280000,280.0,-2793.0,-100.0,多头平仓 Put，减仓，看跌减弱,2.362892207278231,PUT,0.0,2793.0,17567970.0,0.00024399958333333333,10M-50M,2026-07-17,62.9,63.4,lastPrice,mid,,222.6699981689453,217.52999877929688,231.56500244140625,232.0,222.57000732421875,62.9,0.0,0.0,34.0,1.0000000000000004e-05,True,MRVL,63.43,0.045741324921135515,-0.007886435331230283,0.02362892207278231,72000000000,-0.7886435331230284,-2793.0
MU271217C00970000,970.0,-464.0,-100.0,空头平仓 Call，回补信号，看涨,3.4695717924559646,CALL,0.0,464.0,17443616.0,9.180850526315789e-05,10M-50M,2027-12-17,375.94,370.025,lastPrice,mid,,969.5098876953124,937.0,987.9500122070312,994.7999877929688,967.1500244140624,375.94,0.0,0.0,2.0,0.007822421875,False,MU,375.94,0.02959259509492599,0.015985406391460094,0.034695717924559645,190000000000,1.5985406391460093,-464.0
MU261218C00750000,750.0,-563.0,-100.0,空头平仓 Call，回补信号，看涨,3.4695717924559646,CALL,0.0,563.0,17339274.000000004,9.125933684210528e-05,10M-50M,2026-12-18,307.98,306.04999999999995,lastPrice,mid,,969.5098876953124,937.0,987.9500122070312,994.7999877929688,967.1500244140624,307.98,0.0,0.0,13.0,1.0000000000000004e-05,True,MU,307.98,0.020584871752981578,0.0063061591243263,0.034695717924559645,190000000000,0.6306159124326299,-563.0
MSFT270115C00300000,300.0,-1654.0,-100.0,多头平仓 Call，减仓，看涨减弱,-1.5754888401150173,CALL,0.0,1654.0,17201600.0,3.5918980998120694e-06,10M-50M,2027-01-15,104.0,104.67500000000001,lastPrice,mid,,384.8299865722656,390.989990234375,382.5050048828125,385.6000061035156,378.6499938964844,104.0,0.0,0.0,11.0,1.0000000000000004e-05,True,MSFT,105.0,0.01958442799140193,-0.006448531167900753,-0.015754888401150174,4789000000000,-0.6448531167900753,-1654.0
MSFT280121P00410000,410.0,-2389.0,-100.0,空头平仓 Put，回补，看跌信号减弱,-1.5754888401150173,PUT,0.0,2389.0,17176910.0,3.5867425349759868e-06,10M-50M,2028-01-21,71.9,69.275,lastPrice,mid,,384.8299865722656,390.989990234375,382.5050048828125,385.6000061035156,378.6499938964844,71.9,0.0,0.0,337.0,1.0000000000000004e-05,True,MSFT,71.9,0.032479249368459036,0.03789245759653554,-0.015754888401150174,4789000000000,3.789245759653554,-2389.0
MU270115P00870000,870.0,-941.0,-100.0,多头平仓 Put，减仓，看跌减弱,3.4695717924559646,PUT,0.0,941.0,17149725.0,9.026171052631578e-05,10M-50M,2027-01-15,182.25,182.3,lastPrice,mid,,969.5098876953124,937.0,987.9500122070312,994.7999877929688,967.1500244140624,182.25,0.0,0.0,2.0,0.01563484375,False,MU,182.25,0.026330224904004294,-0.0002742731760834414,0.034695717924559645,190000000000,-0.02742731760834414,-941.0
MSFT281215C00390000,390.0,-1665.0,-100.0,多头平仓 Call，减仓，看涨减弱,-1.5754888401150173,CALL,0.0,1665.0,17149500.0,3.581019001879307e-06,10M-50M,2028-12-15,103.0,103.6,lastPrice,mid,,384.8299865722656,390.989990234375,382.5050048828125,385.6000061035156,378.6499938964844,103.0,0.0,0.0,57.0,1.0000000000000004e-05,True,MSFT,103.84,0.031853281853281824,-0.0057915057915057366,-0.015754888401150174,4789000000000,-0.5791505791505737,-1665.0
MU280121C00680000,680.0,-323.0,-100.0,空头平仓 Call，回补信号，看涨,3.4695717924559646,CALL,0.0,323.0,17142256.0,9.02224e-05,10M-50M,2028-01-21,530.72,485.125,lastPrice,mid,,969.5098876953124,937.0,987.9500122070312,994.7999877929688,967.1500244140624,530.72,0.0,0.0,10.0,1.0000000000000004e-05,True,MU,530.72,0.027312548312290647,0.0939860860602938,0.034695717924559645,190000000000,9.398608606029379,-323.0
MU271217C00740000,740.0,-370.0,-100.0,空头平仓 Call，回补信号，看涨,3.4695717924559646,CALL,0.0,370.0,17116200.0,9.008526315789474e-05,10M-50M,2027-12-17,462.6,450.525,lastPrice,mid,,969.5098876953124,937.0,987.9500122070312,994.7999877929688,967.1500244140624,462.6,0.0,0.0,9.0,1.0000000000000004e-05,True,MU,462.6,0.027412463237334147,0.026802064258365343,0.034695717924559645,190000000000,2.680206425836534,-370.0
MU271217C01020000,1020.0,-418.0,-100.0,空头平仓 Call，回补信号，看涨,3.4695717924559646,CALL,0.0,418.0,17069030.0,8.9837e-05,10M-50M,2027-12-17,408.35,355.325,lastPrice,mid,,969.5098876953124,937.0,987.9500122070312,994.7999877929688,967.1500244140624,408.35,0.0,0.0,3.0,0.01563484375,False,MU,408.35,0.030535425314852666,0.14922957855484426,0.034695717924559645,190000000000,14.922957855484425,-418.0
MU280121C00870000,870.0,-322.0,-100.0,空头平仓 Call，回补信号，看涨,3.4695717924559646,CALL,0.0,322.0,17066000.0,8.982105263157895e-05,10M-50M,2028-01-21,530.0,414.725,lastPrice,mid,,969.5098876953124,937.0,987.9500122070312,994.7999877929688,967.1500244140624,530.0,0.0,0.0,1.0,1.0000000000000004e-05,True,MU,530.0,0.022545059979504407,0.27795527156549515,0.034695717924559645,190000000000,27.795527156549515,-322.0
MU281215C01080000,1080.0,-379.0,-100.0,空头平仓 Call，回补信号，看涨,3.4695717924559646,CALL,0.0,379.0,17065233.0,8.981701578947369e-05,10M-50M,2028-12-15,450.27,450.0,lastPrice,mid,,969.5098876953124,937.0,987.9500122070312,994.7999877929688,967.1500244140624,450.27,0.0,0.0,1.0,0.01563484375,False,MU,450.27,0.035555555555555556,0.0005999999999999596,0.034695717924559645,190000000000,0.05999999999999596,-379.0
MU260717C00930000,930.0,-3794.0,-100.0,空头平仓 Call，回补信号，看涨,3.4695717924559646,CALL,0.0,3794.0,17050236.0,8.973808421052632e-05,10M-50M,2026-07-17,44.94,43.025000000000006,lastPrice,mid,,969.5098876953124,937.0,987.9500122070312,994.7999877929688,967.1500244140624,44.94,0.0,0.0,2649.0,1.0000000000000004e-05,True,MU,42.78,0.019755955839628154,0.044509006391632584,0.034695717924559645,190000000000,4.450900639163258,-3794.0
MU260918C00780000,780.0,-739.0,-100.0,空头平仓 Call，回补信号，看涨,3.4695717924559646,CALL,0.0,739.0,16997000.0,8.94578947368421e-05,10M-50M,2026-09-18,230.0,224.025,lastPrice,mid,,969.5098876953124,937.0,987.9500122070312,994.7999877929688,967.1500244140624,230.0,0.0,0.0,3.0,1.0000000000000004e-05,True,MU,230.0,0.03013056578506863,0.026671130454190353,0.034695717924559645,190000000000,2.6671130454190353,-739.0
MSFT261218P00460000,460.0,-1946.0,-100.0,空头平仓 Put，回补，看跌信号减弱,-1.5754888401150173,PUT,0.0,1946.0,16973012.0,3.544166214240969e-06,10M-50M,2026-12-18,87.22,81.475,lastPrice,mid,,384.8299865722656,390.989990234375,382.5050048828125,385.6000061035156,378.6499938964844,87.22,0.0,0.0,6.0,1.0000000000000004e-05,True,MSFT,87.22,0.02025161092359609,0.070512427124885,-0.015754888401150174,4789000000000,7.0512427124884995,-1946.0
MU281215P01150000,1150.0,-305.0,-100.0,多头平仓 Put，减仓，看跌减弱,3.4695717924559646,PUT,0.0,305.0,16866500.0,8.877105263157895e-05,10M-50M,2028-12-15,553.0,557.25,lastPrice,mid,,969.5098876953124,937.0,987.9500122070312,994.7999877929688,967.1500244140624,553.0,0.0,0.0,2.0,1.0000000000000004e-05,True,MU,548.35,0.03140421713772992,-0.00762673844773441,0.034695717924559645,190000000000,-0.762673844773441,-305.0
SNDK280121C01460000,1460.0,184.0,0.0,多头买 Call，看涨,4.7760757147038735,CALL,184.0,0.0,16854400.0,0.0021068,10M-50M,2028-01-21,916.0,826.36,mid,lastPrice,0.021834061135371178,1753.9200439453125,1673.969970703125,1807.0,1812.469970703125,1750.300048828125,826.36,906.0,926.0,1.0,1.128338403739929,True,SNDK,826.36,,0.10847572486567596,0.047760757147038736,8000000000,10.847572486567596,184.0
MU260821C00750000,750.0,-761.0,-100.0,空头平仓 Call，回补信号，看涨,3.4695717924559646,CALL,0.0,761.0,16847018.0,8.866851578947368e-05,10M-50M,2026-08-21,221.38,221.0,lastPrice,mid,,969.5098876953124,937.0,987.9500122070312,994.7999877929688,967.1500244140624,221.38,0.0,0.0,9.0,1.0000000000000004e-05,True,MU,221.38,0.0411764705882354,0.00171945701357464,0.034695717924559645,190000000000,0.171945701357464,-761.0
MRVL260918C00185000,185.0,-2929.0,-100.0,空头平仓 Call，回补信号，看涨,2.362892207278231,CALL,0.0,2929.0,16841750.0,0.00023391319444444444,10M-50M,2026-09-18,57.5,52.0,lastPrice,mid,,222.6699981689453,217.52999877929688,231.56500244140625,232.0,222.57000732421875,57.5,0.0,0.0,3.0,1.0000000000000004e-05,True,MRVL,57.5,0.055769230769230876,0.10576923076923077,0.02362892207278231,72000000000,10.576923076923077,-2929.0
MU261218C00670000,670.0,-343.0,-100.0,空头平仓 Call，回补信号，看涨,3.4695717924559646,CALL,0.0,343.0,16752806.0,8.817266315789474e-05,10M-50M,2026-12-18,488.42,351.0,lastPrice,mid,,969.5098876953124,937.0,987.9500122070312,994.7999877929688,967.1500244140624,488.42,0.0,0.0,1.0,1.0000000000000004e-05,True,MU,488.42,0.03105413105413099,0.3915099715099716,0.034695717924559645,190000000000,39.150997150997156,-343.0
MU270917C00750000,750.0,-353.0,-100.0,空头平仓 Call，回补信号，看涨,3.4695717924559646,CALL,0.0,353.0,16748085.0,8.814781578947369e-05,10M-50M,2027-09-17,474.45,417.2,lastPrice,mid,,969.5098876953124,937.0,987.9500122070312,994.7999877929688,967.1500244140624,474.45,0.0,0.0,1.0,1.0000000000000004e-05,True,MU,474.45,0.029002876318312616,0.13722435282837966,0.034695717924559645,190000000000,13.722435282837967,-353.0
MU270617P01000000,1000.0,-522.0,-100.0,多头平仓 Put，减仓，看跌减弱,3.4695717924559646,PUT,0.0,522.0,16719660.0,8.799821052631579e-05,10M-50M,2027-06-17,320.3,320.325,lastPrice,mid,,969.5098876953124,937.0,987.9500122070312,994.7999877929688,967.1500244140624,320.3,0.0,0.0,3.0,1.0000000000000004e-05,True,MU,320.3,0.02700382424100516,-7.804573480052216e-05,0.034695717924559645,190000000000,-0.007804573480052216,-522.0
MSFT281215P00400000,400.0,-2194.0,-100.0,空头平仓 Put，回补，看跌信号减弱,-1.5754888401150173,PUT,0.0,2194.0,16718280.000000002,3.490975151388599e-06,10M-50M,2028-12-15,76.2,76.2,lastPrice,mid,,384.8299865722656,390.989990234375,382.5050048828125,385.6000061035156,378.6499938964844,76.2,0.0,0.0,5.0,1.0000000000000004e-05,True,MSFT,76.2,0.03805774278215231,0.0,-0.015754888401150174,4789000000000,0.0,-2194.0
MU280121C00880000,880.0,-392.0,-100.0,空头平仓 Call，回补信号，看涨,3.4695717924559646,CALL,0.0,392.0,16675679.999999998,8.776673684210525e-05,10M-50M,2028-01-21,425.4,411.35,lastPrice,mid,,969.5098876953124,937.0,987.9500122070312,994.7999877929688,967.1500244140624,425.4,0.0,0.0,4.0,1.0000000000000004e-05,True,MU,425.4,0.024310198128114743,0.034155828370001105,0.034695717924559645,190000000000,3.4155828370001107,-392.0
MU280616P01060000,1060.0,-369.0,-100.0,多头平仓 Put，减仓，看跌减弱,3.4695717924559646,PUT,0.0,369.0,16667729.999999998,8.77248947368421e-05,10M-50M,2028-06-16,451.7,459.425,lastPrice,mid,,969.5098876953124,937.0,987.9500122070312,994.7999877929688,967.1500244140624,451.7,0.0,0.0,2.0,1.0000000000000004e-05,True,MU,451.7,0.028622734940414597,-0.016814496381346297,0.034695717924559645,190000000000,-1.6814496381346296,-369.0
MRVL260731P00240000,240.0,-5324.0,-100.0,多头平仓 Put，减仓，看跌减弱,2.362892207278231,PUT,0.0,5324.0,16664120.000000002,0.00023144611111111115,10M-50M,2026-07-31,31.3,32.0,lastPrice,mid,,222.6699981689453,217.52999877929688,231.56500244140625,232.0,222.57000732421875,31.3,0.0,0.0,36.0,1.0000000000000004e-05,True,MRVL,32.7,0.03125,-0.021874999999999978,0.02362892207278231,72000000000,-2.187499999999998,-5324.0
MSFT280121P00450000,450.0,-1751.0,-100.0,空头平仓 Put，回补，看跌信号减弱,-1.5754888401150173,PUT,0.0,1751.0,16634500.0,3.473480893714763e-06,10M-50M,2028-01-21,95.0,93.65,lastPrice,mid,,384.8299865722656,390.989990234375,382.5050048828125,385.6000061035156,378.6499938964844,95.0,0.0,0.0,10.0,1.0000000000000004e-05,True,MSFT,95.0,0.035237586759209794,0.014415376401494866,-0.015754888401150174,4789000000000,1.4415376401494866,-1751.0
MU260821C00910000,910.0,-1289.0,-100.0,空头平仓 Call，回补信号，看涨,3.4695717924559646,CALL,0.0,1289.0,16558494.0,8.714996842105263e-05,10M-50M,2026-08-21,128.46,123.425,lastPrice,mid,,969.5098876953124,937.0,987.9500122070312,994.7999877929688,967.1500244140624,128.46,0.0,0.0,73.0,1.0000000000000004e-05,True,MU,125.0,0.030382823577071096,0.040794004456147545,0.034695717924559645,190000000000,4.079400445614755,-1289.0
MRVL260918C00155000,155.0,-1825.0,-100.0,空头平仓 Call，回补信号，看涨,2.362892207278231,CALL,0.0,1825.0,16558225.0,0.0002299753472222222,10M-50M,2026-09-18,90.73,71.625,lastPrice,mid,,222.6699981689453,217.52999877929688,231.56500244140625,232.0,222.57000732421875,90.73,0.0,0.0,2.0,1.0000000000000004e-05,True,MRVL,90.73,0.04258289703315897,0.26673647469458994,0.02362892207278231,72000000000,26.673647469458995,-1825.0
MU280616C01200000,1200.0,-439.0,-100.0,空头平仓 Call，回补信号，看涨,3.4695717924559646,CALL,0.0,439.0,16404113.0,8.633743684210526e-05,10M-50M,2028-06-16,373.67,370.675,lastPrice,mid,,969.5098876953124,937.0,987.9500122070312,994.7999877929688,967.1500244140624,373.67,0.0,0.0,4.0,0.0312596875,False,MU,373.67,0.03601537735212793,0.008079854319821958,0.034695717924559645,190000000000,0.8079854319821957,-439.0
MU270917C00800000,800.0,-411.0,-100.0,空头平仓 Call，回补信号，看涨,3.4695717924559646,CALL,0.0,411.0,16293684.0,8.575623157894737e-05,10M-50M,2027-09-17,396.44,395.17499999999995,lastPrice,mid,,969.5098876953124,937.0,987.9500122070312,994.7999877929688,967.1500244140624,396.44,0.0,0.0,3.0,1.0000000000000004e-05,True,MU,396.44,0.021635984057695987,0.0032011134307586343,0.034695717924559645,190000000000,0.3201113430758634,-411.0
MU261120C01100000,1100.0,-1121.0,-100.0,空头平仓 Call，回补信号，看涨,3.4695717924559646,CALL,0.0,1121.0,16274678.0,8.56562e-05,10M-50M,2026-11-20,145.18,143.375,lastPrice,mid,,969.5098876953124,937.0,987.9500122070312,994.7999877929688,967.1500244140624,145.18,0.0,0.0,11.0,0.062509375,False,MU,142.0,0.03312990409764603,0.01258936355710554,0.034695717924559645,190000000000,1.258936355710554,-1121.0
MSFT270115C00360000,360.0,-2681.0,-100.0,多头平仓 Call，减仓，看涨减弱,-1.5754888401150173,CALL,0.0,2681.0,16220050.0,3.3869388181248693e-06,10M-50M,2027-01-15,60.5,61.25,lastPrice,mid,,384.8299865722656,390.989990234375,382.5050048828125,385.6000061035156,378.6499938964844,60.5,0.0,0.0,16.0,1.0000000000000004e-05,True,MSFT,61.1,0.026122448979591744,-0.012244897959183673,-0.015754888401150174,4789000000000,-1.2244897959183674,-2681.0
MU270617C00830000,830.0,-453.0,-100.0,空头平仓 Call，回补信号，看涨,3.4695717924559646,CALL,0.0,453.0,16081500.0,8.463947368421052e-05,10M-50M,2027-06-17,355.0,351.0,lastPrice,mid,,969.5098876953124,937.0,987.9500122070312,994.7999877929688,967.1500244140624,355.0,0.0,0.0,4.0,1.0000000000000004e-05,True,MU,355.0,0.027065527065527065,0.011396011396011397,0.034695717924559645,190000000000,1.1396011396011396,-453.0
MRVL260821C00240000,240.0,-9039.0,-100.0,空头平仓 Call，回补信号，看涨,2.362892207278231,CALL,0.0,9039.0,16080381.0,0.000223338625,10M-50M,2026-08-21,17.79,17.675,lastPrice,mid,,222.6699981689453,217.52999877929688,231.56500244140625,232.0,222.57000732421875,17.79,0.0,0.0,588.0,0.062509375,False,MRVL,17.63,0.03677510608203669,0.006506364922206418,0.02362892207278231,72000000000,0.6506364922206418,-9039.0
MSFT280121P00490000,490.0,-1169.0,-100.0,空头平仓 Put，回补，看跌信号减弱,-1.5754888401150173,PUT,0.0,1169.0,16074919.0,3.356633743996659e-06,10M-50M,2028-01-21,137.51,122.1,lastPrice,mid,,384.8299865722656,390.989990234375,382.5050048828125,385.6000061035156,378.6499938964844,137.51,0.0,0.0,2.0,1.0000000000000004e-05,True,MSFT,137.51,0.022113022113022136,0.12620802620802618,-0.015754888401150174,4789000000000,12.620802620802618,-1169.0
MU280616C01180000,1180.0,-420.0,-100.0,空头平仓 Call，回补信号，看涨,3.4695717924559646,CALL,0.0,420.0,16067940.0,8.45681052631579e-05,10M-50M,2028-06-16,382.57,375.0,lastPrice,mid,,969.5098876953124,937.0,987.9500122070312,994.7999877929688,967.1500244140624,382.57,0.0,0.0,71.0,0.0312596875,False,MU,382.57,0.048,0.020186666666666648,0.034695717924559645,190000000000,2.0186666666666646,-420.0
MSFT271217C00430000,430.0,-2627.0,-100.0,多头平仓 Call，减仓，看涨减弱,-1.5754888401150173,CALL,0.0,2627.0,16003684.0,3.341759031112967e-06,10M-50M,2027-12-17,60.92,61.175,lastPrice,mid,,384.8299865722656,390.989990234375,382.5050048828125,385.6000061035156,378.6499938964844,60.92,0.0,0.0,5.0,0.01563484375,False,MSFT,60.92,0.04168369431957506,-0.004168369431957425,-0.015754888401150174,4789000000000,-0.41683694319574244,-2627.0
MU270917C00940000,940.0,-453.0,-100.0,空头平仓 Call，回补信号，看涨,3.4695717924559646,CALL,0.0,453.0,15986369.999999998,8.413878947368421e-05,10M-50M,2027-09-17,352.9,346.67499999999995,lastPrice,mid,,969.5098876953124,937.0,987.9500122070312,994.7999877929688,967.1500244140624,352.9,0.0,0.0,3.0,0.000986552734375,False,MU,346.8,0.027547414725607594,0.01795629912742489,0.034695717924559645,190000000000,1.7956299127424888,-453.0
MSFT270115C00390000,390.0,-3599.0,-100.0,多头平仓 Call，减仓，看涨减弱,-1.5754888401150173,CALL,0.0,3599.0,15961565.0,3.332964084359992e-06,10M-50M,2027-01-15,44.35,44.975,lastPrice,mid,,384.8299865722656,390.989990234375,382.5050048828125,385.6000061035156,378.6499938964844,44.35,0.0,0.0,171.0,1.0000000000000004e-05,True,MSFT,45.59,0.016675931072818232,-0.013896609227348526,-0.015754888401150174,4789000000000,-1.3896609227348526,-3599.0
MU260821C00730000,730.0,-657.0,-100.0,空头平仓 Call，回补信号，看涨,3.4695717924559646,CALL,0.0,657.0,15899400.0,8.368105263157895e-05,10M-50M,2026-08-21,242.0,236.0,lastPrice,mid,,969.5098876953124,937.0,987.9500122070312,994.7999877929688,967.1500244140624,242.0,0.0,0.0,11.0,1.0000000000000004e-05,True,MU,240.0,0.03728813559322039,0.025423728813559324,0.034695717924559645,190000000000,2.5423728813559325,-657.0
MU270617C00950000,950.0,-516.0,-100.0,空头平仓 Call，回补信号，看涨,3.4695717924559646,CALL,0.0,516.0,15827268.000000002,8.33014105263158e-05,10M-50M,2027-06-17,306.73,305.32500000000005,lastPrice,mid,,969.5098876953124,937.0,987.9500122070312,994.7999877929688,967.1500244140624,306.73,0.0,0.0,18.0,0.0039162109375,False,MU,306.73,0.026365348399246737,0.004601653975272161,0.034695717924559645,190000000000,0.4601653975272161,-516.0
MSFT261218C00430000,430.0,-6020.0,-100.0,多头平仓 Call，减仓，看涨减弱,-1.5754888401150173,CALL,0.0,6020.0,15802500.0,3.2997494257673834e-06,10M-50M,2026-12-18,26.25,26.325,lastPrice,mid,,384.8299865722656,390.989990234375,382.5050048828125,385.6000061035156,378.6499938964844,26.25,0.0,0.0,69.0,0.0312596875,False,MSFT,26.35,0.03228869895536568,-0.0028490028490028223,-0.015754888401150174,4789000000000,-0.28490028490028224,-6020.0
MU271217C00690000,690.0,-330.0,-100.0,空头平仓 Call，回补信号，看涨,3.4695717924559646,CALL,0.0,330.0,15774000.0,8.302105263157895e-05,10M-50M,2027-12-17,478.0,471.175,lastPrice,mid,,969.5098876953124,937.0,987.9500122070312,994.7999877929688,967.1500244140624,478.0,0.0,0.0,1.0,1.0000000000000004e-05,True,MU,478.0,0.02621106807449466,0.014485063935904895,0.034695717924559645,190000000000,1.4485063935904894,-330.0
MU281215C00960000,960.0,-321.0,-100.0,空头平仓 Call，回补信号，看涨,3.4695717924559646,CALL,0.0,321.0,15765273.000000002,8.29751210526316e-05,10M-50M,2028-12-15,491.13,479.0,lastPrice,mid,,969.5098876953124,937.0,987.9500122070312,994.7999877929688,967.1500244140624,491.13,0.0,0.0,3.0,0.0039162109375,False,MU,491.13,0.029227557411273485,0.02532359081419623,0.034695717924559645,190000000000,2.532359081419623,-321.0
MSFT280121P00360000,360.0,-3511.0,-100.0,空头平仓 Put，回补，看跌信号减弱,-1.5754888401150173,PUT,0.0,3511.0,15708214.000000002,3.2800613906869912e-06,10M-50M,2028-01-21,44.74,43.625,lastPrice,mid,,384.8299865722656,390.989990234375,382.5050048828125,385.6000061035156,378.6499938964844,44.74,0.0,0.0,1.0,0.01563484375,False,MSFT,44.74,0.06074498567335256,0.02555873925501437,-0.015754888401150174,4789000000000,2.5558739255014373,-3511.0
MSFT270115C00440000,440.0,-6123.0,-100.0,多头平仓 Call，减仓，看涨减弱,-1.5754888401150173,CALL,0.0,6123.0,15674880.000000002,3.2731008561286285e-06,10M-50M,2027-01-15,25.6,25.975,lastPrice,mid,,384.8299865722656,390.989990234375,382.5050048828125,385.6000061035156,378.6499938964844,25.6,0.0,0.0,150.0,0.0312596875,False,MSFT,26.55,0.05197305101058702,-0.014436958614051972,-0.015754888401150174,4789000000000,-1.4436958614051971,-6123.0
MSFT270617C00340000,340.0,-1777.0,-100.0,多头平仓 Call，减仓，看涨减弱,-1.5754888401150173,CALL,0.0,1777.0,15607391.0,3.2590083524744205e-06,10M-50M,2027-06-17,87.83,88.3,lastPrice,mid,,384.8299865722656,390.989990234375,382.5050048828125,385.6000061035156,378.6499938964844,87.83,0.0,0.0,264.0,1.0000000000000004e-05,True,MSFT,89.85,0.03397508493771235,-0.005322763306908254,-0.015754888401150174,4789000000000,-0.5322763306908255,-1777.0
MU260821C01050000,1050.0,-2114.0,-100.0,空头平仓 Call，回补信号，看涨,3.4695717924559646,CALL,0.0,2114.0,15580180.000000002,8.200094736842106e-05,10M-50M,2026-08-21,73.7,69.6,lastPrice,mid,,969.5098876953124,937.0,987.9500122070312,994.7999877929688,967.1500244140624,73.7,0.0,0.0,734.0,0.062509375,False,MU,67.8,0.04022988505747123,0.058908045977011624,0.034695717924559645,190000000000,5.8908045977011625,-2114.0
MU260717P00880000,880.0,-8502.0,-100.0,多头平仓 Put，减仓，看跌减弱,3.4695717924559646,PUT,0.0,8502.0,15558660.0,8.188768421052631e-05,10M-50M,2026-07-17,18.3,19.95,lastPrice,mid,,969.5098876953124,937.0,987.9500122070312,994.7999877929688,967.1500244140624,18.3,0.0,0.0,2061.0,0.12500875,False,MU,20.45,0.050125313283208024,-0.08270676691729316,0.034695717924559645,190000000000,-8.270676691729316,-8502.0
MSFT270115C00380000,380.0,-3143.0,-100.0,多头平仓 Call，减仓，看涨减弱,-1.5754888401150173,CALL,0.0,3143.0,15538991.999999998,3.2447258300271452e-06,10M-50M,2027-01-15,49.44,49.474999999999994,lastPrice,mid,,384.8299865722656,390.989990234375,382.5050048828125,385.6000061035156,378.6499938964844,49.44,0.0,0.0,111.0,1.0000000000000004e-05,True,MSFT,49.42,0.013137948458817557,-0.0007074279939362627,-0.015754888401150174,4789000000000,-0.07074279939362627,-3143.0
MU260717P00950000,950.0,-3452.0,-100.0,多头平仓 Put，减仓，看跌减弱,3.4695717924559646,PUT,0.0,3452.0,15534000.0,8.175789473684211e-05,10M-50M,2026-07-17,45.0,50.099999999999994,lastPrice,mid,,969.5098876953124,937.0,987.9500122070312,994.7999877929688,967.1500244140624,45.0,0.0,0.0,1191.0,1.0000000000000004e-05,True,MU,49.9,0.02195608782435133,-0.10179640718562864,0.034695717924559645,190000000000,-10.179640718562863,-3452.0
MU271217C01130000,1130.0,-474.0,-100.0,空头平仓 Call，回补信号，看涨,3.4695717924559646,CALL,0.0,474.0,15487476.0,8.151303157894737e-05,10M-50M,2027-12-17,326.74,325.2,lastPrice,mid,,969.5098876953124,937.0,987.9500122070312,994.7999877929688,967.1500244140624,326.74,0.0,0.0,2.0,0.0312596875,False,MU,326.74,0.03351783517835172,0.004735547355473618,0.034695717924559645,190000000000,0.4735547355473618,-474.0
MU261120P00740000,740.0,-1698.0,-100.0,多头平仓 Put，减仓，看跌减弱,3.4695717924559646,PUT,0.0,1698.0,15475572.0,8.145037894736843e-05,10M-50M,2026-11-20,91.14,92.225,lastPrice,mid,,969.5098876953124,937.0,987.9500122070312,994.7999877929688,967.1500244140624,91.14,0.0,0.0,227.0,0.062509375,False,MU,92.4,0.030902683654106897,-0.011764705882352873,0.034695717924559645,190000000000,-1.1764705882352873,-1698.0
MU271217C01040000,1040.0,-362.0,-100.0,空头平仓 Call，回补信号，看涨,3.4695717924559646,CALL,0.0,362.0,15412874.0,8.112038947368422e-05,10M-50M,2027-12-17,425.77,349.5,lastPrice,mid,,969.5098876953124,937.0,987.9500122070312,994.7999877929688,967.1500244140624,425.77,0.0,0.0,1.0,0.01563484375,False,MU,425.77,0.030329041487839836,0.21822603719599423,0.034695717924559645,190000000000,21.822603719599424,-362.0
MU260821C00670000,670.0,-274.0,-100.0,空头平仓 Call，回补信号，看涨,3.4695717924559646,CALL,0.0,274.0,15335231.999999998,8.071174736842104e-05,10M-50M,2026-08-21,559.68,283.875,lastPrice,mid,,969.5098876953124,937.0,987.9500122070312,994.7999877929688,967.1500244140624,559.68,0.0,0.0,23.0,1.0000000000000004e-05,True,MU,559.68,0.033993835314839196,0.971571994715984,0.034695717924559645,190000000000,97.1571994715984,-274.0
MU280121C00940000,940.0,-381.0,-100.0,空头平仓 Call，回补信号，看涨,3.4695717924559646,CALL,0.0,381.0,15325725.0,8.06617105263158e-05,10M-50M,2028-01-21,402.25,391.35,lastPrice,mid,,969.5098876953124,937.0,987.9500122070312,994.7999877929688,967.1500244140624,402.25,0.0,0.0,3.0,0.0004982763671875,False,MU,395.2,0.022230739747029483,0.027852306119841515,0.034695717924559645,190000000000,2.7852306119841517,-381.0
MSFT281215C00380000,380.0,-1430.0,-100.0,多头平仓 Call，减仓，看涨减弱,-1.5754888401150173,CALL,0.0,1430.0,15308150.0,3.196523282522447e-06,10M-50M,2028-12-15,107.05,107.75,lastPrice,mid,,384.8299865722656,390.989990234375,382.5050048828125,385.6000061035156,378.6499938964844,107.05,0.0,0.0,11.0,1.0000000000000004e-05,True,MSFT,107.05,0.03248259860788863,-0.0064965197215777525,-0.015754888401150174,4789000000000,-0.6496519721577753,-1430.0
MU261016C00950000,950.0,-893.0,-100.0,空头平仓 Call，回补信号，看涨,3.4695717924559646,CALL,0.0,893.0,15256904.999999998,8.029949999999999e-05,10M-50M,2026-10-16,170.85,166.85,lastPrice,mid,,969.5098876953124,937.0,987.9500122070312,994.7999877929688,967.1500244140624,170.85,0.0,0.0,62.0,0.007822421875,False,MU,165.93,0.025771651183698,0.0239736290080911,0.034695717924559645,190000000000,2.39736290080911,-893.0
MRVL260918P00240000,240.0,-3172.0,-100.0,多头平仓 Put，减仓，看跌减弱,2.362892207278231,PUT,0.0,3172.0,15225600.0,0.00021146666666666667,10M-50M,2026-09-18,48.0,48.6,lastPrice,mid,,222.6699981689453,217.52999877929688,231.56500244140625,232.0,222.57000732421875,48.0,0.0,0.0,94.0,1.0000000000000004e-05,True,MRVL,48.0,0.04732510288065837,-0.012345679012345708,0.02362892207278231,72000000000,-1.2345679012345707,-3172.0
MRVL260918C00250000,250.0,-6202.0,-100.0,空头平仓 Call，回补信号，看涨,2.362892207278231,CALL,0.0,6202.0,15194900.0,0.0002110402777777778,10M-50M,2026-09-18,24.5,24.275,lastPrice,mid,,222.6699981689453,217.52999877929688,231.56500244140625,232.0,222.57000732421875,24.5,0.0,0.0,248.0,0.062509375,False,MRVL,24.1,0.0803295571575695,0.009268795056642696,0.02362892207278231,72000000000,0.9268795056642696,-6202.0
MU280121C00670000,670.0,-301.0,-100.0,空头平仓 Call，回补信号，看涨,3.4695717924559646,CALL,0.0,301.0,15169798.000000002,7.984104210526316e-05,10M-50M,2028-01-21,503.98,489.95,lastPrice,mid,,969.5098876953124,937.0,987.9500122070312,994.7999877929688,967.1500244140624,503.98,0.0,0.0,1.0,1.0000000000000004e-05,True,MU,503.98,0.02428819267272166,0.02863557505867952,0.034695717924559645,190000000000,2.863557505867952,-301.0
MU261218C00850000,850.0,-594.0,-100.0,空头平仓 Call，回补信号，看涨,3.4695717924559646,CALL,0.0,594.0,15147000.0,7.972105263157895e-05,10M-50M,2026-12-18,255.0,253.45,lastPrice,mid,,969.5098876953124,937.0,987.9500122070312,994.7999877929688,967.1500244140624,255.0,0.0,0.0,2.0,1.0000000000000004e-05,True,MU,255.0,0.03787729335174589,0.006115604655750687,0.034695717924559645,190000000000,0.6115604655750686,-594.0
MU280121C01210000,1210.0,-448.0,-100.0,空头平仓 Call，回补信号，看涨,3.4695717924559646,CALL,0.0,448.0,14980224.0,7.884328421052632e-05,10M-50M,2028-01-21,334.38,318.325,lastPrice,mid,,969.5098876953124,937.0,987.9500122070312,994.7999877929688,967.1500244140624,334.38,0.0,0.0,4.0,0.0312596875,False,MU,334.38,0.027801774915573778,0.050435875284693336,0.034695717924559645,190000000000,5.043587528469334,-448.0
MU260717P01150000,1150.0,-701.0,-100.0,多头平仓 Put，减仓，看跌减弱,3.4695717924559646,PUT,0.0,701.0,14934805.000000002,7.860423684210528e-05,10M-50M,2026-07-17,213.05,220.65,lastPrice,mid,,969.5098876953124,937.0,987.9500122070312,994.7999877929688,967.1500244140624,213.05,0.0,0.0,329.0,1.0000000000000004e-05,True,MU,219.61,0.044414230682075735,-0.0344436891003852,0.034695717924559645,190000000000,-3.44436891003852,-701.0
MU261218C00770000,770.0,-502.0,-100.0,空头平仓 Call，回补信号，看涨,3.4695717924559646,CALL,0.0,502.0,14923958.000000002,7.854714736842106e-05,10M-50M,2026-12-18,297.29,295.35,lastPrice,mid,,969.5098876953124,937.0,987.9500122070312,994.7999877929688,967.1500244140624,297.29,0.0,0.0,6.0,1.0000000000000004e-05,True,MU,297.29,0.025055019468427402,0.006568478076857957,0.034695717924559645,190000000000,0.6568478076857956,-502.0
MRVL270617P00270000,270.0,-1456.0,-100.0,多头平仓 Put，减仓，看跌减弱,2.362892207278231,PUT,0.0,1456.0,14919632.0,0.0002072171111111111,10M-50M,2027-06-17,102.47,102.7,lastPrice,mid,,222.6699981689453,217.52999877929688,231.56500244140625,232.0,222.57000732421875,102.47,0.0,0.0,1.0,1.0000000000000004e-05,True,MRVL,102.47,0.030185004868549116,-0.0022395326192794934,0.02362892207278231,72000000000,-0.22395326192794934,-1456.0
MU270115P01050000,1050.0,-539.0,-100.0,多头平仓 Put，减仓，看跌减弱,3.4695717924559646,PUT,0.0,539.0,14809025.0,7.794223684210526e-05,10M-50M,2027-01-15,274.75,291.225,lastPrice,mid,,969.5098876953124,937.0,987.9500122070312,994.7999877929688,967.1500244140624,274.75,0.0,0.0,16.0,1.0000000000000004e-05,True,MU,274.75,0.013906773113572019,-0.056571379517555226,0.034695717924559645,190000000000,-5.657137951755523,-539.0
LITE280121C00850000,850.0,-421.0,-100.0,空头平仓 Call，回补信号，看涨,7.024012802166325,CALL,0.0,421.0,14735000.0,0.0013395454545454546,10M-50M,2028-01-21,350.0,330.0,lastPrice,mid,,822.10498046875,768.1500244140625,818.4099731445312,839.8800048828125,815.0,350.0,0.0,0.0,3.0,0.01563484375,False,LITE,350.0,0.048484848484848485,0.06060606060606061,0.07024012802166325,11000000000,6.0606060606060606,-421.0
MU280616C00800000,800.0,-304.0,-100.0,空头平仓 Call，回补信号，看涨,3.4695717924559646,CALL,0.0,304.0,14706607.999999998,7.740319999999999e-05,10M-50M,2028-06-16,483.77,481.05,lastPrice,mid,,969.5098876953124,937.0,987.9500122070312,994.7999877929688,967.1500244140624,483.77,0.0,0.0,6.0,1.0000000000000004e-05,True,MU,483.77,0.02931088244465237,0.00565429789003216,0.034695717924559645,190000000000,0.5654297890032159,-304.0
MU280121C01140000,1140.0,-430.0,-100.0,空头平仓 Call，回补信号，看涨,3.4695717924559646,CALL,0.0,430.0,14609679.999999998,7.689305263157894e-05,10M-50M,2028-01-21,339.76,335.1,lastPrice,mid,,969.5098876953124,937.0,987.9500122070312,994.7999877929688,967.1500244140624,339.76,0.0,0.0,3.0,0.0312596875,False,MU,339.76,0.028051327961802548,0.013906296627872182,0.034695717924559645,190000000000,1.3906296627872181,-430.0
MSFT260918P00430000,430.0,-2902.0,-100.0,空头平仓 Put，回补，看跌信号减弱,-1.5754888401150173,PUT,0.0,2902.0,14576746.0,3.0437974524953017e-06,10M-50M,2026-09-18,50.23,49.775,lastPrice,mid,,384.8299865722656,390.989990234375,382.5050048828125,385.6000061035156,378.6499938964844,50.23,0.0,0.0,8.0,1.0000000000000004e-05,True,MSFT,50.23,0.039176293319939784,0.009141135107985903,-0.015754888401150174,4789000000000,0.9141135107985903,-2902.0
MU271217P00900000,900.0,-474.0,-100.0,多头平仓 Put，减仓，看跌减弱,3.4695717924559646,PUT,0.0,474.0,14535684.000000002,7.650360000000001e-05,10M-50M,2027-12-17,306.66,310.475,lastPrice,mid,,969.5098876953124,937.0,987.9500122070312,994.7999877929688,967.1500244140624,306.66,0.0,0.0,3.0,0.007822421875,False,MU,306.66,0.0359127143892424,-0.012287623802238497,0.034695717924559645,190000000000,-1.2287623802238496,-474.0
MU261120C00810000,810.0,-524.0,-100.0,空头平仓 Call，回补信号，看涨,3.4695717924559646,CALL,0.0,524.0,14381703.999999998,7.56931789473684e-05,10M-50M,2026-11-20,274.46,256.45,lastPrice,mid,,969.5098876953124,937.0,987.9500122070312,994.7999877929688,967.1500244140624,274.46,0.0,0.0,1.0,1.0000000000000004e-05,True,MU,274.46,0.03899395593682979,0.07022811464223042,0.034695717924559645,190000000000,7.022811464223041,-524.0
MU270917C00890000,890.0,-325.0,-100.0,空头平仓 Call，回补信号，看涨,3.4695717924559646,CALL,0.0,325.0,14358175.0,7.556934210526315e-05,10M-50M,2027-09-17,441.79,363.775,lastPrice,mid,,969.5098876953124,937.0,987.9500122070312,994.7999877929688,967.1500244140624,441.79,0.0,0.0,1.0,1.0000000000000004e-05,True,MU,441.79,0.027352072022541377,0.21445948732045922,0.034695717924559645,190000000000,21.44594873204592,-325.0
MU261016P00950000,950.0,-828.0,-100.0,多头平仓 Put，减仓，看跌减弱,3.4695717924559646,PUT,0.0,828.0,14283000.0,7.517368421052631e-05,10M-50M,2026-10-16,172.5,175.025,lastPrice,mid,,969.5098876953124,937.0,987.9500122070312,994.7999877929688,967.1500244140624,172.5,0.0,0.0,141.0,1.0000000000000004e-05,True,MU,174.75,0.01971146979002993,-0.014426510498500246,0.034695717924559645,190000000000,-1.4426510498500247,-828.0
MU270319C01010000,1010.0,-585.0,-100.0,空头平仓 Call，回补信号，看涨,3.4695717924559646,CALL,0.0,585.0,14276925.0,7.51417105263158e-05,10M-50M,2027-03-19,244.05,241.325,lastPrice,mid,,969.5098876953124,937.0,987.9500122070312,994.7999877929688,967.1500244140624,244.05,0.0,0.0,2.0,0.01563484375,False,MU,268.0,0.04413135812700717,0.011291826375220233,0.034695717924559645,190000000000,1.1291826375220233,-585.0
MU270115C00670000,670.0,-350.0,-100.0,空头平仓 Call，回补信号，看涨,3.4695717924559646,CALL,0.0,350.0,14257250.0,7.503815789473685e-05,10M-50M,2027-01-15,407.35,364.55,lastPrice,mid,,969.5098876953124,937.0,987.9500122070312,994.7999877929688,967.1500244140624,407.35,0.0,0.0,1.0,1.0000000000000004e-05,True,MU,407.35,0.03428884926621863,0.1174050198875326,0.034695717924559645,190000000000,11.74050198875326,-350.0
MU271217C00720000,720.0,-301.0,-100.0,空头平仓 Call，回补信号，看涨,3.4695717924559646,CALL,0.0,301.0,14240912.0,7.495216842105263e-05,10M-50M,2027-12-17,473.12,458.625,lastPrice,mid,,969.5098876953124,937.0,987.9500122070312,994.7999877929688,967.1500244140624,473.12,0.0,0.0,3.0,1.0000000000000004e-05,True,MU,473.12,0.026928318342872768,0.031605342055055885,0.034695717924559645,190000000000,3.1605342055055887,-301.0
MU260918P00850000,850.0,-1501.0,-100.0,多头平仓 Put，减仓，看跌减弱,3.4695717924559646,PUT,0.0,1501.0,14196457.999999998,7.471819999999999e-05,10M-50M,2026-09-18,94.58,96.05000000000001,lastPrice,mid,,969.5098876953124,937.0,987.9500122070312,994.7999877929688,967.1500244140624,94.58,0.0,0.0,90.0,0.062509375,False,MU,95.98,0.0229047371160854,-0.015304528891202634,0.034695717924559645,190000000000,-1.5304528891202633,-1501.0
MSFT270319P00350000,350.0,-5441.0,-100.0,空头平仓 Put，回补，看跌信号减弱,-1.5754888401150173,PUT,0.0,5441.0,14162923.000000002,2.9573863019419506e-06,10M-50M,2027-03-19,26.03,24.675,lastPrice,mid,,384.8299865722656,390.989990234375,382.5050048828125,385.6000061035156,378.6499938964844,26.03,0.0,0.0,3.0,0.0312596875,False,MSFT,26.03,0.030395136778115502,0.05491388044579536,-0.015754888401150174,4789000000000,5.491388044579535,-5441.0
MSFT260918P00370000,370.0,-8903.0,-100.0,空头平仓 Put，回补，看跌信号减弱,-1.5754888401150173,PUT,0.0,8903.0,14146867.000000002,2.954033618709543e-06,10M-50M,2026-09-18,15.89,15.85,lastPrice,mid,,384.8299865722656,390.989990234375,382.5050048828125,385.6000061035156,378.6499938964844,15.89,0.0,0.0,84.0,0.0312596875,False,MSFT,15.9,0.01261829652996841,0.002523659305993749,-0.015754888401150174,4789000000000,0.2523659305993749,-8903.0
MSFT261218P00470000,470.0,-1498.0,-100.0,空头平仓 Put，回补，看跌信号减弱,-1.5754888401150173,PUT,0.0,1498.0,14097678.0,2.9437623721027353e-06,10M-50M,2026-12-18,94.11,89.025,lastPrice,mid,,384.8299865722656,390.989990234375,382.5050048828125,385.6000061035156,378.6499938964844,94.11,0.0,0.0,21.0,1.0000000000000004e-05,True,MSFT,94.11,0.02752035944959284,0.05711878685762419,-0.015754888401150174,4789000000000,5.711878685762419,-1498.0
MU261218C00710000,710.0,-424.0,-100.0,空头平仓 Call，回补信号，看涨,3.4695717924559646,CALL,0.0,424.0,13946208.000000002,7.340109473684212e-05,10M-50M,2026-12-18,328.92,326.775,lastPrice,mid,,969.5098876953124,937.0,987.9500122070312,994.7999877929688,967.1500244140624,328.92,0.0,0.0,6.0,1.0000000000000004e-05,True,MU,328.92,0.034427358274041774,0.00656414964425075,0.034695717924559645,190000000000,0.656414964425075,-424.0
MU261218C00680000,680.0,-394.0,-100.0,空头平仓 Call，回补信号，看涨,3.4695717924559646,CALL,0.0,394.0,13911351.999999998,7.321764210526315e-05,10M-50M,2026-12-18,353.08,344.725,lastPrice,mid,,969.5098876953124,937.0,987.9500122070312,994.7999877929688,967.1500244140624,353.08,0.0,0.0,1.0,1.0000000000000004e-05,True,MU,353.08,0.032344622525201344,0.024236710421350238,0.034695717924559645,190000000000,2.4236710421350236,-394.0
MU260918P00750000,750.0,-2473.0,-100.0,多头平仓 Put，减仓，看跌减弱,3.4695717924559646,PUT,0.0,2473.0,13848800.0,7.288842105263157e-05,10M-50M,2026-09-18,56.0,57.1,lastPrice,mid,,969.5098876953124,937.0,987.9500122070312,994.7999877929688,967.1500244140624,56.0,0.0,0.0,800.0,0.12500875,False,MU,57.15,0.03502626970227671,-0.019264448336252214,0.034695717924559645,190000000000,-1.9264448336252213,-2473.0
MU281215C00880000,880.0,-269.0,-100.0,空头平仓 Call，回补信号，看涨,3.4695717924559646,CALL,0.0,269.0,13822565.0,7.275034210526315e-05,10M-50M,2028-12-15,513.85,501.0,lastPrice,mid,,969.5098876953124,937.0,987.9500122070312,994.7999877929688,967.1500244140624,513.85,0.0,0.0,2.0,1.0000000000000004e-05,True,MU,513.85,0.027944111776447105,0.025648702594810426,0.034695717924559645,190000000000,2.5648702594810424,-269.0
MU261120C00820000,820.0,-543.0,-100.0,空头平仓 Call，回补信号，看涨,3.4695717924559646,CALL,0.0,543.0,13806318.0,7.266483157894737e-05,10M-50M,2026-11-20,254.26,252.875,lastPrice,mid,,969.5098876953124,937.0,987.9500122070312,994.7999877929688,967.1500244140624,254.26,0.0,0.0,2.0,1.0000000000000004e-05,True,MU,254.26,0.024715768660405337,0.005477014335145787,0.034695717924559645,190000000000,0.5477014335145787,-543.0
MU270319C00660000,660.0,-296.0,-100.0,空头平仓 Call，回补信号，看涨,3.4695717924559646,CALL,0.0,296.0,13750680.000000002,7.2372e-05,10M-50M,2027-03-19,464.55,395.95,lastPrice,mid,,969.5098876953124,937.0,987.9500122070312,994.7999877929688,967.1500244140624,464.55,0.0,0.0,1.0,1.0000000000000004e-05,True,MU,464.55,0.028791514080060556,0.17325419876247006,0.034695717924559645,190000000000,17.325419876247004,-296.0
MU260918P00700000,700.0,-3262.0,-100.0,多头平仓 Put，减仓，看跌减弱,3.4695717924559646,PUT,0.0,3262.0,13700400.0,7.210736842105264e-05,10M-50M,2026-09-18,42.0,42.224999999999994,lastPrice,mid,,969.5098876953124,937.0,987.9500122070312,994.7999877929688,967.1500244140624,42.0,0.0,0.0,158.0,0.12500875,False,MU,42.38,0.04381290704558915,-0.005328596802841784,0.034695717924559645,190000000000,-0.5328596802841784,-3262.0
MU260821C00820000,820.0,-787.0,-100.0,空头平仓 Call，回补信号，看涨,3.4695717924559646,CALL,0.0,787.0,13678060.0,7.198978947368421e-05,10M-50M,2026-08-21,173.8,173.3,lastPrice,mid,,969.5098876953124,937.0,987.9500122070312,994.7999877929688,967.1500244140624,173.8,0.0,0.0,34.0,1.0000000000000004e-05,True,MU,173.8,0.037507212925562604,0.0028851702250432773,0.034695717924559645,190000000000,0.2885170225043277,-787.0
MU280616C00790000,790.0,-237.0,-100.0,空头平仓 Call，回补信号，看涨,3.4695717924559646,CALL,0.0,237.0,13671819.0,7.195694210526316e-05,10M-50M,2028-06-16,576.87,484.25,lastPrice,mid,,969.5098876953124,937.0,987.9500122070312,994.7999877929688,967.1500244140624,576.87,0.0,0.0,10.0,1.0000000000000004e-05,True,MU,576.87,0.034073309241094474,0.19126484254001033,0.034695717924559645,190000000000,19.126484254001035,-237.0
MRVL260821P00220000,220.0,-5341.0,-100.0,多头平仓 Put，减仓，看跌减弱,2.362892207278231,PUT,0.0,5341.0,13667619.0,0.00018982804166666666,10M-50M,2026-08-21,25.59,26.675,lastPrice,mid,,222.6699981689453,217.52999877929688,231.56500244140625,232.0,222.57000732421875,25.59,0.0,0.0,525.0,1.0000000000000004e-05,True,MRVL,27.15,0.046860356138706656,-0.04067478912839741,0.02362892207278231,72000000000,-4.067478912839741,-5341.0
MU271217C01070000,1070.0,-378.0,-100.0,空头平仓 Call，回补信号，看涨,3.4695717924559646,CALL,0.0,378.0,13625766.0,7.171455789473685e-05,10M-50M,2027-12-17,360.47,341.175,lastPrice,mid,,969.5098876953124,937.0,987.9500122070312,994.7999877929688,967.1500244140624,360.47,0.0,0.0,4.0,0.01563484375,False,MU,360.47,0.03004323294496959,0.056554554114457437,0.034695717924559645,190000000000,5.655455411445744,-378.0
MU261218P00750000,750.0,-1264.0,-100.0,多头平仓 Put，减仓，看跌减弱,3.4695717924559646,PUT,0.0,1264.0,13623392.000000002,7.170206315789475e-05,10M-50M,2026-12-18,107.78,109.1,lastPrice,mid,,969.5098876953124,937.0,987.9500122070312,994.7999877929688,967.1500244140624,107.78,0.0,0.0,47.0,0.062509375,False,MU,110.07,0.02566452795600364,-0.01209899175068738,0.034695717924559645,190000000000,-1.209899175068738,-1264.0
MRVL261218C00160000,160.0,-1403.0,-100.0,空头平仓 Call，回补信号，看涨,2.362892207278231,CALL,0.0,1403.0,13614712.0,0.00018909322222222222,10M-50M,2026-12-18,97.04,80.5,lastPrice,mid,,222.6699981689453,217.52999877929688,231.56500244140625,232.0,222.57000732421875,97.04,0.0,0.0,1.0,1.0000000000000004e-05,True,MRVL,97.04,0.03602484472049697,0.20546583850931685,0.02362892207278231,72000000000,20.546583850931686,-1403.0
MSFT261016P00410000,410.0,-3439.0,-100.0,空头平仓 Put，回补，看跌信号减弱,-1.5754888401150173,PUT,0.0,3439.0,13584050.0,2.8365107538108166e-06,10M-50M,2026-10-16,39.5,39.25,lastPrice,mid,,384.8299865722656,390.989990234375,382.5050048828125,385.6000061035156,378.6499938964844,39.5,0.0,0.0,19.0,1.0000000000000004e-05,True,MSFT,38.5,0.0433121019108281,0.006369426751592357,-0.015754888401150174,4789000000000,0.6369426751592357,-3439.0
MU281215C01150000,1150.0,-309.0,-100.0,空头平仓 Call，回补信号，看涨,3.4695717924559646,CALL,0.0,309.0,13570662.0,7.142453684210526e-05,10M-50M,2028-12-15,439.18,435.0,lastPrice,mid,,969.5098876953124,937.0,987.9500122070312,994.7999877929688,967.1500244140624,439.18,0.0,0.0,3.0,0.0312596875,False,MU,439.18,0.03218390804597701,0.009609195402298867,0.034695717924559645,190000000000,0.9609195402298867,-309.0
MSFT280616C00470000,470.0,-2241.0,-100.0,多头平仓 Call，减仓，看涨减弱,-1.5754888401150173,CALL,0.0,2241.0,13558050.0,2.831081645437461e-06,10M-50M,2028-06-16,60.5,61.95,lastPrice,mid,,384.8299865722656,390.989990234375,382.5050048828125,385.6000061035156,378.6499938964844,60.5,0.0,0.0,90.0,0.0312596875,False,MSFT,60.5,0.04196933010492335,-0.023405972558514978,-0.015754888401150174,4789000000000,-2.3405972558514976,-2241.0
MU261016P00840000,840.0,-1183.0,-100.0,多头平仓 Put，减仓，看跌减弱,3.4695717924559646,PUT,0.0,1183.0,13545350.0,7.129131578947368e-05,10M-50M,2026-10-16,114.5,115.6,lastPrice,mid,,969.5098876953124,937.0,987.9500122070312,994.7999877929688,967.1500244140624,114.5,0.0,0.0,16.0,0.0312596875,False,MU,116.75,0.04065743944636681,-0.009515570934256007,0.034695717924559645,190000000000,-0.9515570934256007,-1183.0
MU270319C01080000,1080.0,-469.0,-100.0,空头平仓 Call，回补信号，看涨,3.4695717924559646,CALL,0.0,469.0,13491723.000000002,7.100906842105265e-05,10M-50M,2027-03-19,287.67,220.5,lastPrice,mid,,969.5098876953124,937.0,987.9500122070312,994.7999877929688,967.1500244140624,287.67,0.0,0.0,4.0,0.0312596875,False,MU,287.67,0.034920634920634866,0.3046258503401361,0.034695717924559645,190000000000,30.46258503401361,-469.0
MU280121C01090000,1090.0,-325.0,-100.0,空头平仓 Call，回补信号，看涨,3.4695717924559646,CALL,0.0,325.0,13487500.0,7.098684210526315e-05,10M-50M,2028-01-21,415.0,348.25,lastPrice,mid,,969.5098876953124,937.0,987.9500122070312,994.7999877929688,967.1500244140624,415.0,0.0,0.0,1.0,0.0312596875,False,MU,415.0,0.024407753050969132,0.19167264895908112,0.034695717924559645,190000000000,19.16726489590811,-325.0
MU270319C01100000,1100.0,-613.0,-100.0,空头平仓 Call，回补信号，看涨,3.4695717924559646,CALL,0.0,613.0,13444929.0,7.076278421052632e-05,10M-50M,2027-03-19,219.33,214.60000000000002,lastPrice,mid,,969.5098876953124,937.0,987.9500122070312,994.7999877929688,967.1500244140624,219.33,0.0,0.0,59.0,0.0312596875,False,MU,224.58,0.034482758620689676,0.022041006523765096,0.034695717924559645,190000000000,2.2041006523765097,-613.0
MSFT260918C00440000,440.0,-12917.0,-100.0,多头平仓 Call，减仓，看涨减弱,-1.5754888401150173,CALL,0.0,12917.0,13369094.999999998,2.791625600334099e-06,10M-50M,2026-09-18,10.35,10.525,lastPrice,mid,,384.8299865722656,390.989990234375,382.5050048828125,385.6000061035156,378.6499938964844,10.35,0.0,0.0,348.0,0.062509375,False,MSFT,11.1,0.04275534441805219,-0.016627078384798166,-0.015754888401150174,4789000000000,-1.6627078384798166,-12917.0
MU280121C00830000,830.0,-243.0,-100.0,空头平仓 Call，回补信号，看涨,3.4695717924559646,CALL,0.0,243.0,13354551.0,7.028711052631579e-05,10M-50M,2028-01-21,549.57,428.775,lastPrice,mid,,969.5098876953124,937.0,987.9500122070312,994.7999877929688,967.1500244140624,549.57,0.0,0.0,1.0,1.0000000000000004e-05,True,MU,549.57,0.02343886653839429,0.281721182438342,0.034695717924559645,190000000000,28.1721182438342,-243.0
MSFT270319C00390000,390.0,-2549.0,-100.0,多头平仓 Call，减仓，看涨减弱,-1.5754888401150173,CALL,0.0,2549.0,13321074.0,2.7815982459803717e-06,10M-50M,2027-03-19,52.26,52.400000000000006,lastPrice,mid,,384.8299865722656,390.989990234375,382.5050048828125,385.6000061035156,378.6499938964844,52.26,0.0,0.0,160.0,1.0000000000000004e-05,True,MSFT,52.25,0.03053435114503819,-0.002671755725190986,-0.015754888401150174,4789000000000,-0.26717557251909857,-2549.0
MU280121C01050000,1050.0,-365.0,-100.0,空头平仓 Call，回补信号，看涨,3.4695717924559646,CALL,0.0,365.0,13309725.0,7.005118421052632e-05,10M-50M,2028-01-21,364.65,358.65,lastPrice,mid,,969.5098876953124,937.0,987.9500122070312,994.7999877929688,967.1500244140624,364.65,0.0,0.0,2.0,0.01563484375,False,MU,364.65,0.02314233932803572,0.016729401923881223,0.034695717924559645,190000000000,1.6729401923881222,-365.0
MRVL260918P00230000,230.0,-3166.0,-100.0,多头平仓 Put，减仓，看跌减弱,2.362892207278231,PUT,0.0,3166.0,13290868.0,0.00018459538888888888,10M-50M,2026-09-18,41.98,42.175,lastPrice,mid,,222.6699981689453,217.52999877929688,231.56500244140625,232.0,222.57000732421875,41.98,0.0,0.0,357.0,1.0000000000000004e-05,True,MRVL,41.98,0.034380557202133864,-0.004623592175459402,0.02362892207278231,72000000000,-0.4623592175459402,-3166.0
MU260821P01020000,1020.0,-820.0,-100.0,多头平仓 Put，减仓，看跌减弱,3.4695717924559646,PUT,0.0,820.0,13257760.0,6.977768421052631e-05,10M-50M,2026-08-21,161.68,162.625,lastPrice,mid,,969.5098876953124,937.0,987.9500122070312,994.7999877929688,967.1500244140624,161.68,0.0,0.0,13.0,1.0000000000000004e-05,True,MU,164.47,0.024289008455034518,-0.005810914681014562,0.034695717924559645,190000000000,-0.5810914681014562,-820.0
MU260918C00660000,660.0,-426.0,-100.0,空头平仓 Call，回补信号，看涨,3.4695717924559646,CALL,0.0,426.0,13244340.0,6.970705263157895e-05,10M-50M,2026-09-18,310.9,308.725,lastPrice,mid,,969.5098876953124,937.0,987.9500122070312,994.7999877929688,967.1500244140624,310.9,0.0,0.0,6.0,1.0000000000000004e-05,True,MU,310.9,0.03773584905660388,0.007045104866790685,0.034695717924559645,190000000000,0.7045104866790686,-426.0
MRVL260918C00280000,280.0,-7720.0,-100.0,空头平仓 Call，回补信号，看涨,2.362892207278231,CALL,0.0,7720.0,13224360.0,0.00018367166666666667,10M-50M,2026-09-18,17.13,16.625,lastPrice,mid,,222.6699981689453,217.52999877929688,231.56500244140625,232.0,222.57000732421875,17.13,0.0,0.0,147.0,0.12500875,False,MRVL,16.7,0.057142857142857315,0.030375939849624,0.02362892207278231,72000000000,3.0375939849624,-7720.0
MRVL280121C00195000,195.0,-1290.0,-100.0,空头平仓 Call，回补信号，看涨,2.362892207278231,CALL,0.0,1290.0,13219920.000000002,0.00018361,10M-50M,2028-01-21,102.48,100.5,lastPrice,mid,,222.6699981689453,217.52999877929688,231.56500244140625,232.0,222.57000732421875,102.48,0.0,0.0,6.0,1.0000000000000004e-05,True,MRVL,102.48,0.03980099502487562,0.019701492537313472,0.02362892207278231,72000000000,1.9701492537313472,-1290.0
MU261120C00660000,660.0,-308.0,-100.0,空头平仓 Call，回补信号，看涨,3.4695717924559646,CALL,0.0,308.0,13212276.0,6.953829473684211e-05,10M-50M,2026-11-20,428.97,344.4,lastPrice,mid,,969.5098876953124,937.0,987.9500122070312,994.7999877929688,967.1500244140624,428.97,0.0,0.0,2.0,1.0000000000000004e-05,True,MU,428.97,0.032520325203252,0.24555749128919876,0.034695717924559645,190000000000,24.555749128919878,-308.0
MSFT261120P00400000,400.0,-3428.0,-100.0,空头平仓 Put，回补，看跌信号减弱,-1.5754888401150173,PUT,0.0,3428.0,13163519.999999998,2.7486991021089995e-06,10M-50M,2026-11-20,38.4,38.325,lastPrice,mid,,384.8299865722656,390.989990234375,382.5050048828125,385.6000061035156,378.6499938964844,38.4,0.0,0.0,11.0,1.0000000000000004e-05,True,MSFT,38.4,0.04044357469015014,0.001956947162426503,-0.015754888401150174,4789000000000,0.19569471624265028,-3428.0
MU270617C00710000,710.0,-263.0,-100.0,空头平仓 Call，回补信号，看涨,3.4695717924559646,CALL,0.0,263.0,13051375.0,6.869144736842106e-05,10M-50M,2027-06-17,496.25,402.675,lastPrice,mid,,969.5098876953124,937.0,987.9500122070312,994.7999877929688,967.1500244140624,496.25,0.0,0.0,2.0,1.0000000000000004e-05,True,MU,496.25,0.029179859688334264,0.23238343577326626,0.034695717924559645,190000000000,23.238343577326624,-263.0
MSFT270115P00370000,370.0,-4665.0,-100.0,空头平仓 Put，回补，看跌信号减弱,-1.5754888401150173,PUT,0.0,4665.0,13038675.0,2.7226299853831696e-06,10M-50M,2027-01-15,27.95,27.549999999999997,lastPrice,mid,,384.8299865722656,390.989990234375,382.5050048828125,385.6000061035156,378.6499938964844,27.95,0.0,0.0,54.0,0.01563484375,False,MSFT,27.39,0.04718693284936482,0.014519056261343092,-0.015754888401150174,4789000000000,1.4519056261343093,-4665.0
MSFT270319P00390000,390.0,-3063.0,-100.0,空头平仓 Put，回补，看跌信号减弱,-1.5754888401150173,PUT,0.0,3063.0,12987120.0,2.7118646899143873e-06,10M-50M,2027-03-19,42.4,41.974999999999994,lastPrice,mid,,384.8299865722656,390.989990234375,382.5050048828125,385.6000061035156,378.6499938964844,42.4,0.0,0.0,17.0,0.000986552734375,False,MSFT,42.4,0.03930911256700414,0.010125074449076935,-0.015754888401150174,4789000000000,1.0125074449076934,-3063.0
MSFT261218C00475000,475.0,-8937.0,-100.0,多头平仓 Call，减仓，看涨减弱,-1.5754888401150173,CALL,0.0,8937.0,12887154.0,2.690990603466277e-06,10M-50M,2026-12-18,14.42,14.725000000000001,lastPrice,mid,,384.8299865722656,390.989990234375,382.5050048828125,385.6000061035156,378.6499938964844,14.42,0.0,0.0,1224.0,0.062509375,False,MSFT,14.85,0.02376910016977926,-0.020713073005093476,-0.015754888401150174,4789000000000,-2.0713073005093476,-8937.0
SNDK261120C01440000,1440.0,233.0,0.0,多头买 Call，看涨,4.7760757147038735,CALL,233.0,0.0,12883735.0,0.001610466875,10M-50M,2026-11-20,552.95,540.0,mid,lastPrice,0.02586128944750894,1753.9200439453125,1673.969970703125,1807.0,1812.469970703125,1750.300048828125,540.0,545.8,560.1,3.0,1.1742709438514711,True,SNDK,540.0,,0.023981481481481565,0.047760757147038736,8000000000,2.3981481481481564,233.0
MU281215C00840000,840.0,-241.0,-100.0,空头平仓 Call，回补信号，看涨,3.4695717924559646,CALL,0.0,241.0,12866267.0,6.77171947368421e-05,10M-50M,2028-12-15,533.87,512.0,lastPrice,mid,,969.5098876953124,937.0,987.9500122070312,994.7999877929688,967.1500244140624,533.87,0.0,0.0,3.0,1.0000000000000004e-05,True,MU,533.87,0.0234375,0.04271484375000001,0.034695717924559645,190000000000,4.271484375000001,-241.0
MRVL261218C00190000,190.0,-1864.0,-100.0,空头平仓 Call，回补信号，看涨,2.362892207278231,CALL,0.0,1864.0,12820592.0,0.0001780637777777778,10M-50M,2026-12-18,68.78,64.225,lastPrice,mid,,222.6699981689453,217.52999877929688,231.56500244140625,232.0,222.57000732421875,68.78,0.0,0.0,3.0,1.0000000000000004e-05,True,MRVL,68.78,0.045932269365511924,0.07092253795251081,0.02362892207278231,72000000000,7.092253795251081,-1864.0
MSFT270115C00340000,340.0,-1744.0,-100.0,多头平仓 Call，减仓，看涨减弱,-1.5754888401150173,CALL,0.0,1744.0,12781776.0,2.6689864272290667e-06,10M-50M,2027-01-15,73.29,74.025,lastPrice,mid,,384.8299865722656,390.989990234375,382.5050048828125,385.6000061035156,378.6499938964844,73.29,0.0,0.0,9.0,1.0000000000000004e-05,True,MSFT,73.29,0.02093887200270175,-0.009929078014184389,-0.015754888401150174,4789000000000,-0.9929078014184389,-1744.0
MU260717C00690000,690.0,-515.0,-100.0,空头平仓 Call，回补信号，看涨,3.4695717924559646,CALL,0.0,515.0,12769425.0,6.72075e-05,10M-50M,2026-07-17,247.95,242.125,lastPrice,mid,,969.5098876953124,937.0,987.9500122070312,994.7999877929688,967.1500244140624,247.95,0.0,0.0,20.0,1.0000000000000004e-05,True,MU,247.95,0.04935467217346407,0.024057821373257567,0.034695717924559645,190000000000,2.405782137325757,-515.0
MSFT260821P00460000,460.0,-1636.0,-100.0,空头平仓 Put，回补，看跌信号减弱,-1.5754888401150173,PUT,0.0,1636.0,12764071.999999998,2.6652896220505323e-06,10M-50M,2026-08-21,78.02,72.30000000000001,lastPrice,mid,,384.8299865722656,390.989990234375,382.5050048828125,385.6000061035156,378.6499938964844,78.02,0.0,0.0,5.0,1.0000000000000004e-05,True,MSFT,78.02,0.023513139695712344,0.07911479944674943,-0.015754888401150174,4789000000000,7.911479944674943,-1636.0
MU261016C00660000,660.0,-336.0,-100.0,空头平仓 Call，回补信号，看涨,3.4695717924559646,CALL,0.0,336.0,12706848.0,6.687814736842105e-05,10M-50M,2026-10-16,378.18,326.225,lastPrice,mid,,969.5098876953124,937.0,987.9500122070312,994.7999877929688,967.1500244140624,378.18,0.0,0.0,17.0,1.0000000000000004e-05,True,MU,378.18,0.03479193807954622,0.15926124607249592,0.034695717924559645,190000000000,15.926124607249593,-336.0
MU270617C00660000,660.0,-272.0,-100.0,空头平仓 Call，回补信号，看涨,3.4695717924559646,CALL,0.0,272.0,12662415.999999998,6.664429473684209e-05,10M-50M,2027-06-17,465.53,427.825,lastPrice,mid,,969.5098876953124,937.0,987.9500122070312,994.7999877929688,967.1500244140624,465.53,0.0,0.0,2.0,1.0000000000000004e-05,True,MU,465.53,0.028866943259510367,0.08813182960322559,0.034695717924559645,190000000000,8.813182960322559,-272.0
MRVL270115C00175000,175.0,-1239.0,-100.0,空头平仓 Call，回补信号，看涨,2.362892207278231,CALL,0.0,1239.0,12637800.0,0.000175525,10M-50M,2027-01-15,102.0,74.775,lastPrice,mid,,222.6699981689453,217.52999877929688,231.56500244140625,232.0,222.57000732421875,102.0,0.0,0.0,12.0,1.0000000000000004e-05,True,MRVL,102.0,0.04212637913741212,0.3640922768304914,0.02362892207278231,72000000000,36.40922768304914,-1239.0
MSFT261016P00380000,380.0,-5376.0,-100.0,空头平仓 Put，回补，看跌信号减弱,-1.5754888401150173,PUT,0.0,5376.0,12579840.0,2.6268197953643765e-06,10M-50M,2026-10-16,23.4,23.075,lastPrice,mid,,384.8299865722656,390.989990234375,382.5050048828125,385.6000061035156,378.6499938964844,23.4,0.0,0.0,80.0,0.01563484375,False,MSFT,22.62,0.03683640303358619,0.01408450704225349,-0.015754888401150174,4789000000000,1.4084507042253491,-5376.0
MU260821P01050000,1050.0,-694.0,-100.0,多头平仓 Put，减仓，看跌减弱,3.4695717924559646,PUT,0.0,694.0,12570422.0,6.616011578947369e-05,10M-50M,2026-08-21,181.13,183.25,lastPrice,mid,,969.5098876953124,937.0,987.9500122070312,994.7999877929688,967.1500244140624,181.13,0.0,0.0,10.0,1.0000000000000004e-05,True,MU,184.09,0.022373806275579933,-0.011568894952251049,0.034695717924559645,190000000000,-1.1568894952251048,-694.0
MSFT261218C00420000,420.0,-4313.0,-100.0,多头平仓 Call，减仓，看涨减弱,-1.5754888401150173,CALL,0.0,4313.0,12559456.0,2.6225633743996657e-06,10M-50M,2026-12-18,29.12,29.45,lastPrice,mid,,384.8299865722656,390.989990234375,382.5050048828125,385.6000061035156,378.6499938964844,29.12,0.0,0.0,23.0,0.0312596875,False,MSFT,29.75,0.030560271646859035,-0.011205432937181606,-0.015754888401150174,4789000000000,-1.1205432937181605,-4313.0
MU280121C00990000,990.0,-290.0,-100.0,空头平仓 Call，回补信号，看涨,3.4695717924559646,CALL,0.0,290.0,12555550.0,6.608184210526316e-05,10M-50M,2028-01-21,432.95,376.125,lastPrice,mid,,969.5098876953124,937.0,987.9500122070312,994.7999877929688,967.1500244140624,432.95,0.0,0.0,14.0,0.007822421875,False,MU,432.95,0.024858757062146953,0.15108009305417078,0.034695717924559645,190000000000,15.108009305417077,-290.0
MRVL260821P00250000,250.0,-2769.0,-100.0,多头平仓 Put，减仓，看跌减弱,2.362892207278231,PUT,0.0,2769.0,12543570.0,0.00017421625,10M-50M,2026-08-21,45.3,46.575,lastPrice,mid,,222.6699981689453,217.52999877929688,231.56500244140625,232.0,222.57000732421875,45.3,0.0,0.0,218.0,1.0000000000000004e-05,True,MRVL,46.97,0.04186795491143308,-0.027375201288244888,0.02362892207278231,72000000000,-2.737520128824489,-2769.0
MU270319P00660000,660.0,-1192.0,-100.0,多头平仓 Put，减仓，看跌减弱,3.4695717924559646,PUT,0.0,1192.0,12533880.0,6.596778947368421e-05,10M-50M,2027-03-19,105.15,105.4,lastPrice,mid,,969.5098876953124,937.0,987.9500122070312,994.7999877929688,967.1500244140624,105.15,0.0,0.0,3.0,0.062509375,False,MU,106.22,0.03415559772296023,-0.0023719165085388993,0.034695717924559645,190000000000,-0.23719165085388993,-1192.0
MSFT270617C00380000,380.0,-1902.0,-100.0,多头平仓 Call，减仓，看涨减弱,-1.5754888401150173,CALL,0.0,1902.0,12448590.0,2.5994132386719567e-06,10M-50M,2027-06-17,65.45,66.1,lastPrice,mid,,384.8299865722656,390.989990234375,382.5050048828125,385.6000061035156,378.6499938964844,65.45,0.0,0.0,140.0,1.0000000000000004e-05,True,MSFT,66.83,0.021180030257185956,-0.009833585476550553,-0.015754888401150174,4789000000000,-0.9833585476550553,-1902.0
MRVL261218P00180000,180.0,-4326.0,-100.0,多头平仓 Put，减仓，看跌减弱,2.362892207278231,PUT,0.0,4326.0,12441576.0,0.00017279966666666668,10M-50M,2026-12-18,28.76,28.8,lastPrice,mid,,222.6699981689453,217.52999877929688,231.56500244140625,232.0,222.57000732421875,28.76,0.0,0.0,345.0,0.062509375,False,MRVL,28.85,0.03124999999999995,-0.0013888888888888592,0.02362892207278231,72000000000,-0.13888888888888593,-4326.0
MU270115C00810000,810.0,-428.0,-100.0,空头平仓 Call，回补信号，看涨,3.4695717924559646,CALL,0.0,428.0,12439820.0,6.547273684210526e-05,10M-50M,2027-01-15,290.65,289.85,lastPrice,mid,,969.5098876953124,937.0,987.9500122070312,994.7999877929688,967.1500244140624,290.65,0.0,0.0,111.0,1.0000000000000004e-05,True,MU,290.65,0.01966534414352247,0.0027600483008451077,0.034695717924559645,190000000000,0.27600483008451077,-428.0
MU281215C00820000,820.0,-237.0,-100.0,空头平仓 Call，回补信号，看涨,3.4695717924559646,CALL,0.0,237.0,12423065.999999998,6.538455789473683e-05,10M-50M,2028-12-15,524.18,517.675,lastPrice,mid,,969.5098876953124,937.0,987.9500122070312,994.7999877929688,967.1500244140624,524.18,0.0,0.0,10.0,1.0000000000000004e-05,True,MU,585.0,0.02965180856715125,0.012565799005167327,0.034695717924559645,190000000000,1.2565799005167326,-237.0
MU270917C00660000,660.0,-248.0,-100.0,空头平仓 Call，回补信号，看涨,3.4695717924559646,CALL,0.0,248.0,12413143.999999998,6.533233684210525e-05,10M-50M,2027-09-17,500.53,457.7,lastPrice,mid,,969.5098876953124,937.0,987.9500122070312,994.7999877929688,967.1500244140624,500.53,0.0,0.0,1.0,1.0000000000000004e-05,True,MU,500.53,0.027091981647367223,0.09357657854489837,0.034695717924559645,190000000000,9.357657854489837,-248.0
MSFT281215P00330000,330.0,-2707.0,-100.0,空头平仓 Put，回补，看跌信号减弱,-1.5754888401150173,PUT,0.0,2707.0,12403474.0,2.5899924827730216e-06,10M-50M,2028-12-15,45.82,44.25,lastPrice,mid,,384.8299865722656,390.989990234375,382.5050048828125,385.6000061035156,378.6499938964844,45.82,0.0,0.0,6.0,0.01563484375,False,MSFT,45.82,0.05649717514124294,0.03548022598870057,-0.015754888401150174,4789000000000,3.548022598870057,-2707.0
MU271217C01200000,1200.0,-403.0,-100.0,空头平仓 Call，回补信号，看涨,3.4695717924559646,CALL,0.0,403.0,12393056.0,6.522661052631578e-05,10M-50M,2027-12-17,307.52,307.25,lastPrice,mid,,969.5098876953124,937.0,987.9500122070312,994.7999877929688,967.1500244140624,307.52,0.0,0.0,214.0,0.0312596875,False,MU,307.52,0.028315703824247505,0.0008787632221317553,0.034695717924559645,190000000000,0.08787632221317554,-403.0
MU270917C00970000,970.0,-318.0,-100.0,空头平仓 Call，回补信号，看涨,3.4695717924559646,CALL,0.0,318.0,12374016.0,6.51264e-05,10M-50M,2027-09-17,389.12,336.525,lastPrice,mid,,969.5098876953124,937.0,987.9500122070312,994.7999877929688,967.1500244140624,389.12,0.0,0.0,3.0,0.007822421875,False,MU,389.12,0.028378277988262424,0.15628853725577604,0.034695717924559645,190000000000,15.628853725577605,-318.0
MSFT270319P00460000,460.0,-1414.0,-100.0,空头平仓 Put，回补，看跌信号减弱,-1.5754888401150173,PUT,0.0,1414.0,12372500.0,2.583524744205471e-06,10M-50M,2027-03-19,87.5,87.175,lastPrice,mid,,384.8299865722656,390.989990234375,382.5050048828125,385.6000061035156,378.6499938964844,87.5,0.0,0.0,1188.0,1.0000000000000004e-05,True,MSFT,85.47,0.013191855463148904,0.0037281330656725306,-0.015754888401150174,4789000000000,0.37281330656725303,-1414.0
MRVL260918P00200000,200.0,-4998.0,-100.0,多头平仓 Put，减仓，看跌减弱,2.362892207278231,PUT,0.0,4998.0,12335064.0,0.00017132033333333333,10M-50M,2026-09-18,24.68,25.15,lastPrice,mid,,222.6699981689453,217.52999877929688,231.56500244140625,232.0,222.57000732421875,24.68,0.0,0.0,106.0,0.0312596875,False,MRVL,25.52,0.03578528827037782,-0.01868787276341944,0.02362892207278231,72000000000,-1.868787276341944,-4998.0
MU261120C01010000,1010.0,-688.0,-100.0,空头平仓 Call，回补信号，看涨,3.4695717924559646,CALL,0.0,688.0,12246400.0,6.445473684210527e-05,10M-50M,2026-11-20,178.0,171.125,lastPrice,mid,,969.5098876953124,937.0,987.9500122070312,994.7999877929688,967.1500244140624,178.0,0.0,0.0,12.0,0.0312596875,False,MU,172.35,0.03593864134404662,0.04017531044558072,0.034695717924559645,190000000000,4.017531044558072,-688.0
MU271217C01170000,1170.0,-387.0,-100.0,空头平仓 Call，回补信号，看涨,3.4695717924559646,CALL,0.0,387.0,12202884.0,6.42257052631579e-05,10M-50M,2027-12-17,315.32,314.85,lastPrice,mid,,969.5098876953124,937.0,987.9500122070312,994.7999877929688,967.1500244140624,315.32,0.0,0.0,233.0,0.0312596875,False,MU,315.32,0.025091313323805094,0.0014927743369857723,0.034695717924559645,190000000000,0.14927743369857724,-387.0
MU281215C00980000,980.0,-247.0,-100.0,空头平仓 Call，回补信号，看涨,3.4695717924559646,CALL,0.0,247.0,12183275.0,6.41225e-05,10M-50M,2028-12-15,493.25,474.975,lastPrice,mid,,969.5098876953124,937.0,987.9500122070312,994.7999877929688,967.1500244140624,493.25,0.0,0.0,2.0,0.007822421875,False,MU,493.25,0.029580504237065132,0.0384757092478551,0.034695717924559645,190000000000,3.84757092478551,-247.0
MSFT270617P00420000,420.0,-1855.0,-100.0,空头平仓 Put，回补，看跌信号减弱,-1.5754888401150173,PUT,0.0,1855.0,12159525.0,2.5390530382125706e-06,10M-50M,2027-06-17,65.55,65.375,lastPrice,mid,,384.8299865722656,390.989990234375,382.5050048828125,385.6000061035156,378.6499938964844,65.55,0.0,0.0,49.0,1.0000000000000004e-05,True,MSFT,65.3,0.011472275334608031,0.0026768642447418303,-0.015754888401150174,4789000000000,0.267686424474183,-1855.0
MU260918C00850000,850.0,-642.0,-100.0,空头平仓 Call，回补信号，看涨,3.4695717924559646,CALL,0.0,642.0,12108120.0,6.372694736842105e-05,10M-50M,2026-09-18,188.6,185.125,lastPrice,mid,,969.5098876953124,937.0,987.9500122070312,994.7999877929688,967.1500244140624,188.6,0.0,0.0,16.0,1.0000000000000004e-05,True,MU,185.32,0.028899392302498435,0.01877110060769747,0.034695717924559645,190000000000,1.877110060769747,-642.0
MU281215C00870000,870.0,-206.0,-100.0,空头平仓 Call，回补信号，看涨,3.4695717924559646,CALL,0.0,206.0,12013301.999999998,6.322790526315789e-05,10M-50M,2028-12-15,583.17,504.0,lastPrice,mid,,969.5098876953124,937.0,987.9500122070312,994.7999877929688,967.1500244140624,583.17,0.0,0.0,4.0,1.0000000000000004e-05,True,MU,583.17,0.023809523809523808,0.15708333333333324,0.034695717924559645,190000000000,15.708333333333325,-206.0
MU260724C01000000,1000.0,-2884.0,-100.0,空头平仓 Call，回补信号，看涨,3.4695717924559646,CALL,0.0,2884.0,11977252.0,6.303816842105263e-05,10M-50M,2026-07-24,41.53,38.825,lastPrice,mid,,969.5098876953124,937.0,987.9500122070312,994.7999877929688,967.1500244140624,41.53,0.0,0.0,1637.0,0.062509375,False,MU,37.95,0.034771410173857084,0.06967160334835797,0.034695717924559645,190000000000,6.967160334835796,-2884.0
SNDK280121C01420000,1420.0,129.0,0.0,多头买 Call，看涨,4.7760757147038735,CALL,129.0,0.0,11958300.0,0.0014947875,10M-50M,2028-01-21,927.0,906.0,mid,lastPrice,0.019417475728155338,1753.9200439453125,1673.969970703125,1807.0,1812.469970703125,1750.300048828125,906.0,918.0,936.0,1.0,1.128138133134842,True,SNDK,906.0,,0.023178807947019868,0.047760757147038736,8000000000,2.3178807947019866,129.0
MU281215C00860000,860.0,-203.0,-100.0,空头平仓 Call，回补信号，看涨,3.4695717924559646,CALL,0.0,203.0,11916506.0,6.271845263157895e-05,10M-50M,2028-12-15,587.02,506.075,lastPrice,mid,,969.5098876953124,937.0,987.9500122070312,994.7999877929688,967.1500244140624,587.02,0.0,0.0,8.0,1.0000000000000004e-05,True,MU,587.02,0.02400829916514346,0.15994664822407745,0.034695717924559645,190000000000,15.994664822407746,-203.0
MU271217P01100000,1100.0,-276.0,-100.0,多头平仓 Put，减仓，看跌减弱,3.4695717924559646,PUT,0.0,276.0,11914644.0,6.270865263157894e-05,10M-50M,2027-12-17,431.69,444.0,lastPrice,mid,,969.5098876953124,937.0,987.9500122070312,994.7999877929688,967.1500244140624,431.69,0.0,0.0,1.0,1.0000000000000004e-05,True,MU,431.69,0.02702702702702703,-0.02772522522522523,0.034695717924559645,190000000000,-2.772522522522523,-276.0
MU260724C01050000,1050.0,-4356.0,-100.0,空头平仓 Call，回补信号，看涨,3.4695717924559646,CALL,0.0,4356.0,11870100.0,6.24742105263158e-05,10M-50M,2026-07-24,27.25,25.799999999999997,lastPrice,mid,,969.5098876953124,937.0,987.9500122070312,994.7999877929688,967.1500244140624,27.25,0.0,0.0,231.0,0.12500875,False,MU,25.11,0.08527131782945735,0.05620155038759701,0.034695717924559645,190000000000,5.620155038759702,-4356.0
LITE280121C00650000,650.0,-293.0,-100.0,空头平仓 Call，回补信号，看涨,7.024012802166325,CALL,0.0,293.0,11852143.0,0.0010774675454545454,10M-50M,2028-01-21,404.51,391.0,lastPrice,mid,,822.10498046875,768.1500244140625,818.4099731445312,839.8800048828125,815.0,404.51,0.0,0.0,1.0,1.0000000000000004e-05,True,LITE,404.51,0.03580562659846547,0.03455242966751916,0.07024012802166325,11000000000,3.455242966751916,-293.0
MSFT271217C00350000,350.0,-1224.0,-100.0,多头平仓 Call，减仓，看涨减弱,-1.5754888401150173,CALL,0.0,1224.0,11848320.0,2.4740697431614116e-06,10M-50M,2027-12-17,96.8,97.75,lastPrice,mid,,384.8299865722656,390.989990234375,382.5050048828125,385.6000061035156,378.6499938964844,96.8,0.0,0.0,138.0,1.0000000000000004e-05,True,MSFT,98.5,0.03580562659846547,-0.009718670076726372,-0.015754888401150174,4789000000000,-0.9718670076726372,-1224.0
MSFT270617P00440000,440.0,-1453.0,-100.0,空头平仓 Put，回补，看跌信号减弱,-1.5754888401150173,PUT,0.0,1453.0,11836137.999999998,2.4715259970766338e-06,10M-50M,2027-06-17,81.46,78.275,lastPrice,mid,,384.8299865722656,390.989990234375,382.5050048828125,385.6000061035156,378.6499938964844,81.46,0.0,0.0,25.0,1.0000000000000004e-05,True,MSFT,81.46,0.01213669754072185,0.04068987543915666,-0.015754888401150174,4789000000000,4.068987543915666,-1453.0
MU270617C01060000,1060.0,-424.0,-100.0,空头平仓 Call，回补信号，看涨,3.4695717924559646,CALL,0.0,424.0,11723600.0,6.170315789473684e-05,10M-50M,2027-06-17,276.5,270.04999999999995,lastPrice,mid,,969.5098876953124,937.0,987.9500122070312,994.7999877929688,967.1500244140624,276.5,0.0,0.0,6.0,0.0312596875,False,MU,276.5,0.030735049064988012,0.023884465839659495,0.034695717924559645,190000000000,2.3884465839659494,-424.0
MU260717C00890000,890.0,-1632.0,-100.0,空头平仓 Call，回补信号，看涨,3.4695717924559646,CALL,0.0,1632.0,11711232.0,6.163806315789473e-05,10M-50M,2026-07-17,71.76,65.15,lastPrice,mid,,969.5098876953124,937.0,987.9500122070312,994.7999877929688,967.1500244140624,71.76,0.0,0.0,1217.0,1.0000000000000004e-05,True,MU,64.72,0.016884113584036967,0.10145817344589407,0.034695717924559645,190000000000,10.145817344589407,-1632.0
MRVL270319P00220000,220.0,-1937.0,-100.0,多头平仓 Put，减仓，看跌减弱,2.362892207278231,PUT,0.0,1937.0,11709165.0,0.00016262729166666666,10M-50M,2027-03-19,60.45,60.625,lastPrice,mid,,222.6699981689453,217.52999877929688,231.56500244140625,232.0,222.57000732421875,60.45,0.0,0.0,15.0,1.0000000000000004e-05,True,MRVL,60.45,0.033814432989690675,-0.002886597938144283,0.02362892207278231,72000000000,-0.2886597938144283,-1937.0
MU281215C00790000,790.0,-203.0,-100.0,空头平仓 Call，回补信号，看涨,3.4695717924559646,CALL,0.0,203.0,11672500.0,6.143421052631579e-05,10M-50M,2028-12-15,575.0,526.125,lastPrice,mid,,969.5098876953124,937.0,987.9500122070312,994.7999877929688,967.1500244140624,575.0,0.0,0.0,1.0,1.0000000000000004e-05,True,MU,575.0,0.030886196246139225,0.09289617486338798,0.034695717924559645,190000000000,9.289617486338798,-203.0
MU270917C00850000,850.0,-268.0,-100.0,空头平仓 Call，回补信号，看涨,3.4695717924559646,CALL,0.0,268.0,11658000.0,6.13578947368421e-05,10M-50M,2027-09-17,435.0,377.675,lastPrice,mid,,969.5098876953124,937.0,987.9500122070312,994.7999877929688,967.1500244140624,435.0,0.0,0.0,3.0,1.0000000000000004e-05,True,MU,435.0,0.02608062487588541,0.15178394121930228,0.034695717924559645,190000000000,15.178394121930229,-268.0
MU261218C00660000,660.0,-322.0,-100.0,空头平仓 Call，回补信号，看涨,3.4695717924559646,CALL,0.0,322.0,11633215.999999998,6.122745263157893e-05,10M-50M,2026-12-18,361.28,357.15,lastPrice,mid,,969.5098876953124,937.0,987.9500122070312,994.7999877929688,967.1500244140624,361.28,0.0,0.0,2.0,1.0000000000000004e-05,True,MU,361.28,0.03107937841243166,0.011563768724625495,0.034695717924559645,190000000000,1.1563768724625496,-322.0
MU270115C00760000,760.0,-363.0,-100.0,空头平仓 Call，回补信号，看涨,3.4695717924559646,CALL,0.0,363.0,11528516.999999998,6.0676405263157884e-05,10M-50M,2027-01-15,317.59,314.825,lastPrice,mid,,969.5098876953124,937.0,987.9500122070312,994.7999877929688,967.1500244140624,317.59,0.0,0.0,10.0,1.0000000000000004e-05,True,MU,317.59,0.01985229889621218,0.008782657031684226,0.034695717924559645,190000000000,0.8782657031684226,-363.0
MRVL280121P00260000,260.0,-1151.0,-100.0,多头平仓 Put，减仓，看跌减弱,2.362892207278231,PUT,0.0,1151.0,11527265.0,0.0001601009027777778,10M-50M,2028-01-21,100.15,110.0,lastPrice,mid,,222.6699981689453,217.52999877929688,231.56500244140625,232.0,222.57000732421875,100.15,0.0,0.0,25.0,1.0000000000000004e-05,True,MRVL,100.15,0.03636363636363636,-0.0895454545454545,0.02362892207278231,72000000000,-8.95454545454545,-1151.0
MRVL270115C00160000,160.0,-1309.0,-100.0,空头平仓 Call，回补信号，看涨,2.362892207278231,CALL,0.0,1309.0,11519200.0,0.0001599888888888889,10M-50M,2027-01-15,88.0,83.025,lastPrice,mid,,222.6699981689453,217.52999877929688,231.56500244140625,232.0,222.57000732421875,88.0,0.0,0.0,13.0,1.0000000000000004e-05,True,MRVL,88.0,0.0355314664257754,0.05992171032821432,0.02362892207278231,72000000000,5.992171032821432,-1309.0
MU261120P00900000,900.0,-681.0,-100.0,多头平仓 Put，减仓，看跌减弱,3.4695717924559646,PUT,0.0,681.0,11515029.0,6.0605415789473686e-05,10M-50M,2026-11-20,169.09,170.02499999999998,lastPrice,mid,,969.5098876953124,937.0,987.9500122070312,994.7999877929688,967.1500244140624,169.09,0.0,0.0,24.0,0.01563484375,False,MU,169.77,0.02264372886340241,-0.005499191295397583,0.034695717924559645,190000000000,-0.5499191295397583,-681.0
MU260918P00950000,950.0,-790.0,-100.0,多头平仓 Put，减仓，看跌减弱,3.4695717924559646,PUT,0.0,790.0,11514250.0,6.0601315789473684e-05,10M-50M,2026-09-18,145.75,147.2,lastPrice,mid,,969.5098876953124,937.0,987.9500122070312,994.7999877929688,967.1500244140624,145.75,0.0,0.0,58.0,1.0000000000000004e-05,True,MU,147.45,0.023097826086956562,-0.009850543478260794,0.034695717924559645,190000000000,-0.9850543478260794,-790.0
MSFT271217C00300000,300.0,-903.0,-100.0,多头平仓 Call，减仓，看涨减弱,-1.5754888401150173,CALL,0.0,903.0,11477129.999999998,2.3965608686573395e-06,10M-50M,2027-12-17,127.1,128.175,lastPrice,mid,,384.8299865722656,390.989990234375,382.5050048828125,385.6000061035156,378.6499938964844,127.1,0.0,0.0,9.0,1.0000000000000004e-05,True,MSFT,127.5,0.025355958650282926,-0.008386970938170603,-0.015754888401150174,4789000000000,-0.8386970938170603,-903.0
MRVL270115P00200000,200.0,-2750.0,-100.0,多头平仓 Put，减仓，看跌减弱,2.362892207278231,PUT,0.0,2750.0,11467500.000000002,0.00015927083333333337,10M-50M,2027-01-15,41.7,41.925,lastPrice,mid,,222.6699981689453,217.52999877929688,231.56500244140625,232.0,222.57000732421875,41.7,0.0,0.0,63.0,0.0312596875,False,MRVL,41.75,0.029815146094215865,-0.00536672629695872,0.02362892207278231,72000000000,-0.536672629695872,-2750.0
MU260918C00690000,690.0,-380.0,-100.0,空头平仓 Call，回补信号，看涨,3.4695717924559646,CALL,0.0,380.0,11438000.0,6.02e-05,10M-50M,2026-09-18,301.0,285.975,lastPrice,mid,,969.5098876953124,937.0,987.9500122070312,994.7999877929688,967.1500244140624,301.0,0.0,0.0,3.0,1.0000000000000004e-05,True,MU,301.0,0.034793251158317995,0.05253955765364097,0.034695717924559645,190000000000,5.253955765364097,-380.0
MU260918C01020000,1020.0,-1036.0,-100.0,空头平仓 Call，回补信号，看涨,3.4695717924559646,CALL,0.0,1036.0,11437440.0,6.0197052631578945e-05,10M-50M,2026-09-18,110.4,109.82499999999999,lastPrice,mid,,969.5098876953124,937.0,987.9500122070312,994.7999877929688,967.1500244140624,110.4,0.0,0.0,124.0,0.0312596875,False,MU,110.4,0.03687684953334849,0.005235602094240993,0.034695717924559645,190000000000,0.5235602094240993,-1036.0
MU270115C00820000,820.0,-400.0,-100.0,空头平仓 Call，回补信号，看涨,3.4695717924559646,CALL,0.0,400.0,11429200.0,6.0153684210526315e-05,10M-50M,2027-01-15,285.73,285.125,lastPrice,mid,,969.5098876953124,937.0,987.9500122070312,994.7999877929688,967.1500244140624,285.73,0.0,0.0,4.0,1.0000000000000004e-05,True,MU,285.73,0.020517316966242954,0.002121876370013216,0.034695717924559645,190000000000,0.21218763700132157,-400.0
MSFT270319C00500000,500.0,-6331.0,-100.0,多头平仓 Call，减仓，看涨减弱,-1.5754888401150173,CALL,0.0,6331.0,11395800.0,2.3795782000417623e-06,10M-50M,2027-03-19,18.0,18.375,lastPrice,mid,,384.8299865722656,390.989990234375,382.5050048828125,385.6000061035156,378.6499938964844,18.0,0.0,0.0,67.0,0.062509375,False,MSFT,18.5,0.029931972789115493,-0.02040816326530612,-0.015754888401150174,4789000000000,-2.0408163265306123,-6331.0
MRVL261120C00250000,250.0,-3087.0,-100.0,空头平仓 Call，回补信号，看涨,2.362892207278231,CALL,0.0,3087.0,11267550.0,0.00015649375,10M-50M,2026-11-20,36.5,36.0,lastPrice,mid,,222.6699981689453,217.52999877929688,231.56500244140625,232.0,222.57000732421875,36.5,0.0,0.0,9.0,0.062509375,False,MRVL,39.95,0.06388888888888881,0.013888888888888888,0.02362892207278231,72000000000,1.3888888888888888,-3087.0
MSFT260918C00370000,370.0,-2919.0,-100.0,多头平仓 Call，减仓，看涨减弱,-1.5754888401150173,CALL,0.0,2919.0,11150580.0,2.3283733556065984e-06,10M-50M,2026-09-18,38.2,38.675,lastPrice,mid,,384.8299865722656,390.989990234375,382.5050048828125,385.6000061035156,378.6499938964844,38.2,0.0,0.0,72.0,1.0000000000000004e-05,True,MSFT,39.65,0.03232062055591468,-0.01228183581124743,-0.015754888401150174,4789000000000,-1.228183581124743,-2919.0
MU270617C00670000,670.0,-262.0,-100.0,空头平仓 Call，回补信号，看涨,3.4695717924559646,CALL,0.0,262.0,11108276.0,5.846461052631579e-05,10M-50M,2027-06-17,423.98,423.125,lastPrice,mid,,969.5098876953124,937.0,987.9500122070312,994.7999877929688,967.1500244140624,423.98,0.0,0.0,1.0,1.0000000000000004e-05,True,MU,423.98,0.03131462333825702,0.0020206794682422883,0.034695717924559645,190000000000,0.20206794682422882,-262.0
LITE260717P00800000,800.0,-2064.0,-100.0,多头平仓 Put，减仓，看跌减弱,7.024012802166325,PUT,0.0,2064.0,11104320.0,0.0010094836363636363,10M-50M,2026-07-17,53.8,55.45,lastPrice,mid,,822.10498046875,768.1500244140625,818.4099731445312,839.8800048828125,815.0,53.8,0.0,0.0,72.0,1.0000000000000004e-05,True,LITE,55.52,0.08476104598737594,-0.029756537421100192,0.07024012802166325,11000000000,-2.975653742110019,-2064.0
MRVL260918C00200000,200.0,-2463.0,-100.0,空头平仓 Call，回补信号，看涨,2.362892207278231,CALL,0.0,2463.0,11034240.0,0.00015325333333333333,10M-50M,2026-09-18,44.8,44.175,lastPrice,mid,,222.6699981689453,217.52999877929688,231.56500244140625,232.0,222.57000732421875,44.8,0.0,0.0,27.0,1.0000000000000004e-05,True,MRVL,44.0,0.0599886813808715,0.01414827391058291,0.02362892207278231,72000000000,1.4148273910582911,-2463.0
MU281215P00950000,950.0,-268.0,-100.0,多头平仓 Put，减仓，看跌减弱,3.4695717924559646,PUT,0.0,268.0,11014800.0,5.797263157894737e-05,10M-50M,2028-12-15,411.0,418.2,lastPrice,mid,,969.5098876953124,937.0,987.9500122070312,994.7999877929688,967.1500244140624,411.0,0.0,0.0,1.0,1.0000000000000004e-05,True,MU,411.0,0.03682448589191769,-0.017216642754662816,0.034695717924559645,190000000000,-1.7216642754662816,-268.0
MU261218C00880000,880.0,-454.0,-100.0,空头平仓 Call，回补信号，看涨,3.4695717924559646,CALL,0.0,454.0,10971364.0,5.774402105263158e-05,10M-50M,2026-12-18,241.66,241.0,lastPrice,mid,,969.5098876953124,937.0,987.9500122070312,994.7999877929688,967.1500244140624,241.66,0.0,0.0,4.0,1.0000000000000004e-05,True,MU,241.66,0.02448132780082978,0.002738589211618243,0.034695717924559645,190000000000,0.2738589211618243,-454.0
MU270917C01150000,1150.0,-383.0,-100.0,空头平仓 Call，回补信号，看涨,3.4695717924559646,CALL,0.0,383.0,10947289.0,5.761731052631579e-05,10M-50M,2027-09-17,285.83,283.775,lastPrice,mid,,969.5098876953124,937.0,987.9500122070312,994.7999877929688,967.1500244140624,285.83,0.0,0.0,2.0,0.0312596875,False,MU,285.83,0.02871993656946537,0.007241652717822243,0.034695717924559645,190000000000,0.7241652717822243,-383.0
MU280121C01180000,1180.0,-332.0,-100.0,空头平仓 Call，回补信号，看涨,3.4695717924559646,CALL,0.0,332.0,10932760.0,5.754084210526316e-05,10M-50M,2028-01-21,329.3,325.275,lastPrice,mid,,969.5098876953124,937.0,987.9500122070312,994.7999877929688,967.1500244140624,329.3,0.0,0.0,24.0,0.0312596875,False,MU,329.3,0.02628545077242337,0.01237414495426957,0.034695717924559645,190000000000,1.237414495426957,-332.0
MSFT261218C00480000,480.0,-8027.0,-100.0,多头平仓 Call，减仓，看涨减弱,-1.5754888401150173,CALL,0.0,8027.0,10916720.0,2.27954061390687e-06,10M-50M,2026-12-18,13.6,13.8,lastPrice,mid,,384.8299865722656,390.989990234375,382.5050048828125,385.6000061035156,378.6499938964844,13.6,0.0,0.0,272.0,0.062509375,False,MSFT,13.95,0.0,-0.014492753623188482,-0.015754888401150174,4789000000000,-1.4492753623188481,-8027.0
MU260717C01000000,1000.0,-6168.0,-100.0,空头平仓 Call，回补信号，看涨,3.4695717924559646,CALL,0.0,6168.0,10911192.000000002,5.7427326315789484e-05,10M-50M,2026-07-17,17.69,16.625,lastPrice,mid,,969.5098876953124,937.0,987.9500122070312,994.7999877929688,967.1500244140624,17.69,0.0,0.0,5779.0,0.12500875,False,MU,16.7,0.045112781954887216,0.06406015037593993,0.034695717924559645,190000000000,6.406015037593993,-6168.0
MU281215P01030000,1030.0,-235.0,-100.0,多头平仓 Put，减仓，看跌减弱,3.4695717924559646,PUT,0.0,235.0,10885200.0,5.7290526315789476e-05,10M-50M,2028-12-15,463.2,471.675,lastPrice,mid,,969.5098876953124,937.0,987.9500122070312,994.7999877929688,967.1500244140624,463.2,0.0,0.0,1.0,1.0000000000000004e-05,True,MU,463.2,0.0352997296867546,-0.01796788042614093,0.034695717924559645,190000000000,-1.796788042614093,-235.0
MSFT280121P00340000,340.0,-2978.0,-100.0,空头平仓 Put，回补，看跌信号减弱,-1.5754888401150173,PUT,0.0,2978.0,10869700.0,2.269722280225517e-06,10M-50M,2028-01-21,36.5,36.0,lastPrice,mid,,384.8299865722656,390.989990234375,382.5050048828125,385.6000061035156,378.6499938964844,36.5,0.0,0.0,9.0,0.0312596875,False,MSFT,36.5,0.047222222222222304,0.013888888888888888,-0.015754888401150174,4789000000000,1.3888888888888888,-2978.0
MSFT261218P00495000,495.0,-862.0,-100.0,空头平仓 Put，回补，看跌信号减弱,-1.5754888401150173,PUT,0.0,862.0,10868958.0,2.269567341825016e-06,10M-50M,2026-12-18,126.09,110.225,lastPrice,mid,,384.8299865722656,390.989990234375,382.5050048828125,385.6000061035156,378.6499938964844,126.09,0.0,0.0,126.0,1.0000000000000004e-05,True,MSFT,126.09,0.022227262417781838,0.14393286459514637,-0.015754888401150174,4789000000000,14.393286459514638,-862.0
MU260821C01150000,1150.0,-2258.0,-100.0,空头平仓 Call，回补信号，看涨,3.4695717924559646,CALL,0.0,2258.0,10804530.0,5.6865947368421055e-05,10M-50M,2026-08-21,47.85,45.875,lastPrice,mid,,969.5098876953124,937.0,987.9500122070312,994.7999877929688,967.1500244140624,47.85,0.0,0.0,171.0,0.12500875,False,MU,44.95,0.03378746594005443,0.043051771117166245,0.034695717924559645,190000000000,4.305177111716625,-2258.0
MU270917C00930000,930.0,-306.0,-100.0,空头平仓 Call，回补信号，看涨,3.4695717924559646,CALL,0.0,306.0,10714590.0,5.6392578947368424e-05,10M-50M,2027-09-17,350.15,349.70000000000005,lastPrice,mid,,969.5098876953124,937.0,987.9500122070312,994.7999877929688,967.1500244140624,350.15,0.0,0.0,2.0,1.0000000000000004e-05,True,MU,350.15,0.026308264226479805,0.0012868172719471883,0.034695717924559645,190000000000,0.12868172719471882,-306.0
MU260918P01150000,1150.0,-422.0,-100.0,多头平仓 Put，减仓，看跌减弱,3.4695717924559646,PUT,0.0,422.0,10700232.0,5.631701052631579e-05,10M-50M,2026-09-18,253.56,284.675,lastPrice,mid,,969.5098876953124,937.0,987.9500122070312,994.7999877929688,967.1500244140624,253.56,0.0,0.0,32.0,1.0000000000000004e-05,True,MU,253.56,0.027224027399666284,-0.10930007903749893,0.034695717924559645,190000000000,-10.930007903749893,-422.0
MU261120C00730000,730.0,-345.0,-100.0,空头平仓 Call，回补信号，看涨,3.4695717924559646,CALL,0.0,345.0,10655670.000000002,5.608247368421054e-05,10M-50M,2026-11-20,308.86,301.20000000000005,lastPrice,mid,,969.5098876953124,937.0,987.9500122070312,994.7999877929688,967.1500244140624,308.86,0.0,0.0,1.0,1.0000000000000004e-05,True,MU,308.86,0.017264276228419615,0.02543160690571038,0.034695717924559645,190000000000,2.543160690571038,-345.0
MRVL261016P00240000,240.0,-1982.0,-100.0,多头平仓 Put，减仓，看跌减弱,2.362892207278231,PUT,0.0,1982.0,10587844.0,0.00014705338888888888,10M-50M,2026-10-16,53.42,53.6,lastPrice,mid,,222.6699981689453,217.52999877929688,231.56500244140625,232.0,222.57000732421875,53.42,0.0,0.0,45.0,1.0000000000000004e-05,True,MRVL,53.42,0.05037313432835826,-0.0033582089552238754,0.02362892207278231,72000000000,-0.33582089552238753,-1982.0
MU270917C00770000,770.0,-250.0,-100.0,空头平仓 Call，回补信号，看涨,3.4695717924559646,CALL,0.0,250.0,10550000.0,5.552631578947368e-05,10M-50M,2027-09-17,422.0,409.3,lastPrice,mid,,969.5098876953124,937.0,987.9500122070312,994.7999877929688,967.1500244140624,422.0,0.0,0.0,16.0,1.0000000000000004e-05,True,MU,422.0,0.020767163449792327,0.031028585389689684,0.034695717924559645,190000000000,3.1028585389689685,-250.0
MU280121C00860000,860.0,-163.0,-100.0,空头平仓 Call，回补信号，看涨,3.4695717924559646,CALL,0.0,163.0,10528985.0,5.5415710526315786e-05,10M-50M,2028-01-21,645.95,418.025,lastPrice,mid,,969.5098876953124,937.0,987.9500122070312,994.7999877929688,967.1500244140624,645.95,0.0,0.0,1.0,1.0000000000000004e-05,True,MU,645.95,0.022845523593086565,0.5452425094192933,0.034695717924559645,190000000000,54.52425094192933,-163.0
MRVL260918C00240000,240.0,-3819.0,-100.0,空头平仓 Call，回补信号，看涨,2.362892207278231,CALL,0.0,3819.0,10502250.0,0.00014586458333333332,10M-50M,2026-09-18,27.5,27.425,lastPrice,mid,,222.6699981689453,217.52999877929688,231.56500244140625,232.0,222.57000732421875,27.5,0.0,0.0,72.0,0.062509375,False,MRVL,27.5,0.06381039197812215,0.0027347310847766378,0.02362892207278231,72000000000,0.27347310847766376,-3819.0
MSFT271217P00450000,450.0,-1117.0,-100.0,空头平仓 Put，回补，看跌信号减弱,-1.5754888401150173,PUT,0.0,1117.0,10497566.0,2.19201628732512e-06,10M-50M,2027-12-17,93.98,92.8,lastPrice,mid,,384.8299865722656,390.989990234375,382.5050048828125,385.6000061035156,378.6499938964844,93.98,0.0,0.0,1.0,1.0000000000000004e-05,True,MSFT,93.98,0.0387931034482758,0.012715517241379384,-0.015754888401150174,4789000000000,1.2715517241379384,-1117.0
MU261218C01180000,1180.0,-593.0,-100.0,空头平仓 Call，回补信号，看涨,3.4695717924559646,CALL,0.0,593.0,10493728.0,5.523014736842105e-05,10M-50M,2026-12-18,176.96,139.725,lastPrice,mid,,969.5098876953124,937.0,987.9500122070312,994.7999877929688,967.1500244140624,176.96,0.0,0.0,19.0,0.062509375,False,MU,176.96,0.05403471103954204,0.2664877437824299,0.034695717924559645,190000000000,26.64877437824299,-593.0
MU270617C00980000,980.0,-355.0,-100.0,空头平仓 Call，回补信号，看涨,3.4695717924559646,CALL,0.0,355.0,10490250.0,5.5211842105263156e-05,10M-50M,2027-06-17,295.5,293.3,lastPrice,mid,,969.5098876953124,937.0,987.9500122070312,994.7999877929688,967.1500244140624,295.5,0.0,0.0,4.0,0.007822421875,False,MU,295.5,0.028639618138424743,0.007500852369587414,0.034695717924559645,190000000000,0.7500852369587414,-355.0
MSFT270115P00360000,360.0,-4358.0,-100.0,空头平仓 Put，回补，看跌信号减弱,-1.5754888401150173,PUT,0.0,4358.0,10480990.0,2.1885550219252453e-06,10M-50M,2027-01-15,24.05,23.575,lastPrice,mid,,384.8299865722656,390.989990234375,382.5050048828125,385.6000061035156,378.6499938964844,24.05,0.0,0.0,38.0,0.0312596875,False,MSFT,23.25,0.04878048780487799,0.02014846235418882,-0.015754888401150174,4789000000000,2.014846235418882,-4358.0
MU270115P01010000,1010.0,-409.0,-100.0,多头平仓 Put，减仓，看跌减弱,3.4695717924559646,PUT,0.0,409.0,10470400.0,5.510736842105263e-05,10M-50M,2027-01-15,256.0,264.7,lastPrice,mid,,969.5098876953124,937.0,987.9500122070312,994.7999877929688,967.1500244140624,256.0,0.0,0.0,52.0,1.0000000000000004e-05,True,MU,256.0,0.013222516055912355,-0.032867397053267806,0.034695717924559645,190000000000,-3.286739705326781,-409.0
MSFT280121P00440000,440.0,-1129.0,-100.0,空头平仓 Put，回补，看跌信号减弱,-1.5754888401150173,PUT,0.0,1129.0,10465830.0,2.185389434119858e-06,10M-50M,2028-01-21,92.7,87.32499999999999,lastPrice,mid,,384.8299865722656,390.989990234375,382.5050048828125,385.6000061035156,378.6499938964844,92.7,0.0,0.0,1.0,1.0000000000000004e-05,True,MSFT,92.7,0.039507586601775016,0.061551674778127854,-0.015754888401150174,4789000000000,6.155167477812785,-1129.0
MSFT270617C00370000,370.0,-1483.0,-100.0,多头平仓 Call，减仓，看涨减弱,-1.5754888401150173,CALL,0.0,1483.0,10453667.0,2.18284965546043e-06,10M-50M,2027-06-17,70.49,70.65,lastPrice,mid,,384.8299865722656,390.989990234375,382.5050048828125,385.6000061035156,378.6499938964844,70.49,0.0,0.0,43.0,1.0000000000000004e-05,True,MSFT,71.55,0.02406227883934894,-0.0022646850672329907,-0.015754888401150174,4789000000000,-0.22646850672329907,-1483.0
MU270617C01150000,1150.0,-423.0,-100.0,空头平仓 Call，回补信号，看涨,3.4695717924559646,CALL,0.0,423.0,10448100.0,5.499e-05,10M-50M,2027-06-17,247.0,245.0,lastPrice,mid,,969.5098876953124,937.0,987.9500122070312,994.7999877929688,967.1500244140624,247.0,0.0,0.0,6.0,0.0312596875,False,MU,244.96,0.036326530612244806,0.00816326530612245,0.034695717924559645,190000000000,0.8163265306122449,-423.0
MU280121C00710000,710.0,-216.0,-100.0,空头平仓 Call，回补信号，看涨,3.4695717924559646,CALL,0.0,216.0,10446840.0,5.498336842105263e-05,10M-50M,2028-01-21,483.65,473.25,lastPrice,mid,,969.5098876953124,937.0,987.9500122070312,994.7999877929688,967.1500244140624,483.65,0.0,0.0,1.0,1.0000000000000004e-05,True,MU,483.65,0.022187004754358162,0.02197569994717375,0.034695717924559645,190000000000,2.1975699947173752,-216.0
MSFT260918P00490000,490.0,-1005.0,-100.0,空头平仓 Put，回补，看跌信号减弱,-1.5754888401150173,PUT,0.0,1005.0,10434915.0,2.178934015452078e-06,10M-50M,2026-09-18,103.83,100.825,lastPrice,mid,,384.8299865722656,390.989990234375,382.5050048828125,385.6000061035156,378.6499938964844,103.83,0.0,0.0,51.0,1.0000000000000004e-05,True,MSFT,103.83,0.026283163897842854,0.029804116042648106,-0.015754888401150174,4789000000000,2.9804116042648108,-1005.0
MU271217C01110000,1110.0,-260.0,-100.0,空头平仓 Call，回补信号，看涨,3.4695717924559646,CALL,0.0,260.0,10429380.0,5.489147368421053e-05,10M-50M,2027-12-17,401.13,329.9,lastPrice,mid,,969.5098876953124,937.0,987.9500122070312,994.7999877929688,967.1500244140624,401.13,0.0,0.0,2.0,0.0312596875,False,MU,401.13,0.027280994240678997,0.2159139133070628,0.034695717924559645,190000000000,21.59139133070628,-260.0
MU260918C01150000,1150.0,-1418.0,-100.0,空头平仓 Call，回补信号，看涨,3.4695717924559646,CALL,0.0,1418.0,10415210.0,5.48168947368421e-05,10M-50M,2026-09-18,73.45,73.0,lastPrice,mid,,969.5098876953124,937.0,987.9500122070312,994.7999877929688,967.1500244140624,73.45,0.0,0.0,119.0,0.12500875,False,MU,73.75,0.046575342465753504,0.0061643835616438745,0.034695717924559645,190000000000,0.6164383561643875,-1418.0
MU280121P00780000,780.0,-428.0,-100.0,多头平仓 Put，减仓，看跌减弱,3.4695717924559646,PUT,0.0,428.0,10413240.0,5.480652631578947e-05,10M-50M,2028-01-21,243.3,247.55,lastPrice,mid,,969.5098876953124,937.0,987.9500122070312,994.7999877929688,967.1500244140624,243.3,0.0,0.0,2.0,0.0312596875,False,MU,243.3,0.03554837406584521,-0.01716824883861846,0.034695717924559645,190000000000,-1.716824883861846,-428.0
MU270115P00780000,780.0,-798.0,-100.0,多头平仓 Put，减仓，看跌减弱,3.4695717924559646,PUT,0.0,798.0,10409910.0,5.4789e-05,10M-50M,2027-01-15,130.45,135.95,lastPrice,mid,,969.5098876953124,937.0,987.9500122070312,994.7999877929688,967.1500244140624,130.45,0.0,0.0,3.0,0.062509375,False,MU,130.45,0.026480323648400108,-0.04045605001838912,0.034695717924559645,190000000000,-4.045605001838911,-798.0
MSFT270617P00300000,300.0,-7008.0,-100.0,空头平仓 Put，回补，看跌信号减弱,-1.5754888401150173,PUT,0.0,7008.0,10406880.0,2.1730799749425766e-06,10M-50M,2027-06-17,14.85,14.375,lastPrice,mid,,384.8299865722656,390.989990234375,382.5050048828125,385.6000061035156,378.6499938964844,14.85,0.0,0.0,249.0,0.062509375,False,MSFT,14.45,0.03130434782608691,0.03304347826086954,-0.015754888401150174,4789000000000,3.3043478260869543,-7008.0
MU260731P00950000,950.0,-1164.0,-100.0,多头平仓 Put，减仓，看跌减弱,3.4695717924559646,PUT,0.0,1164.0,10380552.0,5.4634484210526315e-05,10M-50M,2026-07-31,89.18,90.15,lastPrice,mid,,969.5098876953124,937.0,987.9500122070312,994.7999877929688,967.1500244140624,89.18,0.0,0.0,30.0,1.0000000000000004e-05,True,MU,90.58,0.04658901830282865,-0.010759844703272311,0.034695717924559645,190000000000,-1.0759844703272312,-1164.0
MU281215C00680000,680.0,-178.0,-100.0,空头平仓 Call，回补信号，看涨,3.4695717924559646,CALL,0.0,178.0,10360846.0,5.453076842105263e-05,10M-50M,2028-12-15,582.07,562.0,lastPrice,mid,,969.5098876953124,937.0,987.9500122070312,994.7999877929688,967.1500244140624,582.07,0.0,0.0,2.0,1.0000000000000004e-05,True,MU,582.07,0.021352313167259787,0.03571174377224208,0.034695717924559645,190000000000,3.571174377224208,-178.0
MSFT260918P00350000,350.0,-11173.0,-100.0,空头平仓 Put，回补，看跌信号减弱,-1.5754888401150173,PUT,0.0,11173.0,10335025.0,2.1580757987053665e-06,10M-50M,2026-09-18,9.25,9.149999999999999,lastPrice,mid,,384.8299865722656,390.989990234375,382.5050048828125,385.6000061035156,378.6499938964844,9.25,0.0,0.0,134.0,0.062509375,False,MSFT,9.22,0.06557377049180325,0.010928961748634038,-0.015754888401150174,4789000000000,1.0928961748634038,-11173.0
MSFT261120P00410000,410.0,-2226.0,-100.0,空头平仓 Put，回补，看跌信号减弱,-1.5754888401150173,PUT,0.0,2226.0,10295250.0,2.149770306953435e-06,10M-50M,2026-11-20,46.25,44.15,lastPrice,mid,,384.8299865722656,390.989990234375,382.5050048828125,385.6000061035156,378.6499938964844,46.25,0.0,0.0,2.0,1.0000000000000004e-05,True,MSFT,46.25,0.03850509626274072,0.04756511891279731,-0.015754888401150174,4789000000000,4.7565118912797315,-2226.0
MU260717P01125000,1125.0,-532.0,-100.0,多头平仓 Put，减仓，看跌减弱,3.4695717924559646,PUT,0.0,532.0,10284092.0,5.41268e-05,10M-50M,2026-07-17,193.31,195.89999999999998,lastPrice,mid,,969.5098876953124,937.0,987.9500122070312,994.7999877929688,967.1500244140624,193.31,0.0,0.0,10.0,1.0000000000000004e-05,True,MU,148.3,0.05666156202143949,-0.013221031138335759,0.034695717924559645,190000000000,-1.322103113833576,-532.0
MRVL280616P00200000,200.0,-1358.0,-100.0,多头平仓 Put，减仓，看跌减弱,2.362892207278231,PUT,0.0,1358.0,10280060.0,0.0001427786111111111,10M-50M,2028-06-16,75.7,75.975,lastPrice,mid,,222.6699981689453,217.52999877929688,231.56500244140625,232.0,222.57000732421875,75.7,0.0,0.0,351.0,0.01563484375,False,MRVL,75.7,0.028298782494241417,-0.0036196117143796184,0.02362892207278231,72000000000,-0.36196117143796186,-1358.0
MRVL270115C00200000,200.0,-1595.0,-100.0,空头平仓 Call，回补信号，看涨,2.362892207278231,CALL,0.0,1595.0,10279775.0,0.00014277465277777777,10M-50M,2027-01-15,64.45,63.025,lastPrice,mid,,222.6699981689453,217.52999877929688,231.56500244140625,232.0,222.57000732421875,64.45,0.0,0.0,44.0,1.0000000000000004e-05,True,MRVL,63.56,0.04204680682268928,0.022610075366917958,0.02362892207278231,72000000000,2.2610075366917957,-1595.0
MRVL280616P00240000,240.0,-994.0,-100.0,多头平仓 Put，减仓，看跌减弱,2.362892207278231,PUT,0.0,994.0,10248140.0,0.00014233527777777777,10M-50M,2028-06-16,103.1,103.5,lastPrice,mid,,222.6699981689453,217.52999877929688,231.56500244140625,232.0,222.57000732421875,103.1,0.0,0.0,206.0,1.0000000000000004e-05,True,MRVL,103.1,0.03671497584541074,-0.003864734299516963,0.02362892207278231,72000000000,-0.3864734299516963,-994.0
MSFT261218P00365000,365.0,-4221.0,-100.0,空头平仓 Put，回补，看跌信号减弱,-1.5754888401150173,PUT,0.0,4221.0,10235925.0,2.137382543328461e-06,10M-50M,2026-12-18,24.25,24.05,lastPrice,mid,,384.8299865722656,390.989990234375,382.5050048828125,385.6000061035156,378.6499938964844,24.25,0.0,0.0,81.0,0.0312596875,False,MSFT,23.85,0.016632016632016574,0.008316008316008287,-0.015754888401150174,4789000000000,0.8316008316008286,-4221.0
LITE261218C00750000,750.0,-450.0,-100.0,空头平仓 Call，回补信号，看涨,7.024012802166325,CALL,0.0,450.0,10218150.0,0.0009289227272727273,10M-50M,2026-12-18,227.07,204.2,lastPrice,mid,,822.10498046875,768.1500244140625,818.4099731445312,839.8800048828125,815.0,227.07,0.0,0.0,1.0,1.0000000000000004e-05,True,LITE,227.07,0.056807051909892235,0.11199804113614106,0.07024012802166325,11000000000,11.199804113614107,-450.0
MRVL261016P00250000,250.0,-1739.0,-100.0,多头平仓 Put，减仓，看跌减弱,2.362892207278231,PUT,0.0,1739.0,10185323.0,0.00014146281944444445,10M-50M,2026-10-16,58.57,60.175,lastPrice,mid,,222.6699981689453,217.52999877929688,231.56500244140625,232.0,222.57000732421875,58.57,0.0,0.0,16.0,1.0000000000000004e-05,True,MRVL,58.57,0.04071458246780217,-0.026672206065641826,0.02362892207278231,72000000000,-2.6672206065641824,-1739.0
MSFT270115C00480000,480.0,-6438.0,-100.0,多头平仓 Call，减仓，看涨减弱,-1.5754888401150173,CALL,0.0,6438.0,10159164.0,2.121353936103571e-06,10M-50M,2027-01-15,15.78,16.475,lastPrice,mid,,384.8299865722656,390.989990234375,382.5050048828125,385.6000061035156,378.6499938964844,15.78,0.0,0.0,72.0,0.062509375,False,MSFT,16.8,0.051593323216995314,-0.042185128983308166,-0.015754888401150174,4789000000000,-4.218512898330816,-6438.0
MSFT270617P00500000,500.0,-815.0,-100.0,空头平仓 Put，回补，看跌信号减弱,-1.5754888401150173,PUT,0.0,815.0,10149195.0,2.11927229066611e-06,10M-50M,2027-06-17,124.53,121.975,lastPrice,mid,,384.8299865722656,390.989990234375,382.5050048828125,385.6000061035156,378.6499938964844,124.53,0.0,0.0,3.0,1.0000000000000004e-05,True,MSFT,124.53,0.02336544373847107,0.020946915351506515,-0.015754888401150174,4789000000000,2.0946915351506514,-815.0
MU281215C01090000,1090.0,-201.0,-100.0,空头平仓 Call，回补信号，看涨,3.4695717924559646,CALL,0.0,201.0,10090200.0,5.310631578947368e-05,10M-50M,2028-12-15,502.0,448.0,lastPrice,mid,,969.5098876953124,937.0,987.9500122070312,994.7999877929688,967.1500244140624,502.0,0.0,0.0,2.0,0.01563484375,False,MU,502.0,0.03571428571428571,0.12053571428571429,0.034695717924559645,190000000000,12.053571428571429,-201.0
MSFT270617P00450000,450.0,-1127.0,-100.0,空头平仓 Put，回补，看跌信号减弱,-1.5754888401150173,PUT,0.0,1127.0,10055094.0,2.0996228857799125e-06,10M-50M,2027-06-17,89.22,84.75,lastPrice,mid,,384.8299865722656,390.989990234375,382.5050048828125,385.6000061035156,378.6499938964844,89.22,0.0,0.0,16.0,1.0000000000000004e-05,True,MSFT,89.22,0.031858407079645885,0.0527433628318584,-0.015754888401150174,4789000000000,5.27433628318584,-1127.0
MU270319C00690000,690.0,-222.0,-100.0,空头平仓 Call，回补信号，看涨,3.4695717924559646,CALL,0.0,222.0,9985338.0,5.255441052631579e-05,5M-10M,2027-03-19,449.79,379.29999999999995,lastPrice,mid,,969.5098876953124,937.0,987.9500122070312,994.7999877929688,967.1500244140624,449.79,0.0,0.0,6.0,1.0000000000000004e-05,True,MU,449.79,0.0297917215924071,0.18584234115475895,0.034695717924559645,190000000000,18.584234115475894,-222.0
MU260918C00710000,710.0,-304.0,-100.0,空头平仓 Call，回补信号，看涨,3.4695717924559646,CALL,0.0,304.0,9903104.0,5.21216e-05,5M-10M,2026-09-18,325.76,270.65,lastPrice,mid,,969.5098876953124,937.0,987.9500122070312,994.7999877929688,967.1500244140624,325.76,0.0,0.0,2.0,1.0000000000000004e-05,True,MU,325.76,0.03362276002216873,0.2036209126177721,0.034695717924559645,190000000000,20.36209126177721,-304.0
MU280121C01030000,1030.0,-223.0,-100.0,空头平仓 Call，回补信号，看涨,3.4695717924559646,CALL,0.0,223.0,9895402.0,5.208106315789474e-05,5M-10M,2028-01-21,443.74,364.5,lastPrice,mid,,969.5098876953124,937.0,987.9500122070312,994.7999877929688,967.1500244140624,443.74,0.0,0.0,2.0,0.01563484375,False,MU,443.74,0.02194787379972565,0.2173936899862826,0.034695717924559645,190000000000,21.73936899862826,-223.0
MU280616C00810000,810.0,-137.0,-100.0,空头平仓 Call，回补信号，看涨,3.4695717924559646,CALL,0.0,137.0,9836600.0,5.177157894736842e-05,5M-10M,2028-06-16,718.0,477.0,lastPrice,mid,,969.5098876953124,937.0,987.9500122070312,994.7999877929688,967.1500244140624,718.0,0.0,0.0,3.0,1.0000000000000004e-05,True,MU,718.0,0.029350104821802937,0.5052410901467506,0.034695717924559645,190000000000,50.524109014675055,-137.0
MU271217C00960000,960.0,-245.0,-100.0,空头平仓 Call，回补信号，看涨,3.4695717924559646,CALL,0.0,245.0,9800000.0,5.157894736842105e-05,5M-10M,2027-12-17,400.0,373.075,lastPrice,mid,,969.5098876953124,937.0,987.9500122070312,994.7999877929688,967.1500244140624,400.0,0.0,0.0,4.0,0.0039162109375,False,MU,400.0,0.02854653889968499,0.07217047510554181,0.034695717924559645,190000000000,7.217047510554181,-245.0
MU261218P01150000,1150.0,-300.0,-100.0,多头平仓 Put，减仓，看跌减弱,3.4695717924559646,PUT,0.0,300.0,9715500.0,5.113421052631579e-05,5M-10M,2026-12-18,323.85,347.375,lastPrice,mid,,969.5098876953124,937.0,987.9500122070312,994.7999877929688,967.1500244140624,323.85,0.0,0.0,3.0,1.0000000000000004e-05,True,MU,323.85,0.01770421014753502,-0.06772220223101828,0.034695717924559645,190000000000,-6.7722202231018285,-300.0
MSFT260918P00500000,500.0,-791.0,-100.0,空头平仓 Put，回补，看跌信号减弱,-1.5754888401150173,PUT,0.0,791.0,9696078.0,2.024656086865734e-06,5M-10M,2026-09-18,122.58,110.6,lastPrice,mid,,384.8299865722656,390.989990234375,382.5050048828125,385.6000061035156,378.6499938964844,122.58,0.0,0.0,9.0,1.0000000000000004e-05,True,MSFT,122.58,0.018083182640144666,0.10831826401446659,-0.015754888401150174,4789000000000,10.831826401446659,-791.0
MU270917C01110000,1110.0,-293.0,-100.0,空头平仓 Call，回补信号，看涨,3.4695717924559646,CALL,0.0,293.0,9669000.0,5.088947368421053e-05,5M-10M,2027-09-17,330.0,293.925,lastPrice,mid,,969.5098876953124,937.0,987.9500122070312,994.7999877929688,967.1500244140624,330.0,0.0,0.0,1.0,0.0312596875,False,MU,330.0,0.03453261886535673,0.12273539168155137,0.034695717924559645,190000000000,12.273539168155137,-293.0
MSFT260821P00480000,480.0,-994.0,-100.0,空头平仓 Put，回补，看跌信号减弱,-1.5754888401150173,PUT,0.0,994.0,9653728.0,2.0158129045729797e-06,5M-10M,2026-08-21,97.12,90.325,lastPrice,mid,,384.8299865722656,390.989990234375,382.5050048828125,385.6000061035156,378.6499938964844,97.12,0.0,0.0,1.0,1.0000000000000004e-05,True,MSFT,97.12,0.02933849986161091,0.07522834209797953,-0.015754888401150174,4789000000000,7.522834209797953,-994.0
MSFT270115P00505000,505.0,-659.0,-100.0,空头平仓 Put，回补，看跌信号减弱,-1.5754888401150173,PUT,0.0,659.0,9630626.0,2.0109889329713926e-06,5M-10M,2027-01-15,146.14,119.5,lastPrice,mid,,384.8299865722656,390.989990234375,382.5050048828125,385.6000061035156,378.6499938964844,146.14,0.0,0.0,9.0,1.0000000000000004e-05,True,MSFT,146.14,0.02008368200836825,0.2229288702928869,-0.015754888401150174,4789000000000,22.292887029288693,-659.0
MU260717C00910000,910.0,-1657.0,-100.0,空头平仓 Call，回补信号，看涨,3.4695717924559646,CALL,0.0,1657.0,9610600.0,5.0582105263157895e-05,5M-10M,2026-07-17,58.0,53.725,lastPrice,mid,,969.5098876953124,937.0,987.9500122070312,994.7999877929688,967.1500244140624,58.0,0.0,0.0,648.0,1.0000000000000004e-05,True,MU,50.49,0.03257328990228013,0.07957189390414143,0.034695717924559645,190000000000,7.957189390414143,-1657.0
MU261120C00670000,670.0,-258.0,-100.0,空头平仓 Call，回补信号，看涨,3.4695717924559646,CALL,0.0,258.0,9515040.0,5.007915789473684e-05,5M-10M,2026-11-20,368.8,338.375,lastPrice,mid,,969.5098876953124,937.0,987.9500122070312,994.7999877929688,967.1500244140624,368.8,0.0,0.0,5.0,1.0000000000000004e-05,True,MU,368.8,0.03708902844477268,0.08991503509420025,0.034695717924559645,190000000000,8.991503509420024,-258.0
MU280121C01110000,1110.0,-244.0,-100.0,空头平仓 Call，回补信号，看涨,3.4695717924559646,CALL,0.0,244.0,9506972.0,5.0036694736842104e-05,5M-10M,2028-01-21,389.63,342.75,lastPrice,mid,,969.5098876953124,937.0,987.9500122070312,994.7999877929688,967.1500244140624,389.63,0.0,0.0,1.0,0.0312596875,False,MU,389.63,0.024799416484318017,0.13677607585703863,0.034695717924559645,190000000000,13.677607585703862,-244.0
MSFT270617P00505000,505.0,-640.0,-100.0,空头平仓 Put，回补，看跌信号减弱,-1.5754888401150173,PUT,0.0,640.0,9497600.0,1.9832115264147006e-06,5M-10M,2027-06-17,148.4,125.875,lastPrice,mid,,384.8299865722656,390.989990234375,382.5050048828125,385.6000061035156,378.6499938964844,148.4,0.0,0.0,1.0,1.0000000000000004e-05,True,MSFT,148.4,0.021052631578947413,0.1789473684210527,-0.015754888401150174,4789000000000,17.894736842105267,-640.0
MU281215C00780000,780.0,-148.0,-100.0,空头平仓 Call，回补信号，看涨,3.4695717924559646,CALL,0.0,148.0,9489760.0,4.99461052631579e-05,5M-10M,2028-12-15,641.2,529.025,lastPrice,mid,,969.5098876953124,937.0,987.9500122070312,994.7999877929688,967.1500244140624,641.2,0.0,0.0,3.0,1.0000000000000004e-05,True,MU,641.2,0.026558291196068153,0.21204101885544174,0.034695717924559645,190000000000,21.204101885544173,-148.0
MU280616C01010000,1010.0,-185.0,-100.0,空头平仓 Call，回补信号，看涨,3.4695717924559646,CALL,0.0,185.0,9424455.0,4.960239473684211e-05,5M-10M,2028-06-16,509.43,419.525,lastPrice,mid,,969.5098876953124,937.0,987.9500122070312,994.7999877929688,967.1500244140624,509.43,0.0,0.0,1.0,0.007822421875,False,MU,509.43,0.03587390501162031,0.2143018890411776,0.034695717924559645,190000000000,21.43018890411776,-185.0
MU270917C01210000,1210.0,-323.0,-100.0,空头平仓 Call，回补信号，看涨,3.4695717924559646,CALL,0.0,323.0,9417065.0,4.95635e-05,5M-10M,2027-09-17,291.55,270.075,lastPrice,mid,,969.5098876953124,937.0,987.9500122070312,994.7999877929688,967.1500244140624,291.55,0.0,0.0,2.0,0.0312596875,False,MU,291.55,0.04165509580672036,0.07951494955105072,0.034695717924559645,190000000000,7.951494955105072,-323.0
MSFT261218P00490000,490.0,-834.0,-100.0,空头平仓 Put，回补，看跌信号减弱,-1.5754888401150173,PUT,0.0,834.0,9313278.0,1.9447229066610983e-06,5M-10M,2026-12-18,111.67,105.9,lastPrice,mid,,384.8299865722656,390.989990234375,382.5050048828125,385.6000061035156,378.6499938964844,111.67,0.0,0.0,1.0,1.0000000000000004e-05,True,MSFT,111.67,0.02360717658168083,0.05448536355051932,-0.015754888401150174,4789000000000,5.448536355051932,-834.0
MRVL261218C00180000,180.0,-994.0,-100.0,空头平仓 Call，回补信号，看涨,2.362892207278231,CALL,0.0,994.0,9288930.0,0.00012901291666666666,5M-10M,2026-12-18,93.45,69.0,lastPrice,mid,,222.6699981689453,217.52999877929688,231.56500244140625,232.0,222.57000732421875,93.45,0.0,0.0,6.0,1.0000000000000004e-05,True,MRVL,93.45,0.03913043478260853,0.3543478260869566,0.02362892207278231,72000000000,35.434782608695656,-994.0
MU270617C00770000,770.0,-225.0,-100.0,空头平仓 Call，回补信号，看涨,3.4695717924559646,CALL,0.0,225.0,9238950.0,4.862605263157895e-05,5M-10M,2027-06-17,410.62,375.525,lastPrice,mid,,969.5098876953124,937.0,987.9500122070312,994.7999877929688,967.1500244140624,410.62,0.0,0.0,1.0,1.0000000000000004e-05,True,MU,410.62,0.0211703614939085,0.09345582850675728,0.034695717924559645,190000000000,9.345582850675727,-225.0
MU261016P01050000,1050.0,-427.0,-100.0,多头平仓 Put，减仓，看跌减弱,3.4695717924559646,PUT,0.0,427.0,9218930.0,4.852068421052631e-05,5M-10M,2026-10-16,215.9,239.2,lastPrice,mid,,969.5098876953124,937.0,987.9500122070312,994.7999877929688,967.1500244140624,215.9,0.0,0.0,6.0,1.0000000000000004e-05,True,MU,215.9,0.015050167224080244,-0.09740802675585278,0.034695717924559645,190000000000,-9.740802675585277,-427.0
MSFT260821P00470000,470.0,-1048.0,-100.0,空头平仓 Put，回补，看跌信号减弱,-1.5754888401150173,PUT,0.0,1048.0,9203535.999999998,1.921807475464606e-06,5M-10M,2026-08-21,87.82,81.25,lastPrice,mid,,384.8299865722656,390.989990234375,382.5050048828125,385.6000061035156,378.6499938964844,87.82,0.0,0.0,267.0,1.0000000000000004e-05,True,MSFT,87.82,0.01600000000000014,0.08086153846153837,-0.015754888401150174,4789000000000,8.086153846153838,-1048.0
MU261016C00720000,720.0,-277.0,-100.0,空头平仓 Call，回补信号，看涨,3.4695717924559646,CALL,0.0,277.0,8949870.000000002,4.710457894736843e-05,5M-10M,2026-10-16,323.1,286.275,lastPrice,mid,,969.5098876953124,937.0,987.9500122070312,994.7999877929688,967.1500244140624,323.1,0.0,0.0,4.0,1.0000000000000004e-05,True,MU,323.1,0.03685267662212911,0.1286350537071,0.034695717924559645,190000000000,12.86350537071,-277.0
MU271217C00860000,860.0,-179.0,-100.0,空头平仓 Call，回补信号，看涨,3.4695717924559646,CALL,0.0,179.0,8915990.0,4.692626315789474e-05,5M-10M,2027-12-17,498.1,406.775,lastPrice,mid,,969.5098876953124,937.0,987.9500122070312,994.7999877929688,967.1500244140624,498.1,0.0,0.0,4.0,1.0000000000000004e-05,True,MU,498.1,0.025444041546309304,0.22450986417552712,0.034695717924559645,190000000000,22.450986417552713,-179.0
SNDK270219C01410000,1410.0,132.0,0.0,多头买 Call，看涨,4.7760757147038735,CALL,132.0,0.0,8884260.0,0.0011105325,5M-10M,2027-02-19,673.05,482.5,mid,lastPrice,0.02689250427159947,1753.9200439453125,1673.969970703125,1807.0,1812.469970703125,1750.300048828125,482.5,664.0,682.1,3.0,1.1483044293975828,True,SNDK,482.5,,0.394922279792746,0.047760757147038736,8000000000,39.4922279792746,132.0
MU280121C01010000,1010.0,-217.0,-100.0,空头平仓 Call，回补信号，看涨,3.4695717924559646,CALL,0.0,217.0,8848175.0,4.656934210526316e-05,5M-10M,2028-01-21,407.75,371.04999999999995,lastPrice,mid,,969.5098876953124,937.0,987.9500122070312,994.7999877929688,967.1500244140624,407.75,0.0,0.0,2.0,0.01563484375,False,MU,407.75,0.02614202937609484,0.09890850289718381,0.034695717924559645,190000000000,9.890850289718381,-217.0
MU270319C00680000,680.0,-188.0,-100.0,空头平仓 Call，回补信号，看涨,3.4695717924559646,CALL,0.0,188.0,8841076.0,4.653197894736842e-05,5M-10M,2027-03-19,470.27,384.67499999999995,lastPrice,mid,,969.5098876953124,937.0,987.9500122070312,994.7999877929688,967.1500244140624,470.27,0.0,0.0,1.0,1.0000000000000004e-05,True,MU,470.27,0.030025346071358972,0.22251251056086316,0.034695717924559645,190000000000,22.251251056086314,-188.0
LITE270115C00890000,890.0,-456.0,-100.0,空头平仓 Call，回补信号，看涨,7.024012802166325,CALL,0.0,456.0,8743800.0,0.0007948909090909091,5M-10M,2027-01-15,191.75,170.3,lastPrice,mid,,822.10498046875,768.1500244140625,818.4099731445312,839.8800048828125,815.0,191.75,0.0,0.0,3.0,0.0312596875,False,LITE,191.75,0.07633587786259541,0.12595419847328237,0.07024012802166325,11000000000,12.595419847328237,-456.0
MU260821C00930000,930.0,-722.0,-100.0,空头平仓 Call，回补信号，看涨,3.4695717924559646,CALL,0.0,722.0,8718150.0,4.5885e-05,5M-10M,2026-08-21,120.75,114.125,lastPrice,mid,,969.5098876953124,937.0,987.9500122070312,994.7999877929688,967.1500244140624,120.75,0.0,0.0,241.0,1.0000000000000004e-05,True,MU,113.61,0.033734939759036096,0.05805038335158817,0.034695717924559645,190000000000,5.805038335158817,-722.0
MU260717P00980000,980.0,-1348.0,-100.0,多头平仓 Put，减仓，看跌减弱,3.4695717924559646,PUT,0.0,1348.0,8698644.0,4.5782336842105264e-05,5M-10M,2026-07-17,64.53,69.2,lastPrice,mid,,969.5098876953124,937.0,987.9500122070312,994.7999877929688,967.1500244140624,64.53,0.0,0.0,157.0,1.0000000000000004e-05,True,MU,69.43,0.041907514450867135,-0.067485549132948,0.034695717924559645,190000000000,-6.7485549132948,-1348.0
MRVL270115C00155000,155.0,-827.0,-100.0,空头平仓 Call，回补信号，看涨,2.362892207278231,CALL,0.0,827.0,8625610.0,0.00011980013888888889,5M-10M,2027-01-15,104.3,85.7,lastPrice,mid,,222.6699981689453,217.52999877929688,231.56500244140625,232.0,222.57000732421875,104.3,0.0,0.0,4.0,1.0000000000000004e-05,True,MRVL,104.3,0.03383897316219377,0.21703617269544917,0.02362892207278231,72000000000,21.703617269544917,-827.0
MU280616C00720000,720.0,-146.0,-100.0,空头平仓 Call，回补信号，看涨,3.4695717924559646,CALL,0.0,146.0,8595750.0,4.524078947368421e-05,5M-10M,2028-06-16,588.75,509.9,lastPrice,mid,,969.5098876953124,937.0,987.9500122070312,994.7999877929688,967.1500244140624,588.75,0.0,0.0,15.0,1.0000000000000004e-05,True,MU,588.75,0.030986467934889107,0.15463816434595024,0.034695717924559645,190000000000,15.463816434595024,-146.0
MU281215C00670000,670.0,-134.0,-100.0,空头平仓 Call，回补信号，看涨,3.4695717924559646,CALL,0.0,134.0,8561260.0,4.505926315789474e-05,5M-10M,2028-12-15,638.9,565.0,lastPrice,mid,,969.5098876953124,937.0,987.9500122070312,994.7999877929688,967.1500244140624,638.9,0.0,0.0,1.0,1.0000000000000004e-05,True,MU,638.9,0.024778761061946902,0.13079646017699112,0.034695717924559645,190000000000,13.079646017699112,-134.0
MU270917C00670000,670.0,-121.0,-100.0,空头平仓 Call，回补信号，看涨,3.4695717924559646,CALL,0.0,121.0,8541390.0,4.4954684210526313e-05,5M-10M,2027-09-17,705.9,452.6,lastPrice,mid,,969.5098876953124,937.0,987.9500122070312,994.7999877929688,967.1500244140624,705.9,0.0,0.0,3.0,1.0000000000000004e-05,True,MU,705.9,0.02761820592134335,0.5596553247901015,0.034695717924559645,190000000000,55.96553247901015,-121.0
MSFT280121P00390000,390.0,-1392.0,-100.0,空头平仓 Put，回补，看跌信号减弱,-1.5754888401150173,PUT,0.0,1392.0,8539920.0,1.783236583837962e-06,5M-10M,2028-01-21,61.35,58.15,lastPrice,mid,,384.8299865722656,390.989990234375,382.5050048828125,385.6000061035156,378.6499938964844,61.35,0.0,0.0,93.0,0.0004982763671875,False,MSFT,61.35,0.04815133276010313,0.055030094582975114,-0.015754888401150174,4789000000000,5.5030094582975115,-1392.0
MU270319C00820000,820.0,-147.0,-100.0,空头平仓 Call，回补信号，看涨,3.4695717924559646,CALL,0.0,147.0,8502921.0,4.4752215789473687e-05,5M-10M,2027-03-19,578.43,315.3,lastPrice,mid,,969.5098876953124,937.0,987.9500122070312,994.7999877929688,967.1500244140624,578.43,0.0,0.0,5.0,1.0000000000000004e-05,True,MU,578.43,0.036156041864890506,0.8345385347288294,0.034695717924559645,190000000000,83.45385347288294,-147.0
MU270917C00870000,870.0,-216.0,-100.0,空头平仓 Call，回补信号，看涨,3.4695717924559646,CALL,0.0,216.0,8501543.999999998,4.474496842105262e-05,5M-10M,2027-09-17,393.59,370.625,lastPrice,mid,,969.5098876953124,937.0,987.9500122070312,994.7999877929688,967.1500244140624,393.59,0.0,0.0,2.0,1.0000000000000004e-05,True,MU,393.59,0.025767284991568173,0.06196290050590213,0.034695717924559645,190000000000,6.196290050590212,-216.0
MU280121C00970000,970.0,-188.0,-100.0,空头平仓 Call，回补信号，看涨,3.4695717924559646,CALL,0.0,188.0,8454736.0,4.449861052631579e-05,5M-10M,2028-01-21,449.72,382.15,lastPrice,mid,,969.5098876953124,937.0,987.9500122070312,994.7999877929688,967.1500244140624,449.72,0.0,0.0,4.0,0.007822421875,False,MU,449.72,0.024859348423393955,0.17681538662828747,0.034695717924559645,190000000000,17.681538662828746,-188.0
MSFT280121P00460000,460.0,-741.0,-100.0,空头平仓 Put，回补，看跌信号减弱,-1.5754888401150173,PUT,0.0,741.0,8336991.0,1.740862601795782e-06,5M-10M,2028-01-21,112.51,100.6,lastPrice,mid,,384.8299865722656,390.989990234375,382.5050048828125,385.6000061035156,378.6499938964844,112.51,0.0,0.0,10.0,1.0000000000000004e-05,True,MSFT,112.51,0.031809145129224684,0.11838966202783312,-0.015754888401150174,4789000000000,11.838966202783311,-741.0
MU270319C00880000,880.0,-258.0,-100.0,空头平仓 Call，回补信号，看涨,3.4695717924559646,CALL,0.0,258.0,8322564.0,4.380296842105263e-05,5M-10M,2027-03-19,322.58,291.35,lastPrice,mid,,969.5098876953124,937.0,987.9500122070312,994.7999877929688,967.1500244140624,322.58,0.0,0.0,6.0,1.0000000000000004e-05,True,MU,322.58,0.02780161318002391,0.10719066414964805,0.034695717924559645,190000000000,10.719066414964805,-258.0
MU270319C01030000,1030.0,-289.0,-100.0,空头平仓 Call，回补信号，看涨,3.4695717924559646,CALL,0.0,289.0,8318575.999999999,4.378197894736841e-05,5M-10M,2027-03-19,287.84,236.02499999999998,lastPrice,mid,,969.5098876953124,937.0,987.9500122070312,994.7999877929688,967.1500244140624,287.84,0.0,0.0,3.0,0.0312596875,False,MU,287.84,0.03241182078169688,0.2195318292553755,0.034695717924559645,190000000000,21.95318292553755,-289.0
MSFT261218P00430000,430.0,-1309.0,-100.0,空头平仓 Put，回补，看跌信号减弱,-1.5754888401150173,PUT,0.0,1309.0,8300369.0,1.7332154938400502e-06,5M-10M,2026-12-18,63.41,59.175,lastPrice,mid,,384.8299865722656,390.989990234375,382.5050048828125,385.6000061035156,378.6499938964844,63.41,0.0,0.0,5.0,1.0000000000000004e-05,True,MSFT,63.41,0.021123785382340516,0.07156738487536966,-0.015754888401150174,4789000000000,7.156738487536966,-1309.0
MSFT260918C00285000,285.0,-820.0,-100.0,多头平仓 Call，减仓，看涨减弱,-1.5754888401150173,CALL,0.0,820.0,8249200.0,1.7225307997494258e-06,5M-10M,2026-09-18,100.6,108.875,lastPrice,mid,,384.8299865722656,390.989990234375,382.5050048828125,385.6000061035156,378.6499938964844,100.6,0.0,0.0,1.0,1.0000000000000004e-05,True,MSFT,100.6,0.026176808266360454,-0.07600459242250292,-0.015754888401150174,4789000000000,-7.600459242250292,-820.0
MU261218P00890000,890.0,-495.0,-100.0,多头平仓 Put，减仓，看跌减弱,3.4695717924559646,PUT,0.0,495.0,8234325.0,4.333855263157895e-05,5M-10M,2026-12-18,166.35,179.325,lastPrice,mid,,969.5098876953124,937.0,987.9500122070312,994.7999877929688,967.1500244140624,166.35,0.0,0.0,1.0,0.01563484375,False,MU,166.35,0.02927645336679214,-0.07235466332078626,0.034695717924559645,190000000000,-7.235466332078626,-495.0
MU260821C00760000,760.0,-315.0,-100.0,空头平仓 Call，回补信号，看涨,3.4695717924559646,CALL,0.0,315.0,8055810.000000001,4.2399000000000005e-05,5M-10M,2026-08-21,255.74,214.39999999999998,lastPrice,mid,,969.5098876953124,937.0,987.9500122070312,994.7999877929688,967.1500244140624,255.74,0.0,0.0,1.0,1.0000000000000004e-05,True,MU,255.74,0.029850746268656747,0.19281716417910463,0.034695717924559645,190000000000,19.281716417910463,-315.0
MU280121C00840000,840.0,-167.0,-100.0,空头平仓 Call，回补信号，看涨,3.4695717924559646,CALL,0.0,167.0,8033869.0,4.228352105263158e-05,5M-10M,2028-01-21,481.07,424.675,lastPrice,mid,,969.5098876953124,937.0,987.9500122070312,994.7999877929688,967.1500244140624,481.07,0.0,0.0,1.0,1.0000000000000004e-05,True,MU,481.07,0.02319420733502095,0.13279566727497494,0.034695717924559645,190000000000,13.279566727497494,-167.0
MU271217C00710000,710.0,-133.0,-100.0,空头平仓 Call，回补信号，看涨,3.4695717924559646,CALL,0.0,133.0,8027081.999999999,4.224779999999999e-05,5M-10M,2027-12-17,603.54,462.475,lastPrice,mid,,969.5098876953124,937.0,987.9500122070312,994.7999877929688,967.1500244140624,603.54,0.0,0.0,3.0,1.0000000000000004e-05,True,MU,603.54,0.02800151359532945,0.3050218930753012,0.034695717924559645,190000000000,30.50218930753012,-133.0
SNDK261120C01430000,1430.0,144.0,0.0,多头买 Call，看涨,4.7760757147038735,CALL,144.0,0.0,8025840.000000001,0.0010032300000000001,5M-10M,2026-11-20,557.35,460.5,mid,lastPrice,0.025657127478245185,1753.9200439453125,1673.969970703125,1807.0,1812.469970703125,1750.300048828125,460.5,550.2,564.5,2.0,1.1740306191253662,True,SNDK,460.5,,0.21031487513572208,0.047760757147038736,8000000000,21.03148751357221,144.0
MU270917C00990000,990.0,-207.0,-100.0,空头平仓 Call，回补信号，看涨,3.4695717924559646,CALL,0.0,207.0,7928100.0,4.172684210526316e-05,5M-10M,2027-09-17,383.0,330.85,lastPrice,mid,,969.5098876953124,937.0,987.9500122070312,994.7999877929688,967.1500244140624,383.0,0.0,0.0,5.0,0.007822421875,False,MU,383.0,0.03354994710593914,0.15762430104276853,0.034695717924559645,190000000000,15.762430104276854,-207.0
MU270115C00860000,860.0,-271.0,-100.0,空头平仓 Call，回补信号，看涨,3.4695717924559646,CALL,0.0,271.0,7865504.000000001,4.139738947368422e-05,5M-10M,2027-01-15,290.24,266.75,lastPrice,mid,,969.5098876953124,937.0,987.9500122070312,994.7999877929688,967.1500244140624,290.24,0.0,0.0,13.0,1.0000000000000004e-05,True,MU,290.24,0.021743205248359716,0.08805998125585758,0.034695717924559645,190000000000,8.805998125585758,-271.0
MU261120C00770000,770.0,-260.0,-100.0,空头平仓 Call，回补信号，看涨,3.4695717924559646,CALL,0.0,260.0,7767500.0,4.088157894736842e-05,5M-10M,2026-11-20,298.75,279.225,lastPrice,mid,,969.5098876953124,937.0,987.9500122070312,994.7999877929688,967.1500244140624,298.75,0.0,0.0,1.0,1.0000000000000004e-05,True,MU,298.75,0.020234577849404724,0.06992568716984501,0.034695717924559645,190000000000,6.992568716984501,-260.0
MU271217C01120000,1120.0,-217.0,-100.0,空头平仓 Call，回补信号，看涨,3.4695717924559646,CALL,0.0,217.0,7643825.0,4.023065789473684e-05,5M-10M,2027-12-17,352.25,327.1,lastPrice,mid,,969.5098876953124,937.0,987.9500122070312,994.7999877929688,967.1500244140624,352.25,0.0,0.0,15.0,0.0312596875,False,MU,352.25,0.02904310608376643,0.07688780189544474,0.034695717924559645,190000000000,7.688780189544474,-217.0
MU281215C00930000,930.0,-132.0,-100.0,空头平仓 Call，回补信号，看涨,3.4695717924559646,CALL,0.0,132.0,7510800.0,3.9530526315789476e-05,5M-10M,2028-12-15,569.0,487.0,lastPrice,mid,,969.5098876953124,937.0,987.9500122070312,994.7999877929688,967.1500244140624,569.0,0.0,0.0,2.0,1.0000000000000004e-05,True,MU,569.0,0.028747433264887063,0.16837782340862423,0.034695717924559645,190000000000,16.83778234086242,-132.0
MU261120C00790000,790.0,-197.0,-100.0,空头平仓 Call，回补信号，看涨,3.4695717924559646,CALL,0.0,197.0,7435764.999999999,3.913560526315789e-05,5M-10M,2026-11-20,377.45,268.275,lastPrice,mid,,969.5098876953124,937.0,987.9500122070312,994.7999877929688,967.1500244140624,377.45,0.0,0.0,6.0,1.0000000000000004e-05,True,MU,377.45,0.023669741869350353,0.40695182182462036,0.034695717924559645,190000000000,40.695182182462034,-197.0
MU260717C00780000,780.0,-452.0,-100.0,空头平仓 Call，回补信号，看涨,3.4695717924559646,CALL,0.0,452.0,7421839.999999999,3.906231578947368e-05,5M-10M,2026-07-17,164.2,153.825,lastPrice,mid,,969.5098876953124,937.0,987.9500122070312,994.7999877929688,967.1500244140624,164.2,0.0,0.0,8.0,1.0000000000000004e-05,True,MU,152.54,0.05363237445148708,0.06744677393141557,0.034695717924559645,190000000000,6.744677393141557,-452.0
MU270617C00840000,840.0,-186.0,-100.0,空头平仓 Call，回补信号，看涨,3.4695717924559646,CALL,0.0,186.0,7377689.999999999,3.882994736842105e-05,5M-10M,2027-06-17,396.65,345.92499999999995,lastPrice,mid,,969.5098876953124,937.0,987.9500122070312,994.7999877929688,967.1500244140624,396.65,0.0,0.0,3.0,1.0000000000000004e-05,True,MU,396.65,0.03627954036279544,0.1466358314663584,0.034695717924559645,190000000000,14.663583146635839,-186.0
LITE260821P00800000,800.0,-658.0,-100.0,多头平仓 Put，减仓，看跌减弱,7.024012802166325,PUT,0.0,658.0,7336700.0,0.0006669727272727272,5M-10M,2026-08-21,111.5,121.2,lastPrice,mid,,822.10498046875,768.1500244140625,818.4099731445312,839.8800048828125,815.0,111.5,0.0,0.0,30.0,1.0000000000000004e-05,True,LITE,111.5,0.033003300330033,-0.08003300330033006,0.07024012802166325,11000000000,-8.003300330033007,-658.0
MU261218C00890000,890.0,-263.0,-100.0,空头平仓 Call，回补信号，看涨,3.4695717924559646,CALL,0.0,263.0,7322446.000000001,3.853918947368422e-05,5M-10M,2026-12-18,278.42,236.775,lastPrice,mid,,969.5098876953124,937.0,987.9500122070312,994.7999877929688,967.1500244140624,278.42,0.0,0.0,2.0,1.0000000000000004e-05,True,MU,278.42,0.024284658430999893,0.17588427832330275,0.034695717924559645,190000000000,17.588427832330275,-263.0
MU271217C00940000,940.0,-163.0,-100.0,空头平仓 Call，回补信号，看涨,3.4695717924559646,CALL,0.0,163.0,7303541.0,3.843968947368421e-05,5M-10M,2027-12-17,448.07,379.3,lastPrice,mid,,969.5098876953124,937.0,987.9500122070312,994.7999877929688,967.1500244140624,448.07,0.0,0.0,1.0,0.0004982763671875,False,MU,448.07,0.023991563406274775,0.18130767202741888,0.034695717924559645,190000000000,18.130767202741886,-163.0
MU271217C01030000,1030.0,-161.0,-100.0,空头平仓 Call，回补信号，看涨,3.4695717924559646,CALL,0.0,161.0,7293300.0,3.838578947368421e-05,5M-10M,2027-12-17,453.0,352.4,lastPrice,mid,,969.5098876953124,937.0,987.9500122070312,994.7999877929688,967.1500244140624,453.0,0.0,0.0,49.0,0.01563484375,False,MU,453.0,0.030930760499432563,0.2854710556186153,0.034695717924559645,190000000000,28.547105561861528,-161.0
MU280616C00970000,970.0,-153.0,-100.0,空头平仓 Call，回补信号，看涨,3.4695717924559646,CALL,0.0,153.0,7264287.000000001,3.823308947368422e-05,5M-10M,2028-06-16,474.79,428.2,lastPrice,mid,,969.5098876953124,937.0,987.9500122070312,994.7999877929688,967.1500244140624,474.79,0.0,0.0,2.0,0.0039162109375,False,MU,474.79,0.03643157403082677,0.10880429705744987,0.034695717924559645,190000000000,10.880429705744987,-153.0
LITE261016P00900000,900.0,-338.0,-100.0,多头平仓 Put，减仓，看跌减弱,7.024012802166325,PUT,0.0,338.0,7226440.000000001,0.000656949090909091,5M-10M,2026-10-16,213.8,232.10000000000002,lastPrice,mid,,822.10498046875,768.1500244140625,818.4099731445312,839.8800048828125,815.0,213.8,0.0,0.0,5.0,1.0000000000000004e-05,True,LITE,213.8,0.03619129685480398,-0.07884532529082296,0.07024012802166325,11000000000,-7.884532529082295,-338.0
MSFT271217P00480000,480.0,-569.0,-100.0,空头平仓 Put，回补，看跌信号减弱,-1.5754888401150173,PUT,0.0,569.0,7223455.0,1.508343077886824e-06,5M-10M,2027-12-17,126.95,113.775,lastPrice,mid,,384.8299865722656,390.989990234375,382.5050048828125,385.6000061035156,378.6499938964844,126.95,0.0,0.0,20.0,1.0000000000000004e-05,True,MSFT,126.95,0.024170511975390024,0.11579872555482308,-0.015754888401150174,4789000000000,11.579872555482309,-569.0
MU260731C01000000,1000.0,-1198.0,-100.0,空头平仓 Call，回补信号，看涨,3.4695717924559646,CALL,0.0,1198.0,7128100.0,3.7516315789473684e-05,5M-10M,2026-07-31,59.5,53.675,lastPrice,mid,,969.5098876953124,937.0,987.9500122070312,994.7999877929688,967.1500244140624,59.5,0.0,0.0,285.0,0.062509375,False,MU,52.37,0.06054960409874244,0.1085235211923615,0.034695717924559645,190000000000,10.85235211923615,-1198.0
MU280616C00830000,830.0,-122.0,-100.0,空头平仓 Call，回补信号，看涨,3.4695717924559646,CALL,0.0,122.0,7114308.0,3.7443726315789475e-05,5M-10M,2028-06-16,583.14,470.0,lastPrice,mid,,969.5098876953124,937.0,987.9500122070312,994.7999877929688,967.1500244140624,583.14,0.0,0.0,2.0,1.0000000000000004e-05,True,MU,583.14,0.03404255319148936,0.24072340425531913,0.034695717924559645,190000000000,24.072340425531912,-122.0
MU270319C00980000,980.0,-246.0,-100.0,空头平仓 Call，回补信号，看涨,3.4695717924559646,CALL,0.0,246.0,7068072.0,3.720037894736842e-05,5M-10M,2027-03-19,287.32,251.89999999999998,lastPrice,mid,,969.5098876953124,937.0,987.9500122070312,994.7999877929688,967.1500244140624,287.32,0.0,0.0,1.0,0.01563484375,False,MU,287.32,0.046050019849146466,0.14061135371179048,0.034695717924559645,190000000000,14.061135371179049,-246.0
MU270617C00810000,810.0,-132.0,-100.0,空头平仓 Call，回补信号，看涨,3.4695717924559646,CALL,0.0,132.0,7062000.0,3.716842105263158e-05,5M-10M,2027-06-17,535.0,358.2,lastPrice,mid,,969.5098876953124,937.0,987.9500122070312,994.7999877929688,967.1500244140624,535.0,0.0,0.0,1.0,1.0000000000000004e-05,True,MU,535.0,0.03461753210496923,0.49357900614182026,0.034695717924559645,190000000000,49.35790061418203,-132.0
MU261120C01050000,1050.0,-369.0,-100.0,空头平仓 Call，回补信号，看涨,3.4695717924559646,CALL,0.0,369.0,7060446.000000001,3.716024210526316e-05,5M-10M,2026-11-20,191.34,157.775,lastPrice,mid,,969.5098876953124,937.0,987.9500122070312,994.7999877929688,967.1500244140624,191.34,0.0,0.0,45.0,0.0312596875,False,MU,191.34,0.0503882110600538,0.21273966090952304,0.034695717924559645,190000000000,21.273966090952303,-369.0
MU280121C00920000,920.0,-167.0,-100.0,空头平仓 Call，回补信号，看涨,3.4695717924559646,CALL,0.0,167.0,7044227.0,3.7074878947368424e-05,5M-10M,2028-01-21,421.81,397.6,lastPrice,mid,,969.5098876953124,937.0,987.9500122070312,994.7999877929688,967.1500244140624,421.81,0.0,0.0,40.0,1.0000000000000004e-05,True,MU,421.81,0.022384305835010145,0.06089034205231383,0.034695717924559645,190000000000,6.089034205231383,-167.0
MU271217C00830000,830.0,-129.0,-100.0,空头平仓 Call，回补信号，看涨,3.4695717924559646,CALL,0.0,129.0,7017858.0,3.69360947368421e-05,5M-10M,2027-12-17,544.02,416.7,lastPrice,mid,,969.5098876953124,937.0,987.9500122070312,994.7999877929688,967.1500244140624,544.02,0.0,0.0,3.0,1.0000000000000004e-05,True,MU,544.02,0.023998080153587713,0.30554355651547876,0.034695717924559645,190000000000,30.554355651547876,-129.0
MSFT261120P00420000,420.0,-1271.0,-100.0,空头平仓 Put，回补，看跌信号减弱,-1.5754888401150173,PUT,0.0,1271.0,7013378.0,1.4644765086656921e-06,5M-10M,2026-11-20,55.18,50.525,lastPrice,mid,,384.8299865722656,390.989990234375,382.5050048828125,385.6000061035156,378.6499938964844,55.18,0.0,0.0,2.0,1.0000000000000004e-05,True,MSFT,55.18,0.04057397328055413,0.09213260761999013,-0.015754888401150174,4789000000000,9.213260761999013,-1271.0
LITE260918P00800000,800.0,-516.0,-100.0,多头平仓 Put，减仓，看跌减弱,7.024012802166325,PUT,0.0,516.0,6955680.0,0.0006323345454545455,5M-10M,2026-09-18,134.8,143.4,lastPrice,mid,,822.10498046875,768.1500244140625,818.4099731445312,839.8800048828125,815.0,134.8,0.0,0.0,1.0,1.0000000000000004e-05,True,LITE,134.8,0.07112970711297063,-0.059972105997210555,0.07024012802166325,11000000000,-5.997210599721056,-516.0
MRVL270115C00165000,165.0,-459.0,-100.0,空头平仓 Call，回补信号，看涨,2.362892207278231,CALL,0.0,459.0,6946964.999999999,9.648562499999999e-05,5M-10M,2027-01-15,151.35,80.3,lastPrice,mid,,222.6699981689453,217.52999877929688,231.56500244140625,232.0,222.57000732421875,151.35,0.0,0.0,1.0,1.0000000000000004e-05,True,MRVL,151.35,0.03611457036114578,0.8848069738480697,0.02362892207278231,72000000000,88.48069738480697,-459.0
MRVL270319C00165000,165.0,-664.0,-100.0,空头平仓 Call，回补信号，看涨,2.362892207278231,CALL,0.0,664.0,6847831.999999999,9.510877777777777e-05,5M-10M,2027-03-19,103.13,86.925,lastPrice,mid,,222.6699981689453,217.52999877929688,231.56500244140625,232.0,222.57000732421875,103.13,0.0,0.0,1.0,1.0000000000000004e-05,True,MRVL,103.13,0.03623813632441767,0.18642507909117054,0.02362892207278231,72000000000,18.642507909117054,-664.0
SNDK270219C01430000,1430.0,101.0,0.0,多头买 Call，看涨,4.7760757147038735,CALL,101.0,0.0,6734175.0,0.000841771875,5M-10M,2027-02-19,666.75,476.0,mid,lastPrice,0.026246719160104987,1753.9200439453125,1673.969970703125,1807.0,1812.469970703125,1750.300048828125,476.0,658.0,675.5,4.0,1.1521114782333373,True,SNDK,476.0,,0.4007352941176471,0.047760757147038736,8000000000,40.07352941176471,101.0
MU260821C00870000,870.0,-437.0,-100.0,空头平仓 Call，回补信号，看涨,3.4695717924559646,CALL,0.0,437.0,6672989.999999999,3.5121e-05,5M-10M,2026-08-21,152.7,144.225,lastPrice,mid,,969.5098876953124,937.0,987.9500122070312,994.7999877929688,967.1500244140624,152.7,0.0,0.0,17.0,1.0000000000000004e-05,True,MU,146.1,0.024614317906049656,0.058762350494019726,0.034695717924559645,190000000000,5.876235049401973,-437.0
MRVL270319P00270000,270.0,-761.0,-100.0,多头平仓 Put，减仓，看跌减弱,2.362892207278231,PUT,0.0,761.0,6664838.0,9.256719444444444e-05,5M-10M,2027-03-19,87.58,94.85,lastPrice,mid,,222.6699981689453,217.52999877929688,231.56500244140625,232.0,222.57000732421875,87.58,0.0,0.0,2.0,1.0000000000000004e-05,True,MRVL,87.58,0.028465998945703775,-0.07664733790195041,0.02362892207278231,72000000000,-7.664733790195041,-761.0
MU260821C00680000,680.0,-206.0,-100.0,空头平仓 Call，回补信号，看涨,3.4695717924559646,CALL,0.0,206.0,6659156.0,3.504818947368421e-05,5M-10M,2026-08-21,323.26,275.725,lastPrice,mid,,969.5098876953124,937.0,987.9500122070312,994.7999877929688,967.1500244140624,323.26,0.0,0.0,5.0,1.0000000000000004e-05,True,MU,323.26,0.03391059932904149,0.17240003626802056,0.034695717924559645,190000000000,17.240003626802057,-206.0
MU260717P00970000,970.0,-1158.0,-100.0,多头平仓 Put，减仓，看跌减弱,3.4695717924559646,PUT,0.0,1158.0,6585545.999999999,3.466076842105263e-05,5M-10M,2026-07-17,56.87,62.625,lastPrice,mid,,969.5098876953124,937.0,987.9500122070312,994.7999877929688,967.1500244140624,56.87,0.0,0.0,206.0,1.0000000000000004e-05,True,MU,62.66,0.047105788423153626,-0.09189620758483039,0.034695717924559645,190000000000,-9.189620758483038,-1158.0
MU270617C01090000,1090.0,-214.0,-100.0,空头平仓 Call，回补信号，看涨,3.4695717924559646,CALL,0.0,214.0,6470290.0,3.405415789473684e-05,5M-10M,2027-06-17,302.35,260.35,lastPrice,mid,,969.5098876953124,937.0,987.9500122070312,994.7999877929688,967.1500244140624,302.35,0.0,0.0,1.0,0.0312596875,False,MU,302.35,0.04570770117149992,0.16132129825235259,0.034695717924559645,190000000000,16.132129825235257,-214.0
MU270617C01030000,1030.0,-188.0,-100.0,空头平仓 Call，回补信号，看涨,3.4695717924559646,CALL,0.0,188.0,6448212.0,3.393795789473684e-05,5M-10M,2027-06-17,342.99,279.1,lastPrice,mid,,969.5098876953124,937.0,987.9500122070312,994.7999877929688,967.1500244140624,342.99,0.0,0.0,2.0,0.01563484375,False,MU,342.99,0.02973844500179151,0.2289143676101755,0.034695717924559645,190000000000,22.89143676101755,-188.0
MU270319C01060000,1060.0,-232.0,-100.0,空头平仓 Call，回补信号，看涨,3.4695717924559646,CALL,0.0,232.0,6411552.0,3.374501052631579e-05,5M-10M,2027-03-19,276.36,226.55,lastPrice,mid,,969.5098876953124,937.0,987.9500122070312,994.7999877929688,967.1500244140624,276.36,0.0,0.0,198.0,0.0312596875,False,MU,276.36,0.033988082101081514,0.21986316486426838,0.034695717924559645,190000000000,21.986316486426837,-232.0
MU270319C01110000,1110.0,-268.0,-100.0,空头平仓 Call，回补信号，看涨,3.4695717924559646,CALL,0.0,268.0,6388316.0,3.3622715789473684e-05,5M-10M,2027-03-19,238.37,210.875,lastPrice,mid,,969.5098876953124,937.0,987.9500122070312,994.7999877929688,967.1500244140624,238.37,0.0,0.0,200.0,0.0312596875,False,MU,238.37,0.05287492590397144,0.13038529934795498,0.034695717924559645,190000000000,13.038529934795498,-268.0
MU260717C00770000,770.0,-367.0,-100.0,空头平仓 Call，回补信号，看涨,3.4695717924559646,CALL,0.0,367.0,6336255.0,3.334871052631579e-05,5M-10M,2026-07-17,172.65,163.425,lastPrice,mid,,969.5098876953124,937.0,987.9500122070312,994.7999877929688,967.1500244140624,172.65,0.0,0.0,58.0,1.0000000000000004e-05,True,MU,172.65,0.05292947835398504,0.05644791188618629,0.034695717924559645,190000000000,5.644791188618629,-367.0
MU260821C00940000,940.0,-542.0,-100.0,空头平仓 Call，回补信号，看涨,3.4695717924559646,CALL,0.0,542.0,6295330.0,3.313331578947368e-05,5M-10M,2026-08-21,116.15,109.625,lastPrice,mid,,969.5098876953124,937.0,987.9500122070312,994.7999877929688,967.1500244140624,116.15,0.0,0.0,124.0,0.00196310546875,False,MU,108.5,0.03329532497149378,0.05952109464082103,0.034695717924559645,190000000000,5.9521094640821035,-542.0
MU260821C00980000,980.0,-632.0,-100.0,空头平仓 Call，回补信号，看涨,3.4695717924559646,CALL,0.0,632.0,6289032.0,3.310016842105263e-05,5M-10M,2026-08-21,99.51,93.85,lastPrice,mid,,969.5098876953124,937.0,987.9500122070312,994.7999877929688,967.1500244140624,99.51,0.0,0.0,71.0,0.0312596875,False,MU,93.2,0.05221097496004253,0.06030900372935547,0.034695717924559645,190000000000,6.030900372935547,-632.0
MU260717P00990000,990.0,-860.0,-100.0,多头平仓 Put，减仓，看跌减弱,3.4695717924559646,PUT,0.0,860.0,6241020.0,3.284747368421053e-05,5M-10M,2026-07-17,72.57,77.0,lastPrice,mid,,969.5098876953124,937.0,987.9500122070312,994.7999877929688,967.1500244140624,72.57,0.0,0.0,157.0,1.0000000000000004e-05,True,MU,76.98,0.023376623376623523,-0.05753246753246762,0.034695717924559645,190000000000,-5.753246753246763,-860.0
MSFT270319P00500000,500.0,-482.0,-100.0,空头平仓 Put，回补，看跌信号减弱,-1.5754888401150173,PUT,0.0,482.0,6225030.0,1.2998600960534557e-06,5M-10M,2027-03-19,129.15,118.15,lastPrice,mid,,384.8299865722656,390.989990234375,382.5050048828125,385.6000061035156,378.6499938964844,129.15,0.0,0.0,102.0,1.0000000000000004e-05,True,MSFT,129.15,0.021159542953872196,0.09310198899703766,-0.015754888401150174,4789000000000,9.310198899703765,-482.0
MU270917C01070000,1070.0,-170.0,-100.0,空头平仓 Call，回补信号，看涨,3.4695717924559646,CALL,0.0,170.0,6118810.0,3.220426315789474e-05,5M-10M,2027-09-17,359.93,305.675,lastPrice,mid,,969.5098876953124,937.0,987.9500122070312,994.7999877929688,967.1500244140624,359.93,0.0,0.0,2.0,0.0312596875,False,MU,359.93,0.026989449578801013,0.17749243477549684,0.034695717924559645,190000000000,17.749243477549683,-170.0
MU270617C01070000,1070.0,-200.0,-100.0,空头平仓 Call，回补信号，看涨,3.4695717924559646,CALL,0.0,200.0,6092999.999999999,3.2068421052631575e-05,5M-10M,2027-06-17,304.65,266.79999999999995,lastPrice,mid,,969.5098876953124,937.0,987.9500122070312,994.7999877929688,967.1500244140624,304.65,0.0,0.0,2.0,0.0312596875,False,MU,304.65,0.03298350824587711,0.1418665667166418,0.034695717924559645,190000000000,14.18665667166418,-200.0
MU260918P01120000,1120.0,-260.0,-100.0,多头平仓 Put，减仓，看跌减弱,3.4695717924559646,PUT,0.0,260.0,6059300.0,3.189105263157895e-05,5M-10M,2026-09-18,233.05,262.025,lastPrice,mid,,969.5098876953124,937.0,987.9500122070312,994.7999877929688,967.1500244140624,233.05,0.0,0.0,6.0,1.0000000000000004e-05,True,MU,233.05,0.029195687434405246,-0.11058105142639049,0.034695717924559645,190000000000,-11.058105142639048,-260.0
MU261120C00740000,740.0,-175.0,-100.0,空头平仓 Call，回补信号，看涨,3.4695717924559646,CALL,0.0,175.0,5967500.0,3.1407894736842104e-05,5M-10M,2026-11-20,341.0,294.9,lastPrice,mid,,969.5098876953124,937.0,987.9500122070312,994.7999877929688,967.1500244140624,341.0,0.0,0.0,22.0,1.0000000000000004e-05,True,MU,341.0,0.03255340793489307,0.15632417768735174,0.034695717924559645,190000000000,15.632417768735174,-175.0
MU261120C01160000,1160.0,-328.0,-100.0,空头平仓 Call，回补信号，看涨,3.4695717924559646,CALL,0.0,328.0,5959432.0,3.1365431578947366e-05,5M-10M,2026-11-20,181.69,126.0,lastPrice,mid,,969.5098876953124,937.0,987.9500122070312,994.7999877929688,967.1500244140624,181.69,0.0,0.0,2.0,0.062509375,False,MU,181.69,0.03809523809523819,0.441984126984127,0.034695717924559645,190000000000,44.198412698412696,-328.0
MSFT260821P00455000,455.0,-809.0,-100.0,空头平仓 Put，回补，看跌信号减弱,-1.5754888401150173,PUT,0.0,809.0,5925925.0,1.2374034245145125e-06,5M-10M,2026-08-21,73.25,67.75,lastPrice,mid,,384.8299865722656,390.989990234375,382.5050048828125,385.6000061035156,378.6499938964844,73.25,0.0,0.0,1.0,1.0000000000000004e-05,True,MSFT,73.25,0.026568265682656994,0.08118081180811808,-0.015754888401150174,4789000000000,8.118081180811808,-809.0
MU271217C01080000,1080.0,-166.0,-100.0,空头平仓 Call，回补信号，看涨,3.4695717924559646,CALL,0.0,166.0,5924042.0,3.117916842105263e-05,5M-10M,2027-12-17,356.87,338.3,lastPrice,mid,,969.5098876953124,937.0,987.9500122070312,994.7999877929688,967.1500244140624,356.87,0.0,0.0,5.0,0.0312596875,False,MU,356.87,0.032219923145137386,0.05489210759680754,0.034695717924559645,190000000000,5.489210759680755,-166.0
MU270319C00730000,730.0,-143.0,-100.0,空头平仓 Call，回补信号，看涨,3.4695717924559646,CALL,0.0,143.0,5841407.0,3.074424736842105e-05,5M-10M,2027-03-19,408.49,358.175,lastPrice,mid,,969.5098876953124,937.0,987.9500122070312,994.7999877929688,967.1500244140624,408.49,0.0,0.0,1.0,1.0000000000000004e-05,True,MU,408.49,0.03168842046485663,0.14047602428980246,0.034695717924559645,190000000000,14.047602428980246,-143.0
MRVL270115C00180000,180.0,-723.0,-100.0,空头平仓 Call，回补信号，看涨,2.362892207278231,CALL,0.0,723.0,5804244.0,8.06145e-05,5M-10M,2027-01-15,80.28,72.275,lastPrice,mid,,222.6699981689453,217.52999877929688,231.56500244140625,232.0,222.57000732421875,80.28,0.0,0.0,1.0,1.0000000000000004e-05,True,MRVL,80.28,0.03943272224143907,0.11075752334832231,0.02362892207278231,72000000000,11.07575233483223,-723.0
MU260918P01060000,1060.0,-297.0,-100.0,多头平仓 Put，减仓，看跌减弱,3.4695717924559646,PUT,0.0,297.0,5751405.0,3.0270552631578946e-05,5M-10M,2026-09-18,193.65,217.675,lastPrice,mid,,969.5098876953124,937.0,987.9500122070312,994.7999877929688,967.1500244140624,193.65,0.0,0.0,32.0,1.0000000000000004e-05,True,MU,193.65,0.02365912484208111,-0.1103709658895142,0.034695717924559645,190000000000,-11.03709658895142,-297.0
MU261016P01200000,1200.0,-179.0,-100.0,多头平仓 Put，减仓，看跌减弱,3.4695717924559646,PUT,0.0,179.0,5750732.999999999,3.0267015789473678e-05,5M-10M,2026-10-16,321.27,349.725,lastPrice,mid,,969.5098876953124,937.0,987.9500122070312,994.7999877929688,967.1500244140624,321.27,0.0,0.0,10.0,1.0000000000000004e-05,True,MU,321.27,0.024733719350918674,-0.08136392880120105,0.034695717924559645,190000000000,-8.136392880120106,-179.0
MU280616C01020000,1020.0,-96.0,-100.0,空头平仓 Call，回补信号，看涨,3.4695717924559646,CALL,0.0,96.0,5697504.0,2.9986863157894735e-05,5M-10M,2028-06-16,593.49,414.975,lastPrice,mid,,969.5098876953124,937.0,987.9500122070312,994.7999877929688,967.1500244140624,593.49,0.0,0.0,1.0,0.01563484375,False,MU,593.49,0.033857461292848993,0.4301825411169347,0.034695717924559645,190000000000,43.01825411169347,-96.0
MU260821P01120000,1120.0,-274.0,-100.0,多头平仓 Put，减仓，看跌减弱,3.4695717924559646,PUT,0.0,274.0,5693720.0,2.9966947368421054e-05,5M-10M,2026-08-21,207.8,236.55,lastPrice,mid,,969.5098876953124,937.0,987.9500122070312,994.7999877929688,967.1500244140624,207.8,0.0,0.0,14.0,1.0000000000000004e-05,True,MU,207.8,0.026632847178186356,-0.12153878672585076,0.034695717924559645,190000000000,-12.153878672585076,-274.0
MRVL280121P00160000,160.0,-1361.0,-100.0,多头平仓 Put，减仓，看跌减弱,2.362892207278231,PUT,0.0,1361.0,5688980.0,7.901361111111111e-05,5M-10M,2028-01-21,41.8,45.325,lastPrice,mid,,222.6699981689453,217.52999877929688,231.56500244140625,232.0,222.57000732421875,41.8,0.0,0.0,4.0,0.062509375,False,MRVL,41.8,0.06287920573634861,-0.07777164920022075,0.02362892207278231,72000000000,-7.777164920022075,-1361.0
MU260807C01200000,1200.0,-2416.0,-100.0,空头平仓 Call，回补信号，看涨,3.4695717924559646,CALL,0.0,2416.0,5677600.0,2.9882105263157894e-05,5M-10M,2026-08-07,23.5,21.075,lastPrice,mid,,969.5098876953124,937.0,987.9500122070312,994.7999877929688,967.1500244140624,23.5,0.0,0.0,248.0,0.12500875,False,MU,21.35,0.08778173190984585,0.11506524317912221,0.034695717924559645,190000000000,11.506524317912222,-2416.0
MU270319C00870000,870.0,-153.0,-100.0,空头平仓 Call，回补信号，看涨,3.4695717924559646,CALL,0.0,153.0,5645700.0,2.971421052631579e-05,5M-10M,2027-03-19,369.0,293.65,lastPrice,mid,,969.5098876953124,937.0,987.9500122070312,994.7999877929688,967.1500244140624,369.0,0.0,0.0,1.0,1.0000000000000004e-05,True,MU,369.0,0.038821726545207,0.25659799080538065,0.034695717924559645,190000000000,25.659799080538065,-153.0
MSFT270115C00310000,310.0,-626.0,-100.0,多头平仓 Call，减仓，看涨减弱,-1.5754888401150173,CALL,0.0,626.0,5627740.0,1.1751388598872416e-06,5M-10M,2027-01-15,89.9,96.425,lastPrice,mid,,384.8299865722656,390.989990234375,382.5050048828125,385.6000061035156,378.6499938964844,89.9,0.0,0.0,3.0,1.0000000000000004e-05,True,MSFT,89.9,0.02851957479906663,-0.06766917293233074,-0.015754888401150174,4789000000000,-6.766917293233074,-626.0
MU270319C00780000,780.0,-156.0,-100.0,空头平仓 Call，回补信号，看涨,3.4695717924559646,CALL,0.0,156.0,5596032.000000001,2.9452800000000004e-05,5M-10M,2027-03-19,358.72,333.975,lastPrice,mid,,969.5098876953124,937.0,987.9500122070312,994.7999877929688,967.1500244140624,358.72,0.0,0.0,1.0,1.0000000000000004e-05,True,MU,358.72,0.0372782393891758,0.07409237218354668,0.034695717924559645,190000000000,7.409237218354668,-156.0
MU260717C00840000,840.0,-518.0,-100.0,空头平仓 Call，回补信号，看涨,3.4695717924559646,CALL,0.0,518.0,5545190.0,2.918521052631579e-05,5M-10M,2026-07-17,107.05,101.275,lastPrice,mid,,969.5098876953124,937.0,987.9500122070312,994.7999877929688,967.1500244140624,107.05,0.0,0.0,39.0,1.0000000000000004e-05,True,MU,100.0,0.0212293260923228,0.0570229572944951,0.034695717924559645,190000000000,5.70229572944951,-518.0
MU260731C00900000,900.0,-528.0,-100.0,空头平仓 Call，回补信号，看涨,3.4695717924559646,CALL,0.0,528.0,5438400.0,2.8623157894736843e-05,5M-10M,2026-07-31,103.0,97.725,lastPrice,mid,,969.5098876953124,937.0,987.9500122070312,994.7999877929688,967.1500244140624,103.0,0.0,0.0,199.0,1.0000000000000004e-05,True,MU,96.6,0.03734970580711171,0.053977999488360254,0.034695717924559645,190000000000,5.397799948836026,-528.0
MU271217C00660000,660.0,-94.0,-100.0,空头平仓 Call，回补信号，看涨,3.4695717924559646,CALL,0.0,94.0,5338730.0,2.809857894736842e-05,5M-10M,2027-12-17,567.95,485.2,lastPrice,mid,,969.5098876953124,937.0,987.9500122070312,994.7999877929688,967.1500244140624,567.95,0.0,0.0,15.0,1.0000000000000004e-05,True,MU,567.95,0.029678483099752632,0.1705482275350372,0.034695717924559645,190000000000,17.05482275350372,-94.0
MU260724P00850000,850.0,-1706.0,-100.0,多头平仓 Put，减仓，看跌减弱,3.4695717924559646,PUT,0.0,1706.0,5288600.0,2.7834736842105263e-05,5M-10M,2026-07-24,31.0,32.65,lastPrice,mid,,969.5098876953124,937.0,987.9500122070312,994.7999877929688,967.1500244140624,31.0,0.0,0.0,6526.0,0.12500875,False,MU,32.55,0.006125574272588142,-0.050535987748851416,0.034695717924559645,190000000000,-5.053598774885142,-1706.0
MSFT281215P00480000,480.0,-401.0,-100.0,空头平仓 Put，回补，看跌信号减弱,-1.5754888401150173,PUT,0.0,401.0,5277962.0,1.1021010649404887e-06,5M-10M,2028-12-15,131.62,124.82499999999999,lastPrice,mid,,384.8299865722656,390.989990234375,382.5050048828125,385.6000061035156,378.6499938964844,131.62,0.0,0.0,1.0,1.0000000000000004e-05,True,MSFT,131.62,0.028439815742038833,0.05443621069497309,-0.015754888401150174,4789000000000,5.4436210694973095,-401.0
MSFT261218P00445000,445.0,-680.0,-100.0,空头平仓 Put，回补，看跌信号减弱,-1.5754888401150173,PUT,0.0,680.0,5224440.0,1.0909250365420757e-06,5M-10M,2026-12-18,76.83,69.625,lastPrice,mid,,384.8299865722656,390.989990234375,382.5050048828125,385.6000061035156,378.6499938964844,76.83,0.0,0.0,15.0,1.0000000000000004e-05,True,MSFT,76.83,0.033752244165170475,0.10348294434470375,-0.015754888401150174,4789000000000,10.348294434470375,-680.0
MU270917C00860000,860.0,-122.0,-100.0,空头平仓 Call，回补信号，看涨,3.4695717924559646,CALL,0.0,122.0,5186220.0,2.7295894736842107e-05,5M-10M,2027-09-17,425.1,373.775,lastPrice,mid,,969.5098876953124,937.0,987.9500122070312,994.7999877929688,967.1500244140624,425.1,0.0,0.0,1.0,1.0000000000000004e-05,True,MU,425.1,0.02474750852785767,0.1373152297505185,0.034695717924559645,190000000000,13.731522975051849,-122.0
MSFT270617P00320000,320.0,-2464.0,-100.0,空头平仓 Put，回补，看跌信号减弱,-1.5754888401150173,PUT,0.0,2464.0,5181792.000000001,1.0820196283148885e-06,5M-10M,2027-06-17,21.03,19.675,lastPrice,mid,,384.8299865722656,390.989990234375,382.5050048828125,385.6000061035156,378.6499938964844,21.03,0.0,0.0,8.0,0.0312596875,False,MSFT,21.03,0.0330368487928843,0.06886912325285897,-0.015754888401150174,4789000000000,6.8869123252858975,-2464.0
MU260821C00770000,770.0,-178.0,-100.0,空头平仓 Call，回补信号，看涨,3.4695717924559646,CALL,0.0,178.0,5091690.0,2.679836842105263e-05,5M-10M,2026-08-21,286.05,208.05,lastPrice,mid,,969.5098876953124,937.0,987.9500122070312,994.7999877929688,967.1500244140624,286.05,0.0,0.0,1.0,1.0000000000000004e-05,True,MU,286.05,0.031242489786109107,0.3749098774333093,0.034695717924559645,190000000000,37.490987743330926,-178.0
MU260724P01135000,1135.0,-248.0,-100.0,多头平仓 Put，减仓，看跌减弱,3.4695717924559646,PUT,0.0,248.0,5088960.0,2.6784e-05,5M-10M,2026-07-24,205.2,216.875,lastPrice,mid,,969.5098876953124,937.0,987.9500122070312,994.7999877929688,967.1500244140624,205.2,0.0,0.0,20.0,1.0000000000000004e-05,True,MU,205.2,0.026974063400576474,-0.05383285302593665,0.034695717924559645,190000000000,-5.383285302593665,-248.0
LITE270115C00900000,900.0,-272.0,-100.0,空头平仓 Call，回补信号，看涨,7.024012802166325,CALL,0.0,272.0,5083136.0,0.00046210327272727274,5M-10M,2027-01-15,186.88,167.25,lastPrice,mid,,822.10498046875,768.1500244140625,818.4099731445312,839.8800048828125,815.0,186.88,0.0,0.0,7.0,0.0312596875,False,LITE,186.88,0.07593423019431982,0.11736920777279519,0.07024012802166325,11000000000,11.736920777279519,-272.0
MU260717P00930000,930.0,-1350.0,-100.0,多头平仓 Put，减仓，看跌减弱,3.4695717924559646,PUT,0.0,1350.0,5055750.000000001,2.6609210526315794e-05,5M-10M,2026-07-17,37.45,39.675,lastPrice,mid,,969.5098876953124,937.0,987.9500122070312,994.7999877929688,967.1500244140624,37.45,0.0,0.0,4064.0,0.01563484375,False,MU,40.0,0.03402646502835543,-0.056080655324511515,0.034695717924559645,190000000000,-5.6080655324511515,-1350.0
MSFT261120P00365000,365.0,-2104.0,-100.0,空头平仓 Put，回补，看跌信号减弱,-1.5754888401150173,PUT,0.0,2104.0,5049600.0,1.0544163708498643e-06,5M-10M,2026-11-20,24.0,21.525,lastPrice,mid,,384.8299865722656,390.989990234375,382.5050048828125,385.6000061035156,378.6499938964844,24.0,0.0,0.0,94.0,0.0312596875,False,MSFT,24.0,0.0348432055749129,0.11498257839721261,-0.015754888401150174,4789000000000,11.498257839721262,-2104.0
MU280616C01060000,1060.0,-109.0,-100.0,空头平仓 Call，回补信号，看涨,3.4695717924559646,CALL,0.0,109.0,5043757.0,2.6546089473684212e-05,5M-10M,2028-06-16,462.73,404.1,lastPrice,mid,,969.5098876953124,937.0,987.9500122070312,994.7999877929688,967.1500244140624,462.73,0.0,0.0,1.0,0.01563484375,False,MU,462.73,0.039099232863152714,0.1450878495421925,0.034695717924559645,190000000000,14.50878495421925,-109.0
MU261120C00830000,830.0,-156.0,-100.0,空头平仓 Call，回补信号，看涨,3.4695717924559646,CALL,0.0,156.0,5023200.0,2.6437894736842106e-05,5M-10M,2026-11-20,322.0,246.3,lastPrice,mid,,969.5098876953124,937.0,987.9500122070312,994.7999877929688,967.1500244140624,322.0,0.0,0.0,1.0,1.0000000000000004e-05,True,MU,322.0,0.04100690215184732,0.30734876167275677,0.034695717924559645,190000000000,30.734876167275676,-156.0
MSFT261218P00485000,485.0,-379.0,-100.0,空头平仓 Put，回补，看跌信号减弱,-1.5754888401150173,PUT,0.0,379.0,5021750.0,1.0486009605345584e-06,5M-10M,2026-12-18,132.5,101.92500000000001,lastPrice,mid,,384.8299865722656,390.989990234375,382.5050048828125,385.6000061035156,378.6499938964844,132.5,0.0,0.0,41.0,1.0000000000000004e-05,True,MSFT,132.5,0.019131714495952933,0.2999754721609025,-0.015754888401150174,4789000000000,29.997547216090247,-379.0
SNDK261120C01280000,1280.0,80.0,0.0,多头买 Call，看涨,4.7760757147038735,CALL,80.0,0.0,5018000.0,0.00062725,5M-10M,2026-11-20,627.25,456.72,mid,lastPrice,0.022160223196492773,1753.9200439453125,1673.969970703125,1807.0,1812.469970703125,1750.300048828125,456.72,620.3,634.2,4.0,1.166683548927307,True,SNDK,456.72,,0.3733797512699246,0.047760757147038736,8000000000,37.33797512699246,80.0
