contractSymbol,strike,lastPrice_new,signal_type,stock_price_change_pct,option_type,volume_change_abs,volume_new,amount_threshold,amount_to_market_cap_pct,openInterest_new,amount_tier,expiry_date,股票价格(new),股票价格(old),股票价格(new open),股票价格(new high),股票价格(new low),bid,ask,impliedVolatility,inTheMoney,symbol,volume_old,lastPrice_old,openInterest_old,volume_change,volume_change_pct,option_price_change,stock_price_change,market_cap,option_price_change_pct,amount_to_market_cap
NVDA251107P00210000,210.0,20.25,买 Put，看跌,-2.6375054433611216,PUT,60203.0,63760.0,121911075.0,0.0028154872140224857,17437.0,>50M,2025-11-07,188.0800018310547,193.1750030517578,196.35499572753903,197.6199951171875,186.3800048828125,19.9,20.15,1.0000000000000004e-05,True,NVDA,3557.0,14.85,17437.0,60203.0,1692.5217880236155,0.36363636363636365,-0.026375054433611215,4330017000000.0,36.36363636363637,2.8154872140224855e-05
NVDA251107P00215000,215.0,24.7,买 Put，看跌,-2.6375054433611216,PUT,42786.0,43558.0,105681420.0,0.0024406698634208595,2477.0,>50M,2025-11-07,188.0800018310547,193.1750030517578,196.35499572753903,197.6199951171875,186.3800048828125,25.05,25.2,1.0000000000000004e-05,True,NVDA,772.0,19.48,2477.0,42786.0,5542.227979274612,0.26796714579055436,-0.026375054433611215,4330017000000.0,26.796714579055436,2.4406698634208597e-05
NVDA251107P00212500,212.5,22.15,买 Put，看跌,-2.6375054433611216,PUT,40004.0,40932.0,88608860.0,0.0020463859610712846,2445.0,>50M,2025-11-07,188.0800018310547,193.1750030517578,196.35499572753903,197.6199951171875,186.3800048828125,22.5,22.6,1.0000000000000004e-05,True,NVDA,928.0,16.05,2445.0,40004.0,4310.775862068966,0.38006230529595003,-0.026375054433611215,4330017000000.0,38.006230529595,2.0463859610712846e-05
TSLA251107C00450000,450.0,9.33,卖 Call，看跌,-2.83279943698324,CALL,77415.0,77418.0,72228195.0,0.005084746279187623,12968.0,>50M,2025-11-07,445.9100036621094,458.9100036621094,461.9599914550781,467.4500122070313,435.0899963378906,9.25,9.35,0.8488784643554688,False,TSLA,3.0,16.45,12968.0,77415.0,2580500.0,-0.4328267477203647,-0.0283279943698324,1420487690716.0,-43.28267477203647,5.084746279187623e-05
UNH251205P00400000,400.0,74.71,买 Put，看跌,-2.1998618527176266,PUT,8429.0,8430.0,62973059.0,0.020208014288284264,674.0,>50M,2025-12-05,321.6499938964844,328.885009765625,328.9200134277344,332.364990234375,321.45001220703125,74.7,79.3,0.4586235778808594,True,UNH,1.0,61.72,674.0,8429.0,842900.0,0.2104666234607906,-0.021998618527176265,311624180890.0,21.04666234607906,0.00020208014288284265
NVDA251107P00190000,190.0,2.23,买 Put，看跌,-2.6375054433611216,PUT,264059.0,264516.0,58885156.99999999,0.0013599290025882113,33732.0,>50M,2025-11-07,188.0800018310547,193.1750030517578,196.35499572753903,197.6199951171875,186.3800048828125,2.22,2.23,0.176766044921875,True,NVDA,457.0,0.85,33732.0,264059.0,57780.96280087527,1.6235294117647059,-0.026375054433611215,4330017000000.0,162.35294117647058,1.3599290025882113e-05
TSLA251107C00440000,440.0,14.76,卖 Call，看跌,-2.83279943698324,CALL,34106.0,34112.0,50340456.0,0.0035438854084420667,6234.0,>50M,2025-11-07,445.9100036621094,458.9100036621094,461.9599914550781,467.4500122070313,435.0899963378906,14.6,14.75,0.8776867700195312,True,TSLA,6.0,23.72,6234.0,34106.0,568433.3333333333,-0.3777403035413153,-0.0283279943698324,1420487690716.0,-37.77403035413153,3.543885408442067e-05
COIN251107P00367500,367.5,65.5,买 Put，看跌,-3.5858950191367733,PUT,7626.0,7640.0,49950300.0,0.062191984609282956,319.0,10M-50M,2025-11-07,295.2200012207031,306.20001220703125,316.5,316.6000061035156,294.7200012207031,67.3,72.75,1.587892685546875,True,COIN,14.0,53.4,319.0,7626.0,54471.428571428565,0.2265917602996255,-0.035858950191367735,80316298497.0,22.65917602996255,0.0006219198460928296
TSLA251107P00450000,450.0,10.85,买 Put，看跌,-2.83279943698324,PUT,44685.0,44920.0,48483225.0,0.0034131393969040256,13427.0,10M-50M,2025-11-07,445.9100036621094,458.9100036621094,461.9599914550781,467.4500122070313,435.0899963378906,10.9,11.0,0.6617465466308594,True,TSLA,235.0,6.8,13427.0,44685.0,19014.893617021276,0.5955882352941176,-0.0283279943698324,1420487690716.0,59.55882352941176,3.4131393969040255e-05
COIN251107P00360000,360.0,61.4,买 Put，看跌,-3.5858950191367733,PUT,7509.0,7549.0,46105260.0,0.05740461259145569,592.0,10M-50M,2025-11-07,295.2200012207031,306.20001220703125,316.5,316.6000061035156,294.7200012207031,63.1,65.35,1.5185570947265623,True,COIN,40.0,39.5,592.0,7509.0,18772.5,0.5544303797468354,-0.035858950191367735,80316298497.0,55.44303797468354,0.0005740461259145569
TSLA251114C00440000,440.0,23.15,卖 Call，看跌,-2.83279943698324,CALL,19444.0,19445.0,45012860.0,0.0031688314016512995,2079.0,10M-50M,2025-11-14,445.9100036621094,458.9100036621094,461.9599914550781,467.4500122070313,435.0899963378906,23.05,23.25,0.7231472998046875,True,TSLA,1.0,30.08,2079.0,19444.0,1944400.0,-0.23038563829787234,-0.0283279943698324,1420487690716.0,-23.038563829787233,3.168831401651299e-05
TSLA251107P00460000,460.0,17.25,买 Put，看跌,-2.83279943698324,PUT,23390.0,23588.0,40347750.0,0.0028404153209988484,4403.0,10M-50M,2025-11-07,445.9100036621094,458.9100036621094,461.9599914550781,467.4500122070313,435.0899963378906,17.15,17.35,0.6273230627441408,True,TSLA,198.0,11.0,4403.0,23390.0,11813.131313131313,0.5681818181818182,-0.0283279943698324,1420487690716.0,56.81818181818182,2.8404153209988483e-05
TSLA251107C00430000,430.0,22.35,卖 Call，看跌,-2.83279943698324,CALL,17926.0,17927.0,40064610.0,0.0028204827301111877,5636.0,10M-50M,2025-11-07,445.9100036621094,458.9100036621094,461.9599914550781,467.4500122070313,435.0899963378906,21.5,21.7,0.9284675122070312,True,TSLA,1.0,32.4,5636.0,17926.0,1792600.0,-0.3101851851851851,-0.0283279943698324,1420487690716.0,-31.018518518518512,2.8204827301111877e-05
TSLA251114C00450000,450.0,17.95,卖 Call，看跌,-2.83279943698324,CALL,20391.0,20399.0,36601845.0,0.0025767097623739885,5166.0,10M-50M,2025-11-14,445.9100036621094,458.9100036621094,461.9599914550781,467.4500122070313,435.0899963378906,18.0,18.15,0.7149686706542968,False,TSLA,8.0,24.6,5166.0,20391.0,254887.5,-0.2703252032520326,-0.0283279943698324,1420487690716.0,-27.032520325203258,2.5767097623739885e-05
UNH251107P00350000,350.0,26.24,买 Put，看跌,-2.1998618527176266,PUT,13756.0,13757.0,36095744.0,0.011583101124216484,1798.0,10M-50M,2025-11-07,321.6499938964844,328.885009765625,328.9200134277344,332.364990234375,321.45001220703125,26.2,27.5,1.0000000000000004e-05,True,UNH,1.0,21.1,1798.0,13756.0,1375600.0,0.243601895734597,-0.021998618527176265,311624180890.0,24.3601895734597,0.00011583101124216484
TSLA251107P00440000,440.0,6.31,买 Put，看跌,-2.83279943698324,PUT,53429.0,53706.0,33713699.0,0.0023733890283136865,9396.0,10M-50M,2025-11-07,445.9100036621094,458.9100036621094,461.9599914550781,467.4500122070313,435.0899963378906,6.25,6.35,0.6839631213378907,False,TSLA,277.0,4.05,9396.0,53429.0,19288.447653429605,0.5580246913580247,-0.0283279943698324,1420487690716.0,55.80246913580247,2.3733890283136866e-05
TSLA251107C00460000,460.0,5.6,卖 Call，看跌,-2.83279943698324,CALL,57080.0,57392.0,31964800.0,0.002250269411619334,20609.0,10M-50M,2025-11-07,445.9100036621094,458.9100036621094,461.9599914550781,467.4500122070313,435.0899963378906,5.55,5.65,0.8428970788574219,False,TSLA,312.0,9.95,20609.0,57080.0,18294.871794871797,-0.4371859296482412,-0.0283279943698324,1420487690716.0,-43.71859296482412,2.250269411619334e-05
NVDA251107P00195000,195.0,5.45,买 Put，看跌,-2.6375054433611216,PUT,58177.0,58328.0,31706465.000000004,0.0007322480489106625,53468.0,10M-50M,2025-11-07,188.0800018310547,193.1750030517578,196.35499572753903,197.6199951171875,186.3800048828125,5.5,5.6,1.0000000000000004e-05,True,NVDA,151.0,2.24,53468.0,58177.0,38527.81456953642,1.4330357142857142,-0.026375054433611215,4330017000000.0,143.30357142857142,7.322480489106626e-06
TSLA251107C00420000,420.0,30.98,卖 Call，看跌,-2.83279943698324,CALL,9825.0,9826.0,30437850.0,0.002142774639930722,2213.0,10M-50M,2025-11-07,445.9100036621094,458.9100036621094,461.9599914550781,467.4500122070313,435.0899963378906,29.8,30.3,1.0374803985595704,True,TSLA,1.0,43.8,2213.0,9825.0,982500.0,-0.2926940639269406,-0.0283279943698324,1420487690716.0,-29.26940639269406,2.1427746399307222e-05
COIN251107P00350000,350.0,54.22,买 Put，看跌,-3.5858950191367733,PUT,5491.0,5576.0,29772202.0,0.03706869285206422,1778.0,10M-50M,2025-11-07,295.2200012207031,306.20001220703125,316.5,316.6000061035156,294.7200012207031,53.1,54.95,1.0966842041015623,True,COIN,85.0,30.72,1778.0,5491.0,6459.999999999999,0.7649739583333334,-0.035858950191367735,80316298497.0,76.49739583333334,0.00037068692852064216
NVDA251107P00187500,187.5,1.25,买 Put，看跌,-2.6375054433611216,PUT,233823.0,233830.0,29227875.0,0.0006750060103690124,21408.0,10M-50M,2025-11-07,188.0800018310547,193.1750030517578,196.35499572753903,197.6199951171875,186.3800048828125,1.23,1.25,0.274421318359375,False,NVDA,7.0,0.56,21408.0,233823.0,3340328.571428572,1.232142857142857,-0.026375054433611215,4330017000000.0,123.2142857142857,6.750060103690124e-06
TSLA251107P00455000,455.0,13.85,买 Put，看跌,-2.83279943698324,PUT,20077.0,20184.0,27806645.0,0.0019575421301950176,3876.0,10M-50M,2025-11-07,445.9100036621094,458.9100036621094,461.9599914550781,467.4500122070313,435.0899963378906,13.65,13.85,0.6344030700683594,True,TSLA,107.0,8.7,3876.0,20077.0,18763.55140186916,0.5919540229885059,-0.0283279943698324,1420487690716.0,59.19540229885059,1.9575421301950176e-05
TSLA251107P00445000,445.0,8.45,买 Put，看跌,-2.83279943698324,PUT,31226.0,31356.0,26385969.999999996,0.0018575289439291156,5961.0,10M-50M,2025-11-07,445.9100036621094,458.9100036621094,461.9599914550781,467.4500122070313,435.0899963378906,8.35,8.45,0.6726106958007814,False,TSLA,130.0,4.8,5961.0,31226.0,24020.0,0.7604166666666666,-0.0283279943698324,1420487690716.0,76.04166666666666,1.8575289439291156e-05
TSLA260116C00440000,440.0,53.6,卖 Call，看跌,-2.83279943698324,CALL,4729.0,5242.0,25347440.0,0.001784418137915969,8951.0,10M-50M,2026-01-16,445.9100036621094,458.9100036621094,461.9599914550781,467.4500122070313,435.0899963378906,52.65,52.9,0.6361120373535156,True,TSLA,513.0,60.0,8951.0,4729.0,921.832358674464,-0.10666666666666665,-0.0283279943698324,1420487690716.0,-10.666666666666664,1.784418137915969e-05
TSLA251114P00450000,450.0,19.3,买 Put，看跌,-2.83279943698324,PUT,13110.0,13113.0,25302300.0,0.0017812403560671702,6102.0,10M-50M,2025-11-14,445.9100036621094,458.9100036621094,461.9599914550781,467.4500122070313,435.0899963378906,19.3,19.45,0.6150551190185547,True,TSLA,3.0,12.6,6102.0,13110.0,437000.0,0.5317460317460319,-0.0283279943698324,1420487690716.0,53.174603174603185,1.78124035606717e-05
PLTR251107P00180000,180.0,5.1,买 Put，看跌,-4.832836830971328,PUT,48797.0,49080.0,24886470.0,0.005907671382046494,29155.0,10M-50M,2025-11-07,175.0500030517578,183.9394989013672,187.9499969482422,191.08999633789065,174.52999877929688,5.1,5.2,0.3212958496093749,True,PLTR,283.0,1.2,29155.0,48797.0,17242.756183745583,3.2499999999999996,-0.04832836830971328,421256843697.0,324.99999999999994,5.9076713820464944e-05
NVDA251107C00190000,190.0,1.94,卖 Call，看跌,-2.6375054433611216,CALL,125169.0,125216.0,24282786.0,0.0005608011700646903,16086.0,10M-50M,2025-11-07,188.0800018310547,193.1750030517578,196.35499572753903,197.6199951171875,186.3800048828125,1.93,1.95,0.5009815527343751,False,NVDA,47.0,6.55,16086.0,125169.0,266317.0212765957,-0.7038167938931297,-0.026375054433611215,4330017000000.0,-70.38167938931296,5.608011700646903e-06
CRWV251107P00135000,135.0,28.3,买 Put，看跌,-2.7378588952048357,PUT,8559.0,8665.0,24221970.0,0.041197469023052484,2515.0,10M-50M,2025-11-07,106.93000030517578,109.94000244140624,115.94000244140624,116.44000244140624,104.0999984741211,27.5,29.9,2.1699264501953124,True,CRWV,106.0,21.96,2515.0,8559.0,8074.528301886792,0.2887067395264116,-0.02737858895204836,58794801172.0,28.870673952641162,0.00041197469023052487
TSLA251107C00455000,455.0,7.2,卖 Call，看跌,-2.83279943698324,CALL,33330.0,33331.0,23997600.0,0.001689391619289848,10061.0,10M-50M,2025-11-07,445.9100036621094,458.9100036621094,461.9599914550781,467.4500122070313,435.0899963378906,7.1,7.25,0.8371598315429687,False,TSLA,1.0,14.52,10061.0,33330.0,3333000.0,-0.5041322314049587,-0.0283279943698324,1420487690716.0,-50.413223140495866,1.689391619289848e-05
NVDA251107P00192500,192.5,3.65,买 Put，看跌,-2.6375054433611216,PUT,64343.0,64478.0,23485195.0,0.0005423811269101253,21713.0,10M-50M,2025-11-07,188.0800018310547,193.1750030517578,196.35499572753903,197.6199951171875,186.3800048828125,3.7,3.75,1.0000000000000004e-05,True,NVDA,135.0,1.43,21713.0,64343.0,47661.48148148148,1.5524475524475523,-0.026375054433611215,4330017000000.0,155.24475524475523,5.423811269101253e-06
TSLA251107C00470000,470.0,3.35,卖 Call，看跌,-2.83279943698324,CALL,69411.0,69662.0,23252685.0,0.001636950826957144,19765.0,10M-50M,2025-11-07,445.9100036621094,458.9100036621094,461.9599914550781,467.4500122070313,435.0899963378906,3.35,3.4,0.8635267553710937,False,TSLA,251.0,5.85,19765.0,69411.0,27653.784860557767,-0.4273504273504273,-0.0283279943698324,1420487690716.0,-42.735042735042725,1.636950826957144e-05
NVDA251107P00207500,207.5,17.4,买 Put，看跌,-2.6375054433611216,PUT,13269.0,16502.0,23088059.999999996,0.0005332094539120746,10052.0,10M-50M,2025-11-07,188.0800018310547,193.1750030517578,196.35499572753903,197.6199951171875,186.3800048828125,17.5,17.6,1.0000000000000004e-05,True,NVDA,3233.0,12.45,10052.0,13269.0,410.42375502629136,0.3975903614457831,-0.026375054433611215,4330017000000.0,39.75903614457831,5.332094539120746e-06
TSLA251107C00442500,442.5,13.19,卖 Call，看跌,-2.83279943698324,CALL,17186.0,17188.0,22668334.0,0.0015958134764669433,2012.0,10M-50M,2025-11-07,445.9100036621094,458.9100036621094,461.9599914550781,467.4500122070313,435.0899963378906,13.1,13.3,0.870240555419922,True,TSLA,2.0,22.8,2012.0,17186.0,859300.0,-0.42149122807017547,-0.0283279943698324,1420487690716.0,-42.14912280701755,1.5958134764669434e-05
TSLA251107C00447500,447.5,10.3,卖 Call，看跌,-2.83279943698324,CALL,21806.0,21810.0,22460180.0,0.0015811597768002406,3264.0,10M-50M,2025-11-07,445.9100036621094,458.9100036621094,461.9599914550781,467.4500122070313,435.0899963378906,10.25,10.35,0.8398453515625,False,TSLA,4.0,17.9,3264.0,21806.0,545150.0,-0.4245810055865921,-0.0283279943698324,1420487690716.0,-42.45810055865921,1.5811597768002406e-05
TSLA251114C00455000,455.0,16.0,卖 Call，看跌,-2.83279943698324,CALL,13857.0,13861.0,22171200.0,0.0015608160595059122,4047.0,10M-50M,2025-11-14,445.9100036621094,458.9100036621094,461.9599914550781,467.4500122070313,435.0899963378906,15.7,15.8,0.7079496978759765,False,TSLA,4.0,20.4,4047.0,13857.0,346425.0,-0.21568627450980388,-0.0283279943698324,1420487690716.0,-21.568627450980387,1.5608160595059122e-05
AMD251107P00240000,240.0,3.7,买 Put，看跌,-2.269674572008519,PUT,56980.0,57570.0,21082600.0,0.008146962518480245,29540.0,10M-50M,2025-11-07,237.6999969482422,243.2203063964844,253.46499633789065,253.50999450683597,235.75,3.65,3.7,0.3366765551757812,True,AMD,590.0,1.1,29540.0,56980.0,9657.627118644068,2.3636363636363633,-0.02269674572008519,258778654648.0,236.36363636363632,8.146962518480246e-05
TSLA260116C00500000,500.0,30.9,卖 Call，看跌,-2.83279943698324,CALL,6721.0,6743.0,20767890.0,0.0014620253407146315,37846.0,10M-50M,2026-01-16,445.9100036621094,458.9100036621094,461.9599914550781,467.4500122070313,435.0899963378906,30.1,30.35,0.6343725527954102,False,TSLA,22.0,33.85,37846.0,6721.0,30550.0,-0.08714918759231914,-0.0283279943698324,1420487690716.0,-8.714918759231914,1.4620253407146314e-05
TSLA251107P00457500,457.5,15.55,买 Put，看跌,-2.83279943698324,PUT,13258.0,13565.0,20616190.000000004,0.0014513459099112901,2710.0,10M-50M,2025-11-07,445.9100036621094,458.9100036621094,461.9599914550781,467.4500122070313,435.0899963378906,15.45,15.65,0.639652041015625,True,TSLA,307.0,9.85,2710.0,13258.0,4318.5667752443,0.5786802030456855,-0.0283279943698324,1420487690716.0,57.868020304568546,1.4513459099112901e-05
AMZN251121P00285000,285.0,41.2,买 Put，看跌,-1.9762882580560672,PUT,4817.0,4842.0,19846040.000000004,0.0008466977643909522,345.0,10M-50M,2025-11-21,243.0399932861328,247.94000244140625,249.22000122070312,250.3800048828125,242.1699981689453,40.7,40.9,1.0000000000000004e-05,True,AMZN,25.0,32.25,345.0,4817.0,19268.0,0.27751937984496133,-0.01976288258056067,2343934380679.0,27.751937984496134,8.466977643909523e-06
TSLA251107P00447500,447.5,9.75,买 Put，看跌,-2.83279943698324,PUT,20303.0,20305.0,19795425.0,0.0013935654021769153,3158.0,10M-50M,2025-11-07,445.9100036621094,458.9100036621094,461.9599914550781,467.4500122070313,435.0899963378906,9.7,9.75,0.6752962158203126,True,TSLA,2.0,5.3,3158.0,20303.0,1015150.0,0.839622641509434,-0.0283279943698324,1420487690716.0,83.9622641509434,1.3935654021769152e-05
TSLA251107C00465000,465.0,4.3,卖 Call，看跌,-2.83279943698324,CALL,45330.0,45410.0,19491900.0,0.0013721977407755686,7017.0,10M-50M,2025-11-07,445.9100036621094,458.9100036621094,461.9599914550781,467.4500122070313,435.0899963378906,4.2,4.3,0.8424088024902343,False,TSLA,80.0,8.15,7017.0,45330.0,56662.5,-0.47239263803680986,-0.0283279943698324,1420487690716.0,-47.239263803680984,1.3721977407755686e-05
NVDA251107P00220000,220.0,29.6,买 Put，看跌,-2.6375054433611216,PUT,6519.0,6736.0,19296240.000000004,0.00044563889702973466,340.0,10M-50M,2025-11-07,188.0800018310547,193.1750030517578,196.35499572753903,197.6199951171875,186.3800048828125,30.1,30.5,1.0000000000000004e-05,True,NVDA,217.0,23.75,340.0,6519.0,3004.147465437788,0.24631578947368427,-0.026375054433611215,4330017000000.0,24.631578947368425,4.4563889702973465e-06
TSLA260116P00440000,440.0,40.33,买 Put，看跌,-2.83279943698324,PUT,4706.0,5413.0,18979298.0,0.0013361114020237262,4486.0,10M-50M,2026-01-16,445.9100036621094,458.9100036621094,461.9599914550781,467.4500122070313,435.0899963378906,40.2,40.45,0.5520674676513673,False,TSLA,707.0,33.87,4486.0,4706.0,665.6294200848656,0.1907292589312076,-0.0283279943698324,1420487690716.0,19.07292589312076,1.3361114020237262e-05
NVDA251121P00200000,200.0,14.29,买 Put，看跌,-2.6375054433611216,PUT,12719.0,12723.0,18175450.999999996,0.0004197547261361791,32019.0,10M-50M,2025-11-21,188.0800018310547,193.1750030517578,196.35499572753903,197.6199951171875,186.3800048828125,14.35,14.45,0.4271297521972657,True,NVDA,4.0,10.25,32019.0,12719.0,317975.0,0.39414634146341454,-0.026375054433611215,4330017000000.0,39.414634146341456,4.197547261361791e-06
TSLA251114C00460000,460.0,13.9,卖 Call，看跌,-2.83279943698324,CALL,12743.0,12753.0,17712770.0,0.0012469499113414943,4630.0,10M-50M,2025-11-14,445.9100036621094,458.9100036621094,461.9599914550781,467.4500122070313,435.0899963378906,13.9,14.0,0.7129545306396485,False,TSLA,10.0,18.24,4630.0,12743.0,127430.0,-0.23793859649122798,-0.0283279943698324,1420487690716.0,-23.793859649122798,1.2469499113414942e-05
TSLA251107P00442500,442.5,7.4,买 Put，看跌,-2.83279943698324,PUT,23828.0,24124.0,17632720.0,0.0012413145228391377,7621.0,10M-50M,2025-11-07,445.9100036621094,458.9100036621094,461.9599914550781,467.4500122070313,435.0899963378906,7.35,7.4,0.6844513977050781,False,TSLA,296.0,4.7,7621.0,23828.0,8050.0,0.574468085106383,-0.0283279943698324,1420487690716.0,57.446808510638306,1.2413145228391377e-05
NVDA251114P00195000,195.0,8.0,买 Put，看跌,-2.6375054433611216,PUT,22017.0,22050.0,17613600.0,0.0004067790034080698,15790.0,10M-50M,2025-11-14,188.0800018310547,193.1750030517578,196.35499572753903,197.6199951171875,186.3800048828125,7.85,7.95,0.2866282275390625,True,NVDA,33.0,4.85,15790.0,22017.0,66718.18181818181,0.6494845360824744,-0.026375054433611215,4330017000000.0,64.94845360824743,4.067790034080698e-06
PLTR251107P00185000,185.0,8.9,买 Put，看跌,-4.832836830971328,PUT,19620.0,20069.0,17461800.0,0.00414516707829674,14615.0,10M-50M,2025-11-07,175.0500030517578,183.9394989013672,187.9499969482422,191.08999633789065,174.52999877929688,8.8,8.9,1.0000000000000004e-05,True,PLTR,449.0,2.95,14615.0,19620.0,4369.710467706013,2.016949152542373,-0.04832836830971328,421256843697.0,201.6949152542373,4.14516707829674e-05
HOOD251107P00135000,135.0,7.65,买 Put，看跌,-3.0071762425017816,PUT,21834.0,22217.0,16703010.0,0.015542444759092123,17421.0,10M-50M,2025-11-07,127.08000183105467,131.02000427246094,139.99249267578125,140.0449981689453,126.25,7.25,7.65,1.0000000000000004e-05,True,HOOD,383.0,2.24,17421.0,21834.0,5700.783289817233,2.415178571428571,-0.030071762425017814,107467070071.0,241.5178571428571,0.00015542444759092123
NVDA251114C00195000,195.0,2.94,卖 Call，看跌,-2.6375054433611216,CALL,55381.0,57823.0,16282013.999999998,0.00037602656063475033,19884.0,10M-50M,2025-11-14,188.0800018310547,193.1750030517578,196.35499572753903,197.6199951171875,186.3800048828125,2.9,2.91,0.476567734375,False,NVDA,2442.0,5.66,19884.0,55381.0,2267.8542178542175,-0.480565371024735,-0.026375054433611215,4330017000000.0,-48.0565371024735,3.7602656063475035e-06
TSLA251219C00450000,450.0,37.92,卖 Call，看跌,-2.83279943698324,CALL,4282.0,4288.0,16237344.0,0.001143082344614724,12230.0,10M-50M,2025-12-19,445.9100036621094,458.9100036621094,461.9599914550781,467.4500122070313,435.0899963378906,37.05,37.3,0.6327856546020508,False,TSLA,6.0,43.75,12230.0,4282.0,71366.66666666666,-0.13325714285714282,-0.0283279943698324,1420487690716.0,-13.325714285714282,1.143082344614724e-05
TSLA251107C00480000,480.0,2.1,卖 Call，看跌,-2.83279943698324,CALL,75249.0,75667.0,15802290.0,0.001112455257675258,15369.0,10M-50M,2025-11-07,445.9100036621094,458.9100036621094,461.9599914550781,467.4500122070313,435.0899963378906,2.08,2.1,0.8999033447265624,False,TSLA,418.0,3.2,15369.0,75249.0,18002.153110047846,-0.34375,-0.0283279943698324,1420487690716.0,-34.375,1.112455257675258e-05
TSLA260116C00450000,450.0,49.07,卖 Call，看跌,-2.83279943698324,CALL,3176.0,3177.0,15584632.0,0.001097132492020718,30603.0,10M-50M,2026-01-16,445.9100036621094,458.9100036621094,461.9599914550781,467.4500122070313,435.0899963378906,48.05,48.35,0.6347540187072755,False,TSLA,1.0,54.67,30603.0,3176.0,317600.0,-0.10243277848911654,-0.0283279943698324,1420487690716.0,-10.243277848911655,1.097132492020718e-05
TSLA251121C00500000,500.0,8.51,卖 Call，看跌,-2.83279943698324,CALL,18204.0,18256.0,15491604.0,0.0010905834736372425,42608.0,10M-50M,2025-11-21,445.9100036621094,458.9100036621094,461.9599914550781,467.4500122070313,435.0899963378906,8.45,8.6,0.6979400323486329,False,TSLA,52.0,9.77,42608.0,18204.0,35007.69230769231,-0.12896622313203684,-0.0283279943698324,1420487690716.0,-12.896622313203684,1.0905834736372424e-05
TSLA251107P00470000,470.0,25.0,买 Put，看跌,-2.83279943698324,PUT,6148.0,6149.0,15370000.0,0.0010820227517953863,4110.0,10M-50M,2025-11-07,445.9100036621094,458.9100036621094,461.9599914550781,467.4500122070313,435.0899963378906,24.95,25.25,0.5742230078125,True,TSLA,1.0,15.0,4110.0,6148.0,614800.0,0.6666666666666666,-0.0283279943698324,1420487690716.0,66.66666666666666,1.0820227517953863e-05
TSLA251114C00500000,500.0,4.94,卖 Call，看跌,-2.83279943698324,CALL,30240.0,30276.0,14938560.0,0.001051650084519225,21477.0,10M-50M,2025-11-14,445.9100036621094,458.9100036621094,461.9599914550781,467.4500122070313,435.0899963378906,4.9,5.0,0.7538476763916016,False,TSLA,36.0,5.51,21477.0,30240.0,84000.0,-0.10344827586206885,-0.0283279943698324,1420487690716.0,-10.344827586206886,1.051650084519225e-05
NVDA251107P00197500,197.5,7.64,买 Put，看跌,-2.6375054433611216,PUT,19190.0,19208.0,14661160.0,0.0003385935898173148,23134.0,10M-50M,2025-11-07,188.0800018310547,193.1750030517578,196.35499572753903,197.6199951171875,186.3800048828125,7.6,7.75,1.0000000000000004e-05,True,NVDA,18.0,3.44,23134.0,19190.0,106611.11111111111,1.2209302325581393,-0.026375054433611215,4330017000000.0,122.09302325581393,3.385935898173148e-06
TSLA251107P00462500,462.5,19.35,买 Put，看跌,-2.83279943698324,PUT,7347.0,7403.0,14216445.000000002,0.0010008143747331011,2206.0,10M-50M,2025-11-07,445.9100036621094,458.9100036621094,461.9599914550781,467.4500122070313,435.0899963378906,18.95,19.1,0.6109658044433595,True,TSLA,56.0,12.3,2206.0,7347.0,13119.642857142859,0.5731707317073171,-0.0283279943698324,1420487690716.0,57.31707317073172,1.000814374733101e-05
NVDA251114P00190000,190.0,5.12,买 Put，看跌,-2.6375054433611216,PUT,27707.0,27722.0,14185984.0,0.0003276195913318585,16055.0,10M-50M,2025-11-14,188.0800018310547,193.1750030517578,196.35499572753903,197.6199951171875,186.3800048828125,5.1,5.15,0.3479069116210937,True,NVDA,15.0,2.95,16055.0,27707.0,184713.33333333334,0.735593220338983,-0.026375054433611215,4330017000000.0,73.5593220338983,3.276195913318585e-06
NVDA251121C00190000,190.0,8.69,卖 Call，看跌,-2.6375054433611216,CALL,16310.0,16351.0,14173390.0,0.00032732873797031284,42793.0,10M-50M,2025-11-21,188.0800018310547,193.1750030517578,196.35499572753903,197.6199951171875,186.3800048828125,8.7,8.75,0.6118202880859377,False,NVDA,41.0,12.15,42793.0,16310.0,39780.48780487805,-0.2847736625514404,-0.026375054433611215,4330017000000.0,-28.477366255144037,3.273287379703128e-06
NVDA251219C00200000,200.0,8.43,卖 Call，看跌,-2.6375054433611216,CALL,16788.0,17026.0,14152284.0,0.00032684130339442083,69402.0,10M-50M,2025-12-19,188.0800018310547,193.1750030517578,196.35499572753903,197.6199951171875,186.3800048828125,8.4,8.5,0.5062915582275391,False,NVDA,238.0,11.1,69402.0,16788.0,7053.781512605042,-0.24054054054054055,-0.026375054433611215,4330017000000.0,-24.054054054054056,3.2684130339442085e-06
NVDA251219C00190000,190.0,12.83,卖 Call，看跌,-2.6375054433611216,CALL,10988.0,13786.0,14097604.0,0.0003255784908003825,26945.0,10M-50M,2025-12-19,188.0800018310547,193.1750030517578,196.35499572753903,197.6199951171875,186.3800048828125,12.85,12.9,0.5282639947509766,False,NVDA,2798.0,15.82,26945.0,10988.0,392.70907791279484,-0.18900126422250316,-0.026375054433611215,4330017000000.0,-18.900126422250317,3.2557849080038253e-06
TSLA251219C00500000,500.0,20.4,卖 Call，看跌,-2.83279943698324,CALL,6867.0,6875.0,14008679.999999998,0.0009861880600273904,41340.0,10M-50M,2025-12-19,445.9100036621094,458.9100036621094,461.9599914550781,467.4500122070313,435.0899963378906,20.3,20.45,0.6430394583129884,False,TSLA,8.0,22.7,41340.0,6867.0,85837.5,-0.10132158590308374,-0.0283279943698324,1420487690716.0,-10.132158590308373,9.861880600273905e-06
AMD251107P00250000,250.0,11.4,买 Put，看跌,-2.269674572008519,PUT,12207.0,12834.0,13915980.000000002,0.005377560996647508,7359.0,10M-50M,2025-11-07,237.6999969482422,243.2203063964844,253.46499633789065,253.50999450683597,235.75,11.4,11.65,1.0000000000000004e-05,True,AMD,627.0,3.9,7359.0,12207.0,1946.88995215311,1.9230769230769231,-0.02269674572008519,258778654648.0,192.30769230769232,5.377560996647508e-05
NVDA251107C00192500,192.5,1.05,卖 Call，看跌,-2.6375054433611216,CALL,131052.0,131059.0,13760460.0,0.00031779228580395874,4589.0,10M-50M,2025-11-07,188.0800018310547,193.1750030517578,196.35499572753903,197.6199951171875,186.3800048828125,1.02,1.03,0.4770560107421875,False,NVDA,7.0,5.3,4589.0,131052.0,1872171.4285714286,-0.8018867924528302,-0.026375054433611215,4330017000000.0,-80.18867924528303,3.1779228580395876e-06
NVDA251114C00190000,190.0,5.12,卖 Call，看跌,-2.6375054433611216,CALL,26663.0,29600.0,13651456.0,0.00031527488229260995,23734.0,10M-50M,2025-11-14,188.0800018310547,193.1750030517578,196.35499572753903,197.6199951171875,186.3800048828125,5.1,5.15,0.509892596435547,False,NVDA,2937.0,8.74,23734.0,26663.0,907.8311201906707,-0.41418764302059496,-0.026375054433611215,4330017000000.0,-41.41876430205949,3.1527488229260994e-06
TSLA251107C00452500,452.5,8.35,卖 Call，看跌,-2.83279943698324,CALL,16196.0,16198.0,13523660.0,0.000952043448766766,3692.0,10M-50M,2025-11-07,445.9100036621094,458.9100036621094,461.9599914550781,467.4500122070313,435.0899963378906,8.15,8.3,0.8454605297851561,False,TSLA,2.0,14.68,3692.0,16196.0,809800.0,-0.4311989100817439,-0.0283279943698324,1420487690716.0,-43.119891008174385,9.52043448766766e-06
AMD251107C00240000,240.0,3.0,卖 Call，看跌,-2.269674572008519,CALL,44548.0,46611.0,13364400.0,0.005164413586653325,2365.0,10M-50M,2025-11-07,237.6999969482422,243.2203063964844,253.46499633789065,253.50999450683597,235.75,3.0,3.05,0.5773968041992188,False,AMD,2063.0,17.0,2365.0,44548.0,2159.379544352884,-0.8235294117647058,-0.02269674572008519,258778654648.0,-82.35294117647058,5.1644135866533257e-05
AMD251107P00280000,280.0,39.33,买 Put，看跌,-2.269674572008519,PUT,3371.0,3605.0,13258143.0,0.005123352626604463,223.0,10M-50M,2025-11-07,237.6999969482422,243.2203063964844,253.46499633789065,253.50999450683597,235.75,40.6,40.8,1.0000000000000004e-05,True,AMD,234.0,22.88,223.0,3371.0,1440.5982905982905,0.7189685314685315,-0.02269674572008519,258778654648.0,71.89685314685315,5.123352626604463e-05
CRWV251121C00100000,100.0,13.0,卖 Call，看跌,-2.7378588952048357,CALL,10060.0,10112.0,13078000.0,0.022243463264279513,2855.0,10M-50M,2025-11-21,106.93000030517578,109.94000244140624,115.94000244140624,116.44000244140624,104.0999984741211,12.6,13.2,1.045414929199219,True,CRWV,52.0,18.06,2855.0,10060.0,19346.153846153844,-0.2801771871539313,-0.02737858895204836,58794801172.0,-28.01771871539313,0.00022243463264279512
NVDA251121C00200000,200.0,4.59,卖 Call，看跌,-2.6375054433611216,CALL,28386.0,28401.0,13029174.0,0.0003009035299399517,92713.0,10M-50M,2025-11-21,188.0800018310547,193.1750030517578,196.35499572753903,197.6199951171875,186.3800048828125,4.55,4.6,0.5775188732910157,False,NVDA,15.0,6.85,92713.0,28386.0,189240.0,-0.32992700729927005,-0.026375054433611215,4330017000000.0,-32.992700729927,3.0090352993995172e-06
TSLA251107P00452500,452.5,12.54,买 Put，看跌,-2.83279943698324,PUT,9905.0,9987.0,12420870.0,0.0008744088443131268,3059.0,10M-50M,2025-11-07,445.9100036621094,458.9100036621094,461.9599914550781,467.4500122070313,435.0899963378906,12.4,12.5,0.6606479248046876,True,TSLA,82.0,7.21,3059.0,9905.0,12079.268292682927,0.7392510402219139,-0.0283279943698324,1420487690716.0,73.92510402219139,8.744088443131268e-06
NVDA251107P00200000,200.0,10.4,买 Put，看跌,-2.6375054433611216,PUT,11919.0,11947.0,12395760.0,0.00028627508852736605,40570.0,10M-50M,2025-11-07,188.0800018310547,193.1750030517578,196.35499572753903,197.6199951171875,186.3800048828125,10.35,10.4,1.0000000000000004e-05,True,NVDA,28.0,5.09,40570.0,11919.0,42567.857142857145,1.0432220039292732,-0.026375054433611215,4330017000000.0,104.32220039292733,2.8627508852736606e-06
NVDA260116C00200000,200.0,11.61,卖 Call，看跌,-2.6375054433611216,CALL,10557.0,10570.0,12256676.999999998,0.00028306302261630836,127661.0,10M-50M,2026-01-16,188.0800018310547,193.1750030517578,196.35499572753903,197.6199951171875,186.3800048828125,11.55,11.6,0.4924977508544922,False,NVDA,13.0,14.45,127661.0,10557.0,81207.69230769231,-0.19653979238754327,-0.026375054433611215,4330017000000.0,-19.653979238754328,2.8306302261630837e-06
AMD251107P00245000,245.0,7.09,买 Put，看跌,-2.269674572008519,PUT,17206.0,17577.0,12199054.0,0.004714088191158421,7288.0,10M-50M,2025-11-07,237.6999969482422,243.2203063964844,253.46499633789065,253.50999450683597,235.75,6.95,7.05,1.0000000000000004e-05,True,AMD,371.0,1.97,7288.0,17206.0,4637.735849056604,2.5989847715736043,-0.02269674572008519,258778654648.0,259.89847715736045,4.7140881911584206e-05
NVDA251219C00205000,205.0,6.84,卖 Call，看跌,-2.6375054433611216,CALL,17266.0,17280.0,11809944.0,0.000272745903768969,51508.0,10M-50M,2025-12-19,188.0800018310547,193.1750030517578,196.35499572753903,197.6199951171875,186.3800048828125,6.7,6.8,0.5012256909179689,False,NVDA,14.0,8.95,51508.0,17266.0,123328.57142857142,-0.23575418994413402,-0.026375054433611215,4330017000000.0,-23.575418994413404,2.7274590376896903e-06
NVDA251114C00200000,200.0,1.61,卖 Call，看跌,-2.6375054433611216,CALL,72418.0,72427.0,11659298.000000002,0.0002692667950264399,18096.0,10M-50M,2025-11-14,188.0800018310547,193.1750030517578,196.35499572753903,197.6199951171875,186.3800048828125,1.6,1.62,0.4696097961425781,False,NVDA,9.0,3.6,18096.0,72418.0,804644.4444444444,-0.5527777777777778,-0.026375054433611215,4330017000000.0,-55.27777777777778,2.692667950264399e-06
TSLA251107C00462500,462.5,5.05,卖 Call，看跌,-2.83279943698324,CALL,21881.0,22112.0,11049905.0,0.0007778951603889133,16974.0,10M-50M,2025-11-07,445.9100036621094,458.9100036621094,461.9599914550781,467.4500122070313,435.0899963378906,5.0,5.15,0.8590101989746093,False,TSLA,231.0,8.81,16974.0,21881.0,9472.294372294373,-0.42678774120317825,-0.0283279943698324,1420487690716.0,-42.678774120317826,7.778951603889133e-06
NVDA251107P00205000,205.0,15.01,买 Put，看跌,-2.6375054433611216,PUT,7131.0,7137.0,10703631.0,0.0002471960502695486,15102.0,10M-50M,2025-11-07,188.0800018310547,193.1750030517578,196.35499572753903,197.6199951171875,186.3800048828125,15.0,15.1,1.0000000000000004e-05,True,NVDA,6.0,9.35,15102.0,7131.0,118850.0,0.6053475935828877,-0.026375054433611215,4330017000000.0,60.53475935828877,2.471960502695486e-06
TSLA251107P00430000,430.0,3.5,买 Put，看跌,-2.83279943698324,PUT,30141.0,30177.0,10549350.0,0.000742656910647538,11004.0,10M-50M,2025-11-07,445.9100036621094,458.9100036621094,461.9599914550781,467.4500122070313,435.0899963378906,3.4,3.5,0.7211941943359376,False,TSLA,36.0,2.15,11004.0,30141.0,83725.0,0.6279069767441862,-0.0283279943698324,1420487690716.0,62.79069767441862,7.42656910647538e-06
TSLA251114C00470000,470.0,10.7,卖 Call，看跌,-2.83279943698324,CALL,9831.0,9846.0,10519170.0,0.0007405322882240387,4691.0,10M-50M,2025-11-14,445.9100036621094,458.9100036621094,461.9599914550781,467.4500122070313,435.0899963378906,10.65,10.75,0.7163724652099608,False,TSLA,15.0,14.48,4691.0,9831.0,65540.0,-0.26104972375690616,-0.0283279943698324,1420487690716.0,-26.104972375690615,7.405322882240387e-06
NVDA251114P00192500,192.5,6.45,买 Put，看跌,-2.6375054433611216,PUT,16126.0,16219.0,10401270.0,0.0002402131446597092,6796.0,10M-50M,2025-11-14,188.0800018310547,193.1750030517578,196.35499572753903,197.6199951171875,186.3800048828125,6.3,6.4,0.3177558459472656,True,NVDA,93.0,3.85,6796.0,16126.0,17339.78494623656,0.6753246753246753,-0.026375054433611215,4330017000000.0,67.53246753246754,2.402131446597092e-06
HOOD251219P00140000,140.0,18.7,买 Put，看跌,-3.0071762425017816,PUT,5542.0,5550.0,10363540.0,0.009643456356587322,10581.0,10M-50M,2025-12-19,127.08000183105467,131.02000427246094,139.99249267578125,140.0449981689453,126.25,18.7,19.1,0.6116982189941409,True,HOOD,8.0,13.55,10581.0,5542.0,69275.0,0.38007380073800723,-0.030071762425017814,107467070071.0,38.007380073800725,9.643456356587321e-05
NVDA251121C00195000,195.0,6.42,卖 Call，看跌,-2.6375054433611216,CALL,16093.0,16153.0,10331706.0,0.00023860659207573548,31573.0,10M-50M,2025-11-21,188.0800018310547,193.1750030517578,196.35499572753903,197.6199951171875,186.3800048828125,6.4,6.5,0.5949747534179688,False,NVDA,60.0,9.35,31573.0,16093.0,26821.666666666664,-0.31336898395721924,-0.026375054433611215,4330017000000.0,-31.336898395721924,2.386065920757355e-06
TSLA251114C00420000,420.0,36.13,卖 Call，看跌,-2.83279943698324,CALL,2843.0,3176.0,10271759.000000002,0.0007231149602445692,657.0,10M-50M,2025-11-14,445.9100036621094,458.9100036621094,461.9599914550781,467.4500122070313,435.0899963378906,36.05,36.3,0.7634911346435547,True,TSLA,333.0,47.16,657.0,2843.0,853.7537537537538,-0.2338846480067853,-0.0283279943698324,1420487690716.0,-23.38846480067853,7.231149602445691e-06
TSLA251107C00457500,457.5,6.28,卖 Call，看跌,-2.83279943698324,CALL,16036.0,16040.0,10070608.0,0.0007089542602740815,3385.0,10M-50M,2025-11-07,445.9100036621094,458.9100036621094,461.9599914550781,467.4500122070313,435.0899963378906,6.2,6.35,0.8339860351562498,False,TSLA,4.0,12.68,3385.0,16036.0,400900.0,-0.5047318611987381,-0.0283279943698324,1420487690716.0,-50.473186119873816,7.089542602740815e-06
PLTR251107P00210000,210.0,32.4,买 Put，看跌,-4.832836830971328,PUT,3012.0,3199.0,9758880.0,0.002316610435181281,996.0,5M-10M,2025-11-07,175.0500030517578,183.9394989013672,187.9499969482422,191.08999633789065,174.52999877929688,33.45,33.6,1.0000000000000004e-05,True,PLTR,187.0,22.11,996.0,3012.0,1610.6951871657752,0.4654002713704206,-0.04832836830971328,421256843697.0,46.54002713704206,2.316610435181281e-05
TSLA251114C00430000,430.0,29.45,卖 Call，看跌,-2.83279943698324,CALL,3279.0,5531.0,9656655.0,0.0006798126490721325,1312.0,5M-10M,2025-11-14,445.9100036621094,458.9100036621094,461.9599914550781,467.4500122070313,435.0899963378906,29.1,29.35,0.7398707653808592,True,TSLA,2252.0,38.8,1312.0,3279.0,145.60390763765542,-0.24097938144329895,-0.0283279943698324,1420487690716.0,-24.097938144329895,6.798126490721325e-06
CRWV251107P00136000,136.0,29.15,买 Put，看跌,-2.7378588952048357,PUT,3312.0,3336.0,9654479.999999998,0.016420635511218935,508.0,5M-10M,2025-11-07,106.93000030517578,109.94000244140624,115.94000244140624,116.44000244140624,104.0999984741211,28.35,30.75,2.0878954052734366,True,CRWV,24.0,23.35,508.0,3312.0,13800.0,0.24839400428265512,-0.02737858895204836,58794801172.0,24.839400428265513,0.00016420635511218935
NVDA251114C00175000,175.0,16.2,卖 Call，看跌,-2.6375054433611216,CALL,5916.0,5926.0,9583920.0,0.0002213367753521522,3566.0,5M-10M,2025-11-14,188.0800018310547,193.1750030517578,196.35499572753903,197.6199951171875,186.3800048828125,16.05,16.2,0.6976348596191408,True,NVDA,10.0,21.96,3566.0,5916.0,59160.0,-0.2622950819672132,-0.026375054433611215,4330017000000.0,-26.22950819672132,2.213367753521522e-06
TSLA251107P00435000,435.0,4.55,买 Put，看跌,-2.83279943698324,PUT,20879.0,20912.0,9499945.0,0.0006687805224986871,9199.0,5M-10M,2025-11-07,445.9100036621094,458.9100036621094,461.9599914550781,467.4500122070313,435.0899963378906,4.65,4.8,0.7048369360351563,False,TSLA,33.0,2.73,9199.0,20879.0,63269.696969696975,0.6666666666666666,-0.0283279943698324,1420487690716.0,66.66666666666666,6.687805224986871e-06
NVDA251121C00210000,210.0,2.25,卖 Call，看跌,-2.6375054433611216,CALL,41578.0,41603.0,9355050.0,0.00021605111481086563,67763.0,5M-10M,2025-11-21,188.0800018310547,193.1750030517578,196.35499572753903,197.6199951171875,186.3800048828125,2.21,2.23,0.5647016186523439,False,NVDA,25.0,3.5,67763.0,41578.0,166312.0,-0.35714285714285715,-0.026375054433611215,4330017000000.0,-35.714285714285715,2.1605111481086562e-06
TSLA251121C00440000,440.0,28.36,卖 Call，看跌,-2.83279943698324,CALL,3242.0,4723.0,9194312.0,0.0006472644613601394,8322.0,5M-10M,2025-11-21,445.9100036621094,458.9100036621094,461.9599914550781,467.4500122070313,435.0899963378906,28.35,28.6,0.6873810559082032,True,TSLA,1481.0,35.95,8322.0,3242.0,218.9061444969615,-0.21112656467315724,-0.0283279943698324,1420487690716.0,-21.112656467315723,6.472644613601394e-06
TSLA251107C00435000,435.0,18.66,卖 Call，看跌,-2.83279943698324,CALL,4806.0,4810.0,8967996.0,0.0006313321867280428,2076.0,5M-10M,2025-11-07,445.9100036621094,458.9100036621094,461.9599914550781,467.4500122070313,435.0899963378906,18.05,18.2,0.9136971520996092,True,TSLA,4.0,29.6,2076.0,4806.0,120150.0,-0.3695945945945946,-0.0283279943698324,1420487690716.0,-36.95945945945946,6.313321867280428e-06
PLTR251107P00175000,175.0,2.32,买 Put，看跌,-4.832836830971328,PUT,38593.0,38598.0,8953576.0,0.0021254434518908597,13262.0,5M-10M,2025-11-07,175.0500030517578,183.9394989013672,187.9499969482422,191.08999633789065,174.52999877929688,2.36,2.42,0.4731497998046875,False,PLTR,5.0,0.42,13262.0,38593.0,771860.0,4.523809523809524,-0.04832836830971328,421256843697.0,452.38095238095235,2.1254434518908596e-05
TSLA251114P00440000,440.0,14.14,买 Put，看跌,-2.83279943698324,PUT,6202.0,6245.0,8769628.0,0.0006173674053859382,4365.0,5M-10M,2025-11-14,445.9100036621094,458.9100036621094,461.9599914550781,467.4500122070313,435.0899963378906,14.3,14.45,0.6189613299560548,False,TSLA,43.0,9.25,4365.0,6202.0,14423.255813953489,0.5286486486486487,-0.0283279943698324,1420487690716.0,52.86486486486487,6.173674053859382e-06
TSLA251114C00452500,452.5,16.73,卖 Call，看跌,-2.83279943698324,CALL,5205.0,5208.0,8707965.0,0.0006130264314793696,1993.0,5M-10M,2025-11-14,445.9100036621094,458.9100036621094,461.9599914550781,467.4500122070313,435.0899963378906,16.85,17.0,0.7127714270019532,False,TSLA,3.0,23.1,1993.0,5205.0,173500.0,-0.27575757575757576,-0.0283279943698324,1420487690716.0,-27.575757575757574,6.1302643147936965e-06
PLTR251107P00190000,190.0,12.9,买 Put，看跌,-4.832836830971328,PUT,6729.0,7807.0,8680410.0,0.002060597977191229,10795.0,5M-10M,2025-11-07,175.0500030517578,183.9394989013672,187.9499969482422,191.08999633789065,174.52999877929688,13.55,13.7,1.0000000000000004e-05,True,PLTR,1078.0,5.6,10795.0,6729.0,624.2115027829313,1.3035714285714288,-0.04832836830971328,421256843697.0,130.3571428571429,2.060597977191229e-05
TSLA251107P00480000,480.0,32.52,买 Put，看跌,-2.83279943698324,PUT,2635.0,6777.0,8569020.000000002,0.000603244931723468,1771.0,5M-10M,2025-11-07,445.9100036621094,458.9100036621094,461.9599914550781,467.4500122070313,435.0899963378906,33.65,34.0,1.0000000000000004e-05,True,TSLA,4142.0,22.0,1771.0,2635.0,63.61661033317239,0.4781818181818183,-0.0283279943698324,1420487690716.0,47.818181818181834,6.03244931723468e-06
TSLA251107C00437500,437.5,16.5,卖 Call，看跌,-2.83279943698324,CALL,5181.0,7335.0,8548650.0,0.0006018109171851418,2079.0,5M-10M,2025-11-07,445.9100036621094,458.9100036621094,461.9599914550781,467.4500122070313,435.0899963378906,16.0,16.25,0.8764660791015625,True,TSLA,2154.0,27.92,2079.0,5181.0,240.52924791086352,-0.40902578796561606,-0.0283279943698324,1420487690716.0,-40.902578796561606,6.018109171851418e-06
NVDA251121P00185000,185.0,6.2,买 Put，看跌,-2.6375054433611216,PUT,13436.0,13442.0,8330320.0,0.00019238538786337328,39824.0,5M-10M,2025-11-21,188.0800018310547,193.1750030517578,196.35499572753903,197.6199951171875,186.3800048828125,6.2,6.25,0.4939015454101563,False,NVDA,6.0,4.35,39824.0,13436.0,223933.33333333334,0.4252873563218392,-0.026375054433611215,4330017000000.0,42.528735632183924,1.923853878633733e-06
AMD251107P00247500,247.5,8.93,买 Put，看跌,-2.269674572008519,PUT,9260.0,9396.0,8269180.0,0.0031954644834397317,3998.0,5M-10M,2025-11-07,237.6999969482422,243.2203063964844,253.46499633789065,253.50999450683597,235.75,8.85,9.0,1.0000000000000004e-05,True,AMD,136.0,2.91,3998.0,9260.0,6808.823529411765,2.0687285223367695,-0.02269674572008519,258778654648.0,206.87285223367695,3.195464483439732e-05
TSLA251205C00480000,480.0,19.7,卖 Call，看跌,-2.83279943698324,CALL,4117.0,4120.0,8110489.999999999,0.000570965172947883,39535.0,5M-10M,2025-12-05,445.9100036621094,458.9100036621094,461.9599914550781,467.4500122070313,435.0899963378906,19.55,19.75,0.6434972174072267,False,TSLA,3.0,23.65,39535.0,4117.0,137233.3333333333,-0.16701902748414374,-0.0283279943698324,1420487690716.0,-16.701902748414373,5.7096517294788305e-06
NVDA251107C00187500,187.5,3.62,卖 Call，看跌,-2.6375054433611216,CALL,22342.0,23170.0,8087804.000000001,0.00018678457844391837,5922.0,5M-10M,2025-11-07,188.0800018310547,193.1750030517578,196.35499572753903,197.6199951171875,186.3800048828125,3.7,3.75,0.6181678808593751,True,NVDA,828.0,8.3,5922.0,22342.0,2698.309178743961,-0.563855421686747,-0.026375054433611215,4330017000000.0,-56.3855421686747,1.8678457844391836e-06
TSLA251107P00437500,437.5,5.49,买 Put，看跌,-2.83279943698324,PUT,14657.0,14663.0,8046693.000000001,0.0005664739689468232,3186.0,5M-10M,2025-11-07,445.9100036621094,458.9100036621094,461.9599914550781,467.4500122070313,435.0899963378906,5.55,5.7,0.7075224560546876,False,TSLA,6.0,3.1,3186.0,14657.0,244283.33333333334,0.7709677419354839,-0.0283279943698324,1420487690716.0,77.09677419354838,5.664739689468233e-06
TSLA251114C00480000,480.0,8.25,卖 Call，看跌,-2.83279943698324,CALL,9736.0,9740.0,8032200.0,0.0005654536855543853,4900.0,5M-10M,2025-11-14,445.9100036621094,458.9100036621094,461.9599914550781,467.4500122070313,435.0899963378906,8.1,8.25,0.7232693688964844,False,TSLA,4.0,10.85,4900.0,9736.0,243400.0,-0.23963133640552992,-0.0283279943698324,1420487690716.0,-23.963133640552993,5.654536855543853e-06
TSLA251114P00460000,460.0,25.35,买 Put，看跌,-2.83279943698324,PUT,3143.0,8452.0,7967505.0,0.0005608992638284645,2105.0,5M-10M,2025-11-14,445.9100036621094,458.9100036621094,461.9599914550781,467.4500122070313,435.0899963378906,25.05,25.25,0.6062661444091797,True,TSLA,5309.0,17.0,2105.0,3143.0,59.201356187605946,0.4911764705882354,-0.0283279943698324,1420487690716.0,49.117647058823536,5.608992638284645e-06
TSLA251128C00500000,500.0,11.2,卖 Call，看跌,-2.83279943698324,CALL,7082.0,7083.0,7931839.999999999,0.000558388506415141,5990.0,5M-10M,2025-11-28,445.9100036621094,458.9100036621094,461.9599914550781,467.4500122070313,435.0899963378906,11.1,11.25,0.6558872302246095,False,TSLA,1.0,13.45,5990.0,7082.0,708200.0,-0.16728624535315986,-0.0283279943698324,1420487690716.0,-16.728624535315987,5.58388506415141e-06
AMD251114C00250000,250.0,5.4,卖 Call，看跌,-2.269674572008519,CALL,14682.0,14725.0,7928280.0,0.003063730279757552,4412.0,5M-10M,2025-11-14,237.6999969482422,243.2203063964844,253.46499633789065,253.50999450683597,235.75,5.3,5.4,0.6785920812988282,False,AMD,43.0,10.85,4412.0,14682.0,34144.186046511626,-0.5023041474654377,-0.02269674572008519,258778654648.0,-50.23041474654377,3.063730279757552e-05
CRWV251121P00100000,100.0,7.1,买 Put，看跌,-2.7378588952048357,PUT,11139.0,11153.0,7908689.999999999,0.013451342367607793,9381.0,5M-10M,2025-11-21,106.93000030517578,109.94000244140624,115.94000244140624,116.44000244140624,104.0999984741211,6.55,7.2,1.1555218005371093,False,CRWV,14.0,4.3,9381.0,11139.0,79564.28571428571,0.6511627906976744,-0.02737858895204836,58794801172.0,65.11627906976743,0.00013451342367607792
NVDA251219C00230000,230.0,2.02,卖 Call，看跌,-2.6375054433611216,CALL,39057.0,39063.0,7889514.0,0.0001822051506957132,78132.0,5M-10M,2025-12-19,188.0800018310547,193.1750030517578,196.35499572753903,197.6199951171875,186.3800048828125,1.94,1.97,0.4842580871582032,False,NVDA,6.0,2.65,78132.0,39057.0,650950.0,-0.23773584905660375,-0.026375054433611215,4330017000000.0,-23.773584905660375,1.8220515069571321e-06
COIN251114C00310000,310.0,6.86,卖 Call，看跌,-3.5858950191367733,CALL,11381.0,11385.0,7807366.0,0.009720774171747498,202.0,5M-10M,2025-11-14,295.2200012207031,306.20001220703125,316.5,316.6000061035156,294.7200012207031,6.25,6.85,0.6641879284667971,False,COIN,4.0,12.0,202.0,11381.0,284525.0,-0.4283333333333333,-0.035858950191367735,80316298497.0,-42.83333333333333,9.720774171747498e-05
AMZN251107P00265000,265.0,20.55,买 Put，看跌,-1.9762882580560672,PUT,3767.0,3807.0,7741185.000000001,0.000330264578386256,369.0,5M-10M,2025-11-07,243.0399932861328,247.94000244140625,249.22000122070312,250.3800048828125,242.1699981689453,20.05,20.85,1.0000000000000004e-05,True,AMZN,40.0,14.75,369.0,3767.0,9417.5,0.3932203389830509,-0.01976288258056067,2343934380679.0,39.322033898305094,3.3026457838625604e-06
NVDA260116P00190000,190.0,14.6,买 Put，看跌,-2.6375054433611216,PUT,5249.0,5261.0,7663539.999999999,0.00017698637210893166,16941.0,5M-10M,2026-01-16,188.0800018310547,193.1750030517578,196.35499572753903,197.6199951171875,186.3800048828125,14.6,14.65,0.4086973193359374,True,NVDA,12.0,11.8,16941.0,5249.0,43741.66666666667,0.23728813559322023,-0.026375054433611215,4330017000000.0,23.728813559322024,1.7698637210893164e-06
AMD251107P00235000,235.0,1.65,买 Put，看跌,-2.269674572008519,PUT,45743.0,45794.0,7547595.0,0.00291662193323731,8181.0,5M-10M,2025-11-07,237.6999969482422,243.2203063964844,253.46499633789065,253.50999450683597,235.75,1.63,1.65,0.40039662109375,False,AMD,51.0,0.48,8181.0,45743.0,89692.15686274509,2.4375,-0.02269674572008519,258778654648.0,243.75,2.91662193323731e-05
AMD260116C00240000,240.0,24.37,卖 Call，看跌,-2.269674572008519,CALL,3078.0,3082.0,7501086.0,0.002898649430805352,6262.0,5M-10M,2026-01-16,237.6999969482422,243.2203063964844,253.46499633789065,253.50999450683597,235.75,24.05,24.25,0.5991251025390626,False,AMD,4.0,32.2,6262.0,3078.0,76950.0,-0.24316770186335407,-0.02269674572008519,258778654648.0,-24.316770186335408,2.898649430805352e-05
PLTR251107P00187500,187.5,10.73,买 Put，看跌,-4.832836830971328,PUT,6885.0,7052.0,7387605.0,0.0017537056336380207,4182.0,5M-10M,2025-11-07,175.0500030517578,183.9394989013672,187.9499969482422,191.08999633789065,174.52999877929688,11.05,11.2,1.0000000000000004e-05,True,PLTR,167.0,4.1,4182.0,6885.0,4122.754491017964,1.6170731707317076,-0.04832836830971328,421256843697.0,161.70731707317077,1.7537056336380207e-05
TSLA260116C00550000,550.0,19.02,卖 Call，看跌,-2.83279943698324,CALL,3847.0,3869.0,7316994.0,0.0005151043580188894,29357.0,5M-10M,2026-01-16,445.9100036621094,458.9100036621094,461.9599914550781,467.4500122070313,435.0899963378906,18.95,19.1,0.6442906665039063,False,TSLA,22.0,20.95,29357.0,3847.0,17486.363636363636,-0.09212410501193316,-0.0283279943698324,1420487690716.0,-9.212410501193316,5.151043580188895e-06
NVDA251219C00210000,210.0,5.38,卖 Call，看跌,-2.6375054433611216,CALL,13467.0,13482.0,7245245.999999999,0.00016732604052131894,40753.0,5M-10M,2025-12-19,188.0800018310547,193.1750030517578,196.35499572753903,197.6199951171875,186.3800048828125,5.3,5.4,0.4962208581542969,False,NVDA,15.0,7.17,40753.0,13467.0,89780.0,-0.2496513249651325,-0.026375054433611215,4330017000000.0,-24.965132496513252,1.6732604052131895e-06
COIN251107P00300000,300.0,7.96,买 Put，看跌,-3.5858950191367733,PUT,9072.0,9359.0,7221312.0,0.008991091640347112,6168.0,5M-10M,2025-11-07,295.2200012207031,306.20001220703125,316.5,316.6000061035156,294.7200012207031,7.6,8.1,0.5813030151367188,True,COIN,287.0,2.21,6168.0,9072.0,3160.9756097560976,2.6018099547511313,-0.035858950191367735,80316298497.0,260.18099547511315,8.991091640347112e-05
NVDA251107C00195000,195.0,0.43,卖 Call，看跌,-2.6375054433611216,CALL,167879.0,168009.0,7218797.0,0.00016671521151071693,29350.0,5M-10M,2025-11-07,188.0800018310547,193.1750030517578,196.35499572753903,197.6199951171875,186.3800048828125,0.44,0.45,0.4497125341796875,False,NVDA,130.0,3.25,29350.0,167879.0,129137.69230769231,-0.8676923076923077,-0.026375054433611215,4330017000000.0,-86.76923076923076,1.6671521151071693e-06
TSLA251107C00475000,475.0,2.69,卖 Call，看跌,-2.83279943698324,CALL,26718.0,26742.0,7187142.0,0.0005059629905259724,9065.0,5M-10M,2025-11-07,445.9100036621094,458.9100036621094,461.9599914550781,467.4500122070313,435.0899963378906,2.65,2.69,0.8833019482421874,False,TSLA,24.0,4.5,9065.0,26718.0,111325.0,-0.40222222222222226,-0.0283279943698324,1420487690716.0,-40.22222222222223,5.059629905259724e-06
AMD251121C00240000,240.0,12.26,卖 Call，看跌,-2.269674572008519,CALL,5719.0,5761.0,7011494.0,0.0027094560830518595,5587.0,5M-10M,2025-11-21,237.6999969482422,243.2203063964844,253.46499633789065,253.50999450683597,235.75,12.1,12.25,0.6668734484863283,False,AMD,42.0,19.95,5587.0,5719.0,13616.666666666666,-0.3854636591478697,-0.02269674572008519,258778654648.0,-38.54636591478697,2.7094560830518597e-05
NVDA251128P00180000,180.0,5.34,买 Put，看跌,-2.6375054433611216,PUT,12674.0,12675.0,6767916.0,0.0001563022962727398,8888.0,5M-10M,2025-11-28,188.0800018310547,193.1750030517578,196.35499572753903,197.6199951171875,186.3800048828125,5.35,5.4,0.4810842907714844,False,NVDA,1.0,3.58,8888.0,12674.0,1267400.0,0.4916201117318435,-0.026375054433611215,4330017000000.0,49.162011173184354,1.563022962727398e-06
PLTR251107P00182500,182.5,6.16,买 Put，看跌,-4.832836830971328,PUT,10966.0,11101.0,6755056.0,0.0016035480731225226,8419.0,5M-10M,2025-11-07,175.0500030517578,183.9394989013672,187.9499969482422,191.08999633789065,174.52999877929688,6.6,6.7,1.0000000000000004e-05,True,PLTR,135.0,1.91,8419.0,10966.0,8122.962962962963,2.2251308900523563,-0.04832836830971328,421256843697.0,222.51308900523563,1.6035480731225225e-05
NVDA251107P00185000,185.0,0.64,买 Put，看跌,-2.6375054433611216,PUT,104562.0,104577.0,6691968.000000001,0.00015454830777800643,28224.0,5M-10M,2025-11-07,188.0800018310547,193.1750030517578,196.35499572753903,197.6199951171875,186.3800048828125,0.66,0.68,0.3305731005859375,False,NVDA,15.0,0.39,28224.0,104562.0,697080.0,0.641025641025641,-0.026375054433611215,4330017000000.0,64.1025641025641,1.5454830777800644e-06
TSLA251114P00455000,455.0,21.3,买 Put，看跌,-2.83279943698324,PUT,3116.0,3118.0,6637080.0,0.00046723952930944197,2061.0,5M-10M,2025-11-14,445.9100036621094,458.9100036621094,461.9599914550781,467.4500122070313,435.0899963378906,22.2,22.45,0.6170082244873047,True,TSLA,2.0,14.92,2061.0,3116.0,155800.0,0.4276139410187668,-0.0283279943698324,1420487690716.0,42.76139410187668,4.67239529309442e-06
AMD251107C00230000,230.0,10.35,卖 Call，看跌,-2.269674572008519,CALL,6354.0,6836.0,6576389.999999999,0.002541318567771921,1624.0,5M-10M,2025-11-07,237.6999969482422,243.2203063964844,253.46499633789065,253.50999450683597,235.75,9.75,9.95,0.7390162817382812,True,AMD,482.0,26.71,1624.0,6354.0,1318.2572614107883,-0.6125046798951703,-0.02269674572008519,258778654648.0,-61.250467989517034,2.5413185677719208e-05
PLTR251107P00177500,177.5,3.54,买 Put，看跌,-4.832836830971328,PUT,18546.0,18611.0,6565284.0,0.0015584990720583407,8212.0,5M-10M,2025-11-07,175.0500030517578,183.9394989013672,187.9499969482422,191.08999633789065,174.52999877929688,3.5,3.6,0.4145566357421875,True,PLTR,65.0,0.76,8212.0,18546.0,28532.307692307695,3.6578947368421058,-0.04832836830971328,421256843697.0,365.7894736842106,1.5584990720583407e-05
NVDA260320C00200000,200.0,18.35,卖 Call，看跌,-2.6375054433611216,CALL,3412.0,3419.0,6261020.0,0.000144595737152995,38187.0,5M-10M,2026-03-20,188.0800018310547,193.1750030517578,196.35499572753903,197.6199951171875,186.3800048828125,18.25,18.35,0.5073596627807617,False,NVDA,7.0,21.45,38187.0,3412.0,48742.857142857145,-0.14452214452214443,-0.026375054433611215,4330017000000.0,-14.452214452214443,1.44595737152995e-06
NVDA251128C00190000,190.0,9.8,卖 Call，看跌,-2.6375054433611216,CALL,6340.0,6972.0,6213200.000000001,0.00014349135349815025,7043.0,5M-10M,2025-11-28,188.0800018310547,193.1750030517578,196.35499572753903,197.6199951171875,186.3800048828125,9.7,9.8,0.5647016186523439,False,NVDA,632.0,12.69,7043.0,6340.0,1003.1645569620252,-0.2277383766745468,-0.026375054433611215,4330017000000.0,-22.77383766745468,1.4349135349815026e-06
NVDA251114P00200000,200.0,11.3,买 Put，看跌,-2.6375054433611216,PUT,5486.0,5525.0,6199180.0,0.00014316756724049812,22478.0,5M-10M,2025-11-14,188.0800018310547,193.1750030517578,196.35499572753903,197.6199951171875,186.3800048828125,11.4,11.45,1.0000000000000004e-05,True,NVDA,39.0,7.35,22478.0,5486.0,14066.666666666666,0.5374149659863947,-0.026375054433611215,4330017000000.0,53.74149659863947,1.4316756724049813e-06
AMD251114C00240000,240.0,9.3,卖 Call，看跌,-2.269674572008519,CALL,6661.0,7709.0,6194730.0,0.0023938334513819515,2221.0,5M-10M,2025-11-14,237.6999969482422,243.2203063964844,253.46499633789065,253.50999450683597,235.75,9.1,9.2,0.6859162268066408,False,AMD,1048.0,20.9,2221.0,6661.0,635.591603053435,-0.555023923444976,-0.02269674572008519,258778654648.0,-55.5023923444976,2.3938334513819517e-05
NVDA251114C00192500,192.5,4.05,卖 Call，看跌,-2.6375054433611216,CALL,15288.0,16384.0,6191639.999999999,0.0001429934339749705,2445.0,5M-10M,2025-11-14,188.0800018310547,193.1750030517578,196.35499572753903,197.6199951171875,186.3800048828125,4.0,4.1,0.5036670727539063,False,NVDA,1096.0,7.09,2445.0,15288.0,1394.890510948905,-0.4287729196050776,-0.026375054433611215,4330017000000.0,-42.877291960507755,1.429934339749705e-06
NVDA260918P00160000,160.0,15.51,买 Put，看跌,-2.6375054433611216,PUT,3961.0,3993.0,6143511.0,0.0001418819140894828,12394.0,5M-10M,2026-09-18,188.0800018310547,193.1750030517578,196.35499572753903,197.6199951171875,186.3800048828125,15.35,15.5,0.4252376812744141,False,NVDA,32.0,14.03,12394.0,3961.0,12378.125,0.105488239486814,-0.026375054433611215,4330017000000.0,10.5488239486814,1.4188191408948279e-06
AMD251107C00245000,245.0,1.32,卖 Call，看跌,-2.269674572008519,CALL,45815.0,45820.0,6047580.0,0.0023369701833507615,2901.0,5M-10M,2025-11-07,237.6999969482422,243.2203063964844,253.46499633789065,253.50999450683597,235.75,1.31,1.34,0.5537154003906251,False,AMD,5.0,9.8,2901.0,45815.0,916300.0,-0.8653061224489795,-0.02269674572008519,258778654648.0,-86.53061224489795,2.3369701833507617e-05
TSLA251114P00465000,465.0,29.25,买 Put，看跌,-2.83279943698324,PUT,2035.0,3306.0,5952375.0,0.00041903742207014075,1107.0,5M-10M,2025-11-14,445.9100036621094,458.9100036621094,461.9599914550781,467.4500122070313,435.0899963378906,28.25,28.5,0.6020547607421877,True,TSLA,1271.0,19.5,1107.0,2035.0,160.11014948859165,0.5,-0.0283279943698324,1420487690716.0,50.0,4.1903742207014075e-06
TSLA251114C00465000,465.0,12.14,卖 Call，看跌,-2.83279943698324,CALL,4900.0,4901.0,5948600.0,0.00041877166827131,3186.0,5M-10M,2025-11-14,445.9100036621094,458.9100036621094,461.9599914550781,467.4500122070313,435.0899963378906,12.2,12.35,0.7160062579345703,False,TSLA,1.0,16.8,3186.0,4900.0,490000.0,-0.2773809523809524,-0.0283279943698324,1420487690716.0,-27.73809523809524,4.1877166827131e-06
TSLA251121C00470000,470.0,16.35,卖 Call，看跌,-2.83279943698324,CALL,3636.0,3640.0,5944860.000000001,0.00041850837841498516,6963.0,5M-10M,2025-11-21,445.9100036621094,458.9100036621094,461.9599914550781,467.4500122070313,435.0899963378906,15.65,15.8,0.6807893249511721,False,TSLA,4.0,19.55,6963.0,3636.0,90900.0,-0.16368286445012784,-0.0283279943698324,1420487690716.0,-16.368286445012785,4.1850837841498516e-06
NVDA251107C00185000,185.0,5.37,卖 Call，看跌,-2.6375054433611216,CALL,10949.0,11944.0,5879613.0,0.00013578729598521207,17163.0,5M-10M,2025-11-07,188.0800018310547,193.1750030517578,196.35499572753903,197.6199951171875,186.3800048828125,5.3,5.35,0.6491734301757812,True,NVDA,995.0,10.75,17163.0,10949.0,1100.4020100502512,-0.5004651162790698,-0.026375054433611215,4330017000000.0,-50.04651162790697,1.3578729598521207e-06
RKLB251107P00056000,56.0,5.14,买 Put，看跌,-7.271026896539136,PUT,11279.0,11321.0,5797406.0,0.02614388831209566,16636.0,5M-10M,2025-11-07,49.61000061035156,53.5,56.20000076293945,56.209999084472656,49.40999984741211,5.05,5.6,1.0000000000000004e-05,True,RKLB,42.0,1.6,16636.0,11279.0,26854.761904761905,2.2124999999999995,-0.07271026896539136,22174995283.0,221.24999999999994,0.0002614388831209566
TSLA251107C00472500,472.5,2.95,卖 Call，看跌,-2.83279943698324,CALL,19337.0,19545.0,5704415.0,0.00040158144539251,3714.0,5M-10M,2025-11-07,445.9100036621094,458.9100036621094,461.9599914550781,467.4500122070313,435.0899963378906,2.95,2.97,0.8686536572265625,False,TSLA,208.0,5.3,3714.0,19337.0,9296.634615384615,-0.4433962264150943,-0.0283279943698324,1420487690716.0,-44.33962264150943,4.0158144539251e-06
CRCL251121P00110000,110.0,14.86,买 Put，看跌,-5.633139301379851,PUT,3814.0,4108.0,5667604.0,0.019452870081170626,4860.0,5M-10M,2025-11-21,100.01000213623048,105.9800033569336,113.0500030517578,113.36000061035156,100.0,14.1,15.75,1.0368700500488286,True,CRCL,294.0,8.4,4860.0,3814.0,1297.278911564626,0.7690476190476189,-0.056331393013798504,29135052958.0,76.90476190476188,0.00019452870081170627
NVDA251219P00200000,200.0,17.64,买 Put，看跌,-2.6375054433611216,PUT,3191.0,3614.0,5628924.000000001,0.00012999773441998037,22092.0,5M-10M,2025-12-19,188.0800018310547,193.1750030517578,196.35499572753903,197.6199951171875,186.3800048828125,17.5,17.6,0.3945373046875,True,NVDA,423.0,14.15,22092.0,3191.0,754.3735224586288,0.24664310954063606,-0.026375054433611215,4330017000000.0,24.664310954063605,1.2999773441998037e-06
AMD251107P00255000,255.0,15.21,买 Put，看跌,-2.269674572008519,PUT,3621.0,3808.0,5507541.0,0.0021282825693222473,6126.0,5M-10M,2025-11-07,237.6999969482422,243.2203063964844,253.46499633789065,253.50999450683597,235.75,15.85,16.1,1.0000000000000004e-05,True,AMD,187.0,6.71,6126.0,3621.0,1936.3636363636363,1.2667660208643816,-0.02269674572008519,258778654648.0,126.67660208643817,2.1282825693222475e-05
NVDA260116C00190000,190.0,16.05,卖 Call，看跌,-2.6375054433611216,CALL,3400.0,3425.0,5457000.0,0.00012602721883078058,26741.0,5M-10M,2026-01-16,188.0800018310547,193.1750030517578,196.35499572753903,197.6199951171875,186.3800048828125,16.0,16.05,0.5075732836914062,False,NVDA,25.0,19.5,26741.0,3400.0,13600.0,-0.17692307692307688,-0.026375054433611215,4330017000000.0,-17.692307692307686,1.2602721883078058e-06
NVDA251121C00205000,205.0,3.25,卖 Call，看跌,-2.6375054433611216,CALL,16545.0,16554.0,5377125.0,0.000124182537851468,58458.0,5M-10M,2025-11-21,188.0800018310547,193.1750030517578,196.35499572753903,197.6199951171875,186.3800048828125,3.2,3.25,0.5700726586914062,False,NVDA,9.0,4.9,58458.0,16545.0,183833.3333333333,-0.33673469387755106,-0.026375054433611215,4330017000000.0,-33.673469387755105,1.2418253785146802e-06
AMZN251128C00240000,240.0,10.08,卖 Call，看跌,-1.9762882580560672,CALL,5304.0,5417.0,5346432.0,0.00022809648785693503,6431.0,5M-10M,2025-11-28,243.0399932861328,247.94000244140625,249.22000122070312,250.3800048828125,242.1699981689453,10.0,10.1,0.3512638116455078,True,AMZN,113.0,14.05,6431.0,5304.0,4693.805309734514,-0.2825622775800712,-0.01976288258056067,2343934380679.0,-28.256227758007118,2.2809648785693503e-06
TSLA251128C00480000,480.0,16.25,卖 Call，看跌,-2.83279943698324,CALL,3253.0,3280.0,5286125.0,0.0003721345165149243,1259.0,5M-10M,2025-11-28,445.9100036621094,458.9100036621094,461.9599914550781,467.4500122070313,435.0899963378906,15.85,16.0,0.6466099792480469,False,TSLA,27.0,19.7,1259.0,3253.0,12048.148148148148,-0.17512690355329946,-0.0283279943698324,1420487690716.0,-17.512690355329948,3.721345165149243e-06
NVDA251121P00190000,190.0,8.45,买 Put，看跌,-2.6375054433611216,PUT,6235.0,6237.0,5268574.999999999,0.00012167561928740692,17263.0,5M-10M,2025-11-21,188.0800018310547,193.1750030517578,196.35499572753903,197.6199951171875,186.3800048828125,8.55,8.6,0.4816946362304687,True,NVDA,2.0,5.77,17263.0,6235.0,311750.0,0.4644714038128249,-0.026375054433611215,4330017000000.0,46.447140381282495,1.2167561928740692e-06
PLTR260116C00200000,200.0,9.27,卖 Call，看跌,-4.832836830971328,CALL,5673.0,5674.0,5258871.0,0.001248376395228983,38676.0,5M-10M,2026-01-16,175.0500030517578,183.9394989013672,187.9499969482422,191.08999633789065,174.52999877929688,9.2,9.35,0.581180946044922,False,PLTR,1.0,13.8,38676.0,5673.0,567300.0,-0.32826086956521744,-0.04832836830971328,421256843697.0,-32.82608695652174,1.248376395228983e-05
HOOD251121P00135000,135.0,10.68,买 Put，看跌,-3.0071762425017816,PUT,4850.0,4875.0,5179800.0,0.004819895058623887,7776.0,5M-10M,2025-11-21,127.08000183105467,131.02000427246094,139.99249267578125,140.0449981689453,126.25,11.15,11.6,0.6110878735351564,True,HOOD,25.0,6.2,7776.0,4850.0,19400.0,0.7225806451612903,-0.030071762425017814,107467070071.0,72.25806451612902,4.8198950586238876e-05
COIN251107P00305000,305.0,11.3,买 Put，看跌,-3.5858950191367733,PUT,4534.0,4540.0,5123420.0,0.006379053935349588,5167.0,5M-10M,2025-11-07,295.2200012207031,306.20001220703125,316.5,316.6000061035156,294.7200012207031,10.55,11.45,0.5107470800781251,True,COIN,6.0,4.21,5167.0,4534.0,75566.66666666666,1.6840855106888364,-0.035858950191367735,80316298497.0,168.40855106888364,6.379053935349588e-05
TSLA251107P00467500,467.5,22.49,买 Put，看跌,-2.83279943698324,PUT,2265.0,4591.0,5093985.0,0.00035860817614212243,1922.0,5M-10M,2025-11-07,445.9100036621094,458.9100036621094,461.9599914550781,467.4500122070313,435.0899963378906,22.7,22.95,0.5654340332031251,True,TSLA,2326.0,13.6,1922.0,2265.0,97.3774720550301,0.6536764705882352,-0.0283279943698324,1420487690716.0,65.36764705882352,3.586081761421224e-06
AMD251107P00242500,242.5,5.15,买 Put，看跌,-2.269674572008519,PUT,9739.0,10115.0,5015585.000000001,0.0019381756995461544,7337.0,5M-10M,2025-11-07,237.6999969482422,243.2203063964844,253.46499633789065,253.50999450683597,235.75,5.1,5.25,0.2817454638671874,True,AMD,376.0,1.49,7337.0,9739.0,2590.159574468085,2.4563758389261747,-0.02269674572008519,258778654648.0,245.63758389261747,1.9381756995461544e-05
PLTR251114P00180000,180.0,8.05,买 Put，看跌,-4.832836830971328,PUT,6224.0,6291.0,5010320.0,0.0011893741490414346,5555.0,5M-10M,2025-11-14,175.0500030517578,183.9394989013672,187.9499969482422,191.08999633789065,174.52999877929688,8.1,8.25,0.4875539526367188,True,PLTR,67.0,3.65,5555.0,6224.0,9289.55223880597,1.2054794520547947,-0.04832836830971328,421256843697.0,120.54794520547946,1.1893741490414346e-05
PLTR260116C00180000,180.0,16.53,卖 Call，看跌,-4.832836830971328,CALL,2994.0,3494.0,4949082.000000001,0.0011748371745290286,8553.0,<=5M,2026-01-16,175.0500030517578,183.9394989013672,187.9499969482422,191.08999633789065,174.52999877929688,16.35,16.55,0.6001016552734376,False,PLTR,500.0,22.85,8553.0,2994.0,598.8000000000001,-0.2765864332603939,-0.04832836830971328,421256843697.0,-27.65864332603939,1.1748371745290285e-05
TSLA251107C00432500,432.5,20.51,卖 Call，看跌,-2.83279943698324,CALL,2407.0,3034.0,4936757.000000001,0.00034753958321959253,973.0,<=5M,2025-11-07,445.9100036621094,458.9100036621094,461.9599914550781,467.4500122070313,435.0899963378906,19.65,19.9,0.9166268103027344,True,TSLA,627.0,32.18,973.0,2407.0,383.8915470494418,-0.36264760720944683,-0.0283279943698324,1420487690716.0,-36.264760720944686,3.4753958321959254e-06
HOOD260116C00150000,150.0,8.0,卖 Call，看跌,-3.0071762425017816,CALL,6164.0,6242.0,4931200.0,0.004588568383544947,7679.0,<=5M,2026-01-16,127.08000183105467,131.02000427246094,139.99249267578125,140.0449981689453,126.25,7.8,8.0,0.6948883050537109,False,HOOD,78.0,11.0,7679.0,6164.0,7902.5641025641025,-0.2727272727272727,-0.030071762425017814,107467070071.0,-27.27272727272727,4.588568383544947e-05
TSLA251107C00467500,467.5,3.8,卖 Call，看跌,-2.83279943698324,CALL,12964.0,12977.0,4926320.0,0.0003468048355643883,5947.0,<=5M,2025-11-07,445.9100036621094,458.9100036621094,461.9599914550781,467.4500122070313,435.0899963378906,3.75,3.85,0.8542495043945313,False,TSLA,13.0,7.1,5947.0,12964.0,99723.07692307692,-0.4647887323943662,-0.0283279943698324,1420487690716.0,-46.478873239436616,3.4680483556438825e-06
HOOD251121P00130000,130.0,8.3,买 Put，看跌,-3.0071762425017816,PUT,5882.0,6686.0,4882060.000000001,0.004542842748736504,5844.0,<=5M,2025-11-21,127.08000183105467,131.02000427246094,139.99249267578125,140.0449981689453,126.25,8.0,8.45,0.6210975390625001,True,HOOD,804.0,3.8,5844.0,5882.0,731.592039800995,1.1842105263157898,-0.030071762425017814,107467070071.0,118.42105263157899,4.542842748736504e-05
NVDA251114P00197500,197.5,9.25,买 Put，看跌,-2.6375054433611216,PUT,5228.0,5240.0,4835900.0,0.00011168316429242657,4368.0,<=5M,2025-11-14,188.0800018310547,193.1750030517578,196.35499572753903,197.6199951171875,186.3800048828125,9.75,9.8,0.249030947265625,True,NVDA,12.0,5.95,4368.0,5228.0,43566.66666666667,0.5546218487394957,-0.026375054433611215,4330017000000.0,55.462184873949575,1.1168316429242657e-06
NVDA251121P00180000,180.0,4.51,买 Put，看跌,-2.6375054433611216,PUT,10709.0,10764.0,4829759.0,0.00011154134036887152,57910.0,<=5M,2025-11-21,188.0800018310547,193.1750030517578,196.35499572753903,197.6199951171875,186.3800048828125,4.5,4.55,0.5153857055664062,False,NVDA,55.0,2.96,57910.0,10709.0,19470.909090909092,0.5236486486486486,-0.026375054433611215,4330017000000.0,52.364864864864856,1.1154134036887153e-06
CRWV251114P00100000,100.0,5.83,买 Put，看跌,-2.7378588952048357,PUT,8191.0,8900.0,4775353.0,0.008122066755579367,1412.0,<=5M,2025-11-14,106.93000030517578,109.94000244140624,115.94000244140624,116.44000244140624,104.0999984741211,5.55,6.05,1.3664582458496093,False,CRWV,709.0,3.4,1412.0,8191.0,1155.2891396332861,0.7147058823529412,-0.02737858895204836,58794801172.0,71.47058823529412,8.122066755579367e-05
TSLA251107P00420000,420.0,1.84,买 Put，看跌,-2.83279943698324,PUT,25639.0,25774.0,4717576.0,0.00033210960086687516,10070.0,<=5M,2025-11-07,445.9100036621094,458.9100036621094,461.9599914550781,467.4500122070313,435.0899963378906,1.84,1.86,0.7678245874023439,False,TSLA,135.0,1.36,10070.0,25639.0,18991.85185185185,0.3529411764705882,-0.0283279943698324,1420487690716.0,35.29411764705882,3.3210960086687518e-06
AMD251121C00250000,250.0,8.02,卖 Call，看跌,-2.269674572008519,CALL,5767.0,5801.0,4625134.0,0.0017872934714384667,14460.0,<=5M,2025-11-21,237.6999969482422,243.2203063964844,253.46499633789065,253.50999450683597,235.75,7.95,8.1,0.6525913647460939,False,AMD,34.0,13.8,14460.0,5767.0,16961.764705882353,-0.418840579710145,-0.02269674572008519,258778654648.0,-41.8840579710145,1.7872934714384666e-05
TSLA251114C00462500,462.5,13.07,卖 Call，看跌,-2.83279943698324,CALL,3528.0,3571.0,4611096.0,0.0003246135837809173,1003.0,<=5M,2025-11-14,445.9100036621094,458.9100036621094,461.9599914550781,467.4500122070313,435.0899963378906,12.95,13.1,0.712039012451172,False,TSLA,43.0,17.38,1003.0,3528.0,8204.651162790698,-0.24798619102416564,-0.0283279943698324,1420487690716.0,-24.798619102416563,3.246135837809173e-06
AMD251114P00240000,240.0,9.6,买 Put，看跌,-2.269674572008519,PUT,4786.0,4897.0,4594560.0,0.0017754787411850817,2478.0,<=5M,2025-11-14,237.6999969482422,243.2203063964844,253.46499633789065,253.50999450683597,235.75,9.65,9.75,0.56836369140625,True,AMD,111.0,5.1,2478.0,4786.0,4311.711711711712,0.8823529411764707,-0.02269674572008519,258778654648.0,88.23529411764707,1.7754787411850817e-05
AMD251107P00237500,237.5,2.51,买 Put，看跌,-2.269674572008519,PUT,18198.0,18409.0,4567698.0,0.0017650984414511104,2862.0,<=5M,2025-11-07,237.6999969482422,243.2203063964844,253.46499633789065,253.50999450683597,235.75,2.57,2.62,0.3874572973632812,False,AMD,211.0,0.75,2862.0,18198.0,8624.644549763034,2.3466666666666662,-0.02269674572008519,258778654648.0,234.66666666666663,1.7650984414511104e-05
NVDA251114C00197500,197.5,2.19,卖 Call，看跌,-2.6375054433611216,CALL,20785.0,20786.0,4551915.0,0.00010512464500716742,3166.0,<=5M,2025-11-14,188.0800018310547,193.1750030517578,196.35499572753903,197.6199951171875,186.3800048828125,2.2,2.22,0.4755911816406249,False,NVDA,1.0,4.95,3166.0,20785.0,2078500.0,-0.5575757575757576,-0.026375054433611215,4330017000000.0,-55.757575757575765,1.0512464500716742e-06
TSLA251121P00450000,450.0,24.5,买 Put，看跌,-2.83279943698324,PUT,1853.0,3540.0,4539850.0,0.000319597982416284,11688.0,<=5M,2025-11-21,445.9100036621094,458.9100036621094,461.9599914550781,467.4500122070313,435.0899963378906,24.3,24.5,0.5963175134277343,True,TSLA,1687.0,17.3,11688.0,1853.0,109.8399525785418,0.41618497109826585,-0.0283279943698324,1420487690716.0,41.618497109826585,3.1959798241628396e-06
RGTI251107P00035000,35.0,1.35,买 Put，看跌,-3.941850235861758,PUT,33615.0,33726.0,4538025.0,0.044897734047699596,33686.0,<=5M,2025-11-07,34.36000061035156,35.77000045776367,37.11000061035156,37.13999938964844,34.20000076293945,1.27,1.4,0.95898478515625,True,RGTI,111.0,0.93,33686.0,33615.0,30283.78378378378,0.4516129032258065,-0.03941850235861758,10107470001.0,45.16129032258065,0.00044897734047699597
NVDA251114C00185000,185.0,8.2,卖 Call，看跌,-2.6375054433611216,CALL,5534.0,6057.0,4537880.0,0.00010480051233055206,25915.0,<=5M,2025-11-14,188.0800018310547,193.1750030517578,196.35499572753903,197.6199951171875,186.3800048828125,8.15,8.2,0.5581098876953126,True,NVDA,523.0,12.49,25915.0,5534.0,1058.1261950286807,-0.34347477982385916,-0.026375054433611215,4330017000000.0,-34.34747798238592,1.0480051233055206e-06
HOOD260116C00135000,135.0,12.6,卖 Call，看跌,-3.0071762425017816,CALL,3590.0,3598.0,4523400.0,0.004209103306725992,4185.0,<=5M,2026-01-16,127.08000183105467,131.02000427246094,139.99249267578125,140.0449981689453,126.25,12.55,12.9,0.7086210778808593,False,HOOD,8.0,17.39,4185.0,3590.0,44875.0,-0.27544565842438185,-0.030071762425017814,107467070071.0,-27.544565842438185,4.209103306725992e-05
TSLA251114P00430000,430.0,10.35,买 Put，看跌,-2.83279943698324,PUT,4324.0,4325.0,4475340.0,0.0003150565843864648,3882.0,<=5M,2025-11-14,445.9100036621094,458.9100036621094,461.9599914550781,467.4500122070313,435.0899963378906,10.25,10.4,0.6242103009033204,False,TSLA,1.0,6.58,3882.0,4324.0,432400.0,0.5729483282674771,-0.0283279943698324,1420487690716.0,57.29483282674771,3.150565843864648e-06
HOOD251107P00130000,130.0,3.6,买 Put，看跌,-3.0071762425017816,PUT,12274.0,12500.0,4418640.0,0.00411162228306843,17088.0,<=5M,2025-11-07,127.08000183105467,131.02000427246094,139.99249267578125,140.0449981689453,126.25,3.5,3.7,0.4985401708984375,True,HOOD,226.0,0.94,17088.0,12274.0,5430.973451327433,2.8297872340425534,-0.030071762425017814,107467070071.0,282.97872340425533,4.11162228306843e-05
BMNR251107P00042000,42.0,4.37,买 Put，看跌,-5.397864426854773,PUT,10068.0,10086.0,4399716.0,2.0245335653279524,10615.0,<=5M,2025-11-07,37.33000183105469,39.459999084472656,40.5,40.707801818847656,37.12009811401367,4.25,4.6,1.0000000000000004e-05,True,BMNR,18.0,2.33,10615.0,10068.0,55933.333333333336,0.8755364806866953,-0.05397864426854773,217319983.0,87.55364806866953,0.020245335653279524
HOOD251107P00140000,140.0,12.2,买 Put，看跌,-3.0071762425017816,PUT,3588.0,3977.0,4377360.0,0.0040732105165871,5467.0,<=5M,2025-11-07,127.08000183105467,131.02000427246094,139.99249267578125,140.0449981689453,126.25,12.0,12.3,1.0000000000000004e-05,True,HOOD,389.0,4.82,5467.0,3588.0,922.3650385604113,1.5311203319502071,-0.030071762425017814,107467070071.0,153.1120331950207,4.0732105165871e-05
NVDA251121C00207500,207.5,2.75,卖 Call，看跌,-2.6375054433611216,CALL,15915.0,18756.0,4376625.0,0.00010107639300261409,3562.0,<=5M,2025-11-21,188.0800018310547,193.1750030517578,196.35499572753903,197.6199951171875,186.3800048828125,2.72,2.73,0.5708050732421875,False,NVDA,2841.0,3.95,3562.0,15915.0,560.1900739176347,-0.3037974683544304,-0.026375054433611215,4330017000000.0,-30.37974683544304,1.0107639300261409e-06
PLTR251114P00175000,175.0,5.45,买 Put，看跌,-4.832836830971328,PUT,8029.0,8064.0,4375805.0,0.0010387498898765458,3660.0,<=5M,2025-11-14,175.0500030517578,183.9394989013672,187.9499969482422,191.08999633789065,174.52999877929688,5.5,5.6,0.5085498364257812,False,PLTR,35.0,2.31,3660.0,8029.0,22940.0,1.3593073593073592,-0.04832836830971328,421256843697.0,135.93073593073592,1.0387498898765457e-05
NVDA251107P00202500,202.5,12.57,买 Put，看跌,-2.6375054433611216,PUT,3423.0,3464.0,4302711.0,9.936937891929754e-05,20430.0,<=5M,2025-11-07,188.0800018310547,193.1750030517578,196.35499572753903,197.6199951171875,186.3800048828125,12.85,12.9,1.0000000000000004e-05,True,NVDA,41.0,7.05,20430.0,3423.0,8348.780487804877,0.7829787234042555,-0.026375054433611215,4330017000000.0,78.29787234042554,9.936937891929754e-07
SOFI260116C00030000,30.0,2.59,卖 Call，看跌,-7.240439854908619,CALL,16604.0,16634.0,4300436.0,0.012835339311151776,45180.0,<=5M,2026-01-16,27.15999984741211,29.280000686645508,30.125,30.858999252319336,27.1299991607666,2.55,2.59,0.7592797509765626,False,SOFI,30.0,3.6,45180.0,16604.0,55346.66666666667,-0.2805555555555556,-0.07240439854908619,33504653798.0,-28.05555555555556,0.00012835339311151775
NVDA251114P00185000,185.0,3.1,买 Put，看跌,-2.6375054433611216,PUT,13860.0,13869.0,4296600.0,9.922824783366901e-05,27179.0,<=5M,2025-11-14,188.0800018310547,193.1750030517578,196.35499572753903,197.6199951171875,186.3800048828125,3.1,3.2,0.3916076464843749,False,NVDA,9.0,1.79,27179.0,13860.0,154000.0,0.7318435754189945,-0.026375054433611215,4330017000000.0,73.18435754189944,9.9228247833669e-07
NVDA251107C00180000,180.0,10.1,卖 Call，看跌,-2.6375054433611216,CALL,4254.0,4712.0,4296540.0,9.922686215781601e-05,10647.0,<=5M,2025-11-07,188.0800018310547,193.1750030517578,196.35499572753903,197.6199951171875,186.3800048828125,10.15,10.3,0.960937890625,True,NVDA,458.0,15.65,10647.0,4254.0,928.82096069869,-0.354632587859425,-0.026375054433611215,4330017000000.0,-35.4632587859425,9.922686215781601e-07
AMD251107C00237500,237.5,4.55,卖 Call，看跌,-2.269674572008519,CALL,9347.0,9748.0,4252885.0,0.0016434450537602982,398.0,<=5M,2025-11-07,237.6999969482422,243.2203063964844,253.46499633789065,253.50999450683597,235.75,4.3,4.45,0.6091347680664063,True,AMD,401.0,20.95,398.0,9347.0,2330.922693266833,-0.782816229116945,-0.02269674572008519,258778654648.0,-78.2816229116945,1.6434450537602982e-05
AMD251114C00255000,255.0,4.1,卖 Call，看跌,-2.269674572008519,CALL,10257.0,10539.0,4205370.0,0.0016250838021089084,3162.0,<=5M,2025-11-14,237.6999969482422,243.2203063964844,253.46499633789065,253.50999450683597,235.75,4.0,4.1,0.6817658776855471,False,AMD,282.0,8.65,3162.0,10257.0,3637.2340425531916,-0.5260115606936416,-0.02269674572008519,258778654648.0,-52.601156069364166,1.6250838021089085e-05
AMD251107C00242500,242.5,2.1,卖 Call，看跌,-2.269674572008519,CALL,19885.0,20955.0,4175850.0,0.0016136763697454646,1171.0,<=5M,2025-11-07,237.6999969482422,243.2203063964844,253.46499633789065,253.50999450683597,235.75,2.05,2.06,0.5649457568359376,False,AMD,1070.0,15.15,1171.0,19885.0,1858.4112149532712,-0.8613861386138614,-0.02269674572008519,258778654648.0,-86.13861386138613,1.6136763697454647e-05
NVDA260116C00210000,210.0,8.1,卖 Call，看跌,-2.6375054433611216,CALL,5078.0,5081.0,4113179.9999999995,9.499223675103353e-05,31898.0,<=5M,2026-01-16,188.0800018310547,193.1750030517578,196.35499572753903,197.6199951171875,186.3800048828125,7.95,8.05,0.4771780798339844,False,NVDA,3.0,10.35,31898.0,5078.0,169266.6666666667,-0.21739130434782608,-0.026375054433611215,4330017000000.0,-21.73913043478261,9.499223675103353e-07
TSLA251121C00480000,480.0,13.24,卖 Call，看跌,-2.83279943698324,CALL,3094.0,3096.0,4096456.0,0.00028838377317688495,8582.0,<=5M,2025-11-21,445.9100036621094,458.9100036621094,461.9599914550781,467.4500122070313,435.0899963378906,12.95,13.1,0.6907379559326172,False,TSLA,2.0,16.25,8582.0,3094.0,154700.0,-0.18523076923076923,-0.0283279943698324,1420487690716.0,-18.52307692307692,2.8838377317688493e-06
NVDA251114P00180000,180.0,1.9,买 Put，看跌,-2.6375054433611216,PUT,21527.0,21532.0,4090129.9999999995,9.445990627750421e-05,16778.0,<=5M,2025-11-14,188.0800018310547,193.1750030517578,196.35499572753903,197.6199951171875,186.3800048828125,1.89,1.91,0.4279842358398438,False,NVDA,5.0,1.04,16778.0,21527.0,430539.99999999994,0.8269230769230768,-0.026375054433611215,4330017000000.0,82.69230769230768,9.445990627750421e-07
AMZN251107P00245000,245.0,2.22,买 Put，看跌,-1.9762882580560672,PUT,17990.0,18043.0,3993780.0000000005,0.00017038787574091843,7862.0,<=5M,2025-11-07,243.0399932861328,247.94000244140625,249.22000122070312,250.3800048828125,242.1699981689453,2.19,2.22,0.1289149609375,True,AMZN,53.0,0.83,7862.0,17990.0,33943.39622641509,1.674698795180723,-0.01976288258056067,2343934380679.0,167.4698795180723,1.7038787574091843e-06
PLTR251107C00180000,180.0,1.45,卖 Call，看跌,-4.832836830971328,CALL,27411.0,33732.0,3974594.9999999995,0.0009435087072101862,3225.0,<=5M,2025-11-07,175.0500030517578,183.9394989013672,187.9499969482422,191.08999633789065,174.52999877929688,1.41,1.46,0.637698935546875,False,PLTR,6321.0,8.8,3225.0,27411.0,433.64973896535355,-0.8352272727272727,-0.04832836830971328,421256843697.0,-83.52272727272727,9.435087072101862e-06
NVDA251114C00187500,187.5,6.6,卖 Call，看跌,-2.6375054433611216,CALL,6020.0,6022.0,3973200.0,9.17594549859735e-05,790.0,<=5M,2025-11-14,188.0800018310547,193.1750030517578,196.35499572753903,197.6199951171875,186.3800048828125,6.6,6.65,0.5383346948242189,True,NVDA,2.0,11.05,790.0,6020.0,301000.0,-0.4027149321266969,-0.026375054433611215,4330017000000.0,-40.27149321266969,9.17594549859735e-07
AMD251114C00245000,245.0,7.1,卖 Call，看跌,-2.269674572008519,CALL,5538.0,8748.0,3931979.9999999995,0.0015194375306373008,2583.0,<=5M,2025-11-14,237.6999969482422,243.2203063964844,253.46499633789065,253.50999450683597,235.75,7.15,7.25,0.6912872668457033,False,AMD,3210.0,17.17,2583.0,5538.0,172.52336448598132,-0.586488060570763,-0.02269674572008519,258778654648.0,-58.6488060570763,1.5194375306373008e-05
NVDA251121C00185000,185.0,11.5,卖 Call，看跌,-2.6375054433611216,CALL,3407.0,3408.0,3918050.0,9.048578793108665e-05,39528.0,<=5M,2025-11-21,188.0800018310547,193.1750030517578,196.35499572753903,197.6199951171875,186.3800048828125,11.55,11.6,0.639652041015625,True,NVDA,1.0,15.95,39528.0,3407.0,340700.0,-0.2789968652037617,-0.026375054433611215,4330017000000.0,-27.89968652037617,9.048578793108665e-07
HOOD251114C00135000,135.0,2.8,卖 Call，看跌,-3.0071762425017816,CALL,13984.0,13989.0,3915519.9999999995,0.003643460268725241,524.0,<=5M,2025-11-14,127.08000183105467,131.02000427246094,139.99249267578125,140.0449981689453,126.25,2.75,2.8,0.7204617797851562,False,HOOD,5.0,6.92,524.0,13984.0,279680.0,-0.5953757225433526,-0.030071762425017814,107467070071.0,-59.53757225433526,3.643460268725241e-05
PLTR251114P00185000,185.0,11.3,买 Put，看跌,-4.832836830971328,PUT,3443.0,3445.0,3890590.0,0.0009235671914207306,2600.0,<=5M,2025-11-14,175.0500030517578,183.9394989013672,187.9499969482422,191.08999633789065,174.52999877929688,11.4,11.55,0.4528863305664062,True,PLTR,2.0,4.8,2600.0,3443.0,172150.0,1.354166666666667,-0.04832836830971328,421256843697.0,135.41666666666669,9.235671914207306e-06
TSLA251107C00490000,490.0,1.37,卖 Call，看跌,-2.83279943698324,CALL,27762.0,27916.0,3803394.0,0.00026775268978803264,10013.0,<=5M,2025-11-07,445.9100036621094,458.9100036621094,461.9599914550781,467.4500122070313,435.0899963378906,1.34,1.35,0.945313046875,False,TSLA,154.0,1.7,10013.0,27762.0,18027.272727272728,-0.19411764705882345,-0.0283279943698324,1420487690716.0,-19.411764705882344,2.6775268978803263e-06
NBIS251219C00120000,120.0,12.28,卖 Call，看跌,-6.237147620938856,CALL,3069.0,3070.0,3768732.0,0.014696166006699088,6592.0,<=5M,2025-12-19,109.44000244140624,116.72000122070312,119.5500030517578,121.0,108.41000366210938,12.0,12.5,1.077519260864258,False,NBIS,1.0,16.5,6592.0,3069.0,306900.0,-0.2557575757575758,-0.062371476209388564,25644321099.0,-25.575757575757578,0.00014696166006699087
CRWV251107P00112000,112.0,7.04,买 Put，看跌,-2.7378588952048357,PUT,5163.0,5939.0,3634751.9999999995,0.006182097613302223,6198.0,<=5M,2025-11-07,106.93000030517578,109.94000244140624,115.94000244140624,116.44000244140624,104.0999984741211,6.5,7.45,1.2168007910156249,True,CRWV,776.0,2.2,6198.0,5163.0,665.3350515463917,2.1999999999999997,-0.02737858895204836,58794801172.0,219.99999999999997,6.182097613302223e-05
NVDA260515P00160000,160.0,10.95,买 Put，看跌,-2.6375054433611216,PUT,3265.0,3271.0,3575175.0,8.256722779610335e-05,5387.0,<=5M,2026-05-15,188.0800018310547,193.1750030517578,196.35499572753903,197.6199951171875,186.3800048828125,10.45,10.55,0.436254416809082,False,NVDA,6.0,8.25,5387.0,3265.0,54416.666666666664,0.32727272727272716,-0.026375054433611215,4330017000000.0,32.72727272727272,8.256722779610334e-07
TSLA251114P00420000,420.0,7.5,买 Put，看跌,-2.83279943698324,PUT,4605.0,4621.0,3453750.0,0.0002431383265460843,5341.0,<=5M,2025-11-14,445.9100036621094,458.9100036621094,461.9599914550781,467.4500122070313,435.0899963378906,7.4,7.5,0.6429479064941408,False,TSLA,16.0,4.65,5341.0,4605.0,28781.25,0.6129032258064515,-0.0283279943698324,1420487690716.0,61.29032258064515,2.431383265460843e-06
HOOD251114P00120000,120.0,2.28,买 Put，看跌,-3.0071762425017816,PUT,15046.0,15186.0,3430487.9999999995,0.0031921294567104023,3553.0,<=5M,2025-11-14,127.08000183105467,131.02000427246094,139.99249267578125,140.0449981689453,126.25,2.23,2.42,0.6596713720703126,False,HOOD,140.0,0.8,3553.0,15046.0,10747.142857142857,1.8499999999999996,-0.030071762425017814,107467070071.0,184.99999999999997,3.192129456710402e-05
PLTR260116P00160000,160.0,9.45,买 Put，看跌,-4.832836830971328,PUT,3628.0,3630.0,3428460.0,0.0008138645226298115,9917.0,<=5M,2026-01-16,175.0500030517578,183.9394989013672,187.9499969482422,191.08999633789065,174.52999877929688,9.35,9.5,0.5347946911621093,False,PLTR,2.0,6.5,9917.0,3628.0,181400.0,0.45384615384615373,-0.04832836830971328,421256843697.0,45.38461538461537,8.138645226298115e-06
TSLA251107C00485000,485.0,1.71,卖 Call，看跌,-2.83279943698324,CALL,19997.0,20008.0,3419487.0000000005,0.000240726267629704,14124.0,<=5M,2025-11-07,445.9100036621094,458.9100036621094,461.9599914550781,467.4500122070313,435.0899963378906,1.7,1.72,0.9282233740234376,False,TSLA,11.0,2.41,14124.0,19997.0,181790.9090909091,-0.2904564315352698,-0.0283279943698324,1420487690716.0,-29.045643153526978,2.40726267629704e-06
NVDA251205P00180000,180.0,5.95,买 Put，看跌,-2.6375054433611216,PUT,5737.0,6282.0,3413515.0,7.883375515615759e-05,1754.0,<=5M,2025-12-05,188.0800018310547,193.1750030517578,196.35499572753903,197.6199951171875,186.3800048828125,6.1,6.2,0.4617363397216797,False,NVDA,545.0,4.54,1754.0,5737.0,1052.6605504587155,0.31057268722466963,-0.026375054433611215,4330017000000.0,31.05726872246696,7.883375515615758e-07
NVDA251114P00205000,205.0,16.0,买 Put，看跌,-2.6375054433611216,PUT,2130.0,3703.0,3408000.0,7.87063884506689e-05,5806.0,<=5M,2025-11-14,188.0800018310547,193.1750030517578,196.35499572753903,197.6199951171875,186.3800048828125,15.95,16.0,1.0000000000000004e-05,True,NVDA,1573.0,11.36,5806.0,2130.0,135.4100445009536,0.4084507042253522,-0.026375054433611215,4330017000000.0,40.845070422535215,7.87063884506689e-07
PLTR251114C00180000,180.0,4.6,卖 Call，看跌,-4.832836830971328,CALL,7350.0,7354.0,3381000.0,0.0008025982368210196,2151.0,<=5M,2025-11-14,175.0500030517578,183.9394989013672,187.9499969482422,191.08999633789065,174.52999877929688,4.55,4.6,0.6084023535156251,False,PLTR,4.0,11.27,2151.0,7350.0,183750.0,-0.5918367346938775,-0.04832836830971328,421256843697.0,-59.183673469387756,8.025982368210196e-06
AMD251107C00235000,235.0,6.25,卖 Call，看跌,-2.269674572008519,CALL,5403.0,6057.0,3376875.0,0.0013049279526525658,1649.0,<=5M,2025-11-07,237.6999969482422,243.2203063964844,253.46499633789065,253.50999450683597,235.75,5.9,6.05,0.6442906665039063,True,AMD,654.0,22.58,1649.0,5403.0,826.1467889908257,-0.7232063773250664,-0.02269674572008519,258778654648.0,-72.32063773250664,1.3049279526525658e-05
INTC251121C00045000,45.0,0.41,卖 Call，看跌,-1.0519130044774871,CALL,82205.0,85286.0,3370404.9999999995,0.002169088094939295,121951.0,<=5M,2025-11-21,37.2400016784668,37.63589859008789,38.31999969482422,39.84460067749024,36.79999923706055,0.41,0.42,0.7851583984375,False,INTC,3081.0,0.47,121951.0,82205.0,2668.1272314183707,-0.1276595744680851,-0.010519130044774871,155383500000.0,-12.76595744680851,2.169088094939295e-05
NVDA251219P00180000,180.0,7.65,买 Put，看跌,-2.6375054433611216,PUT,4390.0,5230.0,3358350.0,7.755974168230748e-05,31872.0,<=5M,2025-12-19,188.0800018310547,193.1750030517578,196.35499572753903,197.6199951171875,186.3800048828125,7.65,7.7,0.4431208032226562,False,NVDA,840.0,6.05,31872.0,4390.0,522.6190476190476,0.2644628099173555,-0.026375054433611215,4330017000000.0,26.44628099173555,7.755974168230748e-07
OKLO251114C00116000,116.0,5.78,卖 Call，看跌,-4.41031208302902,CALL,5795.0,5826.0,3349510.0,0.02052994093297793,28.0,<=5M,2025-11-14,106.74500274658205,111.66999816894533,120.12000274658205,120.9499969482422,106.0,5.25,6.1,1.3796417736816404,False,OKLO,31.0,12.93,28.0,5795.0,18693.548387096773,-0.5529775715390565,-0.0441031208302902,16315244213.0,-55.29775715390565,0.00020529940932977931
IREN251114C00070000,70.0,5.35,卖 Call，看跌,-6.060605736260132,CALL,6253.0,6263.0,3345354.9999999995,0.029383615231697795,2578.0,<=5M,2025-11-14,66.95999908447266,71.27999877929688,75.70999908447266,75.79000091552734,66.66999816894531,5.35,5.55,1.6044941650390625,False,IREN,10.0,8.5,2578.0,6253.0,62529.99999999999,-0.37058823529411766,-0.06060605736260132,11385103479.0,-37.05882352941177,0.00029383615231697794
NVDA251128C00195000,195.0,7.48,卖 Call，看跌,-2.6375054433611216,CALL,4449.0,4938.0,3327852.0000000005,7.685540264622518e-05,6473.0,<=5M,2025-11-28,188.0800018310547,193.1750030517578,196.35499572753903,197.6199951171875,186.3800048828125,7.3,7.4,0.5451095294189454,False,NVDA,489.0,9.95,6473.0,4449.0,909.8159509202453,-0.24824120603015065,-0.026375054433611215,4330017000000.0,-24.824120603015064,7.685540264622518e-07
NVDA251114C00180000,180.0,11.88,卖 Call，看跌,-2.6375054433611216,CALL,2786.0,3286.0,3309768.0,7.643775994412954e-05,6695.0,<=5M,2025-11-14,188.0800018310547,193.1750030517578,196.35499572753903,197.6199951171875,186.3800048828125,11.75,11.8,0.6079140771484376,True,NVDA,500.0,16.85,6695.0,2786.0,557.2,-0.29495548961424334,-0.026375054433611215,4330017000000.0,-29.495548961424333,7.643775994412955e-07
NVDA251121C00202500,202.5,3.95,卖 Call，看跌,-2.6375054433611216,CALL,8365.0,8366.0,3304175.0,7.630859186003196e-05,10269.0,<=5M,2025-11-21,188.0800018310547,193.1750030517578,196.35499572753903,197.6199951171875,186.3800048828125,3.85,3.9,0.5751995605468749,False,NVDA,1.0,5.87,10269.0,8365.0,836500.0,-0.3270868824531516,-0.026375054433611215,4330017000000.0,-32.70868824531516,7.630859186003196e-07
PLTR251114C00185000,185.0,2.95,卖 Call，看跌,-4.832836830971328,CALL,11154.0,11162.0,3290430.0000000005,0.0007810982893768079,1973.0,<=5M,2025-11-14,175.0500030517578,183.9394989013672,187.9499969482422,191.08999633789065,174.52999877929688,2.95,2.96,0.603763728027344,False,PLTR,8.0,8.4,1973.0,11154.0,139425.0,-0.6488095238095238,-0.04832836830971328,421256843697.0,-64.88095238095238,7.81098289376808e-06
PLTR251114P00170000,170.0,3.6,买 Put，看跌,-4.832836830971328,PUT,8940.0,16194.0,3218400.0,0.0007639994573749686,5973.0,<=5M,2025-11-14,175.0500030517578,183.9394989013672,187.9499969482422,191.08999633789065,174.52999877929688,3.6,3.65,0.537236072998047,False,PLTR,7254.0,1.25,5973.0,8940.0,123.24234904880068,1.8800000000000001,-0.04832836830971328,421256843697.0,188.0,7.639994573749686e-06
HOOD251107P00132000,132.0,5.1,买 Put，看跌,-3.0071762425017816,PUT,6279.0,6315.0,3202290.0,0.002979787201683596,1761.0,<=5M,2025-11-07,127.08000183105467,131.02000427246094,139.99249267578125,140.0449981689453,126.25,5.0,5.25,0.477544287109375,True,HOOD,36.0,1.39,1761.0,6279.0,17441.666666666664,2.669064748201439,-0.030071762425017814,107467070071.0,266.9064748201439,2.9797872016835957e-05
PLTR251107P00170000,170.0,0.92,买 Put，看跌,-4.832836830971328,PUT,34571.0,34579.0,3180532.0,0.0007550101672146794,16104.0,<=5M,2025-11-07,175.0500030517578,183.9394989013672,187.9499969482422,191.08999633789065,174.52999877929688,0.94,0.98,0.5468795312500001,False,PLTR,8.0,0.16,16104.0,34571.0,432137.5,4.75,-0.04832836830971328,421256843697.0,475.0,7.550101672146793e-06
NVDA251128C00200000,200.0,5.59,卖 Call，看跌,-2.6375054433611216,CALL,5603.0,5618.0,3132077.0,7.233405781085848e-05,25642.0,<=5M,2025-11-28,188.0800018310547,193.1750030517578,196.35499572753903,197.6199951171875,186.3800048828125,5.5,5.55,0.5366867620849609,False,NVDA,15.0,7.9,25642.0,5603.0,37353.333333333336,-0.2924050632911393,-0.026375054433611215,4330017000000.0,-29.24050632911393,7.233405781085848e-07
NVDA251114C00202500,202.5,1.14,卖 Call，看跌,-2.6375054433611216,CALL,27018.0,27083.0,3080051.9999999995,7.113256137331561e-05,7821.0,<=5M,2025-11-14,188.0800018310547,193.1750030517578,196.35499572753903,197.6199951171875,186.3800048828125,1.13,1.15,0.4636284106445312,False,NVDA,65.0,2.64,7821.0,27018.0,41566.153846153844,-0.5681818181818182,-0.026375054433611215,4330017000000.0,-56.81818181818182,7.113256137331562e-07
NVDA260116C00225000,225.0,4.67,卖 Call，看跌,-2.6375054433611216,CALL,6586.0,7752.0,3075662.0,7.103117609007078e-05,21335.0,<=5M,2026-01-16,188.0800018310547,193.1750030517578,196.35499572753903,197.6199951171875,186.3800048828125,4.55,4.6,0.4686332434082031,False,NVDA,1166.0,5.65,21335.0,6586.0,564.8370497427101,-0.17345132743362837,-0.026375054433611215,4330017000000.0,-17.345132743362836,7.103117609007078e-07
AMZN251107P00247500,247.5,3.85,买 Put，看跌,-1.9762882580560672,PUT,7961.0,8002.0,3064985.0,0.00013076240637385607,5322.0,<=5M,2025-11-07,243.0399932861328,247.94000244140625,249.22000122070312,250.3800048828125,242.1699981689453,3.8,3.9,1.0000000000000004e-05,True,AMZN,41.0,1.55,5322.0,7961.0,19417.073170731706,1.4838709677419353,-0.01976288258056067,2343934380679.0,148.38709677419354,1.3076240637385606e-06
NVDA251128P00185000,185.0,6.84,买 Put，看跌,-2.6375054433611216,PUT,4478.0,5920.0,3062952.0,7.073764375520928e-05,16095.0,<=5M,2025-11-28,188.0800018310547,193.1750030517578,196.35499572753903,197.6199951171875,186.3800048828125,7.05,7.15,0.4608208215332031,False,NVDA,1442.0,5.2,16095.0,4478.0,310.54091539528434,0.3153846153846153,-0.026375054433611215,4330017000000.0,31.538461538461533,7.073764375520928e-07
NVDA251114C00205000,205.0,0.83,卖 Call，看跌,-2.6375054433611216,CALL,36884.0,37088.0,3061371.9999999995,7.070115429108014e-05,58280.0,<=5M,2025-11-14,188.0800018310547,193.1750030517578,196.35499572753903,197.6199951171875,186.3800048828125,0.81,0.83,0.4636284106445312,False,NVDA,204.0,1.95,58280.0,36884.0,18080.392156862745,-0.5743589743589744,-0.026375054433611215,4330017000000.0,-57.435897435897445,7.070115429108014e-07
TSLA251107P00432500,432.5,4.05,买 Put，看跌,-2.83279943698324,PUT,7545.0,7551.0,3055725.0,0.00021511802037930754,2792.0,<=5M,2025-11-07,445.9100036621094,458.9100036621094,461.9599914550781,467.4500122070313,435.0899963378906,4.0,4.1,0.7132597033691408,False,TSLA,6.0,2.32,2792.0,7545.0,125750.0,0.7456896551724138,-0.0283279943698324,1420487690716.0,74.56896551724138,2.1511802037930754e-06
NVDA251114P00187500,187.5,4.09,买 Put，看跌,-2.6375054433611216,PUT,7442.0,7447.0,3043778.0,7.029482794178406e-05,6557.0,<=5M,2025-11-14,188.0800018310547,193.1750030517578,196.35499572753903,197.6199951171875,186.3800048828125,4.05,4.1,0.3728090063476562,False,NVDA,5.0,2.21,6557.0,7442.0,148840.0,0.8506787330316742,-0.026375054433611215,4330017000000.0,85.06787330316742,7.029482794178406e-07
TSLA251121C00445000,445.0,25.8,卖 Call，看跌,-2.83279943698324,CALL,1172.0,3260.0,3023760.0,0.00021286773688801672,4971.0,<=5M,2025-11-21,445.9100036621094,458.9100036621094,461.9599914550781,467.4500122070313,435.0899963378906,25.85,26.05,0.6857331231689454,True,TSLA,2088.0,33.28,4971.0,1172.0,56.13026819923371,-0.2247596153846154,-0.0283279943698324,1420487690716.0,-22.47596153846154,2.1286773688801673e-06
TSLA251107P00425000,425.0,2.53,买 Put，看跌,-2.83279943698324,PUT,11785.0,11803.0,2981605.0,0.00020990009413577638,7452.0,<=5M,2025-11-07,445.9100036621094,458.9100036621094,461.9599914550781,467.4500122070313,435.0899963378906,2.54,2.57,0.7465845654296875,False,TSLA,18.0,1.53,7452.0,11785.0,65472.22222222222,0.65359477124183,-0.0283279943698324,1420487690716.0,65.359477124183,2.099000941357764e-06
NVDA251114P00182500,182.5,2.44,买 Put，看跌,-2.6375054433611216,PUT,12211.0,12213.0,2979484.0,6.880998388689929e-05,3338.0,<=5M,2025-11-14,188.0800018310547,193.1750030517578,196.35499572753903,197.6199951171875,186.3800048828125,2.48,2.5,0.4119931848144531,False,NVDA,2.0,1.27,3338.0,12211.0,610550.0,0.921259842519685,-0.026375054433611215,4330017000000.0,92.12598425196849,6.880998388689929e-07
AMD251114P00230000,230.0,5.2,买 Put，看跌,-2.269674572008519,PUT,5717.0,5762.0,2972840.0,0.0011487964507906432,3268.0,<=5M,2025-11-14,237.6999969482422,243.2203063964844,253.46499633789065,253.50999450683597,235.75,5.4,5.5,0.598758895263672,False,AMD,45.0,2.43,3268.0,5717.0,12704.444444444445,1.139917695473251,-0.02269674572008519,258778654648.0,113.9917695473251,1.1487964507906433e-05
INTC260320C00041000,41.0,4.06,卖 Call，看跌,-1.0519130044774871,CALL,7267.0,7321.0,2950401.9999999995,0.001898787194264513,11590.0,<=5M,2026-03-20,37.2400016784668,37.63589859008789,38.31999969482422,39.84460067749024,36.79999923706055,4.1,4.2,0.6191444335937502,False,INTC,54.0,4.63,11590.0,7267.0,13457.407407407407,-0.12311015118790503,-0.010519130044774871,155383500000.0,-12.311015118790502,1.898787194264513e-05
AMD251114C00260000,260.0,3.04,卖 Call，看跌,-2.269674572008519,CALL,9682.0,9763.0,2943328.0,0.0011373921098722845,10390.0,<=5M,2025-11-14,237.6999969482422,243.2203063964844,253.46499633789065,253.50999450683597,235.75,2.97,3.05,0.6835969140625001,False,AMD,81.0,6.6,10390.0,9682.0,11953.086419753086,-0.5393939393939393,-0.02269674572008519,258778654648.0,-53.93939393939393,1.1373921098722846e-05
COIN251114C00327500,327.5,2.77,卖 Call，看跌,-3.5858950191367733,CALL,10515.0,10584.0,2912655.0,0.0036264806203796787,288.0,<=5M,2025-11-14,295.2200012207031,306.20001220703125,316.5,316.6000061035156,294.7200012207031,2.66,2.9,0.6687044848632814,False,COIN,69.0,9.22,288.0,10515.0,15239.13043478261,-0.6995661605206075,-0.035858950191367735,80316298497.0,-69.95661605206075,3.6264806203796786e-05
NVDA251205C00200000,200.0,6.5,卖 Call，看跌,-2.6375054433611216,CALL,4352.0,5724.0,2828800.0,6.53299975496632e-05,5791.0,<=5M,2025-12-05,188.0800018310547,193.1750030517578,196.35499572753903,197.6199951171875,186.3800048828125,6.55,6.65,0.5232591619873046,False,NVDA,1372.0,8.72,5791.0,4352.0,317.20116618075804,-0.2545871559633028,-0.026375054433611215,4330017000000.0,-25.45871559633028,6.53299975496632e-07
NVDA251121C00192500,192.5,7.6,卖 Call，看跌,-2.6375054433611216,CALL,3694.0,3696.0,2807440.0,6.483669694599351e-05,3861.0,<=5M,2025-11-21,188.0800018310547,193.1750030517578,196.35499572753903,197.6199951171875,186.3800048828125,7.5,7.55,0.6026651062011721,False,NVDA,2.0,10.65,3861.0,3694.0,184700.0,-0.2863849765258217,-0.026375054433611215,4330017000000.0,-28.638497652582167,6.483669694599351e-07
PLTR251114C00190000,190.0,1.83,卖 Call，看跌,-4.832836830971328,CALL,15308.0,15394.0,2801364.0,0.000665001421796474,7230.0,<=5M,2025-11-14,175.0500030517578,183.9394989013672,187.9499969482422,191.08999633789065,174.52999877929688,1.83,1.84,0.6015664843750002,False,PLTR,86.0,4.78,7230.0,15308.0,17800.0,-0.6171548117154811,-0.04832836830971328,421256843697.0,-61.71548117154811,6.650014217964739e-06
HOOD251121P00125000,125.0,5.8,买 Put，看跌,-3.0071762425017816,PUT,4717.0,4743.0,2735860.0,0.0025457658780429263,6924.0,<=5M,2025-11-21,127.08000183105467,131.02000427246094,139.99249267578125,140.0449981689453,126.25,5.6,5.8,0.635867899169922,False,HOOD,26.0,2.66,6924.0,4717.0,18142.307692307695,1.1804511278195486,-0.030071762425017814,107467070071.0,118.04511278195487,2.5457658780429263e-05
CRCL251121P00100000,100.0,8.82,买 Put，看跌,-5.633139301379851,PUT,3057.0,4196.0,2696274.0,0.00925439882977679,8226.0,<=5M,2025-11-21,100.01000213623048,105.9800033569336,113.0500030517578,113.36000061035156,100.0,8.15,9.0,1.0293017285156252,False,CRCL,1139.0,3.9,8226.0,3057.0,268.39332748024583,1.2615384615384615,-0.056331393013798504,29135052958.0,126.15384615384615,9.25439882977679e-05
TSLA251114P00400000,400.0,3.7,买 Put，看跌,-2.83279943698324,PUT,7276.0,7277.0,2692120.0,0.00018952082567100817,6652.0,<=5M,2025-11-14,445.9100036621094,458.9100036621094,461.9599914550781,467.4500122070313,435.0899963378906,3.65,3.75,0.6844513977050781,False,TSLA,1.0,2.27,6652.0,7276.0,727600.0,0.6299559471365639,-0.0283279943698324,1420487690716.0,62.99559471365639,1.8952082567100817e-06
TSLA251107C00477500,477.5,2.34,卖 Call，看跌,-2.83279943698324,CALL,11450.0,11453.0,2679300.0,0.00018861831873034346,2808.0,<=5M,2025-11-07,445.9100036621094,458.9100036621094,461.9599914550781,467.4500122070313,435.0899963378906,2.36,2.39,0.8930674755859375,False,TSLA,3.0,4.35,2808.0,11450.0,381666.6666666666,-0.46206896551724136,-0.0283279943698324,1420487690716.0,-46.206896551724135,1.8861831873034345e-06
CRWV251114C00117000,117.0,4.92,卖 Call，看跌,-2.7378588952048357,CALL,5441.0,5572.0,2676972.0,0.004553076031618355,111.0,<=5M,2025-11-14,106.93000030517578,109.94000244140624,115.94000244140624,116.44000244140624,104.0999984741211,4.3,5.3,1.2788121997070312,False,CRWV,131.0,7.84,111.0,5441.0,4153.435114503816,-0.37244897959183676,-0.02737858895204836,58794801172.0,-37.244897959183675,4.5530760316183554e-05
PLTR251107C00177500,177.5,2.4,卖 Call，看跌,-4.832836830971328,CALL,11072.0,12156.0,2657280.0,0.0006307980605559771,1196.0,<=5M,2025-11-07,175.0500030517578,183.9394989013672,187.9499969482422,191.08999633789065,174.52999877929688,2.4,2.41,0.6713900048828126,False,PLTR,1084.0,11.2,1196.0,11072.0,1021.4022140221402,-0.7857142857142857,-0.04832836830971328,421256843697.0,-78.57142857142857,6.307980605559771e-06
AMZN251107C00245000,245.0,1.58,卖 Call，看跌,-1.9762882580560672,CALL,16781.0,16788.0,2651398.0,0.00011311741582253393,8541.0,<=5M,2025-11-07,243.0399932861328,247.94000244140625,249.22000122070312,250.3800048828125,242.1699981689453,1.53,1.56,0.334967587890625,False,AMZN,7.0,5.25,8541.0,16781.0,239728.57142857142,-0.699047619047619,-0.01976288258056067,2343934380679.0,-69.9047619047619,1.1311741582253393e-06
NVDA260116P00160000,160.0,4.2,买 Put，看跌,-2.6375054433611216,PUT,6242.0,6255.0,2621640.0,6.054572072118885e-05,54436.0,<=5M,2026-01-16,188.0800018310547,193.1750030517578,196.35499572753903,197.6199951171875,186.3800048828125,4.25,4.35,0.4617363397216797,False,NVDA,13.0,3.39,54436.0,6242.0,48015.38461538461,0.23893805309734514,-0.026375054433611215,4330017000000.0,23.893805309734514,6.054572072118885e-07
CORZ251121C00020000,20.0,1.95,卖 Call，看跌,-1.43609021457994,CALL,13357.0,13476.0,2604615.0,0.050613059954148304,55667.0,<=5M,2025-11-21,20.59000015258789,20.88999938964844,21.82999992370605,21.8700008392334,19.91419982910156,2.01,2.04,1.0127002490234376,True,CORZ,119.0,2.45,55667.0,13357.0,11224.36974789916,-0.2040816326530613,-0.014360902145799399,5146132248.0,-20.408163265306133,0.000506130599541483
TSLA251114C00490000,490.0,6.38,卖 Call，看跌,-2.83279943698324,CALL,4034.0,4049.0,2573692.0,0.0001811836890119565,2683.0,<=5M,2025-11-14,445.9100036621094,458.9100036621094,461.9599914550781,467.4500122070313,435.0899963378906,6.25,6.35,0.7355983471679688,False,TSLA,15.0,7.6,2683.0,4034.0,26893.333333333332,-0.16052631578947366,-0.0283279943698324,1420487690716.0,-16.052631578947366,1.811836890119565e-06
AMD251121C00260000,260.0,5.2,卖 Call，看跌,-2.269674572008519,CALL,4949.0,4958.0,2573480.0,0.000994471512150235,19666.0,<=5M,2025-11-21,237.6999969482422,243.2203063964844,253.46499633789065,253.50999450683597,235.75,5.1,5.2,0.6486851538085938,False,AMD,9.0,9.95,19666.0,4949.0,54988.88888888889,-0.4773869346733668,-0.02269674572008519,258778654648.0,-47.73869346733668,9.94471512150235e-06
PLTR251114P00165000,165.0,2.25,买 Put，看跌,-4.832836830971328,PUT,11186.0,14484.0,2516850.0,0.000597462103621113,4855.0,<=5M,2025-11-14,175.0500030517578,183.9394989013672,187.9499969482422,191.08999633789065,174.52999877929688,2.22,2.27,0.5610395458984375,False,PLTR,3298.0,0.81,4855.0,11186.0,339.17525773195877,1.7777777777777777,-0.04832836830971328,421256843697.0,177.77777777777777,5.97462103621113e-06
PLTR251219C00200000,200.0,5.93,卖 Call，看跌,-4.832836830971328,CALL,4235.0,4244.0,2511355.0,0.0005961576737745198,9863.0,<=5M,2025-12-19,175.0500030517578,183.9394989013672,187.9499969482422,191.08999633789065,174.52999877929688,5.8,5.95,0.5871623315429688,False,PLTR,9.0,9.65,9863.0,4235.0,47055.555555555555,-0.3854922279792747,-0.04832836830971328,421256843697.0,-38.54922279792747,5.961576737745198e-06
NVDA260220C00210000,210.0,11.3,卖 Call，看跌,-2.6375054433611216,CALL,2185.0,4512.0,2469050.0,5.702171608102232e-05,29830.0,<=5M,2026-02-20,188.0800018310547,193.1750030517578,196.35499572753903,197.6199951171875,186.3800048828125,11.2,11.3,0.4766287689208984,False,NVDA,2327.0,13.4,29830.0,2185.0,93.89772238934249,-0.15671641791044774,-0.026375054433611215,4330017000000.0,-15.671641791044774,5.702171608102232e-07
AMD251107C00250000,250.0,0.49,卖 Call，看跌,-2.269674572008519,CALL,49928.0,50147.0,2446472.0,0.0009453917299816629,8349.0,<=5M,2025-11-07,237.6999969482422,243.2203063964844,253.46499633789065,253.50999450683597,235.75,0.5,0.51,0.5473678076171876,False,AMD,219.0,5.6,8349.0,49928.0,22798.173515981736,-0.9125,-0.02269674572008519,258778654648.0,-91.25,9.453917299816628e-06
AMD251114C00270000,270.0,1.66,卖 Call，看跌,-2.269674572008519,CALL,14656.0,14798.0,2432896.0,0.0009401455476725128,10809.0,<=5M,2025-11-14,237.6999969482422,243.2203063964844,253.46499633789065,253.50999450683597,235.75,1.63,1.66,0.6936065795898438,False,AMD,142.0,3.75,10809.0,14656.0,10321.12676056338,-0.5573333333333333,-0.02269674572008519,258778654648.0,-55.733333333333334,9.401455476725128e-06
NVDA251212P00175000,175.0,5.25,买 Put，看跌,-2.6375054433611216,PUT,4515.0,4742.0,2370375.0,5.4742856667768284e-05,674.0,<=5M,2025-12-12,188.0800018310547,193.1750030517578,196.35499572753903,197.6199951171875,186.3800048828125,5.3,5.45,0.4667411724853516,False,NVDA,227.0,4.0,674.0,4515.0,1988.9867841409693,0.3125,-0.026375054433611215,4330017000000.0,31.25,5.474285666776828e-07
AMZN260116C00260000,260.0,8.03,卖 Call，看跌,-1.9762882580560672,CALL,2925.0,4523.0,2348774.9999999995,0.00010020651684453713,26480.0,<=5M,2026-01-16,243.0399932861328,247.94000244140625,249.22000122070312,250.3800048828125,242.1699981689453,8.0,8.05,0.3377141424560547,False,AMZN,1598.0,10.25,26480.0,2925.0,183.0413016270338,-0.2165853658536586,-0.01976288258056067,2343934380679.0,-21.65853658536586,1.0020651684453714e-06
IREN251107C00070000,70.0,3.3,卖 Call，看跌,-6.060605736260132,CALL,7069.0,7201.0,2332769.9999999995,0.020489668840540886,7084.0,<=5M,2025-11-07,66.95999908447266,71.27999877929688,75.70999908447266,75.79000091552734,66.66999816894531,3.25,3.5,2.3476603808593746,False,IREN,132.0,6.5,7084.0,7069.0,5355.30303030303,-0.49230769230769234,-0.06060605736260132,11385103479.0,-49.23076923076923,0.00020489668840540886
INTC260320C00044000,44.0,3.3,卖 Call，看跌,-1.0519130044774871,CALL,7003.0,7085.0,2310990.0,0.0014872814681095483,11667.0,<=5M,2026-03-20,37.2400016784668,37.63589859008789,38.31999969482422,39.84460067749024,36.79999923706055,3.2,3.35,0.6203651245117189,False,INTC,82.0,3.7,11667.0,7003.0,8540.243902439024,-0.1081081081081082,-0.010519130044774871,155383500000.0,-10.81081081081082,1.4872814681095484e-05
PLTR251121C00180000,180.0,6.9,卖 Call，看跌,-4.832836830971328,CALL,3343.0,5969.0,2306670.0,0.0005475685521821772,13279.0,<=5M,2025-11-21,175.0500030517578,183.9394989013672,187.9499969482422,191.08999633789065,174.52999877929688,6.85,7.0,0.6201209863281252,False,PLTR,2626.0,13.3,13279.0,3343.0,127.3038842345773,-0.48120300751879697,-0.04832836830971328,421256843697.0,-48.1203007518797,5.475685521821772e-06
PLTR251114C00175000,175.0,7.08,卖 Call，看跌,-4.832836830971328,CALL,3224.0,3385.0,2282592.0,0.0005418527993439115,878.0,<=5M,2025-11-14,175.0500030517578,183.9394989013672,187.9499969482422,191.08999633789065,174.52999877929688,7.0,7.15,0.6433141137695313,True,PLTR,161.0,15.04,878.0,3224.0,2002.4844720496894,-0.5292553191489361,-0.04832836830971328,421256843697.0,-52.92553191489361,5.418527993439115e-06
PLTR251121C00190000,190.0,3.5,卖 Call，看跌,-4.832836830971328,CALL,6461.0,6462.0,2261350.0,0.0005368102699897109,19237.0,<=5M,2025-11-21,175.0500030517578,183.9394989013672,187.9499969482422,191.08999633789065,174.52999877929688,3.5,3.6,0.6005899316406251,False,PLTR,1.0,7.85,19237.0,6461.0,646100.0,-0.554140127388535,-0.04832836830971328,421256843697.0,-55.4140127388535,5.368102699897109e-06
PLTR251205C00190000,190.0,6.35,卖 Call，看跌,-4.832836830971328,CALL,3545.0,3580.0,2251075.0,0.0005343711404767454,3590.0,<=5M,2025-12-05,175.0500030517578,183.9394989013672,187.9499969482422,191.08999633789065,174.52999877929688,6.0,6.15,0.5810588769531251,False,PLTR,35.0,10.85,3590.0,3545.0,10128.57142857143,-0.4147465437788019,-0.04832836830971328,421256843697.0,-41.474654377880185,5.343711404767455e-06
AMZN251114C00250000,250.0,2.28,卖 Call，看跌,-1.9762882580560672,CALL,9833.0,15406.0,2241924.0,9.56478994668166e-05,4722.0,<=5M,2025-11-14,243.0399932861328,247.94000244140625,249.22000122070312,250.3800048828125,242.1699981689453,2.25,2.28,0.3244696459960937,False,AMZN,5573.0,5.02,4722.0,9833.0,176.4399784676117,-0.545816733067729,-0.01976288258056067,2343934380679.0,-54.581673306772906,9.56478994668166e-07
AMD251114P00235000,235.0,7.25,买 Put，看跌,-2.269674572008519,PUT,3084.0,3100.0,2235900.0,0.0008640202581783074,1465.0,<=5M,2025-11-14,237.6999969482422,243.2203063964844,253.46499633789065,253.50999450683597,235.75,7.3,7.45,0.584965087890625,False,AMD,16.0,3.3,1465.0,3084.0,19275.0,1.196969696969697,-0.02269674572008519,258778654648.0,119.6969696969697,8.640202581783073e-06
PLTR251107C00175000,175.0,3.8,卖 Call，看跌,-4.832836830971328,CALL,5882.0,7056.0,2235160.0,0.0005305931603114078,1599.0,<=5M,2025-11-07,175.0500030517578,183.9394989013672,187.9499969482422,191.08999633789065,174.52999877929688,3.7,3.85,0.725588681640625,True,PLTR,1174.0,13.45,1599.0,5882.0,501.0221465076661,-0.7174721189591078,-0.04832836830971328,421256843697.0,-71.74721189591078,5.305931603114078e-06
TSLA251107C00482500,482.5,1.88,卖 Call，看跌,-2.83279943698324,CALL,11733.0,11784.0,2205803.9999999995,0.00015528497813931488,2413.0,<=5M,2025-11-07,445.9100036621094,458.9100036621094,461.9599914550781,467.4500122070313,435.0899963378906,1.86,1.89,0.91211025390625,False,TSLA,51.0,3.2,2413.0,11733.0,23005.88235294118,-0.4125000000000001,-0.0283279943698324,1420487690716.0,-41.25000000000001,1.552849781393149e-06
HOOD251114P00130000,130.0,6.3,买 Put，看跌,-3.0071762425017816,PUT,3500.0,3533.0,2205000.0,0.0020517913055070995,3781.0,<=5M,2025-11-14,127.08000183105467,131.02000427246094,139.99249267578125,140.0449981689453,126.25,6.1,6.6,0.5898478515625001,True,HOOD,33.0,2.83,3781.0,3500.0,10606.060606060606,1.2261484098939928,-0.030071762425017814,107467070071.0,122.61484098939928,2.0517913055070993e-05
IREN251114C00075000,75.0,3.75,卖 Call，看跌,-6.060605736260132,CALL,5866.0,5983.0,2199750.0,0.019321300013280276,2945.0,<=5M,2025-11-14,66.95999908447266,71.27999877929688,75.70999908447266,75.79000091552734,66.66999816894531,3.45,3.75,1.554201447753906,False,IREN,117.0,6.21,2945.0,5866.0,5013.675213675214,-0.3961352657004831,-0.06060605736260132,11385103479.0,-39.61352657004831,0.00019321300013280275
RKLB251114C00055000,55.0,1.95,卖 Call，看跌,-7.271026896539136,CALL,11086.0,11385.0,2161770.0,0.009748683020723238,166.0,<=5M,2025-11-14,49.61000061035156,53.5,56.20000076293945,56.209999084472656,49.40999984741211,1.72,1.95,1.2114297241210936,False,RKLB,299.0,5.2,166.0,11086.0,3707.692307692308,-0.625,-0.07271026896539136,22174995283.0,-62.5,9.748683020723238e-05
OKLO251107P00110000,110.0,5.4,买 Put，看跌,-4.41031208302902,PUT,3941.0,3960.0,2128140.0,0.013043874625574383,3523.0,<=5M,2025-11-07,106.74500274658205,111.66999816894533,120.12000274658205,120.9499969482422,106.0,4.55,5.4,0.9619144433593748,True,OKLO,19.0,1.1,3523.0,3941.0,20742.105263157897,3.9090909090909096,-0.0441031208302902,16315244213.0,390.90909090909093,0.00013043874625574383
AMD251219P00210000,210.0,6.5,买 Put，看跌,-2.269674572008519,PUT,3269.0,3283.0,2124850.0,0.0008211071360929275,11526.0,<=5M,2025-12-19,237.6999969482422,243.2203063964844,253.46499633789065,253.50999450683597,235.75,6.6,6.7,0.5510298803710938,False,AMD,14.0,4.23,11526.0,3269.0,23350.0,0.536643026004728,-0.02269674572008519,258778654648.0,53.6643026004728,8.211071360929274e-06
OKLO251114P00095000,95.0,3.5,买 Put，看跌,-4.41031208302902,PUT,6025.0,6030.0,2108750.0,0.012925028718354986,357.0,<=5M,2025-11-14,106.74500274658205,111.66999816894533,120.12000274658205,120.9499969482422,106.0,3.5,3.9,1.3144565527343748,False,OKLO,5.0,1.91,357.0,6025.0,120500.0,0.8324607329842932,-0.0441031208302902,16315244213.0,83.24607329842932,0.00012925028718354986
NVDA260417P00160000,160.0,9.29,买 Put，看跌,-2.6375054433611216,PUT,2245.0,3649.0,2085605.0,4.8166208123432306e-05,9993.0,<=5M,2026-04-17,188.0800018310547,193.1750030517578,196.35499572753903,197.6199951171875,186.3800048828125,9.25,9.4,0.4433039068603516,False,NVDA,1404.0,8.2,9993.0,2245.0,159.9002849002849,0.1329268292682927,-0.026375054433611215,4330017000000.0,13.292682926829269,4.816620812343231e-07
AMD251114C00242500,242.5,8.06,卖 Call，看跌,-2.269674572008519,CALL,2506.0,3870.0,2019836.0,0.0007805265093241377,520.0,<=5M,2025-11-14,237.6999969482422,243.2203063964844,253.46499633789065,253.50999450683597,235.75,8.0,8.1,0.6832307067871095,False,AMD,1364.0,19.44,520.0,2506.0,183.72434017595307,-0.5853909465020576,-0.02269674572008519,258778654648.0,-58.53909465020576,7.805265093241377e-06
PLTR251121C00185000,185.0,5.05,卖 Call，看跌,-4.832836830971328,CALL,3983.0,3984.0,2011414.9999999998,0.0004774794831456228,8242.0,<=5M,2025-11-21,175.0500030517578,183.9394989013672,187.9499969482422,191.08999633789065,174.52999877929688,5.0,5.15,0.6129189099121095,False,PLTR,1.0,10.5,8242.0,3983.0,398300.0,-0.5190476190476191,-0.04832836830971328,421256843697.0,-51.90476190476191,4.774794831456228e-06
