contractSymbol,strike,lastPrice_new,signal_type,stock_price_change_pct,option_type,volume_change_abs,volume_new,amount_threshold,amount_to_market_cap_pct,openInterest_new,amount_tier,expiry_date,股票价格(new),股票价格(old),股票价格(new open),股票价格(new high),股票价格(new low),bid,ask,impliedVolatility,inTheMoney,symbol,volume_old,lastPrice_old,openInterest_old,volume_change,volume_change_pct,option_price_change,stock_price_change,market_cap,option_price_change_pct,amount_to_market_cap
NVDA260220C00170000,170.0,24.85,卖 Call，看跌,-7.575024881556919,CALL,78571.0,78801.0,195248935.0,0.004509195575906515,4423.0,>50M,2026-02-20,180.63999938964844,195.44500732421875,195.9499969482422,196.0,179.85000610351562,24.85,25.15,0.546025047607422,True,NVDA,230.0,28.3,4423.0,78571.0,34161.30434782609,-0.12190812720848054,-0.07575024881556919,4330017000000.0,-12.190812720848054,4.509195575906515e-05
PLTR251121P00195000,195.0,37.05,买 Put，看跌,-10.010407045615729,PUT,41929.0,42076.0,155346945.0,0.036877013946327086,3665.0,>50M,2025-11-21,155.7449951171875,173.07000732421875,172.10499572753906,174.57000732421875,154.39999389648438,37.75,37.9,1.0000000000000004e-05,True,PLTR,147.0,29.5,3665.0,41929.0,28523.12925170068,0.2559322033898304,-0.10010407045615728,421256843697.0,25.59322033898304,0.0003687701394632709
TSLA251121P00420000,420.0,20.42,买 Put，看跌,-7.305593829631753,PUT,75187.0,75570.0,153531854.0,0.010808390315766265,17318.0,>50M,2025-11-21,395.0450134277344,426.1799926757813,414.6300048828125,428.9400024414063,394.739990234375,20.2,20.75,1.0000000000000004e-05,True,TSLA,383.0,9.05,17318.0,75187.0,19631.070496083554,1.256353591160221,-0.07305593829631753,1420487690716.0,125.6353591160221,0.00010808390315766265
TSLA251121P00425000,425.0,25.25,买 Put，看跌,-7.305593829631753,PUT,46985.0,46995.0,118637125.0,0.008351858715523307,7246.0,>50M,2025-11-21,395.0450134277344,426.1799926757813,414.6300048828125,428.9400024414063,394.739990234375,25.1,25.5,1.0000000000000004e-05,True,TSLA,10.0,12.4,7246.0,46985.0,469850.0,1.036290322580645,-0.07305593829631753,1420487690716.0,103.6290322580645,8.351858715523307e-05
PLTR251121P00200000,200.0,42.58,买 Put，看跌,-10.010407045615729,PUT,24939.0,25063.0,106190261.99999999,0.025207961268489235,1694.0,>50M,2025-11-21,155.7449951171875,173.07000732421875,172.10499572753906,174.57000732421875,154.39999389648438,42.6,42.8,1.0000000000000004e-05,True,PLTR,124.0,34.7,1694.0,24939.0,20112.09677419355,0.22708933717579236,-0.10010407045615728,421256843697.0,22.708933717579235,0.00025207961268489235
MSFT251121P00540000,540.0,60.74,买 Put，看跌,-2.9868624537565696,PUT,15984.0,16018.0,97086816.0,0.002553728541136928,2648.0,>50M,2025-11-21,478.4299926757813,493.1600036621094,492.7099914550781,493.5700073242188,476.05999755859375,59.7,62.35,0.99414068359375,True,MSFT,34.0,53.82,2648.0,15984.0,47011.76470588236,0.12857673727238947,-0.029868624537565697,3801767276203.0,12.857673727238947,2.5537285411369282e-05
TSLA251121P00415000,415.0,16.29,买 Put，看跌,-7.305593829631753,PUT,56875.0,56882.0,92649375.0,0.006522363805440643,6150.0,>50M,2025-11-21,395.0450134277344,426.1799926757813,414.6300048828125,428.9400024414063,394.739990234375,16.0,16.3,1.0000000000000004e-05,True,TSLA,7.0,6.15,6150.0,56875.0,812500.0,1.6487804878048777,-0.07305593829631753,1420487690716.0,164.87804878048777,6.522363805440642e-05
PLTR251121P00190000,190.0,32.5,买 Put，看跌,-10.010407045615729,PUT,28366.0,28368.0,92189500.0,0.02188439223703383,3830.0,>50M,2025-11-21,155.7449951171875,173.07000732421875,172.10499572753906,174.57000732421875,154.39999389648438,32.5,32.65,1.0000000000000004e-05,True,PLTR,2.0,17.94,3830.0,28366.0,1418300.0,0.8115942028985506,-0.10010407045615728,421256843697.0,81.15942028985505,0.0002188439223703383
TSLA251121P00410000,410.0,12.42,买 Put，看跌,-7.305593829631753,PUT,70101.0,70291.0,87065442.0,0.006129264094933091,15798.0,>50M,2025-11-21,395.0450134277344,426.1799926757813,414.6300048828125,428.9400024414063,394.739990234375,12.15,12.3,1.0000000000000004e-05,True,TSLA,190.0,4.45,15798.0,70101.0,36895.26315789474,1.791011235955056,-0.07305593829631753,1420487690716.0,179.1011235955056,6.12926409493309e-05
NVDA251121P00190000,190.0,8.05,买 Put，看跌,-7.575024881556919,PUT,104575.0,104829.0,84182875.00000001,0.001944169618733599,42411.0,>50M,2025-11-21,180.63999938964844,195.44500732421875,195.9499969482422,196.0,179.85000610351562,8.0,8.05,1.0000000000000004e-05,True,NVDA,254.0,1.45,42411.0,104575.0,41171.259842519685,4.551724137931035,-0.07575024881556919,4330017000000.0,455.1724137931035,1.944169618733599e-05
MSFT251121P00520000,520.0,41.14,买 Put，看跌,-2.9868624537565696,PUT,19093.0,19219.0,78548602.0,0.002066107583482861,4147.0,>50M,2025-11-21,478.4299926757813,493.1600036621094,492.7099914550781,493.5700073242188,476.05999755859375,40.5,42.0,0.657229990234375,True,MSFT,126.0,33.75,4147.0,19093.0,15153.174603174602,0.21896296296296297,-0.029868624537565697,3801767276203.0,21.896296296296295,2.066107583482861e-05
TSLA251121P00430000,430.0,30.04,买 Put，看跌,-7.305593829631753,PUT,25258.0,25260.0,75875032.0,0.005341477613350878,11962.0,>50M,2025-11-21,395.0450134277344,426.1799926757813,414.6300048828125,428.9400024414063,394.739990234375,29.55,29.8,1.0000000000000004e-05,True,TSLA,2.0,17.3,11962.0,25258.0,1262900.0,0.7364161849710982,-0.07305593829631753,1420487690716.0,73.64161849710982,5.341477613350878e-05
NVDA251121P00212500,212.5,29.95,买 Put，看跌,-7.575024881556919,PUT,25101.0,25138.0,75177495.0,0.0017361939918480688,7343.0,>50M,2025-11-21,180.63999938964844,195.44500732421875,195.9499969482422,196.0,179.85000610351562,30.05,30.35,1.0000000000000004e-05,True,NVDA,37.0,26.5,7343.0,25101.0,67840.54054054055,0.130188679245283,-0.07575024881556919,4330017000000.0,13.0188679245283,1.736193991848069e-05
TSLA251121P00400000,400.0,6.5,买 Put，看跌,-7.305593829631753,PUT,111331.0,111850.0,72365150.0,0.005094387686212486,30727.0,>50M,2025-11-21,395.0450134277344,426.1799926757813,414.6300048828125,428.9400024414063,394.739990234375,6.55,6.6,0.3059151440429687,True,TSLA,519.0,1.89,30727.0,111331.0,21451.05973025048,2.4391534391534395,-0.07305593829631753,1420487690716.0,243.91534391534395,5.094387686212486e-05
NVDA251121P00210000,210.0,27.6,买 Put，看跌,-7.575024881556919,PUT,24992.0,24998.0,68977920.0,0.0015930173022415386,11224.0,>50M,2025-11-21,180.63999938964844,195.44500732421875,195.9499969482422,196.0,179.85000610351562,27.55,27.7,1.0000000000000004e-05,True,NVDA,6.0,14.3,11224.0,24992.0,416533.3333333333,0.9300699300699301,-0.07575024881556919,4330017000000.0,93.00699300699301,1.5930173022415387e-05
ORCL251121P00270000,270.0,55.35,买 Put，看跌,-8.300608383544402,PUT,11323.0,11355.0,62672805.00000001,0.007780490609021259,667.0,>50M,2025-11-21,210.4501037597656,229.5,231.16000366210935,233.97999572753903,210.44000244140625,54.75,56.5,1.0000000000000004e-05,True,ORCL,32.0,43.23,667.0,11323.0,35384.375,0.2803608605135324,-0.08300608383544403,805512250440.0,28.036086051353237,7.780490609021259e-05
PLTR251121P00192500,192.5,34.8,买 Put，看跌,-10.010407045615729,PUT,17767.0,17826.0,61829160.0,0.014677306950643213,1260.0,>50M,2025-11-21,155.7449951171875,173.07000732421875,172.10499572753906,174.57000732421875,154.39999389648438,34.3,35.65,1.0000000000000004e-05,True,PLTR,59.0,27.4,1260.0,17767.0,30113.5593220339,0.2700729927007299,-0.10010407045615728,421256843697.0,27.007299270072988,0.00014677306950643213
COIN251121P00295000,295.0,53.38,买 Put，看跌,-6.585602466016661,PUT,11491.0,11569.0,61338958.00000001,0.07637174415139557,1393.0,>50M,2025-11-21,238.16000366210935,254.9499969482422,259.9800109863281,263.6300048828125,236.0,51.5,55.4,1.0000000000000004e-05,True,COIN,78.0,37.8,1393.0,11491.0,14732.051282051281,0.41216931216931235,-0.06585602466016661,80316298497.0,41.216931216931236,0.0007637174415139557
TSLA251121P00460000,460.0,59.5,买 Put，看跌,-7.305593829631753,PUT,10110.0,10118.0,60154500.0,0.004234777984572256,1614.0,>50M,2025-11-21,395.0450134277344,426.1799926757813,414.6300048828125,428.9400024414063,394.739990234375,58.1,61.3,1.0000000000000004e-05,True,TSLA,8.0,44.15,1614.0,10110.0,126375.0,0.34767836919592304,-0.07305593829631753,1420487690716.0,34.767836919592305,4.234777984572256e-05
COIN251121P00300000,300.0,59.91,买 Put，看跌,-6.585602466016661,PUT,9986.0,10205.0,59826126.0,0.0744881513709632,5280.0,>50M,2025-11-21,238.16000366210935,254.9499969482422,259.9800109863281,263.6300048828125,236.0,56.8,60.95,1.0000000000000004e-05,True,COIN,219.0,43.07,5280.0,9986.0,4559.817351598173,0.3909914093336428,-0.06585602466016661,80316298497.0,39.09914093336428,0.000744881513709632
TSLA251121P00422500,422.5,24.32,买 Put，看跌,-7.305593829631753,PUT,24409.0,25716.0,59362688.0,0.004179035720476966,1679.0,>50M,2025-11-21,395.0450134277344,426.1799926757813,414.6300048828125,428.9400024414063,394.739990234375,22.65,23.15,1.0000000000000004e-05,True,TSLA,1307.0,20.4,1679.0,24409.0,1867.559296097934,0.19215686274509813,-0.07305593829631753,1420487690716.0,19.215686274509814,4.1790357204769654e-05
NVDA251121P00185000,185.0,4.26,买 Put，看跌,-7.575024881556919,PUT,133305.0,133734.0,56787929.99999999,0.001311494389052052,65481.0,>50M,2025-11-21,180.63999938964844,195.44500732421875,195.9499969482422,196.0,179.85000610351562,4.25,4.35,1.0000000000000004e-05,True,NVDA,429.0,0.62,65481.0,133305.0,31073.426573426575,5.870967741935483,-0.07575024881556919,4330017000000.0,587.0967741935483,1.311494389052052e-05
NVDA251121C00180000,180.0,4.4,卖 Call，看跌,-7.575024881556919,CALL,128886.0,129047.0,56709840.0,0.0013096909319293664,134979.0,>50M,2025-11-21,180.63999938964844,195.44500732421875,195.9499969482422,196.0,179.85000610351562,4.3,4.4,0.7553735400390625,True,NVDA,161.0,16.0,134979.0,128886.0,80053.41614906832,-0.725,-0.07575024881556919,4330017000000.0,-72.5,1.3096909319293665e-05
NVDA251121P00192500,192.5,10.4,买 Put，看跌,-7.575024881556919,PUT,53961.0,54046.0,56119440.0,0.0012960558815358,12052.0,>50M,2025-11-21,180.63999938964844,195.44500732421875,195.9499969482422,196.0,179.85000610351562,10.2,10.4,1.0000000000000004e-05,True,NVDA,85.0,2.23,12052.0,53961.0,63483.529411764706,3.663677130044843,-0.07575024881556919,4330017000000.0,366.3677130044843,1.2960558815358e-05
TSLA251121P00455000,455.0,53.65,买 Put，看跌,-7.305593829631753,PUT,9417.0,9471.0,50522205.0,0.0035566802394841005,1226.0,>50M,2025-11-21,395.0450134277344,426.1799926757813,414.6300048828125,428.9400024414063,394.739990234375,53.5,55.05,1.0000000000000004e-05,True,TSLA,54.0,49.69,1226.0,9417.0,17438.888888888887,0.0796941034413363,-0.07305593829631753,1420487690716.0,7.96941034413363,3.5566802394841005e-05
MSFT251121P00550000,550.0,70.95,买 Put，看跌,-2.9868624537565696,PUT,7090.0,7105.0,50303550.0,0.0013231622649516955,1179.0,>50M,2025-11-21,478.4299926757813,493.1600036621094,492.7099914550781,493.5700073242188,476.05999755859375,69.45,72.55,1.1630901220703125,True,MSFT,15.0,56.62,1179.0,7090.0,47266.66666666667,0.2530907806428825,-0.029868624537565697,3801767276203.0,25.309078064288247,1.3231622649516955e-05
AMD251121P00260000,260.0,49.35,买 Put，看跌,-10.375425828224293,PUT,10038.0,10238.0,49537530.0,0.01914281920484621,3089.0,10M-50M,2025-11-21,206.0200042724609,229.8699951171875,232.63999938964844,234.25,204.52999877929688,48.9,51.35,1.0000000000000004e-05,True,AMD,200.0,37.05,3089.0,10038.0,5019.0,0.33198380566801633,-0.10375425828224293,258778654648.0,33.19838056680163,0.00019142819204846212
TSLA251121P00405000,405.0,9.17,买 Put，看跌,-7.305593829631753,PUT,53242.0,53265.0,48822914.0,0.003437052944498991,11005.0,10M-50M,2025-11-21,395.0450134277344,426.1799926757813,414.6300048828125,428.9400024414063,394.739990234375,9.1,9.25,1.0000000000000004e-05,True,TSLA,23.0,3.05,11005.0,53242.0,231486.95652173914,2.0065573770491807,-0.07305593829631753,1420487690716.0,200.65573770491807,3.437052944498991e-05
TSLA251121P00417500,417.5,18.15,买 Put，看跌,-7.305593829631753,PUT,26227.0,29104.0,47602005.0,0.0033511029564787078,2626.0,10M-50M,2025-11-21,395.0450134277344,426.1799926757813,414.6300048828125,428.9400024414063,394.739990234375,17.8,18.1,1.0000000000000004e-05,True,TSLA,2877.0,15.76,2626.0,26227.0,911.6093152589503,0.15164974619289331,-0.07305593829631753,1420487690716.0,15.164974619289332,3.351102956478708e-05
NVDA251121P00195000,195.0,12.7,买 Put，看跌,-7.575024881556919,PUT,37442.0,37487.0,47551340.0,0.001098179060266969,24042.0,10M-50M,2025-11-21,180.63999938964844,195.44500732421875,195.9499969482422,196.0,179.85000610351562,12.55,12.65,1.0000000000000004e-05,True,NVDA,45.0,3.41,24042.0,37442.0,83204.44444444445,2.724340175953079,-0.07575024881556919,4330017000000.0,272.4340175953079,1.098179060266969e-05
AMD251121P00255000,255.0,45.92,买 Put，看跌,-10.375425828224293,PUT,10119.0,10234.0,46466448.00000001,0.017956059035551187,3211.0,10M-50M,2025-11-21,206.0200042724609,229.8699951171875,232.63999938964844,234.25,204.52999877929688,45.35,45.8,1.0000000000000004e-05,True,AMD,115.0,30.9,3211.0,10119.0,8799.130434782608,0.4860841423948221,-0.10375425828224293,258778654648.0,48.608414239482215,0.00017956059035551187
MSFT251121P00530000,530.0,50.85,买 Put，看跌,-2.9868624537565696,PUT,9137.0,9248.0,46461645.0,0.0012221065000697093,1530.0,10M-50M,2025-11-21,478.4299926757813,493.1600036621094,492.7099914550781,493.5700073242188,476.05999755859375,50.25,52.45,0.8950205810546874,True,MSFT,111.0,44.32,1530.0,9137.0,8231.531531531531,0.1473375451263538,-0.029868624537565697,3801767276203.0,14.73375451263538,1.2221065000697093e-05
ORCL251121P00260000,260.0,45.35,买 Put，看跌,-8.300608383544402,PUT,9885.0,9992.0,44828475.0,0.005565213313082832,6004.0,10M-50M,2025-11-21,210.4501037597656,229.5,231.16000366210935,233.97999572753903,210.44000244140625,45.4,46.45,1.0000000000000004e-05,True,ORCL,107.0,33.78,6004.0,9885.0,9238.317757009345,0.34251036116044997,-0.08300608383544403,805512250440.0,34.251036116045,5.565213313082832e-05
COIN251121P00297500,297.5,55.87,买 Put，看跌,-6.585602466016661,PUT,7933.0,7950.0,44321671.0,0.05518390641677232,663.0,10M-50M,2025-11-21,238.16000366210935,254.9499969482422,259.9800109863281,263.6300048828125,236.0,53.85,57.9,1.0000000000000004e-05,True,COIN,17.0,42.96,663.0,7933.0,46664.70588235294,0.3005121042830539,-0.06585602466016661,80316298497.0,30.051210428305392,0.0005518390641677233
TSLA251128P00415000,415.0,21.68,买 Put，看跌,-7.305593829631753,PUT,19948.0,20901.0,43247264.0,0.0030445363435850064,3461.0,10M-50M,2025-11-28,395.0450134277344,426.1799926757813,414.6300048828125,428.9400024414063,394.739990234375,21.5,21.7,0.319220675048828,True,TSLA,953.0,19.3,3461.0,19948.0,2093.1794333683106,0.12331606217616575,-0.07305593829631753,1420487690716.0,12.331606217616574,3.0445363435850063e-05
TSLA251128P00420000,420.0,25.0,买 Put，看跌,-7.305593829631753,PUT,17012.0,17014.0,42530000.0,0.0029940421362301744,7385.0,10M-50M,2025-11-28,395.0450134277344,426.1799926757813,414.6300048828125,428.9400024414063,394.739990234375,24.95,25.1,0.2055743505859374,True,TSLA,2.0,14.3,7385.0,17012.0,850600.0,0.7482517482517481,-0.07305593829631753,1420487690716.0,74.82517482517481,2.9940421362301744e-05
NVDA251121P00187500,187.5,6.0,买 Put，看跌,-7.575024881556919,PUT,64460.0,64512.0,38676000.0,0.0008932066548468517,23488.0,10M-50M,2025-11-21,180.63999938964844,195.44500732421875,195.9499969482422,196.0,179.85000610351562,6.0,6.05,1.0000000000000004e-05,True,NVDA,52.0,0.99,23488.0,64460.0,123961.53846153845,5.0606060606060606,-0.07575024881556919,4330017000000.0,506.06060606060606,8.932066548468517e-06
AMD251121P00252500,252.5,43.39,买 Put，看跌,-10.375425828224293,PUT,8706.0,8796.0,37775334.0,0.014597546328302605,1296.0,10M-50M,2025-11-21,206.0200042724609,229.8699951171875,232.63999938964844,234.25,204.52999877929688,42.7,43.4,1.0000000000000004e-05,True,AMD,90.0,28.76,1296.0,8706.0,9673.333333333334,0.5086926286509039,-0.10375425828224293,258778654648.0,50.86926286509039,0.00014597546328302605
TSLA251121P00427500,427.5,26.45,买 Put，看跌,-7.305593829631753,PUT,14062.0,14268.0,37193990.0,0.0026183957976610335,2208.0,10M-50M,2025-11-21,395.0450134277344,426.1799926757813,414.6300048828125,428.9400024414063,394.739990234375,27.35,27.7,1.0000000000000004e-05,True,TSLA,206.0,24.55,2208.0,14062.0,6826.21359223301,0.07739307535641542,-0.07305593829631753,1420487690716.0,7.739307535641542,2.6183957976610334e-05
AMD251121P00230000,230.0,21.12,买 Put，看跌,-10.375425828224293,PUT,17512.0,17836.0,36985344.0,0.014292269990470733,8918.0,10M-50M,2025-11-21,206.0200042724609,229.8699951171875,232.63999938964844,234.25,204.52999877929688,20.1,21.1,1.0000000000000004e-05,True,AMD,324.0,3.68,8918.0,17512.0,5404.938271604938,4.739130434782608,-0.10375425828224293,258778654648.0,473.9130434782608,0.00014292269990470732
AMD251121P00265000,265.0,55.74,买 Put，看跌,-10.375425828224293,PUT,6605.0,6641.0,36816270.0,0.014226934617184253,881.0,10M-50M,2025-11-21,206.0200042724609,229.8699951171875,232.63999938964844,234.25,204.52999877929688,54.7,56.35,1.0000000000000004e-05,True,AMD,36.0,43.01,881.0,6605.0,18347.222222222223,0.29597767960939325,-0.10375425828224293,258778654648.0,29.597767960939326,0.00014226934617184254
NVDA251121P00215000,215.0,32.6,买 Put，看跌,-7.575024881556919,PUT,11080.0,11187.0,36120800.0,0.0008341953391868901,1756.0,10M-50M,2025-11-21,180.63999938964844,195.44500732421875,195.9499969482422,196.0,179.85000610351562,32.6,32.7,1.0000000000000004e-05,True,NVDA,107.0,28.38,1756.0,11080.0,10355.140186915887,0.14869626497533484,-0.07575024881556919,4330017000000.0,14.869626497533483,8.3419533918689e-06
TSLA251121P00440000,440.0,40.15,买 Put，看跌,-7.305593829631753,PUT,8827.0,8836.0,35440405.0,0.0024949462942643443,15423.0,10M-50M,2025-11-21,395.0450134277344,426.1799926757813,414.6300048828125,428.9400024414063,394.739990234375,39.75,40.05,1.0000000000000004e-05,True,TSLA,9.0,21.26,15423.0,8827.0,98077.77777777778,0.8885230479774222,-0.07305593829631753,1420487690716.0,88.85230479774222,2.4949462942643443e-05
TSLA251121C00390000,390.0,13.55,卖 Call，看跌,-7.305593829631753,CALL,25276.0,25781.0,34248980.00000001,0.002411071931410876,5671.0,10M-50M,2025-11-21,395.0450134277344,426.1799926757813,414.6300048828125,428.9400024414063,394.739990234375,13.35,13.5,0.9245613012695312,True,TSLA,505.0,26.85,5671.0,25276.0,5005.148514851485,-0.49534450651769085,-0.07305593829631753,1420487690716.0,-49.534450651769085,2.4110719314108756e-05
TSLA251121C00400000,400.0,6.74,卖 Call，看跌,-7.305593829631753,CALL,50666.0,50757.0,34148884.0,0.0024040253374379597,16129.0,10M-50M,2025-11-21,395.0450134277344,426.1799926757813,414.6300048828125,428.9400024414063,394.739990234375,6.7,6.8,0.7678245874023439,False,TSLA,91.0,17.4,16129.0,50666.0,55676.92307692307,-0.6126436781609195,-0.07305593829631753,1420487690716.0,-61.26436781609195,2.4040253374379597e-05
NVDA251128C00190000,190.0,2.53,卖 Call，看跌,-7.575024881556919,CALL,132100.0,137373.0,33421300.0,0.000771851473100452,67641.0,10M-50M,2025-11-28,180.63999938964844,195.44500732421875,195.9499969482422,196.0,179.85000610351562,2.51,2.53,0.5247850256347657,False,NVDA,5273.0,8.95,67641.0,132100.0,2505.2152474871987,-0.71731843575419,-0.07575024881556919,4330017000000.0,-71.73184357541899,7.71851473100452e-06
MSFT251121P00525000,525.0,45.0,买 Put，看跌,-2.9868624537565696,PUT,7231.0,7297.0,32539500.0,0.000855904573740734,1201.0,10M-50M,2025-11-21,478.4299926757813,493.1600036621094,492.7099914550781,493.5700073242188,476.05999755859375,44.45,47.75,0.8891612646484374,True,MSFT,66.0,38.86,1201.0,7231.0,10956.060606060606,0.1580030880082347,-0.029868624537565697,3801767276203.0,15.800308800823471,8.55904573740734e-06
TSLA251121P00412500,412.5,14.64,买 Put，看跌,-7.305593829631753,PUT,21482.0,21485.0,31449648.000000004,0.002214003557056361,2898.0,10M-50M,2025-11-21,395.0450134277344,426.1799926757813,414.6300048828125,428.9400024414063,394.739990234375,13.8,14.0,1.0000000000000004e-05,True,TSLA,3.0,5.0,2898.0,21482.0,716066.6666666667,1.9280000000000002,-0.07305593829631753,1420487690716.0,192.8,2.2140035570563613e-05
TSLA251128P00400000,400.0,13.28,买 Put，看跌,-7.305593829631753,PUT,23654.0,23661.0,31412512.0,0.00221138924365944,5283.0,10M-50M,2025-11-28,395.0450134277344,426.1799926757813,414.6300048828125,428.9400024414063,394.739990234375,13.05,13.15,0.4212094012451172,True,TSLA,7.0,6.35,5283.0,23654.0,337914.28571428574,1.0913385826771653,-0.07305593829631753,1420487690716.0,109.13385826771653,2.21138924365944e-05
TSLA251128P00425000,425.0,29.68,买 Put，看跌,-7.305593829631753,PUT,10331.0,11091.0,30662408.0,0.0021585831542506742,2871.0,10M-50M,2025-11-28,395.0450134277344,426.1799926757813,414.6300048828125,428.9400024414063,394.739990234375,28.8,29.0,1.0000000000000004e-05,True,TSLA,760.0,26.1,2871.0,10331.0,1359.342105263158,0.13716475095785433,-0.07305593829631753,1420487690716.0,13.716475095785432,2.1585831542506745e-05
AMD251121P00220000,220.0,11.05,买 Put，看跌,-10.375425828224293,PUT,27460.0,27797.0,30343300.0,0.011725580705747947,16672.0,10M-50M,2025-11-21,206.0200042724609,229.8699951171875,232.63999938964844,234.25,204.52999877929688,11.3,11.5,1.0000000000000004e-05,True,AMD,337.0,1.11,16672.0,27460.0,8148.367952522256,8.954954954954955,-0.10375425828224293,258778654648.0,895.4954954954954,0.00011725580705747947
CRM251121P00260000,260.0,34.65,买 Put，看跌,-1.9035394401196033,PUT,7987.0,8050.0,27674955.0,0.011941967252332474,1171.0,10M-50M,2025-11-21,225.4600067138672,229.8350067138672,229.2449951171875,231.0699005126953,223.30999755859372,33.6,35.55,0.7929708203125,True,CRM,63.0,32.68,1171.0,7987.0,12677.777777777777,0.060281517747857984,-0.019035394401196032,231745360000.0,6.0281517747857984,0.00011941967252332474
NVDA251121P00230000,230.0,47.84,买 Put，看跌,-7.575024881556919,PUT,5744.0,5754.0,27479296.000000004,0.0006346232820794931,837.0,10M-50M,2025-11-21,180.63999938964844,195.44500732421875,195.9499969482422,196.0,179.85000610351562,47.2,49.15,1.0000000000000004e-05,True,NVDA,10.0,43.5,837.0,5744.0,57440.0,0.09977011494252881,-0.07575024881556919,4330017000000.0,9.977011494252881,6.346232820794931e-06
TSLA251121C00380000,380.0,21.83,卖 Call，看跌,-7.305593829631753,CALL,12221.0,12263.0,26678443.0,0.0018781185626855147,7345.0,10M-50M,2025-11-21,395.0450134277344,426.1799926757813,414.6300048828125,428.9400024414063,394.739990234375,21.4,21.7,1.103764246826172,True,TSLA,42.0,35.42,7345.0,12221.0,29097.61904761905,-0.38368153585544895,-0.07305593829631753,1420487690716.0,-38.368153585544896,1.8781185626855147e-05
TSLA251121P00435000,435.0,34.13,买 Put，看跌,-7.305593829631753,PUT,7693.0,8316.0,26256209.000000004,0.001848393982686714,8166.0,10M-50M,2025-11-21,395.0450134277344,426.1799926757813,414.6300048828125,428.9400024414063,394.739990234375,34.95,35.35,1.0000000000000004e-05,True,TSLA,623.0,31.54,8166.0,7693.0,1234.8314606741574,0.08211794546607494,-0.07305593829631753,1420487690716.0,8.211794546607495,1.848393982686714e-05
NVDA251121P00220000,220.0,38.05,买 Put，看跌,-7.575024881556919,PUT,6795.0,6907.0,25854974.999999996,0.0005971102422923512,1062.0,10M-50M,2025-11-21,180.63999938964844,195.44500732421875,195.9499969482422,196.0,179.85000610351562,37.6,37.75,1.0000000000000004e-05,True,NVDA,112.0,33.45,1062.0,6795.0,6066.964285714285,0.13751868460388622,-0.07575024881556919,4330017000000.0,13.751868460388621,5.9711024229235115e-06
NVDA251219C00200000,200.0,3.65,卖 Call，看跌,-7.575024881556919,CALL,69394.0,69415.0,25328810.0,0.000584958673372414,94391.0,10M-50M,2025-12-19,180.63999938964844,195.44500732421875,195.9499969482422,196.0,179.85000610351562,3.6,3.65,0.4898732653808594,False,NVDA,21.0,8.15,94391.0,69394.0,330447.61904761905,-0.5521472392638036,-0.07575024881556919,4330017000000.0,-55.21472392638036,5.84958673372414e-06
NVDA260116P00200000,200.0,23.25,买 Put，看跌,-7.575024881556919,PUT,10866.0,11469.0,25263450.0,0.0005834492104765408,14354.0,10M-50M,2026-01-16,180.63999938964844,195.44500732421875,195.9499969482422,196.0,179.85000610351562,23.05,23.15,0.358404853515625,True,NVDA,603.0,21.5,14354.0,10866.0,1801.9900497512438,0.08139534883720931,-0.07575024881556919,4330017000000.0,8.13953488372093,5.8344921047654086e-06
NVDA251121P00182500,182.5,2.93,买 Put，看跌,-7.575024881556919,PUT,86125.0,86218.0,25234625.0,0.0005827835087021597,25487.0,10M-50M,2025-11-21,180.63999938964844,195.44500732421875,195.9499969482422,196.0,179.85000610351562,2.87,2.89,0.3374089697265625,True,NVDA,93.0,0.38,25487.0,86125.0,92607.52688172043,6.710526315789474,-0.07575024881556919,4330017000000.0,671.0526315789474,5.827835087021598e-06
BABA251121P00175000,175.0,20.91,买 Put，看跌,-4.220559046554988,PUT,12024.0,12036.0,25142184.0,0.0063332315499100246,3399.0,10M-50M,2025-11-21,153.2949981689453,160.0500030517578,159.0,161.38999938964844,153.0,20.25,22.35,1.3281283593749995,True,BABA,12.0,16.18,3399.0,12024.0,100200.0,0.29233621755253403,-0.042205590465549885,396988232656.0,29.233621755253402,6.333231549910024e-05
AMD251121P00225000,225.0,15.44,买 Put，看跌,-10.375425828224293,PUT,16203.0,16302.0,25017431.999999996,0.009667502149290328,3979.0,10M-50M,2025-11-21,206.0200042724609,229.8699951171875,232.63999938964844,234.25,204.52999877929688,15.55,16.0,1.0000000000000004e-05,True,AMD,99.0,1.98,3979.0,16203.0,16366.666666666666,6.797979797979798,-0.10375425828224293,258778654648.0,679.7979797979798,9.667502149290329e-05
AMD251121P00227500,227.5,18.18,买 Put，看跌,-10.375425828224293,PUT,13691.0,13811.0,24890238.0,0.009618350491023532,4982.0,10M-50M,2025-11-21,206.0200042724609,229.8699951171875,232.63999938964844,234.25,204.52999877929688,18.0,18.4,1.0000000000000004e-05,True,AMD,120.0,2.99,4982.0,13691.0,11409.166666666666,5.080267558528427,-0.10375425828224293,258778654648.0,508.0267558528427,9.618350491023532e-05
AMD251121P00262500,262.5,51.6,买 Put，看跌,-10.375425828224293,PUT,4749.0,4757.0,24504840.0,0.009469420896917623,635.0,10M-50M,2025-11-21,206.0200042724609,229.8699951171875,232.63999938964844,234.25,204.52999877929688,52.2,53.9,1.0000000000000004e-05,True,AMD,8.0,35.98,635.0,4749.0,59362.5,0.43413007226236816,-0.10375425828224293,258778654648.0,43.413007226236815,9.469420896917623e-05
PLTR251121P00170000,170.0,12.62,买 Put，看跌,-10.010407045615729,PUT,19318.0,19547.0,24379315.999999996,0.0057872806969838705,13990.0,10M-50M,2025-11-21,155.7449951171875,173.07000732421875,172.10499572753906,174.57000732421875,154.39999389648438,12.7,12.85,1.0000000000000004e-05,True,PLTR,229.0,2.19,13990.0,19318.0,8435.807860262008,4.762557077625571,-0.10010407045615728,421256843697.0,476.2557077625571,5.787280696983871e-05
NVDA251121P00180000,180.0,1.95,买 Put，看跌,-7.575024881556919,PUT,124688.0,125283.0,24314160.0,0.0005615257399682265,93501.0,10M-50M,2025-11-21,180.63999938964844,195.44500732421875,195.9499969482422,196.0,179.85000610351562,1.94,1.96,0.4255428540039063,False,NVDA,595.0,0.25,93501.0,124688.0,20955.96638655462,6.8,-0.07575024881556919,4330017000000.0,680.0,5.615257399682264e-06
NVDA251121C00185000,185.0,1.71,卖 Call，看跌,-7.575024881556919,CALL,141476.0,141760.0,24192396.0,0.0005587136493921387,48023.0,10M-50M,2025-11-21,180.63999938964844,195.44500732421875,195.9499969482422,196.0,179.85000610351562,1.71,1.72,0.6425816992187501,False,NVDA,284.0,11.4,48023.0,141476.0,49815.49295774648,-0.8500000000000001,-0.07575024881556919,4330017000000.0,-85.00000000000001,5.587136493921387e-06
TSLA251121P00402500,402.5,7.51,买 Put，看跌,-7.305593829631753,PUT,31941.0,31949.0,23987691.0,0.0016886940419673013,6566.0,10M-50M,2025-11-21,395.0450134277344,426.1799926757813,414.6300048828125,428.9400024414063,394.739990234375,7.4,7.55,0.1538170556640625,True,TSLA,8.0,2.36,6566.0,31941.0,399262.5,2.1822033898305087,-0.07305593829631753,1420487690716.0,218.22033898305085,1.6886940419673013e-05
TSLA251128P00410000,410.0,18.35,买 Put，看跌,-7.305593829631753,PUT,13004.0,13069.0,23862340.000000004,0.0016798695374806195,4626.0,10M-50M,2025-11-28,395.0450134277344,426.1799926757813,414.6300048828125,428.9400024414063,394.739990234375,18.5,18.65,0.370001417236328,True,TSLA,65.0,9.41,4626.0,13004.0,20006.153846153848,0.9500531349628056,-0.07305593829631753,1420487690716.0,95.00531349628056,1.6798695374806196e-05
NVDA251128P00190000,190.0,9.95,买 Put，看跌,-7.575024881556919,PUT,23925.0,23987.0,23805374.999999996,0.0005497755551537094,9800.0,10M-50M,2025-11-28,180.63999938964844,195.44500732421875,195.9499969482422,196.0,179.85000610351562,9.85,9.95,0.2934640966796874,True,NVDA,62.0,3.25,9800.0,23925.0,38588.709677419356,2.0615384615384613,-0.07575024881556919,4330017000000.0,206.15384615384613,5.497755551537095e-06
GOOGL260116C00280000,280.0,24.37,卖 Call，看跌,-4.674859563054237,CALL,9515.0,9517.0,23188055.0,0.0007776908081739149,34242.0,10M-50M,2026-01-16,289.45001220703125,303.6449890136719,304.5450134277344,306.4100036621094,288.6700134277344,24.3,24.5,0.4291744094848633,True,GOOGL,2.0,33.05,34242.0,9515.0,475750.0,-0.2626323751891073,-0.046748595630542365,2981654760000.0,-26.26323751891073,7.776908081739149e-06
TSLA251128P00390000,390.0,9.12,买 Put，看跌,-7.305593829631753,PUT,25248.0,25255.0,23026175.999999996,0.001621004965442087,7210.0,10M-50M,2025-11-28,395.0450134277344,426.1799926757813,414.6300048828125,428.9400024414063,394.739990234375,9.05,9.15,0.4676566906738281,False,TSLA,7.0,4.04,7210.0,25248.0,360685.71428571426,1.2574257425742572,-0.07305593829631753,1420487690716.0,125.74257425742572,1.621004965442087e-05
GOOGL251121P00300000,300.0,9.35,买 Put，看跌,-4.674859563054237,PUT,24544.0,24558.0,22948640.0,0.0007696612065174173,2779.0,10M-50M,2025-11-21,289.45001220703125,303.6449890136719,304.5450134277344,306.4100036621094,288.6700134277344,8.1,9.4,1.0000000000000004e-05,True,GOOGL,14.0,2.0,2779.0,24544.0,175314.2857142857,3.675,-0.046748595630542365,2981654760000.0,367.5,7.696612065174172e-06
AMD251121P00257500,257.5,46.95,买 Put，看跌,-10.375425828224293,PUT,4761.0,4834.0,22352895.0,0.008637843422752626,838.0,10M-50M,2025-11-21,206.0200042724609,229.8699951171875,232.63999938964844,234.25,204.52999877929688,47.2,49.05,1.0000000000000004e-05,True,AMD,73.0,34.55,838.0,4761.0,6521.9178082191775,0.35890014471780046,-0.10375425828224293,258778654648.0,35.89001447178005,8.637843422752626e-05
GOOGL260116C00300000,300.0,13.75,卖 Call，看跌,-4.674859563054237,CALL,16178.0,16180.0,22244750.0,0.0007460538456169219,31745.0,10M-50M,2026-01-16,289.45001220703125,303.6449890136719,304.5450134277344,306.4100036621094,288.6700134277344,13.65,13.8,0.3972838592529296,False,GOOGL,2.0,20.0,31745.0,16178.0,808900.0,-0.3125,-0.046748595630542365,2981654760000.0,-31.25,7.460538456169218e-06
MU251121P00220000,220.0,17.59,买 Put，看跌,-9.956200737941113,PUT,12423.0,12436.0,21852057.0,0.012415602543033472,5997.0,10M-50M,2025-11-21,201.3699951171875,223.63560485839844,230.2350006103516,230.59800720214844,199.6000061035156,18.2,18.65,0.492192578125,True,MU,13.0,2.18,5997.0,12423.0,95561.53846153847,7.068807339449541,-0.09956200737941114,176004804634.0,706.880733944954,0.00012415602543033473
TSLA251128C00410000,410.0,9.25,卖 Call，看跌,-7.305593829631753,CALL,23377.0,23382.0,21623725.0,0.0015222747188397326,7860.0,10M-50M,2025-11-28,395.0450134277344,426.1799926757813,414.6300048828125,428.9400024414063,394.739990234375,9.1,9.2,0.6146889117431642,False,TSLA,5.0,15.65,7860.0,23377.0,467539.99999999994,-0.4089456869009585,-0.07305593829631753,1420487690716.0,-40.89456869009585,1.5222747188397327e-05
TSLA251121P00407500,407.5,10.6,买 Put，看跌,-7.305593829631753,PUT,20269.0,20276.0,21485140.0,0.001512518562492461,4163.0,10M-50M,2025-11-21,395.0450134277344,426.1799926757813,414.6300048828125,428.9400024414063,394.739990234375,10.5,10.65,1.0000000000000004e-05,True,TSLA,7.0,3.7,4163.0,20269.0,289557.14285714284,1.8648648648648647,-0.07305593829631753,1420487690716.0,186.48648648648646,1.5125185624924611e-05
NVDA251128P00195000,195.0,13.63,买 Put，看跌,-7.575024881556919,PUT,15754.0,15882.0,21472702.0,0.0004959034110027744,5650.0,10M-50M,2025-11-28,180.63999938964844,195.44500732421875,195.9499969482422,196.0,179.85000610351562,13.6,13.75,1.0000000000000004e-05,True,NVDA,128.0,5.0,5650.0,15754.0,12307.8125,1.7260000000000002,-0.07575024881556919,4330017000000.0,172.60000000000002,4.9590341100277434e-06
NVDA251128P00185000,185.0,6.8,买 Put，看跌,-7.575024881556919,PUT,31519.0,31655.0,21432920.0,0.0004949846617230371,24722.0,10M-50M,2025-11-28,180.63999938964844,195.44500732421875,195.9499969482422,196.0,179.85000610351562,6.85,6.95,0.3872131591796874,True,NVDA,136.0,1.7,24722.0,31519.0,23175.735294117647,3.0,-0.07575024881556919,4330017000000.0,300.0,4.949846617230371e-06
DELL251121P00150000,150.0,31.9,买 Put，看跌,-5.650216108949876,PUT,6717.0,6721.0,21427230.0,0.024371415716346635,1751.0,10M-50M,2025-11-21,117.38999938964844,124.41999816894533,123.6500015258789,125.68000030517578,116.75,31.0,32.75,1.6601579492187502,True,DELL,4.0,30.0,1751.0,6717.0,167925.0,0.06333333333333328,-0.05650216108949876,87919512963.0,6.333333333333329,0.00024371415716346637
SHOP260220C00140000,140.0,20.97,买 Call平仓/做波动率交易,-5.627363578370491,CALL,10015.0,10059.0,21001455.0,0.011524292844498832,20262.0,10M-50M,2026-02-20,144.55999755859375,153.17999267578125,154.48500061035156,154.8699951171875,143.8249969482422,20.1,20.55,0.6292151336669922,True,SHOP,44.0,19.39,20262.0,10015.0,22761.363636363636,0.08148530170190811,-0.05627363578370491,182236387806.0,8.148530170190812,0.00011524292844498832
BABA251121P00180000,180.0,26.0,买 Put，看跌,-4.220559046554988,PUT,8023.0,8039.0,20859800.0,0.005254513429891895,1054.0,10M-50M,2025-11-21,153.2949981689453,160.0500030517578,159.0,161.38999938964844,153.0,25.15,27.0,1.2988316308593748,True,BABA,16.0,20.95,1054.0,8023.0,50143.75,0.24105011933174228,-0.042205590465549885,396988232656.0,24.10501193317423,5.254513429891895e-05
COIN251121P00305000,305.0,64.42,买 Put，看跌,-6.585602466016661,PUT,3181.0,3225.0,20492002.0,0.025514126501690597,448.0,10M-50M,2025-11-21,238.16000366210935,254.9499969482422,259.9800109863281,263.6300048828125,236.0,61.05,66.4,1.0000000000000004e-05,True,COIN,44.0,49.39,448.0,3181.0,7229.545454545455,0.3043126138894513,-0.06585602466016661,80316298497.0,30.43126138894513,0.00025514126501690595
AAPL251121P00272500,272.5,5.26,买 Put，看跌,-3.1113494078501254,PUT,38338.0,38348.0,20165788.0,0.0005319208025165949,4009.0,10M-50M,2025-11-21,266.25,274.79998779296875,270.8099975585937,275.42999267578125,265.9200134277344,5.15,5.4,1.0000000000000004e-05,True,AAPL,10.0,2.17,4009.0,38338.0,383380.0,1.423963133640553,-0.031113494078501253,3791126029400.0,142.3963133640553,5.3192080251659495e-06
MSFT251121P00535000,535.0,56.0,买 Put，看跌,-2.9868624537565696,PUT,3597.0,3611.0,20143200.0,0.0005298377974392463,616.0,10M-50M,2025-11-21,478.4299926757813,493.1600036621094,492.7099914550781,493.5700073242188,476.05999755859375,55.25,56.95,0.81445498046875,True,MSFT,14.0,50.9,616.0,3597.0,25692.857142857145,0.100196463654224,-0.029868624537565697,3801767276203.0,10.0196463654224,5.2983779743924624e-06
TSLA251121C00405000,405.0,4.3,卖 Call，看跌,-7.305593829631753,CALL,45825.0,46142.0,19704750.0,0.0013871820311281808,7544.0,10M-50M,2025-11-21,395.0450134277344,426.1799926757813,414.6300048828125,428.9400024414063,394.739990234375,4.25,4.35,0.7070341796875,False,TSLA,317.0,13.5,7544.0,45825.0,14455.83596214511,-0.6814814814814815,-0.07305593829631753,1420487690716.0,-68.14814814814815,1.3871820311281807e-05
TSLA251128P00430000,430.0,34.05,买 Put，看跌,-7.305593829631753,PUT,5773.0,6319.0,19657065.0,0.0013838250854600375,4039.0,10M-50M,2025-11-28,395.0450134277344,426.1799926757813,414.6300048828125,428.9400024414063,394.739990234375,32.35,32.6,1.0000000000000004e-05,True,TSLA,546.0,30.14,4039.0,5773.0,1057.3260073260074,0.12972793629727924,-0.07305593829631753,1420487690716.0,12.972793629727924,1.3838250854600374e-05
MSFT251121P00522500,522.5,43.2,买 Put，看跌,-2.9868624537565696,PUT,4297.0,4310.0,18563040.000000004,0.0004882739697454539,701.0,10M-50M,2025-11-21,478.4299926757813,493.1600036621094,492.7099914550781,493.5700073242188,476.05999755859375,42.6,44.85,0.7763694238281251,True,MSFT,13.0,37.21,701.0,4297.0,33053.846153846156,0.16097823165815647,-0.029868624537565697,3801767276203.0,16.097823165815647,4.882739697454539e-06
TSLA251128C00400000,400.0,13.89,卖 Call，看跌,-7.305593829631753,CALL,13259.0,13267.0,18416751.0,0.0012965090173162287,4428.0,10M-50M,2025-11-28,395.0450134277344,426.1799926757813,414.6300048828125,428.9400024414063,394.739990234375,13.8,13.9,0.6511265356445313,False,TSLA,8.0,22.0,4428.0,13259.0,165737.5,-0.3686363636363636,-0.07305593829631753,1420487690716.0,-36.86363636363636,1.2965090173162286e-05
NVDA251219P00180000,180.0,8.8,买 Put，看跌,-7.575024881556919,PUT,19908.0,19943.0,17519040.000000004,0.0004045951782637344,37738.0,10M-50M,2025-12-19,180.63999938964844,195.44500732421875,195.9499969482422,196.0,179.85000610351562,8.8,8.85,0.4448297705078124,False,NVDA,35.0,3.85,37738.0,19908.0,56879.99999999999,1.285714285714286,-0.07575024881556919,4330017000000.0,128.5714285714286,4.045951782637344e-06
TSLA251219P00400000,400.0,24.3,买 Put，看跌,-7.305593829631753,PUT,7177.0,7197.0,17440110.0,0.0012277550952384017,20439.0,10M-50M,2025-12-19,395.0450134277344,426.1799926757813,414.6300048828125,428.9400024414063,394.739990234375,24.6,24.75,0.4883779190063477,True,TSLA,20.0,16.65,20439.0,7177.0,35885.0,0.45945945945945965,-0.07305593829631753,1420487690716.0,45.945945945945965,1.2277550952384018e-05
COIN251121P00292500,292.5,53.9,买 Put，看跌,-6.585602466016661,PUT,3138.0,3147.0,16913820.0,0.02105901332172544,609.0,10M-50M,2025-11-21,238.16000366210935,254.9499969482422,259.9800109863281,263.6300048828125,236.0,48.25,53.9,1.0000000000000004e-05,True,COIN,9.0,45.75,609.0,3138.0,34866.66666666667,0.1781420765027322,-0.06585602466016661,80316298497.0,17.81420765027322,0.0002105901332172544
PLTR251121P00165000,165.0,7.85,买 Put，看跌,-10.010407045615729,PUT,21324.0,21440.0,16739340.0,0.003973666006964675,12076.0,10M-50M,2025-11-21,155.7449951171875,173.07000732421875,172.10499572753906,174.57000732421875,154.39999389648438,8.2,8.35,1.0000000000000004e-05,True,PLTR,116.0,1.0,12076.0,21324.0,18382.758620689656,6.85,-0.10010407045615728,421256843697.0,685.0,3.973666006964675e-05
DELL251121P00148000,148.0,30.0,买 Put，看跌,-5.650216108949876,PUT,5571.0,5601.0,16713000.0,0.01900943196424836,660.0,10M-50M,2025-11-21,117.38999938964844,124.41999816894533,123.6500015258789,125.68000030517578,116.75,29.05,30.8,1.6679704101562502,True,DELL,30.0,25.44,660.0,5571.0,18570.0,0.17924528301886786,-0.05650216108949876,87919512963.0,17.924528301886784,0.00019009431964248357
BIDU251121P00130000,130.0,18.6,买 Put，看跌,-3.914745645470688,PUT,8817.0,8845.0,16399620.000000002,0.03632182544546821,983.0,10M-50M,2025-11-21,110.4499969482422,114.9499969482422,117.0,117.30999755859376,110.30999755859376,18.6,20.25,1.705079599609375,True,BIDU,28.0,14.82,983.0,8817.0,31489.285714285717,0.25506072874493935,-0.03914745645470688,45150869481.0,25.506072874493935,0.00036321825445468216
MSFT251121P00532500,532.5,53.23,买 Put，看跌,-2.9868624537565696,PUT,2996.0,3002.0,15947707.999999998,0.00041948143695759584,469.0,10M-50M,2025-11-21,478.4299926757813,493.1600036621094,492.7099914550781,493.5700073242188,476.05999755859375,51.75,55.2,0.9794923925781251,True,MSFT,6.0,46.88,469.0,2996.0,49933.33333333333,0.135452218430034,-0.029868624537565697,3801767276203.0,13.5452218430034,4.194814369575959e-06
PLTR251121P00160000,160.0,4.5,买 Put，看跌,-10.010407045615729,PUT,33771.0,33782.0,15196950.0,0.0036075259612709824,16674.0,10M-50M,2025-11-21,155.7449951171875,173.07000732421875,172.10499572753906,174.57000732421875,154.39999389648438,4.5,4.6,0.3608462353515624,True,PLTR,11.0,0.37,16674.0,33771.0,307009.0909090909,11.162162162162161,-0.10010407045615728,421256843697.0,1116.2162162162163,3.6075259612709825e-05
HOOD251121P00138000,138.0,30.58,买 Put，看跌,-11.769155830924458,PUT,4953.0,4999.0,15146274.0,0.01409387451429852,1254.0,10M-50M,2025-11-21,106.20999908447266,120.37740325927734,121.64199829101562,122.62999725341795,105.23999786376952,30.2,31.25,1.0000000000000004e-05,True,HOOD,46.0,19.25,1254.0,4953.0,10767.391304347826,0.5885714285714285,-0.11769155830924458,107467070071.0,58.857142857142854,0.0001409387451429852
AMZN251128P00250000,250.0,30.52,买 Put，看跌,-4.085869528220402,PUT,4809.0,4875.0,14677068.0,0.000626172307594562,1197.0,10M-50M,2025-11-28,217.13999938964844,226.38999938964844,227.13999938964844,227.41000366210935,216.7400054931641,30.85,31.05,1.0000000000000004e-05,True,AMZN,66.0,27.05,1197.0,4809.0,7286.363636363636,0.1282809611829944,-0.040858695282204024,2343934380679.0,12.82809611829944,6.2617230759456205e-06
NVDA251128P00180000,180.0,4.59,买 Put，看跌,-7.575024881556919,PUT,31908.0,31952.0,14645772.0,0.0003382382101502142,17102.0,10M-50M,2025-11-28,180.63999938964844,195.44500732421875,195.9499969482422,196.0,179.85000610351562,4.55,4.6,0.4350642431640625,False,NVDA,44.0,0.93,17102.0,31908.0,72518.18181818181,3.9354838709677415,-0.07575024881556919,4330017000000.0,393.54838709677415,3.382382101502142e-06
TSLA251121P00395000,395.0,4.55,买 Put，看跌,-7.305593829631753,PUT,32053.0,32361.0,14584115.0,0.0010266977387638498,12239.0,10M-50M,2025-11-21,395.0450134277344,426.1799926757813,414.6300048828125,428.9400024414063,394.739990234375,4.5,4.6,0.3962462719726562,False,TSLA,308.0,1.29,12239.0,32053.0,10406.818181818182,2.527131782945736,-0.07305593829631753,1420487690716.0,252.7131782945736,1.0266977387638498e-05
AAPL251121P00270000,270.0,3.41,买 Put，看跌,-3.1113494078501254,PUT,42377.0,42402.0,14450557.0,0.0003811679402883636,19116.0,10M-50M,2025-11-21,266.25,274.79998779296875,270.8099975585937,275.42999267578125,265.9200134277344,3.3,3.45,1.0000000000000004e-05,True,AAPL,25.0,1.2,19116.0,42377.0,169508.0,1.8416666666666668,-0.031113494078501253,3791126029400.0,184.16666666666669,3.8116794028836357e-06
TSLA251121C00410000,410.0,2.55,卖 Call，看跌,-7.305593829631753,CALL,56101.0,56511.0,14305754.999999998,0.0010071016520241123,14225.0,10M-50M,2025-11-21,395.0450134277344,426.1799926757813,414.6300048828125,428.9400024414063,394.739990234375,2.55,2.57,0.6630893066406252,False,TSLA,410.0,9.86,14225.0,56101.0,13683.170731707318,-0.7413793103448276,-0.07305593829631753,1420487690716.0,-74.13793103448276,1.0071016520241122e-05
TSLA251128C00420000,420.0,5.8,卖 Call，看跌,-7.305593829631753,CALL,24460.0,24503.0,14186800.0,0.0009987274154307604,6478.0,10M-50M,2025-11-28,395.0450134277344,426.1799926757813,414.6300048828125,428.9400024414063,394.739990234375,5.7,5.8,0.5898478515625001,False,TSLA,43.0,10.3,6478.0,24460.0,56883.720930232565,-0.43689320388349523,-0.07305593829631753,1420487690716.0,-43.68932038834952,9.987274154307604e-06
NVDA251219C00190000,190.0,6.93,卖 Call，看跌,-7.575024881556919,CALL,20263.0,20326.0,14042259.0,0.00032430032029897346,37367.0,10M-50M,2025-12-19,180.63999938964844,195.44500732421875,195.9499969482422,196.0,179.85000610351562,6.9,6.95,0.5184374328613282,False,NVDA,63.0,13.5,37367.0,20263.0,32163.492063492067,-0.4866666666666667,-0.07575024881556919,4330017000000.0,-48.66666666666667,3.2430032029897344e-06
NVDA251121C00182500,182.5,2.88,卖 Call，看跌,-7.575024881556919,CALL,47574.0,47647.0,13701312.0,0.0003164262865480667,12404.0,10M-50M,2025-11-21,180.63999938964844,195.44500732421875,195.9499969482422,196.0,179.85000610351562,2.84,2.85,0.6904327832031252,False,NVDA,73.0,13.7,12404.0,47574.0,65169.863013698625,-0.7897810218978103,-0.07575024881556919,4330017000000.0,-78.97810218978103,3.164262865480667e-06
NVDA251121P00200000,200.0,17.8,买 Put，看跌,-7.575024881556919,PUT,7584.0,7603.0,13499520.000000002,0.0003117659815192412,20712.0,10M-50M,2025-11-21,180.63999938964844,195.44500732421875,195.9499969482422,196.0,179.85000610351562,17.65,17.8,1.0000000000000004e-05,True,NVDA,19.0,6.17,20712.0,7584.0,39915.789473684206,1.8849270664505675,-0.07575024881556919,4330017000000.0,188.49270664505676,3.117659815192412e-06
TSLA260116P00350000,350.0,14.26,买 Put，看跌,-7.305593829631753,PUT,9179.0,9834.0,13089254.0,0.0009214619799628346,22689.0,10M-50M,2026-01-16,395.0450134277344,426.1799926757813,414.6300048828125,428.9400024414063,394.739990234375,14.05,14.2,0.536534175720215,False,TSLA,655.0,12.55,22689.0,9179.0,1401.3740458015268,0.1362549800796812,-0.07305593829631753,1420487690716.0,13.62549800796812,9.214619799628345e-06
PLTR251121P00197500,197.5,39.65,买 Put，看跌,-10.010407045615729,PUT,3289.0,3305.0,13040885.0,0.003095708757049891,222.0,10M-50M,2025-11-21,155.7449951171875,173.07000732421875,172.10499572753906,174.57000732421875,154.39999389648438,39.3,40.65,1.0000000000000004e-05,True,PLTR,16.0,32.7,222.0,3289.0,20556.25,0.21253822629969404,-0.10010407045615728,421256843697.0,21.253822629969406,3.095708757049891e-05
AMD251121P00222500,222.5,13.5,买 Put，看跌,-10.375425828224293,PUT,9560.0,9566.0,12906000.0,0.00498727378328603,2730.0,10M-50M,2025-11-21,206.0200042724609,229.8699951171875,232.63999938964844,234.25,204.52999877929688,13.5,13.85,1.0000000000000004e-05,True,AMD,6.0,1.32,2730.0,9560.0,159333.3333333333,9.227272727272727,-0.10375425828224293,258778654648.0,922.7272727272726,4.98727378328603e-05
NVDA260116C00210000,210.0,4.2,卖 Call，看跌,-7.575024881556919,CALL,30727.0,30774.0,12905340.0,0.00029804363354693524,43426.0,10M-50M,2026-01-16,180.63999938964844,195.44500732421875,195.9499969482422,196.0,179.85000610351562,4.15,4.25,0.4657035852050781,False,NVDA,47.0,8.0,43426.0,30727.0,65376.59574468085,-0.475,-0.07575024881556919,4330017000000.0,-47.5,2.9804363354693525e-06
NVDA251128C00195000,195.0,1.3,卖 Call，看跌,-7.575024881556919,CALL,96146.0,96260.0,12498980.0,0.00028865891288648517,19975.0,10M-50M,2025-11-28,180.63999938964844,195.44500732421875,195.9499969482422,196.0,179.85000610351562,1.3,1.32,0.5029346582031251,False,NVDA,114.0,5.95,19975.0,96146.0,84338.59649122806,-0.7815126050420168,-0.07575024881556919,4330017000000.0,-78.15126050420169,2.886589128864852e-06
NVDA251219C00185000,185.0,9.23,卖 Call，看跌,-7.575024881556919,CALL,13308.0,13371.0,12283284.000000002,0.00028367750057332343,32283.0,10M-50M,2025-12-19,180.63999938964844,195.44500732421875,195.9499969482422,196.0,179.85000610351562,9.15,9.25,0.5383346948242189,False,NVDA,63.0,16.64,32283.0,13308.0,21123.809523809523,-0.4453125,-0.07575024881556919,4330017000000.0,-44.53125,2.8367750057332344e-06
NVDA260116C00200000,200.0,6.75,卖 Call，看跌,-7.575024881556919,CALL,18177.0,18333.0,12269475.0,0.00028335858727575433,131020.0,10M-50M,2026-01-16,180.63999938964844,195.44500732421875,195.9499969482422,196.0,179.85000610351562,6.75,6.8,0.4790701507568359,False,NVDA,156.0,12.2,131020.0,18177.0,11651.923076923078,-0.4467213114754098,-0.07575024881556919,4330017000000.0,-44.67213114754098,2.8335858727575433e-06
NVDA260116P00195000,195.0,19.75,买 Put，看跌,-7.575024881556919,PUT,6203.0,6212.0,12250925.0,0.00028293018249120035,12064.0,10M-50M,2026-01-16,180.63999938964844,195.44500732421875,195.9499969482422,196.0,179.85000610351562,19.7,19.8,0.3750672845458984,True,NVDA,9.0,12.5,12064.0,6203.0,68922.22222222222,0.58,-0.07575024881556919,4330017000000.0,57.99999999999999,2.8293018249120038e-06
NVDA251128P00220000,220.0,36.58,买 Put，看跌,-7.575024881556919,PUT,3326.0,3580.0,12166507.999999998,0.0002809806058498153,694.0,10M-50M,2025-11-28,180.63999938964844,195.44500732421875,195.9499969482422,196.0,179.85000610351562,35.5,37.85,1.0000000000000004e-05,True,NVDA,254.0,34.0,694.0,3326.0,1309.4488188976377,0.07588235294117641,-0.07575024881556919,4330017000000.0,7.588235294117641,2.809806058498153e-06
TSLA251128P00422500,422.5,27.53,买 Put，看跌,-7.305593829631753,PUT,4390.0,4522.0,12085670.000000002,0.0008508113149441086,851.0,10M-50M,2025-11-28,395.0450134277344,426.1799926757813,414.6300048828125,428.9400024414063,394.739990234375,26.95,27.15,1.0000000000000004e-05,True,TSLA,132.0,25.39,851.0,4390.0,3325.757575757576,0.08428515163450179,-0.07305593829631753,1420487690716.0,8.428515163450179,8.508113149441086e-06
TSLA251128P00417500,417.5,23.63,买 Put，看跌,-7.305593829631753,PUT,5060.0,5429.0,11956779.999999998,0.0008417376706709198,799.0,10M-50M,2025-11-28,395.0450134277344,426.1799926757813,414.6300048828125,428.9400024414063,394.739990234375,23.0,23.2,0.2670971728515625,True,TSLA,369.0,20.95,799.0,5060.0,1371.2737127371274,0.12792362768496418,-0.07305593829631753,1420487690716.0,12.792362768496417,8.417376706709198e-06
TSLA251128P00405000,405.0,15.85,买 Put，看跌,-7.305593829631753,PUT,7508.0,7513.0,11900180.0,0.0008377531236473923,2927.0,10M-50M,2025-11-28,395.0450134277344,426.1799926757813,414.6300048828125,428.9400024414063,394.739990234375,15.65,15.8,0.4010680010986328,True,TSLA,5.0,7.84,2927.0,7508.0,150160.0,1.0216836734693877,-0.07305593829631753,1420487690716.0,102.16836734693877,8.377531236473923e-06
NVDA251219C00180000,180.0,11.8,卖 Call，看跌,-7.575024881556919,CALL,9978.0,9980.0,11774040.0,0.000271916715338531,25196.0,10M-50M,2025-12-19,180.63999938964844,195.44500732421875,195.9499969482422,196.0,179.85000610351562,11.85,11.9,0.5606733386230469,True,NVDA,2.0,20.13,25196.0,9978.0,498900.0,-0.41381023348236456,-0.07575024881556919,4330017000000.0,-41.381023348236454,2.71916715338531e-06
AAPL270617C00280000,280.0,38.83,卖 Call，看跌,-3.1113494078501254,CALL,3015.0,3029.0,11707245.0,0.0003088065368761386,1863.0,10M-50M,2027-06-17,266.25,274.79998779296875,270.8099975585937,275.42999267578125,265.9200134277344,38.55,38.85,0.3343114665222168,False,AAPL,14.0,41.1,1863.0,3015.0,21535.714285714286,-0.05523114355231151,-0.031113494078501253,3791126029400.0,-5.523114355231151,3.088065368761386e-06
NVDA251128C00185000,185.0,4.45,卖 Call，看跌,-7.575024881556919,CALL,26301.0,26433.0,11703945.000000002,0.00027029789952325825,14570.0,10M-50M,2025-11-28,180.63999938964844,195.44500732421875,195.9499969482422,196.0,179.85000610351562,4.4,4.5,0.5585981640625001,False,NVDA,132.0,12.7,14570.0,26301.0,19925.0,-0.6496062992125985,-0.07575024881556919,4330017000000.0,-64.96062992125985,2.7029789952325825e-06
TSLA251121P00397500,397.5,5.3,买 Put，看跌,-7.305593829631753,PUT,22045.0,22092.0,11683850.0,0.000822523847011355,5034.0,10M-50M,2025-11-21,395.0450134277344,426.1799926757813,414.6300048828125,428.9400024414063,394.739990234375,5.3,5.35,0.3420475952148437,True,TSLA,47.0,1.56,5034.0,22045.0,46904.25531914894,2.3974358974358974,-0.07305593829631753,1420487690716.0,239.74358974358972,8.22523847011355e-06
TSLA251121P00390000,390.0,3.0,买 Put，看跌,-7.305593829631753,PUT,38910.0,39035.0,11673000.0,0.0008217600248345832,17682.0,10M-50M,2025-11-21,395.0450134277344,426.1799926757813,414.6300048828125,428.9400024414063,394.739990234375,2.9,2.95,0.4382380395507813,False,TSLA,125.0,0.78,17682.0,38910.0,31127.999999999996,2.846153846153846,-0.07305593829631753,1420487690716.0,284.6153846153846,8.217600248345832e-06
BIDU251121P00129000,129.0,19.24,买 Put，看跌,-3.914745645470688,PUT,6022.0,6052.0,11586327.999999998,0.02566136185899068,492.0,10M-50M,2025-11-21,110.4499969482422,114.9499969482422,117.0,117.30999755859376,110.30999755859376,16.45,19.25,1.646486142578125,True,BIDU,30.0,13.9,492.0,6022.0,20073.333333333332,0.3841726618705035,-0.03914745645470688,45150869481.0,38.417266187050345,0.00025661361858990683
GOOGL251121P00295000,295.0,4.8,买 Put，看跌,-4.674859563054237,PUT,23976.0,24158.0,11508480.0,0.00038597627580464746,4867.0,10M-50M,2025-11-21,289.45001220703125,303.6449890136719,304.5450134277344,306.4100036621094,288.6700134277344,4.85,5.0,1.0000000000000004e-05,True,GOOGL,182.0,1.04,4867.0,23976.0,13173.626373626374,3.615384615384615,-0.046748595630542365,2981654760000.0,361.5384615384615,3.859762758046475e-06
TSLA251121C00395000,395.0,9.9,卖 Call，看跌,-7.305593829631753,CALL,11444.0,11449.0,11329560.0,0.0007975824130013623,3553.0,10M-50M,2025-11-21,395.0450134277344,426.1799926757813,414.6300048828125,428.9400024414063,394.739990234375,9.75,9.95,0.8425308715820312,True,TSLA,5.0,21.65,3553.0,11444.0,228880.00000000003,-0.5427251732101617,-0.07305593829631753,1420487690716.0,-54.27251732101617,7.975824130013623e-06
NVDA251219P00190000,190.0,14.2,买 Put，看跌,-7.575024881556919,PUT,7967.0,7976.0,11313140.0,0.00026127241532769964,15544.0,10M-50M,2025-12-19,180.63999938964844,195.44500732421875,195.9499969482422,196.0,179.85000610351562,13.85,13.95,0.399420068359375,True,NVDA,9.0,7.03,15544.0,7967.0,88522.22222222222,1.0199146514935986,-0.07575024881556919,4330017000000.0,101.99146514935987,2.6127241532769965e-06
BABA251121P00185000,185.0,28.55,买 Put，看跌,-4.220559046554988,PUT,3929.0,3931.0,11217295.0,0.002825598865979501,369.0,10M-50M,2025-11-21,153.2949981689453,160.0500030517578,159.0,161.38999938964844,153.0,29.4,32.1,1.552736611328125,True,BABA,2.0,26.1,369.0,3929.0,196450.0,0.09386973180076626,-0.042205590465549885,396988232656.0,9.386973180076625,2.8255988659795012e-05
AMZN251219P00245000,245.0,26.5,买 Put，看跌,-4.085869528220402,PUT,4218.0,4397.0,11177700.0,0.0004768776844666616,7430.0,10M-50M,2025-12-19,217.13999938964844,226.38999938964844,227.13999938964844,227.41000366210935,216.7400054931641,26.35,26.6,1.0000000000000004e-05,True,AMZN,179.0,24.04,7430.0,4218.0,2356.4245810055863,0.10232945091514146,-0.040858695282204024,2343934380679.0,10.232945091514146,4.768776844666616e-06
TSLA251128C00405000,405.0,11.43,卖 Call，看跌,-7.305593829631753,CALL,9648.0,9686.0,11027664.0,0.0007763294305240675,3239.0,10M-50M,2025-11-28,395.0450134277344,426.1799926757813,414.6300048828125,428.9400024414063,394.739990234375,11.4,11.5,0.6361730718994141,False,TSLA,38.0,18.8,3239.0,9648.0,25389.473684210527,-0.3920212765957447,-0.07305593829631753,1420487690716.0,-39.20212765957447,7.763294305240675e-06
NVDA251121C00190000,190.0,0.46,卖 Call，看跌,-7.575024881556919,CALL,238202.0,238826.0,10957292.0,0.00025305424897869916,94698.0,10M-50M,2025-11-21,180.63999938964844,195.44500732421875,195.9499969482422,196.0,179.85000610351562,0.46,0.48,0.5810588769531251,False,NVDA,624.0,7.15,94698.0,238202.0,38173.39743589744,-0.9356643356643357,-0.07575024881556919,4330017000000.0,-93.56643356643357,2.5305424897869915e-06
NVDA251121C00170000,170.0,12.8,卖 Call，看跌,-7.575024881556919,CALL,8497.0,8576.0,10876160.0,0.0002511805380902662,50211.0,10M-50M,2025-11-21,180.63999938964844,195.44500732421875,195.9499969482422,196.0,179.85000610351562,12.6,12.7,1.1318402783203123,True,NVDA,79.0,25.95,50211.0,8497.0,10755.696202531644,-0.5067437379576107,-0.07575024881556919,4330017000000.0,-50.67437379576107,2.5118053809026617e-06
NVDA260116C00195000,195.0,8.5,卖 Call，看跌,-7.575024881556919,CALL,12569.0,12590.0,10683650.0,0.0002467345971159005,57669.0,10M-50M,2026-01-16,180.63999938964844,195.44500732421875,195.9499969482422,196.0,179.85000610351562,8.45,8.55,0.4904836108398438,False,NVDA,21.0,14.75,57669.0,12569.0,59852.380952380954,-0.423728813559322,-0.07575024881556919,4330017000000.0,-42.3728813559322,2.4673459711590047e-06
NVDA251205P00185000,185.0,8.73,买 Put，看跌,-7.575024881556919,PUT,12237.0,12265.0,10682901.0,0.00024671729926233543,6582.0,10M-50M,2025-12-05,180.63999938964844,195.44500732421875,195.9499969482422,196.0,179.85000610351562,8.65,8.75,0.4149228430175781,True,NVDA,28.0,3.0,6582.0,12237.0,43703.57142857143,1.9100000000000001,-0.07575024881556919,4330017000000.0,191.0,2.4671729926233546e-06
AMZN251121P00245000,245.0,26.04,买 Put，看跌,-4.085869528220402,PUT,4101.0,4555.0,10679004.0,0.00045560166223196336,3262.0,10M-50M,2025-11-21,217.13999938964844,226.38999938964844,227.13999938964844,227.41000366210935,216.7400054931641,25.75,25.95,1.0000000000000004e-05,True,AMZN,454.0,22.45,3262.0,4101.0,903.3039647577093,0.1599109131403118,-0.040858695282204024,2343934380679.0,15.99109131403118,4.556016622319633e-06
NVDA251128C00187500,187.5,3.4,卖 Call，看跌,-7.575024881556919,CALL,31350.0,31407.0,10659000.0,0.000246165315286291,6623.0,10M-50M,2025-11-28,180.63999938964844,195.44500732421875,195.9499969482422,196.0,179.85000610351562,3.4,3.45,0.5437057348632813,False,NVDA,57.0,10.9,6623.0,31350.0,55000.0,-0.6880733944954128,-0.07575024881556919,4330017000000.0,-68.80733944954129,2.46165315286291e-06
PLTR251121P00172500,172.5,15.15,买 Put，看跌,-10.010407045615729,PUT,7016.0,7021.0,10629240.0,0.0025232207284080015,2886.0,10M-50M,2025-11-21,155.7449951171875,173.07000732421875,172.10499572753906,174.57000732421875,154.39999389648438,14.95,15.1,1.0000000000000004e-05,True,PLTR,5.0,3.3,2886.0,7016.0,140320.0,3.5909090909090917,-0.10010407045615728,421256843697.0,359.0909090909092,2.5232207284080015e-05
MU251121P00210000,210.0,9.21,买 Put，看跌,-9.956200737941113,PUT,11537.0,11539.0,10625577.0,0.006037094852095525,6876.0,10M-50M,2025-11-21,201.3699951171875,223.63560485839844,230.2350006103516,230.59800720214844,199.6000061035156,8.9,9.65,0.5463912548828126,True,MU,2.0,0.73,6876.0,11537.0,576850.0,11.616438356164384,-0.09956200737941114,176004804634.0,1161.6438356164383,6.037094852095525e-05
COIN251121P00250000,250.0,9.66,买 Put，看跌,-6.585602466016661,PUT,10961.0,11033.0,10588326.0,0.01318328433723262,3967.0,10M-50M,2025-11-21,238.16000366210935,254.9499969482422,259.9800109863281,263.6300048828125,236.0,9.85,10.85,1.0000000000000004e-05,True,COIN,72.0,1.68,3967.0,10961.0,15223.611111111111,4.75,-0.06585602466016661,80316298497.0,475.0,0.0001318328433723262
TSLA260116P00400000,400.0,33.2,买 Put，看跌,-7.305593829631753,PUT,3186.0,3193.0,10577520.000000002,0.0007446400323728521,13264.0,10M-50M,2026-01-16,395.0450134277344,426.1799926757813,414.6300048828125,428.9400024414063,394.739990234375,33.15,33.3,0.4873708489990235,True,TSLA,7.0,24.8,13264.0,3186.0,45514.28571428572,0.3387096774193549,-0.07305593829631753,1420487690716.0,33.870967741935495,7.446400323728521e-06
PLTR251121P00167500,167.5,10.15,买 Put，看跌,-10.010407045615729,PUT,10365.0,10368.0,10520475.0,0.0024974015633006845,3105.0,10M-50M,2025-11-21,155.7449951171875,173.07000732421875,172.10499572753906,174.57000732421875,154.39999389648438,10.3,10.45,1.0000000000000004e-05,True,PLTR,3.0,1.47,3105.0,10365.0,345500.0,5.904761904761905,-0.10010407045615728,421256843697.0,590.4761904761905,2.4974015633006847e-05
AMD251121P00210000,210.0,4.2,买 Put，看跌,-10.375425828224293,PUT,25029.0,25043.0,10512180.0,0.004062228399130926,11338.0,10M-50M,2025-11-21,206.0200042724609,229.8699951171875,232.63999938964844,234.25,204.52999877929688,4.2,4.35,0.2685620019531249,True,AMD,14.0,0.2,11338.0,25029.0,178778.57142857142,20.0,-0.10375425828224293,258778654648.0,2000.0,4.062228399130927e-05
NVDA260320P00180000,180.0,18.0,买 Put，看跌,-7.575024881556919,PUT,5778.0,7078.0,10400400.0,0.0002401930523598406,39073.0,10M-50M,2026-03-20,180.63999938964844,195.44500732421875,195.9499969482422,196.0,179.85000610351562,17.6,17.75,0.4374445904541015,False,NVDA,1300.0,16.3,39073.0,5778.0,444.46153846153845,0.10429447852760731,-0.07575024881556919,4330017000000.0,10.429447852760731,2.401930523598406e-06
TSLA260116C00450000,450.0,17.8,卖 Call，看跌,-7.305593829631753,CALL,5676.0,5686.0,10103280.0,0.0007112543154039877,32537.0,10M-50M,2026-01-16,395.0450134277344,426.1799926757813,414.6300048828125,428.9400024414063,394.739990234375,17.8,17.9,0.5881694015502931,False,TSLA,10.0,22.07,32537.0,5676.0,56760.0,-0.1934753058450385,-0.07305593829631753,1420487690716.0,-19.34753058450385,7.112543154039877e-06
AMD251128C00200000,200.0,14.15,卖 Call，看跌,-10.375425828224293,CALL,6973.0,7340.0,9866795.0,0.003812831863362598,778.0,5M-10M,2025-11-28,206.0200042724609,229.8699951171875,232.63999938964844,234.25,204.52999877929688,13.75,13.9,0.8295915478515624,True,AMD,367.0,26.28,778.0,6973.0,1900.0,-0.4615677321156773,-0.10375425828224293,258778654648.0,-46.15677321156773,3.812831863362598e-05
NVDA251128P00187500,187.5,8.27,买 Put，看跌,-7.575024881556919,PUT,11828.0,11866.0,9781756.0,0.00022590571815306958,4191.0,5M-10M,2025-11-28,180.63999938964844,195.44500732421875,195.9499969482422,196.0,179.85000610351562,8.15,8.25,0.3381413842773437,True,NVDA,38.0,2.39,4191.0,11828.0,31126.315789473683,2.460251046025104,-0.07575024881556919,4330017000000.0,246.02510460251042,2.259057181530696e-06
NVDA260116C00205000,205.0,5.35,卖 Call，看跌,-7.575024881556919,CALL,18184.0,18210.0,9728440.0,0.0002246744065900896,31952.0,5M-10M,2026-01-16,180.63999938964844,195.44500732421875,195.9499969482422,196.0,179.85000610351562,5.3,5.4,0.471684970703125,False,NVDA,26.0,9.9,31952.0,18184.0,69938.46153846153,-0.45959595959595967,-0.07575024881556919,4330017000000.0,-45.959595959595966,2.246744065900896e-06
AVGO251121P00370000,370.0,21.32,买 Put，看跌,-7.379412123302452,PUT,4532.0,4534.0,9662224.0,0.0006116211254258971,614.0,5M-10M,2025-11-21,346.82000732421875,374.452392578125,366.0,376.0799865722656,345.17999267578125,19.95,22.0,1.0000000000000004e-05,True,AVGO,2.0,8.6,614.0,4532.0,226600.0,1.4790697674418607,-0.07379412123302452,1579772770810.0,147.90697674418607,6.116211254258971e-06
AMD251121P00215000,215.0,7.62,买 Put，看跌,-10.375425828224293,PUT,12425.0,12463.0,9467850.0,0.003658667293435971,4591.0,5M-10M,2025-11-21,206.0200042724609,229.8699951171875,232.63999938964844,234.25,204.52999877929688,7.4,7.55,1.0000000000000004e-05,True,AMD,38.0,0.5,4591.0,12425.0,32697.36842105263,14.24,-0.10375425828224293,258778654648.0,1424.0,3.658667293435971e-05
TSLA251121C00402500,402.5,5.45,卖 Call，看跌,-7.305593829631753,CALL,17173.0,17189.0,9359285.0,0.0006588782895600054,2643.0,5M-10M,2025-11-21,395.0450134277344,426.1799926757813,414.6300048828125,428.9400024414063,394.739990234375,5.35,5.45,0.7320583435058592,False,TSLA,16.0,15.3,2643.0,17173.0,107331.25,-0.6437908496732027,-0.07305593829631753,1420487690716.0,-64.37908496732027,6.588782895600054e-06
GOOGL251219C00280000,280.0,19.77,卖 Call，看跌,-4.674859563054237,CALL,4710.0,4722.0,9311670.0,0.00031229873172841785,10133.0,5M-10M,2025-12-19,289.45001220703125,303.6449890136719,304.5450134277344,306.4100036621094,288.6700134277344,19.65,19.85,0.4499566723632812,True,GOOGL,12.0,28.54,10133.0,4710.0,39250.0,-0.3072880168185003,-0.046748595630542365,2981654760000.0,-30.728801681850033,3.1229873172841783e-06
NVDA251128P00200000,200.0,18.15,买 Put，看跌,-7.575024881556919,PUT,5126.0,5129.0,9303690.0,0.0002148649762806936,12457.0,5M-10M,2025-11-28,180.63999938964844,195.44500732421875,195.9499969482422,196.0,179.85000610351562,18.15,18.25,1.0000000000000004e-05,True,NVDA,3.0,7.65,12457.0,5126.0,170866.6666666667,1.372549019607843,-0.07575024881556919,4330017000000.0,137.25490196078428,2.148649762806936e-06
NVDA251128P00182500,182.5,5.65,买 Put，看跌,-7.575024881556919,PUT,16413.0,16474.0,9273345.000000002,0.00021416417071803647,7883.0,5M-10M,2025-11-28,180.63999938964844,195.44500732421875,195.9499969482422,196.0,179.85000610351562,5.6,5.7,0.4143124975585937,True,NVDA,61.0,1.25,7883.0,16413.0,26906.557377049183,3.5200000000000005,-0.07575024881556919,4330017000000.0,352.00000000000006,2.141641707180365e-06
PLTR251121P00162500,162.5,6.05,买 Put，看跌,-10.010407045615729,PUT,15310.0,15322.0,9262550.0,0.002198789203923849,4551.0,5M-10M,2025-11-21,155.7449951171875,173.07000732421875,172.10499572753906,174.57000732421875,154.39999389648438,5.9,6.0,1.0000000000000004e-05,True,PLTR,12.0,0.66,4551.0,15310.0,127583.33333333333,8.166666666666666,-0.10010407045615728,421256843697.0,816.6666666666666,2.198789203923849e-05
MSFT260220C00510000,510.0,16.35,卖 Call，看跌,-2.9868624537565696,CALL,5577.0,5643.0,9118395.000000002,0.00023984621723365884,2409.0,5M-10M,2026-02-20,478.4299926757813,493.1600036621094,492.7099914550781,493.5700073242188,476.05999755859375,16.35,16.6,0.2993539303588867,False,MSFT,66.0,19.09,2409.0,5577.0,8450.0,-0.14353064431639595,-0.029868624537565697,3801767276203.0,-14.353064431639595,2.3984621723365884e-06
TSLA251121C00420000,420.0,0.77,卖 Call，看跌,-7.305593829631753,CALL,116390.0,119240.0,8962030.0,0.0006309121901283543,24584.0,5M-10M,2025-11-21,395.0450134277344,426.1799926757813,414.6300048828125,428.9400024414063,394.739990234375,0.76,0.79,0.6169471899414063,False,TSLA,2850.0,4.4,24584.0,116390.0,4083.859649122807,-0.825,-0.07305593829631753,1420487690716.0,-82.5,6.3091219012835434e-06
NVDA260116C00190000,190.0,10.53,卖 Call，看跌,-7.575024881556919,CALL,8479.0,8497.0,8928387.0,0.00020619750453635633,28840.0,5M-10M,2026-01-16,180.63999938964844,195.44500732421875,195.9499969482422,196.0,179.85000610351562,10.5,10.55,0.5008594836425782,False,NVDA,18.0,17.15,28840.0,8479.0,47105.555555555555,-0.3860058309037901,-0.07575024881556919,4330017000000.0,-38.60058309037901,2.0619750453635634e-06
NVDA251205C00180000,180.0,9.2,卖 Call，看跌,-7.575024881556919,CALL,9609.0,9623.0,8840279.999999998,0.00020416270883001148,5016.0,5M-10M,2025-12-05,180.63999938964844,195.44500732421875,195.9499969482422,196.0,179.85000610351562,9.1,9.2,0.5863078479003907,True,NVDA,14.0,17.95,5016.0,9609.0,68635.71428571429,-0.48746518105849584,-0.07575024881556919,4330017000000.0,-48.74651810584958,2.041627088300115e-06
NVDA251128C00180000,180.0,7.16,卖 Call，看跌,-7.575024881556919,CALL,12085.0,12089.0,8652860.0,0.00019983431935717574,7294.0,5M-10M,2025-11-28,180.63999938964844,195.44500732421875,195.9499969482422,196.0,179.85000610351562,7.15,7.25,0.6088906298828126,True,NVDA,4.0,17.15,7294.0,12085.0,302125.0,-0.5825072886297376,-0.07575024881556919,4330017000000.0,-58.25072886297376,1.9983431935717573e-06
SOFI260918C00022000,22.0,8.45,卖 Call，看跌,-11.352314913708089,CALL,10033.0,10064.0,8477885.0,0.025303604242900943,4564.0,5M-10M,2026-09-18,24.90999984741211,28.100000381469727,27.89800071716309,28.575000762939453,24.7450008392334,8.35,8.7,0.8388687988281249,True,SOFI,31.0,9.6,4564.0,10033.0,32364.516129032258,-0.11979166666666671,-0.11352314913708088,33504653798.0,-11.979166666666671,0.0002530360424290094
NVDA251121C00187500,187.5,0.93,卖 Call，看跌,-7.575024881556919,CALL,91111.0,91205.0,8473323.000000002,0.00019568798459682724,21857.0,5M-10M,2025-11-21,180.63999938964844,195.44500732421875,195.9499969482422,196.0,179.85000610351562,0.91,0.93,0.6010782080078126,False,NVDA,94.0,9.1,21857.0,91111.0,96926.59574468086,-0.8978021978021978,-0.07575024881556919,4330017000000.0,-89.78021978021978,1.9568798459682725e-06
NVDA251128C00200000,200.0,0.66,卖 Call，看跌,-7.575024881556919,CALL,127261.0,127410.0,8399226.0,0.00019397674420215905,98221.0,5M-10M,2025-11-28,180.63999938964844,195.44500732421875,195.9499969482422,196.0,179.85000610351562,0.65,0.66,0.495122236328125,False,NVDA,149.0,3.8,98221.0,127261.0,85410.06711409397,-0.8263157894736841,-0.07575024881556919,4330017000000.0,-82.63157894736841,1.9397674420215903e-06
AMD251219P00210000,210.0,14.5,买 Put，看跌,-10.375425828224293,PUT,5626.0,5633.0,8157700.0,0.003152385196181036,13253.0,5M-10M,2025-12-19,206.0200042724609,229.8699951171875,232.63999938964844,234.25,204.52999877929688,14.5,14.8,0.5285081329345704,True,AMD,7.0,6.4,13253.0,5626.0,80371.42857142857,1.2656249999999998,-0.10375425828224293,258778654648.0,126.56249999999997,3.152385196181036e-05
MU251121P00215000,215.0,12.96,买 Put，看跌,-9.956200737941113,PUT,6274.0,6378.0,8131104.000000001,0.004619819337834862,3679.0,5M-10M,2025-11-21,201.3699951171875,223.63560485839844,230.2350006103516,230.59800720214844,199.6000061035156,13.15,13.85,0.5654340332031251,True,MU,104.0,1.08,3679.0,6274.0,6032.692307692308,11.0,-0.09956200737941114,176004804634.0,1100.0,4.619819337834862e-05
PDD251128P00134000,134.0,20.65,买 Put，看跌,-3.725492440655594,PUT,3926.0,3927.0,8107189.999999999,0.004393192192030046,3233.0,5M-10M,2025-11-28,112.93000030517578,117.3000030517578,117.66000366210938,118.67990112304688,112.66000366210938,19.85,21.45,0.7138700488281251,True,PDD,1.0,15.2,3233.0,3926.0,392600.0,0.35855263157894735,-0.037254924406555937,184539843595.0,35.85526315789473,4.393192192030046e-05
NVDA260320C00200000,200.0,14.05,卖 Call，看跌,-7.575024881556919,CALL,5765.0,5779.0,8099825.0,0.00018706219860106785,38346.0,5M-10M,2026-03-20,180.63999938964844,195.44500732421875,195.9499969482422,196.0,179.85000610351562,13.95,14.0,0.5131274273681641,False,NVDA,14.0,19.9,38346.0,5765.0,41178.57142857143,-0.2939698492462311,-0.07575024881556919,4330017000000.0,-29.39698492462311,1.8706219860106784e-06
HOOD261218P00100000,100.0,24.2,买 Put，看跌,-11.769155830924458,PUT,3272.0,3287.0,7918239.999999999,0.007368061672071897,152.0,5M-10M,2026-12-18,106.20999908447266,120.37740325927734,121.64199829101562,122.62999725341795,105.23999786376952,24.05,24.35,0.6486851538085938,False,HOOD,15.0,21.49,152.0,3272.0,21813.333333333332,0.12610516519311313,-0.11769155830924458,107467070071.0,12.610516519311313,7.368061672071897e-05
NVDA260220C00185000,185.0,16.5,卖 Call，看跌,-7.575024881556919,CALL,4784.0,4794.0,7893600.0,0.00018229951522130282,15218.0,5M-10M,2026-02-20,180.63999938964844,195.44500732421875,195.9499969482422,196.0,179.85000610351562,16.65,16.8,0.5127001855468749,False,NVDA,10.0,23.65,15218.0,4784.0,47840.0,-0.3023255813953488,-0.07575024881556919,4330017000000.0,-30.23255813953488,1.8229951522130283e-06
TSLA251128P00407500,407.5,16.63,买 Put，看跌,-7.305593829631753,PUT,4733.0,4737.0,7870978.999999999,0.0005541039919911319,726.0,5M-10M,2025-11-28,395.0450134277344,426.1799926757813,414.6300048828125,428.9400024414063,394.739990234375,17.2,17.3,0.3917297155761718,True,TSLA,4.0,8.45,726.0,4733.0,118325.0,0.9680473372781065,-0.07305593829631753,1420487690716.0,96.80473372781066,5.541039919911319e-06
TSLA251121C00415000,415.0,1.49,卖 Call，看跌,-7.305593829631753,CALL,52643.0,54354.0,7843806.999999999,0.0005521911278264094,30034.0,5M-10M,2025-11-21,395.0450134277344,426.1799926757813,414.6300048828125,428.9400024414063,394.739990234375,1.46,1.49,0.6394079028320312,False,TSLA,1711.0,7.02,30034.0,52643.0,3076.738749269433,-0.7877492877492877,-0.07305593829631753,1420487690716.0,-78.77492877492877,5.521911278264095e-06
NVDA260220C00200000,200.0,10.5,卖 Call，看跌,-7.575024881556919,CALL,7469.0,7476.0,7842450.0,0.0001811182265566163,30763.0,5M-10M,2026-02-20,180.63999938964844,195.44500732421875,195.9499969482422,196.0,179.85000610351562,10.4,10.5,0.486882572631836,False,NVDA,7.0,16.97,30763.0,7469.0,106700.0,-0.38126104890984086,-0.07575024881556919,4330017000000.0,-38.12610489098409,1.8111822655661628e-06
TSLA251128P00380000,380.0,6.17,买 Put，看跌,-7.305593829631753,PUT,12690.0,12715.0,7829730.0,0.0005512001301506109,7975.0,5M-10M,2025-11-28,395.0450134277344,426.1799926757813,414.6300048828125,428.9400024414063,394.739990234375,6.2,6.25,0.5074512145996093,False,TSLA,25.0,2.41,7975.0,12690.0,50760.0,1.5601659751037342,-0.07305593829631753,1420487690716.0,156.01659751037343,5.512001301506109e-06
NVDA251219C00195000,195.0,5.05,卖 Call，看跌,-7.575024881556919,CALL,15431.0,15491.0,7792655.0,0.0001799682310716101,36543.0,5M-10M,2025-12-19,180.63999938964844,195.44500732421875,195.9499969482422,196.0,179.85000610351562,5.0,5.1,0.5004932763671875,False,NVDA,60.0,10.69,36543.0,15431.0,25718.333333333332,-0.5275958840037418,-0.07575024881556919,4330017000000.0,-52.75958840037418,1.799682310716101e-06
NVDA251128P00192500,192.5,12.2,买 Put，看跌,-7.575024881556919,PUT,6356.0,6360.0,7754320.0,0.00017908289967452786,877.0,5M-10M,2025-11-28,180.63999938964844,195.44500732421875,195.9499969482422,196.0,179.85000610351562,11.7,11.8,1.0000000000000004e-05,True,NVDA,4.0,4.15,877.0,6356.0,158900.0,1.9397590361445778,-0.07575024881556919,4330017000000.0,193.9759036144578,1.7908289967452785e-06
TSLA251128C00415000,415.0,7.25,卖 Call，看跌,-7.305593829631753,CALL,10574.0,10717.0,7666150.0,0.0005396843668624724,4170.0,5M-10M,2025-11-28,395.0450134277344,426.1799926757813,414.6300048828125,428.9400024414063,394.739990234375,7.25,7.3,0.6000406207275393,False,TSLA,143.0,12.7,4170.0,10574.0,7394.4055944055945,-0.4291338582677165,-0.07305593829631753,1420487690716.0,-42.91338582677165,5.396843668624724e-06
PLTR260116P00140000,140.0,7.7,买 Put，看跌,-10.010407045615729,PUT,9938.0,9940.0,7652260.000000001,0.0018165307257308535,7327.0,5M-10M,2026-01-16,155.7449951171875,173.07000732421875,172.10499572753906,174.57000732421875,154.39999389648438,7.45,7.65,0.5991251025390626,False,PLTR,2.0,4.14,7327.0,9938.0,496900.0,0.8599033816425122,-0.10010407045615728,421256843697.0,85.99033816425123,1.8165307257308534e-05
GOOGL251128P00290000,290.0,5.55,买 Put，看跌,-4.674859563054237,PUT,13661.0,13669.0,7581855.0,0.00025428346372334537,5948.0,5M-10M,2025-11-28,289.45001220703125,303.6449890136719,304.5450134277344,306.4100036621094,288.6700134277344,5.55,5.65,0.295905478515625,True,GOOGL,8.0,1.75,5948.0,13661.0,170762.5,2.1714285714285713,-0.046748595630542365,2981654760000.0,217.14285714285714,2.5428346372334535e-06
AMZN251121P00225000,225.0,6.25,买 Put，看跌,-4.085869528220402,PUT,12029.0,12134.0,7518125.0,0.0003207481003722519,13386.0,5M-10M,2025-11-21,217.13999938964844,226.38999938964844,227.13999938964844,227.41000366210935,216.7400054931641,5.95,6.1,1.0000000000000004e-05,True,AMZN,105.0,1.93,13386.0,12029.0,11456.190476190475,2.2383419689119175,-0.040858695282204024,2343934380679.0,223.83419689119174,3.207481003722519e-06
NVDA260320C00190000,190.0,17.85,卖 Call，看跌,-7.575024881556919,CALL,4209.0,4211.0,7513065.000000001,0.00017351121254258358,41609.0,5M-10M,2026-03-20,180.63999938964844,195.44500732421875,195.9499969482422,196.0,179.85000610351562,17.95,18.1,0.528172442932129,False,NVDA,2.0,25.35,41609.0,4209.0,210450.0,-0.29585798816568043,-0.07575024881556919,4330017000000.0,-29.585798816568044,1.7351121254258358e-06
NVDA251121C00175000,175.0,8.17,卖 Call，看跌,-7.575024881556919,CALL,9191.0,9312.0,7509047.0,0.00017341841844962732,24389.0,5M-10M,2025-11-21,180.63999938964844,195.44500732421875,195.9499969482422,196.0,179.85000610351562,8.1,8.2,0.9169930175781252,True,NVDA,121.0,21.04,24389.0,9191.0,7595.867768595042,-0.6116920152091254,-0.07575024881556919,4330017000000.0,-61.169201520912544,1.7341841844962733e-06
NVDA251205C00200000,200.0,1.66,卖 Call，看跌,-7.575024881556919,CALL,44729.0,44764.0,7425014.0,0.00017147771013370156,32424.0,5M-10M,2025-12-05,180.63999938964844,195.44500732421875,195.9499969482422,196.0,179.85000610351562,1.66,1.69,0.4943898217773438,False,NVDA,35.0,5.5,32424.0,44729.0,127797.14285714286,-0.6981818181818181,-0.07575024881556919,4330017000000.0,-69.81818181818181,1.7147771013370155e-06
NVDA260116C00185000,185.0,12.7,卖 Call，看跌,-7.575024881556919,CALL,5828.0,5862.0,7401559.999999999,0.00017093604944276198,23418.0,5M-10M,2026-01-16,180.63999938964844,195.44500732421875,195.9499969482422,196.0,179.85000610351562,12.75,12.85,0.5126391510009765,False,NVDA,34.0,20.65,23418.0,5828.0,17141.176470588234,-0.3849878934624697,-0.07575024881556919,4330017000000.0,-38.49878934624697,1.7093604944276199e-06
TSLA260116C00500000,500.0,8.5,卖 Call，看跌,-7.305593829631753,CALL,8601.0,8667.0,7310850.0,0.0005146718305116005,44149.0,5M-10M,2026-01-16,395.0450134277344,426.1799926757813,414.6300048828125,428.9400024414063,394.739990234375,8.4,8.55,0.5860637097167969,False,TSLA,66.0,10.95,44149.0,8601.0,13031.818181818182,-0.22374429223744288,-0.07305593829631753,1420487690716.0,-22.37442922374429,5.146718305116005e-06
GOOGL251219P00295000,295.0,13.65,买 Put，看跌,-4.674859563054237,PUT,5323.0,6111.0,7265895.0,0.00024368666344188017,612.0,5M-10M,2025-12-19,289.45001220703125,303.6449890136719,304.5450134277344,306.4100036621094,288.6700134277344,13.45,13.6,0.3171455004882812,True,GOOGL,788.0,12.55,612.0,5323.0,675.5076142131979,0.08764940239043821,-0.046748595630542365,2981654760000.0,8.76494023904382,2.4368666344188017e-06
TSLA251205P00380000,380.0,10.35,买 Put，看跌,-7.305593829631753,PUT,6885.0,6887.0,7125975.0,0.0005016569342046277,15801.0,5M-10M,2025-12-05,395.0450134277344,426.1799926757813,414.6300048828125,428.9400024414063,394.739990234375,10.15,10.25,0.5147753601074219,False,TSLA,2.0,5.25,15801.0,6885.0,344250.0,0.9714285714285713,-0.07305593829631753,1420487690716.0,97.14285714285712,5.016569342046277e-06
AVGO251121P00360000,360.0,12.15,买 Put，看跌,-7.379412123302452,PUT,5724.0,5730.0,6954660.000000001,0.0004402316667626905,3963.0,5M-10M,2025-11-21,346.82000732421875,374.452392578125,366.0,376.0799865722656,345.17999267578125,12.25,12.6,1.0000000000000004e-05,True,AVGO,6.0,2.73,3963.0,5724.0,95400.0,3.4505494505494507,-0.07379412123302452,1579772770810.0,345.05494505494505,4.402316667626905e-06
GOOGL251128P00300000,300.0,11.1,买 Put，看跌,-4.674859563054237,PUT,6260.0,6276.0,6948600.0,0.0002330450893650746,2288.0,5M-10M,2025-11-28,289.45001220703125,303.6449890136719,304.5450134277344,306.4100036621094,288.6700134277344,10.95,11.1,0.196297099609375,True,GOOGL,16.0,4.2,2288.0,6260.0,39125.0,1.6428571428571426,-0.046748595630542365,2981654760000.0,164.28571428571425,2.330450893650746e-06
NVDA251128P00175000,175.0,2.93,买 Put，看跌,-7.575024881556919,PUT,23451.0,23528.0,6871143.000000001,0.00015868628229404183,12954.0,5M-10M,2025-11-28,180.63999938964844,195.44500732421875,195.9499969482422,196.0,179.85000610351562,2.91,2.94,0.4748587670898437,False,NVDA,77.0,0.55,12954.0,23451.0,30455.84415584416,4.327272727272727,-0.07575024881556919,4330017000000.0,432.7272727272727,1.5868628229404181e-06
NVDA260320P00160000,160.0,9.69,买 Put，看跌,-7.575024881556919,PUT,7039.0,7059.0,6820791.0,0.00015752342311820024,28304.0,5M-10M,2026-03-20,180.63999938964844,195.44500732421875,195.9499969482422,196.0,179.85000610351562,9.6,9.75,0.4683280706787109,False,NVDA,20.0,6.1,28304.0,7039.0,35195.0,0.5885245901639344,-0.07575024881556919,4330017000000.0,58.852459016393446,1.5752342311820023e-06
PLTR251128P00170000,170.0,13.97,买 Put，看跌,-10.010407045615729,PUT,4877.0,4941.0,6813169.0,0.001617343219924173,8695.0,5M-10M,2025-11-28,155.7449951171875,173.07000732421875,172.10499572753906,174.57000732421875,154.39999389648438,14.15,14.3,0.26758544921875,True,PLTR,64.0,4.5,8695.0,4877.0,7620.3125,2.104444444444445,-0.10010407045615728,421256843697.0,210.44444444444449,1.617343219924173e-05
NVDA260220C00210000,210.0,7.4,卖 Call，看跌,-7.575024881556919,CALL,9152.0,9186.0,6772480.0,0.00015640770001595838,37733.0,5M-10M,2026-02-20,180.63999938964844,195.44500732421875,195.9499969482422,196.0,179.85000610351562,7.35,7.45,0.4735770416259766,False,NVDA,34.0,12.02,37733.0,9152.0,26917.64705882353,-0.38435940099833604,-0.07575024881556919,4330017000000.0,-38.4359400998336,1.5640770001595837e-06
NVDA251205C00185000,185.0,6.47,卖 Call，看跌,-7.575024881556919,CALL,10459.0,10462.0,6766973.0,0.00015628051806725008,6852.0,5M-10M,2025-12-05,180.63999938964844,195.44500732421875,195.9499969482422,196.0,179.85000610351562,6.4,6.45,0.5521285021972657,False,NVDA,3.0,14.25,6852.0,10459.0,348633.3333333334,-0.5459649122807018,-0.07575024881556919,4330017000000.0,-54.59649122807018,1.5628051806725008e-06
NVDA260116P00185000,185.0,14.41,买 Put，看跌,-7.575024881556919,PUT,4694.0,4697.0,6764053.999999999,0.00015621310493700138,14008.0,5M-10M,2026-01-16,180.63999938964844,195.44500732421875,195.9499969482422,196.0,179.85000610351562,14.0,14.1,0.4061338684082031,True,NVDA,3.0,8.25,14008.0,4694.0,156466.6666666667,0.7466666666666667,-0.07575024881556919,4330017000000.0,74.66666666666667,1.5621310493700138e-06
TSLA251219C00450000,450.0,9.05,卖 Call，看跌,-7.305593829631753,CALL,7410.0,7413.0,6706050.0,0.0004720949040128465,19356.0,5M-10M,2025-12-19,395.0450134277344,426.1799926757813,414.6300048828125,428.9400024414063,394.739990234375,9.05,9.15,0.5923197506713869,False,TSLA,3.0,12.15,19356.0,7410.0,247000.0,-0.25514403292181065,-0.07305593829631753,1420487690716.0,-25.514403292181065,4.720949040128465e-06
MSFT251121P00490000,490.0,11.32,买 Put，看跌,-2.9868624537565696,PUT,5880.0,5917.0,6656160.000000001,0.00017508068002120884,7416.0,5M-10M,2025-11-21,478.4299926757813,493.1600036621094,492.7099914550781,493.5700073242188,476.05999755859375,11.0,11.65,0.174812939453125,True,MSFT,37.0,3.36,7416.0,5880.0,15891.89189189189,2.3690476190476195,-0.029868624537565697,3801767276203.0,236.90476190476195,1.7508068002120883e-06
NVDA260116P00170000,170.0,7.8,买 Put，看跌,-7.575024881556919,PUT,8521.0,8544.0,6646380.0,0.00015349547126489342,36767.0,5M-10M,2026-01-16,180.63999938964844,195.44500732421875,195.9499969482422,196.0,179.85000610351562,7.8,7.9,0.4493463269042969,False,NVDA,23.0,3.95,36767.0,8521.0,37047.82608695652,0.9746835443037973,-0.07575024881556919,4330017000000.0,97.46835443037973,1.5349547126489341e-06
AMZN260116C00220000,220.0,12.34,卖 Call，看跌,-4.085869528220402,CALL,5373.0,7224.0,6630281.999999999,0.00028286977889198904,23552.0,5M-10M,2026-01-16,217.13999938964844,226.38999938964844,227.13999938964844,227.41000366210935,216.7400054931641,12.45,12.6,0.4027159338378906,False,AMZN,1851.0,14.65,23552.0,5373.0,290.27552674230145,-0.15767918088737204,-0.040858695282204024,2343934380679.0,-15.767918088737204,2.82869778891989e-06
RBLX251121P00115000,115.0,21.45,买 Put，看跌,-4.389988547952827,PUT,3076.0,3116.0,6598020.0,0.007046916139586883,909.0,5M-10M,2025-11-21,91.69000244140624,95.9000015258789,98.12999725341795,98.51499938964844,91.36000061035156,20.3,23.2,1.0000000000000004e-05,True,RBLX,40.0,17.25,909.0,3076.0,7690.000000000001,0.24347826086956517,-0.04389988547952827,93629892414.0,24.347826086956516,7.046916139586883e-05
NVDA251128C00182500,182.5,5.75,卖 Call，看跌,-7.575024881556919,CALL,11417.0,11431.0,6564775.0,0.0001516108366318192,3567.0,5M-10M,2025-11-28,180.63999938964844,195.44500732421875,195.9499969482422,196.0,179.85000610351562,5.75,5.8,0.5860637097167969,False,NVDA,14.0,14.6,3567.0,11417.0,81550.0,-0.6061643835616438,-0.07575024881556919,4330017000000.0,-60.61643835616438,1.5161083663181922e-06
TSLA251128C00430000,430.0,3.5,卖 Call，看跌,-7.305593829631753,CALL,18664.0,18668.0,6532400.0,0.00045987022926663516,4814.0,5M-10M,2025-11-28,395.0450134277344,426.1799926757813,414.6300048828125,428.9400024414063,394.739990234375,3.45,3.5,0.5749554223632812,False,TSLA,4.0,6.5,4814.0,18664.0,466600.0,-0.46153846153846156,-0.07305593829631753,1420487690716.0,-46.15384615384615,4.5987022926663515e-06
MU251205P00205000,205.0,12.9,买 Put，看跌,-9.956200737941113,PUT,5059.0,5283.0,6526110.0,0.0037079158228498204,330.0,5M-10M,2025-12-05,201.3699951171875,223.63560485839844,230.2350006103516,230.59800720214844,199.6000061035156,13.3,14.05,0.6942169250488281,True,MU,224.0,5.6,330.0,5059.0,2258.4821428571427,1.3035714285714288,-0.09956200737941114,176004804634.0,130.3571428571429,3.7079158228498204e-05
AVGO251121P00365000,365.0,16.9,买 Put，看跌,-7.379412123302452,PUT,3835.0,4186.0,6481149.999999999,0.0004102583687828032,503.0,5M-10M,2025-11-21,346.82000732421875,374.452392578125,366.0,376.0799865722656,345.17999267578125,15.75,17.65,1.0000000000000004e-05,True,AVGO,351.0,14.1,503.0,3835.0,1092.5925925925926,0.19858156028368787,-0.07379412123302452,1579772770810.0,19.858156028368786,4.1025836878280324e-06
GOOGL251121P00297500,297.5,7.35,买 Put，看跌,-4.674859563054237,PUT,8814.0,8849.0,6478289.999999999,0.0002172716334200945,2206.0,5M-10M,2025-11-21,289.45001220703125,303.6449890136719,304.5450134277344,306.4100036621094,288.6700134277344,6.5,6.65,1.0000000000000004e-05,True,GOOGL,35.0,1.37,2206.0,8814.0,25182.85714285714,4.364963503649634,-0.046748595630542365,2981654760000.0,436.49635036496346,2.172716334200945e-06
NVDA251219P00185000,185.0,11.15,买 Put，看跌,-7.575024881556919,PUT,5792.0,5807.0,6458080.0,0.00014914675854621356,22153.0,5M-10M,2025-12-19,180.63999938964844,195.44500732421875,195.9499969482422,196.0,179.85000610351562,11.1,11.2,0.4235897485351562,True,NVDA,15.0,5.15,22153.0,5792.0,38613.333333333336,1.1650485436893203,-0.07575024881556919,4330017000000.0,116.50485436893203,1.4914675854621355e-06
IREN251121P00050000,50.0,5.0,买 Put，看跌,-17.761570908868368,PUT,12401.0,12482.0,6200500.0,0.0544615164142945,6674.0,5M-10M,2025-11-21,43.470001220703125,52.85850143432617,49.084999084472656,54.060001373291016,43.20000076293945,4.75,5.3,1.0000000000000004e-05,True,IREN,81.0,1.75,6674.0,12401.0,15309.876543209875,1.8571428571428572,-0.17761570908868368,11385103479.0,185.71428571428572,0.000544615164142945
TSLA251128C00390000,390.0,19.96,卖 Call，看跌,-7.305593829631753,CALL,3093.0,5253.0,6173628.000000001,0.00043461326981919637,602.0,5M-10M,2025-11-28,395.0450134277344,426.1799926757813,414.6300048828125,428.9400024414063,394.739990234375,19.95,20.1,0.7074003869628906,True,TSLA,2160.0,22.23,602.0,3093.0,143.19444444444446,-0.10211426000899683,-0.07305593829631753,1420487690716.0,-10.211426000899683,4.3461326981919635e-06
GOOGL251219C00300000,300.0,8.9,卖 Call，看跌,-4.674859563054237,CALL,6916.0,6931.0,6155240.0,0.00020643704571618481,21204.0,5M-10M,2025-12-19,289.45001220703125,303.6449890136719,304.5450134277344,306.4100036621094,288.6700134277344,8.85,8.95,0.4030211065673829,False,GOOGL,15.0,14.0,21204.0,6916.0,46106.666666666664,-0.36428571428571427,-0.046748595630542365,2981654760000.0,-36.42857142857142,2.064370457161848e-06
PLTR251121P00175000,175.0,17.42,买 Put，看跌,-10.010407045615729,PUT,3490.0,3496.0,6079580.0,0.0014432002924023466,11626.0,5M-10M,2025-11-21,155.7449951171875,173.07000732421875,172.10499572753906,174.57000732421875,154.39999389648438,17.25,17.4,1.0000000000000004e-05,True,PLTR,6.0,4.75,11626.0,3490.0,58166.666666666664,2.667368421052632,-0.10010407045615728,421256843697.0,266.7368421052632,1.4432002924023465e-05
TSLA251128P00402500,402.5,14.53,买 Put，看跌,-7.305593829631753,PUT,4113.0,4116.0,5976189.0,0.00042071388855102916,1473.0,5M-10M,2025-11-28,395.0450134277344,426.1799926757813,414.6300048828125,428.9400024414063,394.739990234375,14.35,14.45,0.4122373229980468,True,TSLA,3.0,6.8,1473.0,4113.0,137100.0,1.136764705882353,-0.07305593829631753,1420487690716.0,113.67647058823529,4.207138885510292e-06
PLTR251219P00150000,150.0,7.83,买 Put，看跌,-10.010407045615729,PUT,7607.0,7613.0,5956281.0,0.0014139309756316292,15782.0,5M-10M,2025-12-19,155.7449951171875,173.07000732421875,172.10499572753906,174.57000732421875,154.39999389648438,7.7,7.9,0.5969278588867188,False,PLTR,6.0,3.5,15782.0,7607.0,126783.33333333333,1.237142857142857,-0.10010407045615728,421256843697.0,123.71428571428571,1.4139309756316293e-05
NVDA251205P00180000,180.0,6.55,买 Put，看跌,-7.575024881556919,PUT,9074.0,9206.0,5943470.0,0.00013726204770096747,13735.0,5M-10M,2025-12-05,180.63999938964844,195.44500732421875,195.9499969482422,196.0,179.85000610351562,6.35,6.45,0.4493463269042969,False,NVDA,132.0,2.02,13735.0,9074.0,6874.242424242425,2.2425742574257423,-0.07575024881556919,4330017000000.0,224.25742574257424,1.3726204770096747e-06
PLTR251121P00150000,150.0,0.98,买 Put，看跌,-10.010407045615729,PUT,60402.0,60621.0,5919396.0,0.0014051750347960355,23771.0,5M-10M,2025-11-21,155.7449951171875,173.07000732421875,172.10499572753906,174.57000732421875,154.39999389648438,0.97,1.06,0.6801789794921876,False,PLTR,219.0,0.09,23771.0,60402.0,27580.821917808218,9.88888888888889,-0.10010407045615728,421256843697.0,988.8888888888889,1.4051750347960354e-05
TSLA251219P00380000,380.0,16.24,买 Put，看跌,-7.305593829631753,PUT,3639.0,3642.0,5909735.999999999,0.00041603570651296416,10047.0,5M-10M,2025-12-19,395.0450134277344,426.1799926757813,414.6300048828125,428.9400024414063,394.739990234375,16.0,16.1,0.514653291015625,False,TSLA,3.0,9.95,10047.0,3639.0,121300.0,0.6321608040201004,-0.07305593829631753,1420487690716.0,63.21608040201004,4.160357065129641e-06
TSLA251219C00440000,440.0,11.48,卖 Call，看跌,-7.305593829631753,CALL,5145.0,5147.0,5906460.000000001,0.0004158050814944293,9288.0,5M-10M,2025-12-19,395.0450134277344,426.1799926757813,414.6300048828125,428.9400024414063,394.739990234375,11.3,11.4,0.5946085461425781,False,TSLA,2.0,15.0,9288.0,5145.0,257250.0,-0.23466666666666663,-0.07305593829631753,1420487690716.0,-23.466666666666665,4.158050814944293e-06
PLTR251128P00165000,165.0,10.43,买 Put，看跌,-10.010407045615729,PUT,5609.0,5611.0,5850187.0,0.0013887458655052498,3255.0,5M-10M,2025-11-28,155.7449951171875,173.07000732421875,172.10499572753906,174.57000732421875,154.39999389648438,10.5,10.65,0.4602104760742188,True,PLTR,2.0,3.2,3255.0,5609.0,280450.0,2.259375,-0.10010407045615728,421256843697.0,225.9375,1.3887458655052498e-05
TSLA251121C00407500,407.5,3.44,卖 Call，看跌,-7.305593829631753,CALL,16620.0,16634.0,5717280.0,0.0004024871202592535,5226.0,5M-10M,2025-11-21,395.0450134277344,426.1799926757813,414.6300048828125,428.9400024414063,394.739990234375,3.3,3.4,0.6835969140625001,False,TSLA,14.0,11.6,5226.0,16620.0,118714.28571428571,-0.703448275862069,-0.07305593829631753,1420487690716.0,-70.3448275862069,4.024871202592535e-06
GOOGL251121P00305000,305.0,12.47,买 Put，看跌,-4.674859563054237,PUT,4580.0,4584.0,5711260.000000001,0.00019154665646132688,834.0,5M-10M,2025-11-21,289.45001220703125,303.6449890136719,304.5450134277344,306.4100036621094,288.6700134277344,12.5,14.55,1.0000000000000004e-05,True,GOOGL,4.0,4.25,834.0,4580.0,114500.0,1.9341176470588237,-0.046748595630542365,2981654760000.0,193.41176470588238,1.9154665646132688e-06
NVDA251205C00190000,190.0,4.34,卖 Call，看跌,-7.575024881556919,CALL,13078.0,13143.0,5675852.0,0.00013108151769381044,8564.0,5M-10M,2025-12-05,180.63999938964844,195.44500732421875,195.9499969482422,196.0,179.85000610351562,4.3,4.35,0.5278367529296876,False,NVDA,65.0,10.85,8564.0,13078.0,20120.0,-0.6,-0.07575024881556919,4330017000000.0,-60.0,1.3108151769381045e-06
MU251121P00205000,205.0,5.71,买 Put，看跌,-9.956200737941113,PUT,9935.0,9976.0,5672885.0,0.0032231421248963632,5040.0,5M-10M,2025-11-21,201.3699951171875,223.63560485839844,230.2350006103516,230.59800720214844,199.6000061035156,5.8,6.35,0.6669955175781253,True,MU,41.0,0.35,5040.0,9935.0,24231.70731707317,15.314285714285717,-0.09956200737941114,176004804634.0,1531.4285714285716,3.223142124896363e-05
TSLA251128P00395000,395.0,11.05,买 Put，看跌,-7.305593829631753,PUT,5087.0,5090.0,5621135.000000001,0.0003957186701960546,3416.0,5M-10M,2025-11-28,395.0450134277344,426.1799926757813,414.6300048828125,428.9400024414063,394.739990234375,10.85,10.95,0.4434870104980468,False,TSLA,3.0,5.0,3416.0,5087.0,169566.6666666667,1.2100000000000002,-0.07305593829631753,1420487690716.0,121.00000000000001,3.957186701960546e-06
TSLA260116C00440000,440.0,20.67,卖 Call，看跌,-7.305593829631753,CALL,2698.0,3404.0,5576766.0,0.00039259516548073846,15217.0,5M-10M,2026-01-16,395.0450134277344,426.1799926757813,414.6300048828125,428.9400024414063,394.739990234375,20.6,20.75,0.590946473388672,False,TSLA,706.0,22.0,15217.0,2698.0,382.1529745042493,-0.06045454545454538,-0.07305593829631753,1420487690716.0,-6.045454545454538,3.9259516548073845e-06
AMD251219P00190000,190.0,7.1,买 Put，看跌,-10.375425828224293,PUT,7807.0,8878.0,5542970.0,0.0021419734203115583,8250.0,5M-10M,2025-12-19,206.0200042724609,229.8699951171875,232.63999938964844,234.25,204.52999877929688,6.95,7.1,0.5996133789062501,False,AMD,1071.0,4.1,8250.0,7807.0,728.9449112978525,0.7317073170731708,-0.10375425828224293,258778654648.0,73.17073170731709,2.141973420311558e-05
NVDA251121P00177500,177.5,1.24,买 Put，看跌,-7.575024881556919,PUT,44644.0,44861.0,5535856.0,0.0001278483664151896,19827.0,5M-10M,2025-11-21,180.63999938964844,195.44500732421875,195.9499969482422,196.0,179.85000610351562,1.2,1.22,0.4692435888671875,False,NVDA,217.0,0.15,19827.0,44644.0,20573.271889400923,7.2666666666666675,-0.07575024881556919,4330017000000.0,726.6666666666667,1.278483664151896e-06
NVDA251128C00175000,175.0,10.4,卖 Call，看跌,-7.575024881556919,CALL,5310.0,5312.0,5522400.0,0.00012753760551055575,3578.0,5M-10M,2025-11-28,180.63999938964844,195.44500732421875,195.9499969482422,196.0,179.85000610351562,10.55,10.65,0.6684603466796877,True,NVDA,2.0,21.64,3578.0,5310.0,265500.0,-0.5194085027726433,-0.07575024881556919,4330017000000.0,-51.940850277264325,1.2753760551055574e-06
TSLA251128C00425000,425.0,4.55,卖 Call，看跌,-7.305593829631753,CALL,12120.0,12144.0,5514600.0,0.0003882187812004449,2676.0,5M-10M,2025-11-28,395.0450134277344,426.1799926757813,414.6300048828125,428.9400024414063,394.739990234375,4.5,4.55,0.5832561206054687,False,TSLA,24.0,8.15,2676.0,12120.0,50500.0,-0.441717791411043,-0.07305593829631753,1420487690716.0,-44.1717791411043,3.882187812004449e-06
MSFT251121P00485000,485.0,7.31,买 Put，看跌,-2.9868624537565696,PUT,7522.0,7570.0,5498582.0,0.00014463226180145585,6400.0,5M-10M,2025-11-21,478.4299926757813,493.1600036621094,492.7099914550781,493.5700073242188,476.05999755859375,7.15,7.45,0.2197343652343749,True,MSFT,48.0,1.68,6400.0,7522.0,15670.833333333334,3.3511904761904763,-0.029868624537565697,3801767276203.0,335.11904761904765,1.4463226180145585e-06
NVDA251121P00197500,197.5,15.15,买 Put，看跌,-7.575024881556919,PUT,3592.0,6071.0,5441880.0,0.00012567802851582338,6308.0,5M-10M,2025-11-21,180.63999938964844,195.44500732421875,195.9499969482422,196.0,179.85000610351562,15.05,15.2,1.0000000000000004e-05,True,NVDA,2479.0,13.38,6308.0,3592.0,144.89713594191207,0.13228699551569503,-0.07575024881556919,4330017000000.0,13.228699551569504,1.2567802851582337e-06
BABA251128C00160000,160.0,3.5,卖 Call，看跌,-4.220559046554988,CALL,15529.0,15531.0,5435150.0,0.0013690959965328973,9262.0,5M-10M,2025-11-28,153.2949981689453,160.0500030517578,159.0,161.38999938964844,153.0,3.4,3.65,0.6435582519531251,False,BABA,2.0,6.01,9262.0,15529.0,776450.0,-0.4176372712146422,-0.042205590465549885,396988232656.0,-41.76372712146422,1.3690959965328973e-05
HOOD251121P00120000,120.0,12.67,买 Put，看跌,-11.769155830924458,PUT,4267.0,4297.0,5406289.0,0.0050306470590742265,6861.0,5M-10M,2025-11-21,106.20999908447266,120.37740325927734,121.64199829101562,122.62999725341795,105.23999786376952,12.4,13.6,1.0000000000000004e-05,True,HOOD,30.0,2.0,6861.0,4267.0,14223.333333333332,5.335,-0.11769155830924458,107467070071.0,533.5,5.0306470590742266e-05
AMD251128P00200000,200.0,4.3,买 Put，看跌,-10.375425828224293,PUT,12222.0,12347.0,5255460.0,0.002030870748265024,2650.0,5M-10M,2025-11-28,206.0200042724609,229.8699951171875,232.63999938964844,234.25,204.52999877929688,4.3,4.45,0.5487105676269532,False,AMD,125.0,0.72,2650.0,12222.0,9777.6,4.972222222222222,-0.10375425828224293,258778654648.0,497.22222222222223,2.030870748265024e-05
NVDA260116C00180000,180.0,15.45,卖 Call，看跌,-7.575024881556919,CALL,3396.0,3406.0,5246820.0,0.00012117319631770497,63195.0,5M-10M,2026-01-16,180.63999938964844,195.44500732421875,195.9499969482422,196.0,179.85000610351562,15.4,15.55,0.5293626165771486,True,NVDA,10.0,24.0,63195.0,3396.0,33960.0,-0.35625,-0.07575024881556919,4330017000000.0,-35.625,1.2117319631770498e-06
CRWV251121P00080000,80.0,8.52,买 Put，看跌,-13.832172127196218,PUT,6152.0,6290.0,5241504.0,0.008914910664747982,4974.0,5M-10M,2025-11-21,69.20999908447266,80.31999969482422,82.5999984741211,83.48999786376953,68.95010375976562,8.3,9.0,1.0000000000000004e-05,True,CRWV,138.0,1.22,4974.0,6152.0,4457.971014492754,5.983606557377049,-0.13832172127196218,58794801172.0,598.360655737705,8.914910664747982e-05
TSLA251121C00385000,385.0,16.85,卖 Call，看跌,-7.305593829631753,CALL,3107.0,5005.0,5235295.0,0.0003685561680130532,3117.0,5M-10M,2025-11-21,395.0450134277344,426.1799926757813,414.6300048828125,428.9400024414063,394.739990234375,17.45,17.65,1.0297900073242188,True,TSLA,1898.0,21.39,3117.0,3107.0,163.6986301369863,-0.21224871435250112,-0.07305593829631753,1420487690716.0,-21.22487143525011,3.685561680130532e-06
NVDA260320C00230000,230.0,6.05,卖 Call，看跌,-7.575024881556919,CALL,8574.0,8585.0,5187270.0,0.00011979791303359779,41071.0,5M-10M,2026-03-20,180.63999938964844,195.44500732421875,195.9499969482422,196.0,179.85000610351562,6.0,6.1,0.48633326171875,False,NVDA,11.0,9.68,41071.0,8574.0,77945.45454545454,-0.375,-0.07575024881556919,4330017000000.0,-37.5,1.1979791303359778e-06
TSLA251205P00400000,400.0,18.06,买 Put，看跌,-7.305593829631753,PUT,2867.0,4933.0,5177802.0,0.0003645087552564512,2962.0,5M-10M,2025-12-05,395.0450134277344,426.1799926757813,414.6300048828125,428.9400024414063,394.739990234375,17.75,17.9,0.4608818560791016,True,TSLA,2066.0,15.95,2962.0,2867.0,138.7705711519845,0.13228840125391847,-0.07305593829631753,1420487690716.0,13.228840125391846,3.645087552564512e-06
PLTR251219P00160000,160.0,12.15,买 Put，看跌,-10.010407045615729,PUT,4195.0,4237.0,5096925.0,0.0012099328654862393,9925.0,5M-10M,2025-12-19,155.7449951171875,173.07000732421875,172.10499572753906,174.57000732421875,154.39999389648438,12.1,12.3,0.5504195349121095,True,PLTR,42.0,5.8,9925.0,4195.0,9988.095238095239,1.0948275862068966,-0.10010407045615728,421256843697.0,109.48275862068965,1.2099328654862393e-05
AMZN251121P00220000,220.0,2.72,买 Put，看跌,-4.085869528220402,PUT,18616.0,18620.0,5063552.0,0.00021602789061582735,23054.0,5M-10M,2025-11-21,217.13999938964844,226.38999938964844,227.13999938964844,227.41000366210935,216.7400054931641,2.56,2.61,1.0000000000000004e-05,True,AMZN,4.0,0.74,23054.0,18616.0,465400.0,2.675675675675676,-0.040858695282204024,2343934380679.0,267.5675675675676,2.1602789061582734e-06
PLTR251121P00155000,155.0,2.28,买 Put，看跌,-10.010407045615729,PUT,21907.0,22066.0,4994796.0,0.001185688986359267,13765.0,<=5M,2025-11-21,155.7449951171875,173.07000732421875,172.10499572753906,174.57000732421875,154.39999389648438,2.21,2.28,0.5668988623046876,False,PLTR,159.0,0.19,13765.0,21907.0,13777.987421383648,11.0,-0.10010407045615728,421256843697.0,1100.0,1.1856889863592668e-05
COIN251121P00245000,245.0,7.15,买 Put，看跌,-6.585602466016661,PUT,6927.0,6940.0,4952805.0,0.006166625071977139,4845.0,<=5M,2025-11-21,238.16000366210935,254.9499969482422,259.9800109863281,263.6300048828125,236.0,6.65,7.55,0.4135800830078124,True,COIN,13.0,1.05,4845.0,6927.0,53284.61538461538,5.80952380952381,-0.06585602466016661,80316298497.0,580.952380952381,6.166625071977139e-05
AAPL251219C00260000,260.0,13.14,卖 Call，看跌,-3.1113494078501254,CALL,3740.0,3744.0,4914360.0,0.00012962797759529424,23469.0,<=5M,2025-12-19,266.25,274.79998779296875,270.8099975585937,275.42999267578125,265.9200134277344,13.05,13.2,0.3243475769042968,True,AAPL,4.0,15.45,23469.0,3740.0,93500.0,-0.14951456310679603,-0.031113494078501253,3791126029400.0,-14.951456310679603,1.2962797759529423e-06
SOFI260918C00032000,32.0,4.9,卖 Call，看跌,-11.352314913708089,CALL,9925.0,10031.0,4863250.0,0.014515147744312173,2301.0,<=5M,2026-09-18,24.90999984741211,28.100000381469727,27.89800071716309,28.575000762939453,24.7450008392334,4.85,5.1,0.7971211694335938,False,SOFI,106.0,5.2,2301.0,9925.0,9363.207547169812,-0.057692307692307654,-0.11352314913708088,33504653798.0,-5.769230769230766,0.00014515147744312173
TSLA251219C00500000,500.0,2.84,卖 Call，看跌,-7.305593829631753,CALL,17110.0,17118.0,4859239.999999999,0.0003420825137562923,43056.0,<=5M,2025-12-19,395.0450134277344,426.1799926757813,414.6300048828125,428.9400024414063,394.739990234375,2.91,2.96,0.5972940661621093,False,TSLA,8.0,3.9,43056.0,17110.0,213875.0,-0.27179487179487183,-0.07305593829631753,1420487690716.0,-27.179487179487182,3.420825137562923e-06
NVDA251219P00175000,175.0,7.0,买 Put，看跌,-7.575024881556919,PUT,6909.0,6937.0,4836300.0,0.00011169240213144659,25169.0,<=5M,2025-12-19,180.63999938964844,195.44500732421875,195.9499969482422,196.0,179.85000610351562,6.8,6.9,0.4652153088378906,False,NVDA,28.0,2.65,25169.0,6909.0,24675.0,1.641509433962264,-0.07575024881556919,4330017000000.0,164.1509433962264,1.116924021314466e-06
NVDA251128C00192500,192.5,1.86,卖 Call，看跌,-7.575024881556919,CALL,25996.0,26028.0,4835256.000000001,0.00011166829137160434,4805.0,<=5M,2025-11-28,180.63999938964844,195.44500732421875,195.9499969482422,196.0,179.85000610351562,1.83,1.86,0.5136767382812499,False,NVDA,32.0,7.48,4805.0,25996.0,81237.5,-0.7513368983957219,-0.07575024881556919,4330017000000.0,-75.1336898395722,1.1166829137160433e-06
AMD251121P00212500,212.5,5.25,买 Put，看跌,-10.375425828224293,PUT,9180.0,9182.0,4819500.0,0.0018624024483609967,3391.0,<=5M,2025-11-21,206.0200042724609,229.8699951171875,232.63999938964844,234.25,204.52999877929688,5.8,5.95,1.0000000000000004e-05,True,AMD,2.0,0.36,3391.0,9180.0,459000.0,13.583333333333332,-0.10375425828224293,258778654648.0,1358.3333333333333,1.8624024483609967e-05
AAPL251128P00270000,270.0,5.16,买 Put，看跌,-3.1113494078501254,PUT,9271.0,9274.0,4783836.0,0.00012618509548090943,3400.0,<=5M,2025-11-28,266.25,274.79998779296875,270.8099975585937,275.42999267578125,265.9200134277344,5.1,5.2,0.1759115612792968,True,AAPL,3.0,2.7,3400.0,9271.0,309033.3333333334,0.911111111111111,-0.031113494078501253,3791126029400.0,91.1111111111111,1.2618509548090942e-06
NVDA251219P00165000,165.0,4.01,买 Put，看跌,-7.575024881556919,PUT,11897.0,11947.0,4770696.999999999,0.00011017732724836876,34426.0,<=5M,2025-12-19,180.63999938964844,195.44500732421875,195.9499969482422,196.0,179.85000610351562,4.0,4.05,0.5042774182128906,False,NVDA,50.0,1.3,34426.0,11897.0,23794.0,2.0846153846153843,-0.07575024881556919,4330017000000.0,208.46153846153842,1.1017732724836876e-06
MU260116C00240000,240.0,11.13,卖 Call，看跌,-9.956200737941113,CALL,4254.0,4255.0,4734702.0,0.0026900981537667447,3497.0,<=5M,2026-01-16,201.3699951171875,223.63560485839844,230.2350006103516,230.59800720214844,199.6000061035156,10.7,11.2,0.7394435235595702,False,MU,1.0,22.0,3497.0,4254.0,425400.0,-0.4940909090909091,-0.09956200737941114,176004804634.0,-49.40909090909091,2.6900981537667448e-05
NVDA251212P00190000,190.0,12.65,买 Put，看跌,-7.575024881556919,PUT,3737.0,3983.0,4727305.0,0.00010917520647147575,7543.0,<=5M,2025-12-12,180.63999938964844,195.44500732421875,195.9499969482422,196.0,179.85000610351562,12.75,12.85,0.389654541015625,True,NVDA,246.0,11.99,7543.0,3737.0,1519.1056910569107,0.05504587155963304,-0.07575024881556919,4330017000000.0,5.5045871559633035,1.0917520647147576e-06
NVDA251205P00190000,190.0,11.55,买 Put，看跌,-7.575024881556919,PUT,4054.0,4057.0,4682370.0,0.00010813745073056295,6367.0,<=5M,2025-12-05,180.63999938964844,195.44500732421875,195.9499969482422,196.0,179.85000610351562,11.5,11.6,0.3715883154296875,True,NVDA,3.0,4.72,6367.0,4054.0,135133.3333333333,1.447033898305085,-0.07575024881556919,4330017000000.0,144.7033898305085,1.0813745073056295e-06
JD251121P00033000,33.0,4.7,买 Put，看跌,-2.923581552570643,PUT,9933.0,10026.0,4668510.0,0.009311198311660624,4341.0,<=5M,2025-11-21,28.38999938964844,29.2450008392334,29.065000534057617,29.4950008392334,28.34000015258789,4.4,4.65,1.1484417578125,True,JD,93.0,4.1,4341.0,9933.0,10680.645161290324,0.14634146341463428,-0.02923581552570643,50138659319.0,14.634146341463428,9.311198311660624e-05
PLTR260116P00150000,150.0,11.0,买 Put，看跌,-10.010407045615729,PUT,4226.0,4235.0,4648600.0,0.0011035072947903554,10828.0,<=5M,2026-01-16,155.7449951171875,173.07000732421875,172.10499572753906,174.57000732421875,154.39999389648438,11.0,11.2,0.5682416223144531,False,PLTR,9.0,6.0,10828.0,4226.0,46955.555555555555,0.8333333333333334,-0.10010407045615728,421256843697.0,83.33333333333334,1.1035072947903554e-05
NVDA251121P00175000,175.0,0.77,买 Put，看跌,-7.575024881556919,PUT,60320.0,60946.0,4644640.0,0.00010726609156499849,70336.0,<=5M,2025-11-21,180.63999938964844,195.44500732421875,195.9499969482422,196.0,179.85000610351562,0.75,0.77,0.5122119091796875,False,NVDA,626.0,0.12,70336.0,60320.0,9635.782747603835,5.416666666666667,-0.07575024881556919,4330017000000.0,541.6666666666667,1.0726609156499848e-06
JD251121P00033500,33.5,4.85,买 Put，看跌,-2.923581552570643,PUT,9530.0,9610.0,4622050.0,0.009218535283508226,3637.0,<=5M,2025-11-21,28.38999938964844,29.2450008392334,29.065000534057617,29.4950008392334,28.34000015258789,4.85,5.25,1.6171894140625,True,JD,80.0,4.24,3637.0,9530.0,11912.5,0.14386792452830174,-0.02923581552570643,50138659319.0,14.386792452830175,9.218535283508225e-05
NVDA251128P00170000,170.0,1.85,买 Put，看跌,-7.575024881556919,PUT,24928.0,25092.0,4611680.0,0.00010650489362974786,15727.0,<=5M,2025-11-28,180.63999938964844,195.44500732421875,195.9499969482422,196.0,179.85000610351562,1.83,1.85,0.5131884619140624,False,NVDA,164.0,0.32,15727.0,24928.0,15200.0,4.78125,-0.07575024881556919,4330017000000.0,478.125,1.0650489362974786e-06
NVDA251219P00170000,170.0,5.3,买 Put，看跌,-7.575024881556919,PUT,8664.0,9214.0,4591920.0,0.0001060485443821583,33637.0,<=5M,2025-12-19,180.63999938964844,195.44500732421875,195.9499969482422,196.0,179.85000610351562,5.25,5.35,0.4873708489990235,False,NVDA,550.0,2.05,33637.0,8664.0,1575.2727272727273,1.5853658536585367,-0.07575024881556919,4330017000000.0,158.53658536585365,1.060485443821583e-06
GOOGL251121P00290000,290.0,2.4,买 Put，看跌,-4.674859563054237,PUT,19114.0,19139.0,4587360.0,0.00015385282231669236,6824.0,<=5M,2025-11-21,289.45001220703125,303.6449890136719,304.5450134277344,306.4100036621094,288.6700134277344,2.34,2.4,0.247077841796875,True,GOOGL,25.0,0.36,6824.0,19114.0,76456.0,5.666666666666667,-0.046748595630542365,2981654760000.0,566.6666666666667,1.5385282231669237e-06
GOOGL251219P00280000,280.0,7.2,买 Put，看跌,-4.674859563054237,PUT,6336.0,6339.0,4561920.0,0.00015299960482346387,5550.0,<=5M,2025-12-19,289.45001220703125,303.6449890136719,304.5450134277344,306.4100036621094,288.6700134277344,7.15,7.3,0.3505313970947264,False,GOOGL,3.0,3.75,5550.0,6336.0,211200.0,0.92,-0.046748595630542365,2981654760000.0,92.0,1.5299960482346387e-06
NVDA260320C00220000,220.0,8.0,卖 Call，看跌,-7.575024881556919,CALL,5697.0,5707.0,4557600.0,0.00010525593779423961,29709.0,<=5M,2026-03-20,180.63999938964844,195.44500732421875,195.9499969482422,196.0,179.85000610351562,8.0,8.15,0.4939625799560547,False,NVDA,10.0,12.3,29709.0,5697.0,56970.00000000001,-0.34959349593495936,-0.07575024881556919,4330017000000.0,-34.959349593495936,1.0525593779423962e-06
GOOGL251128P00305000,305.0,14.39,买 Put，看跌,-4.674859563054237,PUT,3144.0,3153.0,4524216.0,0.00015173507210472617,454.0,<=5M,2025-11-28,289.45001220703125,303.6449890136719,304.5450134277344,306.4100036621094,288.6700134277344,14.65,14.85,1.0000000000000004e-05,True,GOOGL,9.0,6.5,454.0,3144.0,34933.33333333333,1.213846153846154,-0.046748595630542365,2981654760000.0,121.3846153846154,1.5173507210472616e-06
HOOD251121P00118000,118.0,10.8,买 Put，看跌,-11.769155830924458,PUT,4165.0,4240.0,4498200.0,0.004185654263234482,3885.0,<=5M,2025-11-21,106.20999908447266,120.37740325927734,121.64199829101562,122.62999725341795,105.23999786376952,10.75,11.25,1.0000000000000004e-05,True,HOOD,75.0,1.37,3885.0,4165.0,5553.333333333333,6.883211678832116,-0.11769155830924458,107467070071.0,688.3211678832116,4.1856542632344827e-05
NVDA260116P00180000,180.0,11.74,买 Put，看跌,-7.575024881556919,PUT,3811.0,3828.0,4474114.0,0.00010332786222317373,42161.0,<=5M,2026-01-16,180.63999938964844,195.44500732421875,195.9499969482422,196.0,179.85000610351562,11.65,11.8,0.4231014721679687,False,NVDA,17.0,6.45,42161.0,3811.0,22417.64705882353,0.8201550387596899,-0.07575024881556919,4330017000000.0,82.01550387596899,1.0332786222317373e-06
MRVL251219P00080000,80.0,8.88,买 Put，看跌,-8.627261703693293,PUT,4924.0,5008.0,4372512.0,0.006098270206170618,10189.0,<=5M,2025-12-19,76.68000030517578,83.91999816894531,83.3499984741211,84.44000244140625,76.08000183105469,8.9,9.2,0.813356358642578,True,MRVL,84.0,6.55,10189.0,4924.0,5861.904761904762,0.35572519083969484,-0.08627261703693292,71700857000.0,35.57251908396948,6.098270206170618e-05
NVDA251219C00210000,210.0,1.79,卖 Call，看跌,-7.575024881556919,CALL,24358.0,24399.0,4360082.0,0.00010069433907534313,48289.0,<=5M,2025-12-19,180.63999938964844,195.44500732421875,195.9499969482422,196.0,179.85000610351562,1.77,1.8,0.4753470434570312,False,NVDA,41.0,4.5,48289.0,24358.0,59409.75609756098,-0.6022222222222222,-0.07575024881556919,4330017000000.0,-60.22222222222222,1.0069433907534313e-06
TSLA251121C00425000,425.0,0.41,卖 Call，看跌,-7.305593829631753,CALL,105088.0,106150.0,4308607.999999999,0.00030331892547609725,11032.0,<=5M,2025-11-21,395.0450134277344,426.1799926757813,414.6300048828125,428.9400024414063,394.739990234375,0.41,0.43,0.6127968408203126,False,TSLA,1062.0,2.91,11032.0,105088.0,9895.291902071564,-0.8591065292096219,-0.07305593829631753,1420487690716.0,-85.91065292096219,3.0331892547609725e-06
NVDA251219P00160000,160.0,3.1,买 Put，看跌,-7.575024881556919,PUT,13667.0,13738.0,4236770.0,9.78464980622478e-05,47569.0,<=5M,2025-12-19,180.63999938964844,195.44500732421875,195.9499969482422,196.0,179.85000610351562,3.05,3.1,0.5277146838378908,False,NVDA,71.0,0.95,47569.0,13667.0,19249.29577464789,2.2631578947368425,-0.07575024881556919,4330017000000.0,226.31578947368425,9.78464980622478e-07
TSLA251121P00385000,385.0,2.05,买 Put，看跌,-7.305593829631753,PUT,20618.0,20636.0,4226689.999999999,0.0002975520328422928,8803.0,<=5M,2025-11-21,395.0450134277344,426.1799926757813,414.6300048828125,428.9400024414063,394.739990234375,2.02,2.05,0.497075341796875,False,TSLA,18.0,0.55,8803.0,20618.0,114544.44444444444,2.7272727272727266,-0.07305593829631753,1420487690716.0,272.72727272727263,2.975520328422928e-06
AMD251128P00220000,220.0,14.0,买 Put，看跌,-10.375425828224293,PUT,3007.0,5300.0,4209800.0,0.0016267956898246962,2253.0,<=5M,2025-11-28,206.0200042724609,229.8699951171875,232.63999938964844,234.25,204.52999877929688,14.15,14.35,0.2995675512695312,True,AMD,2293.0,7.2,2253.0,3007.0,131.13824683820323,0.9444444444444444,-0.10375425828224293,258778654648.0,94.44444444444444,1.6267956898246962e-05
AAPL251121P00265000,265.0,1.01,买 Put，看跌,-3.1113494078501254,PUT,41596.0,41619.0,4201196.0,0.00011081657447998107,19371.0,<=5M,2025-11-21,266.25,274.79998779296875,270.8099975585937,275.42999267578125,265.9200134277344,0.98,1.01,0.198250205078125,False,AAPL,23.0,0.34,19371.0,41596.0,180852.1739130435,1.9705882352941173,-0.031113494078501253,3791126029400.0,197.05882352941174,1.1081657447998107e-06
TSLA260116C00470000,470.0,13.0,卖 Call，看跌,-7.305593829631753,CALL,3219.0,3596.0,4184700.0,0.00029459600581900803,27975.0,<=5M,2026-01-16,395.0450134277344,426.1799926757813,414.6300048828125,428.9400024414063,394.739990234375,13.15,13.3,0.5846293978881835,False,TSLA,377.0,13.95,27975.0,3219.0,853.8461538461538,-0.06810035842293902,-0.07305593829631753,1420487690716.0,-6.810035842293901,2.94596005819008e-06
TSLA251121P00380000,380.0,1.24,买 Put，看跌,-7.305593829631753,PUT,33542.0,33814.0,4159208.0,0.0002928014108945599,14764.0,<=5M,2025-11-21,395.0450134277344,426.1799926757813,414.6300048828125,428.9400024414063,394.739990234375,1.27,1.28,0.5275926147460939,False,TSLA,272.0,0.36,14764.0,33542.0,12331.617647058823,2.4444444444444446,-0.07305593829631753,1420487690716.0,244.44444444444446,2.928014108945599e-06
NVDA251128P00177500,177.5,3.93,买 Put，看跌,-7.575024881556919,PUT,10566.0,10577.0,4152438.0000000005,9.589888446165456e-05,3096.0,<=5M,2025-11-28,180.63999938964844,195.44500732421875,195.9499969482422,196.0,179.85000610351562,3.7,3.75,0.460942890625,False,NVDA,11.0,0.75,3096.0,10566.0,96054.54545454546,4.24,-0.07575024881556919,4330017000000.0,424.0,9.589888446165456e-07
AVGO251121P00350000,350.0,5.9,买 Put，看跌,-7.379412123302452,PUT,7019.0,7028.0,4141210.0000000005,0.00026213959858775574,5915.0,<=5M,2025-11-21,346.82000732421875,374.452392578125,366.0,376.0799865722656,345.17999267578125,5.75,5.95,0.405157315673828,True,AVGO,9.0,1.43,5915.0,7019.0,77988.88888888889,3.1258741258741263,-0.07379412123302452,1579772770810.0,312.58741258741264,2.621395985877557e-06
HOOD251128P00120000,120.0,13.53,买 Put，看跌,-11.769155830924458,PUT,3056.0,3059.0,4134768.0,0.0038474743912421663,4987.0,<=5M,2025-11-28,106.20999908447266,120.37740325927734,121.64199829101562,122.62999725341795,105.23999786376952,13.2,14.2,0.5732464550781251,True,HOOD,3.0,4.3,4987.0,3056.0,101866.66666666666,2.146511627906977,-0.11769155830924458,107467070071.0,214.6511627906977,3.8474743912421665e-05
AMD251121P00217500,217.5,9.0,买 Put，看跌,-10.375425828224293,PUT,4587.0,8765.0,4128300.0,0.0015953015930218284,2257.0,<=5M,2025-11-21,206.0200042724609,229.8699951171875,232.63999938964844,234.25,204.52999877929688,8.85,9.0,1.0000000000000004e-05,True,AMD,4178.0,3.5,2257.0,4587.0,109.7893729056965,1.5714285714285714,-0.10375425828224293,258778654648.0,157.14285714285714,1.5953015930218283e-05
AAPL251128P00275000,275.0,8.47,买 Put，看跌,-3.1113494078501254,PUT,4867.0,5191.0,4122349.0000000005,0.00010873679661481529,3346.0,<=5M,2025-11-28,266.25,274.79998779296875,270.8099975585937,275.42999267578125,265.9200134277344,8.35,8.5,1.0000000000000004e-05,True,AAPL,324.0,7.85,3346.0,4867.0,1502.1604938271605,0.07898089171974536,-0.031113494078501253,3791126029400.0,7.898089171974536,1.0873679661481528e-06
HOOD251121P00115000,115.0,8.36,买 Put，看跌,-11.769155830924458,PUT,4928.0,4996.0,4119807.9999999995,0.0038335538479630795,16612.0,<=5M,2025-11-21,106.20999908447266,120.37740325927734,121.64199829101562,122.62999725341795,105.23999786376952,8.15,8.75,1.0000000000000004e-05,True,HOOD,68.0,0.6,16612.0,4928.0,7247.058823529412,12.933333333333334,-0.11769155830924458,107467070071.0,1293.3333333333333,3.83355384796308e-05
TSLA251128C00407500,407.5,9.9,卖 Call，看跌,-7.305593829631753,CALL,4137.0,4146.0,4095630.0000000005,0.0002883256241337501,2439.0,<=5M,2025-11-28,395.0450134277344,426.1799926757813,414.6300048828125,428.9400024414063,394.739990234375,10.2,10.3,0.6247596118164063,False,TSLA,9.0,17.15,2439.0,4137.0,45966.66666666667,-0.42274052478134105,-0.07305593829631753,1420487690716.0,-42.2740524781341,2.8832562413375007e-06
NVDA251205C00195000,195.0,2.76,卖 Call，看跌,-7.575024881556919,CALL,14817.0,14865.0,4089492.0,9.444517192426727e-05,8227.0,<=5M,2025-12-05,180.63999938964844,195.44500732421875,195.9499969482422,196.0,179.85000610351562,2.74,2.78,0.5080615600585938,False,NVDA,48.0,7.8,8227.0,14817.0,30868.75,-0.6461538461538462,-0.07575024881556919,4330017000000.0,-64.61538461538461,9.444517192426727e-07
JD251121P00032500,32.5,4.08,买 Put，看跌,-2.923581552570643,PUT,9983.0,10010.0,4073064.0,0.008123599743833828,4312.0,<=5M,2025-11-21,28.38999938964844,29.2450008392334,29.065000534057617,29.4950008392334,28.34000015258789,3.65,4.2,1.25000375,True,JD,27.0,3.53,4312.0,9983.0,36974.07407407407,0.15580736543909357,-0.02923581552570643,50138659319.0,15.580736543909357,8.123599743833828e-05
GOOGL251128C00300000,300.0,3.05,卖 Call，看跌,-4.674859563054237,CALL,13335.0,13707.0,4067175.0,0.00013640663750084868,9924.0,<=5M,2025-11-28,289.45001220703125,303.6449890136719,304.5450134277344,306.4100036621094,288.6700134277344,3.1,3.2,0.3951476501464844,False,GOOGL,372.0,8.61,9924.0,13335.0,3584.6774193548385,-0.645760743321719,-0.046748595630542365,2981654760000.0,-64.5760743321719,1.364066375008487e-06
SE260116C00135000,135.0,8.21,卖 Call，看跌,-5.065448634056527,CALL,4793.0,4797.0,3935053.0000000005,0.0036010538371417057,1417.0,<=5M,2026-01-16,130.91000366210938,137.89500427246094,145.27000427246094,145.27000427246094,130.47000122070312,8.0,8.5,0.4935353381347657,False,SE,4.0,17.2,1417.0,4793.0,119825.0,-0.5226744186046511,-0.050654486340565276,109275039418.0,-52.26744186046511,3.601053837141706e-05
MU260116C00250000,250.0,9.0,卖 Call，看跌,-9.956200737941113,CALL,4342.0,4844.0,3907800.0,0.0022202802975329144,8610.0,<=5M,2026-01-16,201.3699951171875,223.63560485839844,230.2350006103516,230.59800720214844,199.6000061035156,8.8,8.95,0.7398097308349607,False,MU,502.0,17.75,8610.0,4342.0,864.9402390438247,-0.49295774647887325,-0.09956200737941114,176004804634.0,-49.29577464788733,2.2202802975329144e-05
AMD251121P00205000,205.0,2.4,买 Put，看跌,-10.375425828224293,PUT,16204.0,16226.0,3888960.0,0.0015028132846930142,6724.0,<=5M,2025-11-21,206.0200042724609,229.8699951171875,232.63999938964844,234.25,204.52999877929688,2.33,2.4,0.4748587670898437,False,AMD,22.0,0.12,6724.0,16204.0,73654.54545454546,19.0,-0.10375425828224293,258778654648.0,1900.0,1.5028132846930141e-05
TSLA251219C00430000,430.0,14.2,卖 Call，看跌,-7.305593829631753,CALL,2720.0,4100.0,3862400.0,0.00027190661525923883,8709.0,<=5M,2025-12-19,395.0450134277344,426.1799926757813,414.6300048828125,428.9400024414063,394.739990234375,14.25,14.35,0.6035195898437502,False,TSLA,1380.0,15.3,8709.0,2720.0,197.10144927536234,-0.0718954248366014,-0.07305593829631753,1420487690716.0,-7.18954248366014,2.719066152592388e-06
AVGO251121P00355000,355.0,8.8,买 Put，看跌,-7.379412123302452,PUT,4383.0,4402.0,3857040.0,0.0002441515685842827,1517.0,<=5M,2025-11-21,346.82000732421875,374.452392578125,366.0,376.0799865722656,345.17999267578125,8.5,8.85,0.3129951513671875,True,AVGO,19.0,2.13,1517.0,4383.0,23068.421052631576,3.1314553990610334,-0.07379412123302452,1579772770810.0,313.14553990610335,2.441515685842827e-06
GOOGL251219P00285000,285.0,9.22,买 Put，看跌,-4.674859563054237,PUT,4152.0,4154.0,3828144.0,0.00012838991459896584,3646.0,<=5M,2025-12-19,289.45001220703125,303.6449890136719,304.5450134277344,306.4100036621094,288.6700134277344,8.9,9.0,0.3375310388183594,False,GOOGL,2.0,4.7,3646.0,4152.0,207600.0,0.9617021276595745,-0.046748595630542365,2981654760000.0,96.17021276595746,1.2838991459896583e-06
CRCL251219P00070000,70.0,8.35,买 Put，看跌,-2.6277639097605845,PUT,4575.0,5686.0,3820125.0,0.01311178327187855,5796.0,<=5M,2025-12-19,66.94000244140625,68.74649810791016,71.29000091552734,71.40499877929688,64.91999816894531,7.9,8.45,0.8361832788085937,True,CRCL,1111.0,7.45,5796.0,4575.0,411.79117911791184,0.1208053691275167,-0.026277639097605845,29135052958.0,12.08053691275167,0.00013111783271878549
MSFT260220C00550000,550.0,6.1,卖 Call，看跌,-2.9868624537565696,CALL,6200.0,6570.0,3782000.0,9.948005033536029e-05,2911.0,<=5M,2026-02-20,478.4299926757813,493.1600036621094,492.7099914550781,493.5700073242188,476.05999755859375,6.0,6.2,0.2801280484008788,False,MSFT,370.0,7.63,2911.0,6200.0,1675.6756756756758,-0.20052424639580607,-0.029868624537565697,3801767276203.0,-20.052424639580607,9.948005033536028e-07
NVDA251121C00177500,177.5,6.08,卖 Call，看跌,-7.575024881556919,CALL,6181.0,6199.0,3758048.0000000005,8.679060613387893e-05,3156.0,<=5M,2025-11-21,180.63999938964844,195.44500732421875,195.9499969482422,196.0,179.85000610351562,6.15,6.2,0.8376481079101561,True,NVDA,18.0,18.6,3156.0,6181.0,34338.88888888889,-0.6731182795698925,-0.07575024881556919,4330017000000.0,-67.31182795698925,8.679060613387893e-07
AMZN260116C00225000,225.0,10.0,卖 Call，看跌,-4.085869528220402,CALL,3716.0,3746.0,3716000.0,0.0001585368613827634,15150.0,<=5M,2026-01-16,217.13999938964844,226.38999938964844,227.13999938964844,227.41000366210935,216.7400054931641,9.9,10.05,0.3878235046386719,False,AMZN,30.0,13.65,15150.0,3716.0,12386.666666666666,-0.2673992673992674,-0.040858695282204024,2343934380679.0,-26.73992673992674,1.585368613827634e-06
AAPL251121P00275000,275.0,7.65,买 Put，看跌,-3.1113494078501254,PUT,4852.0,11920.0,3711780.0000000005,9.790705904302113e-05,6855.0,<=5M,2025-11-21,266.25,274.79998779296875,270.8099975585937,275.42999267578125,265.9200134277344,7.15,8.1,1.0000000000000004e-05,True,AAPL,7068.0,7.04,6855.0,4852.0,68.64742501414828,0.08664772727272732,-0.031113494078501253,3791126029400.0,8.664772727272732,9.790705904302113e-07
AMD251128P00210000,210.0,8.28,买 Put，看跌,-10.375425828224293,PUT,4393.0,4397.0,3637403.9999999995,0.00140560433971949,1553.0,<=5M,2025-11-28,206.0200042724609,229.8699951171875,232.63999938964844,234.25,204.52999877929688,8.3,8.45,0.4804739453125,True,AMD,4.0,1.62,1553.0,4393.0,109825.0,4.111111111111111,-0.10375425828224293,258778654648.0,411.1111111111111,1.40560433971949e-05
AMZN260116P00220000,220.0,11.45,买 Put，看跌,-4.085869528220402,PUT,3176.0,4934.0,3636519.9999999995,0.00015514598147353247,23082.0,<=5M,2026-01-16,217.13999938964844,226.38999938964844,227.13999938964844,227.41000366210935,216.7400054931641,11.6,11.7,0.2938608212280272,True,AMZN,1758.0,10.3,23082.0,3176.0,180.6598407281001,0.11165048543689306,-0.040858695282204024,2343934380679.0,11.165048543689306,1.5514598147353248e-06
TSLA260220C00500000,500.0,17.17,卖 Call，看跌,-7.305593829631753,CALL,2104.0,4134.0,3612568.0,0.000254318852856731,11066.0,<=5M,2026-02-20,395.0450134277344,426.1799926757813,414.6300048828125,428.9400024414063,394.739990234375,17.25,17.4,0.6093789062500001,False,TSLA,2030.0,18.25,11066.0,2104.0,103.64532019704433,-0.05917808219178073,-0.07305593829631753,1420487690716.0,-5.917808219178073,2.54318852856731e-06
ORCL251121P00220000,220.0,7.23,买 Put，看跌,-8.300608383544402,PUT,4969.0,4975.0,3592587.0000000005,0.00044600029335836906,7393.0,<=5M,2025-11-21,210.4501037597656,229.5,231.16000366210935,233.97999572753903,210.44000244140625,6.7,7.05,1.0000000000000004e-05,True,ORCL,6.0,0.35,7393.0,4969.0,82816.66666666666,19.657142857142862,-0.08300608383544403,805512250440.0,1965.7142857142862,4.46000293358369e-06
NVDA251219C00194000,194.0,5.42,卖 Call，看跌,-7.575024881556919,CALL,6524.0,6528.0,3536008.0,8.16626816938594e-05,6640.0,<=5M,2025-12-19,180.63999938964844,195.44500732421875,195.9499969482422,196.0,179.85000610351562,5.4,5.45,0.5056201782226561,False,NVDA,4.0,11.52,6640.0,6524.0,163100.0,-0.5295138888888888,-0.07575024881556919,4330017000000.0,-52.951388888888886,8.16626816938594e-07
NVDA260320C00210000,210.0,10.75,卖 Call，看跌,-7.575024881556919,CALL,3254.0,3260.0,3498050.0,8.07860569600535e-05,44133.0,<=5M,2026-03-20,180.63999938964844,195.44500732421875,195.9499969482422,196.0,179.85000610351562,10.65,10.8,0.5022022436523439,False,NVDA,6.0,16.1,44133.0,3254.0,54233.333333333336,-0.3322981366459628,-0.07575024881556919,4330017000000.0,-33.22981366459628,8.078605696005351e-07
TSLA251128C00440000,440.0,2.02,卖 Call，看跌,-7.305593829631753,CALL,17264.0,17275.0,3487328.0,0.0002455021625877099,3950.0,<=5M,2025-11-28,395.0450134277344,426.1799926757813,414.6300048828125,428.9400024414063,394.739990234375,2.0,2.02,0.5648236877441408,False,TSLA,11.0,3.0,3950.0,17264.0,156945.45454545456,-0.32666666666666666,-0.07305593829631753,1420487690716.0,-32.666666666666664,2.455021625877099e-06
AAPL251121C00260000,260.0,7.74,卖 Call，看跌,-3.1113494078501254,CALL,4481.0,4485.0,3468294.0,9.148453449195693e-05,20812.0,<=5M,2025-11-21,266.25,274.79998779296875,270.8099975585937,275.42999267578125,265.9200134277344,7.6,8.05,0.5065967309570312,True,AAPL,4.0,11.85,20812.0,4481.0,112025.0,-0.34683544303797464,-0.031113494078501253,3791126029400.0,-34.68354430379746,9.148453449195692e-07
NVDA251226C00220000,220.0,1.2,卖 Call，看跌,-7.575024881556919,CALL,28898.0,28904.0,3467760.0,8.008652160026162e-05,39721.0,<=5M,2025-12-26,180.63999938964844,195.44500732421875,195.9499969482422,196.0,179.85000610351562,1.15,1.18,0.4577690942382813,False,NVDA,6.0,2.89,39721.0,28898.0,481633.3333333333,-0.5847750865051904,-0.07575024881556919,4330017000000.0,-58.47750865051904,8.008652160026161e-07
AVGO251128C00360000,360.0,6.55,卖 Call，看跌,-7.379412123302452,CALL,5254.0,5263.0,3441369.9999999995,0.00021783955664937172,3462.0,<=5M,2025-11-28,346.82000732421875,374.452392578125,366.0,376.0799865722656,345.17999267578125,6.5,6.7,0.545048494873047,False,AVGO,9.0,15.75,3462.0,5254.0,58377.77777777778,-0.584126984126984,-0.07379412123302452,1579772770810.0,-58.412698412698404,2.1783955664937173e-06
TSLA251205C00420000,420.0,10.05,卖 Call，看跌,-7.305593829631753,CALL,3424.0,4428.0,3441120.0000000005,0.00024224919529330777,1136.0,<=5M,2025-12-05,395.0450134277344,426.1799926757813,414.6300048828125,428.9400024414063,394.739990234375,10.4,10.5,0.6046792462158206,False,TSLA,1004.0,11.66,1136.0,3424.0,341.0358565737052,-0.13807890222984556,-0.07305593829631753,1420487690716.0,-13.807890222984556,2.4224919529330776e-06
AAPL251128P00265000,265.0,2.92,买 Put，看跌,-3.1113494078501254,PUT,11739.0,11741.0,3427787.9999999995,9.0416092037502e-05,7087.0,<=5M,2025-11-28,266.25,274.79998779296875,270.8099975585937,275.42999267578125,265.9200134277344,2.84,2.87,0.207893663330078,False,AAPL,2.0,1.34,7087.0,11739.0,586950.0,1.1791044776119401,-0.031113494078501253,3791126029400.0,117.91044776119402,9.041609203750201e-07
TSLA251121P00392500,392.5,3.67,买 Put，看跌,-7.305593829631753,PUT,9307.0,9316.0,3415669.0,0.00024045748670150914,2399.0,<=5M,2025-11-21,395.0450134277344,426.1799926757813,414.6300048828125,428.9400024414063,394.739990234375,3.8,3.85,0.4317683776855469,False,TSLA,9.0,0.98,2399.0,9307.0,103411.11111111111,2.7448979591836733,-0.07305593829631753,1420487690716.0,274.48979591836735,2.4045748670150914e-06
GOOGL251219P00265000,265.0,3.67,买 Put，看跌,-4.674859563054237,PUT,9265.0,9275.0,3400255.0000000005,0.00011403919211625964,3167.0,<=5M,2025-12-19,289.45001220703125,303.6449890136719,304.5450134277344,306.4100036621094,288.6700134277344,3.55,3.7,0.3861145373535155,False,GOOGL,10.0,1.7,3167.0,9265.0,92650.0,1.1588235294117648,-0.046748595630542365,2981654760000.0,115.88235294117648,1.1403919211625964e-06
AAPL251128P00272500,272.5,6.38,买 Put，看跌,-3.1113494078501254,PUT,5311.0,5313.0,3388418.0,8.93776142951456e-05,1138.0,<=5M,2025-11-28,266.25,274.79998779296875,270.8099975585937,275.42999267578125,265.9200134277344,6.6,6.7,0.1407556628417968,True,AAPL,2.0,3.9,1138.0,5311.0,265550.0,0.6358974358974359,-0.031113494078501253,3791126029400.0,63.589743589743584,8.93776142951456e-07
TSLA251121C00412500,412.5,2.01,卖 Call，看跌,-7.305593829631753,CALL,16763.0,16973.0,3369362.9999999995,0.00023719762036809096,5355.0,<=5M,2025-11-21,395.0450134277344,426.1799926757813,414.6300048828125,428.9400024414063,394.739990234375,1.99,2.01,0.6555210229492189,False,TSLA,210.0,8.6,5355.0,16763.0,7982.380952380953,-0.7662790697674419,-0.07305593829631753,1420487690716.0,-76.62790697674419,2.3719762036809095e-06
TSLA251121C00417500,417.5,1.09,卖 Call，看跌,-7.305593829631753,CALL,30738.0,31208.0,3350442.0000000005,0.00023586561304950152,8175.0,<=5M,2025-11-21,395.0450134277344,426.1799926757813,414.6300048828125,428.9400024414063,394.739990234375,1.07,1.1,0.6284216845703126,False,TSLA,470.0,5.7,8175.0,30738.0,6540.000000000001,-0.8087719298245615,-0.07305593829631753,1420487690716.0,-80.87719298245615,2.3586561304950152e-06
MU251121P00212500,212.5,11.0,买 Put，看跌,-9.956200737941113,PUT,3030.0,3036.0,3333000.0,0.0018936983038224074,1266.0,<=5M,2025-11-21,201.3699951171875,223.63560485839844,230.2350006103516,230.59800720214844,199.6000061035156,11.05,11.8,0.5205126074218749,True,MU,6.0,0.78,1266.0,3030.0,50500.0,13.102564102564102,-0.09956200737941114,176004804634.0,1310.2564102564102,1.8936983038224075e-05
CRCL251219P00065000,65.0,5.5,买 Put，看跌,-2.6277639097605845,PUT,6030.0,6033.0,3316500.0,0.011383195372189446,6976.0,<=5M,2025-12-19,66.94000244140625,68.74649810791016,71.29000091552734,71.40499877929688,64.91999816894531,5.3,5.65,0.8500991552734375,False,CRCL,3.0,4.82,6976.0,6030.0,201000.0,0.1410788381742738,-0.026277639097605845,29135052958.0,14.10788381742738,0.00011383195372189446
AAPL251121P00267500,267.5,1.94,买 Put，看跌,-3.1113494078501254,PUT,17094.0,17234.0,3316236.0,8.747364171707163e-05,10647.0,<=5M,2025-11-21,266.25,274.79998779296875,270.8099975585937,275.42999267578125,265.9200134277344,1.9,1.95,0.1555260229492187,True,AAPL,140.0,0.6,10647.0,17094.0,12210.0,2.2333333333333334,-0.031113494078501253,3791126029400.0,223.33333333333334,8.747364171707163e-07
ORCL251212P00205000,205.0,10.5,买 Put，看跌,-8.300608383544402,PUT,3153.0,3174.0,3310650.0,0.0004109993359122227,3405.0,<=5M,2025-12-12,210.4501037597656,229.5,231.16000366210935,233.97999572753903,210.44000244140625,10.05,10.8,0.6274451318359376,False,ORCL,21.0,6.99,3405.0,3153.0,15014.285714285714,0.502145922746781,-0.08300608383544403,805512250440.0,50.214592274678104,4.109993359122227e-06
GOOGL251219C00295000,295.0,10.74,卖 Call，看跌,-4.674859563054237,CALL,3081.0,3087.0,3308994.0,0.0001109784420514198,3251.0,<=5M,2025-12-19,289.45001220703125,303.6449890136719,304.5450134277344,306.4100036621094,288.6700134277344,11.1,11.2,0.4130307720947265,False,GOOGL,6.0,16.7,3251.0,3081.0,51350.0,-0.3568862275449101,-0.046748595630542365,2981654760000.0,-35.688622754491014,1.1097844205141979e-06
GOOGL251121C00285000,285.0,7.85,卖 Call，看跌,-4.674859563054237,CALL,4215.0,4217.0,3308775.0,0.00011097109713667856,12085.0,<=5M,2025-11-21,289.45001220703125,303.6449890136719,304.5450134277344,306.4100036621094,288.6700134277344,7.7,7.85,0.619388571777344,True,GOOGL,2.0,19.19,12085.0,4215.0,210750.0,-0.5909327774882752,-0.046748595630542365,2981654760000.0,-59.093277748827525,1.1097109713667856e-06
RBLX260220P00090000,90.0,9.68,买 Put，看跌,-4.389988547952827,PUT,3377.0,3423.0,3268936.0,0.00349133798589222,209.0,<=5M,2026-02-20,91.69000244140624,95.9000015258789,98.12999725341795,98.51499938964844,91.36000061035156,9.8,10.1,0.5911906115722658,False,RBLX,46.0,8.17,209.0,3377.0,7341.304347826088,0.1848225214198286,-0.04389988547952827,93629892414.0,18.482252141982862,3.49133798589222e-05
AAPL260320P00250000,250.0,8.9,买 Put，看跌,-3.1113494078501254,PUT,3652.0,4260.0,3250280.0000000005,8.573389475301627e-05,22282.0,<=5M,2026-03-20,266.25,274.79998779296875,270.8099975585937,275.42999267578125,265.9200134277344,8.8,8.95,0.2662121719360352,False,AAPL,608.0,8.05,22282.0,3652.0,600.6578947368421,0.10559006211180119,-0.031113494078501253,3791126029400.0,10.559006211180119,8.573389475301627e-07
HOOD260116C00110000,110.0,11.0,卖 Call，看跌,-11.769155830924458,CALL,2945.0,3810.0,3239500.0,0.0030144117615375277,4103.0,<=5M,2026-01-16,106.20999908447266,120.37740325927734,121.64199829101562,122.62999725341795,105.23999786376952,11.0,11.4,0.7595238891601563,False,HOOD,865.0,18.25,4103.0,2945.0,340.46242774566474,-0.3972602739726027,-0.11769155830924458,107467070071.0,-39.726027397260275,3.0144117615375275e-05
AMD251219C00230000,230.0,7.15,卖 Call，看跌,-10.375425828224293,CALL,4497.0,4513.0,3215355.0000000005,0.001242511676387545,9869.0,<=5M,2025-12-19,206.0200042724609,229.8699951171875,232.63999938964844,234.25,204.52999877929688,7.0,7.25,0.6594272338867189,False,AMD,16.0,17.5,9869.0,4497.0,28106.25,-0.5914285714285714,-0.10375425828224293,258778654648.0,-59.14285714285714,1.242511676387545e-05
AAPL251219C00270000,270.0,7.0,卖 Call，看跌,-3.1113494078501254,CALL,4572.0,4590.0,3200400.0,8.441819066897413e-05,29012.0,<=5M,2025-12-19,266.25,274.79998779296875,270.8099975585937,275.42999267578125,265.9200134277344,7.0,7.05,0.2869334002685546,False,AAPL,18.0,8.45,29012.0,4572.0,25400.0,-0.1715976331360946,-0.031113494078501253,3791126029400.0,-17.15976331360946,8.441819066897413e-07
PLTR251121C00160000,160.0,1.77,卖 Call，看跌,-10.010407045615729,CALL,17994.0,19423.0,3184938.0,0.0007560560849406283,23626.0,<=5M,2025-11-21,155.7449951171875,173.07000732421875,172.10499572753906,174.57000732421875,154.39999389648438,1.77,1.78,0.7504907763671875,False,PLTR,1429.0,7.65,23626.0,17994.0,1259.2022393282016,-0.7686274509803922,-0.10010407045615728,421256843697.0,-76.86274509803923,7.560560849406283e-06
TSLA251121C00430000,430.0,0.24,卖 Call，看跌,-7.305593829631753,CALL,131674.0,132415.0,3160176.0,0.00022247119919829126,21519.0,<=5M,2025-11-21,395.0450134277344,426.1799926757813,414.6300048828125,428.9400024414063,394.739990234375,0.23,0.24,0.6181678808593751,False,TSLA,741.0,1.74,21519.0,131674.0,17769.770580296896,-0.8620689655172414,-0.07305593829631753,1420487690716.0,-86.20689655172414,2.2247119919829127e-06
NVDA251121C00195000,195.0,0.12,卖 Call，看跌,-7.575024881556919,CALL,259309.0,261623.0,3111708.0,7.186364395336092e-05,87038.0,<=5M,2025-11-21,180.63999938964844,195.44500732421875,195.9499969482422,196.0,179.85000610351562,0.12,0.13,0.5839885351562499,False,NVDA,2314.0,3.4,87038.0,259309.0,11206.093344857389,-0.9647058823529412,-0.07575024881556919,4330017000000.0,-96.47058823529412,7.186364395336092e-07
CRWV251128P00080000,80.0,9.65,买 Put，看跌,-13.832172127196218,PUT,3204.0,3216.0,3091860.0,0.0052587302590835945,3656.0,<=5M,2025-11-28,69.20999908447266,80.31999969482422,82.5999984741211,83.48999786376953,68.95010375976562,9.35,10.05,1.0000000000000004e-05,True,CRWV,12.0,3.61,3656.0,3204.0,26700.0,1.6731301939058174,-0.13832172127196218,58794801172.0,167.31301939058173,5.258730259083595e-05
NVDA251212C00185000,185.0,8.0,卖 Call，看跌,-7.575024881556919,CALL,3857.0,3881.0,3085600.0,7.126069020052346e-05,6051.0,<=5M,2025-12-12,180.63999938964844,195.44500732421875,195.9499969482422,196.0,179.85000610351562,7.95,8.05,0.5482222912597658,False,NVDA,24.0,15.4,6051.0,3857.0,16070.833333333334,-0.4805194805194805,-0.07575024881556919,4330017000000.0,-48.05194805194805,7.126069020052346e-07
RKT260515C00017000,17.0,2.78,卖 Call，看跌,-8.032405730224422,CALL,11078.0,11122.0,3079683.9999999995,0.007500598603399964,3488.0,<=5M,2026-05-15,16.172500610351562,17.584999084472656,17.1200008392334,17.78499984741211,16.065000534057617,2.64,2.97,0.7016631396484375,False,RKT,44.0,3.05,3488.0,11078.0,25177.272727272728,-0.08852459016393444,-0.08032405730224422,41059176245.0,-8.852459016393443,7.500598603399964e-05
AMZN251121P00227500,227.5,8.5,买 Put，看跌,-4.085869528220402,PUT,3611.0,3615.0,3069350.0,0.0001309486317236773,4003.0,<=5M,2025-11-21,217.13999938964844,226.38999938964844,227.13999938964844,227.41000366210935,216.7400054931641,8.3,8.5,1.0000000000000004e-05,True,AMZN,4.0,2.99,4003.0,3611.0,90275.0,1.8428093645484949,-0.040858695282204024,2343934380679.0,184.2809364548495,1.309486317236773e-06
TSLA251219C00470000,470.0,5.6,卖 Call，看跌,-7.305593829631753,CALL,5454.0,5513.0,3054240.0,0.00021501347881870795,8742.0,<=5M,2025-12-19,395.0450134277344,426.1799926757813,414.6300048828125,428.9400024414063,394.739990234375,5.7,5.8,0.5899088861083985,False,TSLA,59.0,7.67,8742.0,5454.0,9244.067796610168,-0.2698826597131682,-0.07305593829631753,1420487690716.0,-26.98826597131682,2.1501347881870795e-06
AMZN251219C00230000,230.0,4.5,卖 Call，看跌,-4.085869528220402,CALL,6761.0,6769.0,3042450.0,0.00012980098867437797,21112.0,<=5M,2025-12-19,217.13999938964844,226.38999938964844,227.13999938964844,227.41000366210935,216.7400054931641,4.45,4.5,0.3752503881835937,False,AMZN,8.0,7.3,21112.0,6761.0,84512.5,-0.3835616438356164,-0.040858695282204024,2343934380679.0,-38.35616438356164,1.2980098867437796e-06
BABA251128P00157500,157.5,8.0,买 Put，看跌,-4.220559046554988,PUT,3766.0,3767.0,3012800.0,0.0007589141823784648,18924.0,<=5M,2025-11-28,153.2949981689453,160.0500030517578,159.0,161.38999938964844,153.0,7.85,8.2,0.5847209497070311,True,BABA,1.0,5.03,18924.0,3766.0,376600.0,0.5904572564612325,-0.042205590465549885,396988232656.0,59.045725646123245,7.589141823784648e-06
TSLA251128C00412500,412.5,8.21,卖 Call，看跌,-7.305593829631753,CALL,3618.0,3620.0,2970378.0000000005,0.00020910973177830036,1428.0,<=5M,2025-11-28,395.0450134277344,426.1799926757813,414.6300048828125,428.9400024414063,394.739990234375,8.2,8.3,0.6104775280761721,False,TSLA,2.0,14.1,1428.0,3618.0,180900.0,-0.41773049645390065,-0.07305593829631753,1420487690716.0,-41.77304964539007,2.0910973177830037e-06
TSLA251128C00417500,417.5,6.12,卖 Call，看跌,-7.305593829631753,CALL,4824.0,4826.0,2952288.0,0.00020783622549463225,1532.0,<=5M,2025-11-28,395.0450134277344,426.1799926757813,414.6300048828125,428.9400024414063,394.739990234375,6.55,6.6,0.5993082061767578,False,TSLA,2.0,11.55,1532.0,4824.0,241200.0,-0.4701298701298702,-0.07305593829631753,1420487690716.0,-47.01298701298702,2.0783622549463225e-06
GME251212P00023000,23.0,3.55,买 Put，看跌,-2.6829231076124236,PUT,8106.0,8148.0,2877630.0,0.024330305294520398,287.0,<=5M,2025-12-12,19.950000762939453,20.5,20.549999237060547,20.667499542236328,19.93000030517578,3.15,3.55,0.6015664843750002,True,GME,42.0,3.1,287.0,8106.0,19300.0,0.14516129032258054,-0.026829231076124237,11827348507.0,14.516129032258055,0.00024330305294520396
GOOGL251121C00290000,290.0,4.29,卖 Call，看跌,-4.674859563054237,CALL,6617.0,6696.0,2838693.0,9.520528795225105e-05,12889.0,<=5M,2025-11-21,289.45001220703125,303.6449890136719,304.5450134277344,306.4100036621094,288.6700134277344,4.1,4.25,0.5195360546875,False,GOOGL,79.0,14.43,12889.0,6617.0,8375.949367088608,-0.7027027027027027,-0.046748595630542365,2981654760000.0,-70.27027027027027,9.520528795225105e-07
AMZN251128P00220000,220.0,5.05,买 Put，看跌,-4.085869528220402,PUT,5617.0,5623.0,2836585.0,0.00012101810628240741,4051.0,<=5M,2025-11-28,217.13999938964844,226.38999938964844,227.13999938964844,227.41000366210935,216.7400054931641,4.75,4.85,0.2352371398925781,True,AMZN,6.0,1.9,4051.0,5617.0,93616.66666666666,1.6578947368421053,-0.040858695282204024,2343934380679.0,165.78947368421052,1.2101810628240741e-06
NVDA251219C00205000,205.0,2.57,卖 Call，看跌,-7.575024881556919,CALL,10995.0,11021.0,2825715.0,6.52587507162212e-05,76848.0,<=5M,2025-12-19,180.63999938964844,195.44500732421875,195.9499969482422,196.0,179.85000610351562,2.55,2.57,0.4804739453125,False,NVDA,26.0,6.05,76848.0,10995.0,42288.46153846154,-0.575206611570248,-0.07575024881556919,4330017000000.0,-57.5206611570248,6.525875071622121e-07
NVDA251212C00200000,200.0,2.71,卖 Call，看跌,-7.575024881556919,CALL,10413.0,10418.0,2821923.0,6.517117600231131e-05,36139.0,<=5M,2025-12-12,180.63999938964844,195.44500732421875,195.9499969482422,196.0,179.85000610351562,2.68,2.73,0.4942677526855469,False,NVDA,5.0,7.02,36139.0,10413.0,208260.0,-0.613960113960114,-0.07575024881556919,4330017000000.0,-61.396011396011396,6.51711760023113e-07
MU251219C00240000,240.0,6.72,卖 Call，看跌,-9.956200737941113,CALL,4158.0,4162.0,2794176.0,0.001587556661200504,10550.0,<=5M,2025-12-19,201.3699951171875,223.63560485839844,230.2350006103516,230.59800720214844,199.6000061035156,6.35,6.85,0.8097553204345702,False,MU,4.0,16.7,10550.0,4158.0,103950.0,-0.5976047904191617,-0.09956200737941114,176004804634.0,-59.76047904191617,1.587556661200504e-05
AAPL251128P00267500,267.5,3.89,买 Put，看跌,-3.1113494078501254,PUT,7136.0,7139.0,2775904.0,7.322109522271214e-05,2710.0,<=5M,2025-11-28,266.25,274.79998779296875,270.8099975585937,275.42999267578125,265.9200134277344,3.8,3.9,0.1936115795898437,True,AAPL,3.0,1.75,2710.0,7136.0,237866.66666666666,1.2228571428571429,-0.031113494078501253,3791126029400.0,122.28571428571429,7.322109522271215e-07
ORCL251121P00225000,225.0,11.17,买 Put，看跌,-8.300608383544402,PUT,2473.0,4426.0,2762341.0,0.0003429297317937883,1704.0,<=5M,2025-11-21,210.4501037597656,229.5,231.16000366210935,233.97999572753903,210.44000244140625,10.55,11.2,1.0000000000000004e-05,True,ORCL,1953.0,5.02,1704.0,2473.0,126.62570404505888,1.2250996015936257,-0.08300608383544403,805512250440.0,122.50996015936258,3.4292973179378826e-06
TSLA260116P00300000,300.0,5.75,买 Put，看跌,-7.305593829631753,PUT,4791.0,4805.0,2754825.0,0.00019393515466588975,20644.0,<=5M,2026-01-16,395.0450134277344,426.1799926757813,414.6300048828125,428.9400024414063,394.739990234375,5.5,5.6,0.6163978790283204,False,TSLA,14.0,3.7,20644.0,4791.0,34221.42857142857,0.554054054054054,-0.07305593829631753,1420487690716.0,55.405405405405396,1.9393515466588974e-06
PLTR260116P00130000,130.0,5.2,买 Put，看跌,-10.010407045615729,PUT,5263.0,5267.0,2736760.0,0.0006496654098202584,8617.0,<=5M,2026-01-16,155.7449951171875,173.07000732421875,172.10499572753906,174.57000732421875,154.39999389648438,5.0,5.15,0.6391027301025392,False,PLTR,4.0,2.3,8617.0,5263.0,131575.0,1.2608695652173916,-0.10010407045615728,421256843697.0,126.08695652173915,6.496654098202583e-06
NVDA260220C00220000,220.0,5.2,卖 Call，看跌,-7.575024881556919,CALL,5158.0,5241.0,2682160.0,6.194340576491963e-05,24313.0,<=5M,2026-02-20,180.63999938964844,195.44500732421875,195.9499969482422,196.0,179.85000610351562,5.15,5.2,0.464299790649414,False,NVDA,83.0,8.85,24313.0,5158.0,6214.457831325301,-0.4124293785310734,-0.07575024881556919,4330017000000.0,-41.24293785310734,6.194340576491963e-07
AMD251219C00220000,220.0,10.55,卖 Call，看跌,-10.375425828224293,CALL,2514.0,3295.0,2652270.0,0.001024918381930578,9412.0,<=5M,2025-12-19,206.0200042724609,229.8699951171875,232.63999938964844,234.25,204.52999877929688,10.35,10.55,0.678836219482422,False,AMD,781.0,17.75,9412.0,2514.0,321.8950064020487,-0.40563380281690137,-0.10375425828224293,258778654648.0,-40.56338028169014,1.024918381930578e-05
AMD251128P00190000,190.0,2.09,买 Put，看跌,-10.375425828224293,PUT,12608.0,13215.0,2635071.9999999995,0.0010182725478592193,1033.0,<=5M,2025-11-28,206.0200042724609,229.8699951171875,232.63999938964844,234.25,204.52999877929688,2.05,2.12,0.6081582153320313,False,AMD,607.0,0.96,1033.0,12608.0,2077.1004942339373,1.1770833333333333,-0.10375425828224293,258778654648.0,117.70833333333333,1.0182725478592192e-05
AMD251128P00215000,215.0,10.65,买 Put，看跌,-10.375425828224293,PUT,2455.0,4457.0,2614575.0,0.001010351879120957,2442.0,<=5M,2025-11-28,206.0200042724609,229.8699951171875,232.63999938964844,234.25,204.52999877929688,11.1,11.2,0.4250545776367188,True,AMD,2002.0,5.29,2442.0,2455.0,122.62737262737262,1.0132325141776939,-0.10375425828224293,258778654648.0,101.32325141776938,1.0103518791209571e-05
MSFT251121P00480000,480.0,4.42,买 Put，看跌,-2.9868624537565696,PUT,5883.0,5888.0,2600286.0,6.83967694781419e-05,8202.0,<=5M,2025-11-21,478.4299926757813,493.1600036621094,492.7099914550781,493.5700073242188,476.05999755859375,4.25,4.5,0.258796474609375,True,MSFT,5.0,0.86,8202.0,5883.0,117659.99999999999,4.1395348837209305,-0.029868624537565697,3801767276203.0,413.95348837209303,6.83967694781419e-07
NVDA260220P00145000,145.0,3.95,买 Put，看跌,-7.575024881556919,PUT,6561.0,6644.0,2591595.0,5.985184353779673e-05,10612.0,<=5M,2026-02-20,180.63999938964844,195.44500732421875,195.9499969482422,196.0,179.85000610351562,3.85,3.95,0.4837698107910156,False,NVDA,83.0,1.91,10612.0,6561.0,7904.819277108433,1.068062827225131,-0.07575024881556919,4330017000000.0,106.80628272251309,5.985184353779673e-07
PLTR251219P00165000,165.0,14.97,买 Put，看跌,-10.010407045615729,PUT,1731.0,3451.0,2591307.0,0.0006151370686962335,10105.0,<=5M,2025-12-19,155.7449951171875,173.07000732421875,172.10499572753906,174.57000732421875,154.39999389648438,15.0,15.3,0.5371140039062501,True,PLTR,1720.0,10.79,10105.0,1731.0,100.63953488372093,0.38739573679332734,-0.10010407045615728,421256843697.0,38.739573679332736,6.151370686962335e-06
COIN251121P00240000,240.0,4.27,买 Put，看跌,-6.585602466016661,PUT,6033.0,6070.0,2576090.9999999995,0.0032074324243120123,4683.0,<=5M,2025-11-21,238.16000366210935,254.9499969482422,259.9800109863281,263.6300048828125,236.0,4.25,4.85,0.5034229345703125,True,COIN,37.0,0.7,4683.0,6033.0,16305.405405405407,5.1,-0.06585602466016661,80316298497.0,509.99999999999994,3.2074324243120124e-05
CRWV251128P00070000,70.0,3.66,买 Put，看跌,-13.832172127196218,PUT,6946.0,7244.0,2542236.0,0.004323912912917028,2105.0,<=5M,2025-11-28,69.20999908447266,80.31999969482422,82.5999984741211,83.48999786376953,68.95010375976562,3.55,3.7,0.7377955908203124,True,CRWV,298.0,1.03,2105.0,6946.0,2330.8724832214766,2.553398058252427,-0.13832172127196218,58794801172.0,255.3398058252427,4.323912912917028e-05
TSLA251128P00370000,370.0,4.15,买 Put，看跌,-7.305593829631753,PUT,6124.0,6127.0,2541460.0,0.00017891460915926496,3326.0,<=5M,2025-11-28,395.0450134277344,426.1799926757813,414.6300048828125,428.9400024414063,394.739990234375,4.15,4.2,0.5449264257812501,False,TSLA,3.0,1.58,3326.0,6124.0,204133.3333333333,1.6265822784810127,-0.07305593829631753,1420487690716.0,162.65822784810126,1.7891460915926496e-06
TSM251219C00300000,300.0,5.82,卖 Call，看跌,-5.083063746100935,CALL,4358.0,4365.0,2536356.0,0.00017889448673613108,17780.0,<=5M,2025-12-19,277.6700134277344,292.5400085449219,292.2099914550781,292.8500061035156,276.4100036621094,5.55,6.05,0.4411066632080078,False,TSM,7.0,9.74,17780.0,4358.0,62257.142857142855,-0.40246406570841886,-0.05083063746100935,1417794391697.0,-40.246406570841884,1.7889448673613107e-06
PLTR251128C00170000,170.0,1.67,卖 Call，看跌,-10.010407045615729,CALL,15063.0,15191.0,2515521.0,0.0005971466191322828,5902.0,<=5M,2025-11-28,155.7449951171875,173.07000732421875,172.10499572753906,174.57000732421875,154.39999389648438,1.68,1.74,0.6372106591796876,False,PLTR,128.0,7.2,5902.0,15063.0,11767.96875,-0.7680555555555556,-0.10010407045615728,421256843697.0,-76.80555555555556,5.971466191322827e-06
NVDA260320P00155000,155.0,8.0,买 Put，看跌,-7.575024881556919,PUT,3113.0,4344.0,2490400.0,5.7514785738716494e-05,19057.0,<=5M,2026-03-20,180.63999938964844,195.44500732421875,195.9499969482422,196.0,179.85000610351562,8.1,8.25,0.4766898034667969,False,NVDA,1231.0,7.15,19057.0,3113.0,252.8838342810723,0.11888111888111882,-0.07575024881556919,4330017000000.0,11.888111888111883,5.75147857387165e-07
AAPL260220P00220000,220.0,2.4,买 Put，看跌,-3.1113494078501254,PUT,10365.0,10734.0,2487600.0,6.561638892267842e-05,22107.0,<=5M,2026-02-20,266.25,274.79998779296875,270.8099975585937,275.42999267578125,265.9200134277344,2.35,2.41,0.3255682678222655,False,AAPL,369.0,1.99,22107.0,10365.0,2808.9430894308944,0.2060301507537688,-0.031113494078501253,3791126029400.0,20.60301507537688,6.561638892267842e-07
PLTR251128P00150000,150.0,3.43,买 Put，看跌,-10.010407045615729,PUT,7229.0,7234.0,2479547.0,0.0005886069359109283,3744.0,<=5M,2025-11-28,155.7449951171875,173.07000732421875,172.10499572753906,174.57000732421875,154.39999389648438,3.55,3.65,0.6313513427734375,False,PLTR,5.0,0.79,3744.0,7229.0,144580.0,3.3417721518987342,-0.10010407045615728,421256843697.0,334.17721518987344,5.886069359109282e-06
TSLA251205C00430000,430.0,7.5,卖 Call，看跌,-7.305593829631753,CALL,3282.0,3284.0,2461500.0,0.00017328555650906595,1518.0,<=5M,2025-12-05,395.0450134277344,426.1799926757813,414.6300048828125,428.9400024414063,394.739990234375,7.5,7.6,0.5941813043212891,False,TSLA,2.0,11.4,1518.0,3282.0,164100.0,-0.34210526315789475,-0.07305593829631753,1420487690716.0,-34.21052631578947,1.7328555650906594e-06
IREN251121P00048000,48.0,3.45,买 Put，看跌,-17.761570908868368,PUT,7113.0,7121.0,2453985.0,0.021554349545670915,3096.0,<=5M,2025-11-21,43.470001220703125,52.85850143432617,49.084999084472656,54.060001373291016,43.20000076293945,3.5,3.75,1.0000000000000004e-05,True,IREN,8.0,0.97,3096.0,7113.0,88912.5,2.5567010309278357,-0.17761570908868368,11385103479.0,255.67010309278356,0.00021554349545670914
HOOD251219P00105000,105.0,7.65,买 Put，看跌,-11.769155830924458,PUT,3203.0,3207.0,2450295.0,0.002280042619921777,4131.0,<=5M,2025-12-19,106.20999908447266,120.37740325927734,121.64199829101562,122.62999725341795,105.23999786376952,7.6,8.05,0.6980010668945313,False,HOOD,4.0,3.27,4131.0,3203.0,80075.0,1.3394495412844039,-0.11769155830924458,107467070071.0,133.94495412844037,2.280042619921777e-05
TSLA251121C00422500,422.5,0.56,卖 Call，看跌,-7.305593829631753,CALL,43670.0,43832.0,2445520.0,0.00017216059075931381,11114.0,<=5M,2025-11-21,395.0450134277344,426.1799926757813,414.6300048828125,428.9400024414063,394.739990234375,0.57,0.59,0.6162147753906251,False,TSLA,162.0,3.82,11114.0,43670.0,26956.79012345679,-0.8534031413612565,-0.07305593829631753,1420487690716.0,-85.34031413612566,1.721605907593138e-06
NVDA260116C00220000,220.0,2.57,卖 Call，看跌,-7.575024881556919,CALL,9483.0,9571.0,2437131.0,5.628455962182134e-05,35370.0,<=5M,2026-01-16,180.63999938964844,195.44500732421875,195.9499969482422,196.0,179.85000610351562,2.52,2.57,0.4566704724121094,False,NVDA,88.0,5.21,35370.0,9483.0,10776.136363636364,-0.506717850287908,-0.07575024881556919,4330017000000.0,-50.671785028790794,5.628455962182134e-07
AMD251128P00205000,205.0,5.85,买 Put，看跌,-10.375425828224293,PUT,4157.0,4160.0,2431844.9999999995,0.000939739409074478,1694.0,<=5M,2025-11-28,206.0200042724609,229.8699951171875,232.63999938964844,234.25,204.52999877929688,6.15,6.3,0.522343643798828,False,AMD,3.0,0.85,1694.0,4157.0,138566.6666666667,5.882352941176471,-0.10375425828224293,258778654648.0,588.2352941176471,9.39739409074478e-06
NVDA251219P00172000,172.0,5.97,买 Put，看跌,-7.575024881556919,PUT,4056.0,4058.0,2421432.0,5.592199753488266e-05,5778.0,<=5M,2025-12-19,180.63999938964844,195.44500732421875,195.9499969482422,196.0,179.85000610351562,5.85,5.95,0.4796194616699218,False,NVDA,2.0,2.17,5778.0,4056.0,202800.0,1.7511520737327189,-0.07575024881556919,4330017000000.0,175.1152073732719,5.592199753488266e-07
AMZN260116C00250000,250.0,2.54,卖 Call，看跌,-4.085869528220402,CALL,9487.0,9500.0,2409698.0,0.00010280569370299307,47000.0,<=5M,2026-01-16,217.13999938964844,226.38999938964844,227.13999938964844,227.41000366210935,216.7400054931641,2.51,2.55,0.3453434606933593,False,AMZN,13.0,3.85,47000.0,9487.0,72976.92307692308,-0.34025974025974026,-0.040858695282204024,2343934380679.0,-34.02597402597402,1.0280569370299307e-06
NVDA251226C00200000,200.0,4.3,卖 Call，看跌,-7.575024881556919,CALL,5559.0,5576.0,2390370.0,5.520463314578211e-05,4710.0,<=5M,2025-12-26,180.63999938964844,195.44500732421875,195.9499969482422,196.0,179.85000610351562,4.3,4.4,0.4807180834960937,False,NVDA,17.0,8.95,4710.0,5559.0,32700.0,-0.5195530726256983,-0.07575024881556919,4330017000000.0,-51.955307262569825,5.520463314578211e-07
PLTR251128C00165000,165.0,3.11,卖 Call，看跌,-10.010407045615729,CALL,7684.0,10995.0,2389724.0,0.0005672843149626957,1237.0,<=5M,2025-11-28,155.7449951171875,173.07000732421875,172.10499572753906,174.57000732421875,154.39999389648438,2.99,3.1,0.6650424121093752,False,PLTR,3311.0,6.75,1237.0,7684.0,232.0749018423437,-0.5392592592592593,-0.10010407045615728,421256843697.0,-53.92592592592593,5.672843149626957e-06
GOOGL251121P00285000,285.0,1.0,买 Put，看跌,-4.674859563054237,PUT,23880.0,24557.0,2388000.0,8.008975526059899e-05,18534.0,<=5M,2025-11-21,289.45001220703125,303.6449890136719,304.5450134277344,306.4100036621094,288.6700134277344,1.0,1.03,0.3171455004882812,False,GOOGL,677.0,0.17,18534.0,23880.0,3527.326440177253,4.88235294117647,-0.046748595630542365,2981654760000.0,488.235294117647,8.008975526059899e-07
TSLA251128C00450000,450.0,1.16,卖 Call，看跌,-7.305593829631753,CALL,20122.0,20134.0,2334151.9999999995,0.0001643204665028435,6587.0,<=5M,2025-11-28,395.0450134277344,426.1799926757813,414.6300048828125,428.9400024414063,394.739990234375,1.17,1.19,0.5651898950195313,False,TSLA,12.0,2.22,6587.0,20122.0,167683.3333333333,-0.47747747747747754,-0.07305593829631753,1420487690716.0,-47.74774774774775,1.6432046650284348e-06
TSLA251121P00387500,387.5,2.53,买 Put，看跌,-7.305593829631753,PUT,9219.0,9245.0,2332407.0,0.00016419762136934428,1826.0,<=5M,2025-11-21,395.0450134277344,426.1799926757813,414.6300048828125,428.9400024414063,394.739990234375,2.53,2.55,0.4780325634765625,False,TSLA,26.0,0.65,1826.0,9219.0,35457.69230769231,2.8923076923076922,-0.07305593829631753,1420487690716.0,289.2307692307692,1.641976213693443e-06
NVDA251212C00190000,190.0,5.76,卖 Call，看跌,-7.575024881556919,CALL,4007.0,4029.0,2308032.0,5.330307017270371e-05,4387.0,<=5M,2025-12-12,180.63999938964844,195.44500732421875,195.9499969482422,196.0,179.85000610351562,5.65,5.75,0.521367091064453,False,NVDA,22.0,12.35,4387.0,4007.0,18213.636363636364,-0.5336032388663967,-0.07575024881556919,4330017000000.0,-53.36032388663967,5.330307017270371e-07
GOOGL251128C00310000,310.0,1.02,卖 Call，看跌,-4.674859563054237,CALL,22542.0,22545.0,2299284.0,7.711436048350548e-05,8665.0,<=5M,2025-11-28,289.45001220703125,303.6449890136719,304.5450134277344,306.4100036621094,288.6700134277344,1.02,1.05,0.3735414208984374,False,GOOGL,3.0,3.88,8665.0,22542.0,751400.0,-0.7371134020618556,-0.046748595630542365,2981654760000.0,-73.71134020618555,7.711436048350547e-07
NVDA260220P00180000,180.0,14.96,买 Put，看跌,-7.575024881556919,PUT,1521.0,3213.0,2275416.0,5.254981677901033e-05,18719.0,<=5M,2026-02-20,180.63999938964844,195.44500732421875,195.9499969482422,196.0,179.85000610351562,14.65,14.75,0.4157773266601562,False,NVDA,1692.0,13.62,18719.0,1521.0,89.8936170212766,0.0983847283406756,-0.07575024881556919,4330017000000.0,9.838472834067561,5.254981677901033e-07
TSLA251128C00422500,422.5,5.05,卖 Call，看跌,-7.305593829631753,CALL,4472.0,4474.0,2258360.0,0.00015898483420589648,758.0,<=5M,2025-11-28,395.0450134277344,426.1799926757813,414.6300048828125,428.9400024414063,394.739990234375,5.0,5.1,0.5835002587890624,False,TSLA,2.0,9.24,758.0,4472.0,223600.0,-0.4534632034632035,-0.07305593829631753,1420487690716.0,-45.346320346320354,1.5898483420589647e-06
COIN251128C00255000,255.0,5.26,卖 Call，看跌,-6.585602466016661,CALL,4292.0,5288.0,2257592.0,0.00281087654965116,154.0,<=5M,2025-11-28,238.16000366210935,254.9499969482422,259.9800109863281,263.6300048828125,236.0,4.85,5.55,0.7614769946289064,False,COIN,996.0,12.55,154.0,4292.0,430.9236947791165,-0.5808764940239044,-0.06585602466016661,80316298497.0,-58.08764940239044,2.81087654965116e-05
PLTR251121P00157500,157.5,3.25,买 Put，看跌,-10.010407045615729,PUT,6921.0,12808.0,2249325.0,0.0005339557169587222,5713.0,<=5M,2025-11-21,155.7449951171875,173.07000732421875,172.10499572753906,174.57000732421875,154.39999389648438,3.2,3.35,0.5122119091796875,True,PLTR,5887.0,1.6,5713.0,6921.0,117.56412434177,1.0312499999999998,-0.10010407045615728,421256843697.0,103.12499999999997,5.339557169587222e-06
NVDA251219C00184000,184.0,9.7,卖 Call，看跌,-7.575024881556919,CALL,2316.0,3060.0,2246519.9999999995,5.1882475288203247e-05,6461.0,<=5M,2025-12-19,180.63999938964844,195.44500732421875,195.9499969482422,196.0,179.85000610351562,9.65,9.75,0.5424850439453126,False,NVDA,744.0,13.2,6461.0,2316.0,311.2903225806451,-0.26515151515151514,-0.07575024881556919,4330017000000.0,-26.515151515151516,5.188247528820325e-07
AAPL251219C00275000,275.0,4.69,卖 Call，看跌,-3.1113494078501254,CALL,4786.0,4788.0,2244634.0,5.920758061306776e-05,21938.0,<=5M,2025-12-19,266.25,274.79998779296875,270.8099975585937,275.42999267578125,265.9200134277344,4.75,4.85,0.2753368365478515,False,AAPL,2.0,5.85,21938.0,4786.0,239300.0,-0.19829059829059817,-0.031113494078501253,3791126029400.0,-19.829059829059815,5.920758061306776e-07
AMD251219P00200000,200.0,10.22,买 Put，看跌,-10.375425828224293,PUT,2194.0,4756.0,2242268.0,0.0008664810484659228,7479.0,<=5M,2025-12-19,206.0200042724609,229.8699951171875,232.63999938964844,234.25,204.52999877929688,10.3,10.5,0.5688519677734375,False,AMD,2562.0,6.25,7479.0,2194.0,85.63622170179546,0.6352000000000001,-0.10375425828224293,258778654648.0,63.52000000000001,8.664810484659228e-06
GOOGL251121C00295000,295.0,1.77,卖 Call，看跌,-4.674859563054237,CALL,12525.0,12559.0,2216925.0,7.435216946444865e-05,11773.0,<=5M,2025-11-21,289.45001220703125,303.6449890136719,304.5450134277344,306.4100036621094,288.6700134277344,1.77,1.79,0.4592339233398438,False,GOOGL,34.0,9.78,11773.0,12525.0,36838.23529411764,-0.8190184049079755,-0.046748595630542365,2981654760000.0,-81.90184049079755,7.435216946444866e-07
AMZN251121C00220000,220.0,1.84,卖 Call，看跌,-4.085869528220402,CALL,11991.0,11995.0,2206344.0,9.41299388833939e-05,21079.0,<=5M,2025-11-21,217.13999938964844,226.38999938964844,227.13999938964844,227.41000366210935,216.7400054931641,1.82,1.86,0.4773001489257812,False,AMZN,4.0,7.36,21079.0,11991.0,299775.0,-0.75,-0.040858695282204024,2343934380679.0,-75.0,9.41299388833939e-07
PLTR251128P00162500,162.5,8.6,买 Put，看跌,-10.010407045615729,PUT,2558.0,4498.0,2199880.0,0.0005222182221880581,2151.0,<=5M,2025-11-28,155.7449951171875,173.07000732421875,172.10499572753906,174.57000732421875,154.39999389648438,8.65,8.8,0.4682670361328125,True,PLTR,1940.0,5.1,2151.0,2558.0,131.8556701030928,0.6862745098039216,-0.10010407045615728,421256843697.0,68.62745098039215,5.222182221880581e-06
NVDA251121C00192500,192.5,0.24,卖 Call，看跌,-7.575024881556919,CALL,91419.0,91535.0,2194056.0,5.0670840322335914e-05,36396.0,<=5M,2025-11-21,180.63999938964844,195.44500732421875,195.9499969482422,196.0,179.85000610351562,0.23,0.24,0.5742230078125,False,NVDA,116.0,5.45,36396.0,91419.0,78809.48275862068,-0.9559633027522936,-0.07575024881556919,4330017000000.0,-95.59633027522936,5.067084032233591e-07
GOOGL251121P00287500,287.5,1.74,买 Put，看跌,-4.674859563054237,PUT,12565.0,12568.0,2186310.0,7.332539062973206e-05,8950.0,<=5M,2025-11-21,289.45001220703125,303.6449890136719,304.5450134277344,306.4100036621094,288.6700134277344,1.52,1.57,0.2841868457031249,False,GOOGL,3.0,0.25,8950.0,12565.0,418833.3333333333,5.96,-0.046748595630542365,2981654760000.0,596.0,7.332539062973206e-07
IREN251128C00050000,50.0,1.44,卖 Call，看跌,-17.761570908868368,CALL,15137.0,15462.0,2179728.0,0.019145438634093594,2397.0,<=5M,2025-11-28,43.470001220703125,52.85850143432617,49.084999084472656,54.060001373291016,43.20000076293945,1.33,1.47,1.3046909765624997,False,IREN,325.0,3.55,2397.0,15137.0,4657.538461538461,-0.5943661971830986,-0.17761570908868368,11385103479.0,-59.436619718309856,0.00019145438634093594
IONQ260116P00041000,41.0,6.17,买 Put，看跌,-16.23530609518069,PUT,3515.0,3537.0,2168755.0,0.01085938704393611,546.0,<=5M,2026-01-16,40.9900016784668,48.93470001220703,48.56999969482422,49.56999969482422,40.69499969482422,6.1,6.3,0.956055126953125,True,IONQ,22.0,3.57,546.0,3515.0,15977.272727272728,0.7282913165266107,-0.1623530609518069,19971246915.0,72.82913165266108,0.0001085938704393611
AAPL251121C00270000,270.0,0.86,卖 Call，看跌,-3.1113494078501254,CALL,25183.0,25212.0,2165738.0,5.7126510255918845e-05,27453.0,<=5M,2025-11-21,266.25,274.79998779296875,270.8099975585937,275.42999267578125,265.9200134277344,0.83,0.86,0.2849192602539062,False,AAPL,29.0,2.9,27453.0,25183.0,86837.93103448275,-0.703448275862069,-0.031113494078501253,3791126029400.0,-70.3448275862069,5.712651025591885e-07
SOFI251121P00027000,27.0,1.83,买 Put，看跌,-11.352314913708089,PUT,11813.0,12103.0,2161779.0,0.006452175309834252,28296.0,<=5M,2025-11-21,24.90999984741211,28.100000381469727,27.89800071716309,28.575000762939453,24.7450008392334,1.75,1.89,1.0000000000000004e-05,True,SOFI,290.0,0.26,28296.0,11813.0,4073.448275862069,6.038461538461538,-0.11352314913708088,33504653798.0,603.8461538461538,6.452175309834252e-05
BABA251128P00152500,152.5,5.35,买 Put，看跌,-4.220559046554988,PUT,4027.0,4103.0,2154444.9999999995,0.000542697446114701,417.0,<=5M,2025-11-28,153.2949981689453,160.0500030517578,159.0,161.38999938964844,153.0,5.1,5.35,0.5871623315429688,False,BABA,76.0,3.35,417.0,4027.0,5298.684210526316,0.5970149253731342,-0.042205590465549885,396988232656.0,59.70149253731341,5.4269744611470105e-06
INTC251219P00035000,35.0,2.75,买 Put，看跌,-6.925236513038202,PUT,7797.0,7798.0,2144175.0,0.0013799245093591018,22153.0,<=5M,2025-12-19,33.619998931884766,36.12149810791016,36.005001068115234,36.68000030517578,33.47999954223633,2.71,2.8,0.5073291455078125,True,INTC,1.0,1.69,22153.0,7797.0,779700.0,0.6272189349112427,-0.06925236513038202,155383500000.0,62.72189349112427,1.3799245093591018e-05
IREN251121P00045000,45.0,1.7,买 Put，看跌,-17.761570908868368,PUT,12509.0,13550.0,2126530.0,0.018678178937261463,8098.0,<=5M,2025-11-21,43.470001220703125,52.85850143432617,49.084999084472656,54.060001373291016,43.20000076293945,1.62,1.79,0.523442265625,True,IREN,1041.0,0.38,8098.0,12509.0,1201.6330451488952,3.4736842105263155,-0.17761570908868368,11385103479.0,347.36842105263156,0.00018678178937261462
TSLA251128C00435000,435.0,2.59,卖 Call，看跌,-7.305593829631753,CALL,8176.0,8181.0,2117584.0,0.00014907443505776717,2544.0,<=5M,2025-11-28,395.0450134277344,426.1799926757813,414.6300048828125,428.9400024414063,394.739990234375,2.65,2.69,0.570316796875,False,TSLA,5.0,5.0,2544.0,8176.0,163520.0,-0.48200000000000004,-0.07305593829631753,1420487690716.0,-48.2,1.4907443505776717e-06
MARA260320P00012000,12.0,3.12,买 Put，看跌,-11.68607559038772,PUT,6771.0,6808.0,2112552.0,0.03535364554448687,4100.0,<=5M,2026-03-20,10.239999771118164,11.595000267028809,11.479999542236328,11.739999771118164,10.210000038146973,3.1,3.2,0.8544936425781251,True,MARA,37.0,2.85,4100.0,6771.0,18300.0,0.09473684210526316,-0.11686075590387719,5975485604.0,9.473684210526317,0.00035353645544486867
HOOD251121P00110000,110.0,4.05,买 Put，看跌,-11.769155830924458,PUT,5196.0,5296.0,2104380.0,0.0019581626247088565,9992.0,<=5M,2025-11-21,106.20999908447266,120.37740325927734,121.64199829101562,122.62999725341795,105.23999786376952,4.1,4.4,0.543949873046875,True,HOOD,100.0,0.21,9992.0,5196.0,5196.0,18.285714285714285,-0.11769155830924458,107467070071.0,1828.5714285714284,1.9581626247088567e-05
AMZN251128C00225000,225.0,2.1,卖 Call，看跌,-4.085869528220402,CALL,9988.0,9991.0,2097480.0,8.94854402618726e-05,6322.0,<=5M,2025-11-28,217.13999938964844,226.38999938964844,227.13999938964844,227.41000366210935,216.7400054931641,2.11,2.12,0.3696352099609374,False,AMZN,3.0,5.6,6322.0,9988.0,332933.3333333334,-0.625,-0.040858695282204024,2343934380679.0,-62.5,8.94854402618726e-07
AMD251121P00200000,200.0,1.17,买 Put，看跌,-10.375425828224293,PUT,17821.0,18027.0,2085057.0,0.00080572990180978,13064.0,<=5M,2025-11-21,206.0200042724609,229.8699951171875,232.63999938964844,234.25,204.52999877929688,1.14,1.17,0.5566450585937501,False,AMD,206.0,0.06,13064.0,17821.0,8650.970873786408,18.5,-0.10375425828224293,258778654648.0,1850.0,8.0572990180978e-06
NVDA251205P00170000,170.0,3.4,买 Put，看跌,-7.575024881556919,PUT,6105.0,6123.0,2075700.0,4.793745613469878e-05,7152.0,<=5M,2025-12-05,180.63999938964844,195.44500732421875,195.9499969482422,196.0,179.85000610351562,3.15,3.25,0.5004932763671875,False,NVDA,18.0,0.81,7152.0,6105.0,33916.66666666667,3.1975308641975304,-0.07575024881556919,4330017000000.0,319.75308641975306,4.793745613469877e-07
AMZN251121P00215000,215.0,0.85,买 Put，看跌,-4.085869528220402,PUT,24161.0,24163.0,2053684.9999999998,8.761700058365458e-05,18336.0,<=5M,2025-11-21,217.13999938964844,226.38999938964844,227.13999938964844,227.41000366210935,216.7400054931641,0.86,0.89,0.2753978710937499,False,AMZN,2.0,0.28,18336.0,24161.0,1208050.0,2.035714285714285,-0.040858695282204024,2343934380679.0,203.57142857142853,8.761700058365458e-07
GOOGL251205C00300000,300.0,5.43,卖 Call，看跌,-4.674859563054237,CALL,3777.0,3808.0,2050911.0,6.878432162951019e-05,2337.0,<=5M,2025-12-05,289.45001220703125,303.6449890136719,304.5450134277344,306.4100036621094,288.6700134277344,5.45,5.55,0.4042417974853516,False,GOOGL,31.0,11.2,2337.0,3777.0,12183.870967741936,-0.5151785714285714,-0.046748595630542365,2981654760000.0,-51.51785714285714,6.878432162951019e-07
GOOGL251121C00300000,300.0,0.6,卖 Call，看跌,-4.674859563054237,CALL,34039.0,34186.0,2042339.9999999998,6.84968638018977e-05,29177.0,<=5M,2025-11-21,289.45001220703125,303.6449890136719,304.5450134277344,306.4100036621094,288.6700134277344,0.55,0.58,0.422857333984375,False,GOOGL,147.0,6.05,29177.0,34039.0,23155.78231292517,-0.9008264462809918,-0.046748595630542365,2981654760000.0,-90.08264462809919,6.84968638018977e-07
NVDA251121P00170000,170.0,0.28,买 Put，看跌,-7.575024881556919,PUT,72284.0,72928.0,2023952.0,4.674235690067729e-05,110828.0,<=5M,2025-11-21,180.63999938964844,195.44500732421875,195.9499969482422,196.0,179.85000610351562,0.29,0.3,0.5937540625000001,False,NVDA,644.0,0.06,110828.0,72284.0,11224.223602484471,3.6666666666666674,-0.07575024881556919,4330017000000.0,366.66666666666674,4.6742356900677294e-07
NVDA260220P00140000,140.0,3.2,买 Put，看跌,-7.575024881556919,PUT,6300.0,6342.0,2016000.0,4.655870866095907e-05,26046.0,<=5M,2026-02-20,180.63999938964844,195.44500732421875,195.9499969482422,196.0,179.85000610351562,3.1,3.2,0.4965870654296875,False,NVDA,42.0,1.54,26046.0,6300.0,15000.0,1.077922077922078,-0.07575024881556919,4330017000000.0,107.79220779220779,4.6558708660959065e-07
NVDA260102C00200000,200.0,5.1,卖 Call，看跌,-7.575024881556919,CALL,3930.0,3935.0,2004300.0,4.6288501869623145e-05,2607.0,<=5M,2026-01-02,180.63999938964844,195.44500732421875,195.9499969482422,196.0,179.85000610351562,5.0,5.1,0.4735770416259766,False,NVDA,5.0,9.8,2607.0,3930.0,78600.0,-0.47959183673469397,-0.07575024881556919,4330017000000.0,-47.9591836734694,4.6288501869623145e-07
