contractSymbol,strike,lastPrice_new,signal_type,stock_price_change_pct,option_type,volume_change_abs,volume_new,amount_threshold,amount_to_market_cap_pct,openInterest_new,amount_tier,expiry_date,股票价格(new),股票价格(old),股票价格(new open),股票价格(new high),股票价格(new low),bid,ask,impliedVolatility,inTheMoney,symbol,volume_old,lastPrice_old,openInterest_old,volume_change,volume_change_pct,option_price_change,stock_price_change,market_cap,option_price_change_pct,amount_to_market_cap
NVDA270115C00160000,160.0,42.35,卖 Call，看跌,-1.752170246429009,CALL,15677.0,15987.0,66392095.00000001,0.001533298714531606,90693.0,>50M,2027-01-15,174.1934051513672,177.3000030517578,179.44000244140625,179.57000732421875,171.91000366210938,42.25,42.3,0.5413253875732424,True,NVDA,310.0,45.95,90693.0,15677.0,5057.096774193548,-0.07834602829162135,-0.01752170246429009,4330017000000.0,-7.834602829162135,1.533298714531606e-05
MU260618C00370000,370.0,77.18,卖 Call，看跌,-5.665156357663355,CALL,7524.0,7525.0,58070232.00000001,0.032993549307222834,7357.0,>50M,2026-06-18,379.6600036621094,402.4599914550781,410.5050048828125,413.0,363.9010009765625,75.2,77.9,0.7951528053283692,True,MU,1.0,89.75,7357.0,7524.0,752400.0,-0.14005571030640662,-0.05665156357663354,176004804634.0,-14.005571030640663,0.00032993549307222834
GOOGL260220C00260000,260.0,73.5,卖 Call，看跌,-1.0807012620508851,CALL,5017.0,5022.0,36874950.0,0.0012367276887549517,7470.0,10M-50M,2026-02-20,333.0400085449219,336.6784973144531,342.9599914550781,343.3099975585937,328.5299987792969,73.85,75.7,0.8012715185546875,True,GOOGL,5.0,81.5,7470.0,5017.0,100340.0,-0.09815950920245399,-0.01080701262050885,2981654760000.0,-9.815950920245399,1.2367276887549517e-05
TSLA260206P00420000,420.0,14.33,买 Put，看跌,-2.8498285029292627,PUT,25152.0,25387.0,36042816.0,0.002537355039087494,5390.0,10M-50M,2026-02-06,406.010009765625,417.9200134277344,420.4599914550781,423.8999938964844,399.1799926757813,14.25,14.4,0.274421318359375,True,TSLA,235.0,7.05,5390.0,25152.0,10702.978723404256,1.0326241134751775,-0.028498285029292626,1420487690716.0,103.26241134751774,2.5373550390874938e-05
NVDA260618C00205000,205.0,10.1,卖 Call，看跌,-1.752170246429009,CALL,32311.0,32631.0,32634109.999999996,0.0007536716368550053,5987.0,10M-50M,2026-06-18,174.1934051513672,177.3000030517578,179.44000244140625,179.57000732421875,171.91000366210938,9.95,10.05,0.4837087762451172,False,NVDA,320.0,11.95,5987.0,32311.0,10097.1875,-0.15481171548117154,-0.01752170246429009,4330017000000.0,-15.481171548117153,7.536716368550053e-06
TSLA260204P00415000,415.0,7.25,买 Put，看跌,-2.8498285029292627,PUT,44228.0,44572.0,32065300.0,0.002257344446528601,5005.0,10M-50M,2026-02-04,406.010009765625,417.9200134277344,420.4599914550781,423.8999938964844,399.1799926757813,7.05,7.3,1.0000000000000004e-05,True,TSLA,344.0,1.8,5005.0,44228.0,12856.976744186048,3.0277777777777777,-0.028498285029292626,1420487690716.0,302.77777777777777,2.2573444465286013e-05
AMD260206P00210000,210.0,9.58,买 Put，看跌,-3.154179314350311,PUT,30791.0,34711.0,29497778.000000004,0.011398845101858937,5781.0,10M-50M,2026-02-06,200.19000244140625,206.7100067138672,215.44000244140625,218.5800018310547,199.1501007080078,10.25,10.4,0.4741263525390625,True,AMD,3920.0,4.35,5781.0,30791.0,785.484693877551,1.2022988505747128,-0.03154179314350311,258778654648.0,120.22988505747128,0.00011398845101858937
TSLA260204P00420000,420.0,12.08,买 Put，看跌,-2.8498285029292627,PUT,23705.0,24269.0,28635640.000000004,0.002015902016410022,3662.0,10M-50M,2026-02-04,406.010009765625,417.9200134277344,420.4599914550781,423.8999938964844,399.1799926757813,12.1,12.3,1.0000000000000004e-05,True,TSLA,564.0,4.1,3662.0,23705.0,4203.014184397163,1.9463414634146343,-0.028498285029292626,1420487690716.0,194.63414634146343,2.0159020164100222e-05
PLTR260206P00140000,140.0,5.0,买 Put，看跌,-2.3171247294061903,PUT,52543.0,52673.0,26271500.0,0.006236456544999531,10894.0,10M-50M,2026-02-06,139.5399932861328,142.85000610351562,155.36500549316406,155.85000610351562,135.67999267578125,4.95,5.05,0.94335994140625,True,PLTR,130.0,0.43,10894.0,52543.0,40417.692307692305,10.627906976744187,-0.023171247294061902,421256843697.0,1062.7906976744187,6.236456544999531e-05
NVDA260320C00130000,130.0,47.04,卖 Call，看跌,-1.752170246429009,CALL,4999.0,5039.0,23515296.0,0.0005430762973909802,30175.0,10M-50M,2026-03-20,174.1934051513672,177.3000030517578,179.44000244140625,179.57000732421875,171.91000366210938,46.75,46.9,0.7487818090820313,True,NVDA,40.0,51.94,30175.0,4999.0,12497.5,-0.09433962264150941,-0.01752170246429009,4330017000000.0,-9.433962264150942,5.430762973909802e-06
AMD260206P00220000,220.0,18.77,买 Put，看跌,-3.154179314350311,PUT,11851.0,13455.0,22244327.0,0.008595889421504849,17425.0,10M-50M,2026-02-06,200.19000244140625,206.7100067138672,215.44000244140625,218.5800018310547,199.1501007080078,18.6,18.65,1.0000000000000004e-05,True,AMD,1604.0,9.76,17425.0,11851.0,738.8403990024938,0.923155737704918,-0.03154179314350311,258778654648.0,92.3155737704918,8.595889421504849e-05
AMD260206P00217500,217.5,15.8,买 Put，看跌,-3.154179314350311,PUT,13992.0,15268.0,22107360.0,0.008542961176636159,15253.0,10M-50M,2026-02-06,200.19000244140625,206.7100067138672,215.44000244140625,218.5800018310547,199.1501007080078,16.45,16.8,1.0000000000000004e-05,True,AMD,1276.0,8.6,15253.0,13992.0,1096.551724137931,0.8372093023255816,-0.03154179314350311,258778654648.0,83.72093023255816,8.542961176636158e-05
TSLA260206P00415000,415.0,10.82,买 Put，看跌,-2.8498285029292627,PUT,20306.0,20378.0,21971092.0,0.001546728785022095,3897.0,10M-50M,2026-02-06,406.010009765625,417.9200134277344,420.4599914550781,423.8999938964844,399.1799926757813,10.7,10.85,0.3472965661621093,True,TSLA,72.0,5.3,3897.0,20306.0,28202.777777777777,1.0415094339622644,-0.028498285029292626,1420487690716.0,104.15094339622644,1.546728785022095e-05
TSLA260206P00430000,430.0,22.79,买 Put，看跌,-2.8498285029292627,PUT,9525.0,9526.0,21707475.0,0.001528170581264122,2857.0,10M-50M,2026-02-06,406.010009765625,417.9200134277344,420.4599914550781,423.8999938964844,399.1799926757813,22.75,22.95,1.0000000000000004e-05,True,TSLA,1.0,13.05,2857.0,9525.0,952500.0,0.7463601532567048,-0.028498285029292626,1420487690716.0,74.63601532567048,1.528170581264122e-05
TSLA260204P00417500,417.5,9.56,买 Put，看跌,-2.8498285029292627,PUT,21574.0,22409.0,20624744.0,0.0014519480974596868,1998.0,10M-50M,2026-02-04,406.010009765625,417.9200134277344,420.4599914550781,423.8999938964844,399.1799926757813,9.6,9.8,1.0000000000000004e-05,True,TSLA,835.0,3.05,1998.0,21574.0,2583.7125748502995,2.1344262295081973,-0.028498285029292626,1420487690716.0,213.44262295081973,1.4519480974596867e-05
TSLA260206C00410000,410.0,5.86,卖 Call，看跌,-2.8498285029292627,CALL,34537.0,34538.0,20238682.0,0.0014247699668413633,1595.0,10M-50M,2026-02-06,406.010009765625,417.9200134277344,420.4599914550781,423.8999938964844,399.1799926757813,5.85,5.9,0.5222215747070311,False,TSLA,1.0,13.1,1595.0,34537.0,3453700.0,-0.5526717557251908,-0.028498285029292626,1420487690716.0,-55.26717557251908,1.4247699668413632e-05
AMD260206P00230000,230.0,28.22,买 Put，看跌,-3.154179314350311,PUT,6905.0,7566.0,19485910.0,0.007529952586895327,7798.0,10M-50M,2026-02-06,200.19000244140625,206.7100067138672,215.44000244140625,218.5800018310547,199.1501007080078,28.25,28.8,1.0000000000000004e-05,True,AMD,661.0,18.43,7798.0,6905.0,1044.6293494704992,0.5311991318502441,-0.03154179314350311,258778654648.0,53.119913185024416,7.529952586895327e-05
TSLA260204C00405000,405.0,3.05,卖 Call，看跌,-2.8498285029292627,CALL,63660.0,64018.0,19416300.0,0.0013668756249632244,123.0,10M-50M,2026-02-04,406.010009765625,417.9200134277344,420.4599914550781,423.8999938964844,399.1799926757813,3.05,3.15,0.3086006640625,True,TSLA,358.0,17.22,123.0,63660.0,17782.122905027933,-0.8228803716608594,-0.028498285029292626,1420487690716.0,-82.28803716608594,1.3668756249632244e-05
TSLA260206P00410000,410.0,7.69,买 Put，看跌,-2.8498285029292627,PUT,23896.0,23908.0,18376024.000000004,0.0012936419034182216,4479.0,10M-50M,2026-02-06,406.010009765625,417.9200134277344,420.4599914550781,423.8999938964844,399.1799926757813,7.8,7.9,0.3851379846191405,True,TSLA,12.0,3.06,4479.0,23896.0,199133.3333333333,1.5130718954248368,-0.028498285029292626,1420487690716.0,151.30718954248368,1.2936419034182217e-05
AMD260320P00210000,210.0,19.69,买 Put，看跌,-3.154179314350311,PUT,9296.0,9348.0,18303824.000000004,0.007073158342560178,11423.0,10M-50M,2026-03-20,200.19000244140625,206.7100067138672,215.44000244140625,218.5800018310547,199.1501007080078,19.95,20.35,0.5134936346435546,True,AMD,52.0,15.7,11423.0,9296.0,17876.923076923078,0.2541401273885352,-0.03154179314350311,258778654648.0,25.41401273885352,7.073158342560177e-05
TSLA260206P00400000,400.0,3.72,买 Put，看跌,-2.8498285029292627,PUT,47621.0,47622.0,17715012.0,0.0012471077444585746,7696.0,10M-50M,2026-02-06,406.010009765625,417.9200134277344,420.4599914550781,423.8999938964844,399.1799926757813,3.7,3.8,0.4362849340820312,False,TSLA,1.0,1.3,7696.0,47621.0,4762100.0,1.8615384615384614,-0.028498285029292626,1420487690716.0,186.15384615384613,1.2471077444585746e-05
PLTR260206P00150000,150.0,12.71,买 Put，看跌,-2.3171247294061903,PUT,13855.0,15356.0,17609705.0,0.004180277487115732,10956.0,10M-50M,2026-02-06,139.5399932861328,142.85000610351562,155.36500549316406,155.85000610351562,135.67999267578125,12.6,12.75,1.1591838916015624,True,PLTR,1501.0,2.0,10956.0,13855.0,923.0512991339108,5.355,-0.023171247294061902,421256843697.0,535.5,4.180277487115732e-05
SNOW260417P00165000,165.0,19.35,买 Put平仓/做波动率交易,1.6649238694718471,PUT,8860.0,8935.0,17144100.0,0.022526006190778918,8847.0,10M-50M,2026-04-17,165.1750030517578,162.47000122070312,171.0500030517578,171.4550018310547,159.5399932861328,18.0,18.45,0.6237830590820312,False,SNOW,75.0,14.75,8847.0,8860.0,11813.333333333334,0.3118644067796611,0.01664923869471847,76108032000.0,31.18644067796611,0.0002252600619077892
PLTR260206P00141000,141.0,5.0,买 Put，看跌,-2.3171247294061903,PUT,32500.0,32506.0,16250000.0,0.0038575040959306613,1611.0,10M-50M,2026-02-06,139.5399932861328,142.85000610351562,155.36500549316406,155.85000610351562,135.67999267578125,5.45,5.55,0.9335944140625,True,PLTR,6.0,0.38,1611.0,32500.0,541666.6666666667,12.157894736842106,-0.023171247294061902,421256843697.0,1215.7894736842106,3.8575040959306614e-05
MU260220C00400000,400.0,16.2,卖 Call，看跌,-5.665156357663355,CALL,10016.0,10024.0,16225919.999999998,0.009219021056693092,4923.0,10M-50M,2026-02-20,379.6600036621094,402.4599914550781,410.5050048828125,413.0,363.9010009765625,16.2,17.1,0.7620263055419922,False,MU,8.0,25.3,4923.0,10016.0,125200.0,-0.3596837944664032,-0.05665156357663354,176004804634.0,-35.96837944664032,9.219021056693091e-05
TSLA260206P00405000,405.0,5.47,买 Put，看跌,-2.8498285029292627,PUT,29194.0,29197.0,15969118.0,0.0011241996748279268,4154.0,10M-50M,2026-02-06,406.010009765625,417.9200134277344,420.4599914550781,423.8999938964844,399.1799926757813,5.4,5.5,0.4085752502441406,False,TSLA,3.0,2.05,4154.0,29194.0,973133.3333333334,1.6682926829268294,-0.028498285029292626,1420487690716.0,166.82926829268294,1.1241996748279269e-05
TSLA260206C00400000,400.0,11.84,卖 Call，看跌,-2.8498285029292627,CALL,13408.0,19242.0,15875072.0,0.0011175789909167136,1438.0,10M-50M,2026-02-06,406.010009765625,417.9200134277344,420.4599914550781,423.8999938964844,399.1799926757813,11.75,11.9,0.5820354296875,True,TSLA,5834.0,23.54,1438.0,13408.0,229.82516283853275,-0.4970263381478335,-0.028498285029292626,1420487690716.0,-49.70263381478335,1.1175789909167136e-05
AMD260206P00205000,205.0,6.6,买 Put，看跌,-3.154179314350311,PUT,23490.0,24380.0,15503400.0,0.005990988716240248,6133.0,10M-50M,2026-02-06,200.19000244140625,206.7100067138672,215.44000244140625,218.5800018310547,199.1501007080078,6.7,6.9,0.5373581420898439,True,AMD,890.0,2.6,6133.0,23490.0,2639.325842696629,1.5384615384615383,-0.03154179314350311,258778654648.0,153.84615384615384,5.990988716240248e-05
AMD260206P00200000,200.0,4.2,买 Put，看跌,-3.154179314350311,PUT,36282.0,38513.0,15238440.0,0.0058886000550269005,6699.0,10M-50M,2026-02-06,200.19000244140625,206.7100067138672,215.44000244140625,218.5800018310547,199.1501007080078,4.2,4.3,0.6003457934570313,False,AMD,2231.0,1.58,6699.0,36282.0,1626.2662483191395,1.6582278481012658,-0.03154179314350311,258778654648.0,165.82278481012656,5.8886000550269e-05
SNOW260320P00170000,170.0,18.93,买 Put平仓/做波动率交易,1.6649238694718471,PUT,7910.0,7924.0,14973629.999999998,0.01967417840997386,9487.0,10M-50M,2026-03-20,165.1750030517578,162.47000122070312,171.0500030517578,171.4550018310547,159.5399932861328,18.55,19.5,0.7047759014892578,True,SNOW,14.0,16.25,9487.0,7910.0,56500.0,0.1649230769230769,0.01664923869471847,76108032000.0,16.49230769230769,0.00019674178409973862
TSLA260206P00417500,417.5,12.48,买 Put，看跌,-2.8498285029292627,PUT,11957.0,12061.0,14922336.000000002,0.0010505079415702903,4648.0,10M-50M,2026-02-06,406.010009765625,417.9200134277344,420.4599914550781,423.8999938964844,399.1799926757813,12.3,12.45,0.3081123876953124,True,TSLA,104.0,5.85,4648.0,11957.0,11497.115384615385,1.1333333333333335,-0.028498285029292626,1420487690716.0,113.33333333333336,1.0505079415702903e-05
AMD260206P00215000,215.0,14.37,买 Put，看跌,-3.154179314350311,PUT,10348.0,11628.0,14870075.999999998,0.0057462529203681076,8840.0,10M-50M,2026-02-06,200.19000244140625,206.7100067138672,215.44000244140625,218.5800018310547,199.1501007080078,14.3,14.5,1.0000000000000004e-05,True,AMD,1280.0,6.77,8840.0,10348.0,808.4375,1.122599704579025,-0.03154179314350311,258778654648.0,112.2599704579025,5.746252920368107e-05
MU260206P00390000,390.0,17.88,买 Put，看跌,-5.665156357663355,PUT,8171.0,8309.0,14609747.999999998,0.008300766578719714,4577.0,10M-50M,2026-02-06,379.6600036621094,402.4599914550781,410.5050048828125,413.0,363.9010009765625,17.3,17.9,0.8416763879394531,True,MU,138.0,7.4,4577.0,8171.0,5921.014492753623,1.416216216216216,-0.05665156357663354,176004804634.0,141.62162162162159,8.300766578719714e-05
TSLA260204P00410000,410.0,2.48,买 Put，看跌,-2.8498285029292627,PUT,57015.0,57292.0,14139720.000000002,0.0009954130607687875,4426.0,10M-50M,2026-02-04,406.010009765625,417.9200134277344,420.4599914550781,423.8999938964844,399.1799926757813,2.33,2.42,1.0000000000000004e-05,True,TSLA,277.0,0.8,4426.0,57015.0,20583.03249097473,2.0999999999999996,-0.028498285029292626,1420487690716.0,209.99999999999997,9.954130607687874e-06
MU260206P00400000,400.0,23.1,买 Put，看跌,-5.665156357663355,PUT,6064.0,6877.0,14007840.0,0.007958782732737976,5081.0,10M-50M,2026-02-06,379.6600036621094,402.4599914550781,410.5050048828125,413.0,363.9010009765625,24.35,25.15,0.8458267370605468,True,MU,813.0,11.92,5081.0,6064.0,745.879458794588,0.9379194630872485,-0.05665156357663354,176004804634.0,93.79194630872485,7.958782732737975e-05
PLTR260206P00145000,145.0,7.64,买 Put，看跌,-2.3171247294061903,PUT,17854.0,17990.0,13640456.0,0.0032380378394068904,8161.0,10M-50M,2026-02-06,139.5399932861328,142.85000610351562,155.36500549316406,155.85000610351562,135.67999267578125,8.35,8.45,1.015385782470703,True,PLTR,136.0,0.89,8161.0,17854.0,13127.94117647059,7.584269662921348,-0.023171247294061902,421256843697.0,758.4269662921348,3.2380378394068905e-05
NVDA260206P00180000,180.0,5.86,买 Put，看跌,-1.752170246429009,PUT,22551.0,22561.0,13214886.000000002,0.00030519247384017204,31870.0,10M-50M,2026-02-06,174.1934051513672,177.3000030517578,179.44000244140625,179.57000732421875,171.91000366210938,5.75,5.8,1.0000000000000004e-05,True,NVDA,10.0,3.65,31870.0,22551.0,225510.0,0.6054794520547947,-0.01752170246429009,4330017000000.0,60.54794520547947,3.0519247384017203e-06
TSLA260206C00405000,405.0,8.54,卖 Call，看跌,-2.8498285029292627,CALL,15423.0,15425.0,13171241.999999998,0.0009272338004816503,1013.0,10M-50M,2026-02-06,406.010009765625,417.9200134277344,420.4599914550781,423.8999938964844,399.1799926757813,8.5,8.6,0.5478560839843751,True,TSLA,2.0,16.87,1013.0,15423.0,771150.0,-0.4937759336099586,-0.028498285029292626,1420487690716.0,-49.37759336099586,9.272338004816504e-06
TSLA260204C00400000,400.0,7.71,卖 Call，看跌,-2.8498285029292627,CALL,16935.0,17589.0,13056885.0,0.0009191832555351922,303.0,10M-50M,2026-02-04,406.010009765625,417.9200134277344,420.4599914550781,423.8999938964844,399.1799926757813,7.85,8.05,0.5100146655273439,True,TSLA,654.0,22.32,303.0,16935.0,2589.4495412844035,-0.6545698924731183,-0.028498285029292626,1420487690716.0,-65.45698924731182,9.191832555351922e-06
IREN260918C00050000,50.0,14.0,卖 Call，看跌,-6.071695098498853,CALL,9277.0,9287.0,12987800.0,0.11407713618023936,16803.0,10M-50M,2026-09-18,44.93999862670898,47.845001220703125,52.244998931884766,52.5,43.90999984741211,13.45,14.2,1.1232953991699215,False,IREN,10.0,19.1,16803.0,9277.0,92770.0,-0.2670157068062828,-0.06071695098498853,11385103479.0,-26.70157068062828,0.0011407713618023937
NVDA260204P00177500,177.5,2.41,买 Put，看跌,-1.752170246429009,PUT,53660.0,54119.0,12932060.0,0.0002986607211934734,8814.0,10M-50M,2026-02-04,174.1934051513672,177.3000030517578,179.44000244140625,179.57000732421875,171.91000366210938,2.34,2.39,1.0000000000000004e-05,True,NVDA,459.0,1.32,8814.0,53660.0,11690.631808278868,0.8257575757575758,-0.01752170246429009,4330017000000.0,82.57575757575758,2.986607211934734e-06
NVDA260206P00175000,175.0,2.9,买 Put，看跌,-1.752170246429009,PUT,40515.0,40523.0,11749350.0,0.00027134650972501957,19719.0,10M-50M,2026-02-06,174.1934051513672,177.3000030517578,179.44000244140625,179.57000732421875,171.91000366210938,2.92,2.94,0.398443515625,True,NVDA,8.0,1.76,19719.0,40515.0,506437.5,0.6477272727272727,-0.01752170246429009,4330017000000.0,64.77272727272727,2.7134650972501956e-06
AMD260206P00207500,207.5,8.55,买 Put，看跌,-3.154179314350311,PUT,13600.0,14072.0,11628000.000000002,0.004493415430966215,2062.0,10M-50M,2026-02-06,200.19000244140625,206.7100067138672,215.44000244140625,218.5800018310547,199.1501007080078,8.45,8.65,0.5205126074218749,True,AMD,472.0,3.65,2062.0,13600.0,2881.35593220339,1.3424657534246576,-0.03154179314350311,258778654648.0,134.24657534246575,4.493415430966215e-05
AVGO260206C00280000,280.0,29.7,卖 Call，看跌,-1.4397696930901092,CALL,3865.0,3870.0,11479050.0,0.000726626652395985,135.0,10M-50M,2026-02-06,308.04998779296875,312.54998779296875,319.25,319.45001220703125,295.29998779296875,29.4,30.7,0.9997558618164062,True,AVGO,5.0,33.7,135.0,3865.0,77300.0,-0.11869436201780426,-0.014397696930901092,1579772770810.0,-11.869436201780426,7.26626652395985e-06
TSLA260204P00422500,422.5,14.95,买 Put，看跌,-2.8498285029292627,PUT,7574.0,7660.0,11323129.999999998,0.0007971297515638837,1938.0,10M-50M,2026-02-04,406.010009765625,417.9200134277344,420.4599914550781,423.8999938964844,399.1799926757813,14.45,14.65,1.0000000000000004e-05,True,TSLA,86.0,5.61,1938.0,7574.0,8806.976744186046,1.6648841354723707,-0.028498285029292626,1420487690716.0,166.48841354723706,7.971297515638836e-06
TSLA260209P00420000,420.0,16.5,买 Put，看跌,-2.8498285029292627,PUT,6792.0,6793.0,11206800.0,0.0007889403106584602,1569.0,10M-50M,2026-02-09,406.010009765625,417.9200134277344,420.4599914550781,423.8999938964844,399.1799926757813,15.55,15.75,0.307502042236328,True,TSLA,1.0,9.25,1569.0,6792.0,679200.0,0.7837837837837838,-0.028498285029292626,1420487690716.0,78.37837837837837,7.889403106584603e-06
TSLA260204P00412500,412.5,4.5,买 Put，看跌,-2.8498285029292627,PUT,24656.0,24836.0,11095200.0,0.0007810838539830951,1812.0,10M-50M,2026-02-04,406.010009765625,417.9200134277344,420.4599914550781,423.8999938964844,399.1799926757813,4.45,4.65,1.0000000000000004e-05,True,TSLA,180.0,1.19,1812.0,24656.0,13697.77777777778,2.781512605042017,-0.028498285029292626,1420487690716.0,278.15126050420173,7.81083853983095e-06
NVDA260206C00175000,175.0,3.24,卖 Call，看跌,-1.752170246429009,CALL,34051.0,37702.0,11032524.0,0.0002547917017415867,2114.0,10M-50M,2026-02-06,174.1934051513672,177.3000030517578,179.44000244140625,179.57000732421875,171.91000366210938,3.15,3.25,0.56836369140625,False,NVDA,3651.0,7.22,2114.0,34051.0,932.648589427554,-0.5512465373961218,-0.01752170246429009,4330017000000.0,-55.124653739612185,2.547917017415867e-06
MU260417C00450000,450.0,30.15,卖 Call，看跌,-5.665156357663355,CALL,3452.0,3476.0,10407779.999999998,0.005913349934760508,4017.0,10M-50M,2026-04-17,379.6600036621094,402.4599914550781,410.5050048828125,413.0,363.9010009765625,28.95,30.55,0.7936422003173829,False,MU,24.0,37.1,4017.0,3452.0,14383.333333333334,-0.18733153638814024,-0.05665156357663354,176004804634.0,-18.733153638814024,5.913349934760508e-05
TSLA260204C00402500,402.5,5.24,卖 Call，看跌,-2.8498285029292627,CALL,19795.0,19851.0,10372580.0,0.0007302125930265315,38.0,10M-50M,2026-02-04,406.010009765625,417.9200134277344,420.4599914550781,423.8999938964844,399.1799926757813,5.4,5.6,0.4233456103515625,True,TSLA,56.0,18.17,38.0,19795.0,35348.21428571428,-0.7116125481563016,-0.028498285029292626,1420487690716.0,-71.16125481563016,7.302125930265314e-06
GOOGL260206C00340000,340.0,8.38,卖 Call，看跌,-1.0807012620508851,CALL,12161.0,12173.0,10190918.0,0.00034178732349281107,6771.0,10M-50M,2026-02-06,333.0400085449219,336.6784973144531,342.9599914550781,343.3099975585937,328.5299987792969,8.35,8.45,0.9490971887207033,False,GOOGL,12.0,12.35,6771.0,12161.0,101341.66666666666,-0.32145748987854245,-0.01080701262050885,2981654760000.0,-32.14574898785425,3.417873234928111e-06
TSLA260213C00400000,400.0,17.31,卖 Call，看跌,-2.8498285029292627,CALL,5645.0,5904.0,9771495.0,0.0006878971964251698,441.0,5M-10M,2026-02-13,406.010009765625,417.9200134277344,420.4599914550781,423.8999938964844,399.1799926757813,17.25,17.35,0.5296677893066408,True,TSLA,259.0,26.59,441.0,5645.0,2179.5366795366795,-0.349003384731102,-0.028498285029292626,1420487690716.0,-34.900338473110196,6.878971964251698e-06
NVDA260320C00180000,180.0,10.05,卖 Call，看跌,-1.752170246429009,CALL,9406.0,9429.0,9453030.0,0.00021831392347882237,44221.0,5M-10M,2026-03-20,174.1934051513672,177.3000030517578,179.44000244140625,179.57000732421875,171.91000366210938,10.0,10.1,0.5144091528320311,False,NVDA,23.0,12.1,44221.0,9406.0,40895.65217391304,-0.1694214876033057,-0.01752170246429009,4330017000000.0,-16.942148760330568,2.1831392347882236e-06
TSLA260206C00390000,390.0,19.35,卖 Call，看跌,-2.8498285029292627,CALL,4763.0,5161.0,9216405.0,0.000648819772268104,143.0,5M-10M,2026-02-06,406.010009765625,417.9200134277344,420.4599914550781,423.8999938964844,399.1799926757813,19.4,19.55,0.6513706738281251,True,TSLA,398.0,32.45,143.0,4763.0,1196.7336683417086,-0.4036979969183359,-0.028498285029292626,1420487690716.0,-40.36979969183359,6.48819772268104e-06
TSLA260206P00422500,422.5,16.68,买 Put，看跌,-2.8498285029292627,PUT,5494.0,5656.0,9163992.0,0.0006451299831666173,1198.0,5M-10M,2026-02-06,406.010009765625,417.9200134277344,420.4599914550781,423.8999938964844,399.1799926757813,16.2,16.4,1.0000000000000004e-05,True,TSLA,162.0,8.35,1198.0,5494.0,3391.3580246913584,0.9976047904191617,-0.028498285029292626,1420487690716.0,99.76047904191617,6.451299831666172e-06
TSLA260206C00420000,420.0,2.4,卖 Call，看跌,-2.8498285029292627,CALL,37344.0,37412.0,8962560.0,0.0006309495012577266,4449.0,5M-10M,2026-02-06,406.010009765625,417.9200134277344,420.4599914550781,423.8999938964844,399.1799926757813,2.38,2.4,0.49414568359375,False,TSLA,68.0,6.84,4449.0,37344.0,54917.647058823524,-0.6491228070175438,-0.028498285029292626,1420487690716.0,-64.91228070175438,6.309495012577266e-06
GOOGL260206C00350000,350.0,4.9,卖 Call，看跌,-1.0807012620508851,CALL,18117.0,18157.0,8877330.0,0.00029773165287586814,6912.0,5M-10M,2026-02-06,333.0400085449219,336.6784973144531,342.9599914550781,343.3099975585937,328.5299987792969,4.9,4.95,0.928589581298828,False,GOOGL,40.0,7.5,6912.0,18117.0,45292.5,-0.3466666666666666,-0.01080701262050885,2981654760000.0,-34.666666666666664,2.9773165287586816e-06
PLTR260206P00155000,155.0,17.38,买 Put，看跌,-2.3171247294061903,PUT,4845.0,5096.0,8420610.0,0.001998925388629827,7743.0,5M-10M,2026-02-06,139.5399932861328,142.85000610351562,155.36500549316406,155.85000610351562,135.67999267578125,17.3,17.5,1.3481477905273436,True,PLTR,251.0,4.23,7743.0,4845.0,1930.2788844621514,3.108747044917257,-0.023171247294061902,421256843697.0,310.8747044917257,1.998925388629827e-05
NVDA260220P00180000,180.0,8.8,买 Put，看跌,-1.752170246429009,PUT,9558.0,9576.0,8411040.0,0.00019424958377761567,73991.0,5M-10M,2026-02-20,174.1934051513672,177.3000030517578,179.44000244140625,179.57000732421875,171.91000366210938,8.95,9.0,0.36914693359375,True,NVDA,18.0,6.75,73991.0,9558.0,53100.0,0.3037037037037038,-0.01752170246429009,4330017000000.0,30.37037037037038,1.9424958377761567e-06
NVDA270617C00200000,200.0,33.05,卖 Call，看跌,-1.752170246429009,CALL,2544.0,3030.0,8407920.0,0.0001941775286332594,16154.0,5M-10M,2027-06-17,174.1934051513672,177.3000030517578,179.44000244140625,179.57000732421875,171.91000366210938,32.7,32.9,0.5186510537719727,False,NVDA,486.0,35.85,16154.0,2544.0,523.4567901234568,-0.0781032078103209,-0.01752170246429009,4330017000000.0,-7.8103207810320905,1.941775286332594e-06
TSLA260206C00407500,407.5,7.16,卖 Call，看跌,-2.8498285029292627,CALL,11735.0,12406.0,8402260.0,0.0005915053016590958,210.0,5M-10M,2026-02-06,406.010009765625,417.9200134277344,420.4599914550781,423.8999938964844,399.1799926757813,7.15,7.2,0.5368698657226563,False,TSLA,671.0,16.9,210.0,11735.0,1748.882265275708,-0.5763313609467455,-0.028498285029292626,1420487690716.0,-57.633136094674555,5.915053016590958e-06
BE260220C00140000,140.0,22.6,卖 Call，看跌,-5.369327459304662,CALL,3693.0,3744.0,8346180.0,0.05072204966384377,11568.0,5M-10M,2026-02-20,147.15069580078125,155.5,168.0,169.10000610351562,134.10000610351562,22.1,22.9,1.5209984887695311,True,BE,51.0,35.53,11568.0,3693.0,7241.176470588235,-0.3639178159301998,-0.053693274593046625,16454737250.0,-36.39178159301998,0.0005072204966384377
NVDA260320C00200000,200.0,3.78,卖 Call，看跌,-1.752170246429009,CALL,22014.0,22100.0,8321292.0,0.00019217688983669119,148659.0,5M-10M,2026-03-20,174.1934051513672,177.3000030517578,179.44000244140625,179.57000732421875,171.91000366210938,3.7,3.75,0.4856008471679687,False,NVDA,86.0,4.8,148659.0,22014.0,25597.674418604653,-0.21250000000000002,-0.01752170246429009,4330017000000.0,-21.250000000000004,1.921768898366912e-06
MU260206P00380000,380.0,12.15,买 Put，看跌,-5.665156357663355,PUT,6826.0,7102.0,8293590.000000001,0.004712138408520397,4461.0,5M-10M,2026-02-06,379.6600036621094,402.4599914550781,410.5050048828125,413.0,363.9010009765625,11.65,12.3,0.8594984753417969,True,MU,276.0,4.7,4461.0,6826.0,2473.1884057971015,1.5851063829787233,-0.05665156357663354,176004804634.0,158.51063829787233,4.712138408520397e-05
PLTR260206P00149000,149.0,11.9,买 Put，看跌,-2.3171247294061903,PUT,6957.0,7027.0,8278830.0,0.001965268962123916,2897.0,5M-10M,2026-02-06,139.5399932861328,142.85000610351562,155.36500549316406,155.85000610351562,135.67999267578125,11.65,11.8,1.1145063806152344,True,PLTR,70.0,1.75,2897.0,6957.0,9938.57142857143,5.8,-0.023171247294061902,421256843697.0,580.0,1.9652689621239163e-05
NVDA260204P00180000,180.0,4.76,买 Put，看跌,-1.752170246429009,PUT,17253.0,17274.0,8212428.0,0.00018966271956899938,8156.0,5M-10M,2026-02-04,174.1934051513672,177.3000030517578,179.44000244140625,179.57000732421875,171.91000366210938,4.7,4.8,1.0000000000000004e-05,True,NVDA,21.0,2.28,8156.0,17253.0,82157.14285714286,1.087719298245614,-0.01752170246429009,4330017000000.0,108.77192982456141,1.8966271956899937e-06
GOOGL260206C00330000,330.0,13.12,卖 Call，看跌,-1.0807012620508851,CALL,6218.0,6221.0,8158015.999999999,0.00027360699533167946,2564.0,5M-10M,2026-02-06,333.0400085449219,336.6784973144531,342.9599914550781,343.3099975585937,328.5299987792969,12.95,13.1,0.9544682287597656,True,GOOGL,3.0,18.52,2564.0,6218.0,207266.66666666666,-0.29157667386609076,-0.01080701262050885,2981654760000.0,-29.157667386609077,2.7360699533167947e-06
FCX270115C00070000,70.0,9.2,卖 Call，看跌,-5.300159013585684,CALL,8800.0,8888.0,8096000.0,0.01577278299536022,5789.0,5M-10M,2027-01-15,61.880001068115234,65.34329986572266,64.9800033569336,65.6500015258789,60.98199844360352,9.0,9.35,0.506840869140625,False,FCX,88.0,10.5,5789.0,8800.0,10000.0,-0.12380952380952388,-0.05300159013585685,51328925291.0,-12.380952380952388,0.0001577278299536022
TSLA260206P00425000,425.0,18.34,买 Put，看跌,-2.8498285029292627,PUT,4401.0,4402.0,8071434.0,0.0005682156947049344,3708.0,5M-10M,2026-02-06,406.010009765625,417.9200134277344,420.4599914550781,423.8999938964844,399.1799926757813,18.25,18.45,1.0000000000000004e-05,True,TSLA,1.0,9.4,3708.0,4401.0,440100.0,0.9510638297872339,-0.028498285029292626,1420487690716.0,95.10638297872339,5.682156947049344e-06
AMD260206C00200000,200.0,6.16,卖 Call，看跌,-3.154179314350311,CALL,12965.0,13046.0,7986440.000000001,0.0030862050855250955,285.0,5M-10M,2026-02-06,200.19000244140625,206.7100067138672,215.44000244140625,218.5800018310547,199.1501007080078,6.1,6.15,0.8332536206054686,True,AMD,81.0,13.4,285.0,12965.0,16006.172839506173,-0.5402985074626866,-0.03154179314350311,258778654648.0,-54.02985074626866,3.0862050855250956e-05
NVDA260320C00190000,190.0,6.27,卖 Call，看跌,-1.752170246429009,CALL,12613.0,12621.0,7908350.999999999,0.00018264018362976404,90296.0,5M-10M,2026-03-20,174.1934051513672,177.3000030517578,179.44000244140625,179.57000732421875,171.91000366210938,6.2,6.3,0.4974415490722657,False,NVDA,8.0,7.75,90296.0,12613.0,157662.5,-0.19096774193548394,-0.01752170246429009,4330017000000.0,-19.096774193548395,1.8264018362976403e-06
AVGO260206C00307500,307.5,8.1,卖 Call，看跌,-1.4397696930901092,CALL,9759.0,9806.0,7904789.999999999,0.000500375126477649,85.0,5M-10M,2026-02-06,308.04998779296875,312.54998779296875,319.25,319.45001220703125,295.29998779296875,7.95,8.35,0.7072783178710937,True,AVGO,47.0,13.51,85.0,9759.0,20763.82978723404,-0.40044411547002223,-0.014397696930901092,1579772770810.0,-40.04441154700223,5.003751264776491e-06
PLTR260213P00140000,140.0,6.84,买 Put，看跌,-2.3171247294061903,PUT,11372.0,11379.0,7778448.0,0.00184648584738361,2443.0,5M-10M,2026-02-13,139.5399932861328,142.85000610351562,155.36500549316406,155.85000610351562,135.67999267578125,6.9,7.05,0.7309597216796875,True,PLTR,7.0,1.34,2443.0,11372.0,162457.14285714287,4.104477611940299,-0.023171247294061902,421256843697.0,410.44776119402985,1.84648584738361e-05
TSLA260206C00395000,395.0,15.5,卖 Call，看跌,-2.8498285029292627,CALL,5011.0,5596.0,7767050.0,0.000546787561114662,400.0,5M-10M,2026-02-06,406.010009765625,417.9200134277344,420.4599914550781,423.8999938964844,399.1799926757813,15.5,15.65,0.6229285754394531,True,TSLA,585.0,28.0,400.0,5011.0,856.5811965811965,-0.44642857142857145,-0.028498285029292626,1420487690716.0,-44.642857142857146,5.46787561114662e-06
MU260206C00380000,380.0,11.44,卖 Call，看跌,-5.665156357663355,CALL,6663.0,6674.0,7622472.0,0.004330831772377376,2095.0,5M-10M,2026-02-06,379.6600036621094,402.4599914550781,410.5050048828125,413.0,363.9010009765625,11.1,11.55,0.8369156933593749,False,MU,11.0,27.26,2095.0,6663.0,60572.72727272727,-0.5803374908290536,-0.05665156357663354,176004804634.0,-58.03374908290536,4.3308317723773756e-05
AMD260206P00212500,212.5,12.25,买 Put，看跌,-3.154179314350311,PUT,6219.0,7201.0,7618275.0,0.0029439348505627913,2635.0,5M-10M,2026-02-06,200.19000244140625,206.7100067138672,215.44000244140625,218.5800018310547,199.1501007080078,12.2,12.45,0.3916076464843749,True,AMD,982.0,5.5,2635.0,6219.0,633.2993890020367,1.2272727272727273,-0.03154179314350311,258778654648.0,122.72727272727273,2.943934850562791e-05
TSLA260204C00407500,407.5,1.28,卖 Call，看跌,-2.8498285029292627,CALL,59471.0,59934.0,7612288.0,0.0005358925705412491,135.0,5M-10M,2026-02-04,406.010009765625,417.9200134277344,420.4599914550781,423.8999938964844,399.1799926757813,1.25,1.3,0.2302323071289062,False,TSLA,463.0,15.0,135.0,59471.0,12844.708423326134,-0.9146666666666667,-0.028498285029292626,1420487690716.0,-91.46666666666667,5.358925705412491e-06
PLTR260618P00150000,150.0,25.05,买 Put，看跌,-2.3171247294061903,PUT,3029.0,3297.0,7587645.0,0.0018011921025210956,12316.0,5M-10M,2026-06-18,139.5399932861328,142.85000610351562,155.36500549316406,155.85000610351562,135.67999267578125,25.05,25.25,0.5574385076904298,True,PLTR,268.0,16.15,12316.0,3029.0,1130.2238805970148,0.5510835913312695,-0.023171247294061902,421256843697.0,55.10835913312695,1.8011921025210957e-05
NVDA260213C00177500,177.5,4.35,卖 Call，看跌,-1.752170246429009,CALL,17355.0,17357.0,7549425.0,0.00017435093210950442,1995.0,5M-10M,2026-02-13,174.1934051513672,177.3000030517578,179.44000244140625,179.57000732421875,171.91000366210938,4.25,4.35,0.500005,False,NVDA,2.0,6.75,1995.0,17355.0,867750.0,-0.3555555555555556,-0.01752170246429009,4330017000000.0,-35.555555555555564,1.7435093210950442e-06
TSLA260220P00420000,420.0,21.95,买 Put，看跌,-2.8498285029292627,PUT,3423.0,3435.0,7513484.999999999,0.0005289370016443303,10697.0,5M-10M,2026-02-20,406.010009765625,417.9200134277344,420.4599914550781,423.8999938964844,399.1799926757813,21.8,21.95,0.3895324719238281,True,TSLA,12.0,14.7,10697.0,3423.0,28525.0,0.4931972789115647,-0.028498285029292626,1420487690716.0,49.31972789115647,5.289370016443303e-06
TSLA260220P00400000,400.0,11.6,买 Put，看跌,-2.8498285029292627,PUT,6475.0,6488.0,7511000.0,0.0005287620617264246,15181.0,5M-10M,2026-02-20,406.010009765625,417.9200134277344,420.4599914550781,423.8999938964844,399.1799926757813,11.6,11.75,0.4197445721435546,False,TSLA,13.0,7.3,15181.0,6475.0,49807.69230769231,0.589041095890411,-0.028498285029292626,1420487690716.0,58.9041095890411,5.287620617264247e-06
AMD260206C00210000,210.0,2.14,卖 Call，看跌,-3.154179314350311,CALL,34823.0,35060.0,7452122.0,0.002879728241162952,940.0,5M-10M,2026-02-06,200.19000244140625,206.7100067138672,215.44000244140625,218.5800018310547,199.1501007080078,2.11,2.15,0.7758811474609376,False,AMD,237.0,6.82,940.0,34823.0,14693.248945147678,-0.6862170087976539,-0.03154179314350311,258778654648.0,-68.62170087976538,2.879728241162952e-05
NVDA260206C00177500,177.5,2.01,卖 Call，看跌,-1.752170246429009,CALL,36718.0,36723.0,7380317.999999999,0.0001704454740016032,2098.0,5M-10M,2026-02-06,174.1934051513672,177.3000030517578,179.44000244140625,179.57000732421875,171.91000366210938,1.94,1.96,0.526371923828125,False,NVDA,5.0,4.59,2098.0,36718.0,734360.0,-0.5620915032679739,-0.01752170246429009,4330017000000.0,-56.209150326797385,1.704454740016032e-06
SHOP260220P00115000,115.0,9.0,买 Put平仓/做波动率交易,3.232231592090615,PUT,8166.0,8487.0,7349400.0,0.004032893808136613,11054.0,5M-10M,2026-02-20,114.0199966430664,110.4499969482422,116.01000213623048,116.4000015258789,109.88999938964844,8.85,9.0,0.8559584716796875,True,SHOP,321.0,6.88,11054.0,8166.0,2543.92523364486,0.308139534883721,0.03232231592090615,182236387806.0,30.813953488372096,4.032893808136613e-05
NVDA260204C00172500,172.5,2.77,卖 Call，看跌,-1.752170246429009,CALL,25906.0,27111.0,7175962.0,0.00016572595442465932,166.0,5M-10M,2026-02-04,174.1934051513672,177.3000030517578,179.44000244140625,179.57000732421875,171.91000366210938,2.64,2.69,0.4726615234375,True,NVDA,1205.0,8.25,166.0,25906.0,2149.875518672199,-0.6642424242424243,-0.01752170246429009,4330017000000.0,-66.42424242424244,1.657259544246593e-06
AMD260206C00205000,205.0,3.75,卖 Call，看跌,-3.154179314350311,CALL,19033.0,19104.0,7137375.0,0.0027581003578940905,284.0,5M-10M,2026-02-06,200.19000244140625,206.7100067138672,215.44000244140625,218.5800018310547,199.1501007080078,3.7,3.8,0.7976094458007812,False,AMD,71.0,10.0,284.0,19033.0,26807.042253521126,-0.625,-0.03154179314350311,258778654648.0,-62.5,2.7581003578940904e-05
MU260213P00340000,340.0,6.64,买 Put，看跌,-5.665156357663355,PUT,10650.0,10672.0,7071600.0,0.004017844862079369,462.0,5M-10M,2026-02-13,379.6600036621094,402.4599914550781,410.5050048828125,413.0,363.9010009765625,6.55,7.0,0.8804943591308592,False,MU,22.0,3.2,462.0,10650.0,48409.090909090904,1.0749999999999997,-0.05665156357663354,176004804634.0,107.49999999999997,4.017844862079369e-05
TSLA260206C00415000,415.0,3.75,卖 Call，看跌,-2.8498285029292627,CALL,18776.0,18785.0,7041000.0,0.0004956748337925385,1328.0,5M-10M,2026-02-06,406.010009765625,417.9200134277344,420.4599914550781,423.8999938964844,399.1799926757813,3.8,3.85,0.5035450036621094,False,TSLA,9.0,10.0,1328.0,18776.0,208622.22222222222,-0.625,-0.028498285029292626,1420487690716.0,-62.5,4.956748337925384e-06
GOOGL260220P00330000,330.0,12.1,买 Put，看跌,-1.0807012620508851,PUT,5804.0,9124.0,7022839.999999999,0.00023553498192393,15035.0,5M-10M,2026-02-20,333.0400085449219,336.6784973144531,342.9599914550781,343.3099975585937,328.5299987792969,12.1,12.2,0.4790091162109374,False,GOOGL,3320.0,8.7,15035.0,5804.0,174.81927710843374,0.3908045977011495,-0.01080701262050885,2981654760000.0,39.08045977011495,2.3553498192393e-06
AMD260220P00200000,200.0,9.08,买 Put，看跌,-3.154179314350311,PUT,7403.0,8803.0,6721924.000000001,0.0025975573638959528,11032.0,5M-10M,2026-02-20,200.19000244140625,206.7100067138672,215.44000244140625,218.5800018310547,199.1501007080078,9.0,9.2,0.5340622766113281,False,AMD,1400.0,5.15,11032.0,7403.0,528.7857142857143,0.7631067961165048,-0.03154179314350311,258778654648.0,76.31067961165047,2.597557363895953e-05
TSLA260213C00420000,420.0,7.32,卖 Call，看跌,-2.8498285029292627,CALL,9153.0,9154.0,6699996.000000001,0.0004716687123577152,1406.0,5M-10M,2026-02-13,406.010009765625,417.9200134277344,420.4599914550781,423.8999938964844,399.1799926757813,7.4,7.5,0.4895070581054688,False,TSLA,1.0,12.95,1406.0,9153.0,915300.0,-0.4347490347490347,-0.028498285029292626,1420487690716.0,-43.47490347490347,4.716687123577152e-06
NVDA260206C00180000,180.0,1.11,卖 Call，看跌,-1.752170246429009,CALL,60321.0,60350.0,6695631.000000001,0.00015463290328883236,13769.0,5M-10M,2026-02-06,174.1934051513672,177.3000030517578,179.44000244140625,179.57000732421875,171.91000366210938,1.09,1.1,0.4995167236328125,False,NVDA,29.0,3.0,13769.0,60321.0,208003.44827586206,-0.63,-0.01752170246429009,4330017000000.0,-63.0,1.5463290328883237e-06
NVDA260213C00180000,180.0,3.2,卖 Call，看跌,-1.752170246429009,CALL,20917.0,20937.0,6693440.000000001,0.00015458230302560014,7085.0,5M-10M,2026-02-13,174.1934051513672,177.3000030517578,179.44000244140625,179.57000732421875,171.91000366210938,3.2,3.25,0.4865773999023438,False,NVDA,20.0,5.2,7085.0,20917.0,104584.99999999999,-0.3846153846153846,-0.01752170246429009,4330017000000.0,-38.46153846153846,1.5458230302560015e-06
AMD260206P00195000,195.0,2.55,买 Put，看跌,-3.154179314350311,PUT,25916.0,27101.0,6608579.999999999,0.002553757769932465,9902.0,5M-10M,2026-02-06,200.19000244140625,206.7100067138672,215.44000244140625,218.5800018310547,199.1501007080078,2.52,2.57,0.6564975756835938,False,AMD,1185.0,0.86,9902.0,25916.0,2187.004219409283,1.9651162790697674,-0.03154179314350311,258778654648.0,196.51162790697674,2.5537577699324646e-05
NVDA260220C00180000,180.0,4.5,卖 Call，看跌,-1.752170246429009,CALL,14682.0,14696.0,6606900.0,0.0001525836965536163,46985.0,5M-10M,2026-02-20,174.1934051513672,177.3000030517578,179.44000244140625,179.57000732421875,171.91000366210938,4.45,4.5,0.460942890625,False,NVDA,14.0,6.4,46985.0,14682.0,104871.42857142858,-0.29687500000000006,-0.01752170246429009,4330017000000.0,-29.687500000000007,1.525836965536163e-06
AMD260320P00190000,190.0,10.27,买 Put，看跌,-3.154179314350311,PUT,6339.0,6364.0,6510153.0,0.002515722561760491,12419.0,5M-10M,2026-03-20,200.19000244140625,206.7100067138672,215.44000244140625,218.5800018310547,199.1501007080078,10.1,10.35,0.5412033184814455,False,AMD,25.0,7.4,12419.0,6339.0,25356.0,0.3878378378378377,-0.03154179314350311,258778654648.0,38.78378378378377,2.515722561760491e-05
TSLA260213C00410000,410.0,11.7,卖 Call，看跌,-2.8498285029292627,CALL,5551.0,6791.0,6494670.0,0.0004572140992454744,544.0,5M-10M,2026-02-13,406.010009765625,417.9200134277344,420.4599914550781,423.8999938964844,399.1799926757813,11.6,11.7,0.5031177618408205,False,TSLA,1240.0,19.75,544.0,5551.0,447.6612903225806,-0.4075949367088608,-0.028498285029292626,1420487690716.0,-40.75949367088608,4.572140992454744e-06
TSLA260206C00402500,402.5,10.19,卖 Call，看跌,-2.8498285029292627,CALL,6355.0,6463.0,6475745.0,0.0004558818103334557,233.0,5M-10M,2026-02-06,406.010009765625,417.9200134277344,420.4599914550781,423.8999938964844,399.1799926757813,10.1,10.25,0.5678754150390625,True,TSLA,108.0,20.59,233.0,6355.0,5884.259259259259,-0.505099562894609,-0.028498285029292626,1420487690716.0,-50.5099562894609,4.558818103334557e-06
NVDA260206P00170000,170.0,1.31,买 Put，看跌,-1.752170246429009,PUT,49103.0,49110.0,6432493.0,0.00014855583707869968,65201.0,5M-10M,2026-02-06,174.1934051513672,177.3000030517578,179.44000244140625,179.57000732421875,171.91000366210938,1.28,1.29,0.4692435888671875,False,NVDA,7.0,0.85,65201.0,49103.0,701471.4285714285,0.5411764705882354,-0.01752170246429009,4330017000000.0,54.117647058823536,1.485558370786997e-06
AMD260320P00200000,200.0,14.61,买 Put，看跌,-3.154179314350311,PUT,4383.0,4518.0,6403563.0,0.0024745329203099673,17677.0,5M-10M,2026-03-20,200.19000244140625,206.7100067138672,215.44000244140625,218.5800018310547,199.1501007080078,14.55,14.8,0.5277146838378908,False,AMD,135.0,10.59,17677.0,4383.0,3246.666666666667,0.37960339943342775,-0.03154179314350311,258778654648.0,37.960339943342774,2.4745329203099674e-05
PLTR260320P00150000,150.0,17.77,买 Put，看跌,-2.3171247294061903,PUT,3596.0,3608.0,6390092.0,0.0015169111423614617,14635.0,5M-10M,2026-03-20,139.5399932861328,142.85000610351562,155.36500549316406,155.85000610351562,135.67999267578125,17.7,17.85,0.5839885351562499,True,PLTR,12.0,8.65,14635.0,3596.0,29966.666666666668,1.0543352601156069,-0.023171247294061902,421256843697.0,105.43352601156069,1.5169111423614618e-05
GOOGL260206C00335000,335.0,10.59,卖 Call，看跌,-1.0807012620508851,CALL,6000.0,6001.0,6354000.0,0.00021310314276626715,5627.0,5M-10M,2026-02-06,333.0400085449219,336.6784973144531,342.9599914550781,343.3099975585937,328.5299987792969,10.5,10.7,0.9566654724121092,False,GOOGL,1.0,15.1,5627.0,6000.0,600000.0,-0.2986754966887417,-0.01080701262050885,2981654760000.0,-29.867549668874172,2.1310314276626713e-06
MU260213P00380000,380.0,20.32,买 Put，看跌,-5.665156357663355,PUT,3100.0,3157.0,6299200.0,0.0035789932059520284,881.0,5M-10M,2026-02-13,379.6600036621094,402.4599914550781,410.5050048828125,413.0,363.9010009765625,20.15,21.55,0.8251360260009764,True,MU,57.0,11.5,881.0,3100.0,5438.59649122807,0.7669565217391304,-0.05665156357663354,176004804634.0,76.69565217391305,3.578993205952028e-05
NVDA260320P00160000,160.0,5.62,买 Put，看跌,-1.752170246429009,PUT,11187.0,11194.0,6287094.0,0.00014519790568951577,55727.0,5M-10M,2026-03-20,174.1934051513672,177.3000030517578,179.44000244140625,179.57000732421875,171.91000366210938,5.65,5.7,0.4888967126464845,False,NVDA,7.0,4.8,55727.0,11187.0,159814.2857142857,0.1708333333333334,-0.01752170246429009,4330017000000.0,17.08333333333334,1.4519790568951576e-06
GOOGL260320P00320000,320.0,11.9,买 Put，看跌,-1.0807012620508851,PUT,5227.0,5496.0,6220130.0,0.00020861335401554,5785.0,5M-10M,2026-03-20,333.0400085449219,336.6784973144531,342.9599914550781,343.3099975585937,328.5299987792969,11.95,12.15,0.3922179919433594,False,GOOGL,269.0,9.34,5785.0,5227.0,1943.1226765799256,0.2740899357601714,-0.01080701262050885,2981654760000.0,27.40899357601714,2.0861335401554e-06
SNOW260618P00150000,150.0,16.15,买 Put平仓/做波动率交易,1.6649238694718471,PUT,3751.0,3780.0,6057864.999999999,0.007959560693935693,970.0,5M-10M,2026-06-18,165.1750030517578,162.47000122070312,171.0500030517578,171.4550018310547,159.5399932861328,15.9,16.4,0.6040078662109377,False,SNOW,29.0,13.36,970.0,3751.0,12934.482758620688,0.20883233532934126,0.01664923869471847,76108032000.0,20.883233532934124,7.959560693935693e-05
PLTR260320P00140000,140.0,11.65,买 Put，看跌,-2.3171247294061903,PUT,5196.0,5410.0,6053340.0,0.0014369713134806715,13289.0,5M-10M,2026-03-20,139.5399932861328,142.85000610351562,155.36500549316406,155.85000610351562,135.67999267578125,11.65,11.75,0.5868571588134766,True,PLTR,214.0,5.25,13289.0,5196.0,2428.03738317757,1.2190476190476192,-0.023171247294061902,421256843697.0,121.90476190476191,1.4369713134806714e-05
NVDA260206P00177500,177.5,4.2,买 Put，看跌,-1.752170246429009,PUT,14312.0,14323.0,6011040.0,0.00013882254965742627,13282.0,5M-10M,2026-02-06,174.1934051513672,177.3000030517578,179.44000244140625,179.57000732421875,171.91000366210938,4.15,4.2,0.3388737988281249,True,NVDA,11.0,2.62,13282.0,14312.0,130109.0909090909,0.6030534351145038,-0.01752170246429009,4330017000000.0,60.30534351145038,1.3882254965742628e-06
PLTR260220P00145000,145.0,11.1,买 Put，看跌,-2.3171247294061903,PUT,5365.0,5373.0,5955150.0,0.0014136624933465526,13965.0,5M-10M,2026-02-20,139.5399932861328,142.85000610351562,155.36500549316406,155.85000610351562,135.67999267578125,11.15,11.25,0.6687044848632814,True,PLTR,8.0,2.86,13965.0,5365.0,67062.5,2.8811188811188813,-0.023171247294061902,421256843697.0,288.1118881118881,1.4136624933465526e-05
PLTR260206P00143000,143.0,6.85,买 Put，看跌,-2.3171247294061903,PUT,8657.0,8664.0,5930045.0,0.001407702946249424,1888.0,5M-10M,2026-02-06,139.5399932861328,142.85000610351562,155.36500549316406,155.85000610351562,135.67999267578125,6.95,7.05,0.9953613745117188,True,PLTR,7.0,0.53,1888.0,8657.0,123671.42857142858,11.924528301886792,-0.023171247294061902,421256843697.0,1192.4528301886792,1.407702946249424e-05
MU260213C00415000,415.0,7.95,卖 Call，看跌,-5.665156357663355,CALL,7456.0,7467.0,5927520.0,0.0033678171526772866,533.0,5M-10M,2026-02-13,379.6600036621094,402.4599914550781,410.5050048828125,413.0,363.9010009765625,7.6,8.0,0.7970601348876953,False,MU,11.0,15.0,533.0,7456.0,67781.81818181819,-0.47,-0.05665156357663354,176004804634.0,-47.0,3.3678171526772866e-05
PLTR260206P00144000,144.0,7.0,买 Put，看跌,-2.3171247294061903,PUT,8423.0,8445.0,5896100.0,0.0013996449169241091,1257.0,5M-10M,2026-02-06,139.5399932861328,142.85000610351562,155.36500549316406,155.85000610351562,135.67999267578125,7.6,7.7,0.9975586181640624,True,PLTR,22.0,0.8,1257.0,8423.0,38286.36363636364,7.75,-0.023171247294061902,421256843697.0,775.0,1.3996449169241092e-05
PLTR260206P00146000,146.0,9.25,买 Put，看跌,-2.3171247294061903,PUT,6351.0,6409.0,5874675.0,0.0013945589461391667,1960.0,5M-10M,2026-02-06,139.5399932861328,142.85000610351562,155.36500549316406,155.85000610351562,135.67999267578125,9.05,9.15,1.0170947583007814,True,PLTR,58.0,1.07,1960.0,6351.0,10950.0,7.644859813084111,-0.023171247294061902,421256843697.0,764.4859813084112,1.3945589461391668e-05
NVDA260220C00175000,175.0,6.9,卖 Call，看跌,-1.752170246429009,CALL,8463.0,8476.0,5839470.0,0.00013486020955575924,14504.0,5M-10M,2026-02-20,174.1934051513672,177.3000030517578,179.44000244140625,179.57000732421875,171.91000366210938,6.85,6.95,0.4888967126464845,False,NVDA,13.0,9.53,14504.0,8463.0,65100.0,-0.27597061909758647,-0.01752170246429009,4330017000000.0,-27.597061909758647,1.3486020955575924e-06
MU260206C00400000,400.0,4.15,卖 Call，看跌,-5.665156357663355,CALL,13948.0,14023.0,5788420.0,0.0032887852192654368,4770.0,5M-10M,2026-02-06,379.6600036621094,402.4599914550781,410.5050048828125,413.0,363.9010009765625,4.05,4.2,0.8200701586914061,False,MU,75.0,13.0,4770.0,13948.0,18597.333333333332,-0.6807692307692308,-0.05665156357663354,176004804634.0,-68.07692307692308,3.288785219265437e-05
AMD260206P00202500,202.5,5.65,买 Put，看跌,-3.154179314350311,PUT,10141.0,10572.0,5729665.0,0.002214118087828262,1728.0,5M-10M,2026-02-06,200.19000244140625,206.7100067138672,215.44000244140625,218.5800018310547,199.1501007080078,5.45,5.65,0.5900919897460939,True,AMD,431.0,2.23,1728.0,10141.0,2352.9002320185614,1.533632286995516,-0.03154179314350311,258778654648.0,153.3632286995516,2.214118087828262e-05
IONQ260320P00045000,45.0,11.7,买 Put，看跌,-2.6178030834189863,PUT,4851.0,6281.0,5675670.0,0.028419206993716147,7867.0,5M-10M,2026-03-20,35.34000015258789,36.290000915527344,38.5,38.47999954223633,33.630001068115234,11.45,11.65,0.9692385888671876,True,IONQ,1430.0,9.55,7867.0,4851.0,339.2307692307692,0.22513089005235584,-0.02617803083418986,19971246915.0,22.513089005235585,0.0002841920699371615
NVDA260204C00175000,175.0,0.55,卖 Call，看跌,-1.752170246429009,CALL,102417.0,108640.0,5632935.000000001,0.00013009036685075374,976.0,5M-10M,2026-02-04,174.1934051513672,177.3000030517578,179.44000244140625,179.57000732421875,171.91000366210938,0.54,0.56,0.2485426708984375,False,NVDA,6223.0,6.0,976.0,102417.0,1645.78177727784,-0.9083333333333333,-0.01752170246429009,4330017000000.0,-90.83333333333333,1.3009036685075374e-06
AMD260220P00210000,210.0,13.91,买 Put，看跌,-3.154179314350311,PUT,4044.0,4239.0,5625204.0,0.0021737511572009695,9939.0,5M-10M,2026-02-20,200.19000244140625,206.7100067138672,215.44000244140625,218.5800018310547,199.1501007080078,14.4,14.9,0.5042774182128906,True,AMD,195.0,9.05,9939.0,4044.0,2073.846153846154,0.5370165745856352,-0.03154179314350311,258778654648.0,53.701657458563524,2.1737511572009694e-05
SNOW260618C00190000,190.0,14.8,卖 Call，看空/价差对冲,1.6649238694718471,CALL,3795.0,3844.0,5616600.0,0.007379773004773004,409.0,5M-10M,2026-06-18,165.1750030517578,162.47000122070312,171.0500030517578,171.4550018310547,159.5399932861328,15.6,16.1,0.6179237426757813,False,SNOW,49.0,18.42,409.0,3795.0,7744.897959183673,-0.19652551574375682,0.01664923869471847,76108032000.0,-19.652551574375682,7.379773004773004e-05
TSLA260213P00420000,420.0,19.37,买 Put，看跌,-2.8498285029292627,PUT,2879.0,5399.0,5576623.0,0.00039258509851564365,2447.0,5M-10M,2026-02-13,406.010009765625,417.9200134277344,420.4599914550781,423.8999938964844,399.1799926757813,18.8,19.0,0.3874572973632812,True,TSLA,2520.0,11.2,2447.0,2879.0,114.24603174603175,0.7294642857142859,-0.028498285029292626,1420487690716.0,72.94642857142858,3.925850985156436e-06
SHOP260618P00090000,90.0,6.7,买 Put平仓/做波动率交易,3.232231592090615,PUT,8115.0,8175.0,5437050.0,0.0029835150188490455,401.0,5M-10M,2026-06-18,114.0199966430664,110.4499969482422,116.01000213623048,116.4000015258789,109.88999938964844,6.2,6.6,0.6350134155273439,False,SHOP,60.0,5.17,401.0,8115.0,13525.0,0.2959381044487428,0.03232231592090615,182236387806.0,29.59381044487428,2.9835150188490454e-05
NVDA260206P00172500,172.5,1.99,买 Put，看跌,-1.752170246429009,PUT,27112.0,27130.0,5395288.0,0.0001246020050267701,29760.0,5M-10M,2026-02-06,174.1934051513672,177.3000030517578,179.44000244140625,179.57000732421875,171.91000366210938,1.95,1.97,0.4360407958984374,False,NVDA,18.0,1.32,29760.0,27112.0,150622.22222222222,0.5075757575757575,-0.01752170246429009,4330017000000.0,50.757575757575744,1.246020050267701e-06
MU260213P00330000,330.0,5.0,买 Put，看跌,-5.665156357663355,PUT,10616.0,10618.0,5308000.0,0.00301582676168297,970.0,5M-10M,2026-02-13,379.6600036621094,402.4599914550781,410.5050048828125,413.0,363.9010009765625,4.9,5.15,0.9083261120605468,False,MU,2.0,2.43,970.0,10616.0,530800.0,1.0576131687242798,-0.05665156357663354,176004804634.0,105.76131687242798,3.01582676168297e-05
AMD260206C00202500,202.5,4.87,卖 Call，看跌,-3.154179314350311,CALL,10809.0,10813.0,5263983.0,0.0020341642965723966,21.0,5M-10M,2026-02-06,200.19000244140625,206.7100067138672,215.44000244140625,218.5800018310547,199.1501007080078,4.8,4.9,0.8149432568359375,False,AMD,4.0,39.85,21.0,10809.0,270225.0,-0.8777917189460478,-0.03154179314350311,258778654648.0,-87.77917189460479,2.0341642965723964e-05
AMD260320C00210000,210.0,13.0,卖 Call，看跌,-3.154179314350311,CALL,4022.0,4071.0,5228600.0,0.0020204912213923243,5994.0,5M-10M,2026-03-20,200.19000244140625,206.7100067138672,215.44000244140625,218.5800018310547,199.1501007080078,12.9,13.05,0.6084023535156251,False,AMD,49.0,18.56,5994.0,4022.0,8208.163265306122,-0.2995689655172413,-0.03154179314350311,258778654648.0,-29.95689655172413,2.0204912213923243e-05
PLTR260206P00152500,152.5,15.0,买 Put，看跌,-2.3171247294061903,PUT,3394.0,3540.0,5091000.0,0.0012085263601466461,4602.0,5M-10M,2026-02-06,139.5399932861328,142.85000610351562,155.36500549316406,155.85000610351562,135.67999267578125,14.9,15.05,1.2426795678710936,True,PLTR,146.0,3.05,4602.0,3394.0,2324.6575342465753,3.918032786885246,-0.023171247294061902,421256843697.0,391.8032786885246,1.208526360146646e-05
AMD260213P00200000,200.0,7.5,买 Put，看跌,-3.154179314350311,PUT,6775.0,7099.0,5081250.0,0.0019635506672340103,1908.0,5M-10M,2026-02-13,200.19000244140625,206.7100067138672,215.44000244140625,218.5800018310547,199.1501007080078,7.45,7.6,0.5769085278320312,False,AMD,324.0,3.95,1908.0,6775.0,2091.0493827160494,0.8987341772151898,-0.03154179314350311,258778654648.0,89.87341772151898,1.9635506672340105e-05
PLTR260206C00140000,140.0,2.65,卖 Call，看跌,-2.3171247294061903,CALL,19111.0,19863.0,5064415.0,0.0012022154834457034,2177.0,5M-10M,2026-02-06,139.5399932861328,142.85000610351562,155.36500549316406,155.85000610351562,135.67999267578125,2.65,2.68,0.5715374877929689,False,PLTR,752.0,18.0,2177.0,19111.0,2541.356382978723,-0.8527777777777777,-0.023171247294061902,421256843697.0,-85.27777777777777,1.2022154834457035e-05
MSFT260320C00450000,450.0,4.15,买 Call，看涨,1.0194855189439707,CALL,12193.0,12223.0,5060095.0,0.0001330984942627459,10255.0,5M-10M,2026-03-20,414.1900024414063,410.010009765625,411.05999755859375,418.6700134277344,409.260009765625,4.1,4.15,0.2662732064819336,False,MSFT,30.0,3.46,10255.0,12193.0,40643.333333333336,0.1994219653179192,0.010194855189439706,3801767276203.0,19.942196531791918,1.3309849426274588e-06
IREN260320C00055000,55.0,4.9,卖 Call，看跌,-6.071695098498853,CALL,10285.0,10308.0,5039650.000000001,0.04426529815293918,20566.0,5M-10M,2026-03-20,44.93999862670898,47.845001220703125,52.244998931884766,52.5,43.90999984741211,4.8,5.0,1.309573764648437,False,IREN,23.0,6.91,20566.0,10285.0,44717.391304347824,-0.29088277858176553,-0.06071695098498853,11385103479.0,-29.088277858176554,0.00044265298152939176
MU260206P00385000,385.0,13.96,买 Put，看跌,-5.665156357663355,PUT,3569.0,3578.0,4982324.000000001,0.0028307886312312256,1387.0,<=5M,2026-02-06,379.6600036621094,402.4599914550781,410.5050048828125,413.0,363.9010009765625,14.1,14.9,0.8416763879394531,True,MU,9.0,6.2,1387.0,3569.0,39655.555555555555,1.2516129032258065,-0.05665156357663354,176004804634.0,125.16129032258065,2.8307886312312254e-05
MU260206P00367500,367.5,6.7,买 Put，看跌,-5.665156357663355,PUT,7382.0,7415.0,4945940.0,0.0028101164682890483,8883.0,<=5M,2026-02-06,379.6600036621094,402.4599914550781,410.5050048828125,413.0,363.9010009765625,6.55,7.0,0.8793957373046875,False,MU,33.0,2.4,8883.0,7382.0,22369.696969696968,1.791666666666667,-0.05665156357663354,176004804634.0,179.16666666666669,2.8101164682890484e-05
NVDA260320C00175000,175.0,12.5,卖 Call，看跌,-1.752170246429009,CALL,3932.0,3935.0,4915000.0,0.0001135099469586378,35988.0,<=5M,2026-03-20,174.1934051513672,177.3000030517578,179.44000244140625,179.57000732421875,171.91000366210938,12.4,12.45,0.5250291638183593,False,NVDA,3.0,14.82,35988.0,3932.0,131066.66666666667,-0.15654520917678813,-0.01752170246429009,4330017000000.0,-15.654520917678813,1.135099469586378e-06
AMD270115P00150000,150.0,15.78,买 Put，看跌,-3.154179314350311,PUT,3076.0,3096.0,4853928.0,0.0018757064822840536,6891.0,<=5M,2027-01-15,200.19000244140625,206.7100067138672,215.44000244140625,218.5800018310547,199.1501007080078,15.6,15.85,0.5282945120239259,False,AMD,20.0,9.95,6891.0,3076.0,15380.000000000002,0.5859296482412061,-0.03154179314350311,258778654648.0,58.59296482412061,1.8757064822840536e-05
IREN260206C00044500,44.5,4.1,卖 Call，看跌,-6.071695098498853,CALL,11753.0,11774.0,4818730.0,0.04232486783179637,25.0,<=5M,2026-02-06,44.93999862670898,47.845001220703125,52.244998931884766,52.5,43.90999984741211,4.15,4.5,2.541019272460937,True,IREN,21.0,9.58,25.0,11753.0,55966.666666666664,-0.5720250521920669,-0.06071695098498853,11385103479.0,-57.20250521920669,0.0004232486783179637
PLTR260320P00145000,145.0,14.53,买 Put，看跌,-2.3171247294061903,PUT,3315.0,3319.0,4816695.0,0.0011434105040829994,7269.0,<=5M,2026-03-20,139.5399932861328,142.85000610351562,155.36500549316406,155.85000610351562,135.67999267578125,14.45,14.55,0.5814250842285156,True,PLTR,4.0,6.1,7269.0,3315.0,82875.0,1.3819672131147542,-0.023171247294061902,421256843697.0,138.19672131147541,1.1434105040829993e-05
AMD260213C00200000,200.0,9.5,卖 Call，看跌,-3.154179314350311,CALL,5064.0,5157.0,4810800.0,0.00185904050183112,879.0,<=5M,2026-02-13,200.19000244140625,206.7100067138672,215.44000244140625,218.5800018310547,199.1501007080078,9.4,9.55,0.7102079760742188,True,AMD,93.0,43.25,879.0,5064.0,5445.1612903225805,-0.7803468208092486,-0.03154179314350311,258778654648.0,-78.03468208092485,1.85904050183112e-05
GOOGL260220C00340000,340.0,11.55,卖 Call，看跌,-1.0807012620508851,CALL,4113.0,4123.0,4750515.0,0.00015932478379891306,9224.0,<=5M,2026-02-20,333.0400085449219,336.6784973144531,342.9599914550781,343.3099975585937,328.5299987792969,11.2,11.4,0.5012256909179689,False,GOOGL,10.0,15.22,9224.0,4113.0,41130.0,-0.24113009198423127,-0.01080701262050885,2981654760000.0,-24.11300919842313,1.5932478379891306e-06
PLTR260206P00137000,137.0,3.4,买 Put，看跌,-2.3171247294061903,PUT,13756.0,13758.0,4677040.0,0.0011102585204204026,1821.0,<=5M,2026-02-06,139.5399932861328,142.85000610351562,155.36500549316406,155.85000610351562,135.67999267578125,3.3,3.35,0.8964854101562498,False,PLTR,2.0,0.3,1821.0,13756.0,687800.0,10.333333333333334,-0.023171247294061902,421256843697.0,1033.3333333333335,1.1102585204204026e-05
PLTR260918P00120000,120.0,13.9,买 Put，看跌,-2.3171247294061903,PUT,3359.0,3711.0,4669010.0,0.0011083523199348442,3223.0,<=5M,2026-09-18,139.5399932861328,142.85000610351562,155.36500549316406,155.85000610351562,135.67999267578125,14.5,14.75,0.5715374877929689,False,PLTR,352.0,9.61,3223.0,3359.0,954.2613636363636,0.4464099895941729,-0.023171247294061902,421256843697.0,44.64099895941729,1.1083523199348441e-05
MU260206P00375000,375.0,9.69,买 Put，看跌,-5.665156357663355,PUT,4815.0,4832.0,4665735.0,0.002650913428018254,3459.0,<=5M,2026-02-06,379.6600036621094,402.4599914550781,410.5050048828125,413.0,363.9010009765625,9.4,9.75,0.8618177880859376,False,MU,17.0,3.62,3459.0,4815.0,28323.529411764706,1.676795580110497,-0.05665156357663354,176004804634.0,167.6795580110497,2.650913428018254e-05
NVDA260220C00185000,185.0,2.71,卖 Call，看跌,-1.752170246429009,CALL,17089.0,17095.0,4631119.0,0.00010695382951152386,42668.0,<=5M,2026-02-20,174.1934051513672,177.3000030517578,179.44000244140625,179.57000732421875,171.91000366210938,2.68,2.71,0.4393366613769531,False,NVDA,6.0,4.2,42668.0,17089.0,284816.6666666666,-0.3547619047619048,-0.01752170246429009,4330017000000.0,-35.476190476190474,1.0695382951152386e-06
PLTR260213P00150000,150.0,13.73,买 Put，看跌,-2.3171247294061903,PUT,3372.0,3673.0,4629756.000000001,0.0010990340143482806,4492.0,<=5M,2026-02-13,139.5399932861328,142.85000610351562,155.36500549316406,155.85000610351562,135.67999267578125,13.75,13.85,0.7778342529296876,True,PLTR,301.0,3.7,4492.0,3372.0,1120.265780730897,2.710810810810811,-0.023171247294061902,421256843697.0,271.0810810810811,1.0990340143482805e-05
TSLA260220C00410000,410.0,14.9,卖 Call，看跌,-2.8498285029292627,CALL,3089.0,3094.0,4602610.0,0.0003240161833208174,1474.0,<=5M,2026-02-20,406.010009765625,417.9200134277344,420.4599914550781,423.8999938964844,399.1799926757813,14.9,15.05,0.4832815344238281,False,TSLA,5.0,21.3,1474.0,3089.0,61779.99999999999,-0.3004694835680751,-0.028498285029292626,1420487690716.0,-30.046948356807512,3.240161833208174e-06
NVDA260206P00185000,185.0,10.06,买 Put，看跌,-1.752170246429009,PUT,4574.0,4576.0,4601444.0,0.00010626849732922527,30250.0,<=5M,2026-02-06,174.1934051513672,177.3000030517578,179.44000244140625,179.57000732421875,171.91000366210938,10.05,10.15,1.0000000000000004e-05,True,NVDA,2.0,6.61,30250.0,4574.0,228700.0,0.5219364599092284,-0.01752170246429009,4330017000000.0,52.193645990922846,1.0626849732922526e-06
MU260206P00370000,370.0,7.45,买 Put，看跌,-5.665156357663355,PUT,6139.0,6236.0,4573555.0,0.0025985398577673237,3511.0,<=5M,2026-02-06,379.6600036621094,402.4599914550781,410.5050048828125,413.0,363.9010009765625,7.45,7.95,0.8789074609374999,False,MU,97.0,2.76,3511.0,6139.0,6328.865979381443,1.6992753623188408,-0.05665156357663354,176004804634.0,169.9275362318841,2.598539857767324e-05
MSFT260220C00415000,415.0,9.85,买 Call，看涨,1.0194855189439707,CALL,4581.0,4582.0,4512285.0,0.00011868914302683532,2708.0,<=5M,2026-02-20,414.1900024414063,410.010009765625,411.05999755859375,418.6700134277344,409.260009765625,9.6,9.7,0.2829661547851562,False,MSFT,1.0,7.75,2708.0,4581.0,458100.0,0.27096774193548384,0.010194855189439706,3801767276203.0,27.096774193548384,1.1868914302683532e-06
AMD260213C00210000,210.0,5.07,卖 Call，看跌,-3.154179314350311,CALL,8889.0,8896.0,4506723.0,0.0017415358334443025,421.0,<=5M,2026-02-13,200.19000244140625,206.7100067138672,215.44000244140625,218.5800018310547,199.1501007080078,5.05,5.15,0.6785920812988282,False,AMD,7.0,9.15,421.0,8889.0,126985.71428571429,-0.4459016393442623,-0.03154179314350311,258778654648.0,-44.59016393442623,1.7415358334443025e-05
GOOGL260206C00345000,345.0,6.5,卖 Call，看跌,-1.0807012620508851,CALL,6916.0,6938.0,4495400.0,0.00015076862889384284,10293.0,<=5M,2026-02-06,333.0400085449219,336.6784973144531,342.9599914550781,343.3099975585937,328.5299987792969,6.5,6.55,0.9409185595703125,False,GOOGL,22.0,9.7,10293.0,6916.0,31436.363636363636,-0.3298969072164948,-0.01080701262050885,2981654760000.0,-32.98969072164948,1.5076862889384282e-06
NVDA260306C00180000,180.0,7.95,卖 Call，看跌,-1.752170246429009,CALL,5640.0,5644.0,4483800.0,0.00010355155649504378,4214.0,<=5M,2026-03-06,174.1934051513672,177.3000030517578,179.44000244140625,179.57000732421875,171.91000366210938,7.9,8.0,0.5153857055664062,False,NVDA,4.0,10.05,4214.0,5640.0,141000.0,-0.20895522388059706,-0.01752170246429009,4330017000000.0,-20.895522388059707,1.0355155649504379e-06
AMD260515C00240000,240.0,12.7,卖 Call，看跌,-3.154179314350311,CALL,3515.0,3631.0,4464050.0,0.001725045678930575,1812.0,<=5M,2026-05-15,200.19000244140625,206.7100067138672,215.44000244140625,218.5800018310547,199.1501007080078,12.25,12.5,0.6076699389648439,False,AMD,116.0,16.27,1812.0,3515.0,3030.1724137931037,-0.21942224953902892,-0.03154179314350311,258778654648.0,-21.94222495390289,1.725045678930575e-05
TSLA260220C00420000,420.0,10.55,卖 Call，看跌,-2.8498285029292627,CALL,4214.0,4246.0,4445770.0,0.0003129749049609222,3717.0,<=5M,2026-02-20,406.010009765625,417.9200134277344,420.4599914550781,423.8999938964844,399.1799926757813,10.5,10.6,0.4689994506835938,False,TSLA,32.0,16.0,3717.0,4214.0,13168.75,-0.34062499999999996,-0.028498285029292626,1420487690716.0,-34.06249999999999,3.1297490496092223e-06
NVDA260206C00182500,182.5,0.58,卖 Call，看跌,-1.752170246429009,CALL,76636.0,76670.0,4444888.0,0.0001026528995151751,15019.0,<=5M,2026-02-06,174.1934051513672,177.3000030517578,179.44000244140625,179.57000732421875,171.91000366210938,0.57,0.58,0.48438015625,False,NVDA,34.0,1.99,15019.0,76636.0,225400.0,-0.7085427135678393,-0.01752170246429009,4330017000000.0,-70.85427135678393,1.0265289951517511e-06
PLTR260206P00147000,147.0,9.85,买 Put，看跌,-2.3171247294061903,PUT,4472.0,4528.0,4404920.0,0.0010456613502921163,3391.0,<=5M,2026-02-06,139.5399932861328,142.85000610351562,155.36500549316406,155.85000610351562,135.67999267578125,9.9,10.05,1.052739111328125,True,PLTR,56.0,1.28,3391.0,4472.0,7985.714285714286,6.6953125,-0.023171247294061902,421256843697.0,669.53125,1.0456613502921164e-05
NVDA260717P00150000,150.0,9.75,买 Put，看跌,-1.752170246429009,PUT,4515.0,5746.0,4402125.0,0.00010166530524014109,13337.0,<=5M,2026-07-17,174.1934051513672,177.3000030517578,179.44000244140625,179.57000732421875,171.91000366210938,9.7,9.85,0.4552666778564453,False,NVDA,1231.0,8.97,13337.0,4515.0,366.77497969130786,0.08695652173913036,-0.01752170246429009,4330017000000.0,8.695652173913036,1.016653052401411e-06
TSLA260206C00425000,425.0,1.42,卖 Call，看跌,-2.8498285029292627,CALL,30398.0,30556.0,4316516.0,0.0003038756356856743,4917.0,<=5M,2026-02-06,406.010009765625,417.9200134277344,420.4599914550781,423.8999938964844,399.1799926757813,1.41,1.42,0.4860891235351562,False,TSLA,158.0,4.35,4917.0,30398.0,19239.240506329115,-0.6735632183908046,-0.028498285029292626,1420487690716.0,-67.35632183908045,3.038756356856743e-06
NVDA260204P00175000,175.0,0.41,卖 Put，看涨/对冲,-1.752170246429009,PUT,105205.0,105942.0,4313405.0,9.961635254549807e-05,10592.0,<=5M,2026-02-04,174.1934051513672,177.3000030517578,179.44000244140625,179.57000732421875,171.91000366210938,0.41,0.42,1.0000000000000004e-05,True,NVDA,737.0,0.65,10592.0,105205.0,14274.762550881955,-0.3692307692307693,-0.01752170246429009,4330017000000.0,-36.923076923076934,9.961635254549808e-07
AMD260206C00215000,215.0,1.18,卖 Call，看跌,-3.154179314350311,CALL,36360.0,36818.0,4290480.0,0.0016579729135063573,1164.0,<=5M,2026-02-06,200.19000244140625,206.7100067138672,215.44000244140625,218.5800018310547,199.1501007080078,1.17,1.19,0.7753928710937501,False,AMD,458.0,4.9,1164.0,36360.0,7938.864628820961,-0.7591836734693879,-0.03154179314350311,258778654648.0,-75.91836734693878,1.6579729135063573e-05
AMD260206C00207500,207.5,2.85,卖 Call，看跌,-3.154179314350311,CALL,15047.0,15078.0,4288395.0,0.0016571672056310935,264.0,<=5M,2026-02-06,200.19000244140625,206.7100067138672,215.44000244140625,218.5800018310547,199.1501007080078,2.8,2.88,0.7834494311523439,False,AMD,31.0,8.9,264.0,15047.0,48538.709677419356,-0.6797752808988765,-0.03154179314350311,258778654648.0,-67.97752808988766,1.6571672056310936e-05
NVDA260306P00140000,140.0,0.97,买 Put，看跌,-1.752170246429009,PUT,44198.0,44473.0,4287206.0,9.901129718428356e-05,361.0,<=5M,2026-03-06,174.1934051513672,177.3000030517578,179.44000244140625,179.57000732421875,171.91000366210938,0.97,0.98,0.5476119458007813,False,NVDA,275.0,0.89,361.0,44198.0,16072.0,0.08988764044943816,-0.01752170246429009,4330017000000.0,8.988764044943816,9.901129718428357e-07
MU260220P00350000,350.0,12.59,买 Put，看跌,-5.665156357663355,PUT,3373.0,3381.0,4246607.0,0.002412779019772086,4549.0,<=5M,2026-02-20,379.6600036621094,402.4599914550781,410.5050048828125,413.0,363.9010009765625,12.05,13.05,0.7841208111572266,False,MU,8.0,6.89,4549.0,3373.0,42162.5,0.8272859216255444,-0.05665156357663354,176004804634.0,82.72859216255443,2.412779019772086e-05
MSFT260206C00415000,415.0,4.5,买 Call，看涨,1.0194855189439707,CALL,9428.0,9429.0,4242600.0,0.00011159546841692214,2711.0,<=5M,2026-02-06,414.1900024414063,410.010009765625,411.05999755859375,418.6700134277344,409.260009765625,4.55,4.65,0.3364324169921875,False,MSFT,1.0,3.1,2711.0,9428.0,942800.0,0.4516129032258064,0.010194855189439706,3801767276203.0,45.16129032258064,1.1159546841692214e-06
PLTR260206P00142000,142.0,6.0,买 Put，看跌,-2.3171247294061903,PUT,6998.0,10791.0,4198800.0,0.0009967315814149945,5337.0,<=5M,2026-02-06,139.5399932861328,142.85000610351562,155.36500549316406,155.85000610351562,135.67999267578125,6.15,6.25,0.9570316796875,True,PLTR,3793.0,0.39,5337.0,6998.0,184.49775902979172,14.384615384615385,-0.023171247294061902,421256843697.0,1438.4615384615386,9.967315814149945e-06
NVDA260227C00180000,180.0,7.05,卖 Call，看跌,-1.752170246429009,CALL,5921.0,5938.0,4174304.9999999995,9.64038940262821e-05,5589.0,<=5M,2026-02-27,174.1934051513672,177.3000030517578,179.44000244140625,179.57000732421875,171.91000366210938,6.9,7.0,0.5289353747558594,False,NVDA,17.0,9.0,5589.0,5921.0,34829.41176470588,-0.21666666666666667,-0.01752170246429009,4330017000000.0,-21.666666666666668,9.64038940262821e-07
GOOGL260206C00332500,332.5,11.8,卖 Call，看跌,-1.0807012620508851,CALL,3489.0,3749.0,4117020.0000000005,0.00013807836021900808,664.0,<=5M,2026-02-06,333.0400085449219,336.6784973144531,342.9599914550781,343.3099975585937,328.5299987792969,11.8,11.9,0.9622806506347656,True,GOOGL,260.0,14.7,664.0,3489.0,1341.923076923077,-0.19727891156462576,-0.01080701262050885,2981654760000.0,-19.727891156462576,1.3807836021900808e-06
AMD260213C00205000,205.0,7.08,卖 Call，看跌,-3.154179314350311,CALL,5783.0,5862.0,4094364.0,0.0015821876829714959,143.0,<=5M,2026-02-13,200.19000244140625,206.7100067138672,215.44000244140625,218.5800018310547,199.1501007080078,6.9,7.05,0.6865265722656251,False,AMD,79.0,13.25,143.0,5783.0,7320.2531645569625,-0.4656603773584906,-0.03154179314350311,258778654648.0,-46.56603773584906,1.5821876829714958e-05
AMD260320P00165000,165.0,3.59,买 Put，看跌,-3.154179314350311,PUT,11391.0,11402.0,4089368.9999999995,0.0015802574619465835,5964.0,<=5M,2026-03-20,200.19000244140625,206.7100067138672,215.44000244140625,218.5800018310547,199.1501007080078,3.5,3.65,0.5918009570312501,False,AMD,11.0,2.04,5964.0,11391.0,103554.54545454546,0.7598039215686273,-0.03154179314350311,258778654648.0,75.98039215686273,1.5802574619465836e-05
TSLA260206C00417500,417.5,3.01,卖 Call，看跌,-2.8498285029292627,CALL,13404.0,13410.0,4034603.9999999995,0.00028402949398078546,1276.0,<=5M,2026-02-06,406.010009765625,417.9200134277344,420.4599914550781,423.8999938964844,399.1799926757813,3.0,3.1,0.5025684509277344,False,TSLA,6.0,8.8,1276.0,13404.0,223400.0,-0.6579545454545455,-0.028498285029292626,1420487690716.0,-65.79545454545455,2.8402949398078544e-06
NVDA260213C00182500,182.5,2.35,卖 Call，看跌,-1.752170246429009,CALL,17109.0,17145.0,4020615.0,9.285448532881048e-05,2168.0,<=5M,2026-02-13,174.1934051513672,177.3000030517578,179.44000244140625,179.57000732421875,171.91000366210938,2.32,2.34,0.469731865234375,False,NVDA,36.0,4.05,2168.0,17109.0,47525.0,-0.41975308641975306,-0.01752170246429009,4330017000000.0,-41.9753086419753,9.285448532881049e-07
TSLA260213P00400000,400.0,8.95,买 Put，看跌,-2.8498285029292627,PUT,4489.0,4494.0,4017654.9999999995,0.00028283631222280367,3545.0,<=5M,2026-02-13,406.010009765625,417.9200134277344,420.4599914550781,423.8999938964844,399.1799926757813,8.8,8.85,0.4363459686279296,False,TSLA,5.0,5.1,3545.0,4489.0,89780.0,0.7549019607843137,-0.028498285029292626,1420487690716.0,75.49019607843137,2.8283631222280367e-06
MSFT260417C00420000,420.0,18.5,买 Call，看涨,1.0194855189439707,CALL,2110.0,3714.0,3903500.0,0.00010267593243894206,2305.0,<=5M,2026-04-17,414.1900024414063,410.010009765625,411.05999755859375,418.6700134277344,409.260009765625,18.2,18.35,0.284064776611328,False,MSFT,1604.0,16.46,2305.0,2110.0,131.54613466334163,0.12393681652490882,0.010194855189439706,3801767276203.0,12.393681652490882,1.0267593243894205e-06
MU260206P00360000,360.0,4.2,买 Put，看跌,-5.665156357663355,PUT,9217.0,9238.0,3871140.0,0.0021994513206897914,2596.0,<=5M,2026-02-06,379.6600036621094,402.4599914550781,410.5050048828125,413.0,363.9010009765625,4.2,4.75,0.881715050048828,False,MU,21.0,1.51,2596.0,9217.0,43890.47619047619,1.7814569536423843,-0.05665156357663354,176004804634.0,178.14569536423843,2.1994513206897914e-05
NVDA260220P00175000,175.0,6.25,买 Put，看跌,-1.752170246429009,PUT,6158.0,6165.0,3848750.0,8.888533232086618e-05,31742.0,<=5M,2026-02-20,174.1934051513672,177.3000030517578,179.44000244140625,179.57000732421875,171.91000366210938,6.35,6.45,0.4018614501953125,True,NVDA,7.0,4.7,31742.0,6158.0,87971.42857142857,0.32978723404255317,-0.01752170246429009,4330017000000.0,32.97872340425532,8.888533232086618e-07
NVDA260213P00175000,175.0,5.2,买 Put，看跌,-1.752170246429009,PUT,7329.0,7361.0,3811080.0000000005,8.801535883115471e-05,7689.0,<=5M,2026-02-13,174.1934051513672,177.3000030517578,179.44000244140625,179.57000732421875,171.91000366210938,5.15,5.2,0.4152890502929687,True,NVDA,32.0,3.7,7689.0,7329.0,22903.125,0.4054054054054054,-0.01752170246429009,4330017000000.0,40.54054054054054,8.801535883115471e-07
NVDA260206C00170000,170.0,6.58,卖 Call，看跌,-1.752170246429009,CALL,5733.0,5734.0,3772314.0,8.712007366252835e-05,2689.0,<=5M,2026-02-06,174.1934051513672,177.3000030517578,179.44000244140625,179.57000732421875,171.91000366210938,6.6,6.65,0.6748079394531252,True,NVDA,1.0,10.2,2689.0,5733.0,573300.0,-0.3549019607843137,-0.01752170246429009,4330017000000.0,-35.49019607843137,8.712007366252835e-07
NVDA260213C00185000,185.0,1.64,卖 Call，看跌,-1.752170246429009,CALL,22839.0,22857.0,3745596.0,8.650303220518535e-05,11140.0,<=5M,2026-02-13,174.1934051513672,177.3000030517578,179.44000244140625,179.57000732421875,171.91000366210938,1.64,1.66,0.4587456469726563,False,NVDA,18.0,2.91,11140.0,22839.0,126883.33333333333,-0.43642611683848803,-0.01752170246429009,4330017000000.0,-43.642611683848806,8.650303220518534e-07
NVDA260618C00200000,200.0,11.5,卖 Call，看跌,-1.752170246429009,CALL,3249.0,7229.0,3736350.0,8.62894995562373e-05,60902.0,<=5M,2026-06-18,174.1934051513672,177.3000030517578,179.44000244140625,179.57000732421875,171.91000366210938,11.4,11.5,0.4880727462768555,False,NVDA,3980.0,13.55,60902.0,3249.0,81.63316582914572,-0.15129151291512918,-0.01752170246429009,4330017000000.0,-15.129151291512919,8.628949955623731e-07
MU260213C00400000,400.0,12.0,卖 Call，看跌,-5.665156357663355,CALL,3063.0,3066.0,3675600.0,0.0020883520808669793,939.0,<=5M,2026-02-13,379.6600036621094,402.4599914550781,410.5050048828125,413.0,363.9010009765625,11.7,12.55,0.8059101440429688,False,MU,3.0,20.67,939.0,3063.0,102100.0,-0.41944847605224966,-0.05665156357663354,176004804634.0,-41.944847605224965,2.088352080866979e-05
GOOGL260206C00355000,355.0,3.65,卖 Call，看跌,-1.0807012620508851,CALL,9984.0,10043.0,3644160.0,0.00012221938129416434,4267.0,<=5M,2026-02-06,333.0400085449219,336.6784973144531,342.9599914550781,343.3099975585937,328.5299987792969,3.6,3.75,0.9216316430664062,False,GOOGL,59.0,5.73,4267.0,9984.0,16922.033898305086,-0.36300174520069817,-0.01080701262050885,2981654760000.0,-36.30017452006982,1.2221938129416433e-06
TSLA260320C00450000,450.0,11.02,卖 Call，看跌,-2.8498285029292627,CALL,3277.0,3278.0,3611254.0,0.0002542263494152307,12513.0,<=5M,2026-03-20,406.010009765625,417.9200134277344,420.4599914550781,423.8999938964844,399.1799926757813,11.0,11.15,0.4642387561035156,False,TSLA,1.0,15.05,12513.0,3277.0,327700.0,-0.2677740863787376,-0.028498285029292626,1420487690716.0,-26.777408637873762,2.5422634941523072e-06
MU260206P00350000,350.0,2.7,买 Put，看跌,-5.665156357663355,PUT,13281.0,13345.0,3585870.0000000005,0.002037370518070104,5952.0,<=5M,2026-02-06,379.6600036621094,402.4599914550781,410.5050048828125,413.0,363.9010009765625,2.8,2.95,0.9467778759765624,False,MU,64.0,0.76,5952.0,13281.0,20751.5625,2.5526315789473686,-0.05665156357663354,176004804634.0,255.26315789473685,2.037370518070104e-05
AVGO260204C00305000,305.0,4.5,卖 Call，看跌,-1.4397696930901092,CALL,7946.0,8065.0,3575700.0,0.00022634267826800335,43.0,<=5M,2026-02-04,308.04998779296875,312.54998779296875,319.25,319.45001220703125,295.29998779296875,4.15,4.6,0.4399470068359374,True,AVGO,119.0,8.3,43.0,7946.0,6677.310924369747,-0.45783132530120485,-0.014397696930901092,1579772770810.0,-45.78313253012048,2.2634267826800334e-06
RIOT260220P00017000,17.0,3.57,买 Put平仓/做波动率交易,1.5804616797630302,PUT,9886.0,9930.0,3529301.9999999995,0.05397613585426079,11148.0,<=5M,2026-02-20,14.140000343322754,13.920000076293944,15.020000457763672,15.109999656677246,13.454999923706056,3.0,3.85,1.205082099609375,True,RIOT,44.0,2.36,11148.0,9886.0,22468.18181818182,0.5127118644067796,0.015804616797630303,6538634054.0,51.271186440677965,0.0005397613585426079
AMD260206P00197500,197.5,3.42,买 Put，看跌,-3.154179314350311,PUT,10251.0,11304.0,3505842.0,0.0013547647524363136,2137.0,<=5M,2026-02-06,200.19000244140625,206.7100067138672,215.44000244140625,218.5800018310547,199.1501007080078,3.3,3.45,0.6391637646484375,False,AMD,1053.0,1.29,2137.0,10251.0,973.5042735042734,1.6511627906976742,-0.03154179314350311,258778654648.0,165.11627906976742,1.3547647524363136e-05
IONQ260320P00035000,35.0,4.78,买 Put，看跌,-2.6178030834189863,PUT,7138.0,7139.0,3411964.0,0.017084381433576604,1740.0,<=5M,2026-03-20,35.34000015258789,36.290000915527344,38.5,38.47999954223633,33.630001068115234,4.65,5.0,1.0190478735351562,False,IONQ,1.0,3.5,1740.0,7138.0,713800.0,0.36571428571428577,-0.02617803083418986,19971246915.0,36.57142857142858,0.00017084381433576603
MSFT260204C00415000,415.0,0.92,卖 Call，看空/价差对冲,1.0194855189439707,CALL,36672.0,37260.0,3373824.0,8.874356989493565e-05,4378.0,<=5M,2026-02-04,414.1900024414063,410.010009765625,411.05999755859375,418.6700134277344,409.260009765625,0.78,0.83,0.137703935546875,False,MSFT,588.0,1.4,4378.0,36672.0,6236.734693877551,-0.3428571428571428,0.010194855189439706,3801767276203.0,-34.28571428571428,8.874356989493564e-07
IREN260320C00050000,50.0,6.15,卖 Call，看跌,-6.071695098498853,CALL,5468.0,5653.0,3362820.0000000005,0.029537017438644928,6917.0,<=5M,2026-03-20,44.93999862670898,47.845001220703125,52.244998931884766,52.5,43.90999984741211,6.2,6.4,1.3049351159667966,False,IREN,185.0,8.7,6917.0,5468.0,2955.6756756756754,-0.293103448275862,-0.06071695098498853,11385103479.0,-29.3103448275862,0.0002953701743864493
AMD260213P00205000,205.0,9.91,买 Put，看跌,-3.154179314350311,PUT,3386.0,3422.0,3355526.0,0.0012966780450127569,751.0,<=5M,2026-02-13,200.19000244140625,206.7100067138672,215.44000244140625,218.5800018310547,199.1501007080078,9.75,10.05,0.5416305603027345,True,AMD,36.0,5.7,751.0,3386.0,9405.555555555557,0.7385964912280701,-0.03154179314350311,258778654648.0,73.85964912280701,1.2966780450127568e-05
TSLA260209C00400000,400.0,13.33,卖 Call，看跌,-2.8498285029292627,CALL,2509.0,3372.0,3344497.0,0.0002354470948153165,105.0,<=5M,2026-02-09,406.010009765625,417.9200134277344,420.4599914550781,423.8999938964844,399.1799926757813,13.4,13.55,0.4981129290771484,True,TSLA,863.0,23.01,105.0,2509.0,290.73001158748554,-0.4206866579747936,-0.028498285029292626,1420487690716.0,-42.06866579747936,2.354470948153165e-06
GOOGL260206C00342500,342.5,7.43,卖 Call，看跌,-1.0807012620508851,CALL,4495.0,4497.0,3339785.0,0.00011201112364866816,8511.0,<=5M,2026-02-06,333.0400085449219,336.6784973144531,342.9599914550781,343.3099975585937,328.5299987792969,7.35,7.5,0.945313046875,False,GOOGL,2.0,10.96,8511.0,4495.0,224750.0,-0.322080291970803,-0.01080701262050885,2981654760000.0,-32.2080291970803,1.1201112364866816e-06
KVUE270115C00013000,13.0,5.1,买 Call，看涨,1.0671189598485176,CALL,6541.0,6543.0,3335910.0,0.010586450573574048,7259.0,<=5M,2027-01-15,17.9950008392334,17.80500030517578,17.600000381469727,18.09499931335449,17.600000381469727,5.0,5.25,0.2861399511718749,True,KVUE,2.0,4.4,7259.0,6541.0,327050.0,0.15909090909090892,0.010671189598485176,31511128086.0,15.909090909090892,0.00010586450573574048
NVDA260417C00190000,190.0,9.0,卖 Call，看跌,-1.752170246429009,CALL,3684.0,3727.0,3315600.0,7.657244763704161e-05,20461.0,<=5M,2026-04-17,174.1934051513672,177.3000030517578,179.44000244140625,179.57000732421875,171.91000366210938,8.85,8.95,0.4812063598632812,False,NVDA,43.0,10.53,20461.0,3684.0,8567.441860465116,-0.14529914529914525,-0.01752170246429009,4330017000000.0,-14.529914529914526,7.657244763704161e-07
AVGO260206P00297500,297.5,3.2,买 Put，看跌,-1.4397696930901092,PUT,10321.0,12119.0,3302720.0000000005,0.0002090629779817379,21194.0,<=5M,2026-02-06,308.04998779296875,312.54998779296875,319.25,319.45001220703125,295.29998779296875,3.1,3.25,0.6635775830078127,False,AVGO,1798.0,1.44,21194.0,10321.0,574.0266963292547,1.2222222222222223,-0.014397696930901092,1579772770810.0,122.22222222222223,2.090629779817379e-06
NVDA260220P00170000,170.0,4.36,买 Put，看跌,-1.752170246429009,PUT,7518.0,7529.0,3277848.0000000005,7.570058039033105e-05,41394.0,<=5M,2026-02-20,174.1934051513672,177.3000030517578,179.44000244140625,179.57000732421875,171.91000366210938,4.4,4.45,0.4272518212890626,False,NVDA,11.0,3.27,41394.0,7518.0,68345.45454545454,0.3333333333333334,-0.01752170246429009,4330017000000.0,33.33333333333334,7.570058039033104e-07
GOOGL260206P00320000,320.0,5.57,买 Put，看跌,-1.0807012620508851,PUT,5857.0,5870.0,3262349.0,0.00010941404228838352,6132.0,<=5M,2026-02-06,333.0400085449219,336.6784973144531,342.9599914550781,343.3099975585937,328.5299987792969,5.45,5.6,0.9163826721191408,False,GOOGL,13.0,2.71,6132.0,5857.0,45053.846153846156,1.0553505535055352,-0.01080701262050885,2981654760000.0,105.53505535055352,1.0941404228838352e-06
GOOGL260206C00360000,360.0,2.68,卖 Call，看跌,-1.0807012620508851,CALL,12135.0,12163.0,3252180.0000000005,0.00010907299006005646,13661.0,<=5M,2026-02-06,333.0400085449219,336.6784973144531,342.9599914550781,343.3099975585937,328.5299987792969,2.64,2.69,0.9123543920898438,False,GOOGL,28.0,4.22,13661.0,12135.0,43339.28571428572,-0.3649289099526066,-0.01080701262050885,2981654760000.0,-36.49289099526066,1.0907299006005646e-06
TSLA260204P00407500,407.5,0.8,买 Put，看跌,-2.8498285029292627,PUT,40560.0,40577.0,3244800.0,0.00022842858978696612,1304.0,<=5M,2026-02-04,406.010009765625,417.9200134277344,420.4599914550781,423.8999938964844,399.1799926757813,0.79,0.82,1.0000000000000004e-05,True,TSLA,17.0,0.54,1304.0,40560.0,238588.23529411765,0.48148148148148145,-0.028498285029292626,1420487690716.0,48.148148148148145,2.2842858978696613e-06
TSLA260209C00420000,420.0,3.7,卖 Call，看跌,-2.8498285029292627,CALL,8648.0,8649.0,3199760.0,0.00022525784777389758,1137.0,<=5M,2026-02-09,406.010009765625,417.9200134277344,420.4599914550781,423.8999938964844,399.1799926757813,3.8,3.85,0.4356745886230468,False,TSLA,1.0,8.8,1137.0,8648.0,864800.0,-0.5795454545454546,-0.028498285029292626,1420487690716.0,-57.95454545454546,2.2525784777389757e-06
PLTR260206C00145000,145.0,1.11,卖 Call，看跌,-2.3171247294061903,CALL,28363.0,28378.0,3148293.0000000005,0.0007473571164732204,863.0,<=5M,2026-02-06,139.5399932861328,142.85000610351562,155.36500549316406,155.85000610351562,135.67999267578125,1.11,1.12,0.6049844189453126,False,PLTR,15.0,9.5,863.0,28363.0,189086.66666666666,-0.8831578947368421,-0.023171247294061902,421256843697.0,-88.31578947368422,7.473571164732204e-06
PLTR260618P00100000,100.0,4.81,买 Put，看跌,-2.3171247294061903,PUT,6458.0,6982.0,3106297.9999999995,0.0007373881389649982,10105.0,<=5M,2026-06-18,139.5399932861328,142.85000610351562,155.36500549316406,155.85000610351562,135.67999267578125,4.75,4.85,0.6325720336914062,False,PLTR,524.0,2.48,10105.0,6458.0,1232.442748091603,0.9395161290322579,-0.023171247294061902,421256843697.0,93.9516129032258,7.373881389649982e-06
NVDA260320P00170000,170.0,9.05,买 Put，看跌,-1.752170246429009,PUT,3391.0,3393.0,3068855.0000000005,7.087397116454739e-05,55024.0,<=5M,2026-03-20,174.1934051513672,177.3000030517578,179.44000244140625,179.57000732421875,171.91000366210938,9.1,9.15,0.461919443359375,False,NVDA,2.0,7.65,55024.0,3391.0,169550.0,0.18300653594771246,-0.01752170246429009,4330017000000.0,18.300653594771248,7.08739711645474e-07
GOOGL260220C00350000,350.0,7.65,卖 Call，看跌,-1.0807012620508851,CALL,3976.0,3986.0,3041640.0,0.00010201181038142726,42289.0,<=5M,2026-02-20,333.0400085449219,336.6784973144531,342.9599914550781,343.3099975585937,328.5299987792969,7.55,7.65,0.4964649963378906,False,GOOGL,10.0,10.25,42289.0,3976.0,39760.0,-0.2536585365853658,-0.01080701262050885,2981654760000.0,-25.36585365853658,1.0201181038142726e-06
AMD260417P00180000,180.0,9.79,买 Put，看跌,-3.154179314350311,PUT,3065.0,3067.0,3000635.0,0.0011595372903076457,3800.0,<=5M,2026-04-17,200.19000244140625,206.7100067138672,215.44000244140625,218.5800018310547,199.1501007080078,9.75,10.0,0.5390060748291017,False,AMD,2.0,7.1,3800.0,3065.0,153250.0,0.37887323943661966,-0.03154179314350311,258778654648.0,37.88732394366197,1.1595372903076458e-05
PLTR260320P00135000,135.0,9.25,买 Put，看跌,-2.3171247294061903,PUT,3228.0,3232.0,2985900.0,0.00070880747569473,6803.0,<=5M,2026-03-20,139.5399932861328,142.85000610351562,155.36500549316406,155.85000610351562,135.67999267578125,9.3,9.4,0.5980875152587892,False,PLTR,4.0,3.34,6803.0,3228.0,80700.0,1.7694610778443114,-0.023171247294061902,421256843697.0,176.94610778443115,7.0880747569473e-06
TSLA260206P00407500,407.5,6.55,买 Put，看跌,-2.8498285029292627,PUT,4556.0,8302.0,2984180.0,0.00021008136990583972,1376.0,<=5M,2026-02-06,406.010009765625,417.9200134277344,420.4599914550781,423.8999938964844,399.1799926757813,6.45,6.55,0.39258419921875,True,TSLA,3746.0,2.43,1376.0,4556.0,121.6230646022424,1.6954732510288062,-0.028498285029292626,1420487690716.0,169.54732510288062,2.100813699058397e-06
AMD260220C00210000,210.0,6.9,卖 Call，看跌,-3.154179314350311,CALL,4323.0,4341.0,2982870.0,0.0011526723500658918,8350.0,<=5M,2026-02-20,200.19000244140625,206.7100067138672,215.44000244140625,218.5800018310547,199.1501007080078,6.75,6.9,0.6259803027343751,False,AMD,18.0,11.09,8350.0,4323.0,24016.666666666664,-0.3778178539224526,-0.03154179314350311,258778654648.0,-37.78178539224526,1.1526723500658919e-05
AMD260220C00220000,220.0,3.92,卖 Call，看跌,-3.154179314350311,CALL,7609.0,8003.0,2982728.0,0.0011526174769156342,7861.0,<=5M,2026-02-20,200.19000244140625,206.7100067138672,215.44000244140625,218.5800018310547,199.1501007080078,3.85,4.0,0.6167030517578126,False,AMD,394.0,8.15,7861.0,7609.0,1931.218274111675,-0.5190184049079755,-0.03154179314350311,258778654648.0,-51.90184049079755,1.1526174769156342e-05
NVDA260320C00170000,170.0,15.4,卖 Call，看跌,-1.752170246429009,CALL,1929.0,4313.0,2970660.0,6.86061971581174e-05,22923.0,<=5M,2026-03-20,174.1934051513672,177.3000030517578,179.44000244140625,179.57000732421875,171.91000366210938,15.15,15.2,0.5388229711914063,True,NVDA,2384.0,18.4,22923.0,1929.0,80.91442953020133,-0.16304347826086948,-0.01752170246429009,4330017000000.0,-16.30434782608695,6.86061971581174e-07
NVDA260204C00170000,170.0,5.24,卖 Call，看跌,-1.752170246429009,CALL,5666.0,5667.0,2968984.0,6.856749061262345e-05,316.0,<=5M,2026-02-04,174.1934051513672,177.3000030517578,179.44000244140625,179.57000732421875,171.91000366210938,5.2,5.25,0.726565234375,True,NVDA,1.0,10.2,316.0,5666.0,566600.0,-0.4862745098039215,-0.01752170246429009,4330017000000.0,-48.62745098039215,6.856749061262346e-07
NVDA260320C00185000,185.0,8.05,卖 Call，看跌,-1.752170246429009,CALL,3672.0,3679.0,2955960.0,6.826670657413124e-05,41982.0,<=5M,2026-03-20,174.1934051513672,177.3000030517578,179.44000244140625,179.57000732421875,171.91000366210938,7.95,8.0,0.5036670727539063,False,NVDA,7.0,9.81,41982.0,3672.0,52457.142857142855,-0.17940876656472984,-0.01752170246429009,4330017000000.0,-17.940876656472984,6.826670657413123e-07
AMD260320C00220000,220.0,9.53,卖 Call，看跌,-3.154179314350311,CALL,3083.0,3158.0,2938099.0,0.001135371464078638,6800.0,<=5M,2026-03-20,200.19000244140625,206.7100067138672,215.44000244140625,218.5800018310547,199.1501007080078,9.45,9.6,0.602787175292969,False,AMD,75.0,13.32,6800.0,3083.0,4110.666666666667,-0.2845345345345346,-0.03154179314350311,258778654648.0,-28.45345345345346,1.135371464078638e-05
AMD260213P00180000,180.0,1.91,买 Put，看跌,-3.154179314350311,PUT,15311.0,15494.0,2924401.0,0.0011300781372319425,838.0,<=5M,2026-02-13,200.19000244140625,206.7100067138672,215.44000244140625,218.5800018310547,199.1501007080078,1.89,1.94,0.6726106958007814,False,AMD,183.0,0.7,838.0,15311.0,8366.666666666668,1.7285714285714286,-0.03154179314350311,258778654648.0,172.85714285714286,1.1300781372319425e-05
MU260206C00390000,390.0,7.8,卖 Call，看跌,-5.665156357663355,CALL,3668.0,3794.0,2861040.0,0.0016255465332037384,829.0,<=5M,2026-02-06,379.6600036621094,402.4599914550781,410.5050048828125,413.0,363.9010009765625,6.85,7.0,0.8159198095703124,False,MU,126.0,32.94,829.0,3668.0,2911.111111111111,-0.7632058287795992,-0.05665156357663354,176004804634.0,-76.32058287795992,1.6255465332037384e-05
AMD260213C00220000,220.0,2.56,卖 Call，看跌,-3.154179314350311,CALL,10838.0,10884.0,2774528.0,0.0010721626185799646,874.0,<=5M,2026-02-13,200.19000244140625,206.7100067138672,215.44000244140625,218.5800018310547,199.1501007080078,2.51,2.55,0.6676058630371096,False,AMD,46.0,5.0,874.0,10838.0,23560.869565217392,-0.488,-0.03154179314350311,258778654648.0,-48.8,1.0721626185799645e-05
IREN260220C00040000,40.0,8.65,卖 Call，看跌,-6.071695098498853,CALL,3145.0,3155.0,2720425.0,0.02389460056307671,2435.0,<=5M,2026-02-20,44.93999862670898,47.845001220703125,52.244998931884766,52.5,43.90999984741211,8.15,8.7,1.5439475927734374,True,IREN,10.0,12.78,2435.0,3145.0,31450.0,-0.3231611893583724,-0.06071695098498853,11385103479.0,-32.31611893583724,0.0002389460056307671
NVDA260206C00172500,172.5,4.76,卖 Call，看跌,-1.752170246429009,CALL,5692.0,6944.0,2709392.0,6.257231784540338e-05,1533.0,<=5M,2026-02-06,174.1934051513672,177.3000030517578,179.44000244140625,179.57000732421875,171.91000366210938,4.75,4.85,0.6213416772460938,True,NVDA,1252.0,9.15,1533.0,5692.0,454.6325878594249,-0.4797814207650274,-0.01752170246429009,4330017000000.0,-47.97814207650274,6.257231784540338e-07
MSFT260204C00410000,410.0,5.07,买 Call，看涨,1.0194855189439707,CALL,5340.0,5354.0,2707380.0000000005,7.121372254810888e-05,1831.0,<=5M,2026-02-04,414.1900024414063,410.010009765625,411.05999755859375,418.6700134277344,409.260009765625,4.95,5.15,0.2929758203124999,True,MSFT,14.0,2.67,1831.0,5340.0,38142.857142857145,0.8988764044943822,0.010194855189439706,3801767276203.0,89.88764044943822,7.121372254810887e-07
AMD260213C00215000,215.0,3.65,卖 Call，看跌,-3.154179314350311,CALL,7405.0,7520.0,2702825.0,0.0010444543827142464,367.0,<=5M,2026-02-13,200.19000244140625,206.7100067138672,215.44000244140625,218.5800018310547,199.1501007080078,3.55,3.65,0.669070692138672,False,AMD,115.0,7.8,367.0,7405.0,6439.130434782609,-0.5320512820512822,-0.03154179314350311,258778654648.0,-53.20512820512822,1.0444543827142465e-05
MU260206C00385000,385.0,9.0,卖 Call，看跌,-5.665156357663355,CALL,3003.0,3068.0,2702700.0,0.0015355830800302494,543.0,<=5M,2026-02-06,379.6600036621094,402.4599914550781,410.5050048828125,413.0,363.9010009765625,8.7,9.2,0.8261736132812498,False,MU,65.0,33.11,543.0,3003.0,4620.0,-0.7281787979462399,-0.05665156357663354,176004804634.0,-72.81787979462399,1.5355830800302494e-05
SE260320C00110000,110.0,7.9,卖 Call，看空/价差对冲,3.419367460213544,CALL,3415.0,3555.0,2697850.0,0.0024688620698457555,173.0,<=5M,2026-03-20,106.31500244140624,102.79989624023438,107.62999725341795,107.9000015258789,102.28500366210938,8.35,8.6,0.6756624230957033,False,SE,140.0,9.09,173.0,3415.0,2439.285714285714,-0.13091309130913087,0.03419367460213544,109275039418.0,-13.091309130913087,2.4688620698457555e-05
GOOGL260320P00280000,280.0,2.7,买 Put，看跌,-1.0807012620508851,PUT,9960.0,10920.0,2689200.0,9.019152841155895e-05,5666.0,<=5M,2026-03-20,333.0400085449219,336.6784973144531,342.9599914550781,343.3099975585937,328.5299987792969,2.68,2.8,0.4271297521972657,False,GOOGL,960.0,1.86,5666.0,9960.0,1037.5,0.4516129032258065,-0.01080701262050885,2981654760000.0,45.16129032258065,9.019152841155896e-07
AMD260320P00180000,180.0,6.95,买 Put，看跌,-3.154179314350311,PUT,3866.0,3943.0,2686870.0,0.0010382888819229612,4914.0,<=5M,2026-03-20,200.19000244140625,206.7100067138672,215.44000244140625,218.5800018310547,199.1501007080078,6.8,6.95,0.5585981640625001,False,AMD,77.0,4.5,4914.0,3866.0,5020.779220779221,0.5444444444444445,-0.03154179314350311,258778654648.0,54.44444444444445,1.0382888819229612e-05
PLTR260206P00139000,139.0,4.1,买 Put，看跌,-2.3171247294061903,PUT,6411.0,9063.0,2628510.0,0.000623968497919674,3001.0,<=5M,2026-02-06,139.5399932861328,142.85000610351562,155.36500549316406,155.85000610351562,135.67999267578125,4.3,4.4,0.9165047412109376,False,PLTR,2652.0,0.26,3001.0,6411.0,241.74208144796378,14.769230769230768,-0.023171247294061902,421256843697.0,1476.923076923077,6.239684979196741e-06
AMD260213C00202500,202.5,8.15,卖 Call，看跌,-3.154179314350311,CALL,3203.0,3230.0,2610445.0,0.0010087559205958548,27.0,<=5M,2026-02-13,200.19000244140625,206.7100067138672,215.44000244140625,218.5800018310547,199.1501007080078,8.15,8.3,0.7023955541992188,False,AMD,27.0,47.6,27.0,3203.0,11862.962962962964,-0.8287815126050421,-0.03154179314350311,258778654648.0,-82.87815126050421,1.0087559205958547e-05
TSLA260206C00412500,412.5,4.68,卖 Call，看跌,-2.8498285029292627,CALL,5575.0,6412.0,2609100.0,0.00018367635404745235,319.0,<=5M,2026-02-06,406.010009765625,417.9200134277344,420.4599914550781,423.8999938964844,399.1799926757813,4.75,4.8,0.5123339782714844,False,TSLA,837.0,13.4,319.0,5575.0,666.0692951015532,-0.6507462686567165,-0.028498285029292626,1420487690716.0,-65.07462686567165,1.8367635404745233e-06
CORZ260320C00017000,17.0,2.06,卖 Call，看跌,-2.5052876676587026,CALL,12440.0,12507.0,2562640.0,0.04979739883280201,61414.0,<=5M,2026-03-20,16.149999618530273,16.565000534057617,17.420000076293945,17.469999313354492,15.729999542236328,1.99,2.09,1.0576218994140625,False,CORZ,67.0,2.71,61414.0,12440.0,18567.16417910448,-0.2398523985239852,-0.025052876676587028,5146132248.0,-23.98523985239852,0.0004979739883280201
TSLA260209P00400000,400.0,5.25,买 Put，看跌,-2.8498285029292627,PUT,4803.0,5108.0,2521575.0,0.00017751473782423236,2000.0,<=5M,2026-02-09,406.010009765625,417.9200134277344,420.4599914550781,423.8999938964844,399.1799926757813,5.25,5.35,0.3880676428222656,False,TSLA,305.0,2.1,2000.0,4803.0,1574.7540983606557,1.5,-0.028498285029292626,1420487690716.0,150.0,1.7751473782423235e-06
NVDA260213P00157500,157.5,1.04,买 Put，看跌,-1.752170246429009,PUT,24227.0,25187.0,2519608.0,5.8189332743959205e-05,2936.0,<=5M,2026-02-13,174.1934051513672,177.3000030517578,179.44000244140625,179.57000732421875,171.91000366210938,1.03,1.04,0.5524947094726562,False,NVDA,960.0,0.72,2936.0,24227.0,2523.6458333333335,0.44444444444444453,-0.01752170246429009,4330017000000.0,44.44444444444445,5.81893327439592e-07
NVDA260227C00185000,185.0,5.05,卖 Call，看跌,-1.752170246429009,CALL,4967.0,4988.0,2508335.0,5.7928987345777164e-05,12882.0,<=5M,2026-02-27,174.1934051513672,177.3000030517578,179.44000244140625,179.57000732421875,171.91000366210938,4.95,5.05,0.5140429455566407,False,NVDA,21.0,6.65,12882.0,4967.0,23652.38095238095,-0.24060150375939857,-0.01752170246429009,4330017000000.0,-24.060150375939855,5.792898734577717e-07
TSLA260204C00410000,410.0,0.32,卖 Call，看跌,-2.8498285029292627,CALL,77838.0,89370.0,2490816.0,0.00017534935475185278,1669.0,<=5M,2026-02-04,406.010009765625,417.9200134277344,420.4599914550781,423.8999938964844,399.1799926757813,0.29,0.31,0.1826253613281249,False,TSLA,11532.0,12.9,1669.0,77838.0,674.9739854318418,-0.9751937984496124,-0.028498285029292626,1420487690716.0,-97.51937984496124,1.7534935475185278e-06
AMD260213C00207500,207.5,6.37,卖 Call，看跌,-3.154179314350311,CALL,3779.0,3784.0,2407223.0,0.0009302247139642917,7.0,<=5M,2026-02-13,200.19000244140625,206.7100067138672,215.44000244140625,218.5800018310547,199.1501007080078,5.9,6.05,0.6816438085937502,False,AMD,5.0,39.28,7.0,3779.0,75580.0,-0.8378309572301427,-0.03154179314350311,258778654648.0,-83.78309572301427,9.302247139642916e-06
AMD260320C00250000,250.0,3.6,卖 Call，看跌,-3.154179314350311,CALL,6573.0,6890.0,2366280.0,0.0009144030844501834,12863.0,<=5M,2026-03-20,200.19000244140625,206.7100067138672,215.44000244140625,218.5800018310547,199.1501007080078,3.45,3.65,0.6015664843750002,False,AMD,317.0,5.34,12863.0,6573.0,2073.5015772870665,-0.32584269662921345,-0.03154179314350311,258778654648.0,-32.58426966292134,9.144030844501835e-06
NVDA260220P00160000,160.0,1.96,买 Put，看跌,-1.752170246429009,PUT,12059.0,12064.0,2363564.0,5.458555936385469e-05,45773.0,<=5M,2026-02-20,174.1934051513672,177.3000030517578,179.44000244140625,179.57000732421875,171.91000366210938,1.97,1.99,0.4787649780273437,False,NVDA,5.0,1.44,45773.0,12059.0,241180.00000000003,0.36111111111111116,-0.01752170246429009,4330017000000.0,36.111111111111114,5.458555936385469e-07
PLTR260220P00130000,130.0,4.0,买 Put，看跌,-2.3171247294061903,PUT,5875.0,5879.0,2350000.0,0.0005578544384884341,8564.0,<=5M,2026-02-20,139.5399932861328,142.85000610351562,155.36500549316406,155.85000610351562,135.67999267578125,4.05,4.1,0.6861603649902344,False,PLTR,4.0,0.8,8564.0,5875.0,146875.0,4.0,-0.023171247294061902,421256843697.0,400.0,5.5785443848843415e-06
IREN260206P00035000,35.0,0.85,买 Put，看跌,-6.071695098498853,PUT,27616.0,27618.0,2347360.0,0.020617818751755237,27140.0,<=5M,2026-02-06,44.93999862670898,47.845001220703125,52.244998931884766,52.5,43.90999984741211,0.75,0.85,2.7324250439453124,False,IREN,2.0,0.44,27140.0,27616.0,1380800.0,0.9318181818181818,-0.06071695098498853,11385103479.0,93.18181818181817,0.00020617818751755238
TSLA260206C00430000,430.0,0.84,卖 Call，看跌,-2.8498285029292627,CALL,27670.0,27832.0,2324280.0,0.00016362549391951727,7882.0,<=5M,2026-02-06,406.010009765625,417.9200134277344,420.4599914550781,423.8999938964844,399.1799926757813,0.83,0.85,0.4887746435546876,False,TSLA,162.0,3.05,7882.0,27670.0,17080.24691358025,-0.7245901639344262,-0.028498285029292626,1420487690716.0,-72.45901639344262,1.6362549391951727e-06
NVDA260717C00220000,220.0,8.09,卖 Call，看跌,-1.752170246429009,CALL,2851.0,3206.0,2306459.0,5.326674237075744e-05,5477.0,<=5M,2026-07-17,174.1934051513672,177.3000030517578,179.44000244140625,179.57000732421875,171.91000366210938,8.25,8.35,0.4748587670898437,False,NVDA,355.0,9.9,5477.0,2851.0,803.0985915492957,-0.18282828282828287,-0.01752170246429009,4330017000000.0,-18.282828282828287,5.326674237075744e-07
AMD260206C00220000,220.0,0.65,卖 Call，看跌,-3.154179314350311,CALL,35089.0,36306.0,2280785.0,0.0008813651972580217,1126.0,<=5M,2026-02-06,200.19000244140625,206.7100067138672,215.44000244140625,218.5800018310547,199.1501007080078,0.63,0.66,0.7856466748046875,False,AMD,1217.0,3.35,1126.0,35089.0,2883.2374691865243,-0.8059701492537313,-0.03154179314350311,258778654648.0,-80.59701492537313,8.813651972580217e-06
NVDA260320P00165000,165.0,7.24,买 Put，看跌,-1.752170246429009,PUT,3145.0,3211.0,2276980.0,5.2585936729578655e-05,32778.0,<=5M,2026-03-20,174.1934051513672,177.3000030517578,179.44000244140625,179.57000732421875,171.91000366210938,7.2,7.3,0.4766898034667969,False,NVDA,66.0,6.15,32778.0,3145.0,4765.151515151515,0.17723577235772353,-0.01752170246429009,4330017000000.0,17.723577235772353,5.258593672957866e-07
IREN260206C00055000,55.0,1.15,卖 Call，看跌,-6.071695098498853,CALL,19659.0,20044.0,2260785.0,0.01985739527242816,4557.0,<=5M,2026-02-06,44.93999862670898,47.845001220703125,52.244998931884766,52.5,43.90999984741211,1.12,1.19,2.50781623046875,False,IREN,385.0,1.85,4557.0,19659.0,5106.233766233766,-0.37837837837837845,-0.06071695098498853,11385103479.0,-37.837837837837846,0.0001985739527242816
TSLA260213C00422500,422.5,6.5,卖 Call，看跌,-2.8498285029292627,CALL,3471.0,5339.0,2256150.0,0.00015882925383624988,590.0,<=5M,2026-02-13,406.010009765625,417.9200134277344,420.4599914550781,423.8999938964844,399.1799926757813,6.55,6.65,0.4863942962646485,False,TSLA,1868.0,12.43,590.0,3471.0,185.813704496788,-0.47707160096540624,-0.028498285029292626,1420487690716.0,-47.707160096540626,1.588292538362499e-06
TSLA260206P00402500,402.5,4.45,买 Put，看跌,-2.8498285029292627,PUT,5066.0,8648.0,2254370.0,0.00015870394476024497,1482.0,<=5M,2026-02-06,406.010009765625,417.9200134277344,420.4599914550781,423.8999938964844,399.1799926757813,4.5,4.55,0.4204159521484375,False,TSLA,3582.0,1.56,1482.0,5066.0,141.42936906756003,1.8525641025641026,-0.028498285029292626,1420487690716.0,185.25641025641028,1.5870394476024497e-06
NVDA260213P00170000,170.0,3.27,买 Put，看跌,-1.752170246429009,PUT,6882.0,6886.0,2250414.0,5.197240565106327e-05,7963.0,<=5M,2026-02-13,174.1934051513672,177.3000030517578,179.44000244140625,179.57000732421875,171.91000366210938,3.3,3.4,0.4604546142578125,False,NVDA,4.0,2.26,7963.0,6882.0,172050.0,0.4469026548672568,-0.01752170246429009,4330017000000.0,44.69026548672568,5.197240565106326e-07
NVDA260220C00177500,177.5,5.6,卖 Call，看跌,-1.752170246429009,CALL,4017.0,4018.0,2249519.9999999995,5.1951759080853476e-05,1709.0,<=5M,2026-02-20,174.1934051513672,177.3000030517578,179.44000244140625,179.57000732421875,171.91000366210938,5.55,5.6,0.4711966943359374,False,NVDA,1.0,7.45,1709.0,4017.0,401700.0,-0.24832214765100677,-0.01752170246429009,4330017000000.0,-24.832214765100677,5.195175908085348e-07
MU260206P00365000,365.0,6.0,买 Put，看跌,-5.665156357663355,PUT,3737.0,3893.0,2242200.0,0.0012739424952987106,10081.0,<=5M,2026-02-06,379.6600036621094,402.4599914550781,410.5050048828125,413.0,363.9010009765625,5.9,6.2,0.8900157482910156,False,MU,156.0,2.04,10081.0,3737.0,2395.5128205128203,1.9411764705882353,-0.05665156357663354,176004804634.0,194.11764705882354,1.2739424952987105e-05
NVDA260213P00172500,172.5,4.17,买 Put，看跌,-1.752170246429009,PUT,5223.0,5224.0,2177991.0,5.02998256126939e-05,24149.0,<=5M,2026-02-13,174.1934051513672,177.3000030517578,179.44000244140625,179.57000732421875,171.91000366210938,4.15,4.25,0.4414118359375,False,NVDA,1.0,2.97,24149.0,5223.0,522300.0,0.4040404040404039,-0.01752170246429009,4330017000000.0,40.404040404040394,5.02998256126939e-07
GOOGL260206P00310000,310.0,2.82,买 Put，看跌,-1.0807012620508851,PUT,7682.0,7686.0,2166324.0,7.265509169814147e-05,18109.0,<=5M,2026-02-06,333.0400085449219,336.6784973144531,342.9599914550781,343.3099975585937,328.5299987792969,2.8,2.85,0.911133701171875,False,GOOGL,4.0,1.14,18109.0,7682.0,192050.0,1.473684210526316,-0.01080701262050885,2981654760000.0,147.3684210526316,7.265509169814147e-07
AMD260320C00230000,230.0,6.95,卖 Call，看跌,-3.154179314350311,CALL,3110.0,3243.0,2161450.0,0.0008352504973565466,12574.0,<=5M,2026-03-20,200.19000244140625,206.7100067138672,215.44000244140625,218.5800018310547,199.1501007080078,6.85,7.0,0.6010782080078126,False,AMD,133.0,9.95,12574.0,3110.0,2338.345864661654,-0.30150753768844213,-0.03154179314350311,258778654648.0,-30.15075376884421,8.352504973565466e-06
GOOGL260206P00315000,315.0,3.99,买 Put，看跌,-1.0807012620508851,PUT,5403.0,5408.0,2155797.0,7.230203271421e-05,4475.0,<=5M,2026-02-06,333.0400085449219,336.6784973144531,342.9599914550781,343.3099975585937,328.5299987792969,3.95,4.05,0.91211025390625,False,GOOGL,5.0,1.82,4475.0,5403.0,108059.99999999999,1.1923076923076923,-0.01080701262050885,2981654760000.0,119.23076923076923,7.230203271421001e-07
NVDA270115P00130000,130.0,10.25,买 Put，看跌,-1.752170246429009,PUT,2102.0,6548.0,2154550.0,4.97584651515225e-05,18965.0,<=5M,2027-01-15,174.1934051513672,177.3000030517578,179.44000244140625,179.57000732421875,171.91000366210938,10.15,10.3,0.4607597869873047,False,NVDA,4446.0,9.61,18965.0,2102.0,47.27845254161044,0.06659729448491161,-0.01752170246429009,4330017000000.0,6.659729448491161,4.97584651515225e-07
TSLA260209C00415000,415.0,5.4,卖 Call，看跌,-2.8498285029292627,CALL,3946.0,3949.0,2130840.0,0.00015000763568221738,699.0,<=5M,2026-02-09,406.010009765625,417.9200134277344,420.4599914550781,423.8999938964844,399.1799926757813,5.4,5.5,0.4436090795898437,False,TSLA,3.0,11.75,699.0,3946.0,131533.3333333333,-0.5404255319148936,-0.028498285029292626,1420487690716.0,-54.04255319148936,1.5000763568221738e-06
NVDA260220C00190000,190.0,1.56,卖 Call，看跌,-1.752170246429009,CALL,13608.0,13612.0,2122848.0,4.9026320219989896e-05,99358.0,<=5M,2026-02-20,174.1934051513672,177.3000030517578,179.44000244140625,179.57000732421875,171.91000366210938,1.52,1.54,0.4255428540039063,False,NVDA,4.0,2.53,99358.0,13608.0,340200.0,-0.38339920948616596,-0.01752170246429009,4330017000000.0,-38.339920948616594,4.90263202199899e-07
AMD260306P00160000,160.0,1.76,买 Put，看跌,-3.154179314350311,PUT,12030.0,12064.0,2117280.0,0.0008181818561812991,65.0,<=5M,2026-03-06,200.19000244140625,206.7100067138672,215.44000244140625,218.5800018310547,199.1501007080078,1.74,1.83,0.6323278955078125,False,AMD,34.0,0.74,65.0,12030.0,35382.35294117647,1.3783783783783785,-0.03154179314350311,258778654648.0,137.83783783783784,8.18181856181299e-06
NVDA260209C00175000,175.0,3.92,卖 Call，看跌,-1.752170246429009,CALL,5309.0,5310.0,2081128.0,4.80628136102006e-05,824.0,<=5M,2026-02-09,174.1934051513672,177.3000030517578,179.44000244140625,179.57000732421875,171.91000366210938,3.85,3.95,0.4860891235351562,False,NVDA,1.0,6.9,824.0,5309.0,530900.0,-0.43188405797101453,-0.01752170246429009,4330017000000.0,-43.18840579710145,4.806281361020061e-07
MU260206C00420000,420.0,1.37,卖 Call，看跌,-5.665156357663355,CALL,15095.0,15341.0,2068015.0000000002,0.0011749764469784869,2960.0,<=5M,2026-02-06,379.6600036621094,402.4599914550781,410.5050048828125,413.0,363.9010009765625,1.33,1.4,0.8491226025390625,False,MU,246.0,5.45,2960.0,15095.0,6136.178861788618,-0.7486238532110092,-0.05665156357663354,176004804634.0,-74.86238532110092,1.1749764469784868e-05
TSLA260206P00397500,397.5,3.15,买 Put，看跌,-2.8498285029292627,PUT,6533.0,6534.0,2057895.0,0.00014487242750852093,2066.0,<=5M,2026-02-06,406.010009765625,417.9200134277344,420.4599914550781,423.8999938964844,399.1799926757813,3.0,3.1,0.4464166687011719,False,TSLA,1.0,1.09,2066.0,6533.0,653300.0,1.8899082568807335,-0.028498285029292626,1420487690716.0,188.99082568807336,1.4487242750852093e-06
MSFT260206C00412500,412.5,6.7,买 Call，看涨,1.0194855189439707,CALL,3051.0,3052.0,2044170.0,5.376894090270582e-05,1308.0,<=5M,2026-02-06,414.1900024414063,410.010009765625,411.05999755859375,418.6700134277344,409.260009765625,6.0,6.1,0.348639326171875,True,MSFT,1.0,4.0,1308.0,3051.0,305100.0,0.675,0.010194855189439706,3801767276203.0,67.5,5.376894090270582e-07
PLTR260206P00130000,130.0,1.27,买 Put，看跌,-2.3171247294061903,PUT,16052.0,16055.0,2038604.0,0.0004839337403065004,8554.0,<=5M,2026-02-06,139.5399932861328,142.85000610351562,155.36500549316406,155.85000610351562,135.67999267578125,1.26,1.27,0.9282233740234376,False,PLTR,3.0,0.11,8554.0,16052.0,535066.6666666667,10.545454545454545,-0.023171247294061902,421256843697.0,1054.5454545454545,4.839337403065004e-06
PLTR260213P00135000,135.0,4.61,买 Put，看跌,-2.3171247294061903,PUT,4420.0,4423.0,2037620.0,0.00048370015359693746,1334.0,<=5M,2026-02-13,139.5399932861328,142.85000610351562,155.36500549316406,155.85000610351562,135.67999267578125,4.6,4.7,0.7370631762695312,False,PLTR,3.0,0.75,1334.0,4420.0,147333.3333333333,5.146666666666667,-0.023171247294061902,421256843697.0,514.6666666666667,4.837001535969375e-06
AMD260206P00190000,190.0,1.36,买 Put，看跌,-3.154179314350311,PUT,14960.0,15608.0,2034560.0000000002,0.0007862163140029773,3503.0,<=5M,2026-02-06,200.19000244140625,206.7100067138672,215.44000244140625,218.5800018310547,199.1501007080078,1.33,1.37,0.684573466796875,False,AMD,648.0,0.38,3503.0,14960.0,2308.641975308642,2.5789473684210527,-0.03154179314350311,258778654648.0,257.89473684210526,7.862163140029774e-06
TSLA260209C00410000,410.0,7.65,卖 Call，看跌,-2.8498285029292627,CALL,2654.0,4156.0,2030310.0000000002,0.00014293048882223103,185.0,<=5M,2026-02-09,406.010009765625,417.9200134277344,420.4599914550781,423.8999938964844,399.1799926757813,7.65,7.75,0.4606987524414063,False,TSLA,1502.0,16.35,185.0,2654.0,176.6977363515313,-0.5321100917431193,-0.028498285029292626,1420487690716.0,-53.21100917431193,1.4293048882223103e-06
PLTR260206C00143000,143.0,1.61,卖 Call，看跌,-2.3171247294061903,CALL,12513.0,13201.0,2014593.0,0.0004782338922543532,354.0,<=5M,2026-02-06,139.5399932861328,142.85000610351562,155.36500549316406,155.85000610351562,135.67999267578125,1.59,1.61,0.5913126806640626,False,PLTR,688.0,15.45,354.0,12513.0,1818.75,-0.8957928802588997,-0.023171247294061902,421256843697.0,-89.57928802588997,4.782338922543532e-06
TSLA260220C00450000,450.0,3.15,卖 Call，看跌,-2.8498285029292627,CALL,6362.0,6365.0,2004030.0,0.00014108041999222565,11547.0,<=5M,2026-02-20,406.010009765625,417.9200134277344,420.4599914550781,423.8999938964844,399.1799926757813,3.15,3.2,0.455510816040039,False,TSLA,3.0,5.35,11547.0,6362.0,212066.66666666666,-0.411214953271028,-0.028498285029292626,1420487690716.0,-41.1214953271028,1.4108041999222565e-06
