contractSymbol,strike,lastPrice_new,signal_type,stock_price_change_pct,option_type,volume_change_abs,volume_new,amount_threshold,amount_to_market_cap_pct,openInterest_new,amount_tier,expiry_date,股票价格(new),股票价格(old),股票价格(new open),股票价格(new high),股票价格(new low),bid,ask,impliedVolatility,inTheMoney,symbol,volume_old,lastPrice_old,openInterest_old,volume_change,volume_change_pct,option_price_change,stock_price_change,market_cap,option_price_change_pct,amount_to_market_cap
TSLA260702P00410000,410.0,18.62,买 Put，看跌,-4.500103999322064,PUT,69074.0,70032.0,128615788.00000001,0.008614587273945078,4521.0,>50M,2026-07-02,393.4500122070313,411.989990234375,428.2300109863281,432.3500061035156,389.3010864257813,18.4,18.9,0.9191902612304688,True,TSLA,958.0,0.19,4521.0,69074.0,7210.229645093947,97.0,-0.045001039993220644,1493000000000,9700.0,8.614587273945079e-05
MU260702P01000000,1000.0,42.77,买 Put，看跌,-7.867821162443427,PUT,25247.0,25931.0,107981419.00000001,0.0568323257894737,10620.0,>50M,2026-07-02,975.5599975585938,1058.8699951171875,1041.5,1064.6400146484375,950.280029296875,43.0,43.0,1.4143706039428712,True,MU,684.0,7.25,10620.0,25247.0,3691.081871345029,4.899310344827587,-0.07867821162443427,190000000000,489.93103448275866,0.000568323257894737
TSLA260702P00400000,400.0,8.45,买 Put，看跌,-4.500103999322064,PUT,115910.0,116751.0,97943949.99999999,0.006560210984594774,9771.0,>50M,2026-07-02,393.4500122070313,411.989990234375,428.2300109863281,432.3500061035156,389.3010864257813,8.4,8.55,0.5378464184570313,True,TSLA,841.0,0.07,9771.0,115910.0,13782.401902497028,119.7142857142857,-0.045001039993220644,1493000000000,11971.428571428569,6.560210984594774e-05
SNDK260702P01800000,1800.0,83.18,买 Put，看跌,-13.139784158284321,PUT,11282.0,11641.0,93843676.00000001,1.1730459500000001,4936.0,>50M,2026-07-02,1745.0,2008.9749755859373,2045.6500244140625,2052.5400390625,1693.0,82.3,89.0,1.4521511767578126,True,SNDK,359.0,2.3,4936.0,11282.0,3142.6183844011143,35.16521739130435,-0.1313978415828432,8000000000,3516.5217391304354,0.011730459500000002
TSLA260702P00415000,415.0,23.66,买 Put，看跌,-4.500103999322064,PUT,36931.0,37538.0,87378746.0,0.005852561687876758,3988.0,>50M,2026-07-02,393.4500122070313,411.989990234375,428.2300109863281,432.3500061035156,389.3010864257813,23.25,23.65,1.0390673046875003,True,TSLA,607.0,0.42,3988.0,36931.0,6084.184514003296,55.33333333333333,-0.045001039993220644,1493000000000,5533.333333333333,5.8525616878767583e-05
TSLA260702P00405000,405.0,13.58,买 Put，看跌,-4.500103999322064,PUT,59628.0,59807.0,80974824.0,0.005423631882116544,3503.0,>50M,2026-07-02,393.4500122070313,411.989990234375,428.2300109863281,432.3500061035156,389.3010864257813,13.5,13.9,0.7575707836914063,True,TSLA,179.0,0.1,3503.0,59628.0,33311.73184357542,134.79999999999998,-0.045001039993220644,1493000000000,13479.999999999998,5.423631882116544e-05
TSLA260702P00420000,420.0,28.73,买 Put，看跌,-4.500103999322064,PUT,27191.0,28749.0,78119743.0,0.0052324007367716,4059.0,>50M,2026-07-02,393.4500122070313,411.989990234375,428.2300109863281,432.3500061035156,389.3010864257813,28.35,28.8,1.2109414453124998,True,TSLA,1558.0,1.37,4059.0,27191.0,1745.2503209242618,19.970802919708028,-0.045001039993220644,1493000000000,1997.0802919708028,5.2324007367716005e-05
TSLA260702P00412500,412.5,20.95,买 Put，看跌,-4.500103999322064,PUT,32959.0,33159.0,69049105.0,0.004624856329537843,1879.0,>50M,2026-07-02,393.4500122070313,411.989990234375,428.2300109863281,432.3500061035156,389.3010864257813,20.85,21.3,0.9858399853515626,True,TSLA,200.0,0.3,1879.0,32959.0,16479.5,68.83333333333333,-0.045001039993220644,1493000000000,6883.333333333333,4.6248563295378436e-05
MU260702P01050000,1050.0,93.25,买 Put，看跌,-7.867821162443427,PUT,6728.0,6750.0,62738600.0,0.03302031578947368,4567.0,>50M,2026-07-02,975.5599975585938,1058.8699951171875,1041.5,1064.6400146484375,950.280029296875,89.95,94.15,2.151738019104004,True,MU,22.0,31.75,4567.0,6728.0,30581.81818181818,1.937007874015748,-0.07867821162443427,190000000000,193.7007874015748,0.00033020315789473683
MU260710P00950000,950.0,59.23,买 Put，看跌,-7.867821162443427,PUT,10560.0,10649.0,62546879.99999999,0.032919410526315786,5598.0,>50M,2026-07-10,975.5599975585938,1058.8699951171875,1041.5,1064.6400146484375,950.280029296875,56.05,58.75,1.1528667845153808,False,MU,89.0,32.63,5598.0,10560.0,11865.168539325843,0.8152007355194604,-0.07867821162443427,190000000000,81.52007355194604,0.00032919410526315783
MU260710P01000000,1000.0,83.67,买 Put，看跌,-7.867821162443427,PUT,6812.0,6818.0,56996004.0,0.02999789684210526,3464.0,>50M,2026-07-10,975.5599975585938,1058.8699951171875,1041.5,1064.6400146484375,950.280029296875,84.25,88.1,1.1864969874572753,True,MU,6.0,52.0,3464.0,6812.0,113533.33333333333,0.6090384615384615,-0.07867821162443427,190000000000,60.90384615384615,0.0002999789684210526
TSLA260702P00407500,407.5,16.2,买 Put，看跌,-4.500103999322064,PUT,33057.0,33227.0,53552340.0,0.0035868948425987943,2106.0,>50M,2026-07-02,393.4500122070313,411.989990234375,428.2300109863281,432.3500061035156,389.3010864257813,15.7,16.2,0.8027363476562499,True,TSLA,170.0,0.3,2106.0,33057.0,19445.294117647056,53.0,-0.045001039993220644,1493000000000,5300.0,3.586894842598794e-05
TSLA260702P00417500,417.5,26.1,买 Put，看跌,-4.500103999322064,PUT,19726.0,20197.0,51484860.0,0.0034484166108506363,3664.0,>50M,2026-07-02,393.4500122070313,411.989990234375,428.2300109863281,432.3500061035156,389.3010864257813,25.9,26.3,1.142582412109375,True,TSLA,471.0,0.55,3664.0,19726.0,4188.110403397028,46.45454545454545,-0.045001039993220644,1493000000000,4645.454545454545,3.448416610850636e-05
SNDK260702P01900000,1900.0,170.63,买 Put，看跌,-13.139784158284321,PUT,2940.0,3056.0,50165220.0,0.62706525,1195.0,>50M,2026-07-02,1745.0,2008.9749755859373,2045.6500244140625,2052.5400390625,1693.0,181.5,191.3,2.3160442489624016,True,SNDK,116.0,8.5,1195.0,2940.0,2534.4827586206898,19.074117647058824,-0.1313978415828432,8000000000,1907.4117647058824,0.0062706525
TSLA260702P00395000,395.0,3.71,买 Put，看跌,-4.500103999322064,PUT,131722.0,131951.0,48868862.0,0.00327319906229069,2369.0,10M-50M,2026-07-02,393.4500122070313,411.989990234375,428.2300109863281,432.3500061035156,389.3010864257813,3.6,3.8,0.3596255444335937,True,TSLA,229.0,0.1,2369.0,131722.0,57520.52401746724,36.099999999999994,-0.045001039993220644,1493000000000,3609.9999999999995,3.27319906229069e-05
MU260702P00990000,990.0,34.35,买 Put，看跌,-7.867821162443427,PUT,13934.0,13963.0,47863290.0,0.025191205263157896,2407.0,10M-50M,2026-07-02,975.5599975585938,1058.8699951171875,1041.5,1064.6400146484375,950.280029296875,31.4,34.8,1.229373970336914,True,MU,29.0,5.42,2407.0,13934.0,48048.275862068964,5.337638376383764,-0.07867821162443427,190000000000,533.7638376383765,0.00025191205263157897
TSLA260702P00402500,402.5,11.13,买 Put，看跌,-4.500103999322064,PUT,39790.0,39799.0,44286270.0,0.002966260549229739,1925.0,10M-50M,2026-07-02,393.4500122070313,411.989990234375,428.2300109863281,432.3500061035156,389.3010864257813,10.95,11.35,0.6589389575195312,True,TSLA,9.0,0.19,1925.0,39790.0,442111.1111111111,57.57894736842106,-0.045001039993220644,1493000000000,5757.894736842106,2.966260549229739e-05
MU261016C01200000,1200.0,123.2,卖 Call，看跌,-7.867821162443427,CALL,3412.0,3520.0,42035840.0,0.022124126315789472,683.0,10M-50M,2026-10-16,975.5599975585938,1058.8699951171875,1041.5,1064.6400146484375,950.280029296875,121.0,124.75,0.9361731236267088,False,MU,108.0,155.0,683.0,3412.0,3159.259259259259,-0.20516129032258063,-0.07867821162443427,190000000000,-20.516129032258064,0.00022124126315789473
AAPL260702C00302500,302.5,5.38,买 Call，看涨,1.8984415964417116,CALL,74077.0,77288.0,39853426.0,0.0009441702440180052,17163.0,10M-50M,2026-07-02,308.6300048828125,302.8800048828125,294.0849914550781,309.4200134277344,293.67999267578125,3.5,3.8,1.0000000000000004e-05,True,AAPL,3211.0,0.5,17163.0,74077.0,2306.9760199314856,9.76,0.018984415964417117,4221000000000,976.0,9.441702440180051e-06
AAPL260702C00300000,300.0,7.25,买 Call，看涨,1.8984415964417116,CALL,54211.0,63832.0,39302975.0,0.0009311294716891732,18782.0,10M-50M,2026-07-02,308.6300048828125,302.8800048828125,294.0849914550781,309.4200134277344,293.67999267578125,7.6,7.9,1.0000000000000004e-05,True,AAPL,9621.0,1.33,18782.0,54211.0,563.4653362436337,4.451127819548872,0.018984415964417117,4221000000000,445.11278195488717,9.311294716891733e-06
MU260702P00980000,980.0,23.2,买 Put，看跌,-7.867821162443427,PUT,16828.0,16851.0,39040960.0,0.020547873684210526,1467.0,10M-50M,2026-07-02,975.5599975585938,1058.8699951171875,1041.5,1064.6400146484375,950.280029296875,20.9,24.65,1.003056742553711,True,MU,23.0,4.38,1467.0,16828.0,73165.21739130435,4.296803652968037,-0.07867821162443427,190000000000,429.68036529680364,0.00020547873684210528
TSLA260702P00397500,397.5,5.81,买 Put，看跌,-4.500103999322064,PUT,66897.0,69477.0,38867156.99999999,0.0026032924983255185,2233.0,10M-50M,2026-07-02,393.4500122070313,411.989990234375,428.2300109863281,432.3500061035156,389.3010864257813,5.65,5.95,0.43164630859375,True,TSLA,2580.0,0.25,2233.0,66897.0,2592.906976744186,22.24,-0.045001039993220644,1493000000000,2224.0,2.6032924983255186e-05
TSLA260706P00430000,430.0,37.68,买 Put，看跌,-4.500103999322064,PUT,9533.0,9647.0,35920344.0,0.0024059172136637642,600.0,10M-50M,2026-07-06,393.4500122070313,411.989990234375,428.2300109863281,432.3500061035156,389.3010864257813,38.45,39.15,0.6872589868164063,True,TSLA,114.0,7.0,600.0,9533.0,8362.280701754386,4.382857142857143,-0.045001039993220644,1493000000000,438.2857142857143,2.405917213663764e-05
TSLA260706P00415000,415.0,26.05,买 Put，看跌,-4.500103999322064,PUT,13081.0,13150.0,34076005.0,0.002282384795713329,841.0,10M-50M,2026-07-06,393.4500122070313,411.989990234375,428.2300109863281,432.3500061035156,389.3010864257813,23.5,24.4,0.5059863854980469,True,TSLA,69.0,1.73,841.0,13081.0,18957.971014492752,14.057803468208093,-0.045001039993220644,1493000000000,1405.7803468208092,2.282384795713329e-05
TSLA260702P00425000,425.0,33.83,买 Put，看跌,-4.500103999322064,PUT,9777.0,10776.0,33075590.999999996,0.0022153778298727392,5452.0,10M-50M,2026-07-02,393.4500122070313,411.989990234375,428.2300109863281,432.3500061035156,389.3010864257813,33.4,33.85,1.362796154785156,True,TSLA,999.0,2.22,5452.0,9777.0,978.6786786786786,14.238738738738737,-0.045001039993220644,1493000000000,1423.8738738738737,2.2153778298727393e-05
INTC261016C00100000,100.0,32.0,卖 Call，看跌,-7.543980819665539,CALL,10155.0,10220.0,32496000.0,0.02241103448275862,13189.0,10M-50M,2026-10-16,120.3499984741211,130.1699981689453,128.9149932861328,130.74000549316406,117.62999725341795,32.1,32.8,0.8806164282226561,True,INTC,65.0,39.05,13189.0,10155.0,15623.076923076922,-0.1805377720870678,-0.0754398081966554,145000000000,-18.05377720870678,0.0002241103448275862
NVDA260702P00197500,197.5,4.24,买 Put，看跌,-2.321269791920951,PUT,75062.0,76491.0,31826288.0,0.0006191884824902724,8286.0,10M-50M,2026-07-02,194.8300018310547,199.4600067138672,197.1499938964844,200.05499267578125,192.3500061035156,4.1,4.3,0.6479527392578125,True,NVDA,1429.0,1.4,8286.0,75062.0,5252.7641707487755,2.028571428571429,-0.02321269791920951,5140000000000,202.8571428571429,6.191884824902724e-06
MU260710P00900000,900.0,37.58,买 Put，看跌,-7.867821162443427,PUT,8335.0,8564.0,31322930.0,0.016485752631578948,25909.0,10M-50M,2026-07-10,975.5599975585938,1058.8699951171875,1041.5,1064.6400146484375,950.280029296875,37.0,38.05,1.173527081604004,False,MU,229.0,21.0,25909.0,8335.0,3639.737991266376,0.7895238095238094,-0.07867821162443427,190000000000,78.95238095238093,0.00016485752631578948
TSM260918C00350000,350.0,96.8,卖 Call，看跌,-5.52258834984031,CALL,3077.0,3112.0,29785359.999999996,0.002441422950819672,4822.0,10M-50M,2026-09-18,434.4779968261719,459.875,450.5400085449219,461.4700012207031,429.5,96.05,98.65,0.5860026751708984,True,TSM,35.0,107.85,4822.0,3077.0,8791.42857142857,-0.10245711636532219,-0.0552258834984031,1220000000000,-10.245711636532219,2.441422950819672e-05
NVDA260702P00195000,195.0,1.75,买 Put，看跌,-2.321269791920951,PUT,167311.0,169060.0,29279425.0,0.0005696386186770428,20912.0,10M-50M,2026-07-02,194.8300018310547,199.4600067138672,197.1499938964844,200.05499267578125,192.3500061035156,1.65,1.73,0.4038145556640625,True,NVDA,1749.0,0.39,20912.0,167311.0,9566.09491137793,3.487179487179487,-0.02321269791920951,5140000000000,348.7179487179487,5.696386186770428e-06
TSLA260706P00410000,410.0,20.64,买 Put，看跌,-4.500103999322064,PUT,14075.0,14090.0,29050800.0,0.0019458004018754187,1479.0,10M-50M,2026-07-06,393.4500122070313,411.989990234375,428.2300109863281,432.3500061035156,389.3010864257813,19.45,20.05,0.5112353564453125,True,TSLA,15.0,1.15,1479.0,14075.0,93833.33333333334,16.947826086956525,-0.045001039993220644,1493000000000,1694.7826086956525,1.9458004018754187e-05
AAPL260702C00305000,305.0,2.45,买 Call，看涨,1.8984415964417116,CALL,118212.0,120124.0,28961940.000000004,0.0006861393034825871,5480.0,10M-50M,2026-07-02,308.6300048828125,302.8800048828125,294.0849914550781,309.4200134277344,293.67999267578125,2.76,3.15,1.0000000000000004e-05,True,AAPL,1912.0,0.14,5480.0,118212.0,6182.635983263598,16.5,0.018984415964417117,4221000000000,1650.0,6.8613930348258715e-06
TSLA260702P00430000,430.0,38.65,买 Put，看跌,-4.500103999322064,PUT,7406.0,8327.0,28624189.999999996,0.0019172263898191556,2125.0,10M-50M,2026-07-02,393.4500122070313,411.989990234375,428.2300109863281,432.3500061035156,389.3010864257813,38.2,38.55,1.441897321777344,True,TSLA,921.0,4.2,2125.0,7406.0,804.1259500542888,8.20238095238095,-0.045001039993220644,1493000000000,820.2380952380951,1.9172263898191557e-05
MU260710C01000000,1000.0,44.25,卖 Call，看跌,-7.867821162443427,CALL,6324.0,6328.0,27983700.0,0.014728263157894736,740.0,10M-50M,2026-07-10,975.5599975585938,1058.8699951171875,1041.5,1064.6400146484375,950.280029296875,44.5,45.0,0.90780731842041,False,MU,4.0,82.75,740.0,6324.0,158100.0,-0.4652567975830816,-0.07867821162443427,190000000000,-46.52567975830816,0.00014728263157894736
MU260702P01030000,1030.0,74.6,买 Put，看跌,-7.867821162443427,PUT,3664.0,3898.0,27333439.999999996,0.014386021052631578,1596.0,10M-50M,2026-07-02,975.5599975585938,1058.8699951171875,1041.5,1064.6400146484375,950.280029296875,70.8,75.2,1.912842232666016,True,MU,234.0,17.7,1596.0,3664.0,1565.8119658119658,3.2146892655367227,-0.07867821162443427,190000000000,321.46892655367225,0.00014386021052631578
TSLA260706P00400000,400.0,11.3,买 Put，看跌,-4.500103999322064,PUT,23903.0,24040.0,27010390.000000004,0.0018091352980576022,2578.0,10M-50M,2026-07-06,393.4500122070313,411.989990234375,428.2300109863281,432.3500061035156,389.3010864257813,11.2,11.35,0.41211525390625,True,TSLA,137.0,0.46,2578.0,23903.0,17447.445255474453,23.565217391304348,-0.045001039993220644,1493000000000,2356.521739130435,1.8091352980576022e-05
MU260702P01010000,1010.0,51.08,买 Put，看跌,-7.867821162443427,PUT,5162.0,5229.0,26367495.999999996,0.013877629473684209,1518.0,10M-50M,2026-07-02,975.5599975585938,1058.8699951171875,1041.5,1064.6400146484375,950.280029296875,50.75,57.35,1.6455095849609376,True,MU,67.0,10.05,1518.0,5162.0,7704.477611940299,4.082587064676617,-0.07867821162443427,190000000000,408.25870646766174,0.0001387762947368421
MU260702P01020000,1020.0,62.55,买 Put，看跌,-7.867821162443427,PUT,4168.0,4263.0,26070840.0,0.013721494736842105,2955.0,10M-50M,2026-07-02,975.5599975585938,1058.8699951171875,1041.5,1064.6400146484375,950.280029296875,58.65,63.9,1.6619889947509767,True,MU,95.0,14.3,2955.0,4168.0,4387.368421052632,3.374125874125874,-0.07867821162443427,190000000000,337.4125874125874,0.00013721494736842105
MU260702P00970000,970.0,14.0,买 Put，看跌,-7.867821162443427,PUT,18184.0,18204.0,25457600.0,0.013398736842105264,2023.0,10M-50M,2026-07-02,975.5599975585938,1058.8699951171875,1041.5,1064.6400146484375,950.280029296875,12.95,13.7,0.7852804675292968,False,MU,20.0,3.3,2023.0,18184.0,90920.0,3.242424242424242,-0.07867821162443427,190000000000,324.24242424242425,0.00013398736842105263
MU260702P01040000,1040.0,82.47,买 Put，看跌,-7.867821162443427,PUT,3011.0,3020.0,24831717.0,0.013069324736842105,1942.0,10M-50M,2026-07-02,975.5599975585938,1058.8699951171875,1041.5,1064.6400146484375,950.280029296875,78.45,84.1,1.964233577270508,True,MU,9.0,25.93,1942.0,3011.0,33455.555555555555,2.1804859236405707,-0.07867821162443427,190000000000,218.04859236405707,0.00013069324736842105
MU260702P00950000,950.0,2.83,买 Put，看跌,-7.867821162443427,PUT,84525.0,102868.0,23920575.0,0.012589776315789473,25103.0,10M-50M,2026-07-02,975.5599975585938,1058.8699951171875,1041.5,1064.6400146484375,950.280029296875,2.45,2.75,0.5445602185058593,False,MU,18343.0,1.5,25103.0,84525.0,460.80248596194735,0.8866666666666667,-0.07867821162443427,190000000000,88.66666666666667,0.00012589776315789474
AVGO260821P00420000,420.0,67.9,买 Put，看跌,-3.2829293992814543,PUT,3360.0,3397.0,22814400.000000004,0.0011407200000000002,3210.0,10M-50M,2026-08-21,360.4500122070313,372.68499755859375,365.7250061035156,374.0,356.42999267578125,66.25,67.45,0.4868215380859375,True,AVGO,37.0,57.03,3210.0,3360.0,9081.08108108108,0.19060143783973355,-0.03282929399281454,2000000000000,19.060143783973356,1.1407200000000002e-05
TSLA260706P00412500,412.5,22.08,买 Put，看跌,-4.500103999322064,PUT,10209.0,10226.0,22541471.999999996,0.0015098105827193568,667.0,10M-50M,2026-07-06,393.4500122070313,411.989990234375,428.2300109863281,432.3500061035156,389.3010864257813,21.55,22.2,0.5023243127441408,True,TSLA,17.0,1.3,667.0,10209.0,60052.94117647059,15.984615384615383,-0.045001039993220644,1493000000000,1598.4615384615383,1.5098105827193568e-05
MU260702P00995000,995.0,38.16,买 Put，看跌,-7.867821162443427,PUT,5486.0,5577.0,20934575.999999996,0.01101819789473684,1189.0,10M-50M,2026-07-02,975.5599975585938,1058.8699951171875,1041.5,1064.6400146484375,950.280029296875,35.05,40.9,1.3201938287353514,True,MU,91.0,7.3,1189.0,5486.0,6028.571428571428,4.227397260273972,-0.07867821162443427,190000000000,422.7397260273972,0.00011018197894736841
MU260821C01200000,1200.0,64.8,卖 Call，看跌,-7.867821162443427,CALL,3169.0,3195.0,20535120.0,0.010807957894736842,4576.0,10M-50M,2026-08-21,975.5599975585938,1058.8699951171875,1041.5,1064.6400146484375,950.280029296875,63.6,65.0,0.9368902795410156,False,MU,26.0,87.33,4576.0,3169.0,12188.461538461539,-0.2579869460666438,-0.07867821162443427,190000000000,-25.79869460666438,0.00010807957894736842
TSLA260710P00420000,420.0,31.1,买 Put，看跌,-4.500103999322064,PUT,6579.0,6707.0,20460690.000000004,0.001370441393168118,1341.0,10M-50M,2026-07-10,393.4500122070313,411.989990234375,428.2300109863281,432.3500061035156,389.3010864257813,30.75,31.3,0.5459029785156251,True,TSLA,128.0,6.58,1341.0,6579.0,5139.84375,3.726443768996961,-0.045001039993220644,1493000000000,372.6443768996961,1.370441393168118e-05
TSLA260702P00422500,422.5,31.11,买 Put，看跌,-4.500103999322064,PUT,6465.0,7798.0,20112615.0,0.0013471275954454118,1953.0,10M-50M,2026-07-02,393.4500122070313,411.989990234375,428.2300109863281,432.3500061035156,389.3010864257813,30.95,31.4,1.3027378613281246,True,TSLA,1333.0,2.06,1953.0,6465.0,484.9962490622656,14.101941747572816,-0.045001039993220644,1493000000000,1410.1941747572816,1.3471275954454119e-05
BE260717P00250000,250.0,22.24,买 Put，看跌,-10.030544944182353,PUT,9024.0,9416.0,20069375.999999996,0.11805515294117644,1823.0,10M-50M,2026-07-17,270.9070129394531,301.1099853515625,297.8699951171875,307.6700134277344,257.510009765625,21.4,23.35,1.4654567742919922,False,BE,392.0,14.5,1823.0,9024.0,2302.0408163265306,0.5337931034482758,-0.10030544944182353,17000000000,53.37931034482758,0.0011805515294117644
SNDK260702P01750000,1750.0,39.6,买 Put，看跌,-13.139784158284321,PUT,5008.0,5490.0,19831680.0,0.247896,1725.0,10M-50M,2026-07-02,1745.0,2008.9749755859373,2045.6500244140625,2052.5400390625,1693.0,35.6,44.0,1.020848401641846,True,SNDK,482.0,2.35,1725.0,5008.0,1039.0041493775934,15.851063829787233,-0.1313978415828432,8000000000,1585.1063829787233,0.00247896
MU260702P00975000,975.0,19.6,买 Put，看跌,-7.867821162443427,PUT,9961.0,12298.0,19523560.0,0.010275557894736843,1660.0,10M-50M,2026-07-02,975.5599975585938,1058.8699951171875,1041.5,1064.6400146484375,950.280029296875,14.95,19.6,0.8620008917236328,False,MU,2337.0,7.27,1660.0,9961.0,426.23020967051775,1.6960110041265477,-0.07867821162443427,190000000000,169.60110041265477,0.00010275557894736843
TSLA260706P00420000,420.0,29.88,买 Put，看跌,-4.500103999322064,PUT,6416.0,6489.0,19171008.0,0.0012840594775619558,3294.0,10M-50M,2026-07-06,393.4500122070313,411.989990234375,428.2300109863281,432.3500061035156,389.3010864257813,28.9,29.55,0.5969278588867188,True,TSLA,73.0,2.79,3294.0,6416.0,8789.04109589041,9.709677419354838,-0.045001039993220644,1493000000000,970.9677419354838,1.2840594775619558e-05
AAPL261218C00330000,330.0,15.43,买 Call，看涨,1.8984415964417116,CALL,12331.0,12504.0,19026733.0,0.0004507636342099029,7115.0,10M-50M,2026-12-18,308.6300048828125,302.8800048828125,294.0849914550781,309.4200134277344,293.67999267578125,15.1,15.45,0.284339432067871,False,AAPL,173.0,9.95,7115.0,12331.0,7127.745664739885,0.5507537688442212,0.018984415964417117,4221000000000,55.07537688442212,4.507636342099029e-06
TSLA260702P00392500,392.5,1.59,买 Put，看跌,-4.500103999322064,PUT,113965.0,115674.0,18120435.0,0.0012136929002009378,1843.0,10M-50M,2026-07-02,393.4500122070313,411.989990234375,428.2300109863281,432.3500061035156,389.3010864257813,1.58,1.64,0.2536695727539063,False,TSLA,1709.0,0.15,1843.0,113965.0,6668.519602106496,9.600000000000001,-0.045001039993220644,1493000000000,960.0000000000001,1.2136929002009377e-05
TSLA260706P00405000,405.0,15.35,买 Put，看跌,-4.500103999322064,PUT,11471.0,11477.0,17607985.0,0.0011793693904889485,886.0,10M-50M,2026-07-06,393.4500122070313,411.989990234375,428.2300109863281,432.3500061035156,389.3010864257813,15.2,15.4,0.450200810546875,True,TSLA,6.0,0.64,886.0,11471.0,191183.3333333333,22.984374999999996,-0.045001039993220644,1493000000000,2298.4374999999995,1.1793693904889485e-05
TSLA260710C00400000,400.0,7.1,卖 Call，看跌,-4.500103999322064,CALL,23443.0,23444.0,16644529.999999998,0.0011148379102478231,14554.0,10M-50M,2026-07-10,393.4500122070313,411.989990234375,428.2300109863281,432.3500061035156,389.3010864257813,7.05,7.15,0.4060117993164062,False,TSLA,1.0,30.05,14554.0,23443.0,2344300.0,-0.7637271214642264,-0.045001039993220644,1493000000000,-76.37271214642264,1.1148379102478231e-05
MU260710P00850000,850.0,23.45,买 Put，看跌,-7.867821162443427,PUT,6799.0,6835.0,15943654.999999998,0.00839139736842105,1741.0,10M-50M,2026-07-10,975.5599975585938,1058.8699951171875,1041.5,1064.6400146484375,950.280029296875,22.3,23.55,1.1939127218627927,False,MU,36.0,12.95,1741.0,6799.0,18886.111111111113,0.8108108108108109,-0.07867821162443427,190000000000,81.08108108108108,8.391397368421051e-05
NVDA260702P00200000,200.0,6.73,买 Put，看跌,-2.321269791920951,PUT,23011.0,23096.0,15486403.0,0.0003012918871595331,23638.0,10M-50M,2026-07-02,194.8300018310547,199.4600067138672,197.1499938964844,200.05499267578125,192.3500061035156,6.6,6.85,0.8632826171875,True,NVDA,85.0,2.81,23638.0,23011.0,27071.76470588235,1.3950177935943062,-0.02321269791920951,5140000000000,139.50177935943063,3.0129188715953307e-06
MU260710C01050000,1050.0,28.24,卖 Call，看跌,-7.867821162443427,CALL,5355.0,5365.0,15122519.999999998,0.007959221052631577,880.0,10M-50M,2026-07-10,975.5599975585938,1058.8699951171875,1041.5,1064.6400146484375,950.280029296875,27.5,28.45,0.9109200802612304,False,MU,10.0,56.0,880.0,5355.0,53550.0,-0.4957142857142857,-0.07867821162443427,190000000000,-49.57142857142857,7.959221052631577e-05
AAPL260717C00300000,300.0,11.38,买 Call，看涨,1.8984415964417116,CALL,12909.0,13106.0,14690442.000000002,0.0003480322672352524,40905.0,10M-50M,2026-07-17,308.6300048828125,302.8800048828125,294.0849914550781,309.4200134277344,293.67999267578125,11.2,11.55,0.2486647399902344,True,AAPL,197.0,5.0,40905.0,12909.0,6552.791878172588,1.2760000000000002,0.018984415964417117,4221000000000,127.60000000000002,3.4803226723525237e-06
TSLA260706P00390000,390.0,4.99,买 Put，看跌,-4.500103999322064,PUT,28772.0,28782.0,14357228.0,0.0009616361687876758,2736.0,10M-50M,2026-07-06,393.4500122070313,411.989990234375,428.2300109863281,432.3500061035156,389.3010864257813,4.95,5.0,0.3598696826171874,False,TSLA,10.0,0.18,2736.0,28772.0,287720.0,26.722222222222225,-0.045001039993220644,1493000000000,2672.2222222222226,9.616361687876757e-06
MU260702P00985000,985.0,26.4,买 Put，看跌,-7.867821162443427,PUT,5418.0,6350.0,14303519.999999998,0.00752816842105263,789.0,10M-50M,2026-07-02,975.5599975585938,1058.8699951171875,1041.5,1064.6400146484375,950.280029296875,26.85,31.5,1.180546089477539,True,MU,932.0,8.65,789.0,5418.0,581.3304721030044,2.052023121387283,-0.07867821162443427,190000000000,205.2023121387283,7.52816842105263e-05
AMD260710C00515000,515.0,19.98,卖 Call，看跌,-5.093377829116771,CALL,7114.0,7199.0,14213772.0,0.005466835384615384,258.0,10M-50M,2026-07-10,517.8200073242188,545.6099853515625,538.219970703125,547.6500244140625,506.0,19.95,20.55,0.5815471533203125,True,AMD,85.0,37.85,258.0,7114.0,8369.411764705881,-0.4721268163804492,-0.050933778291167714,260000000000,-47.21268163804492,5.466835384615385e-05
INTC261016C00135000,135.0,16.86,卖 Call，看跌,-7.543980819665539,CALL,8416.0,8540.0,14189376.0,0.009785776551724138,2272.0,10M-50M,2026-10-16,120.3499984741211,130.1699981689453,128.9149932861328,130.74000549316406,117.62999725341795,17.15,17.75,0.8819591882324218,False,INTC,124.0,21.35,2272.0,8416.0,6787.096774193549,-0.21030444964871203,-0.0754398081966554,145000000000,-21.030444964871204,9.785776551724138e-05
INTC260702P00125000,125.0,6.18,买 Put，看跌,-7.543980819665539,PUT,22150.0,22266.0,13688700.0,0.009440482758620689,9177.0,10M-50M,2026-07-02,120.3499984741211,130.1699981689453,128.9149932861328,130.74000549316406,117.62999725341795,5.65,6.05,1.1572307763671876,True,INTC,116.0,1.89,9177.0,22150.0,19094.827586206895,2.2698412698412698,-0.0754398081966554,145000000000,226.984126984127,9.440482758620689e-05
TSLA260706P00417500,417.5,26.77,买 Put，看跌,-4.500103999322064,PUT,4948.0,4969.0,13245796.0,0.0008871933020763563,383.0,10M-50M,2026-07-06,393.4500122070313,411.989990234375,428.2300109863281,432.3500061035156,389.3010864257813,26.3,27.15,0.5627485131835939,True,TSLA,21.0,2.0,383.0,4948.0,23561.904761904763,12.385,-0.045001039993220644,1493000000000,1238.5,8.871933020763563e-06
AAPL260702C00287500,287.5,20.28,买 Call，看涨,1.8984415964417116,CALL,6482.0,6999.0,13145496.000000002,0.00031143084577114433,6784.0,10M-50M,2026-07-02,308.6300048828125,302.8800048828125,294.0849914550781,309.4200134277344,293.67999267578125,20.05,20.5,1.0000000000000004e-05,True,AAPL,517.0,10.11,6784.0,6482.0,1253.7717601547388,1.0059347181008904,0.018984415964417117,4221000000000,100.59347181008904,3.1143084577114434e-06
NVDA260710C00200000,200.0,1.66,卖 Call，看跌,-2.321269791920951,CALL,78560.0,79076.0,13040960.0,0.00025371517509727626,15664.0,10M-50M,2026-07-10,194.8300018310547,199.4600067138672,197.1499938964844,200.05499267578125,192.3500061035156,1.65,1.67,0.298713067626953,False,NVDA,516.0,3.21,15664.0,78560.0,15224.806201550387,-0.48286604361370716,-0.02321269791920951,5140000000000,-48.28660436137071,2.537151750972763e-06
AAPL260702C00297500,297.5,10.2,买 Call，看涨,1.8984415964417116,CALL,12736.0,22099.0,12990720.0,0.0003077640369580668,13296.0,10M-50M,2026-07-02,308.6300048828125,302.8800048828125,294.0849914550781,309.4200134277344,293.67999267578125,10.05,10.4,1.0000000000000004e-05,True,AAPL,9363.0,2.58,13296.0,12736.0,136.0247783829969,2.9534883720930227,0.018984415964417117,4221000000000,295.34883720930225,3.077640369580668e-06
TSLA260706P00395000,395.0,7.82,买 Put，看跌,-4.500103999322064,PUT,16341.0,18823.0,12778662.000000002,0.0008559050234427329,1852.0,10M-50M,2026-07-06,393.4500122070313,411.989990234375,428.2300109863281,432.3500061035156,389.3010864257813,7.75,7.85,0.3829407409667968,True,TSLA,2482.0,0.63,1852.0,16341.0,658.3803384367446,11.412698412698413,-0.045001039993220644,1493000000000,1141.2698412698412,8.55905023442733e-06
MU260702P00965000,965.0,10.6,买 Put，看跌,-7.867821162443427,PUT,11986.0,11987.0,12705160.0,0.006686926315789474,1149.0,10M-50M,2026-07-02,975.5599975585938,1058.8699951171875,1041.5,1064.6400146484375,950.280029296875,10.6,11.3,0.7733176965332031,False,MU,1.0,3.5,1149.0,11986.0,1198600.0,2.0285714285714285,-0.07867821162443427,190000000000,202.85714285714283,6.686926315789474e-05
MU260710C01100000,1100.0,17.2,卖 Call，看跌,-7.867821162443427,CALL,7273.0,7298.0,12509560.0,0.0065839789473684214,3094.0,10M-50M,2026-07-10,975.5599975585938,1058.8699951171875,1041.5,1064.6400146484375,950.280029296875,16.95,17.6,0.9259650958251952,False,MU,25.0,37.25,3094.0,7273.0,29092.0,-0.538255033557047,-0.07867821162443427,190000000000,-53.8255033557047,6.583978947368421e-05
MU260710P00800000,800.0,13.75,买 Put，看跌,-7.867821162443427,PUT,9036.0,9046.0,12424500.0,0.006539210526315789,9871.0,10M-50M,2026-07-10,975.5599975585938,1058.8699951171875,1041.5,1064.6400146484375,950.280029296875,13.75,14.55,1.2512244470214844,False,MU,10.0,7.95,9871.0,9036.0,90360.0,0.7295597484276729,-0.07867821162443427,190000000000,72.95597484276729,6.539210526315789e-05
NVDA260706P00205000,205.0,11.72,买 Put，看跌,-2.321269791920951,PUT,10474.0,10478.0,12275528.000000002,0.00023882350194552533,1209.0,10M-50M,2026-07-06,194.8300018310547,199.4600067138672,197.1499938964844,200.05499267578125,192.3500061035156,11.55,11.85,0.543949873046875,True,NVDA,4.0,8.08,1209.0,10474.0,261850.0,0.45049504950495056,-0.02321269791920951,5140000000000,45.049504950495056,2.3882350194552535e-06
TSLA260710P00400000,400.0,15.35,买 Put，看跌,-4.500103999322064,PUT,7975.0,8275.0,12241625.0,0.0008199346952444743,3968.0,10M-50M,2026-07-10,393.4500122070313,411.989990234375,428.2300109863281,432.3500061035156,389.3010864257813,15.35,15.4,0.4764456652832031,True,TSLA,300.0,2.12,3968.0,7975.0,2658.333333333333,6.2405660377358485,-0.045001039993220644,1493000000000,624.0566037735848,8.199346952444743e-06
TSLA260702P00427500,427.5,36.25,买 Put，看跌,-4.500103999322064,PUT,3344.0,3943.0,12122000.0,0.0008119223040857333,1707.0,10M-50M,2026-07-02,393.4500122070313,411.989990234375,428.2300109863281,432.3500061035156,389.3010864257813,35.6,36.2,1.381839028320312,True,TSLA,599.0,2.5,1707.0,3344.0,558.2637729549249,13.5,-0.045001039993220644,1493000000000,1350.0,8.119223040857334e-06
QCOM260710P00190000,190.0,16.93,买 Put，看跌,-4.05030341473237,PUT,6900.0,7160.0,11681700.0,0.005484366197183099,1023.0,10M-50M,2026-07-10,176.25,183.69000244140625,182.1699981689453,185.7400054931641,172.1199951171875,16.05,16.85,0.6718782812500002,True,QCOM,260.0,12.25,1023.0,6900.0,2653.846153846154,0.3820408163265306,-0.040503034147323695,213000000000,38.20408163265306,5.4843661971830985e-05
TSLA260702C00390000,390.0,2.01,卖 Call，看跌,-4.500103999322064,CALL,54217.0,54787.0,10897616.999999998,0.0007299140656396516,3521.0,10M-50M,2026-07-02,393.4500122070313,411.989990234375,428.2300109863281,432.3500061035156,389.3010864257813,1.98,2.07,1.0000000000000004e-05,True,TSLA,570.0,36.0,3521.0,54217.0,9511.754385964912,-0.9441666666666667,-0.045001039993220644,1493000000000,-94.41666666666667,7.299140656396516e-06
NVDA260821C00200000,200.0,8.7,卖 Call，看跌,-2.321269791920951,CALL,12471.0,12551.0,10849770.0,0.00021108501945525294,24920.0,10M-50M,2026-08-21,194.8300018310547,199.4600067138672,197.1499938964844,200.05499267578125,192.3500061035156,8.8,8.85,0.3823303955078124,False,NVDA,80.0,10.6,24920.0,12471.0,15588.749999999998,-0.17924528301886797,-0.02321269791920951,5140000000000,-17.924528301886795,2.1108501945525293e-06
MU260717C01100000,1100.0,34.6,卖 Call，看跌,-7.867821162443427,CALL,3122.0,3143.0,10802120.000000002,0.0056853263157894745,5839.0,10M-50M,2026-07-17,975.5599975585938,1058.8699951171875,1041.5,1064.6400146484375,950.280029296875,34.1,35.4,0.9540104696655272,False,MU,21.0,56.5,5839.0,3122.0,14866.666666666666,-0.38761061946902653,-0.07867821162443427,190000000000,-38.76106194690265,5.6853263157894746e-05
AAPL260706C00305000,305.0,3.85,买 Call，看涨,1.8984415964417116,CALL,27912.0,28204.0,10746120.0,0.00025458706467661695,5063.0,10M-50M,2026-07-06,308.6300048828125,302.8800048828125,294.0849914550781,309.4200134277344,293.67999267578125,4.0,4.25,0.1333094482421875,True,AAPL,292.0,0.58,5063.0,27912.0,9558.90410958904,5.637931034482759,0.018984415964417117,4221000000000,563.7931034482759,2.5458706467661693e-06
TSLA260807C00405000,405.0,17.07,卖 Call，看跌,-4.500103999322064,CALL,6273.0,6288.0,10708011.0,0.0007172144005358339,85.0,10M-50M,2026-08-07,393.4500122070313,411.989990234375,428.2300109863281,432.3500061035156,389.3010864257813,17.7,17.95,0.4592949578857422,False,TSLA,15.0,36.81,85.0,6273.0,41820.0,-0.5362673186634067,-0.045001039993220644,1493000000000,-53.62673186634067,7.172144005358339e-06
TSLA260702C00385000,385.0,6.37,卖 Call，看跌,-4.500103999322064,CALL,16621.0,17276.0,10587577.0,0.0007091478231748158,11339.0,10M-50M,2026-07-02,393.4500122070313,411.989990234375,428.2300109863281,432.3500061035156,389.3010864257813,6.3,6.45,1.0000000000000004e-05,True,TSLA,655.0,40.52,11339.0,16621.0,2537.557251908397,-0.8427936821322805,-0.045001039993220644,1493000000000,-84.27936821322804,7.091478231748158e-06
AMD260710C00530000,530.0,14.03,卖 Call，看跌,-5.093377829116771,CALL,7537.0,7538.0,10574411.0,0.004067081153846154,513.0,10M-50M,2026-07-10,517.8200073242188,545.6099853515625,538.219970703125,547.6500244140625,506.0,13.55,14.45,0.5939982006835938,False,AMD,1.0,25.0,513.0,7537.0,753700.0,-0.4388,-0.050933778291167714,260000000000,-43.88,4.0670811538461535e-05
AAPL260717C00310000,310.0,5.41,买 Call，看涨,1.8984415964417116,CALL,19481.0,19509.0,10539221.0,0.00024968540630182425,46687.0,10M-50M,2026-07-17,308.6300048828125,302.8800048828125,294.0849914550781,309.4200134277344,293.67999267578125,5.45,5.65,0.2442702526855469,False,AAPL,28.0,1.8,46687.0,19481.0,69575.0,2.0055555555555555,0.018984415964417117,4221000000000,200.55555555555554,2.4968540630182422e-06
QCOM260702P00195000,195.0,21.3,买 Put，看跌,-4.05030341473237,PUT,4944.0,5093.0,10530720.0,0.0049440000000000005,5325.0,10M-50M,2026-07-02,176.25,183.69000244140625,182.1699981689453,185.7400054931641,172.1199951171875,18.8,21.3,1.8173837255859373,True,QCOM,149.0,12.0,5325.0,4944.0,3318.120805369127,0.775,-0.040503034147323695,213000000000,77.5,4.944e-05
TSLA260706P00397500,397.5,9.57,买 Put，看跌,-4.500103999322064,PUT,10951.0,10963.0,10480107.0,0.0007019495646349631,407.0,10M-50M,2026-07-06,393.4500122070313,411.989990234375,428.2300109863281,432.3500061035156,389.3010864257813,9.35,9.5,0.3952086846923829,True,TSLA,12.0,0.35,407.0,10951.0,91258.33333333334,26.342857142857145,-0.045001039993220644,1493000000000,2634.2857142857147,7.0194956463496314e-06
MU260702P00960000,960.0,7.08,买 Put，看跌,-7.867821162443427,PUT,14759.0,14769.0,10449372.0,0.00549966947368421,1048.0,10M-50M,2026-07-02,975.5599975585938,1058.8699951171875,1041.5,1064.6400146484375,950.280029296875,6.8,7.2,0.6613803393554689,False,MU,10.0,2.18,1048.0,14759.0,147590.0,2.2477064220183487,-0.07867821162443427,190000000000,224.77064220183487,5.4996694736842104e-05
NVDA260710C00197500,197.5,2.4,卖 Call，看跌,-2.321269791920951,CALL,42530.0,42649.0,10207200.0,0.00019858365758754863,4234.0,10M-50M,2026-07-10,194.8300018310547,199.4600067138672,197.1499938964844,200.05499267578125,192.3500061035156,2.4,2.42,0.292853751220703,False,NVDA,119.0,4.25,4234.0,42530.0,35739.49579831932,-0.43529411764705883,-0.02321269791920951,5140000000000,-43.529411764705884,1.9858365758754864e-06
TSLA260706C00392500,392.5,5.35,卖 Call，看跌,-4.500103999322064,CALL,18932.0,19167.0,10128620.0,0.0006784072337575352,371.0,10M-50M,2026-07-06,393.4500122070313,411.989990234375,428.2300109863281,432.3500061035156,389.3010864257813,5.35,5.4,0.26758544921875,True,TSLA,235.0,34.8,371.0,18932.0,8056.170212765957,-0.8462643678160919,-0.045001039993220644,1493000000000,-84.62643678160919,6.784072337575351e-06
NVDA270115C00200000,200.0,22.85,卖 Call，看跌,-2.321269791920951,CALL,4427.0,4433.0,10115695.000000002,0.00019680340466926075,88711.0,10M-50M,2027-01-15,194.8300018310547,199.4600067138672,197.1499938964844,200.05499267578125,192.3500061035156,22.7,22.9,0.4397639031982422,False,NVDA,6.0,25.0,88711.0,4427.0,73783.33333333334,-0.08599999999999994,-0.02321269791920951,5140000000000,-8.599999999999994,1.9680340466926075e-06
TSLA260717P00400000,400.0,18.9,买 Put，看跌,-4.500103999322064,PUT,5209.0,5269.0,9845010.0,0.0006594112525117214,17160.0,5M-10M,2026-07-17,393.4500122070313,411.989990234375,428.2300109863281,432.3500061035156,389.3010864257813,18.7,18.9,0.4650932397460938,True,TSLA,60.0,4.25,17160.0,5209.0,8681.666666666666,3.4470588235294115,-0.045001039993220644,1493000000000,344.70588235294116,6.594112525117214e-06
AAPL260702C00307500,307.5,0.6,买 Call，看涨,1.8984415964417116,CALL,163875.0,163922.0,9832500.0,0.00023294243070362474,2474.0,5M-10M,2026-07-02,308.6300048828125,302.8800048828125,294.0849914550781,309.4200134277344,293.67999267578125,0.59,0.63,1.0000000000000004e-05,True,AAPL,47.0,0.06,2474.0,163875.0,348670.21276595746,9.000000000000002,0.018984415964417117,4221000000000,900.0000000000002,2.3294243070362474e-06
NVDA270115C00210000,210.0,18.6,卖 Call，看跌,-2.321269791920951,CALL,5231.0,10701.0,9729660.0,0.00018929299610894942,40242.0,5M-10M,2027-01-15,194.8300018310547,199.4600067138672,197.1499938964844,200.05499267578125,192.3500061035156,18.7,18.9,0.4353999331665039,False,NVDA,5470.0,20.95,40242.0,5231.0,95.6307129798903,-0.11217183770883045,-0.02321269791920951,5140000000000,-11.217183770883045,1.8929299610894942e-06
NVDA260706P00195000,195.0,2.94,买 Put，看跌,-2.321269791920951,PUT,32546.0,32583.0,9568524.0,0.00018615805447470815,6642.0,5M-10M,2026-07-06,194.8300018310547,199.4600067138672,197.1499938964844,200.05499267578125,192.3500061035156,3.0,3.15,0.3366765551757812,True,NVDA,37.0,1.25,6642.0,32546.0,87962.16216216216,1.3519999999999999,-0.02321269791920951,5140000000000,135.2,1.8615805447470816e-06
AMD260702P00530000,530.0,19.64,买 Put，看跌,-5.093377829116771,PUT,4812.0,4894.0,9450768.0,0.0036349107692307697,9624.0,5M-10M,2026-07-02,517.8200073242188,545.6099853515625,538.219970703125,547.6500244140625,506.0,17.55,21.6,1.147953479003906,True,AMD,82.0,5.57,9624.0,4812.0,5868.292682926829,2.526032315978456,-0.050933778291167714,260000000000,252.60323159784562,3.6349107692307695e-05
TSLA260706C00390000,390.0,6.6,卖 Call，看跌,-4.500103999322064,CALL,14239.0,14355.0,9397740.0,0.0006294534494306766,562.0,5M-10M,2026-07-06,393.4500122070313,411.989990234375,428.2300109863281,432.3500061035156,389.3010864257813,6.55,6.7,0.2612378564453125,True,TSLA,116.0,36.0,562.0,14239.0,12275.0,-0.8166666666666667,-0.045001039993220644,1493000000000,-81.66666666666667,6.294534494306765e-06
TSLA260807C00400000,400.0,19.0,卖 Call，看跌,-4.500103999322064,CALL,4817.0,4850.0,9152300.0,0.0006130140656396518,334.0,5M-10M,2026-08-07,393.4500122070313,411.989990234375,428.2300109863281,432.3500061035156,389.3010864257813,19.75,20.05,0.4603325451660156,False,TSLA,33.0,39.85,334.0,4817.0,14596.969696969696,-0.5232120451693852,-0.045001039993220644,1493000000000,-52.32120451693852,6.130140656396517e-06
AAPL260702C00295000,295.0,12.55,买 Call，看涨,1.8984415964417116,CALL,7179.0,9208.0,9009645.000000002,0.00021344811656005691,13575.0,5M-10M,2026-07-02,308.6300048828125,302.8800048828125,294.0849914550781,309.4200134277344,293.67999267578125,12.55,12.85,1.0000000000000004e-05,True,AAPL,2029.0,4.1,13575.0,7179.0,353.81961557417446,2.060975609756098,0.018984415964417117,4221000000000,206.0975609756098,2.134481165600569e-06
TSLA260706P00392500,392.5,6.45,买 Put，看跌,-4.500103999322064,PUT,13889.0,14062.0,8958405.0,0.0006000271265907569,489.0,5M-10M,2026-07-06,393.4500122070313,411.989990234375,428.2300109863281,432.3500061035156,389.3010864257813,6.45,6.55,0.3823303955078124,False,TSLA,173.0,0.52,489.0,13889.0,8028.323699421965,11.403846153846153,-0.045001039993220644,1493000000000,1140.3846153846152,6.000271265907569e-06
TSLA260706P00402500,402.5,13.49,买 Put，看跌,-4.500103999322064,PUT,6455.0,7204.0,8707795.0,0.0005832414601473543,421.0,5M-10M,2026-07-06,393.4500122070313,411.989990234375,428.2300109863281,432.3500061035156,389.3010864257813,13.15,13.3,0.4290828576660156,True,TSLA,749.0,1.22,421.0,6455.0,861.8157543391188,10.057377049180328,-0.045001039993220644,1493000000000,1005.7377049180328,5.832414601473543e-06
NVDA260702C00192500,192.5,0.96,卖 Call，看跌,-2.321269791920951,CALL,90269.0,90279.0,8665824.0,0.00016859579766536964,2781.0,5M-10M,2026-07-02,194.8300018310547,199.4600067138672,197.1499938964844,200.05499267578125,192.3500061035156,0.93,1.0,1.0000000000000004e-05,True,NVDA,10.0,5.2,2781.0,90269.0,902690.0,-0.8153846153846154,-0.02321269791920951,5140000000000,-81.53846153846153,1.6859579766536965e-06
TSLA260710C00410000,410.0,4.22,卖 Call，看跌,-4.500103999322064,CALL,20399.0,20410.0,8608378.0,0.0005765825853985265,21796.0,5M-10M,2026-07-10,393.4500122070313,411.989990234375,428.2300109863281,432.3500061035156,389.3010864257813,4.25,4.3,0.4205380212402344,False,TSLA,11.0,25.5,21796.0,20399.0,185445.45454545456,-0.8345098039215687,-0.045001039993220644,1493000000000,-83.45098039215686,5.765825853985265e-06
TSLA270115C00500000,500.0,24.65,卖 Call，看跌,-4.500103999322064,CALL,3454.0,3502.0,8514110.0,0.0005702685867381112,21122.0,5M-10M,2027-01-15,393.4500122070313,411.989990234375,428.2300109863281,432.3500061035156,389.3010864257813,24.6,24.8,0.4969532727050781,False,TSLA,48.0,38.9,21122.0,3454.0,7195.833333333333,-0.36632390745501286,-0.045001039993220644,1493000000000,-36.63239074550128,5.702685867381112e-06
AAPL260710C00290000,290.0,18.47,买 Call，看涨,1.8984415964417116,CALL,4608.0,6445.0,8510976.0,0.00020163411513859277,5055.0,5M-10M,2026-07-10,308.6300048828125,302.8800048828125,294.0849914550781,309.4200134277344,293.67999267578125,18.35,18.6,1.0000000000000004e-05,True,AAPL,1837.0,7.53,5055.0,4608.0,250.84376701143168,1.4528552456839305,0.018984415964417117,4221000000000,145.28552456839304,2.0163411513859276e-06
NVDA270617C00200000,200.0,32.1,卖 Call，看跌,-2.321269791920951,CALL,2617.0,3092.0,8400570.0,0.0001634352140077821,23339.0,5M-10M,2027-06-17,194.8300018310547,199.4600067138672,197.1499938964844,200.05499267578125,192.3500061035156,32.15,32.5,0.4572197833251954,False,NVDA,475.0,35.0,23339.0,2617.0,550.9473684210526,-0.08285714285714281,-0.02321269791920951,5140000000000,-8.285714285714281,1.634352140077821e-06
MU260717C01150000,1150.0,24.0,卖 Call，看跌,-7.867821162443427,CALL,3459.0,3471.0,8301600.0,0.004369263157894736,2235.0,5M-10M,2026-07-17,975.5599975585938,1058.8699951171875,1041.5,1064.6400146484375,950.280029296875,24.05,25.35,0.9600528897094726,False,MU,12.0,42.5,2235.0,3459.0,28825.0,-0.43529411764705883,-0.07867821162443427,190000000000,-43.529411764705884,4.3692631578947366e-05
TSLA260706C00395000,395.0,4.35,卖 Call，看跌,-4.500103999322064,CALL,19057.0,19294.0,8289795.0,0.0005552441393168118,3482.0,5M-10M,2026-07-06,393.4500122070313,411.989990234375,428.2300109863281,432.3500061035156,389.3010864257813,4.35,4.45,0.2818675329589843,False,TSLA,237.0,31.78,3482.0,19057.0,8040.928270042194,-0.8631214600377596,-0.045001039993220644,1493000000000,-86.31214600377596,5.5524413931681175e-06
AAPL260821C00310000,310.0,12.0,买 Call，看涨,1.8984415964417116,CALL,6867.0,6887.0,8240400.0,0.00019522388059701494,26425.0,5M-10M,2026-08-21,308.6300048828125,302.8800048828125,294.0849914550781,309.4200134277344,293.67999267578125,11.85,12.2,0.2791820129394531,False,AAPL,20.0,6.75,26425.0,6867.0,34335.0,0.7777777777777778,0.018984415964417117,4221000000000,77.77777777777779,1.9522388059701494e-06
AAPL260717C00290000,290.0,19.86,买 Call，看涨,1.8984415964417116,CALL,4086.0,4109.0,8114795.999999999,0.00019224818763326223,17744.0,5M-10M,2026-07-17,308.6300048828125,302.8800048828125,294.0849914550781,309.4200134277344,293.67999267578125,19.05,19.6,0.2557447473144532,True,AAPL,23.0,11.5,17744.0,4086.0,17765.217391304348,0.7269565217391304,0.018984415964417117,4221000000000,72.69565217391303,1.9224818763326223e-06
SNDK260702P01700000,1700.0,6.9,买 Put，看跌,-13.139784158284321,PUT,11625.0,11691.0,8021250.0,0.10026562500000001,5221.0,5M-10M,2026-07-02,1745.0,2008.9749755859373,2045.6500244140625,2052.5400390625,1693.0,6.9,9.0,0.6685213812255861,False,SNDK,66.0,0.84,5221.0,11625.0,17613.636363636364,7.214285714285715,-0.1313978415828432,8000000000,721.4285714285716,0.00100265625
MU260717C01200000,1200.0,17.0,卖 Call，看跌,-7.867821162443427,CALL,4703.0,4733.0,7995100.0,0.004207947368421052,8131.0,5M-10M,2026-07-17,975.5599975585938,1058.8699951171875,1041.5,1064.6400146484375,950.280029296875,16.8,17.4,0.9610294424438476,False,MU,30.0,30.5,8131.0,4703.0,15676.666666666668,-0.4426229508196721,-0.07867821162443427,190000000000,-44.26229508196721,4.207947368421052e-05
AAPL260702C00292500,292.5,15.22,买 Call，看涨,1.8984415964417116,CALL,5178.0,5357.0,7880916.0,0.00018670732054015636,8224.0,5M-10M,2026-07-02,308.6300048828125,302.8800048828125,294.0849914550781,309.4200134277344,293.67999267578125,15.0,15.35,1.0000000000000004e-05,True,AAPL,179.0,4.55,8224.0,5178.0,2892.7374301675977,2.3450549450549456,0.018984415964417117,4221000000000,234.50549450549457,1.8670732054015637e-06
AAPL260710C00305000,305.0,6.3,买 Call，看涨,1.8984415964417116,CALL,12376.0,12431.0,7796880.0,0.00018471641791044775,5665.0,5M-10M,2026-07-10,308.6300048828125,302.8800048828125,294.0849914550781,309.4200134277344,293.67999267578125,6.25,6.4,0.2260819580078125,True,AAPL,55.0,1.89,5665.0,12376.0,22501.818181818184,2.3333333333333335,0.018984415964417117,4221000000000,233.33333333333334,1.8471641791044775e-06
TSLA260702P00390000,390.0,0.34,买 Put，看跌,-4.500103999322064,PUT,227070.0,227140.0,7720380.0,0.0005171051574012056,4639.0,5M-10M,2026-07-02,393.4500122070313,411.989990234375,428.2300109863281,432.3500061035156,389.3010864257813,0.33,0.35,0.1804281176757812,False,TSLA,70.0,0.04,4639.0,227070.0,324385.71428571426,7.500000000000001,-0.045001039993220644,1493000000000,750.0000000000001,5.171051574012056e-06
TSLA260706P00407500,407.5,17.54,买 Put，看跌,-4.500103999322064,PUT,4367.0,4371.0,7659717.999999999,0.0005130420629604821,371.0,5M-10M,2026-07-06,393.4500122070313,411.989990234375,428.2300109863281,432.3500061035156,389.3010864257813,17.35,17.6,0.4738822143554688,True,TSLA,4.0,1.25,371.0,4367.0,109175.0,13.032,-0.045001039993220644,1493000000000,1303.2,5.1304206296048216e-06
TSLA260710P00395000,395.0,12.5,买 Put，看跌,-4.500103999322064,PUT,5988.0,6008.0,7485000.0,0.000501339584728734,1419.0,5M-10M,2026-07-10,393.4500122070313,411.989990234375,428.2300109863281,432.3500061035156,389.3010864257813,12.3,12.4,0.4702201416015625,True,TSLA,20.0,1.62,1419.0,5988.0,29939.999999999996,6.716049382716048,-0.045001039993220644,1493000000000,671.6049382716049,5.013395847287341e-06
TSLA260706C00400000,400.0,2.72,卖 Call，看跌,-4.500103999322064,CALL,27091.0,27368.0,7368752.0,0.0004935533824514401,1069.0,5M-10M,2026-07-06,393.4500122070313,411.989990234375,428.2300109863281,432.3500061035156,389.3010864257813,2.72,2.77,0.2929758203124999,False,TSLA,277.0,26.85,1069.0,27091.0,9780.14440433213,-0.8986964618249534,-0.045001039993220644,1493000000000,-89.86964618249534,4.935533824514401e-06
AAPL260918C00350000,350.0,3.2,买 Call，看涨,1.8984415964417116,CALL,22953.0,23249.0,7344960.000000001,0.00017400995024875626,27085.0,5M-10M,2026-09-18,308.6300048828125,302.8800048828125,294.0849914550781,309.4200134277344,293.67999267578125,3.1,3.25,0.2651440673828125,False,AAPL,296.0,1.31,27085.0,22953.0,7754.391891891892,1.4427480916030535,0.018984415964417117,4221000000000,144.27480916030535,1.7400995024875625e-06
TSLA260821C00400000,400.0,23.8,卖 Call，看跌,-4.500103999322064,CALL,3076.0,3120.0,7320880.0,0.0004903469524447421,5197.0,5M-10M,2026-08-21,393.4500122070313,411.989990234375,428.2300109863281,432.3500061035156,389.3010864257813,23.75,23.95,0.4585930606079103,False,TSLA,44.0,45.43,5197.0,3076.0,6990.909090909091,-0.4761171032357473,-0.045001039993220644,1493000000000,-47.61171032357473,4.903469524447421e-06
AMD260702P00535000,535.0,24.33,买 Put，看跌,-5.093377829116771,PUT,2983.0,3024.0,7257639.0,0.002791399615384615,1903.0,5M-10M,2026-07-02,517.8200073242188,545.6099853515625,538.219970703125,547.6500244140625,506.0,22.65,26.45,1.306155812988281,True,AMD,41.0,6.25,1903.0,2983.0,7275.60975609756,2.8928,-0.050933778291167714,260000000000,289.28,2.7913996153846154e-05
AAPL260702C00282500,282.5,24.86,买 Call，看涨,1.8984415964417116,CALL,2906.0,3245.0,7224316.0,0.0001711517649846008,4937.0,5M-10M,2026-07-02,308.6300048828125,302.8800048828125,294.0849914550781,309.4200134277344,293.67999267578125,24.3,25.45,1.0000000000000004e-05,True,AAPL,339.0,12.2,4937.0,2906.0,857.2271386430679,1.0377049180327869,0.018984415964417117,4221000000000,103.77049180327869,1.711517649846008e-06
AAPL260702C00290000,290.0,17.3,买 Call，看涨,1.8984415964417116,CALL,4118.0,4438.0,7124140.000000001,0.0001687784885098318,6586.0,5M-10M,2026-07-02,308.6300048828125,302.8800048828125,294.0849914550781,309.4200134277344,293.67999267578125,17.65,18.0,1.0000000000000004e-05,True,AAPL,320.0,6.55,6586.0,4118.0,1286.875,1.6412213740458015,0.018984415964417117,4221000000000,164.12213740458014,1.6877848850983182e-06
AAPL260710C00310000,310.0,3.75,买 Call，看涨,1.8984415964417116,CALL,18918.0,18953.0,7094250.0,0.00016807036247334754,4992.0,5M-10M,2026-07-10,308.6300048828125,302.8800048828125,294.0849914550781,309.4200134277344,293.67999267578125,3.75,3.85,0.2323074816894531,False,AAPL,35.0,0.83,4992.0,18918.0,54051.42857142857,3.5180722891566267,0.018984415964417117,4221000000000,351.8072289156627,1.6807036247334756e-06
AAPL260717C00305000,305.0,8.1,买 Call，看涨,1.8984415964417116,CALL,8729.0,8805.0,7070489.999999999,0.00016750746268656713,24129.0,5M-10M,2026-07-17,308.6300048828125,302.8800048828125,294.0849914550781,309.4200134277344,293.67999267578125,7.95,8.2,0.2425612854003906,True,AAPL,76.0,3.5,24129.0,8729.0,11485.526315789473,1.3142857142857143,0.018984415964417117,4221000000000,131.42857142857142,1.6750746268656714e-06
TSLA260710P00405000,405.0,18.85,买 Put，看跌,-4.500103999322064,PUT,3713.0,3728.0,6999005.0,0.00046878801071667786,2372.0,5M-10M,2026-07-10,393.4500122070313,411.989990234375,428.2300109863281,432.3500061035156,389.3010864257813,18.45,18.65,0.4800467034912109,True,TSLA,15.0,3.0,2372.0,3713.0,24753.333333333332,5.283333333333334,-0.045001039993220644,1493000000000,528.3333333333334,4.687880107166779e-06
NVDA260918C00200000,200.0,12.64,卖 Call，看跌,-2.321269791920951,CALL,5464.0,5503.0,6906496.000000001,0.00013436762645914398,43672.0,5M-10M,2026-09-18,194.8300018310547,199.4600067138672,197.1499938964844,200.05499267578125,192.3500061035156,12.6,12.8,0.4166928448486328,False,NVDA,39.0,14.8,43672.0,5464.0,14010.256410256412,-0.14594594594594595,-0.02321269791920951,5140000000000,-14.594594594594595,1.34367626459144e-06
AAPL260706C00300000,300.0,8.0,买 Call，看涨,1.8984415964417116,CALL,8605.0,9353.0,6884000.0,0.0001630893153281213,5415.0,5M-10M,2026-07-06,308.6300048828125,302.8800048828125,294.0849914550781,309.4200134277344,293.67999267578125,7.9,8.5,1.0000000000000004e-05,True,AAPL,748.0,2.33,5415.0,8605.0,1150.4010695187167,2.4334763948497855,0.018984415964417117,4221000000000,243.34763948497854,1.630893153281213e-06
TSLA260717C00400000,400.0,11.0,卖 Call，看跌,-4.500103999322064,CALL,6107.0,6111.0,6717700.0,0.00044994641661085064,10482.0,5M-10M,2026-07-17,393.4500122070313,411.989990234375,428.2300109863281,432.3500061035156,389.3010864257813,10.95,11.05,0.4251156121826172,False,TSLA,4.0,36.0,10482.0,6107.0,152675.0,-0.6944444444444444,-0.045001039993220644,1493000000000,-69.44444444444444,4.499464166108506e-06
MRVL260702P00260000,260.0,19.2,买 Put，看跌,-10.238956655477892,PUT,3389.0,3405.0,6506880.0,0.009037333333333333,2196.0,5M-10M,2026-07-02,245.2899932861328,273.2699890136719,269.67999267578125,274.95001220703125,237.1999969482422,17.7,19.4,1.7875987182617186,True,MRVL,16.0,1.72,2196.0,3389.0,21181.25,10.162790697674419,-0.10238956655477893,72000000000,1016.2790697674419,9.037333333333333e-05
TSLA260717P00380000,380.0,9.07,买 Put，看跌,-4.500103999322064,PUT,7167.0,7173.0,6500469.0,0.00043539645010046884,8306.0,5M-10M,2026-07-17,393.4500122070313,411.989990234375,428.2300109863281,432.3500061035156,389.3010864257813,9.0,9.15,0.4621635815429688,False,TSLA,6.0,1.99,8306.0,7167.0,119450.0,3.557788944723618,-0.045001039993220644,1493000000000,355.7788944723618,4.353964501004688e-06
AMD260702P00525000,525.0,14.27,买 Put，看跌,-5.093377829116771,PUT,4437.0,4445.0,6331599.0,0.0024352303846153847,1796.0,5M-10M,2026-07-02,517.8200073242188,545.6099853515625,538.219970703125,547.6500244140625,506.0,13.05,15.7,0.9545902978515624,True,AMD,8.0,3.39,1796.0,4437.0,55462.5,3.2094395280235983,-0.050933778291167714,260000000000,320.94395280235983,2.4352303846153848e-05
AAPL260821C00300000,300.0,17.45,买 Call，看涨,1.8984415964417116,CALL,3628.0,3653.0,6330860.0,0.00014998483771618102,16482.0,5M-10M,2026-08-21,308.6300048828125,302.8800048828125,294.0849914550781,309.4200134277344,293.67999267578125,17.25,17.8,0.2872996075439452,True,AAPL,25.0,10.6,16482.0,3628.0,14512.0,0.6462264150943396,0.018984415964417117,4221000000000,64.62264150943396,1.49984837716181e-06
TSLA260710C00390000,390.0,11.62,卖 Call，看跌,-4.500103999322064,CALL,5439.0,5565.0,6320117.999999999,0.00042331667782987266,1358.0,5M-10M,2026-07-10,393.4500122070313,411.989990234375,428.2300109863281,432.3500061035156,389.3010864257813,11.55,11.65,0.4005797247314453,True,TSLA,126.0,37.59,1358.0,5439.0,4316.666666666666,-0.6908752327746742,-0.045001039993220644,1493000000000,-69.08752327746743,4.2331667782987265e-06
INTC260717C00130000,130.0,4.65,卖 Call，看跌,-7.543980819665539,CALL,13465.0,13472.0,6261225.000000001,0.0043180862068965525,19988.0,5M-10M,2026-07-17,120.3499984741211,130.1699981689453,128.9149932861328,130.74000549316406,117.62999725341795,4.6,4.8,0.8321549987792967,False,INTC,7.0,8.15,19988.0,13465.0,192357.14285714287,-0.42944785276073616,-0.0754398081966554,145000000000,-42.94478527607362,4.3180862068965525e-05
TSLA260821C00420000,420.0,16.31,卖 Call，看跌,-4.500103999322064,CALL,3745.0,3761.0,6108095.0,0.00040911553918285336,21143.0,5M-10M,2026-08-21,393.4500122070313,411.989990234375,428.2300109863281,432.3500061035156,389.3010864257813,16.35,16.5,0.458715129699707,False,TSLA,16.0,35.45,21143.0,3745.0,23406.25,-0.5399153737658675,-0.045001039993220644,1493000000000,-53.99153737658675,4.091155391828533e-06
AMD260731C00615000,615.0,14.89,卖 Call，看跌,-5.093377829116771,CALL,4025.0,4047.0,5993225.0,0.0023050865384615384,146.0,5M-10M,2026-07-31,517.8200073242188,545.6099853515625,538.219970703125,547.6500244140625,506.0,13.15,15.0,0.7399928344726561,False,AMD,22.0,22.09,146.0,4025.0,18295.454545454548,-0.3259393390674513,-0.050933778291167714,260000000000,-32.59393390674513,2.3050865384615385e-05
TSLA260710C00405000,405.0,5.46,卖 Call，看跌,-4.500103999322064,CALL,10690.0,10984.0,5836740.0,0.0003909403884795713,1642.0,5M-10M,2026-07-10,393.4500122070313,411.989990234375,428.2300109863281,432.3500061035156,389.3010864257813,5.5,5.6,0.4146787048339844,False,TSLA,294.0,24.9,1642.0,10690.0,3636.054421768708,-0.7807228915662651,-0.045001039993220644,1493000000000,-78.07228915662651,3.909403884795713e-06
AAPL260717C00295000,295.0,14.95,买 Call，看涨,1.8984415964417116,CALL,3837.0,3854.0,5736314.999999999,0.00013589943141435675,33172.0,5M-10M,2026-07-17,308.6300048828125,302.8800048828125,294.0849914550781,309.4200134277344,293.67999267578125,14.7,15.45,0.2569654382324219,True,AAPL,17.0,7.65,33172.0,3837.0,22570.58823529412,0.9542483660130717,0.018984415964417117,4221000000000,95.42483660130718,1.3589943141435676e-06
TSLA260710P00410000,410.0,22.7,买 Put，看跌,-4.500103999322064,PUT,2527.0,5382.0,5736290.0,0.00038421232417950435,1934.0,5M-10M,2026-07-10,393.4500122070313,411.989990234375,428.2300109863281,432.3500061035156,389.3010864257813,22.55,22.7,0.5035450036621094,True,TSLA,2855.0,5.2,1934.0,2527.0,88.51138353765324,3.3653846153846154,-0.045001039993220644,1493000000000,336.53846153846155,3.842123241795044e-06
TSLA260710P00390000,390.0,9.7,买 Put，看跌,-4.500103999322064,PUT,5907.0,5940.0,5729789.999999999,0.00038377695914266574,1993.0,5M-10M,2026-07-10,393.4500122070313,411.989990234375,428.2300109863281,432.3500061035156,389.3010864257813,9.7,9.85,0.4684501397705078,False,TSLA,33.0,1.14,1993.0,5907.0,17900.0,7.508771929824561,-0.045001039993220644,1493000000000,750.8771929824561,3.8377695914266575e-06
INTC260702P00128000,128.0,9.19,买 Put，看跌,-7.543980819665539,PUT,6016.0,6027.0,5528703.999999999,0.003812899310344827,2346.0,5M-10M,2026-07-02,120.3499984741211,130.1699981689453,128.9149932861328,130.74000549316406,117.62999725341795,8.65,9.25,1.5507834960937497,True,INTC,11.0,3.5,2346.0,6016.0,54690.90909090909,1.6257142857142857,-0.0754398081966554,145000000000,162.57142857142856,3.812899310344827e-05
TSLA260706C00380000,380.0,13.29,卖 Call，看跌,-4.500103999322064,CALL,4043.0,4090.0,5373146.999999999,0.0003598892833221701,450.0,5M-10M,2026-07-06,393.4500122070313,411.989990234375,428.2300109863281,432.3500061035156,389.3010864257813,13.25,13.4,1.0000000000000004e-05,True,TSLA,47.0,46.45,450.0,4043.0,8602.127659574468,-0.7138858988159311,-0.045001039993220644,1493000000000,-71.3885898815931,3.598892833221701e-06
TSLA260821C00500000,500.0,3.65,卖 Call，看跌,-4.500103999322064,CALL,14705.0,14838.0,5367325.0,0.0003594993302076356,17152.0,5M-10M,2026-08-21,393.4500122070313,411.989990234375,428.2300109863281,432.3500061035156,389.3010864257813,3.7,3.75,0.4945118908691406,False,TSLA,133.0,9.02,17152.0,14705.0,11056.390977443609,-0.5953436807095344,-0.045001039993220644,1493000000000,-59.534368070953434,3.594993302076356e-06
AMD260702P00520000,520.0,8.95,买 Put，看跌,-5.093377829116771,PUT,5992.0,6165.0,5362839.999999999,0.002062630769230769,2923.0,5M-10M,2026-07-02,517.8200073242188,545.6099853515625,538.219970703125,547.6500244140625,506.0,7.45,8.95,0.6512486047363282,True,AMD,173.0,2.98,2923.0,5992.0,3463.583815028902,2.003355704697986,-0.050933778291167714,260000000000,200.33557046979863,2.062630769230769e-05
AAPL260710C00300000,300.0,9.59,买 Call，看涨,1.8984415964417116,CALL,5583.0,5703.0,5354097.0,0.00012684427860696517,7296.0,5M-10M,2026-07-10,308.6300048828125,302.8800048828125,294.0849914550781,309.4200134277344,293.67999267578125,9.4,10.0,0.2309647216796875,True,AAPL,120.0,4.0,7296.0,5583.0,4652.5,1.3975,0.018984415964417117,4221000000000,139.75,1.2684427860696517e-06
NVDA260807P00180000,180.0,4.4,买 Put，看跌,-2.321269791920951,PUT,11932.0,12463.0,5250080.0,0.00010214163424124513,893.0,5M-10M,2026-08-07,194.8300018310547,199.4600067138672,197.1499938964844,200.05499267578125,192.3500061035156,4.2,4.35,0.42383388671875,False,NVDA,531.0,3.1,893.0,11932.0,2247.0809792843693,0.4193548387096775,-0.02321269791920951,5140000000000,41.93548387096775,1.0214163424124513e-06
TSLA260717P00392500,392.5,15.05,买 Put，看跌,-4.500103999322064,PUT,3420.0,3494.0,5147100.0,0.00034474882786336236,353.0,5M-10M,2026-07-17,393.4500122070313,411.989990234375,428.2300109863281,432.3500061035156,389.3010864257813,14.35,14.6,0.4593559924316406,False,TSLA,74.0,4.0,353.0,3420.0,4621.621621621622,2.7625,-0.045001039993220644,1493000000000,276.25,3.4474882786336235e-06
NVDA260706P00197500,197.5,4.87,买 Put，看跌,-2.321269791920951,PUT,10565.0,10587.0,5145155.0,0.00010010029182879376,2232.0,5M-10M,2026-07-06,194.8300018310547,199.4600067138672,197.1499938964844,200.05499267578125,192.3500061035156,4.65,4.85,0.3654848608398438,True,NVDA,22.0,2.36,2232.0,10565.0,48022.72727272727,1.0635593220338984,-0.02321269791920951,5140000000000,106.35593220338984,1.0010029182879377e-06
AAPL260821C00305000,305.0,14.49,买 Call，看涨,1.8984415964417116,CALL,3547.0,3562.0,5139603.0,0.00012176268656716418,7367.0,5M-10M,2026-08-21,308.6300048828125,302.8800048828125,294.0849914550781,309.4200134277344,293.67999267578125,14.3,14.9,0.2843089147949218,True,AAPL,15.0,7.57,7367.0,3547.0,23646.666666666668,0.9141347424042272,0.018984415964417117,4221000000000,91.41347424042272,1.2176268656716418e-06
TSLA260702C00392500,392.5,0.63,卖 Call，看跌,-4.500103999322064,CALL,81083.0,81676.0,5108229.0,0.00034214527796383123,2071.0,5M-10M,2026-07-02,393.4500122070313,411.989990234375,428.2300109863281,432.3500061035156,389.3010864257813,0.62,0.65,1.0000000000000004e-05,True,TSLA,593.0,32.8,2071.0,81083.0,13673.35581787521,-0.9807926829268292,-0.045001039993220644,1493000000000,-98.07926829268293,3.4214527796383123e-06
AAPL260706C00307500,307.5,2.6,买 Call，看涨,1.8984415964417116,CALL,19611.0,19717.0,5098860.0,0.00012079744136460555,556.0,5M-10M,2026-07-06,308.6300048828125,302.8800048828125,294.0849914550781,309.4200134277344,293.67999267578125,2.62,2.74,0.1478356701660156,True,AAPL,106.0,0.28,556.0,19611.0,18500.943396226416,8.285714285714286,0.018984415964417117,4221000000000,828.5714285714287,1.2079744136460555e-06
MU260710C01200000,1200.0,6.3,卖 Call，看跌,-7.867821162443427,CALL,7940.0,8010.0,5002200.0,0.0026327368421052632,4799.0,5M-10M,2026-07-10,975.5599975585938,1058.8699951171875,1041.5,1064.6400146484375,950.280029296875,6.3,6.4,0.960937890625,False,MU,70.0,15.4,4799.0,7940.0,11342.857142857143,-0.5909090909090909,-0.07867821162443427,190000000000,-59.09090909090909,2.632736842105263e-05
NVDA260717P00190000,190.0,4.45,买 Put，看跌,-2.321269791920951,PUT,11178.0,11216.0,4974210.0,9.677451361867704e-05,39321.0,<=5M,2026-07-17,194.8300018310547,199.4600067138672,197.1499938964844,200.05499267578125,192.3500061035156,4.4,4.45,0.4099180102539062,False,NVDA,38.0,2.83,39321.0,11178.0,29415.789473684206,0.5724381625441697,-0.02321269791920951,5140000000000,57.24381625441697,9.677451361867705e-07
NVDA260710C00205000,205.0,0.72,卖 Call，看跌,-2.321269791920951,CALL,68768.0,68979.0,4951296.0,9.632871595330739e-05,12082.0,<=5M,2026-07-10,194.8300018310547,199.4600067138672,197.1499938964844,200.05499267578125,192.3500061035156,0.72,0.74,0.309577216796875,False,NVDA,211.0,1.6,12082.0,68768.0,32591.469194312795,-0.55,-0.02321269791920951,5140000000000,-55.00000000000001,9.63287159533074e-07
NVDA260706C00195000,195.0,1.33,卖 Call，看跌,-2.321269791920951,CALL,37020.0,43718.0,4923660.000000001,9.57910505836576e-05,4597.0,<=5M,2026-07-06,194.8300018310547,199.4600067138672,197.1499938964844,200.05499267578125,192.3500061035156,1.32,1.35,0.1574791284179687,False,NVDA,6698.0,4.27,4597.0,37020.0,552.7022991937891,-0.6885245901639344,-0.02321269791920951,5140000000000,-68.85245901639344,9.57910505836576e-07
AAPL260717C00307500,307.5,6.7,买 Call，看涨,1.8984415964417116,CALL,7328.0,7337.0,4909760.0,0.00011631746031746031,3527.0,<=5M,2026-07-17,308.6300048828125,302.8800048828125,294.0849914550781,309.4200134277344,293.67999267578125,6.7,6.9,0.245551978149414,True,AAPL,9.0,2.47,3527.0,7328.0,81422.22222222222,1.7125506072874495,0.018984415964417117,4221000000000,171.25506072874495,1.1631746031746032e-06
INTC260731C00155000,155.0,3.5,卖 Call，看跌,-7.543980819665539,CALL,13699.0,13860.0,4794650.0,0.0033066551724137932,790.0,<=5M,2026-07-31,120.3499984741211,130.1699981689453,128.9149932861328,130.74000549316406,117.62999725341795,3.55,3.85,0.9676516906738282,False,INTC,161.0,5.25,790.0,13699.0,8508.695652173912,-0.3333333333333333,-0.0754398081966554,145000000000,-33.33333333333333,3.306655172413793e-05
AAPL260710C00297500,297.5,11.7,买 Call，看涨,1.8984415964417116,CALL,4083.0,4092.0,4777110.0,0.00011317484008528784,6110.0,<=5M,2026-07-10,308.6300048828125,302.8800048828125,294.0849914550781,309.4200134277344,293.67999267578125,11.35,12.05,0.2331619653320312,True,AAPL,9.0,4.0,6110.0,4083.0,45366.66666666667,1.9249999999999998,0.018984415964417117,4221000000000,192.49999999999997,1.1317484008528785e-06
AAPL260710C00302500,302.5,7.6,买 Call，看涨,1.8984415964417116,CALL,6151.0,6174.0,4674760.0,0.00011075005922767117,3717.0,<=5M,2026-07-10,308.6300048828125,302.8800048828125,294.0849914550781,309.4200134277344,293.67999267578125,7.9,8.15,0.2312088598632812,True,AAPL,23.0,3.0,3717.0,6151.0,26743.478260869564,1.5333333333333332,0.018984415964417117,4221000000000,153.33333333333331,1.1075005922767117e-06
NVDA260724P00200000,200.0,11.01,买 Put，看跌,-2.321269791920951,PUT,4234.0,4635.0,4661634.0,9.069326848249028e-05,8002.0,<=5M,2026-07-24,194.8300018310547,199.4600067138672,197.1499938964844,200.05499267578125,192.3500061035156,10.8,11.15,0.4206600903320313,True,NVDA,401.0,8.32,8002.0,4234.0,1055.8603491271822,0.3233173076923076,-0.02321269791920951,5140000000000,32.33173076923076,9.069326848249028e-07
TSLA260821C00450000,450.0,9.23,卖 Call，看跌,-4.500103999322064,CALL,5040.0,5297.0,4651920.0,0.0003115820495646349,11256.0,<=5M,2026-08-21,393.4500122070313,411.989990234375,428.2300109863281,432.3500061035156,389.3010864257813,9.2,9.3,0.4670463452148438,False,TSLA,257.0,21.9,11256.0,5040.0,1961.0894941634242,-0.5785388127853881,-0.045001039993220644,1493000000000,-57.85388127853881,3.1158204956463495e-06
AAPL260821C00320000,320.0,7.7,买 Call，看涨,1.8984415964417116,CALL,5974.0,6004.0,4599980.0,0.00010897844112769486,23881.0,<=5M,2026-08-21,308.6300048828125,302.8800048828125,294.0849914550781,309.4200134277344,293.67999267578125,7.65,7.85,0.2718273501586914,False,AAPL,30.0,4.5,23881.0,5974.0,19913.333333333332,0.7111111111111111,0.018984415964417117,4221000000000,71.11111111111111,1.0897844112769487e-06
BE260710P00242500,242.5,12.11,买 Put，看跌,-10.030544944182353,PUT,3752.0,3821.0,4543672.0,0.026727482352941177,71.0,<=5M,2026-07-10,270.9070129394531,301.1099853515625,297.8699951171875,307.6700134277344,257.510009765625,11.55,13.3,1.4975611059570313,False,BE,69.0,5.5,71.0,3752.0,5437.68115942029,1.2018181818181817,-0.10030544944182353,17000000000,120.18181818181817,0.0002672748235294118
TSLA260710C00395000,395.0,9.05,卖 Call，看跌,-4.500103999322064,CALL,5014.0,5015.0,4537670.0,0.00030392967180174144,1887.0,<=5M,2026-07-10,393.4500122070313,411.989990234375,428.2300109863281,432.3500061035156,389.3010864257813,9.1,9.15,0.4011290356445312,False,TSLA,1.0,35.1,1887.0,5014.0,501400.0,-0.7421652421652422,-0.045001039993220644,1493000000000,-74.21652421652422,3.0392967180174146e-06
NVDA260710C00195000,195.0,3.4,卖 Call，看跌,-2.321269791920951,CALL,13233.0,13273.0,4499220.0,8.753346303501946e-05,5991.0,<=5M,2026-07-10,194.8300018310547,199.4600067138672,197.1499938964844,200.05499267578125,192.3500061035156,3.4,3.45,0.2894358166503905,False,NVDA,40.0,5.65,5991.0,13233.0,33082.5,-0.3982300884955753,-0.02321269791920951,5140000000000,-39.82300884955753,8.753346303501945e-07
AAPL260918C00310000,310.0,15.6,买 Call，看涨,1.8984415964417116,CALL,2871.0,3210.0,4478760.0,0.00010610660980810235,15871.0,<=5M,2026-09-18,308.6300048828125,302.8800048828125,294.0849914550781,309.4200134277344,293.67999267578125,15.35,15.6,0.2836680520629882,False,AAPL,339.0,9.0,15871.0,2871.0,846.9026548672566,0.7333333333333333,0.018984415964417117,4221000000000,73.33333333333333,1.0610660980810235e-06
NVDA260710C00202500,202.5,1.1,卖 Call，看跌,-2.321269791920951,CALL,40563.0,40652.0,4461930.0,8.68079766536965e-05,5590.0,<=5M,2026-07-10,194.8300018310547,199.4600067138672,197.1499938964844,200.05499267578125,192.3500061035156,1.1,1.12,0.3037179003906249,False,NVDA,89.0,2.24,5590.0,40563.0,45576.404494382026,-0.5089285714285714,-0.02321269791920951,5140000000000,-50.89285714285714,8.68079766536965e-07
AAPL260706C00297500,297.5,10.53,买 Call，看涨,1.8984415964417116,CALL,4220.0,5134.0,4443660.0,0.00010527505330490405,1674.0,<=5M,2026-07-06,308.6300048828125,302.8800048828125,294.0849914550781,309.4200134277344,293.67999267578125,9.9,10.7,1.0000000000000004e-05,True,AAPL,914.0,3.4,1674.0,4220.0,461.706783369803,2.0970588235294114,0.018984415964417117,4221000000000,209.70588235294113,1.0527505330490406e-06
NVDA260717C00200000,200.0,3.2,卖 Call，看跌,-2.321269791920951,CALL,13810.0,14156.0,4419200.0,8.597665369649806e-05,92227.0,<=5M,2026-07-17,194.8300018310547,199.4600067138672,197.1499938964844,200.05499267578125,192.3500061035156,3.25,3.3,0.3337468969726562,False,NVDA,346.0,4.76,92227.0,13810.0,3991.3294797687863,-0.32773109243697474,-0.02321269791920951,5140000000000,-32.773109243697476,8.597665369649805e-07
NVDA260807P00185000,185.0,5.83,买 Put，看跌,-2.321269791920951,PUT,7516.0,8453.0,4381828.0,8.524957198443579e-05,1184.0,<=5M,2026-08-07,194.8300018310547,199.4600067138672,197.1499938964844,200.05499267578125,192.3500061035156,5.65,5.8,0.412969737548828,False,NVDA,937.0,4.35,1184.0,7516.0,802.1344717182498,0.34022988505747137,-0.02321269791920951,5140000000000,34.022988505747136,8.524957198443579e-07
NVDA260706P00202500,202.5,9.32,买 Put，看跌,-2.321269791920951,PUT,4590.0,4595.0,4277880.0,8.322723735408561e-05,347.0,<=5M,2026-07-06,194.8300018310547,199.4600067138672,197.1499938964844,200.05499267578125,192.3500061035156,9.15,9.5,0.5073291455078125,True,NVDA,5.0,6.04,347.0,4590.0,91800.0,0.543046357615894,-0.02321269791920951,5140000000000,54.3046357615894,8.322723735408561e-07
INTC260702P00123000,123.0,4.12,买 Put，看跌,-7.543980819665539,PUT,10382.0,10406.0,4277384.0,0.00294992,1709.0,<=5M,2026-07-02,120.3499984741211,130.1699981689453,128.9149932861328,130.74000549316406,117.62999725341795,3.7,4.2,0.94335994140625,True,INTC,24.0,1.1,1709.0,10382.0,43258.33333333333,2.745454545454545,-0.0754398081966554,145000000000,274.5454545454545,2.94992e-05
NVDA260821P00190000,190.0,9.25,买 Put，看跌,-2.321269791920951,PUT,4572.0,4576.0,4229100.0,8.227821011673152e-05,30268.0,<=5M,2026-08-21,194.8300018310547,199.4600067138672,197.1499938964844,200.05499267578125,192.3500061035156,9.2,9.3,0.4031431756591797,False,NVDA,4.0,7.2,30268.0,4572.0,114300.0,0.2847222222222222,-0.02321269791920951,5140000000000,28.47222222222222,8.227821011673152e-07
TSLA260717C00420000,420.0,5.05,卖 Call，看跌,-4.500103999322064,CALL,8359.0,8421.0,4221295.0,0.000282739115874079,12422.0,<=5M,2026-07-17,393.4500122070313,411.989990234375,428.2300109863281,432.3500061035156,389.3010864257813,5.05,5.15,0.4354914849853516,False,TSLA,62.0,22.05,12422.0,8359.0,13482.258064516129,-0.7709750566893424,-0.045001039993220644,1493000000000,-77.09750566893425,2.82739115874079e-06
TSLA260710C00420000,420.0,2.53,卖 Call，看跌,-4.500103999322064,CALL,16643.0,16675.0,4210678.999999999,0.00028202806430006693,3612.0,<=5M,2026-07-10,393.4500122070313,411.989990234375,428.2300109863281,432.3500061035156,389.3010864257813,2.53,2.55,0.4372614868164062,False,TSLA,32.0,18.31,3612.0,16643.0,52009.375,-0.8618241398143092,-0.045001039993220644,1493000000000,-86.18241398143091,2.8202806430006693e-06
INTC260702P00120000,120.0,1.0,买 Put，看跌,-7.543980819665539,PUT,41244.0,41313.0,4124400.0,0.0028444137931034484,6184.0,<=5M,2026-07-02,120.3499984741211,130.1699981689453,128.9149932861328,130.74000549316406,117.62999725341795,1.01,1.08,0.497075341796875,False,INTC,69.0,0.49,6184.0,41244.0,59773.913043478264,1.0408163265306123,-0.0754398081966554,145000000000,104.08163265306123,2.8444137931034484e-05
NVDA260710P00190000,190.0,2.76,买 Put，看跌,-2.321269791920951,PUT,14756.0,14797.0,4072656.0,7.923455252918288e-05,18203.0,<=5M,2026-07-10,194.8300018310547,199.4600067138672,197.1499938964844,200.05499267578125,192.3500061035156,2.71,2.74,0.3960021337890625,False,NVDA,41.0,1.46,18203.0,14756.0,35990.24390243902,0.8904109589041095,-0.02321269791920951,5140000000000,89.04109589041094,7.923455252918288e-07
TSLA260702C00382500,382.5,8.7,卖 Call，看跌,-4.500103999322064,CALL,4668.0,4880.0,4061160.0,0.00027201339584728733,4499.0,<=5M,2026-07-02,393.4500122070313,411.989990234375,428.2300109863281,432.3500061035156,389.3010864257813,8.7,8.95,1.0000000000000004e-05,True,TSLA,212.0,43.37,4499.0,4668.0,2201.88679245283,-0.7994005072630852,-0.045001039993220644,1493000000000,-79.94005072630853,2.7201339584728732e-06
NVDA260710P00200000,200.0,8.21,买 Put，看跌,-2.321269791920951,PUT,4868.0,4871.0,3996628.0000000005,7.775540856031129e-05,8310.0,<=5M,2026-07-10,194.8300018310547,199.4600067138672,197.1499938964844,200.05499267578125,192.3500061035156,8.15,8.2,0.4216366430664062,True,NVDA,3.0,5.38,8310.0,4868.0,162266.6666666667,0.526022304832714,-0.02321269791920951,5140000000000,52.6022304832714,7.775540856031129e-07
INTC260918C00140000,140.0,12.9,卖 Call，看跌,-7.543980819665539,CALL,3070.0,3196.0,3960300.0,0.002731241379310345,8989.0,<=5M,2026-09-18,120.3499984741211,130.1699981689453,128.9149932861328,130.74000549316406,117.62999725341795,12.65,13.15,0.889527471923828,False,INTC,126.0,15.35,8989.0,3070.0,2436.5079365079364,-0.1596091205211726,-0.0754398081966554,145000000000,-15.96091205211726,2.731241379310345e-05
INTC260710P00125000,125.0,10.37,买 Put，看跌,-7.543980819665539,PUT,3816.0,3820.0,3957192.0,0.002729097931034483,2374.0,<=5M,2026-07-10,120.3499984741211,130.1699981689453,128.9149932861328,130.74000549316406,117.62999725341795,9.55,9.85,0.9294440649414062,True,INTC,4.0,5.95,2374.0,3816.0,95400.0,0.7428571428571427,-0.0754398081966554,145000000000,74.28571428571426,2.7290979310344828e-05
TSLA260706C00397500,397.5,3.45,卖 Call，看跌,-4.500103999322064,CALL,11309.0,12091.0,3901605.0000000005,0.00026132652377762895,638.0,<=5M,2026-07-06,393.4500122070313,411.989990234375,428.2300109863281,432.3500061035156,389.3010864257813,3.45,3.55,0.2887034020996093,False,TSLA,782.0,29.2,638.0,11309.0,1446.16368286445,-0.8818493150684932,-0.045001039993220644,1493000000000,-88.18493150684932,2.6132652377762896e-06
AAPL260706C00302500,302.5,5.9,买 Call，看涨,1.8984415964417116,CALL,6586.0,7249.0,3885740.0,9.20573323856906e-05,4027.0,<=5M,2026-07-06,308.6300048828125,302.8800048828125,294.0849914550781,309.4200134277344,293.67999267578125,5.95,6.2,0.1020597607421874,True,AAPL,663.0,1.37,4027.0,6586.0,993.3634992458522,3.3065693430656933,0.018984415964417117,4221000000000,330.6569343065693,9.20573323856906e-07
INTC260710P00120000,120.0,6.8,买 Put，看跌,-7.543980819665539,PUT,5664.0,5697.0,3851519.9999999995,0.002656220689655172,3374.0,<=5M,2026-07-10,120.3499984741211,130.1699981689453,128.9149932861328,130.74000549316406,117.62999725341795,6.6,6.85,0.9172371557617188,False,INTC,33.0,3.6,3374.0,5664.0,17163.636363636364,0.8888888888888888,-0.0754398081966554,145000000000,88.88888888888889,2.656220689655172e-05
NVDA260706P00192500,192.5,1.69,买 Put，看跌,-2.321269791920951,PUT,22146.0,22172.0,3742674.0,7.281466926070039e-05,4889.0,<=5M,2026-07-06,194.8300018310547,199.4600067138672,197.1499938964844,200.05499267578125,192.3500061035156,1.67,1.7,0.2993234130859374,False,NVDA,26.0,0.75,4889.0,22146.0,85176.92307692308,1.2533333333333332,-0.02321269791920951,5140000000000,125.33333333333331,7.281466926070039e-07
NVDA260710P00195000,195.0,4.98,买 Put，看跌,-2.321269791920951,PUT,7497.0,7568.0,3733506.0000000005,7.263630350194554e-05,11614.0,<=5M,2026-07-10,194.8300018310547,199.4600067138672,197.1499938964844,200.05499267578125,192.3500061035156,4.9,4.95,0.398443515625,True,NVDA,71.0,2.95,11614.0,7497.0,10559.154929577464,0.688135593220339,-0.02321269791920951,5140000000000,68.8135593220339,7.263630350194554e-07
TSLA260708C00400000,400.0,5.43,卖 Call，看跌,-4.500103999322064,CALL,6846.0,6971.0,3717378.0,0.0002489871399866041,414.0,<=5M,2026-07-08,393.4500122070313,411.989990234375,428.2300109863281,432.3500061035156,389.3010864257813,5.4,5.5,0.3819641882324218,False,TSLA,125.0,29.09,414.0,6846.0,5476.8,-0.8133379168099003,-0.045001039993220644,1493000000000,-81.33379168099003,2.4898713998660414e-06
AAPL260821P00300000,300.0,8.48,卖 Put，看涨,1.8984415964417116,PUT,4378.0,4697.0,3712544.0,8.795413409144752e-05,23161.0,<=5M,2026-08-21,308.6300048828125,302.8800048828125,294.0849914550781,309.4200134277344,293.67999267578125,8.4,8.65,0.2754894229125976,False,AAPL,319.0,14.08,23161.0,4378.0,1372.4137931034481,-0.3977272727272727,0.018984415964417117,4221000000000,-39.77272727272727,8.795413409144752e-07
INTC260710C00115000,115.0,7.78,卖 Call，看跌,-7.543980819665539,CALL,4661.0,4732.0,3626258.0,0.0025008675862068968,1106.0,<=5M,2026-07-10,120.3499984741211,130.1699981689453,128.9149932861328,130.74000549316406,117.62999725341795,8.55,8.85,0.76367423828125,True,INTC,71.0,14.43,1106.0,4661.0,6564.788732394366,-0.4608454608454608,-0.0754398081966554,145000000000,-46.084546084546076,2.5008675862068966e-05
AMD260702P00515000,515.0,5.01,买 Put，看跌,-5.093377829116771,PUT,7179.0,7335.0,3596679.0,0.0013833380769230769,4812.0,<=5M,2026-07-02,517.8200073242188,545.6099853515625,538.219970703125,547.6500244140625,506.0,4.1,4.85,0.5356491748046875,False,AMD,156.0,1.9,4812.0,7179.0,4601.923076923076,1.6368421052631579,-0.050933778291167714,260000000000,163.68421052631578,1.383338076923077e-05
TSLA260706C00387500,387.5,8.22,卖 Call，看跌,-4.500103999322064,CALL,4358.0,4455.0,3582276.0,0.0002399381111855325,381.0,<=5M,2026-07-06,393.4500122070313,411.989990234375,428.2300109863281,432.3500061035156,389.3010864257813,8.15,8.3,0.2601392346191406,True,TSLA,97.0,38.2,381.0,4358.0,4492.783505154639,-0.7848167539267016,-0.045001039993220644,1493000000000,-78.48167539267016,2.399381111855325e-06
AAPL260717C00315000,315.0,3.59,买 Call，看涨,1.8984415964417116,CALL,9817.0,9824.0,3524303.0,8.349450367211562e-05,15731.0,<=5M,2026-07-17,308.6300048828125,302.8800048828125,294.0849914550781,309.4200134277344,293.67999267578125,3.5,3.65,0.2431105963134765,False,AAPL,7.0,1.06,15731.0,9817.0,140242.85714285713,2.3867924528301883,0.018984415964417117,4221000000000,238.67924528301882,8.349450367211562e-07
NBIS260710P00180000,180.0,5.55,买 Put，看跌,-8.04725571833666,PUT,6333.0,6354.0,3514815.0,0.01351851923076923,1363.0,<=5M,2026-07-10,215.6199951171875,234.4900054931641,232.02999877929688,237.25999450683597,207.2989959716797,5.3,5.65,1.4541042919921874,False,NBIS,21.0,3.05,1363.0,6333.0,30157.142857142855,0.819672131147541,-0.08047255718336659,26000000000,81.9672131147541,0.0001351851923076923
TSLA261016C00500000,500.0,11.05,卖 Call，看跌,-4.500103999322064,CALL,3155.0,3156.0,3486275.0,0.0002335080375083724,3847.0,<=5M,2026-10-16,393.4500122070313,411.989990234375,428.2300109863281,432.3500061035156,389.3010864257813,11.0,11.2,0.4822744644165039,False,TSLA,1.0,19.49,3847.0,3155.0,315500.0,-0.4330425859415084,-0.045001039993220644,1493000000000,-43.30425859415084,2.335080375083724e-06
INTC260710C00125000,125.0,4.0,卖 Call，看跌,-7.543980819665539,CALL,8675.0,8721.0,3470000.0,0.002393103448275862,1231.0,<=5M,2026-07-10,120.3499984741211,130.1699981689453,128.9149932861328,130.74000549316406,117.62999725341795,3.95,4.0,0.7834494311523439,False,INTC,46.0,7.0,1231.0,8675.0,18858.695652173912,-0.42857142857142855,-0.0754398081966554,145000000000,-42.857142857142854,2.393103448275862e-05
TSLA260717C00410000,410.0,7.49,卖 Call，看跌,-4.500103999322064,CALL,4586.0,4587.0,3434914.0,0.0002300679169457468,7923.0,<=5M,2026-07-17,393.4500122070313,411.989990234375,428.2300109863281,432.3500061035156,389.3010864257813,7.4,7.55,0.4272518212890626,False,TSLA,1.0,26.12,7923.0,4586.0,458600.0,-0.7132465543644717,-0.045001039993220644,1493000000000,-71.32465543644717,2.300679169457468e-06
NVDA260821P00180000,180.0,5.6,买 Put，看跌,-2.321269791920951,PUT,6084.0,6086.0,3407040.0,6.628482490272373e-05,32599.0,<=5M,2026-08-21,194.8300018310547,199.4600067138672,197.1499938964844,200.05499267578125,192.3500061035156,5.5,5.6,0.4132138757324218,False,NVDA,2.0,4.3,32599.0,6084.0,304200.0,0.3023255813953488,-0.02321269791920951,5140000000000,30.23255813953488,6.628482490272373e-07
MRVL260702P00250000,250.0,8.47,买 Put，看跌,-10.238956655477892,PUT,3996.0,4037.0,3384612.0000000005,0.004700850000000001,3089.0,<=5M,2026-07-02,245.2899932861328,273.2699890136719,269.67999267578125,274.95001220703125,237.1999969482422,7.1,10.2,1.1611370068359377,True,MRVL,41.0,0.62,3089.0,3996.0,9746.341463414634,12.661290322580646,-0.10238956655477893,72000000000,1266.1290322580646,4.700850000000001e-05
AAPL260706C00295000,295.0,13.1,买 Call，看涨,1.8984415964417116,CALL,2563.0,3684.0,3357529.9999999995,7.954347311063728e-05,3880.0,<=5M,2026-07-06,308.6300048828125,302.8800048828125,294.0849914550781,309.4200134277344,293.67999267578125,11.7,13.1,1.0000000000000004e-05,True,AAPL,1121.0,5.12,3880.0,2563.0,228.6351471900089,1.5585937499999998,0.018984415964417117,4221000000000,155.85937499999997,7.954347311063728e-07
AAPL260706P00305000,305.0,1.32,卖 Put，看涨,1.8984415964417116,PUT,25164.0,25176.0,3321648.0000000005,7.869339019189766e-05,11.0,<=5M,2026-07-06,308.6300048828125,302.8800048828125,294.0849914550781,309.4200134277344,293.67999267578125,1.32,1.35,0.195320546875,False,AAPL,12.0,10.6,11.0,25164.0,209700.0,-0.8754716981132075,0.018984415964417117,4221000000000,-87.54716981132074,7.869339019189766e-07
AAPL260702P00307500,307.5,0.31,卖 Put，看涨,1.8984415964417116,PUT,106280.0,106300.0,3294680.0000000005,7.805448945747455e-05,0.0,<=5M,2026-07-02,308.6300048828125,302.8800048828125,294.0849914550781,309.4200134277344,293.67999267578125,0.3,0.32,0.117196328125,False,AAPL,20.0,12.83,0.0,106280.0,531400.0,-0.975837879968823,0.018984415964417117,4221000000000,-97.5837879968823,7.805448945747454e-07
NBIS260702P00220000,220.0,8.89,买 Put，看跌,-8.04725571833666,PUT,3656.0,3692.0,3250184.0000000005,0.012500707692307694,2439.0,<=5M,2026-07-02,215.6199951171875,234.4900054931641,232.02999877929688,237.25999450683597,207.2989959716797,7.9,9.45,1.372561730957031,True,NBIS,36.0,2.16,2439.0,3656.0,10155.555555555557,3.115740740740741,-0.08047255718336659,26000000000,311.5740740740741,0.00012500707692307693
INTC260918C00150000,150.0,10.4,卖 Call，看跌,-7.543980819665539,CALL,3122.0,3123.0,3246880.0000000005,0.0022392275862068967,11777.0,<=5M,2026-09-18,120.3499984741211,130.1699981689453,128.9149932861328,130.74000549316406,117.62999725341795,10.3,10.65,0.8958140301513671,False,INTC,1.0,14.0,11777.0,3122.0,312200.0,-0.2571428571428571,-0.0754398081966554,145000000000,-25.71428571428571,2.239227586206897e-05
INTC260710C00130000,130.0,2.57,卖 Call，看跌,-7.543980819665539,CALL,12522.0,12664.0,3218153.9999999995,0.002219416551724138,4128.0,<=5M,2026-07-10,120.3499984741211,130.1699981689453,128.9149932861328,130.74000549316406,117.62999725341795,2.57,2.65,0.8034687622070311,False,INTC,142.0,4.37,4128.0,12522.0,8818.30985915493,-0.4118993135011442,-0.0754398081966554,145000000000,-41.18993135011442,2.2194165517241377e-05
AAPL260706C00310000,310.0,1.47,买 Call，看涨,1.8984415964417116,CALL,21798.0,21843.0,3204306.0,7.59134328358209e-05,1195.0,<=5M,2026-07-06,308.6300048828125,302.8800048828125,294.0849914550781,309.4200134277344,293.67999267578125,1.43,1.47,0.1442956665039062,False,AAPL,45.0,0.17,1195.0,21798.0,48440.0,7.647058823529411,0.018984415964417117,4221000000000,764.7058823529411,7.591343283582089e-07
MU260710C01150000,1150.0,10.1,卖 Call，看跌,-7.867821162443427,CALL,3165.0,3177.0,3196650.0,0.0016824473684210525,2065.0,<=5M,2026-07-10,975.5599975585938,1058.8699951171875,1041.5,1064.6400146484375,950.280029296875,10.0,10.55,0.9363104513549804,False,MU,12.0,24.42,2065.0,3165.0,26375.0,-0.5864045864045865,-0.07867821162443427,190000000000,-58.64045864045865,1.6824473684210525e-05
NVDA260706P00207500,207.5,14.5,买 Put，看跌,-2.321269791920951,PUT,2150.0,3757.0,3117500.0,6.065175097276264e-05,266.0,<=5M,2026-07-06,194.8300018310547,199.4600067138672,197.1499938964844,200.05499267578125,192.3500061035156,13.35,14.5,0.5722699023437501,True,NVDA,1607.0,8.67,266.0,2150.0,133.78967019290604,0.6724336793540946,-0.02321269791920951,5140000000000,67.24336793540945,6.065175097276264e-07
NVDA260918C00195000,195.0,14.95,卖 Call，看跌,-2.321269791920951,CALL,2076.0,3904.0,3103619.9999999995,6.0381712062256804e-05,14908.0,<=5M,2026-09-18,194.8300018310547,199.4600067138672,197.1499938964844,200.05499267578125,192.3500061035156,14.9,15.1,0.420354917602539,False,NVDA,1828.0,17.3,14908.0,2076.0,113.56673960612692,-0.1358381502890174,-0.02321269791920951,5140000000000,-13.583815028901741,6.03817120622568e-07
NVDA260706C00187500,187.5,5.9,卖 Call，看跌,-2.321269791920951,CALL,5156.0,5256.0,3042040.0,5.9183657587548635e-05,810.0,<=5M,2026-07-06,194.8300018310547,199.4600067138672,197.1499938964844,200.05499267578125,192.3500061035156,6.15,6.5,1.0000000000000004e-05,True,NVDA,100.0,10.0,810.0,5156.0,5156.0,-0.41,-0.02321269791920951,5140000000000,-41.0,5.918365758754864e-07
TSM260717P00410000,410.0,10.94,买 Put，看跌,-5.52258834984031,PUT,2780.0,3501.0,3041319.9999999995,0.0002492885245901639,8054.0,<=5M,2026-07-17,434.4779968261719,459.875,450.5400085449219,461.4700012207031,429.5,10.2,11.35,0.5891764715576173,False,TSM,721.0,7.5,8054.0,2780.0,385.5755894590846,0.4586666666666666,-0.0552258834984031,1220000000000,45.86666666666666,2.492885245901639e-06
INTC260702P00124000,124.0,4.85,买 Put，看跌,-7.543980819665539,PUT,6230.0,6286.0,3021549.9999999995,0.0020838275862068963,1347.0,<=5M,2026-07-02,120.3499984741211,130.1699981689453,128.9149932861328,130.74000549316406,117.62999725341795,4.65,5.2,1.0664109179687502,True,INTC,56.0,1.3,1347.0,6230.0,11125.0,2.7307692307692304,-0.0754398081966554,145000000000,273.07692307692304,2.0838275862068963e-05
NVDA260717C00195000,195.0,5.35,卖 Call，看跌,-2.321269791920951,CALL,5629.0,5631.0,3011515.0,5.85897859922179e-05,36575.0,<=5M,2026-07-17,194.8300018310547,199.4600067138672,197.1499938964844,200.05499267578125,192.3500061035156,5.3,5.35,0.3338689660644531,False,NVDA,2.0,7.35,36575.0,5629.0,281450.0,-0.272108843537415,-0.02321269791920951,5140000000000,-27.2108843537415,5.85897859922179e-07
AAPL260918C00325000,325.0,9.07,买 Call，看涨,1.8984415964417116,CALL,3293.0,3464.0,2986751.0,7.075932243544184e-05,8107.0,<=5M,2026-09-18,308.6300048828125,302.8800048828125,294.0849914550781,309.4200134277344,293.67999267578125,8.95,9.3,0.2754589056396483,False,AAPL,171.0,4.61,8107.0,3293.0,1925.7309941520468,0.9674620390455531,0.018984415964417117,4221000000000,96.7462039045553,7.075932243544184e-07
TSLA260706P00387500,387.5,4.09,买 Put，看跌,-4.500103999322064,PUT,7244.0,7440.0,2962796.0,0.00019844581379772268,312.0,<=5M,2026-07-06,393.4500122070313,411.989990234375,428.2300109863281,432.3500061035156,389.3010864257813,4.0,4.1,0.3651186535644531,False,TSLA,196.0,0.33,312.0,7244.0,3695.918367346939,11.393939393939393,-0.045001039993220644,1493000000000,1139.3939393939393,1.984458137977227e-06
TSM260710P00355000,355.0,1.34,买 Put，看跌,-5.52258834984031,PUT,22084.0,22113.0,2959256.0,0.00024256196721311477,148.0,<=5M,2026-07-10,434.4779968261719,459.875,450.5400085449219,461.4700012207031,429.5,1.33,1.34,0.8300798242187499,False,TSM,29.0,0.99,148.0,22084.0,76151.72413793103,0.35353535353535365,-0.0552258834984031,1220000000000,35.353535353535364,2.4256196721311477e-06
TSLA260710P00380000,380.0,5.8,买 Put，看跌,-4.500103999322064,PUT,5013.0,5032.0,2907540.0,0.00019474480910917615,2835.0,<=5M,2026-07-10,393.4500122070313,411.989990234375,428.2300109863281,432.3500061035156,389.3010864257813,5.55,5.65,0.4585015087890626,False,TSLA,19.0,0.64,2835.0,5013.0,26384.210526315794,8.0625,-0.045001039993220644,1493000000000,806.25,1.9474480910917615e-06
TSLA260731C00440000,440.0,6.23,卖 Call，看跌,-4.500103999322064,CALL,4657.0,4659.0,2901311.0,0.00019432759544541192,911.0,<=5M,2026-07-31,393.4500122070313,411.989990234375,428.2300109863281,432.3500061035156,389.3010864257813,6.6,6.75,0.4807791180419921,False,TSLA,2.0,19.25,911.0,4657.0,232850.0,-0.6763636363636364,-0.045001039993220644,1493000000000,-67.63636363636364,1.9432759544541193e-06
MU260702P00955000,955.0,4.54,买 Put，看跌,-7.867821162443427,PUT,6381.0,6391.0,2896974.0,0.0015247231578947367,438.0,<=5M,2026-07-02,975.5599975585938,1058.8699951171875,1041.5,1064.6400146484375,950.280029296875,4.0,4.35,0.5799602551269532,False,MU,10.0,2.17,438.0,6381.0,63810.0,1.0921658986175116,-0.07867821162443427,190000000000,109.21658986175116,1.5247231578947369e-05
NVDA260717P00195000,195.0,6.73,买 Put，看跌,-2.321269791920951,PUT,4284.0,4327.0,2883132.0000000005,5.609206225680935e-05,30945.0,<=5M,2026-07-17,194.8300018310547,199.4600067138672,197.1499938964844,200.05499267578125,192.3500061035156,6.6,6.75,0.4095518029785155,True,NVDA,43.0,4.52,30945.0,4284.0,9962.790697674418,0.4889380530973454,-0.02321269791920951,5140000000000,48.89380530973454,5.609206225680935e-07
INTC260710C00120000,120.0,5.97,卖 Call，看跌,-7.543980819665539,CALL,4806.0,7182.0,2869182.0,0.0019787462068965515,2440.0,<=5M,2026-07-10,120.3499984741211,130.1699981689453,128.9149932861328,130.74000549316406,117.62999725341795,6.0,6.1,0.7807639111328125,True,INTC,2376.0,10.9,2440.0,4806.0,202.27272727272728,-0.45229357798165143,-0.0754398081966554,145000000000,-45.22935779816514,1.9787462068965517e-05
INTC260702P00127000,127.0,7.99,买 Put，看跌,-7.543980819665539,PUT,3443.0,3498.0,2750957.0,0.0018972117241379313,1858.0,<=5M,2026-07-02,120.3499984741211,130.1699981689453,128.9149932861328,130.74000549316406,117.62999725341795,7.55,8.15,1.3896514892578122,True,INTC,55.0,2.5,1858.0,3443.0,6260.0,2.196,-0.0754398081966554,145000000000,219.60000000000002,1.8972117241379312e-05
TSM260717C00475000,475.0,6.78,卖 Call，看跌,-5.52258834984031,CALL,4039.0,4303.0,2738442.0,0.00022446245901639345,840.0,<=5M,2026-07-17,434.4779968261719,459.875,450.5400085449219,461.4700012207031,429.5,6.65,7.85,0.5738568005371094,False,TSM,264.0,9.75,840.0,4039.0,1529.9242424242425,-0.30461538461538457,-0.0552258834984031,1220000000000,-30.461538461538456,2.2446245901639345e-06
TSLA260710C00397500,397.5,8.0,卖 Call，看跌,-4.500103999322064,CALL,3409.0,3410.0,2727200.0,0.00018266577361018084,324.0,<=5M,2026-07-10,393.4500122070313,411.989990234375,428.2300109863281,432.3500061035156,389.3010864257813,8.0,8.1,0.4034483483886719,False,TSLA,1.0,32.55,324.0,3409.0,340900.0,-0.7542242703533026,-0.045001039993220644,1493000000000,-75.42242703533026,1.8266577361018085e-06
INTC260724C00135000,135.0,6.05,卖 Call，看跌,-7.543980819665539,CALL,4462.0,4879.0,2699510.0,0.0018617310344827586,1566.0,<=5M,2026-07-24,120.3499984741211,130.1699981689453,128.9149932861328,130.74000549316406,117.62999725341795,6.2,6.55,0.9686282434082032,False,INTC,417.0,9.2,1566.0,4462.0,1070.0239808153476,-0.34239130434782605,-0.0754398081966554,145000000000,-34.2391304347826,1.8617310344827587e-05
TSM260710C00455000,455.0,6.0,卖 Call，看跌,-5.52258834984031,CALL,4493.0,5146.0,2695800.0,0.0002209672131147541,678.0,<=5M,2026-07-10,434.4779968261719,459.875,450.5400085449219,461.4700012207031,429.5,5.55,6.35,0.5147143255615234,False,TSM,653.0,9.9,678.0,4493.0,688.0551301684533,-0.393939393939394,-0.0552258834984031,1220000000000,-39.3939393939394,2.209672131147541e-06
TSLA260708C00412500,412.5,2.56,卖 Call，看跌,-4.500103999322064,CALL,10515.0,10633.0,2691840.0,0.00018029738780977897,219.0,<=5M,2026-07-08,393.4500122070313,411.989990234375,428.2300109863281,432.3500061035156,389.3010864257813,2.55,2.58,0.409063526611328,False,TSLA,118.0,18.05,219.0,10515.0,8911.016949152543,-0.8581717451523545,-0.045001039993220644,1493000000000,-85.81717451523545,1.8029738780977898e-06
NVDA260918C00210000,210.0,8.96,卖 Call，看跌,-2.321269791920951,CALL,2989.0,3102.0,2678144.0,5.2103968871595324e-05,53732.0,<=5M,2026-09-18,194.8300018310547,199.4600067138672,197.1499938964844,200.05499267578125,192.3500061035156,8.9,9.05,0.4124814611816406,False,NVDA,113.0,10.5,53732.0,2989.0,2645.1327433628317,-0.14666666666666658,-0.02321269791920951,5140000000000,-14.666666666666659,5.210396887159533e-07
MU260710C01230000,1230.0,4.76,卖 Call，看跌,-7.867821162443427,CALL,5525.0,5728.0,2629900.0,0.0013841578947368421,498.0,<=5M,2026-07-10,975.5599975585938,1058.8699951171875,1041.5,1064.6400146484375,950.280029296875,4.5,5.0,0.9748537670898438,False,MU,203.0,12.0,498.0,5525.0,2721.6748768472908,-0.6033333333333334,-0.07867821162443427,190000000000,-60.333333333333336,1.3841578947368421e-05
TSLA260717C00430000,430.0,3.51,卖 Call，看跌,-4.500103999322064,CALL,7425.0,7558.0,2606175.0,0.00017455961152042866,25844.0,<=5M,2026-07-17,393.4500122070313,411.989990234375,428.2300109863281,432.3500061035156,389.3010864257813,3.45,3.5,0.4456842541503906,False,TSLA,133.0,16.0,25844.0,7425.0,5582.706766917293,-0.780625,-0.045001039993220644,1493000000000,-78.0625,1.7455961152042866e-06
TSLA260710P00385000,385.0,7.7,买 Put，看跌,-4.500103999322064,PUT,3380.0,3388.0,2602600.0,0.00017432016075016743,2129.0,<=5M,2026-07-10,393.4500122070313,411.989990234375,428.2300109863281,432.3500061035156,389.3010864257813,7.5,7.65,0.46680220703125,False,TSLA,8.0,0.85,2129.0,3380.0,42250.0,8.058823529411766,-0.045001039993220644,1493000000000,805.8823529411766,1.7432016075016744e-06
NVDA260918C00220000,220.0,6.2,卖 Call，看跌,-2.321269791920951,CALL,4185.0,4190.0,2594700.0,5.048054474708171e-05,33062.0,<=5M,2026-09-18,194.8300018310547,199.4600067138672,197.1499938964844,200.05499267578125,192.3500061035156,6.2,6.3,0.4114438739013671,False,NVDA,5.0,7.25,33062.0,4185.0,83700.0,-0.14482758620689654,-0.02321269791920951,5140000000000,-14.482758620689653,5.048054474708171e-07
INTC260821C00150000,150.0,7.15,卖 Call，看跌,-7.543980819665539,CALL,3600.0,3634.0,2574000.0,0.0017751724137931035,20999.0,<=5M,2026-08-21,120.3499984741211,130.1699981689453,128.9149932861328,130.74000549316406,117.62999725341795,7.1,7.35,0.9193123303222656,False,INTC,34.0,8.9,20999.0,3600.0,10588.235294117647,-0.19662921348314605,-0.0754398081966554,145000000000,-19.662921348314605,1.7751724137931035e-05
NVDA260821C00220000,220.0,3.13,卖 Call，看跌,-2.321269791920951,CALL,8181.0,8797.0,2560653.0,4.981815175097276e-05,43725.0,<=5M,2026-08-21,194.8300018310547,199.4600067138672,197.1499938964844,200.05499267578125,192.3500061035156,3.1,3.2,0.3800721173095703,False,NVDA,616.0,4.1,43725.0,8181.0,1328.0844155844156,-0.2365853658536585,-0.02321269791920951,5140000000000,-23.658536585365848,4.981815175097276e-07
NVDA260717P00185000,185.0,2.8,买 Put，看跌,-2.321269791920951,PUT,9072.0,9074.0,2540160.0,4.9419455252918285e-05,21802.0,<=5M,2026-07-17,194.8300018310547,199.4600067138672,197.1499938964844,200.05499267578125,192.3500061035156,2.76,2.84,0.4179745703124999,False,NVDA,2.0,1.7,21802.0,9072.0,453600.0,0.6470588235294117,-0.02321269791920951,5140000000000,64.70588235294117,4.941945525291829e-07
TSLA260706P00385000,385.0,3.33,买 Put，看跌,-4.500103999322064,PUT,7567.0,7574.0,2519811.0,0.00016877501674480912,895.0,<=5M,2026-07-06,393.4500122070313,411.989990234375,428.2300109863281,432.3500061035156,389.3010864257813,3.1,3.2,0.3620669262695312,False,TSLA,7.0,0.17,895.0,7567.0,108100.0,18.588235294117645,-0.045001039993220644,1493000000000,1858.8235294117644,1.6877501674480912e-06
AAPL260724C00310000,310.0,6.72,买 Call，看涨,1.8984415964417116,CALL,3725.0,3751.0,2503200.0,5.9303482587064675e-05,4556.0,<=5M,2026-07-24,308.6300048828125,302.8800048828125,294.0849914550781,309.4200134277344,293.67999267578125,6.7,7.05,0.2490919818115234,False,AAPL,26.0,2.39,4556.0,3725.0,14326.923076923078,1.8117154811715481,0.018984415964417117,4221000000000,181.1715481171548,5.930348258706467e-07
TSLA260702C00395000,395.0,0.2,卖 Call，看跌,-4.500103999322064,CALL,123788.0,124196.0,2475760.0,0.00016582451440053583,1747.0,<=5M,2026-07-02,393.4500122070313,411.989990234375,428.2300109863281,432.3500061035156,389.3010864257813,0.19,0.2,0.0883880224609375,False,TSLA,408.0,30.45,1747.0,123788.0,30340.19607843137,-0.993431855500821,-0.045001039993220644,1493000000000,-99.3431855500821,1.6582451440053583e-06
TSLA260708P00390000,390.0,8.2,买 Put，看跌,-4.500103999322064,PUT,3014.0,3780.0,2471480.0,0.00016553784326858674,1146.0,<=5M,2026-07-08,393.4500122070313,411.989990234375,428.2300109863281,432.3500061035156,389.3010864257813,8.0,8.15,0.4519097778320313,False,TSLA,766.0,1.12,1146.0,3014.0,393.47258485639685,6.32142857142857,-0.045001039993220644,1493000000000,632.142857142857,1.6553784326858673e-06
NVDA260706C00192500,192.5,2.49,卖 Call，看跌,-2.321269791920951,CALL,9920.0,11088.0,2470080.0000000005,4.805603112840468e-05,638.0,<=5M,2026-07-06,194.8300018310547,199.4600067138672,197.1499938964844,200.05499267578125,192.3500061035156,2.49,2.55,0.10743080078125,True,NVDA,1168.0,6.3,638.0,9920.0,849.3150684931506,-0.6047619047619047,-0.02321269791920951,5140000000000,-60.476190476190474,4.805603112840468e-07
NVDA260706P00200000,200.0,7.04,买 Put，看跌,-2.321269791920951,PUT,3500.0,5113.0,2464000.0,4.793774319066148e-05,1291.0,<=5M,2026-07-06,194.8300018310547,199.4600067138672,197.1499938964844,200.05499267578125,192.3500061035156,6.8,7.1,0.4333552758789062,True,NVDA,1613.0,4.06,1291.0,3500.0,216.98698078115314,0.7339901477832514,-0.02321269791920951,5140000000000,73.39901477832514,4.793774319066148e-07
INTC260702P00126000,126.0,7.02,买 Put，看跌,-7.543980819665539,PUT,3497.0,3573.0,2454894.0,0.001693030344827586,1240.0,<=5M,2026-07-02,120.3499984741211,130.1699981689453,128.9149932861328,130.74000549316406,117.62999725341795,6.4,7.1,1.2255898095703124,True,INTC,76.0,2.47,1240.0,3497.0,4601.315789473684,1.8421052631578942,-0.0754398081966554,145000000000,184.21052631578942,1.693030344827586e-05
AAPL260708C00305000,305.0,5.4,买 Call，看涨,1.8984415964417116,CALL,4520.0,4550.0,2440800.0,5.782515991471216e-05,1273.0,<=5M,2026-07-08,308.6300048828125,302.8800048828125,294.0849914550781,309.4200134277344,293.67999267578125,5.2,5.4,0.1928791650390625,True,AAPL,30.0,1.36,1273.0,4520.0,15066.666666666666,2.9705882352941173,0.018984415964417117,4221000000000,297.0588235294117,5.782515991471216e-07
AMD260702P00517500,517.5,7.51,买 Put，看跌,-5.093377829116771,PUT,3241.0,3251.0,2433991.0,0.0009361503846153845,972.0,<=5M,2026-07-02,517.8200073242188,545.6099853515625,538.219970703125,547.6500244140625,506.0,5.8,8.15,0.6599155102539063,False,AMD,10.0,2.29,972.0,3241.0,32410.000000000004,2.279475982532751,-0.050933778291167714,260000000000,227.9475982532751,9.361503846153846e-06
NBIS260717P00170000,170.0,7.47,买 Put，看跌,-8.04725571833666,PUT,3236.0,5263.0,2417292.0,0.009297276923076922,5289.0,<=5M,2026-07-17,215.6199951171875,234.4900054931641,232.02999877929688,237.25999450683597,207.2989959716797,7.05,7.5,1.460696055908203,False,NBIS,2027.0,5.5,5289.0,3236.0,159.64479526393686,0.35818181818181816,-0.08047255718336659,26000000000,35.81818181818181,9.297276923076923e-05
NVDA260710P00197500,197.5,6.83,买 Put，看跌,-2.321269791920951,PUT,3538.0,3561.0,2416454.0,4.701272373540856e-05,2159.0,<=5M,2026-07-10,194.8300018310547,199.4600067138672,197.1499938964844,200.05499267578125,192.3500061035156,6.4,6.55,0.4155331884765625,True,NVDA,23.0,3.9,2159.0,3538.0,15382.608695652176,0.7512820512820514,-0.02321269791920951,5140000000000,75.12820512820514,4.701272373540856e-07
MU260702C00960000,960.0,5.43,卖 Call，看跌,-7.867821162443427,CALL,4361.0,4386.0,2368023.0,0.001246327894736842,91.0,<=5M,2026-07-02,975.5599975585938,1058.8699951171875,1041.5,1064.6400146484375,950.280029296875,5.55,6.0,1.0000000000000004e-05,True,MU,25.0,80.93,91.0,4361.0,17444.0,-0.9329049796120104,-0.07867821162443427,190000000000,-93.29049796120104,1.2463278947368421e-05
TSLA260706C00405000,405.0,1.7,卖 Call，看跌,-4.500103999322064,CALL,13636.0,14016.0,2318120.0,0.00015526590756865372,1062.0,<=5M,2026-07-06,393.4500122070313,411.989990234375,428.2300109863281,432.3500061035156,389.3010864257813,1.69,1.73,0.3086006640625,False,TSLA,380.0,21.86,1062.0,13636.0,3588.421052631579,-0.9222323879231473,-0.045001039993220644,1493000000000,-92.22323879231473,1.5526590756865372e-06
TSLA260706C00410000,410.0,1.1,卖 Call，看跌,-4.500103999322064,CALL,20675.0,20677.0,2274250.0000000005,0.0001523275284661755,1540.0,<=5M,2026-07-06,393.4500122070313,411.989990234375,428.2300109863281,432.3500061035156,389.3010864257813,1.08,1.1,0.3265448205566406,False,TSLA,2.0,18.9,1540.0,20675.0,1033750.0,-0.9417989417989417,-0.045001039993220644,1493000000000,-94.17989417989418,1.523275284661755e-06
NVDA260706C00190000,190.0,4.3,卖 Call，看跌,-2.321269791920951,CALL,5135.0,6406.0,2208050.0,4.295817120622568e-05,361.0,<=5M,2026-07-06,194.8300018310547,199.4600067138672,197.1499938964844,200.05499267578125,192.3500061035156,4.25,4.35,1.0000000000000004e-05,True,NVDA,1271.0,8.29,361.0,5135.0,404.0125885129819,-0.48130277442702046,-0.02321269791920951,5140000000000,-48.130277442702045,4.295817120622568e-07
TSLA260702C00387500,387.5,4.04,卖 Call，看跌,-4.500103999322064,CALL,5426.0,5772.0,2192104.0,0.00014682545210984593,2901.0,<=5M,2026-07-02,393.4500122070313,411.989990234375,428.2300109863281,432.3500061035156,389.3010864257813,4.05,4.3,1.0000000000000004e-05,True,TSLA,346.0,38.2,2901.0,5426.0,1568.208092485549,-0.8942408376963351,-0.045001039993220644,1493000000000,-89.42408376963351,1.4682545210984594e-06
NVDA260717C00210000,210.0,1.07,卖 Call，看跌,-2.321269791920951,CALL,20485.0,20556.0,2191895.0,4.2643871595330745e-05,52899.0,<=5M,2026-07-17,194.8300018310547,199.4600067138672,197.1499938964844,200.05499267578125,192.3500061035156,1.07,1.08,0.3398503515625,False,NVDA,71.0,1.79,52899.0,20485.0,28852.11267605634,-0.40223463687150834,-0.02321269791920951,5140000000000,-40.22346368715083,4.264387159533074e-07
MU260702C00965000,965.0,3.53,卖 Call，看跌,-7.867821162443427,CALL,6200.0,6218.0,2188600.0,0.0011518947368421052,90.0,<=5M,2026-07-02,975.5599975585938,1058.8699951171875,1041.5,1064.6400146484375,950.280029296875,3.3,3.6,1.0000000000000004e-05,True,MU,18.0,77.97,90.0,6200.0,34444.444444444445,-0.9547261767346416,-0.07867821162443427,190000000000,-95.47261767346416,1.1518947368421052e-05
NVDA261016C00225000,225.0,7.15,卖 Call，看跌,-2.321269791920951,CALL,3058.0,3258.0,2186470.0,4.2538326848249026e-05,6954.0,<=5M,2026-10-16,194.8300018310547,199.4600067138672,197.1499938964844,200.05499267578125,192.3500061035156,7.15,7.3,0.4122983575439453,False,NVDA,200.0,8.55,6954.0,3058.0,1529.0,-0.16374269005847955,-0.02321269791920951,5140000000000,-16.374269005847957,4.2538326848249025e-07
INTC260710P00130000,130.0,14.25,买 Put，看跌,-7.543980819665539,PUT,1528.0,5694.0,2177400.0,0.0015016551724137933,2712.0,<=5M,2026-07-10,120.3499984741211,130.1699981689453,128.9149932861328,130.74000549316406,117.62999725341795,13.2,13.5,0.9663089306640624,True,INTC,4166.0,8.15,2712.0,1528.0,36.677868458953434,0.7484662576687116,-0.0754398081966554,145000000000,74.84662576687116,1.5016551724137932e-05
TSLA260717C00440000,440.0,2.39,卖 Call，看跌,-4.500103999322064,CALL,8921.0,9044.0,2132119.0,0.00014280770261219022,8964.0,<=5M,2026-07-17,393.4500122070313,411.989990234375,428.2300109863281,432.3500061035156,389.3010864257813,2.41,2.44,0.4604546142578125,False,TSLA,123.0,11.95,8964.0,8921.0,7252.845528455285,-0.7999999999999999,-0.045001039993220644,1493000000000,-80.0,1.4280770261219023e-06
AAPL260710P00300000,300.0,1.8,卖 Put，看涨,1.8984415964417116,PUT,11611.0,14027.0,2089980.0,4.951385927505331e-05,3629.0,<=5M,2026-07-10,308.6300048828125,302.8800048828125,294.0849914550781,309.4200134277344,293.67999267578125,1.75,1.83,0.2625806164550781,False,AAPL,2416.0,7.7,3629.0,11611.0,480.5877483443709,-0.7662337662337663,0.018984415964417117,4221000000000,-76.62337662337663,4.951385927505331e-07
AAPL260710C00315000,315.0,1.99,买 Call，看涨,1.8984415964417116,CALL,10482.0,10553.0,2085918.0,4.941762615493959e-05,5052.0,<=5M,2026-07-10,308.6300048828125,302.8800048828125,294.0849914550781,309.4200134277344,293.67999267578125,2.0,2.05,0.2325516198730468,False,AAPL,71.0,0.31,5052.0,10482.0,14763.38028169014,5.419354838709677,0.018984415964417117,4221000000000,541.9354838709677,4.941762615493959e-07
AAPL260710C00307500,307.5,4.8,买 Call，看涨,1.8984415964417116,CALL,4327.0,4383.0,2076959.9999999998,4.920540156361051e-05,1035.0,<=5M,2026-07-10,308.6300048828125,302.8800048828125,294.0849914550781,309.4200134277344,293.67999267578125,4.8,5.0,0.2286454089355468,True,AAPL,56.0,1.43,1035.0,4327.0,7726.785714285714,2.3566433566433567,0.018984415964417117,4221000000000,235.66433566433568,4.920540156361051e-07
AAPL260717C00320000,320.0,2.2,买 Call，看涨,1.8984415964417116,CALL,9369.0,9370.0,2061180.0000000002,4.88315565031983e-05,29648.0,<=5M,2026-07-17,308.6300048828125,302.8800048828125,294.0849914550781,309.4200134277344,293.67999267578125,2.15,2.21,0.2414626635742187,False,AAPL,1.0,0.44,29648.0,9369.0,936900.0,4.000000000000001,0.018984415964417117,4221000000000,400.0000000000001,4.88315565031983e-07
NVDA260710C00190000,190.0,6.19,卖 Call，看跌,-2.321269791920951,CALL,3322.0,3332.0,2056318.0,4.000618677042802e-05,3529.0,<=5M,2026-07-10,194.8300018310547,199.4600067138672,197.1499938964844,200.05499267578125,192.3500061035156,6.15,6.2,0.26758544921875,True,NVDA,10.0,8.89,3529.0,3322.0,33220.0,-0.30371203599550056,-0.02321269791920951,5140000000000,-30.371203599550057,4.0006186770428015e-07
NBIS260717P00185000,185.0,11.15,买 Put，看跌,-8.04725571833666,PUT,1836.0,3781.0,2047140.0000000002,0.007873615384615387,3427.0,<=5M,2026-07-17,215.6199951171875,234.4900054931641,232.02999877929688,237.25999450683597,207.2989959716797,10.9,11.4,1.40234673828125,False,NBIS,1945.0,8.6,3427.0,1836.0,94.39588688946016,0.2965116279069768,-0.08047255718336659,26000000000,29.651162790697683,7.873615384615386e-05
