contractSymbol,strike,lastPrice_new,signal_type,stock_price_change_pct,option_type,volume_change_abs,volume_new,amount_threshold,amount_to_market_cap_pct,openInterest_new,amount_tier,expiry_date,股票价格(new),股票价格(old),股票价格(new open),股票价格(new high),股票价格(new low),bid,ask,impliedVolatility,inTheMoney,symbol,volume_old,lastPrice_old,openInterest_old,volume_change,volume_change_pct,option_price_change,stock_price_change,market_cap,option_price_change_pct,amount_to_market_cap
AMZN270115C00275000,275.0,27.52,卖 Call，看跌,-1.465228237010563,CALL,200294.0,200668.0,551209088.0,0.024717896322869956,207086.0,>50M,2027-01-15,261.260009765625,265.1449890136719,266.2900085449219,266.6300048828125,260.70001220703125,27.15,27.6,0.4033567965698242,False,AMZN,374.0,31.12,207086.0,200294.0,53554.54545454545,-0.115681233933162,-0.01465228237010563,2230000000000,-11.5681233933162,0.00024717896322869957
AMZN270115C00250000,250.0,39.71,卖 Call，看跌,-1.465228237010563,CALL,100245.0,100338.0,398072895.0,0.017850802466367714,118640.0,>50M,2027-01-15,261.260009765625,265.1449890136719,266.2900085449219,266.6300048828125,260.70001220703125,39.2,39.95,0.4231472480773925,True,AMZN,93.0,44.85,118640.0,100245.0,107790.32258064517,-0.11460423634336679,-0.01465228237010563,2230000000000,-11.46042363433668,0.00017850802466367713
NVDA260601C00220000,220.0,4.05,买 Call，看涨,2.5294201938997745,CALL,297106.0,304716.0,120327930.0,0.002341010311284047,25171.0,>50M,2026-06-01,224.3600006103516,218.8249969482422,215.77999877929688,224.8699951171875,215.6999969482422,3.8,3.95,1.0000000000000004e-05,True,NVDA,7610.0,1.07,25171.0,297106.0,3904.152431011826,2.785046728971962,0.025294201938997746,5140000000000,278.5046728971962,2.341010311284047e-05
MU260605C01000000,1000.0,61.16,卖 Call，看空/价差对冲,1.8871061021573117,CALL,12219.0,12967.0,74731403.99999999,0.03933231789473683,9674.0,>50M,2026-06-05,1034.739990234375,1015.5750122070312,1009.5700073242188,1046.969970703125,1009.5,61.8,62.2,0.8927012683105469,True,MU,748.0,70.73,9674.0,12219.0,1633.5561497326203,-0.1353032659409021,0.018871061021573116,190000000000,-13.53032659409021,0.0003933231789473683
MSFT260821C00500000,500.0,18.7,买 Call平仓/做波动率交易,-1.0070824032033405,CALL,31753.0,41800.0,59378110.0,0.001239885362288578,10373.0,>50M,2026-08-21,460.5199890136719,465.2049865722656,465.05999755859375,466.3200073242188,458.2699890136719,18.5,18.75,0.386175571899414,False,MSFT,10047.0,17.5,10373.0,31753.0,316.04459042500247,0.06857142857142853,-0.010070824032033404,4789000000000,6.857142857142853,1.239885362288578e-05
MU260618C01000000,1000.0,104.07,卖 Call，看空/价差对冲,1.8871061021573117,CALL,5633.0,5796.0,58622630.99999999,0.03085401631578947,8188.0,>50M,2026-06-18,1034.739990234375,1015.5750122070312,1009.5700073242188,1046.969970703125,1009.5,103.25,104.85,0.9511113287353514,True,MU,163.0,110.0,8188.0,5633.0,3455.8282208588957,-0.05390909090909097,0.018871061021573116,190000000000,-5.390909090909097,0.0003085401631578947
NVDA260601C00222500,222.5,1.52,买 Call，看涨,2.5294201938997745,CALL,369699.0,373331.0,56194248.0,0.0010932733073929961,9318.0,>50M,2026-06-01,224.3600006103516,218.8249969482422,215.77999877929688,224.8699951171875,215.6999969482422,1.52,1.56,1.0000000000000004e-05,True,NVDA,3632.0,0.54,9318.0,369699.0,10178.937224669604,1.8148148148148147,0.025294201938997746,5140000000000,181.48148148148147,1.093273307392996e-05
NVDA260605C00220000,220.0,6.62,买 Call，看涨,2.5294201938997745,CALL,81338.0,85276.0,53845756.00000001,0.0010475828015564204,50141.0,>50M,2026-06-05,224.3600006103516,218.8249969482422,215.77999877929688,224.8699951171875,215.6999969482422,6.6,6.7,0.4011290356445312,True,NVDA,3938.0,3.65,50141.0,81338.0,2065.4647028948707,0.8136986301369864,0.025294201938997746,5140000000000,81.36986301369863,1.0475828015564204e-05
TSLA260603P00450000,450.0,32.42,买 Put，看跌,-1.8641733727972998,PUT,15747.0,18012.0,51051774.00000001,0.00341940884125921,269.0,>50M,2026-06-03,415.8800048828125,423.7799987792969,427.3800048828125,429.6000061035156,415.4299926757813,32.3,32.95,1.0000000000000004e-05,True,TSLA,2265.0,16.25,269.0,15747.0,695.2317880794702,0.9950769230769232,-0.018641733727973,1493000000000,99.50769230769232,3.41940884125921e-05
MU260717P00730000,730.0,26.9,卖 Put，看涨,1.8871061021573117,PUT,16021.0,16180.0,43096490.0,0.022682363157894736,773.0,10M-50M,2026-07-17,1034.739990234375,1015.5750122070312,1009.5700073242188,1046.969970703125,1009.5,26.5,27.4,0.9978790495300291,False,MU,159.0,38.6,773.0,16021.0,10076.100628930817,-0.3031088082901555,0.018871061021573116,190000000000,-30.310880829015552,0.00022682363157894736
NVDA260918C00190000,190.0,43.2,买 Call，看涨,2.5294201938997745,CALL,9844.0,10014.0,42526080.00000001,0.0008273556420233465,80662.0,10M-50M,2026-09-18,224.3600006103516,218.8249969482422,215.77999877929688,224.8699951171875,215.6999969482422,42.9,43.25,0.4854787780761719,True,NVDA,170.0,33.8,80662.0,9844.0,5790.588235294118,0.27810650887573984,0.025294201938997746,5140000000000,27.810650887573985,8.273556420233465e-06
TSLA260601P00420000,420.0,2.81,买 Put，看跌,-1.8641733727972998,PUT,147685.0,150985.0,41499485.0,0.0027796038178164767,2487.0,10M-50M,2026-06-01,415.8800048828125,423.7799987792969,427.3800048828125,429.6000061035156,415.4299926757813,2.63,2.84,1.0000000000000004e-05,True,TSLA,3300.0,2.0,2487.0,147685.0,4475.30303030303,0.405,-0.018641733727973,1493000000000,40.5,2.7796038178164768e-05
NVDA260618C00220000,220.0,10.4,买 Call，看涨,2.5294201938997745,CALL,38366.0,39084.0,39900640.0,0.0007762770428015565,85215.0,10M-50M,2026-06-18,224.3600006103516,218.8249969482422,215.77999877929688,224.8699951171875,215.6999969482422,10.25,10.45,0.4107724938964844,True,NVDA,718.0,6.95,85215.0,38366.0,5343.454038997214,0.49640287769784175,0.025294201938997746,5140000000000,49.64028776978417,7.762770428015565e-06
AMZN281215C00220000,220.0,94.34,卖 Call，看跌,-1.465228237010563,CALL,4090.0,4093.0,38585060.0,0.001730271748878924,1455.0,10M-50M,2028-12-15,261.260009765625,265.1449890136719,266.2900085449219,266.6300048828125,260.70001220703125,95.35,97.2,0.5023395713806154,True,AMZN,3.0,102.43,1455.0,4090.0,136333.3333333333,-0.07898076735331448,-0.01465228237010563,2230000000000,-7.898076735331448,1.730271748878924e-05
MU260605C01050000,1050.0,37.35,卖 Call，看空/价差对冲,1.8871061021573117,CALL,10076.0,10378.0,37633860.0,0.019807294736842104,2026.0,10M-50M,2026-06-05,1034.739990234375,1015.5750122070312,1009.5700073242188,1046.969970703125,1009.5,37.2,37.8,0.9191902612304688,False,MU,302.0,45.3,2026.0,10076.0,3336.423841059602,-0.17549668874172178,0.018871061021573116,190000000000,-17.549668874172177,0.00019807294736842105
NVDA260605C00225000,225.0,3.95,买 Call，看涨,2.5294201938997745,CALL,93127.0,94707.0,36785165.0,0.0007156646887159534,80447.0,10M-50M,2026-06-05,224.3600006103516,218.8249969482422,215.77999877929688,224.8699951171875,215.6999969482422,3.95,4.05,0.4157773266601562,False,NVDA,1580.0,2.15,80447.0,93127.0,5894.113924050633,0.8372093023255816,0.025294201938997746,5140000000000,83.72093023255816,7.156646887159533e-06
TSLA260603C00390000,390.0,29.0,卖 Call，看跌,-1.8641733727972998,CALL,12262.0,12274.0,35559800.0,0.002381768251841929,35.0,10M-50M,2026-06-03,415.8800048828125,423.7799987792969,427.3800048828125,429.6000061035156,415.4299926757813,27.65,28.15,0.6931183032226562,True,TSLA,12.0,47.26,35.0,12262.0,102183.33333333334,-0.3863732543377063,-0.018641733727973,1493000000000,-38.63732543377063,2.381768251841929e-05
TSLA260605P00430000,430.0,16.39,买 Put，看跌,-1.8641733727972998,PUT,21581.0,21930.0,35371259.0,0.0023691399196249163,3986.0,10M-50M,2026-06-05,415.8800048828125,423.7799987792969,427.3800048828125,429.6000061035156,415.4299926757813,16.25,16.4,0.3675600354003906,True,TSLA,349.0,11.43,3986.0,21581.0,6183.667621776504,0.43394575678040254,-0.018641733727973,1493000000000,43.394575678040255,2.3691399196249164e-05
MU260605C01030000,1030.0,46.1,卖 Call，看空/价差对冲,1.8871061021573117,CALL,7543.0,7785.0,34773230.0,0.0183017,1528.0,10M-50M,2026-06-05,1034.739990234375,1015.5750122070312,1009.5700073242188,1046.969970703125,1009.5,45.85,46.15,0.9046640393066409,True,MU,242.0,56.85,1528.0,7543.0,3116.9421487603304,-0.18909410729991205,0.018871061021573116,190000000000,-18.909410729991205,0.000183017
NVDA260601C00217500,217.5,6.5,买 Call，看涨,2.5294201938997745,CALL,52297.0,62923.0,33993050.0,0.0006613433852140077,14699.0,10M-50M,2026-06-01,224.3600006103516,218.8249969482422,215.77999877929688,224.8699951171875,215.6999969482422,6.35,6.6,1.0000000000000004e-05,True,NVDA,10626.0,2.12,14699.0,52297.0,492.16073781291175,2.0660377358490565,0.025294201938997746,5140000000000,206.60377358490564,6.613433852140078e-06
NVDA260618C00200000,200.0,25.4,买 Call，看涨,2.5294201938997745,CALL,12320.0,12321.0,31292800.0,0.0006088093385214008,98000.0,10M-50M,2026-06-18,224.3600006103516,218.8249969482422,215.77999877929688,224.8699951171875,215.6999969482422,25.15,25.45,0.4260311303710938,True,NVDA,1.0,18.32,98000.0,12320.0,1232000.0,0.38646288209606977,0.025294201938997746,5140000000000,38.64628820960698,6.088093385214008e-06
NVDA260603C00220000,220.0,5.55,买 Call，看涨,2.5294201938997745,CALL,54010.0,55253.0,29975550.0,0.000583181906614786,11834.0,10M-50M,2026-06-03,224.3600006103516,218.8249969482422,215.77999877929688,224.8699951171875,215.6999969482422,5.45,5.65,0.3703676245117187,True,NVDA,1243.0,2.9,11834.0,54010.0,4345.132743362832,0.9137931034482759,0.025294201938997746,5140000000000,91.37931034482759,5.83181906614786e-06
MU260605C01040000,1040.0,41.59,卖 Call，看空/价差对冲,1.8871061021573117,CALL,6796.0,6807.0,28264564.0,0.014876086315789475,1109.0,10M-50M,2026-06-05,1034.739990234375,1015.5750122070312,1009.5700073242188,1046.969970703125,1009.5,41.05,41.75,0.9083871466064452,False,MU,11.0,50.0,1109.0,6796.0,61781.818181818184,-0.16819999999999993,0.018871061021573116,190000000000,-16.819999999999993,0.00014876086315789475
TSLA260603C00400000,400.0,18.92,卖 Call，看跌,-1.8641733727972998,CALL,14901.0,15129.0,28192692.000000004,0.0018883249832551913,166.0,10M-50M,2026-06-03,415.8800048828125,423.7799987792969,427.3800048828125,429.6000061035156,415.4299926757813,18.85,19.15,0.6030313134765627,True,TSLA,228.0,36.87,166.0,14901.0,6535.526315789474,-0.4868456739896934,-0.018641733727973,1493000000000,-48.68456739896934,1.8883249832551913e-05
MU260605P01000000,1000.0,30.5,卖 Put，看涨,1.8871061021573117,PUT,9177.0,10236.0,27989850.0,0.0147315,316.0,10M-50M,2026-06-05,1034.739990234375,1015.5750122070312,1009.5700073242188,1046.969970703125,1009.5,30.2,30.75,0.9639591006469728,False,MU,1059.0,40.9,316.0,9177.0,866.57223796034,-0.2542787286063569,0.018871061021573116,190000000000,-25.42787286063569,0.000147315
TSLA260601P00422500,422.5,5.02,买 Put，看跌,-1.8641733727972998,PUT,54673.0,56421.0,27445845.999999996,0.0018383018084393837,1383.0,10M-50M,2026-06-01,415.8800048828125,423.7799987792969,427.3800048828125,429.6000061035156,415.4299926757813,4.9,5.1,1.0000000000000004e-05,True,TSLA,1748.0,2.41,1383.0,54673.0,3127.745995423341,1.0829875518672196,-0.018641733727973,1493000000000,108.29875518672196,1.8383018084393836e-05
MU260605C01025000,1025.0,48.0,卖 Call，看空/价差对冲,1.8871061021573117,CALL,5469.0,5537.0,26251200.0,0.013816421052631579,244.0,10M-50M,2026-06-05,1034.739990234375,1015.5750122070312,1009.5700073242188,1046.969970703125,1009.5,48.5,49.0,0.9093331820678712,True,MU,68.0,58.25,244.0,5469.0,8042.647058823529,-0.1759656652360515,0.018871061021573116,190000000000,-17.59656652360515,0.00013816421052631578
TSLA260605C00420000,420.0,7.47,卖 Call，看跌,-1.8641733727972998,CALL,34814.0,34823.0,26006058.0,0.001741865907568654,2151.0,10M-50M,2026-06-05,415.8800048828125,423.7799987792969,427.3800048828125,429.6000061035156,415.4299926757813,7.45,7.55,0.4852346398925781,False,TSLA,9.0,11.35,2151.0,34814.0,386822.2222222222,-0.34185022026431716,-0.018641733727973,1493000000000,-34.18502202643172,1.741865907568654e-05
MU260605C01100000,1100.0,21.72,卖 Call，看空/价差对冲,1.8871061021573117,CALL,11890.0,12419.0,25825080.0,0.013592147368421053,5811.0,10M-50M,2026-06-05,1034.739990234375,1015.5750122070312,1009.5700073242188,1046.969970703125,1009.5,21.3,21.75,0.946716841430664,False,MU,529.0,29.7,5811.0,11890.0,2247.6370510396973,-0.2686868686868687,0.018871061021573116,190000000000,-26.86868686868687,0.00013592147368421054
TSLA260601P00425000,425.0,7.24,买 Put，看跌,-1.8641733727972998,PUT,34878.0,37352.0,25251672.0,0.001691337709310114,2182.0,10M-50M,2026-06-01,415.8800048828125,423.7799987792969,427.3800048828125,429.6000061035156,415.4299926757813,7.15,7.6,1.0000000000000004e-05,True,TSLA,2474.0,4.0,2182.0,34878.0,1409.7817299919159,0.81,-0.018641733727973,1493000000000,81.0,1.691337709310114e-05
NVDA270115C00160000,160.0,74.07,买 Call，看涨,2.5294201938997745,CALL,3116.0,3173.0,23080211.999999996,0.0004490313618677042,109309.0,10M-50M,2027-01-15,224.3600006103516,218.8249969482422,215.77999877929688,224.8699951171875,215.6999969482422,73.75,74.25,0.5366867620849609,True,NVDA,57.0,64.5,109309.0,3116.0,5466.666666666666,0.1483720930232557,0.025294201938997746,5140000000000,14.837209302325572,4.490313618677042e-06
NVDA260605C00222500,222.5,5.2,买 Call，看涨,2.5294201938997745,CALL,44349.0,44936.0,23061480.0,0.0004486669260700389,32911.0,10M-50M,2026-06-05,224.3600006103516,218.8249969482422,215.77999877929688,224.8699951171875,215.6999969482422,5.2,5.25,0.4079649047851562,True,NVDA,587.0,2.81,32911.0,44349.0,7555.195911413969,0.8505338078291815,0.025294201938997746,5140000000000,85.05338078291815,4.486669260700389e-06
NVDA260717C00220000,220.0,15.57,买 Call，看涨,2.5294201938997745,CALL,14808.0,16300.0,23056056.0,0.00044856140077821014,86825.0,10M-50M,2026-07-17,224.3600006103516,218.8249969482422,215.77999877929688,224.8699951171875,215.6999969482422,15.5,15.55,0.4171200866699218,True,NVDA,1492.0,12.1,86825.0,14808.0,992.4932975871315,0.2867768595041323,0.025294201938997746,5140000000000,28.677685950413228,4.4856140077821015e-06
NVDA260601C00215000,215.0,8.9,买 Call，看涨,2.5294201938997745,CALL,25871.0,32215.0,23025190.000000004,0.0004479608949416343,22902.0,10M-50M,2026-06-01,224.3600006103516,218.8249969482422,215.77999877929688,224.8699951171875,215.6999969482422,8.85,9.1,1.0000000000000004e-05,True,NVDA,6344.0,3.41,22902.0,25871.0,407.8026481715006,1.6099706744868034,0.025294201938997746,5140000000000,160.99706744868035,4.479608949416343e-06
MU260605C01020000,1020.0,50.94,卖 Call，看空/价差对冲,1.8871061021573117,CALL,4460.0,4646.0,22719240.0,0.011957494736842105,969.0,10M-50M,2026-06-05,1034.739990234375,1015.5750122070312,1009.5700073242188,1046.969970703125,1009.5,50.5,51.25,0.8989878265380857,True,MU,186.0,60.0,969.0,4460.0,2397.849462365591,-0.15100000000000005,0.018871061021573116,190000000000,-15.100000000000005,0.00011957494736842105
MU260605P01025000,1025.0,42.27,卖 Put，看涨,1.8871061021573117,PUT,5372.0,5406.0,22707444.0,0.011951286315789473,2.0,10M-50M,2026-06-05,1034.739990234375,1015.5750122070312,1009.5700073242188,1046.969970703125,1009.5,41.8,42.4,0.9739687661743164,False,MU,34.0,51.01,2.0,5372.0,15800.0,-0.1713389531464418,0.018871061021573116,190000000000,-17.133895314644178,0.00011951286315789473
MSFT260717C00500000,500.0,9.9,买 Call平仓/做波动率交易,-1.0070824032033405,CALL,22851.0,23045.0,22622490.0,0.0004723844226352057,24082.0,10M-50M,2026-07-17,460.5199890136719,465.2049865722656,465.05999755859375,466.3200073242188,458.2699890136719,9.8,10.05,0.3638064108276367,False,MSFT,194.0,9.1,24082.0,22851.0,11778.865979381444,0.08791208791208799,-0.010070824032033404,4789000000000,8.791208791208799,4.723844226352057e-06
MU260605C01035000,1035.0,43.8,卖 Call，看空/价差对冲,1.8871061021573117,CALL,4991.0,5043.0,21860580.0,0.011505568421052631,118.0,10M-50M,2026-06-05,1034.739990234375,1015.5750122070312,1009.5700073242188,1046.969970703125,1009.5,43.4,44.0,0.9074716284179688,False,MU,52.0,54.62,118.0,4991.0,9598.076923076922,-0.19809593555474186,0.018871061021573116,190000000000,-19.809593555474187,0.00011505568421052632
MSFT260717C00410000,410.0,59.55,买 Call平仓/做波动率交易,-1.0070824032033405,CALL,3627.0,3948.0,21598784.999999996,0.00045100824806849015,9916.0,10M-50M,2026-07-17,460.5199890136719,465.2049865722656,465.05999755859375,466.3200073242188,458.2699890136719,58.6,60.1,0.4478509805297851,True,MSFT,321.0,47.15,9916.0,3627.0,1129.9065420560748,0.26299045599151644,-0.010070824032033404,4789000000000,26.299045599151643,4.510082480684902e-06
MSFT260702C00480000,480.0,12.1,买 Call平仓/做波动率交易,-1.0070824032033405,CALL,17532.0,17858.0,21213720.0,0.00044296763416162035,222.0,10M-50M,2026-07-02,460.5199890136719,465.2049865722656,465.05999755859375,466.3200073242188,458.2699890136719,12.0,12.15,0.3679872772216797,False,MSFT,326.0,6.55,222.0,17532.0,5377.914110429449,0.8473282442748091,-0.010070824032033404,4789000000000,84.7328244274809,4.4296763416162035e-06
NVDA260605C00210000,210.0,14.5,买 Call，看涨,2.5294201938997745,CALL,14348.0,14438.0,20804600.0,0.0004047587548638132,15592.0,10M-50M,2026-06-05,224.3600006103516,218.8249969482422,215.77999877929688,224.8699951171875,215.6999969482422,14.35,14.5,0.32617861328125,True,NVDA,90.0,9.37,15592.0,14348.0,15942.222222222223,0.5474919957310567,0.025294201938997746,5140000000000,54.74919957310567,4.047587548638132e-06
TSLA260601P00430000,430.0,11.94,买 Put，看跌,-1.8641733727972998,PUT,17180.0,18167.0,20512920.0,0.001373939718687207,3355.0,10M-50M,2026-06-01,415.8800048828125,423.7799987792969,427.3800048828125,429.6000061035156,415.4299926757813,12.0,12.35,1.0000000000000004e-05,True,TSLA,987.0,6.7,3355.0,17180.0,1740.628166160081,0.7820895522388058,-0.018641733727973,1493000000000,78.20895522388058,1.373939718687207e-05
NVDA260603C00225000,225.0,2.73,买 Call，看涨,2.5294201938997745,CALL,74511.0,75026.0,20341503.0,0.0003957490856031128,11009.0,10M-50M,2026-06-03,224.3600006103516,218.8249969482422,215.77999877929688,224.8699951171875,215.6999969482422,2.76,2.77,0.3789124609375,False,NVDA,515.0,1.42,11009.0,74511.0,14468.155339805824,0.9225352112676057,0.025294201938997746,5140000000000,92.25352112676057,3.957490856031128e-06
MSFT260918C00460000,460.0,38.6,买 Call平仓/做波动率交易,-1.0070824032033405,CALL,5269.0,5277.0,20338340.0,0.00042468866151597416,5734.0,10M-50M,2026-09-18,460.5199890136719,465.2049865722656,465.05999755859375,466.3200073242188,458.2699890136719,38.3,39.0,0.3849701396179198,True,MSFT,8.0,35.6,5734.0,5269.0,65862.5,0.08426966292134831,-0.010070824032033404,4789000000000,8.426966292134832,4.246886615159741e-06
TSLA260603C00385000,385.0,33.3,卖 Call，看跌,-1.8641733727972998,CALL,5934.0,5937.0,19760220.0,0.0013235244474212994,4.0,10M-50M,2026-06-03,415.8800048828125,423.7799987792969,427.3800048828125,429.6000061035156,415.4299926757813,33.0,33.65,0.8364274169921874,True,TSLA,3.0,53.0,4.0,5934.0,197800.0,-0.3716981132075472,-0.018641733727973,1493000000000,-37.16981132075472,1.3235244474212993e-05
NVDA260717C00230000,230.0,11.0,买 Call，看涨,2.5294201938997745,CALL,17912.0,18092.0,19703200.0,0.0003833307392996109,48103.0,10M-50M,2026-07-17,224.3600006103516,218.8249969482422,215.77999877929688,224.8699951171875,215.6999969482422,10.85,11.0,0.4196225030517578,False,NVDA,180.0,8.15,48103.0,17912.0,9951.111111111111,0.34969325153374226,0.025294201938997746,5140000000000,34.96932515337423,3.833307392996109e-06
MU260605P01030000,1030.0,44.59,卖 Put，看涨,1.8871061021573117,PUT,4378.0,4384.0,19521502.0,0.010274474736842105,11.0,10M-50M,2026-06-05,1034.739990234375,1015.5750122070312,1009.5700073242188,1046.969970703125,1009.5,44.2,44.9,0.9731142825317384,False,MU,6.0,55.85,11.0,4378.0,72966.66666666666,-0.20161145926589075,0.018871061021573116,190000000000,-20.161145926589075,0.00010274474736842105
AMZN271217C00250000,250.0,62.1,卖 Call，看跌,-1.465228237010563,CALL,3140.0,3151.0,19499400.0,0.0008744125560538117,5633.0,10M-50M,2027-12-17,261.260009765625,265.1449890136719,266.2900085449219,266.6300048828125,260.70001220703125,61.55,62.7,0.4543053837585449,True,AMZN,11.0,67.5,5633.0,3140.0,28545.454545454544,-0.07999999999999997,-0.01465228237010563,2230000000000,-7.999999999999997,8.744125560538117e-06
NVDA260618C00230000,230.0,5.84,买 Call，看涨,2.5294201938997745,CALL,33059.0,33324.0,19306456.0,0.00037561198443579767,80660.0,10M-50M,2026-06-18,224.3600006103516,218.8249969482422,215.77999877929688,224.8699951171875,215.6999969482422,5.75,5.9,0.4185849157714844,False,NVDA,265.0,3.74,80660.0,33059.0,12475.094339622641,0.5614973262032085,0.025294201938997746,5140000000000,56.14973262032085,3.7561198443579768e-06
NVDA260605C00215000,215.0,10.28,买 Call，看涨,2.5294201938997745,CALL,18296.0,20734.0,18808287.999999996,0.00036591999999999994,39231.0,10M-50M,2026-06-05,224.3600006103516,218.8249969482422,215.77999877929688,224.8699951171875,215.6999969482422,10.05,10.25,0.3813538427734374,True,NVDA,2438.0,6.05,39231.0,18296.0,750.4511894995899,0.6991735537190082,0.025294201938997746,5140000000000,69.91735537190083,3.659199999999999e-06
MU260605C01200000,1200.0,6.64,卖 Call，看空/价差对冲,1.8871061021573117,CALL,27948.0,28644.0,18557472.0,0.00976709052631579,4327.0,10M-50M,2026-06-05,1034.739990234375,1015.5750122070312,1009.5700073242188,1046.969970703125,1009.5,6.65,6.8,1.0148975036621093,False,MU,696.0,11.0,4327.0,27948.0,4015.5172413793102,-0.3963636363636364,0.018871061021573116,190000000000,-39.63636363636364,9.76709052631579e-05
NVDA260605C00230000,230.0,2.29,买 Call，看涨,2.5294201938997745,CALL,80798.0,82879.0,18502742.0,0.0003599755252918288,28306.0,10M-50M,2026-06-05,224.3600006103516,218.8249969482422,215.77999877929688,224.8699951171875,215.6999969482422,2.28,2.3,0.43164630859375,False,NVDA,2081.0,1.16,28306.0,80798.0,3882.652570879385,0.9741379310344829,0.025294201938997746,5140000000000,97.41379310344828,3.599755252918288e-06
TSLA260605P00425000,425.0,12.85,买 Put，看跌,-1.8641733727972998,PUT,14329.0,14529.0,18412765.0,0.0012332729403884794,3688.0,10M-50M,2026-06-05,415.8800048828125,423.7799987792969,427.3800048828125,429.6000061035156,415.4299926757813,12.75,12.9,0.3806214282226562,True,TSLA,200.0,8.7,3688.0,14329.0,7164.5,0.47701149425287365,-0.018641733727973,1493000000000,47.70114942528736,1.2332729403884795e-05
MU260618P00900000,900.0,33.15,卖 Put，看涨,1.8871061021573117,PUT,5416.0,5421.0,17954040.0,0.009449494736842106,1513.0,10M-50M,2026-06-18,1034.739990234375,1015.5750122070312,1009.5700073242188,1046.969970703125,1009.5,33.1,33.85,0.98672498626709,False,MU,5.0,40.6,1513.0,5416.0,108320.0,-0.18349753694581286,0.018871061021573116,190000000000,-18.349753694581285,9.449494736842105e-05
TSLA260603P00427500,427.5,11.96,买 Put，看跌,-1.8641733727972998,PUT,14081.0,14195.0,16840876.0,0.0011279890154052242,326.0,10M-50M,2026-06-03,415.8800048828125,423.7799987792969,427.3800048828125,429.6000061035156,415.4299926757813,12.5,12.65,0.3105537695312499,True,TSLA,114.0,8.2,326.0,14081.0,12351.754385964912,0.4585365853658539,-0.018641733727973,1493000000000,45.85365853658539,1.1279890154052243e-05
NVDA260612C00220000,220.0,8.77,买 Call，看涨,2.5294201938997745,CALL,19099.0,19323.0,16749822.999999998,0.0003258720428015564,26289.0,10M-50M,2026-06-12,224.3600006103516,218.8249969482422,215.77999877929688,224.8699951171875,215.6999969482422,8.75,8.9,0.4038145556640625,True,NVDA,224.0,5.55,26289.0,19099.0,8526.339285714286,0.5801801801801801,0.025294201938997746,5140000000000,58.01801801801801,3.258720428015564e-06
NVDA260717C00225000,225.0,13.02,买 Call，看涨,2.5294201938997745,CALL,12801.0,12863.0,16666901.999999998,0.000324258793774319,19648.0,10M-50M,2026-07-17,224.3600006103516,218.8249969482422,215.77999877929688,224.8699951171875,215.6999969482422,13.0,13.05,0.4159604302978515,False,NVDA,62.0,10.0,19648.0,12801.0,20646.774193548386,0.30199999999999994,0.025294201938997746,5140000000000,30.199999999999992,3.2425879377431904e-06
NVDA270319C00200000,200.0,50.75,买 Call，看涨,2.5294201938997745,CALL,3279.0,3280.0,16640925.0,0.0003237534046692607,22235.0,10M-50M,2027-03-19,224.3600006103516,218.8249969482422,215.77999877929688,224.8699951171875,215.6999969482422,50.4,51.0,0.5008289663696289,True,NVDA,1.0,44.76,22235.0,3279.0,327900.0,0.13382484361036645,0.025294201938997746,5140000000000,13.382484361036646,3.237534046692607e-06
TSLA260603P00430000,430.0,14.23,买 Put，看跌,-1.8641733727972998,PUT,11525.0,11567.0,16400075.0,0.0010984645010046886,1256.0,10M-50M,2026-06-03,415.8800048828125,423.7799987792969,427.3800048828125,429.6000061035156,415.4299926757813,14.15,14.35,0.2358474853515624,True,TSLA,42.0,10.0,1256.0,11525.0,27440.47619047619,0.42300000000000004,-0.018641733727973,1493000000000,42.300000000000004,1.0984645010046886e-05
MSFT260717C00470000,470.0,20.0,买 Call平仓/做波动率交易,-1.0070824032033405,CALL,8187.0,8206.0,16374000.0,0.00034190854040509506,6875.0,10M-50M,2026-07-17,460.5199890136719,465.2049865722656,465.05999755859375,466.3200073242188,458.2699890136719,19.8,20.0,0.3672853799438477,False,MSFT,19.0,17.5,6875.0,8187.0,43089.47368421053,0.14285714285714285,-0.010070824032033404,4789000000000,14.285714285714285,3.4190854040509503e-06
TSLA260605P00440000,440.0,24.21,买 Put，看跌,-1.8641733727972998,PUT,6762.0,6802.0,16370802.000000002,0.0010965038178164768,4376.0,10M-50M,2026-06-05,415.8800048828125,423.7799987792969,427.3800048828125,429.6000061035156,415.4299926757813,24.15,24.3,0.264655791015625,True,TSLA,40.0,18.8,4376.0,6762.0,16905.0,0.2877659574468085,-0.018641733727973,1493000000000,28.77659574468085,1.096503817816477e-05
TSLA260603C00380000,380.0,39.39,卖 Call，看跌,-1.8641733727972998,CALL,4065.0,4067.0,16012035.0,0.0010724738780977898,19.0,10M-50M,2026-06-03,415.8800048828125,423.7799987792969,427.3800048828125,429.6000061035156,415.4299926757813,37.55,38.65,0.9025888647460938,True,TSLA,2.0,55.08,19.0,4065.0,203250.0,-0.28485838779956424,-0.018641733727973,1493000000000,-28.485838779956424,1.0724738780977897e-05
NVDA260603C00222500,222.5,4.07,买 Call，看涨,2.5294201938997745,CALL,39268.0,39562.0,15982076.0,0.00031093533073929964,1536.0,10M-50M,2026-06-03,224.3600006103516,218.8249969482422,215.77999877929688,224.8699951171875,215.6999969482422,4.0,4.1,0.3813538427734374,True,NVDA,294.0,1.99,1536.0,39268.0,13356.462585034014,1.0452261306532664,0.025294201938997746,5140000000000,104.52261306532664,3.109353307392996e-06
TSLA260605C00410000,410.0,12.88,卖 Call，看跌,-1.8641733727972998,CALL,11583.0,11605.0,14918904.0,0.0009992567983924984,1467.0,10M-50M,2026-06-05,415.8800048828125,423.7799987792969,427.3800048828125,429.6000061035156,415.4299926757813,12.85,13.0,0.5033008654785156,True,TSLA,22.0,18.5,1467.0,11583.0,52650.0,-0.30378378378378373,-0.018641733727973,1493000000000,-30.378378378378372,9.992567983924984e-06
MU260605P01035000,1035.0,47.2,卖 Put，看涨,1.8871061021573117,PUT,3037.0,3039.0,14334640.0,0.007544547368421053,2.0,10M-50M,2026-06-05,1034.739990234375,1015.5750122070312,1009.5700073242188,1046.969970703125,1009.5,47.2,47.75,0.9803468762207032,True,MU,2.0,101.22,2.0,3037.0,151850.0,-0.5336889942699071,0.018871061021573116,190000000000,-53.368899426990716,7.544547368421053e-05
NVDA260626C00230000,230.0,7.35,买 Call，看涨,2.5294201938997745,CALL,19424.0,20505.0,14276640.0,0.0002777556420233463,49245.0,10M-50M,2026-06-26,224.3600006103516,218.8249969482422,215.77999877929688,224.8699951171875,215.6999969482422,7.3,7.4,0.4122373229980468,False,NVDA,1081.0,5.2,49245.0,19424.0,1796.854764107308,0.4134615384615383,0.025294201938997746,5140000000000,41.34615384615383,2.7775564202334632e-06
MSFT260601C00460000,460.0,3.63,卖 Call，看跌,-1.0070824032033405,CALL,39189.0,39868.0,14225607.0,0.000297047546460639,1979.0,10M-50M,2026-06-01,460.5199890136719,465.2049865722656,465.05999755859375,466.3200073242188,458.2699890136719,3.5,4.0,0.3885559191894531,True,MSFT,679.0,6.45,1979.0,39189.0,5771.575846833579,-0.4372093023255814,-0.010070824032033404,4789000000000,-43.72093023255814,2.9704754646063897e-06
TSLA260603P00452500,452.5,35.28,买 Put，看跌,-1.8641733727972998,PUT,4030.0,4062.0,14217840.0,0.0009523000669792364,46.0,10M-50M,2026-06-03,415.8800048828125,423.7799987792969,427.3800048828125,429.6000061035156,415.4299926757813,35.0,35.45,1.0000000000000004e-05,True,TSLA,32.0,20.25,46.0,4030.0,12593.75,0.7422222222222222,-0.018641733727973,1493000000000,74.22222222222223,9.523000669792364e-06
MRVL260618C00200000,200.0,30.4,买 Call，看涨,8.952333329545139,CALL,4673.0,4698.0,14205919.999999998,0.019730444444444443,10457.0,10M-50M,2026-06-18,219.42999267578125,201.3999938964844,198.91000366210935,225.13999938964844,195.1199951171875,29.55,30.55,1.0123340399169922,True,MRVL,25.0,16.4,10457.0,4673.0,18692.0,0.853658536585366,0.08952333329545138,72000000000,85.3658536585366,0.00019730444444444442
NVDA260717C00215000,215.0,18.45,买 Call，看涨,2.5294201938997745,CALL,7628.0,7758.0,14073660.0,0.0002738066147859922,31931.0,10M-50M,2026-07-17,224.3600006103516,218.8249969482422,215.77999877929688,224.8699951171875,215.6999969482422,18.3,18.45,0.4216366430664062,True,NVDA,130.0,14.52,31931.0,7628.0,5867.692307692308,0.2706611570247934,0.025294201938997746,5140000000000,27.066115702479337,2.738066147859922e-06
MSFT260605C00470000,470.0,6.5,卖 Call，看跌,-1.0070824032033405,CALL,21476.0,23034.0,13959400.0,0.0002914888285654625,14257.0,10M-50M,2026-06-05,460.5199890136719,465.2049865722656,465.05999755859375,466.3200073242188,458.2699890136719,6.45,6.5,0.4866994689941406,False,MSFT,1558.0,6.9,14257.0,21476.0,1378.433889602054,-0.05797101449275367,-0.010070824032033404,4789000000000,-5.797101449275368,2.914888285654625e-06
AVGO260605C00450000,450.0,25.5,买 Call，看涨,2.8601477602766887,CALL,5456.0,5621.0,13912800.0,0.00069564,3688.0,10M-50M,2026-06-05,459.9700012207031,447.1799926757813,450.18499755859375,465.989990234375,442.239990234375,25.1,26.0,0.9501347760009764,True,AVGO,165.0,19.6,3688.0,5456.0,3306.666666666667,0.3010204081632652,0.028601477602766885,2000000000000,30.102040816326518,6.9564e-06
MSFT260601C00462500,462.5,1.53,卖 Call，看跌,-1.0070824032033405,CALL,89365.0,89476.0,13672845.000000002,0.0002855052202965129,270.0,10M-50M,2026-06-01,460.5199890136719,465.2049865722656,465.05999755859375,466.3200073242188,458.2699890136719,1.53,1.63,0.2590406127929688,False,MSFT,111.0,5.55,270.0,89365.0,80509.00900900901,-0.7243243243243243,-0.010070824032033404,4789000000000,-72.43243243243242,2.855052202965129e-06
TSLA260605P00420000,420.0,9.5,买 Put，看跌,-1.8641733727972998,PUT,14286.0,14568.0,13571700.0,0.0009090221031480241,3176.0,10M-50M,2026-06-05,415.8800048828125,423.7799987792969,427.3800048828125,429.6000061035156,415.4299926757813,9.5,9.6,0.3770814245605468,True,TSLA,282.0,6.45,3176.0,14286.0,5065.95744680851,0.4728682170542635,-0.018641733727973,1493000000000,47.28682170542635,9.090221031480241e-06
MRVL260717C00200000,200.0,38.1,买 Call，看涨,8.952333329545139,CALL,3533.0,3558.0,13460730.000000002,0.018695458333333335,4958.0,10M-50M,2026-07-17,219.42999267578125,201.3999938964844,198.91000366210935,225.13999938964844,195.1199951171875,37.45,38.35,0.906678179321289,True,MRVL,25.0,26.95,4958.0,3533.0,14132.0,0.4137291280148424,0.08952333329545138,72000000000,41.37291280148424,0.00018695458333333335
NVDA260605C00217500,217.5,8.33,买 Call，看涨,2.5294201938997745,CALL,16120.0,16616.0,13427960.0,0.0002612443579766537,54286.0,10M-50M,2026-06-05,224.3600006103516,218.8249969482422,215.77999877929688,224.8699951171875,215.6999969482422,8.25,8.4,0.3962462719726562,True,NVDA,496.0,4.5,54286.0,16120.0,3250.0,0.8511111111111112,0.025294201938997746,5140000000000,85.11111111111111,2.612443579766537e-06
TSLA260605P00435000,435.0,20.06,买 Put，看跌,-1.8641733727972998,PUT,6642.0,6786.0,13323851.999999998,0.0008924214333556595,2255.0,10M-50M,2026-06-05,415.8800048828125,423.7799987792969,427.3800048828125,429.6000061035156,415.4299926757813,20.0,20.1,0.3288641333007812,True,TSLA,144.0,15.0,2255.0,6642.0,4612.5,0.33733333333333326,-0.018641733727973,1493000000000,33.73333333333333,8.924214333556596e-06
NVDA260612C00225000,225.0,6.25,买 Call，看涨,2.5294201938997745,CALL,21200.0,21491.0,13250000.0,0.00025778210116731516,20754.0,10M-50M,2026-06-12,224.3600006103516,218.8249969482422,215.77999877929688,224.8699951171875,215.6999969482422,6.25,6.35,0.4101621484375,False,NVDA,291.0,3.8,20754.0,21200.0,7285.223367697594,0.6447368421052633,0.025294201938997746,5140000000000,64.47368421052633,2.5778210116731517e-06
AMD260605C00500000,500.0,24.1,买 Call，看涨,4.259231943007742,CALL,5476.0,5507.0,13197160.0,0.005075830769230769,3188.0,10M-50M,2026-06-05,510.1300048828125,489.2900085449219,500.3550109863281,517.5,486.7999877929688,24.05,25.15,0.8106098040771483,True,AMD,31.0,16.5,3188.0,5476.0,17664.516129032258,0.4606060606060607,0.04259231943007742,260000000000,46.06060606060607,5.075830769230769e-05
MU260605P01020000,1020.0,40.05,卖 Put，看涨,1.8871061021573117,PUT,3234.0,3251.0,12952170.0,0.006816931578947369,17.0,10M-50M,2026-06-05,1034.739990234375,1015.5750122070312,1009.5700073242188,1046.969970703125,1009.5,39.15,40.15,0.9730227307128908,False,MU,17.0,95.9,17.0,3234.0,19023.529411764706,-0.5823774765380605,0.018871061021573116,190000000000,-58.237747653806046,6.816931578947369e-05
RKLB260717P00130000,130.0,21.15,买 Put，看跌,-3.367414970395624,PUT,6105.0,6209.0,12912074.999999998,0.05869124999999999,10290.0,10M-50M,2026-07-17,122.38999938964844,126.65499877929688,132.5050048828125,135.62899780273438,121.75,20.85,21.45,0.9501347760009764,True,RKLB,104.0,14.3,10290.0,6105.0,5870.192307692308,0.47902097902097884,-0.03367414970395624,22000000000,47.902097902097886,0.0005869124999999999
NVDA260618C00225000,225.0,7.8,买 Call，看涨,2.5294201938997745,CALL,15994.0,16533.0,12475320.0,0.0002427105058365759,36997.0,10M-50M,2026-06-18,224.3600006103516,218.8249969482422,215.77999877929688,224.8699951171875,215.6999969482422,7.75,7.95,0.4154111193847656,False,NVDA,539.0,5.3,36997.0,15994.0,2967.3469387755104,0.4716981132075472,0.025294201938997746,5140000000000,47.16981132075472,2.427105058365759e-06
TSLA260603P00420000,420.0,7.39,买 Put，看跌,-1.8641733727972998,PUT,16846.0,16972.0,12449193.999999998,0.0008338375083724044,1174.0,10M-50M,2026-06-03,415.8800048828125,423.7799987792969,427.3800048828125,429.6000061035156,415.4299926757813,7.3,7.45,0.3393620751953125,True,TSLA,126.0,4.59,1174.0,16846.0,13369.84126984127,0.6100217864923747,-0.018641733727973,1493000000000,61.00217864923747,8.338375083724045e-06
AVGO260618C00450000,450.0,32.35,买 Call，看涨,2.8601477602766887,CALL,3817.0,3843.0,12347995.000000002,0.0006173997500000001,9330.0,10M-50M,2026-06-18,459.9700012207031,447.1799926757813,450.18499755859375,465.989990234375,442.239990234375,31.8,32.3,0.6647372393798829,True,AVGO,26.0,25.61,9330.0,3817.0,14680.769230769232,0.26317844591956274,0.028601477602766885,2000000000000,26.317844591956273,6.173997500000001e-06
TSLA260603C00420000,420.0,4.9,卖 Call，看跌,-1.8641733727972998,CALL,24134.0,25358.0,11825660.0,0.0007920736771600803,315.0,10M-50M,2026-06-03,415.8800048828125,423.7799987792969,427.3800048828125,429.6000061035156,415.4299926757813,4.9,5.0,0.454107021484375,False,TSLA,1224.0,17.95,315.0,24134.0,1971.7320261437908,-0.7270194986072424,-0.018641733727973,1493000000000,-72.70194986072424,7.920736771600803e-06
MSFT260612C00500000,500.0,2.97,买 Call平仓/做波动率交易,-1.0070824032033405,CALL,39699.0,39799.0,11790603.000000002,0.0002462017749008144,1122.0,10M-50M,2026-06-12,460.5199890136719,465.2049865722656,465.05999755859375,466.3200073242188,458.2699890136719,2.96,2.98,0.4387873504638672,False,MSFT,100.0,2.4,1122.0,39699.0,39699.0,0.23750000000000013,-0.010070824032033404,4789000000000,23.750000000000014,2.462017749008144e-06
TSLA260601C00390000,390.0,28.37,卖 Call，看跌,-1.8641733727972998,CALL,4085.0,4137.0,11589145.0,0.0007762320830542532,153.0,10M-50M,2026-06-01,415.8800048828125,423.7799987792969,427.3800048828125,429.6000061035156,415.4299926757813,27.7,28.6,1.25000375,True,TSLA,52.0,45.67,153.0,4085.0,7855.7692307692305,-0.3788044668272389,-0.018641733727973,1493000000000,-37.88044668272389,7.762320830542532e-06
NVDA260603C00217500,217.5,7.55,买 Call，看涨,2.5294201938997745,CALL,14725.0,15201.0,11117375.0,0.00021629134241245136,5587.0,10M-50M,2026-06-03,224.3600006103516,218.8249969482422,215.77999877929688,224.8699951171875,215.6999969482422,7.3,7.5,0.3564517480468749,True,NVDA,476.0,3.75,5587.0,14725.0,3093.4873949579833,1.0133333333333332,0.025294201938997746,5140000000000,101.33333333333331,2.1629134241245135e-06
TSLA260603P00437500,437.5,20.19,买 Put，看跌,-1.8641733727972998,PUT,5431.0,5473.0,10965189.000000002,0.0007344399866041528,1748.0,10M-50M,2026-06-03,415.8800048828125,423.7799987792969,427.3800048828125,429.6000061035156,415.4299926757813,20.7,21.1,1.0000000000000004e-05,True,TSLA,42.0,15.0,1748.0,5431.0,12930.95238095238,0.3460000000000001,-0.018641733727973,1493000000000,34.60000000000001,7.344399866041528e-06
NVDA260717C00250000,250.0,5.1,买 Call，看涨,2.5294201938997745,CALL,21340.0,21502.0,10883399.999999998,0.0002117392996108949,54835.0,10M-50M,2026-07-17,224.3600006103516,218.8249969482422,215.77999877929688,224.8699951171875,215.6999969482422,5.1,5.15,0.4280452703857422,False,NVDA,162.0,3.62,54835.0,21340.0,13172.83950617284,0.4088397790055247,0.025294201938997746,5140000000000,40.88397790055247,2.117392996108949e-06
TSLA260605C00415000,415.0,9.9,卖 Call，看跌,-1.8641733727972998,CALL,10577.0,10596.0,10471230.0,0.0007013549899531146,1752.0,10M-50M,2026-06-05,415.8800048828125,423.7799987792969,427.3800048828125,429.6000061035156,415.4299926757813,9.8,9.9,0.4874318835449219,True,TSLA,19.0,14.65,1752.0,10577.0,55668.42105263159,-0.3242320819112628,-0.018641733727973,1493000000000,-32.42320819112628,7.013549899531145e-06
AAPL260918P00300000,300.0,11.7,买 Put，看跌,-1.1424910360464138,PUT,8927.0,9576.0,10444590.0,0.00024744349680170575,2420.0,10M-50M,2026-09-18,306.3099975585937,309.8500061035156,309.5350036621094,310.92999267578125,305.0299987792969,11.55,11.7,0.2207109179687499,False,AAPL,649.0,10.3,2420.0,8927.0,1375.5007704160246,0.13592233009708724,-0.011424910360464138,4221000000000,13.592233009708723,2.4744349680170577e-06
NVDA260618C00215000,215.0,13.4,买 Call，看涨,2.5294201938997745,CALL,7750.0,8010.0,10385000.0,0.0002020428015564202,59676.0,10M-50M,2026-06-18,224.3600006103516,218.8249969482422,215.77999877929688,224.8699951171875,215.6999969482422,13.3,13.5,0.4091855957031249,True,NVDA,260.0,9.45,59676.0,7750.0,2980.7692307692305,0.41798941798941813,0.025294201938997746,5140000000000,41.79894179894181,2.020428015564202e-06
MRVL260717C00230000,230.0,23.63,买 Call，看涨,8.952333329545139,CALL,4376.0,4378.0,10340487.999999998,0.014361788888888886,928.0,10M-50M,2026-07-17,219.42999267578125,201.3999938964844,198.91000366210935,225.13999938964844,195.1199951171875,23.2,24.1,0.8937388555908203,False,MRVL,2.0,12.72,928.0,4376.0,218800.0,0.8577044025157231,0.08952333329545138,72000000000,85.77044025157231,0.00014361788888888886
NVDA260626C00220000,220.0,11.95,买 Call，看涨,2.5294201938997745,CALL,8510.0,8624.0,10169450.0,0.00019784922178988328,7123.0,10M-50M,2026-06-26,224.3600006103516,218.8249969482422,215.77999877929688,224.8699951171875,215.6999969482422,11.85,12.0,0.4086973193359374,True,NVDA,114.0,8.5,7123.0,8510.0,7464.912280701755,0.40588235294117636,0.025294201938997746,5140000000000,40.58823529411764,1.9784922178988326e-06
MU260612P00920000,920.0,26.5,卖 Put，看涨,1.8871061021573117,PUT,3817.0,4031.0,10115050.0,0.005323710526315789,130.0,10M-50M,2026-06-12,1034.739990234375,1015.5750122070312,1009.5700073242188,1046.969970703125,1009.5,26.8,27.6,0.9946289599609376,False,MU,214.0,53.88,130.0,3817.0,1783.644859813084,-0.508166295471418,0.018871061021573116,190000000000,-50.8166295471418,5.3237105263157896e-05
TSLA260601C00410000,410.0,7.8,卖 Call，看跌,-1.8641733727972998,CALL,12917.0,12923.0,10075260.0,0.0006748332217012727,817.0,10M-50M,2026-06-01,415.8800048828125,423.7799987792969,427.3800048828125,429.6000061035156,415.4299926757813,7.35,7.55,0.4558159887695313,True,TSLA,6.0,15.8,817.0,12917.0,215283.33333333334,-0.5063291139240506,-0.018641733727973,1493000000000,-50.632911392405056,6.748332217012726e-06
NVDA260821C00220000,220.0,20.65,买 Call，看涨,2.5294201938997745,CALL,4857.0,4869.0,10029704.999999998,0.0001951304474708171,23022.0,10M-50M,2026-08-21,224.3600006103516,218.8249969482422,215.77999877929688,224.8699951171875,215.6999969482422,20.5,20.7,0.4396418341064453,True,NVDA,12.0,16.5,23022.0,4857.0,40475.0,0.2515151515151514,0.025294201938997746,5140000000000,25.15151515151514,1.951304474708171e-06
TSLA260605P00415000,415.0,7.2,买 Put，看跌,-1.8641733727972998,PUT,13898.0,14014.0,10006560.0,0.0006702317481580711,1826.0,10M-50M,2026-06-05,415.8800048828125,423.7799987792969,427.3800048828125,429.6000061035156,415.4299926757813,7.2,7.25,0.396063168334961,False,TSLA,116.0,4.8,1826.0,13898.0,11981.034482758621,0.5000000000000001,-0.018641733727973,1493000000000,50.000000000000014,6.70231748158071e-06
MU260605P00950000,950.0,15.0,卖 Put，看涨,1.8871061021573117,PUT,6661.0,6747.0,9991500.0,0.0052586842105263164,1520.0,5M-10M,2026-06-05,1034.739990234375,1015.5750122070312,1009.5700073242188,1046.969970703125,1009.5,14.65,15.25,0.9776003216552736,False,MU,86.0,23.0,1520.0,6661.0,7745.348837209302,-0.34782608695652173,0.018871061021573116,190000000000,-34.78260869565217,5.258684210526316e-05
NVDA260618C00210000,210.0,17.05,买 Call，看涨,2.5294201938997745,CALL,5756.0,5771.0,9813980.0,0.00019093346303501943,72009.0,5M-10M,2026-06-18,224.3600006103516,218.8249969482422,215.77999877929688,224.8699951171875,215.6999969482422,16.85,17.15,0.4161435339355468,True,NVDA,15.0,11.95,72009.0,5756.0,38373.333333333336,0.42677824267782444,0.025294201938997746,5140000000000,42.67782426778244,1.9093346303501945e-06
MRVL260918C00260000,260.0,30.0,买 Call，看涨,8.952333329545139,CALL,3212.0,3222.0,9636000.0,0.013383333333333332,183.0,5M-10M,2026-09-18,219.42999267578125,201.3999938964844,198.91000366210935,225.13999938964844,195.1199951171875,29.6,31.2,0.9259650958251952,False,MRVL,10.0,20.6,183.0,3212.0,32120.0,0.4563106796116504,0.08952333329545138,72000000000,45.63106796116504,0.00013383333333333332
NVDA260717C00240000,240.0,7.5,买 Call，看涨,2.5294201938997745,CALL,12498.0,12584.0,9373500.0,0.00018236381322957198,43648.0,5M-10M,2026-07-17,224.3600006103516,218.8249969482422,215.77999877929688,224.8699951171875,215.6999969482422,7.45,7.5,0.4201107794189453,False,NVDA,86.0,5.45,43648.0,12498.0,14532.558139534885,0.37614678899082565,0.025294201938997746,5140000000000,37.61467889908256,1.8236381322957198e-06
NVDA260821C00230000,230.0,15.97,买 Call，看涨,2.5294201938997745,CALL,5859.0,5920.0,9356823.000000002,0.00018203935797665374,25362.0,5M-10M,2026-08-21,224.3600006103516,218.8249969482422,215.77999877929688,224.8699951171875,215.6999969482422,15.85,16.05,0.4368952795410156,False,NVDA,61.0,13.0,25362.0,5859.0,9604.918032786885,0.22846153846153852,0.025294201938997746,5140000000000,22.846153846153854,1.8203935797665374e-06
TSLA260603P00435000,435.0,17.54,买 Put，看跌,-1.8641733727972998,PUT,5333.0,5360.0,9354082.0,0.0006265292699263228,1642.0,5M-10M,2026-06-03,415.8800048828125,423.7799987792969,427.3800048828125,429.6000061035156,415.4299926757813,18.55,18.9,1.0000000000000004e-05,True,TSLA,27.0,13.25,1642.0,5333.0,19751.85185185185,0.3237735849056603,-0.018641733727973,1493000000000,32.37735849056603,6.265292699263228e-06
TSLA260605C00425000,425.0,5.68,卖 Call，看跌,-1.8641733727972998,CALL,16282.0,16371.0,9248176.0,0.0006194357669122571,2785.0,5M-10M,2026-06-05,415.8800048828125,423.7799987792969,427.3800048828125,429.6000061035156,415.4299926757813,5.7,5.75,0.4906056799316406,False,TSLA,89.0,9.03,2785.0,16282.0,18294.38202247191,-0.37098560354374305,-0.018641733727973,1493000000000,-37.09856035437431,6.194357669122572e-06
NVDA260605C00212500,212.5,12.15,买 Call，看涨,2.5294201938997745,CALL,7484.0,7586.0,9093060.0,0.00017690778210116732,9770.0,5M-10M,2026-06-05,224.3600006103516,218.8249969482422,215.77999877929688,224.8699951171875,215.6999969482422,12.15,12.4,0.383795224609375,True,NVDA,102.0,7.35,9770.0,7484.0,7337.254901960785,0.6530612244897961,0.025294201938997746,5140000000000,65.30612244897961,1.7690778210116732e-06
TSLA260605P00432500,432.5,17.3,买 Put，看跌,-1.8641733727972998,PUT,5151.0,5170.0,8911230.0,0.0005968673811118553,711.0,5M-10M,2026-06-05,415.8800048828125,423.7799987792969,427.3800048828125,429.6000061035156,415.4299926757813,18.0,18.1,0.3427800097656249,True,TSLA,19.0,13.59,711.0,5151.0,27110.526315789473,0.27299484915378963,-0.018641733727973,1493000000000,27.29948491537896,5.968673811118553e-06
AMD260605C00520000,520.0,14.14,买 Call，看涨,4.259231943007742,CALL,6236.0,6312.0,8817704.0,0.0033914246153846153,4326.0,5M-10M,2026-06-05,510.1300048828125,489.2900085449219,500.3550109863281,517.5,486.7999877929688,14.45,14.75,0.795778409423828,False,AMD,76.0,10.5,4326.0,6236.0,8205.263157894737,0.34666666666666673,0.04259231943007742,260000000000,34.66666666666667,3.3914246153846154e-05
MSFT260918C00490000,490.0,25.97,买 Call平仓/做波动率交易,-1.0070824032033405,CALL,3373.0,3375.0,8759681.0,0.00018291252871163082,8144.0,5M-10M,2026-09-18,460.5199890136719,465.2049865722656,465.05999755859375,466.3200073242188,458.2699890136719,25.65,26.1,0.3762269409179687,False,MSFT,2.0,23.48,8144.0,3373.0,168650.0,0.10604770017035768,-0.010070824032033404,4789000000000,10.604770017035769,1.8291252871163081e-06
TSLA260618C00420000,420.0,15.65,卖 Call，看跌,-1.8641733727972998,CALL,5596.0,5600.0,8757740.0,0.0005865867381111855,13739.0,5M-10M,2026-06-18,415.8800048828125,423.7799987792969,427.3800048828125,429.6000061035156,415.4299926757813,15.6,15.7,0.4777884252929688,False,TSLA,4.0,21.68,13739.0,5596.0,139900.0,-0.27813653136531363,-0.018641733727973,1493000000000,-27.813653136531364,5.865867381111855e-06
MU260605C01080000,1080.0,27.0,卖 Call，看空/价差对冲,1.8871061021573117,CALL,3222.0,3238.0,8699400.0,0.004578631578947368,320.0,5M-10M,2026-06-05,1034.739990234375,1015.5750122070312,1009.5700073242188,1046.969970703125,1009.5,26.65,27.2,0.9335333795166016,False,MU,16.0,31.8,320.0,3222.0,20137.5,-0.15094339622641512,0.018871061021573116,190000000000,-15.094339622641511,4.5786315789473684e-05
DELL260605C00460000,460.0,24.05,买 Call，看涨,4.420523529172915,CALL,3610.0,3633.0,8682050.0,0.009437010869565218,873.0,5M-10M,2026-06-05,466.1749877929688,446.4400024414063,426.1499938964844,469.4700012207031,426.55999755859375,22.8,24.85,0.9527592614746092,True,DELL,23.0,12.0,873.0,3610.0,15695.652173913044,1.0041666666666667,0.04420523529172914,92000000000,100.41666666666667,9.437010869565218e-05
DELL260605C00450000,450.0,29.35,买 Call，看涨,4.420523529172915,CALL,2949.0,3020.0,8655315.0,0.009407951086956521,1159.0,5M-10M,2026-06-05,466.1749877929688,446.4400024414063,426.1499938964844,469.4700012207031,426.55999755859375,28.5,29.9,0.9395757995605468,True,DELL,71.0,15.0,1159.0,2949.0,4153.521126760563,0.9566666666666668,0.04420523529172914,92000000000,95.66666666666667,9.407951086956522e-05
AMD260605C00510000,510.0,19.15,买 Call，看涨,4.259231943007742,CALL,4478.0,4496.0,8575370.0,0.003298219230769231,1347.0,5M-10M,2026-06-05,510.1300048828125,489.2900085449219,500.3550109863281,517.5,486.7999877929688,18.8,19.35,0.7984639294433593,True,AMD,18.0,13.77,1347.0,4478.0,24877.777777777777,0.3907044299201161,0.04259231943007742,260000000000,39.070442992011614,3.298219230769231e-05
TSLA260603C00425000,425.0,3.19,卖 Call，看跌,-1.8641733727972998,CALL,26670.0,26756.0,8507730.0,0.000569841259209645,142.0,5M-10M,2026-06-03,415.8800048828125,423.7799987792969,427.3800048828125,429.6000061035156,415.4299926757813,3.15,3.25,0.4516656396484375,False,TSLA,86.0,7.15,142.0,26670.0,31011.62790697674,-0.5538461538461539,-0.018641733727973,1493000000000,-55.38461538461539,5.69841259209645e-06
NVDA260821C00250000,250.0,9.3,买 Call，看涨,2.5294201938997745,CALL,9120.0,9135.0,8481600.0,0.00016501167315175098,31179.0,5M-10M,2026-08-21,224.3600006103516,218.8249969482422,215.77999877929688,224.8699951171875,215.6999969482422,9.25,9.4,0.4384516604614258,False,NVDA,15.0,7.2,31179.0,9120.0,60800.0,0.29166666666666674,0.025294201938997746,5140000000000,29.166666666666675,1.6501167315175097e-06
MSFT260605C00460000,460.0,10.6,卖 Call，看跌,-1.0070824032033405,CALL,7961.0,8379.0,8438660.0,0.0001762092294842347,4866.0,5M-10M,2026-06-05,460.5199890136719,465.2049865722656,465.05999755859375,466.3200073242188,458.2699890136719,10.4,10.8,0.4903615417480469,True,MSFT,418.0,11.71,4866.0,7961.0,1904.5454545454547,-0.09479077711357824,-0.010070824032033404,4789000000000,-9.479077711357824,1.762092294842347e-06
NBIS260605P00270000,270.0,16.75,卖 Put，看涨,4.125501333184368,PUT,5031.0,5031.0,8426925.0,0.03241125,7.0,5M-10M,2026-06-05,264.510009765625,254.02999877929688,244.17999267578125,274.7977905273437,238.0,16.65,17.5,1.1357465087890626,True,NBIS,0.0,45.69,7.0,5031.0,inf,-0.6333989932151455,0.04125501333184368,26000000000,-63.33989932151455,0.0003241125
NVDA260918C00235000,235.0,17.93,买 Call，看涨,2.5294201938997745,CALL,4670.0,4672.0,8373310.000000001,0.0001629048638132296,17445.0,5M-10M,2026-09-18,224.3600006103516,218.8249969482422,215.77999877929688,224.8699951171875,215.6999969482422,17.8,18.0,0.4570366796875,False,NVDA,2.0,12.85,17445.0,4670.0,233500.0,0.39533073929961093,0.025294201938997746,5140000000000,39.53307392996109,1.629048638132296e-06
NVDA260612C00235000,235.0,2.99,买 Call，看涨,2.5294201938997745,CALL,26617.0,26623.0,7958483.0,0.00015483429961089495,6948.0,5M-10M,2026-06-12,224.3600006103516,218.8249969482422,215.77999877929688,224.8699951171875,215.6999969482422,2.96,2.99,0.4259090612792969,False,NVDA,6.0,1.45,6948.0,26617.0,443616.6666666667,1.0620689655172415,0.025294201938997746,5140000000000,106.20689655172416,1.5483429961089494e-06
TSLA260605C00430000,430.0,4.1,卖 Call，看跌,-1.8641733727972998,CALL,19410.0,19556.0,7958100.0,0.0005330274614869391,5515.0,5M-10M,2026-06-05,415.8800048828125,423.7799987792969,427.3800048828125,429.6000061035156,415.4299926757813,4.05,4.15,0.4864553308105469,False,TSLA,146.0,6.47,5515.0,19410.0,13294.520547945205,-0.366306027820711,-0.018641733727973,1493000000000,-36.6306027820711,5.3302746148693904e-06
AMD260605C00505000,505.0,21.6,买 Call，看涨,4.259231943007742,CALL,3642.0,3692.0,7866720.000000001,0.003025661538461539,1569.0,5M-10M,2026-06-05,510.1300048828125,489.2900085449219,500.3550109863281,517.5,486.7999877929688,21.5,22.0,0.8051777294921875,True,AMD,50.0,15.5,1569.0,3642.0,7284.0,0.3935483870967743,0.04259231943007742,260000000000,39.35483870967743,3.025661538461539e-05
AVGO260605C00500000,500.0,8.4,买 Call，看涨,2.8601477602766887,CALL,9262.0,9475.0,7780080.0,0.00038900400000000003,3584.0,5M-10M,2026-06-05,459.9700012207031,447.1799926757813,450.18499755859375,465.989990234375,442.239990234375,8.25,8.6,1.0335741680908204,False,AVGO,213.0,6.0,3584.0,9262.0,4348.356807511736,0.4000000000000001,0.028601477602766885,2000000000000,40.00000000000001,3.89004e-06
TSLA260601P00417500,417.5,0.83,卖 Put，看涨/对冲,-1.8641733727972998,PUT,93589.0,94520.0,7767887.0,0.0005202871399866042,1548.0,5M-10M,2026-06-01,415.8800048828125,423.7799987792969,427.3800048828125,429.6000061035156,415.4299926757813,0.81,0.85,1.0000000000000004e-05,True,TSLA,931.0,1.08,1548.0,93589.0,10052.524167561762,-0.23148148148148157,-0.018641733727973,1493000000000,-23.148148148148156,5.202871399866042e-06
MSFT260605C00465000,465.0,8.3,卖 Call，看跌,-1.0070824032033405,CALL,9345.0,9613.0,7756350.0,0.000161961787429526,1768.0,5M-10M,2026-06-05,460.5199890136719,465.2049865722656,465.05999755859375,466.3200073242188,458.2699890136719,8.1,8.3,0.4807180834960937,False,MSFT,268.0,9.0,1768.0,9345.0,3486.940298507463,-0.0777777777777777,-0.010070824032033404,4789000000000,-7.77777777777777,1.61961787429526e-06
AVGO260605C00470000,470.0,16.85,买 Call，看涨,2.8601477602766887,CALL,4586.0,4651.0,7727410.000000001,0.00038637050000000004,3099.0,5M-10M,2026-06-05,459.9700012207031,447.1799926757813,450.18499755859375,465.989990234375,442.239990234375,16.4,16.9,0.9812013598632812,False,AVGO,65.0,11.65,3099.0,4586.0,7055.384615384615,0.4463519313304722,0.028601477602766885,2000000000000,44.63519313304722,3.863705e-06
TSLA260605P00427500,427.5,14.25,买 Put，看跌,-1.8641733727972998,PUT,5301.0,5375.0,7553925.0,0.0005059561286001339,564.0,5M-10M,2026-06-05,415.8800048828125,423.7799987792969,427.3800048828125,429.6000061035156,415.4299926757813,14.2,14.35,0.3592593371582031,True,TSLA,74.0,10.13,564.0,5301.0,7163.513513513513,0.4067127344521223,-0.018641733727973,1493000000000,40.67127344521223,5.059561286001339e-06
AMD260717C00600000,600.0,23.85,买 Call，看涨,4.259231943007742,CALL,3148.0,3163.0,7507980.0,0.0028876846153846154,2549.0,5M-10M,2026-07-17,510.1300048828125,489.2900085449219,500.3550109863281,517.5,486.7999877929688,23.65,24.5,0.737734556274414,False,AMD,15.0,19.3,2549.0,3148.0,20986.666666666668,0.2357512953367876,0.04259231943007742,260000000000,23.57512953367876,2.8876846153846154e-05
MSFT260717C00480000,480.0,16.0,买 Call平仓/做波动率交易,-1.0070824032033405,CALL,4692.0,4790.0,7507200.0,0.00015675923992482772,7972.0,5M-10M,2026-07-17,460.5199890136719,465.2049865722656,465.05999755859375,466.3200073242188,458.2699890136719,16.0,16.2,0.367621069946289,False,MSFT,98.0,15.0,7972.0,4692.0,4787.755102040816,0.06666666666666667,-0.010070824032033404,4789000000000,6.666666666666667,1.5675923992482773e-06
AMD260605C00515000,515.0,16.35,买 Call，看涨,4.259231943007742,CALL,4551.0,4575.0,7440885.000000001,0.0028618788461538466,1782.0,5M-10M,2026-06-05,510.1300048828125,489.2900085449219,500.3550109863281,517.5,486.7999877929688,16.0,16.6,0.7788108056640625,False,AMD,24.0,11.21,1782.0,4551.0,18962.5,0.4585191793041927,0.04259231943007742,260000000000,45.851917930419276,2.8618788461538466e-05
MRVL260618C00230000,230.0,14.3,买 Call，看涨,8.952333329545139,CALL,5173.0,5181.0,7397390.000000001,0.01027415277777778,5569.0,5M-10M,2026-06-18,219.42999267578125,201.3999938964844,198.91000366210935,225.13999938964844,195.1199951171875,13.95,14.2,0.9508061560058592,False,MRVL,8.0,5.84,5569.0,5173.0,64662.5,1.4486301369863015,0.08952333329545138,72000000000,144.86301369863014,0.00010274152777777779
MRVL260605C00220000,220.0,12.0,买 Call，看涨,8.952333329545139,CALL,6060.0,6300.0,7272000.0,0.0101,5137.0,5M-10M,2026-06-05,219.42999267578125,201.3999938964844,198.91000366210935,225.13999938964844,195.1199951171875,11.45,12.05,1.173832255859375,False,MRVL,240.0,5.36,5137.0,6060.0,2525.0,1.2388059701492535,0.08952333329545138,72000000000,123.88059701492536,0.000101
NVDA260603C00230000,230.0,1.21,买 Call，看涨,2.5294201938997745,CALL,59188.0,59312.0,7161748.0,0.00013933361867704279,11987.0,5M-10M,2026-06-03,224.3600006103516,218.8249969482422,215.77999877929688,224.8699951171875,215.6999969482422,1.22,1.24,0.4047911083984374,False,NVDA,124.0,0.75,11987.0,59188.0,47732.25806451613,0.6133333333333333,0.025294201938997746,5140000000000,61.33333333333333,1.393336186770428e-06
MSFT260605C00450000,450.0,17.0,卖 Call，看跌,-1.0070824032033405,CALL,4198.0,4814.0,7136600.0,0.00014902067237419086,7186.0,5M-10M,2026-06-05,460.5199890136719,465.2049865722656,465.05999755859375,466.3200073242188,458.2699890136719,16.75,17.0,0.5086719055175781,True,MSFT,616.0,18.68,7186.0,4198.0,681.4935064935065,-0.0899357601713062,-0.010070824032033404,4789000000000,-8.99357601713062,1.4902067237419086e-06
TSLA260603P00445000,445.0,26.9,买 Put，看跌,-1.8641733727972998,PUT,2645.0,3212.0,7115050.0,0.00047656061620897523,608.0,5M-10M,2026-06-03,415.8800048828125,423.7799987792969,427.3800048828125,429.6000061035156,415.4299926757813,27.35,27.8,1.0000000000000004e-05,True,TSLA,567.0,13.15,608.0,2645.0,466.49029982363317,1.0456273764258555,-0.018641733727973,1493000000000,104.56273764258555,4.765606162089752e-06
TSLA260603C00422500,422.5,4.0,卖 Call，看跌,-1.8641733727972998,CALL,17758.0,17787.0,7103200.0,0.0004757669122572003,24.0,5M-10M,2026-06-03,415.8800048828125,423.7799987792969,427.3800048828125,429.6000061035156,415.4299926757813,4.0,4.05,0.4523980541992188,False,TSLA,29.0,15.55,24.0,17758.0,61234.48275862069,-0.7427652733118971,-0.018641733727973,1493000000000,-74.27652733118971,4.757669122572003e-06
MSFT260605C00480000,480.0,3.65,卖 Call，看跌,-1.0070824032033405,CALL,19418.0,20255.0,7087570.0,0.0001479968678220923,11016.0,5M-10M,2026-06-05,460.5199890136719,465.2049865722656,465.05999755859375,466.3200073242188,458.2699890136719,3.6,3.8,0.4954884436035156,False,MSFT,837.0,3.9,11016.0,19418.0,2319.952210274791,-0.06410256410256411,-0.010070824032033404,4789000000000,-6.4102564102564115,1.479968678220923e-06
MSFT260618C00500000,500.0,4.15,买 Call平仓/做波动率交易,-1.0070824032033405,CALL,16944.0,17432.0,7031760.000000001,0.00014683148882856548,25559.0,5M-10M,2026-06-18,460.5199890136719,465.2049865722656,465.05999755859375,466.3200073242188,458.2699890136719,4.1,4.2,0.4043638665771484,False,MSFT,488.0,3.6,25559.0,16944.0,3472.1311475409834,0.15277777777777785,-0.010070824032033404,4789000000000,15.277777777777784,1.4683148882856549e-06
AVGO260605C00460000,460.0,20.67,买 Call，看涨,2.8601477602766887,CALL,3388.0,3420.0,7002996.000000001,0.00035014980000000007,1511.0,5M-10M,2026-06-05,459.9700012207031,447.1799926757813,450.18499755859375,465.989990234375,442.239990234375,20.4,20.95,0.9638065142822264,False,AVGO,32.0,14.95,1511.0,3388.0,10587.5,0.3826086956521741,0.028601477602766885,2000000000000,38.26086956521741,3.5014980000000006e-06
TSLA260601P00427500,427.5,9.4,买 Put，看跌,-1.8641733727972998,PUT,7414.0,8362.0,6969160.000000001,0.00046678901540522447,1500.0,5M-10M,2026-06-01,415.8800048828125,423.7799987792969,427.3800048828125,429.6000061035156,415.4299926757813,9.35,9.8,1.0000000000000004e-05,True,TSLA,948.0,5.5,1500.0,7414.0,782.0675105485232,0.7090909090909091,-0.018641733727973,1493000000000,70.9090909090909,4.6678901540522445e-06
MSFT260918C00520000,520.0,16.95,买 Call平仓/做波动率交易,-1.0070824032033405,CALL,4066.0,4797.0,6891870.0,0.00014391041971183963,8430.0,5M-10M,2026-09-18,460.5199890136719,465.2049865722656,465.05999755859375,466.3200073242188,458.2699890136719,16.7,17.1,0.3736177140808105,False,MSFT,731.0,11.4,8430.0,4066.0,556.2243502051983,0.4868421052631578,-0.010070824032033404,4789000000000,48.68421052631578,1.4391041971183964e-06
TSLA260603P00422500,422.5,8.8,买 Put，看跌,-1.8641733727972998,PUT,7663.0,7701.0,6743440.000000001,0.0004516704621567315,278.0,5M-10M,2026-06-03,415.8800048828125,423.7799987792969,427.3800048828125,429.6000061035156,415.4299926757813,8.7,8.85,0.3190986059570311,True,TSLA,38.0,5.65,278.0,7663.0,20165.78947368421,0.5575221238938053,-0.018641733727973,1493000000000,55.75221238938053,4.516704621567315e-06
TSLA260603P00425000,425.0,10.48,买 Put，看跌,-1.8641733727972998,PUT,6428.0,6735.0,6736544.0,0.0004512085733422639,1936.0,5M-10M,2026-06-03,415.8800048828125,423.7799987792969,427.3800048828125,429.6000061035156,415.4299926757813,10.55,10.65,0.3133613586425781,True,TSLA,307.0,7.09,1936.0,6428.0,2093.8110749185666,0.4781382228490833,-0.018641733727973,1493000000000,47.81382228490833,4.512085733422639e-06
MRVL260618C00220000,220.0,18.37,买 Call，看涨,8.952333329545139,CALL,3662.0,3685.0,6727094.0,0.009343186111111111,10060.0,5M-10M,2026-06-18,219.42999267578125,201.3999938964844,198.91000366210935,225.13999938964844,195.1199951171875,18.2,18.9,0.9693606579589844,False,MRVL,23.0,10.75,10060.0,3662.0,15921.739130434782,0.7088372093023256,0.08952333329545138,72000000000,70.88372093023256,9.343186111111111e-05
TSLA260717C00500000,500.0,6.65,卖 Call，看跌,-1.8641733727972998,CALL,10103.0,10197.0,6718495.0,0.0004499996651038178,24683.0,5M-10M,2026-07-17,415.8800048828125,423.7799987792969,427.3800048828125,429.6000061035156,415.4299926757813,6.65,6.75,0.5061694891357422,False,TSLA,94.0,7.45,24683.0,10103.0,10747.872340425532,-0.10738255033557044,-0.018641733727973,1493000000000,-10.738255033557044,4.499996651038178e-06
NVDA260603C00215000,215.0,9.4,买 Call，看涨,2.5294201938997745,CALL,7117.0,7659.0,6689980.0,0.00013015525291828792,6728.0,5M-10M,2026-06-03,224.3600006103516,218.8249969482422,215.77999877929688,224.8699951171875,215.6999969482422,9.35,9.65,0.3501041552734374,True,NVDA,542.0,5.0,6728.0,7117.0,1313.09963099631,0.8800000000000001,0.025294201938997746,5140000000000,88.00000000000001,1.3015525291828793e-06
NBIS260618C00280000,280.0,20.97,买 Call，看涨,4.125501333184368,CALL,3188.0,3202.0,6685236.0,0.025712446153846154,1952.0,5M-10M,2026-06-18,264.510009765625,254.02999877929688,244.17999267578125,274.7977905273437,238.0,20.5,21.45,1.1661418646240236,False,NBIS,14.0,12.0,1952.0,3188.0,22771.428571428572,0.7474999999999999,0.04125501333184368,26000000000,74.75,0.00025712446153846154
MSFT260605C00500000,500.0,1.38,买 Call平仓/做波动率交易,-1.0070824032033405,CALL,48107.0,48943.0,6638765.999999999,0.00013862530799749426,7093.0,5M-10M,2026-06-05,460.5199890136719,465.2049865722656,465.05999755859375,466.3200073242188,458.2699890136719,1.37,1.39,0.5404098693847659,False,MSFT,836.0,1.28,7093.0,48107.0,5754.425837320574,0.07812499999999989,-0.010070824032033404,4789000000000,7.812499999999989,1.3862530799749425e-06
TSLA260603C00410000,410.0,10.79,卖 Call，看跌,-1.8641733727972998,CALL,6088.0,6848.0,6568951.999999999,0.00043998338914936363,365.0,5M-10M,2026-06-03,415.8800048828125,423.7799987792969,427.3800048828125,429.6000061035156,415.4299926757813,10.7,10.8,0.5019581054687501,True,TSLA,760.0,27.27,365.0,6088.0,801.0526315789473,-0.6043270993766043,-0.018641733727973,1493000000000,-60.432709937660434,4.399833891493636e-06
NVDA260717C00210000,210.0,21.7,买 Call，看涨,2.5294201938997745,CALL,2970.0,3057.0,6444900.0,0.00012538715953307392,20104.0,5M-10M,2026-07-17,224.3600006103516,218.8249969482422,215.77999877929688,224.8699951171875,215.6999969482422,21.5,21.65,0.4267025103759766,True,NVDA,87.0,17.0,20104.0,2970.0,3413.7931034482763,0.2764705882352941,0.025294201938997746,5140000000000,27.64705882352941,1.2538715953307392e-06
TSLA260605C00440000,440.0,2.18,卖 Call，看跌,-1.8641733727972998,CALL,29240.0,29495.0,6374320.0,0.000426947086403215,11810.0,5M-10M,2026-06-05,415.8800048828125,423.7799987792969,427.3800048828125,429.6000061035156,415.4299926757813,2.15,2.16,0.4940236145019532,False,TSLA,255.0,4.0,11810.0,29240.0,11466.666666666668,-0.45499999999999996,-0.018641733727973,1493000000000,-45.49999999999999,4.26947086403215e-06
TSLA260603P00417500,417.5,6.0,买 Put，看跌,-1.8641733727972998,PUT,10514.0,10526.0,6308400.0,0.00042253181513730745,430.0,5M-10M,2026-06-03,415.8800048828125,423.7799987792969,427.3800048828125,429.6000061035156,415.4299926757813,6.0,6.1,0.3483951879882812,True,TSLA,12.0,3.61,430.0,10514.0,87616.66666666666,0.6620498614958449,-0.018641733727973,1493000000000,66.20498614958449,4.225318151373074e-06
INTC260918P00080000,80.0,5.85,买 Put平仓/做波动率交易,1.9584056778687882,PUT,10443.0,10593.0,6109155.0,0.004213210344827586,8343.0,5M-10M,2026-09-18,109.33000183105467,107.2300033569336,109.44499969482422,113.3000030517578,106.33000183105467,5.75,5.9,0.8093280786132812,False,INTC,150.0,4.95,8343.0,10443.0,6962.0,0.1818181818181817,0.01958405677868788,145000000000,18.181818181818173,4.213210344827586e-05
TSLA260717C00450000,450.0,15.8,卖 Call，看跌,-1.8641733727972998,CALL,3776.0,3833.0,5966080.0,0.0003996034829202947,12504.0,5M-10M,2026-07-17,415.8800048828125,423.7799987792969,427.3800048828125,429.6000061035156,415.4299926757813,15.75,15.9,0.4834951553344727,False,TSLA,57.0,17.98,12504.0,3776.0,6624.561403508773,-0.12124582869855394,-0.018641733727973,1493000000000,-12.124582869855393,3.996034829202947e-06
MU260605C01150000,1150.0,11.95,卖 Call，看空/价差对冲,1.8871061021573117,CALL,4983.0,5180.0,5954685.0,0.003134044736842105,3523.0,5M-10M,2026-06-05,1034.739990234375,1015.5750122070312,1009.5700073242188,1046.969970703125,1009.5,11.7,12.25,0.9767458380126954,False,MU,197.0,18.32,3523.0,4983.0,2529.4416243654823,-0.3477074235807861,0.018871061021573116,190000000000,-34.77074235807861,3.134044736842105e-05
INTC260605C00110000,110.0,3.85,卖 Call，看空/价差对冲,1.9584056778687882,CALL,15387.0,19860.0,5923995.0,0.004085513793103448,4074.0,5M-10M,2026-06-05,109.33000183105467,107.2300033569336,109.44499969482422,113.3000030517578,106.33000183105467,3.75,3.8,0.8012715185546875,False,INTC,4473.0,4.68,4074.0,15387.0,343.9973172367539,-0.17735042735042728,0.01958405677868788,145000000000,-17.73504273504273,4.085513793103448e-05
MRVL260605C00210000,210.0,17.79,买 Call，看涨,8.952333329545139,CALL,3315.0,3352.0,5897385.0,0.0081908125,2882.0,5M-10M,2026-06-05,219.42999267578125,201.3999938964844,198.91000366210935,225.13999938964844,195.1199951171875,17.3,17.75,1.2216835791015623,True,MRVL,37.0,8.5,2882.0,3315.0,8959.45945945946,1.092941176470588,0.08952333329545138,72000000000,109.29411764705881,8.1908125e-05
NVDA260618C00240000,240.0,3.1,买 Call，看涨,2.5294201938997745,CALL,18697.0,19239.0,5796070.0,0.00011276400778210117,64248.0,5M-10M,2026-06-18,224.3600006103516,218.8249969482422,215.77999877929688,224.8699951171875,215.6999969482422,3.1,3.15,0.4310359631347656,False,NVDA,542.0,1.86,64248.0,18697.0,3449.6309963099634,0.6666666666666666,0.025294201938997746,5140000000000,66.66666666666666,1.1276400778210117e-06
DELL260605C00500000,500.0,9.41,买 Call，看涨,4.420523529172915,CALL,6150.0,6919.0,5787150.0,0.006290380434782609,539.0,5M-10M,2026-06-05,466.1749877929688,446.4400024414063,426.1499938964844,469.4700012207031,426.55999755859375,9.3,9.6,0.9948730981445312,False,DELL,769.0,2.25,539.0,6150.0,799.739921976593,3.1822222222222223,0.04420523529172914,92000000000,318.22222222222223,6.290380434782609e-05
TSLA260605P00422500,422.5,11.0,买 Put，看跌,-1.8641733727972998,PUT,5260.0,5336.0,5786000.0,0.00038754186202277297,921.0,5M-10M,2026-06-05,415.8800048828125,423.7799987792969,427.3800048828125,429.6000061035156,415.4299926757813,11.15,11.3,0.3848938464355468,True,TSLA,76.0,7.7,921.0,5260.0,6921.052631578948,0.42857142857142855,-0.018641733727973,1493000000000,42.857142857142854,3.8754186202277294e-06
NVDA260612C00212500,212.5,14.0,买 Call，看涨,2.5294201938997745,CALL,4083.0,4241.0,5716200.0,0.0001112101167315175,4922.0,5M-10M,2026-06-12,224.3600006103516,218.8249969482422,215.77999877929688,224.8699951171875,215.6999969482422,13.8,14.0,0.4049131774902343,True,NVDA,158.0,9.47,4922.0,4083.0,2584.1772151898736,0.47835269271383307,0.025294201938997746,5140000000000,47.83526927138331,1.112101167315175e-06
MU260605P00900000,900.0,7.06,卖 Put，看涨,1.8871061021573117,PUT,7901.0,8283.0,5578106.0,0.002935845263157895,3444.0,5M-10M,2026-06-05,1034.739990234375,1015.5750122070312,1009.5700073242188,1046.969970703125,1009.5,6.8,7.3,1.0273486132812502,False,MU,382.0,12.56,3444.0,7901.0,2068.3246073298433,-0.4378980891719746,0.018871061021573116,190000000000,-43.78980891719746,2.935845263157895e-05
NVDA260612C00230000,230.0,4.4,买 Call，看涨,2.5294201938997745,CALL,12644.0,12659.0,5563360.000000001,0.0001082365758754864,7921.0,5M-10M,2026-06-12,224.3600006103516,218.8249969482422,215.77999877929688,224.8699951171875,215.6999969482422,4.3,4.4,0.4172421557617187,False,NVDA,15.0,2.31,7921.0,12644.0,84293.33333333333,0.9047619047619049,0.025294201938997746,5140000000000,90.47619047619048,1.082365758754864e-06
TSLA260612C00420000,420.0,12.5,卖 Call，看跌,-1.8641733727972998,CALL,4443.0,4456.0,5553750.0,0.0003719859343603483,1616.0,5M-10M,2026-06-12,415.8800048828125,423.7799987792969,427.3800048828125,429.6000061035156,415.4299926757813,12.4,12.5,0.4786429089355468,False,TSLA,13.0,16.5,1616.0,4443.0,34176.92307692308,-0.24242424242424243,-0.018641733727973,1493000000000,-24.242424242424242,3.7198593436034828e-06
NVDA260601C00212500,212.5,11.49,买 Call，看涨,2.5294201938997745,CALL,4823.0,5846.0,5541627.0,0.00010781375486381323,7247.0,5M-10M,2026-06-01,224.3600006103516,218.8249969482422,215.77999877929688,224.8699951171875,215.6999969482422,11.3,11.6,1.0000000000000004e-05,True,NVDA,1023.0,5.4,7247.0,4823.0,471.4565004887586,1.1277777777777778,0.025294201938997746,5140000000000,112.77777777777777,1.0781375486381323e-06
INTC260618C00090000,90.0,19.67,卖 Call，看空/价差对冲,1.9584056778687882,CALL,2805.0,3125.0,5517435.000000001,0.0038051275862068974,12257.0,5M-10M,2026-06-18,109.33000183105467,107.2300033569336,109.44499969482422,113.3000030517578,106.33000183105467,19.35,19.9,0.5537154003906251,True,INTC,320.0,25.85,12257.0,2805.0,876.5625,-0.2390715667311412,0.01958405677868788,145000000000,-23.90715667311412,3.805127586206897e-05
NVDA260605C00227500,227.5,3.08,买 Call，看涨,2.5294201938997745,CALL,17638.0,17856.0,5432504.0,0.0001056907392996109,8111.0,5M-10M,2026-06-05,224.3600006103516,218.8249969482422,215.77999877929688,224.8699951171875,215.6999969482422,3.0,3.1,0.4262752685546875,False,NVDA,218.0,1.61,8111.0,17638.0,8090.825688073394,0.9130434782608695,0.025294201938997746,5140000000000,91.30434782608695,1.056907392996109e-06
TSLA260605P00417500,417.5,8.4,买 Put，看跌,-1.8641733727972998,PUT,6467.0,6606.0,5432280.0,0.0003638499665103818,1043.0,5M-10M,2026-06-05,415.8800048828125,423.7799987792969,427.3800048828125,429.6000061035156,415.4299926757813,8.35,8.45,0.3913635083007812,True,TSLA,139.0,5.5,1043.0,6467.0,4652.517985611511,0.5272727272727273,-0.018641733727973,1493000000000,52.727272727272734,3.638499665103818e-06
TSLA260601P00435000,435.0,16.55,买 Put，看跌,-1.8641733727972998,PUT,3243.0,3455.0,5367165.0,0.0003594886135298058,2403.0,5M-10M,2026-06-01,415.8800048828125,423.7799987792969,427.3800048828125,429.6000061035156,415.4299926757813,16.8,17.25,1.0000000000000004e-05,True,TSLA,212.0,10.7,2403.0,3243.0,1529.7169811320755,0.5467289719626169,-0.018641733727973,1493000000000,54.672897196261694,3.5948861352980576e-06
NVDA260626C00225000,225.0,9.43,买 Call，看涨,2.5294201938997745,CALL,5673.0,5764.0,5349639.0,0.00010407857976653697,6831.0,5M-10M,2026-06-26,224.3600006103516,218.8249969482422,215.77999877929688,224.8699951171875,215.6999969482422,9.35,9.45,0.4084531811523437,False,NVDA,91.0,6.8,6831.0,5673.0,6234.065934065934,0.38676470588235295,0.025294201938997746,5140000000000,38.6764705882353,1.0407857976653697e-06
TSLA260603C00415000,415.0,7.33,卖 Call，看跌,-1.8641733727972998,CALL,7263.0,7425.0,5323779.0,0.00035658265237776285,77.0,5M-10M,2026-06-03,415.8800048828125,423.7799987792969,427.3800048828125,429.6000061035156,415.4299926757813,7.3,7.4,0.4626518579101563,True,TSLA,162.0,22.75,77.0,7263.0,4483.333333333334,-0.6778021978021977,-0.018641733727973,1493000000000,-67.78021978021978,3.5658265237776288e-06
MRVL260618P00215000,215.0,13.16,卖 Put，看涨,8.952333329545139,PUT,4037.0,4049.0,5312692.0,0.00737873888888889,48.0,5M-10M,2026-06-18,219.42999267578125,201.3999938964844,198.91000366210935,225.13999938964844,195.1199951171875,12.9,13.85,0.8060322131347657,False,MRVL,12.0,23.55,48.0,4037.0,33641.66666666667,-0.44118895966029725,0.08952333329545138,72000000000,-44.118895966029726,7.37873888888889e-05
INTC260918C00110000,110.0,19.24,卖 Call，看空/价差对冲,1.9584056778687882,CALL,2754.0,3748.0,5298696.0,0.0036542731034482764,16191.0,5M-10M,2026-09-18,109.33000183105467,107.2300033569336,109.44499969482422,113.3000030517578,106.33000183105467,19.0,19.3,0.8179949841308591,False,INTC,994.0,23.4,16191.0,2754.0,277.0623742454728,-0.17777777777777778,0.01958405677868788,145000000000,-17.77777777777778,3.654273103448276e-05
NVDA260605P00220000,220.0,2.78,卖 Put，看涨,2.5294201938997745,PUT,19025.0,19035.0,5288949.999999999,0.00010289785992217897,8257.0,5M-10M,2026-06-05,224.3600006103516,218.8249969482422,215.77999877929688,224.8699951171875,215.6999969482422,2.78,2.81,0.450200810546875,False,NVDA,10.0,7.57,8257.0,19025.0,190250.0,-0.632760898282695,0.025294201938997746,5140000000000,-63.2760898282695,1.0289785992217896e-06
TSLA260605C00422500,422.5,6.6,卖 Call，看跌,-1.8641733727972998,CALL,7981.0,8978.0,5267460.0,0.00035281044876088414,1199.0,5M-10M,2026-06-05,415.8800048828125,423.7799987792969,427.3800048828125,429.6000061035156,415.4299926757813,6.55,6.6,0.4877980908203125,False,TSLA,997.0,17.22,1199.0,7981.0,800.5015045135407,-0.6167247386759582,-0.018641733727973,1493000000000,-61.672473867595826,3.5281044876088414e-06
AVGO260601C00450000,450.0,8.9,买 Call，看涨,2.8601477602766887,CALL,5841.0,5930.0,5198490.0,0.0002599245,2066.0,5M-10M,2026-06-01,459.9700012207031,447.1799926757813,450.18499755859375,465.989990234375,442.239990234375,7.35,9.85,1.0000000000000004e-05,True,AVGO,89.0,3.0,2066.0,5841.0,6562.921348314608,1.9666666666666668,0.028601477602766885,2000000000000,196.66666666666669,2.599245e-06
MRVL260605C00215000,215.0,14.74,买 Call，看涨,8.952333329545139,CALL,3518.0,3523.0,5185532.0,0.007202127777777778,5230.0,5M-10M,2026-06-05,219.42999267578125,201.3999938964844,198.91000366210935,225.13999938964844,195.1199951171875,14.1,14.9,1.199711032714844,True,MRVL,5.0,6.55,5230.0,3518.0,70360.0,1.2503816793893132,0.08952333329545138,72000000000,125.03816793893132,7.202127777777778e-05
NVDA260821C00240000,240.0,12.24,买 Call，看涨,2.5294201938997745,CALL,4204.0,4296.0,5145696.0,0.00010011081712062258,24488.0,5M-10M,2026-08-21,224.3600006103516,218.8249969482422,215.77999877929688,224.8699951171875,215.6999969482422,12.15,12.3,0.4361628649902344,False,NVDA,92.0,9.8,24488.0,4204.0,4569.565217391305,0.24897959183673463,0.025294201938997746,5140000000000,24.897959183673464,1.0011081712062258e-06
TSLA260618C00450000,450.0,6.1,卖 Call，看跌,-1.8641733727972998,CALL,8383.0,8719.0,5113630.0,0.0003425070328198259,27234.0,5M-10M,2026-06-18,415.8800048828125,423.7799987792969,427.3800048828125,429.6000061035156,415.4299926757813,6.15,6.2,0.4816336016845703,False,TSLA,336.0,8.25,27234.0,8383.0,2494.940476190476,-0.2606060606060607,-0.018641733727973,1493000000000,-26.060606060606066,3.4250703281982586e-06
INTC260605P00110000,110.0,5.9,买 Put平仓/做波动率交易,1.9584056778687882,PUT,8609.0,8925.0,5079310.000000001,0.003502972413793104,10676.0,5M-10M,2026-06-05,109.33000183105467,107.2300033569336,109.44499969482422,113.3000030517578,106.33000183105467,5.8,5.95,1.081547561035156,True,INTC,316.0,5.5,10676.0,8609.0,2724.367088607595,0.0727272727272728,0.01958405677868788,145000000000,7.27272727272728,3.502972413793104e-05
OKLO260717C00080000,80.0,6.07,买 Call平仓/做波动率交易,-1.6023578725984793,CALL,8320.0,9015.0,5050240.0,0.031564,8711.0,5M-10M,2026-07-17,66.93499755859375,68.0250015258789,65.9000015258789,70.59989929199219,64.56999969482422,6.05,6.15,1.1003462951660157,False,OKLO,695.0,4.75,8711.0,8320.0,1197.1223021582734,0.2778947368421053,-0.016023578725984793,16000000000,27.78947368421053,0.00031564
NVDA260603C00227500,227.5,1.87,买 Call，看涨,2.5294201938997745,CALL,26959.0,27056.0,5041333.0,9.808040856031127e-05,3685.0,5M-10M,2026-06-03,224.3600006103516,218.8249969482422,215.77999877929688,224.8699951171875,215.6999969482422,1.83,1.86,0.3901428173828125,False,NVDA,97.0,1.05,3685.0,26959.0,27792.783505154635,0.780952380952381,0.025294201938997746,5140000000000,78.0952380952381,9.808040856031128e-07
TSLA260612C00425000,425.0,10.45,卖 Call，看跌,-1.8641733727972998,CALL,4823.0,4829.0,5040035.0,0.00033757769591426657,1722.0,5M-10M,2026-06-12,415.8800048828125,423.7799987792969,427.3800048828125,429.6000061035156,415.4299926757813,10.3,10.4,0.4771170452880859,False,TSLA,6.0,13.75,1722.0,4823.0,80383.33333333334,-0.24000000000000005,-0.018641733727973,1493000000000,-24.000000000000004,3.3757769591426657e-06
MSFT260603C00465000,465.0,6.8,卖 Call，看跌,-1.0070824032033405,CALL,7307.0,7572.0,4968760.0,0.00010375360200459386,1618.0,<=5M,2026-06-03,460.5199890136719,465.2049865722656,465.05999755859375,466.3200073242188,458.2699890136719,6.7,6.9,0.529423651123047,False,MSFT,265.0,8.2,1618.0,7307.0,2757.3584905660377,-0.17073170731707313,-0.010070824032033404,4789000000000,-17.073170731707314,1.0375360200459386e-06
NBIS260618C00300000,300.0,15.05,买 Call，看涨,4.125501333184368,CALL,3292.0,3300.0,4954460.000000001,0.019055615384615386,2124.0,<=5M,2026-06-18,264.510009765625,254.02999877929688,244.17999267578125,274.7977905273437,238.0,14.55,15.3,1.1772502075195312,False,NBIS,8.0,8.0,2124.0,3292.0,41150.0,0.8812500000000001,0.04125501333184368,26000000000,88.12500000000001,0.00019055615384615387
AMD260605P00500000,500.0,11.77,卖 Put，看涨,4.259231943007742,PUT,4114.0,4184.0,4842178.0,0.0018623761538461537,7931.0,<=5M,2026-06-05,510.1300048828125,489.2900085449219,500.3550109863281,517.5,486.7999877929688,11.6,12.05,0.695437615966797,False,AMD,70.0,20.6,7931.0,4114.0,5877.142857142857,-0.42864077669902917,0.04259231943007742,260000000000,-42.86407766990292,1.8623761538461538e-05
NVDA260610C00210000,210.0,15.22,买 Call，看涨,2.5294201938997745,CALL,3150.0,3175.0,4794300.0,9.327431906614785e-05,738.0,<=5M,2026-06-10,224.3600006103516,218.8249969482422,215.77999877929688,224.8699951171875,215.6999969482422,15.1,15.65,0.4101621484375,True,NVDA,25.0,10.4,738.0,3150.0,12600.0,0.4634615384615385,0.025294201938997746,5140000000000,46.34615384615385,9.327431906614786e-07
MSFT260601C00450000,450.0,13.05,卖 Call，看跌,-1.0070824032033405,CALL,3609.0,4162.0,4709745.0,9.834506159949885e-05,5129.0,<=5M,2026-06-01,460.5199890136719,465.2049865722656,465.05999755859375,466.3200073242188,458.2699890136719,13.05,13.3,0.6972686523437501,True,MSFT,553.0,15.4,5129.0,3609.0,652.622061482821,-0.15259740259740256,-0.010070824032033404,4789000000000,-15.259740259740257,9.834506159949885e-07
TSLA260618C00430000,430.0,11.59,卖 Call，看跌,-1.8641733727972998,CALL,4010.0,4127.0,4647590.0,0.000311292029470864,14328.0,<=5M,2026-06-18,415.8800048828125,423.7799987792969,427.3800048828125,429.6000061035156,415.4299926757813,11.5,11.55,0.473210834350586,False,TSLA,117.0,14.6,14328.0,4010.0,3427.3504273504273,-0.20616438356164382,-0.018641733727973,1493000000000,-20.616438356164384,3.1129202947086405e-06
NVDA260626C00215000,215.0,15.0,买 Call，看涨,2.5294201938997745,CALL,3069.0,3174.0,4603500.0,8.956225680933852e-05,3991.0,<=5M,2026-06-26,224.3600006103516,218.8249969482422,215.77999877929688,224.8699951171875,215.6999969482422,14.75,15.0,0.4107724938964844,True,NVDA,105.0,11.1,3991.0,3069.0,2922.8571428571427,0.35135135135135137,0.025294201938997746,5140000000000,35.13513513513514,8.956225680933852e-07
AVGO260618C00500000,500.0,14.28,买 Call，看涨,2.8601477602766887,CALL,3174.0,3256.0,4532472.0,0.0002266236,10493.0,<=5M,2026-06-18,459.9700012207031,447.1799926757813,450.18499755859375,465.989990234375,442.239990234375,14.0,14.65,0.7116728051757812,False,AVGO,82.0,9.95,10493.0,3174.0,3870.7317073170734,0.435175879396985,0.028601477602766885,2000000000000,43.5175879396985,2.266236e-06
NVDA260821P00200000,200.0,7.18,卖 Put，看涨,2.5294201938997745,PUT,6186.0,6191.0,4441548.0,8.641143968871596e-05,18999.0,<=5M,2026-08-21,224.3600006103516,218.8249969482422,215.77999877929688,224.8699951171875,215.6999969482422,7.15,7.25,0.4168149139404296,False,NVDA,5.0,9.62,18999.0,6186.0,123720.0,-0.2536382536382536,0.025294201938997746,5140000000000,-25.36382536382536,8.641143968871596e-07
AAPL260605C00295000,295.0,13.13,卖 Call，看跌,-1.1424910360464138,CALL,3318.0,3610.0,4356534.0,0.00010321094527363184,3495.0,<=5M,2026-06-05,306.3099975585937,309.8500061035156,309.5350036621094,310.92999267578125,305.0299987792969,12.85,13.35,0.4344538977050781,True,AAPL,292.0,17.55,3495.0,3318.0,1136.3013698630136,-0.2518518518518518,-0.011424910360464138,4221000000000,-25.185185185185183,1.0321094527363183e-06
AAPL260603C00307500,307.5,2.33,卖 Call，看跌,-1.1424910360464138,CALL,18639.0,18661.0,4342887.0,0.00010288763326226013,94.0,<=5M,2026-06-03,306.3099975585937,309.8500061035156,309.5350036621094,310.92999267578125,305.0299987792969,2.2,2.38,0.264533721923828,False,AAPL,22.0,4.15,94.0,18639.0,84722.72727272728,-0.4385542168674699,-0.011424910360464138,4221000000000,-43.85542168674699,1.0288763326226013e-06
AAPL260601C00305000,305.0,2.37,卖 Call，看跌,-1.1424910360464138,CALL,17986.0,18404.0,4262682.0,0.00010098749111584932,601.0,<=5M,2026-06-01,306.3099975585937,309.8500061035156,309.5350036621094,310.92999267578125,305.0299987792969,2.37,2.83,0.3305731005859375,True,AAPL,418.0,6.85,601.0,17986.0,4302.8708133971295,-0.654014598540146,-0.011424910360464138,4221000000000,-65.4014598540146,1.0098749111584932e-06
NVDA260608C00220000,220.0,7.24,买 Call，看涨,2.5294201938997745,CALL,5817.0,6009.0,4211508.0,8.1935953307393e-05,2757.0,<=5M,2026-06-08,224.3600006103516,218.8249969482422,215.77999877929688,224.8699951171875,215.6999969482422,7.15,7.3,0.3664614135742187,True,NVDA,192.0,4.2,2757.0,5817.0,3029.6875,0.7238095238095238,0.025294201938997746,5140000000000,72.38095238095238,8.1935953307393e-07
AAPL260717P00300000,300.0,6.2,买 Put，看跌,-1.1424910360464138,PUT,6746.0,6764.0,4182520.0000000005,9.908836768538261e-05,8159.0,<=5M,2026-07-17,306.3099975585937,309.8500061035156,309.5350036621094,310.92999267578125,305.0299987792969,6.15,6.25,0.2088091815185546,False,AAPL,18.0,5.4,8159.0,6746.0,37477.777777777774,0.1481481481481481,-0.011424910360464138,4221000000000,14.814814814814811,9.908836768538261e-07
NVDA260608C00225000,225.0,4.61,买 Call，看涨,2.5294201938997745,CALL,9031.0,9350.0,4163291.0000000005,8.099787937743191e-05,4741.0,<=5M,2026-06-08,224.3600006103516,218.8249969482422,215.77999877929688,224.8699951171875,215.6999969482422,4.55,4.7,0.377813839111328,False,NVDA,319.0,2.57,4741.0,9031.0,2831.0344827586205,0.7937743190661481,0.025294201938997746,5140000000000,79.37743190661482,8.099787937743191e-07
NVDA260918C00250000,250.0,12.95,买 Call，看涨,2.5294201938997745,CALL,3188.0,3322.0,4128460.0,8.032023346303501e-05,40317.0,<=5M,2026-09-18,224.3600006103516,218.8249969482422,215.77999877929688,224.8699951171875,215.6999969482422,12.85,13.0,0.4567315069580079,False,NVDA,134.0,10.32,40317.0,3188.0,2379.10447761194,0.25484496124031,0.025294201938997746,5140000000000,25.484496124030997,8.032023346303502e-07
AVGO260605C00480000,480.0,13.38,买 Call，看涨,2.8601477602766887,CALL,3077.0,3166.0,4117026.0,0.0002058513,2515.0,<=5M,2026-06-05,459.9700012207031,447.1799926757813,450.18499755859375,465.989990234375,442.239990234375,13.15,13.6,1.0009815576171874,False,AVGO,89.0,9.81,2515.0,3077.0,3457.303370786517,0.363914373088685,0.028601477602766885,2000000000000,36.391437308868504,2.058513e-06
NVDA260618C00250000,250.0,1.6,买 Call，看涨,2.5294201938997745,CALL,25662.0,25923.0,4105920.0000000005,7.988171206225682e-05,70949.0,<=5M,2026-06-18,224.3600006103516,218.8249969482422,215.77999877929688,224.8699951171875,215.6999969482422,1.58,1.61,0.4440973559570312,False,NVDA,261.0,1.0,70949.0,25662.0,9832.183908045976,0.6000000000000001,0.025294201938997746,5140000000000,60.00000000000001,7.988171206225682e-07
NVDA260601C00210000,210.0,14.0,买 Call，看涨,2.5294201938997745,CALL,2922.0,3696.0,4090800.0,7.95875486381323e-05,6434.0,<=5M,2026-06-01,224.3600006103516,218.8249969482422,215.77999877929688,224.8699951171875,215.6999969482422,13.85,14.0,1.0000000000000004e-05,True,NVDA,774.0,7.2,6434.0,2922.0,377.51937984496124,0.9444444444444444,0.025294201938997746,5140000000000,94.44444444444444,7.95875486381323e-07
AMD260605P00490000,490.0,8.55,卖 Put，看涨,4.259231943007742,PUT,4770.0,4907.0,4078350.0,0.001568596153846154,2745.0,<=5M,2026-06-05,510.1300048828125,489.2900085449219,500.3550109863281,517.5,486.7999877929688,8.1,8.55,0.7056914196777344,False,AMD,137.0,15.51,2745.0,4770.0,3481.7518248175184,-0.448742746615087,0.04259231943007742,260000000000,-44.8742746615087,1.568596153846154e-05
NVDA260618C00245000,245.0,2.21,买 Call，看涨,2.5294201938997745,CALL,18367.0,18370.0,4059107.0,7.8970953307393e-05,37645.0,<=5M,2026-06-18,224.3600006103516,218.8249969482422,215.77999877929688,224.8699951171875,215.6999969482422,2.19,2.23,0.4351863122558594,False,NVDA,3.0,1.16,37645.0,18367.0,612233.3333333333,0.9051724137931035,0.025294201938997746,5140000000000,90.51724137931035,7.8970953307393e-07
MU260618P00800000,800.0,13.97,卖 Put，看涨,1.8871061021573117,PUT,2892.0,3330.0,4040124.0000000005,0.0021263810526315793,4648.0,<=5M,2026-06-18,1034.739990234375,1015.5750122070312,1009.5700073242188,1046.969970703125,1009.5,13.75,14.25,1.0408983502197269,False,MU,438.0,16.8,4648.0,2892.0,660.2739726027397,-0.16845238095238094,0.018871061021573116,190000000000,-16.845238095238095,2.1263810526315792e-05
AAPL260605C00310000,310.0,2.3,卖 Call，看跌,-1.1424910360464138,CALL,17385.0,17451.0,3998550.0,9.472992181947406e-05,14357.0,<=5M,2026-06-05,306.3099975585937,309.8500061035156,309.5350036621094,310.92999267578125,305.0299987792969,2.26,2.29,0.2680737255859374,False,AAPL,66.0,3.4,14357.0,17385.0,26340.909090909092,-0.3235294117647059,-0.011424910360464138,4221000000000,-32.35294117647059,9.472992181947405e-07
AMD260605C00550000,550.0,5.7,买 Call，看涨,4.259231943007742,CALL,6936.0,6968.0,3953520.0000000005,0.0015205846153846156,4182.0,<=5M,2026-06-05,510.1300048828125,489.2900085449219,500.3550109863281,517.5,486.7999877929688,5.55,5.85,0.7877218493652343,False,AMD,32.0,4.5,4182.0,6936.0,21675.0,0.2666666666666667,0.04259231943007742,260000000000,26.66666666666667,1.5205846153846156e-05
TSLA260601C00415000,415.0,2.9,卖 Call，看跌,-1.8641733727972998,CALL,13357.0,13364.0,3873529.9999999995,0.0002594460817146684,402.0,<=5M,2026-06-01,415.8800048828125,423.7799987792969,427.3800048828125,429.6000061035156,415.4299926757813,2.9,3.1,0.3039620385742187,True,TSLA,7.0,11.0,402.0,13357.0,190814.2857142857,-0.7363636363636363,-0.018641733727973,1493000000000,-73.63636363636363,2.594460817146684e-06
NVDA260605C00235000,235.0,1.26,买 Call，看涨,2.5294201938997745,CALL,30680.0,30902.0,3865680.0000000005,7.520778210116733e-05,16225.0,<=5M,2026-06-05,224.3600006103516,218.8249969482422,215.77999877929688,224.8699951171875,215.6999969482422,1.22,1.25,0.4487359814453124,False,NVDA,222.0,0.61,16225.0,30680.0,13819.819819819819,1.0655737704918034,0.025294201938997746,5140000000000,106.55737704918033,7.520778210116733e-07
NVDA260612C00215000,215.0,12.1,买 Call，看涨,2.5294201938997745,CALL,3194.0,4149.0,3864740.0,7.518949416342413e-05,10380.0,<=5M,2026-06-12,224.3600006103516,218.8249969482422,215.77999877929688,224.8699951171875,215.6999969482422,11.9,12.15,0.4036924865722656,True,NVDA,955.0,7.95,10380.0,3194.0,334.4502617801047,0.5220125786163521,0.025294201938997746,5140000000000,52.201257861635206,7.518949416342412e-07
NBIS260605C00270000,270.0,12.47,买 Call，看涨,4.125501333184368,CALL,3094.0,3110.0,3858218.0,0.0148393,722.0,<=5M,2026-06-05,264.510009765625,254.02999877929688,244.17999267578125,274.7977905273437,238.0,12.05,12.5,1.191654432373047,False,NBIS,16.0,3.95,722.0,3094.0,19337.5,2.1569620253164556,0.04125501333184368,26000000000,215.69620253164555,0.000148393
AAPL260612C00305000,305.0,7.09,卖 Call，看跌,-1.1424910360464138,CALL,5310.0,5473.0,3764790.0,8.919189765458422e-05,6914.0,<=5M,2026-06-12,306.3099975585937,309.8500061035156,309.5350036621094,310.92999267578125,305.0299987792969,7.0,7.2,0.2950509948730468,True,AAPL,163.0,10.3,6914.0,5310.0,3257.6687116564417,-0.3116504854368933,-0.011424910360464138,4221000000000,-31.165048543689327,8.919189765458422e-07
MRVL260605C00230000,230.0,7.4,买 Call，看涨,8.952333329545139,CALL,4992.0,5005.0,3694080.0000000005,0.005130666666666667,1562.0,<=5M,2026-06-05,219.42999267578125,201.3999938964844,198.91000366210935,225.13999938964844,195.1199951171875,7.25,7.75,1.1499065942382811,False,MRVL,13.0,2.49,1562.0,4992.0,38400.0,1.971887550200803,0.08952333329545138,72000000000,197.18875502008032,5.1306666666666675e-05
MSFT260601C00465000,465.0,0.27,卖 Call，看跌,-1.0070824032033405,CALL,136486.0,136920.0,3685122.0,7.69497181039883e-05,868.0,<=5M,2026-06-01,460.5199890136719,465.2049865722656,465.05999755859375,466.3200073242188,458.2699890136719,0.26,0.28,0.1682212084960938,False,MSFT,434.0,4.2,868.0,136486.0,31448.387096774197,-0.9357142857142857,-0.010070824032033404,4789000000000,-93.57142857142857,7.69497181039883e-07
NVDA260717C00235000,235.0,9.1,买 Call，看涨,2.5294201938997745,CALL,4043.0,4072.0,3679129.9999999995,7.157840466926069e-05,15043.0,<=5M,2026-07-17,224.3600006103516,218.8249969482422,215.77999877929688,224.8699951171875,215.6999969482422,9.0,9.1,0.4192562957763671,False,NVDA,29.0,6.85,15043.0,4043.0,13941.379310344828,0.3284671532846716,0.025294201938997746,5140000000000,32.846715328467155,7.157840466926069e-07
MRVL260605C00225000,225.0,9.55,买 Call，看涨,8.952333329545139,CALL,3821.0,3830.0,3649055.0000000005,0.005068131944444445,2290.0,<=5M,2026-06-05,219.42999267578125,201.3999938964844,198.91000366210935,225.13999938964844,195.1199951171875,9.1,9.7,1.1555218005371093,False,MRVL,9.0,3.85,2290.0,3821.0,42455.555555555555,1.4805194805194808,0.08952333329545138,72000000000,148.05194805194807,5.068131944444445e-05
MSFT260605C00462500,462.5,9.3,卖 Call，看跌,-1.0070824032033405,CALL,3887.0,4008.0,3614910.0000000005,7.548360826894969e-05,1312.0,<=5M,2026-06-05,460.5199890136719,465.2049865722656,465.05999755859375,466.3200073242188,458.2699890136719,9.5,9.8,0.4993946545410156,False,MSFT,121.0,10.5,1312.0,3887.0,3212.3966942148763,-0.11428571428571421,-0.010070824032033404,4789000000000,-11.428571428571422,7.548360826894969e-07
NVDA260603P00222500,222.5,2.49,卖 Put，看涨,2.5294201938997745,PUT,14394.0,14416.0,3584106.0000000005,6.972968871595332e-05,47.0,<=5M,2026-06-03,224.3600006103516,218.8249969482422,215.77999877929688,224.8699951171875,215.6999969482422,2.51,2.55,0.4206600903320313,False,NVDA,22.0,10.11,47.0,14394.0,65427.27272727273,-0.7537091988130563,0.025294201938997746,5140000000000,-75.37091988130562,6.972968871595332e-07
TSLA260618C00460000,460.0,4.65,卖 Call，看跌,-1.8641733727972998,CALL,7678.0,7724.0,3570270.0000000005,0.00023913395847287346,9027.0,<=5M,2026-06-18,415.8800048828125,423.7799987792969,427.3800048828125,429.6000061035156,415.4299926757813,4.55,4.65,0.4940236145019532,False,TSLA,46.0,5.9,9027.0,7678.0,16691.304347826088,-0.211864406779661,-0.018641733727973,1493000000000,-21.1864406779661,2.3913395847287345e-06
TSLA260612C00450000,450.0,3.9,卖 Call，看跌,-1.8641733727972998,CALL,9127.0,9240.0,3559529.9999999995,0.00023841460147354317,8428.0,<=5M,2026-06-12,415.8800048828125,423.7799987792969,427.3800048828125,429.6000061035156,415.4299926757813,3.9,4.0,0.4924977508544922,False,TSLA,113.0,5.52,8428.0,9127.0,8076.991150442478,-0.2934782608695652,-0.018641733727973,1493000000000,-29.34782608695652,2.3841460147354317e-06
NVDA260605C00240000,240.0,0.65,买 Call，看涨,2.5294201938997745,CALL,54204.0,54448.0,3523260.0,6.854591439688716e-05,16935.0,<=5M,2026-06-05,224.3600006103516,218.8249969482422,215.77999877929688,224.8699951171875,215.6999969482422,0.63,0.64,0.461919443359375,False,NVDA,244.0,0.33,16935.0,54204.0,22214.754098360656,0.9696969696969697,0.025294201938997746,5140000000000,96.96969696969697,6.854591439688716e-07
NVDA260918C00260000,260.0,10.39,买 Call，看涨,2.5294201938997745,CALL,3381.0,3383.0,3512859.0000000005,6.834356031128406e-05,19150.0,<=5M,2026-09-18,224.3600006103516,218.8249969482422,215.77999877929688,224.8699951171875,215.6999969482422,10.3,10.5,0.4596001306152344,False,NVDA,2.0,8.25,19150.0,3381.0,169050.0,0.25939393939393945,0.025294201938997746,5140000000000,25.939393939393945,6.834356031128405e-07
RKLB260717P00110000,110.0,10.41,买 Put，看跌,-3.367414970395624,PUT,3325.0,3527.0,3461325.0,0.015733295454545455,4538.0,<=5M,2026-07-17,122.38999938964844,126.65499877929688,132.5050048828125,135.62899780273438,121.75,10.25,10.55,0.9572758178710936,False,RKLB,202.0,8.05,4538.0,3325.0,1646.039603960396,0.29316770186335395,-0.03367414970395624,22000000000,29.316770186335393,0.00015733295454545455
MSFT260603C00470000,470.0,4.85,卖 Call，看跌,-1.0070824032033405,CALL,7087.0,7303.0,3437194.9999999995,7.177270828983086e-05,224.0,<=5M,2026-06-03,460.5199890136719,465.2049865722656,465.05999755859375,466.3200073242188,458.2699890136719,4.8,4.9,0.522343643798828,False,MSFT,216.0,5.37,224.0,7087.0,3281.0185185185182,-0.09683426443202987,-0.010070824032033404,4789000000000,-9.683426443202988,7.177270828983085e-07
TSLA260612P00420000,420.0,13.4,买 Put，看跌,-1.8641733727972998,PUT,2548.0,3145.0,3414320.0000000005,0.00022868854655056937,1558.0,<=5M,2026-06-12,415.8800048828125,423.7799987792969,427.3800048828125,429.6000061035156,415.4299926757813,14.25,14.4,0.4046690393066406,True,TSLA,597.0,11.15,1558.0,2548.0,426.8006700167504,0.20179372197309417,-0.018641733727973,1493000000000,20.179372197309416,2.2868854655056937e-06
NVDA260601P00225000,225.0,1.16,卖 Put，看涨,2.5294201938997745,PUT,29111.0,29235.0,3376875.9999999995,6.569797665369649e-05,522.0,<=5M,2026-06-01,224.3600006103516,218.8249969482422,215.77999877929688,224.8699951171875,215.6999969482422,1.15,1.18,0.174812939453125,True,NVDA,124.0,7.82,522.0,29111.0,23476.612903225807,-0.8516624040920716,0.025294201938997746,5140000000000,-85.16624040920716,6.569797665369649e-07
TSLA260603C00430000,430.0,1.99,卖 Call，看跌,-1.8641733727972998,CALL,16836.0,17076.0,3350364.0,0.00022440482250502344,1211.0,<=5M,2026-06-03,415.8800048828125,423.7799987792969,427.3800048828125,429.6000061035156,415.4299926757813,1.99,1.99,0.4484918432617187,False,TSLA,240.0,4.8,1211.0,16836.0,7015.000000000001,-0.5854166666666666,-0.018641733727973,1493000000000,-58.54166666666666,2.2440482250502345e-06
AAPL260601P00310000,310.0,2.75,买 Put，看跌,-1.1424910360464138,PUT,11918.0,12242.0,3277450.0,7.764629234778488e-05,2782.0,<=5M,2026-06-01,306.3099975585937,309.8500061035156,309.5350036621094,310.92999267578125,305.0299987792969,2.15,2.72,1.0000000000000004e-05,True,AAPL,324.0,1.56,2782.0,11918.0,3678.395061728395,0.7628205128205128,-0.011424910360464138,4221000000000,76.28205128205127,7.764629234778488e-07
NVDA260605P00215000,215.0,1.32,卖 Put，看涨,2.5294201938997745,PUT,24772.0,24847.0,3269904.0,6.36168093385214e-05,18379.0,<=5M,2026-06-05,224.3600006103516,218.8249969482422,215.77999877929688,224.8699951171875,215.6999969482422,1.33,1.35,0.4475152905273437,False,NVDA,75.0,3.85,18379.0,24772.0,33029.333333333336,-0.6571428571428571,0.025294201938997746,5140000000000,-65.71428571428571,6.36168093385214e-07
AMZN260605C00265000,265.0,3.2,卖 Call，看跌,-1.465228237010563,CALL,10137.0,10265.0,3243840.0,0.00014546367713004485,4655.0,<=5M,2026-06-05,261.260009765625,265.1449890136719,266.2900085449219,266.6300048828125,260.70001220703125,3.0,3.1,0.3855041918945311,False,AMZN,128.0,3.37,4655.0,10137.0,7919.53125,-0.050445103857566745,-0.01465228237010563,2230000000000,-5.044510385756674,1.4546367713004484e-06
MSFT260603C00475000,475.0,3.45,卖 Call，看跌,-1.0070824032033405,CALL,9348.0,9355.0,3225060.0,6.734307788682397e-05,360.0,<=5M,2026-06-03,460.5199890136719,465.2049865722656,465.05999755859375,466.3200073242188,458.2699890136719,3.35,3.5,0.5227098510742187,False,MSFT,7.0,3.75,360.0,9348.0,133542.85714285713,-0.07999999999999995,-0.010070824032033404,4789000000000,-7.999999999999995,6.734307788682397e-07
INTC260618C00104000,104.0,10.1,卖 Call，看空/价差对冲,1.9584056778687882,CALL,3166.0,3167.0,3197660.0,0.0022052827586206895,225.0,<=5M,2026-06-18,109.33000183105467,107.2300033569336,109.44499969482422,113.3000030517578,106.33000183105467,9.95,10.3,0.7573266455078126,True,INTC,1.0,21.25,225.0,3166.0,316600.0,-0.5247058823529412,0.01958405677868788,145000000000,-52.47058823529412,2.2052827586206895e-05
TSLA260603P00415000,415.0,4.87,买 Put，看跌,-1.8641733727972998,PUT,6459.0,6791.0,3145533.0,0.00021068539852645682,458.0,<=5M,2026-06-03,415.8800048828125,423.7799987792969,427.3800048828125,429.6000061035156,415.4299926757813,4.8,4.9,0.3546207116699218,False,TSLA,332.0,2.9,458.0,6459.0,1945.4819277108434,0.6793103448275863,-0.018641733727973,1493000000000,67.93103448275863,2.106853985264568e-06
INTC260605C00115000,115.0,2.2,卖 Call，看空/价差对冲,1.9584056778687882,CALL,14037.0,14178.0,3088140.0,0.002129751724137931,2169.0,<=5M,2026-06-05,109.33000183105467,107.2300033569336,109.44499969482422,113.3000030517578,106.33000183105467,2.17,2.22,0.8540053662109376,False,INTC,141.0,2.83,2169.0,14037.0,9955.31914893617,-0.22261484098939924,0.01958405677868788,145000000000,-22.261484098939924,2.129751724137931e-05
AVGO260601C00455000,455.0,3.55,买 Call，看涨,2.8601477602766887,CALL,8683.0,8775.0,3082465.0,0.00015412325,1074.0,<=5M,2026-06-01,459.9700012207031,447.1799926757813,450.18499755859375,465.989990234375,442.239990234375,3.1,3.75,1.0000000000000004e-05,True,AVGO,92.0,1.56,1074.0,8683.0,9438.04347826087,1.2756410256410255,0.028601477602766885,2000000000000,127.56410256410255,1.5412325e-06
AMZN260618C00260000,260.0,9.55,卖 Call，看跌,-1.465228237010563,CALL,3130.0,3134.0,2989150.0000000005,0.000134042600896861,14178.0,<=5M,2026-06-18,261.260009765625,265.1449890136719,266.2900085449219,266.6300048828125,260.70001220703125,9.0,9.25,0.3727479718017578,True,AMZN,4.0,10.6,14178.0,3130.0,78250.0,-0.09905660377358481,-0.01465228237010563,2230000000000,-9.905660377358481,1.3404260089686101e-06
RKLB260605C00130000,130.0,4.29,卖 Call，看跌,-3.367414970395624,CALL,6966.0,7581.0,2988414.0,0.0135837,817.0,<=5M,2026-06-05,122.38999938964844,126.65499877929688,132.5050048828125,135.62899780273438,121.75,4.05,4.45,1.2648962536621091,False,RKLB,615.0,16.0,817.0,6966.0,1132.6829268292681,-0.731875,-0.03367414970395624,22000000000,-73.1875,0.000135837
TSLA260603C00412500,412.5,9.08,卖 Call，看跌,-1.8641733727972998,CALL,3239.0,3383.0,2941012.0,0.00019698673811118555,46.0,<=5M,2026-06-03,415.8800048828125,423.7799987792969,427.3800048828125,429.6000061035156,415.4299926757813,9.15,9.25,0.4965870654296875,True,TSLA,144.0,23.79,46.0,3239.0,2249.3055555555557,-0.6183270281630937,-0.018641733727973,1493000000000,-61.83270281630937,1.9698673811118555e-06
NVDA260626C00235000,235.0,5.75,买 Call，看涨,2.5294201938997745,CALL,5062.0,5200.0,2910650.0,5.662743190661479e-05,7922.0,<=5M,2026-06-26,224.3600006103516,218.8249969482422,215.77999877929688,224.8699951171875,215.6999969482422,5.65,5.75,0.4173642248535155,False,NVDA,138.0,3.94,7922.0,5062.0,3668.115942028985,0.4593908629441625,0.025294201938997746,5140000000000,45.93908629441625,5.662743190661479e-07
NVDA260618C00224000,224.0,8.41,买 Call，看涨,2.5294201938997745,CALL,3449.0,3495.0,2900609.0,5.643208171206225e-05,3981.0,<=5M,2026-06-18,224.3600006103516,218.8249969482422,215.77999877929688,224.8699951171875,215.6999969482422,8.2,8.3,0.4089414575195312,True,NVDA,46.0,5.0,3981.0,3449.0,7497.826086956522,0.682,0.025294201938997746,5140000000000,68.2,5.643208171206225e-07
MSFT260603C00460000,460.0,9.25,卖 Call，看跌,-1.0070824032033405,CALL,3121.0,3190.0,2886925.0,6.028241804134475e-05,788.0,<=5M,2026-06-03,460.5199890136719,465.2049865722656,465.05999755859375,466.3200073242188,458.2699890136719,8.9,9.4,0.5339402075195312,True,MSFT,69.0,10.5,788.0,3121.0,4523.188405797102,-0.11904761904761904,-0.010070824032033404,4789000000000,-11.904761904761903,6.028241804134475e-07
NVDA260603P00220000,220.0,1.57,卖 Put，看涨,2.5294201938997745,PUT,18215.0,18949.0,2859755.0000000005,5.563725680933853e-05,1045.0,<=5M,2026-06-03,224.3600006103516,218.8249969482422,215.77999877929688,224.8699951171875,215.6999969482422,1.54,1.57,0.4108945629882812,False,NVDA,734.0,10.0,1045.0,18215.0,2481.607629427793,-0.843,0.025294201938997746,5140000000000,-84.3,5.563725680933853e-07
NVDA260605P00225000,225.0,5.17,卖 Put，看涨,2.5294201938997745,PUT,5516.0,7671.0,2851772.0,5.5481945525291824e-05,3617.0,<=5M,2026-06-05,224.3600006103516,218.8249969482422,215.77999877929688,224.8699951171875,215.6999969482422,5.1,5.2,0.4646049633789063,True,NVDA,2155.0,14.25,3617.0,5516.0,255.96287703016242,-0.6371929824561403,0.025294201938997746,5140000000000,-63.719298245614034,5.548194552529182e-07
AMZN260618C00265000,265.0,6.7,卖 Call，看跌,-1.465228237010563,CALL,4256.0,4262.0,2851520.0,0.00012787085201793722,24130.0,<=5M,2026-06-18,261.260009765625,265.1449890136719,266.2900085449219,266.6300048828125,260.70001220703125,6.45,6.65,0.3598696826171874,False,AMZN,6.0,7.28,24130.0,4256.0,70933.33333333334,-0.07967032967032968,-0.01465228237010563,2230000000000,-7.967032967032968,1.2787085201793723e-06
MSFT260717P00425000,425.0,6.4,买 Put，看跌,-1.0070824032033405,PUT,4451.0,4453.0,2848640.0,5.948298183336814e-05,2645.0,<=5M,2026-07-17,460.5199890136719,465.2049865722656,465.05999755859375,466.3200073242188,458.2699890136719,6.2,6.5,0.304419797668457,False,MSFT,2.0,5.83,2645.0,4451.0,222550.0,0.09777015437392801,-0.010070824032033404,4789000000000,9.777015437392802,5.948298183336814e-07
TSLA260605C00427500,427.5,4.9,卖 Call，看跌,-1.8641733727972998,CALL,5754.0,5901.0,2819460.0,0.00018884527796383122,1622.0,<=5M,2026-06-05,415.8800048828125,423.7799987792969,427.3800048828125,429.6000061035156,415.4299926757813,4.8,4.85,0.4854787780761719,False,TSLA,147.0,8.08,1622.0,5754.0,3914.2857142857147,-0.3935643564356435,-0.018641733727973,1493000000000,-39.35643564356435,1.888452779638312e-06
TSLA260605C00450000,450.0,1.1,卖 Call，看跌,-1.8641733727972998,CALL,25463.0,26346.0,2800930.0000000005,0.0001876041527126591,8470.0,<=5M,2026-06-05,415.8800048828125,423.7799987792969,427.3800048828125,429.6000061035156,415.4299926757813,1.1,1.12,0.5083056982421875,False,TSLA,883.0,2.19,8470.0,25463.0,2883.6919592298977,-0.4977168949771689,-0.018641733727973,1493000000000,-49.77168949771689,1.876041527126591e-06
AAPL260601C00307500,307.5,0.35,卖 Call，看跌,-1.1424910360464138,CALL,79211.0,79609.0,2772385.0,6.568076285240464e-05,1684.0,<=5M,2026-06-01,306.3099975585937,309.8500061035156,309.5350036621094,310.92999267578125,305.0299987792969,0.34,0.4,0.1355066918945313,False,AAPL,398.0,3.09,1684.0,79211.0,19902.261306532662,-0.8867313915857605,-0.011424910360464138,4221000000000,-88.67313915857605,6.568076285240464e-07
TSLA260618P00400000,400.0,8.31,买 Put，看跌,-1.8641733727972998,PUT,3299.0,3401.0,2741469.0,0.00018362150033489618,15094.0,<=5M,2026-06-18,415.8800048828125,423.7799987792969,427.3800048828125,429.6000061035156,415.4299926757813,8.35,8.45,0.417425259399414,False,TSLA,102.0,6.35,15094.0,3299.0,3234.3137254901962,0.3086614173228348,-0.018641733727973,1493000000000,30.86614173228348,1.836215003348962e-06
AMZN260601C00260000,260.0,3.5,卖 Call，看跌,-1.465228237010563,CALL,7745.0,7874.0,2710750.0,0.00012155829596412555,182.0,<=5M,2026-06-01,261.260009765625,265.1449890136719,266.2900085449219,266.6300048828125,260.70001220703125,3.2,3.8,0.5190477783203125,True,AMZN,129.0,11.23,182.0,7745.0,6003.875968992248,-0.6883348174532502,-0.01465228237010563,2230000000000,-68.83348174532502,1.2155829596412556e-06
AAPL260603C00310000,310.0,1.3,卖 Call，看跌,-1.1424910360464138,CALL,20767.0,20808.0,2699710.0,6.395901445155176e-05,1120.0,<=5M,2026-06-03,306.3099975585937,309.8500061035156,309.5350036621094,310.92999267578125,305.0299987792969,1.23,1.3,0.2478102563476562,False,AAPL,41.0,3.04,1120.0,20767.0,50651.21951219512,-0.5723684210526315,-0.011424910360464138,4221000000000,-57.23684210526315,6.395901445155176e-07
AAPL260618C00310000,310.0,5.56,卖 Call，看跌,-1.1424910360464138,CALL,4789.0,4835.0,2662683.9999999995,6.308182895048565e-05,41799.0,<=5M,2026-06-18,306.3099975585937,309.8500061035156,309.5350036621094,310.92999267578125,305.0299987792969,5.5,5.65,0.2691723474121094,False,AAPL,46.0,6.1,41799.0,4789.0,10410.86956521739,-0.08852459016393444,-0.011424910360464138,4221000000000,-8.852459016393443,6.308182895048565e-07
TSLA260603C00417500,417.5,6.1,卖 Call，看跌,-1.8641733727972998,CALL,4331.0,4337.0,2641910.0,0.0001769531145344943,90.0,<=5M,2026-06-03,415.8800048828125,423.7799987792969,427.3800048828125,429.6000061035156,415.4299926757813,6.05,6.15,0.4598442687988281,False,TSLA,6.0,10.85,90.0,4331.0,72183.33333333334,-0.4377880184331797,-0.018641733727973,1493000000000,-43.77880184331797,1.7695311453449431e-06
NBIS260605C00280000,280.0,8.82,买 Call，看涨,4.125501333184368,CALL,2982.0,3032.0,2630124.0,0.010115861538461538,780.0,<=5M,2026-06-05,264.510009765625,254.02999877929688,244.17999267578125,274.7977905273437,238.0,8.5,9.1,1.2060586572265624,False,NBIS,50.0,2.9,780.0,2982.0,5964.0,2.0413793103448277,0.04125501333184368,26000000000,204.13793103448276,0.00010115861538461539
NVDA260918P00200000,200.0,10.05,卖 Put，看涨,2.5294201938997745,PUT,2603.0,4946.0,2616015.0,5.0895233463035016e-05,27757.0,<=5M,2026-09-18,224.3600006103516,218.8249969482422,215.77999877929688,224.8699951171875,215.6999969482422,9.95,10.15,0.4322566540527344,False,NVDA,2343.0,13.75,27757.0,2603.0,111.09688433632097,-0.26909090909090905,0.025294201938997746,5140000000000,-26.909090909090907,5.089523346303502e-07
AMZN260605C00270000,270.0,1.54,卖 Call，看跌,-1.465228237010563,CALL,16974.0,17071.0,2613996.0,0.00011721955156950673,7050.0,<=5M,2026-06-05,261.260009765625,265.1449890136719,266.2900085449219,266.6300048828125,260.70001220703125,1.51,1.56,0.3781800463867187,False,AMZN,97.0,1.8,7050.0,16974.0,17498.96907216495,-0.14444444444444446,-0.01465228237010563,2230000000000,-14.444444444444446,1.1721955156950673e-06
TSLA260601C00417500,417.5,0.72,卖 Call，看跌,-1.8641733727972998,CALL,35915.0,35946.0,2585880.0,0.00017320026791694574,460.0,<=5M,2026-06-01,415.8800048828125,423.7799987792969,427.3800048828125,429.6000061035156,415.4299926757813,0.72,0.74,0.1613853393554687,False,TSLA,31.0,8.4,460.0,35915.0,115854.83870967741,-0.9142857142857144,-0.018641733727973,1493000000000,-91.42857142857143,1.7320026791694574e-06
INTC260605C00112000,112.0,3.05,卖 Call，看空/价差对冲,1.9584056778687882,CALL,8370.0,8381.0,2552850.0,0.0017605862068965517,284.0,<=5M,2026-06-05,109.33000183105467,107.2300033569336,109.44499969482422,113.3000030517578,106.33000183105467,3.05,3.2,0.8383805224609374,False,INTC,11.0,4.0,284.0,8370.0,76090.90909090909,-0.23750000000000004,0.01958405677868788,145000000000,-23.750000000000004,1.7605862068965517e-05
NBIS260605C00300000,300.0,4.1,买 Call，看涨,4.125501333184368,CALL,6186.0,6248.0,2536260.0,0.009754846153846154,942.0,<=5M,2026-06-05,264.510009765625,254.02999877929688,244.17999267578125,274.7977905273437,238.0,4.0,4.35,1.2204628820800782,False,NBIS,62.0,1.6,942.0,6186.0,9977.41935483871,1.5624999999999996,0.04125501333184368,26000000000,156.24999999999994,9.754846153846154e-05
NVDA260717P00220000,220.0,10.63,卖 Put，看涨,2.5294201938997745,PUT,2295.0,3577.0,2439585.0,4.746274319066148e-05,9465.0,<=5M,2026-07-17,224.3600006103516,218.8249969482422,215.77999877929688,224.8699951171875,215.6999969482422,10.55,10.65,0.4000304138183594,False,NVDA,1282.0,16.29,9465.0,2295.0,179.01716068642745,-0.34745242480049104,0.025294201938997746,5140000000000,-34.74524248004911,4.746274319066148e-07
NVDA260626C00240000,240.0,4.4,买 Call，看涨,2.5294201938997745,CALL,5436.0,5450.0,2391840.0,4.6533852140077823e-05,6198.0,<=5M,2026-06-26,224.3600006103516,218.8249969482422,215.77999877929688,224.8699951171875,215.6999969482422,4.35,4.45,0.4235897485351562,False,NVDA,14.0,2.57,6198.0,5436.0,38828.57142857143,0.7120622568093388,0.025294201938997746,5140000000000,71.20622568093388,4.6533852140077824e-07
MSFT260601C00455000,455.0,8.15,卖 Call，看跌,-1.0070824032033405,CALL,2910.0,3118.0,2371650.0,4.952286489872625e-05,1726.0,<=5M,2026-06-01,460.5199890136719,465.2049865722656,465.05999755859375,466.3200073242188,458.2699890136719,8.3,8.6,0.5476119458007813,True,MSFT,208.0,10.83,1726.0,2910.0,1399.0384615384614,-0.24746075715604798,-0.010070824032033404,4789000000000,-24.7460757156048,4.952286489872625e-07
TSLA260612C00440000,440.0,5.9,卖 Call，看跌,-1.8641733727972998,CALL,4009.0,4126.0,2365310.0,0.0001584266577361018,2988.0,<=5M,2026-06-12,415.8800048828125,423.7799987792969,427.3800048828125,429.6000061035156,415.4299926757813,5.85,5.9,0.4838918798828125,False,TSLA,117.0,8.3,2988.0,4009.0,3426.4957264957266,-0.28915662650602414,-0.018641733727973,1493000000000,-28.915662650602414,1.5842665773610182e-06
TSLA260608C00425000,425.0,6.95,卖 Call，看跌,-1.8641733727972998,CALL,3348.0,3357.0,2326860.0,0.0001558513060951105,70.0,<=5M,2026-06-08,415.8800048828125,423.7799987792969,427.3800048828125,429.6000061035156,415.4299926757813,6.8,6.95,0.4393976959228516,False,TSLA,9.0,10.2,70.0,3348.0,37200.0,-0.3186274509803921,-0.018641733727973,1493000000000,-31.86274509803921,1.558513060951105e-06
AAPL260618C00320000,320.0,2.38,卖 Call，看跌,-1.1424910360464138,CALL,9698.0,9718.0,2308124.0,5.468192371475954e-05,45598.0,<=5M,2026-06-18,306.3099975585937,309.8500061035156,309.5350036621094,310.92999267578125,305.0299987792969,2.31,2.37,0.2613599255371094,False,AAPL,20.0,2.55,45598.0,9698.0,48490.0,-0.06666666666666664,-0.011424910360464138,4221000000000,-6.666666666666663,5.468192371475954e-07
AAPL260605C00305000,305.0,5.07,卖 Call，看跌,-1.1424910360464138,CALL,4494.0,4551.0,2278458.0,5.397910447761194e-05,5824.0,<=5M,2026-06-05,306.3099975585937,309.8500061035156,309.5350036621094,310.92999267578125,305.0299987792969,4.75,4.85,0.2916330603027343,True,AAPL,57.0,7.2,5824.0,4494.0,7884.210526315789,-0.29583333333333334,-0.011424910360464138,4221000000000,-29.583333333333332,5.397910447761194e-07
MSFT260601C00457500,457.5,6.0,卖 Call，看跌,-1.0070824032033405,CALL,3750.0,3805.0,2250000.0,4.6982668615577365e-05,220.0,<=5M,2026-06-01,460.5199890136719,465.2049865722656,465.05999755859375,466.3200073242188,458.2699890136719,5.6,5.9,0.4401911450195312,True,MSFT,55.0,9.0,220.0,3750.0,6818.181818181819,-0.3333333333333333,-0.010070824032033404,4789000000000,-33.33333333333333,4.6982668615577366e-07
TSLA260605C00435000,435.0,3.0,卖 Call，看跌,-1.8641733727972998,CALL,7487.0,7810.0,2246100.0,0.00015044206296048224,5606.0,<=5M,2026-06-05,415.8800048828125,423.7799987792969,427.3800048828125,429.6000061035156,415.4299926757813,3.0,3.05,0.4923146472167969,False,TSLA,323.0,5.0,5606.0,7487.0,2317.9566563467492,-0.4,-0.018641733727973,1493000000000,-40.0,1.5044206296048225e-06
RKLB260618C00150000,150.0,4.4,卖 Call，看跌,-3.367414970395624,CALL,5044.0,5143.0,2219360.0,0.010088,9576.0,<=5M,2026-06-18,122.38999938964844,126.65499877929688,132.5050048828125,135.62899780273438,121.75,4.25,4.45,1.1711467224121097,False,RKLB,99.0,7.6,9576.0,5044.0,5094.949494949495,-0.4210526315789473,-0.03367414970395624,22000000000,-42.105263157894726,0.00010088
NVDA260605C00232500,232.5,1.71,买 Call，看涨,2.5294201938997745,CALL,12758.0,12904.0,2181618.0,4.244392996108949e-05,3819.0,<=5M,2026-06-05,224.3600006103516,218.8249969482422,215.77999877929688,224.8699951171875,215.6999969482422,1.67,1.69,0.438482177734375,False,NVDA,146.0,0.8,3819.0,12758.0,8738.356164383562,1.1374999999999997,0.025294201938997746,5140000000000,113.74999999999997,4.2443929961089494e-07
TSLA260601C00420000,420.0,0.13,卖 Call，看跌,-1.8641733727972998,CALL,162863.0,162906.0,2117219.0,0.00014180971198928332,552.0,<=5M,2026-06-01,415.8800048828125,423.7799987792969,427.3800048828125,429.6000061035156,415.4299926757813,0.13,0.14,0.143563251953125,False,TSLA,43.0,6.5,552.0,162863.0,378751.16279069765,-0.98,-0.018641733727973,1493000000000,-98.0,1.4180971198928331e-06
NVDA260601C00225000,225.0,0.06,卖 Call，看空/价差对冲,2.5294201938997745,CALL,350106.0,351496.0,2100636.0,4.08684046692607e-05,14074.0,<=5M,2026-06-01,224.3600006103516,218.8249969482422,215.77999877929688,224.8699951171875,215.6999969482422,0.06,0.07,0.0600679931640625,False,NVDA,1390.0,0.28,14074.0,350106.0,25187.48201438849,-0.7857142857142857,0.025294201938997746,5140000000000,-78.57142857142857,4.08684046692607e-07
INTC260605C00120000,120.0,1.28,卖 Call，看空/价差对冲,1.9584056778687882,CALL,16317.0,17102.0,2088576.0000000002,0.0014403972413793104,7410.0,<=5M,2026-06-05,109.33000183105467,107.2300033569336,109.44499969482422,113.3000030517578,106.33000183105467,1.26,1.28,0.9062509375,False,INTC,785.0,1.72,7410.0,16317.0,2078.5987261146497,-0.25581395348837205,0.01958405677868788,145000000000,-25.581395348837205,1.4403972413793104e-05
NVDA260618C00235000,235.0,4.25,买 Call，看涨,2.5294201938997745,CALL,4897.0,9231.0,2081225.0,4.0490758754863816e-05,32877.0,<=5M,2026-06-18,224.3600006103516,218.8249969482422,215.77999877929688,224.8699951171875,215.6999969482422,4.2,4.3,0.4224911267089843,False,NVDA,4334.0,1.83,32877.0,4897.0,112.99030918320258,1.3224043715846994,0.025294201938997746,5140000000000,132.24043715846994,4.0490758754863814e-07
MSFT260603C00480000,480.0,2.32,卖 Call，看跌,-1.0070824032033405,CALL,8835.0,9179.0,2049719.9999999998,4.2800584673209434e-05,689.0,<=5M,2026-06-03,460.5199890136719,465.2049865722656,465.05999755859375,466.3200073242188,458.2699890136719,2.33,2.45,0.5266160620117188,False,MSFT,344.0,2.75,689.0,8835.0,2568.313953488372,-0.15636363636363643,-0.010070824032033404,4789000000000,-15.636363636363642,4.2800584673209433e-07
NVDA260612C00222500,222.5,7.55,买 Call，看涨,2.5294201938997745,CALL,2709.0,6143.0,2045295.0,3.9791731517509726e-05,1982.0,<=5M,2026-06-12,224.3600006103516,218.8249969482422,215.77999877929688,224.8699951171875,215.6999969482422,7.4,7.55,0.4071104211425781,True,NVDA,3434.0,3.01,1982.0,2709.0,78.88759464181713,1.5083056478405317,0.025294201938997746,5140000000000,150.83056478405317,3.979173151750973e-07
AMZN260821P00225000,225.0,4.25,买 Put，看跌,-1.465228237010563,PUT,4779.0,4814.0,2031075.0,9.107959641255606e-05,3834.0,<=5M,2026-08-21,261.260009765625,265.1449890136719,266.2900085449219,266.6300048828125,260.70001220703125,4.05,4.3,0.358954164428711,False,AMZN,35.0,3.16,3834.0,4779.0,13654.285714285714,0.34493670886075944,-0.01465228237010563,2230000000000,34.49367088607595,9.107959641255606e-07
OKLO260605C00070000,70.0,2.5,买 Call平仓/做波动率交易,-1.6023578725984793,CALL,8097.0,8212.0,2024250.0,0.0126515625,4597.0,<=5M,2026-06-05,66.93499755859375,68.0250015258789,65.9000015258789,70.59989929199219,64.56999969482422,2.44,2.5,1.1923868505859376,False,OKLO,115.0,1.28,4597.0,8097.0,7040.869565217392,0.953125,-0.016023578725984793,16000000000,95.3125,0.000126515625
NVDA260717P00200000,200.0,3.9,卖 Put，看涨,2.5294201938997745,PUT,5142.0,5144.0,2005380.0,3.901517509727626e-05,80391.0,<=5M,2026-07-17,224.3600006103516,218.8249969482422,215.77999877929688,224.8699951171875,215.6999969482422,3.9,3.95,0.4138242211914062,False,NVDA,2.0,5.8,80391.0,5142.0,257100.0,-0.3275862068965517,0.025294201938997746,5140000000000,-32.758620689655174,3.9015175097276263e-07
