contractSymbol,strike,lastPrice_new,signal_type,stock_price_change_pct,option_type,volume_change_abs,volume_new,amount_threshold,amount_to_market_cap_pct,openInterest_new,amount_tier,expiry_date,股票价格(new),股票价格(old),股票价格(new open),股票价格(new high),股票价格(new low),bid,ask,impliedVolatility,inTheMoney,symbol,volume_old,lastPrice_old,openInterest_old,volume_change,volume_change_pct,option_price_change,stock_price_change,market_cap,option_price_change_pct,amount_to_market_cap
TSLA260415C00370000,370.0,22.22,买 Call，看涨,5.394067269474101,CALL,103129.0,109082.0,229152638.0,0.016131969287568774,11016.0,>50M,2026-04-15,391.9500122070313,371.8900146484375,366.7950134277344,394.6499938964844,362.5,22.1,22.3,0.6552768847656252,True,TSLA,5953.0,0.99,11016.0,103129.0,1732.3870317486983,21.444444444444446,0.05394067269474101,1420487690716.0,2144.444444444445,0.00016131969287568772
TSLA260415C00375000,375.0,16.69,买 Call，看涨,5.394067269474101,CALL,122454.0,125743.0,204375726.00000003,0.014387715383649963,7793.0,>50M,2026-04-15,391.9500122070313,371.8900146484375,366.7950134277344,394.6499938964844,362.5,14.1,14.2,1.0000000000000004e-05,True,TSLA,3289.0,0.36,7793.0,122454.0,3723.1377318333844,45.36111111111112,0.05394067269474101,1420487690716.0,4536.111111111112,0.00014387715383649963
TSLA260415C00380000,380.0,12.05,买 Call，看涨,5.394067269474101,CALL,156004.0,157255.0,187984820.00000003,0.013233822526490592,8808.0,>50M,2026-04-15,391.9500122070313,371.8900146484375,366.7950134277344,394.6499938964844,362.5,6.25,6.3,1.0000000000000004e-05,True,TSLA,1251.0,0.14,8808.0,156004.0,12470.343725019984,85.07142857142857,0.05394067269474101,1420487690716.0,8507.142857142857,0.00013233822526490592
SHOP260618C00095000,95.0,35.85,买 Call，看涨,3.6654366604748385,CALL,45007.0,45008.0,161350095.0,0.08853890100794001,134.0,>50M,2026-06-18,127.41000366210938,122.90499877929688,119.37999725341795,127.68000030517578,118.2300033569336,34.55,36.25,0.723513507080078,True,SHOP,1.0,25.88,134.0,45007.0,4500700.0,0.385239567233385,0.036654366604748384,182236387806.0,38.5239567233385,0.0008853890100794001
TSLA260417C00370000,370.0,23.08,买 Call，看涨,5.394067269474101,CALL,63337.0,64769.0,146181796.0,0.010290958306461406,17125.0,>50M,2026-04-17,391.9500122070313,371.8900146484375,366.7950134277344,394.6499938964844,362.5,22.9,23.2,0.5405319384765627,True,TSLA,1432.0,3.49,17125.0,63337.0,4422.974860335195,5.613180515759311,0.05394067269474101,1420487690716.0,561.3180515759311,0.00010290958306461406
TSLA260415C00372500,372.5,19.3,买 Call，看涨,5.394067269474101,CALL,73730.0,75305.0,142298900.0,0.010017608806470821,4334.0,>50M,2026-04-15,391.9500122070313,371.8900146484375,366.7950134277344,394.6499938964844,362.5,19.65,19.85,0.6152382226562501,True,TSLA,1575.0,0.56,4334.0,73730.0,4681.269841269841,33.464285714285715,0.05394067269474101,1420487690716.0,3346.4285714285716,0.0001001760880647082
TSLA260415C00377500,377.5,14.3,买 Call，看涨,5.394067269474101,CALL,94416.0,94952.0,135014880.0,0.009504825763885744,4725.0,>50M,2026-04-15,391.9500122070313,371.8900146484375,366.7950134277344,394.6499938964844,362.5,9.35,9.5,1.0000000000000004e-05,True,TSLA,536.0,0.21,4725.0,94416.0,17614.92537313433,67.0952380952381,0.05394067269474101,1420487690716.0,6709.52380952381,9.504825763885743e-05
TSLA260417C00380000,380.0,14.55,买 Call，看涨,5.394067269474101,CALL,83613.0,84856.0,121656915.00000001,0.008564446970932818,16087.0,>50M,2026-04-17,391.9500122070313,371.8900146484375,366.7950134277344,394.6499938964844,362.5,14.55,14.7,0.5092822509765625,True,TSLA,1243.0,1.15,16087.0,83613.0,6726.709573612228,11.65217391304348,0.05394067269474101,1420487690716.0,1165.217391304348,8.564446970932819e-05
TSLA260415C00385000,385.0,7.26,买 Call，看涨,5.394067269474101,CALL,124805.0,124937.0,90608430.0,0.006378684630088461,2420.0,>50M,2026-04-15,391.9500122070313,371.8900146484375,366.7950134277344,394.6499938964844,362.5,3.15,3.25,1.0000000000000004e-05,True,TSLA,132.0,0.07,2420.0,124805.0,94549.24242424243,102.7142857142857,0.05394067269474101,1420487690716.0,10271.428571428569,6.378684630088461e-05
TSLA260415C00382500,382.5,9.6,买 Call，看涨,5.394067269474101,CALL,91243.0,91417.0,87593280.0,0.00616642302305685,1550.0,>50M,2026-04-15,391.9500122070313,371.8900146484375,366.7950134277344,394.6499938964844,362.5,4.4,4.5,1.0000000000000004e-05,True,TSLA,174.0,0.1,1550.0,91243.0,52438.505747126444,95.0,0.05394067269474101,1420487690716.0,9500.0,6.16642302305685e-05
TSLA260415C00367500,367.5,24.53,买 Call，看涨,5.394067269474101,CALL,35305.0,39108.0,86603165.0,0.00609672055351268,5568.0,>50M,2026-04-15,391.9500122070313,371.8900146484375,366.7950134277344,394.6499938964844,362.5,24.7,24.8,0.743166630859375,True,TSLA,3803.0,1.66,5568.0,35305.0,928.346042597949,13.777108433734941,0.05394067269474101,1420487690716.0,1377.710843373494,6.09672055351268e-05
TSLA260417C00375000,375.0,18.38,买 Call，看涨,5.394067269474101,CALL,44400.0,45092.0,81607200.0,0.005745012824353705,13557.0,>50M,2026-04-17,391.9500122070313,371.8900146484375,366.7950134277344,394.6499938964844,362.5,18.45,18.7,0.5123339782714844,True,TSLA,692.0,2.0,13557.0,44400.0,6416.184971098266,8.19,0.05394067269474101,1420487690716.0,819.0,5.7450128243537054e-05
TSLA260417C00360000,360.0,32.5,买 Call，看涨,5.394067269474101,CALL,23255.0,23537.0,75578750.0,0.0053206198472515,10063.0,>50M,2026-04-17,391.9500122070313,371.8900146484375,366.7950134277344,394.6499938964844,362.5,32.4,32.8,0.63086306640625,True,TSLA,282.0,8.73,10063.0,23255.0,8246.45390070922,2.7227949599083616,0.05394067269474101,1420487690716.0,272.27949599083615,5.3206198472515e-05
GOOGL260515C00335000,335.0,15.3,买 Call，看涨,1.0973990002779397,CALL,46885.0,46907.0,71734050.0,0.002405846946545884,49940.0,>50M,2026-05-15,337.1199951171875,333.4606018066406,332.8900146484375,337.4800109863281,330.8999938964844,15.25,15.35,0.36524072265625,True,GOOGL,22.0,13.3,49940.0,46885.0,213113.63636363635,0.15037593984962405,0.010973990002779396,2981654760000.0,15.037593984962406,2.4058469465458837e-05
TSLA260417C00390000,390.0,7.97,买 Call，看涨,5.394067269474101,CALL,87338.0,87493.0,69608386.0,0.0049003160291317795,14145.0,>50M,2026-04-17,391.9500122070313,371.8900146484375,366.7950134277344,394.6499938964844,362.5,7.95,8.0,0.4937794763183594,True,TSLA,155.0,0.46,14145.0,87338.0,56347.09677419355,16.32608695652174,0.05394067269474101,1420487690716.0,1632.6086956521738,4.9003160291317794e-05
TSLA260417C00372500,372.5,20.75,买 Call，看涨,5.394067269474101,CALL,33452.0,33777.0,69412900.0,0.0048865541358554315,7093.0,>50M,2026-04-17,391.9500122070313,371.8900146484375,366.7950134277344,394.6499938964844,362.5,20.55,21.05,0.5280808911132813,True,TSLA,325.0,2.7,7093.0,33452.0,10292.923076923076,6.685185185185185,0.05394067269474101,1420487690716.0,668.5185185185185,4.886554135855431e-05
TSLA260415C00365000,365.0,27.25,买 Call，看涨,5.394067269474101,CALL,24827.0,29974.0,67653575.0,0.0047627005458878045,8772.0,>50M,2026-04-15,391.9500122070313,371.8900146484375,366.7950134277344,394.6499938964844,362.5,27.25,27.4,0.842775009765625,True,TSLA,5147.0,2.74,8772.0,24827.0,482.35865552749175,8.945255474452553,0.05394067269474101,1420487690716.0,894.5255474452554,4.762700545887804e-05
TSLA260417C00365000,365.0,27.59,买 Call，看涨,5.394067269474101,CALL,23735.0,25126.0,65484865.0,0.004610026924414404,12890.0,>50M,2026-04-17,391.9500122070313,371.8900146484375,366.7950134277344,394.6499938964844,362.5,27.6,28.05,0.5925333715820313,True,TSLA,1391.0,5.6,12890.0,23735.0,1706.3263838964772,3.9267857142857148,0.05394067269474101,1420487690716.0,392.6785714285715,4.610026924414404e-05
TSLA260415C00390000,390.0,2.45,买 Call，看涨,5.394067269474101,CALL,264320.0,264325.0,64758400.0,0.004558884981773998,4005.0,>50M,2026-04-15,391.9500122070313,371.8900146484375,366.7950134277344,394.6499938964844,362.5,2.21,2.28,0.1252528881835937,True,TSLA,5.0,0.06,4005.0,264320.0,5286400.0,39.833333333333336,0.05394067269474101,1420487690716.0,3983.3333333333335,4.558884981773998e-05
TSLA260415C00387500,387.5,4.7,买 Call，看涨,5.394067269474101,CALL,117837.0,117964.0,55383390.0,0.0038988996780453533,2359.0,>50M,2026-04-15,391.9500122070313,371.8900146484375,366.7950134277344,394.6499938964844,362.5,2.17,2.2,1.0000000000000004e-05,True,TSLA,127.0,0.06,2359.0,117837.0,92785.03937007874,77.33333333333334,0.05394067269474101,1420487690716.0,7733.333333333334,3.898899678045353e-05
TSLA260417C00367500,367.5,25.17,买 Call，看涨,5.394067269474101,CALL,20206.0,21033.0,50858502.0,0.0035803549958510843,9240.0,>50M,2026-04-17,391.9500122070313,371.8900146484375,366.7950134277344,394.6499938964844,362.5,25.2,25.65,0.5659223095703125,True,TSLA,827.0,4.45,9240.0,20206.0,2443.28899637243,4.656179775280899,0.05394067269474101,1420487690716.0,465.6179775280899,3.580354995851084e-05
AAPL260415C00260000,260.0,5.57,买 Call，看涨,2.7933138493687495,CALL,84931.0,96163.0,47306567.00000001,0.0012478236448258341,19190.0,10M-50M,2026-04-15,266.42999267578125,259.19000244140625,258.0950012207031,266.5599975585937,257.82000732421875,5.45,5.6,1.0000000000000004e-05,True,AAPL,11232.0,1.07,19190.0,84931.0,756.1520655270656,4.205607476635514,0.027933138493687493,3791126029400.0,420.5607476635514,1.2478236448258342e-05
TSLA260417C00357500,357.5,34.71,买 Call，看涨,5.394067269474101,CALL,13224.0,13260.0,45900504.0,0.003231320081123952,5742.0,10M-50M,2026-04-17,391.9500122070313,371.8900146484375,366.7950134277344,394.6499938964844,362.5,35.0,35.5,0.7041045214843751,True,TSLA,36.0,10.35,5742.0,13224.0,36733.33333333333,2.353623188405797,0.05394067269474101,1420487690716.0,235.3623188405797,3.231320081123952e-05
TSLA260417C00400000,400.0,3.7,买 Call，看涨,5.394067269474101,CALL,119731.0,120099.0,44300470.0,0.0031186803158899773,24219.0,10M-50M,2026-04-17,391.9500122070313,371.8900146484375,366.7950134277344,394.6499938964844,362.5,3.65,3.7,0.4888967126464845,False,TSLA,368.0,0.22,24219.0,119731.0,32535.597826086956,15.818181818181818,0.05394067269474101,1420487690716.0,1581.8181818181818,3.1186803158899775e-05
TSLA260417C00385000,385.0,10.84,买 Call，看涨,5.394067269474101,CALL,37094.0,37541.0,40209896.0,0.0028307106258507676,8747.0,10M-50M,2026-04-17,391.9500122070313,371.8900146484375,366.7950134277344,394.6499938964844,362.5,10.9,11.0,0.4969532727050781,True,TSLA,447.0,0.76,8747.0,37094.0,8298.434004474273,13.263157894736842,0.05394067269474101,1420487690716.0,1326.3157894736842,2.8307106258507678e-05
MSFT260415C00405000,405.0,7.15,买 Call，看涨,1.991616540755814,CALL,52619.0,53669.0,37622585.0,0.0009896077867653015,3490.0,10M-50M,2026-04-15,411.2200012207031,403.1900024414063,397.8500061035156,414.3699035644531,396.7300109863281,5.0,5.1,1.0000000000000004e-05,True,MSFT,1050.0,0.22,3490.0,52619.0,5011.333333333334,31.500000000000004,0.01991616540755814,3801767276203.0,3150.0000000000005,9.896077867653016e-06
TSLA260417C00350000,350.0,42.45,买 Call，看涨,5.394067269474101,CALL,8607.0,8883.0,36536715.0,0.0025721247173626396,11705.0,10M-50M,2026-04-17,391.9500122070313,371.8900146484375,366.7950134277344,394.6499938964844,362.5,42.4,43.05,0.82226740234375,True,TSLA,276.0,16.6,11705.0,8607.0,3118.478260869565,1.5572289156626506,0.05394067269474101,1420487690716.0,155.72289156626508,2.5721247173626395e-05
TSLA260415C00360000,360.0,31.93,买 Call，看涨,5.394067269474101,CALL,11172.0,11555.0,35672196.0,0.002511263999902692,6103.0,10M-50M,2026-04-15,391.9500122070313,371.8900146484375,366.7950134277344,394.6499938964844,362.5,32.2,32.4,0.95898478515625,True,TSLA,383.0,6.3,6103.0,11172.0,2916.971279373368,4.068253968253968,0.05394067269474101,1420487690716.0,406.8253968253968,2.511263999902692e-05
TSLA260417C00377500,377.5,16.8,买 Call，看涨,5.394067269474101,CALL,20450.0,20598.0,34356000.0,0.0024186059636097782,3661.0,10M-50M,2026-04-17,391.9500122070313,371.8900146484375,366.7950134277344,394.6499938964844,362.5,16.65,16.8,0.5280808911132813,True,TSLA,148.0,1.64,3661.0,20450.0,13817.567567567568,9.24390243902439,0.05394067269474101,1420487690716.0,924.390243902439,2.4186059636097782e-05
TSLA260417C00355000,355.0,37.47,买 Call，看涨,5.394067269474101,CALL,8982.0,9272.0,33655554.0,0.002369295715828121,10082.0,10M-50M,2026-04-17,391.9500122070313,371.8900146484375,366.7950134277344,394.6499938964844,362.5,37.5,38.05,0.7509790527343749,True,TSLA,290.0,12.35,10082.0,8982.0,3097.241379310345,2.0340080971659917,0.05394067269474101,1420487690716.0,203.40080971659918,2.3692957158281212e-05
GOOGL260515C00355000,355.0,7.35,买 Call，看涨,1.0973990002779397,CALL,44885.0,45418.0,32990475.0,0.0011064485212231613,3625.0,10M-50M,2026-05-15,337.1199951171875,333.4606018066406,332.8900146484375,337.4800109863281,330.8999938964844,7.25,7.4,0.3639589971923829,False,GOOGL,533.0,6.25,3625.0,44885.0,8421.200750469043,0.17599999999999993,0.010973990002779396,2981654760000.0,17.599999999999994,1.1064485212231613e-05
TSLA260417C00382500,382.5,12.57,买 Call，看涨,5.394067269474101,CALL,24387.0,24705.0,30654459.000000004,0.0021580235577084487,5953.0,10M-50M,2026-04-17,391.9500122070313,371.8900146484375,366.7950134277344,394.6499938964844,362.5,12.6,12.7,0.4985401708984375,True,TSLA,318.0,0.9,5953.0,24387.0,7668.867924528301,12.966666666666667,0.05394067269474101,1420487690716.0,1296.6666666666667,2.1580235577084485e-05
TSLA260417C00395000,395.0,5.5,买 Call，看涨,5.394067269474101,CALL,55653.0,55666.0,30609150.0,0.002154833878537264,5830.0,10M-50M,2026-04-17,391.9500122070313,371.8900146484375,366.7950134277344,394.6499938964844,362.5,5.45,5.5,0.4862111926269531,False,TSLA,13.0,0.31,5830.0,55653.0,428100.0,16.741935483870968,0.05394067269474101,1420487690716.0,1674.1935483870968,2.154833878537264e-05
TSLA260424C00390000,390.0,16.58,买 Call，看涨,5.394067269474101,CALL,18110.0,18172.0,30026380.0,0.0021138078278499645,4236.0,10M-50M,2026-04-24,391.9500122070313,371.8900146484375,366.7950134277344,394.6499938964844,362.5,16.55,16.7,0.6056557989501954,True,TSLA,62.0,4.67,4236.0,18110.0,29209.67741935484,2.5503211991434687,0.05394067269474101,1420487690716.0,255.03211991434688,2.1138078278499646e-05
TSLA260417P00390000,390.0,5.33,卖 Put，看涨,5.394067269474101,PUT,56286.0,57114.0,30000438.0,0.0021119815536647284,5469.0,10M-50M,2026-04-17,391.9500122070313,371.8900146484375,366.7950134277344,394.6499938964844,362.5,5.25,5.3,0.440313214111328,False,TSLA,828.0,25.8,5469.0,56286.0,6797.826086956522,-0.7934108527131782,0.05394067269474101,1420487690716.0,-79.34108527131782,2.1119815536647283e-05
AAPL260415C00262500,262.5,3.03,买 Call，看涨,2.7933138493687495,CALL,97097.0,101778.0,29420390.999999996,0.0007760330511791557,15985.0,10M-50M,2026-04-15,266.42999267578125,259.19000244140625,258.0950012207031,266.5599975585937,257.82000732421875,3.0,3.2,1.0000000000000004e-05,True,AAPL,4681.0,0.33,15985.0,97097.0,2074.2790002136294,8.18181818181818,0.027933138493687493,3791126029400.0,818.181818181818,7.760330511791557e-06
TSLA260424C00370000,370.0,28.8,买 Call，看涨,5.394067269474101,CALL,9242.0,9558.0,26616960.000000004,0.0018737902604832614,2646.0,10M-50M,2026-04-24,391.9500122070313,371.8900146484375,366.7950134277344,394.6499938964844,362.5,28.8,29.0,0.6172523626708986,True,TSLA,316.0,11.32,2646.0,9242.0,2924.683544303797,1.5441696113074206,0.05394067269474101,1420487690716.0,154.41696113074207,1.8737902604832615e-05
MSFT260415C00402500,402.5,9.75,买 Call，看涨,1.991616540755814,CALL,27182.0,27914.0,26502450.0,0.0006971086885273318,1726.0,10M-50M,2026-04-15,411.2200012207031,403.1900024414063,397.8500061035156,414.3699035644531,396.7300109863281,8.1,8.4,1.0000000000000004e-05,True,MSFT,732.0,0.5,1726.0,27182.0,3713.3879781420765,18.5,0.01991616540755814,3801767276203.0,1850.0,6.971086885273319e-06
TSLA260420C00370000,370.0,24.16,买 Call，看涨,5.394067269474101,CALL,10810.0,11201.0,26116960.0,0.001838591081830191,2478.0,10M-50M,2026-04-20,391.9500122070313,371.8900146484375,366.7950134277344,394.6499938964844,362.5,23.85,24.3,0.4918263708496094,True,TSLA,391.0,5.11,2478.0,10810.0,2764.7058823529414,3.7279843444227003,0.05394067269474101,1420487690716.0,372.79843444227004,1.838591081830191e-05
MSFT260417C00410000,410.0,5.5,买 Call，看涨,1.991616540755814,CALL,47397.0,48122.0,26068350.0,0.0006856903146905841,11057.0,10M-50M,2026-04-17,411.2200012207031,403.1900024414063,397.8500061035156,414.3699035644531,396.7300109863281,5.5,5.7,0.3411931115722656,True,MSFT,725.0,0.72,11057.0,47397.0,6537.517241379311,6.638888888888889,0.01991616540755814,3801767276203.0,663.8888888888889,6.856903146905841e-06
TSLA260417C00392500,392.5,6.75,买 Call，看涨,5.394067269474101,CALL,38212.0,38217.0,25793100.0,0.0018157918698330242,1440.0,10M-50M,2026-04-17,391.9500122070313,371.8900146484375,366.7950134277344,394.6499938964844,362.5,6.7,6.75,0.4950001672363281,False,TSLA,5.0,0.36,1440.0,38212.0,764240.0,17.75,0.05394067269474101,1420487690716.0,1775.0,1.8157918698330242e-05
MSFT260415C00400000,400.0,12.3,买 Call，看涨,1.991616540755814,CALL,19997.0,23233.0,24596310.0,0.0006469704275156334,11828.0,10M-50M,2026-04-15,411.2200012207031,403.1900024414063,397.8500061035156,414.3699035644531,396.7300109863281,11.25,12.55,0.6010782080078126,True,MSFT,3236.0,0.94,11828.0,19997.0,617.9542645241038,12.085106382978726,0.01991616540755814,3801767276203.0,1208.5106382978727,6.469704275156334e-06
AAPL260515C00260000,260.0,12.57,买 Call，看涨,2.7933138493687495,CALL,19392.0,19428.0,24375744.0,0.0006429684429102931,12821.0,10M-50M,2026-05-15,266.42999267578125,259.19000244140625,258.0950012207031,266.5599975585937,257.82000732421875,12.4,12.65,0.2965768585205077,True,AAPL,36.0,8.9,12821.0,19392.0,53866.666666666664,0.41235955056179774,0.027933138493687493,3791126029400.0,41.235955056179776,6.429684429102931e-06
TSLA260417C00387500,387.5,9.27,买 Call，看涨,5.394067269474101,CALL,26295.0,26439.0,24375465.0,0.0017159926945733328,5710.0,10M-50M,2026-04-17,391.9500122070313,371.8900146484375,366.7950134277344,394.6499938964844,362.5,9.2,9.3,0.4857229162597656,True,TSLA,144.0,0.58,5710.0,26295.0,18260.416666666664,14.982758620689655,0.05394067269474101,1420487690716.0,1498.2758620689656,1.715992694573333e-05
TSLA260515C00400000,400.0,19.55,买 Call，看涨,5.394067269474101,CALL,12363.0,12521.0,24169665.000000004,0.0017015047126397293,13916.0,10M-50M,2026-05-15,391.9500122070313,371.8900146484375,366.7950134277344,394.6499938964844,362.5,19.45,19.55,0.5066577655029296,False,TSLA,158.0,7.92,13916.0,12363.0,7824.683544303798,1.4684343434343436,0.05394067269474101,1420487690716.0,146.84343434343435,1.7015047126397293e-05
TSLA260424C00350000,350.0,44.8,买 Call，看涨,5.394067269474101,CALL,5375.0,5470.0,24079999.999999996,0.001695192443931874,2295.0,10M-50M,2026-04-24,391.9500122070313,371.8900146484375,366.7950134277344,394.6499938964844,362.5,44.8,45.65,0.6691927612304689,True,TSLA,95.0,22.96,2295.0,5375.0,5657.894736842106,0.9512195121951218,0.05394067269474101,1420487690716.0,95.12195121951218,1.695192443931874e-05
TSLA260420C00367500,367.5,26.22,买 Call，看涨,5.394067269474101,CALL,9009.0,9140.0,23621598.0,0.0016629216961460244,809.0,10M-50M,2026-04-20,391.9500122070313,371.8900146484375,366.7950134277344,394.6499938964844,362.5,25.85,26.55,0.507817421875,True,TSLA,131.0,6.15,809.0,9009.0,6877.099236641222,3.2634146341463413,0.05394067269474101,1420487690716.0,326.3414634146341,1.6629216961460245e-05
MSFT260417C00400000,400.0,13.3,买 Call，看涨,1.991616540755814,CALL,17524.0,18712.0,23306920.0,0.0006130548849186186,24871.0,10M-50M,2026-04-17,411.2200012207031,403.1900024414063,397.8500061035156,414.3699035644531,396.7300109863281,13.1,13.5,0.4350642431640625,True,MSFT,1188.0,2.97,24871.0,17524.0,1475.084175084175,3.478114478114478,0.01991616540755814,3801767276203.0,347.8114478114478,6.130548849186185e-06
TSLA260424C00365000,365.0,32.65,买 Call，看涨,5.394067269474101,CALL,6974.0,7120.0,22770109.999999996,0.0016029783396801329,2577.0,10M-50M,2026-04-24,391.9500122070313,371.8900146484375,366.7950134277344,394.6499938964844,362.5,32.5,32.7,0.6226844372558593,True,TSLA,146.0,13.74,2577.0,6974.0,4776.712328767123,1.3762736535662297,0.05394067269474101,1420487690716.0,137.62736535662296,1.602978339680133e-05
TSLA260424C00400000,400.0,12.02,买 Call，看涨,5.394067269474101,CALL,18032.0,18315.0,21674464.0,0.001525846661091089,10691.0,10M-50M,2026-04-24,391.9500122070313,371.8900146484375,366.7950134277344,394.6499938964844,362.5,12.05,12.2,0.6054726953125001,False,TSLA,283.0,2.95,10691.0,18032.0,6371.73144876325,3.0745762711864404,0.05394067269474101,1420487690716.0,307.45762711864404,1.5258466610910889e-05
TSLA260424C00395000,395.0,14.07,买 Call，看涨,5.394067269474101,CALL,15066.0,15224.0,21197862.0,0.0014922946632022675,1879.0,10M-50M,2026-04-24,391.9500122070313,371.8900146484375,366.7950134277344,394.6499938964844,362.5,14.05,14.15,0.599735447998047,False,TSLA,158.0,3.5,1879.0,15066.0,9535.443037974683,3.02,0.05394067269474101,1420487690716.0,302.0,1.4922946632022675e-05
TSLA260424C00380000,380.0,22.09,买 Call，看涨,5.394067269474101,CALL,9573.0,9657.0,21146757.0,0.0014886969551521371,3812.0,10M-50M,2026-04-24,391.9500122070313,371.8900146484375,366.7950134277344,394.6499938964844,362.5,22.1,22.2,0.6062661444091797,True,TSLA,84.0,7.35,3812.0,9573.0,11396.42857142857,2.005442176870748,0.05394067269474101,1420487690716.0,200.54421768707482,1.4886969551521372e-05
MSFT260415C00410000,410.0,2.2,买 Call，看涨,1.991616540755814,CALL,96067.0,97028.0,21134740.000000004,0.0005559188257601144,1240.0,10M-50M,2026-04-15,411.2200012207031,403.1900024414063,397.8500061035156,414.3699035644531,396.7300109863281,2.09,2.49,0.2116778051757812,True,MSFT,961.0,0.1,1240.0,96067.0,9996.566077003123,21.0,0.01991616540755814,3801767276203.0,2100.0,5.5591882576011445e-06
TSLA260417P00400000,400.0,11.39,卖 Put，看涨,5.394067269474101,PUT,18316.0,18517.0,20861924.000000004,0.0014686451798455575,5000.0,10M-50M,2026-04-17,391.9500122070313,371.8900146484375,366.7950134277344,394.6499938964844,362.5,11.15,11.3,0.4537408142089844,True,TSLA,201.0,36.25,5000.0,18316.0,9112.437810945274,-0.6857931034482758,0.05394067269474101,1420487690716.0,-68.57931034482758,1.4686451798455574e-05
TSLA260420C00380000,380.0,16.31,买 Call，看涨,5.394067269474101,CALL,12560.0,12714.0,20485359.999999996,0.0014421356928249272,3821.0,10M-50M,2026-04-20,391.9500122070313,371.8900146484375,366.7950134277344,394.6499938964844,362.5,16.2,16.35,0.4641166870117187,True,TSLA,154.0,2.27,3821.0,12560.0,8155.8441558441555,6.185022026431717,0.05394067269474101,1420487690716.0,618.5022026431717,1.4421356928249272e-05
TSLA260424C00360000,360.0,36.54,买 Call，看涨,5.394067269474101,CALL,5331.0,5367.0,19479474.0,0.0013713229707876826,2187.0,10M-50M,2026-04-24,391.9500122070313,371.8900146484375,366.7950134277344,394.6499938964844,362.5,36.45,36.9,0.6381872119140625,True,TSLA,36.0,16.44,2187.0,5331.0,14808.333333333334,1.222627737226277,0.05394067269474101,1420487690716.0,122.2627737226277,1.3713229707876825e-05
AAPL260417C00260000,260.0,6.28,买 Call，看涨,2.7933138493687495,CALL,29236.0,30781.0,18360208.0,0.0004842943193557131,27425.0,10M-50M,2026-04-17,266.42999267578125,259.19000244140625,258.0950012207031,266.5599975585937,257.82000732421875,6.2,6.3,1.0000000000000004e-05,True,AAPL,1545.0,2.3,27425.0,29236.0,1892.2977346278317,1.7304347826086959,0.027933138493687493,3791126029400.0,173.0434782608696,4.842943193557131e-06
TSLA260618C00420000,420.0,20.7,买 Call，看涨,5.394067269474101,CALL,8743.0,8987.0,18098010.0,0.0012740701745101119,14426.0,10M-50M,2026-06-18,391.9500122070313,371.8900146484375,366.7950134277344,394.6499938964844,362.5,20.7,20.9,0.4845327426147461,False,TSLA,244.0,10.19,14426.0,8743.0,3583.196721311475,1.0314033366045143,0.05394067269474101,1420487690716.0,103.14033366045143,1.2740701745101119e-05
MSFT260417C00405000,405.0,8.96,买 Call，看涨,1.991616540755814,CALL,19476.0,20616.0,17450496.000000004,0.00045901010588498246,15405.0,10M-50M,2026-04-17,411.2200012207031,403.1900024414063,397.8500061035156,414.3699035644531,396.7300109863281,8.85,9.15,0.3718324536132812,True,MSFT,1140.0,1.43,15405.0,19476.0,1708.421052631579,5.265734265734267,0.01991616540755814,3801767276203.0,526.5734265734267,4.5901010588498245e-06
TSLA260415C00362500,362.5,29.75,买 Call，看涨,5.394067269474101,CALL,5860.0,6874.0,17433500.0,0.0012272897620966082,4144.0,10M-50M,2026-04-15,391.9500122070313,371.8900146484375,366.7950134277344,394.6499938964844,362.5,29.7,29.9,0.8955088574218748,True,TSLA,1014.0,4.15,4144.0,5860.0,577.9092702169625,6.16867469879518,0.05394067269474101,1420487690716.0,616.867469879518,1.2272897620966082e-05
MSFT260618C00400000,400.0,31.15,买 Call，看涨,1.991616540755814,CALL,5437.0,5495.0,16936255.0,0.00044548373873413467,14140.0,10M-50M,2026-06-18,411.2200012207031,403.1900024414063,397.8500061035156,414.3699035644531,396.7300109863281,30.85,31.1,0.3678041735839844,True,MSFT,58.0,21.52,14140.0,5437.0,9374.137931034482,0.44749070631970256,0.01991616540755814,3801767276203.0,44.749070631970255,4.454837387341347e-06
AAPL260417C00262500,262.5,4.25,买 Call，看涨,2.7933138493687495,CALL,39416.0,40311.0,16751800.0,0.00044186871842535956,14565.0,10M-50M,2026-04-17,266.42999267578125,259.19000244140625,258.0950012207031,266.5599975585937,257.82000732421875,4.2,4.4,0.1870198486328125,True,AAPL,895.0,1.28,14565.0,39416.0,4404.022346368715,2.3203124999999996,0.027933138493687493,3791126029400.0,232.03124999999994,4.4186871842535956e-06
TSLA260420C00375000,375.0,20.19,买 Call，看涨,5.394067269474101,CALL,8253.0,8372.0,16662807.0,0.0011730342409092664,2427.0,10M-50M,2026-04-20,391.9500122070313,371.8900146484375,366.7950134277344,394.6499938964844,362.5,20.15,20.3,0.4854787780761719,True,TSLA,119.0,3.42,2427.0,8253.0,6935.2941176470595,4.903508771929825,0.05394067269474101,1420487690716.0,490.3508771929825,1.1730342409092665e-05
MSFT260515C00400000,400.0,25.95,买 Call，看涨,1.991616540755814,CALL,6369.0,6581.0,16527554.999999998,0.00043473347523015213,19504.0,10M-50M,2026-05-15,411.2200012207031,403.1900024414063,397.8500061035156,414.3699035644531,396.7300109863281,25.75,26.1,0.4241695767211914,True,MSFT,212.0,16.5,19504.0,6369.0,3004.245283018868,0.5727272727272726,0.01991616540755814,3801767276203.0,57.272727272727266,4.3473347523015214e-06
TSLA260420C00400000,400.0,5.65,买 Call，看涨,5.394067269474101,CALL,29099.0,29205.0,16440935.0,0.0011574148165770382,1990.0,10M-50M,2026-04-20,391.9500122070313,371.8900146484375,366.7950134277344,394.6499938964844,362.5,5.65,5.75,0.4553277124023437,False,TSLA,106.0,0.55,1990.0,29099.0,27451.88679245283,9.272727272727273,0.05394067269474101,1420487690716.0,927.2727272727274,1.1574148165770383e-05
AAPL260417C00265000,265.0,2.73,买 Call，看涨,2.7933138493687495,CALL,58388.0,59397.0,15939924.0,0.00042045355064396846,27151.0,10M-50M,2026-04-17,266.42999267578125,259.19000244140625,258.0950012207031,266.5599975585937,257.82000732421875,2.71,2.74,0.2020343469238281,True,AAPL,1009.0,0.69,27151.0,58388.0,5786.719524281467,2.956521739130435,0.027933138493687493,3791126029400.0,295.6521739130435,4.204535506439685e-06
TSLA260618C00400000,400.0,28.25,买 Call，看涨,5.394067269474101,CALL,5595.0,5635.0,15805875.0,0.0011127076357862005,30057.0,10M-50M,2026-06-18,391.9500122070313,371.8900146484375,366.7950134277344,394.6499938964844,362.5,28.25,28.4,0.484807398071289,False,TSLA,40.0,15.15,30057.0,5595.0,13987.5,0.8646864686468646,0.05394067269474101,1420487690716.0,86.46864686468646,1.1127076357862005e-05
TSLA260417C00352500,352.5,40.21,买 Call，看涨,5.394067269474101,CALL,3773.0,3809.0,15171233.000000002,0.0010680298815087168,9190.0,10M-50M,2026-04-17,391.9500122070313,371.8900146484375,366.7950134277344,394.6499938964844,362.5,39.95,40.55,0.7866232275390624,True,TSLA,36.0,14.48,9190.0,3773.0,10480.555555555557,1.7769337016574585,0.05394067269474101,1420487690716.0,177.69337016574585,1.0680298815087167e-05
TSLA260420C00390000,390.0,10.0,买 Call，看涨,5.394067269474101,CALL,14793.0,14845.0,14793000.0,0.0010414028996297432,2644.0,10M-50M,2026-04-20,391.9500122070313,371.8900146484375,366.7950134277344,394.6499938964844,362.5,10.1,10.2,0.4597221997070312,True,TSLA,52.0,1.06,2644.0,14793.0,28448.076923076922,8.433962264150942,0.05394067269474101,1420487690716.0,843.3962264150942,1.041402899629743e-05
TSLA260420C00365000,365.0,27.84,买 Call，看涨,5.394067269474101,CALL,5131.0,5407.0,14284704.0,0.0010056196962044607,2243.0,10M-50M,2026-04-20,391.9500122070313,371.8900146484375,366.7950134277344,394.6499938964844,362.5,28.15,28.7,0.5116015637207032,True,TSLA,276.0,7.54,2243.0,5131.0,1859.0579710144925,2.6923076923076925,0.05394067269474101,1420487690716.0,269.2307692307692,1.0056196962044608e-05
TSLA260415C00392500,392.5,0.83,买 Call，看涨,5.394067269474101,CALL,171626.0,173232.0,14244957.999999998,0.0010028216430949708,930.0,10M-50M,2026-04-15,391.9500122070313,371.8900146484375,366.7950134277344,394.6499938964844,362.5,0.82,0.84,0.1335535864257812,False,TSLA,1606.0,0.05,930.0,171626.0,10686.550435865505,15.599999999999998,0.05394067269474101,1420487690716.0,1559.9999999999998,1.0028216430949708e-05
MSFT260821C00450000,450.0,19.03,买 Call，看涨,1.991616540755814,CALL,7383.0,7414.0,14049849.000000002,0.0003695609956965128,51850.0,10M-50M,2026-08-21,411.2200012207031,403.1900024414063,397.8500061035156,414.3699035644531,396.7300109863281,18.95,19.15,0.3453892366027831,False,MSFT,31.0,13.5,51850.0,7383.0,23816.129032258064,0.40962962962962973,0.01991616540755814,3801767276203.0,40.962962962962976,3.6956099569651283e-06
MSFT260821C00480000,480.0,11.23,买 Call，看涨,1.991616540755814,CALL,12380.0,12382.0,13902740.0,0.00036569150581687647,42780.0,10M-50M,2026-08-21,411.2200012207031,403.1900024414063,397.8500061035156,414.3699035644531,396.7300109863281,11.25,11.55,0.341376215209961,False,MSFT,2.0,8.05,42780.0,12380.0,619000.0,0.39503105590062104,0.01991616540755814,3801767276203.0,39.503105590062106,3.656915058168765e-06
TSLA260424C00385000,385.0,19.05,买 Call，看涨,5.394067269474101,CALL,7126.0,7143.0,13575030.000000002,0.0009556598123815826,4042.0,10M-50M,2026-04-24,391.9500122070313,371.8900146484375,366.7950134277344,394.6499938964844,362.5,19.25,19.4,0.608524422607422,True,TSLA,17.0,5.98,4042.0,7126.0,41917.64705882353,2.1856187290969897,0.05394067269474101,1420487690716.0,218.56187290969896,9.556598123815826e-06
TSLA260417P00385000,385.0,3.4,卖 Put，看涨,5.394067269474101,PUT,39565.0,39588.0,13452100.0,0.0009470057423179387,6507.0,10M-50M,2026-04-17,391.9500122070313,371.8900146484375,366.7950134277344,394.6499938964844,362.5,3.4,3.45,0.4503228796386719,False,TSLA,23.0,19.95,6507.0,39565.0,172021.73913043478,-0.8295739348370929,0.05394067269474101,1420487690716.0,-82.95739348370928,9.470057423179387e-06
MSFT260417C00390000,390.0,22.56,买 Call，看涨,1.991616540755814,CALL,5806.0,5899.0,13098335.999999998,0.00034453281982799085,15060.0,10M-50M,2026-04-17,411.2200012207031,403.1900024414063,397.8500061035156,414.3699035644531,396.7300109863281,22.15,23.05,0.5383346948242189,True,MSFT,93.0,9.0,15060.0,5806.0,6243.010752688172,1.5066666666666666,0.01991616540755814,3801767276203.0,150.66666666666666,3.4453281982799087e-06
PLTR260417C00140000,140.0,3.8,买 Call，看涨,3.419342734679333,CALL,34397.0,34898.0,13070860.0,0.0031028243684514613,38930.0,10M-50M,2026-04-17,142.14999389648438,137.45010375976562,136.7899932861328,142.5800018310547,134.92999267578125,3.75,3.85,0.5063525927734375,True,PLTR,501.0,1.41,38930.0,34397.0,6865.6686626746505,1.6950354609929077,0.03419342734679333,421256843697.0,169.50354609929076,3.102824368451461e-05
PLTR260417C00139000,139.0,4.46,买 Call，看涨,3.419342734679333,CALL,28801.0,28924.0,12845246.0,0.0030492670189684276,7220.0,10M-50M,2026-04-17,142.14999389648438,137.45010375976562,136.7899932861328,142.5800018310547,134.92999267578125,4.3,4.5,0.51758294921875,True,PLTR,123.0,1.64,7220.0,28801.0,23415.447154471545,1.7195121951219514,0.03419342734679333,421256843697.0,171.95121951219514,3.0492670189684275e-05
TSLA260417P00380000,380.0,2.12,卖 Put，看涨,5.394067269474101,PUT,59604.0,59687.0,12636048.000000002,0.0008895570220415479,7959.0,10M-50M,2026-04-17,391.9500122070313,371.8900146484375,366.7950134277344,394.6499938964844,362.5,2.09,2.11,0.4572808178710938,False,TSLA,83.0,15.34,7959.0,59604.0,71812.0481927711,-0.8617992177314211,0.05394067269474101,1420487690716.0,-86.17992177314211,8.895570220415479e-06
SNOW260918P00160000,160.0,32.26,卖 Put，看涨,2.7009758943890954,PUT,3834.0,3835.0,12368484.0,0.016251220370538555,513.0,10M-50M,2026-09-18,144.49000549316406,140.69000244140625,139.0,144.72999572753906,137.00999450683594,31.65,32.5,0.5946085461425781,True,SNOW,1.0,35.55,513.0,3834.0,383400.0,-0.09254571026722924,0.027009758943890953,76108032000.0,-9.254571026722925,0.00016251220370538553
TSLA260515C00380000,380.0,29.5,买 Call，看涨,5.394067269474101,CALL,4166.0,4188.0,12289700.0,0.0008651746917852804,5114.0,10M-50M,2026-05-15,391.9500122070313,371.8900146484375,366.7950134277344,394.6499938964844,362.5,29.6,29.7,0.5171862246704101,True,TSLA,22.0,13.92,5114.0,4166.0,18936.363636363636,1.1192528735632183,0.05394067269474101,1420487690716.0,111.92528735632183,8.651746917852804e-06
TSM260417C00375000,375.0,9.85,卖 Call，看跌,-1.1298623334279996,CALL,12349.0,12372.0,12163765.0,0.0008579357536772895,2132.0,10M-50M,2026-04-17,375.2962036132813,379.5849914550781,381.4100036621094,381.9700012207031,372.2099914550781,9.6,9.8,0.7041045214843751,True,TSM,23.0,11.22,2132.0,12349.0,53691.30434782609,-0.12210338680926924,-0.011298623334279995,1417794391697.0,-12.210338680926924,8.579357536772895e-06
TSLA260424P00390000,390.0,13.81,卖 Put，看涨,5.394067269474101,PUT,8799.0,8801.0,12151419.0,0.0008554399365386299,613.0,10M-50M,2026-04-24,391.9500122070313,371.8900146484375,366.7950134277344,394.6499938964844,362.5,13.75,13.85,0.5717205914306642,False,TSLA,2.0,29.0,613.0,8799.0,439950.0,-0.5237931034482759,0.05394067269474101,1420487690716.0,-52.37931034482759,8.5543993653863e-06
TSLA260424C00375000,375.0,25.5,买 Call，看涨,5.394067269474101,CALL,4725.0,4752.0,12048750.0,0.0008482122075923657,4133.0,10M-50M,2026-04-24,391.9500122070313,371.8900146484375,366.7950134277344,394.6499938964844,362.5,25.35,25.5,0.6123695989990237,True,TSLA,27.0,8.84,4133.0,4725.0,17500.0,1.8846153846153846,0.05394067269474101,1420487690716.0,188.46153846153845,8.482122075923657e-06
TSLA260417P00395000,395.0,8.0,卖 Put，看涨,5.394067269474101,PUT,14877.0,14878.0,11901600.0,0.000837853089314767,4213.0,10M-50M,2026-04-17,391.9500122070313,371.8900146484375,366.7950134277344,394.6499938964844,362.5,7.9,8.0,0.4469049450683593,True,TSLA,1.0,30.07,4213.0,14877.0,1487700.0,-0.7339541070834719,0.05394067269474101,1420487690716.0,-73.39541070834719,8.37853089314767e-06
SNOW260717P00140000,140.0,15.45,卖 Put，看涨,2.7009758943890954,PUT,7606.0,7615.0,11751270.0,0.015440249460135823,7660.0,10M-50M,2026-07-17,144.49000549316406,140.69000244140625,139.0,144.72999572753906,137.00999450683594,15.7,16.1,0.6297644445800781,False,SNOW,9.0,18.91,7660.0,7606.0,84511.11111111111,-0.1829719725013221,0.027009758943890953,76108032000.0,-18.29719725013221,0.00015440249460135823
MSFT260515C00410000,410.0,20.33,买 Call，看涨,1.991616540755814,CALL,5744.0,7965.0,11677551.999999998,0.0003071611477402927,9543.0,10M-50M,2026-05-15,411.2200012207031,403.1900024414063,397.8500061035156,414.3699035644531,396.7300109863281,20.1,20.45,0.4156857748413085,True,MSFT,2221.0,12.2,9543.0,5744.0,258.6222422332283,0.6663934426229507,0.01991616540755814,3801767276203.0,66.63934426229507,3.0716114774029268e-06
TSLA260424C00377500,377.5,23.66,买 Call，看涨,5.394067269474101,CALL,4842.0,4846.0,11456172.0,0.0008064956898166072,366.0,10M-50M,2026-04-24,391.9500122070313,371.8900146484375,366.7950134277344,394.6499938964844,362.5,23.65,23.75,0.6068154553222658,True,TSLA,4.0,8.4,366.0,4842.0,121050.0,1.8166666666666667,0.05394067269474101,1420487690716.0,181.66666666666666,8.064956898166073e-06
TSLA260415C00355000,355.0,37.17,买 Call，看涨,5.394067269474101,CALL,3047.0,3196.0,11325699.0,0.0007973106049438031,2525.0,10M-50M,2026-04-15,391.9500122070313,371.8900146484375,366.7950134277344,394.6499938964844,362.5,37.15,37.75,1.1650432373046875,True,TSLA,149.0,10.87,2525.0,3047.0,2044.9664429530203,2.419503219871206,0.05394067269474101,1420487690716.0,241.9503219871206,7.973106049438031e-06
MSFT260515C00445000,445.0,7.35,买 Call，看涨,1.991616540755814,CALL,15301.0,15312.0,11246235.0,0.0002958159767010287,31120.0,10M-50M,2026-05-15,411.2200012207031,403.1900024414063,397.8500061035156,414.3699035644531,396.7300109863281,7.2,7.5,0.4025938647460937,False,MSFT,11.0,3.4,31120.0,15301.0,139100.0,1.1617647058823528,0.01991616540755814,3801767276203.0,116.17647058823528,2.958159767010287e-06
MSFT260515C00415000,415.0,18.0,买 Call，看涨,1.991616540755814,CALL,6217.0,6245.0,11190600.0,0.0002943525783402651,7717.0,10M-50M,2026-05-15,411.2200012207031,403.1900024414063,397.8500061035156,414.3699035644531,396.7300109863281,17.75,17.9,0.4110471493530273,False,MSFT,28.0,10.35,7717.0,6217.0,22203.571428571428,0.7391304347826088,0.01991616540755814,3801767276203.0,73.91304347826087,2.9435257834026514e-06
MSFT260424C00400000,400.0,16.09,买 Call，看涨,1.991616540755814,CALL,6837.0,7173.0,11000733.0,0.00028935840099573215,10879.0,10M-50M,2026-04-24,411.2200012207031,403.1900024414063,397.8500061035156,414.3699035644531,396.7300109863281,15.75,16.0,0.348639326171875,True,MSFT,336.0,5.99,10879.0,6837.0,2034.8214285714284,1.686143572621035,0.01991616540755814,3801767276203.0,168.6143572621035,2.8935840099573213e-06
TSLA260515C00420000,420.0,12.3,买 Call，看涨,5.394067269474101,CALL,8943.0,9180.0,10999890.0,0.0007743741865482467,9479.0,10M-50M,2026-05-15,391.9500122070313,371.8900146484375,366.7950134277344,394.6499938964844,362.5,12.25,12.35,0.503483969116211,False,TSLA,237.0,4.32,9479.0,8943.0,3773.4177215189875,1.847222222222222,0.05394067269474101,1420487690716.0,184.7222222222222,7.743741865482467e-06
TSLA260424P00380000,380.0,9.5,卖 Put，看涨,5.394067269474101,PUT,11506.0,11510.0,10930700.0,0.0007695033242062348,1428.0,10M-50M,2026-04-24,391.9500122070313,371.8900146484375,366.7950134277344,394.6499938964844,362.5,9.4,9.5,0.5753216296386718,False,TSLA,4.0,21.44,1428.0,11506.0,287650.0,-0.5569029850746269,0.05394067269474101,1420487690716.0,-55.690298507462686,7.695033242062349e-06
TSLA260417C00362500,362.5,30.21,买 Call，看涨,5.394067269474101,CALL,3562.0,3849.0,10760802.0,0.0007575427840966361,4189.0,10M-50M,2026-04-17,391.9500122070313,371.8900146484375,366.7950134277344,394.6499938964844,362.5,30.1,30.55,0.6352575537109376,True,TSLA,287.0,7.15,4189.0,3562.0,1241.1149825783973,3.2251748251748253,0.05394067269474101,1420487690716.0,322.51748251748256,7.575427840966361e-06
MSFT260424C00405000,405.0,12.47,买 Call，看涨,1.991616540755814,CALL,8537.0,8559.0,10645639.0,0.0002800181659365612,4024.0,10M-50M,2026-04-24,411.2200012207031,403.1900024414063,397.8500061035156,414.3699035644531,396.7300109863281,12.25,12.7,0.343634493408203,True,MSFT,22.0,4.07,4024.0,8537.0,38804.545454545456,2.0638820638820636,0.01991616540755814,3801767276203.0,206.38820638820636,2.800181659365612e-06
TSLA260515C00390000,390.0,24.1,买 Call，看涨,5.394067269474101,CALL,4405.0,4410.0,10616050.0,0.0007473524810798575,2635.0,10M-50M,2026-05-15,391.9500122070313,371.8900146484375,366.7950134277344,394.6499938964844,362.5,24.15,24.25,0.5110827700805664,True,TSLA,5.0,9.9,2635.0,4405.0,88100.0,1.4343434343434345,0.05394067269474101,1420487690716.0,143.43434343434345,7.4735248107985756e-06
TSLA260417P00392500,392.5,6.58,卖 Put，看涨,5.394067269474101,PUT,16044.0,16063.0,10556952.0,0.0007431920789597793,392.0,10M-50M,2026-04-17,391.9500122070313,371.8900146484375,366.7950134277344,394.6499938964844,362.5,6.5,6.55,0.4421442504882812,True,TSLA,19.0,28.15,392.0,16044.0,84442.1052631579,-0.7662522202486679,0.05394067269474101,1420487690716.0,-76.62522202486679,7.4319207895977925e-06
AAPL260415C00257500,257.5,7.88,买 Call，看涨,2.7933138493687495,CALL,13071.0,13981.0,10299948.0,0.00027168571870532396,5128.0,10M-50M,2026-04-15,266.42999267578125,259.19000244140625,258.0950012207031,266.5599975585937,257.82000732421875,7.95,8.25,1.0000000000000004e-05,True,AAPL,910.0,2.73,5128.0,13071.0,1436.3736263736264,1.8864468864468866,0.027933138493687493,3791126029400.0,188.64468864468867,2.7168571870532394e-06
MSFT260424C00420000,420.0,4.91,买 Call，看涨,1.991616540755814,CALL,20502.0,20513.0,10066482.0,0.0002647842771179266,3941.0,10M-50M,2026-04-24,411.2200012207031,403.1900024414063,397.8500061035156,414.3699035644531,396.7300109863281,4.75,4.9,0.3128730822753905,False,MSFT,11.0,1.12,3941.0,20502.0,186381.81818181818,3.383928571428571,0.01991616540755814,3801767276203.0,338.3928571428571,2.6478427711792658e-06
TSLA260515C00375000,375.0,32.5,买 Call，看涨,5.394067269474101,CALL,3091.0,3114.0,10045750.0,0.0007072042979081655,4558.0,10M-50M,2026-05-15,391.9500122070313,371.8900146484375,366.7950134277344,394.6499938964844,362.5,32.4,32.55,0.5167284655761719,True,TSLA,23.0,15.57,4558.0,3091.0,13439.13043478261,1.0873474630700064,0.05394067269474101,1420487690716.0,108.73474630700063,7.072042979081654e-06
MSFT260618C00410000,410.0,25.4,买 Call，看涨,1.991616540755814,CALL,3931.0,3939.0,9984740.0,0.00026263417181001726,3779.0,5M-10M,2026-06-18,411.2200012207031,403.1900024414063,397.8500061035156,414.3699035644531,396.7300109863281,25.25,25.75,0.3639284799194336,True,MSFT,8.0,17.31,3779.0,3931.0,49137.5,0.4673599075678799,0.01991616540755814,3801767276203.0,46.735990756787984,2.6263417181001723e-06
MSFT260618C00420000,420.0,20.5,买 Call，看涨,1.991616540755814,CALL,4827.0,4844.0,9895350.0,0.00026028289690269895,29583.0,5M-10M,2026-06-18,411.2200012207031,403.1900024414063,397.8500061035156,414.3699035644531,396.7300109863281,20.4,20.85,0.3575503698730469,False,MSFT,17.0,13.4,29583.0,4827.0,28394.11764705882,0.5298507462686567,0.01991616540755814,3801767276203.0,52.98507462686567,2.6028289690269893e-06
PLTR260417C00138000,138.0,5.15,买 Call，看涨,3.419342734679333,CALL,19166.0,19623.0,9870490.0,0.00234310496023647,10443.0,5M-10M,2026-04-17,142.14999389648438,137.45010375976562,136.7899932861328,142.5800018310547,134.92999267578125,5.05,5.15,0.5048877636718749,True,PLTR,457.0,2.08,10443.0,19166.0,4193.873085339168,1.4759615384615385,0.03419342734679333,421256843697.0,147.59615384615387,2.34310496023647e-05
MSFT260417C00415000,415.0,2.96,买 Call，看涨,1.991616540755814,CALL,32945.0,32991.0,9751720.0,0.00025650491709580637,10764.0,5M-10M,2026-04-17,411.2200012207031,403.1900024414063,397.8500061035156,414.3699035644531,396.7300109863281,2.99,3.1,0.3181220532226562,False,MSFT,46.0,0.35,10764.0,32945.0,71619.5652173913,7.457142857142857,0.01991616540755814,3801767276203.0,745.7142857142858,2.5650491709580636e-06
TSLA260420C00360000,360.0,32.98,买 Call，看涨,5.394067269474101,CALL,2916.0,3036.0,9616968.0,0.0006770187494657237,2642.0,5M-10M,2026-04-20,391.9500122070313,371.8900146484375,366.7950134277344,394.6499938964844,362.5,32.6,33.25,0.5314988256835937,True,TSLA,120.0,10.4,2642.0,2916.0,2430.0,2.171153846153846,0.05394067269474101,1420487690716.0,217.11538461538458,6.770187494657237e-06
AAPL260415C00265000,265.0,0.63,买 Call，看涨,2.7933138493687495,CALL,152022.0,154881.0,9577386.0,0.00025262642090312566,24193.0,5M-10M,2026-04-15,266.42999267578125,259.19000244140625,258.0950012207031,266.5599975585937,257.82000732421875,0.6,0.67,1.0000000000000004e-05,True,AAPL,2859.0,0.11,24193.0,152022.0,5317.313746065058,4.7272727272727275,0.027933138493687493,3791126029400.0,472.72727272727275,2.5262642090312567e-06
HOOD260417C00085000,85.0,3.25,买 Call，看涨,1.8309034341973396,CALL,28686.0,36205.0,9322950.0,0.008675169048379778,9939.0,5M-10M,2026-04-17,87.31999969482422,85.75,83.55000305175781,87.55000305175781,81.5,3.1,3.25,0.5712933496093751,True,HOOD,7519.0,1.66,9939.0,28686.0,381.5134991355234,0.957831325301205,0.018309034341973396,107467070071.0,95.7831325301205,8.675169048379778e-05
TSLA260424P00395000,395.0,16.63,卖 Put，看涨,5.394067269474101,PUT,5578.0,5608.0,9276214.0,0.0006530302276202269,479.0,5M-10M,2026-04-24,391.9500122070313,371.8900146484375,366.7950134277344,394.6499938964844,362.5,16.35,16.45,0.5708050732421875,True,TSLA,30.0,32.78,479.0,5578.0,18593.333333333332,-0.4926784624771202,0.05394067269474101,1420487690716.0,-49.26784624771202,6.530302276202269e-06
MSFT260515C00430000,430.0,11.77,买 Call，看涨,1.991616540755814,CALL,7841.0,8002.0,9228857.0,0.00024275176068160818,10953.0,5M-10M,2026-05-15,411.2200012207031,403.1900024414063,397.8500061035156,414.3699035644531,396.7300109863281,11.5,11.85,0.4060117993164062,False,MSFT,161.0,6.15,10953.0,7841.0,4870.186335403727,0.9138211382113819,0.01991616540755814,3801767276203.0,91.38211382113819,2.4275176068160817e-06
MSFT260501C00400000,400.0,23.55,买 Call，看涨,1.991616540755814,CALL,3891.0,3926.0,9163305.0,0.00024102750995194568,7266.0,5M-10M,2026-05-01,411.2200012207031,403.1900024414063,397.8500061035156,414.3699035644531,396.7300109863281,23.25,23.65,0.5004932763671875,True,MSFT,35.0,13.9,7266.0,3891.0,11117.142857142859,0.6942446043165468,0.01991616540755814,3801767276203.0,69.42446043165468,2.410275099519457e-06
SOFI260515C00020000,20.0,1.03,买 Call，看涨,2.7056618593557924,CALL,87173.0,90051.0,8978819.0,0.026798721915270093,38898.0,5M-10M,2026-05-15,18.790000915527344,18.295000076293945,18.450000762939453,18.81999969482422,18.170000076293945,1.03,1.04,0.6962920996093751,False,SOFI,2878.0,0.81,38898.0,87173.0,3028.9437109103546,0.27160493827160487,0.027056618593557926,33504653798.0,27.160493827160487,0.00026798721915270094
TSLA260420C00377500,377.5,18.12,买 Call，看涨,5.394067269474101,CALL,4931.0,4963.0,8934972.0,0.0006290073513763647,947.0,5M-10M,2026-04-20,391.9500122070313,371.8900146484375,366.7950134277344,394.6499938964844,362.5,18.0,18.15,0.4660697924804688,True,TSLA,32.0,2.69,947.0,4931.0,15409.375,5.736059479553904,0.05394067269474101,1420487690716.0,573.6059479553904,6.290073513763648e-06
MSFT270115C00500000,500.0,19.15,买 Call，看涨,1.991616540755814,CALL,4636.0,4673.0,8877940.0,0.00023352139557755378,24494.0,5M-10M,2027-01-15,411.2200012207031,403.1900024414063,397.8500061035156,414.3699035644531,396.7300109863281,18.95,19.15,0.3304968074035644,False,MSFT,37.0,14.65,24494.0,4636.0,12529.72972972973,0.3071672354948804,0.01991616540755814,3801767276203.0,30.71672354948804,2.335213955775538e-06
TSLA260420C00405000,405.0,4.13,买 Call，看涨,5.394067269474101,CALL,21441.0,21442.0,8855133.0,0.0006233868169273998,400.0,5M-10M,2026-04-20,391.9500122070313,371.8900146484375,366.7950134277344,394.6499938964844,362.5,4.15,4.2,0.4566704724121094,False,TSLA,1.0,0.42,400.0,21441.0,2144100.0,8.833333333333334,0.05394067269474101,1420487690716.0,883.3333333333334,6.233868169273998e-06
INTC260515C00055000,55.0,11.55,买 Call，看涨,1.2946526644092258,CALL,7624.0,8340.0,8805720.000000002,0.0056670882043460226,30749.0,5M-10M,2026-05-15,64.94000244140625,64.11000061035156,63.79999923706055,65.83999633789062,62.875,11.45,11.6,0.7319362744140624,True,INTC,716.0,10.8,30749.0,7624.0,1064.804469273743,0.06944444444444443,0.012946526644092259,155383500000.0,6.944444444444444,5.667088204346023e-05
IONQ260515C00035000,35.0,9.95,买 Call，看涨,5.915495089762885,CALL,8805.0,9035.0,8760975.0,0.04386794193315896,24064.0,5M-10M,2026-05-15,43.2400016784668,40.82500076293945,38.36000061035156,43.29999923706055,37.459999084472656,9.85,10.1,1.055180505371094,True,IONQ,230.0,7.8,24064.0,8805.0,3828.260869565217,0.2756410256410256,0.05915495089762885,19971246915.0,27.564102564102562,0.0004386794193315896
TSLA260508C00400000,400.0,17.35,买 Call，看涨,5.394067269474101,CALL,5037.0,5049.0,8739195.000000002,0.0006152249721780406,1857.0,5M-10M,2026-05-08,391.9500122070313,371.8900146484375,366.7950134277344,394.6499938964844,362.5,17.25,17.35,0.5208177801513671,False,TSLA,12.0,6.29,1857.0,5037.0,41975.0,1.758346581875994,0.05394067269474101,1420487690716.0,175.83465818759942,6.152249721780406e-06
AAPL260424C00265000,265.0,4.89,买 Call，看涨,2.7933138493687495,CALL,17805.0,18654.0,8706645.0,0.00022965854821180797,11549.0,5M-10M,2026-04-24,266.42999267578125,259.19000244140625,258.0950012207031,266.5599975585937,257.82000732421875,4.85,5.0,0.2420730090332031,True,AAPL,849.0,2.26,11549.0,17805.0,2097.173144876325,1.1637168141592922,0.027933138493687493,3791126029400.0,116.37168141592922,2.2965854821180796e-06
HOOD280121C00100000,100.0,27.95,买 Call，看涨,1.8309034341973396,CALL,3095.0,3118.0,8650525.0,0.00804946575196,8733.0,5M-10M,2028-01-21,87.31999969482422,85.75,83.55000305175781,87.55000305175781,81.5,27.65,27.95,0.7045927978515626,False,HOOD,23.0,25.0,8733.0,3095.0,13456.521739130434,0.11799999999999997,0.018309034341973396,107467070071.0,11.799999999999997,8.04946575196e-05
TSLA260417P00387500,387.5,4.36,卖 Put，看涨,5.394067269474101,PUT,19811.0,19824.0,8637596.0,0.0006080725694740938,272.0,5M-10M,2026-04-17,391.9500122070313,371.8900146484375,366.7950134277344,394.6499938964844,362.5,4.3,4.4,0.4526421923828125,False,TSLA,13.0,23.72,272.0,19811.0,152392.3076923077,-0.8161888701517707,0.05394067269474101,1420487690716.0,-81.61888701517707,6.080725694740938e-06
GOOGL260417C00335000,335.0,3.59,买 Call，看涨,1.0973990002779397,CALL,24025.0,24348.0,8624975.0,0.0002892680640195916,11511.0,5M-10M,2026-04-17,337.1199951171875,333.4606018066406,332.8900146484375,337.4800109863281,330.8999938964844,3.6,3.7,0.2055743505859374,True,GOOGL,323.0,2.3,11511.0,24025.0,7438.080495356037,0.5608695652173914,0.010973990002779396,2981654760000.0,56.08695652173914,2.892680640195916e-06
AAPL260515C00270000,270.0,7.2,买 Call，看涨,2.7933138493687495,CALL,11804.0,11863.0,8498880.0,0.00022417825031643884,24512.0,5M-10M,2026-05-15,266.42999267578125,259.19000244140625,258.0950012207031,266.5599975585937,257.82000732421875,7.15,7.25,0.2861399511718749,False,AAPL,59.0,4.58,24512.0,11804.0,20006.77966101695,0.5720524017467249,0.027933138493687493,3791126029400.0,57.20524017467249,2.2417825031643884e-06
MSFT260515C00420000,420.0,15.7,买 Call，看涨,1.991616540755814,CALL,5365.0,5518.0,8423050.0,0.0002215561708030821,8476.0,5M-10M,2026-05-15,411.2200012207031,403.1900024414063,397.8500061035156,414.3699035644531,396.7300109863281,15.25,15.4,0.4032652447509766,False,MSFT,153.0,8.6,8476.0,5365.0,3506.5359477124184,0.8255813953488372,0.01991616540755814,3801767276203.0,82.55813953488372,2.215561708030821e-06
MSFT260618C00450000,450.0,10.15,买 Call，看涨,1.991616540755814,CALL,8273.0,8363.0,8397095.0,0.00022087346199651034,29720.0,5M-10M,2026-06-18,411.2200012207031,403.1900024414063,397.8500061035156,414.3699035644531,396.7300109863281,10.15,10.35,0.3470524279785155,False,MSFT,90.0,5.95,29720.0,8273.0,9192.222222222223,0.7058823529411765,0.01991616540755814,3801767276203.0,70.58823529411765,2.2087346199651034e-06
TSLA260618C00415000,415.0,21.99,买 Call，看涨,5.394067269474101,CALL,3730.0,3732.0,8202270.0,0.0005774263341814407,2155.0,5M-10M,2026-06-18,391.9500122070313,371.8900146484375,366.7950134277344,394.6499938964844,362.5,22.3,22.5,0.4829458444213867,False,TSLA,2.0,11.5,2155.0,3730.0,186500.0,0.9121739130434782,0.05394067269474101,1420487690716.0,91.21739130434781,5.774263341814407e-06
MSFT260417C00402500,402.5,11.16,买 Call，看涨,1.991616540755814,CALL,7248.0,7366.0,8088768.000000001,0.00021276336535987615,1411.0,5M-10M,2026-04-17,411.2200012207031,403.1900024414063,397.8500061035156,414.3699035644531,396.7300109863281,10.85,11.2,0.3963683410644532,True,MSFT,118.0,2.09,1411.0,7248.0,6142.372881355932,4.339712918660288,0.01991616540755814,3801767276203.0,433.97129186602876,2.1276336535987614e-06
TSLA260420C00385000,385.0,12.89,买 Call，看涨,5.394067269474101,CALL,6105.0,6194.0,7869345.0,0.0005539889610752937,2704.0,5M-10M,2026-04-20,391.9500122070313,371.8900146484375,366.7950134277344,394.6499938964844,362.5,13.05,13.15,0.4661918615722656,True,TSLA,89.0,1.52,2704.0,6105.0,6859.550561797752,7.480263157894737,0.05394067269474101,1420487690716.0,748.0263157894738,5.539889610752937e-06
HOOD260417C00090000,90.0,1.05,买 Call，看涨,1.8309034341973396,CALL,73766.0,81136.0,7745430.0,0.007207258925811271,13168.0,5M-10M,2026-04-17,87.31999969482422,85.75,83.55000305175781,87.55000305175781,81.5,1.05,1.07,0.6669955175781253,False,HOOD,7370.0,0.52,13168.0,73766.0,1000.8955223880598,1.0192307692307692,0.018309034341973396,107467070071.0,101.92307692307692,7.20725892581127e-05
AAPL260417C00267500,267.5,1.56,买 Call，看涨,2.7933138493687495,CALL,48344.0,48698.0,7541664.0,0.00019892939304878707,15643.0,5M-10M,2026-04-17,266.42999267578125,259.19000244140625,258.0950012207031,266.5599975585937,257.82000732421875,1.53,1.58,0.2144853942871093,False,AAPL,354.0,0.38,15643.0,48344.0,13656.497175141243,3.105263157894737,0.027933138493687493,3791126029400.0,310.5263157894737,1.9892939304878706e-06
AAPL260417C00257500,257.5,8.5,买 Call，看涨,2.7933138493687495,CALL,8654.0,9241.0,7355900.0,0.00019402942405383913,5885.0,5M-10M,2026-04-17,266.42999267578125,259.19000244140625,258.0950012207031,266.5599975585937,257.82000732421875,8.4,8.55,1.0000000000000004e-05,True,AAPL,587.0,3.8,5885.0,8654.0,1474.2759795570698,1.236842105263158,0.027933138493687493,3791126029400.0,123.6842105263158,1.9402942405383912e-06
AMD260515C00260000,260.0,16.03,买 Call，看涨,1.1402328775387294,CALL,4556.0,4617.0,7303268.000000001,0.002822206495328669,10738.0,5M-10M,2026-05-15,258.1199951171875,255.2100067138672,255.02999877929688,258.17999267578125,251.8500061035156,15.9,16.15,0.5632978240966797,False,AMD,61.0,15.06,10738.0,4556.0,7468.852459016393,0.06440903054448875,0.011402328775387294,258778654648.0,6.440903054448875,2.822206495328669e-05
MSFT260417C00395000,395.0,17.87,买 Call，看涨,1.991616540755814,CALL,4049.0,4586.0,7235563.0,0.00019032103951471983,8623.0,5M-10M,2026-04-17,411.2200012207031,403.1900024414063,397.8500061035156,414.3699035644531,396.7300109863281,17.6,18.05,0.4953663745117188,True,MSFT,537.0,5.5,8623.0,4049.0,754.0037243947859,2.2490909090909095,0.01991616540755814,3801767276203.0,224.90909090909093,1.9032103951471984e-06
TSLA260420C00372500,372.5,22.11,买 Call，看涨,5.394067269474101,CALL,3264.0,3299.0,7216703.999999999,0.0005080441067646565,1079.0,5M-10M,2026-04-20,391.9500122070313,371.8900146484375,366.7950134277344,394.6499938964844,362.5,22.0,22.2,0.4840139489746094,True,TSLA,35.0,4.29,1079.0,3264.0,9325.714285714284,4.153846153846154,0.05394067269474101,1420487690716.0,415.3846153846154,5.080441067646565e-06
IONQ260618P00040000,40.0,5.72,卖 Put，看涨,5.915495089762885,PUT,12404.0,12422.0,7095087.999999999,0.03552651484505468,2076.0,5M-10M,2026-06-18,43.2400016784668,40.82500076293945,38.36000061035156,43.29999923706055,37.459999084472656,5.6,5.85,1.0407762805175786,False,IONQ,18.0,7.0,2076.0,12404.0,68911.11111111111,-0.18285714285714288,0.05915495089762885,19971246915.0,-18.28571428571429,0.0003552651484505468
MSFT260424C00395000,395.0,20.22,买 Call，看涨,1.991616540755814,CALL,3497.0,3634.0,7070934.0,0.00018599071132681397,4584.0,5M-10M,2026-04-24,411.2200012207031,403.1900024414063,397.8500061035156,414.3699035644531,396.7300109863281,19.55,20.55,0.3949035119628906,True,MSFT,137.0,8.65,4584.0,3497.0,2552.5547445255474,1.33757225433526,0.01991616540755814,3801767276203.0,133.757225433526,1.8599071132681398e-06
AAPL260515C00280000,280.0,3.59,买 Call，看涨,2.7933138493687495,CALL,19683.0,19790.0,7066197.0,0.00018638781578881794,32884.0,5M-10M,2026-05-15,266.42999267578125,259.19000244140625,258.0950012207031,266.5599975585937,257.82000732421875,3.65,3.75,0.2817454638671874,False,AAPL,107.0,2.1,32884.0,19683.0,18395.327102803738,0.7095238095238093,0.027933138493687493,3791126029400.0,70.95238095238093,1.8638781578881794e-06
MSFT260417C00407500,407.5,7.13,买 Call，看涨,1.991616540755814,CALL,9901.0,10017.0,7059413.0,0.0001856876680534365,1190.0,5M-10M,2026-04-17,411.2200012207031,403.1900024414063,397.8500061035156,414.3699035644531,396.7300109863281,7.1,7.35,0.3568179553222655,True,MSFT,116.0,0.96,1190.0,9901.0,8535.344827586207,6.427083333333334,0.01991616540755814,3801767276203.0,642.7083333333334,1.8568766805343648e-06
TSLA260501C00400000,400.0,14.92,买 Call，看涨,5.394067269474101,CALL,4710.0,4736.0,7027320.0,0.0004947117842645903,3446.0,5M-10M,2026-05-01,391.9500122070313,371.8900146484375,366.7950134277344,394.6499938964844,362.5,14.85,14.95,0.5473067730712893,False,TSLA,26.0,4.65,3446.0,4710.0,18115.384615384617,2.2086021505376343,0.05394067269474101,1420487690716.0,220.86021505376343,4.947117842645904e-06
TSLA260420C00392500,392.5,8.75,买 Call，看涨,5.394067269474101,CALL,7774.0,7779.0,6802250.0,0.0004788672259856973,309.0,5M-10M,2026-04-20,391.9500122070313,371.8900146484375,366.7950134277344,394.6499938964844,362.5,8.7,8.8,0.4522759851074219,False,TSLA,5.0,0.78,309.0,7774.0,155480.0,10.217948717948717,0.05394067269474101,1420487690716.0,1021.7948717948717,4.788672259856973e-06
TSLA260424C00420000,420.0,5.9,买 Call，看涨,5.394067269474101,CALL,11457.0,11594.0,6759630.0,0.00047586684799730955,4062.0,5M-10M,2026-04-24,391.9500122070313,371.8900146484375,366.7950134277344,394.6499938964844,362.5,5.85,5.95,0.6051064880371095,False,TSLA,137.0,1.1,4062.0,11457.0,8362.773722627737,4.363636363636364,0.05394067269474101,1420487690716.0,436.36363636363643,4.7586684799730956e-06
NFLX260618C00110000,110.0,5.5,买 Call，看涨,1.412296406110498,CALL,12110.0,12268.0,6660500.0,0.0012947589354778968,28650.0,5M-10M,2026-06-18,107.70999908447266,106.20999908447266,106.00499725341795,107.8499984741211,105.04000091552734,5.4,5.55,0.3621889953613281,False,NFLX,158.0,4.5,28650.0,12110.0,7664.556962025317,0.2222222222222222,0.014122964061104979,514420083731.0,22.22222222222222,1.2947589354778967e-05
INTC270115C00075000,75.0,11.6,买 Call，看涨,1.2946526644092258,CALL,5661.0,5676.0,6566759.999999999,0.004226163009585959,17938.0,5M-10M,2027-01-15,64.94000244140625,64.11000061035156,63.79999923706055,65.83999633789062,62.875,11.3,11.55,0.6675448284912111,False,INTC,15.0,11.0,17938.0,5661.0,37740.0,0.054545454545454515,0.012946526644092259,155383500000.0,5.4545454545454515,4.226163009585959e-05
MSFT260415C00395000,395.0,17.45,买 Call，看涨,1.991616540755814,CALL,3726.0,4802.0,6501870.0,0.00017102230430300608,5212.0,5M-10M,2026-04-15,411.2200012207031,403.1900024414063,397.8500061035156,414.3699035644531,396.7300109863281,16.55,18.1,0.7187528125,True,MSFT,1076.0,3.28,5212.0,3726.0,346.2825278810409,4.320121951219512,0.01991616540755814,3801767276203.0,432.0121951219512,1.7102230430300608e-06
TSLA260424C00410000,410.0,8.41,买 Call，看涨,5.394067269474101,CALL,7562.0,7566.0,6359642.0,0.00044770834985514085,2830.0,5M-10M,2026-04-24,391.9500122070313,371.8900146484375,366.7950134277344,394.6499938964844,362.5,8.4,8.5,0.5996133789062501,False,TSLA,4.0,1.8,2830.0,7562.0,189050.0,3.6722222222222225,0.05394067269474101,1420487690716.0,367.22222222222223,4.477083498551408e-06
MSFT260515C00450000,450.0,6.15,买 Call，看涨,1.991616540755814,CALL,10298.0,10612.0,6333270.0,0.0001665875246926037,12814.0,5M-10M,2026-05-15,411.2200012207031,403.1900024414063,397.8500061035156,414.3699035644531,396.7300109863281,6.0,6.3,0.3996031719970704,False,MSFT,314.0,2.84,12814.0,10298.0,3279.6178343949045,1.1654929577464792,0.01991616540755814,3801767276203.0,116.54929577464792,1.665875246926037e-06
AMD260417C00255000,255.0,5.65,买 Call，看涨,1.1402328775387294,CALL,11002.0,11641.0,6216130.0,0.002402103066984177,5956.0,5M-10M,2026-04-17,258.1199951171875,255.2100067138672,255.02999877929688,258.17999267578125,251.8500061035156,5.65,5.8,0.436529072265625,True,AMD,639.0,4.4,5956.0,11002.0,1721.752738654147,0.28409090909090906,0.011402328775387294,258778654648.0,28.409090909090907,2.402103066984177e-05
TSLA260417C00405000,405.0,2.39,买 Call，看涨,5.394067269474101,CALL,25748.0,25770.0,6153772.0,0.00043321544003652564,4412.0,5M-10M,2026-04-17,391.9500122070313,371.8900146484375,366.7950134277344,394.6499938964844,362.5,2.4,2.42,0.4942677526855469,False,TSLA,22.0,0.14,4412.0,25748.0,117036.36363636363,16.07142857142857,0.05394067269474101,1420487690716.0,1607.1428571428569,4.332154400365256e-06
TSLA260424P00370000,370.0,6.2,卖 Put，看涨,5.394067269474101,PUT,9889.0,9929.0,6131180.0,0.00043162500034826524,1353.0,5M-10M,2026-04-24,391.9500122070313,371.8900146484375,366.7950134277344,394.6499938964844,362.5,6.2,6.25,0.5831340515136718,False,TSLA,40.0,15.58,1353.0,9889.0,24722.5,-0.6020539152759948,0.05394067269474101,1420487690716.0,-60.20539152759948,4.316250003482653e-06
GOOGL260515C00330000,330.0,18.0,买 Call，看涨,1.0973990002779397,CALL,3406.0,3425.0,6130800.0,0.00020561736664643227,13520.0,5M-10M,2026-05-15,337.1199951171875,333.4606018066406,332.8900146484375,337.4800109863281,330.8999938964844,17.95,18.0,0.3651796881103516,True,GOOGL,19.0,15.91,13520.0,3406.0,17926.315789473683,0.13136392206159647,0.010973990002779396,2981654760000.0,13.136392206159647,2.0561736664643226e-06
AAPL260424C00260000,260.0,7.98,买 Call，看涨,2.7933138493687495,CALL,7642.0,7812.0,6098316.0,0.00016085764368443183,6909.0,5M-10M,2026-04-24,266.42999267578125,259.19000244140625,258.0950012207031,266.5599975585937,257.82000732421875,7.85,8.15,0.2398757653808593,True,AAPL,170.0,4.3,6909.0,7642.0,4495.294117647059,0.8558139534883723,0.027933138493687493,3791126029400.0,85.58139534883723,1.6085764368443182e-06
AAPL260618C00290000,290.0,4.0,买 Call，看涨,2.7933138493687495,CALL,15141.0,15146.0,6056400.0,0.00015975200911372793,22867.0,5M-10M,2026-06-18,266.42999267578125,259.19000244140625,258.0950012207031,266.5599975585937,257.82000732421875,3.95,4.0,0.2644726873779296,False,AAPL,5.0,2.32,22867.0,15141.0,302820.0,0.7241379310344829,0.027933138493687493,3791126029400.0,72.41379310344828,1.5975200911372794e-06
MSFT260424C00415000,415.0,7.0,买 Call，看涨,1.991616540755814,CALL,8593.0,8620.0,6015100.0,0.00015821852215024474,2514.0,5M-10M,2026-04-24,411.2200012207031,403.1900024414063,397.8500061035156,414.3699035644531,396.7300109863281,6.6,7.05,0.3230048168945311,False,MSFT,27.0,1.87,2514.0,8593.0,31825.925925925923,2.7433155080213902,0.01991616540755814,3801767276203.0,274.331550802139,1.5821852215024474e-06
TSLA260417C00397500,397.5,4.34,买 Call，看涨,5.394067269474101,CALL,13661.0,13667.0,5928874.0,0.00041738299027508914,1643.0,5M-10M,2026-04-17,391.9500122070313,371.8900146484375,366.7950134277344,394.6499938964844,362.5,4.55,4.6,0.4924367163085938,False,TSLA,6.0,0.23,1643.0,13661.0,227683.33333333334,17.8695652173913,0.05394067269474101,1420487690716.0,1786.95652173913,4.173829902750891e-06
MSFT260417C00412500,412.5,4.15,买 Call，看涨,1.991616540755814,CALL,14103.0,14114.0,5852745.0,0.00015394800824961084,1803.0,5M-10M,2026-04-17,411.2200012207031,403.1900024414063,397.8500061035156,414.3699035644531,396.7300109863281,4.05,4.3,0.3298406860351562,False,MSFT,11.0,0.47,1803.0,14103.0,128209.0909090909,7.829787234042555,0.01991616540755814,3801767276203.0,782.9787234042554,1.5394800824961085e-06
AAPL260618C00300000,300.0,2.3,买 Call，看涨,2.7933138493687495,CALL,25346.0,25412.0,5829580.0,0.00015376909010124927,34920.0,5M-10M,2026-06-18,266.42999267578125,259.19000244140625,258.0950012207031,266.5599975585937,257.82000732421875,2.27,2.32,0.2642895837402343,False,AAPL,66.0,1.32,34920.0,25346.0,38403.030303030304,0.7424242424242422,0.027933138493687493,3791126029400.0,74.24242424242422,1.5376909010124927e-06
MSFT260424C00410000,410.0,9.35,买 Call，看涨,1.991616540755814,CALL,6181.0,6407.0,5779235.0,0.00015201443381805286,4775.0,5M-10M,2026-04-24,411.2200012207031,403.1900024414063,397.8500061035156,414.3699035644531,396.7300109863281,9.3,9.5,0.3273993041992187,True,MSFT,226.0,2.77,4775.0,6181.0,2734.9557522123896,2.375451263537906,0.01991616540755814,3801767276203.0,237.5451263537906,1.5201443381805285e-06
MSFT260515C00425000,425.0,13.83,买 Call，看涨,1.991616540755814,CALL,4172.0,4178.0,5769876.0,0.00015176825883362962,4703.0,5M-10M,2026-05-15,411.2200012207031,403.1900024414063,397.8500061035156,414.3699035644531,396.7300109863281,13.35,13.9,0.412542495727539,False,MSFT,6.0,7.3,4703.0,4172.0,69533.33333333334,0.8945205479452055,0.01991616540755814,3801767276203.0,89.45205479452055,1.5176825883362963e-06
HOOD260417C00075000,75.0,12.2,买 Call，看涨,1.8309034341973396,CALL,4708.0,4837.0,5743760.0,0.005344669763682293,18204.0,5M-10M,2026-04-17,87.31999969482422,85.75,83.55000305175781,87.55000305175781,81.5,12.15,12.4,0.8984385156249999,True,HOOD,129.0,8.7,18204.0,4708.0,3649.6124031007753,0.40229885057471265,0.018309034341973396,107467070071.0,40.229885057471265,5.3446697636822934e-05
TSLA260424P00400000,400.0,19.25,卖 Put，看涨,5.394067269474101,PUT,2976.0,3044.0,5728800.0,0.00040329810933542023,1710.0,5M-10M,2026-04-24,391.9500122070313,371.8900146484375,366.7950134277344,394.6499938964844,362.5,19.2,19.35,0.570316796875,True,TSLA,68.0,38.19,1710.0,2976.0,4376.470588235295,-0.49594134590206856,0.05394067269474101,1420487690716.0,-49.594134590206856,4.032981093354202e-06
HOOD260424C00085000,85.0,4.88,买 Call，看涨,1.8309034341973396,CALL,11692.0,13536.0,5705696.0,0.0053092505417989275,5643.0,5M-10M,2026-04-24,87.31999969482422,85.75,83.55000305175781,87.55000305175781,81.5,4.85,4.9,0.6323278955078125,True,HOOD,1844.0,3.1,5643.0,11692.0,634.0563991323211,0.5741935483870967,0.018309034341973396,107467070071.0,57.419354838709666,5.309250541798927e-05
MSFT260417C00397500,397.5,15.55,买 Call，看涨,1.991616540755814,CALL,3666.0,4019.0,5700630.0,0.0001499468427665957,6014.0,5M-10M,2026-04-17,411.2200012207031,403.1900024414063,397.8500061035156,414.3699035644531,396.7300109863281,15.05,15.55,0.4458063232421875,True,MSFT,353.0,3.95,6014.0,3666.0,1038.5269121813033,2.9367088607594938,0.01991616540755814,3801767276203.0,293.6708860759494,1.499468427665957e-06
MSFT260417C00420000,420.0,1.52,买 Call，看涨,1.991616540755814,CALL,36123.0,36136.0,5490696.0,0.00014442483195562173,14034.0,5M-10M,2026-04-17,411.2200012207031,403.1900024414063,397.8500061035156,414.3699035644531,396.7300109863281,1.5,1.55,0.3120185986328124,False,MSFT,13.0,0.22,14034.0,36123.0,277869.23076923075,5.909090909090909,0.01991616540755814,3801767276203.0,590.9090909090909,1.4442483195562172e-06
AMD260417C00240000,240.0,17.53,买 Call，看涨,1.1402328775387294,CALL,3110.0,3139.0,5451830.0,0.0021067541321813325,9058.0,5M-10M,2026-04-17,258.1199951171875,255.2100067138672,255.02999877929688,258.17999267578125,251.8500061035156,17.3,18.15,0.3515689843749999,True,AMD,29.0,15.53,9058.0,3110.0,10724.137931034482,0.12878300064391512,0.011402328775387294,258778654648.0,12.878300064391512,2.1067541321813326e-05
SOFI260417C00017000,17.0,1.81,买 Call，看涨,2.7056618593557924,CALL,29877.0,31230.0,5407737.0,0.016140256313655166,41042.0,5M-10M,2026-04-17,18.790000915527344,18.295000076293945,18.450000762939453,18.81999969482422,18.170000076293945,1.79,1.84,0.6875031250000001,True,SOFI,1353.0,1.4,41042.0,29877.0,2208.20399113082,0.292857142857143,0.027056618593557926,33504653798.0,29.2857142857143,0.00016140256313655166
PLTR260417C00137000,137.0,5.99,买 Call，看涨,3.419342734679333,CALL,8832.0,9435.0,5290368.0,0.0012558533063988001,15595.0,5M-10M,2026-04-17,142.14999389648438,137.45010375976562,136.7899932861328,142.5800018310547,134.92999267578125,5.95,6.1,0.5361374511718751,True,PLTR,603.0,2.67,15595.0,8832.0,1464.676616915423,1.2434456928838953,0.03419342734679333,421256843697.0,124.34456928838952,1.2558533063988002e-05
COIN260424C00195000,195.0,8.8,买 Call，看涨,2.672951133728824,CALL,5995.0,6007.0,5275600.000000001,0.006568529798714587,1977.0,5M-10M,2026-04-24,195.8999938964844,190.8000030517578,185.6499938964844,196.4600067138672,183.5200042724609,8.5,8.9,0.6389196264648438,True,COIN,12.0,4.8,1977.0,5995.0,49958.33333333333,0.8333333333333336,0.02672951133728824,80316298497.0,83.33333333333336,6.568529798714587e-05
AAPL260417C00270000,270.0,0.84,买 Call，看涨,2.7933138493687495,CALL,62529.0,63681.0,5252436.0,0.00013854553922152974,37625.0,5M-10M,2026-04-17,266.42999267578125,259.19000244140625,258.0950012207031,266.5599975585937,257.82000732421875,0.82,0.85,0.2253495434570312,False,AAPL,1152.0,0.2,37625.0,62529.0,5427.864583333334,3.1999999999999993,0.027933138493687493,3791126029400.0,319.99999999999994,1.3854553922152974e-06
MSFT260415C00397500,397.5,14.7,买 Call，看涨,1.991616540755814,CALL,3495.0,4432.0,5137650.0,0.00013513846657997456,2402.0,5M-10M,2026-04-15,411.2200012207031,403.1900024414063,397.8500061035156,414.3699035644531,396.7300109863281,14.8,15.7,0.7202176416015625,True,MSFT,937.0,1.82,2402.0,3495.0,372.9989327641409,7.076923076923076,0.01991616540755814,3801767276203.0,707.6923076923076,1.3513846657997455e-06
PLTR260417C00130000,130.0,12.38,买 Call，看涨,3.419342734679333,CALL,4057.0,4090.0,5022566.0,0.0011922811641281279,12853.0,5M-10M,2026-04-17,142.14999389648438,137.45010375976562,136.7899932861328,142.5800018310547,134.92999267578125,12.1,12.55,0.6152382226562501,True,PLTR,33.0,7.4,12853.0,4057.0,12293.939393939394,0.672972972972973,0.03419342734679333,421256843697.0,67.29729729729729,1.1922811641281279e-05
TSLA260420C00395000,395.0,7.65,买 Call，看涨,5.394067269474101,CALL,6526.0,6542.0,4992390.0,0.000351456055031605,1274.0,<=5M,2026-04-20,391.9500122070313,371.8900146484375,366.7950134277344,394.6499938964844,362.5,7.6,7.7,0.4543511596679687,False,TSLA,16.0,0.77,1274.0,6526.0,40787.5,8.935064935064936,0.05394067269474101,1420487690716.0,893.5064935064936,3.51456055031605e-06
AAPL260717C00260000,260.0,18.75,买 Call，看涨,2.7933138493687495,CALL,2633.0,3171.0,4936875.0,0.00013022186447284452,19654.0,<=5M,2026-07-17,266.42999267578125,259.19000244140625,258.0950012207031,266.5599975585937,257.82000732421875,18.55,18.85,0.2896189202880859,True,AAPL,538.0,14.8,19654.0,2633.0,489.40520446096656,0.26689189189189183,0.027933138493687493,3791126029400.0,26.689189189189182,1.3022186447284452e-06
TSLA260515P00380000,380.0,16.0,卖 Put，看涨,5.394067269474101,PUT,3080.0,3435.0,4928000.0,0.0003469231048046626,12057.0,<=5M,2026-05-15,391.9500122070313,371.8900146484375,366.7950134277344,394.6499938964844,362.5,15.9,16.05,0.4795584271240234,False,TSLA,355.0,28.18,12057.0,3080.0,867.605633802817,-0.43222143364088006,0.05394067269474101,1420487690716.0,-43.222143364088005,3.469231048046626e-06
TSLA260420P00390000,390.0,7.57,卖 Put，看涨,5.394067269474101,PUT,6508.0,6520.0,4926556.000000001,0.0003468214495767126,23.0,<=5M,2026-04-20,391.9500122070313,371.8900146484375,366.7950134277344,394.6499938964844,362.5,7.45,7.6,0.4271297521972657,False,TSLA,12.0,25.4,23.0,6508.0,54233.333333333336,-0.7019685039370078,0.05394067269474101,1420487690716.0,-70.19685039370079,3.468214495767126e-06
TSLA260424C00415000,415.0,7.05,买 Call，看涨,5.394067269474101,CALL,6891.0,6947.0,4858155.0,0.0003420061315386152,1996.0,<=5M,2026-04-24,391.9500122070313,371.8900146484375,366.7950134277344,394.6499938964844,362.5,6.95,7.1,0.5999795861816408,False,TSLA,56.0,1.4,1996.0,6891.0,12305.357142857143,4.0357142857142865,0.05394067269474101,1420487690716.0,403.57142857142867,3.4200613153861518e-06
PLTR260417C00141000,141.0,3.2,买 Call，看涨,3.419342734679333,CALL,14822.0,15192.0,4743040.0,0.001125925921671567,4506.0,<=5M,2026-04-17,142.14999389648438,137.45010375976562,136.7899932861328,142.5800018310547,134.92999267578125,3.2,3.25,0.5097705273437501,True,PLTR,370.0,1.03,4506.0,14822.0,4005.9459459459463,2.1067961165048543,0.03419342734679333,421256843697.0,210.67961165048544,1.125925921671567e-05
AAPL260424C00270000,270.0,2.69,买 Call，看涨,2.7933138493687495,CALL,17591.0,18749.0,4731979.0,0.00012481724330195648,11004.0,<=5M,2026-04-24,266.42999267578125,259.19000244140625,258.0950012207031,266.5599975585937,257.82000732421875,2.66,2.7,0.2398757653808593,False,AAPL,1158.0,1.1,11004.0,17591.0,1519.084628670121,1.445454545454545,0.027933138493687493,3791126029400.0,144.5454545454545,1.2481724330195648e-06
TSLA260420C00382500,382.5,14.49,买 Call，看涨,5.394067269474101,CALL,3217.0,3221.0,4661433.0,0.0003281572258926365,670.0,<=5M,2026-04-20,391.9500122070313,371.8900146484375,366.7950134277344,394.6499938964844,362.5,14.6,14.75,0.4680228979492187,True,TSLA,4.0,1.89,670.0,3217.0,80425.0,6.666666666666667,0.05394067269474101,1420487690716.0,666.6666666666667,3.2815722589263652e-06
HOOD260417C00080000,80.0,7.4,买 Call，看涨,1.8309034341973396,CALL,6295.0,7783.0,4658300.0,0.004334630130813479,15763.0,<=5M,2026-04-17,87.31999969482422,85.75,83.55000305175781,87.55000305175781,81.5,7.25,7.55,0.570316796875,True,HOOD,1488.0,4.25,15763.0,6295.0,423.0510752688172,0.7411764705882353,0.018309034341973396,107467070071.0,74.11764705882354,4.334630130813479e-05
MSFT260501C00420000,420.0,12.98,买 Call，看涨,1.991616540755814,CALL,3570.0,3709.0,4633860.0,0.00012188699789714769,4589.0,<=5M,2026-05-01,411.2200012207031,403.1900024414063,397.8500061035156,414.3699035644531,396.7300109863281,12.75,13.15,0.4804739453125,False,MSFT,139.0,6.5,4589.0,3570.0,2568.345323741007,0.996923076923077,0.01991616540755814,3801767276203.0,99.69230769230771,1.218869978971477e-06
COIN260417C00190000,190.0,7.6,买 Call，看涨,2.672951133728824,CALL,6007.0,6354.0,4565320.0,0.005684176294766031,4876.0,<=5M,2026-04-17,195.8999938964844,190.8000030517578,185.6499938964844,196.4600067138672,183.5200042724609,7.5,7.75,0.5737347314453125,True,COIN,347.0,3.4,4876.0,6007.0,1731.1239193083572,1.2352941176470587,0.02672951133728824,80316298497.0,123.52941176470587,5.684176294766031e-05
TSLA260417C00410000,410.0,1.6,买 Call，看涨,5.394067269474101,CALL,28291.0,29089.0,4526560.000000001,0.0003186623882476854,8949.0,<=5M,2026-04-17,391.9500122070313,371.8900146484375,366.7950134277344,394.6499938964844,362.5,1.59,1.6,0.506840869140625,False,TSLA,798.0,0.15,8949.0,28291.0,3545.238095238095,9.666666666666668,0.05394067269474101,1420487690716.0,966.6666666666667,3.1866238824768543e-06
TSLA260420P00395000,395.0,10.1,卖 Put，看涨,5.394067269474101,PUT,4391.0,4414.0,4434910.0,0.00031221037880057754,25.0,<=5M,2026-04-20,391.9500122070313,371.8900146484375,366.7950134277344,394.6499938964844,362.5,10.1,10.2,0.4268245794677735,True,TSLA,23.0,30.2,25.0,4391.0,19091.304347826088,-0.6655629139072848,0.05394067269474101,1420487690716.0,-66.55629139072849,3.1221037880057754e-06
AMD260417C00257500,257.5,4.4,买 Call，看涨,1.1402328775387294,CALL,9990.0,10785.0,4395600.0,0.0016985945019225225,2608.0,<=5M,2026-04-17,258.1199951171875,255.2100067138672,255.02999877929688,258.17999267578125,251.8500061035156,4.3,4.4,0.4377497631835937,True,AMD,795.0,3.35,2608.0,9990.0,1256.6037735849056,0.3134328358208956,0.011402328775387294,258778654648.0,31.34328358208956,1.6985945019225225e-05
TSLA260417P00375000,375.0,1.25,卖 Put，看涨,5.394067269474101,PUT,35004.0,35041.0,4375500.0,0.00030802801239301973,5029.0,<=5M,2026-04-17,391.9500122070313,371.8900146484375,366.7950134277344,394.6499938964844,362.5,1.24,1.25,0.4680228979492187,False,TSLA,37.0,11.71,5029.0,35004.0,94605.4054054054,-0.8932536293766012,0.05394067269474101,1420487690716.0,-89.32536293766013,3.080280123930197e-06
AMD260417C00250000,250.0,8.95,买 Call，看涨,1.1402328775387294,CALL,4810.0,4892.0,4304950.0,0.0016635645648037497,15751.0,<=5M,2026-04-17,258.1199951171875,255.2100067138672,255.02999877929688,258.17999267578125,251.8500061035156,9.1,9.25,0.4270076831054688,True,AMD,82.0,7.5,15751.0,4810.0,5865.8536585365855,0.19333333333333325,0.011402328775387294,258778654648.0,19.333333333333325,1.6635645648037498e-05
AMD260515P00250000,250.0,13.05,卖 Put，看涨,1.1402328775387294,PUT,3270.0,3291.0,4267350.0,0.0016490347729045125,2486.0,<=5M,2026-05-15,258.1199951171875,255.2100067138672,255.02999877929688,258.17999267578125,251.8500061035156,12.85,13.05,0.565983344116211,False,AMD,21.0,14.25,2486.0,3270.0,15571.428571428572,-0.08421052631578943,0.011402328775387294,258778654648.0,-8.421052631578943,1.6490347729045126e-05
TSLA260420C00387500,387.5,11.29,买 Call，看涨,5.394067269474101,CALL,3779.0,3788.0,4266491.0,0.0003003539578614346,620.0,<=5M,2026-04-20,391.9500122070313,371.8900146484375,366.7950134277344,394.6499938964844,362.5,11.35,11.45,0.454107021484375,True,TSLA,9.0,1.3,620.0,3779.0,41988.88888888889,7.684615384615383,0.05394067269474101,1420487690716.0,768.4615384615383,3.003539578614346e-06
TSLA260618C00450000,450.0,12.64,买 Call，看涨,5.394067269474101,CALL,3367.0,3374.0,4255888.0,0.0002996075240789176,17121.0,<=5M,2026-06-18,391.9500122070313,371.8900146484375,366.7950134277344,394.6499938964844,362.5,12.6,12.75,0.4845022253417969,False,TSLA,7.0,5.5,17121.0,3367.0,48100.0,1.2981818181818183,0.05394067269474101,1420487690716.0,129.81818181818184,2.996075240789176e-06
IREN260515C00050000,50.0,5.1,买 Call，看涨,3.5946192417910514,CALL,8322.0,8412.0,4244220.0,0.03727871255477414,23901.0,<=5M,2026-05-15,48.81999969482422,47.1259994506836,47.2400016784668,48.86000061035156,46.2400016784668,5.05,5.15,0.9904786108398438,False,IREN,90.0,4.55,23901.0,8322.0,9246.666666666666,0.12087912087912084,0.035946192417910514,11385103479.0,12.087912087912084,0.0003727871255477414
AAPL260515C00265000,265.0,9.71,买 Call，看涨,2.7933138493687495,CALL,4364.0,4402.0,4237444.0,0.00011177270201884151,11987.0,<=5M,2026-05-15,266.42999267578125,259.19000244140625,258.0950012207031,266.5599975585937,257.82000732421875,9.6,9.8,0.2935251312255859,True,AAPL,38.0,6.45,11987.0,4364.0,11484.210526315788,0.5054263565891474,0.027933138493687493,3791126029400.0,50.54263565891473,1.1177270201884152e-06
AAPL260420C00265000,265.0,3.35,买 Call，看涨,2.7933138493687495,CALL,12553.0,12624.0,4205255.0,0.00011092364029548082,1781.0,<=5M,2026-04-20,266.42999267578125,259.19000244140625,258.0950012207031,266.5599975585937,257.82000732421875,3.35,3.45,0.1967853759765624,True,AAPL,71.0,1.1,1781.0,12553.0,17680.281690140844,2.0454545454545454,0.027933138493687493,3791126029400.0,204.54545454545453,1.1092364029548082e-06
AMD260417C00260000,260.0,3.22,买 Call，看涨,1.1402328775387294,CALL,12948.0,14159.0,4169256.0000000005,0.0016111282461341997,11660.0,<=5M,2026-04-17,258.1199951171875,255.2100067138672,255.02999877929688,258.17999267578125,251.8500061035156,3.15,3.25,0.4399470068359374,False,AMD,1211.0,2.36,11660.0,12948.0,1069.1990090834022,0.3644067796610171,0.011402328775387294,258778654648.0,36.44067796610171,1.6111282461341997e-05
GOOGL260417C00325000,325.0,11.33,买 Call，看涨,1.0973990002779397,CALL,3677.0,3717.0,4166041.0000000005,0.00013972244727622325,9577.0,<=5M,2026-04-17,337.1199951171875,333.4606018066406,332.8900146484375,337.4800109863281,330.8999938964844,11.0,11.55,1.0000000000000004e-05,True,GOOGL,40.0,8.81,9577.0,3677.0,9192.5,0.286038592508513,0.010973990002779396,2981654760000.0,28.6038592508513,1.3972244727622324e-06
TSLA260515P00350000,350.0,6.64,卖 Put，看涨,5.394067269474101,PUT,6257.0,6318.0,4154647.9999999995,0.00029248039438524383,12014.0,<=5M,2026-05-15,391.9500122070313,371.8900146484375,366.7950134277344,394.6499938964844,362.5,6.55,6.65,0.4970143072509766,False,TSLA,61.0,12.22,12014.0,6257.0,10257.377049180328,-0.4566284779050737,0.05394067269474101,1420487690716.0,-45.66284779050737,2.9248039438524382e-06
TSLA261016P00295000,295.0,13.5,卖 Put，看涨,5.394067269474101,PUT,3014.0,3021.0,4068900.0,0.0002864438760429569,106.0,<=5M,2026-10-16,391.9500122070313,371.8900146484375,366.7950134277344,394.6499938964844,362.5,12.85,13.5,0.4860586062622071,False,TSLA,7.0,16.6,106.0,3014.0,43057.142857142855,-0.1867469879518073,0.05394067269474101,1420487690716.0,-18.67469879518073,2.864438760429569e-06
PLTR260424C00140000,140.0,5.96,买 Call，看涨,3.419342734679333,CALL,6824.0,7006.0,4067104.0,0.0009654689439123678,4945.0,<=5M,2026-04-24,142.14999389648438,137.45010375976562,136.7899932861328,142.5800018310547,134.92999267578125,5.9,6.0,0.5151415673828125,True,PLTR,182.0,3.35,4945.0,6824.0,3749.4505494505497,0.7791044776119402,0.03419342734679333,421256843697.0,77.91044776119402,9.654689439123678e-06
COIN260424C00200000,200.0,6.75,买 Call，看涨,2.672951133728824,CALL,5929.0,6032.0,4002075.0,0.004982892731479012,1628.0,<=5M,2026-04-24,195.8999938964844,190.8000030517578,185.6499938964844,196.4600067138672,183.5200042724609,6.7,6.85,0.6636996520996095,False,COIN,103.0,3.45,1628.0,5929.0,5756.310679611651,0.9565217391304347,0.02672951133728824,80316298497.0,95.65217391304347,4.982892731479012e-05
AAPL260515C00275000,275.0,5.23,买 Call，看涨,2.7933138493687495,CALL,7608.0,7614.0,3978984.0000000005,0.00010495520246869059,19354.0,<=5M,2026-05-15,266.42999267578125,259.19000244140625,258.0950012207031,266.5599975585937,257.82000732421875,5.2,5.25,0.2823558093261719,False,AAPL,6.0,3.1,19354.0,7608.0,126800.0,0.6870967741935485,0.027933138493687493,3791126029400.0,68.70967741935485,1.049552024686906e-06
PLTR260515C00140000,140.0,11.35,买 Call，看涨,3.419342734679333,CALL,3429.0,3461.0,3891915.0,0.0009238817263700911,11072.0,<=5M,2026-05-15,142.14999389648438,137.45010375976562,136.7899932861328,142.5800018310547,134.92999267578125,11.35,11.65,0.6342810009765626,True,PLTR,32.0,8.05,11072.0,3429.0,10715.625,0.4099378881987576,0.03419342734679333,421256843697.0,40.99378881987576,9.238817263700911e-06
PLTR260515C00150000,150.0,7.1,买 Call，看涨,3.419342734679333,CALL,5451.0,5687.0,3870210.0,0.0009187292878222649,34740.0,<=5M,2026-05-15,142.14999389648438,137.45010375976562,136.7899932861328,142.5800018310547,134.92999267578125,7.05,7.1,0.6214637463378907,False,PLTR,236.0,4.83,34740.0,5451.0,2309.7457627118642,0.4699792960662525,0.03419342734679333,421256843697.0,46.99792960662525,9.18729287822265e-06
TSLA260415P00392500,392.5,0.95,卖 Put，看涨,5.394067269474101,PUT,40694.0,40695.0,3865929.9999999995,0.0002721551214605294,1.0,<=5M,2026-04-15,391.9500122070313,371.8900146484375,366.7950134277344,394.6499938964844,362.5,0.94,1.0,0.0842376733398437,True,TSLA,1.0,36.3,1.0,40694.0,4069400.0,-0.9738292011019283,0.05394067269474101,1420487690716.0,-97.38292011019283,2.721551214605294e-06
HOOD260424C00090000,90.0,2.6,买 Call，看涨,1.8309034341973396,CALL,14758.0,15800.0,3837080.0000000005,0.0035704704682699233,4737.0,<=5M,2026-04-24,87.31999969482422,85.75,83.55000305175781,87.55000305175781,81.5,2.6,2.65,0.6523472265625001,False,HOOD,1042.0,1.45,4737.0,14758.0,1416.3147792706334,0.7931034482758622,0.018309034341973396,107467070071.0,79.31034482758622,3.570470468269923e-05
PLTR260501C00140000,140.0,7.4,买 Call，看涨,3.419342734679333,CALL,5012.0,5056.0,3708880.0000000005,0.0008804319871578654,3143.0,<=5M,2026-05-01,142.14999389648438,137.45010375976562,136.7899932861328,142.5800018310547,134.92999267578125,7.25,7.35,0.507817421875,True,PLTR,44.0,4.6,3143.0,5012.0,11390.90909090909,0.6086956521739132,0.03419342734679333,421256843697.0,60.86956521739132,8.804319871578654e-06
INTC260501C00069000,69.0,2.99,买 Call，看涨,1.2946526644092258,CALL,12198.0,12199.0,3647202.0000000005,0.0023472260568207053,101.0,<=5M,2026-05-01,64.94000244140625,64.11000061035156,63.79999923706055,65.83999633789062,62.875,2.91,3.0,0.8178729150390623,False,INTC,1.0,2.8,101.0,12198.0,1219800.0,0.067857142857143,0.012946526644092259,155383500000.0,6.785714285714301,2.347226056820705e-05
RGTI260717P00014000,14.0,1.19,卖 Put，看涨,2.714329914219012,PUT,30207.0,30285.0,3594633.0,0.03556412237329776,26416.0,<=5M,2026-07-17,19.11000061035156,18.604999542236328,17.875,19.51000022888184,17.180999755859375,1.23,1.33,0.97460962890625,False,RGTI,78.0,1.67,26416.0,30207.0,38726.92307692308,-0.2874251497005988,0.027143299142190117,10107470001.0,-28.74251497005988,0.0003556412237329776
RGTI260515P00018000,18.0,1.9,卖 Put，看涨,2.714329914219012,PUT,18643.0,18664.0,3542169.9999999995,0.035045070622515315,1237.0,<=5M,2026-05-15,19.11000061035156,18.604999542236328,17.875,19.51000022888184,17.180999755859375,1.85,1.92,1.1171919140625,False,RGTI,21.0,2.2,1237.0,18643.0,88776.19047619049,-0.13636363636363646,0.027143299142190117,10107470001.0,-13.636363636363647,0.00035045070622515315
HOOD260501C00080000,80.0,9.95,买 Call，看涨,1.8309034341973396,CALL,3537.0,4212.0,3519314.9999999995,0.0032747845434651776,3075.0,<=5M,2026-05-01,87.31999969482422,85.75,83.55000305175781,87.55000305175781,81.5,9.8,10.2,0.7780783911132813,True,HOOD,675.0,7.53,3075.0,3537.0,524.0,0.32138114209827345,0.018309034341973396,107467070071.0,32.13811420982734,3.2747845434651774e-05
TSLA260515C00450000,450.0,5.8,买 Call，看涨,5.394067269474101,CALL,6024.0,6195.0,3493919.9999999995,0.0002459662285590719,10587.0,<=5M,2026-05-15,391.9500122070313,371.8900146484375,366.7950134277344,394.6499938964844,362.5,5.75,5.85,0.50586431640625,False,TSLA,171.0,1.64,10587.0,6024.0,3522.8070175438597,2.5365853658536586,0.05394067269474101,1420487690716.0,253.65853658536585,2.4596622855907193e-06
AMD260424C00255000,255.0,9.85,买 Call，看涨,1.1402328775387294,CALL,3522.0,3622.0,3469169.9999999995,0.0013405935681669297,2187.0,<=5M,2026-04-24,258.1199951171875,255.2100067138672,255.02999877929688,258.17999267578125,251.8500061035156,9.7,9.95,0.4898732653808594,True,AMD,100.0,8.0,2187.0,3522.0,3522.0,0.23124999999999996,0.011402328775387294,258778654648.0,23.124999999999996,1.3405935681669297e-05
HOOD260515C00080000,80.0,11.25,买 Call，看涨,1.8309034341973396,CALL,3078.0,3944.0,3462750.0,0.0032221498154851283,9760.0,<=5M,2026-05-15,87.31999969482422,85.75,83.55000305175781,87.55000305175781,81.5,11.2,11.35,0.7231472998046875,True,HOOD,866.0,8.98,9760.0,3078.0,355.42725173210164,0.2527839643652561,0.018309034341973396,107467070071.0,25.278396436525608,3.222149815485128e-05
TSM260417C00380000,380.0,7.4,卖 Call，看跌,-1.1298623334279996,CALL,4678.0,4919.0,3461720.0000000005,0.000244162342598673,7563.0,<=5M,2026-04-17,375.2962036132813,379.5849914550781,381.4100036621094,381.9700012207031,372.2099914550781,7.3,7.5,0.7006865869140625,False,TSM,241.0,8.32,7563.0,4678.0,1941.0788381742736,-0.11057692307692306,-0.011298623334279995,1417794391697.0,-11.057692307692307,2.4416234259867296e-06
TSLA260415P00395000,395.0,2.66,卖 Put，看涨,5.394067269474101,PUT,12979.0,13002.0,3452414.0,0.0002430442743407233,10.0,<=5M,2026-04-15,391.9500122070313,371.8900146484375,366.7950134277344,394.6499938964844,362.5,2.65,2.74,1.0000000000000004e-05,True,TSLA,23.0,30.6,10.0,12979.0,56430.4347826087,-0.9130718954248366,0.05394067269474101,1420487690716.0,-91.30718954248366,2.430442743407233e-06
GOOGL260415C00332500,332.5,3.29,买 Call，看涨,1.0973990002779397,CALL,10382.0,11395.0,3415678.0,0.0001145564552215294,2698.0,<=5M,2026-04-15,337.1199951171875,333.4606018066406,332.8900146484375,337.4800109863281,330.8999938964844,3.1,3.3,1.0000000000000004e-05,True,GOOGL,1013.0,1.4,2698.0,10382.0,1024.8766041461006,1.35,0.010973990002779396,2981654760000.0,135.0,1.145564552215294e-06
NBIS260501C00175000,175.0,8.65,买 Call，看涨,6.081036289244355,CALL,3943.0,3945.0,3410695.0000000005,0.01330000114580144,339.0,<=5M,2026-05-01,166.77000427246094,157.2100067138672,160.2259979248047,166.80999755859375,156.5,8.3,9.0,0.8393570751953124,False,NBIS,2.0,6.6,339.0,3943.0,197150.0,0.3106060606060607,0.06081036289244355,25644321099.0,31.060606060606073,0.0001330000114580144
TSLA260417C00402500,402.5,3.0,买 Call，看涨,5.394067269474101,CALL,11248.0,11255.0,3374400.0,0.000237552216893842,1897.0,<=5M,2026-04-17,391.9500122070313,371.8900146484375,366.7950134277344,394.6499938964844,362.5,2.98,3.0,0.491216025390625,False,TSLA,7.0,0.17,1897.0,11248.0,160685.7142857143,16.64705882352941,0.05394067269474101,1420487690716.0,1664.705882352941,2.37552216893842e-06
GOOGL260415C00335000,335.0,0.92,买 Call，看涨,1.0973990002779397,CALL,36459.0,36898.0,3354228.0,0.0001124955190989315,1892.0,<=5M,2026-04-15,337.1199951171875,333.4606018066406,332.8900146484375,337.4800109863281,330.8999938964844,0.9,0.97,1.0000000000000004e-05,True,GOOGL,439.0,0.6,1892.0,36459.0,8305.01138952164,0.5333333333333334,0.010973990002779396,2981654760000.0,53.33333333333334,1.124955190989315e-06
GME260618C00030000,30.0,0.94,买 Call，看涨,1.571668348649864,CALL,35303.0,35429.0,3318482.0,0.02805770032087886,16416.0,<=5M,2026-06-18,24.79080009460449,24.40719985961914,24.149999618530277,24.850000381469727,24.030000686645508,0.92,0.95,0.6113320117187502,False,GME,126.0,0.62,16416.0,35303.0,28018.25396825397,0.5161290322580644,0.01571668348649864,11827348507.0,51.61290322580644,0.0002805770032087886
NFLX260618C00120000,120.0,2.36,买 Call，看涨,1.412296406110498,CALL,14050.0,14063.0,3315800.0,0.0006445704794321161,17678.0,<=5M,2026-06-18,107.70999908447266,106.20999908447266,106.00499725341795,107.8499984741211,105.04000091552734,2.31,2.37,0.3568179553222655,False,NFLX,13.0,1.75,17678.0,14050.0,108076.92307692308,0.3485714285714285,0.014122964061104979,514420083731.0,34.85714285714285,6.445704794321161e-06
HOOD260515C00085000,85.0,8.42,买 Call，看涨,1.8309034341973396,CALL,3875.0,4665.0,3262750.0,0.0030360462957112417,5546.0,<=5M,2026-05-15,87.31999969482422,85.75,83.55000305175781,87.55000305175781,81.5,8.35,8.55,0.7231472998046875,True,HOOD,790.0,6.64,5546.0,3875.0,490.5063291139241,0.26807228915662656,0.018309034341973396,107467070071.0,26.807228915662655,3.036046295711242e-05
TSLA260424P00375000,375.0,7.8,卖 Put，看涨,5.394067269474101,PUT,4046.0,4073.0,3155880.0,0.00022216876785530407,933.0,<=5M,2026-04-24,391.9500122070313,371.8900146484375,366.7950134277344,394.6499938964844,362.5,7.6,7.7,0.5762981823730469,False,TSLA,27.0,18.6,933.0,4046.0,14985.185185185184,-0.5806451612903226,0.05394067269474101,1420487690716.0,-58.06451612903226,2.2216876785530408e-06
PLTR260417C00142000,142.0,2.62,买 Call，看涨,3.419342734679333,CALL,11976.0,12081.0,3137712.0000000005,0.0007448453471908178,7032.0,<=5M,2026-04-17,142.14999389648438,137.45010375976562,136.7899932861328,142.5800018310547,134.92999267578125,2.6,2.62,0.495122236328125,True,PLTR,105.0,0.64,7032.0,11976.0,11405.714285714286,3.09375,0.03419342734679333,421256843697.0,309.375,7.448453471908178e-06
TSLA260515P00360000,360.0,9.05,卖 Put，看涨,5.394067269474101,PUT,3396.0,3477.0,3073380.0000000005,0.0002163609033775475,8342.0,<=5M,2026-05-15,391.9500122070313,371.8900146484375,366.7950134277344,394.6499938964844,362.5,9.0,9.1,0.4899342999267578,False,TSLA,81.0,16.4,8342.0,3396.0,4192.592592592592,-0.44817073170731697,0.05394067269474101,1420487690716.0,-44.817073170731696,2.163609033775475e-06
TSLA260501P00370000,370.0,8.7,卖 Put，看涨,5.394067269474101,PUT,3514.0,3553.0,3057180.0,0.00021522044998918796,1434.0,<=5M,2026-05-01,391.9500122070313,371.8900146484375,366.7950134277344,394.6499938964844,362.5,8.6,8.7,0.5332688275146484,False,TSLA,39.0,18.1,1434.0,3514.0,9010.25641025641,-0.5193370165745858,0.05394067269474101,1420487690716.0,-51.93370165745858,2.1522044998918798e-06
AMD260424C00257500,257.5,8.5,买 Call，看涨,1.1402328775387294,CALL,3580.0,3597.0,3043000.0,0.001175908424185603,604.0,<=5M,2026-04-24,258.1199951171875,255.2100067138672,255.02999877929688,258.17999267578125,251.8500061035156,8.35,8.6,0.4868215380859375,True,AMD,17.0,7.25,604.0,3580.0,21058.823529411766,0.1724137931034483,0.011402328775387294,258778654648.0,17.24137931034483,1.1759084241856028e-05
INTC260417C00065000,65.0,1.25,买 Call，看涨,1.2946526644092258,CALL,24290.0,26148.0,3036250.0,0.0019540363037259425,40320.0,<=5M,2026-04-17,64.94000244140625,64.11000061035156,63.79999923706055,65.83999633789062,62.875,1.23,1.26,0.5424850439453126,False,INTC,1858.0,0.98,40320.0,24290.0,1307.3196986006458,0.2755102040816327,0.012946526644092259,155383500000.0,27.551020408163268,1.9540363037259426e-05
TSM260417C00390000,390.0,4.1,卖 Call，看跌,-1.1298623334279996,CALL,7403.0,7467.0,3035229.9999999995,0.00021408111202690278,8320.0,<=5M,2026-04-17,375.2962036132813,379.5849914550781,381.4100036621094,381.9700012207031,372.2099914550781,4.0,4.25,0.7058134887695313,False,TSM,64.0,4.75,8320.0,7403.0,11567.1875,-0.13684210526315796,-0.011298623334279995,1417794391697.0,-13.684210526315796,2.140811120269028e-06
COIN260424C00197500,197.5,7.2,买 Call，看涨,2.672951133728824,CALL,4205.0,4216.0,3027600.0,0.0037695960305156343,103.0,<=5M,2026-04-24,195.8999938964844,190.8000030517578,185.6499938964844,196.4600067138672,183.5200042724609,7.7,7.85,0.6586948193359375,False,COIN,11.0,4.2,103.0,4205.0,38227.27272727273,0.7142857142857143,0.02672951133728824,80316298497.0,71.42857142857143,3.769596030515634e-05
COIN260417C00200000,200.0,2.85,买 Call，看涨,2.672951133728824,CALL,10486.0,13356.0,2988510.0,0.0037209259588969076,11320.0,<=5M,2026-04-17,195.8999938964844,190.8000030517578,185.6499938964844,196.4600067138672,183.5200042724609,2.82,2.87,0.6435582519531251,False,COIN,2870.0,1.1,11320.0,10486.0,365.3658536585366,1.5909090909090908,0.02672951133728824,80316298497.0,159.0909090909091,3.720925958896908e-05
AAPL260424C00262500,262.5,6.34,买 Call，看涨,2.7933138493687495,CALL,4680.0,4775.0,2967120.0,7.82648737338228e-05,2686.0,<=5M,2026-04-24,266.42999267578125,259.19000244140625,258.0950012207031,266.5599975585937,257.82000732421875,6.2,6.45,0.2402419726562499,True,AAPL,95.0,3.2,2686.0,4680.0,4926.315789473684,0.9812499999999998,0.027933138493687493,3791126029400.0,98.12499999999999,7.82648737338228e-07
TSLA260415P00400000,400.0,8.1,卖 Put，看涨,5.394067269474101,PUT,3654.0,3658.0,2959740.0,0.0002083608340532776,8.0,<=5M,2026-04-15,391.9500122070313,371.8900146484375,366.7950134277344,394.6499938964844,362.5,7.75,7.9,1.0000000000000004e-05,True,TSLA,4.0,36.02,8.0,3654.0,91350.0,-0.7751249305941144,0.05394067269474101,1420487690716.0,-77.51249305941144,2.083608340532776e-06
AAPL260618C00270000,270.0,10.74,买 Call，看涨,2.7933138493687495,CALL,2752.0,3268.0,2955648.0,7.796227234544808e-05,25666.0,<=5M,2026-06-18,266.42999267578125,259.19000244140625,258.0950012207031,266.5599975585937,257.82000732421875,10.8,10.95,0.2803721865844726,False,AAPL,516.0,7.79,25666.0,2752.0,533.3333333333333,0.3786906290115533,0.027933138493687493,3791126029400.0,37.86906290115533,7.796227234544808e-07
TSLA260417P00377500,377.5,1.62,卖 Put，看涨,5.394067269474101,PUT,18099.0,18105.0,2932038.0,0.0002064106587591829,659.0,<=5M,2026-04-17,391.9500122070313,371.8900146484375,366.7950134277344,394.6499938964844,362.5,1.61,1.62,0.4611870288085938,False,TSLA,6.0,13.5,659.0,18099.0,301650.0,-0.8799999999999999,0.05394067269474101,1420487690716.0,-87.99999999999999,2.064106587591829e-06
TSLA260424C00405000,405.0,10.03,买 Call，看涨,5.394067269474101,CALL,2922.0,3030.0,2930766.0,0.0002063211120486895,2541.0,<=5M,2026-04-24,391.9500122070313,371.8900146484375,366.7950134277344,394.6499938964844,362.5,10.05,10.15,0.599735447998047,False,TSLA,108.0,2.19,2541.0,2922.0,2705.5555555555557,3.5799086757990866,0.05394067269474101,1420487690716.0,357.99086757990864,2.063211120486895e-06
NBIS260417C00170000,170.0,3.0,买 Call，看涨,6.081036289244355,CALL,9733.0,9899.0,2919900.0,0.01138614661986065,6357.0,<=5M,2026-04-17,166.77000427246094,157.2100067138672,160.2259979248047,166.80999755859375,156.5,3.0,3.1,0.7358424853515625,False,NBIS,166.0,1.54,6357.0,9733.0,5863.253012048193,0.948051948051948,0.06081036289244355,25644321099.0,94.8051948051948,0.0001138614661986065
HOOD260515C00100000,100.0,3.06,买 Call，看涨,1.8309034341973396,CALL,9466.0,13377.0,2896596.0,0.0026953335548148033,8021.0,<=5M,2026-05-15,87.31999969482422,85.75,83.55000305175781,87.55000305175781,81.5,3.05,3.15,0.7248562670898437,False,HOOD,3911.0,2.25,8021.0,9466.0,242.0352850933265,0.36000000000000004,0.018309034341973396,107467070071.0,36.00000000000001,2.6953335548148035e-05
TSLA260417P00370000,370.0,0.71,卖 Put，看涨,5.394067269474101,PUT,40415.0,40716.0,2869465.0,0.00020200562234746575,11649.0,<=5M,2026-04-17,391.9500122070313,371.8900146484375,366.7950134277344,394.6499938964844,362.5,0.71,0.72,0.4807180834960937,False,TSLA,301.0,7.83,11649.0,40415.0,13426.910299003323,-0.909323116219668,0.05394067269474101,1420487690716.0,-90.9323116219668,2.0200562234746574e-06
MSFT260515C00440000,440.0,8.5,买 Call，看涨,1.991616540755814,CALL,3349.0,3369.0,2846650.0,7.487701884906224e-05,11525.0,<=5M,2026-05-15,411.2200012207031,403.1900024414063,397.8500061035156,414.3699035644531,396.7300109863281,8.45,8.5,0.396917651977539,False,MSFT,20.0,4.1,11525.0,3349.0,16745.0,1.0731707317073174,0.01991616540755814,3801767276203.0,107.31707317073173,7.487701884906223e-07
IONQ260515P00040000,40.0,4.1,卖 Put，看涨,5.915495089762885,PUT,6940.0,8945.0,2845399.9999999995,0.014247482954421223,1786.0,<=5M,2026-05-15,43.2400016784668,40.82500076293945,38.36000061035156,43.29999923706055,37.459999084472656,4.1,4.2,1.1679729101562502,False,IONQ,2005.0,5.35,1786.0,6940.0,346.1346633416459,-0.23364485981308414,0.05915495089762885,19971246915.0,-23.364485981308412,0.00014247482954421223
HOOD260618C00100000,100.0,5.5,买 Call，看涨,1.8309034341973396,CALL,5152.0,5845.0,2833600.0,0.002636714668156425,8952.0,<=5M,2026-06-18,87.31999969482422,85.75,83.55000305175781,87.55000305175781,81.5,5.35,5.5,0.674075524902344,False,HOOD,693.0,4.24,8952.0,5152.0,743.4343434343434,0.29716981132075465,0.018309034341973396,107467070071.0,29.716981132075464,2.6367146681564247e-05
NFLX260417C00110000,110.0,2.78,买 Call，看涨,1.412296406110498,CALL,10143.0,10623.0,2819753.9999999995,0.0005481422847157931,23373.0,<=5M,2026-04-17,107.70999908447266,106.20999908447266,106.00499725341795,107.8499984741211,105.04000091552734,2.75,2.77,0.9643558251953124,False,NFLX,480.0,1.75,23373.0,10143.0,2113.125,0.5885714285714284,0.014122964061104979,514420083731.0,58.85714285714284,5.481422847157931e-06
TSLA260417P00382500,382.5,2.72,卖 Put，看涨,5.394067269474101,PUT,10343.0,10882.0,2813296.0000000005,0.00019805141701593711,1043.0,<=5M,2026-04-17,391.9500122070313,371.8900146484375,366.7950134277344,394.6499938964844,362.5,2.7,2.72,0.454107021484375,False,TSLA,539.0,19.25,1043.0,10343.0,1918.9239332096474,-0.8587012987012987,0.05394067269474101,1420487690716.0,-85.87012987012987,1.9805141701593712e-06
IONQ260417C00040000,40.0,3.42,买 Call，看涨,5.915495089762885,CALL,8172.0,12955.0,2794824.0,0.013994238876997028,10667.0,<=5M,2026-04-17,43.2400016784668,40.82500076293945,38.36000061035156,43.29999923706055,37.459999084472656,3.25,3.45,0.6562534375000001,True,IONQ,4783.0,2.11,10667.0,8172.0,170.85511185448462,0.6208530805687205,0.05915495089762885,19971246915.0,62.085308056872044,0.0001399423887699703
HOOD260501C00085000,85.0,6.8,买 Call，看涨,1.8309034341973396,CALL,4106.0,4818.0,2792080.0,0.002598079577451366,2148.0,<=5M,2026-05-01,87.31999969482422,85.75,83.55000305175781,87.55000305175781,81.5,6.75,7.0,0.7609887182617189,True,HOOD,712.0,5.1,2148.0,4106.0,576.685393258427,0.33333333333333337,0.018309034341973396,107467070071.0,33.333333333333336,2.598079577451366e-05
NBIS260417C00165000,165.0,5.26,买 Call，看涨,6.081036289244355,CALL,5227.0,5385.0,2749402.0,0.010721289869152406,2169.0,<=5M,2026-04-17,166.77000427246094,157.2100067138672,160.2259979248047,166.80999755859375,156.5,5.05,5.25,0.70117486328125,True,NBIS,158.0,2.67,2169.0,5227.0,3308.227848101266,0.9700374531835205,0.06081036289244355,25644321099.0,97.00374531835206,0.00010721289869152406
IONQ260515C00045000,45.0,4.72,买 Call，看涨,5.915495089762885,CALL,5799.0,7655.0,2737128.0,0.013705343545395748,10011.0,<=5M,2026-05-15,43.2400016784668,40.82500076293945,38.36000061035156,43.29999923706055,37.459999084472656,4.65,4.8,1.0888717431640624,False,IONQ,1856.0,3.72,10011.0,5799.0,312.4461206896552,0.26881720430107514,0.05915495089762885,19971246915.0,26.881720430107514,0.00013705343545395747
TSLA260424P00360000,360.0,3.9,卖 Put，看涨,5.394067269474101,PUT,7014.0,7302.0,2735460.0,0.0001925718904766563,5210.0,<=5M,2026-04-24,391.9500122070313,371.8900146484375,366.7950134277344,394.6499938964844,362.5,3.85,3.9,0.5894816442871094,False,TSLA,288.0,10.38,5210.0,7014.0,2435.416666666667,-0.6242774566473989,0.05394067269474101,1420487690716.0,-62.42774566473989,1.925718904766563e-06
PLTR260417C00135000,135.0,7.55,买 Call，看涨,3.419342734679333,CALL,3616.0,3879.0,2730080.0,0.0006480796789057465,14626.0,<=5M,2026-04-17,142.14999389648438,137.45010375976562,136.7899932861328,142.5800018310547,134.92999267578125,7.55,7.75,0.5371140039062501,True,PLTR,263.0,3.6,14626.0,3616.0,1374.9049429657796,1.097222222222222,0.03419342734679333,421256843697.0,109.72222222222221,6.480796789057465e-06
TSLA260424P00377500,377.5,8.69,卖 Put，看涨,5.394067269474101,PUT,3134.0,3136.0,2723446.0,0.00019172612461198035,141.0,<=5M,2026-04-24,391.9500122070313,371.8900146484375,366.7950134277344,394.6499938964844,362.5,8.55,8.65,0.5793499096679688,False,TSLA,2.0,20.9,141.0,3134.0,156700.0,-0.5842105263157895,0.05394067269474101,1420487690716.0,-58.42105263157895,1.9172612461198036e-06
COIN260417C00195000,195.0,4.8,买 Call，看涨,2.672951133728824,CALL,5673.0,5825.0,2723040.0,0.0033903952883258333,2336.0,<=5M,2026-04-17,195.8999938964844,190.8000030517578,185.6499938964844,196.4600067138672,183.5200042724609,4.7,4.9,0.6132851171875001,True,COIN,152.0,1.88,2336.0,5673.0,3732.236842105263,1.5531914893617023,0.02672951133728824,80316298497.0,155.31914893617022,3.390395288325833e-05
AAPL260417P00265000,265.0,2.05,卖 Put，看涨,2.7933138493687495,PUT,13099.0,13158.0,2685294.9999999995,7.083106652682253e-05,5392.0,<=5M,2026-04-17,266.42999267578125,259.19000244140625,258.0950012207031,266.5599975585937,257.82000732421875,2.05,2.07,0.2836985693359374,False,AAPL,59.0,5.87,5392.0,13099.0,22201.694915254237,-0.6507666098807496,0.027933138493687493,3791126029400.0,-65.07666098807496,7.083106652682254e-07
GOOGL260417C00332500,332.5,5.14,买 Call，看涨,1.0973990002779397,CALL,5115.0,5186.0,2629110.0,8.817620454488836e-05,1325.0,<=5M,2026-04-17,337.1199951171875,333.4606018066406,332.8900146484375,337.4800109863281,330.8999938964844,5.15,5.25,0.1828694995117187,True,GOOGL,71.0,3.25,1325.0,5115.0,7204.225352112677,0.5815384615384614,0.010973990002779396,2981654760000.0,58.153846153846146,8.817620454488836e-07
TSLA260420C00420000,420.0,1.65,买 Call，看涨,5.394067269474101,CALL,15904.0,16063.0,2624160.0,0.00018473655330848284,3354.0,<=5M,2026-04-20,391.9500122070313,371.8900146484375,366.7950134277344,394.6499938964844,362.5,1.63,1.65,0.4812063598632812,False,TSLA,159.0,0.19,3354.0,15904.0,10002.51572327044,7.684210526315789,0.05394067269474101,1420487690716.0,768.421052631579,1.8473655330848283e-06
PLTR260417C00143000,143.0,2.16,买 Call，看涨,3.419342734679333,CALL,12040.0,12090.0,2600640.0,0.0006173525816640686,6160.0,<=5M,2026-04-17,142.14999389648438,137.45010375976562,136.7899932861328,142.5800018310547,134.92999267578125,2.16,2.19,0.500005,False,PLTR,50.0,0.66,6160.0,12040.0,24080.0,2.2727272727272725,0.03419342734679333,421256843697.0,227.27272727272725,6.173525816640686e-06
HOOD260515C00090000,90.0,6.22,买 Call，看涨,1.8309034341973396,CALL,4166.0,5323.0,2591252.0,0.0024112055891056155,10096.0,<=5M,2026-05-15,87.31999969482422,85.75,83.55000305175781,87.55000305175781,81.5,6.2,6.3,0.7303493762207032,False,HOOD,1157.0,4.6,10096.0,4166.0,360.0691443388073,0.35217391304347834,0.018309034341973396,107467070071.0,35.217391304347835,2.4112055891056152e-05
SOFI260417C00019000,19.0,0.25,买 Call，看涨,2.7056618593557924,CALL,103147.0,106668.0,2578675.0,0.007696468125135289,95088.0,<=5M,2026-04-17,18.790000915527344,18.295000076293945,18.450000762939453,18.81999969482422,18.170000076293945,0.27,0.28,0.5429733203125001,False,SOFI,3521.0,0.15,95088.0,103147.0,2929.4802612894064,0.6666666666666667,0.027056618593557926,33504653798.0,66.66666666666667,7.696468125135289e-05
INTC260417C00064000,64.0,1.73,买 Call，看涨,1.2946526644092258,CALL,14873.0,16253.0,2573029.0,0.0016559216390414683,8288.0,<=5M,2026-04-17,64.94000244140625,64.11000061035156,63.79999923706055,65.83999633789062,62.875,1.72,1.76,0.5200243310546875,True,INTC,1380.0,1.28,8288.0,14873.0,1077.7536231884058,0.35156249999999994,0.012946526644092259,155383500000.0,35.15624999999999,1.6559216390414683e-05
TSLA260420P00385000,385.0,5.4,卖 Put，看涨,5.394067269474101,PUT,4738.0,4747.0,2558520.0,0.00018011560513490774,29.0,<=5M,2026-04-20,391.9500122070313,371.8900146484375,366.7950134277344,394.6499938964844,362.5,5.3,5.4,0.4239559558105469,False,TSLA,9.0,21.0,29.0,4738.0,52644.444444444445,-0.7428571428571429,0.05394067269474101,1420487690716.0,-74.28571428571429,1.8011560513490772e-06
INTC260515C00070000,70.0,3.62,买 Call，看涨,1.2946526644092258,CALL,7051.0,7498.0,2552462.0,0.001642685355909733,40333.0,<=5M,2026-05-15,64.94000244140625,64.11000061035156,63.79999923706055,65.83999633789062,62.875,3.6,3.7,0.7456080126953125,False,INTC,447.0,3.1,40333.0,7051.0,1577.4049217002237,0.16774193548387098,0.012946526644092259,155383500000.0,16.7741935483871,1.642685355909733e-05
HOOD260417C00084000,84.0,3.77,买 Call，看涨,1.8309034341973396,CALL,6757.0,9331.0,2547389.0,0.0023703902956664054,1948.0,<=5M,2026-04-17,87.31999969482422,85.75,83.55000305175781,87.55000305175781,81.5,3.7,4.0,0.5478560839843751,True,HOOD,2574.0,2.06,1948.0,6757.0,262.5097125097125,0.8300970873786407,0.018309034341973396,107467070071.0,83.00970873786407,2.3703902956664053e-05
MSFT260417P00410000,410.0,3.14,卖 Put，看涨,1.991616540755814,PUT,8039.0,8116.0,2524246.0000000005,6.639664704887147e-05,2133.0,<=5M,2026-04-17,411.2200012207031,403.1900024414063,397.8500061035156,414.3699035644531,396.7300109863281,3.1,3.2,0.2544019873046875,False,MSFT,77.0,17.6,2133.0,8039.0,10440.25974025974,-0.821590909090909,0.01991616540755814,3801767276203.0,-82.1590909090909,6.639664704887147e-07
HOOD260618C00090000,90.0,8.92,买 Call，看涨,1.8309034341973396,CALL,2815.0,3100.0,2510980.0,0.0023365110804091684,7932.0,<=5M,2026-06-18,87.31999969482422,85.75,83.55000305175781,87.55000305175781,81.5,8.8,9.1,0.6881134704589844,False,HOOD,285.0,7.25,7932.0,2815.0,987.719298245614,0.2303448275862069,0.018309034341973396,107467070071.0,23.03448275862069,2.3365110804091682e-05
TSM260417C00385000,385.0,5.68,卖 Call，看跌,-1.1298623334279996,CALL,4407.0,4431.0,2503176.0,0.0001765542320282333,2838.0,<=5M,2026-04-17,375.2962036132813,379.5849914550781,381.4100036621094,381.9700012207031,372.2099914550781,5.5,5.75,0.7067900415039063,False,TSM,24.0,6.9,2838.0,4407.0,18362.5,-0.17681159420289863,-0.011298623334279995,1417794391697.0,-17.681159420289863,1.7655423202823329e-06
AMD260417P00255000,255.0,3.24,卖 Put，看涨,1.1402328775387294,PUT,7577.0,7953.0,2454948.0000000005,0.0009486671160491612,829.0,<=5M,2026-04-17,258.1199951171875,255.2100067138672,255.02999877929688,258.17999267578125,251.8500061035156,3.2,3.3,0.5004932763671875,False,AMD,376.0,5.25,829.0,7577.0,2015.159574468085,-0.38285714285714284,0.011402328775387294,258778654648.0,-38.285714285714285,9.486671160491613e-06
IONQ260515C00040000,40.0,6.95,买 Call，看涨,5.915495089762885,CALL,3518.0,4750.0,2445010.0,0.012242650698808408,7558.0,<=5M,2026-05-15,43.2400016784668,40.82500076293945,38.36000061035156,43.29999923706055,37.459999084472656,6.85,6.95,1.0625046875000002,True,IONQ,1232.0,5.47,7558.0,3518.0,285.55194805194805,0.2705667276051189,0.05915495089762885,19971246915.0,27.05667276051189,0.00012242650698808408
IONQ260618C00040000,40.0,8.65,买 Call，看涨,5.915495089762885,CALL,2816.0,3130.0,2435840.0,0.012196734687459548,3597.0,<=5M,2026-06-18,43.2400016784668,40.82500076293945,38.36000061035156,43.29999923706055,37.459999084472656,8.5,8.9,1.0012256970214843,True,IONQ,314.0,7.14,3597.0,2816.0,896.8152866242038,0.21148459383753512,0.05915495089762885,19971246915.0,21.14845938375351,0.00012196734687459549
INTC260424C00065000,65.0,3.85,买 Call，看涨,1.2946526644092258,CALL,6032.0,6453.0,2322320.0,0.001494573104608919,17444.0,<=5M,2026-04-24,64.94000244140625,64.11000061035156,63.79999923706055,65.83999633789062,62.875,3.85,3.95,0.9169930175781252,False,INTC,421.0,3.3,17444.0,6032.0,1432.7790973871734,0.16666666666666677,0.012946526644092259,155383500000.0,16.66666666666668,1.4945731046089192e-05
AAPL260420C00260000,260.0,6.6,买 Call，看涨,2.7933138493687495,CALL,3501.0,3669.0,2310660.0,6.0949173994241895e-05,2146.0,<=5M,2026-04-20,266.42999267578125,259.19000244140625,258.0950012207031,266.5599975585937,257.82000732421875,6.75,6.95,0.188484677734375,True,AAPL,168.0,3.0,2146.0,3501.0,2083.9285714285716,1.2,0.027933138493687493,3791126029400.0,120.0,6.09491739942419e-07
TSLA260420P00380000,380.0,3.8,卖 Put，看涨,5.394067269474101,PUT,6072.0,6082.0,2307360.0,0.00016243435371389738,113.0,<=5M,2026-04-20,391.9500122070313,371.8900146484375,366.7950134277344,394.6499938964844,362.5,3.75,3.85,0.4320125158691406,False,TSLA,10.0,16.95,113.0,6072.0,60720.00000000001,-0.775811209439528,0.05394067269474101,1420487690716.0,-77.5811209439528,1.6243435371389737e-06
AAPL260501C00270000,270.0,5.65,买 Call，看涨,2.7933138493687495,CALL,4079.0,4090.0,2304635.0,6.079025023509286e-05,4502.0,<=5M,2026-05-01,266.42999267578125,259.19000244140625,258.0950012207031,266.5599975585937,257.82000732421875,5.6,5.7,0.3182441223144531,False,AAPL,11.0,3.35,4502.0,4079.0,37081.818181818184,0.6865671641791046,0.027933138493687493,3791126029400.0,68.65671641791046,6.079025023509286e-07
MSFT260420C00410000,410.0,6.65,买 Call，看涨,1.991616540755814,CALL,3459.0,3469.0,2300235.0,6.0504361074340954e-05,416.0,<=5M,2026-04-20,411.2200012207031,403.1900024414063,397.8500061035156,414.3699035644531,396.7300109863281,6.6,6.85,0.2962106512451171,True,MSFT,10.0,1.3,416.0,3459.0,34590.0,4.115384615384616,0.01991616540755814,3801767276203.0,411.5384615384616,6.050436107434095e-07
TSLA260424P00372500,372.5,7.01,卖 Put，看涨,5.394067269474101,PUT,3224.0,3257.0,2260024.0,0.00015910197707245388,127.0,<=5M,2026-04-24,391.9500122070313,371.8900146484375,366.7950134277344,394.6499938964844,362.5,6.85,6.95,0.5792888751220704,False,TSLA,33.0,17.15,127.0,3224.0,9769.69696969697,-0.5912536443148688,0.05394067269474101,1420487690716.0,-59.12536443148688,1.5910197707245389e-06
TSLA260415P00390000,390.0,0.17,卖 Put，看涨,5.394067269474101,PUT,130660.0,130703.0,2221220.0,0.0001563702392155464,38.0,<=5M,2026-04-15,391.9500122070313,371.8900146484375,366.7950134277344,394.6499938964844,362.5,0.17,0.18,0.098641826171875,False,TSLA,43.0,25.95,38.0,130660.0,303860.4651162791,-0.9934489402697495,0.05394067269474101,1420487690716.0,-99.34489402697496,1.563702392155464e-06
HIMS260417C00022000,22.0,1.97,买 Call，看涨,12.416492533044268,CALL,11250.0,12441.0,2216250.0,0.016790353355499714,19533.0,<=5M,2026-04-17,24.399999618530277,21.70499992370605,21.71999931335449,24.69499969482422,21.280000686645508,1.99,2.05,1.0000000000000004e-05,True,HIMS,1191.0,0.45,19533.0,11250.0,944.5843828715365,3.3777777777777778,0.12416492533044268,13199543530.0,337.77777777777777,0.00016790353355499712
TSLA260424P00350000,350.0,2.43,卖 Put，看涨,5.394067269474101,PUT,9118.0,9288.0,2215674.0,0.00015597980992592653,4382.0,<=5M,2026-04-24,391.9500122070313,371.8900146484375,366.7950134277344,394.6499938964844,362.5,2.4,2.43,0.6066933862304689,False,TSLA,170.0,6.8,4382.0,9118.0,5363.529411764705,-0.6426470588235293,0.05394067269474101,1420487690716.0,-64.26470588235293,1.5597980992592654e-06
HIMS260417C00023000,23.0,1.24,买 Call，看涨,12.416492533044268,CALL,17773.0,18214.0,2203852.0,0.016696425864963227,9925.0,<=5M,2026-04-17,24.399999618530277,21.70499992370605,21.71999931335449,24.69499969482422,21.280000686645508,1.29,1.34,1.0000000000000004e-05,True,HIMS,441.0,0.17,9925.0,17773.0,4030.1587301587306,6.294117647058823,0.12416492533044268,13199543530.0,629.4117647058823,0.00016696425864963225
PLTR260417C00145000,145.0,1.36,买 Call，看涨,3.419342734679333,CALL,16181.0,16244.0,2200616.0,0.0005223929374504953,13620.0,<=5M,2026-04-17,142.14999389648438,137.45010375976562,136.7899932861328,142.5800018310547,134.92999267578125,1.36,1.38,0.492192578125,False,PLTR,63.0,0.36,13620.0,16181.0,25684.126984126982,2.7777777777777777,0.03419342734679333,421256843697.0,277.77777777777777,5.223929374504953e-06
INTC260417P00065000,65.0,1.57,卖 Put，看涨,1.2946526644092258,PUT,13935.0,14332.0,2187795.0,0.0014079969880971919,8113.0,<=5M,2026-04-17,64.94000244140625,64.11000061035156,63.79999923706055,65.83999633789062,62.875,1.54,1.6,0.6552768847656252,True,INTC,397.0,2.45,8113.0,13935.0,3510.07556675063,-0.3591836734693878,0.012946526644092259,155383500000.0,-35.91836734693878,1.4079969880971919e-05
GOOGL260417C00330000,330.0,7.02,买 Call，看涨,1.0973990002779397,CALL,3114.0,3207.0,2186028.0,7.331593279431184e-05,17540.0,<=5M,2026-04-17,337.1199951171875,333.4606018066406,332.8900146484375,337.4800109863281,330.8999938964844,7.0,7.15,0.117196328125,True,GOOGL,93.0,4.75,17540.0,3114.0,3348.3870967741937,0.47789473684210515,0.010973990002779396,2981654760000.0,47.78947368421051,7.331593279431184e-07
PLTR260417C00136000,136.0,6.65,买 Call，看涨,3.419342734679333,CALL,3285.0,3782.0,2184525.0,0.0005185731775484879,6478.0,<=5M,2026-04-17,142.14999389648438,137.45010375976562,136.7899932861328,142.5800018310547,134.92999267578125,6.65,6.95,0.5312546875,True,PLTR,497.0,3.1,6478.0,3285.0,660.9657947686117,1.1451612903225807,0.03419342734679333,421256843697.0,114.51612903225808,5.185731775484879e-06
GOOGL260417C00340000,340.0,1.48,买 Call，看涨,1.0973990002779397,CALL,14431.0,14637.0,2135788.0,7.163096239887947e-05,9073.0,<=5M,2026-04-17,337.1199951171875,333.4606018066406,332.8900146484375,337.4800109863281,330.8999938964844,1.47,1.48,0.2186357434082031,False,GOOGL,206.0,1.0,9073.0,14431.0,7005.339805825242,0.48,0.010973990002779396,2981654760000.0,48.0,7.163096239887947e-07
TSLA260415C00395000,395.0,0.11,买 Call，看涨,5.394067269474101,CALL,193930.0,193938.0,2133230.0,0.00015017588775617907,694.0,<=5M,2026-04-15,391.9500122070313,371.8900146484375,366.7950134277344,394.6499938964844,362.5,0.11,0.12,0.1176846044921875,False,TSLA,8.0,0.03,694.0,193930.0,2424125.0,2.666666666666667,0.05394067269474101,1420487690716.0,266.6666666666667,1.5017588775617906e-06
INTC260515C00065000,65.0,5.57,买 Call，看涨,1.2946526644092258,CALL,3785.0,3866.0,2108245.0,0.001356801076047328,22727.0,<=5M,2026-05-15,64.94000244140625,64.11000061035156,63.79999923706055,65.83999633789062,62.875,5.5,5.6,0.7402369726562499,False,INTC,81.0,4.8,22727.0,3785.0,4672.839506172839,0.16041666666666676,0.012946526644092259,155383500000.0,16.041666666666675,1.356801076047328e-05
SOFI260417C00018000,18.0,0.9,买 Call，看涨,2.7056618593557924,CALL,23369.0,27000.0,2103210.0,0.006277366758302537,43790.0,<=5M,2026-04-17,18.790000915527344,18.295000076293945,18.450000762939453,18.81999969482422,18.170000076293945,0.89,0.91,0.5742230078125,True,SOFI,3631.0,0.58,43790.0,23369.0,643.5968052877995,0.5517241379310346,0.027056618593557926,33504653798.0,55.17241379310346,6.277366758302536e-05
SNAP260424C00005500,5.5,0.61,买 Call，看涨,1.4297735187990537,CALL,34476.0,36042.0,2103036.0,0.015048649324119936,27033.0,<=5M,2026-04-24,6.03000020980835,5.945000171661377,6.050000190734863,6.150000095367432,5.829999923706055,0.6,0.62,0.6953155468750001,True,SNAP,1566.0,0.49,27033.0,34476.0,2201.532567049808,0.24489795918367346,0.014297735187990537,13974915321.0,24.489795918367346,0.00015048649324119937
MSFT260501C00440000,440.0,6.33,买 Call，看涨,1.991616540755814,CALL,3318.0,3322.0,2100294.0,5.524520170255294e-05,2366.0,<=5M,2026-05-01,411.2200012207031,403.1900024414063,397.8500061035156,414.3699035644531,396.7300109863281,6.1,6.45,0.4678397943115234,False,MSFT,4.0,2.78,2366.0,3318.0,82950.0,1.2769784172661873,0.01991616540755814,3801767276203.0,127.69784172661873,5.524520170255294e-07
QBTS260417P00022000,22.0,2.1,卖 Put，看涨,5.212554021836613,PUT,9863.0,9884.0,2071230.0,0.022630430339068232,1349.0,<=5M,2026-04-17,20.790000915527344,19.76000022888184,18.524999618530277,21.040000915527344,17.770000457763672,2.07,2.13,1.828125859375,True,QBTS,21.0,5.46,1349.0,9863.0,46966.66666666667,-0.6153846153846154,0.05212554021836613,9152411019.0,-61.53846153846154,0.00022630430339068232
PLTR260424C00145000,145.0,3.4,买 Call，看涨,3.419342734679333,CALL,6087.0,6139.0,2069580.0,0.0004912869739603802,3493.0,<=5M,2026-04-24,142.14999389648438,137.45010375976562,136.7899932861328,142.5800018310547,134.92999267578125,3.35,3.45,0.500005,False,PLTR,52.0,1.67,3493.0,6087.0,11705.76923076923,1.035928143712575,0.03419342734679333,421256843697.0,103.59281437125749,4.912869739603802e-06
GME260618C00025000,25.0,2.08,买 Call，看涨,1.571668348649864,CALL,9909.0,10676.0,2061072.0,0.0174263233959848,29812.0,<=5M,2026-06-18,24.79080009460449,24.40719985961914,24.149999618530277,24.850000381469727,24.030000686645508,2.02,2.06,0.5122119091796875,False,GME,767.0,1.67,29812.0,9909.0,1291.916558018253,0.24550898203592825,0.01571668348649864,11827348507.0,24.550898203592826,0.00017426323395984802
HOOD260424C00080000,80.0,8.35,买 Call，看涨,1.8309034341973396,CALL,2459.0,3553.0,2053264.9999999998,0.0019105992176426457,7464.0,<=5M,2026-04-24,87.31999969482422,85.75,83.55000305175781,87.55000305175781,81.5,8.15,8.45,0.63086306640625,True,HOOD,1094.0,5.77,7464.0,2459.0,224.77148080438755,0.4471403812824957,0.018309034341973396,107467070071.0,44.71403812824957,1.9105992176426457e-05
