contractSymbol,strike,lastPrice_new,signal_type,stock_price_change_pct,option_type,volume_change_abs,volume_new,amount_threshold,amount_to_market_cap_pct,openInterest_new,amount_tier,expiry_date,股票价格(new),股票价格(old),股票价格(new open),股票价格(new high),股票价格(new low),bid,ask,impliedVolatility,inTheMoney,symbol,volume_old,lastPrice_old,openInterest_old,volume_change,volume_change_pct,option_price_change,stock_price_change,market_cap,option_price_change_pct,amount_to_market_cap
NVDA260206C00180000,180.0,5.2,买 Call，看涨,2.612209395610412,CALL,161716.0,163650.0,84092320.0,0.0019420782874524512,72586.0,>50M,2026-02-06,185.41000366210935,180.69000244140625,176.69000244140625,187.0,174.60000610351562,5.3,5.35,1.0000000000000004e-05,True,NVDA,1934.0,0.25,72586.0,161716.0,8361.737331954499,19.8,0.02612209395610412,4330017000000.0,1980.0,1.9420782874524512e-05
NVDA260320C00190000,190.0,10.5,买 Call，看涨,2.612209395610412,CALL,55445.0,55595.0,58217250.0,0.001344503959222331,96855.0,>50M,2026-03-20,185.41000366210935,180.69000244140625,176.69000244140625,187.0,174.60000610351562,10.45,10.5,0.4932301654052735,False,NVDA,150.0,6.7,96855.0,55445.0,36963.333333333336,0.5671641791044776,0.02612209395610412,4330017000000.0,56.71641791044776,1.344503959222331e-05
NVDA260220C00185000,185.0,6.35,买 Call，看涨,2.612209395610412,CALL,81386.0,81405.0,51680110.0,0.0011935313417938082,49734.0,>50M,2026-02-20,185.41000366210935,180.69000244140625,176.69000244140625,187.0,174.60000610351562,6.3,6.4,0.4135800830078124,True,NVDA,19.0,2.83,49734.0,81386.0,428347.3684210527,1.2438162544169609,0.02612209395610412,4330017000000.0,124.38162544169609,1.1935313417938082e-05
TSLA260206C00410000,410.0,3.86,买 Call，看涨,1.2586170816656406,CALL,128957.0,130553.0,49777401.99999999,0.0035042473317674146,9327.0,10M-50M,2026-02-06,411.1099853515625,406.0,400.8800048828125,414.5499877929688,397.7699890136719,3.75,3.95,0.39258419921875,True,TSLA,1596.0,0.93,9327.0,128957.0,8080.012531328321,3.1505376344086016,0.012586170816656405,1420487690716.0,315.05376344086017,3.5042473317674145e-05
NVDA260206C00177500,177.5,7.84,买 Call，看涨,2.612209395610412,CALL,59616.0,60969.0,46738944.0,0.001079417101595675,19257.0,10M-50M,2026-02-06,185.41000366210935,180.69000244140625,176.69000244140625,187.0,174.60000610351562,7.85,7.9,1.0000000000000004e-05,True,NVDA,1353.0,0.84,19257.0,59616.0,4406.208425720621,8.333333333333334,0.02612209395610412,4330017000000.0,833.3333333333334,1.079417101595675e-05
TSLA260206C00405000,405.0,8.6,买 Call，看涨,1.2586170816656406,CALL,50040.0,51944.0,43034400.0,0.003029551067655392,6324.0,10M-50M,2026-02-06,411.1099853515625,406.0,400.8800048828125,414.5499877929688,397.7699890136719,8.7,8.9,0.6081582153320313,True,TSLA,1904.0,2.08,6324.0,50040.0,2628.1512605042017,3.134615384615384,0.012586170816656405,1420487690716.0,313.4615384615384,3.0295510676553918e-05
NVDA260206C00182500,182.5,2.76,买 Call，看涨,2.612209395610412,CALL,151000.0,151407.0,41675999.99999999,0.0009624904474970882,33280.0,10M-50M,2026-02-06,185.41000366210935,180.69000244140625,176.69000244140625,187.0,174.60000610351562,2.5,2.56,1.0000000000000004e-05,True,NVDA,407.0,0.09,33280.0,151000.0,37100.737100737104,29.666666666666668,0.02612209395610412,4330017000000.0,2966.666666666667,9.624904474970882e-06
NVDA260206C00175000,175.0,10.34,买 Call，看涨,2.612209395610412,CALL,37017.0,38721.0,38275578.0,0.000883959069906654,20535.0,10M-50M,2026-02-06,185.41000366210935,180.69000244140625,176.69000244140625,187.0,174.60000610351562,10.25,10.35,1.0000000000000004e-05,True,NVDA,1704.0,1.94,20535.0,37017.0,2172.3591549295775,4.3298969072164954,0.02612209395610412,4330017000000.0,432.98969072164954,8.839590699066539e-06
NVDA260220C00180000,180.0,9.45,买 Call，看涨,2.612209395610412,CALL,33920.0,34244.0,32054400.0,0.0007402834677092492,45676.0,10M-50M,2026-02-20,185.41000366210935,180.69000244140625,176.69000244140625,187.0,174.60000610351562,9.35,9.45,0.4321345849609375,True,NVDA,324.0,4.25,45676.0,33920.0,10469.135802469136,1.2235294117647058,0.02612209395610412,4330017000000.0,122.35294117647058,7.402834677092492e-06
AMZN260206P00220000,220.0,12.04,卖 Put，看涨,3.846293226714989,PUT,23760.0,24206.0,28607039.999999996,0.0012204710266553195,15464.0,10M-50M,2026-02-06,210.32000732421875,202.5301055908203,202.6300048828125,211.43170166015625,200.30999755859372,11.9,12.05,1.3173862255859374,True,AMZN,446.0,19.36,15464.0,23760.0,5327.354260089686,-0.378099173553719,0.03846293226714989,2343934380679.0,-37.8099173553719,1.2204710266553196e-05
IREN270115P00030000,30.0,8.21,卖 Put，看涨,5.831752602632001,PUT,33576.0,33580.0,27565896.000000004,0.2421224897151416,45938.0,10M-50M,2027-01-15,41.83000183105469,39.525001525878906,39.95500183105469,44.21989822387695,36.52000045776367,8.1,8.35,1.0043995092773437,False,IREN,4.0,9.0,45938.0,33576.0,839400.0,-0.08777777777777768,0.05831752602632001,11385103479.0,-8.777777777777768,0.002421224897151416
NVDA260320C00200000,200.0,6.57,买 Call，看涨,2.612209395610412,CALL,41876.0,41882.0,27512532.0,0.0006353908541236674,158489.0,10M-50M,2026-03-20,185.41000366210935,180.69000244140625,176.69000244140625,187.0,174.60000610351562,6.55,6.65,0.4792532543945312,False,NVDA,6.0,3.95,158489.0,41876.0,697933.3333333333,0.6632911392405063,0.02612209395610412,4330017000000.0,66.32911392405063,6.353908541236674e-06
NVDA260213C00180000,180.0,7.85,买 Call，看涨,2.612209395610412,CALL,33521.0,34100.0,26313984.999999996,0.0006077108935138129,32745.0,10M-50M,2026-02-13,185.41000366210935,180.69000244140625,176.69000244140625,187.0,174.60000610351562,7.85,7.95,0.4416559741210937,True,NVDA,579.0,2.71,32745.0,33521.0,5789.464594127807,1.8966789667896677,0.02612209395610412,4330017000000.0,189.66789667896677,6.077108935138129e-06
TSLA260213C00400000,400.0,18.7,买 Call，看涨,1.2586170816656406,CALL,13369.0,13417.0,25000030.0,0.0017599610446042428,1654.0,10M-50M,2026-02-13,411.1099853515625,406.0,400.8800048828125,414.5499877929688,397.7699890136719,18.6,18.8,0.5161181201171875,True,TSLA,48.0,11.15,1654.0,13369.0,27852.083333333332,0.6771300448430492,0.012586170816656405,1420487690716.0,67.71300448430492,1.7599610446042428e-05
NVDA260213C00185000,185.0,4.64,买 Call，看涨,2.612209395610412,CALL,53572.0,53692.0,24857408.0,0.0005740718338981117,40197.0,10M-50M,2026-02-13,185.41000366210935,180.69000244140625,176.69000244140625,187.0,174.60000610351562,4.6,4.65,0.4061338684082031,True,NVDA,120.0,1.49,40197.0,53572.0,44643.333333333336,2.114093959731543,0.02612209395610412,4330017000000.0,211.40939597315432,5.740718338981117e-06
TSLA260206C00400000,400.0,13.66,买 Call，看涨,1.2586170816656406,CALL,18178.0,19436.0,24831148.0,0.0017480720292256673,6316.0,10M-50M,2026-02-06,411.1099853515625,406.0,400.8800048828125,414.5499877929688,397.7699890136719,13.5,13.7,0.7810080493164062,True,TSLA,1258.0,4.35,6316.0,18178.0,1444.9920508744037,2.1402298850574715,0.012586170816656405,1420487690716.0,214.02298850574715,1.7480720292256672e-05
TSLA260206C00407500,407.5,6.28,买 Call，看涨,1.2586170816656406,CALL,35119.0,35407.0,22054732.0,0.0015526169036271806,3393.0,10M-50M,2026-02-06,411.1099853515625,406.0,400.8800048828125,414.5499877929688,397.7699890136719,6.15,6.4,0.5100146655273439,True,TSLA,288.0,1.19,3393.0,35119.0,12194.097222222223,4.277310924369748,0.012586170816656405,1420487690716.0,427.7310924369748,1.5526169036271807e-05
TSLA260213P00420000,420.0,12.95,卖 Put，看涨,1.2586170816656406,PUT,16101.0,16111.0,20850795.0,0.0014678617165270972,3046.0,10M-50M,2026-02-13,411.1099853515625,406.0,400.8800048828125,414.5499877929688,397.7699890136719,12.7,12.8,0.3071358349609374,True,TSLA,10.0,23.15,3046.0,16101.0,161010.0,-0.4406047516198704,0.012586170816656405,1420487690716.0,-44.06047516198704,1.4678617165270972e-05
NVDA260209C00180000,180.0,5.9,买 Call，看涨,2.612209395610412,CALL,34669.0,34676.0,20454710.0,0.00047239329545357446,10037.0,10M-50M,2026-02-09,185.41000366210935,180.69000244140625,176.69000244140625,187.0,174.60000610351562,5.9,6.0,0.3115303222656249,True,NVDA,7.0,1.29,10037.0,34669.0,495271.4285714285,3.5736434108527133,0.02612209395610412,4330017000000.0,357.36434108527135,4.723932954535745e-06
AMZN260206C00205000,205.0,3.0,买 Call，看涨,3.846293226714989,CALL,66461.0,67614.0,19938300.0,0.000850633881406876,2635.0,10M-50M,2026-02-06,210.32000732421875,202.5301055908203,202.6300048828125,211.43170166015625,200.30999755859372,3.05,3.15,1.0000000000000004e-05,True,AMZN,1153.0,2.06,2635.0,66461.0,5764.180398959237,0.45631067961165045,0.03846293226714989,2343934380679.0,45.631067961165044,8.50633881406876e-06
TSLA260206C00402500,402.5,11.31,买 Call，看涨,1.2586170816656406,CALL,16742.0,17682.0,18935202.0,0.0013330071160599546,2739.0,10M-50M,2026-02-06,411.1099853515625,406.0,400.8800048828125,414.5499877929688,397.7699890136719,11.2,11.45,0.7150907397460937,True,TSLA,940.0,3.2,2739.0,16742.0,1781.063829787234,2.534375,0.012586170816656405,1420487690716.0,253.43749999999997,1.3330071160599546e-05
TSLA260213C00410000,410.0,11.95,买 Call，看涨,1.2586170816656406,CALL,15636.0,15642.0,18685020.0,0.0013153947142323897,5842.0,10M-50M,2026-02-13,411.1099853515625,406.0,400.8800048828125,414.5499877929688,397.7699890136719,11.95,12.05,0.4737601452636719,True,TSLA,6.0,7.35,5842.0,15636.0,260600.0,0.6258503401360545,0.012586170816656405,1420487690716.0,62.585034013605444,1.3153947142323897e-05
NVDA260213C00182500,182.5,6.1,买 Call，看涨,2.612209395610412,CALL,30540.0,30550.0,18629400.0,0.0004302384955994399,47699.0,10M-50M,2026-02-13,185.41000366210935,180.69000244140625,176.69000244140625,187.0,174.60000610351562,6.1,6.2,0.4233456103515625,True,NVDA,10.0,2.27,47699.0,30540.0,305400.0,1.687224669603524,0.02612209395610412,4330017000000.0,168.7224669603524,4.302384955994399e-06
AMZN270115C00200000,200.0,36.7,买 Call，看涨,3.846293226714989,CALL,4838.0,4851.0,17755460.0,0.0007575067009707213,9073.0,10M-50M,2027-01-15,210.32000732421875,202.5301055908203,202.6300048828125,211.43170166015625,200.30999755859372,36.6,36.85,0.3978636874389648,True,AMZN,13.0,33.85,9073.0,4838.0,37215.38461538461,0.08419497784342692,0.03846293226714989,2343934380679.0,8.419497784342692,7.575067009707213e-06
TSLA260206C00412500,412.5,1.6,买 Call，看涨,1.2586170816656406,CALL,104201.0,104362.0,16672160.0,0.0011736926767451509,3740.0,10M-50M,2026-02-06,411.1099853515625,406.0,400.8800048828125,414.5499877929688,397.7699890136719,1.53,1.57,0.2553785400390626,False,TSLA,161.0,0.51,3740.0,104201.0,64721.11801242236,2.1372549019607843,0.012586170816656405,1420487690716.0,213.72549019607843,1.1736926767451509e-05
NVDA260213C00190000,190.0,2.38,买 Call，看涨,2.612209395610412,CALL,68328.0,68413.0,16262063.999999998,0.0003755658234136263,37302.0,10M-50M,2026-02-13,185.41000366210935,180.69000244140625,176.69000244140625,187.0,174.60000610351562,2.37,2.39,0.3879455737304687,False,NVDA,85.0,0.67,37302.0,68328.0,80385.88235294117,2.552238805970149,0.02612209395610412,4330017000000.0,255.2238805970149,3.755658234136263e-06
AMZN270115C00250000,250.0,16.45,买 Call，看涨,3.846293226714989,CALL,9512.0,9648.0,15647240.0,0.0006675630567553367,19446.0,10M-50M,2027-01-15,210.32000732421875,202.5301055908203,202.6300048828125,211.43170166015625,200.30999755859372,16.45,16.55,0.3687654676818848,False,AMZN,136.0,15.0,19446.0,9512.0,6994.117647058823,0.09666666666666662,0.03846293226714989,2343934380679.0,9.666666666666663,6.675630567553366e-06
TSLA260209C00400000,400.0,14.75,买 Call，看涨,1.2586170816656406,CALL,10438.0,10527.0,15396050.0,0.0010838566290032113,1876.0,10M-50M,2026-02-09,411.1099853515625,406.0,400.8800048828125,414.5499877929688,397.7699890136719,14.45,14.75,0.4721732470703125,True,TSLA,89.0,6.0,1876.0,10438.0,11728.08988764045,1.4583333333333333,0.012586170816656405,1420487690716.0,145.83333333333331,1.0838566290032113e-05
AMZN260821C00250000,250.0,9.45,买 Call，看涨,3.846293226714989,CALL,16006.0,16007.0,15125669.999999998,0.0006453111539589404,3444.0,10M-50M,2026-08-21,210.32000732421875,202.5301055908203,202.6300048828125,211.43170166015625,200.30999755859372,9.4,9.5,0.3632265826416015,False,AMZN,1.0,8.23,3444.0,16006.0,1600600.0,0.14823815309842026,0.03846293226714989,2343934380679.0,14.823815309842026,6.453111539589404e-06
BE260618C00165000,165.0,32.22,买 Call，看涨,4.368759001166417,CALL,4506.0,4514.0,14518332.0,0.08823192846789456,5219.0,10M-50M,2026-06-18,143.10000610351562,137.11000061035156,141.97999572753906,156.5,133.77000427246094,32.05,32.3,1.1635173660278322,False,BE,8.0,30.55,5219.0,4506.0,56325.0,0.05466448445171843,0.04368759001166417,16454737250.0,5.466448445171843,0.0008823192846789456
TSLA260209C00405000,405.0,10.57,买 Call，看涨,1.2586170816656406,CALL,13013.0,13086.0,13754741.0,0.0009683111715714264,838.0,10M-50M,2026-02-09,411.1099853515625,406.0,400.8800048828125,414.5499877929688,397.7699890136719,10.45,10.55,0.4154111193847656,True,TSLA,73.0,4.03,838.0,13013.0,17826.027397260274,1.6228287841191067,0.012586170816656405,1420487690716.0,162.28287841191067,9.683111715714264e-06
NVDA260209C00185000,185.0,2.35,买 Call，看涨,2.612209395610412,CALL,58148.0,69292.0,13664780.000000002,0.00031558259471036723,7007.0,10M-50M,2026-02-09,185.41000366210935,180.69000244140625,176.69000244140625,187.0,174.60000610351562,2.33,2.35,0.2766185620117187,True,NVDA,11144.0,0.19,7007.0,58148.0,521.7875089734387,11.368421052631579,0.02612209395610412,4330017000000.0,1136.842105263158,3.1558259471036723e-06
NVDA260206C00185000,185.0,0.48,买 Call，看涨,2.612209395610412,CALL,283838.0,283955.0,13624224.0,0.0003146459702121262,39122.0,10M-50M,2026-02-06,185.41000366210935,180.69000244140625,176.69000244140625,187.0,174.60000610351562,0.48,0.5,0.062509375,True,NVDA,117.0,0.06,39122.0,283838.0,242596.5811965812,7.0,0.02612209395610412,4330017000000.0,700.0,3.146459702121262e-06
AMD260206C00205000,205.0,2.82,买 Call，看涨,2.889228212762345,CALL,48192.0,49672.0,13590144.0,0.005251647984060278,8599.0,10M-50M,2026-02-06,208.44000244140625,202.58680725097656,197.1300048828125,209.2700042724609,196.42999267578125,2.66,2.9,1.0000000000000004e-05,True,AMD,1480.0,0.66,8599.0,48192.0,3256.216216216216,3.272727272727272,0.028892282127623452,258778654648.0,327.2727272727272,5.2516479840602775e-05
TSLA260213C00390000,390.0,26.63,买 Call，看涨,1.2586170816656406,CALL,4890.0,14799.0,13022070.0,0.0009167323367255789,584.0,10M-50M,2026-02-13,411.1099853515625,406.0,400.8800048828125,414.5499877929688,397.7699890136719,26.55,26.75,0.5734905932617188,True,TSLA,9909.0,16.75,584.0,4890.0,49.349076597033,0.5898507462686566,0.012586170816656405,1420487690716.0,58.98507462686566,9.167323367255789e-06
AMZN260417C00215000,215.0,9.4,买 Call，看涨,3.846293226714989,CALL,13322.0,13323.0,12522680.0,0.0005342589836654208,1171.0,10M-50M,2026-04-17,210.32000732421875,202.5301055908203,202.6300048828125,211.43170166015625,200.30999755859372,9.3,9.45,0.3112861840820312,False,AMZN,1.0,7.35,1171.0,13322.0,1332200.0,0.2789115646258504,0.03846293226714989,2343934380679.0,27.891156462585045,5.342589836654208e-06
MU260206C00380000,380.0,15.42,买 Call，看涨,3.3761170928656803,CALL,7829.0,7952.0,12072318.0,0.006859084344375853,3118.0,10M-50M,2026-02-06,394.6900024414063,381.7999877929688,377.9649963378906,396.6499938964844,372.8725891113281,14.7,15.65,0.5488326367187502,True,MU,123.0,6.0,3118.0,7829.0,6365.040650406504,1.57,0.033761170928656804,176004804634.0,157.0,6.859084344375853e-05
TSLA260213C00405000,405.0,15.1,买 Call，看涨,1.2586170816656406,CALL,7916.0,7976.0,11953160.0,0.0008414828286174717,992.0,10M-50M,2026-02-13,411.1099853515625,406.0,400.8800048828125,414.5499877929688,397.7699890136719,15.0,15.1,0.4894460235595704,True,TSLA,60.0,8.8,992.0,7916.0,13193.333333333334,0.7159090909090907,0.012586170816656405,1420487690716.0,71.59090909090907,8.414828286174717e-06
AMZN260206C00202500,202.5,5.54,买 Call，看涨,3.846293226714989,CALL,21498.0,21627.0,11909892.0,0.0005081154190225195,24.0,10M-50M,2026-02-06,210.32000732421875,202.5301055908203,202.6300048828125,211.43170166015625,200.30999755859372,5.5,5.6,1.0000000000000004e-05,True,AMZN,129.0,3.3,24.0,21498.0,16665.116279069767,0.6787878787878789,0.03846293226714989,2343934380679.0,67.87878787878789,5.081154190225195e-06
MU260320C00400000,400.0,38.1,买 Call，看涨,3.3761170928656803,CALL,3098.0,3119.0,11803380.0,0.0067062828338947875,6147.0,10M-50M,2026-03-20,394.6900024414063,381.7999877929688,377.9649963378906,396.6499938964844,372.8725891113281,38.15,39.0,0.758913543701172,False,MU,21.0,32.85,6147.0,3098.0,14752.380952380952,0.1598173515981735,0.033761170928656804,176004804634.0,15.981735159817351,6.706282833894788e-05
TSLA260220C00400000,400.0,21.81,买 Call，看涨,1.2586170816656406,CALL,5292.0,5328.0,11541851.999999998,0.0008125274210705973,4092.0,10M-50M,2026-02-20,411.1099853515625,406.0,400.8800048828125,414.5499877929688,397.7699890136719,21.85,22.0,0.4827932580566406,True,TSLA,36.0,14.76,4092.0,5292.0,14700.0,0.4776422764227642,0.012586170816656405,1420487690716.0,47.76422764227642,8.125274210705973e-06
TSLA260209C00410000,410.0,6.81,买 Call，看涨,1.2586170816656406,CALL,16840.0,16894.0,11468040.0,0.0008073311775211166,1677.0,10M-50M,2026-02-09,411.1099853515625,406.0,400.8800048828125,414.5499877929688,397.7699890136719,6.75,6.8,0.3632876171875,True,TSLA,54.0,2.6,1677.0,16840.0,31185.185185185186,1.6192307692307688,0.012586170816656405,1420487690716.0,161.92307692307688,8.073311775211166e-06
CRWV260821C00080000,80.0,29.1,买 Call，看涨,9.896149816889867,CALL,3884.0,4023.0,11302440.0,0.019223536392164193,170.0,10M-50M,2026-08-21,89.94999694824219,81.8499984741211,77.9000015258789,90.5999984741211,77.1500015258789,28.15,29.8,0.971557901611328,True,CRWV,139.0,21.0,170.0,3884.0,2794.244604316547,0.3857142857142858,0.09896149816889867,58794801172.0,38.57142857142858,0.00019223536392164195
NVDA260320C00170000,170.0,22.1,买 Call，看涨,2.612209395610412,CALL,4870.0,4879.0,10762700.0,0.0002485602250522342,23608.0,10M-50M,2026-03-20,185.41000366210935,180.69000244140625,176.69000244140625,187.0,174.60000610351562,22.05,22.15,0.5338181384277343,True,NVDA,9.0,16.29,23608.0,4870.0,54111.11111111111,0.3566605279312463,0.02612209395610412,4330017000000.0,35.66605279312463,2.4856022505223422e-06
AMZN260206C00207500,207.5,1.13,卖 Call，看空/价差对冲,3.846293226714989,CALL,94205.0,94741.0,10645165.0,0.00045415797847191727,113.0,10M-50M,2026-02-06,210.32000732421875,202.5301055908203,202.6300048828125,211.43170166015625,200.30999755859372,1.13,1.14,1.0000000000000004e-05,True,AMZN,536.0,2.17,113.0,94205.0,17575.559701492537,-0.47926267281105994,0.03846293226714989,2343934380679.0,-47.92626728110599,4.541579784719173e-06
AMZN260320C00220000,220.0,4.56,买 Call，看涨,3.846293226714989,CALL,23000.0,23107.0,10487999.999999998,0.00044745279929559264,31794.0,10M-50M,2026-03-20,210.32000732421875,202.5301055908203,202.6300048828125,211.43170166015625,200.30999755859372,4.65,4.75,0.2971872039794921,False,AMZN,107.0,3.7,31794.0,23000.0,21495.327102803738,0.23243243243243228,0.03846293226714989,2343934380679.0,23.243243243243228,4.474527992955927e-06
AMZN260220C00210000,210.0,4.6,买 Call，看涨,3.846293226714989,CALL,22544.0,22617.0,10370240.0,0.00044242876786490537,10830.0,10M-50M,2026-02-20,210.32000732421875,202.5301055908203,202.6300048828125,211.43170166015625,200.30999755859372,4.7,4.8,0.2729564892578124,True,AMZN,73.0,4.15,10830.0,22544.0,30882.191780821915,0.10843373493975886,0.03846293226714989,2343934380679.0,10.843373493975886,4.424287678649054e-06
NVDA260320C00180000,180.0,15.65,买 Call，看涨,2.612209395610412,CALL,6507.0,6528.0,10183455.0,0.00023518279489433873,52222.0,10M-50M,2026-03-20,185.41000366210935,180.69000244140625,176.69000244140625,187.0,174.60000610351562,15.65,15.75,0.5128222546386718,True,NVDA,21.0,10.52,52222.0,6507.0,30985.714285714283,0.4876425855513309,0.02612209395610412,4330017000000.0,48.76425855513309,2.3518279489433874e-06
NVDA260220C00190000,190.0,3.95,买 Call，看涨,2.612209395610412,CALL,25646.0,25667.0,10130170.000000002,0.00023395219926388285,85065.0,10M-50M,2026-02-20,185.41000366210935,180.69000244140625,176.69000244140625,187.0,174.60000610351562,3.9,4.0,0.3966124792480469,False,NVDA,21.0,1.6,85065.0,25646.0,122123.80952380951,1.46875,0.02612209395610412,4330017000000.0,146.875,2.3395219926388284e-06
AVGO260320C00330000,330.0,28.5,买 Call，看涨,2.653597216012919,CALL,3550.0,4759.0,10117500.0,0.00064044020677812,7034.0,10M-50M,2026-03-20,332.4949951171875,323.8999938964844,320.2149963378906,335.0,316.29998779296875,28.2,28.6,0.5992471716308594,True,AVGO,1209.0,18.43,7034.0,3550.0,293.631100082713,0.5463917525773196,0.026535972160129193,1579772770810.0,54.639175257731964,6.4044020677812e-06
NVDA260213C00177500,177.5,9.85,买 Call，看涨,2.612209395610412,CALL,10191.0,10193.0,10038135.0,0.00023182668797836126,45306.0,10M-50M,2026-02-13,185.41000366210935,180.69000244140625,176.69000244140625,187.0,174.60000610351562,9.8,9.9,0.4646049633789063,True,NVDA,2.0,4.26,45306.0,10191.0,509550.0,1.312206572769953,0.02612209395610412,4330017000000.0,131.2206572769953,2.3182668797836128e-06
NVDA260206C00172500,172.5,12.75,买 Call，看涨,2.612209395610412,CALL,7787.0,7847.0,9928425.0,0.00022929297968114215,8555.0,5M-10M,2026-02-06,185.41000366210935,180.69000244140625,176.69000244140625,187.0,174.60000610351562,12.75,12.85,1.0000000000000004e-05,True,NVDA,60.0,4.25,8555.0,7787.0,12978.333333333334,2.0,0.02612209395610412,4330017000000.0,200.0,2.2929297968114213e-06
NVDA260209C00182500,182.5,3.95,买 Call，看涨,2.612209395610412,CALL,25121.0,25149.0,9922795.000000002,0.00022916295709693522,7296.0,5M-10M,2026-02-09,185.41000366210935,180.69000244140625,176.69000244140625,187.0,174.60000610351562,3.85,3.95,0.2856516748046874,True,NVDA,28.0,0.58,7296.0,25121.0,89717.85714285714,5.810344827586207,0.02612209395610412,4330017000000.0,581.0344827586207,2.2916295709693522e-06
MU260206C00390000,390.0,5.42,买 Call，看涨,3.3761170928656803,CALL,17864.0,18567.0,9682288.0,0.005501149823798395,2943.0,5M-10M,2026-02-06,394.6900024414063,381.7999877929688,377.9649963378906,396.6499938964844,372.8725891113281,4.4,5.5,0.30274134765625,True,MU,703.0,2.87,2943.0,17864.0,2541.109530583215,0.8885017421602787,0.033761170928656804,176004804634.0,88.85017421602787,5.501149823798395e-05
AMZN260206P00215000,215.0,7.0,卖 Put，看涨,3.846293226714989,PUT,13744.0,15687.0,9620800.0,0.00041045517653156356,14556.0,5M-10M,2026-02-06,210.32000732421875,202.5301055908203,202.6300048828125,211.43170166015625,200.30999755859372,6.9,7.0,0.946289599609375,True,AMZN,1943.0,14.6,14556.0,13744.0,707.3597529593412,-0.5205479452054794,0.03846293226714989,2343934380679.0,-52.054794520547944,4.104551765315636e-06
AMZN260206C00200000,200.0,7.7,买 Call，看涨,3.846293226714989,CALL,12473.0,12549.0,9604210.0,0.00040974739221231164,2995.0,5M-10M,2026-02-06,210.32000732421875,202.5301055908203,202.6300048828125,211.43170166015625,200.30999755859372,7.9,8.05,1.0000000000000004e-05,True,AMZN,76.0,4.0,2995.0,12473.0,16411.84210526316,0.925,0.03846293226714989,2343934380679.0,92.5,4.0974739221231165e-06
TSLA260213C00420000,420.0,6.9,买 Call，看涨,1.2586170816656406,CALL,13912.0,13963.0,9599280.0,0.0006757735433216927,4791.0,5M-10M,2026-02-13,411.1099853515625,406.0,400.8800048828125,414.5499877929688,397.7699890136719,6.8,6.9,0.4387263159179688,False,TSLA,51.0,3.65,4791.0,13912.0,27278.43137254902,0.8904109589041097,0.012586170816656405,1420487690716.0,89.04109589041097,6.757735433216927e-06
AMZN260213C00210000,210.0,3.33,买 Call，看涨,3.846293226714989,CALL,28071.0,28743.0,9347643.0,0.0003988013946573086,294.0,5M-10M,2026-02-13,210.32000732421875,202.5301055908203,202.6300048828125,211.43170166015625,200.30999755859372,3.3,3.35,0.256843369140625,True,AMZN,672.0,2.27,294.0,28071.0,4177.232142857143,0.4669603524229075,0.03846293226714989,2343934380679.0,46.69603524229075,3.988013946573086e-06
AMZN260515C00250000,250.0,3.92,买 Call，看涨,3.846293226714989,CALL,23545.0,23549.0,9229640.0,0.00039376699604219814,20413.0,5M-10M,2026-05-15,210.32000732421875,202.5301055908203,202.6300048828125,211.43170166015625,200.30999755859372,3.95,4.0,0.3555362298583984,False,AMZN,4.0,3.1,20413.0,23545.0,588625.0,0.264516129032258,0.03846293226714989,2343934380679.0,26.4516129032258,3.9376699604219815e-06
CORZ260320C00017000,17.0,2.25,买 Call，看涨,5.5241628619472465,CALL,39867.0,39875.0,8970075.0,0.17430712169292079,58507.0,5M-10M,2026-03-20,16.809999465942383,15.93000030517578,15.510000228881836,16.93000030517578,15.354999542236328,2.23,2.32,1.0283251708984378,False,CORZ,8.0,1.85,58507.0,39867.0,498337.5,0.21621621621621614,0.05524162861947246,5146132248.0,21.621621621621614,0.0017430712169292078
AMZN260206P00210000,210.0,2.18,卖 Put，看涨,3.846293226714989,PUT,39561.0,40663.0,8624298.000000002,0.00036794110240840797,14241.0,5M-10M,2026-02-06,210.32000732421875,202.5301055908203,202.6300048828125,211.43170166015625,200.30999755859372,1.94,2.06,0.5048877636718749,False,AMZN,1102.0,9.65,14241.0,39561.0,3589.9274047186937,-0.7740932642487047,0.03846293226714989,2343934380679.0,-77.40932642487047,3.6794110240840795e-06
HOOD280121C00100000,100.0,26.7,买 Call，看涨,2.665307301747329,CALL,3222.0,3230.0,8602740.0,0.008005000968498025,9134.0,5M-10M,2028-01-21,82.81999969482422,80.6698989868164,77.82749938964844,84.30000305175781,77.12010192871094,26.3,27.0,0.7068510760498048,False,HOOD,8.0,24.41,9134.0,3222.0,40275.0,0.09381401065137235,0.026653073017473293,107467070071.0,9.381401065137235,8.005000968498024e-05
NVDA260206C00170000,170.0,15.35,买 Call，看涨,2.612209395610412,CALL,5601.0,5655.0,8597535.0,0.0001985566107477176,3599.0,5M-10M,2026-02-06,185.41000366210935,180.69000244140625,176.69000244140625,187.0,174.60000610351562,15.2,15.6,1.001958115234375,True,NVDA,54.0,6.8,3599.0,5601.0,10372.222222222223,1.2573529411764708,0.02612209395610412,4330017000000.0,125.73529411764707,1.985566107477176e-06
HOOD270115C00100000,100.0,16.45,买 Call，看涨,2.665307301747329,CALL,5148.0,5182.0,8468460.0,0.007880051065321837,12139.0,5M-10M,2027-01-15,82.81999969482422,80.6698989868164,77.82749938964844,84.30000305175781,77.12010192871094,16.35,16.65,0.6963531341552736,False,HOOD,34.0,14.75,12139.0,5148.0,15141.176470588234,0.11525423728813554,0.026653073017473293,107467070071.0,11.525423728813553,7.880051065321836e-05
AMZN260213C00205000,205.0,5.95,买 Call，看涨,3.846293226714989,CALL,14185.0,14389.0,8440075.0,0.0003600815393797435,448.0,5M-10M,2026-02-13,210.32000732421875,202.5301055908203,202.6300048828125,211.43170166015625,200.30999755859372,5.9,6.0,0.2026446923828124,True,AMZN,204.0,4.0,448.0,14185.0,6953.431372549019,0.48750000000000004,0.03846293226714989,2343934380679.0,48.75000000000001,3.600815393797435e-06
NVDA260306C00180000,180.0,13.34,买 Call，看涨,2.612209395610412,CALL,6282.0,6285.0,8380188.0,0.00019353706925400062,5869.0,5M-10M,2026-03-06,185.41000366210935,180.69000244140625,176.69000244140625,187.0,174.60000610351562,13.2,13.35,0.5039722454833984,True,NVDA,3.0,8.7,5869.0,6282.0,209400.0,0.5333333333333334,0.02612209395610412,4330017000000.0,53.33333333333334,1.935370692540006e-06
NVDA260209C00175000,175.0,10.55,买 Call，看涨,2.612209395610412,CALL,7888.0,8236.0,8321840.000000001,0.00019218954567614863,8632.0,5M-10M,2026-02-09,185.41000366210935,180.69000244140625,176.69000244140625,187.0,174.60000610351562,10.4,10.7,0.40039662109375,True,NVDA,348.0,2.95,8632.0,7888.0,2266.666666666667,2.576271186440678,0.02612209395610412,4330017000000.0,257.6271186440678,1.9218954567614862e-06
MU260213P00395000,395.0,15.55,卖 Put，看涨,3.3761170928656803,PUT,5350.0,5478.0,8319250.0,0.004726717555977967,704.0,5M-10M,2026-02-13,394.6900024414063,381.7999877929688,377.9649963378906,396.6499938964844,372.8725891113281,15.55,15.6,0.6615024084472658,True,MU,128.0,26.44,704.0,5350.0,4179.6875,-0.4118759455370651,0.033761170928656804,176004804634.0,-41.18759455370651,4.7267175559779665e-05
TSLA260220C00410000,410.0,15.44,买 Call，看涨,1.2586170816656406,CALL,5387.0,8543.0,8317528.0,0.0005855403080478319,2671.0,5M-10M,2026-02-20,411.1099853515625,406.0,400.8800048828125,414.5499877929688,397.7699890136719,15.55,15.65,0.454534263305664,True,TSLA,3156.0,10.05,2671.0,5387.0,170.69074778200252,0.5363184079601988,0.012586170816656405,1420487690716.0,53.63184079601988,5.855403080478319e-06
TSLA260209C00415000,415.0,3.89,买 Call，看涨,1.2586170816656406,CALL,21369.0,21422.0,8312541.0,0.0005851892314399463,1628.0,5M-10M,2026-02-09,411.1099853515625,406.0,400.8800048828125,414.5499877929688,397.7699890136719,3.85,3.95,0.3294744787597655,False,TSLA,53.0,1.42,1628.0,21369.0,40318.867924528306,1.73943661971831,0.012586170816656405,1420487690716.0,173.943661971831,5.851892314399462e-06
NVDA260227C00185000,185.0,9.3,买 Call，看涨,2.612209395610412,CALL,8860.0,8863.0,8239800.0,0.00019029486489314013,13788.0,5M-10M,2026-02-27,185.41000366210935,180.69000244140625,176.69000244140625,187.0,174.60000610351562,9.25,9.3,0.5002491381835938,True,NVDA,3.0,5.5,13788.0,8860.0,295333.3333333334,0.690909090909091,0.02612209395610412,4330017000000.0,69.09090909090911,1.9029486489314013e-06
TSLA261218P00290000,290.0,20.75,卖 Put，看涨,1.2586170816656406,PUT,3962.0,4032.0,8221150.0,0.0005787554551673807,1521.0,5M-10M,2026-12-18,411.1099853515625,406.0,400.8800048828125,414.5499877929688,397.7699890136719,20.55,20.75,0.5001881036376954,False,TSLA,70.0,24.56,1521.0,3962.0,5660.0,-0.15513029315960908,0.012586170816656405,1420487690716.0,-15.513029315960909,5.7875545516738065e-06
AMD260206C00200000,200.0,7.7,买 Call，看涨,2.889228212762345,CALL,10475.0,12945.0,8065750.0,0.00311685289923596,6265.0,5M-10M,2026-02-06,208.44000244140625,202.58680725097656,197.1300048828125,209.2700042724609,196.42999267578125,7.65,8.0,1.0000000000000004e-05,True,AMD,2470.0,2.0,6265.0,10475.0,424.08906882591094,2.85,0.028892282127623452,258778654648.0,285.0,3.11685289923596e-05
AMD260206C00202500,202.5,5.2,买 Call，看涨,2.889228212762345,CALL,15482.0,17085.0,8050640.000000001,0.003111013932331772,3570.0,5M-10M,2026-02-06,208.44000244140625,202.58680725097656,197.1300048828125,209.2700042724609,196.42999267578125,5.1,5.4,1.0000000000000004e-05,True,AMD,1603.0,1.38,3570.0,15482.0,965.8140985651903,2.768115942028986,0.028892282127623452,258778654648.0,276.81159420289856,3.111013932331772e-05
AMZN260320C00200000,200.0,14.7,买 Call，看涨,3.846293226714989,CALL,5240.0,5506.0,7702800.0,0.00032862694721720934,3761.0,5M-10M,2026-03-20,210.32000732421875,202.5301055908203,202.6300048828125,211.43170166015625,200.30999755859372,14.75,14.85,0.3111641149902343,True,AMZN,266.0,11.0,3761.0,5240.0,1969.9248120300751,0.3363636363636363,0.03846293226714989,2343934380679.0,33.63636363636363,3.2862694721720934e-06
IREN260515C00040000,40.0,10.75,买 Call，看涨,5.831752602632001,CALL,7046.0,7048.0,7574450.0,0.06652947875239949,1308.0,5M-10M,2026-05-15,41.83000183105469,39.525001525878906,39.95500183105469,44.21989822387695,36.52000045776367,10.65,11.05,1.1840861108398435,True,IREN,2.0,9.0,1308.0,7046.0,352300.0,0.19444444444444445,0.05831752602632001,11385103479.0,19.444444444444446,0.0006652947875239949
NVDA260227C00190000,190.0,6.85,买 Call，看涨,2.612209395610412,CALL,11027.0,11032.0,7553495.0,0.00017444492712153324,21571.0,5M-10M,2026-02-27,185.41000366210935,180.69000244140625,176.69000244140625,187.0,174.60000610351562,6.8,6.9,0.4903615417480469,False,NVDA,5.0,3.81,21571.0,11027.0,220540.0,0.7979002624671915,0.02612209395610412,4330017000000.0,79.79002624671915,1.7444492712153324e-06
NVDA260227C00200000,200.0,3.41,买 Call，看涨,2.612209395610412,CALL,21982.0,21984.0,7495862.000000001,0.00017311391618092956,37570.0,5M-10M,2026-02-27,185.41000366210935,180.69000244140625,176.69000244140625,187.0,174.60000610351562,3.35,3.45,0.4724173852539062,False,NVDA,2.0,1.77,37570.0,21982.0,1099100.0,0.9265536723163842,0.02612209395610412,4330017000000.0,92.65536723163842,1.7311391618092956e-06
NVDA260320C00185000,185.0,12.85,买 Call，看涨,2.612209395610412,CALL,5750.0,5778.0,7388750.0,0.0001706402076481455,42371.0,5M-10M,2026-03-20,185.41000366210935,180.69000244140625,176.69000244140625,187.0,174.60000610351562,12.85,12.95,0.501103621826172,True,NVDA,28.0,8.37,42371.0,5750.0,20535.714285714286,0.5352449223416966,0.02612209395610412,4330017000000.0,53.524492234169664,1.706402076481455e-06
AMZN260209C00205000,205.0,4.43,买 Call，看涨,3.846293226714989,CALL,16644.0,16807.0,7373292.0,0.00031456904513956895,54.0,5M-10M,2026-02-09,210.32000732421875,202.5301055908203,202.6300048828125,211.43170166015625,200.30999755859372,4.4,4.45,1.0000000000000004e-05,True,AMZN,163.0,3.45,54.0,16644.0,10211.042944785277,0.2840579710144926,0.03846293226714989,2343934380679.0,28.40579710144926,3.1456904513956897e-06
TSLA260209P00420000,420.0,8.34,卖 Put，看涨,1.2586170816656406,PUT,8629.0,10660.0,7196586.0,0.0005066278326123717,2108.0,5M-10M,2026-02-09,411.1099853515625,406.0,400.8800048828125,414.5499877929688,397.7699890136719,8.05,8.2,1.0000000000000004e-05,True,TSLA,2031.0,23.45,2108.0,8629.0,424.86459871984243,-0.6443496801705757,0.012586170816656405,1420487690716.0,-64.43496801705757,5.066278326123716e-06
AMZN260206P00230000,230.0,21.95,卖 Put，看涨,3.846293226714989,PUT,3272.0,3324.0,7182039.999999999,0.0003064096017022233,18662.0,5M-10M,2026-02-06,210.32000732421875,202.5301055908203,202.6300048828125,211.43170166015625,200.30999755859372,22.0,22.15,1.9638673681640624,True,AMZN,52.0,27.27,18662.0,3272.0,6292.307692307692,-0.1950861752841951,0.03846293226714989,2343934380679.0,-19.50861752841951,3.064096017022233e-06
AMZN260320C00210000,210.0,8.55,买 Call，看涨,3.846293226714989,CALL,8329.0,8342.0,7121295.000000001,0.00030381801891301565,6305.0,5M-10M,2026-03-20,210.32000732421875,202.5301055908203,202.6300048828125,211.43170166015625,200.30999755859372,8.6,8.7,0.2968209967041015,True,AMZN,13.0,7.2,6305.0,8329.0,64069.23076923077,0.18750000000000006,0.03846293226714989,2343934380679.0,18.750000000000007,3.0381801891301568e-06
MU260206C00385000,385.0,10.32,买 Call，看涨,3.3761170928656803,CALL,6853.0,6951.0,7072296.000000001,0.004018240305829583,1843.0,5M-10M,2026-02-06,394.6900024414063,381.7999877929688,377.9649963378906,396.6499938964844,372.8725891113281,9.0,10.9,0.5510298803710938,True,MU,98.0,5.46,1843.0,6853.0,6992.857142857143,0.8901098901098902,0.033761170928656804,176004804634.0,89.01098901098902,4.018240305829583e-05
TSLA260211C00400000,400.0,16.45,买 Call，看涨,1.2586170816656406,CALL,4297.0,4300.0,7068564.999999999,0.0004976153645116821,3028.0,5M-10M,2026-02-11,411.1099853515625,406.0,400.8800048828125,414.5499877929688,397.7699890136719,16.8,16.95,0.5008594836425782,True,TSLA,3.0,10.0,3028.0,4297.0,143233.3333333333,0.6449999999999999,0.012586170816656405,1420487690716.0,64.49999999999999,4.976153645116821e-06
NVDA260227C00180000,180.0,12.3,买 Call，看涨,2.612209395610412,CALL,5692.0,5695.0,7001160.000000001,0.00016168897258371043,9096.0,5M-10M,2026-02-27,185.41000366210935,180.69000244140625,176.69000244140625,187.0,174.60000610351562,12.1,12.2,0.5140429455566407,True,NVDA,3.0,7.45,9096.0,5692.0,189733.3333333333,0.651006711409396,0.02612209395610412,4330017000000.0,65.1006711409396,1.6168897258371043e-06
AMZN260220C00205000,205.0,7.26,买 Call，看涨,3.846293226714989,CALL,9535.0,9570.0,6922409.999999999,0.00029533292642751753,1405.0,5M-10M,2026-02-20,210.32000732421875,202.5301055908203,202.6300048828125,211.43170166015625,200.30999755859372,7.3,7.35,0.2476881872558593,True,AMZN,35.0,5.6,1405.0,9535.0,27242.857142857145,0.2964285714285715,0.03846293226714989,2343934380679.0,29.64285714285715,2.953329264275175e-06
NVDA260227C00175000,175.0,15.64,买 Call，看涨,2.612209395610412,CALL,4344.0,4356.0,6794016.0,0.00015690506526879687,9221.0,5M-10M,2026-02-27,185.41000366210935,180.69000244140625,176.69000244140625,187.0,174.60000610351562,15.45,15.55,0.5325974475097657,True,NVDA,12.0,10.05,9221.0,4344.0,36200.0,0.5562189054726367,0.02612209395610412,4330017000000.0,55.621890547263675,1.5690506526879687e-06
MSFT260206C00395000,395.0,4.7,卖 Call，看空/价差对冲,1.4465947252626143,CALL,14037.0,14059.0,6597390.000000001,0.00017353482001110596,3843.0,5M-10M,2026-02-06,401.1400146484375,395.4198913574219,399.1650085449219,401.7900085449219,392.9200134277344,4.6,4.8,1.0000000000000004e-05,True,MSFT,22.0,5.5,3843.0,14037.0,63804.54545454545,-0.14545454545454542,0.014465947252626144,3801767276203.0,-14.545454545454541,1.7353482001110594e-06
AMD260213C00205000,205.0,8.3,买 Call，看涨,2.889228212762345,CALL,7947.0,8128.0,6596010.000000001,0.002548900336842747,5555.0,5M-10M,2026-02-13,208.44000244140625,202.58680725097656,197.1300048828125,209.2700042724609,196.42999267578125,8.0,8.2,0.5102588037109376,True,AMD,181.0,4.35,5555.0,7947.0,4390.60773480663,0.9080459770114946,0.028892282127623452,258778654648.0,90.80459770114946,2.548900336842747e-05
AMZN260206P00225000,225.0,17.05,卖 Put，看涨,3.846293226714989,PUT,3817.0,3944.0,6507985.000000001,0.00027765218402209463,7693.0,5M-10M,2026-02-06,210.32000732421875,202.5301055908203,202.6300048828125,211.43170166015625,200.30999755859372,16.7,16.85,1.5781271093749998,True,AMZN,127.0,24.21,7693.0,3817.0,3005.511811023622,-0.29574555968608013,0.03846293226714989,2343934380679.0,-29.574555968608014,2.776521840220946e-06
TSLA260209C00412500,412.5,5.14,买 Call，看涨,1.2586170816656406,CALL,12432.0,12434.0,6390048.0,0.0004498488823073914,658.0,5M-10M,2026-02-09,411.1099853515625,406.0,400.8800048828125,414.5499877929688,397.7699890136719,5.2,5.3,0.3470524279785155,False,TSLA,2.0,2.47,658.0,12432.0,621600.0,1.080971659919028,0.012586170816656405,1420487690716.0,108.0971659919028,4.498488823073914e-06
MU260213P00385000,385.0,11.4,卖 Put，看涨,3.3761170928656803,PUT,5583.0,5589.0,6364620.0,0.0036161626458068316,1133.0,5M-10M,2026-02-13,394.6900024414063,381.7999877929688,377.9649963378906,396.6499938964844,372.8725891113281,10.9,11.45,0.6752962158203126,False,MU,6.0,25.4,1133.0,5583.0,93050.0,-0.5511811023622046,0.033761170928656804,176004804634.0,-55.11811023622046,3.616162645806832e-05
TSLA260211C00410000,410.0,9.92,买 Call，看涨,1.2586170816656406,CALL,6368.0,6502.0,6317056.0,0.0004447103654109015,965.0,5M-10M,2026-02-11,411.1099853515625,406.0,400.8800048828125,414.5499877929688,397.7699890136719,9.85,9.95,0.4469049450683593,True,TSLA,134.0,4.55,965.0,6368.0,4752.238805970149,1.1802197802197802,0.012586170816656405,1420487690716.0,118.02197802197803,4.447103654109015e-06
NVDA260220P00180000,180.0,3.85,卖 Put，看涨,2.612209395610412,PUT,16293.0,16302.0,6272805.0,0.00014486790698512272,68649.0,5M-10M,2026-02-20,185.41000366210935,180.69000244140625,176.69000244140625,187.0,174.60000610351562,3.85,3.9,0.4221249194335937,False,NVDA,9.0,8.31,68649.0,16293.0,181033.3333333333,-0.5367027677496993,0.02612209395610412,4330017000000.0,-53.67027677496993,1.448679069851227e-06
AMZN260515C00230000,230.0,8.15,买 Call，看涨,3.846293226714989,CALL,7631.0,7632.0,6219265.0,0.0002653344330483509,3128.0,5M-10M,2026-05-15,210.32000732421875,202.5301055908203,202.6300048828125,211.43170166015625,200.30999755859372,8.2,8.3,0.3566958862304687,False,AMZN,1.0,6.75,3128.0,7631.0,763100.0,0.20740740740740746,0.03846293226714989,2343934380679.0,20.740740740740744,2.653344330483509e-06
MU260213C00400000,400.0,13.87,买 Call，看涨,3.3761170928656803,CALL,4447.0,4763.0,6167989.0,0.003504443536542234,2146.0,5M-10M,2026-02-13,394.6900024414063,381.7999877929688,377.9649963378906,396.6499938964844,372.8725891113281,13.7,14.05,0.6988555505371095,False,MU,316.0,11.8,2146.0,4447.0,1407.2784810126584,0.1754237288135592,0.033761170928656804,176004804634.0,17.54237288135592,3.504443536542234e-05
AMD260515P00200000,200.0,19.54,卖 Put，看涨,2.889228212762345,PUT,3125.0,3146.0,6106250.0,0.0023596420687424704,10012.0,5M-10M,2026-05-15,208.44000244140625,202.58680725097656,197.1300048828125,209.2700042724609,196.42999267578125,19.15,19.4,0.5499922930908205,False,AMD,21.0,23.0,10012.0,3125.0,14880.95238095238,-0.1504347826086957,0.028892282127623452,258778654648.0,-15.04347826086957,2.3596420687424704e-05
TSLA260209C00407500,407.5,8.5,买 Call，看涨,1.2586170816656406,CALL,7172.0,10502.0,6096200.0,0.0004291624658096964,1325.0,5M-10M,2026-02-09,411.1099853515625,406.0,400.8800048828125,414.5499877929688,397.7699890136719,8.5,8.65,0.3913635083007812,True,TSLA,3330.0,3.28,1325.0,7172.0,215.37537537537537,1.5914634146341466,0.012586170816656405,1420487690716.0,159.14634146341467,4.291624658096964e-06
NVDA260220C00195000,195.0,2.26,买 Call，看涨,2.612209395610412,CALL,26965.0,26972.0,6094089.999999999,0.00014074055598396033,37354.0,5M-10M,2026-02-20,185.41000366210935,180.69000244140625,176.69000244140625,187.0,174.60000610351562,2.24,2.26,0.3801331518554687,False,NVDA,7.0,0.87,37354.0,26965.0,385214.28571428574,1.597701149425287,0.02612209395610412,4330017000000.0,159.77011494252872,1.4074055598396032e-06
AMZN260618C00210000,210.0,18.62,卖 Call，看空/价差对冲,3.846293226714989,CALL,3272.0,3433.0,6092464.000000001,0.000259924682628492,3074.0,5M-10M,2026-06-18,210.32000732421875,202.5301055908203,202.6300048828125,211.43170166015625,200.30999755859372,18.4,18.55,0.3640200317382813,True,AMZN,161.0,29.65,3074.0,3272.0,2032.2981366459626,-0.3720067453625632,0.03846293226714989,2343934380679.0,-37.200674536256315,2.59924682628492e-06
AMZN260515C00220000,220.0,11.65,买 Call，看涨,3.846293226714989,CALL,5143.0,5148.0,5991595.0,0.00025562127717348174,3519.0,5M-10M,2026-05-15,210.32000732421875,202.5301055908203,202.6300048828125,211.43170166015625,200.30999755859372,11.55,11.65,0.3590457162475585,False,AMZN,5.0,9.32,3519.0,5143.0,102859.99999999999,0.25,0.03846293226714989,2343934380679.0,25.0,2.5562127717348176e-06
AMZN260515C00210000,210.0,15.95,买 Call，看涨,3.846293226714989,CALL,3749.0,3750.0,5979655.0,0.00025511187724751023,3791.0,5M-10M,2026-05-15,210.32000732421875,202.5301055908203,202.6300048828125,211.43170166015625,200.30999755859372,15.95,16.1,0.3655458953857422,True,AMZN,1.0,13.5,3791.0,3749.0,374900.0,0.18148148148148144,0.03846293226714989,2343934380679.0,18.148148148148145,2.5511187724751024e-06
NVDA260209C00177500,177.5,8.32,买 Call，看涨,2.612209395610412,CALL,7148.0,7212.0,5947136.0,0.00013734671249558605,4881.0,5M-10M,2026-02-09,185.41000366210935,180.69000244140625,176.69000244140625,187.0,174.60000610351562,8.0,8.3,0.352545537109375,True,NVDA,64.0,1.69,4881.0,7148.0,11168.75,3.923076923076924,0.02612209395610412,4330017000000.0,392.3076923076924,1.3734671249558604e-06
CRWV260618C00100000,100.0,17.59,买 Call，看涨,9.896149816889867,CALL,3379.0,4450.0,5943661.0,0.010109160812726016,4407.0,5M-10M,2026-06-18,89.94999694824219,81.8499984741211,77.9000015258789,90.5999984741211,77.1500015258789,16.95,17.9,0.9807130834960938,False,CRWV,1071.0,10.52,4407.0,3379.0,315.49953314659194,0.6720532319391636,0.09896149816889867,58794801172.0,67.20532319391636,0.00010109160812726015
NVDA260213C00175000,175.0,11.84,买 Call，看涨,2.612209395610412,CALL,5006.0,5011.0,5927104.0,0.00013688408151746285,8969.0,5M-10M,2026-02-13,185.41000366210935,180.69000244140625,176.69000244140625,187.0,174.60000610351562,11.85,11.95,0.4848684326171875,True,NVDA,5.0,5.65,8969.0,5006.0,100120.0,1.0955752212389378,0.02612209395610412,4330017000000.0,109.55752212389378,1.3688408151746286e-06
TSLA260209P00410000,410.0,3.0,卖 Put，看涨,1.2586170816656406,PUT,19617.0,19622.0,5885100.0,0.0004143013725823701,522.0,5M-10M,2026-02-09,411.1099853515625,406.0,400.8800048828125,414.5499877929688,397.7699890136719,2.96,3.0,0.2056964196777343,False,TSLA,5.0,12.34,522.0,19617.0,392340.0,-0.7568881685575365,0.012586170816656405,1420487690716.0,-75.68881685575364,4.143013725823701e-06
AMZN260220C00200000,200.0,10.6,卖 Call，看空/价差对冲,3.846293226714989,CALL,5545.0,7827.0,5877700.0,0.00025076213943742425,3798.0,5M-10M,2026-02-20,210.32000732421875,202.5301055908203,202.6300048828125,211.43170166015625,200.30999755859372,10.6,10.7,0.19336744140625,True,AMZN,2282.0,26.23,3798.0,5545.0,242.988606485539,-0.5958825772016775,0.03846293226714989,2343934380679.0,-59.588257720167746,2.5076213943742423e-06
NVDA260209P00185000,185.0,1.97,卖 Put，看涨,2.612209395610412,PUT,29576.0,29825.0,5826472.0,0.00013456002597680332,2711.0,5M-10M,2026-02-09,185.41000366210935,180.69000244140625,176.69000244140625,187.0,174.60000610351562,1.95,1.97,0.2805247729492187,False,NVDA,249.0,13.09,2711.0,29576.0,11877.911646586344,-0.8495034377387318,0.02612209395610412,4330017000000.0,-84.95034377387319,1.3456002597680332e-06
AMD260213C00202500,202.5,9.75,买 Call，看涨,2.889228212762345,CALL,5932.0,6003.0,5783700.0,0.0022349988672238814,2231.0,5M-10M,2026-02-13,208.44000244140625,202.58680725097656,197.1300048828125,209.2700042724609,196.42999267578125,9.55,9.75,0.5139208764648437,True,AMD,71.0,5.5,2231.0,5932.0,8354.929577464789,0.7727272727272727,0.028892282127623452,258778654648.0,77.27272727272727,2.2349988672238813e-05
NVDA260211C00180000,180.0,7.03,买 Call，看涨,2.612209395610412,CALL,8198.0,8209.0,5763194.0,0.00013309864603302943,3689.0,5M-10M,2026-02-11,185.41000366210935,180.69000244140625,176.69000244140625,187.0,174.60000610351562,7.0,7.05,0.4001524829101562,True,NVDA,11.0,2.47,3689.0,8198.0,74527.27272727272,1.8461538461538463,0.02612209395610412,4330017000000.0,184.6153846153846,1.3309864603302944e-06
NVDA260213P00180000,180.0,2.42,卖 Put，看涨,2.612209395610412,PUT,23453.0,23468.0,5675625.999999999,0.0001310762983147641,18703.0,5M-10M,2026-02-13,185.41000366210935,180.69000244140625,176.69000244140625,187.0,174.60000610351562,2.39,2.41,0.4282283740234375,False,NVDA,15.0,6.63,18703.0,23453.0,156353.33333333334,-0.6349924585218703,0.02612209395610412,4330017000000.0,-63.49924585218702,1.3107629831476411e-06
AMD260213C00210000,210.0,5.6,买 Call，看涨,2.889228212762345,CALL,10104.0,10339.0,5658239.999999999,0.0021865172796792453,5775.0,5M-10M,2026-02-13,208.44000244140625,202.58680725097656,197.1300048828125,209.2700042724609,196.42999267578125,5.45,5.55,0.50586431640625,False,AMD,235.0,3.3,5775.0,10104.0,4299.574468085106,0.6969696969696969,0.028892282127623452,258778654648.0,69.69696969696969,2.1865172796792454e-05
AMZN260717C00220000,220.0,15.9,买 Call，看涨,3.846293226714989,CALL,3541.0,3542.0,5630190.0,0.00024020254348455886,413.0,5M-10M,2026-07-17,210.32000732421875,202.5301055908203,202.6300048828125,211.43170166015625,200.30999755859372,15.7,15.85,0.3562381271362304,False,AMZN,1.0,13.9,413.0,3541.0,354100.0,0.14388489208633093,0.03846293226714989,2343934380679.0,14.388489208633093,2.4020254348455885e-06
NVDA260220C00182500,182.5,7.8,买 Call，看涨,2.612209395610412,CALL,7192.0,7195.0,5609760.0,0.00012955514955253063,6056.0,5M-10M,2026-02-20,185.41000366210935,180.69000244140625,176.69000244140625,187.0,174.60000610351562,7.75,7.8,0.4193173303222656,True,NVDA,3.0,3.74,6056.0,7192.0,239733.33333333334,1.085561497326203,0.02612209395610412,4330017000000.0,108.55614973262031,1.2955514955253062e-06
NVDA260213C00187500,187.5,3.4,买 Call，看涨,2.612209395610412,CALL,15881.0,15883.0,5399540.0,0.00012470020325555304,11122.0,5M-10M,2026-02-13,185.41000366210935,180.69000244140625,176.69000244140625,187.0,174.60000610351562,3.35,3.4,0.39649041015625,False,NVDA,2.0,1.01,11122.0,15881.0,794050.0,2.366336633663366,0.02612209395610412,4330017000000.0,236.63366336633663,1.2470020325555304e-06
AMZN260209C00200000,200.0,8.49,买 Call，看涨,3.846293226714989,CALL,6149.0,6170.0,5220501.0,0.00022272385451710917,31.0,5M-10M,2026-02-09,210.32000732421875,202.5301055908203,202.6300048828125,211.43170166015625,200.30999755859372,8.25,8.6,1.0000000000000004e-05,True,AMZN,21.0,6.0,31.0,6149.0,29280.952380952378,0.41500000000000004,0.03846293226714989,2343934380679.0,41.5,2.2272385451710918e-06
AMZN260417C00200000,200.0,17.5,卖 Call，看空/价差对冲,3.846293226714989,CALL,2970.0,3234.0,5197500.0,0.00022174255571499266,2607.0,5M-10M,2026-04-17,210.32000732421875,202.5301055908203,202.6300048828125,211.43170166015625,200.30999755859372,17.5,17.6,0.325079991455078,True,AMZN,264.0,31.27,2607.0,2970.0,1125.0,-0.4403581707707067,0.03846293226714989,2343934380679.0,-44.035817077070675,2.2174255571499265e-06
AMZN260209P00210000,210.0,3.87,卖 Put，看涨,3.846293226714989,PUT,13430.0,13539.0,5197410.0,0.0002217387160170582,998.0,5M-10M,2026-02-09,210.32000732421875,202.5301055908203,202.6300048828125,211.43170166015625,200.30999755859372,3.55,3.65,0.4338435522460938,False,AMZN,109.0,10.6,998.0,13430.0,12321.100917431193,-0.6349056603773585,0.03846293226714989,2343934380679.0,-63.49056603773585,2.217387160170582e-06
AVGO260206C00320000,320.0,13.02,买 Call，看涨,2.653597216012919,CALL,3926.0,4073.0,5111652.0,0.00032356881283496816,4801.0,5M-10M,2026-02-06,332.4949951171875,323.8999938964844,320.2149963378906,335.0,316.29998779296875,12.5,13.45,0.577152666015625,True,AVGO,147.0,3.77,4801.0,3926.0,2670.7482993197277,2.453580901856764,0.026535972160129193,1579772770810.0,245.35809018567642,3.235688128349682e-06
NVDA260220C00175000,175.0,13.05,买 Call，看涨,2.612209395610412,CALL,3915.0,3942.0,5109075.0,0.00011799203097816936,15045.0,5M-10M,2026-02-20,185.41000366210935,180.69000244140625,176.69000244140625,187.0,174.60000610351562,13.05,13.15,0.4597221997070312,True,NVDA,27.0,7.5,15045.0,3915.0,14500.0,0.7400000000000001,0.02612209395610412,4330017000000.0,74.00000000000001,1.1799203097816937e-06
TSLA260213P00425000,425.0,16.4,卖 Put，看涨,1.2586170816656406,PUT,3104.0,3105.0,5090560.0,0.00035836706176834885,2041.0,5M-10M,2026-02-13,411.1099853515625,406.0,400.8800048828125,414.5499877929688,397.7699890136719,15.9,16.05,0.2846751220703124,True,TSLA,1.0,27.1,2041.0,3104.0,310400.0,-0.3948339483394835,0.012586170816656405,1420487690716.0,-39.483394833948346,3.5836706176834884e-06
AMZN260320C00205000,205.0,11.31,卖 Call，看空/价差对冲,3.846293226714989,CALL,4468.0,4563.0,5053308.0,0.00021559084766426518,1489.0,5M-10M,2026-03-20,210.32000732421875,202.5301055908203,202.6300048828125,211.43170166015625,200.30999755859372,11.5,11.65,0.3072579040527343,True,AMZN,95.0,25.1,1489.0,4468.0,4703.1578947368425,-0.549402390438247,0.03846293226714989,2343934380679.0,-54.940239043824704,2.1559084766426517e-06
TSLA260209P00412500,412.5,3.9,卖 Put，看涨,1.2586170816656406,PUT,12931.0,13111.0,5043090.0,0.00035502525174702635,536.0,5M-10M,2026-02-09,411.1099853515625,406.0,400.8800048828125,414.5499877929688,397.7699890136719,3.9,3.95,0.186531572265625,True,TSLA,180.0,17.3,536.0,12931.0,7183.888888888889,-0.7745664739884393,0.012586170816656405,1420487690716.0,-77.45664739884393,3.5502525174702635e-06
NVDA260213C00170000,170.0,16.48,买 Call，看涨,2.612209395610412,CALL,3015.0,3028.0,4968720.0,0.00011475058873902805,4178.0,<=5M,2026-02-13,185.41000366210935,180.69000244140625,176.69000244140625,187.0,174.60000610351562,16.25,16.35,0.5202684692382812,True,NVDA,13.0,8.44,4178.0,3015.0,23192.307692307695,0.9526066350710902,0.02612209395610412,4330017000000.0,95.26066350710903,1.1475058873902805e-06
COIN260206C00160000,160.0,3.55,买 Call，看涨,6.131889172036617,CALL,13987.0,16408.0,4965385.0,0.006182288144398821,4870.0,<=5M,2026-02-06,165.1199951171875,155.5800018310547,154.55499267578125,165.50999450683594,151.57000732421875,3.5,3.85,1.0000000000000004e-05,True,COIN,2421.0,1.56,4870.0,13987.0,577.7364725320116,1.2756410256410255,0.06131889172036617,80316298497.0,127.56410256410255,6.182288144398821e-05
IREN270115C00050000,50.0,14.84,买 Call，看涨,5.831752602632001,CALL,3341.0,3377.0,4958044.0,0.04354851942404554,20482.0,<=5M,2027-01-15,41.83000183105469,39.525001525878906,39.95500183105469,44.21989822387695,36.52000045776367,14.2,15.1,1.088749673461914,False,IREN,36.0,12.31,20482.0,3341.0,9280.555555555557,0.2055239642567018,0.05831752602632001,11385103479.0,20.55239642567018,0.0004354851942404554
AVGO260320C00420000,420.0,3.93,买 Call，看涨,2.653597216012919,CALL,12506.0,12681.0,4914858.0,0.00031111170484853944,7790.0,<=5M,2026-03-20,332.4949951171875,323.8999938964844,320.2149963378906,335.0,316.29998779296875,3.8,4.0,0.5603071313476562,False,AVGO,175.0,2.51,7790.0,12506.0,7146.285714285715,0.5657370517928288,0.026535972160129193,1579772770810.0,56.57370517928288,3.111117048485394e-06
AMZN260206P00222500,222.5,14.81,卖 Put，看涨,3.846293226714989,PUT,3244.0,3422.0,4804364.0,0.00020497007252431073,4294.0,<=5M,2026-02-06,210.32000732421875,202.5301055908203,202.6300048828125,211.43170166015625,200.30999755859372,14.5,14.6,1.50390873046875,True,AMZN,178.0,18.47,4294.0,3244.0,1822.4719101123596,-0.19815917704385483,0.03846293226714989,2343934380679.0,-19.815917704385484,2.0497007252431074e-06
AMZN260209C00207500,207.5,2.85,买 Call，看涨,3.846293226714989,CALL,16789.0,16872.0,4784865.0,0.00020413818063515508,71.0,<=5M,2026-02-09,210.32000732421875,202.5301055908203,202.6300048828125,211.43170166015625,200.30999755859372,2.87,2.9,0.0937590625,True,AMZN,83.0,2.28,71.0,16789.0,20227.710843373494,0.25000000000000017,0.03846293226714989,2343934380679.0,25.000000000000018,2.0413818063515508e-06
AMZN260320P00200000,200.0,5.5,卖 Put，看涨,3.846293226714989,PUT,8634.0,8715.0,4748700.0,0.0002025952620151584,37592.0,<=5M,2026-03-20,210.32000732421875,202.5301055908203,202.6300048828125,211.43170166015625,200.30999755859372,5.4,5.55,0.351446915283203,False,AMZN,81.0,9.0,37592.0,8634.0,10659.25925925926,-0.3888888888888889,0.03846293226714989,2343934380679.0,-38.88888888888889,2.025952620151584e-06
AMZN260417C00210000,210.0,11.71,卖 Call，看空/价差对冲,3.846293226714989,CALL,4055.0,4250.0,4748405.0,0.00020258267633859543,1106.0,<=5M,2026-04-17,210.32000732421875,202.5301055908203,202.6300048828125,211.43170166015625,200.30999755859372,11.7,11.8,0.3149482568359374,True,AMZN,195.0,24.1,1106.0,4055.0,2079.4871794871797,-0.5141078838174273,0.03846293226714989,2343934380679.0,-51.410788381742734,2.0258267633859543e-06
AVGO260206C00325000,325.0,8.1,买 Call，看涨,2.653597216012919,CALL,5841.0,5856.0,4731210.0,0.0002994867418542831,3805.0,<=5M,2026-02-06,332.4949951171875,323.8999938964844,320.2149963378906,335.0,316.29998779296875,7.55,9.05,0.6269568554687501,True,AVGO,15.0,1.89,3805.0,5841.0,38940.0,3.285714285714286,0.026535972160129193,1579772770810.0,328.5714285714286,2.994867418542831e-06
INTC260220C00050000,50.0,2.79,买 Call，看涨,1.6680101669045104,CALL,16939.0,17213.0,4725981.0,0.0030414947533039223,42691.0,<=5M,2026-02-20,50.59000015258789,49.7599983215332,49.060001373291016,51.22499847412109,48.83000183105469,2.77,2.85,0.6162147753906251,True,INTC,274.0,2.1,42691.0,16939.0,6182.116788321168,0.3285714285714285,0.016680101669045103,155383500000.0,32.857142857142854,3.0414947533039224e-05
NVDA260211C00185000,185.0,3.67,买 Call，看涨,2.612209395610412,CALL,12690.0,12702.0,4657230.0,0.00010755685254815397,4749.0,<=5M,2026-02-11,185.41000366210935,180.69000244140625,176.69000244140625,187.0,174.60000610351562,3.7,3.75,0.3737855590820312,True,NVDA,12.0,0.92,4749.0,12690.0,105750.0,2.9891304347826084,0.02612209395610412,4330017000000.0,298.9130434782608,1.0755685254815397e-06
AMZN260417C00205000,205.0,14.3,卖 Call，看空/价差对冲,3.846293226714989,CALL,3253.0,3274.0,4651790.0,0.00019846076060595395,453.0,<=5M,2026-04-17,210.32000732421875,202.5301055908203,202.6300048828125,211.43170166015625,200.30999755859372,14.4,14.5,0.3189765368652343,True,AMZN,21.0,27.55,453.0,3253.0,15490.476190476189,-0.4809437386569873,0.03846293226714989,2343934380679.0,-48.09437386569873,1.9846076060595395e-06
MSFT260320C00400000,400.0,15.56,买 Call，看涨,1.4465947252626143,CALL,2957.0,5859.0,4601092.0,0.00012102508296076772,2392.0,<=5M,2026-03-20,401.1400146484375,395.4198913574219,399.1650085449219,401.7900085449219,392.9200134277344,15.6,15.7,0.2757640783691406,True,MSFT,2902.0,14.22,2392.0,2957.0,101.89524465885596,0.09423347398030942,0.014465947252626144,3801767276203.0,9.423347398030941,1.2102508296076772e-06
NVDA260320P00160000,160.0,3.62,卖 Put，看涨,2.612209395610412,PUT,12686.0,12698.0,4592332.0,0.00010605805935634893,56795.0,<=5M,2026-03-20,185.41000366210935,180.69000244140625,176.69000244140625,187.0,174.60000610351562,3.55,3.6,0.5231981274414061,False,NVDA,12.0,5.5,56795.0,12686.0,105716.66666666667,-0.3418181818181818,0.02612209395610412,4330017000000.0,-34.18181818181818,1.0605805935634894e-06
AMD260213C00200000,200.0,11.4,买 Call，看涨,2.889228212762345,CALL,3984.0,4276.0,4541760.0,0.0017550752036244507,2945.0,<=5M,2026-02-13,208.44000244140625,202.58680725097656,197.1300048828125,209.2700042724609,196.42999267578125,11.35,11.55,0.5273484765625001,True,AMD,292.0,7.2,2945.0,3984.0,1364.3835616438355,0.5833333333333334,0.028892282127623452,258778654648.0,58.333333333333336,1.7550752036244506e-05
NVDA260211C00182500,182.5,5.18,买 Call，看涨,2.612209395610412,CALL,8682.0,8691.0,4497275.999999999,0.00010386277929162863,1630.0,<=5M,2026-02-11,185.41000366210935,180.69000244140625,176.69000244140625,187.0,174.60000610351562,5.25,5.3,0.3892883337402344,True,NVDA,9.0,1.52,1630.0,8682.0,96466.66666666666,2.407894736842105,0.02612209395610412,4330017000000.0,240.7894736842105,1.0386277929162863e-06
NVDA260306C00185000,185.0,10.45,买 Call，看涨,2.612209395610412,CALL,4302.0,4303.0,4495589.999999999,0.00010382384180015919,3799.0,<=5M,2026-03-06,185.41000366210935,180.69000244140625,176.69000244140625,187.0,174.60000610351562,10.45,10.5,0.4946339599609375,True,NVDA,1.0,6.55,3799.0,4302.0,430200.0,0.5954198473282442,0.02612209395610412,4330017000000.0,59.54198473282442,1.0382384180015919e-06
TSLA260213P00410000,410.0,7.8,卖 Put，看涨,1.2586170816656406,PUT,5746.0,10931.0,4481880.0,0.000315516989643247,1907.0,<=5M,2026-02-13,411.1099853515625,406.0,400.8800048828125,414.5499877929688,397.7699890136719,7.75,7.85,0.3461979443359374,False,TSLA,5185.0,19.2,1907.0,5746.0,110.81967213114754,-0.59375,0.012586170816656405,1420487690716.0,-59.375,3.15516989643247e-06
AMZN260320C00240000,240.0,1.26,买 Call，看涨,3.846293226714989,CALL,35315.0,35457.0,4449690.0,0.00018983850557757493,18437.0,<=5M,2026-03-20,210.32000732421875,202.5301055908203,202.6300048828125,211.43170166015625,200.30999755859372,1.22,1.25,0.3112861840820312,False,AMZN,142.0,0.91,18437.0,35315.0,24869.718309859156,0.3846153846153846,0.03846293226714989,2343934380679.0,38.46153846153846,1.8983850557757494e-06
IREN260220C00042000,42.0,3.82,买 Call，看涨,5.831752602632001,CALL,11583.0,11600.0,4424706.0,0.03886399458873113,11317.0,<=5M,2026-02-20,41.83000183105469,39.525001525878906,39.95500183105469,44.21989822387695,36.52000045776367,3.65,4.0,1.1557659399414062,False,IREN,17.0,2.7,11317.0,11583.0,68135.29411764706,0.41481481481481464,0.05831752602632001,11385103479.0,41.48148148148147,0.0003886399458873113
TSLA260220P00400000,400.0,7.7,卖 Put，看涨,1.2586170816656406,PUT,5667.0,5737.0,4363590.0,0.0003071895679575036,14492.0,<=5M,2026-02-20,411.1099853515625,406.0,400.8800048828125,414.5499877929688,397.7699890136719,7.5,7.6,0.3772645281982422,False,TSLA,70.0,14.75,14492.0,5667.0,8095.714285714285,-0.47796610169491527,0.012586170816656405,1420487690716.0,-47.79661016949153,3.0718956795750357e-06
NVDA260320C00210000,210.0,3.95,买 Call，看涨,2.612209395610412,CALL,10948.0,18340.0,4324460.0,9.987166332141421e-05,87566.0,<=5M,2026-03-20,185.41000366210935,180.69000244140625,176.69000244140625,187.0,174.60000610351562,3.9,4.0,0.4693656579589844,False,NVDA,7392.0,1.88,87566.0,10948.0,148.1060606060606,1.1010638297872342,0.02612209395610412,4330017000000.0,110.10638297872342,9.987166332141422e-07
AMZN260220C00215000,215.0,2.72,买 Call，看涨,3.846293226714989,CALL,15837.0,15838.0,4307664.000000001,0.00018377920625713677,1953.0,<=5M,2026-02-20,210.32000732421875,202.5301055908203,202.6300048828125,211.43170166015625,200.30999755859372,2.84,2.88,0.2829661547851562,False,AMZN,1.0,2.34,1953.0,15837.0,1583700.0,0.16239316239316254,0.03846293226714989,2343934380679.0,16.239316239316253,1.8377920625713678e-06
AMZN260417C00235000,235.0,3.45,卖 Call，看空/价差对冲,3.846293226714989,CALL,12412.0,14206.0,4282140.0,0.00018269026792292424,3600.0,<=5M,2026-04-17,210.32000732421875,202.5301055908203,202.6300048828125,211.43170166015625,200.30999755859372,3.4,3.5,0.3072579040527343,False,AMZN,1794.0,11.18,3600.0,12412.0,691.8617614269788,-0.6914132379248658,0.03846293226714989,2343934380679.0,-69.14132379248657,1.8269026792292424e-06
CORZ260220C00019500,19.5,0.45,买 Call，看涨,5.5241628619472465,CALL,95077.0,95079.0,4278465.0,0.08313942964957398,326.0,<=5M,2026-02-20,16.809999465942383,15.93000030517578,15.510000228881836,16.93000030517578,15.354999542236328,0.42,0.66,1.040043862304688,False,CORZ,2.0,0.4,326.0,95077.0,4753850.0,0.12499999999999997,0.05524162861947246,5146132248.0,12.499999999999996,0.0008313942964957398
TSLA260220C00415000,415.0,12.9,买 Call，看涨,1.2586170816656406,CALL,3311.0,3313.0,4271190.0,0.0003006847597424161,2217.0,<=5M,2026-02-20,411.1099853515625,406.0,400.8800048828125,414.5499877929688,397.7699890136719,12.85,13.0,0.4450739086914062,False,TSLA,2.0,8.98,2217.0,3311.0,165550.0,0.4365256124721603,0.012586170816656405,1420487690716.0,43.652561247216035,3.0068475974241614e-06
AMD260320C00220000,220.0,10.8,买 Call，看涨,2.889228212762345,CALL,3943.0,3951.0,4258440.0,0.0016455916759411562,8199.0,<=5M,2026-03-20,208.44000244140625,202.58680725097656,197.1300048828125,209.2700042724609,196.42999267578125,10.7,10.9,0.5435226312255861,False,AMD,8.0,7.65,8199.0,3943.0,49287.5,0.411764705882353,0.028892282127623452,258778654648.0,41.1764705882353,1.6455916759411563e-05
AMZN260220P00210000,210.0,6.35,卖 Put，看涨,3.846293226714989,PUT,6644.0,7142.0,4218939.999999999,0.0001799939467067265,15170.0,<=5M,2026-02-20,210.32000732421875,202.5301055908203,202.6300048828125,211.43170166015625,200.30999755859372,6.15,6.25,0.3772034936523437,False,AMZN,498.0,11.72,15170.0,6644.0,1334.136546184739,-0.4581911262798635,0.03846293226714989,2343934380679.0,-45.81911262798635,1.799939467067265e-06
AMZN260417C00230000,230.0,4.45,买 Call，看涨,3.846293226714989,CALL,9477.0,9498.0,4217265.0,0.00017992248566183524,4130.0,<=5M,2026-04-17,210.32000732421875,202.5301055908203,202.6300048828125,211.43170166015625,200.30999755859372,4.45,4.55,0.3072579040527343,False,AMZN,21.0,3.3,4130.0,9477.0,45128.57142857143,0.3484848484848486,0.03846293226714989,2343934380679.0,34.84848484848486,1.7992248566183523e-06
AMZN260220P00205000,205.0,4.05,卖 Put，看涨,3.846293226714989,PUT,10376.0,10381.0,4202280.0,0.00017928317595574785,19401.0,<=5M,2026-02-20,210.32000732421875,202.5301055908203,202.6300048828125,211.43170166015625,200.30999755859372,3.75,3.85,0.3660952062988281,False,AMZN,5.0,8.0,19401.0,10376.0,207519.99999999997,-0.49375,0.03846293226714989,2343934380679.0,-49.375,1.7928317595574785e-06
AMZN260209C00210000,210.0,1.75,卖 Call，看空/价差对冲,3.846293226714989,CALL,23813.0,23882.0,4167275.0,0.0001777897467757953,115.0,<=5M,2026-02-09,210.32000732421875,202.5301055908203,202.6300048828125,211.43170166015625,200.30999755859372,1.74,1.76,0.18164880859375,True,AMZN,69.0,2.21,115.0,23813.0,34511.59420289855,-0.20814479638009048,0.03846293226714989,2343934380679.0,-20.814479638009047,1.777897467757953e-06
NVDA260320C00195000,195.0,8.35,买 Call，看涨,2.612209395610412,CALL,4985.0,4991.0,4162475.0,9.613068493726468e-05,71245.0,<=5M,2026-03-20,185.41000366210935,180.69000244140625,176.69000244140625,187.0,174.60000610351562,8.3,8.4,0.4851736053466796,False,NVDA,6.0,5.15,71245.0,4985.0,83083.33333333334,0.6213592233009707,0.02612209395610412,4330017000000.0,62.135922330097074,9.613068493726468e-07
TSLA260206C00415000,415.0,0.23,卖 Call，看空/价差对冲,1.2586170816656406,CALL,180104.0,180848.0,4142392.0,0.0002916175921180998,7276.0,<=5M,2026-02-06,411.1099853515625,406.0,400.8800048828125,414.5499877929688,397.7699890136719,0.21,0.23,0.1606529248046875,False,TSLA,744.0,0.36,7276.0,180104.0,24207.52688172043,-0.36111111111111105,0.012586170816656405,1420487690716.0,-36.11111111111111,2.916175921180998e-06
AMZN270115P00200000,200.0,21.4,买 Put平仓/做波动率交易,3.846293226714989,PUT,1922.0,3781.0,4113079.9999999995,0.00017547760866959538,13228.0,<=5M,2027-01-15,210.32000732421875,202.5301055908203,202.6300048828125,211.43170166015625,200.30999755859372,21.3,21.5,0.3331212928771973,False,AMZN,1859.0,18.2,13228.0,1922.0,103.38891877353416,0.17582417582417578,0.03846293226714989,2343934380679.0,17.582417582417577,1.7547760866959538e-06
AMZN260213C00200000,200.0,9.55,买 Call，看涨,3.846293226714989,CALL,4243.0,4470.0,4052065.0,0.00017287450678658427,258.0,<=5M,2026-02-13,210.32000732421875,202.5301055908203,202.6300048828125,211.43170166015625,200.30999755859372,9.5,9.65,1.0000000000000004e-05,True,AMZN,227.0,6.5,258.0,4243.0,1869.1629955947135,0.46923076923076934,0.03846293226714989,2343934380679.0,46.923076923076934,1.7287450678658428e-06
AMZN260220P00220000,220.0,13.4,卖 Put，看涨,3.846293226714989,PUT,3000.0,3033.0,4020000.0,0.0001715065077391574,17644.0,<=5M,2026-02-20,210.32000732421875,202.5301055908203,202.6300048828125,211.43170166015625,200.30999755859372,13.25,13.4,0.4370173486328125,True,AMZN,33.0,19.82,17644.0,3000.0,9090.90909090909,-0.3239152371342079,0.03846293226714989,2343934380679.0,-32.39152371342079,1.715065077391574e-06
MSFT260320C00450000,450.0,2.29,卖 Call，看空/价差对冲,1.4465947252626143,CALL,17378.0,17379.0,3979562.0000000005,0.0001046766335464535,21793.0,<=5M,2026-03-20,401.1400146484375,395.4198913574219,399.1650085449219,401.7900085449219,392.9200134277344,2.28,2.32,0.2804027038574218,False,MSFT,1.0,2.45,21793.0,17378.0,1737800.0,-0.06530612244897964,0.014465947252626144,3801767276203.0,-6.530612244897964,1.046766335464535e-06
AVGO260213C00330000,330.0,11.5,买 Call，看涨,2.653597216012919,CALL,3379.0,3390.0,3885850.0,0.0002459752485800601,2581.0,<=5M,2026-02-13,332.4949951171875,323.8999938964844,320.2149963378906,335.0,316.29998779296875,11.3,11.8,0.5242967492675781,True,AVGO,11.0,7.15,2581.0,3379.0,30718.18181818182,0.6083916083916083,0.026535972160129193,1579772770810.0,60.83916083916083,2.4597524858006008e-06
AVGO260206C00330000,330.0,2.93,买 Call，看涨,2.653597216012919,CALL,13213.0,13267.0,3871409.0000000005,0.0002450611297734297,6608.0,<=5M,2026-02-06,332.4949951171875,323.8999938964844,320.2149963378906,335.0,316.29998779296875,2.75,3.2,0.2404861108398437,True,AVGO,54.0,0.8,6608.0,13213.0,24468.51851851852,2.6624999999999996,0.026535972160129193,1579772770810.0,266.24999999999994,2.450611297734297e-06
AMZN260220P00200000,200.0,2.43,卖 Put，看涨,3.846293226714989,PUT,15897.0,16091.0,3862971.0,0.00016480713077304492,23667.0,<=5M,2026-02-20,210.32000732421875,202.5301055908203,202.6300048828125,211.43170166015625,200.30999755859372,2.27,2.3,0.3693910717773437,False,AMZN,194.0,5.85,23667.0,15897.0,8194.329896907217,-0.5846153846153845,0.03846293226714989,2343934380679.0,-58.46153846153845,1.6480713077304492e-06
AMD260213C00207500,207.5,6.9,买 Call，看涨,2.889228212762345,CALL,5585.0,5660.0,3853650.0,0.0014891684189493421,1592.0,<=5M,2026-02-13,208.44000244140625,202.58680725097656,197.1300048828125,209.2700042724609,196.42999267578125,6.8,6.9,0.5185595019531251,True,AMD,75.0,3.75,1592.0,5585.0,7446.666666666667,0.8400000000000001,0.028892282127623452,258778654648.0,84.00000000000001,1.4891684189493421e-05
NVDA260213P00182500,182.5,3.18,卖 Put，看涨,2.612209395610412,PUT,11995.0,12005.0,3814410.0,8.809226384099646e-05,17900.0,<=5M,2026-02-13,185.41000366210935,180.69000244140625,176.69000244140625,187.0,174.60000610351562,3.15,3.2,0.4148007739257812,False,NVDA,10.0,8.2,17900.0,11995.0,119950.0,-0.6121951219512195,0.02612209395610412,4330017000000.0,-61.21951219512195,8.809226384099647e-07
TSLA260213P00400000,400.0,4.5,卖 Put，看涨,1.2586170816656406,PUT,8419.0,8440.0,3788550.0,0.0002667076965721803,3354.0,<=5M,2026-02-13,411.1099853515625,406.0,400.8800048828125,414.5499877929688,397.7699890136719,4.5,4.6,0.3798279791259765,False,TSLA,21.0,11.2,3354.0,8419.0,40090.47619047619,-0.5982142857142857,0.012586170816656405,1420487690716.0,-59.82142857142857,2.667076965721803e-06
INTC260417P00050000,50.0,5.07,卖 Put，看涨,1.6680101669045104,PUT,7374.0,7479.0,3738618.0,0.0024060585583411363,2556.0,<=5M,2026-04-17,50.59000015258789,49.7599983215332,49.060001373291016,51.22499847412109,48.83000183105469,5.0,5.1,0.6052285571289064,False,INTC,105.0,6.11,2556.0,7374.0,7022.857142857143,-0.1702127659574468,0.016680101669045103,155383500000.0,-17.02127659574468,2.4060585583411364e-05
NVDA260209P00182500,182.5,1.11,卖 Put，看涨,2.612209395610412,PUT,33631.0,34468.0,3733041.0000000005,8.621307953294411e-05,1789.0,<=5M,2026-02-09,185.41000366210935,180.69000244140625,176.69000244140625,187.0,174.60000610351562,1.09,1.11,0.2961496166992187,False,NVDA,837.0,11.05,1789.0,33631.0,4018.040621266428,-0.8995475113122172,0.02612209395610412,4330017000000.0,-89.95475113122173,8.621307953294411e-07
MSFT260213C00400000,400.0,6.55,卖 Call，看空/价差对冲,1.4465947252626143,CALL,5562.0,5574.0,3643110.0,9.5826749385842e-05,1957.0,<=5M,2026-02-13,401.1400146484375,395.4198913574219,399.1650085449219,401.7900085449219,392.9200134277344,6.55,6.65,0.2562330236816406,True,MSFT,12.0,7.55,1957.0,5562.0,46350.0,-0.13245033112582782,0.014465947252626144,3801767276203.0,-13.245033112582782,9.5826749385842e-07
AMZN260618C00230000,230.0,10.4,买 Call，看涨,3.846293226714989,CALL,3474.0,3507.0,3612960.0,0.00015414083388091198,20170.0,<=5M,2026-06-18,210.32000732421875,202.5301055908203,202.6300048828125,211.43170166015625,200.30999755859372,10.35,10.4,0.3518131225585937,False,AMZN,33.0,8.2,20170.0,3474.0,10527.272727272726,0.2682926829268294,0.03846293226714989,2343934380679.0,26.82926829268294,1.5414083388091197e-06
AMZN260320C00225000,225.0,3.31,买 Call，看涨,3.846293226714989,CALL,10830.0,10838.0,3584730.0000000005,0.00015293644862880343,5819.0,<=5M,2026-03-20,210.32000732421875,202.5301055908203,202.6300048828125,211.43170166015625,200.30999755859372,3.3,3.4,0.2979806530761718,False,AMZN,8.0,2.67,5819.0,10830.0,135375.0,0.23970037453183526,0.03846293226714989,2343934380679.0,23.970037453183526,1.5293644862880342e-06
NVDA260227P00180000,180.0,6.42,卖 Put，看涨,2.612209395610412,PUT,5567.0,5585.0,3574014.0,8.25404149683477e-05,20021.0,<=5M,2026-02-27,185.41000366210935,180.69000244140625,176.69000244140625,187.0,174.60000610351562,6.4,6.45,0.4974415490722657,False,NVDA,18.0,10.63,20021.0,5567.0,30927.777777777777,-0.39604891815616183,0.02612209395610412,4330017000000.0,-39.604891815616185,8.25404149683477e-07
NVDA260220C00187500,187.5,5.04,买 Call，看涨,2.612209395610412,CALL,7084.0,7086.0,3570336.0,8.245547303855851e-05,9097.0,<=5M,2026-02-20,185.41000366210935,180.69000244140625,176.69000244140625,187.0,174.60000610351562,5.0,5.1,0.4038145556640625,False,NVDA,2.0,2.19,9097.0,7084.0,354200.0,1.3013698630136987,0.02612209395610412,4330017000000.0,130.13698630136986,8.245547303855851e-07
AMZN260320P00210000,210.0,9.74,卖 Put，看涨,3.846293226714989,PUT,3643.0,3722.0,3548282.0,0.00015138145629196837,11153.0,<=5M,2026-03-20,210.32000732421875,202.5301055908203,202.6300048828125,211.43170166015625,200.30999755859372,9.55,9.65,0.3410710424804687,False,AMZN,79.0,14.74,11153.0,3643.0,4611.392405063291,-0.33921302578018997,0.03846293226714989,2343934380679.0,-33.921302578018995,1.5138145629196837e-06
TSLA260206P00417500,417.5,3.78,卖 Put，看涨,1.2586170816656406,PUT,9375.0,9385.0,3543750.0,0.000249474178703637,6005.0,<=5M,2026-02-06,411.1099853515625,406.0,400.8800048828125,414.5499877929688,397.7699890136719,3.55,3.8,1.0000000000000004e-05,True,TSLA,10.0,18.66,6005.0,9375.0,93750.0,-0.797427652733119,0.012586170816656405,1420487690716.0,-79.7427652733119,2.49474178703637e-06
PLTR260320P00130000,130.0,7.38,卖 Put，看涨,2.365169870119839,PUT,4794.0,4870.0,3537972.0,0.0008398610142331073,12692.0,<=5M,2026-03-20,135.89999389648438,132.75999450683594,135.4600067138672,137.68710327148438,132.35000610351562,7.25,7.35,0.5488326367187502,False,PLTR,76.0,8.46,12692.0,4794.0,6307.894736842106,-0.1276595744680852,0.023651698701198393,421256843697.0,-12.765957446808521,8.398610142331073e-06
NVDA260306C00190000,190.0,8.03,买 Call，看涨,2.612209395610412,CALL,4372.0,4407.0,3510715.9999999995,8.10785731326228e-05,6999.0,<=5M,2026-03-06,185.41000366210935,180.69000244140625,176.69000244140625,187.0,174.60000610351562,8.0,8.1,0.4851125708007812,False,NVDA,35.0,4.65,6999.0,4372.0,12491.42857142857,0.7268817204301072,0.02612209395610412,4330017000000.0,72.68817204301072,8.107857313262279e-07
TSLA260209C00420000,420.0,1.95,买 Call，看涨,1.2586170816656406,CALL,17914.0,17978.0,3493229.9999999995,0.00024591765369253067,4620.0,<=5M,2026-02-09,411.1099853515625,406.0,400.8800048828125,414.5499877929688,397.7699890136719,1.93,1.95,0.3018868640136719,False,TSLA,64.0,0.82,4620.0,17914.0,27990.625,1.3780487804878048,0.012586170816656405,1420487690716.0,137.80487804878047,2.459176536925307e-06
AMD260220C00205000,205.0,10.45,买 Call，看涨,2.889228212762345,CALL,3321.0,3382.0,3470444.9999999995,0.0013410862672273427,2777.0,<=5M,2026-02-20,208.44000244140625,202.58680725097656,197.1300048828125,209.2700042724609,196.42999267578125,10.4,10.65,0.520390538330078,True,AMD,61.0,6.9,2777.0,3321.0,5444.262295081968,0.5144927536231882,0.028892282127623452,258778654648.0,51.44927536231882,1.3410862672273426e-05
TSLA260213P00415000,415.0,10.05,卖 Put，看涨,1.2586170816656406,PUT,3427.0,4412.0,3444135.0000000005,0.00024246144634058577,1562.0,<=5M,2026-02-13,411.1099853515625,406.0,400.8800048828125,414.5499877929688,397.7699890136719,10.05,10.1,0.3281927532958983,True,TSLA,985.0,22.73,1562.0,3427.0,347.9187817258883,-0.557853057633084,0.012586170816656405,1420487690716.0,-55.7853057633084,2.4246144634058576e-06
BMNR280121P00020000,20.0,9.24,卖 Put，看涨,7.461902391261837,PUT,3697.0,3758.0,3416028.0,1.5718885823767066,2773.0,<=5M,2028-01-21,20.450000762939453,19.030000686645508,19.25,20.700000762939453,18.700000762939453,9.15,9.3,0.8916026464843749,False,BMNR,61.0,10.15,2773.0,3697.0,6060.655737704918,-0.08965517241379312,0.07461902391261838,217319983.0,-8.965517241379311,0.015718885823767067
AVGO260220C00340000,340.0,9.9,买 Call，看涨,2.653597216012919,CALL,3440.0,3448.0,3405600.0,0.00021557530696353502,5534.0,<=5M,2026-02-20,332.4949951171875,323.8999938964844,320.2149963378906,335.0,316.29998779296875,9.7,9.9,0.4899342999267578,False,AVGO,8.0,6.05,5534.0,3440.0,43000.0,0.6363636363636365,0.026535972160129193,1579772770810.0,63.63636363636365,2.15575306963535e-06
TSLA260206P00420000,420.0,6.2,卖 Put，看涨,1.2586170816656406,PUT,5457.0,5477.0,3383340.0,0.00023818157820815894,3897.0,<=5M,2026-02-06,411.1099853515625,406.0,400.8800048828125,414.5499877929688,397.7699890136719,6.1,6.35,1.0000000000000004e-05,True,TSLA,20.0,20.87,3897.0,5457.0,27285.000000000004,-0.7029228557738381,0.012586170816656405,1420487690716.0,-70.29228557738381,2.3818157820815893e-06
NVDA260417C00200000,200.0,9.3,买 Call，看涨,2.612209395610412,CALL,3638.0,3740.0,3383340.0,7.813687567508396e-05,26712.0,<=5M,2026-04-17,185.41000366210935,180.69000244140625,176.69000244140625,187.0,174.60000610351562,9.25,9.35,0.4601494415283204,False,NVDA,102.0,6.35,26712.0,3638.0,3566.6666666666665,0.46456692913385844,0.02612209395610412,4330017000000.0,46.456692913385844,7.813687567508395e-07
AMD260213P00200000,200.0,3.49,卖 Put，看涨,2.889228212762345,PUT,9657.0,9660.0,3370293.0,0.001302384466208928,3487.0,<=5M,2026-02-13,208.44000244140625,202.58680725097656,197.1300048828125,209.2700042724609,196.42999267578125,3.45,3.5,0.5712933496093751,False,AMD,3.0,8.91,3487.0,9657.0,321900.0,-0.6083052749719416,0.028892282127623452,258778654648.0,-60.83052749719416,1.3023844662089279e-05
CRWV260220C00096000,96.0,3.7,买 Call，看涨,9.896149816889867,CALL,9089.0,9168.0,3362930.0000000005,0.005719774423867832,4287.0,<=5M,2026-02-20,89.94999694824219,81.8499984741211,77.9000015258789,90.5999984741211,77.1500015258789,3.4,3.75,0.8166522241210936,False,CRWV,79.0,1.22,4287.0,9089.0,11505.06329113924,2.032786885245902,0.09896149816889867,58794801172.0,203.27868852459022,5.719774423867832e-05
SMCI260206C00031500,31.5,2.93,买 Call，看涨,4.89702354695249,CALL,11466.0,11526.0,3359538.0000000005,0.012337814852942256,12477.0,<=5M,2026-02-06,34.380001068115234,32.775001525878906,31.834999084472656,34.70000076293945,31.21999931335449,2.91,3.2,1.5078149609375,True,SMCI,60.0,0.43,12477.0,11466.0,19110.0,5.813953488372093,0.048970235469524906,27229602973.0,581.3953488372092,0.00012337814852942256
AMD260320P00195000,195.0,9.55,卖 Put，看涨,2.889228212762345,PUT,3516.0,3521.0,3357780.0000000005,0.00129754905966544,14693.0,<=5M,2026-03-20,208.44000244140625,202.58680725097656,197.1300048828125,209.2700042724609,196.42999267578125,9.45,9.6,0.5555464367675782,False,AMD,5.0,12.8,14693.0,3516.0,70320.0,-0.25390625,0.028892282127623452,258778654648.0,-25.390625,1.29754905966544e-05
TSLA260206P00415000,415.0,1.39,卖 Put，看涨,1.2586170816656406,PUT,24141.0,27922.0,3355599.0,0.00023622865737812928,3331.0,<=5M,2026-02-06,411.1099853515625,406.0,400.8800048828125,414.5499877929688,397.7699890136719,1.37,1.44,1.0000000000000004e-05,True,TSLA,3781.0,18.35,3331.0,24141.0,638.4818830997091,-0.9242506811989101,0.012586170816656405,1420487690716.0,-92.42506811989101,2.3622865737812927e-06
NVDA260320C00220000,220.0,2.3,买 Call，看涨,2.612209395610412,CALL,14510.0,14516.0,3337300.0,7.707360040387832e-05,53924.0,<=5M,2026-03-20,185.41000366210935,180.69000244140625,176.69000244140625,187.0,174.60000610351562,2.29,2.32,0.4641166870117187,False,NVDA,6.0,1.33,53924.0,14510.0,241833.33333333334,0.7293233082706765,0.02612209395610412,4330017000000.0,72.93233082706764,7.707360040387832e-07
TSLA260320C00450000,450.0,11.2,买 Call，看涨,1.2586170816656406,CALL,2976.0,3023.0,3333119.9999999995,0.0002346461727042445,11915.0,<=5M,2026-03-20,411.1099853515625,406.0,400.8800048828125,414.5499877929688,397.7699890136719,11.3,11.35,0.4477594287109374,False,TSLA,47.0,8.6,11915.0,2976.0,6331.914893617021,0.3023255813953488,0.012586170816656405,1420487690716.0,30.23255813953488,2.346461727042445e-06
NVDA260213P00167500,167.5,0.66,卖 Put，看涨,2.612209395610412,PUT,50398.0,50399.0,3326268.0,7.681882080370586e-05,4170.0,<=5M,2026-02-13,185.41000366210935,180.69000244140625,176.69000244140625,187.0,174.60000610351562,0.65,0.66,0.534184345703125,False,NVDA,1.0,2.1,4170.0,50398.0,5039800.0,-0.6857142857142856,0.02612209395610412,4330017000000.0,-68.57142857142856,7.681882080370585e-07
AMZN260515P00195000,195.0,9.6,买 Put平仓/做波动率交易,3.846293226714989,PUT,3450.0,5136.0,3312000.0,0.0001413008839880819,7957.0,<=5M,2026-05-15,210.32000732421875,202.5301055908203,202.6300048828125,211.43170166015625,200.30999755859372,9.45,9.6,0.3835816036987304,False,AMZN,1686.0,8.2,7957.0,3450.0,204.62633451957294,0.17073170731707324,0.03846293226714989,2343934380679.0,17.073170731707325,1.413008839880819e-06
AMD260206C00207500,207.5,0.6,买 Call，看涨,2.889228212762345,CALL,54703.0,55110.0,3282179.9999999995,0.0012683349036127182,3813.0,<=5M,2026-02-06,208.44000244140625,202.58680725097656,197.1300048828125,209.2700042724609,196.42999267578125,0.57,0.58,1.0000000000000004e-05,True,AMD,407.0,0.39,3813.0,54703.0,13440.540540540542,0.5384615384615383,0.028892282127623452,258778654648.0,53.84615384615383,1.2683349036127182e-05
NVDA260220C00200000,200.0,1.2,买 Call，看涨,2.612209395610412,CALL,27319.0,27353.0,3278279.9999999995,7.571055725647265e-05,97876.0,<=5M,2026-02-20,185.41000366210935,180.69000244140625,176.69000244140625,187.0,174.60000610351562,1.19,1.21,0.37305314453125,False,NVDA,34.0,0.45,97876.0,27319.0,80350.0,1.6666666666666665,0.02612209395610412,4330017000000.0,166.66666666666666,7.571055725647265e-07
AMD260220C00210000,210.0,7.9,买 Call，看涨,2.889228212762345,CALL,4137.0,4275.0,3268230.0000000005,0.0012629441962458473,9511.0,<=5M,2026-02-20,208.44000244140625,202.58680725097656,197.1300048828125,209.2700042724609,196.42999267578125,7.75,7.85,0.5059863854980469,False,AMD,138.0,4.8,9511.0,4137.0,2997.826086956522,0.6458333333333335,0.028892282127623452,258778654648.0,64.58333333333334,1.2629441962458473e-05
PLTR260213C00135000,135.0,4.27,卖 Call，看空/价差对冲,2.365169870119839,CALL,7536.0,7579.0,3217871.9999999995,0.0007638741181649593,11683.0,<=5M,2026-02-13,135.89999389648438,132.75999450683594,135.4600067138672,137.68710327148438,132.35000610351562,4.2,4.3,0.4792532543945312,True,PLTR,43.0,4.5,11683.0,7536.0,17525.581395348836,-0.051111111111111204,0.023651698701198393,421256843697.0,-5.1111111111111205,7.638741181649593e-06
AVGO260213P00300000,300.0,1.7,卖 Put，看涨,2.653597216012919,PUT,18770.0,19940.0,3190900.0,0.00020198474482908854,3446.0,<=5M,2026-02-13,332.4949951171875,323.8999938964844,320.2149963378906,335.0,316.29998779296875,1.64,1.7,0.5954630297851562,False,AVGO,1170.0,7.7,3446.0,18770.0,1604.2735042735042,-0.7792207792207793,0.026535972160129193,1579772770810.0,-77.92207792207793,2.0198474482908854e-06
AMZN260213C00215000,215.0,1.68,卖 Call，看空/价差对冲,3.846293226714989,CALL,18935.0,19466.0,3181080.0,0.00013571540339275592,316.0,<=5M,2026-02-13,210.32000732421875,202.5301055908203,202.6300048828125,211.43170166015625,200.30999755859372,1.7,1.73,0.2863840893554687,False,AMZN,531.0,15.52,316.0,18935.0,3565.913370998117,-0.8917525773195877,0.03846293226714989,2343934380679.0,-89.17525773195877,1.3571540339275592e-06
NVDA260213C00195000,195.0,1.03,买 Call，看涨,2.612209395610412,CALL,30748.0,34111.0,3167044.0,7.314160660339208e-05,25452.0,<=5M,2026-02-13,185.41000366210935,180.69000244140625,176.69000244140625,187.0,174.60000610351562,1.02,1.03,0.37305314453125,False,NVDA,3363.0,0.22,25452.0,30748.0,914.3027059173357,3.681818181818182,0.02612209395610412,4330017000000.0,368.1818181818182,7.314160660339209e-07
NVDA260213P00185000,185.0,4.2,卖 Put，看涨,2.612209395610412,PUT,7528.0,7532.0,3161760.0,7.301957474993746e-05,12155.0,<=5M,2026-02-13,185.41000366210935,180.69000244140625,176.69000244140625,187.0,174.60000610351562,4.15,4.25,0.4069883520507812,False,NVDA,4.0,10.15,12155.0,7528.0,188200.0,-0.5862068965517241,0.02612209395610412,4330017000000.0,-58.620689655172406,7.301957474993747e-07
AMZN260618C00250000,250.0,5.4,买 Call，看涨,3.846293226714989,CALL,5812.0,5871.0,3138480.0000000005,0.00013389794637044545,16875.0,<=5M,2026-06-18,210.32000732421875,202.5301055908203,202.6300048828125,211.43170166015625,200.30999755859372,5.45,5.55,0.3481205325317382,False,AMZN,59.0,4.71,16875.0,5812.0,9850.847457627118,0.14649681528662428,0.03846293226714989,2343934380679.0,14.649681528662429,1.3389794637044546e-06
HOOD260206C00080000,80.0,2.19,买 Call，看涨,2.665307301747329,CALL,14186.0,20323.0,3106734.0,0.0028908706620060284,12869.0,<=5M,2026-02-06,82.81999969482422,80.6698989868164,77.82749938964844,84.30000305175781,77.12010192871094,2.2,2.25,1.0000000000000004e-05,True,HOOD,6137.0,0.89,12869.0,14186.0,231.15528759980447,1.4606741573033706,0.026653073017473293,107467070071.0,146.06741573033705,2.8908706620060284e-05
AMZN260227C00210000,210.0,5.78,买 Call，看涨,3.846293226714989,CALL,5320.0,5322.0,3074960.0,0.00013118797289492522,183.0,<=5M,2026-02-27,210.32000732421875,202.5301055908203,202.6300048828125,211.43170166015625,200.30999755859372,5.8,5.9,0.2788158056640625,True,AMZN,2.0,5.4,183.0,5320.0,266000.0,0.07037037037037035,0.03846293226714989,2343934380679.0,7.0370370370370345,1.3118797289492523e-06
NVDA260320P00170000,170.0,5.94,卖 Put，看涨,2.612209395610412,PUT,5153.0,5216.0,3060882.0000000005,7.068983793828063e-05,56184.0,<=5M,2026-03-20,185.41000366210935,180.69000244140625,176.69000244140625,187.0,174.60000610351562,5.95,6.0,0.5006153454589843,False,NVDA,63.0,8.72,56184.0,5153.0,8179.3650793650795,-0.3188073394495413,0.02612209395610412,4330017000000.0,-31.88073394495413,7.068983793828063e-07
TSLA260209P00415000,415.0,5.15,卖 Put，看涨,1.2586170816656406,PUT,5861.0,6514.0,3018415.0,0.00021249145766821543,1233.0,<=5M,2026-02-09,411.1099853515625,406.0,400.8800048828125,414.5499877929688,397.7699890136719,5.05,5.15,0.1613853393554687,True,TSLA,653.0,19.44,1233.0,5861.0,897.5497702909647,-0.7350823045267489,0.012586170816656405,1420487690716.0,-73.5082304526749,2.1249145766821543e-06
TSLA260213P00405000,405.0,6.17,卖 Put，看涨,1.2586170816656406,PUT,4890.0,4892.0,3017130.0,0.00021240099577907705,2517.0,<=5M,2026-02-13,411.1099853515625,406.0,400.8800048828125,414.5499877929688,397.7699890136719,5.95,6.0,0.3617007189941406,False,TSLA,2.0,14.35,2517.0,4890.0,244500.0,-0.570034843205575,0.012586170816656405,1420487690716.0,-57.0034843205575,2.1240099577907704e-06
NVDA260220P00185000,185.0,5.74,卖 Put，看涨,2.612209395610412,PUT,5224.0,6633.0,2998576.0,6.925090594332539e-05,39637.0,<=5M,2026-02-20,185.41000366210935,180.69000244140625,176.69000244140625,187.0,174.60000610351562,5.75,5.85,0.40430283203125,False,NVDA,1409.0,14.82,39637.0,5224.0,370.7594038325053,-0.6126855600539811,0.02612209395610412,4330017000000.0,-61.26855600539811,6.925090594332539e-07
AVGO260206C00327500,327.5,5.3,买 Call，看涨,2.653597216012919,CALL,5630.0,5648.0,2983900.0,0.00018888159456439163,2415.0,<=5M,2026-02-06,332.4949951171875,323.8999938964844,320.2149963378906,335.0,316.29998779296875,5.0,5.7,0.3523013989257812,True,AVGO,18.0,1.5,2415.0,5630.0,31277.777777777777,2.533333333333333,0.026535972160129193,1579772770810.0,253.33333333333331,1.8888159456439163e-06
AMZN260320C00215000,215.0,6.48,买 Call，看涨,3.846293226714989,CALL,4525.0,4532.0,2932200.0000000005,0.000125097358704666,3726.0,<=5M,2026-03-20,210.32000732421875,202.5301055908203,202.6300048828125,211.43170166015625,200.30999755859372,6.35,6.4,0.293280993041992,False,AMZN,7.0,5.06,3726.0,4525.0,64642.857142857145,0.28063241106719383,0.03846293226714989,2343934380679.0,28.06324110671938,1.25097358704666e-06
TSLA260211C00420000,420.0,4.63,买 Call，看涨,1.2586170816656406,CALL,6262.0,6271.0,2899306.0,0.0002041063797278383,2080.0,<=5M,2026-02-11,411.1099853515625,406.0,400.8800048828125,414.5499877929688,397.7699890136719,4.8,4.9,0.4058897302246094,False,TSLA,9.0,2.3,2080.0,6262.0,69577.77777777778,1.0130434782608697,0.012586170816656405,1420487690716.0,101.30434782608697,2.041063797278383e-06
NVDA260320P00175000,175.0,7.5,卖 Put，看涨,2.612209395610412,PUT,3863.0,3922.0,2897250.0,6.69108227519661e-05,47517.0,<=5M,2026-03-20,185.41000366210935,180.69000244140625,176.69000244140625,187.0,174.60000610351562,7.55,7.6,0.4910939562988281,False,NVDA,59.0,11.0,47517.0,3863.0,6547.457627118643,-0.3181818181818182,0.02612209395610412,4330017000000.0,-31.818181818181817,6.69108227519661e-07
AMZN260209P00205000,205.0,1.42,卖 Put，看涨,3.846293226714989,PUT,20282.0,20467.0,2880044.0,0.00012287221108833675,558.0,<=5M,2026-02-09,210.32000732421875,202.5301055908203,202.6300048828125,211.43170166015625,200.30999755859372,1.38,1.41,0.3960021337890625,False,AMZN,185.0,6.8,558.0,20282.0,10963.243243243243,-0.7911764705882353,0.03846293226714989,2343934380679.0,-79.11764705882352,1.2287221108833676e-06
AMZN260227C00205000,205.0,8.35,卖 Call，看空/价差对冲,3.846293226714989,CALL,3416.0,3529.0,2852360.0,0.00012169112000369724,197.0,<=5M,2026-02-27,210.32000732421875,202.5301055908203,202.6300048828125,211.43170166015625,200.30999755859372,8.4,8.5,0.2669751037597656,True,AMZN,113.0,23.15,197.0,3416.0,3023.008849557522,-0.6393088552915767,0.03846293226714989,2343934380679.0,-63.93088552915766,1.2169112000369725e-06
NVDA260209C00187500,187.5,1.19,买 Call，看涨,2.612209395610412,CALL,23961.0,23967.0,2851359.0,6.585098857579543e-05,3743.0,<=5M,2026-02-09,185.41000366210935,180.69000244140625,176.69000244140625,187.0,174.60000610351562,1.19,1.21,0.2685620019531249,False,NVDA,6.0,0.15,3743.0,23961.0,399350.0,6.933333333333334,0.02612209395610412,4330017000000.0,693.3333333333334,6.585098857579543e-07
CRWV260220C00090000,90.0,5.85,买 Call，看涨,9.896149816889867,CALL,4859.0,4861.0,2842515.0,0.004834636640209777,7277.0,<=5M,2026-02-20,89.94999694824219,81.8499984741211,77.9000015258789,90.5999984741211,77.1500015258789,6.0,6.1,0.8359391406249999,False,CRWV,2.0,2.53,7277.0,4859.0,242950.0,1.3122529644268774,0.09896149816889867,58794801172.0,131.22529644268775,4.834636640209778e-05
NVDA260213C00192500,192.5,1.58,买 Call，看涨,2.612209395610412,CALL,17910.0,17911.0,2829780.0000000005,6.53526302552623e-05,17218.0,<=5M,2026-02-13,185.41000366210935,180.69000244140625,176.69000244140625,187.0,174.60000610351562,1.58,1.6,0.3794007373046875,False,NVDA,1.0,0.36,17218.0,17910.0,1791000.0,3.3888888888888897,0.02612209395610412,4330017000000.0,338.88888888888897,6.535263025526229e-07
NVDA260320P00185000,185.0,11.62,卖 Put，看涨,2.612209395610412,PUT,2433.0,3060.0,2827146.0,6.529179908531537e-05,50961.0,<=5M,2026-03-20,185.41000366210935,180.69000244140625,176.69000244140625,187.0,174.60000610351562,11.7,11.75,0.4719291088867187,False,NVDA,627.0,19.44,50961.0,2433.0,388.0382775119617,-0.4022633744855968,0.02612209395610412,4330017000000.0,-40.226337448559676,6.529179908531537e-07
CRWV260206C00083000,83.0,5.1,买 Call，看涨,9.896149816889867,CALL,5468.0,5479.0,2788680.0,0.004743072422069964,542.0,<=5M,2026-02-06,89.94999694824219,81.8499984741211,77.9000015258789,90.5999984741211,77.1500015258789,5.35,6.2,1.0000000000000004e-05,True,CRWV,11.0,0.33,542.0,5468.0,49709.090909090904,14.454545454545453,0.09896149816889867,58794801172.0,1445.4545454545453,4.743072422069964e-05
AMD260213C00215000,215.0,3.66,买 Call，看涨,2.889228212762345,CALL,7605.0,7960.0,2783430.0,0.0010756026240982361,4923.0,<=5M,2026-02-13,208.44000244140625,202.58680725097656,197.1300048828125,209.2700042724609,196.42999267578125,3.6,3.65,0.5100146655273439,False,AMD,355.0,2.01,4923.0,7605.0,2142.2535211267605,0.82089552238806,0.028892282127623452,258778654648.0,82.089552238806,1.075602624098236e-05
NVDA260227C00195000,195.0,4.9,买 Call，看涨,2.612209395610412,CALL,5629.0,5633.0,2758210.0,6.369974990860313e-05,7696.0,<=5M,2026-02-27,185.41000366210935,180.69000244140625,176.69000244140625,187.0,174.60000610351562,4.85,4.95,0.4801077380371094,False,NVDA,4.0,2.56,7696.0,5629.0,140725.0,0.9140625000000001,0.02612209395610412,4330017000000.0,91.40625000000001,6.369974990860313e-07
NVDA260220P00182500,182.5,4.65,卖 Put，看涨,2.612209395610412,PUT,5930.0,6184.0,2757450.0000000005,6.368219801446507e-05,3413.0,<=5M,2026-02-20,185.41000366210935,180.69000244140625,176.69000244140625,187.0,174.60000610351562,4.7,4.8,0.4132138757324218,False,NVDA,254.0,12.76,3413.0,5930.0,2334.6456692913384,-0.6355799373040752,0.02612209395610412,4330017000000.0,-63.557993730407524,6.368219801446508e-07
AMZN260220C00220000,220.0,1.6,买 Call，看涨,3.846293226714989,CALL,17223.0,17493.0,2755680.0000000005,0.00011756643115588093,17667.0,<=5M,2026-02-20,210.32000732421875,202.5301055908203,202.6300048828125,211.43170166015625,200.30999755859372,1.56,1.59,0.2880930566406249,False,AMZN,270.0,1.2,17667.0,17223.0,6378.888888888889,0.3333333333333335,0.03846293226714989,2343934380679.0,33.33333333333335,1.1756643115588093e-06
AMZN260417C00220000,220.0,7.28,买 Call，看涨,3.846293226714989,CALL,3777.0,3779.0,2749656.0,0.00011730942737413448,2571.0,<=5M,2026-04-17,210.32000732421875,202.5301055908203,202.6300048828125,211.43170166015625,200.30999755859372,7.35,7.45,0.3081123876953124,False,AMZN,2.0,6.0,2571.0,3777.0,188850.0,0.21333333333333337,0.03846293226714989,2343934380679.0,21.333333333333336,1.1730942737413447e-06
MSFT260320C00420000,420.0,7.55,买 Call，看涨,1.4465947252626143,CALL,3625.0,6404.0,2736875.0,7.19895459443652e-05,4636.0,<=5M,2026-03-20,401.1400146484375,395.4198913574219,399.1650085449219,401.7900085449219,392.9200134277344,7.55,7.7,0.2725902819824218,False,MSFT,2779.0,6.95,4636.0,3625.0,130.44260525368838,0.08633093525179851,0.014465947252626144,3801767276203.0,8.63309352517985,7.19895459443652e-07
TSLA260213P00412500,412.5,8.99,卖 Put，看涨,1.2586170816656406,PUT,2996.0,3313.0,2693404.0,0.00018961121716178924,281.0,<=5M,2026-02-13,411.1099853515625,406.0,400.8800048828125,414.5499877929688,397.7699890136719,8.8,8.9,0.3366155206298828,True,TSLA,317.0,22.5,281.0,2996.0,945.1104100946372,-0.6004444444444444,0.012586170816656405,1420487690716.0,-60.044444444444444,1.8961121716178925e-06
AMD260320C00230000,230.0,7.8,买 Call，看涨,2.889228212762345,CALL,3431.0,3512.0,2676180.0,0.0010341579384282045,14101.0,<=5M,2026-03-20,208.44000244140625,202.58680725097656,197.1300048828125,209.2700042724609,196.42999267578125,7.65,7.8,0.5437057348632813,False,AMD,81.0,5.5,14101.0,3431.0,4235.802469135802,0.41818181818181815,0.028892282127623452,258778654648.0,41.81818181818181,1.0341579384282045e-05
NVDA260220P00190000,190.0,8.4,卖 Put，看涨,2.612209395610412,PUT,3183.0,3920.0,2673720.0,6.174848736159697e-05,24009.0,<=5M,2026-02-20,185.41000366210935,180.69000244140625,176.69000244140625,187.0,174.60000610351562,8.3,8.35,0.3800110827636719,True,NVDA,737.0,19.08,24009.0,3183.0,431.88602442333786,-0.559748427672956,0.02612209395610412,4330017000000.0,-55.9748427672956,6.174848736159697e-07
PATH260515C00015000,15.0,1.33,买 Call，看涨,5.580626410211116,CALL,19896.0,23503.0,2646168.0,0.0408121546722992,45276.0,<=5M,2026-05-15,12.864999771118164,12.1850004196167,12.0600004196167,12.949999809265137,12.09000015258789,1.33,1.35,0.7832052929687501,False,PATH,3607.0,1.19,45276.0,19896.0,551.5941225395065,0.11764705882352952,0.05580626410211116,6483774310.0,11.764705882352953,0.00040812154672299197
AMD260206C00197500,197.5,10.85,买 Call，看涨,2.889228212762345,CALL,2428.0,3065.0,2634380.0,0.0010180051378593717,2071.0,<=5M,2026-02-06,208.44000244140625,202.58680725097656,197.1300048828125,209.2700042724609,196.42999267578125,9.85,10.95,0.42188078125,True,AMD,637.0,3.85,2071.0,2428.0,381.1616954474097,1.8181818181818181,0.028892282127623452,258778654648.0,181.8181818181818,1.0180051378593717e-05
INTC260213C00050000,50.0,2.13,买 Call，看涨,1.6680101669045104,CALL,12312.0,12575.0,2622456.0,0.0016877313228238521,10315.0,<=5M,2026-02-13,50.59000015258789,49.7599983215332,49.060001373291016,51.22499847412109,48.83000183105469,2.09,2.15,0.6093789062500001,True,INTC,263.0,1.39,10315.0,12312.0,4681.3688212927755,0.5323741007194245,0.016680101669045103,155383500000.0,53.23741007194245,1.687731322823852e-05
TSLA260213C00417500,417.5,7.95,买 Call，看涨,1.2586170816656406,CALL,3296.0,3771.0,2620320.0,0.00018446622361642723,534.0,<=5M,2026-02-13,411.1099853515625,406.0,400.8800048828125,414.5499877929688,397.7699890136719,7.9,8.0,0.4454401159667969,False,TSLA,475.0,4.51,534.0,3296.0,693.8947368421052,0.7627494456762751,0.012586170816656405,1420487690716.0,76.27494456762751,1.8446622361642724e-06
MU260206C00387500,387.5,7.97,买 Call，看涨,3.3761170928656803,CALL,3280.0,3285.0,2614160.0,0.0014852776351396294,501.0,<=5M,2026-02-06,394.6900024414063,381.7999877929688,377.9649963378906,396.6499938964844,372.8725891113281,6.4,8.3,0.4440973559570312,True,MU,5.0,3.36,501.0,3280.0,65600.0,1.3720238095238093,0.033761170928656804,176004804634.0,137.20238095238093,1.4852776351396294e-05
PLTR260220P00135000,135.0,5.6,卖 Put，看涨,2.365169870119839,PUT,4642.0,4707.0,2599519.9999999995,0.0006170867106125336,8832.0,<=5M,2026-02-20,135.89999389648438,132.75999450683594,135.4600067138672,137.68710327148438,132.35000610351562,5.7,5.8,0.5654340332031251,False,PLTR,65.0,6.8,8832.0,4642.0,7141.538461538461,-0.17647058823529416,0.023651698701198393,421256843697.0,-17.647058823529417,6.170867106125337e-06
NVDA260213P00175000,175.0,1.4,卖 Put，看涨,2.612209395610412,PUT,18535.0,18658.0,2594900.0,5.992817118269974e-05,8569.0,<=5M,2026-02-13,185.41000366210935,180.69000244140625,176.69000244140625,187.0,174.60000610351562,1.39,1.4,0.4663139306640625,False,NVDA,123.0,4.8,8569.0,18535.0,15069.10569105691,-0.7083333333333334,0.02612209395610412,4330017000000.0,-70.83333333333334,5.992817118269974e-07
AVGO260306C00375000,375.0,8.3,买 Call，看涨,2.653597216012919,CALL,3114.0,3433.0,2584620.0,0.00016360707360937627,518.0,<=5M,2026-03-06,332.4949951171875,323.8999938964844,320.2149963378906,335.0,316.29998779296875,8.0,8.6,0.5982706188964844,False,AVGO,319.0,4.38,518.0,3114.0,976.1755485893417,0.8949771689497719,0.026535972160129193,1579772770810.0,89.49771689497719,1.6360707360937628e-06
SMCI260213C00032000,32.0,3.1,买 Call，看涨,4.89702354695249,CALL,8240.0,8291.0,2554400.0,0.009380966746128693,9710.0,<=5M,2026-02-13,34.380001068115234,32.775001525878906,31.834999084472656,34.70000076293945,31.21999931335449,3.0,3.2,0.8388687988281249,True,SMCI,51.0,1.12,9710.0,8240.0,16156.862745098038,1.7678571428571426,0.048970235469524906,27229602973.0,176.78571428571425,9.380966746128693e-05
MU260213C00420000,420.0,6.8,买 Call，看涨,3.3761170928656803,CALL,3754.0,3803.0,2552720.0,0.0014503694971897798,1389.0,<=5M,2026-02-13,394.6900024414063,381.7999877929688,377.9649963378906,396.6499938964844,372.8725891113281,6.6,6.75,0.6779817358398439,False,MU,49.0,6.13,1389.0,3754.0,7661.224489795919,0.10929853181076671,0.033761170928656804,176004804634.0,10.929853181076671,1.4503694971897798e-05
AMZN260320C00230000,230.0,2.38,买 Call，看涨,3.846293226714989,CALL,10672.0,10757.0,2539936.0,0.00010836207792063794,29861.0,<=5M,2026-03-20,210.32000732421875,202.5301055908203,202.6300048828125,211.43170166015625,200.30999755859372,2.43,2.47,0.3031075549316406,False,AMZN,85.0,1.65,29861.0,10672.0,12555.294117647058,0.44242424242424244,0.03846293226714989,2343934380679.0,44.24242424242424,1.0836207792063793e-06
TSLA260209P00405000,405.0,1.67,卖 Put，看涨,1.2586170816656406,PUT,15197.0,15198.0,2537899.0,0.00017866392060889778,1235.0,<=5M,2026-02-09,411.1099853515625,406.0,400.8800048828125,414.5499877929688,397.7699890136719,1.66,1.67,0.2351150708007812,False,TSLA,1.0,9.9,1235.0,15197.0,1519700.0,-0.8313131313131313,0.012586170816656405,1420487690716.0,-83.13131313131314,1.786639206088978e-06
AMD260213C00220000,220.0,2.22,买 Call，看涨,2.889228212762345,CALL,11412.0,12151.0,2533464.0000000005,0.000979008103835345,7486.0,<=5M,2026-02-13,208.44000244140625,202.58680725097656,197.1300048828125,209.2700042724609,196.42999267578125,2.2,2.23,0.5062305236816407,False,AMD,739.0,1.39,7486.0,11412.0,1544.2489851150203,0.5971223021582737,0.028892282127623452,258778654648.0,59.71223021582737,9.79008103835345e-06
SMCI260206C00032500,32.5,1.94,买 Call，看涨,4.89702354695249,CALL,13057.0,13265.0,2533058.0,0.009302588813034472,11707.0,<=5M,2026-02-06,34.380001068115234,32.775001525878906,31.834999084472656,34.70000076293945,31.21999931335449,1.99,2.18,1.18359783203125,True,SMCI,208.0,0.1,11707.0,13057.0,6277.403846153846,18.4,0.048970235469524906,27229602973.0,1839.9999999999998,9.302588813034472e-05
SMCI260206C00032000,32.0,2.54,买 Call，看涨,4.89702354695249,CALL,9818.0,10513.0,2493772.0,0.00915831201238132,11953.0,<=5M,2026-02-06,34.380001068115234,32.775001525878906,31.834999084472656,34.70000076293945,31.21999931335449,2.62,2.85,1.70703271484375,True,SMCI,695.0,0.25,11953.0,9818.0,1412.6618705035971,9.16,0.048970235469524906,27229602973.0,916.0,9.15831201238132e-05
AMD260220C00220000,220.0,4.2,买 Call，看涨,2.889228212762345,CALL,5874.0,5984.0,2467080.0,0.0009533552925204788,11523.0,<=5M,2026-02-20,208.44000244140625,202.58680725097656,197.1300048828125,209.2700042724609,196.42999267578125,4.2,4.3,0.5114794946289063,False,AMD,110.0,2.36,11523.0,5874.0,5340.0,0.7796610169491527,0.028892282127623452,258778654648.0,77.96610169491527,9.533552925204788e-06
INTC260320C00050000,50.0,4.65,买 Call，看涨,1.6680101669045104,CALL,5281.0,5286.0,2455665.0,0.0015803898097288321,85283.0,<=5M,2026-03-20,50.59000015258789,49.7599983215332,49.060001373291016,51.22499847412109,48.83000183105469,4.65,4.75,0.6398961791992188,True,INTC,5.0,4.1,85283.0,5281.0,105620.0,0.1341463414634148,0.016680101669045103,155383500000.0,13.41463414634148,1.580389809728832e-05
TSLA260209P00400000,400.0,0.9,卖 Put，看涨,1.2586170816656406,PUT,26972.0,27073.0,2427480.0,0.00017089060439351103,2335.0,<=5M,2026-02-09,411.1099853515625,406.0,400.8800048828125,414.5499877929688,397.7699890136719,0.9,0.92,0.2612378564453125,False,TSLA,101.0,6.7,2335.0,26972.0,26704.950495049507,-0.8656716417910447,0.012586170816656405,1420487690716.0,-86.56716417910447,1.7089060439351103e-06
AMD260213P00180000,180.0,0.72,卖 Put，看涨,2.889228212762345,PUT,32967.0,33092.0,2373624.0,0.0009172410310381621,16422.0,<=5M,2026-02-13,208.44000244140625,202.58680725097656,197.1300048828125,209.2700042724609,196.42999267578125,0.67,0.7,0.6938507177734375,False,AMD,125.0,1.62,16422.0,32967.0,26373.6,-0.5555555555555556,0.028892282127623452,258778654648.0,-55.55555555555556,9.172410310381621e-06
AMZN260515C00240000,240.0,5.66,买 Call，看涨,3.846293226714989,CALL,4156.0,4158.0,2352296.0,0.00010035673436039527,4108.0,<=5M,2026-05-15,210.32000732421875,202.5301055908203,202.6300048828125,211.43170166015625,200.30999755859372,5.65,5.75,0.3540714007568358,False,AMZN,2.0,4.53,4108.0,4156.0,207800.0,0.24944812362030902,0.03846293226714989,2343934380679.0,24.944812362030902,1.0035673436039527e-06
AMZN260213C00220000,220.0,0.95,买 Call，看涨,3.846293226714989,CALL,24684.0,24685.0,2344980.0,0.00010004460958163416,660.0,<=5M,2026-02-13,210.32000732421875,202.5301055908203,202.6300048828125,211.43170166015625,200.30999755859372,0.98,1.0,0.3281317187499999,False,AMZN,1.0,0.59,660.0,24684.0,2468400.0,0.6101694915254238,0.03846293226714989,2343934380679.0,61.016949152542374,1.0004460958163416e-06
SNOW260206C00165000,165.0,2.9,买 Call，看涨,3.6492262620192304,CALL,7927.0,9341.0,2298830.0,0.0030204827790055065,7832.0,<=5M,2026-02-06,168.42999267578125,162.5,163.85000610351562,170.38999938964844,159.47999572753906,2.64,3.35,1.0000000000000004e-05,True,SNOW,1414.0,2.05,7832.0,7927.0,560.6082036775106,0.4146341463414635,0.036492262620192305,76108032000.0,41.46341463414635,3.0204827790055063e-05
NVDA260213P00177500,177.5,1.83,卖 Put，看涨,2.612209395610412,PUT,12418.0,12421.0,2272494.0,5.2482334364969004e-05,3545.0,<=5M,2026-02-13,185.41000366210935,180.69000244140625,176.69000244140625,187.0,174.60000610351562,1.82,1.83,0.4460504614257812,False,NVDA,3.0,5.25,3545.0,12418.0,413933.3333333333,-0.6514285714285715,0.02612209395610412,4330017000000.0,-65.14285714285715,5.248233436496901e-07
MSFT260220P00390000,390.0,5.05,卖 Put，看涨,1.4465947252626143,PUT,4459.0,4461.0,2251795.0,5.923021680193353e-05,8107.0,<=5M,2026-02-20,401.1400146484375,395.4198913574219,399.1650085449219,401.7900085449219,392.9200134277344,5.0,5.1,0.3022530712890625,False,MSFT,2.0,7.35,8107.0,4459.0,222950.0,-0.3129251700680272,0.014465947252626144,3801767276203.0,-31.292517006802722,5.923021680193353e-07
NVDA260417C00210000,210.0,6.3,买 Call，看涨,2.612209395610412,CALL,3566.0,3568.0,2246580.0,5.1883860964056265e-05,27932.0,<=5M,2026-04-17,185.41000366210935,180.69000244140625,176.69000244140625,187.0,174.60000610351562,6.3,6.35,0.4517877087402344,False,NVDA,2.0,3.51,27932.0,3566.0,178300.0,0.7948717948717949,0.02612209395610412,4330017000000.0,79.48717948717949,5.188386096405626e-07
AVGO260220C00350000,350.0,6.2,买 Call，看涨,2.653597216012919,CALL,3618.0,6306.0,2243160.0,0.00014199257269448062,9616.0,<=5M,2026-02-20,332.4949951171875,323.8999938964844,320.2149963378906,335.0,316.29998779296875,6.0,6.4,0.4846853289794922,False,AVGO,2688.0,2.71,9616.0,3618.0,134.59821428571428,1.2878228782287824,0.026535972160129193,1579772770810.0,128.78228782287823,1.4199257269448063e-06
AMZN260306C00210000,210.0,6.9,卖 Call，看空/价差对冲,3.846293226714989,CALL,3246.0,3383.0,2239740.0,9.55547227969404e-05,168.0,<=5M,2026-03-06,210.32000732421875,202.5301055908203,202.6300048828125,211.43170166015625,200.30999755859372,6.95,7.05,0.2915109912109374,True,AMZN,137.0,20.0,168.0,3246.0,2369.3430656934306,-0.655,0.03846293226714989,2343934380679.0,-65.5,9.55547227969404e-07
TSLA260213C00430000,430.0,3.67,买 Call，看涨,1.2586170816656406,CALL,6096.0,6121.0,2237232.0,0.0001574974577127323,6922.0,<=5M,2026-02-13,411.1099853515625,406.0,400.8800048828125,414.5499877929688,397.7699890136719,3.6,3.7,0.4255428540039063,False,TSLA,25.0,2.06,6922.0,6096.0,24384.0,0.7815533980582523,0.012586170816656405,1420487690716.0,78.15533980582524,1.5749745771273232e-06
MU260213P00370000,370.0,7.1,卖 Put，看涨,3.3761170928656803,PUT,3126.0,3757.0,2219460.0,0.00126102239345985,856.0,<=5M,2026-02-13,394.6900024414063,381.7999877929688,377.9649963378906,396.6499938964844,372.8725891113281,6.25,6.8,0.7053252124023439,False,MU,631.0,14.66,856.0,3126.0,495.4041204437401,-0.5156889495225102,0.033761170928656804,176004804634.0,-51.56889495225102,1.2610223934598501e-05
AMZN260515C00225000,225.0,9.75,卖 Call，看空/价差对冲,3.846293226714989,CALL,2275.0,3086.0,2218125.0,9.463255534301455e-05,2422.0,<=5M,2026-05-15,210.32000732421875,202.5301055908203,202.6300048828125,211.43170166015625,200.30999755859372,9.8,9.95,0.3598696826171874,False,AMZN,811.0,19.45,2422.0,2275.0,280.517879161529,-0.4987146529562982,0.03846293226714989,2343934380679.0,-49.87146529562982,9.463255534301455e-07
TSLA260320C00440000,440.0,14.15,买 Call，看涨,1.2586170816656406,CALL,1545.0,3435.0,2186175.0,0.00015390312878375267,17610.0,<=5M,2026-03-20,411.1099853515625,406.0,400.8800048828125,414.5499877929688,397.7699890136719,14.25,14.35,0.4520928814697266,False,TSLA,1890.0,10.59,17610.0,1545.0,81.74603174603175,0.33616619452313506,0.012586170816656405,1420487690716.0,33.61661945231351,1.5390312878375268e-06
NVDA260220P00170000,170.0,1.69,卖 Put，看涨,2.612209395610412,PUT,12862.0,12872.0,2173678.0,5.020021861346041e-05,41124.0,<=5M,2026-02-20,185.41000366210935,180.69000244140625,176.69000244140625,187.0,174.60000610351562,1.67,1.7,0.473638076171875,False,NVDA,10.0,3.99,41124.0,12862.0,128620.0,-0.5764411027568923,0.02612209395610412,4330017000000.0,-57.64411027568923,5.020021861346041e-07
AMZN260417C00240000,240.0,2.7,买 Call，看涨,3.846293226714989,CALL,8034.0,8044.0,2169180.0000000005,9.254439961632475e-05,8459.0,<=5M,2026-04-17,210.32000732421875,202.5301055908203,202.6300048828125,211.43170166015625,200.30999755859372,2.66,2.71,0.3092720440673828,False,AMZN,10.0,2.08,8459.0,8034.0,80340.0,0.29807692307692313,0.03846293226714989,2343934380679.0,29.807692307692314,9.254439961632475e-07
ORCL260320C00180000,180.0,2.84,买 Call，看涨,1.7164045290597278,CALL,7575.0,9314.0,2151300.0,0.0002670722883264509,9758.0,<=5M,2026-03-20,142.82000732421875,140.41000366210938,145.60000610351562,143.1999969482422,138.91000366210938,2.8,2.9,0.6566196447753907,False,ORCL,1739.0,2.62,9758.0,7575.0,435.5951696377228,0.08396946564885487,0.017164045290597278,805512250440.0,8.396946564885486,2.670722883264509e-06
AMZN260206C00210000,210.0,0.16,卖 Call，看空/价差对冲,3.846293226714989,CALL,132825.0,138469.0,2125200.0,9.06680672256859e-05,2905.0,<=5M,2026-02-06,210.32000732421875,202.5301055908203,202.6300048828125,211.43170166015625,200.30999755859372,0.16,0.18,1.0000000000000004e-05,True,AMZN,5644.0,0.85,2905.0,132825.0,2353.3841247342307,-0.8117647058823529,0.03846293226714989,2343934380679.0,-81.17647058823529,9.06680672256859e-07
AVGO260213P00320000,320.0,4.92,卖 Put，看涨,2.653597216012919,PUT,4230.0,4441.0,2081159.9999999998,0.00013173793335689174,1202.0,<=5M,2026-02-13,332.4949951171875,323.8999938964844,320.2149963378906,335.0,316.29998779296875,4.75,5.2,0.5195360546875,False,AVGO,211.0,19.07,1202.0,4230.0,2004.7393364928912,-0.7420031463030938,0.026535972160129193,1579772770810.0,-74.20031463030938,1.3173793335689173e-06
SMCI260213C00035000,35.0,1.23,买 Call，看涨,4.89702354695249,CALL,16539.0,16596.0,2034297.0,0.0074709021722319776,10953.0,<=5M,2026-02-13,34.380001068115234,32.775001525878906,31.834999084472656,34.70000076293945,31.21999931335449,1.19,1.22,0.729494892578125,False,SMCI,57.0,0.37,10953.0,16539.0,29015.789473684206,2.324324324324324,0.048970235469524906,27229602973.0,232.43243243243242,7.470902172231978e-05
AMZN260417P00200000,200.0,7.8,买 Put平仓/做波动率交易,3.846293226714989,PUT,2608.0,3892.0,2034239.9999999998,8.678741251325958e-05,9160.0,<=5M,2026-04-17,210.32000732421875,202.5301055908203,202.6300048828125,211.43170166015625,200.30999755859372,7.8,7.9,0.3434513897705078,False,AMZN,1284.0,6.75,9160.0,2608.0,203.11526479750776,0.15555555555555553,0.03846293226714989,2343934380679.0,15.555555555555554,8.678741251325957e-07
TSLA260213P00407500,407.5,6.88,卖 Put，看涨,1.2586170816656406,PUT,2917.0,3344.0,2006896.0,0.00014128218168426505,683.0,<=5M,2026-02-13,411.1099853515625,406.0,400.8800048828125,414.5499877929688,397.7699890136719,6.8,6.9,0.3551700225830078,False,TSLA,427.0,17.3,683.0,2917.0,683.1381733021077,-0.6023121387283238,0.012586170816656405,1420487690716.0,-60.23121387283238,1.4128218168426504e-06
