contractSymbol,strike,oi_change,signal_type,stock_price_change_pct,option_type,openInterest_new,openInterest_old,amount_threshold,amount_to_market_cap,amount_tier,expiry_date,股票价格(new),股票价格(old),股票价格(new open),股票价格(new high),股票价格(new low),lastPrice_new,bid,ask,volume,impliedVolatility,inTheMoney,symbol,lastPrice_old,option_price_change,stock_price_change,market_cap,option_price_change_pct,oi_change_abs
META260220C00500000,500.0,-13661.0,空头平仓 Call，回补信号，看涨,1.7029464989433647,CALL,0.0,13661.0,210352077.99999997,0.00011258375620002944,>50M,2026-02-20,644.4000244140625,633.6099853515625,636.0750122070312,646.25,635.5,153.98,154.55,156.1,1.0,0.5099536309814454,True,META,145.5,0.058281786941580684,0.017029464989433647,1868405222031.0,5.828178694158068,-13661.0
NVDA260116C00130000,130.0,-31416.0,多头平仓 Call，减仓，看涨减弱,-1.8575921366021577,CALL,0.0,31416.0,152681760.0,3.526123800437735e-05,>50M,2026-01-16,176.9114990234375,180.25999450683597,178.99000549316406,179.2899932861328,176.53140258789062,48.6,48.5,48.9,25.0,0.6590610266113281,True,NVDA,52.0,-0.06538461538461536,-0.018575921366021576,4330017000000.0,-6.538461538461536,-31416.0
MSFT260320P00550000,550.0,-20466.0,多头平仓 Put，减仓，看跌减弱,1.093717313819516,PUT,0.0,20466.0,137122200.0,3.60680152250009e-05,>50M,2026-03-20,490.80999755859375,485.5,487.5950012207031,492.6300048828125,486.6499938964844,67.0,61.75,63.1,1.0,0.1894917477416992,True,MSFT,67.0,0.0,0.01093717313819516,3801767276203.0,0.0,-20466.0
NVDA261218C00164000,164.0,-31502.0,多头平仓 Call，减仓，看涨减弱,-1.8575921366021577,CALL,0.0,31502.0,134513540.0,3.1065360713364405e-05,>50M,2026-12-18,176.9114990234375,180.25999450683597,178.99000549316406,179.2899932861328,176.53140258789062,42.7,42.7,43.0,11.0,0.5216112292480468,True,NVDA,45.2,-0.05530973451327433,-0.018575921366021576,4330017000000.0,-5.530973451327434,-31502.0
NVDA270115C00135000,135.0,-18371.0,多头平仓 Call，减仓，看涨减弱,-1.8575921366021577,CALL,0.0,18371.0,112154955.0,2.5901735489722096e-05,>50M,2027-01-15,176.9114990234375,180.25999450683597,178.99000549316406,179.2899932861328,176.53140258789062,61.05,60.8,61.2,17.0,0.5585981640625001,True,NVDA,63.8,-0.04310344827586207,-0.018575921366021576,4330017000000.0,-4.310344827586207,-18371.0
NVDA260320C00130000,130.0,-21108.0,多头平仓 Call，减仓，看涨减弱,-1.8575921366021577,CALL,0.0,21108.0,109022820.0,2.517838151674693e-05,>50M,2026-03-20,176.9114990234375,180.25999450683597,178.99000549316406,179.2899932861328,176.53140258789062,51.65,51.65,52.0,39.0,0.6046182116699221,True,NVDA,54.9,-0.05919854280510018,-0.018575921366021576,4330017000000.0,-5.919854280510018,-21108.0
MSFT260220C00480000,480.0,-30972.0,空头平仓 Call，回补信号，看涨,1.093717313819516,CALL,0.0,30972.0,108092280.0,2.843211384258027e-05,>50M,2026-02-20,490.80999755859375,485.5,487.5950012207031,492.6300048828125,486.6499938964844,34.9,33.9,34.75,32.0,0.3109657527160643,True,MSFT,30.77,0.13422164445888848,0.01093717313819516,3801767276203.0,13.422164445888848,-30972.0
NVDA251219C00150000,150.0,-31813.0,多头平仓 Call，减仓，看涨减弱,-1.8575921366021577,CALL,0.0,31813.0,90348920.0,2.0865719464842748e-05,>50M,2025-12-19,176.9114990234375,180.25999450683597,178.99000549316406,179.2899932861328,176.53140258789062,28.4,28.15,28.5,661.0,0.5844768115234374,True,NVDA,31.4,-0.09554140127388536,-0.018575921366021576,4330017000000.0,-9.554140127388536,-31813.0
NVDA270115C00130000,130.0,-13263.0,多头平仓 Call，减仓，看涨减弱,-1.8575921366021577,CALL,0.0,13263.0,84816885.00000001,1.9588118245263244e-05,>50M,2027-01-15,176.9114990234375,180.25999450683597,178.99000549316406,179.2899932861328,176.53140258789062,63.95,64.25,64.6,23.0,0.5688214505004883,True,NVDA,67.0,-0.04552238805970145,-0.018575921366021576,4330017000000.0,-4.552238805970145,-13263.0
AMD260116P00240000,240.0,-27684.0,多头平仓 Put，减仓，看跌减弱,1.1435758427108205,PUT,0.0,27684.0,83633364.0,0.0003231849400939235,>50M,2026-01-16,216.69000244140625,214.2400054931641,216.3950042724609,218.3000030517578,214.03219604492188,30.21,30.2,30.4,233.0,0.4796194616699218,True,AMD,32.15,-0.060342146189735546,0.011435758427108204,258778654648.0,-6.034214618973555,-27684.0
NVDA260116C00135000,135.0,-18517.0,多头平仓 Call，减仓，看涨减弱,-1.8575921366021577,CALL,0.0,18517.0,81474800.0,1.8816277164731684e-05,>50M,2026-01-16,176.9114990234375,180.25999450683597,178.99000549316406,179.2899932861328,176.53140258789062,44.0,43.8,44.25,5.0,0.6257361645507813,True,NVDA,48.1,-0.08523908523908527,-0.018575921366021576,4330017000000.0,-8.523908523908528,-18517.0
AMD260116C00160000,160.0,-13472.0,空头平仓 Call，回补信号，看涨,1.1435758427108205,CALL,0.0,13472.0,79080640.0,0.00030559181980278986,>50M,2026-01-16,216.69000244140625,214.2400054931641,216.3950042724609,218.3000030517578,214.03219604492188,58.7,58.7,60.25,5.0,0.6949493395996094,True,AMD,58.32,0.006515775034293596,0.011435758427108204,258778654648.0,0.6515775034293596,-13472.0
NVDA270115P00180000,180.0,-24803.0,空头平仓 Put，回补，看跌信号减弱,-1.8575921366021577,PUT,0.0,24803.0,78129450.0,1.804368204559012e-05,>50M,2027-01-15,176.9114990234375,180.25999450683597,178.99000549316406,179.2899932861328,176.53140258789062,31.5,31.35,31.6,126.0,0.3991454129028321,True,NVDA,30.6,0.029411764705882304,-0.018575921366021576,4330017000000.0,2.94117647058823,-24803.0
NVDA260116C00145000,145.0,-20595.0,多头平仓 Call，减仓，看涨减弱,-1.8575921366021577,CALL,0.0,20595.0,71773575.0,1.6575818293554044e-05,>50M,2026-01-16,176.9114990234375,180.25999450683597,178.99000549316406,179.2899932861328,176.53140258789062,34.85,34.8,35.05,53.0,0.5639692041015626,True,NVDA,37.9,-0.08047493403693924,-0.018575921366021576,4330017000000.0,-8.047493403693924,-20595.0
NVDA260116C00180000,180.0,-72870.0,多头平仓 Call，减仓，看涨减弱,-1.8575921366021577,CALL,0.0,72870.0,70683900.0,1.632416223770022e-05,>50M,2026-01-16,176.9114990234375,180.25999450683597,178.99000549316406,179.2899932861328,176.53140258789062,9.7,9.7,9.75,3484.0,0.4270076831054688,False,NVDA,11.82,-0.179357021996616,-0.018575921366021576,4330017000000.0,-17.9357021996616,-72870.0
NVDA280121C00200000,200.0,-15662.0,多头平仓 Call，减仓，看涨减弱,-1.8575921366021577,CALL,0.0,15662.0,70400690.0,1.6258756027978644e-05,>50M,2028-01-21,176.9114990234375,180.25999450683597,178.99000549316406,179.2899932861328,176.53140258789062,44.95,45.0,45.2,419.0,0.5197801928710937,False,NVDA,47.4,-0.05168776371308008,-0.018575921366021576,4330017000000.0,-5.168776371308008,-15662.0
NVDA260618C00180000,180.0,-28345.0,多头平仓 Call，减仓，看涨减弱,-1.8575921366021577,CALL,0.0,28345.0,69388560.0,1.602500867779503e-05,>50M,2026-06-18,176.9114990234375,180.25999450683597,178.99000549316406,179.2899932861328,176.53140258789062,24.48,24.4,24.55,409.0,0.493871028137207,False,NVDA,26.65,-0.08142589118198867,-0.018575921366021576,4330017000000.0,-8.142589118198867,-28345.0
NVDA261218C00140000,140.0,-12242.0,多头平仓 Call，减仓，看涨减弱,-1.8575921366021577,CALL,0.0,12242.0,68983670.0,1.5931500961774515e-05,>50M,2026-12-18,176.9114990234375,180.25999450683597,178.99000549316406,179.2899932861328,176.53140258789062,56.35,56.45,56.85,16.0,0.5505110867309572,True,NVDA,59.47,-0.05246342693795187,-0.018575921366021576,4330017000000.0,-5.246342693795187,-12242.0
INTC260116C00035000,35.0,-108593.0,空头平仓 Call，回补信号，看涨,8.951366601513174,CALL,0.0,108593.0,65915951.0,0.0004242146109464647,>50M,2026-01-16,40.10499954223633,36.810001373291016,37.369998931884766,40.18999862670898,37.35499954223633,6.07,6.05,6.25,1000.0,0.5288133056640626,True,INTC,3.8,0.5973684210526318,0.08951366601513173,155383500000.0,59.73684210526318,-108593.0
MSFT260116C00360000,360.0,-4940.0,空头平仓 Call，回补信号，看涨,1.093717313819516,CALL,0.0,4940.0,64985700.0,1.709355025668594e-05,>50M,2026-01-16,490.80999755859375,485.5,487.5950012207031,492.6300048828125,486.6499938964844,131.55,133.2,136.45,1.0,0.6243934045410158,True,MSFT,111.5,0.17982062780269067,0.01093717313819516,3801767276203.0,17.982062780269068,-4940.0
BMNR270115C00035000,35.0,-42014.0,空头平仓 Call，回补信号，看涨,1.4659723052255405,CALL,0.0,42014.0,64365448.0,0.2961782304207156,>50M,2027-01-15,32.205299377441406,31.739999771118164,33.79999923706055,35.20000076293945,32.130001068115234,15.32,15.15,15.55,144.0,1.2594031170654298,False,BMNR,14.01,0.09350463954318347,0.014659723052255404,217319983.0,9.350463954318347,-42014.0
NVDA261218C00160000,160.0,-14261.0,多头平仓 Call，减仓，看涨减弱,-1.8575921366021577,CALL,0.0,14261.0,63932063.0,1.4764852655312901e-05,>50M,2026-12-18,176.9114990234375,180.25999450683597,178.99000549316406,179.2899932861328,176.53140258789062,44.83,44.8,45.1,39.0,0.525670026550293,True,NVDA,47.5,-0.05621052631578951,-0.018575921366021576,4330017000000.0,-5.621052631578951,-14261.0
INTC260116C00030000,30.0,-60446.0,空头平仓 Call，回补信号，看涨,8.951366601513174,CALL,0.0,60446.0,63105624.0,0.0004061282182471112,>50M,2026-01-16,40.10499954223633,36.810001373291016,37.369998931884766,40.18999862670898,37.35499954223633,10.44,10.4,10.55,469.0,0.6152382226562501,True,INTC,7.65,0.36470588235294105,0.08951366601513173,155383500000.0,36.4705882352941,-60446.0
AMD270115C00200000,200.0,-10148.0,空头平仓 Call，回补信号，看涨,1.1435758427108205,CALL,0.0,10148.0,62257980.00000001,0.00024058390783693323,>50M,2027-01-15,216.69000244140625,214.2400054931641,216.3950042724609,218.3000030517578,214.03219604492188,61.35,60.7,61.2,22.0,0.5999490689086916,True,AMD,59.5,0.03109243697478994,0.011435758427108204,258778654648.0,3.109243697478994,-10148.0
INTC270115C00040000,40.0,-62887.0,空头平仓 Call，回补信号，看涨,8.951366601513174,CALL,0.0,62887.0,60937502.99999999,0.00039217486412649986,>50M,2027-01-15,40.10499954223633,36.810001373291016,37.369998931884766,40.18999862670898,37.35499954223633,9.69,9.5,9.75,600.0,0.5712933496093751,True,INTC,7.75,0.2503225806451612,0.08951366601513173,155383500000.0,25.03225806451612,-62887.0
NVDA251219C00140000,140.0,-15950.0,多头平仓 Call，减仓，看涨减弱,-1.8575921366021577,CALL,0.0,15950.0,60610000.0,1.3997635575102823e-05,>50M,2025-12-19,176.9114990234375,180.25999450683597,178.99000549316406,179.2899932861328,176.53140258789062,38.0,37.75,38.2,22.0,0.7041045214843751,True,NVDA,41.25,-0.07878787878787878,-0.018575921366021576,4330017000000.0,-7.878787878787878,-15950.0
AMZN260116C00190000,190.0,-13522.0,空头平仓 Call，回补信号，看涨,1.2654886760956519,CALL,0.0,13522.0,60592082.00000001,2.585058801110612e-05,>50M,2026-01-16,232.05999755859372,229.16000366210935,231.34500122070312,232.8800048828125,230.22999572753903,44.81,44.5,44.7,13.0,0.492192578125,True,AMZN,41.88,0.06996179560649474,0.012654886760956519,2343934380679.0,6.996179560649473,-13522.0
NVDA260320C00190000,190.0,-45400.0,多头平仓 Call，减仓，看涨减弱,-1.8575921366021577,CALL,0.0,45400.0,59701000.0,1.3787705683372606e-05,>50M,2026-03-20,176.9114990234375,180.25999450683597,178.99000549316406,179.2899932861328,176.53140258789062,13.15,13.05,13.15,773.0,0.4678397943115234,False,NVDA,14.89,-0.11685695097380794,-0.018575921366021576,4330017000000.0,-11.685695097380794,-45400.0
B270115C00030000,30.0,-42257.0,空头平仓 Call，回补信号，看涨,1.5666230182633518,CALL,0.0,42257.0,58737230.00000001,0.0009985475687352265,>50M,2027-01-15,41.62200164794922,40.97999954223633,40.97999954223633,41.720001220703125,40.70000076293945,13.9,13.75,14.2,3.0,0.460942890625,True,B,13.4,0.03731343283582089,0.01566623018263352,58822665879.0,3.731343283582089,-42257.0
NVDA261218C00200000,200.0,-21385.0,多头平仓 Call，减仓，看涨减弱,-1.8575921366021577,CALL,0.0,21385.0,58060275.0,1.3408786847719074e-05,>50M,2026-12-18,176.9114990234375,180.25999450683597,178.99000549316406,179.2899932861328,176.53140258789062,27.15,27.1,27.35,655.0,0.4944813735961915,False,NVDA,29.05,-0.06540447504302933,-0.018575921366021576,4330017000000.0,-6.540447504302933,-21385.0
META260116C00700000,700.0,-52249.0,空头平仓 Call，回补信号，看涨,1.7029464989433647,CALL,0.0,52249.0,56428920.00000001,3.020164969281153e-05,>50M,2026-01-16,644.4000244140625,633.6099853515625,636.0750122070312,646.25,635.5,10.8,10.65,10.8,2049.0,0.3124763577270507,False,META,8.52,0.26760563380281704,0.017029464989433647,1868405222031.0,26.760563380281706,-52249.0
MSFT261218C00375000,375.0,-4396.0,空头平仓 Call，回补信号，看涨,1.093717313819516,CALL,0.0,4396.0,54950000.0,1.4453804246240211e-05,>50M,2026-12-18,490.80999755859375,485.5,487.5950012207031,492.6300048828125,486.6499938964844,125.0,141.0,143.45,2.0,0.4052183502197265,True,MSFT,125.0,0.0,0.01093717313819516,3801767276203.0,0.0,-4396.0
NVDA260116C00170000,170.0,-35509.0,多头平仓 Call，减仓，看涨减弱,-1.8575921366021577,CALL,0.0,35509.0,54506315.0,1.258801408862829e-05,>50M,2026-01-16,176.9114990234375,180.25999450683597,178.99000549316406,179.2899932861328,176.53140258789062,15.35,15.3,15.35,720.0,0.4528252960205078,True,NVDA,17.9,-0.14245810055865918,-0.018575921366021576,4330017000000.0,-14.245810055865919,-35509.0
JPM251219C00220000,220.0,-6210.0,空头平仓 Call，回补信号，看涨,1.6008931083288662,CALL,0.0,6210.0,54151200.0,6.230813180444532e-05,>50M,2025-12-19,312.56500244140625,307.6400146484375,309.1000061035156,313.7200012207031,308.239990234375,87.2,92.1,95.0,10.0,0.8303239624023437,True,JPM,87.2,0.0,0.01600893108328866,869087203095.0,0.0,-6210.0
NVDA270617C00135000,135.0,-8021.0,多头平仓 Call，减仓，看涨减弱,-1.8575921366021577,CALL,0.0,8021.0,53267461.0,1.2301905743095235e-05,>50M,2027-06-17,176.9114990234375,180.25999450683597,178.99000549316406,179.2899932861328,176.53140258789062,66.41,66.5,66.95,5.0,0.5630231686401368,True,NVDA,69.6,-0.0458333333333333,-0.018575921366021576,4330017000000.0,-4.58333333333333,-8021.0
AMD251219C00180000,180.0,-13677.0,空头平仓 Call，回补信号，看涨,1.1435758427108205,CALL,0.0,13677.0,52040985.0,0.00020110230911737296,>50M,2025-12-19,216.69000244140625,214.2400054931641,216.3950042724609,218.3000030517578,214.03219604492188,38.05,38.5,39.15,62.0,0.6733431103515627,True,AMD,37.08,0.02615965480043147,0.011435758427108204,258778654648.0,2.6159654800431467,-13677.0
META260618C00750000,750.0,-13026.0,空头平仓 Call，回补信号，看涨,1.7029464989433647,CALL,0.0,13026.0,50866530.0,2.7224570666050106e-05,>50M,2026-06-18,644.4000244140625,633.6099853515625,636.0750122070312,646.25,635.5,39.05,39.2,39.6,128.0,0.3964751515197754,False,META,35.8,0.09078212290502793,0.017029464989433647,1868405222031.0,9.078212290502794,-13026.0
MSFT260116C00400000,400.0,-5288.0,空头平仓 Call，回补信号，看涨,1.093717313819516,CALL,0.0,5288.0,50579720.0,1.3304265181249152e-05,>50M,2026-01-16,490.80999755859375,485.5,487.5950012207031,492.6300048828125,486.6499938964844,95.65,94.45,96.5,3.0,0.5043384527587891,True,MSFT,90.0,0.06277777777777784,0.01093717313819516,3801767276203.0,6.277777777777784,-5288.0
NVDA270115C00160000,160.0,-10967.0,多头平仓 Call，减仓，看涨减弱,-1.8575921366021577,CALL,0.0,10967.0,50338530.0,1.1625480916125734e-05,>50M,2027-01-15,176.9114990234375,180.25999450683597,178.99000549316406,179.2899932861328,176.53140258789062,45.9,46.1,46.45,102.0,0.5271348556518555,True,NVDA,48.8,-0.0594262295081967,-0.018575921366021576,4330017000000.0,-5.942622950819669,-10967.0
AMD260116C00170000,170.0,-9931.0,空头平仓 Call，回补信号，看涨,1.1435758427108205,CALL,0.0,9931.0,50121757.0,0.00019368582415801416,>50M,2026-01-16,216.69000244140625,214.2400054931641,216.3950042724609,218.3000030517578,214.03219604492188,50.47,50.1,51.2,52.0,0.6615024084472658,True,AMD,49.22,0.025396180414465664,0.011435758427108204,258778654648.0,2.5396180414465666,-9931.0
NVDA260116P00180000,180.0,-44043.0,空头平仓 Put，回补，看跌信号减弱,-1.8575921366021577,PUT,0.0,44043.0,49944762.0,1.1534541781244738e-05,10M-50M,2026-01-16,176.9114990234375,180.25999450683597,178.99000549316406,179.2899932861328,176.53140258789062,11.34,11.3,11.4,611.0,0.3709169354248046,True,NVDA,10.35,0.09565217391304351,-0.018575921366021576,4330017000000.0,9.565217391304351,-44043.0
MSFT260116C00425000,425.0,-6947.0,空头平仓 Call，回补信号，看涨,1.093717313819516,CALL,0.0,6947.0,49879460.0,1.3120071897145928e-05,10M-50M,2026-01-16,490.80999755859375,485.5,487.5950012207031,492.6300048828125,486.6499938964844,71.8,70.5,72.95,2.0,0.4283809603881836,True,MSFT,67.45,0.06449221645663446,0.01093717313819516,3801767276203.0,6.449221645663446,-6947.0
MU260116C00200000,200.0,-10619.0,空头平仓 Call，回补信号，看涨,2.2192307531735946,CALL,0.0,10619.0,49484540.0,0.0002811544838386801,10M-50M,2026-01-16,235.3699951171875,230.25999450683597,235.6150054931641,238.1000061035156,233.47999572753903,46.6,45.6,47.75,388.0,0.7862570202636718,True,MU,42.6,0.09389671361502347,0.02219230753173595,176004804634.0,9.389671361502346,-10619.0
AMD260116C00180000,180.0,-11608.0,空头平仓 Call，回补信号，看涨,1.1435758427108205,CALL,0.0,11608.0,47732096.0,0.00018445144196659846,10M-50M,2026-01-16,216.69000244140625,214.2400054931641,216.3950042724609,218.3000030517578,214.03219604492188,41.12,41.4,42.25,58.0,0.609928217163086,True,AMD,40.35,0.019083023543989986,0.011435758427108204,258778654648.0,1.9083023543989985,-11608.0
NVDA270617C00150000,150.0,-8206.0,多头平仓 Call，减仓，看涨减弱,-1.8575921366021577,CALL,0.0,8206.0,47512740.0,1.0972876088015358e-05,10M-50M,2027-06-17,176.9114990234375,180.25999450683597,178.99000549316406,179.2899932861328,176.53140258789062,57.9,57.95,58.35,33.0,0.5451400466918946,True,NVDA,61.04,-0.051441677588466586,-0.018575921366021576,4330017000000.0,-5.144167758846659,-8206.0
META260618C00700000,700.0,-8440.0,空头平仓 Call，回补信号，看涨,1.7029464989433647,CALL,0.0,8440.0,46462200.0,2.4867303651343098e-05,10M-50M,2026-06-18,644.4000244140625,633.6099853515625,636.0750122070312,646.25,635.5,55.05,55.0,55.4,234.0,0.4025175715637207,False,META,50.24,0.09574044585987251,0.017029464989433647,1868405222031.0,9.574044585987252,-8440.0
NVDA260320P00175000,175.0,-30375.0,空头平仓 Put，回补，看跌信号减弱,-1.8575921366021577,PUT,0.0,30375.0,46321875.0,1.0697850608900611e-05,10M-50M,2026-03-20,176.9114990234375,180.25999450683597,178.99000549316406,179.2899932861328,176.53140258789062,15.25,15.2,15.3,176.0,0.4164487066650389,False,NVDA,14.3,0.06643356643356638,-0.018575921366021576,4330017000000.0,6.643356643356638,-30375.0
AMD260116C00200000,200.0,-16625.0,空头平仓 Call，回补信号，看涨,1.1435758427108205,CALL,0.0,16625.0,45220000.0,0.00017474393342646388,10M-50M,2026-01-16,216.69000244140625,214.2400054931641,216.3950042724609,218.3000030517578,214.03219604492188,27.2,26.3,26.75,413.0,0.5501143621826172,True,AMD,25.44,0.06918238993710683,0.011435758427108204,258778654648.0,6.918238993710683,-16625.0
META261218C00470000,470.0,-2137.0,空头平仓 Call，回补信号，看涨,1.7029464989433647,CALL,0.0,2137.0,45022316.0,2.4096654981010862e-05,10M-50M,2026-12-18,644.4000244140625,633.6099853515625,636.0750122070312,646.25,635.5,210.68,217.0,219.55,1.0,0.4961674529266358,True,META,210.68,0.0,0.017029464989433647,1868405222031.0,0.0,-2137.0
AMZN260116C00170000,170.0,-7354.0,空头平仓 Call，回补信号，看涨,1.2654886760956519,CALL,0.0,7354.0,44719674.0,1.9078893320829838e-05,10M-50M,2026-01-16,232.05999755859372,229.16000366210935,231.34500122070312,232.8800048828125,230.22999572753903,60.81,63.9,64.1,20.0,0.6282996154785156,True,AMZN,60.81,0.0,0.012654886760956519,2343934380679.0,0.0,-7354.0
NVDA251219C00145000,145.0,-13444.0,多头平仓 Call，减仓，看涨减弱,-1.8575921366021577,CALL,0.0,13444.0,44190428.0,1.0205601502257382e-05,10M-50M,2025-12-19,176.9114990234375,180.25999450683597,178.99000549316406,179.2899932861328,176.53140258789062,32.87,33.0,33.3,11.0,0.64648791015625,True,NVDA,36.29,-0.09424083769633512,-0.018575921366021576,4330017000000.0,-9.424083769633512,-13444.0
C260116C00075000,75.0,-14634.0,空头平仓 Call，回补信号，看涨,1.2975627620045593,CALL,0.0,14634.0,43902000.0,0.00023059509765129577,10M-50M,2026-01-16,103.83000183105467,102.5,102.8000030517578,104.37000274658205,102.51000213623048,30.0,28.5,30.6,51.0,0.6215858154296876,True,C,28.84,0.04022191400832178,0.012975627620045593,190385660611.0,4.0221914008321775,-14634.0
META260116C00500000,500.0,-2894.0,空头平仓 Call，回补信号，看涨,1.7029464989433647,CALL,0.0,2894.0,43213207.99999999,2.3128391791276535e-05,10M-50M,2026-01-16,644.4000244140625,633.6099853515625,636.0750122070312,646.25,635.5,149.32,147.15,150.45,10.0,0.5090991473388673,True,META,138.0,0.08202898550724633,0.017029464989433647,1868405222031.0,8.202898550724633,-2894.0
AMZN260116C00180000,180.0,-8120.0,空头平仓 Call，回补信号，看涨,1.2654886760956519,CALL,0.0,8120.0,43198400.0,1.8429867472435863e-05,10M-50M,2026-01-16,232.05999755859372,229.16000366210935,231.34500122070312,232.8800048828125,230.22999572753903,53.2,54.1,54.35,2.0,0.5534712622070312,True,AMZN,51.5,0.03300970873786413,0.012654886760956519,2343934380679.0,3.300970873786413,-8120.0
AMD260618C00165000,165.0,-6413.0,空头平仓 Call，回补信号，看涨,1.1435758427108205,CALL,0.0,6413.0,42870905.0,0.000165666310686693,10M-50M,2026-06-18,216.69000244140625,214.2400054931641,216.3950042724609,218.3000030517578,214.03219604492188,66.85,66.2,68.3,4.0,0.6370580728149414,True,AMD,66.03,0.012418597607148162,0.011435758427108204,258778654648.0,1.241859760714816,-6413.0
NVDA271217C00180000,180.0,-8314.0,多头平仓 Call，减仓，看涨减弱,-1.8575921366021577,CALL,0.0,8314.0,42575994.0,9.832754467245741e-06,10M-50M,2027-12-17,176.9114990234375,180.25999450683597,178.99000549316406,179.2899932861328,176.53140258789062,51.21,51.0,51.45,28.0,0.5293320993041993,False,NVDA,53.29,-0.03903171326702943,-0.018575921366021576,4330017000000.0,-3.903171326702943,-8314.0
B261218C00030000,30.0,-30565.0,空头平仓 Call，回补信号，看涨,1.5666230182633518,CALL,0.0,30565.0,42271395.0,0.0007186242644451636,10M-50M,2026-12-18,41.62200164794922,40.97999954223633,40.97999954223633,41.720001220703125,40.70000076293945,13.83,13.6,14.15,3.0,0.4729056616210937,True,B,13.25,0.043773584905660384,0.01566623018263352,58822665879.0,4.3773584905660385,-30565.0
MSFT271217C00500000,500.0,-4733.0,空头平仓 Call，回补信号，看涨,1.093717313819516,CALL,0.0,4733.0,42260957.0,1.1116134663089626e-05,10M-50M,2027-12-17,490.80999755859375,485.5,487.5950012207031,492.6300048828125,486.6499938964844,89.29,87.95,91.4,6.0,0.3418492329406737,False,MSFT,85.6,0.04310747663551416,0.01093717313819516,3801767276203.0,4.310747663551416,-4733.0
AMD260116C00165000,165.0,-7735.0,空头平仓 Call，回补信号，看涨,1.1435758427108205,CALL,0.0,7735.0,41877290.0,0.0001618266779265971,10M-50M,2026-01-16,216.69000244140625,214.2400054931641,216.3950042724609,218.3000030517578,214.03219604492188,54.14,54.55,55.65,8.0,0.6833527758789064,True,AMD,54.0,0.002592592592592603,0.011435758427108204,258778654648.0,0.2592592592592603,-7735.0
NVDA251219C00160000,160.0,-21831.0,多头平仓 Call，减仓，看涨减弱,-1.8575921366021577,CALL,0.0,21831.0,41850027.0,9.665095310249359e-06,10M-50M,2025-12-19,176.9114990234375,180.25999450683597,178.99000549316406,179.2899932861328,176.53140258789062,19.17,19.3,19.45,733.0,0.5080615600585938,True,NVDA,22.49,-0.1476211649622053,-0.018575921366021576,4330017000000.0,-14.762116496220528,-21831.0
MSFT270115C00500000,500.0,-6647.0,空头平仓 Call，回补信号，看涨,1.093717313819516,CALL,0.0,6647.0,41257929.0,1.0852302627320785e-05,10M-50M,2027-01-15,490.80999755859375,485.5,487.5950012207031,492.6300048828125,486.6499938964844,62.07,61.6,62.25,64.0,0.3185950709533691,False,MSFT,58.55,0.06011955593509826,0.01093717313819516,3801767276203.0,6.011955593509826,-6647.0
AMD271217C00200000,200.0,-5154.0,空头平仓 Call，回补信号，看涨,1.1435758427108205,CALL,0.0,5154.0,41134074.0,0.00015895466361378238,10M-50M,2027-12-17,216.69000244140625,214.2400054931641,216.3950042724609,218.3000030517578,214.03219604492188,79.81,79.75,80.45,2.0,0.6196784858703615,True,AMD,78.03,0.022811739074714867,0.011435758427108204,258778654648.0,2.2811739074714867,-5154.0
NVDA251219C00155000,155.0,-17537.0,多头平仓 Call，减仓，看涨减弱,-1.8575921366021577,CALL,0.0,17537.0,40948895.0,9.456982501454383e-06,10M-50M,2025-12-19,176.9114990234375,180.25999450683597,178.99000549316406,179.2899932861328,176.53140258789062,23.35,23.65,23.8,234.0,0.541264353027344,True,NVDA,26.64,-0.12349849849849846,-0.018575921366021576,4330017000000.0,-12.349849849849846,-17537.0
C260116C00080000,80.0,-15921.0,空头平仓 Call，回补信号，看涨,1.2975627620045593,CALL,0.0,15921.0,39802500.0,0.00020906248859427134,10M-50M,2026-01-16,103.83000183105467,102.5,102.8000030517578,104.37000274658205,102.51000213623048,25.0,24.55,25.4,1.0,0.5925333715820313,True,C,24.25,0.030927835051546393,0.012975627620045593,190385660611.0,3.0927835051546393,-15921.0
MU251205C00200000,200.0,-10446.0,空头平仓 Call，回补信号，看涨,2.2192307531735946,CALL,0.0,10446.0,39694800.0,0.00022553247953966307,10M-50M,2025-12-05,235.3699951171875,230.25999450683597,235.6150054931641,238.1000061035156,233.47999572753903,38.0,36.75,38.2,16.0,0.9887696435546875,True,MU,32.58,0.16635972989564157,0.02219230753173595,176004804634.0,16.635972989564156,-10446.0
META271217C00500000,500.0,-1691.0,空头平仓 Call，回补信号，看涨,1.7029464989433647,CALL,0.0,1691.0,39642113.0,2.121708531562982e-05,10M-50M,2027-12-17,644.4000244140625,633.6099853515625,636.0750122070312,646.25,635.5,234.43,234.1,239.25,7.0,0.4908116715240479,True,META,227.61,0.029963534115372756,0.017029464989433647,1868405222031.0,2.996353411537276,-1691.0
NVDA261218C00194000,194.0,-13027.0,多头平仓 Call，减仓，看涨减弱,-1.8575921366021577,CALL,0.0,13027.0,38429650.0,8.875173007403897e-06,10M-50M,2026-12-18,176.9114990234375,180.25999450683597,178.99000549316406,179.2899932861328,176.53140258789062,29.5,29.25,29.55,1.0,0.4982960327148438,False,NVDA,31.5,-0.06349206349206349,-0.018575921366021576,4330017000000.0,-6.349206349206349,-13027.0
NVDA271217C00135000,135.0,-5206.0,多头平仓 Call，减仓，看涨减弱,-1.8575921366021577,CALL,0.0,5206.0,37826796.0,8.735946302289345e-06,10M-50M,2027-12-17,176.9114990234375,180.25999450683597,178.99000549316406,179.2899932861328,176.53140258789062,72.66,72.5,73.0,9.0,0.5676007595825195,True,NVDA,74.5,-0.024697986577181252,-0.018575921366021576,4330017000000.0,-2.4697986577181252,-5206.0
NVDA260618P00160000,160.0,-26952.0,空头平仓 Put，回补，看跌信号减弱,-1.8575921366021577,PUT,0.0,26952.0,37759752.0,8.72046276030787e-06,10M-50M,2026-06-18,176.9114990234375,180.25999450683597,178.99000549316406,179.2899932861328,176.53140258789062,14.01,13.85,14.0,26.0,0.429143892211914,False,NVDA,13.35,0.049438202247191025,-0.018575921366021576,4330017000000.0,4.9438202247191025,-26952.0
NVDA251219C00165000,165.0,-24659.0,多头平仓 Call，减仓，看涨减弱,-1.8575921366021577,CALL,0.0,24659.0,37604975.0,8.684717635057783e-06,10M-50M,2025-12-19,176.9114990234375,180.25999450683597,178.99000549316406,179.2899932861328,176.53140258789062,15.25,15.25,15.35,260.0,0.4820608435058594,True,NVDA,18.15,-0.1597796143250688,-0.018575921366021576,4330017000000.0,-15.977961432506879,-24659.0
ORCL260116P00250000,250.0,-7271.0,空头平仓 Put，回补，看跌信号减弱,-2.07114082597721,PUT,0.0,7271.0,37591070.0,4.666728529512294e-05,10M-50M,2026-01-16,200.71499633789065,204.9600067138672,199.50999450683597,202.33990478515625,197.6100006103516,51.7,51.4,51.7,20.0,0.5043994873046875,True,ORCL,47.9,0.07933194154488526,-0.0207114082597721,805512250440.0,7.933194154488526,-7271.0
COIN260116C00200000,200.0,-4585.0,空头平仓 Call，回补信号，看涨,2.773901222649555,CALL,0.0,4585.0,37298975.0,0.0004644010704924755,10M-50M,2026-01-16,272.32000732421875,264.9700012207031,273.69000244140625,279.8599853515625,270.20001220703125,81.35,76.9,78.8,9.0,0.8138446350097657,True,COIN,71.65,0.13538032100488467,0.027739012226495552,80316298497.0,13.538032100488467,-4585.0
META270115C00700000,700.0,-3985.0,空头平仓 Call，回补信号，看涨,1.7029464989433647,CALL,0.0,3985.0,37060500.0,1.9835365242511138e-05,10M-50M,2027-01-15,644.4000244140625,633.6099853515625,636.0750122070312,646.25,635.5,93.0,92.7,93.0,605.0,0.4194088821411132,False,META,87.05,0.06835152211372778,0.017029464989433647,1868405222031.0,6.835152211372778,-3985.0
AMZN260116C00220000,220.0,-19622.0,空头平仓 Call，回补信号，看涨,1.2654886760956519,CALL,0.0,19622.0,36791250.0,1.569636518123949e-05,10M-50M,2026-01-16,232.05999755859372,229.16000366210935,231.34500122070312,232.8800048828125,230.22999572753903,18.75,18.65,18.75,141.0,0.3520572607421874,True,AMZN,16.8,0.11607142857142852,0.012654886760956519,2343934380679.0,11.607142857142852,-19622.0
NVDA260618P00150000,150.0,-35060.0,空头平仓 Put，回补，看跌信号减弱,-1.8575921366021577,PUT,0.0,35060.0,36637700.0,8.461329366605257e-06,10M-50M,2026-06-18,176.9114990234375,180.25999450683597,178.99000549316406,179.2899932861328,176.53140258789062,10.45,10.35,10.5,108.0,0.4410456286621094,False,NVDA,9.98,0.047094188376753394,-0.018575921366021576,4330017000000.0,4.709418837675339,-35060.0
META260618C00500000,500.0,-2106.0,空头平仓 Call，回补信号，看涨,1.7029464989433647,CALL,0.0,2106.0,36223200.0,1.938722905121435e-05,10M-50M,2026-06-18,644.4000244140625,633.6099853515625,636.0750122070312,646.25,635.5,172.0,171.5,173.6,31.0,0.4866536930847168,True,META,163.0,0.05521472392638037,0.017029464989433647,1868405222031.0,5.521472392638037,-2106.0
META260116C00610000,610.0,-7023.0,空头平仓 Call，回补信号，看涨,1.7029464989433647,CALL,0.0,7023.0,36217611.0,1.9384237730095086e-05,10M-50M,2026-01-16,644.4000244140625,633.6099853515625,636.0750122070312,646.25,635.5,51.57,51.5,51.85,71.0,0.3428410443115234,True,META,44.2,0.16674208144796374,0.017029464989433647,1868405222031.0,16.674208144796374,-7023.0
NVDA260320C00210000,210.0,-50277.0,多头平仓 Call，减仓，看涨减弱,-1.8575921366021577,CALL,0.0,50277.0,35948055.00000001,8.302058629331019e-06,10M-50M,2026-03-20,176.9114990234375,180.25999450683597,178.99000549316406,179.2899932861328,176.53140258789062,7.15,7.05,7.2,1567.0,0.4548394360351562,False,NVDA,8.2,-0.12804878048780477,-0.018575921366021576,4330017000000.0,-12.804878048780477,-50277.0
AMZN260116C00210000,210.0,-13391.0,空头平仓 Call，回补信号，看涨,1.2654886760956519,CALL,0.0,13391.0,35660232.99999999,1.5213835888046404e-05,10M-50M,2026-01-16,232.05999755859372,229.16000366210935,231.34500122070312,232.8800048828125,230.22999572753903,26.63,26.4,26.6,81.0,0.3869690209960937,True,AMZN,24.2,0.10041322314049586,0.012654886760956519,2343934380679.0,10.041322314049586,-13391.0
BA260220P00215000,215.0,-12662.0,多头平仓 Put，减仓，看跌减弱,1.0860254650024583,PUT,0.0,12662.0,35542234.0,0.00021243664678979396,10M-50M,2026-02-20,188.9499969482422,186.9199981689453,187.8699951171875,189.75,186.91000366210935,28.07,26.9,28.95,2.0,0.2974923767089843,True,BA,31.85,-0.11868131868131872,0.010860254650024584,167307451596.0,-11.868131868131872,-12662.0
AMZN260618C00200000,200.0,-7550.0,空头平仓 Call，回补信号，看涨,1.2654886760956519,CALL,0.0,7550.0,35500100.0,1.5145517849230999e-05,10M-50M,2026-06-18,232.05999755859372,229.16000366210935,231.34500122070312,232.8800048828125,230.22999572753903,47.02,46.8,47.05,42.0,0.4407404559326171,True,AMZN,44.9,0.047216035634743976,0.012654886760956519,2343934380679.0,4.721603563474398,-7550.0
IREN270115C00035000,35.0,-12892.0,多头平仓 Call，减仓，看涨减弱,-1.0319917278153312,CALL,0.0,12892.0,35453000.0,0.0031139813586581458,10M-50M,2027-01-15,47.95000076293945,48.45000076293945,49.584999084472656,51.5,47.244998931884766,27.5,26.0,28.35,3.0,1.2286415521240237,True,IREN,27.9,-0.014336917562723964,-0.010319917278153313,11385103479.0,-1.4336917562723963,-12892.0
AMZN260116C00240000,240.0,-47470.0,空头平仓 Call，回补信号，看涨,1.2654886760956519,CALL,0.0,47470.0,35365150.0,1.5087943711869309e-05,10M-50M,2026-01-16,232.05999755859372,229.16000366210935,231.34500122070312,232.8800048828125,230.22999572753903,7.45,7.35,7.4,1227.0,0.3131782550048828,False,AMZN,6.42,0.16043613707165114,0.012654886760956519,2343934380679.0,16.043613707165115,-47470.0
SOFI270115C00030000,30.0,-38650.0,空头平仓 Call，回补信号，看涨,3.532471288511421,CALL,0.0,38650.0,34398500.0,0.001026678270051349,10M-50M,2027-01-15,29.496400833129883,28.489999771118164,28.790000915527344,29.56999969482422,28.45499992370605,8.9,8.8,8.9,1508.0,0.7388942126464844,False,SOFI,8.33,0.06842737094837939,0.03532471288511421,33504653798.0,6.842737094837939,-38650.0
NVDA260618C00142000,142.0,-7190.0,多头平仓 Call，减仓，看涨减弱,-1.8575921366021577,CALL,0.0,7190.0,34152500.0,7.887382428290698e-06,10M-50M,2026-06-18,176.9114990234375,180.25999450683597,178.99000549316406,179.2899932861328,176.53140258789062,47.5,46.8,47.1,11.0,0.5507247076416018,True,NVDA,50.75,-0.06403940886699508,-0.018575921366021576,4330017000000.0,-6.403940886699508,-7190.0
META260618C00600000,600.0,-3313.0,空头平仓 Call，回补信号，看涨,1.7029464989433647,CALL,0.0,3313.0,33991380.0,1.8192723719242542e-05,10M-50M,2026-06-18,644.4000244140625,633.6099853515625,636.0750122070312,646.25,635.5,102.6,101.7,102.9,23.0,0.4272365626525879,True,META,95.4,0.07547169811320742,0.017029464989433647,1868405222031.0,7.547169811320742,-3313.0
MU251219C00200000,200.0,-8095.0,空头平仓 Call，回补信号，看涨,2.2192307531735946,CALL,0.0,8095.0,33926144.99999999,0.00019275692541774087,10M-50M,2025-12-19,235.3699951171875,230.25999450683597,235.6150054931641,238.1000061035156,233.47999572753903,41.91,40.85,42.4,17.0,0.8903819555664061,True,MU,37.75,0.11019867549668864,0.02219230753173595,176004804634.0,11.019867549668865,-8095.0
INTC270115C00030000,30.0,-22929.0,空头平仓 Call，回补信号，看涨,8.951366601513174,CALL,0.0,22929.0,33613914.0,0.00021632872216161946,10M-50M,2027-01-15,40.10499954223633,36.810001373291016,37.369998931884766,40.18999862670898,37.35499954223633,14.66,14.5,14.9,140.0,0.600712000732422,True,INTC,12.32,0.18993506493506493,0.08951366601513173,155383500000.0,18.993506493506494,-22929.0
B260116C00035000,35.0,-46784.0,空头平仓 Call，回补信号，看涨,1.5666230182633518,CALL,0.0,46784.0,33216639.999999996,0.0005646911696985585,10M-50M,2026-01-16,41.62200164794922,40.97999954223633,40.97999954223633,41.720001220703125,40.70000076293945,7.1,6.95,7.2,134.0,0.476567734375,True,B,6.45,0.10077519379844953,0.01566623018263352,58822665879.0,10.077519379844952,-46784.0
OKLO270115C00105000,105.0,-10211.0,空头平仓 Call，回补信号，看涨,3.8660958723875427,CALL,0.0,10211.0,33185750.0,0.002034033298352811,10M-50M,2027-01-15,92.1500015258789,88.72000122070312,90.0,94.50499725341795,89.01000213623047,32.5,33.1,34.7,7.0,1.0018360455322266,False,OKLO,31.45,0.033386327503974585,0.03866095872387543,16315244213.0,3.3386327503974584,-10211.0
NVDA260320P00190000,190.0,-13989.0,空头平仓 Put，回补，看跌信号减弱,-1.8575921366021577,PUT,0.0,13989.0,33153930.0,7.656766705534875e-06,10M-50M,2026-03-20,176.9114990234375,180.25999450683597,178.99000549316406,179.2899932861328,176.53140258789062,23.7,23.25,23.45,72.0,0.3951476501464844,True,NVDA,22.02,0.0762942779291553,-0.018575921366021576,4330017000000.0,7.62942779291553,-13989.0
ORCL260116P00240000,240.0,-7544.0,空头平仓 Put，回补，看跌信号减弱,-2.07114082597721,PUT,0.0,7544.0,33118159.999999996,4.111440885214304e-05,10M-50M,2026-01-16,200.71499633789065,204.9600067138672,199.50999450683597,202.33990478515625,197.6100006103516,43.9,42.85,44.15,20.0,0.5314377911376953,True,ORCL,39.9,0.10025062656641605,-0.0207114082597721,805512250440.0,10.025062656641605,-7544.0
JPM260116C00240000,240.0,-4760.0,空头平仓 Call，回补信号，看涨,1.6008931083288662,CALL,0.0,4760.0,32763080.0,3.769826535625409e-05,10M-50M,2026-01-16,312.56500244140625,307.6400146484375,309.1000061035156,313.7200012207031,308.239990234375,68.83,73.3,76.3,10.0,0.5279588220214844,True,JPM,68.83,0.0,0.01600893108328866,869087203095.0,0.0,-4760.0
BA260220P00220000,220.0,-9095.0,多头平仓 Put，减仓，看跌减弱,1.0860254650024583,PUT,0.0,9095.0,32760190.000000004,0.00019580831390048642,10M-50M,2026-02-20,188.9499969482422,186.9199981689453,187.8699951171875,189.75,186.91000366210935,36.02,31.05,33.3,1.0,0.3012765185546875,True,BA,36.02,0.0,0.010860254650024584,167307451596.0,0.0,-9095.0
META260618P00600000,600.0,-7411.0,多头平仓 Put，减仓，看跌减弱,1.7029464989433647,PUT,0.0,7411.0,32719564.999999996,1.751202823359328e-05,10M-50M,2026-06-18,644.4000244140625,633.6099853515625,636.0750122070312,646.25,635.5,44.15,43.7,44.25,146.0,0.346937988204956,False,META,47.65,-0.07345225603357818,0.017029464989433647,1868405222031.0,-7.345225603357817,-7411.0
NVDA271217P00200000,200.0,-6187.0,空头平仓 Put，回补，看跌信号减弱,-1.8575921366021577,PUT,0.0,6187.0,32636425.0,7.537251008483338e-06,10M-50M,2027-12-17,176.9114990234375,180.25999450683597,178.99000549316406,179.2899932861328,176.53140258789062,52.75,52.25,52.6,1.0,0.3763490100097656,True,NVDA,51.25,0.02926829268292683,-0.018575921366021576,4330017000000.0,2.9268292682926833,-6187.0
NVDA271217P00140000,140.0,-15154.0,空头平仓 Put，回补，看跌信号减弱,-1.8575921366021577,PUT,0.0,15154.0,32505330.0,7.506975145825063e-06,10M-50M,2027-12-17,176.9114990234375,180.25999450683597,178.99000549316406,179.2899932861328,176.53140258789062,21.45,21.5,21.6,51.0,0.4184628466796875,False,NVDA,21.15,0.014184397163120602,-0.018575921366021576,4330017000000.0,1.4184397163120601,-15154.0
NVDA270115P00140000,140.0,-23355.0,空头平仓 Put，回补，看跌信号减弱,-1.8575921366021577,PUT,0.0,23355.0,32463450.0,7.49730312837109e-06,10M-50M,2027-01-15,176.9114990234375,180.25999450683597,178.99000549316406,179.2899932861328,176.53140258789062,13.9,13.75,13.95,28.0,0.4322261367797851,False,NVDA,13.49,0.03039288361749445,-0.018575921366021576,4330017000000.0,3.039288361749445,-23355.0
NVDA270115P00200000,200.0,-7417.0,空头平仓 Put，回补，看跌信号减弱,-1.8575921366021577,PUT,0.0,7417.0,32123027.0,7.418683806553184e-06,10M-50M,2027-01-15,176.9114990234375,180.25999450683597,178.99000549316406,179.2899932861328,176.53140258789062,43.31,43.05,43.3,3.0,0.3825134991455078,True,NVDA,41.85,0.03488649940262845,-0.018575921366021576,4330017000000.0,3.4886499402628455,-7417.0
MSFT251219C00380000,380.0,-2863.0,空头平仓 Call，回补信号，看涨,1.093717313819516,CALL,0.0,2863.0,32031244.0,8.425356333749886e-06,10M-50M,2025-12-19,490.80999755859375,485.5,487.5950012207031,492.6300048828125,486.6499938964844,111.88,111.5,114.9,1.0,0.7148466015625,True,MSFT,107.45,0.04122847836202878,0.01093717313819516,3801767276203.0,4.122847836202878,-2863.0
INTC270115C00035000,35.0,-26587.0,空头平仓 Call，回补信号，看涨,8.951366601513174,CALL,0.0,26587.0,31904400.0,0.00020532682041529506,10M-50M,2027-01-15,40.10499954223633,36.810001373291016,37.369998931884766,40.18999862670898,37.35499954223633,12.0,11.6,12.0,147.0,0.575077491455078,True,INTC,9.65,0.24352331606217612,0.08951366601513173,155383500000.0,24.35233160621761,-26587.0
NVDA270617C00160000,160.0,-6005.0,多头平仓 Call，减仓，看涨减弱,-1.8575921366021577,CALL,0.0,6005.0,31736425.0,7.329399630532628e-06,10M-50M,2027-06-17,176.9114990234375,180.25999450683597,178.99000549316406,179.2899932861328,176.53140258789062,52.85,52.8,53.15,7.0,0.5355271057128907,True,NVDA,55.5,-0.047747747747747725,-0.018575921366021576,4330017000000.0,-4.774774774774772,-6005.0
AMD260618C00170000,170.0,-5166.0,空头平仓 Call，回补信号，看涨,1.1435758427108205,CALL,0.0,5166.0,31579758.0,0.0001220338595660292,10M-50M,2026-06-18,216.69000244140625,214.2400054931641,216.3950042724609,218.3000030517578,214.03219604492188,61.13,63.15,64.1,5.0,0.6262244409179689,True,AMD,61.13,0.0,0.011435758427108204,258778654648.0,0.0,-5166.0
AMZN270115C00250000,250.0,-9774.0,空头平仓 Call，回补信号，看涨,1.2654886760956519,CALL,0.0,9774.0,31276800.0,1.334371826183104e-05,10M-50M,2027-01-15,232.05999755859372,229.16000366210935,231.34500122070312,232.8800048828125,230.22999572753903,32.0,31.9,32.05,486.0,0.3974059283447265,False,AMZN,30.45,0.05090311986863713,0.012654886760956519,2343934380679.0,5.090311986863713,-9774.0
NVDA260320P00160000,160.0,-34048.0,空头平仓 Put，回补，看跌信号减弱,-1.8575921366021577,PUT,0.0,34048.0,31153920.0,7.194872445073541e-06,10M-50M,2026-03-20,176.9114990234375,180.25999450683597,178.99000549316406,179.2899932861328,176.53140258789062,9.15,9.1,9.2,3316.0,0.4365901068115234,False,NVDA,8.55,0.07017543859649118,-0.018575921366021576,4330017000000.0,7.017543859649118,-34048.0
NFLX260116C00089000,89.0,-18247.0,空头平仓 Call，回补信号，看涨,1.3143058983256304,CALL,0.0,18247.0,30928664.999999996,6.012336216673294e-05,10M-50M,2026-01-16,107.53500366210938,106.13999938964844,106.5,107.94000244140624,106.25,16.95,18.2,20.15,17.0,0.5192919165039063,True,NFLX,16.95,0.0,0.013143058983256304,514420083731.0,0.0,-18247.0
MP280121P00075000,75.0,-10027.0,多头平仓 Put，减仓，看跌减弱,2.6101407398115244,PUT,0.0,10027.0,30883160.000000004,0.002540933539839521,10M-50M,2028-01-21,61.720001220703125,60.150001525878906,60.5099983215332,62.29800033569336,60.2400016784668,30.8,29.0,33.3,10.0,0.6212806427001953,True,MP,30.8,0.0,0.026101407398115242,12154257290.0,0.0,-10027.0
NVDA261218P00170000,170.0,-12121.0,空头平仓 Put，回补，看跌信号减弱,-1.8575921366021577,PUT,0.0,12121.0,30726735.000000004,7.096215788529237e-06,10M-50M,2026-12-18,176.9114990234375,180.25999450683597,178.99000549316406,179.2899932861328,176.53140258789062,25.35,25.3,25.5,1566.0,0.4081480084228516,False,NVDA,24.52,0.03384991843393156,-0.018575921366021576,4330017000000.0,3.3849918433931556,-12121.0
NVDA260918P00160000,160.0,-17526.0,空头平仓 Put，回补，看跌信号减弱,-1.8575921366021577,PUT,0.0,17526.0,30670500.0,7.08322854159695e-06,10M-50M,2026-09-18,176.9114990234375,180.25999450683597,178.99000549316406,179.2899932861328,176.53140258789062,17.5,17.5,17.7,7.0,0.4209347457885742,False,NVDA,16.9,0.03550295857988174,-0.018575921366021576,4330017000000.0,3.550295857988174,-17526.0
META260116C00620000,620.0,-6800.0,空头平仓 Call，回补信号，看涨,1.7029464989433647,CALL,0.0,6800.0,30464000.0,1.6304814202394984e-05,10M-50M,2026-01-16,644.4000244140625,633.6099853515625,636.0750122070312,646.25,635.5,44.8,44.75,45.05,192.0,0.3360509510803223,True,META,37.97,0.17987885172504606,0.017029464989433647,1868405222031.0,17.987885172504605,-6800.0
B270115C00035000,35.0,-27625.0,空头平仓 Call，回补信号，看涨,1.5666230182633518,CALL,0.0,27625.0,30111250.0,0.000511898764703044,10M-50M,2027-01-15,41.62200164794922,40.97999954223633,40.97999954223633,41.720001220703125,40.70000076293945,10.9,10.55,11.1,7.0,0.4549615051269531,True,B,10.4,0.04807692307692307,0.01566623018263352,58822665879.0,4.8076923076923075,-27625.0
GS260116C00600000,600.0,-1309.0,空头平仓 Call，回补信号，看涨,1.3271916962090153,CALL,0.0,1309.0,30107000.0,0.00012392940037946507,10M-50M,2026-01-16,826.8400268554688,816.010009765625,820.0,830.5700073242188,818.9500122070312,230.0,227.5,232.85,20.0,0.5498702239990236,True,GS,218.83,0.051044189553534645,0.013271916962090154,242936703541.0,5.104418955353465,-1309.0
NVDA270115C00230000,230.0,-15237.0,多头平仓 Call，减仓，看涨减弱,-1.8575921366021577,CALL,0.0,15237.0,30016889.999999996,6.9322799425498785e-06,10M-50M,2027-01-15,176.9114990234375,180.25999450683597,178.99000549316406,179.2899932861328,176.53140258789062,19.7,19.65,19.9,100.0,0.4835256726074219,False,NVDA,21.43,-0.08072795146990203,-0.018575921366021576,4330017000000.0,-8.072795146990202,-15237.0
NVDA270115C00165000,165.0,-6915.0,多头平仓 Call，减仓，看涨减弱,-1.8575921366021577,CALL,0.0,6915.0,30011100.0,6.93094276535173e-06,10M-50M,2027-01-15,176.9114990234375,180.25999450683597,178.99000549316406,179.2899932861328,176.53140258789062,43.4,43.5,43.85,62.0,0.5219774365234374,True,NVDA,46.07,-0.05795528543520733,-0.018575921366021576,4330017000000.0,-5.795528543520733,-6915.0
ORCL260320P00250000,250.0,-5272.0,空头平仓 Put，回补，看跌信号减弱,-2.07114082597721,PUT,0.0,5272.0,29987136.0,3.722741148085574e-05,10M-50M,2026-03-20,200.71499633789065,204.9600067138672,199.50999450683597,202.33990478515625,197.6100006103516,56.88,56.05,57.65,5.0,0.5003712072753908,True,ORCL,52.86,0.07604994324631106,-0.0207114082597721,805512250440.0,7.6049943246311065,-5272.0
CIFR260116C00015000,15.0,-41210.0,空头平仓 Call，回补信号，看涨,6.997389970134785,CALL,0.0,41210.0,29877250.0,0.0066232692629950305,10M-50M,2026-01-16,20.489999771118164,19.149999618530277,19.549999237060547,21.155000686645508,19.459999084472656,7.25,6.65,7.05,3029.0,1.3281283593749995,True,CIFR,5.55,0.30630630630630634,0.06997389970134785,4510952041.0,30.630630630630634,-41210.0
ORCL260116P00260000,260.0,-4906.0,空头平仓 Put，回补，看跌信号减弱,-2.07114082597721,PUT,0.0,4906.0,29828480.0,3.7030448616649345e-05,10M-50M,2026-01-16,200.71499633789065,204.9600067138672,199.50999450683597,202.33990478515625,197.6100006103516,60.8,59.75,60.8,51.0,0.5006153454589843,True,ORCL,57.5,0.057391304347826036,-0.0207114082597721,805512250440.0,5.739130434782604,-4906.0
AMD251219C00190000,190.0,-10108.0,空头平仓 Call，回补信号，看涨,1.1435758427108205,CALL,0.0,10108.0,29768059.999999996,0.00011503290346915041,10M-50M,2025-12-19,216.69000244140625,214.2400054931641,216.3950042724609,218.3000030517578,214.03219604492188,29.45,29.75,30.35,41.0,0.624027197265625,True,AMD,28.05,0.04991087344028515,0.011435758427108204,258778654648.0,4.991087344028515,-10108.0
ORCL260618P00250000,250.0,-4565.0,空头平仓 Put，回补，看跌信号减弱,-2.07114082597721,PUT,0.0,4565.0,29147525.0,3.618507972296953e-05,10M-50M,2026-06-18,200.71499633789065,204.9600067138672,199.50999450683597,202.33990478515625,197.6100006103516,63.85,60.55,62.8,18.0,0.4877675735473633,True,ORCL,59.4,0.07491582491582496,-0.0207114082597721,805512250440.0,7.491582491582497,-4565.0
AMZN270115C00220000,220.0,-6277.0,空头平仓 Call，回补信号，看涨,1.2654886760956519,CALL,0.0,6277.0,29062509.999999996,1.2399028846354075e-05,10M-50M,2027-01-15,232.05999755859372,229.16000366210935,231.34500122070312,232.8800048828125,230.22999572753903,46.3,46.1,46.3,34.0,0.4197598307800292,True,AMZN,44.5,0.040449438202247126,0.012654886760956519,2343934380679.0,4.044943820224713,-6277.0
GILD270617C00097500,97.5,-8051.0,多头平仓 Call，减仓，看涨减弱,-1.2548023271238633,CALL,0.0,8051.0,28983600.0,0.00020837351094133783,10M-50M,2027-06-17,125.91000366210938,127.51000213623048,127.4000015258789,127.79989624023438,124.9000015258789,36.0,33.55,37.5,1.0,0.3685976226806641,True,GILD,36.0,0.0,-0.012548023271238634,139094455284.0,0.0,-8051.0
INTC260116C00040000,40.0,-90236.0,空头平仓 Call，回补信号，看涨,8.951366601513174,CALL,0.0,90236.0,28875520.0,0.00018583388841157523,10M-50M,2026-01-16,40.10499954223633,36.810001373291016,37.369998931884766,40.18999862670898,37.35499954223633,3.2,3.15,3.25,11563.0,0.5336960693359375,True,INTC,1.6,1.0,0.08951366601513173,155383500000.0,100.0,-90236.0
AMD260618C00180000,180.0,-5107.0,空头平仓 Call，回补信号，看涨,1.1435758427108205,CALL,0.0,5107.0,28854550.0,0.00011150282096971635,10M-50M,2026-06-18,216.69000244140625,214.2400054931641,216.3950042724609,218.3000030517578,214.03219604492188,56.5,56.5,57.85,1.0,0.6155128781127931,True,AMD,55.4,0.01985559566787006,0.011435758427108204,258778654648.0,1.985559566787006,-5107.0
META260320C00550000,550.0,-2410.0,空头平仓 Call，回补信号，看涨,1.7029464989433647,CALL,0.0,2410.0,28136750.0,1.5059233226406152e-05,10M-50M,2026-03-20,644.4000244140625,633.6099853515625,636.0750122070312,646.25,635.5,116.75,116.0,117.5,18.0,0.4442346836853026,True,META,108.99,0.07119919258647588,0.017029464989433647,1868405222031.0,7.119919258647587,-2410.0
NVDA271217C00195000,195.0,-6178.0,多头平仓 Call，减仓，看涨减弱,-1.8575921366021577,CALL,0.0,6178.0,28079010.000000004,6.484734355546411e-06,10M-50M,2027-12-17,176.9114990234375,180.25999450683597,178.99000549316406,179.2899932861328,176.53140258789062,45.45,45.3,45.7,36.0,0.5205736419677733,False,NVDA,47.8,-0.04916317991631788,-0.018575921366021576,4330017000000.0,-4.916317991631788,-6178.0
AMD251219C00155000,155.0,-4501.0,空头平仓 Call，回补信号，看涨,1.1435758427108205,CALL,0.0,4501.0,28018725.0,0.00010827293710956212,10M-50M,2025-12-19,216.69000244140625,214.2400054931641,216.3950042724609,218.3000030517578,214.03219604492188,62.25,61.85,63.4,2.0,0.8627943408203125,True,AMD,60.8,0.023848684210526362,0.011435758427108204,258778654648.0,2.3848684210526363,-4501.0
NVDA260618C00145000,145.0,-6260.0,多头平仓 Call，减仓，看涨减弱,-1.8575921366021577,CALL,0.0,6260.0,27950900.0,6.455147866625004e-06,10M-50M,2026-06-18,176.9114990234375,180.25999450683597,178.99000549316406,179.2899932861328,176.53140258789062,44.65,44.65,44.95,4.0,0.5437057348632813,True,NVDA,47.7,-0.06394129979035648,-0.018575921366021576,4330017000000.0,-6.3941299790356485,-6260.0
NVDA251219C00180000,180.0,-47336.0,多头平仓 Call，减仓，看涨减弱,-1.8575921366021577,CALL,0.0,47336.0,27928240.000000004,6.449914630820157e-06,10M-50M,2025-12-19,176.9114990234375,180.25999450683597,178.99000549316406,179.2899932861328,176.53140258789062,5.9,5.9,5.95,5111.0,0.4242000939941406,False,NVDA,7.92,-0.25505050505050497,-0.018575921366021576,4330017000000.0,-25.505050505050498,-47336.0
MU251219C00165000,165.0,-3882.0,空头平仓 Call，回补信号，看涨,2.2192307531735946,CALL,0.0,3882.0,27876642.0,0.00015838568758375183,10M-50M,2025-12-19,235.3699951171875,230.25999450683597,235.6150054931641,238.1000061035156,233.47999572753903,71.81,72.75,74.4,4.0,1.200931729736328,True,MU,67.67,0.061179252253583574,0.02219230753173595,176004804634.0,6.117925225358357,-3882.0
BAC260116C00040000,40.0,-19757.0,空头平仓 Call，回补信号，看涨,1.2738237699185466,CALL,0.0,19757.0,27580772.000000004,7.132035061713675e-05,10M-50M,2026-01-16,53.665000915527344,52.9900016784668,53.11000061035156,53.93999862670898,53.04999923706055,13.96,13.85,14.2,12.0,0.5654340332031251,True,BAC,13.35,0.04569288389513118,0.012738237699185466,386716719160.0,4.569288389513118,-19757.0
ASTS270115C00045000,45.0,-10075.0,空头平仓 Call，回补信号，看涨,2.863833104247664,CALL,0.0,10075.0,27474525.0,0.0015610833969076669,10M-50M,2027-01-15,57.11000061035156,55.52000045776367,56.66999816894531,57.80989837646485,55.79999923706055,27.27,26.5,29.0,53.0,1.0284472406005862,True,ASTS,27.27,0.0,0.02863833104247664,17599652302.0,0.0,-10075.0
META270115C00750000,750.0,-3619.0,空头平仓 Call，回补信号，看涨,1.7029464989433647,CALL,0.0,3619.0,27428401.0,1.4680113648036526e-05,10M-50M,2027-01-15,644.4000244140625,633.6099853515625,636.0750122070312,646.25,635.5,75.79,74.9,75.8,17.0,0.4137784452819824,False,META,70.25,0.0788612099644129,0.017029464989433647,1868405222031.0,7.8861209964412895,-3619.0
MSFT271217C00400000,400.0,-1912.0,空头平仓 Call，回补信号，看涨,1.093717313819516,CALL,0.0,1912.0,27341600.0,7.191813178871726e-06,10M-50M,2027-12-17,490.80999755859375,485.5,487.5950012207031,492.6300048828125,486.6499938964844,143.0,145.2,148.5,9.0,0.3842606130218505,True,MSFT,143.0,0.0,0.01093717313819516,3801767276203.0,0.0,-1912.0
SOFI260618C00022000,22.0,-26174.0,空头平仓 Call，回补信号，看涨,3.532471288511421,CALL,0.0,26174.0,27220960.000000004,0.0008124531046975005,10M-50M,2026-06-18,29.496400833129883,28.489999771118164,28.790000915527344,29.56999969482422,28.45499992370605,10.4,10.2,10.4,28.0,0.773439765625,True,SOFI,10.0,0.040000000000000036,0.03532471288511421,33504653798.0,4.0000000000000036,-26174.0
GM260116C00055000,55.0,-14091.0,空头平仓 Call，回补信号，看涨,1.1605565843112569,CALL,0.0,14091.0,26899719.0,0.0004613601952183755,10M-50M,2026-01-16,73.65499877929688,72.80999755859375,72.94000244140625,73.86000061035156,72.94000244140625,19.09,18.9,19.5,6.0,0.5800823242187501,True,GM,18.6,0.02634408602150529,0.011605565843112568,58305244533.0,2.634408602150529,-14091.0
MU260220C00220000,220.0,-6814.0,空头平仓 Call，回补信号，看涨,2.2192307531735946,CALL,0.0,6814.0,26574600.0,0.00015098792362663952,10M-50M,2026-02-20,235.3699951171875,230.25999450683597,235.6150054931641,238.1000061035156,233.47999572753903,39.0,38.45,39.7,55.0,0.7058134887695313,True,MU,36.0,0.08333333333333333,0.02219230753173595,176004804634.0,8.333333333333332,-6814.0
NVDA260618P00190000,190.0,-9210.0,空头平仓 Put，回补，看跌信号减弱,-1.8575921366021577,PUT,0.0,9210.0,26543220.0,6.130049835832053e-06,10M-50M,2026-06-18,176.9114990234375,180.25999450683597,178.99000549316406,179.2899932861328,176.53140258789062,28.82,28.6,28.8,11.0,0.3978026528930664,True,NVDA,27.6,0.044202898550724595,-0.018575921366021576,4330017000000.0,4.420289855072459,-9210.0
NVDA260220C00180000,180.0,-19366.0,多头平仓 Call，减仓，看涨减弱,-1.8575921366021577,CALL,0.0,19366.0,26531420.0,6.127324673321144e-06,10M-50M,2026-02-20,176.9114990234375,180.25999450683597,178.99000549316406,179.2899932861328,176.53140258789062,13.7,13.6,13.7,6749.0,0.4434870104980468,False,NVDA,15.74,-0.12960609911054644,-0.018575921366021576,4330017000000.0,-12.960609911054643,-19366.0
AMZN260618C00230000,230.0,-9329.0,空头平仓 Call，回补信号，看涨,1.2654886760956519,CALL,0.0,9329.0,26494359.999999996,1.1303371040756273e-05,10M-50M,2026-06-18,232.05999755859372,229.16000366210935,231.34500122070312,232.8800048828125,230.22999572753903,28.4,28.15,28.35,99.0,0.3985961019897461,True,AMZN,26.95,0.053803339517625205,0.012654886760956519,2343934380679.0,5.380333951762521,-9329.0
NVDA251219P00190000,190.0,-17762.0,空头平仓 Put，回补，看跌信号减弱,-1.8575921366021577,PUT,0.0,17762.0,26447618.0,6.107970938682227e-06,10M-50M,2025-12-19,176.9114990234375,180.25999450683597,178.99000549316406,179.2899932861328,176.53140258789062,14.89,14.8,14.95,421.0,0.3529117443847656,True,NVDA,13.15,0.132319391634981,-0.018575921366021576,4330017000000.0,13.2319391634981,-17762.0
C260717C00080000,80.0,-10861.0,空头平仓 Call，回补信号，看涨,1.2975627620045593,CALL,0.0,10861.0,26240176.0,0.00013782643039285655,10M-50M,2026-07-17,103.83000183105467,102.5,102.8000030517578,104.37000274658205,102.51000213623048,24.16,25.55,28.0,1.0,0.4386042468261719,True,C,24.16,0.0,0.012975627620045593,190385660611.0,0.0,-10861.0
ORCL251219P00220000,220.0,-10350.0,空头平仓 Put，回补，看跌信号减弱,-2.07114082597721,PUT,0.0,10350.0,25823250.0,3.205817166144202e-05,10M-50M,2025-12-19,200.71499633789065,204.9600067138672,199.50999450683597,202.33990478515625,197.6100006103516,24.95,24.65,24.95,54.0,0.6307409973144531,True,ORCL,22.54,0.10692102928127774,-0.0207114082597721,805512250440.0,10.692102928127774,-10350.0
NVDA270617C00175000,175.0,-5577.0,多头平仓 Call，减仓，看涨减弱,-1.8575921366021577,CALL,0.0,5577.0,25570545.0,5.905414459111823e-06,10M-50M,2027-06-17,176.9114990234375,180.25999450683597,178.99000549316406,179.2899932861328,176.53140258789062,45.85,45.75,46.1,13.0,0.5230150238037108,True,NVDA,48.1,-0.04677754677754677,-0.018575921366021576,4330017000000.0,-4.6777546777546775,-5577.0
C260116C00095000,95.0,-22689.0,空头平仓 Call，回补信号，看涨,1.2975627620045593,CALL,0.0,22689.0,25525125.0,0.00013407062757816342,10M-50M,2026-01-16,103.83000183105467,102.5,102.8000030517578,104.37000274658205,102.51000213623048,11.25,11.0,11.7,51.0,0.4317683776855469,True,C,10.5,0.07142857142857142,0.012975627620045593,190385660611.0,7.142857142857142,-22689.0
AMD260320C00155000,155.0,-3786.0,空头平仓 Call，回补信号，看涨,1.1435758427108205,CALL,0.0,3786.0,25513854.0,9.859334818285093e-05,10M-50M,2026-03-20,216.69000244140625,214.2400054931641,216.3950042724609,218.3000030517578,214.03219604492188,67.39,67.7,69.05,11.0,0.6655306884765627,True,AMD,67.39,0.0,0.011435758427108204,258778654648.0,0.0,-3786.0
BAC270115C00047000,47.0,-24205.0,空头平仓 Call，回补信号，看涨,1.2738237699185466,CALL,0.0,24205.0,25415250.0,6.572058755361106e-05,10M-50M,2027-01-15,53.665000915527344,52.9900016784668,53.11000061035156,53.93999862670898,53.04999923706055,10.5,10.35,10.9,11.0,0.3326482751464844,True,BAC,10.15,0.03448275862068962,0.012738237699185466,386716719160.0,3.448275862068962,-24205.0
MSFT251219C00480000,480.0,-13805.0,空头平仓 Call，回补信号，看涨,1.093717313819516,CALL,0.0,13805.0,25332175.000000004,6.663262940518656e-06,10M-50M,2025-12-19,490.80999755859375,485.5,487.5950012207031,492.6300048828125,486.6499938964844,18.35,18.4,18.6,273.0,0.2627332028198242,True,MSFT,15.05,0.21926910299003327,0.01093717313819516,3801767276203.0,21.926910299003328,-13805.0
APP260116C00500000,500.0,-2331.0,空头平仓 Call，回补信号，看涨,1.7650929740818393,CALL,0.0,2331.0,25291350.0,0.00011162212130426151,10M-50M,2026-01-16,596.719970703125,586.3699951171875,589.7899780273438,597.1900024414062,583.4000244140625,108.5,110.4,118.0,90.0,0.647739118347168,True,APP,108.5,0.0,0.017650929740818392,226580087392.0,0.0,-2331.0
NVDA260918C00130000,130.0,-4158.0,多头平仓 Call，减仓，看涨减弱,-1.8575921366021577,CALL,0.0,4158.0,25155900.0,5.809653865100298e-06,10M-50M,2026-09-18,176.9114990234375,180.25999450683597,178.99000549316406,179.2899932861328,176.53140258789062,60.5,59.55,59.9,2.0,0.5693707614135742,True,NVDA,63.0,-0.03968253968253968,-0.018575921366021576,4330017000000.0,-3.968253968253968,-4158.0
NVDA260918P00180000,180.0,-9115.0,空头平仓 Put，回补，看跌信号减弱,-1.8575921366021577,PUT,0.0,9115.0,24838375.0,5.73632274422941e-06,10M-50M,2026-09-18,176.9114990234375,180.25999450683597,178.99000549316406,179.2899932861328,176.53140258789062,27.25,27.05,27.15,36.0,0.4017698983764648,True,NVDA,26.2,0.04007633587786262,-0.018575921366021576,4330017000000.0,4.007633587786262,-9115.0
C260717C00075000,75.0,-8479.0,空头平仓 Call，回补信号，看涨,1.2975627620045593,CALL,0.0,8479.0,24690848.0,0.000129688590625787,10M-50M,2026-07-17,103.83000183105467,102.5,102.8000030517578,104.37000274658205,102.51000213623048,29.12,29.75,32.15,20.0,0.4616142706298829,True,C,29.12,0.0,0.012975627620045593,190385660611.0,0.0,-8479.0
GS270617C00580000,580.0,-846.0,空头平仓 Call，回补信号，看涨,1.3271916962090153,CALL,0.0,846.0,24610140.0,0.00010130268354384989,10M-50M,2027-06-17,826.8400268554688,816.010009765625,820.0,830.5700073242188,818.9500122070312,290.9,283.0,290.0,1.0,0.3828415598297119,True,GS,290.9,0.0,0.013271916962090154,242936703541.0,0.0,-846.0
META260618C00650000,650.0,-3246.0,空头平仓 Call，回补信号，看涨,1.7029464989433647,CALL,0.0,3246.0,24491070.0,1.3108007680142125e-05,10M-50M,2026-06-18,644.4000244140625,633.6099853515625,636.0750122070312,646.25,635.5,75.45,75.85,76.35,78.0,0.4125348664093017,False,META,70.0,0.0778571428571429,0.017029464989433647,1868405222031.0,7.78571428571429,-3246.0
NVDA270115C00220000,220.0,-10971.0,多头平仓 Call，减仓，看涨减弱,-1.8575921366021577,CALL,0.0,10971.0,24465330.0,5.6501695027987184e-06,10M-50M,2027-01-15,176.9114990234375,180.25999450683597,178.99000549316406,179.2899932861328,176.53140258789062,22.3,22.3,22.55,70.0,0.4876149871826172,False,NVDA,24.02,-0.07160699417152368,-0.018575921366021576,4330017000000.0,-7.160699417152368,-10971.0
NVDA270617C00190000,190.0,-6171.0,多头平仓 Call，减仓，看涨减弱,-1.8575921366021577,CALL,0.0,6171.0,24400134.0,5.635112748979969e-06,10M-50M,2027-06-17,176.9114990234375,180.25999450683597,178.99000549316406,179.2899932861328,176.53140258789062,39.54,39.55,39.95,50.0,0.5130358755493164,False,NVDA,41.9,-0.056324582338902134,-0.018575921366021576,4330017000000.0,-5.632458233890214,-6171.0
NVDA260618C00134000,134.0,-4284.0,多头平仓 Call，减仓，看涨减弱,-1.8575921366021577,CALL,0.0,4284.0,24354540.0,5.624582998172986e-06,10M-50M,2026-06-18,176.9114990234375,180.25999450683597,178.99000549316406,179.2899932861328,176.53140258789062,56.85,52.75,53.05,5.0,0.5704388659667969,True,NVDA,56.85,0.0,-0.018575921366021576,4330017000000.0,0.0,-4284.0
WMT260116C00090000,90.0,-11695.0,空头平仓 Call，回补信号，看涨,1.3290601264129722,CALL,0.0,11695.0,24173565.000000004,2.9391091497210115e-05,10M-50M,2026-01-16,110.5500030517578,109.0999984741211,109.3000030517578,110.56999969482422,109.0,20.67,20.35,21.0,6.0,0.3784241845703124,True,WMT,19.85,0.041309823677581875,0.013290601264129722,822479321746.0,4.130982367758188,-11695.0
AMD270115C00180000,180.0,-3403.0,空头平仓 Call，回补信号，看涨,1.1435758427108205,CALL,0.0,3403.0,24161300.0,9.336666516357412e-05,10M-50M,2027-01-15,216.69000244140625,214.2400054931641,216.3950042724609,218.3000030517578,214.03219604492188,71.0,70.75,71.15,6.0,0.6117287362670901,True,AMD,69.35,0.023792357606344714,0.011435758427108204,258778654648.0,2.3792357606344714,-3403.0
NVDA260618P00140000,140.0,-31726.0,空头平仓 Put，回补，看跌信号减弱,-1.8575921366021577,PUT,0.0,31726.0,24111759.999999996,5.568513934240904e-06,10M-50M,2026-06-18,176.9114990234375,180.25999450683597,178.99000549316406,179.2899932861328,176.53140258789062,7.6,7.5,7.65,82.0,0.4534966760253906,False,NVDA,7.3,0.04109589041095888,-0.018575921366021576,4330017000000.0,4.109589041095888,-31726.0
AMZN271217C00225000,225.0,-4086.0,空头平仓 Call，回补信号，看涨,1.2654886760956519,CALL,0.0,4086.0,24025680.0,1.0250150429996315e-05,10M-50M,2027-12-17,232.05999755859372,229.16000366210935,231.34500122070312,232.8800048828125,230.22999572753903,58.8,60.1,60.7,18.0,0.4442041664123534,True,AMZN,58.8,0.0,0.012654886760956519,2343934380679.0,0.0,-4086.0
AMZN261218C00250000,250.0,-7847.0,空头平仓 Call，回补信号，看涨,1.2654886760956519,CALL,0.0,7847.0,23933350.0,1.0210759395519807e-05,10M-50M,2026-12-18,232.05999755859372,229.16000366210935,231.34500122070312,232.8800048828125,230.22999572753903,30.5,30.45,30.65,23.0,0.3968108415222168,False,AMZN,29.35,0.03918228279386707,0.012654886760956519,2343934380679.0,3.9182282793867067,-7847.0
NVDA270115C00145000,145.0,-4341.0,多头平仓 Call，减仓，看涨减弱,-1.8575921366021577,CALL,0.0,4341.0,23701860.0,5.473849178883131e-06,10M-50M,2027-01-15,176.9114990234375,180.25999450683597,178.99000549316406,179.2899932861328,176.53140258789062,54.6,54.6,55.05,7.0,0.545750392150879,True,NVDA,57.3,-0.047120418848167464,-0.018575921366021576,4330017000000.0,-4.712041884816746,-4341.0
NVDA260618P00165000,165.0,-14668.0,空头平仓 Put，回补，看跌信号减弱,-1.8575921366021577,PUT,0.0,14668.0,23468800.0,5.420024909832917e-06,10M-50M,2026-06-18,176.9114990234375,180.25999450683597,178.99000549316406,179.2899932861328,176.53140258789062,16.0,15.9,16.05,30.0,0.4242306112670898,False,NVDA,15.3,0.04575163398692805,-0.018575921366021576,4330017000000.0,4.575163398692805,-14668.0
C270617C00080000,80.0,-7451.0,空头平仓 Call，回补信号，看涨,1.2975627620045593,CALL,0.0,7451.0,23247120.0,0.0001221054144802376,10M-50M,2027-06-17,103.83000183105467,102.5,102.8000030517578,104.37000274658205,102.51000213623048,31.2,30.45,31.85,7.0,0.386602813720703,True,C,28.9,0.07958477508650522,0.012975627620045593,190385660611.0,7.958477508650522,-7451.0
MSFT251219C00350000,350.0,-1904.0,空头平仓 Call，回补信号，看涨,1.093717313819516,CALL,0.0,1904.0,23228800.0,6.110000510920193e-06,10M-50M,2025-12-19,490.80999755859375,485.5,487.5950012207031,492.6300048828125,486.6499938964844,122.0,142.4,144.1,1.0,0.8994150683593749,True,MSFT,122.0,0.0,0.01093717313819516,3801767276203.0,0.0,-1904.0
AMZN271217C00220000,220.0,-3743.0,空头平仓 Call，回补信号，看涨,1.2654886760956519,CALL,0.0,3743.0,23169170.0,9.884734910235954e-06,10M-50M,2027-12-17,232.05999755859372,229.16000366210935,231.34500122070312,232.8800048828125,230.22999572753903,61.9,62.55,63.3,5.0,0.449102188720703,True,AMZN,61.2,0.011437908496731956,0.012654886760956519,2343934380679.0,1.1437908496731957,-3743.0
AMZN260116C00205000,205.0,-7633.0,空头平仓 Call，回补信号，看涨,1.2654886760956519,CALL,0.0,7633.0,23127990.0,9.867166159020285e-06,10M-50M,2026-01-16,232.05999755859372,229.16000366210935,231.34500122070312,232.8800048828125,230.22999572753903,30.3,30.7,30.85,17.0,0.4067442138671875,True,AMZN,28.43,0.06577558916637359,0.012654886760956519,2343934380679.0,6.577558916637359,-7633.0
AMZN260320C00230000,230.0,-11199.0,空头平仓 Call，回补信号，看涨,1.2654886760956519,CALL,0.0,11199.0,23125934.999999996,9.866289427991915e-06,10M-50M,2026-03-20,232.05999755859372,229.16000366210935,231.34500122070312,232.8800048828125,230.22999572753903,20.65,20.45,20.55,259.0,0.3808350491333008,True,AMZN,19.15,0.0783289817232376,0.012654886760956519,2343934380679.0,7.83289817232376,-11199.0
MU251219C00190000,190.0,-4656.0,空头平仓 Call，回补信号，看涨,2.2192307531735946,CALL,0.0,4656.0,23107728.0,0.00013129032498886755,10M-50M,2025-12-19,235.3699951171875,230.25999450683597,235.6150054931641,238.1000061035156,233.47999572753903,49.63,48.9,51.2,17.0,0.943115803222656,True,MU,46.3,0.0719222462203025,0.02219230753173595,176004804634.0,7.192224622030249,-4656.0
ORCL251219P00240000,240.0,-5617.0,空头平仓 Put，回补，看跌信号减弱,-2.07114082597721,PUT,0.0,5617.0,23080253.000000004,2.8652888875858476e-05,10M-50M,2025-12-19,200.71499633789065,204.9600067138672,199.50999450683597,202.33990478515625,197.6100006103516,41.09,40.65,41.65,90.0,0.6137733935546876,True,ORCL,38.02,0.08074697527617043,-0.0207114082597721,805512250440.0,8.074697527617044,-5617.0
NFLX260116C00100000,100.0,-22498.0,空头平仓 Call，回补信号，看涨,1.3143058983256304,CALL,0.0,22498.0,23060450.0,4.4828051488088375e-05,10M-50M,2026-01-16,107.53500366210938,106.13999938964844,106.5,107.94000244140624,106.25,10.25,10.0,10.35,153.0,0.3802552209472656,True,NFLX,9.05,0.13259668508287284,0.013143058983256304,514420083731.0,13.259668508287284,-22498.0
CMG260220P00037500,37.5,-52637.0,多头平仓 Put，减仓，看跌减弱,1.013814966437837,PUT,0.0,52637.0,23055006.0,0.00042898883990707807,10M-50M,2026-02-20,34.375,34.029998779296875,34.0099983215332,34.79999923706055,34.0,4.38,4.35,4.4,11.0,0.3676821044921875,True,CMG,4.72,-0.07203389830508472,0.01013814966437837,53742670800.0,-7.203389830508472,-52637.0
META260320C00700000,700.0,-6898.0,空头平仓 Call，回补信号，看涨,1.7029464989433647,CALL,0.0,6898.0,22859972.0,1.2235018255381816e-05,10M-50M,2026-03-20,644.4000244140625,633.6099853515625,636.0750122070312,646.25,635.5,33.14,33.05,33.4,270.0,0.382544016418457,False,META,29.3,0.1310580204778157,0.017029464989433647,1868405222031.0,13.10580204778157,-6898.0
COIN260320P00300000,300.0,-4360.0,多头平仓 Put，减仓，看跌减弱,2.773901222649555,PUT,0.0,4360.0,22658920.0,0.0002821210691233033,10M-50M,2026-03-20,272.32000732421875,264.9700012207031,273.69000244140625,279.8599853515625,270.20001220703125,51.97,51.35,52.4,27.0,0.5754131814575195,True,COIN,57.2,-0.0914335664335665,0.027739012226495552,80316298497.0,-9.14335664335665,-4360.0
MU251219C00175000,175.0,-3586.0,空头平仓 Call，回补信号，看涨,2.2192307531735946,CALL,0.0,3586.0,22645590.0,0.00012866461257743077,10M-50M,2025-12-19,235.3699951171875,230.25999450683597,235.6150054931641,238.1000061035156,233.47999572753903,63.15,62.9,64.85,1.0,1.076176494140625,True,MU,58.65,0.07672634271099744,0.02219230753173595,176004804634.0,7.672634271099745,-3586.0
MSFT261218C00500000,500.0,-3800.0,空头平仓 Call，回补信号，看涨,1.093717313819516,CALL,0.0,3800.0,22629000.0,5.952231779584526e-06,10M-50M,2026-12-18,490.80999755859375,485.5,487.5950012207031,492.6300048828125,486.6499938964844,59.55,59.15,59.7,118.0,0.3172065350341796,False,MSFT,56.52,0.053609341825902226,0.01093717313819516,3801767276203.0,5.360934182590222,-3800.0
NVDA261218C00190000,190.0,-7323.0,多头平仓 Call，减仓，看涨减弱,-1.8575921366021577,CALL,0.0,7323.0,22591455.0,5.2174056129571776e-06,10M-50M,2026-12-18,176.9114990234375,180.25999450683597,178.99000549316406,179.2899932861328,176.53140258789062,30.85,30.85,31.1,26.0,0.5009968113708496,False,NVDA,32.83,-0.060310691440755314,-0.018575921366021576,4330017000000.0,-6.0310691440755315,-7323.0
NVDA280121C00195000,195.0,-4812.0,多头平仓 Call，减仓，看涨减弱,-1.8575921366021577,CALL,0.0,4812.0,22520159.999999996,5.200940319633848e-06,10M-50M,2028-01-21,176.9114990234375,180.25999450683597,178.99000549316406,179.2899932861328,176.53140258789062,46.8,46.65,47.1,15.0,0.5225267474365234,False,NVDA,49.0,-0.04489795918367353,-0.018575921366021576,4330017000000.0,-4.489795918367353,-4812.0
NVDA260821P00170000,170.0,-10800.0,空头平仓 Put，回补，看跌信号减弱,-1.8575921366021577,PUT,0.0,10800.0,22377600.0,5.168016661366457e-06,10M-50M,2026-08-21,176.9114990234375,180.25999450683597,178.99000549316406,179.2899932861328,176.53140258789062,20.72,20.65,20.8,111.0,0.4092771475219726,False,NVDA,20.05,0.03341645885286774,-0.018575921366021576,4330017000000.0,3.341645885286774,-10800.0
RKT260116P00024200,24.2,-46900.0,多头平仓 Put，减仓，看跌减弱,1.0891598534993725,PUT,0.0,46900.0,22043000.0,0.0005368592849615266,10M-50M,2026-01-16,19.95499992370605,19.739999771118164,19.770000457763672,19.989999771118164,19.68000030517578,4.7,4.5,5.15,12.0,0.6279334082031252,True,RKT,4.7,0.0,0.010891598534993725,41059176245.0,0.0,-46900.0
NFLX260116P00110000,110.0,-39696.0,多头平仓 Put，减仓，看跌减弱,1.3143058983256304,PUT,0.0,39696.0,21832800.0,4.244157778920775e-05,10M-50M,2026-01-16,107.53500366210938,106.13999938964844,106.5,107.94000244140624,106.25,5.5,5.45,5.7,130.0,0.2716137292480468,True,NFLX,6.64,-0.17168674698795178,0.013143058983256304,514420083731.0,-17.16867469879518,-39696.0
WULF270115C00015000,15.0,-31591.0,空头平仓 Call，回补信号，看涨,3.2008047365995265,CALL,0.0,31591.0,21829381.0,0.005142904688728565,10M-50M,2027-01-15,15.3149995803833,14.84000015258789,15.130000114440918,16.1299991607666,15.130000114440918,6.91,6.7,7.0,114.0,1.0986373193359378,True,WULF,6.0,0.1516666666666667,0.03200804736599527,4244562620.0,15.16666666666667,-31591.0
AMZN260515C00260000,260.0,-16281.0,空头平仓 Call，回补信号，看涨,1.2654886760956519,CALL,0.0,16281.0,21816540.0,9.307658175004072e-06,10M-50M,2026-05-15,232.05999755859372,229.16000366210935,231.34500122070312,232.8800048828125,230.22999572753903,13.4,13.35,13.5,195.0,0.3760438372802734,False,AMZN,12.62,0.061806656101426403,0.012654886760956519,2343934380679.0,6.180665610142641,-16281.0
MSFT260116C00375000,375.0,-1868.0,空头平仓 Call，回补信号，看涨,1.093717313819516,CALL,0.0,1868.0,21762200.0,5.724232552639285e-06,10M-50M,2026-01-16,490.80999755859375,485.5,487.5950012207031,492.6300048828125,486.6499938964844,116.5,118.45,121.45,1.0,0.5639692041015626,True,MSFT,98.0,0.18877551020408162,0.01093717313819516,3801767276203.0,18.877551020408163,-1868.0
ADBE260116P00400000,400.0,-2594.0,多头平仓 Put，减仓，看跌减弱,1.1070215325203194,PUT,0.0,2594.0,21732532.0,0.00014406632372225705,10M-50M,2026-01-16,321.0350036621094,317.5199890136719,317.7431945800781,322.3099975585937,317.5199890136719,83.78,77.4,80.05,3.0,0.3676821044921875,True,ADBE,83.78,0.0,0.011070215325203194,150850882000.0,0.0,-2594.0
NVDA260918P00140000,140.0,-20743.0,空头平仓 Put，回补，看跌信号减弱,-1.8575921366021577,PUT,0.0,20743.0,21697178.000000004,5.010875938824259e-06,10M-50M,2026-09-18,176.9114990234375,180.25999450683597,178.99000549316406,179.2899932861328,176.53140258789062,10.46,10.4,10.5,222.0,0.4392451095581055,False,NVDA,10.22,0.023483365949119393,-0.018575921366021576,4330017000000.0,2.3483365949119395,-20743.0
MU260618C00180000,180.0,-2808.0,空头平仓 Call，回补信号，看涨,2.2192307531735946,CALL,0.0,2808.0,21677760.0,0.0001231657286008678,10M-50M,2026-06-18,235.3699951171875,230.25999450683597,235.6150054931641,238.1000061035156,233.47999572753903,77.2,76.05,78.0,30.0,0.723208334350586,True,MU,74.5,0.03624161073825507,0.02219230753173595,176004804634.0,3.624161073825507,-2808.0
TGT270115C00080000,80.0,-10908.0,空头平仓 Call，回补信号，看涨,1.236191263646888,CALL,0.0,10908.0,21674196.000000004,0.0005429548566069001,10M-50M,2027-01-15,90.91010284423828,89.80000305175781,90.2750015258789,91.6999969482422,89.87210083007812,19.87,19.1,20.35,13.0,0.3953307537841797,True,TGT,18.6,0.0682795698924731,0.012361912636468879,39918965152.0,6.827956989247309,-10908.0
NVDA271217C00220000,220.0,-5809.0,多头平仓 Call，减仓，看涨减弱,-1.8575921366021577,CALL,0.0,5809.0,21609480.0,4.990622438664791e-06,10M-50M,2027-12-17,176.9114990234375,180.25999450683597,178.99000549316406,179.2899932861328,176.53140258789062,37.2,37.1,37.4,8.0,0.5079700082397461,False,NVDA,39.25,-0.05222929936305725,-0.018575921366021576,4330017000000.0,-5.222929936305725,-5809.0
NFLX271217C00118000,118.0,-10254.0,空头平仓 Call，回补信号，看涨,1.3143058983256304,CALL,0.0,10254.0,21584670.0,4.195922881441587e-05,10M-50M,2027-12-17,107.53500366210938,106.13999938964844,106.5,107.94000244140624,106.25,21.05,20.75,21.8,54.0,0.4205380212402344,False,NFLX,21.05,0.0,0.013143058983256304,514420083731.0,0.0,-10254.0
NVDA260618C00185000,185.0,-9655.0,多头平仓 Call，减仓，看涨减弱,-1.8575921366021577,CALL,0.0,9655.0,21501685.0,4.965727617235683e-06,10M-50M,2026-06-18,176.9114990234375,180.25999450683597,178.99000549316406,179.2899932861328,176.53140258789062,22.27,22.2,22.35,209.0,0.4895070581054688,False,NVDA,24.19,-0.07937164117403893,-0.018575921366021576,4330017000000.0,-7.937164117403893,-9655.0
CIFR270115P00022000,22.0,-17938.0,多头平仓 Put，减仓，看跌减弱,6.997389970134785,PUT,0.0,17938.0,21453848.0,0.0047559468167708676,10M-50M,2027-01-15,20.489999771118164,19.149999618530277,19.549999237060547,21.155000686645508,19.459999084472656,11.96,9.0,10.45,6.0,1.0434618139648442,True,CIFR,11.96,0.0,0.06997389970134785,4510952041.0,0.0,-17938.0
NVDA260220P00160000,160.0,-32602.0,空头平仓 Put，回补，看跌信号减弱,-1.8575921366021577,PUT,0.0,32602.0,21386912.0,4.939221254789531e-06,10M-50M,2026-02-20,176.9114990234375,180.25999450683597,178.99000549316406,179.2899932861328,176.53140258789062,6.56,6.5,6.55,978.0,0.4119931848144531,False,NVDA,6.1,0.07540983606557376,-0.018575921366021576,4330017000000.0,7.5409836065573765,-32602.0
META270115P00550000,550.0,-4223.0,多头平仓 Put，减仓，看跌减弱,1.7029464989433647,PUT,0.0,4223.0,21326150.0,1.1414092483009643e-05,10M-50M,2027-01-15,644.4000244140625,633.6099853515625,636.0750122070312,646.25,635.5,50.5,47.65,48.5,5.0,0.3485630329895019,False,META,50.5,0.0,0.017029464989433647,1868405222031.0,0.0,-4223.0
NVDA280121C00220000,220.0,-5509.0,多头平仓 Call，减仓，看涨减弱,-1.8575921366021577,CALL,0.0,5509.0,21319830.0,4.923728936860987e-06,10M-50M,2028-01-21,176.9114990234375,180.25999450683597,178.99000549316406,179.2899932861328,176.53140258789062,38.7,38.65,38.85,28.0,0.5110522528076171,False,NVDA,40.66,-0.04820462370880457,-0.018575921366021576,4330017000000.0,-4.820462370880457,-5509.0
NVDA251219P00205000,205.0,-7495.0,空头平仓 Put，回补，看跌信号减弱,-1.8575921366021577,PUT,0.0,7495.0,21270810.0,4.912407965141938e-06,10M-50M,2025-12-19,176.9114990234375,180.25999450683597,178.99000549316406,179.2899932861328,176.53140258789062,28.38,27.9,28.3,33.0,0.3188544677734374,True,NVDA,25.51,0.1125049000392002,-0.018575921366021576,4330017000000.0,11.25049000392002,-7495.0
META271217C00700000,700.0,-1521.0,空头平仓 Call，回补信号，看涨,1.7029464989433647,CALL,0.0,1521.0,21248370.0,1.137246339790387e-05,10M-50M,2027-12-17,644.4000244140625,633.6099853515625,636.0750122070312,646.25,635.5,139.7,138.95,140.75,132.0,0.4420526986694336,False,META,133.64,0.04534570487877883,0.017029464989433647,1868405222031.0,4.5345704878778825,-1521.0
ORCL260116P00230000,230.0,-6050.0,空头平仓 Put，回补，看跌信号减弱,-2.07114082597721,PUT,0.0,6050.0,21235500.0,2.636272755429902e-05,10M-50M,2026-01-16,200.71499633789065,204.9600067138672,199.50999450683597,202.33990478515625,197.6100006103516,35.1,34.9,35.2,19.0,0.5192919165039063,True,ORCL,32.17,0.09107864470003108,-0.0207114082597721,805512250440.0,9.107864470003108,-6050.0
OXY280121C00040000,40.0,-21844.0,空头平仓 Call，回补信号，看涨,1.6537938280369024,CALL,0.0,21844.0,21232368.000000004,0.00045434950908430184,10M-50M,2028-01-21,42.10499954223633,41.41999816894531,41.41999816894531,42.32500076293945,41.400001525878906,9.72,9.4,10.75,1.0,0.40820904296875,True,OXY,9.5,0.023157894736842172,0.016537938280369025,46731354553.0,2.3157894736842173,-21844.0
MSFT260116C00395000,395.0,-2669.0,空头平仓 Call，回补信号，看涨,1.093717313819516,CALL,0.0,2669.0,21218550.0,5.581233268226756e-06,10M-50M,2026-01-16,490.80999755859375,485.5,487.5950012207031,492.6300048828125,486.6499938964844,79.5,99.0,101.5,150.0,0.5264939929199219,True,MSFT,79.5,0.0,0.01093717313819516,3801767276203.0,0.0,-2669.0
MSFT251219C00450000,450.0,-4726.0,空头平仓 Call，回补信号，看涨,1.093717313819516,CALL,0.0,4726.0,21106315.999999996,5.55171173472771e-06,10M-50M,2025-12-19,490.80999755859375,485.5,487.5950012207031,492.6300048828125,486.6499938964844,44.66,43.95,44.65,32.0,0.3704896936035156,True,MSFT,39.2,0.13928571428571412,0.01093717313819516,3801767276203.0,13.928571428571413,-4726.0
NVDA280121C00150000,150.0,-3205.0,多头平仓 Call，减仓，看涨减弱,-1.8575921366021577,CALL,0.0,3205.0,21050440.000000004,4.86151440052083e-06,10M-50M,2028-01-21,176.9114990234375,180.25999450683597,178.99000549316406,179.2899932861328,176.53140258789062,65.68,65.75,66.2,72.0,0.5535017794799805,True,NVDA,68.54,-0.041727458418441776,-0.018575921366021576,4330017000000.0,-4.172745841844177,-3205.0
AMD260918P00200000,200.0,-7110.0,多头平仓 Put，减仓，看跌减弱,1.1435758427108205,PUT,0.0,7110.0,21002940.0,8.116179454046916e-05,10M-50M,2026-09-18,216.69000244140625,214.2400054931641,216.3950042724609,218.3000030517578,214.03219604492188,29.54,29.35,29.7,492.0,0.503361900024414,False,AMD,30.46,-0.030203545633617913,0.011435758427108204,258778654648.0,-3.020354563361791,-7110.0
AMD260116C00190000,190.0,-6278.0,空头平仓 Call，回补信号，看涨,1.1435758427108205,CALL,0.0,6278.0,20899462.0,8.076192384734435e-05,10M-50M,2026-01-16,216.69000244140625,214.2400054931641,216.3950042724609,218.3000030517578,214.03219604492188,33.29,33.5,34.3,73.0,0.5813640496826171,True,AMD,32.3,0.030650154798761674,0.011435758427108204,258778654648.0,3.0650154798761675,-6278.0
NVDA251219C00175000,175.0,-24534.0,多头平仓 Call，减仓，看涨减弱,-1.8575921366021577,CALL,0.0,24534.0,20878434.0,4.821790307058841e-06,10M-50M,2025-12-19,176.9114990234375,180.25999450683597,178.99000549316406,179.2899932861328,176.53140258789062,8.51,8.45,8.55,1986.0,0.4399470068359374,True,NVDA,10.84,-0.21494464944649447,-0.018575921366021576,4330017000000.0,-21.494464944649447,-24534.0
NVDA280121C00130000,130.0,-2718.0,多头平仓 Call，减仓，看涨减弱,-1.8575921366021577,CALL,0.0,2718.0,20757366.0,4.7938301396969115e-06,10M-50M,2028-01-21,176.9114990234375,180.25999450683597,178.99000549316406,179.2899932861328,176.53140258789062,76.37,76.45,76.95,73.0,0.5752300778198242,True,NVDA,80.1,-0.04656679151061161,-0.018575921366021576,4330017000000.0,-4.656679151061161,-2718.0
MSFT251219C00400000,400.0,-2203.0,空头平仓 Call，回补信号，看涨,1.093717313819516,CALL,0.0,2203.0,20690576.0,5.442357329316757e-06,10M-50M,2025-12-19,490.80999755859375,485.5,487.5950012207031,492.6300048828125,486.6499938964844,93.92,91.7,94.8,13.0,0.6021768298339845,True,MSFT,88.5,0.06124293785310737,0.01093717313819516,3801767276203.0,6.124293785310737,-2203.0
BAC260618C00040000,40.0,-13913.0,空头平仓 Call，回补信号，看涨,1.2738237699185466,CALL,0.0,13913.0,20632979.0,5.335424608694852e-05,10M-50M,2026-06-18,53.665000915527344,52.9900016784668,53.11000061035156,53.93999862670898,53.04999923706055,14.83,14.6,15.1,2.0,0.4292049267578125,True,BAC,13.82,0.07308248914616496,0.012738237699185466,386716719160.0,7.308248914616495,-13913.0
AMZN251219C00210000,210.0,-8534.0,空头平仓 Call，回补信号，看涨,1.2654886760956519,CALL,0.0,8534.0,20609609.999999996,8.792741883000037e-06,10M-50M,2025-12-19,232.05999755859372,229.16000366210935,231.34500122070312,232.8800048828125,230.22999572753903,24.15,23.7,23.85,126.0,0.4025938647460937,True,AMZN,21.3,0.13380281690140836,0.012654886760956519,2343934380679.0,13.380281690140835,-8534.0
AMZN251219C00175000,175.0,-3532.0,空头平仓 Call，回补信号，看涨,1.2654886760956519,CALL,0.0,3532.0,20591559.999999996,8.785041155475928e-06,10M-50M,2025-12-19,232.05999755859372,229.16000366210935,231.34500122070312,232.8800048828125,230.22999572753903,58.3,57.95,58.15,25.0,0.7456080126953125,True,AMZN,54.9,0.061930783242258626,0.012654886760956519,2343934380679.0,6.193078324225863,-3532.0
META251219P00700000,700.0,-3565.0,多头平仓 Put，减仓，看跌减弱,1.7029464989433647,PUT,0.0,3565.0,20363280.0,1.0898749243413396e-05,10M-50M,2025-12-19,644.4000244140625,633.6099853515625,636.0750122070312,646.25,635.5,57.12,56.5,57.8,36.0,0.2681957946777343,True,META,67.43,-0.15289930298086918,0.017029464989433647,1868405222031.0,-15.289930298086919,-3565.0
ORCL260116C00200000,200.0,-11108.0,多头平仓 Call，减仓，看涨减弱,-2.07114082597721,CALL,0.0,11108.0,20327640.0,2.5235668345076448e-05,10M-50M,2026-01-16,200.71499633789065,204.9600067138672,199.50999450683597,202.33990478515625,197.6100006103516,18.3,18.3,18.45,682.0,0.6093789062500001,True,ORCL,20.94,-0.12607449856733527,-0.0207114082597721,805512250440.0,-12.607449856733528,-11108.0
IREN270115C00050000,50.0,-9191.0,多头平仓 Call，减仓，看涨减弱,-1.0319917278153312,CALL,0.0,9191.0,20247773.0,0.0017784443538301897,10M-50M,2027-01-15,47.95000076293945,48.45000076293945,49.584999084472656,51.5,47.244998931884766,22.03,22.0,22.35,66.0,1.1892130383300783,False,IREN,22.5,-0.02088888888888884,-0.010319917278153313,11385103479.0,-2.0888888888888837,-9191.0
C270115C00090000,90.0,-9268.0,空头平仓 Call，回补信号，看涨,1.2975627620045593,CALL,0.0,9268.0,20157900.0,0.00010587929750227906,10M-50M,2027-01-15,103.83000183105467,102.5,102.8000030517578,104.37000274658205,102.51000213623048,21.75,21.0,23.0,8.0,0.3694521063232422,True,C,21.75,0.0,0.012975627620045593,190385660611.0,0.0,-9268.0
AMZN260618C00170000,170.0,-2922.0,空头平仓 Call，回补信号，看涨,1.2654886760956519,CALL,0.0,2922.0,20153034.0,8.597951446986324e-06,10M-50M,2026-06-18,232.05999755859372,229.16000366210935,231.34500122070312,232.8800048828125,230.22999572753903,68.97,70.4,70.75,21.0,0.5051929364013672,True,AMZN,68.97,0.0,0.012654886760956519,2343934380679.0,0.0,-2922.0
META260116P00660000,660.0,-5726.0,多头平仓 Put，减仓，看跌减弱,1.7029464989433647,PUT,0.0,5726.0,20103986.0,1.075997099716222e-05,10M-50M,2026-01-16,644.4000244140625,633.6099853515625,636.0750122070312,646.25,635.5,35.11,34.2,34.6,93.0,0.2708050215148925,True,META,40.87,-0.14093467090775627,0.017029464989433647,1868405222031.0,-14.093467090775627,-5726.0
NVDA271217P00170000,170.0,-5665.0,空头平仓 Put，回补，看跌信号减弱,-1.8575921366021577,PUT,0.0,5665.0,20082425.000000004,4.637955232046434e-06,10M-50M,2027-12-17,176.9114990234375,180.25999450683597,178.99000549316406,179.2899932861328,176.53140258789062,35.45,35.2,35.5,6.0,0.3972533419799804,False,NVDA,34.71,0.021319504465571938,-0.018575921366021576,4330017000000.0,2.1319504465571937,-5665.0
BA260515P00195000,195.0,-9111.0,多头平仓 Put，减仓，看跌减弱,1.0860254650024583,PUT,0.0,9111.0,19998645.0,0.00011953230300997621,10M-50M,2026-05-15,188.9499969482422,186.9199981689453,187.8699951171875,189.75,186.91000366210935,21.95,18.55,19.05,30.0,0.3046639358520507,True,BA,21.95,0.0,0.010860254650024584,167307451596.0,0.0,-9111.0
JPM260116C00270000,270.0,-4356.0,空头平仓 Call，回补信号，看涨,1.6008931083288662,CALL,0.0,4356.0,19911276.0,2.2910561712440144e-05,10M-50M,2026-01-16,312.56500244140625,307.6400146484375,309.1000061035156,313.7200012207031,308.239990234375,45.71,44.65,46.75,2.0,0.4176693975830078,True,JPM,40.79,0.12061779848001966,0.01600893108328866,869087203095.0,12.061779848001967,-4356.0
INTC260618C00035000,35.0,-21508.0,空头平仓 Call，回补信号，看涨,8.951366601513174,CALL,0.0,21508.0,19894900.0,0.00012803740422889174,10M-50M,2026-06-18,40.10499954223633,36.810001373291016,37.369998931884766,40.18999862670898,37.35499954223633,9.25,8.95,9.3,87.0,0.5644574804687501,True,INTC,7.04,0.31392045454545453,0.08951366601513173,155383500000.0,31.392045454545453,-21508.0
NVDA260116C00136000,136.0,-4611.0,多头平仓 Call，减仓，看涨减弱,-1.8575921366021577,CALL,0.0,4611.0,19887243.000000004,4.592878734656239e-06,10M-50M,2026-01-16,176.9114990234375,180.25999450683597,178.99000549316406,179.2899932861328,176.53140258789062,43.13,42.8,43.35,1.0,0.6171913281250001,True,NVDA,46.15,-0.06543878656554704,-0.018575921366021576,4330017000000.0,-6.543878656554704,-4611.0
AMZN260320C00210000,210.0,-5927.0,空头平仓 Call，回补信号，看涨,1.2654886760956519,CALL,0.0,5927.0,19796180.0,8.44570571735262e-06,10M-50M,2026-03-20,232.05999755859372,229.16000366210935,231.34500122070312,232.8800048828125,230.22999572753903,33.4,33.05,33.3,8.0,0.4168149139404296,True,AMZN,31.15,0.07223113964686999,0.012654886760956519,2343934380679.0,7.223113964686998,-5927.0
NVDA280121P00200000,200.0,-3710.0,空头平仓 Put，回补，看跌信号减弱,-1.8575921366021577,PUT,0.0,3710.0,19774300.0,4.566795003345252e-06,10M-50M,2028-01-21,176.9114990234375,180.25999450683597,178.99000549316406,179.2899932861328,176.53140258789062,53.3,53.1,53.45,38.0,0.3761048718261719,True,NVDA,52.09,0.02322902668458425,-0.018575921366021576,4330017000000.0,2.322902668458425,-3710.0
META260116C00510000,510.0,-1463.0,空头平仓 Call，回补信号，看涨,1.7029464989433647,CALL,0.0,1463.0,19640775.0,1.0512053150145887e-05,10M-50M,2026-01-16,644.4000244140625,633.6099853515625,636.0750122070312,646.25,635.5,134.25,136.7,140.4,1.0,0.520390538330078,True,META,106.05,0.26591230551626593,0.017029464989433647,1868405222031.0,26.591230551626595,-1463.0
MSFT260116C00440000,440.0,-3389.0,空头平仓 Call，回补信号，看涨,1.093717313819516,CALL,0.0,3389.0,19612143.0,5.158691096838403e-06,10M-50M,2026-01-16,490.80999755859375,485.5,487.5950012207031,492.6300048828125,486.6499938964844,57.87,57.05,58.35,9.0,0.3676821044921875,True,MSFT,53.48,0.08208676140613315,0.01093717313819516,3801767276203.0,8.208676140613315,-3389.0
MSFT270115C00400000,400.0,-1564.0,空头平仓 Call，回补信号，看涨,1.093717313819516,CALL,0.0,1564.0,19596920.0,5.1546869064464004e-06,10M-50M,2027-01-15,490.80999755859375,485.5,487.5950012207031,492.6300048828125,486.6499938964844,125.3,123.25,126.2,12.0,0.3836121209716796,True,MSFT,120.44,0.04035204251079375,0.01093717313819516,3801767276203.0,4.035204251079375,-1564.0
ORCL260320P00220000,220.0,-5640.0,空头平仓 Put，回补，看跌信号减弱,-2.07114082597721,PUT,0.0,5640.0,19548240.0,2.4268085295192027e-05,10M-50M,2026-03-20,200.71499633789065,204.9600067138672,199.50999450683597,202.33990478515625,197.6100006103516,34.66,34.15,35.0,10.0,0.5101977691650392,True,ORCL,33.02,0.04966686856450616,-0.0207114082597721,805512250440.0,4.966686856450616,-5640.0
GAP251219C00024000,24.0,-58077.0,多头平仓 Call，减仓，看涨减弱,-1.7980415070367861,CALL,0.0,58077.0,19455795.0,0.0023844848261716637,10M-50M,2025-12-19,27.03499984741211,27.530000686645508,27.559999465942383,27.600000381469727,27.03499984741211,3.35,3.25,3.45,139.0,0.51758294921875,True,GAP,3.75,-0.10666666666666665,-0.01798041507036786,8159328500.0,-10.666666666666664,-58077.0
AMD251219C00200000,200.0,-8894.0,空头平仓 Call，回补信号，看涨,1.1435758427108205,CALL,0.0,8894.0,19451178.0,7.516531078059042e-05,10M-50M,2025-12-19,216.69000244140625,214.2400054931641,216.3950042724609,218.3000030517578,214.03219604492188,21.87,21.6,21.8,116.0,0.5632367895507813,True,AMD,20.35,0.07469287469287467,0.011435758427108204,258778654648.0,7.469287469287467,-8894.0
NVDA280121C00175000,175.0,-3563.0,多头平仓 Call，减仓，看涨减弱,-1.8575921366021577,CALL,0.0,3563.0,19364905.0,4.472246875705107e-06,10M-50M,2028-01-21,176.9114990234375,180.25999450683597,178.99000549316406,179.2899932861328,176.53140258789062,54.35,54.4,54.8,153.0,0.5343674493408204,True,NVDA,56.85,-0.043975373790677216,-0.018575921366021576,4330017000000.0,-4.397537379067722,-3563.0
GS260116C00700000,700.0,-1433.0,空头平仓 Call，回补信号，看涨,1.3271916962090153,CALL,0.0,1433.0,19253788.000000004,7.925433958459297e-05,10M-50M,2026-01-16,826.8400268554688,816.010009765625,820.0,830.5700073242188,818.9500122070312,134.36,133.3,136.7,6.0,0.4423273541259765,True,GS,124.02,0.0833736494113854,0.013271916962090154,242936703541.0,8.33736494113854,-1433.0
AMZN260116C00185000,185.0,-3951.0,空头平仓 Call，回补信号，看涨,1.2654886760956519,CALL,0.0,3951.0,19170252.0,8.178664111939297e-06,10M-50M,2026-01-16,232.05999755859372,229.16000366210935,231.34500122070312,232.8800048828125,230.22999572753903,48.52,49.3,49.5,2.0,0.5196581237792968,True,AMZN,46.55,0.04232008592910862,0.012654886760956519,2343934380679.0,4.232008592910861,-3951.0
COIN260116P00320000,320.0,-3536.0,多头平仓 Put，减仓，看跌减弱,2.773901222649555,PUT,0.0,3536.0,19094400.0,0.00023774003978424405,10M-50M,2026-01-16,272.32000732421875,264.9700012207031,273.69000244140625,279.8599853515625,270.20001220703125,54.0,53.85,55.65,6.0,0.5424850439453126,True,COIN,61.67,-0.12437165558618456,0.027739012226495552,80316298497.0,-12.437165558618455,-3536.0
INTC260618C00040000,40.0,-28344.0,空头平仓 Call，回补信号，看涨,8.951366601513174,CALL,0.0,28344.0,19018824.0,0.00012239925088571181,10M-50M,2026-06-18,40.10499954223633,36.810001373291016,37.369998931884766,40.18999862670898,37.35499954223633,6.71,6.6,6.85,430.0,0.5644574804687501,True,INTC,4.9,0.3693877551020407,0.08951366601513173,155383500000.0,36.93877551020407,-28344.0
CIFR271217C00017000,17.0,-15075.0,空头平仓 Call，回补信号，看涨,6.997389970134785,CALL,0.0,15075.0,18843750.0,0.0041773332610786675,10M-50M,2027-12-17,20.489999771118164,19.149999618530277,19.549999237060547,21.155000686645508,19.459999084472656,12.5,11.35,13.1,2.0,1.067143336181641,True,CIFR,10.0,0.25,0.06997389970134785,4510952041.0,25.0,-15075.0
IREN260320C00040000,40.0,-11484.0,多头平仓 Call，减仓，看涨减弱,-1.0319917278153312,CALL,0.0,11484.0,18753371.999999996,0.0016471850286289345,10M-50M,2026-03-20,47.95000076293945,48.45000076293945,49.584999084472656,51.5,47.244998931884766,16.33,15.5,16.55,5.0,1.2163125122070313,True,IREN,16.33,0.0,-0.010319917278153313,11385103479.0,0.0,-11484.0
MRVL260320C00070000,70.0,-8145.0,空头平仓 Call，回补信号，看涨,1.2311922207312875,CALL,0.0,8145.0,18733500.0,0.0002612730277407981,10M-50M,2026-03-20,88.80000305175781,87.72000122070312,85.8949966430664,89.41629791259766,84.54000091552734,23.0,22.05,24.5,5.0,0.6583286120605469,True,MRVL,23.0,0.0,0.012311922207312876,71700857000.0,0.0,-8145.0
NVDA251205C00175000,175.0,35962.0,空头卖 Call，看跌/看不涨,-1.8575921366021577,CALL,35962.0,0.0,18700240.0,4.318745168898875e-06,10M-50M,2025-12-05,176.9114990234375,180.25999450683597,178.99000549316406,179.2899932861328,176.53140258789062,5.2,5.2,5.25,7977.0,0.4089414575195312,True,NVDA,7.73,-0.3272962483829237,-0.018575921366021576,4330017000000.0,-32.729624838292374,35962.0
ADBE260116P00360000,360.0,-3941.0,多头平仓 Put，减仓，看跌减弱,1.1070215325203194,PUT,0.0,3941.0,18644871.000000004,0.00012359802443846502,10M-50M,2026-01-16,321.0350036621094,317.5199890136719,317.7431945800781,322.3099975585937,317.5199890136719,47.31,42.85,49.0,2.0,0.4945424081420898,True,ADBE,47.31,0.0,0.011070215325203194,150850882000.0,0.0,-3941.0
META271217P00600000,600.0,-1892.0,多头平仓 Put，减仓，看跌减弱,1.7029464989433647,PUT,0.0,1892.0,18636200.0,9.974388735513175e-06,10M-50M,2027-12-17,644.4000244140625,633.6099853515625,636.0750122070312,646.25,635.5,98.5,94.15,96.05,3.0,0.3320074124145508,False,META,98.5,0.0,0.017029464989433647,1868405222031.0,0.0,-1892.0
META251219C00475000,475.0,-1135.0,空头平仓 Call，回补信号，看涨,1.7029464989433647,CALL,0.0,1135.0,18525470.0,9.915124289720398e-06,10M-50M,2025-12-19,644.4000244140625,633.6099853515625,636.0750122070312,646.25,635.5,163.22,167.5,173.0,5.0,0.6384313500976562,True,META,163.22,0.0,0.017029464989433647,1868405222031.0,0.0,-1135.0
NVDA271217P00220000,220.0,-2890.0,空头平仓 Put，回补，看跌信号减弱,-1.8575921366021577,PUT,0.0,2890.0,18467100.0,4.264902424170621e-06,10M-50M,2027-12-17,176.9114990234375,180.25999450683597,178.99000549316406,179.2899932861328,176.53140258789062,63.9,65.25,65.65,54.0,0.3626925303649902,True,NVDA,63.9,0.0,-0.018575921366021576,4330017000000.0,0.0,-2890.0
BAC260618C00045000,45.0,-17359.0,空头平仓 Call，回补信号，看涨,1.2738237699185466,CALL,0.0,17359.0,18226950.0,4.713256266652074e-05,10M-50M,2026-06-18,53.665000915527344,52.9900016784668,53.11000061035156,53.93999862670898,53.04999923706055,10.5,10.25,10.75,202.0,0.3651186535644531,True,BAC,9.55,0.09947643979057584,0.012738237699185466,386716719160.0,9.947643979057585,-17359.0
ORCL260320P00180000,180.0,-12694.0,空头平仓 Put，回补，看跌信号减弱,-2.07114082597721,PUT,0.0,12694.0,18152420.0,2.253525007234153e-05,10M-50M,2026-03-20,200.71499633789065,204.9600067138672,199.50999450683597,202.33990478515625,197.6100006103516,14.3,13.8,14.15,14.0,0.5438888385009766,False,ORCL,12.78,0.11893583724569651,-0.0207114082597721,805512250440.0,11.89358372456965,-12694.0
MU251219C00240000,240.0,-11474.0,空头平仓 Call，回补信号，看涨,2.2192307531735946,CALL,0.0,11474.0,18105972.0,0.00010287203259962797,10M-50M,2025-12-19,235.3699951171875,230.25999450683597,235.6150054931641,238.1000061035156,233.47999572753903,15.78,15.6,16.05,439.0,0.7763694238281251,False,MU,13.34,0.18290854572713638,0.02219230753173595,176004804634.0,18.290854572713638,-11474.0
BAC260116C00050000,50.0,-39343.0,空头平仓 Call，回补信号，看涨,1.2738237699185466,CALL,0.0,39343.0,18097780.0,4.679854555890621e-05,10M-50M,2026-01-16,53.665000915527344,52.9900016784668,53.11000061035156,53.93999862670898,53.04999923706055,4.6,4.6,4.75,111.0,0.32617861328125,True,BAC,4.03,0.14143920595533482,0.012738237699185466,386716719160.0,14.143920595533482,-39343.0
ORCL260320P00260000,260.0,-2810.0,空头平仓 Put，回补，看跌信号减弱,-2.07114082597721,PUT,0.0,2810.0,18073920.0,2.2437796557566156e-05,10M-50M,2026-03-20,200.71499633789065,204.9600067138672,199.50999450683597,202.33990478515625,197.6100006103516,64.32,64.0,65.15,8.0,0.4971363763427735,True,ORCL,60.75,0.05876543209876532,-0.0207114082597721,805512250440.0,5.876543209876532,-2810.0
NVDA280121P00180000,180.0,-4342.0,空头平仓 Put，回补，看跌信号减弱,-1.8575921366021577,PUT,0.0,4342.0,17967196.000000004,4.149451607233875e-06,10M-50M,2028-01-21,176.9114990234375,180.25999450683597,178.99000549316406,179.2899932861328,176.53140258789062,41.38,41.35,41.7,2.0,0.3898681619262696,True,NVDA,40.63,0.018459266551809007,-0.018575921366021576,4330017000000.0,1.8459266551809006,-4342.0
NVDA260417C00200000,200.0,-15214.0,多头平仓 Call，减仓，看涨减弱,-1.8575921366021577,CALL,0.0,15214.0,17937306.0,4.142548632026156e-06,10M-50M,2026-04-17,176.9114990234375,180.25999450683597,178.99000549316406,179.2899932861328,176.53140258789062,11.79,11.7,11.8,964.0,0.4600884069824219,False,NVDA,13.35,-0.11685393258426971,-0.018575921366021576,4330017000000.0,-11.685393258426972,-15214.0
AMZN260220C00230000,230.0,-9937.0,空头平仓 Call，回补信号，看涨,1.2654886760956519,CALL,0.0,9937.0,17936285.0,7.652212940707046e-06,10M-50M,2026-02-20,232.05999755859372,229.16000366210935,231.34500122070312,232.8800048828125,230.22999572753903,18.05,17.95,18.05,559.0,0.3825745336914062,True,AMZN,16.6,0.0873493975903614,0.012654886760956519,2343934380679.0,8.73493975903614,-9937.0
INTC260320C00040000,40.0,-35487.0,空头平仓 Call，回补信号，看涨,8.951366601513174,CALL,0.0,35487.0,17920935.0,0.00011533357788954426,10M-50M,2026-03-20,40.10499954223633,36.810001373291016,37.369998931884766,40.18999862670898,37.35499954223633,5.05,5.1,5.2,9331.0,0.5762981823730469,True,INTC,3.3,0.5303030303030303,0.08951366601513173,155383500000.0,53.03030303030303,-35487.0
META261218C00800000,800.0,-3111.0,空头平仓 Call，回补信号，看涨,1.7029464989433647,CALL,0.0,3111.0,17919360.0,9.590724639765906e-06,10M-50M,2026-12-18,644.4000244140625,633.6099853515625,636.0750122070312,646.25,635.5,57.6,57.2,57.9,17.0,0.4095518029785155,False,META,53.52,0.07623318385650221,0.017029464989433647,1868405222031.0,7.623318385650221,-3111.0
NVDA251219C00185000,185.0,-46490.0,多头平仓 Call，减仓，看涨减弱,-1.8575921366021577,CALL,0.0,46490.0,17898650.0,4.133621184397198e-06,10M-50M,2025-12-19,176.9114990234375,180.25999450683597,178.99000549316406,179.2899932861328,176.53140258789062,3.85,3.85,3.95,6940.0,0.4124814611816406,False,NVDA,5.5,-0.3,-0.018575921366021576,4330017000000.0,-30.0,-46490.0
MU251128C00210000,210.0,-6587.0,空头平仓 Call，回补信号，看涨,2.2192307531735946,CALL,0.0,6587.0,17877118.0,0.00010157176127762685,10M-50M,2025-11-28,235.3699951171875,230.25999450683597,235.6150054931641,238.1000061035156,233.47999572753903,27.14,25.8,27.75,138.0,1.916992602539063,True,MU,21.51,0.26173872617387256,0.02219230753173595,176004804634.0,26.173872617387257,-6587.0
CORZ251219C00015000,15.0,-71730.0,空头平仓 Call，回补信号，看涨,3.028428688974865,CALL,0.0,71730.0,17860770.0,0.003470717257012086,10M-50M,2025-12-19,16.670000076293945,16.18000030517578,16.350000381469727,16.905000686645508,16.28030014038086,2.49,2.41,2.56,224.0,0.97070341796875,True,CORZ,2.15,0.15813953488372107,0.03028428688974865,5146132248.0,15.813953488372107,-71730.0
SOFI260618C00030000,30.0,-29217.0,空头平仓 Call，回补信号，看涨,3.532471288511421,CALL,0.0,29217.0,17822370.0,0.0005319371484167932,10M-50M,2026-06-18,29.496400833129883,28.489999771118164,28.790000915527344,29.56999969482422,28.45499992370605,6.1,5.95,6.15,197.0,0.72070591796875,False,SOFI,5.6,0.08928571428571429,0.03532471288511421,33504653798.0,8.928571428571429,-29217.0
AMZN251219C00230000,230.0,-21363.0,空头平仓 Call，回补信号，看涨,1.2654886760956519,CALL,0.0,21363.0,17774016.0,7.582983613581859e-06,10M-50M,2025-12-19,232.05999755859372,229.16000366210935,231.34500122070312,232.8800048828125,230.22999572753903,8.32,8.2,8.3,1985.0,0.3190375714111327,True,AMZN,7.0,0.1885714285714286,0.012654886760956519,2343934380679.0,18.85714285714286,-21363.0
AMD260116C00220000,220.0,-11427.0,空头平仓 Call，回补信号，看涨,1.1435758427108205,CALL,0.0,11427.0,17768985.0,6.866480167836875e-05,10M-50M,2026-01-16,216.69000244140625,214.2400054931641,216.3950042724609,218.3000030517578,214.03219604492188,15.55,15.4,15.55,535.0,0.5306443420410156,False,AMD,14.75,0.05423728813559327,0.011435758427108204,258778654648.0,5.423728813559327,-11427.0
NVDA271217C00165000,165.0,-3082.0,多头平仓 Call，减仓，看涨减弱,-1.8575921366021577,CALL,0.0,3082.0,17724582.0,4.093420880333726e-06,10M-50M,2027-12-17,176.9114990234375,180.25999450683597,178.99000549316406,179.2899932861328,176.53140258789062,57.51,57.45,57.95,5.0,0.5404098693847659,True,NVDA,60.05,-0.042298084929225634,-0.018575921366021576,4330017000000.0,-4.2298084929225634,-3082.0
ORCL260320P00240000,240.0,-3591.0,空头平仓 Put，回补，看跌信号减弱,-2.07114082597721,PUT,0.0,3591.0,17696448.0,2.196918543490004e-05,10M-50M,2026-03-20,200.71499633789065,204.9600067138672,199.50999450683597,202.33990478515625,197.6100006103516,49.28,48.5,48.5,40.0,0.4922536126708985,True,ORCL,45.75,0.07715846994535522,-0.0207114082597721,805512250440.0,7.7158469945355215,-3591.0
META271217C00600000,600.0,-967.0,空头平仓 Call，回补信号，看涨,1.7029464989433647,CALL,0.0,967.0,17648717.0,9.445872229374007e-06,10M-50M,2027-12-17,644.4000244140625,633.6099853515625,636.0750122070312,646.25,635.5,182.51,180.2,185.3,2.0,0.4641395749664306,True,META,174.65,0.045004294302891414,0.017029464989433647,1868405222031.0,4.500429430289142,-967.0
META260116C00470000,470.0,-1022.0,空头平仓 Call，回补信号，看涨,1.7029464989433647,CALL,0.0,1022.0,17568180.0,9.402767554301192e-06,10M-50M,2026-01-16,644.4000244140625,633.6099853515625,636.0750122070312,646.25,635.5,171.9,175.55,180.3,1.0,0.5737347314453125,True,META,171.9,0.0,0.017029464989433647,1868405222031.0,0.0,-1022.0
MSFT260417C00400000,400.0,-1709.0,空头平仓 Call，回补信号，看涨,1.093717313819516,CALL,0.0,1709.0,17527504.0,4.610356901568558e-06,10M-50M,2026-04-17,490.80999755859375,485.5,487.5950012207031,492.6300048828125,486.6499938964844,102.56,102.6,103.95,6.0,0.4062559375,True,MSFT,98.43,0.0419587524128822,0.01093717313819516,3801767276203.0,4.1958752412882205,-1709.0
ORCL260320P00200000,200.0,-7583.0,空头平仓 Put，回补，看跌信号减弱,-2.07114082597721,PUT,0.0,7583.0,17493981.0,2.1717833577880603e-05,10M-50M,2026-03-20,200.71499633789065,204.9600067138672,199.50999450683597,202.33990478515625,197.6100006103516,23.07,22.8,23.2,34.0,0.5275620974731446,False,ORCL,21.7,0.06313364055299545,-0.0207114082597721,805512250440.0,6.3133640552995445,-7583.0
ORCL260918P00200000,200.0,-5189.0,空头平仓 Put，回补，看跌信号减弱,-2.07114082597721,PUT,0.0,5189.0,17486930.0,2.170908014179549e-05,10M-50M,2026-09-18,200.71499633789065,204.9600067138672,199.50999450683597,202.33990478515625,197.6100006103516,33.7,32.5,34.0,326.0,0.4821218780517579,False,ORCL,32.3,0.043343653250774175,-0.0207114082597721,805512250440.0,4.3343653250774175,-5189.0
MU251219C00230000,230.0,-8296.0,空头平仓 Call，回补信号，看涨,2.2192307531735946,CALL,0.0,8296.0,17463080.0,9.921933686023105e-05,10M-50M,2025-12-19,235.3699951171875,230.25999450683597,235.6150054931641,238.1000061035156,233.47999572753903,21.05,20.5,21.05,304.0,0.7894308166503907,True,MU,17.78,0.18391451068616418,0.02219230753173595,176004804634.0,18.39145106861642,-8296.0
SOFI271217C00025000,25.0,-12892.0,空头平仓 Call，回补信号，看涨,3.532471288511421,CALL,0.0,12892.0,17313956.0,0.0005167627191251123,10M-50M,2027-12-17,29.496400833129883,28.489999771118164,28.790000915527344,29.56999969482422,28.45499992370605,13.43,13.05,13.8,22.0,0.7435328381347657,True,SOFI,13.0,0.03307692307692305,0.03532471288511421,33504653798.0,3.3076923076923053,-12892.0
LYFT270115C00015000,15.0,-19761.0,空头平仓 Call，回补信号，看涨,3.3645876124895584,CALL,0.0,19761.0,17290875.0,0.0019452263158513795,10M-50M,2027-01-15,20.83830070495605,20.15999984741211,20.25,21.15999984741211,20.149999618530277,8.75,8.6,8.75,135.0,0.711916943359375,True,LYFT,8.05,0.08695652173913034,0.033645876124895585,8888875736.0,8.695652173913034,-19761.0
COIN260116P00300000,300.0,-4320.0,多头平仓 Put，减仓，看跌减弱,2.773901222649555,PUT,0.0,4320.0,17280000.0,0.00021514935727080908,10M-50M,2026-01-16,272.32000732421875,264.9700012207031,273.69000244140625,279.8599853515625,270.20001220703125,40.0,39.15,40.1,27.0,0.5503279830932618,True,COIN,46.62,-0.14199914199914196,0.027739012226495552,80316298497.0,-14.199914199914195,-4320.0
TGT270115C00085000,85.0,-10235.0,空头平仓 Call，回补信号，看涨,1.236191263646888,CALL,0.0,10235.0,17194800.0,0.0004307426290868794,10M-50M,2027-01-15,90.91010284423828,89.80000305175781,90.2750015258789,91.6999969482422,89.87210083007812,16.8,16.75,17.7,30.0,0.3923400610351562,True,TGT,16.28,0.031941031941031914,0.012361912636468879,39918965152.0,3.1941031941031914,-10235.0
MSFT251219C00485000,485.0,-11812.0,空头平仓 Call，回补信号，看涨,1.093717313819516,CALL,0.0,11812.0,17186460.0,4.520650200652184e-06,10M-50M,2025-12-19,490.80999755859375,485.5,487.5950012207031,492.6300048828125,486.6499938964844,14.55,14.95,15.1,233.0,0.2511671563720703,True,MSFT,12.19,0.19360131255127164,0.01093717313819516,3801767276203.0,19.360131255127165,-11812.0
MSFT270115C00430000,430.0,-1656.0,空头平仓 Call，回补信号，看涨,1.093717313819516,CALL,0.0,1656.0,17098200.0,4.497434681766413e-06,10M-50M,2027-01-15,490.80999755859375,485.5,487.5950012207031,492.6300048828125,486.6499938964844,103.25,102.1,103.9,2.0,0.3568332139587402,True,MSFT,98.77,0.04535790219702343,0.01093717313819516,3801767276203.0,4.535790219702343,-1656.0
META260320P00600000,600.0,-6045.0,多头平仓 Put，减仓，看跌减弱,1.7029464989433647,PUT,0.0,6045.0,17077125.0,9.139947158484586e-06,10M-50M,2026-03-20,644.4000244140625,633.6099853515625,636.0750122070312,646.25,635.5,28.25,28.15,28.45,38.0,0.3436650106811523,False,META,32.1,-0.11993769470404989,0.017029464989433647,1868405222031.0,-11.993769470404988,-6045.0
CRM260116P00260000,260.0,-5363.0,多头平仓 Put，减仓，看跌减弱,1.4288888243863227,PUT,0.0,5363.0,17054340.0,7.359085851815975e-05,10M-50M,2026-01-16,231.41000366210935,228.1499938964844,229.0,232.55999755859372,228.625,31.8,31.35,33.35,29.0,0.4113218048095703,True,CRM,35.02,-0.09194745859508859,0.014288888243863228,231745360000.0,-9.194745859508858,-5363.0
ORCL270115C00195000,195.0,-3474.0,多头平仓 Call，减仓，看涨减弱,-2.07114082597721,CALL,0.0,3474.0,17001756.0,2.1106762796857557e-05,10M-50M,2027-01-15,200.71499633789065,204.9600067138672,199.50999450683597,202.33990478515625,197.6100006103516,48.94,48.55,49.25,3.0,0.5547224703979493,True,ORCL,52.0,-0.05884615384615389,-0.0207114082597721,805512250440.0,-5.884615384615389,-3474.0
META260618C00550000,550.0,-1285.0,空头平仓 Call，回补信号，看涨,1.7029464989433647,CALL,0.0,1285.0,16995409.999999996,9.096211999196614e-06,10M-50M,2026-06-18,644.4000244140625,633.6099853515625,636.0750122070312,646.25,635.5,132.26,133.8,136.0,2.0,0.4540002110290527,True,META,126.2,0.0480190174326465,0.017029464989433647,1868405222031.0,4.80190174326465,-1285.0
MU260116C00180000,180.0,-2759.0,空头平仓 Call，回补信号，看涨,2.2192307531735946,CALL,0.0,2759.0,16898875.0,9.6013714143435e-05,10M-50M,2026-01-16,235.3699951171875,230.25999450683597,235.6150054931641,238.1000061035156,233.47999572753903,61.25,60.75,63.25,19.0,0.8303239624023437,True,MU,58.42,0.04844231427593287,0.02219230753173595,176004804634.0,4.844231427593287,-2759.0
MSFT261218C00480000,480.0,-2429.0,空头平仓 Call，回补信号，看涨,1.093717313819516,CALL,0.0,2429.0,16849973.0,4.432142152801327e-06,10M-50M,2026-12-18,490.80999755859375,485.5,487.5950012207031,492.6300048828125,486.6499938964844,69.37,68.55,71.2,28.0,0.3312597392272949,True,MSFT,67.3,0.030757800891530573,0.01093717313819516,3801767276203.0,3.0757800891530573,-2429.0
MU260116C00220000,220.0,-5093.0,空头平仓 Call，回补信号，看涨,2.2192307531735946,CALL,0.0,5093.0,16847644.0,9.57226368622975e-05,10M-50M,2026-01-16,235.3699951171875,230.25999450683597,235.6150054931641,238.1000061035156,233.47999572753903,33.08,32.35,33.45,190.0,0.7297390307617188,True,MU,29.23,0.13171399247348606,0.02219230753173595,176004804634.0,13.171399247348607,-5093.0
AMZN260618P00200000,200.0,-17012.0,多头平仓 Put，减仓，看跌减弱,1.2654886760956519,PUT,0.0,17012.0,16841880.0,7.185303538711344e-06,10M-50M,2026-06-18,232.05999755859372,229.16000366210935,231.34500122070312,232.8800048828125,230.22999572753903,9.9,9.5,9.65,11.0,0.345160357055664,False,AMZN,10.5,-0.057142857142857106,0.012654886760956519,2343934380679.0,-5.714285714285711,-17012.0
COIN251128C00250000,250.0,-7262.0,空头平仓 Call，回补信号，看涨,2.773901222649555,CALL,0.0,7262.0,16775220.000000002,0.00020886445608081148,10M-50M,2025-11-28,272.32000732421875,264.9700012207031,273.69000244140625,279.8599853515625,270.20001220703125,23.1,22.8,24.0,577.0,1.4169951025390626,True,COIN,15.72,0.46946564885496184,0.027739012226495552,80316298497.0,46.94656488549619,-7262.0
JPM260116C00300000,300.0,-8368.0,空头平仓 Call，回补信号，看涨,1.6008931083288662,CALL,0.0,8368.0,16761104.0,1.928587136056109e-05,10M-50M,2026-01-16,312.56500244140625,307.6400146484375,309.1000061035156,313.7200012207031,308.239990234375,20.03,19.85,20.25,67.0,0.2868418484497069,True,JPM,16.86,0.18801897983392657,0.01600893108328866,869087203095.0,18.801897983392656,-8368.0
INTC261218P00040000,40.0,-18573.0,多头平仓 Put，减仓，看跌减弱,8.951366601513174,PUT,0.0,18573.0,16715700.0,0.00010757705934027745,10M-50M,2026-12-18,40.10499954223633,36.810001373291016,37.369998931884766,40.18999862670898,37.35499954223633,9.0,7.5,8.2,91.0,0.507817421875,False,INTC,9.0,0.0,0.08951366601513173,155383500000.0,0.0,-18573.0
INTC271217C00030000,30.0,-9733.0,空头平仓 Call，回补信号，看涨,8.951366601513174,CALL,0.0,9733.0,16692094.999999998,0.00010742514488346573,10M-50M,2027-12-17,40.10499954223633,36.810001373291016,37.369998931884766,40.18999862670898,37.35499954223633,17.15,16.6,17.9,35.0,0.5952188916015625,True,INTC,15.05,0.1395348837209301,0.08951366601513173,155383500000.0,13.953488372093009,-9733.0
ADBE251219P00350000,350.0,-4750.0,多头平仓 Put，减仓，看跌减弱,1.1070215325203194,PUT,0.0,4750.0,16653500.0,0.00011039710062815542,10M-50M,2025-12-19,321.0350036621094,317.5199890136719,317.7431945800781,322.3099975585937,317.5199890136719,35.06,33.1,36.9,12.0,0.507817421875,True,ADBE,37.45,-0.06381842456608813,0.011070215325203194,150850882000.0,-6.381842456608814,-4750.0
SOFI270115C00035000,35.0,-23052.0,空头平仓 Call，回补信号，看涨,3.532471288511421,CALL,0.0,23052.0,16643544.0,0.0004967532003268604,10M-50M,2027-01-15,29.496400833129883,28.489999771118164,28.790000915527344,29.56999969482422,28.45499992370605,7.22,7.1,7.3,303.0,0.7280300634765625,False,SOFI,6.8,0.06176470588235293,0.03532471288511421,33504653798.0,6.176470588235293,-23052.0
META260116P00650000,650.0,-5744.0,多头平仓 Put，减仓，看跌减弱,1.7029464989433647,PUT,0.0,5744.0,16588672.0,8.87851939418566e-06,10M-50M,2026-01-16,644.4000244140625,633.6099853515625,636.0750122070312,646.25,635.5,28.88,28.8,29.0,93.0,0.2733379551696777,True,META,35.15,-0.17837837837837836,0.017029464989433647,1868405222031.0,-17.837837837837835,-5744.0
MU251219C00210000,210.0,-4863.0,空头平仓 Call，回补信号，看涨,2.2192307531735946,CALL,0.0,4863.0,16534200.0,9.394175366054741e-05,10M-50M,2025-12-19,235.3699951171875,230.25999450683597,235.6150054931641,238.1000061035156,233.47999572753903,34.0,33.35,34.55,44.0,0.8540053662109376,True,MU,30.0,0.13333333333333333,0.02219230753173595,176004804634.0,13.333333333333334,-4863.0
NVDA260220P00190000,190.0,-7977.0,空头平仓 Put，回补，看跌信号减弱,-1.8575921366021577,PUT,0.0,7977.0,16448574.000000002,3.798731968026916e-06,10M-50M,2026-02-20,176.9114990234375,180.25999450683597,178.99000549316406,179.2899932861328,176.53140258789062,20.62,20.35,20.45,19.0,0.3643252044677735,True,NVDA,19.17,0.0756390193009911,-0.018575921366021576,4330017000000.0,7.563901930099109,-7977.0
CORZ260320C00017000,17.0,-48333.0,空头平仓 Call，回补信号，看涨,3.028428688974865,CALL,0.0,48333.0,16433219.999999998,0.003193314747475957,10M-50M,2026-03-20,16.670000076293945,16.18000030517578,16.350000381469727,16.905000686645508,16.28030014038086,3.4,3.3,3.5,104.0,0.963867548828125,False,CORZ,3.26,0.04294478527607366,0.03028428688974865,5146132248.0,4.2944785276073665,-48333.0
AMZN260618C00215000,215.0,-4437.0,空头平仓 Call，回补信号，看涨,1.2654886760956519,CALL,0.0,4437.0,16416900.0,7.003993002246201e-06,10M-50M,2026-06-18,232.05999755859372,229.16000366210935,231.34500122070312,232.8800048828125,230.22999572753903,37.0,36.8,36.95,132.0,0.4164487066650389,True,AMZN,35.15,0.05263157894736847,0.012654886760956519,2343934380679.0,5.263157894736847,-4437.0
NVDA260618P00130000,130.0,-30806.0,空头平仓 Put，回补，看跌信号减弱,-1.8575921366021577,PUT,0.0,30806.0,16388792.000000002,3.784925555719528e-06,10M-50M,2026-06-18,176.9114990234375,180.25999450683597,178.99000549316406,179.2899932861328,176.53140258789062,5.32,5.3,5.4,17.0,0.46680220703125,False,NVDA,5.12,0.039062500000000035,-0.018575921366021576,4330017000000.0,3.9062500000000036,-30806.0
JPM251219C00230000,230.0,-1970.0,空头平仓 Call，回补信号，看涨,1.6008931083288662,CALL,0.0,1970.0,16356910.0,1.882079259911968e-05,10M-50M,2025-12-19,312.56500244140625,307.6400146484375,309.1000061035156,313.7200012207031,308.239990234375,83.03,82.15,84.95,1.0,0.7412135253906249,True,JPM,79.04,0.05048076923076916,0.01600893108328866,869087203095.0,5.048076923076916,-1970.0
ORCL260220P00260000,260.0,-2593.0,空头平仓 Put，回补，看跌信号减弱,-2.07114082597721,PUT,0.0,2593.0,16341086.000000002,2.028657663626333e-05,10M-50M,2026-02-20,200.71499633789065,204.9600067138672,199.50999450683597,202.33990478515625,197.6100006103516,63.02,61.0,63.15,15.0,0.4973194799804688,True,ORCL,59.0,0.06813559322033903,-0.0207114082597721,805512250440.0,6.813559322033903,-2593.0
SOFI260918C00022000,22.0,-14609.0,空头平仓 Call，回补信号，看涨,3.532471288511421,CALL,0.0,14609.0,16215990.0,0.00048399216711106515,10M-50M,2026-09-18,29.496400833129883,28.489999771118164,28.790000915527344,29.56999969482422,28.45499992370605,11.1,10.85,11.5,15.0,0.7539087109375,True,SOFI,10.75,0.032558139534883686,0.03532471288511421,33504653798.0,3.2558139534883686,-14609.0
NVDA270617P00150000,150.0,-7471.0,空头平仓 Put，回补，看跌信号减弱,-1.8575921366021577,PUT,0.0,7471.0,16212069.999999998,3.7441123210370763e-06,10M-50M,2027-06-17,176.9114990234375,180.25999450683597,178.99000549316406,179.2899932861328,176.53140258789062,21.7,21.5,21.75,8.0,0.4178830184936523,False,NVDA,21.1,0.02843601895734587,-0.018575921366021576,4330017000000.0,2.843601895734587,-7471.0
META270115P00600000,600.0,-2358.0,多头平仓 Put，减仓，看跌减弱,1.7029464989433647,PUT,0.0,2358.0,15991956.0,8.559147561478325e-06,10M-50M,2027-01-15,644.4000244140625,633.6099853515625,636.0750122070312,646.25,635.5,67.82,67.45,68.35,10.0,0.33789724609375,False,META,71.36,-0.04960762331838574,0.017029464989433647,1868405222031.0,-4.960762331838573,-2358.0
MSFT251219C00425000,425.0,-2343.0,空头平仓 Call，回补信号，看涨,1.093717313819516,CALL,0.0,2343.0,15988631.999999998,4.205578837000402e-06,10M-50M,2025-12-19,490.80999755859375,485.5,487.5950012207031,492.6300048828125,486.6499938964844,68.24,67.8,70.3,1.0,0.5506026385498048,True,MSFT,64.15,0.06375681995323443,0.01093717313819516,3801767276203.0,6.3756819953234425,-2343.0
AMZN260116C00235000,235.0,-16481.0,空头平仓 Call，回补信号，看涨,1.2654886760956519,CALL,0.0,16481.0,15986569.999999998,6.8203999786755745e-06,10M-50M,2026-01-16,232.05999755859372,229.16000366210935,231.34500122070312,232.8800048828125,230.22999572753903,9.7,9.6,9.7,723.0,0.3221503332519531,False,AMZN,8.4,0.15476190476190463,0.012654886760956519,2343934380679.0,15.476190476190462,-16481.0
CRWD260116C00390000,390.0,-1379.0,空头平仓 Call，回补信号，看涨,1.170394189332502,CALL,0.0,1379.0,15968819.999999998,0.00013217599908286234,10M-50M,2026-01-16,507.4100036621094,501.5400085449219,505.7449951171875,510.6900024414063,501.9400024414063,115.8,118.85,125.15,1.0,0.5578657495117189,True,CRWD,115.8,0.0,0.01170394189332502,120814823499.0,0.0,-1379.0
SE251219C00130000,130.0,-13935.0,空头平仓 Call，回补信号，看涨,3.411293027292276,CALL,0.0,13935.0,15941640.0,0.00014588546556382263,10M-50M,2025-12-19,138.83999633789062,134.25999450683594,136.38999938964844,140.0449981689453,135.6300048828125,11.44,11.75,12.75,7.0,0.5334519311523438,True,SE,9.0,0.2711111111111111,0.03411293027292276,109275039418.0,27.111111111111107,-13935.0
META280121C00700000,700.0,-1107.0,空头平仓 Call，回补信号，看涨,1.7029464989433647,CALL,0.0,1107.0,15885450.0,8.502143867234617e-06,10M-50M,2028-01-21,644.4000244140625,633.6099853515625,636.0750122070312,646.25,635.5,143.5,142.9,144.6,15.0,0.4424799404907227,False,META,136.85,0.04859335038363176,0.017029464989433647,1868405222031.0,4.8593350383631755,-1107.0
AMD260618C00250000,250.0,-6237.0,空头平仓 Call，回补信号，看涨,1.1435758427108205,CALL,0.0,6237.0,15841979.999999998,6.121826400847793e-05,10M-50M,2026-06-18,216.69000244140625,214.2400054931641,216.3950042724609,218.3000030517578,214.03219604492188,25.4,25.15,25.35,15.0,0.577427321472168,False,AMD,24.35,0.04312114989733048,0.011435758427108204,258778654648.0,4.312114989733048,-6237.0
META260918C00760000,760.0,-3227.0,空头平仓 Call，回补信号，看涨,1.7029464989433647,CALL,0.0,3227.0,15841343.000000002,8.47853710384094e-06,10M-50M,2026-09-18,644.4000244140625,633.6099853515625,636.0750122070312,646.25,635.5,49.09,53.05,53.65,23.0,0.4046080047607422,False,META,49.09,0.0,0.017029464989433647,1868405222031.0,0.0,-3227.0
NVDA251128P00190000,190.0,-12413.0,空头平仓 Put，回补，看跌信号减弱,-1.8575921366021577,PUT,0.0,12413.0,15826575.0,3.6550838022114002e-06,10M-50M,2025-11-28,176.9114990234375,180.25999450683597,178.99000549316406,179.2899932861328,176.53140258789062,12.75,12.75,12.9,1080.0,1.0000000000000004e-05,True,NVDA,9.8,0.3010204081632652,-0.018575921366021576,4330017000000.0,30.102040816326518,-12413.0
BAC260618C00047000,47.0,-18492.0,空头平仓 Call，回补信号，看涨,1.2738237699185466,CALL,0.0,18492.0,15792168.0,4.083652766371902e-05,10M-50M,2026-06-18,53.665000915527344,52.9900016784668,53.11000061035156,53.93999862670898,53.04999923706055,8.54,8.65,9.15,1.0,0.3446110461425781,True,BAC,8.16,0.04656862745098027,0.012738237699185466,386716719160.0,4.656862745098027,-18492.0
JPM260116C00290000,290.0,-5631.0,空头平仓 Call，回补信号，看涨,1.6008931083288662,CALL,0.0,5631.0,15766800.0,1.814179284178981e-05,10M-50M,2026-01-16,312.56500244140625,307.6400146484375,309.1000061035156,313.7200012207031,308.239990234375,28.0,27.0,28.45,32.0,0.3237677487182616,True,JPM,23.95,0.1691022964509395,0.01600893108328866,869087203095.0,16.91022964509395,-5631.0
AMZN270115P00210000,210.0,-7766.0,多头平仓 Put，减仓，看跌减弱,1.2654886760956519,PUT,0.0,7766.0,15702851.999999998,6.69935648772349e-06,10M-50M,2027-01-15,232.05999755859372,229.16000366210935,231.34500122070312,232.8800048828125,230.22999572753903,20.22,19.7,20.05,1.0,0.3191291232299803,False,AMZN,20.8,-0.027884615384615473,0.012654886760956519,2343934380679.0,-2.788461538461547,-7766.0
INTC260116C00045000,45.0,-94840.0,空头平仓 Call，回补信号，看涨,8.951366601513174,CALL,0.0,94840.0,15648600.0,0.00010070953479616562,10M-50M,2026-01-16,40.10499954223633,36.810001373291016,37.369998931884766,40.18999862670898,37.35499954223633,1.65,1.55,1.65,3509.0,0.5622602368164062,False,INTC,0.7,1.3571428571428572,0.08951366601513173,155383500000.0,135.71428571428572,-94840.0
NVDA260116P00195000,195.0,-7343.0,空头平仓 Put，回补，看跌信号减弱,-1.8575921366021577,PUT,0.0,7343.0,15640590.0,3.612131314957886e-06,10M-50M,2026-01-16,176.9114990234375,180.25999450683597,178.99000549316406,179.2899932861328,176.53140258789062,21.3,21.0,21.1,26.0,0.342657940673828,True,NVDA,19.45,0.09511568123393324,-0.018575921366021576,4330017000000.0,9.511568123393324,-7343.0
BE260320C00090000,90.0,-4703.0,空头平仓 Call，回补信号，看涨,6.586512008866211,CALL,0.0,4703.0,15623366.0,0.0009494752643345915,10M-50M,2026-03-20,107.80159759521484,101.13999938964844,104.1999969482422,108.91999816894533,102.55120086669922,33.22,34.6,37.2,35.0,1.2161904425048828,True,BE,31.0,0.07161290322580642,0.0658651200886621,16454737250.0,7.161290322580642,-4703.0
MSFT261218C00475000,475.0,-2154.0,空头平仓 Call，回补信号，看涨,1.093717313819516,CALL,0.0,2154.0,15603576.0,4.104295414837704e-06,10M-50M,2026-12-18,490.80999755859375,485.5,487.5950012207031,492.6300048828125,486.6499938964844,72.44,71.6,72.9,7.0,0.3280630548858643,True,MSFT,70.07,0.03382331953760532,0.01093717313819516,3801767276203.0,3.382331953760532,-2154.0
NVDA260116P00165000,165.0,-28917.0,空头平仓 Put，回补，看跌信号减弱,-1.8575921366021577,PUT,0.0,28917.0,15586263.0,3.5995847129468543e-06,10M-50M,2026-01-16,176.9114990234375,180.25999450683597,178.99000549316406,179.2899932861328,176.53140258789062,5.39,5.3,5.35,1399.0,0.405157315673828,False,NVDA,4.91,0.09775967413441945,-0.018575921366021576,4330017000000.0,9.775967413441945,-28917.0
META260320P00700000,700.0,-1944.0,多头平仓 Put，减仓，看跌减弱,1.7029464989433647,PUT,0.0,1944.0,15552000.0,8.323676157945338e-06,10M-50M,2026-03-20,644.4000244140625,633.6099853515625,636.0750122070312,646.25,635.5,80.0,79.5,79.95,19.0,0.3156043782043456,True,META,84.66,-0.05504370422867939,0.017029464989433647,1868405222031.0,-5.504370422867939,-1944.0
MSFT261218C00365000,365.0,-1142.0,空头平仓 Call，回补信号，看涨,1.093717313819516,CALL,0.0,1142.0,15461537.999999998,4.066934369386794e-06,10M-50M,2026-12-18,490.80999755859375,485.5,487.5950012207031,492.6300048828125,486.6499938964844,135.39,149.25,151.6,1.0,0.4153500848388671,True,MSFT,135.39,0.0,0.01093717313819516,3801767276203.0,0.0,-1142.0
AMZN260116P00230000,230.0,-18725.0,多头平仓 Put，减仓，看跌减弱,1.2654886760956519,PUT,0.0,18725.0,15448125.0,6.590681517084504e-06,10M-50M,2026-01-16,232.05999755859372,229.16000366210935,231.34500122070312,232.8800048828125,230.22999572753903,8.25,8.25,8.35,338.0,0.2742076974487304,False,AMZN,10.0,-0.175,0.012654886760956519,2343934380679.0,-17.5,-18725.0
INTC260618C00045000,45.0,-30878.0,空头平仓 Call，回补信号，看涨,8.951366601513174,CALL,0.0,30878.0,15439000.0,9.93606142222308e-05,10M-50M,2026-06-18,40.10499954223633,36.810001373291016,37.369998931884766,40.18999862670898,37.35499954223633,5.0,4.7,5.0,538.0,0.5600629931640625,False,INTC,3.5,0.42857142857142855,0.08951366601513173,155383500000.0,42.857142857142854,-30878.0
NVDA270617C00210000,210.0,-4697.0,多头平仓 Call，减仓，看涨减弱,-1.8575921366021577,CALL,0.0,4697.0,15373281.0,3.5503973771927454e-06,10M-50M,2027-06-17,176.9114990234375,180.25999450683597,178.99000549316406,179.2899932861328,176.53140258789062,32.73,32.55,32.85,1520.0,0.5022022436523439,False,NVDA,34.6,-0.05404624277456661,-0.018575921366021576,4330017000000.0,-5.40462427745666,-4697.0
NVDA260116C00128000,128.0,-2867.0,多头平仓 Call，减仓，看涨减弱,-1.8575921366021577,CALL,0.0,2867.0,15315514.000000002,3.537056321025992e-06,10M-50M,2026-01-16,176.9114990234375,180.25999450683597,178.99000549316406,179.2899932861328,176.53140258789062,53.42,50.3,50.9,2.0,0.674075524902344,True,NVDA,53.42,0.0,-0.018575921366021576,4330017000000.0,0.0,-2867.0
NVDA260918P00190000,190.0,-4676.0,空头平仓 Put，回补，看跌信号减弱,-1.8575921366021577,PUT,0.0,4676.0,15290520.000000002,3.531284057314325e-06,10M-50M,2026-09-18,176.9114990234375,180.25999450683597,178.99000549316406,179.2899932861328,176.53140258789062,32.7,32.6,32.75,8.0,0.3924010955810546,True,NVDA,31.7,0.03154574132492125,-0.018575921366021576,4330017000000.0,3.154574132492125,-4676.0
MSFT261218C00370000,370.0,-1176.0,空头平仓 Call，回补信号，看涨,1.093717313819516,CALL,0.0,1176.0,15288000.0,4.02128770366734e-06,10M-50M,2026-12-18,490.80999755859375,485.5,487.5950012207031,492.6300048828125,486.6499938964844,130.0,145.2,147.65,10.0,0.4112760289001465,True,MSFT,130.0,0.0,0.01093717313819516,3801767276203.0,0.0,-1176.0
BMNR270115C00040000,40.0,-10448.0,空头平仓 Call，回补信号，看涨,1.4659723052255405,CALL,0.0,10448.0,15254079.999999998,0.07019179639821709,10M-50M,2027-01-15,32.205299377441406,31.739999771118164,33.79999923706055,35.20000076293945,32.130001068115234,14.6,14.0,14.45,131.0,1.2559851654052734,False,BMNR,12.89,0.13266097750193942,0.014659723052255404,217319983.0,13.266097750193943,-10448.0
COIN260320P00340000,340.0,-1876.0,多头平仓 Put，减仓，看跌减弱,2.773901222649555,PUT,0.0,1876.0,15236872.0,0.00018971083435286964,10M-50M,2026-03-20,272.32000732421875,264.9700012207031,273.69000244140625,279.8599853515625,270.20001220703125,81.22,79.8,82.0,5.0,0.5607954077148438,True,COIN,110.67,-0.2661064425770308,0.027739012226495552,80316298497.0,-26.610644257703083,-1876.0
META260220P00650000,650.0,-3341.0,多头平仓 Put，减仓，看跌减弱,1.7029464989433647,PUT,0.0,3341.0,15234960.0,8.153991339972408e-06,10M-50M,2026-02-20,644.4000244140625,633.6099853515625,636.0750122070312,646.25,635.5,45.6,44.75,45.05,44.0,0.3390569024658203,True,META,50.46,-0.09631391200951248,0.017029464989433647,1868405222031.0,-9.631391200951247,-3341.0
LULU270115P00200000,200.0,-3418.0,多头平仓 Put，减仓，看跌减弱,1.8426367160308543,PUT,0.0,3418.0,15210100.0,0.0007603368569404961,10M-50M,2027-01-15,185.29249572753903,181.94000244140625,184.72000122070312,186.69000244140625,183.5,44.5,43.5,46.1,1.0,0.4735465243530273,True,LULU,48.75,-0.08717948717948718,0.018426367160308543,20004422857.0,-8.717948717948717,-3418.0
MU261218C00220000,220.0,-2139.0,空头平仓 Call，回补信号，看涨,2.2192307531735946,CALL,0.0,2139.0,15079950.0,8.567919512969312e-05,10M-50M,2026-12-18,235.3699951171875,230.25999450683597,235.6150054931641,238.1000061035156,233.47999572753903,70.5,69.75,71.4,2.0,0.6840546731567384,True,MU,68.14,0.03463457587320222,0.02219230753173595,176004804634.0,3.463457587320222,-2139.0
CRWV260618P00080000,80.0,-6684.0,空头平仓 Put，回补，看跌信号减弱,-1.8441280518219607,PUT,0.0,6684.0,15039000.0,0.0002557879217246518,10M-50M,2026-06-18,72.91999816894531,74.29000091552734,75.5999984741211,75.62259674072266,72.69999694824219,22.5,21.55,23.25,4.0,0.8336198278808591,True,CRWV,22.5,0.0,-0.018441280518219607,58794801172.0,0.0,-6684.0
JPM260116C00250000,250.0,-2525.0,空头平仓 Call，回补信号，看涨,1.6008931083288662,CALL,0.0,2525.0,14897500.0,1.714154799075042e-05,10M-50M,2026-01-16,312.56500244140625,307.6400146484375,309.1000061035156,313.7200012207031,308.239990234375,59.0,63.55,66.55,1.0,0.5505416040039064,True,JPM,59.0,0.0,0.01600893108328866,869087203095.0,0.0,-2525.0
C260116C00082500,82.5,-6937.0,空头平仓 Call，回补信号，看涨,1.2975627620045593,CALL,0.0,6937.0,14859054.0,7.80471278788182e-05,10M-50M,2026-01-16,103.83000183105467,102.5,102.8000030517578,104.37000274658205,102.51000213623048,21.42,22.15,23.0,10.0,0.5539595385742189,True,C,21.42,0.0,0.012975627620045593,190385660611.0,0.0,-6937.0
SOFI270115C00022000,22.0,-11902.0,空头平仓 Call，回补信号，看涨,3.532471288511421,CALL,0.0,11902.0,14817990.0,0.0004422666203130424,10M-50M,2027-01-15,29.496400833129883,28.489999771118164,28.790000915527344,29.56999969482422,28.45499992370605,12.45,12.3,12.55,119.0,0.7702659692382813,True,SOFI,11.94,0.042713567839195964,0.03532471288511421,33504653798.0,4.271356783919597,-11902.0
COIN251219P00300000,300.0,-4459.0,多头平仓 Put，减仓，看跌减弱,2.773901222649555,PUT,0.0,4459.0,14714700.0,0.0001832093893190263,10M-50M,2025-12-19,272.32000732421875,264.9700012207031,273.69000244140625,279.8599853515625,270.20001220703125,33.0,32.5,34.0,154.0,0.5594526477050781,True,COIN,40.41,-0.18337045285820336,0.027739012226495552,80316298497.0,-18.337045285820334,-4459.0
ORCL260618P00240000,240.0,-2802.0,空头平仓 Put，回补，看跌信号减弱,-2.07114082597721,PUT,0.0,2802.0,14696490.0,1.8244899431352216e-05,10M-50M,2026-06-18,200.71499633789065,204.9600067138672,199.50999450683597,202.33990478515625,197.6100006103516,52.45,53.2,54.7,3.0,0.480199289855957,True,ORCL,52.45,0.0,-0.0207114082597721,805512250440.0,0.0,-2802.0
IBM260116C00270000,270.0,-3758.0,空头平仓 Call，回补信号，看涨,1.4428944043053327,CALL,0.0,3758.0,14686263.999999998,5.545329606572379e-05,10M-50M,2026-01-16,307.5849914550781,303.2099914550781,304.0599975585937,309.1300048828125,303.6000061035156,39.08,40.75,42.75,6.0,0.4240169903564453,True,IBM,37.8,0.03386243386243389,0.014428944043053327,264840235693.0,3.386243386243389,-3758.0
META260918P00580000,580.0,-3012.0,多头平仓 Put，减仓，看跌减弱,1.7029464989433647,PUT,0.0,3012.0,14683500.0,7.858841233615636e-06,10M-50M,2026-09-18,644.4000244140625,633.6099853515625,636.0750122070312,646.25,635.5,48.75,47.3,47.9,1.0,0.3469151002502441,False,META,50.87,-0.04167485747985055,0.017029464989433647,1868405222031.0,-4.167485747985055,-3012.0
MSFT251219C00500000,500.0,-20871.0,空头平仓 Call，回补信号，看涨,1.093717313819516,CALL,0.0,20871.0,14651441.999999998,3.85385031106719e-06,10M-50M,2025-12-19,490.80999755859375,485.5,487.5950012207031,492.6300048828125,486.6499938964844,7.02,6.95,7.1,858.0,0.2290726507568359,False,MSFT,5.6,0.25357142857142856,0.01093717313819516,3801767276203.0,25.357142857142854,-20871.0
META261218C00520000,520.0,-805.0,空头平仓 Call，回补信号，看涨,1.7029464989433647,CALL,0.0,805.0,14634900.0,7.832829745622056e-06,10M-50M,2026-12-18,644.4000244140625,633.6099853515625,636.0750122070312,646.25,635.5,181.8,181.0,184.35,1.0,0.4721885057067871,True,META,174.2,0.04362801377726764,0.017029464989433647,1868405222031.0,4.362801377726764,-805.0
SNDK251219C00175000,175.0,-2815.0,空头平仓 Call，回补信号，看涨,3.780651778230113,CALL,0.0,2815.0,14632369.999999998,0.0010333131377180287,10M-50M,2025-12-19,223.1699066162109,215.0399932861328,225.3999938964844,237.7698974609375,211.72999572753903,51.98,53.0,55.8,2300.0,1.1795695318603514,True,SNDK,46.15,0.1263271939328277,0.03780651778230113,14160634822.0,12.632719393282771,-2815.0
AMZN270617C00260000,260.0,-4019.0,空头平仓 Call，回补信号，看涨,1.2654886760956519,CALL,0.0,4019.0,14625141.0,6.2395692987631044e-06,10M-50M,2027-06-17,232.05999755859372,229.16000366210935,231.34500122070312,232.8800048828125,230.22999572753903,36.39,36.15,36.4,12.0,0.4060728338623046,False,AMZN,35.75,0.01790209790209792,0.012654886760956519,2343934380679.0,1.790209790209792,-4019.0
INTC261218C00033000,33.0,-11650.0,空头平仓 Call，回补信号，看涨,8.951366601513174,CALL,0.0,11650.0,14562500.0,9.371973214659215e-05,10M-50M,2026-12-18,40.10499954223633,36.810001373291016,37.369998931884766,40.18999862670898,37.35499954223633,12.5,12.35,13.2,44.0,0.5961954443359375,True,INTC,10.45,0.19617224880382783,0.08951366601513173,155383500000.0,19.617224880382782,-11650.0
MU260220C00250000,250.0,-5918.0,空头平仓 Call，回补信号，看涨,2.2192307531735946,CALL,0.0,5918.0,14552362.0,8.268161786981596e-05,10M-50M,2026-02-20,235.3699951171875,230.25999450683597,235.6150054931641,238.1000061035156,233.47999572753903,24.59,24.25,25.2,80.0,0.6773713903808594,False,MU,21.9,0.12283105022831056,0.02219230753173595,176004804634.0,12.283105022831057,-5918.0
BA260618P00210000,210.0,-4077.0,多头平仓 Put，减仓，看跌减弱,1.0860254650024583,PUT,0.0,4077.0,14534504.999999998,8.687302843567721e-05,10M-50M,2026-06-18,188.9499969482422,186.9199981689453,187.8699951171875,189.75,186.91000366210935,35.65,28.5,29.8,27.0,0.2920603021240233,True,BA,35.65,0.0,0.010860254650024584,167307451596.0,0.0,-4077.0
META260220P00700000,700.0,-1931.0,多头平仓 Put，减仓，看跌减弱,1.7029464989433647,PUT,0.0,1931.0,14521120.000000002,7.771932891632151e-06,10M-50M,2026-02-20,644.4000244140625,633.6099853515625,636.0750122070312,646.25,635.5,75.2,74.7,76.0,18.0,0.3293981855773925,True,META,80.6,-0.06699751861042173,0.017029464989433647,1868405222031.0,-6.699751861042174,-1931.0
INTC260116C00033000,33.0,-18610.0,空头平仓 Call，回补信号，看涨,8.951366601513174,CALL,0.0,18610.0,14515800.0,9.341918543474694e-05,10M-50M,2026-01-16,40.10499954223633,36.810001373291016,37.369998931884766,40.18999862670898,37.35499954223633,7.8,7.45,8.05,50.0,0.5459029785156251,True,INTC,5.31,0.46892655367231645,0.08951366601513173,155383500000.0,46.89265536723165,-18610.0
AMD260618C00270000,270.0,-7377.0,空头平仓 Call，回补信号，看涨,1.1435758427108205,CALL,0.0,7377.0,14503182.0,5.604473838743674e-05,10M-50M,2026-06-18,216.69000244140625,214.2400054931641,216.3950042724609,218.3000030517578,214.03219604492188,19.66,19.75,20.0,7.0,0.5752300778198242,False,AMD,19.36,0.015495867768595078,0.011435758427108204,258778654648.0,1.5495867768595077,-7377.0
ORCL260618P00200000,200.0,-4893.0,空头平仓 Put，回补，看跌信号减弱,-2.07114082597721,PUT,0.0,4893.0,14449029.0,1.793768995084484e-05,10M-50M,2026-06-18,200.71499633789065,204.9600067138672,199.50999450683597,202.33990478515625,197.6100006103516,29.53,28.85,29.3,36.0,0.5006763800048828,False,ORCL,27.94,0.056907659269863985,-0.0207114082597721,805512250440.0,5.690765926986399,-4893.0
AMD270115C00160000,160.0,-1750.0,空头平仓 Call，回补信号，看涨,1.1435758427108205,CALL,0.0,1750.0,14411250.0,5.568948497550039e-05,10M-50M,2027-01-15,216.69000244140625,214.2400054931641,216.3950042724609,218.3000030517578,214.03219604492188,82.35,82.3,82.75,5.0,0.6294897891235353,True,AMD,80.87,0.01830097687646828,0.011435758427108204,258778654648.0,1.830097687646828,-1750.0
WULF260116C00012000,12.0,-29952.0,空头平仓 Call，回补信号，看涨,3.2008047365995265,CALL,0.0,29952.0,14376960.0,0.0033871475784706413,10M-50M,2026-01-16,15.3149995803833,14.84000015258789,15.130000114440918,16.1299991607666,15.130000114440918,4.8,4.7,4.85,800.0,1.4179716601562502,True,WULF,3.93,0.22137404580152661,0.03200804736599527,4244562620.0,22.137404580152662,-29952.0
IBM260116C00250000,250.0,-2399.0,空头平仓 Call，回补信号，看涨,1.4428944043053327,CALL,0.0,2399.0,14370010.0,5.4259164822136635e-05,10M-50M,2026-01-16,307.5849914550781,303.2099914550781,304.0599975585937,309.1300048828125,303.6000061035156,59.9,58.85,61.0,8.0,0.5007374145507812,True,IBM,54.9,0.09107468123861567,0.014428944043053327,264840235693.0,9.107468123861567,-2399.0
ORCL260417P00250000,250.0,-2417.0,空头平仓 Put，回补，看跌信号减弱,-2.07114082597721,PUT,0.0,2417.0,14315891.0,1.7772406306893707e-05,10M-50M,2026-04-17,200.71499633789065,204.9600067138672,199.50999450683597,202.33990478515625,197.6100006103516,59.23,57.5,58.45,10.0,0.4863942962646485,True,ORCL,55.0,0.07690909090909086,-0.0207114082597721,805512250440.0,7.690909090909086,-2417.0
INTC260618C00038000,38.0,-18820.0,空头平仓 Call，回补信号，看涨,8.951366601513174,CALL,0.0,18820.0,14303200.0,9.205095779152871e-05,10M-50M,2026-06-18,40.10499954223633,36.810001373291016,37.369998931884766,40.18999862670898,37.35499954223633,7.6,7.4,7.8,12.0,0.563602996826172,True,INTC,5.75,0.3217391304347825,0.08951366601513173,155383500000.0,32.17391304347825,-18820.0
NVDA260320P00210000,210.0,-3802.0,空头平仓 Put，回补，看跌信号减弱,-1.8575921366021577,PUT,0.0,3802.0,14303124.0,3.3032489248887476e-06,10M-50M,2026-03-20,176.9114990234375,180.25999450683597,178.99000549316406,179.2899932861328,176.53140258789062,37.62,37.25,37.55,6.0,0.368719691772461,True,NVDA,35.45,0.06121297602256684,-0.018575921366021576,4330017000000.0,6.121297602256684,-3802.0
NVDA261218C00220000,220.0,-6824.0,多头平仓 Call，减仓，看涨减弱,-1.8575921366021577,CALL,0.0,6824.0,14296279.999999998,3.3016683306324195e-06,10M-50M,2026-12-18,176.9114990234375,180.25999450683597,178.99000549316406,179.2899932861328,176.53140258789062,20.95,20.85,21.15,50.0,0.4854177435302734,False,NVDA,22.65,-0.07505518763796906,-0.018575921366021576,4330017000000.0,-7.505518763796906,-6824.0
PANW260116C00170000,170.0,-6206.0,空头平仓 Call，回补信号，看涨,2.2551888525144186,CALL,0.0,6206.0,14261388.0,0.00010535483419667995,10M-50M,2026-01-16,189.52999877929688,185.3500061035156,187.1999969482422,190.9199981689453,186.9499969482422,22.98,22.5,23.6,3.0,0.4233456103515625,True,PANW,19.9,0.15477386934673376,0.022551888525144188,135365293000.0,15.477386934673376,-6206.0
AMZN251219C00195000,195.0,-3713.0,空头平仓 Call，回补信号，看涨,1.2654886760956519,CALL,0.0,3713.0,14250494.0,6.079732486312975e-06,10M-50M,2025-12-19,232.05999755859372,229.16000366210935,231.34500122070312,232.8800048828125,230.22999572753903,38.38,38.4,38.6,30.0,0.5600629931640625,True,AMZN,35.8,0.07206703910614541,0.012654886760956519,2343934380679.0,7.206703910614541,-3713.0
C260618C00075000,75.0,-4876.0,空头平仓 Call，回补信号，看涨,1.2975627620045593,CALL,0.0,4876.0,14247672.0,7.483584611506611e-05,10M-50M,2026-06-18,103.83000183105467,102.5,102.8000030517578,104.37000274658205,102.51000213623048,29.22,29.25,31.8,1.0,0.4731497998046875,True,C,29.22,0.0,0.012975627620045593,190385660611.0,0.0,-4876.0
GS261218C00600000,600.0,-626.0,空头平仓 Call，回补信号，看涨,1.3271916962090153,CALL,0.0,626.0,14241500.0,5.8622265768896e-05,10M-50M,2026-12-18,826.8400268554688,816.010009765625,820.0,830.5700073242188,818.9500122070312,227.5,255.0,262.0,2.0,0.3976500665283203,True,GS,227.5,0.0,0.013271916962090154,242936703541.0,0.0,-626.0
META251128C00610000,610.0,-4055.0,空头平仓 Call，回补信号，看涨,1.7029464989433647,CALL,0.0,4055.0,14241159.999999998,7.6220938756098774e-06,10M-50M,2025-11-28,644.4000244140625,633.6099853515625,636.0750122070312,646.25,635.5,35.12,34.9,35.45,402.0,0.7221707470703125,True,META,23.9,0.46945606694560665,0.017029464989433647,1868405222031.0,46.94560669456067,-4055.0
GS251219C00700000,700.0,-1120.0,空头平仓 Call，回补信号，看涨,1.3271916962090153,CALL,0.0,1120.0,14218400.0,5.852717927244117e-05,10M-50M,2025-12-19,826.8400268554688,816.010009765625,820.0,830.5700073242188,818.9500122070312,126.95,126.95,131.85,6.0,0.5444991839599609,True,GS,118.0,0.07584745762711867,0.013271916962090154,242936703541.0,7.584745762711867,-1120.0
NVDA270617P00180000,180.0,-3919.0,空头平仓 Put，回补，看跌信号减弱,-1.8575921366021577,PUT,0.0,3919.0,14167185.0,3.2718543599251456e-06,10M-50M,2027-06-17,176.9114990234375,180.25999450683597,178.99000549316406,179.2899932861328,176.53140258789062,36.15,35.95,36.25,1.0,0.3949798051452637,True,NVDA,35.23,0.026114107294919153,-0.018575921366021576,4330017000000.0,2.611410729491915,-3919.0
META260320C00600000,600.0,-1741.0,空头平仓 Call，回补信号，看涨,1.7029464989433647,CALL,0.0,1741.0,14136920.000000002,7.566302980374268e-06,10M-50M,2026-03-20,644.4000244140625,633.6099853515625,636.0750122070312,646.25,635.5,81.2,80.5,81.5,34.0,0.410589390258789,True,META,73.74,0.10116625983184172,0.017029464989433647,1868405222031.0,10.116625983184171,-1741.0
AMZN260618C00195000,195.0,-2786.0,空头平仓 Call，回补信号，看涨,1.2654886760956519,CALL,0.0,2786.0,14069300.0,6.002429127697829e-06,10M-50M,2026-06-18,232.05999755859372,229.16000366210935,231.34500122070312,232.8800048828125,230.22999572753903,50.5,50.6,50.9,1.0,0.4538018487548828,True,AMZN,49.33,0.023717818771538654,0.012654886760956519,2343934380679.0,2.3717818771538655,-2786.0
NVDA260918C00145000,145.0,-2847.0,多头平仓 Call，减仓，看涨减弱,-1.8575921366021577,CALL,0.0,2847.0,14015781.0,3.236888215450424e-06,10M-50M,2026-09-18,176.9114990234375,180.25999450683597,178.99000549316406,179.2899932861328,176.53140258789062,49.23,49.15,49.5,3.0,0.5402572830200197,True,NVDA,52.15,-0.055992329817833204,-0.018575921366021576,4330017000000.0,-5.59923298178332,-2847.0
META271217C00550000,550.0,-682.0,空头平仓 Call，回补信号，看涨,1.7029464989433647,CALL,0.0,682.0,13994640.0,7.490152476017756e-06,10M-50M,2027-12-17,644.4000244140625,633.6099853515625,636.0750122070312,646.25,635.5,205.2,205.6,210.9,1.0,0.4762587469863892,True,META,200.58,0.023033203709243073,0.017029464989433647,1868405222031.0,2.303320370924307,-682.0
AMD260618P00180000,180.0,-8658.0,多头平仓 Put，减仓，看跌减弱,1.1435758427108205,PUT,0.0,8658.0,13982669.999999998,5.403332055736872e-05,10M-50M,2026-06-18,216.69000244140625,214.2400054931641,216.3950042724609,218.3000030517578,214.03219604492188,16.15,15.8,16.05,13.0,0.5278062356567383,False,AMD,16.8,-0.03869047619047632,0.011435758427108204,258778654648.0,-3.8690476190476315,-8658.0
NVDA251128P00185000,185.0,-18014.0,空头平仓 Put，回补，看跌信号减弱,-1.8575921366021577,PUT,0.0,18014.0,13978863.999999998,3.228362382872861e-06,10M-50M,2025-11-28,176.9114990234375,180.25999450683597,178.99000549316406,179.2899932861328,176.53140258789062,7.76,7.75,7.85,3837.0,1.0000000000000004e-05,True,NVDA,4.91,0.580448065173116,-0.018575921366021576,4330017000000.0,58.0448065173116,-18014.0
JPM260320C00260000,260.0,-2406.0,空头平仓 Call，回补信号，看涨,1.6008931083288662,CALL,0.0,2406.0,13928334.0,1.6026394072307486e-05,10M-50M,2026-03-20,312.56500244140625,307.6400146484375,309.1000061035156,313.7200012207031,308.239990234375,57.89,56.6,59.3,3.0,0.3872131591796874,True,JPM,48.5,0.19360824742268043,0.01600893108328866,869087203095.0,19.360824742268044,-2406.0
AMD261218C00165000,165.0,-1780.0,空头平仓 Call，回补信号，看涨,1.1435758427108205,CALL,0.0,1780.0,13802120.000000002,5.333562004476042e-05,10M-50M,2026-12-18,216.69000244140625,214.2400054931641,216.3950042724609,218.3000030517578,214.03219604492188,77.54,77.9,78.35,2.0,0.6262549581909181,True,AMD,76.47,0.013992415326271837,0.011435758427108204,258778654648.0,1.3992415326271836,-1780.0
CIFR270115C00020000,20.0,-13963.0,空头平仓 Call，回补信号，看涨,6.997389970134785,CALL,0.0,13963.0,13795444.0,0.003058211187929586,10M-50M,2027-01-15,20.489999771118164,19.149999618530277,19.549999237060547,21.155000686645508,19.459999084472656,9.88,9.75,10.35,260.0,1.2204628820800782,True,CIFR,8.7,0.13563218390804616,0.06997389970134785,4510952041.0,13.563218390804616,-13963.0
BAC270115C00040000,40.0,-8671.0,空头平仓 Call，回补信号，看涨,1.2738237699185466,CALL,0.0,8671.0,13786890.0,3.5651135099477864e-05,10M-50M,2027-01-15,53.665000915527344,52.9900016784668,53.11000061035156,53.93999862670898,53.04999923706055,15.9,15.7,16.2,8.0,0.3796448754882812,True,BAC,15.2,0.04605263157894744,0.012738237699185466,386716719160.0,4.605263157894744,-8671.0
META270115P00500000,500.0,-4245.0,多头平仓 Put，减仓，看跌减弱,1.7029464989433647,PUT,0.0,4245.0,13783515.0,7.377155039749353e-06,10M-50M,2027-01-15,644.4000244140625,633.6099853515625,636.0750122070312,646.25,635.5,32.47,32.15,32.75,19.0,0.3596636910247802,False,META,34.3,-0.05335276967930025,0.017029464989433647,1868405222031.0,-5.3352769679300245,-4245.0
XP270115C00020000,20.0,-35329.0,空头平仓 Call，回补信号，看涨,4.085912417029336,CALL,0.0,35329.0,13778310.0,0.0013651606916124809,10M-50M,2027-01-15,19.8700008392334,19.09000015258789,19.36000061035156,19.979999542236328,19.200000762939453,3.9,3.7,4.5,1.0,0.5463912548828126,False,XP,3.7,0.05405405405405398,0.04085912417029336,10092811846.0,5.405405405405398,-35329.0
JPM260116C00260000,260.0,-2490.0,空头平仓 Call，回补信号，看涨,1.6008931083288662,CALL,0.0,2490.0,13747290.0,1.581807895806433e-05,10M-50M,2026-01-16,312.56500244140625,307.6400146484375,309.1000061035156,313.7200012207031,308.239990234375,55.21,54.3,56.4,3.0,0.4738822143554688,True,JPM,42.35,0.30365997638724906,0.01600893108328866,869087203095.0,30.365997638724906,-2490.0
AMZN251219C00190000,190.0,-3186.0,空头平仓 Call，回补信号，看涨,1.2654886760956519,CALL,0.0,3186.0,13715729.999999998,5.851584461177097e-06,10M-50M,2025-12-19,232.05999755859372,229.16000366210935,231.34500122070312,232.8800048828125,230.22999572753903,43.05,43.15,43.4,26.0,0.5954630297851562,True,AMZN,40.4,0.06559405940594056,0.012654886760956519,2343934380679.0,6.559405940594056,-3186.0
WDC280121P00120000,120.0,4032.0,空头卖 Put，看涨/看不跌,3.081019678652274,PUT,4032.0,0.0,13708800.0,0.00036971834149741466,10M-50M,2028-01-21,162.60000610351562,157.74000549316406,160.0,163.25,156.7899932861328,34.0,27.0,32.0,4.0,0.6019326916503909,False,WDC,34.0,0.0,0.030810196786522737,37079036827.0,0.0,4032.0
NVDA260918C00135000,135.0,-2458.0,多头平仓 Call，减仓，看涨减弱,-1.8575921366021577,CALL,0.0,2458.0,13703350.0,3.164733533378737e-06,10M-50M,2026-09-18,176.9114990234375,180.25999450683597,178.99000549316406,179.2899932861328,176.53140258789062,55.75,55.95,56.4,9.0,0.5598188549804688,True,NVDA,59.05,-0.05588484335309055,-0.018575921366021576,4330017000000.0,-5.588484335309055,-2458.0
GS260116C00620000,620.0,-683.0,空头平仓 Call，回补信号，看涨,1.3271916962090153,CALL,0.0,683.0,13641559.0,5.6152729501813375e-05,10M-50M,2026-01-16,826.8400268554688,816.010009765625,820.0,830.5700073242188,818.9500122070312,199.73,207.6,211.9,4.0,0.5519453985595704,True,GS,199.73,0.0,0.013271916962090154,242936703541.0,0.0,-683.0
NVDA260417C00190000,190.0,-8903.0,多头平仓 Call，减仓，看涨减弱,-1.8575921366021577,CALL,0.0,8903.0,13603784.0,3.1417391663820257e-06,10M-50M,2026-04-17,176.9114990234375,180.25999450683597,178.99000549316406,179.2899932861328,176.53140258789062,15.28,15.25,15.35,655.0,0.4693656579589844,False,NVDA,17.1,-0.10643274853801181,-0.018575921366021576,4330017000000.0,-10.64327485380118,-8903.0
MSFT260618C00415000,415.0,-1458.0,空头平仓 Call，回补信号，看涨,1.093717313819516,CALL,0.0,1458.0,13588560.0,3.5742745446458578e-06,10M-50M,2026-06-18,490.80999755859375,485.5,487.5950012207031,492.6300048828125,486.6499938964844,93.2,95.95,97.2,1.0,0.37695935546875,True,MSFT,93.2,0.0,0.01093717313819516,3801767276203.0,0.0,-1458.0
IONQ260417C00040000,40.0,-8768.0,空头平仓 Call，回补信号，看涨,4.818759590628501,CALL,0.0,8768.0,13572864.000000002,0.0006796202589536709,10M-50M,2026-04-17,49.15999984741211,46.900001525878906,47.70000076293945,49.84999847412109,47.56999969482422,15.48,15.7,16.4,6.0,1.0026905334472658,True,IONQ,13.8,0.12173913043478259,0.04818759590628501,19971246915.0,12.173913043478258,-8768.0
NVDA260515P00140000,140.0,-21867.0,空头平仓 Put，回补，看跌信号减弱,-1.8575921366021577,PUT,0.0,21867.0,13557540.0,3.1310593006909673e-06,10M-50M,2026-05-15,176.9114990234375,180.25999450683597,178.99000549316406,179.2899932861328,176.53140258789062,6.2,6.1,6.2,1277.0,0.4522759851074219,False,NVDA,5.9,0.05084745762711861,-0.018575921366021576,4330017000000.0,5.0847457627118615,-21867.0
AMZN271217P00220000,220.0,-3987.0,多头平仓 Put，减仓，看跌减弱,1.2654886760956519,PUT,0.0,3987.0,13555800.0,5.783353028881765e-06,10M-50M,2027-12-17,232.05999755859372,229.16000366210935,231.34500122070312,232.8800048828125,230.22999572753903,34.0,33.65,34.9,88.0,0.3174354145812988,False,AMZN,34.99,-0.028293798228065218,0.012654886760956519,2343934380679.0,-2.829379822806522,-3987.0
IBM260116C00230000,230.0,-1685.0,空头平仓 Call，回补信号，看涨,1.4428944043053327,CALL,0.0,1685.0,13510330.000000002,5.1013132368833235e-05,10M-50M,2026-01-16,307.5849914550781,303.2099914550781,304.0599975585937,309.1300048828125,303.6000061035156,80.18,77.8,81.2,1.0,0.5520064331054688,True,IBM,76.67,0.04578061823398989,0.014428944043053327,264840235693.0,4.578061823398989,-1685.0
MU260116C00210000,210.0,-3520.0,空头平仓 Call，回补信号，看涨,2.2192307531735946,CALL,0.0,3520.0,13502720.000000002,7.671790567353406e-05,10M-50M,2026-01-16,235.3699951171875,230.25999450683597,235.6150054931641,238.1000061035156,233.47999572753903,38.36,38.6,39.75,30.0,0.7458521508789062,True,MU,35.0,0.09599999999999999,0.02219230753173595,176004804634.0,9.6,-3520.0
RBLX260116C00075000,75.0,-6837.0,空头平仓 Call，回补信号，看涨,2.199927976148702,CALL,0.0,6837.0,13482563.999999998,0.00014399849932951561,10M-50M,2026-01-16,94.7699966430664,92.7300033569336,93.61000061035156,95.73999786376952,93.0749969482422,19.72,20.05,22.65,1.0,0.6245154736328126,True,RBLX,19.72,0.0,0.02199927976148702,93629892414.0,0.0,-6837.0
MSFT251219C00405000,405.0,-1832.0,空头平仓 Call，回补信号，看涨,1.093717313819516,CALL,0.0,1832.0,13443216.0,3.536043903620097e-06,10M-50M,2025-12-19,490.80999755859375,485.5,487.5950012207031,492.6300048828125,486.6499938964844,73.38,86.65,90.05,7.0,0.5794109442138673,True,MSFT,73.38,0.0,0.01093717313819516,3801767276203.0,0.0,-1832.0
META260116C00520000,520.0,-1127.0,空头平仓 Call，回补信号，看涨,1.7029464989433647,CALL,0.0,1127.0,13416935.0,7.180955630928648e-06,10M-50M,2026-01-16,644.4000244140625,633.6099853515625,636.0750122070312,646.25,635.5,119.05,127.15,130.65,5.0,0.493718441772461,True,META,119.05,0.0,0.017029464989433647,1868405222031.0,0.0,-1127.0
APP270115C00700000,700.0,-1028.0,空头平仓 Call，回补信号，看涨,1.7650929740818393,CALL,0.0,1028.0,13413344.0,5.919912978404824e-05,10M-50M,2027-01-15,596.719970703125,586.3699951171875,589.7899780273438,597.1900024414062,583.4000244140625,130.48,132.7,141.3,1.0,0.6842911820220948,False,APP,130.48,0.0,0.017650929740818392,226580087392.0,0.0,-1028.0
NVDA260417P00190000,190.0,-5315.0,空头平仓 Put，回补，看跌信号减弱,-1.8575921366021577,PUT,0.0,5315.0,13404429.999999998,3.095699162382041e-06,10M-50M,2026-04-17,176.9114990234375,180.25999450683597,178.99000549316406,179.2899932861328,176.53140258789062,25.22,24.85,25.05,8.0,0.3909362664794922,True,NVDA,23.7,0.0641350210970464,-0.018575921366021576,4330017000000.0,6.41350210970464,-5315.0
MSFT270617C00505000,505.0,1827.0,多头买 Call，看涨,1.093717313819516,CALL,1921.0,94.0,13362678.0,3.5148595453601573e-06,10M-50M,2027-06-17,490.80999755859375,485.5,487.5950012207031,492.6300048828125,486.6499938964844,73.14,72.3,73.15,11.0,0.3254996039581298,False,MSFT,69.3,0.05541125541125546,0.01093717313819516,3801767276203.0,5.541125541125546,1827.0
NVDA260618C00230000,230.0,-15159.0,多头平仓 Call，减仓，看涨减弱,-1.8575921366021577,CALL,0.0,15159.0,13339920.000000002,3.080800837502486e-06,10M-50M,2026-06-18,176.9114990234375,180.25999450683597,178.99000549316406,179.2899932861328,176.53140258789062,8.8,8.8,8.85,220.0,0.461919443359375,False,NVDA,10.0,-0.11999999999999993,-0.018575921366021576,4330017000000.0,-11.999999999999993,-15159.0
NVDA260918C00160000,160.0,-3271.0,多头平仓 Call，减仓，看涨减弱,-1.8575921366021577,CALL,0.0,3271.0,13312970.000000002,3.0745768434627397e-06,10M-50M,2026-09-18,176.9114990234375,180.25999450683597,178.99000549316406,179.2899932861328,176.53140258789062,40.7,40.2,40.45,12.0,0.5207262283325195,True,NVDA,43.2,-0.057870370370370364,-0.018575921366021576,4330017000000.0,-5.787037037037036,-3271.0
APLD270115C00020000,20.0,-9814.0,空头平仓 Call，回补信号，看涨,8.322769880074883,CALL,0.0,9814.0,13297970.000000002,0.0023421837304481875,10M-50M,2027-01-15,27.01569938659668,24.940000534057617,25.45499992370605,27.34000015258789,25.25,13.55,13.45,13.95,20.0,1.0385790258789065,True,APLD,12.03,0.12635078969243568,0.08322769880074883,5677594728.0,12.635078969243569,-9814.0
ORCL261218P00200000,200.0,-3488.0,空头平仓 Put，回补，看跌信号减弱,-2.07114082597721,PUT,0.0,3488.0,13254400.0,1.6454622499856416e-05,10M-50M,2026-12-18,200.71499633789065,204.9600067138672,199.50999450683597,202.33990478515625,197.6100006103516,38.0,37.4,38.6,12.0,0.4789175643920897,False,ORCL,36.65,0.03683492496589363,-0.0207114082597721,805512250440.0,3.6834924965893627,-3488.0
ORCL260618P00210000,210.0,-3789.0,空头平仓 Put，回补，看跌信号减弱,-2.07114082597721,PUT,0.0,3789.0,13234976.999999998,1.6430509893264286e-05,10M-50M,2026-06-18,200.71499633789065,204.9600067138672,199.50999450683597,202.33990478515625,197.6100006103516,34.93,34.05,35.15,5.0,0.4988758609008789,True,ORCL,32.7,0.06819571865443415,-0.0207114082597721,805512250440.0,6.8195718654434145,-3789.0
C270617C00075000,75.0,-4091.0,空头平仓 Call，回补信号，看涨,1.2975627620045593,CALL,0.0,4091.0,13234385.0,6.951355977927757e-05,10M-50M,2027-06-17,103.83000183105467,102.5,102.8000030517578,104.37000274658205,102.51000213623048,32.35,32.9,35.95,2.0,0.4123899093627929,True,C,32.35,0.0,0.012975627620045593,190385660611.0,0.0,-4091.0
META251219C00610000,610.0,-3161.0,空头平仓 Call，回补信号，看涨,1.7029464989433647,CALL,0.0,3161.0,13219301.999999998,7.075179326265375e-06,10M-50M,2025-12-19,644.4000244140625,633.6099853515625,636.0750122070312,646.25,635.5,41.82,41.85,42.2,126.0,0.3352727606201171,True,META,34.31,0.21888662197610018,0.017029464989433647,1868405222031.0,21.888662197610017,-3161.0
NVDA271217P00185000,185.0,-3048.0,空头平仓 Put，回补，看跌信号减弱,-1.8575921366021577,PUT,0.0,3048.0,13167360.0,3.040948799970069e-06,10M-50M,2027-12-17,176.9114990234375,180.25999450683597,178.99000549316406,179.2899932861328,176.53140258789062,43.2,43.4,43.7,1.0,0.3871063487243651,True,NVDA,42.65,0.012895662368112645,-0.018575921366021576,4330017000000.0,1.2895662368112646,-3048.0
MSFT260320C00500000,500.0,-4794.0,空头平仓 Call，回补信号，看涨,1.093717313819516,CALL,0.0,4794.0,13135560.0,3.4551194341172532e-06,10M-50M,2026-03-20,490.80999755859375,485.5,487.5950012207031,492.6300048828125,486.6499938964844,27.4,27.25,27.4,127.0,0.2893747821044921,False,MSFT,24.65,0.11156186612576066,0.01093717313819516,3801767276203.0,11.156186612576066,-4794.0
JPM260116C00275000,275.0,-3164.0,空头平仓 Call，回补信号，看涨,1.6008931083288662,CALL,0.0,3164.0,13108451.999999998,1.5083011179221233e-05,10M-50M,2026-01-16,312.56500244140625,307.6400146484375,309.1000061035156,313.7200012207031,308.239990234375,41.43,40.25,41.9,8.0,0.387701435546875,True,JPM,36.64,0.1307314410480349,0.01600893108328866,869087203095.0,13.073144104803491,-3164.0
MSFT260618P00450000,450.0,-6832.0,多头平仓 Put，减仓，看跌减弱,1.093717313819516,PUT,0.0,6832.0,13096944.000000002,3.444962052774709e-06,10M-50M,2026-06-18,490.80999755859375,485.5,487.5950012207031,492.6300048828125,486.6499938964844,19.17,18.6,18.9,2.0,0.2552869882202149,False,MSFT,19.65,-0.024427480916030378,0.01093717313819516,3801767276203.0,-2.442748091603038,-6832.0
MU260116C00250000,250.0,-7180.0,空头平仓 Call，回补信号，看涨,2.2192307531735946,CALL,0.0,7180.0,13081960.0,7.432728911692943e-05,10M-50M,2026-01-16,235.3699951171875,230.25999450683597,235.6150054931641,238.1000061035156,233.47999572753903,18.22,18.1,18.45,661.0,0.6972686523437501,False,MU,16.0,0.13874999999999993,0.02219230753173595,176004804634.0,13.874999999999993,-7180.0
NVDA260618P00175000,175.0,-6309.0,空头平仓 Put，回补，看跌信号减弱,-1.8575921366021577,PUT,0.0,6309.0,13028085.0,3.008783799232197e-06,10M-50M,2026-06-18,176.9114990234375,180.25999450683597,178.99000549316406,179.2899932861328,176.53140258789062,20.65,20.45,20.55,227.0,0.41211525390625,False,NVDA,19.63,0.0519612837493632,-0.018575921366021576,4330017000000.0,5.19612837493632,-6309.0
NVDA260220C00195000,195.0,-16732.0,多头平仓 Call，减仓，看涨减弱,-1.8575921366021577,CALL,0.0,16732.0,13017496.0,3.006338312297619e-06,10M-50M,2026-02-20,176.9114990234375,180.25999450683597,178.99000549316406,179.2899932861328,176.53140258789062,7.78,7.7,7.8,545.0,0.4247494049072265,False,NVDA,9.3,-0.1634408602150538,-0.018575921366021576,4330017000000.0,-16.34408602150538,-16732.0
NFLX260116C00080000,80.0,-4692.0,空头平仓 Call，回补信号，看涨,1.3143058983256304,CALL,0.0,4692.0,12996840.0,2.5265032239286157e-05,10M-50M,2026-01-16,107.53500366210938,106.13999938964844,106.5,107.94000244140624,106.25,27.7,27.7,28.85,20.0,0.5744671459960937,True,NFLX,27.08,0.022895125553914365,0.013143058983256304,514420083731.0,2.2895125553914366,-4692.0
AMZN270617C00250000,250.0,-3225.0,空头平仓 Call，回补信号，看涨,1.2654886760956519,CALL,0.0,3225.0,12987075.000000002,5.54071611690676e-06,10M-50M,2027-06-17,232.05999755859372,229.16000366210935,231.34500122070312,232.8800048828125,230.22999572753903,40.27,40.0,40.35,4.0,0.4117032707214356,False,AMZN,38.75,0.039225806451612985,0.012654886760956519,2343934380679.0,3.9225806451612986,-3225.0
MSFT260116C00510000,510.0,-13795.0,空头平仓 Call，回补信号，看涨,1.093717313819516,CALL,0.0,13795.0,12953505.0,3.407232494498522e-06,10M-50M,2026-01-16,490.80999755859375,485.5,487.5950012207031,492.6300048828125,486.6499938964844,9.39,9.3,9.45,274.0,0.2354812780761718,False,MSFT,7.95,0.18113207547169816,0.01093717313819516,3801767276203.0,18.113207547169814,-13795.0
ORCL260320P00210000,210.0,-4461.0,空头平仓 Put，回补，看跌信号减弱,-2.07114082597721,PUT,0.0,4461.0,12950283.0,1.607707765204823e-05,10M-50M,2026-03-20,200.71499633789065,204.9600067138672,199.50999450683597,202.33990478515625,197.6100006103516,29.03,28.3,28.7,74.0,0.5194750201416016,True,ORCL,26.75,0.08523364485981312,-0.0207114082597721,805512250440.0,8.523364485981313,-4461.0
PYPL260618C00062500,62.5,-16140.0,空头平仓 Call，回补信号，看涨,1.3989937540889383,CALL,0.0,16140.0,12912000.0,0.0002008181827438398,10M-50M,2026-06-18,62.69499969482422,61.83000183105469,62.22999954223633,63.05500030517578,62.130001068115234,8.0,8.0,8.25,1.0,0.4399470068359374,True,PYPL,7.65,0.04575163398692805,0.013989937540889383,64296966657.0,4.575163398692805,-16140.0
AMD251219C00185000,185.0,-3866.0,空头平仓 Call，回补信号，看涨,1.1435758427108205,CALL,0.0,3866.0,12900841.999999998,4.985280574067512e-05,10M-50M,2025-12-19,216.69000244140625,214.2400054931641,216.3950042724609,218.3000030517578,214.03219604492188,33.37,33.95,34.55,9.0,0.6381872119140625,True,AMD,32.17,0.037301834006838536,0.011435758427108204,258778654648.0,3.7301834006838535,-3866.0
AMD261218C00190000,190.0,-2025.0,空头平仓 Call，回补信号，看涨,1.1435758427108205,CALL,0.0,2025.0,12868875.0,4.9729275459387116e-05,10M-50M,2026-12-18,216.69000244140625,214.2400054931641,216.3950042724609,218.3000030517578,214.03219604492188,63.55,64.05,64.4,3.0,0.6067849380493165,True,AMD,62.63,0.014689445952418882,0.011435758427108204,258778654648.0,1.4689445952418883,-2025.0
CRM270115P00250000,250.0,-2896.0,多头平仓 Put，减仓，看跌减弱,1.4288888243863227,PUT,0.0,2896.0,12832176.0,5.5371878858761186e-05,10M-50M,2027-01-15,231.41000366210935,228.1499938964844,229.0,232.55999755859372,228.625,44.31,43.5,45.1,1.0,0.344733115234375,True,CRM,45.65,-0.029353778751369033,0.014288888243863228,231745360000.0,-2.9353778751369033,-2896.0
META260618P00620000,620.0,-2429.0,多头平仓 Put，减仓，看跌减弱,1.7029464989433647,PUT,0.0,2429.0,12798401.0,6.849906459845922e-06,10M-50M,2026-06-18,644.4000244140625,633.6099853515625,636.0750122070312,646.25,635.5,52.69,52.15,52.6,1.0,0.3415745774841308,False,META,55.15,-0.044605621033544894,0.017029464989433647,1868405222031.0,-4.46056210335449,-2429.0
SOFI260116C00030000,30.0,-51529.0,空头平仓 Call，回补信号，看涨,3.532471288511421,CALL,0.0,51529.0,12779192.0,0.00038141543192912595,10M-50M,2026-01-16,29.496400833129883,28.489999771118164,28.790000915527344,29.56999969482422,28.45499992370605,2.48,2.48,2.5,2159.0,0.6250037500000001,False,SOFI,2.13,0.16431924882629112,0.03532471288511421,33504653798.0,16.43192488262911,-51529.0
SMCI260320P00040000,40.0,-12960.0,多头平仓 Put，减仓，看跌减弱,1.385921385867936,PUT,0.0,12960.0,12765600.0,0.00046881329899146743,10M-50M,2026-03-20,33.28499984741211,32.83000183105469,33.27000045776367,33.56999969482422,32.880001068115234,9.85,9.15,9.4,9.0,0.6506382592773439,True,SMCI,9.85,0.0,0.013859213858679359,27229602973.0,0.0,-12960.0
CRWV260320P00070000,70.0,-10239.0,空头平仓 Put，回补，看跌信号减弱,-1.8441280518219607,PUT,0.0,10239.0,12727077.0,0.00021646602669456852,10M-50M,2026-03-20,72.91999816894531,74.29000091552734,75.5999984741211,75.62259674072266,72.69999694824219,12.43,12.2,12.75,2.0,0.8844005700683593,False,CRWV,11.98,0.03756260434056755,-0.018441280518219607,58794801172.0,3.756260434056755,-10239.0
COIN270115P00200000,200.0,-4052.0,多头平仓 Put，减仓，看跌减弱,2.773901222649555,PUT,0.0,4052.0,12703020.000000002,0.00015816241831008296,10M-50M,2027-01-15,272.32000732421875,264.9700012207031,273.69000244140625,279.8599853515625,270.20001220703125,31.35,30.65,31.5,3.0,0.6186103813171389,False,COIN,33.09,-0.052583862194016374,0.027739012226495552,80316298497.0,-5.258386219401637,-4052.0
AMD260618P00200000,200.0,-5213.0,多头平仓 Put，减仓，看跌减弱,1.1435758427108205,PUT,0.0,5213.0,12693655.0,4.905217169965724e-05,10M-50M,2026-06-18,216.69000244140625,214.2400054931641,216.3950042724609,218.3000030517578,214.03219604492188,24.35,23.95,24.2,2.0,0.5151415673828125,False,AMD,25.18,-0.03296266878474973,0.011435758427108204,258778654648.0,-3.296266878474973,-5213.0
META251219P00680000,680.0,-3169.0,多头平仓 Put，减仓，看跌减弱,1.7029464989433647,PUT,0.0,3169.0,12691845.0,6.7928760048120975e-06,10M-50M,2025-12-19,644.4000244140625,633.6099853515625,636.0750122070312,646.25,635.5,40.05,39.85,40.15,255.0,0.2565381964111328,True,META,49.2,-0.18597560975609767,0.017029464989433647,1868405222031.0,-18.597560975609767,-3169.0
SCHW270617C00085000,85.0,-7501.0,空头平仓 Call，回补信号，看涨,1.0784290096497866,CALL,0.0,7501.0,12676690.0,7.315690766092856e-05,10M-50M,2027-06-17,92.79000091552734,91.8000030517578,91.8499984741211,93.23989868164062,91.5749969482422,16.9,17.45,19.25,11.0,0.3428105270385742,True,SCHW,16.9,0.0,0.010784290096497865,173280834378.0,0.0,-7501.0
MU260320C00230000,230.0,-3219.0,空头平仓 Call，回补信号，看涨,2.2192307531735946,CALL,0.0,3219.0,12650670.0,7.187684464811585e-05,10M-50M,2026-03-20,235.3699951171875,230.25999450683597,235.6150054931641,238.1000061035156,233.47999572753903,39.3,38.4,39.1,152.0,0.7014190014648438,True,MU,36.05,0.09015256588072122,0.02219230753173595,176004804634.0,9.015256588072122,-3219.0
SOFI271217C00030000,30.0,-10697.0,空头平仓 Call，回补信号，看涨,3.532471288511421,CALL,0.0,10697.0,12622460.0,0.0003767375146181476,10M-50M,2027-12-17,29.496400833129883,28.489999771118164,28.790000915527344,29.56999969482422,28.45499992370605,11.8,11.6,12.0,7.0,0.742068009033203,False,SOFI,11.1,0.06306306306306315,0.03532471288511421,33504653798.0,6.306306306306316,-10697.0
INTC260618C00033000,33.0,-12251.0,空头平仓 Call，回补信号，看涨,8.951366601513174,CALL,0.0,12251.0,12618530.0,8.120894432163003e-05,10M-50M,2026-06-18,40.10499954223633,36.810001373291016,37.369998931884766,40.18999862670898,37.35499954223633,10.3,10.1,10.6,28.0,0.5728802478027344,True,INTC,8.1,0.2716049382716051,0.08951366601513173,155383500000.0,27.160493827160508,-12251.0
NVDA270617C00185000,185.0,-3022.0,多头平仓 Call，减仓，看涨减弱,-1.8575921366021577,CALL,6659.0,9681.0,12598718.0,2.90962321856935e-06,10M-50M,2027-06-17,176.9114990234375,180.25999450683597,178.99000549316406,179.2899932861328,176.53140258789062,41.69,41.55,41.9,1228.0,0.5162401892089843,False,NVDA,43.8,-0.04817351598173515,-0.018575921366021576,4330017000000.0,-4.8173515981735155,-3022.0
NVDA260220P00210000,210.0,-3548.0,空头平仓 Put，回补，看跌信号减弱,-1.8575921366021577,PUT,0.0,3548.0,12559920.0,2.9006629766118703e-06,10M-50M,2026-02-20,176.9114990234375,180.25999450683597,178.99000549316406,179.2899932861328,176.53140258789062,35.4,35.15,35.5,50.0,0.3391789715576171,True,NVDA,33.4,0.059880239520958084,-0.018575921366021576,4330017000000.0,5.9880239520958085,-3548.0
META260618C00720000,720.0,-2670.0,空头平仓 Call，回补信号，看涨,1.7029464989433647,CALL,0.0,2670.0,12549000.0,6.716423103527266e-06,10M-50M,2026-06-18,644.4000244140625,633.6099853515625,636.0750122070312,646.25,635.5,47.0,48.05,48.55,2.0,0.3999159740447998,False,META,43.92,0.07012750455373402,0.017029464989433647,1868405222031.0,7.012750455373403,-2670.0
C260320C00095000,95.0,10400.0,多头买 Call，看涨,1.2975627620045593,CALL,10400.0,0.0,12521599.999999998,6.576965912146291e-05,10M-50M,2026-03-20,103.83000183105467,102.5,102.8000030517578,104.37000274658205,102.51000213623048,12.04,12.5,13.45,1.0,0.3768372863769531,True,C,12.0,0.0033333333333332624,0.012975627620045593,190385660611.0,0.33333333333332626,10400.0
QCOM251219P00175000,175.0,-11996.0,多头平仓 Put，减仓，看跌减弱,1.2534863339405495,PUT,0.0,11996.0,12511828.0,6.853287673333815e-05,10M-50M,2025-12-19,167.2100067138672,165.13999938964844,165.02999877929688,167.7899932861328,164.1300048828125,10.43,9.45,10.45,2.0,0.3422917333984374,True,QCOM,11.75,-0.11234042553191492,0.012534863339405495,182566800000.0,-11.234042553191493,-11996.0
NVDA251219C00142000,142.0,-3164.0,多头平仓 Call，减仓，看涨减弱,-1.8575921366021577,CALL,0.0,3164.0,12466160.0,2.879009481948916e-06,10M-50M,2025-12-19,176.9114990234375,180.25999450683597,178.99000549316406,179.2899932861328,176.53140258789062,39.4,35.7,36.2,4.0,0.6669955175781253,True,NVDA,39.4,0.0,-0.018575921366021576,4330017000000.0,0.0,-3164.0
SOFI260220C00030000,30.0,-34022.0,空头平仓 Call，回补信号，看涨,3.532471288511421,CALL,0.0,34022.0,12418030.0,0.00037063597418043675,10M-50M,2026-02-20,29.496400833129883,28.489999771118164,28.790000915527344,29.56999969482422,28.45499992370605,3.65,3.6,3.65,498.0,0.6796907031250001,False,SOFI,3.26,0.11963190184049084,0.03532471288511421,33504653798.0,11.963190184049084,-34022.0
RIVN260116C00015000,15.0,-45868.0,空头平仓 Call，回补信号，看涨,4.726817698497462,CALL,0.0,45868.0,12384360.0,0.0006546531891283767,10M-50M,2026-01-16,16.944799423217773,16.18000030517578,16.389999389648438,17.05500030517578,16.260000228881836,2.7,2.67,2.78,600.0,0.6660189648437502,True,RIVN,2.16,0.25,0.04726817698497462,18917436294.0,25.0,-45868.0
NVO260618P00050000,50.0,-19099.0,多头平仓 Put，减仓，看跌减弱,1.4268111432705237,PUT,0.0,19099.0,12357053.0,4.976689563153082e-05,10M-50M,2026-06-18,49.40499877929688,48.709999084472656,49.130001068115234,49.70500183105469,48.34999847412109,6.47,6.35,6.5,42.0,0.4210262976074219,True,NVO,6.8,-0.0485294117647059,0.014268111432705236,248298650000.0,-4.85294117647059,-19099.0
AMZN260515C00210000,210.0,-3233.0,空头平仓 Call，回补信号，看涨,1.2654886760956519,CALL,0.0,3233.0,12356526.0,5.271703039920646e-06,10M-50M,2026-05-15,232.05999755859372,229.16000366210935,231.34500122070312,232.8800048828125,230.22999572753903,38.22,37.9,38.2,57.0,0.4296016513061523,True,AMZN,35.96,0.06284760845383754,0.012654886760956519,2343934380679.0,6.284760845383754,-3233.0
META260116C00630000,630.0,-3200.0,空头平仓 Call，回补信号，看涨,1.7029464989433647,CALL,0.0,3200.0,12355200.0,6.612698281034352e-06,10M-50M,2026-01-16,644.4000244140625,633.6099853515625,636.0750122070312,646.25,635.5,38.61,38.5,38.75,226.0,0.3298712033081054,True,META,32.35,0.19350850077279746,0.017029464989433647,1868405222031.0,19.350850077279745,-3200.0
MSFT251219C00445000,445.0,-2523.0,空头平仓 Call，回补信号，看涨,1.093717313819516,CALL,0.0,2523.0,12342516.0,3.2465206582363556e-06,10M-50M,2025-12-19,490.80999755859375,485.5,487.5950012207031,492.6300048828125,486.6499938964844,48.92,48.05,49.4,6.0,0.3924621301269531,True,MSFT,45.3,0.07991169977924956,0.01093717313819516,3801767276203.0,7.991169977924955,-2523.0
IREN251219P00060000,60.0,-9098.0,空头平仓 Put，回补，看跌信号减弱,-1.0319917278153312,PUT,0.0,9098.0,12336888.0,0.0010835991102545164,10M-50M,2025-12-19,47.95000076293945,48.45000076293945,49.584999084472656,51.5,47.244998931884766,13.56,13.0,13.9,208.0,1.0351610742187505,True,IREN,12.0,0.13000000000000003,-0.010319917278153313,11385103479.0,13.000000000000004,-9098.0
BA270115C00150000,150.0,-2207.0,空头平仓 Call，回补信号，看涨,1.0860254650024583,CALL,0.0,2207.0,12292990.0,7.347544824054867e-05,10M-50M,2027-01-15,188.9499969482422,186.9199981689453,187.8699951171875,189.75,186.91000366210935,55.7,54.35,56.35,1.0,0.4694266925048829,True,BA,53.74,0.03647190174916265,0.010860254650024584,167307451596.0,3.6471901749162647,-2207.0
META260116P00630000,630.0,-6200.0,多头平仓 Put，减仓，看跌减弱,1.7029464989433647,PUT,0.0,6200.0,12245000.0,6.5537174996168124e-06,10M-50M,2026-01-16,644.4000244140625,633.6099853515625,636.0750122070312,646.25,635.5,19.75,19.5,19.8,334.0,0.2805247729492187,False,META,24.59,-0.19682797885319234,0.017029464989433647,1868405222031.0,-19.682797885319232,-6200.0
AMZN251219C00215000,215.0,-6273.0,空头平仓 Call，回补信号，看涨,1.2654886760956519,CALL,0.0,6273.0,12232350.0,5.2187254476196065e-06,10M-50M,2025-12-19,232.05999755859372,229.16000366210935,231.34500122070312,232.8800048828125,230.22999572753903,19.5,19.3,19.45,157.0,0.3773255627441406,True,AMZN,17.45,0.11747851002865334,0.012654886760956519,2343934380679.0,11.747851002865334,-6273.0
ORCL260918P00250000,250.0,-1926.0,空头平仓 Put，回补，看跌信号减弱,-2.07114082597721,PUT,0.0,1926.0,12230100.0,1.5183009312793785e-05,10M-50M,2026-09-18,200.71499633789065,204.9600067138672,199.50999450683597,202.33990478515625,197.6100006103516,63.5,65.25,66.25,4.0,0.4561211614990235,True,ORCL,63.5,0.0,-0.0207114082597721,805512250440.0,0.0,-1926.0
RUN260918P00015000,15.0,-40028.0,多头平仓 Put，减仓，看跌减弱,4.940201692948007,PUT,0.0,40028.0,12208540.0,0.0029944583286398907,10M-50M,2026-09-18,20.18000030517578,19.229999542236328,19.3799991607666,20.309999465942383,19.290000915527344,3.05,2.55,3.25,1.0,0.8291032714843749,False,RUN,3.3,-0.07575757575757576,0.04940201692948007,4077044547.0,-7.575757575757576,-40028.0
AMD251219P00250000,250.0,-3472.0,多头平仓 Put，减仓，看跌减弱,1.1435758427108205,PUT,0.0,3472.0,12190192.0,4.710663642865574e-05,10M-50M,2025-12-19,216.69000244140625,214.2400054931641,216.3950042724609,218.3000030517578,214.03219604492188,35.11,34.3,34.95,25.0,0.4926808544921875,True,AMD,36.2,-0.030110497237569152,0.011435758427108204,258778654648.0,-3.011049723756915,-3472.0
NVDA261218P00180000,180.0,-3972.0,空头平仓 Put，回补，看跌信号减弱,-1.8575921366021577,PUT,0.0,3972.0,12186096.0,2.814329828266263e-06,10M-50M,2026-12-18,176.9114990234375,180.25999450683597,178.99000549316406,179.2899932861328,176.53140258789062,30.68,30.4,30.65,18.0,0.4000914483642578,True,NVDA,29.63,0.03543705703678707,-0.018575921366021576,4330017000000.0,3.5437057036787065,-3972.0
IBM270115C00260000,260.0,-1777.0,空头平仓 Call，回补信号，看涨,1.4428944043053327,CALL,0.0,1777.0,12184888.999999998,4.6008450974664565e-05,10M-50M,2027-01-15,307.5849914550781,303.2099914550781,304.0599975585937,309.1300048828125,303.6000061035156,68.57,70.0,73.45,11.0,0.3830170341491699,True,IBM,68.57,0.0,0.014428944043053327,264840235693.0,0.0,-1777.0
COIN260220P00310000,310.0,-2228.0,多头平仓 Put，减仓，看跌减弱,2.773901222649555,PUT,0.0,2228.0,12176020.0,0.00015160086094424287,10M-50M,2026-02-20,272.32000732421875,264.9700012207031,273.69000244140625,279.8599853515625,270.20001220703125,54.65,53.45,54.7,6.0,0.5686688641357422,True,COIN,63.64,-0.14126335637963547,0.027739012226495552,80316298497.0,-14.126335637963546,-2228.0
COIN251128C00255000,255.0,-6662.0,空头平仓 Call，回补信号，看涨,2.773901222649555,CALL,0.0,6662.0,12124840.0,0.000150963630382604,10M-50M,2025-11-28,272.32000732421875,264.9700012207031,273.69000244140625,279.8599853515625,270.20001220703125,18.2,17.2,18.55,277.0,0.993164130859375,True,COIN,10.7,0.7009345794392524,0.027739012226495552,80316298497.0,70.09345794392524,-6662.0
ADBE260116P00350000,350.0,-3080.0,多头平仓 Put，减仓，看跌减弱,1.1070215325203194,PUT,0.0,3080.0,12119800.0,8.034291771658318e-05,10M-50M,2026-01-16,321.0350036621094,317.5199890136719,317.7431945800781,322.3099975585937,317.5199890136719,39.35,36.1,41.0,1.0,0.4806570489501953,True,ADBE,39.96,-0.01526526526526525,0.011070215325203194,150850882000.0,-1.526526526526525,-3080.0
ORCL260417P00260000,260.0,-1807.0,空头平仓 Put，回补，看跌信号减弱,-2.07114082597721,PUT,0.0,1807.0,12119549.0,1.5045766210730951e-05,10M-50M,2026-04-17,200.71499633789065,204.9600067138672,199.50999450683597,202.33990478515625,197.6100006103516,67.07,65.2,66.0,1.0,0.4676566906738281,True,ORCL,63.01,0.06443421679098549,-0.0207114082597721,805512250440.0,6.443421679098549,-1807.0
CIFR280121C00022000,22.0,-10243.0,空头平仓 Call，回补信号，看涨,6.997389970134785,CALL,0.0,10243.0,12086740.0,0.002679421082322254,10M-50M,2028-01-21,20.489999771118164,19.149999618530277,19.549999237060547,21.155000686645508,19.459999084472656,11.8,11.0,11.8,13.0,1.0800827246093752,False,CIFR,9.8,0.2040816326530612,0.06997389970134785,4510952041.0,20.40816326530612,-10243.0
META260116P00690000,690.0,-2194.0,多头平仓 Put，减仓，看跌减弱,1.7029464989433647,PUT,0.0,2194.0,12073582.0,6.4619718772118045e-06,10M-50M,2026-01-16,644.4000244140625,633.6099853515625,636.0750122070312,646.25,635.5,55.03,54.1,55.05,9.0,0.2659375164794921,True,META,62.75,-0.12302788844621512,0.017029464989433647,1868405222031.0,-12.302788844621512,-2194.0
MSFT280121P00570000,570.0,-1001.0,多头平仓 Put，减仓，看跌减弱,1.093717313819516,PUT,0.0,1001.0,12057045.0,3.1714316327226443e-06,10M-50M,2028-01-21,490.80999755859375,485.5,487.5950012207031,492.6300048828125,486.6499938964844,120.45,107.25,108.7,1.0,0.1983493862152099,True,MSFT,120.45,0.0,0.01093717313819516,3801767276203.0,0.0,-1001.0
AMZN270115P00180000,180.0,-11150.0,多头平仓 Put，减仓，看跌减弱,1.2654886760956519,PUT,0.0,11150.0,12042000.000000002,5.137515836305805e-06,10M-50M,2027-01-15,232.05999755859372,229.16000366210935,231.34500122070312,232.8800048828125,230.22999572753903,10.8,10.4,10.6,4.0,0.3423527679443359,False,AMZN,11.22,-0.037433155080213894,0.012654886760956519,2343934380679.0,-3.7433155080213893,-11150.0
MU270115C00200000,200.0,-1505.0,空头平仓 Call，回补信号，看涨,2.2192307531735946,CALL,0.0,1505.0,12040000.0,6.840722345641099e-05,10M-50M,2027-01-15,235.3699951171875,230.25999450683597,235.6150054931641,238.1000061035156,233.47999572753903,80.0,81.25,83.1,3.0,0.6973296868896486,True,MU,79.3,0.008827238335435092,0.02219230753173595,176004804634.0,0.8827238335435093,-1505.0
AMD270115P00200000,200.0,-3360.0,多头平仓 Put，减仓，看跌减弱,1.1435758427108205,PUT,0.0,3360.0,12012000.0,4.64180479504353e-05,10M-50M,2027-01-15,216.69000244140625,214.2400054931641,216.3950042724609,218.3000030517578,214.03219604492188,35.75,35.15,35.6,162.0,0.4967091345214844,False,AMD,36.39,-0.0175872492442979,0.011435758427108204,258778654648.0,-1.75872492442979,-3360.0
JPM251219C00240000,240.0,-1798.0,空头平仓 Call，回补信号，看涨,1.6008931083288662,CALL,0.0,1798.0,11974679.999999998,1.3778456243925438e-05,10M-50M,2025-12-19,312.56500244140625,307.6400146484375,309.1000061035156,313.7200012207031,308.239990234375,66.6,72.25,74.9,2.0,0.6584506811523438,True,JPM,66.6,0.0,0.01600893108328866,869087203095.0,0.0,-1798.0
META271217C00800000,800.0,-1125.0,空头平仓 Call，回补信号，看涨,1.7029464989433647,CALL,0.0,1125.0,11970000.0,6.406533153974132e-06,10M-50M,2027-12-17,644.4000244140625,633.6099853515625,636.0750122070312,646.25,635.5,106.4,105.85,107.5,17.0,0.4304561349487305,False,META,102.2,0.04109589041095893,0.017029464989433647,1868405222031.0,4.109589041095893,-1125.0
AMZN260618C00190000,190.0,-2290.0,空头平仓 Call，回补信号，看涨,1.2654886760956519,CALL,0.0,2290.0,11908000.0,5.080347000392752e-06,10M-50M,2026-06-18,232.05999755859372,229.16000366210935,231.34500122070312,232.8800048828125,230.22999572753903,52.0,54.15,54.5,10.0,0.4606072006225586,True,AMZN,52.0,0.0,0.012654886760956519,2343934380679.0,0.0,-2290.0
MSFT260116C00490000,490.0,-6418.0,空头平仓 Call，回补信号，看涨,1.093717313819516,CALL,0.0,6418.0,11905390.0,3.1315409742519696e-06,10M-50M,2026-01-16,490.80999755859375,485.5,487.5950012207031,492.6300048828125,486.6499938964844,18.55,18.55,18.7,422.0,0.2528150891113281,True,MSFT,15.97,0.16155291170945524,0.01093717313819516,3801767276203.0,16.155291170945524,-6418.0
AMD260320C00250000,250.0,7772.0,多头买 Call，看涨,1.1435758427108205,CALL,11524.0,3752.0,11891160.0,4.5951085170354494e-05,10M-50M,2026-03-20,216.69000244140625,214.2400054931641,216.3950042724609,218.3000030517578,214.03219604492188,15.3,15.5,15.7,1093.0,0.5688214505004883,False,AMD,15.1,0.013245033112582853,0.011435758427108204,258778654648.0,1.3245033112582854,7772.0
NVDA260618P00145000,145.0,-13342.0,空头平仓 Put，回补，看跌信号减弱,-1.8575921366021577,PUT,0.0,13342.0,11874380.0,2.7423402725670593e-06,10M-50M,2026-06-18,176.9114990234375,180.25999450683597,178.99000549316406,179.2899932861328,176.53140258789062,8.9,8.85,9.0,50.0,0.44727115234375,False,NVDA,8.5,0.047058823529411806,-0.018575921366021576,4330017000000.0,4.70588235294118,-13342.0
AMZN260618P00235000,235.0,-5170.0,多头平仓 Put，减仓，看跌减弱,1.2654886760956519,PUT,0.0,5170.0,11839299.999999998,5.051037306159716e-06,10M-50M,2026-06-18,232.05999755859372,229.16000366210935,231.34500122070312,232.8800048828125,230.22999572753903,22.9,22.8,23.0,10.0,0.310279114074707,True,AMZN,24.15,-0.051759834368530024,0.012654886760956519,2343934380679.0,-5.175983436853002,-5170.0
META260515C00600000,600.0,1236.0,多头买 Call，看涨,1.7029464989433647,CALL,11792.0,10556.0,11833464.0,6.333456929186244e-06,10M-50M,2026-05-15,644.4000244140625,633.6099853515625,636.0750122070312,646.25,635.5,95.74,96.05,97.5,523.0,0.4350032086181641,True,META,89.5,0.06972067039106139,0.017029464989433647,1868405222031.0,6.972067039106139,1236.0
ONON270115C00045000,45.0,-12913.0,空头平仓 Call，回补信号，看涨,2.1069689195344394,CALL,0.0,12913.0,11815395.000000002,0.0004383028850030898,10M-50M,2027-01-15,44.09999847412109,43.18999862670898,43.34000015258789,44.23989868164063,43.27999877929688,9.15,7.9,9.7,1.0,0.5433395275878907,False,ONON,9.15,0.0,0.021069689195344396,26957146312.0,0.0,-12913.0
META251128C00620000,620.0,-4650.0,空头平仓 Call，回补信号，看涨,1.7029464989433647,CALL,0.0,4650.0,11764500.0,6.296546306593874e-06,10M-50M,2025-11-28,644.4000244140625,633.6099853515625,636.0750122070312,646.25,635.5,25.3,25.05,25.5,1054.0,0.5708050732421875,True,META,14.15,0.7879858657243817,0.017029464989433647,1868405222031.0,78.79858657243817,-4650.0
C261218C00075000,75.0,-3625.0,空头平仓 Call，回补信号，看涨,1.2975627620045593,CALL,0.0,3625.0,11745000.0,6.169057040486695e-05,10M-50M,2026-12-18,103.83000183105467,102.5,102.8000030517578,104.37000274658205,102.51000213623048,32.4,32.85,34.4,2308.0,0.4446466668701171,True,C,32.4,0.0,0.012975627620045593,190385660611.0,0.0,-3625.0
ORCL260116P00195000,195.0,-8387.0,空头平仓 Put，回补，看跌信号减弱,-2.07114082597721,PUT,0.0,8387.0,11741800.0,1.457681120750951e-05,10M-50M,2026-01-16,200.71499633789065,204.9600067138672,199.50999450683597,202.33990478515625,197.6100006103516,14.0,13.4,13.8,96.0,0.559574716796875,False,ORCL,12.1,0.15702479338842978,-0.0207114082597721,805512250440.0,15.702479338842979,-8387.0
MU261218C00280000,280.0,-2393.0,空头平仓 Call，回补信号，看涨,2.2192307531735946,CALL,0.0,2393.0,11725700.0,6.662147675106632e-05,10M-50M,2026-12-18,235.3699951171875,230.25999450683597,235.6150054931641,238.1000061035156,233.47999572753903,49.0,47.65,49.8,1.0,0.6645541357421877,False,MU,45.2,0.08407079646017693,0.02219230753173595,176004804634.0,8.407079646017692,-2393.0
BA251219P00190000,190.0,-21885.0,多头平仓 Put，减仓，看跌减弱,1.0860254650024583,PUT,0.0,21885.0,11708474.999999998,6.998179034053212e-05,10M-50M,2025-12-19,188.9499969482422,186.9199981689453,187.8699951171875,189.75,186.91000366210935,5.35,5.25,5.6,5102.0,0.272895454711914,True,BA,6.3,-0.1507936507936508,0.010860254650024584,167307451596.0,-15.07936507936508,-21885.0
NVDA260320P00145000,145.0,-22955.0,空头平仓 Put，回补，看跌信号减弱,-1.8575921366021577,PUT,0.0,22955.0,11707049.999999998,2.7036960824865116e-06,10M-50M,2026-03-20,176.9114990234375,180.25999450683597,178.99000549316406,179.2899932861328,176.53140258789062,5.1,5.05,5.15,1136.0,0.4616142706298829,False,NVDA,4.87,0.04722792607802865,-0.018575921366021576,4330017000000.0,4.722792607802865,-22955.0
META260618C00520000,520.0,-754.0,空头平仓 Call，回补信号，看涨,1.7029464989433647,CALL,0.0,754.0,11702079.999999998,6.263138136211996e-06,10M-50M,2026-06-18,644.4000244140625,633.6099853515625,636.0750122070312,646.25,635.5,155.2,155.85,157.75,1.0,0.4705100556945801,True,META,144.08,0.07717934480843959,0.017029464989433647,1868405222031.0,7.717934480843959,-754.0
PANW270115C00200000,200.0,-4026.0,空头平仓 Call，回补信号，看涨,2.2551888525144186,CALL,0.0,4026.0,11687478.0,8.634028517191626e-05,10M-50M,2027-01-15,189.52999877929688,185.3500061035156,187.1999969482422,190.9199981689453,186.9499969482422,29.03,27.6,30.2,15.0,0.4289302713012696,False,PANW,26.25,0.10590476190476195,0.022551888525144188,135365293000.0,10.590476190476195,-4026.0
ORCL251219C00190000,190.0,-5752.0,多头平仓 Call，减仓，看涨减弱,-2.07114082597721,CALL,0.0,5752.0,11676560.0,1.4495819267331861e-05,10M-50M,2025-12-19,200.71499633789065,204.9600067138672,199.50999450683597,202.33990478515625,197.6100006103516,20.3,20.3,20.45,71.0,0.7515283636474608,True,ORCL,24.75,-0.17979797979797976,-0.0207114082597721,805512250440.0,-17.979797979797976,-5752.0
NVDA261218C00127000,127.0,-1780.0,多头平仓 Call，减仓，看涨减弱,-1.8575921366021577,CALL,0.0,1780.0,11659000.0,2.692599128363699e-06,10M-50M,2026-12-18,176.9114990234375,180.25999450683597,178.99000549316406,179.2899932861328,176.53140258789062,65.5,65.1,65.55,2.0,0.5719036950683594,True,NVDA,67.7,-0.03249630723781392,-0.018575921366021576,4330017000000.0,-3.2496307237813924,-1780.0
ORCL260417P00220000,220.0,-3064.0,空头平仓 Put，回补，看跌信号减弱,-2.07114082597721,PUT,0.0,3064.0,11646264.0,1.4458208417858807e-05,10M-50M,2026-04-17,200.71499633789065,204.9600067138672,199.50999450683597,202.33990478515625,197.6100006103516,38.01,36.25,36.75,3.0,0.5007679318237305,True,ORCL,34.95,0.08755364806866939,-0.0207114082597721,805512250440.0,8.75536480686694,-3064.0
MU251219C00250000,250.0,-9918.0,空头平仓 Call，回补信号，看涨,2.2192307531735946,CALL,0.0,9918.0,11643732.0,6.615576219190725e-05,10M-50M,2025-12-19,235.3699951171875,230.25999450683597,235.6150054931641,238.1000061035156,233.47999572753903,11.74,11.6,11.95,531.0,0.7653832055664063,False,MU,9.85,0.19187817258883255,0.02219230753173595,176004804634.0,19.187817258883257,-9918.0
MSFT251219C00345000,345.0,-816.0,空头平仓 Call，回补信号，看涨,1.093717313819516,CALL,0.0,816.0,11615760.0,3.0553579838272464e-06,10M-50M,2025-12-19,490.80999755859375,485.5,487.5950012207031,492.6300048828125,486.6499938964844,142.35,146.35,149.1,1.0,0.8848888464355469,True,MSFT,142.35,0.0,0.01093717313819516,3801767276203.0,0.0,-816.0
CRWV251219P00085000,85.0,-8513.0,空头平仓 Put，回补，看跌信号减弱,-1.8441280518219607,PUT,0.0,8513.0,11560654.0,0.00019662714678088852,10M-50M,2025-12-19,72.91999816894531,74.29000091552734,75.5999984741211,75.62259674072266,72.69999694824219,13.58,13.1,13.9,26.0,0.7084990087890625,True,CRWV,12.9,0.05271317829457362,-0.018441280518219607,58794801172.0,5.271317829457362,-8513.0
AMD260918P00210000,210.0,-3202.0,多头平仓 Put，减仓，看跌减弱,1.1435758427108205,PUT,0.0,3202.0,11559220.000000002,4.466836731848408e-05,10M-50M,2026-09-18,216.69000244140625,214.2400054931641,216.3950042724609,218.3000030517578,214.03219604492188,36.1,34.3,34.7,716.0,0.5001881036376954,False,AMD,36.1,0.0,0.011435758427108204,258778654648.0,0.0,-3202.0
CRWD260618C00400000,400.0,-822.0,空头平仓 Call，回补信号，看涨,1.170394189332502,CALL,0.0,822.0,11549100.0,9.559340208029682e-05,10M-50M,2026-06-18,507.4100036621094,501.5400085449219,505.7449951171875,510.6900024414063,501.9400024414063,140.5,136.6,141.5,1.0,0.5466048757934571,True,CRWD,136.15,0.03195005508630183,0.01170394189332502,120814823499.0,3.1950055086301834,-822.0
AMZN260116P00235000,235.0,-10877.0,多头平仓 Put，减仓，看跌减弱,1.2654886760956519,PUT,0.0,10877.0,11529620.0,4.91891756656603e-06,10M-50M,2026-01-16,232.05999755859372,229.16000366210935,231.34500122070312,232.8800048828125,230.22999572753903,10.6,10.65,10.75,81.0,0.2672802764892578,True,AMZN,12.65,-0.1620553359683795,0.012654886760956519,2343934380679.0,-16.205533596837952,-10877.0
BAC270115C00050000,50.0,-13542.0,空头平仓 Call，回补信号，看涨,1.2738237699185466,CALL,0.0,13542.0,11510700.0,2.9765198735143302e-05,10M-50M,2027-01-15,53.665000915527344,52.9900016784668,53.11000061035156,53.93999862670898,53.04999923706055,8.5,8.4,8.95,7.0,0.3176337768554687,True,BAC,8.1,0.04938271604938276,0.012738237699185466,386716719160.0,4.938271604938276,-13542.0
BMNR270115C00025000,25.0,-6212.0,空头平仓 Call，回补信号，看涨,1.4659723052255405,CALL,0.0,6212.0,11492200.0,0.05288146925724727,10M-50M,2027-01-15,32.205299377441406,31.739999771118164,33.79999923706055,35.20000076293945,32.130001068115234,18.5,18.0,19.25,71.0,1.3208041772460937,True,BMNR,17.1,0.08187134502923968,0.014659723052255404,217319983.0,8.187134502923968,-6212.0
RIVN270115C00020000,20.0,-28144.0,空头平仓 Call，回补信号，看涨,4.726817698497462,CALL,0.0,28144.0,11482752.0,0.0006069930312725281,10M-50M,2027-01-15,16.944799423217773,16.18000030517578,16.389999389648438,17.05500030517578,16.260000228881836,4.08,4.05,4.2,347.0,0.7221707470703125,False,RIVN,3.77,0.08222811671087535,0.04726817698497462,18917436294.0,8.222811671087534,-28144.0
COIN260618C00300000,300.0,-2609.0,空头平仓 Call，回补信号，看涨,2.773901222649555,CALL,0.0,2609.0,11479600.0,0.00014292989361840163,10M-50M,2026-06-18,272.32000732421875,264.9700012207031,273.69000244140625,279.8599853515625,270.20001220703125,44.0,43.0,44.25,35.0,0.669772589416504,False,COIN,39.25,0.12101910828025478,0.027739012226495552,80316298497.0,12.101910828025478,-2609.0
ORCL260618P00190000,190.0,-4683.0,空头平仓 Put，回补，看跌信号减弱,-2.07114082597721,PUT,0.0,4683.0,11473350.0,1.4243545015898691e-05,10M-50M,2026-06-18,200.71499633789065,204.9600067138672,199.50999450683597,202.33990478515625,197.6100006103516,24.5,23.85,24.45,8.0,0.5056812127685546,False,ORCL,22.86,0.07174103237095365,-0.0207114082597721,805512250440.0,7.174103237095365,-4683.0
MSFT260116C00380000,380.0,-1032.0,空头平仓 Call，回补信号，看涨,1.093717313819516,CALL,0.0,1032.0,11455200.0,3.0131249936584325e-06,10M-50M,2026-01-16,490.80999755859375,485.5,487.5950012207031,492.6300048828125,486.6499938964844,111.0,113.85,116.15,5.0,0.5443160803222657,True,MSFT,111.0,0.0,0.01093717313819516,3801767276203.0,0.0,-1032.0
COIN251128C00252500,252.5,-5452.0,空头平仓 Call，回补信号，看涨,2.773901222649555,CALL,2990.0,8442.0,11421940.0,0.0001422119820477862,10M-50M,2025-11-28,272.32000732421875,264.9700012207031,273.69000244140625,279.8599853515625,270.20001220703125,20.95,20.8,22.05,446.0,1.4628933105468749,True,COIN,13.0,0.6115384615384615,0.027739012226495552,80316298497.0,61.153846153846146,-5452.0
MSFT260116C00480000,480.0,-4577.0,空头平仓 Call，回补信号，看涨,1.093717313819516,CALL,0.0,4577.0,11410461.0,3.0013570455570213e-06,10M-50M,2026-01-16,490.80999755859375,485.5,487.5950012207031,492.6300048828125,486.6499938964844,24.93,24.8,25.05,126.0,0.26758544921875,True,MSFT,21.59,0.15470125057897174,0.01093717313819516,3801767276203.0,15.470125057897175,-4577.0
BA260220C00200000,200.0,-13564.0,空头平仓 Call，回补信号，看涨,1.0860254650024583,CALL,0.0,13564.0,11393760.0,6.810073246177162e-05,10M-50M,2026-02-20,188.9499969482422,186.9199981689453,187.8699951171875,189.75,186.91000366210935,8.4,8.35,8.55,126.0,0.3571841625976562,False,BA,7.9,0.06329113924050632,0.010860254650024584,167307451596.0,6.329113924050632,-13564.0
META260618P00630000,630.0,-1995.0,多头平仓 Put，减仓，看跌减弱,1.7029464989433647,PUT,0.0,1995.0,11389455.0,6.095816296006387e-06,10M-50M,2026-06-18,644.4000244140625,633.6099853515625,636.0750122070312,646.25,635.5,57.09,56.7,57.2,5.0,0.3392857820129394,False,META,61.08,-0.06532416502946947,0.017029464989433647,1868405222031.0,-6.532416502946948,-1995.0
RIOT260116C00016000,16.0,-51015.0,空头平仓 Call，回补信号，看涨,6.183156339412943,CALL,0.0,51015.0,11376345.0,0.0017398656823500525,10M-50M,2026-01-16,15.885000228881836,14.960000038146973,15.710000038146973,16.649999618530273,15.564900398254396,2.23,2.2,2.27,46462.0,0.981445498046875,False,RIOT,1.61,0.38509316770186325,0.061831563394129437,6538634054.0,38.509316770186324,-51015.0
AMZN270115C00260000,260.0,-4041.0,空头平仓 Call，回补信号，看涨,1.2654886760956519,CALL,0.0,4041.0,11335005.0,4.835888365064397e-06,10M-50M,2027-01-15,232.05999755859372,229.16000366210935,231.34500122070312,232.8800048828125,230.22999572753903,28.05,27.85,28.05,22.0,0.3905090246582031,False,AMZN,26.8,0.046641791044776115,0.012654886760956519,2343934380679.0,4.664179104477611,-4041.0
NVDA251205C00180000,180.0,43257.0,空头卖 Call，看跌/看不涨,-1.8575921366021577,CALL,43257.0,0.0,11333334.000000002,2.6173878763062598e-06,10M-50M,2025-12-05,176.9114990234375,180.25999450683597,178.99000549316406,179.2899932861328,176.53140258789062,2.62,2.61,2.62,58205.0,0.3786683227539062,False,NVDA,4.59,-0.429193899782135,-0.018575921366021576,4330017000000.0,-42.9193899782135,43257.0
MU260618P00170000,170.0,-6899.0,多头平仓 Put，减仓，看跌减弱,2.2192307531735946,PUT,0.0,6899.0,11314360.0,6.428438146065435e-05,10M-50M,2026-06-18,235.3699951171875,230.25999450683597,235.6150054931641,238.1000061035156,233.47999572753903,16.4,12.7,13.35,11.0,0.6220130572509766,False,MU,16.4,0.0,0.02219230753173595,176004804634.0,0.0,-6899.0
META260618P00550000,550.0,-4138.0,多头平仓 Put，减仓，看跌减弱,1.7029464989433647,PUT,0.0,4138.0,11276050.0,6.035120147942357e-06,10M-50M,2026-06-18,644.4000244140625,633.6099853515625,636.0750122070312,646.25,635.5,27.25,27.0,27.2,9.0,0.3595492512512206,False,META,29.61,-0.0797028031070584,0.017029464989433647,1868405222031.0,-7.97028031070584,-4138.0
META260220P00660000,660.0,-2226.0,多头平仓 Put，减仓，看跌减弱,1.7029464989433647,PUT,0.0,2226.0,11268012.0,6.0308180833231714e-06,10M-50M,2026-02-20,644.4000244140625,633.6099853515625,636.0750122070312,646.25,635.5,50.62,50.05,50.4,19.0,0.3360814683532715,True,META,56.13,-0.09816497416711215,0.017029464989433647,1868405222031.0,-9.816497416711215,-2226.0
MSFT260618C00430000,430.0,-1335.0,空头平仓 Call，回补信号，看涨,1.093717313819516,CALL,0.0,1335.0,11267400.000000002,2.963726914724058e-06,10M-50M,2026-06-18,490.80999755859375,485.5,487.5950012207031,492.6300048828125,486.6499938964844,84.4,83.75,85.45,1.0,0.3606936489868163,True,MSFT,78.6,0.07379134860050905,0.01093717313819516,3801767276203.0,7.379134860050905,-1335.0
AMZN260116C00165000,165.0,-1647.0,空头平仓 Call，回补信号，看涨,1.2654886760956519,CALL,0.0,1647.0,11265480.0,4.806226698520703e-06,10M-50M,2026-01-16,232.05999755859372,229.16000366210935,231.34500122070312,232.8800048828125,230.22999572753903,68.4,68.7,68.95,15.0,0.6595493029785158,True,AMZN,65.81,0.03935572101504336,0.012654886760956519,2343934380679.0,3.9355721015043357,-1647.0
ORCL260618P00220000,220.0,-2718.0,空头平仓 Put，回补，看跌信号减弱,-2.07114082597721,PUT,0.0,2718.0,11263392.0,1.3982893486532983e-05,10M-50M,2026-06-18,200.71499633789065,204.9600067138672,199.50999450683597,202.33990478515625,197.6100006103516,41.44,40.5,41.25,2.0,0.4931386135864258,True,ORCL,39.4,0.05177664974619287,-0.0207114082597721,805512250440.0,5.1776649746192875,-2718.0
UBER260618C00070000,70.0,-5164.0,空头平仓 Call，回补信号，看涨,1.914545084678616,CALL,0.0,5164.0,11262684.0,5.485710948426969e-05,10M-50M,2026-06-18,87.30000305175781,85.66000366210938,86.51000213623047,87.55500030517578,86.23999786376953,21.81,21.45,22.1,1.0,0.4931080963134766,True,UBER,20.9,0.04354066985645934,0.01914545084678616,205309468652.0,4.354066985645934,-5164.0
META260116C00660000,660.0,-4817.0,空头平仓 Call，回补信号，看涨,1.7029464989433647,CALL,0.0,4817.0,11223610.0,6.007053431267803e-06,10M-50M,2026-01-16,644.4000244140625,633.6099853515625,636.0750122070312,646.25,635.5,23.3,23.2,23.4,448.0,0.3175880009460449,False,META,18.97,0.2282551396942542,0.017029464989433647,1868405222031.0,22.82551396942542,-4817.0
COIN260618P00290000,290.0,-1931.0,多头平仓 Put，减仓，看跌减弱,2.773901222649555,PUT,0.0,1931.0,11176628.0,0.00013915765802401207,10M-50M,2026-06-18,272.32000732421875,264.9700012207031,273.69000244140625,279.8599853515625,270.20001220703125,57.88,56.9,58.25,1.0,0.581180946044922,True,COIN,61.3,-0.05579119086460024,0.027739012226495552,80316298497.0,-5.579119086460024,-1931.0
META251219P00650000,650.0,-5612.0,多头平仓 Put，减仓，看跌减弱,1.7029464989433647,PUT,0.0,5612.0,11167879.999999998,5.97722585460356e-06,10M-50M,2025-12-19,644.4000244140625,633.6099853515625,636.0750122070312,646.25,635.5,19.9,19.7,19.95,291.0,0.2683178637695312,True,META,26.75,-0.25607476635514026,0.017029464989433647,1868405222031.0,-25.607476635514026,-5612.0
AMD260116P00230000,230.0,-4779.0,多头平仓 Put，减仓，看跌减弱,1.1435758427108205,PUT,0.0,4779.0,11158965.0,4.312165937789121e-05,10M-50M,2026-01-16,216.69000244140625,214.2400054931641,216.3950042724609,218.3000030517578,214.03219604492188,23.35,23.25,23.4,52.0,0.4818167053222656,True,AMD,25.25,-0.07524752475247519,0.011435758427108204,258778654648.0,-7.524752475247519,-4779.0
WMT260116C00100000,100.0,-10016.0,空头平仓 Call，回补信号，看涨,1.3290601264129722,CALL,0.0,10016.0,11157824.0,1.3566084526372792e-05,10M-50M,2026-01-16,110.5500030517578,109.0999984741211,109.3000030517578,110.56999969482422,109.0,11.14,10.95,11.15,107.0,0.2382888671874999,True,WMT,10.42,0.06909788867562386,0.013290601264129722,822479321746.0,6.909788867562386,-10016.0
NU270115C00015000,15.0,-22719.0,空头平仓 Call，回补信号，看涨,1.3623223788496377,CALL,0.0,22719.0,11155029.0,0.00014670250964098444,10M-50M,2027-01-15,17.485000610351562,17.25,17.389999389648438,17.55500030517578,17.200000762939453,4.91,4.75,5.0,79.0,0.5131884619140624,True,NU,4.72,0.04025423728813568,0.013623223788496376,76038433339.0,4.025423728813568,-22719.0
AMD261218C00250000,250.0,-2811.0,空头平仓 Call，回补信号，看涨,1.1435758427108205,CALL,0.0,2811.0,11131560.0,4.30157580622001e-05,10M-50M,2026-12-18,216.69000244140625,214.2400054931641,216.3950042724609,218.3000030517578,214.03219604492188,39.6,40.0,40.4,23.0,0.5870097451782227,False,AMD,39.23,0.009431557481519363,0.011435758427108204,258778654648.0,0.9431557481519363,-2811.0
ORCL260618P00230000,230.0,-2344.0,空头平仓 Put，回补，看跌信号减弱,-2.07114082597721,PUT,0.0,2344.0,11122280.0,1.3807710551794349e-05,10M-50M,2026-06-18,200.71499633789065,204.9600067138672,199.50999450683597,202.33990478515625,197.6100006103516,47.45,47.0,47.8,2.0,0.4873403317260742,True,ORCL,45.59,0.040798420706295226,-0.0207114082597721,805512250440.0,4.079842070629523,-2344.0
CRWV260320P00090000,90.0,-4585.0,空头平仓 Put，回补，看跌信号减弱,-1.8441280518219607,PUT,0.0,4585.0,11118625.0,0.00018910898205903027,10M-50M,2026-03-20,72.91999816894531,74.29000091552734,75.5999984741211,75.62259674072266,72.69999694824219,24.25,23.7,25.3,8.0,0.804689453125,True,CRWV,24.25,0.0,-0.018441280518219607,58794801172.0,0.0,-4585.0
AMD260116P00260000,260.0,-2395.0,多头平仓 Put，减仓，看跌减弱,1.1435758427108205,PUT,0.0,2395.0,11052925.0,4.2711888331881875e-05,10M-50M,2026-01-16,216.69000244140625,214.2400054931641,216.3950042724609,218.3000030517578,214.03219604492188,46.15,45.5,46.6,3.0,0.4776663562011719,True,AMD,48.52,-0.04884583676834304,0.011435758427108204,258778654648.0,-4.884583676834304,-2395.0
RIVN260320C00015000,15.0,-31288.0,空头平仓 Call，回补信号，看涨,4.726817698497462,CALL,0.0,31288.0,11044664.0,0.0005838351364504402,10M-50M,2026-03-20,16.944799423217773,16.18000030517578,16.389999389648438,17.05500030517578,16.260000228881836,3.53,3.45,3.6,168.0,0.6904327832031252,True,RIVN,3.1,0.13870967741935475,0.04726817698497462,18917436294.0,13.870967741935475,-31288.0
AMZN260320P00220000,220.0,-10039.0,多头平仓 Put，减仓，看跌减弱,1.2654886760956519,PUT,0.0,10039.0,10992704.999999998,4.6898518536238155e-06,10M-50M,2026-03-20,232.05999755859372,229.16000366210935,231.34500122070312,232.8800048828125,230.22999572753903,10.95,10.9,11.0,26.0,0.326056544189453,False,AMZN,12.34,-0.11264181523500814,0.012654886760956519,2343934380679.0,-11.264181523500815,-10039.0
ORCL251219P00200000,200.0,-8714.0,空头平仓 Put，回补，看跌信号减弱,-2.07114082597721,PUT,0.0,8714.0,10979640.0,1.3630630687494227e-05,10M-50M,2025-12-19,200.71499633789065,204.9600067138672,199.50999450683597,202.33990478515625,197.6100006103516,12.6,12.5,12.75,516.0,0.6632113757324221,False,ORCL,11.52,0.09375000000000001,-0.0207114082597721,805512250440.0,9.375000000000002,-8714.0
NVDA251219P00215000,215.0,-2892.0,空头平仓 Put，回补，看跌信号减弱,-1.8575921366021577,PUT,0.0,2892.0,10978032.0,2.535332309318878e-06,10M-50M,2025-12-19,176.9114990234375,180.25999450683597,178.99000549316406,179.2899932861328,176.53140258789062,37.96,37.65,37.85,55.0,1.0000000000000004e-05,True,NVDA,35.12,0.08086560364464702,-0.018575921366021576,4330017000000.0,8.086560364464702,-2892.0
META260116C00580000,580.0,-1442.0,空头平仓 Call，回补信号，看涨,1.7029464989433647,CALL,0.0,1442.0,10843840.0,5.803794526014273e-06,10M-50M,2026-01-16,644.4000244140625,633.6099853515625,636.0750122070312,646.25,635.5,75.2,74.55,75.7,54.0,0.3800721173095703,True,META,66.44,0.13184828416616504,0.017029464989433647,1868405222031.0,13.184828416616504,-1442.0
META260116C00570000,570.0,-1291.0,空头平仓 Call，回补信号，看涨,1.7029464989433647,CALL,0.0,1291.0,10825035.0,5.7937297928513255e-06,10M-50M,2026-01-16,644.4000244140625,633.6099853515625,636.0750122070312,646.25,635.5,83.85,83.15,84.25,14.0,0.3938048901367187,True,META,74.15,0.13081591368846915,0.017029464989433647,1868405222031.0,13.081591368846915,-1291.0
AMZN260618C00240000,240.0,-4610.0,空头平仓 Call，回补信号，看涨,1.2654886760956519,CALL,0.0,4610.0,10815060.0,4.614062615894158e-06,10M-50M,2026-06-18,232.05999755859372,229.16000366210935,231.34500122070312,232.8800048828125,230.22999572753903,23.46,23.3,23.4,304.0,0.3883728155517578,False,AMZN,22.12,0.06057866184448462,0.012654886760956519,2343934380679.0,6.057866184448462,-4610.0
SOFI270115C00032000,32.0,-13160.0,空头平仓 Call，回补信号，看涨,3.532471288511421,CALL,0.0,13160.0,10778040.0,0.0003216878486487562,10M-50M,2027-01-15,29.496400833129883,28.489999771118164,28.790000915527344,29.56999969482422,28.45499992370605,8.19,8.05,8.35,36.0,0.7387721435546875,False,SOFI,8.0,0.023749999999999938,0.03532471288511421,33504653798.0,2.374999999999994,-13160.0
WMT260116C00085000,85.0,-4251.0,空头平仓 Call，回补信号，看涨,1.3290601264129722,CALL,0.0,4251.0,10772034.0,1.3097027141220512e-05,10M-50M,2026-01-16,110.5500030517578,109.0999984741211,109.3000030517578,110.56999969482422,109.0,25.34,24.6,26.1,2.0,0.48242705078125,True,WMT,24.7,0.025910931174089092,0.013290601264129722,822479321746.0,2.591093117408909,-4251.0
META270115C00670000,670.0,-1032.0,空头平仓 Call，回补信号，看涨,1.7029464989433647,CALL,0.0,1032.0,10753440.0,5.755411017483007e-06,10M-50M,2027-01-15,644.4000244140625,633.6099853515625,636.0750122070312,646.25,635.5,104.2,104.6,105.4,20.0,0.425359750366211,False,META,98.47,0.0581903117700823,0.017029464989433647,1868405222031.0,5.81903117700823,-1032.0
META260618C00760000,760.0,-2946.0,空头平仓 Call，回补信号，看涨,1.7029464989433647,CALL,0.0,2946.0,10752900.0,5.7551220009497445e-06,10M-50M,2026-06-18,644.4000244140625,633.6099853515625,636.0750122070312,646.25,635.5,36.5,36.5,36.95,5.0,0.3954680815124512,False,META,33.37,0.09379682349415651,0.017029464989433647,1868405222031.0,9.379682349415651,-2946.0
TEVA260918C00022000,22.0,-15351.0,空头平仓 Call，回补信号，看涨,2.0512911561924336,CALL,0.0,15351.0,10745700.0,0.0005107575837192347,10M-50M,2026-09-18,26.859899520874023,26.31999969482422,26.46999931335449,26.959999084472656,26.38999938964844,7.0,7.0,7.7,100.0,0.5214891601562499,True,TEVA,6.42,0.09034267912772587,0.020512911561924335,21038747818.0,9.034267912772586,-15351.0
BE251219C00100000,100.0,-6461.0,空头平仓 Call，回补信号，看涨,6.586512008866211,CALL,0.0,6461.0,10731721.0,0.0006521964366219217,10M-50M,2025-12-19,107.80159759521484,101.13999938964844,104.1999969482422,108.91999816894533,102.55120086669922,16.61,16.2,17.3,72.0,1.2380409191894528,True,BE,13.0,0.2776923076923076,0.0658651200886621,16454737250.0,27.769230769230763,-6461.0
ORCL260918P00230000,230.0,-2061.0,空头平仓 Put，回补，看跌信号减弱,-2.07114082597721,PUT,0.0,2061.0,10731627.0,1.3322735928768304e-05,10M-50M,2026-09-18,200.71499633789065,204.9600067138672,199.50999450683597,202.33990478515625,197.6100006103516,52.07,50.45,52.2,1.0,0.4661613442993164,True,ORCL,48.95,0.06373850868232885,-0.0207114082597721,805512250440.0,6.373850868232885,-2061.0
BAC270115C00055000,55.0,-18283.0,空头平仓 Call，回补信号，看涨,1.2738237699185466,CALL,0.0,18283.0,10713838.0,2.7704615469617855e-05,10M-50M,2027-01-15,53.665000915527344,52.9900016784668,53.11000061035156,53.93999862670898,53.04999923706055,5.86,5.6,6.0,22.0,0.2888254711914061,False,BAC,5.45,0.07522935779816516,0.012738237699185466,386716719160.0,7.522935779816516,-18283.0
META261218C00660000,660.0,-1016.0,空头平仓 Call，回补信号，看涨,1.7029464989433647,CALL,0.0,1016.0,10690352.0,5.721645322945169e-06,10M-50M,2026-12-18,644.4000244140625,633.6099853515625,636.0750122070312,646.25,635.5,105.22,104.8,105.85,11.0,0.4275341060638428,False,META,98.64,0.06670721816707216,0.017029464989433647,1868405222031.0,6.670721816707216,-1016.0
MSFT251219C00460000,460.0,-2997.0,空头平仓 Call，回补信号，看涨,1.093717313819516,CALL,0.0,2997.0,10687301.999999998,2.8111405100719104e-06,10M-50M,2025-12-19,490.80999755859375,485.5,487.5950012207031,492.6300048828125,486.6499938964844,35.66,34.55,35.4,18.0,0.3301458587646484,True,MSFT,30.45,0.1711001642036124,0.01093717313819516,3801767276203.0,17.11001642036124,-2997.0
MSFT271217C00440000,440.0,-904.0,空头平仓 Call，回补信号，看涨,1.093717313819516,CALL,0.0,904.0,10682568.0,2.809895299711552e-06,10M-50M,2027-12-17,490.80999755859375,485.5,487.5950012207031,492.6300048828125,486.6499938964844,118.17,119.4,123.5,3.0,0.3648668860626221,True,MSFT,118.17,0.0,0.01093717313819516,3801767276203.0,0.0,-904.0
MS260116C00120000,120.0,-2590.0,空头平仓 Call，回补信号，看涨,1.0331074104616014,CALL,0.0,2590.0,10670800.000000002,4.174978863736093e-05,10M-50M,2026-01-16,169.6750030517578,167.94000244140625,168.0,170.27000427246094,167.7899932861328,41.2,49.0,51.7,1.0,0.5776409423828125,True,MS,41.2,0.0,0.010331074104616015,255589317893.0,0.0,-2590.0
COIN270115P00250000,250.0,-1969.0,多头平仓 Put，减仓，看跌减弱,2.773901222649555,PUT,0.0,1969.0,10652290.0,0.00013262924461587193,10M-50M,2027-01-15,272.32000732421875,264.9700012207031,273.69000244140625,279.8599853515625,270.20001220703125,54.1,52.9,54.4,5.0,0.5884440570068359,False,COIN,56.6,-0.044169611307420496,0.027739012226495552,80316298497.0,-4.41696113074205,-1969.0
MS260116C00150000,150.0,-5120.0,空头平仓 Call，回补信号，看涨,1.0331074104616014,CALL,0.0,5120.0,10649600.0,4.166684307385003e-05,10M-50M,2026-01-16,169.6750030517578,167.94000244140625,168.0,170.27000427246094,167.7899932861328,20.8,21.25,22.75,2.0,0.4234676794433594,True,MS,20.8,0.0,0.010331074104616015,255589317893.0,0.0,-5120.0
CRM260116P00250000,250.0,-4326.0,多头平仓 Put，减仓，看跌减弱,1.4288888243863227,PUT,0.0,4326.0,10633307.999999998,4.588358532831034e-05,10M-50M,2026-01-16,231.41000366210935,228.1499938964844,229.0,232.55999755859372,228.625,24.58,23.75,25.4,19.0,0.4005186901855468,True,CRM,27.03,-0.09064002959674446,0.014288888243863228,231745360000.0,-9.064002959674445,-4326.0
META280121C00800000,800.0,-967.0,空头平仓 Call，回补信号，看涨,1.7029464989433647,CALL,0.0,967.0,10622495.0,5.685327184245985e-06,10M-50M,2028-01-21,644.4000244140625,633.6099853515625,636.0750122070312,646.25,635.5,109.85,109.75,111.45,11.0,0.4312266960906983,False,META,105.0,0.046190476190476136,0.017029464989433647,1868405222031.0,4.619047619047613,-967.0
AMD260618C00195000,195.0,-2179.0,空头平仓 Call，回补信号，看涨,1.1435758427108205,CALL,0.0,2179.0,10603014.0,4.097329439486653e-05,10M-50M,2026-06-18,216.69000244140625,214.2400054931641,216.3950042724609,218.3000030517578,214.03219604492188,48.66,48.1,49.55,4.0,0.6097145962524416,True,AMD,45.85,0.06128680479825507,0.011435758427108204,258778654648.0,6.1286804798255075,-2179.0
MSFT260116C00435000,435.0,-1692.0,空头平仓 Call，回补信号，看涨,1.093717313819516,CALL,0.0,1692.0,10602072.0,2.788721988945304e-06,10M-50M,2026-01-16,490.80999755859375,485.5,487.5950012207031,492.6300048828125,486.6499938964844,62.66,61.55,62.55,2.0,0.3740296972656249,True,MSFT,57.6,0.08784722222222213,0.01093717313819516,3801767276203.0,8.784722222222213,-1692.0
AMZN260618C00205000,205.0,-2426.0,空头平仓 Call，回补信号，看涨,1.2654886760956519,CALL,0.0,2426.0,10591915.999999998,4.518861998573394e-06,10M-50M,2026-06-18,232.05999755859372,229.16000366210935,231.34500122070312,232.8800048828125,230.22999572753903,43.66,43.3,43.65,5.0,0.4339351040649414,True,AMZN,42.12,0.036562203228869876,0.012654886760956519,2343934380679.0,3.6562203228869876,-2426.0
FCX270115C00040000,40.0,-11182.0,空头平仓 Call，回补信号，看涨,2.2182622176648987,CALL,0.0,11182.0,10589354.0,0.0002063038323901306,10M-50M,2027-01-15,43.084999084472656,42.150001525878906,42.7599983215332,43.3849983215332,42.31999969482422,9.47,9.25,9.65,65.0,0.4586235778808594,True,FCX,8.77,0.07981755986317002,0.022182622176648986,51328925291.0,7.981755986317002,-11182.0
MSFT260618C00360000,360.0,-733.0,空头平仓 Call，回补信号，看涨,1.093717313819516,CALL,0.0,733.0,10569860.0,2.780249087355133e-06,10M-50M,2026-06-18,490.80999755859375,485.5,487.5950012207031,492.6300048828125,486.6499938964844,144.2,142.1,144.45,2.0,0.4525201232910156,True,MSFT,135.05,0.06775268419104018,0.01093717313819516,3801767276203.0,6.775268419104018,-733.0
ORCL260116C00160000,160.0,-2269.0,多头平仓 Call，减仓，看涨减弱,-2.07114082597721,CALL,0.0,2269.0,10550850.0,1.3098311036532024e-05,10M-50M,2026-01-16,200.71499633789065,204.9600067138672,199.50999450683597,202.33990478515625,197.6100006103516,46.5,43.95,46.9,5.0,0.6895782995605471,True,ORCL,49.75,-0.06532663316582915,-0.0207114082597721,805512250440.0,-6.532663316582915,-2269.0
AMZN260320P00250000,250.0,-3985.0,多头平仓 Put，减仓，看跌减弱,1.2654886760956519,PUT,0.0,3985.0,10544310.0,4.498551703032524e-06,10M-50M,2026-03-20,232.05999755859372,229.16000366210935,231.34500122070312,232.8800048828125,230.22999572753903,26.46,26.0,26.25,2.0,0.2936472003173828,True,AMZN,28.2,-0.06170212765957441,0.012654886760956519,2343934380679.0,-6.170212765957441,-3985.0
NVDA261218C00156000,156.0,-2215.0,多头平仓 Call，减仓，看涨减弱,-1.8575921366021577,CALL,0.0,2215.0,10541185.0,2.434444252759285e-06,10M-50M,2026-12-18,176.9114990234375,180.25999450683597,178.99000549316406,179.2899932861328,176.53140258789062,47.59,46.95,47.25,2.0,0.5295457202148439,True,NVDA,49.05,-0.029765545361875513,-0.018575921366021576,4330017000000.0,-2.9765545361875514,-2215.0
NVO260116P00060000,60.0,-9496.0,多头平仓 Put，减仓，看跌减弱,1.4268111432705237,PUT,0.0,9496.0,10540560.0,4.245113696751875e-05,10M-50M,2026-01-16,49.40499877929688,48.709999084472656,49.130001068115234,49.70500183105469,48.34999847412109,11.1,10.35,11.15,29.0,0.45313046875,True,NVO,11.59,-0.04227782571182055,0.014268111432705236,248298650000.0,-4.227782571182055,-9496.0
WMT260116C00095000,95.0,-6735.0,空头平仓 Call，回补信号，看涨,1.3290601264129722,CALL,0.0,6735.0,10540275.0,1.2815246196858275e-05,10M-50M,2026-01-16,110.5500030517578,109.0999984741211,109.3000030517578,110.56999969482422,109.0,15.65,15.65,16.0,15.0,0.2983468603515624,True,WMT,14.94,0.04752342704149939,0.013290601264129722,822479321746.0,4.752342704149939,-6735.0
JPM251219C00225000,225.0,-1353.0,空头平仓 Call，回补信号，看涨,1.6008931083288662,CALL,0.0,1353.0,10533104.999999998,1.211973316657917e-05,10M-50M,2025-12-19,312.56500244140625,307.6400146484375,309.1000061035156,313.7200012207031,308.239990234375,77.85,87.4,89.7,3.0,0.7854025366210937,True,JPM,77.85,0.0,0.01600893108328866,869087203095.0,0.0,-1353.0
AMZN260618P00215000,215.0,-6791.0,多头平仓 Put，减仓，看跌减弱,1.2654886760956519,PUT,0.0,6791.0,10526050.0,4.490761382556611e-06,10M-50M,2026-06-18,232.05999755859372,229.16000366210935,231.34500122070312,232.8800048828125,230.22999572753903,15.5,14.3,14.45,20.0,0.3309087905883788,False,AMZN,15.5,0.0,0.012654886760956519,2343934380679.0,0.0,-6791.0
AMD260320P00175000,175.0,-12316.0,多头平仓 Put，减仓，看跌减弱,1.1435758427108205,PUT,0.0,12316.0,10517863.999999998,4.064424870863779e-05,10M-50M,2026-03-20,216.69000244140625,214.2400054931641,216.3950042724609,218.3000030517578,214.03219604492188,8.54,8.3,8.45,10.0,0.5467574621582032,False,AMD,9.2,-0.07173913043478262,0.011435758427108204,258778654648.0,-7.1739130434782625,-12316.0
META280121C00750000,750.0,-830.0,空头平仓 Call，回补信号，看涨,1.7029464989433647,CALL,0.0,830.0,10507800.0,5.62394060779694e-06,10M-50M,2028-01-21,644.4000244140625,633.6099853515625,636.0750122070312,646.25,635.5,126.6,125.2,126.95,33.0,0.4363078220367431,False,META,119.75,0.05720250521920663,0.017029464989433647,1868405222031.0,5.720250521920663,-830.0
ORCL260417P00240000,240.0,-2171.0,空头平仓 Put，回补，看跌信号减弱,-2.07114082597721,PUT,0.0,2171.0,10485929.999999998,1.3017716359089763e-05,10M-50M,2026-04-17,200.71499633789065,204.9600067138672,199.50999450683597,202.33990478515625,197.6100006103516,48.3,49.45,51.55,37.0,0.508519319152832,True,ORCL,48.3,0.0,-0.0207114082597721,805512250440.0,0.0,-2171.0
UBER260116C00070000,70.0,-5990.0,空头平仓 Call，回补信号，看涨,1.914545084678616,CALL,0.0,5990.0,10482500.0,5.1057070425562594e-05,10M-50M,2026-01-16,87.30000305175781,85.66000366210938,86.51000213623047,87.55500030517578,86.23999786376953,17.5,17.9,18.75,2.0,0.5351608984375,True,UBER,16.76,0.0441527446300715,0.01914545084678616,205309468652.0,4.41527446300715,-5990.0
CRCL260116C00060000,60.0,-4556.0,空头平仓 Call，回补信号，看涨,9.629684478740309,CALL,0.0,4556.0,10478800.0,0.00035966298105261194,10M-50M,2026-01-16,79.63500213623047,72.63999938964844,75.30999755859375,81.4800033569336,74.0199966430664,23.0,21.75,22.75,53.0,0.9174812939453124,True,CRCL,15.5,0.4838709677419355,0.0962968447874031,29135052958.0,48.38709677419355,-4556.0
BAC251219C00045000,45.0,-13520.0,空头平仓 Call，回补信号，看涨,1.2738237699185466,CALL,0.0,13520.0,10478000.0,2.7094768549856353e-05,10M-50M,2025-12-19,53.665000915527344,52.9900016784668,53.11000061035156,53.93999862670898,53.04999923706055,7.75,8.8,9.0,42.0,0.5117236328125,True,BAC,7.75,0.0,0.012738237699185466,386716719160.0,0.0,-13520.0
MSFT271217C00550000,550.0,-1538.0,空头平仓 Call，回补信号，看涨,1.093717313819516,CALL,0.0,1538.0,10429178.0,2.743244718129117e-06,10M-50M,2027-12-17,490.80999755859375,485.5,487.5950012207031,492.6300048828125,486.6499938964844,67.81,67.25,68.2,10.0,0.3218375312042236,False,MSFT,65.75,0.031330798479087485,0.01093717313819516,3801767276203.0,3.1330798479087485,-1538.0
NVO260320P00055000,55.0,-13620.0,多头平仓 Put，减仓，看跌减弱,1.4268111432705237,PUT,0.0,13620.0,10419300.0,4.196277345849444e-05,10M-50M,2026-03-20,49.40499877929688,48.709999084472656,49.130001068115234,49.70500183105469,48.34999847412109,7.65,7.85,7.9,216.0,0.395513857421875,True,NVO,8.35,-0.08383233532934124,0.014268111432705236,248298650000.0,-8.383233532934124,-13620.0
IBM260116C00240000,240.0,-1476.0,空头平仓 Call，回补信号，看涨,1.4428944043053327,CALL,0.0,1476.0,10405800.0,3.9290857647711406e-05,10M-50M,2026-01-16,307.5849914550781,303.2099914550781,304.0599975585937,309.1300048828125,303.6000061035156,70.5,68.8,71.4,3.0,0.523442265625,True,IBM,66.15,0.06575963718820853,0.014428944043053327,264840235693.0,6.575963718820852,-1476.0
MSFT260320C00380000,380.0,-880.0,空头平仓 Call，回补信号，看涨,1.093717313819516,CALL,0.0,880.0,10392800.0,2.7336760103789856e-06,10M-50M,2026-03-20,490.80999755859375,485.5,487.5950012207031,492.6300048828125,486.6499938964844,118.1,117.7,120.9,1.0,0.4758963543701171,True,MSFT,104.15,0.13394143062890052,0.01093717313819516,3801767276203.0,13.394143062890052,-880.0
META261218C00630000,630.0,-879.0,空头平仓 Call，回补信号，看涨,1.7029464989433647,CALL,0.0,879.0,10375716.0,5.553247163761058e-06,10M-50M,2026-12-18,644.4000244140625,633.6099853515625,636.0750122070312,646.25,635.5,118.04,118.55,119.65,13.0,0.433149284286499,True,META,112.2,0.05204991087344031,0.017029464989433647,1868405222031.0,5.204991087344031,-879.0
MSFT261218C00495000,495.0,-1678.0,空头平仓 Call，回补信号，看涨,1.093717313819516,CALL,0.0,1678.0,10353260.0,2.7232755841752306e-06,10M-50M,2026-12-18,490.80999755859375,485.5,487.5950012207031,492.6300048828125,486.6499938964844,61.7,61.6,62.25,2.0,0.319495330505371,False,MSFT,58.91,0.047360380241045774,0.01093717313819516,3801767276203.0,4.736038024104578,-1678.0
NVDA261218C00210000,210.0,-4344.0,多头平仓 Call，减仓，看涨减弱,-1.8575921366021577,CALL,0.0,4344.0,10338720.0,2.3876857758295174e-06,10M-50M,2026-12-18,176.9114990234375,180.25999450683597,178.99000549316406,179.2899932861328,176.53140258789062,23.8,23.8,24.05,79.0,0.4894155062866212,False,NVDA,25.65,-0.07212475633528258,-0.018575921366021576,4330017000000.0,-7.212475633528258,-4344.0
BAC270115C00045000,45.0,-8608.0,空头平仓 Call，回补信号，看涨,1.2738237699185466,CALL,0.0,8608.0,10329600.0,2.671102512049973e-05,10M-50M,2027-01-15,53.665000915527344,52.9900016784668,53.11000061035156,53.93999862670898,53.04999923706055,12.0,11.75,12.35,8.0,0.3461979443359374,True,BAC,11.35,0.05726872246696039,0.012738237699185466,386716719160.0,5.726872246696039,-8608.0
AMD270115C00210000,210.0,-1840.0,空头平仓 Call，回补信号，看涨,1.1435758427108205,CALL,0.0,1840.0,10320560.0,3.988180560733804e-05,10M-50M,2027-01-15,216.69000244140625,214.2400054931641,216.3950042724609,218.3000030517578,214.03219604492188,56.09,56.5,56.9,13.0,0.5979959634399415,True,AMD,55.7,0.007001795332136455,0.011435758427108204,258778654648.0,0.7001795332136456,-1840.0
META260116C00670000,670.0,-5312.0,空头平仓 Call，回补信号，看涨,1.7029464989433647,CALL,0.0,5312.0,10305279.999999998,5.5155487035076465e-06,10M-50M,2026-01-16,644.4000244140625,633.6099853515625,636.0750122070312,646.25,635.5,19.4,19.2,19.4,216.0,0.3145515322875976,False,META,15.6,0.24358974358974353,0.017029464989433647,1868405222031.0,24.358974358974354,-5312.0
NVDA260417C00185000,185.0,-5993.0,多头平仓 Call，减仓，看涨减弱,-1.8575921366021577,CALL,0.0,5993.0,10295974.0,2.377813759160761e-06,10M-50M,2026-04-17,176.9114990234375,180.25999450683597,178.99000549316406,179.2899932861328,176.53140258789062,17.18,17.25,17.35,324.0,0.4733634207153321,False,NVDA,19.15,-0.10287206266318533,-0.018575921366021576,4330017000000.0,-10.287206266318533,-5993.0
RIOT251219C00013000,13.0,-29075.0,空头平仓 Call，回补信号，看涨,6.183156339412943,CALL,0.0,29075.0,10292550.0,0.001574113173332211,10M-50M,2025-12-19,15.885000228881836,14.960000038146973,15.710000038146973,16.649999618530273,15.564900398254396,3.54,3.45,3.6,102.0,1.224613251953125,True,RIOT,2.55,0.3882352941176472,0.061831563394129437,6538634054.0,38.82352941176472,-29075.0
META271217C00640000,640.0,-625.0,空头平仓 Call，回补信号，看涨,1.7029464989433647,CALL,0.0,625.0,10250000.0,5.485961973954457e-06,10M-50M,2027-12-17,644.4000244140625,633.6099853515625,636.0750122070312,646.25,635.5,164.0,162.0,167.0,1.0,0.4566018085479737,True,META,157.0,0.044585987261146494,0.017029464989433647,1868405222031.0,4.45859872611465,-625.0
NVDA271217P00155000,155.0,-3754.0,空头平仓 Put，回补，看跌信号减弱,-1.8575921366021577,PUT,0.0,3754.0,10233404.0,2.3633634694736765e-06,10M-50M,2027-12-17,176.9114990234375,180.25999450683597,178.99000549316406,179.2899932861328,176.53140258789062,27.26,27.95,28.2,1.0,0.4085752502441406,False,NVDA,27.26,0.0,-0.018575921366021576,4330017000000.0,0.0,-3754.0
AMD261218C00210000,210.0,-1884.0,空头平仓 Call，回补信号，看涨,1.1435758427108205,CALL,0.0,1884.0,10230120.0,3.953231774048511e-05,10M-50M,2026-12-18,216.69000244140625,214.2400054931641,216.3950042724609,218.3000030517578,214.03219604492188,54.3,54.7,55.15,9.0,0.597782342529297,True,AMD,53.55,0.014005602240896359,0.011435758427108204,258778654648.0,1.400560224089636,-1884.0
MSFT260618P00550000,550.0,-1211.0,多头平仓 Put，减仓，看跌减弱,1.093717313819516,PUT,0.0,1211.0,10215996.0,2.687170270507243e-06,10M-50M,2026-06-18,490.80999755859375,485.5,487.5950012207031,492.6300048828125,486.6499938964844,84.36,68.0,69.1,1.0,0.1999591723632812,True,MSFT,84.36,0.0,0.01093717313819516,3801767276203.0,0.0,-1211.0
META270115C00620000,620.0,-804.0,空头平仓 Call，回补信号，看涨,1.7029464989433647,CALL,0.0,804.0,10208388.0,5.4636905739876085e-06,10M-50M,2027-01-15,644.4000244140625,633.6099853515625,636.0750122070312,646.25,635.5,126.97,127.0,129.2,11.0,0.4380396772766113,True,META,120.6,0.0528192371475954,0.017029464989433647,1868405222031.0,5.2819237147595395,-804.0
CRWD261218C00480000,480.0,-890.0,空头平仓 Call，回补信号，看涨,1.170394189332502,CALL,0.0,890.0,10199400.0,8.442175971961274e-05,10M-50M,2026-12-18,507.4100036621094,501.5400085449219,505.7449951171875,510.6900024414063,501.9400024414063,114.6,115.0,120.0,6.0,0.5149126878356933,True,CRWD,114.6,0.0,0.01170394189332502,120814823499.0,0.0,-890.0
MU260618C00280000,280.0,-3278.0,空头平仓 Call，回补信号，看涨,2.2192307531735946,CALL,0.0,3278.0,10178190.0,5.7829046321578726e-05,10M-50M,2026-06-18,235.3699951171875,230.25999450683597,235.6150054931641,238.1000061035156,233.47999572753903,31.05,30.15,31.85,3.0,0.662936720275879,False,MU,29.5,0.05254237288135596,0.02219230753173595,176004804634.0,5.254237288135596,-3278.0
MSFT251219C00410000,410.0,-1212.0,空头平仓 Call，回补信号，看涨,1.093717313819516,CALL,0.0,1212.0,10171104.0,2.6753620779645277e-06,10M-50M,2025-12-19,490.80999755859375,485.5,487.5950012207031,492.6300048828125,486.6499938964844,83.92,82.05,85.1,3.0,0.5629926513671876,True,MSFT,79.59,0.05440381957532351,0.01093717313819516,3801767276203.0,5.440381957532351,-1212.0
META270115C00640000,640.0,-855.0,空头平仓 Call，回补信号，看涨,1.7029464989433647,CALL,0.0,855.0,10130040.0,5.421757486306108e-06,10M-50M,2027-01-15,644.4000244140625,633.6099853515625,636.0750122070312,646.25,635.5,118.48,117.75,118.95,31.0,0.4315776447296143,True,META,112.0,0.05785714285714289,0.017029464989433647,1868405222031.0,5.785714285714289,-855.0
NVDA260220C00150000,150.0,-3079.0,多头平仓 Call，减仓，看涨减弱,-1.8575921366021577,CALL,0.0,3079.0,10120673.0,2.337328698709497e-06,10M-50M,2026-02-20,176.9114990234375,180.25999450683597,178.99000549316406,179.2899932861328,176.53140258789062,32.87,32.85,33.05,68.0,0.5124560473632812,True,NVDA,36.08,-0.08896895787139693,-0.018575921366021576,4330017000000.0,-8.896895787139693,-3079.0
META261218C00620000,620.0,-831.0,空头平仓 Call，回补信号，看涨,1.7029464989433647,CALL,0.0,831.0,10119087.0,5.4158952676231105e-06,10M-50M,2026-12-18,644.4000244140625,633.6099853515625,636.0750122070312,646.25,635.5,121.77,123.5,125.1,8.0,0.4373682972717285,True,META,117.0,0.04076923076923074,0.017029464989433647,1868405222031.0,4.076923076923074,-831.0
MU260618C00210000,210.0,-1720.0,空头平仓 Call，回补信号，看涨,2.2192307531735946,CALL,0.0,1720.0,10106720.0,5.7422977861410145e-05,10M-50M,2026-06-18,235.3699951171875,230.25999450683597,235.6150054931641,238.1000061035156,233.47999572753903,58.76,58.35,60.5,8.0,0.6970245141601563,True,MU,57.0,0.030877192982456104,0.02219230753173595,176004804634.0,3.0877192982456103,-1720.0
MSFT251219C00440000,440.0,-1902.0,空头平仓 Call，回补信号，看涨,1.093717313819516,CALL,0.0,1902.0,10097718.0,2.6560589500588936e-06,10M-50M,2025-12-19,490.80999755859375,485.5,487.5950012207031,492.6300048828125,486.6499938964844,53.09,53.05,54.6,2.0,0.4304866522216797,True,MSFT,48.5,0.09463917525773202,0.01093717313819516,3801767276203.0,9.463917525773201,-1902.0
MU261218C00200000,200.0,-1257.0,空头平仓 Call，回补信号，看涨,2.2192307531735946,CALL,0.0,1257.0,10088682.0,5.732049202281324e-05,10M-50M,2026-12-18,235.3699951171875,230.25999450683597,235.6150054931641,238.1000061035156,233.47999572753903,80.26,79.15,80.8,1.0,0.6951019259643555,True,MU,77.5,0.03561290322580652,0.02219230753173595,176004804634.0,3.561290322580652,-1257.0
META280121P00700000,700.0,-669.0,多头平仓 Put，减仓，看跌减弱,1.7029464989433647,PUT,0.0,669.0,10073802.0,5.391658020014279e-06,10M-50M,2028-01-21,644.4000244140625,633.6099853515625,636.0750122070312,646.25,635.5,150.58,149.85,151.2,3.0,0.3117630164718627,True,META,155.15,-0.029455365775056353,0.017029464989433647,1868405222031.0,-2.9455365775056355,-669.0
RIVN271217P00020000,20.0,-12073.0,多头平仓 Put，减仓，看跌减弱,4.726817698497462,PUT,0.0,12073.0,10068882.0,0.000532254045607307,10M-50M,2027-12-17,16.944799423217773,16.18000030517578,16.389999389648438,17.05500030517578,16.260000228881836,8.34,7.0,8.4,8.0,0.5915568188476563,True,RIVN,8.34,0.0,0.04726817698497462,18917436294.0,0.0,-12073.0
C260320C00075000,75.0,-3494.0,空头平仓 Call，回补信号，看涨,1.2975627620045593,CALL,0.0,3494.0,10059226.0,5.283604851183211e-05,10M-50M,2026-03-20,103.83000183105467,102.5,102.8000030517578,104.37000274658205,102.51000213623048,28.79,28.3,30.75,23.0,0.5444381494140625,True,C,28.79,0.0,0.012975627620045593,190385660611.0,0.0,-3494.0
MSFT260116C00470000,470.0,-3104.0,空头平仓 Call，回补信号，看涨,1.093717313819516,CALL,0.0,3104.0,10053856.0,2.6445216841471814e-06,10M-50M,2026-01-16,490.80999755859375,485.5,487.5950012207031,492.6300048828125,486.6499938964844,32.39,31.9,32.6,23.0,0.2898935757446288,True,MSFT,27.8,0.16510791366906474,0.01093717313819516,3801767276203.0,16.510791366906474,-3104.0
CLSK270115C00015000,15.0,-16749.0,空头平仓 Call，回补信号，看涨,11.152416515030085,CALL,0.0,16749.0,10049400.0,0.002758671327666983,10M-50M,2027-01-15,14.949999809265137,13.449999809265137,14.239999771118164,15.539999961853027,14.010000228881836,6.0,5.75,6.2,547.0,0.98632826171875,False,CLSK,5.0,0.2,0.11152416515030085,3642840631.0,20.0,-16749.0
AMZN260116P00225000,225.0,-15934.0,多头平仓 Put，减仓，看跌减弱,1.2654886760956519,PUT,0.0,15934.0,10038420.0,4.2827222821365974e-06,10M-50M,2026-01-16,232.05999755859372,229.16000366210935,231.34500122070312,232.8800048828125,230.22999572753903,6.3,6.3,6.45,549.0,0.2838816729736327,False,AMZN,7.78,-0.19023136246786637,0.012654886760956519,2343934380679.0,-19.02313624678664,-15934.0
META260116P00710000,710.0,-1373.0,多头平仓 Put，减仓，看跌减弱,1.7029464989433647,PUT,0.0,1373.0,10029765.0,5.368088721726763e-06,10M-50M,2026-01-16,644.4000244140625,633.6099853515625,636.0750122070312,646.25,635.5,73.05,69.7,71.2,5.0,0.264381135559082,True,META,79.67,-0.08309275762520402,0.017029464989433647,1868405222031.0,-8.309275762520402,-1373.0
UBER270115C00085000,85.0,-5722.0,空头平仓 Call，回补信号，看涨,1.914545084678616,CALL,0.0,5722.0,9984890.0,4.8633363407726756e-05,5M-10M,2027-01-15,87.30000305175781,85.66000366210938,86.51000213623047,87.55500030517578,86.23999786376953,17.45,17.3,17.6,27.0,0.4530694342041016,True,UBER,16.5,0.05757575757575753,0.01914545084678616,205309468652.0,5.757575757575753,-5722.0
MRVL260116C00100000,100.0,-19946.0,空头平仓 Call，回补信号，看涨,1.2311922207312875,CALL,0.0,19946.0,9973000.0,0.0001390917824036608,5M-10M,2026-01-16,88.80000305175781,87.72000122070312,85.8949966430664,89.41629791259766,84.54000091552734,5.0,4.7,5.1,244.0,0.6806672558593752,False,MRVL,4.7,0.0638297872340425,0.012311922207312876,71700857000.0,6.382978723404251,-19946.0
BE270115C00085000,85.0,-1753.0,空头平仓 Call，回补信号，看涨,6.586512008866211,CALL,0.0,1753.0,9969311.0,0.0006058626672996556,5M-10M,2027-01-15,107.80159759521484,101.13999938964844,104.1999969482422,108.91999816894533,102.55120086669922,56.87,55.1,58.5,25.0,1.1635173660278322,True,BE,50.93,0.11663066954643624,0.0658651200886621,16454737250.0,11.663066954643623,-1753.0
NFLX260116P00105000,105.0,-30949.0,多头平仓 Put，减仓，看跌减弱,1.3143058983256304,PUT,0.0,30949.0,9965578.0,1.9372451261469778e-05,5M-10M,2026-01-16,107.53500366210938,106.13999938964844,106.5,107.94000244140624,106.25,3.22,3.2,3.35,171.0,0.2873606420898437,False,NFLX,4.15,-0.2240963855421687,0.013143058983256304,514420083731.0,-22.40963855421687,-30949.0
SBET260116P00012500,12.5,-36419.0,多头平仓 Put，减仓，看跌减弱,3.4770686451981705,PUT,0.0,36419.0,9942387.0,0.0036798202320784054,5M-10M,2026-01-16,10.606399536132812,10.25,10.600000381469728,10.989999771118164,10.470000267028809,2.73,2.45,2.68,3.0,0.8388687988281249,True,SBET,2.91,-0.061855670103092834,0.034770686451981704,2701867584.0,-6.185567010309283,-36419.0
FCX270115C00038000,38.0,-9507.0,空头平仓 Call，回补信号，看涨,2.2182622176648987,CALL,0.0,9507.0,9934815.0,0.0001935519776359309,5M-10M,2027-01-15,43.084999084472656,42.150001525878906,42.7599983215332,43.3849983215332,42.31999969482422,10.45,10.05,10.95,12.0,0.4791311853027343,True,FCX,9.89,0.056622851365015034,0.022182622176648986,51328925291.0,5.662285136501503,-9507.0
BA260116P00210000,210.0,-4471.0,多头平仓 Put，减仓，看跌减弱,1.0860254650024583,PUT,0.0,4471.0,9925620.0,5.93256301815388e-05,5M-10M,2026-01-16,188.9499969482422,186.9199981689453,187.8699951171875,189.75,186.91000366210935,22.2,21.4,22.35,69.0,0.2589185437011719,True,BA,23.9,-0.07112970711297069,0.010860254650024584,167307451596.0,-7.112970711297069,-4471.0
C251219C00095000,95.0,-10060.0,空头平仓 Call，回补信号，看涨,1.2975627620045593,CALL,0.0,10060.0,9909100.0,5.2047512234897156e-05,5M-10M,2025-12-19,103.83000183105467,102.5,102.8000030517578,104.37000274658205,102.51000213623048,9.85,9.75,10.0,70.0,0.4299373413085938,True,C,8.92,0.10426008968609862,0.012975627620045593,190385660611.0,10.426008968609862,-10060.0
PATH270115C00015000,15.0,-25724.0,空头平仓 Call，回补信号，看涨,1.9499586951658328,CALL,0.0,25724.0,9903740.0,0.0015274652581175362,5M-10M,2027-01-15,13.854999542236328,13.59000015258789,13.699999809265137,13.9399995803833,13.510000228881836,3.85,3.8,3.85,311.0,0.7319362744140624,False,PATH,3.65,0.05479452054794526,0.019499586951658328,6483774310.0,5.479452054794526,-25724.0
META251219P00660000,660.0,-3758.0,多头平仓 Put，减仓，看跌减弱,1.7029464989433647,PUT,0.0,3758.0,9898572.0,5.2978721549707626e-06,5M-10M,2025-12-19,644.4000244140625,633.6099853515625,636.0750122070312,646.25,635.5,26.34,25.65,25.85,82.0,0.2649609637451171,True,META,33.47,-0.2130265909769943,0.017029464989433647,1868405222031.0,-21.30265909769943,-3758.0
COIN270115C00300000,300.0,-1409.0,空头平仓 Call，回补信号，看涨,2.773901222649555,CALL,0.0,1409.0,9870045.0,0.000122889689698146,5M-10M,2027-01-15,272.32000732421875,264.9700012207031,273.69000244140625,279.8599853515625,270.20001220703125,70.05,67.05,69.55,5.0,0.6848481222534181,False,COIN,62.2,0.1262057877813504,0.027739012226495552,80316298497.0,12.62057877813504,-1409.0
AMZN260618P00230000,230.0,-4771.0,多头平仓 Put，减仓，看跌减弱,1.2654886760956519,PUT,0.0,4771.0,9804405.0,4.182883736344113e-06,5M-10M,2026-06-18,232.05999755859372,229.16000366210935,231.34500122070312,232.8800048828125,230.22999572753903,20.55,20.45,20.6,66.0,0.3153449813842772,False,AMZN,22.15,-0.07223476297968388,0.012654886760956519,2343934380679.0,-7.223476297968388,-4771.0
SBSW270115C00010000,10.0,-19092.0,空头平仓 Call，回补信号，看涨,5.683626048681633,CALL,0.0,19092.0,9794196.0,0.0012401982318458148,5M-10M,2027-01-15,13.295000076293944,12.579999923706056,12.90999984741211,13.300000190734863,12.920000076293944,5.13,5.0,5.5,70.0,0.6967803759765626,True,SBSW,4.6,0.11521739130434788,0.05683626048681634,7897282667.0,11.521739130434788,-19092.0
NVDA260116P00178000,178.0,-9352.0,空头平仓 Put，回补，看跌信号减弱,-1.8575921366021577,PUT,0.0,9352.0,9772840.0,2.256998067213131e-06,5M-10M,2026-01-16,176.9114990234375,180.25999450683597,178.99000549316406,179.2899932861328,176.53140258789062,10.45,10.35,10.45,142.0,0.3775697009277343,True,NVDA,9.45,0.10582010582010583,-0.018575921366021576,4330017000000.0,10.582010582010582,-9352.0
AG260116C00015000,15.0,-56482.0,空头平仓 Call，回补信号，看涨,12.546259556684761,CALL,0.0,56482.0,9771386.0,0.0016475070783864524,5M-10M,2026-01-16,15.204999923706056,13.510000228881836,13.989999771118164,15.260000228881836,13.859999656677246,1.73,1.72,1.75,4313.0,0.7334011035156249,True,AG,0.88,0.9659090909090908,0.1254625955668476,5931013061.0,96.59090909090908,-56482.0
PYPL260116P00077500,77.5,-6458.0,多头平仓 Put，减仓，看跌减弱,1.3989937540889383,PUT,0.0,6458.0,9764496.0,0.0001518655779220487,5M-10M,2026-01-16,62.69499969482422,61.83000183105469,62.22999954223633,63.05500030517578,62.130001068115234,15.12,14.15,15.05,3.0,0.3657289990234375,True,PYPL,16.0,-0.05500000000000005,0.013989937540889383,64296966657.0,-5.500000000000005,-6458.0
MU251219P00230000,230.0,-7342.0,多头平仓 Put，减仓，看跌减弱,2.2192307531735946,PUT,0.0,7342.0,9735492.0,5.531378544037389e-05,5M-10M,2025-12-19,235.3699951171875,230.25999450683597,235.6150054931641,238.1000061035156,233.47999572753903,13.26,12.95,13.5,29.0,0.6926300268554688,False,MU,16.5,-0.19636363636363638,0.02219230753173595,176004804634.0,-19.636363636363637,-7342.0
RIVN260918C00015000,15.0,-18851.0,空头平仓 Call，回补信号，看涨,4.726817698497462,CALL,0.0,18851.0,9727116.0,0.0005141878555227447,5M-10M,2026-09-18,16.944799423217773,16.18000030517578,16.389999389648438,17.05500030517578,16.260000228881836,5.16,5.05,5.25,344.0,0.7302273071289063,True,RIVN,4.83,0.06832298136645965,0.04726817698497462,18917436294.0,6.8322981366459645,-18851.0
BAC270115P00050000,50.0,-24193.0,多头平仓 Put，减仓，看跌减弱,1.2738237699185466,PUT,0.0,24193.0,9725585.999999998,2.5149122130341975e-05,5M-10M,2027-01-15,53.665000915527344,52.9900016784668,53.11000061035156,53.93999862670898,53.04999923706055,4.02,3.85,4.1,3.0,0.262153374633789,False,BAC,4.46,-0.09865470852017946,0.012738237699185466,386716719160.0,-9.865470852017946,-24193.0
AMZN260116P00250000,250.0,-4813.0,多头平仓 Put，减仓，看跌减弱,1.2654886760956519,PUT,0.0,4813.0,9722260.0,4.1478379600301e-06,5M-10M,2026-01-16,232.05999755859372,229.16000366210935,231.34500122070312,232.8800048828125,230.22999572753903,20.2,20.1,20.35,9.0,0.2407912835693359,True,AMZN,22.97,-0.12059207662168044,0.012654886760956519,2343934380679.0,-12.059207662168044,-4813.0
NVDA260618C00177000,177.0,-3739.0,多头平仓 Call，减仓，看涨减弱,-1.8575921366021577,CALL,0.0,3739.0,9702705.0,2.2408006712213833e-06,5M-10M,2026-06-18,176.9114990234375,180.25999450683597,178.99000549316406,179.2899932861328,176.53140258789062,25.95,25.85,26.1,50.0,0.4996387927246094,False,NVDA,28.19,-0.07946080170273154,-0.018575921366021576,4330017000000.0,-7.946080170273154,-3739.0
NVDA260515C00140000,140.0,2094.0,空头卖 Call，看跌/看不涨,-1.8575921366021577,CALL,12649.0,10555.0,9699408.0,2.240039242340157e-06,5M-10M,2026-05-15,176.9114990234375,180.25999450683597,178.99000549316406,179.2899932861328,176.53140258789062,46.32,46.2,46.4,1379.0,0.5488326367187502,True,NVDA,49.55,-0.06518668012108975,-0.018575921366021576,4330017000000.0,-6.518668012108975,2094.0
BA260116P00200000,200.0,-6874.0,多头平仓 Put，减仓，看跌减弱,1.0860254650024583,PUT,0.0,6874.0,9651096.0,5.768479471736057e-05,5M-10M,2026-01-16,188.9499969482422,186.9199981689453,187.8699951171875,189.75,186.91000366210935,14.04,13.8,14.2,23.0,0.2579419909667969,True,BA,15.45,-0.09126213592233011,0.010860254650024584,167307451596.0,-9.126213592233011,-6874.0
MU260320C00250000,250.0,-3183.0,空头平仓 Call，回补信号，看涨,2.2192307531735946,CALL,0.0,3183.0,9628575.0,5.470631906908742e-05,5M-10M,2026-03-20,235.3699951171875,230.25999450683597,235.6150054931641,238.1000061035156,233.47999572753903,30.25,29.85,30.75,78.0,0.6942169250488281,False,MU,27.95,0.0822898032200358,0.02219230753173595,176004804634.0,8.228980322003581,-3183.0
ORCL260220P00220000,220.0,-3070.0,空头平仓 Put，回补，看跌信号减弱,-2.07114082597721,PUT,0.0,3070.0,9609100.0,1.192917922073955e-05,5M-10M,2026-02-20,200.71499633789065,204.9600067138672,199.50999450683597,202.33990478515625,197.6100006103516,31.3,30.7,31.0,29.0,0.4934132690429688,True,ORCL,28.62,0.09364081062194268,-0.0207114082597721,805512250440.0,9.364081062194268,-3070.0
AMD251219P00210000,210.0,-12541.0,多头平仓 Put，减仓，看跌减弱,1.1435758427108205,PUT,0.0,12541.0,9593865.0,3.707363349983374e-05,5M-10M,2025-12-19,216.69000244140625,214.2400054931641,216.3950042724609,218.3000030517578,214.03219604492188,7.65,7.7,7.85,946.0,0.5167284655761719,False,AMD,9.15,-0.16393442622950818,0.011435758427108204,258778654648.0,-16.39344262295082,-12541.0
AMZN261218P00180000,180.0,-9497.0,多头平仓 Put，减仓，看跌减弱,1.2654886760956519,PUT,0.0,9497.0,9591970.0,4.092251932932252e-06,5M-10M,2026-12-18,232.05999755859372,229.16000366210935,231.34500122070312,232.8800048828125,230.22999572753903,10.1,9.9,10.05,22.0,0.3460148406982422,False,AMZN,10.65,-0.051643192488262976,0.012654886760956519,2343934380679.0,-5.164319248826297,-9497.0
RIVN251219C00015000,15.0,-41886.0,空头平仓 Call，回补信号，看涨,4.726817698497462,CALL,0.0,41886.0,9591894.0,0.0005070398467810482,5M-10M,2025-12-19,16.944799423217773,16.18000030517578,16.389999389648438,17.05500030517578,16.260000228881836,2.29,2.25,2.36,530.0,0.6796907031250001,True,RIVN,1.73,0.323699421965318,0.04726817698497462,18917436294.0,32.369942196531795,-41886.0
META260417C00700000,700.0,-2473.0,空头平仓 Call，回补信号，看涨,1.7029464989433647,CALL,0.0,2473.0,9582875.0,5.128906131820372e-06,5M-10M,2026-04-17,644.4000244140625,633.6099853515625,636.0750122070312,646.25,635.5,38.75,38.95,39.25,60.0,0.3803009968566894,False,META,34.72,0.1160714285714286,0.017029464989433647,1868405222031.0,11.607142857142861,-2473.0
EOSE280121C00015000,15.0,-11449.0,空头平仓 Call，回补信号，看涨,6.314565546317465,CALL,0.0,11449.0,9582812.999999998,0.0036440451803142863,5M-10M,2028-01-21,15.1072998046875,14.210000038146973,14.449999809265137,15.270000457763672,14.199999809265137,8.37,7.7,8.5,3.0,0.9951172363281252,True,EOSE,7.69,0.08842652795838736,0.06314565546317465,2629718493.0,8.842652795838736,-11449.0
NVDA260918C00190000,190.0,-3696.0,多头平仓 Call，减仓，看涨减弱,-1.8575921366021577,CALL,0.0,3696.0,9554160.0,2.2064948012906183e-06,5M-10M,2026-09-18,176.9114990234375,180.25999450683597,178.99000549316406,179.2899932861328,176.53140258789062,25.85,25.85,26.0,32.0,0.492467233581543,False,NVDA,27.95,-0.0751341681574239,-0.018575921366021576,4330017000000.0,-7.5134168157423895,-3696.0
AMZN251219P00250000,250.0,-5233.0,多头平仓 Put，减仓，看跌减弱,1.2654886760956519,PUT,0.0,5233.0,9524060.0,4.063279278851242e-06,5M-10M,2025-12-19,232.05999755859372,229.16000366210935,231.34500122070312,232.8800048828125,230.22999572753903,18.2,18.4,18.6,6.0,0.2374343835449218,True,AMZN,20.5,-0.11219512195121954,0.012654886760956519,2343934380679.0,-11.219512195121954,-5233.0
MSFT260618C00440000,440.0,-1274.0,空头平仓 Call，回补信号，看涨,1.093717313819516,CALL,0.0,1274.0,9516780.0,2.5032515955329193e-06,5M-10M,2026-06-18,490.80999755859375,485.5,487.5950012207031,492.6300048828125,486.6499938964844,74.7,76.6,77.95,1.0,0.3506382075500487,True,MSFT,70.7,0.056577086280056574,0.01093717313819516,3801767276203.0,5.657708628005658,-1274.0
NVDA260417C00170000,170.0,-3874.0,多头平仓 Call，减仓，看涨减弱,-1.8575921366021577,CALL,0.0,3874.0,9510670.0,2.196450960816089e-06,5M-10M,2026-04-17,176.9114990234375,180.25999450683597,178.99000549316406,179.2899932861328,176.53140258789062,24.55,24.5,24.7,140.0,0.4920399917602539,True,NVDA,26.95,-0.08905380333951758,-0.018575921366021576,4330017000000.0,-8.905380333951758,-3874.0
JPM260116C00255000,255.0,-1574.0,空头平仓 Call，回补信号，看涨,1.6008931083288662,CALL,0.0,1574.0,9506960.0,1.093901735768717e-05,5M-10M,2026-01-16,312.56500244140625,307.6400146484375,309.1000061035156,313.7200012207031,308.239990234375,60.4,58.9,61.15,1.0,0.4977467218017578,True,JPM,54.55,0.10724106324472964,0.01600893108328866,869087203095.0,10.724106324472963,-1574.0
BMNR260116P00040000,40.0,-9949.0,多头平仓 Put，减仓，看跌减弱,1.4659723052255405,PUT,0.0,9949.0,9501295.000000002,0.043720300677549756,5M-10M,2026-01-16,32.205299377441406,31.739999771118164,33.79999923706055,35.20000076293945,32.130001068115234,9.55,9.55,10.15,188.0,0.9492192578125,True,BMNR,10.88,-0.12224264705882353,0.014659723052255404,217319983.0,-12.224264705882353,-9949.0
ONON260320C00050000,50.0,-36941.0,空头平仓 Call，回补信号，看涨,2.1069689195344394,CALL,0.0,36941.0,9493837.0,0.0003521825674765066,5M-10M,2026-03-20,44.09999847412109,43.18999862670898,43.34000015258789,44.23989868164063,43.27999877929688,2.57,2.46,2.6,532.0,0.481450498046875,False,ONON,2.4,0.0708333333333333,0.021069689195344396,26957146312.0,7.08333333333333,-36941.0
META260116P00640000,640.0,-3959.0,多头平仓 Put，减仓，看跌减弱,1.7029464989433647,PUT,0.0,3959.0,9481805.0,5.0748118706781695e-06,5M-10M,2026-01-16,644.4000244140625,633.6099853515625,636.0750122070312,646.25,635.5,23.95,23.85,24.05,183.0,0.2763744238281249,False,META,29.75,-0.19495798319327734,0.017029464989433647,1868405222031.0,-19.495798319327733,-3959.0
META260618P00640000,640.0,-1534.0,多头平仓 Put，减仓，看跌减弱,1.7029464989433647,PUT,0.0,1534.0,9480120.0,5.073910032051232e-06,5M-10M,2026-06-18,644.4000244140625,633.6099853515625,636.0750122070312,646.25,635.5,61.8,61.5,62.0,11.0,0.3367909949493408,False,META,66.57,-0.07165389815232082,0.017029464989433647,1868405222031.0,-7.165389815232082,-1534.0
CRCL260116P00090000,90.0,-6315.0,多头平仓 Put，减仓，看跌减弱,9.629684478740309,PUT,0.0,6315.0,9440925.0,0.00032404008373040146,5M-10M,2026-01-16,79.63500213623047,72.63999938964844,75.30999755859375,81.4800033569336,74.0199966430664,14.95,14.95,15.9,63.0,0.7480493945312501,True,CRCL,20.2,-0.2599009900990099,0.0962968447874031,29135052958.0,-25.99009900990099,-6315.0
META251219C00670000,670.0,-10548.0,空头平仓 Call，回补信号，看涨,1.7029464989433647,CALL,0.0,10548.0,9440460.0,5.052683373330546e-06,5M-10M,2025-12-19,644.4000244140625,633.6099853515625,636.0750122070312,646.25,635.5,8.95,8.9,9.0,630.0,0.2974008248901366,False,META,6.45,0.38759689922480606,0.017029464989433647,1868405222031.0,38.759689922480604,-10548.0
META260618P00580000,580.0,-2551.0,多头平仓 Put，减仓，看跌减弱,1.7029464989433647,PUT,0.0,2551.0,9438700.0,5.051741393518432e-06,5M-10M,2026-06-18,644.4000244140625,633.6099853515625,636.0750122070312,646.25,635.5,37.0,36.25,36.7,5.0,0.3515995016479492,False,META,39.8,-0.07035175879396978,0.017029464989433647,1868405222031.0,-7.035175879396978,-2551.0
MSFT260116P00495000,495.0,-5915.0,多头平仓 Put，减仓，看跌减弱,1.093717313819516,PUT,0.0,5915.0,9404850.0,2.473810024845355e-06,5M-10M,2026-01-16,490.80999755859375,485.5,487.5950012207031,492.6300048828125,486.6499938964844,15.9,15.7,15.95,90.0,0.188911919555664,True,MSFT,19.45,-0.18251928020565547,0.01093717313819516,3801767276203.0,-18.251928020565547,-5915.0
JD251219P00035000,35.0,-17861.0,多头平仓 Put，减仓，看跌减弱,1.2746430966265279,PUT,0.0,17861.0,9394886.0,0.00018737808564497888,5M-10M,2025-12-19,29.795000076293945,29.420000076293945,29.850000381469727,29.989999771118164,29.7450008392334,5.26,5.05,5.3,33.0,0.43164630859375,True,JD,5.65,-0.06902654867256647,0.01274643096626528,50138659319.0,-6.902654867256647,-17861.0
META260618C00640000,640.0,-1166.0,空头平仓 Call，回补信号，看涨,1.7029464989433647,CALL,0.0,1166.0,9388632.0,5.024944208727022e-06,5M-10M,2026-06-18,644.4000244140625,633.6099853515625,636.0750122070312,646.25,635.5,80.52,80.7,81.2,60.0,0.415044912109375,True,META,74.4,0.0822580645161289,0.017029464989433647,1868405222031.0,8.22580645161289,-1166.0
XYZ260320C00060000,60.0,-8045.0,空头平仓 Call，回补信号，看涨,2.6157220671236563,CALL,0.0,8045.0,9372425.0,0.00020870254476548533,5M-10M,2026-03-20,66.73100280761719,65.02999877929688,65.7300033569336,67.4800033569336,65.5,11.65,11.3,11.85,5.0,0.5535933312988282,True,XYZ,10.68,0.09082397003745325,0.02615722067123656,44908053280.0,9.082397003745326,-8045.0
PANW260116C00180000,180.0,-6170.0,空头平仓 Call，回补信号，看涨,2.2551888525144186,CALL,0.0,6170.0,9366060.0,6.919100008892235e-05,5M-10M,2026-01-16,189.52999877929688,185.3500061035156,187.1999969482422,190.9199981689453,186.9499969482422,15.18,14.45,15.9,22.0,0.3828797064208984,True,PANW,11.85,0.2810126582278481,0.022551888525144188,135365293000.0,28.10126582278481,-6170.0
META260515C00650000,650.0,-1347.0,空头平仓 Call，回补信号，看涨,1.7029464989433647,CALL,0.0,1347.0,9358956.000000002,5.00906114457687e-06,5M-10M,2026-05-15,644.4000244140625,633.6099853515625,636.0750122070312,646.25,635.5,69.48,69.65,70.1,24.0,0.4161664218902587,False,META,63.85,0.0881754111198121,0.017029464989433647,1868405222031.0,8.81754111198121,-1347.0
META260618C00730000,730.0,-2061.0,空头平仓 Call，回补信号，看涨,1.7029464989433647,CALL,0.0,2061.0,9354879.0,5.006879069750741e-06,5M-10M,2026-06-18,644.4000244140625,633.6099853515625,636.0750122070312,646.25,635.5,45.39,44.9,45.35,4.0,0.3984587742614746,False,META,41.3,0.09903147699757878,0.017029464989433647,1868405222031.0,9.903147699757877,-2061.0
CRWD260116C00480000,480.0,-1761.0,空头平仓 Call，回补信号，看涨,1.170394189332502,CALL,0.0,1761.0,9350910.0,7.739869768611132e-05,5M-10M,2026-01-16,507.4100036621094,501.5400085449219,505.7449951171875,510.6900024414063,501.9400024414063,53.1,49.3,50.25,19.0,0.4767203207397461,True,CRWD,48.33,0.09869646182495351,0.01170394189332502,120814823499.0,9.869646182495352,-1761.0
INTC251219C00040000,40.0,-44407.0,空头平仓 Call，回补信号，看涨,8.951366601513174,CALL,0.0,44407.0,9325470.0,6.0015831796812405e-05,5M-10M,2025-12-19,40.10499954223633,36.810001373291016,37.369998931884766,40.18999862670898,37.35499954223633,2.1,2.08,2.14,11176.0,0.5268602001953125,True,INTC,0.75,1.8,0.08951366601513173,155383500000.0,180.0,-44407.0
JD251219P00034000,34.0,-22152.0,多头平仓 Put，减仓，看跌减弱,1.2746430966265279,PUT,0.0,22152.0,9303840.0,0.00018556220143035055,5M-10M,2025-12-19,29.795000076293945,29.420000076293945,29.850000381469727,29.989999771118164,29.7450008392334,4.2,3.95,4.45,141.0,0.47852083984375,True,JD,4.9,-0.14285714285714288,0.01274643096626528,50138659319.0,-14.285714285714288,-22152.0
NVDA261218C00215000,215.0,-4102.0,多头平仓 Call，减仓，看涨减弱,-1.8575921366021577,CALL,0.0,4102.0,9295132.0,2.1466733271486e-06,5M-10M,2026-12-18,176.9114990234375,180.25999450683597,178.99000549316406,179.2899932861328,176.53140258789062,22.66,22.25,22.45,7.0,0.4858755026245117,False,NVDA,24.9,-0.08995983935742966,-0.018575921366021576,4330017000000.0,-8.995983935742965,-4102.0
CRM260116P00240000,240.0,-5214.0,多头平仓 Put，减仓，看跌减弱,1.4288888243863227,PUT,0.0,5214.0,9254850.0,3.993542740186902e-05,5M-10M,2026-01-16,231.41000366210935,228.1499938964844,229.0,232.55999755859372,228.625,17.75,17.65,18.3,20.0,0.3905090246582031,True,CRM,20.6,-0.13834951456310685,0.014288888243863228,231745360000.0,-13.834951456310684,-5214.0
CRM260116P00270000,270.0,-2255.0,多头平仓 Put，减仓，看跌减弱,1.4288888243863227,PUT,0.0,2255.0,9184615.0,3.963235768776557e-05,5M-10M,2026-01-16,231.41000366210935,228.1499938964844,229.0,232.55999755859372,228.625,40.73,39.2,42.05,1.0,0.4281063049316406,True,CRM,43.8,-0.07009132420091325,0.014288888243863228,231745360000.0,-7.009132420091325,-2255.0
META251219C00580000,580.0,-1358.0,空头平仓 Call，回补信号，看涨,1.7029464989433647,CALL,0.0,1358.0,9105390.0,4.87334861444148e-06,5M-10M,2025-12-19,644.4000244140625,633.6099853515625,636.0750122070312,646.25,635.5,67.05,67.8,68.85,197.0,0.4029600720214844,True,META,58.85,0.13933729821580282,0.017029464989433647,1868405222031.0,13.933729821580283,-1358.0
AMZN260116P00220000,220.0,-19269.0,多头平仓 Put，减仓，看跌减弱,1.2654886760956519,PUT,0.0,19269.0,9056430.0,3.863772840507804e-06,5M-10M,2026-01-16,232.05999755859372,229.16000366210935,231.34500122070312,232.8800048828125,230.22999572753903,4.7,4.65,4.75,466.0,0.287970987548828,False,AMZN,6.05,-0.22314049586776855,0.012654886760956519,2343934380679.0,-22.314049586776854,-19269.0
AMZN251219C00185000,185.0,-1915.0,空头平仓 Call，回补信号，看涨,1.2654886760956519,CALL,0.0,1915.0,9052205.0,3.8619703156441275e-06,5M-10M,2025-12-19,232.05999755859372,229.16000366210935,231.34500122070312,232.8800048828125,230.22999572753903,47.27,48.2,48.35,1.0,0.6564975756835938,True,AMZN,42.34,0.11643835616438354,0.012654886760956519,2343934380679.0,11.643835616438354,-1915.0
PYPL260618C00060000,60.0,-9469.0,空头平仓 Call，回补信号，看涨,1.3989937540889383,CALL,0.0,9469.0,9042895.000000002,0.00014064263790608393,5M-10M,2026-06-18,62.69499969482422,61.83000183105469,62.22999954223633,63.05500030517578,62.130001068115234,9.55,9.05,9.85,10.0,0.4647270324707031,True,PYPL,8.8,0.08522727272727272,0.013989937540889383,64296966657.0,8.522727272727272,-9469.0
MSFT251219P00525000,525.0,-2618.0,多头平仓 Put，减仓，看跌减弱,1.093717313819516,PUT,0.0,2618.0,9029482.0,2.375074891227471e-06,5M-10M,2025-12-19,490.80999755859375,485.5,487.5950012207031,492.6300048828125,486.6499938964844,34.49,33.2,34.15,14.0,1.0000000000000004e-05,True,MSFT,38.0,-0.09236842105263153,0.01093717313819516,3801767276203.0,-9.236842105263152,-2618.0
META270115P00660000,660.0,-923.0,多头平仓 Put，减仓，看跌减弱,1.7029464989433647,PUT,0.0,923.0,8999250.0,4.816540809181429e-06,5M-10M,2027-01-15,644.4000244140625,633.6099853515625,636.0750122070312,646.25,635.5,97.5,96.7,97.85,51.0,0.3259268457794189,True,META,103.1,-0.054316197866149316,0.017029464989433647,1868405222031.0,-5.431619786614932,-923.0
NFLX260116P00114000,114.0,-11186.0,多头平仓 Put，减仓，看跌减弱,1.3143058983256304,PUT,0.0,11186.0,8993543.999999998,1.748287884635331e-05,5M-10M,2026-01-16,107.53500366210938,106.13999938964844,106.5,107.94000244140624,106.25,8.04,8.0,8.25,126.0,0.2609937182617187,True,NFLX,9.2,-0.12608695652173915,0.013143058983256304,514420083731.0,-12.608695652173916,-11186.0
BMNR280121C00025000,25.0,-3817.0,空头平仓 Call，回补信号，看涨,1.4659723052255405,CALL,0.0,3817.0,8989035.0,0.04136313134167694,5M-10M,2028-01-21,32.205299377441406,31.739999771118164,33.79999923706055,35.20000076293945,32.130001068115234,23.55,21.6,23.2,19.0,1.2819860119628903,True,BMNR,21.55,0.09280742459396751,0.014659723052255404,217319983.0,9.280742459396752,-3817.0
AMZN261218P00200000,200.0,-5657.0,多头平仓 Put，减仓，看跌减弱,1.2654886760956519,PUT,0.0,5657.0,8966345.0,3.825339597349391e-06,5M-10M,2026-12-18,232.05999755859372,229.16000366210935,231.34500122070312,232.8800048828125,230.22999572753903,15.85,15.6,15.8,2.0,0.3302068933105468,False,AMZN,16.7,-0.05089820359281435,0.012654886760956519,2343934380679.0,-5.089820359281435,-5657.0
META261218C00670000,670.0,-889.0,空头平仓 Call，回补信号，看涨,1.7029464989433647,CALL,0.0,889.0,8959342.0,4.795181416941763e-06,5M-10M,2026-12-18,644.4000244140625,633.6099853515625,636.0750122070312,646.25,635.5,100.78,100.55,101.4,15.0,0.425260569229126,False,META,95.09,0.059838048164896386,0.017029464989433647,1868405222031.0,5.983804816489639,-889.0
META261218C00750000,750.0,-1249.0,空头平仓 Call，回补信号，看涨,1.7029464989433647,CALL,0.0,1249.0,8942840.0,4.786349285771597e-06,5M-10M,2026-12-18,644.4000244140625,633.6099853515625,636.0750122070312,646.25,635.5,71.6,71.2,72.1,6.0,0.4144040493774413,False,META,66.45,0.07750188111361914,0.017029464989433647,1868405222031.0,7.750188111361914,-1249.0
PAAS270115C00055000,55.0,-12758.0,空头平仓 Call，回补信号，看涨,6.726935121395418,CALL,0.0,12758.0,8930600.0,0.0006434812215051001,5M-10M,2027-01-15,45.45500183105469,42.59000015258789,43.970001220703125,45.970001220703125,43.59999847412109,7.0,6.9,7.3,126.0,0.5350388293457031,False,PAAS,5.2,0.3461538461538461,0.06726935121395418,13878571280.0,34.615384615384606,-12758.0
TOST270115C00035000,35.0,-11511.0,空头平仓 Call，回补信号，看涨,2.146682726155015,CALL,0.0,11511.0,8921025.0,0.0004112316493979975,5M-10M,2027-01-15,34.2599983215332,33.540000915527344,33.83000183105469,34.39849853515625,33.810001373291016,7.75,7.2,8.75,55.0,0.5756878369140624,False,TOST,7.3,0.06164383561643838,0.02146682726155015,21693430000.0,6.164383561643838,-11511.0
NVDA260116C00210000,210.0,-48889.0,多头平仓 Call，减仓，看涨减弱,-1.8575921366021577,CALL,0.0,48889.0,8897798.0,2.0549106389189696e-06,5M-10M,2026-01-16,176.9114990234375,180.25999450683597,178.99000549316406,179.2899932861328,176.53140258789062,1.82,1.81,1.82,3358.0,0.4056455920410156,False,NVDA,2.47,-0.26315789473684215,-0.018575921366021576,4330017000000.0,-26.315789473684216,-48889.0
MSFT260320C00400000,400.0,-881.0,空头平仓 Call，回补信号，看涨,1.093717313819516,CALL,0.0,881.0,8884885.0,2.337040737768079e-06,5M-10M,2026-03-20,490.80999755859375,485.5,487.5950012207031,492.6300048828125,486.6499938964844,100.85,99.95,101.25,2.0,0.4142209457397461,True,MSFT,95.65,0.054364871928907356,0.01093717313819516,3801767276203.0,5.436487192890736,-881.0
MSFT260618C00480000,480.0,-1747.0,空头平仓 Call，回补信号，看涨,1.093717313819516,CALL,0.0,1747.0,8853796.0,2.328863225116371e-06,5M-10M,2026-06-18,490.80999755859375,485.5,487.5950012207031,492.6300048828125,486.6499938964844,50.68,50.25,51.6,8.0,0.3192664509582518,True,MSFT,47.74,0.06158357771260992,0.01093717313819516,3801767276203.0,6.1583577712609925,-1747.0
MSFT260116P00510000,510.0,-3635.0,多头平仓 Put，减仓，看跌减弱,1.093717313819516,PUT,0.0,3635.0,8851225.0,2.3281869606811192e-06,5M-10M,2026-01-16,490.80999755859375,485.5,487.5950012207031,492.6300048828125,486.6499938964844,24.35,24.3,24.6,15.0,0.1728293167114258,True,MSFT,27.9,-0.12724014336917552,0.01093717313819516,3801767276203.0,-12.724014336917552,-3635.0
SOFI280616C00032000,32.0,-7038.0,空头平仓 Call，回补信号，看涨,3.532471288511421,CALL,0.0,7038.0,8832690.0,0.00026362576534150764,5M-10M,2028-06-16,29.496400833129883,28.489999771118164,28.790000915527344,29.56999969482422,28.45499992370605,12.55,12.0,12.9,39.0,0.7384059362792967,False,SOFI,11.95,0.050209205020920626,0.03532471288511421,33504653798.0,5.020920502092062,-7038.0
CRCL260116C00085000,85.0,-11757.0,空头平仓 Call，回补信号，看涨,9.629684478740309,CALL,0.0,11757.0,8758965.0,0.0003006332273576642,5M-10M,2026-01-16,79.63500213623047,72.63999938964844,75.30999755859375,81.4800033569336,74.0199966430664,7.45,7.05,7.75,343.0,0.8148211877441407,False,CRCL,4.69,0.5884861407249466,0.0962968447874031,29135052958.0,58.84861407249466,-11757.0
OKLO251219P00100000,100.0,-6678.0,多头平仓 Put，减仓，看跌减弱,3.8660958723875427,PUT,0.0,6678.0,8748180.0,0.0005361966934598161,5M-10M,2025-12-19,92.1500015258789,88.72000122070312,90.0,94.50499725341795,89.01000213623047,13.1,12.45,12.65,26.0,0.8544936425781251,True,OKLO,15.6,-0.16025641025641027,0.03866095872387543,16315244213.0,-16.025641025641026,-6678.0
NVO251219C00050000,50.0,-49870.0,空头平仓 Call，回补信号，看涨,1.4268111432705237,CALL,0.0,49870.0,8727250.0,3.5148197543562965e-05,5M-10M,2025-12-19,49.40499877929688,48.709999084472656,49.130001068115234,49.70500183105469,48.34999847412109,1.75,1.69,1.75,1334.0,0.4179745703124999,False,NVO,1.56,0.12179487179487175,0.014268111432705236,248298650000.0,12.179487179487175,-49870.0
WULF260116C00015000,15.0,-30286.0,空头平仓 Call，回补信号，看涨,3.2008047365995265,CALL,0.0,30286.0,8722368.0,0.002054950952755646,5M-10M,2026-01-16,15.3149995803833,14.84000015258789,15.130000114440918,16.1299991607666,15.130000114440918,2.88,2.83,2.94,4289.0,1.2275429248046876,True,WULF,2.23,0.29147982062780264,0.03200804736599527,4244562620.0,29.147982062780265,-30286.0
PYPL260116P00065000,65.0,-22412.0,多头平仓 Put，减仓，看跌减弱,1.3989937540889383,PUT,0.0,22412.0,8718268.0,0.00013559376831116563,5M-10M,2026-01-16,62.69499969482422,61.83000183105469,62.22999954223633,63.05500030517578,62.130001068115234,3.89,3.9,4.0,17.0,0.2851633984374999,True,PYPL,4.68,-0.16880341880341873,0.013989937540889383,64296966657.0,-16.880341880341874,-22412.0
BAC251219C00050000,50.0,-21456.0,空头平仓 Call，回补信号，看涨,1.2738237699185466,CALL,0.0,21456.0,8689680.0,2.2470401638892514e-05,5M-10M,2025-12-19,53.665000915527344,52.9900016784668,53.11000061035156,53.93999862670898,53.04999923706055,4.05,3.9,4.1,228.0,0.3252020605468749,True,BAC,3.31,0.22356495468277937,0.012738237699185466,386716719160.0,22.356495468277938,-21456.0
ORCL260320P00185000,185.0,-5446.0,空头平仓 Put，回补，看跌信号减弱,-2.07114082597721,PUT,0.0,5446.0,8686370.0,1.0783659708781821e-05,5M-10M,2026-03-20,200.71499633789065,204.9600067138672,199.50999450683597,202.33990478515625,197.6100006103516,15.95,15.8,16.1,10.0,0.5390060748291017,False,ORCL,15.0,0.06333333333333328,-0.0207114082597721,805512250440.0,6.333333333333329,-5446.0
B260618C00038000,38.0,-12131.0,空头平仓 Call，回补信号，看涨,1.5666230182633518,CALL,0.0,12131.0,8673665.0,0.00014745446964001922,5M-10M,2026-06-18,41.62200164794922,40.97999954223633,40.97999954223633,41.720001220703125,40.70000076293945,7.15,6.95,7.4,60.0,0.4580132324218751,True,B,6.37,0.12244897959183677,0.01566623018263352,58822665879.0,12.244897959183678,-12131.0
B260320C00030000,30.0,-7096.0,空头平仓 Call，回补信号，看涨,1.5666230182633518,CALL,0.0,7096.0,8657120.0,0.00014717320051097236,5M-10M,2026-03-20,41.62200164794922,40.97999954223633,40.97999954223633,41.720001220703125,40.70000076293945,12.2,11.9,12.4,34.0,0.549076774902344,True,B,11.3,0.07964601769911492,0.01566623018263352,58822665879.0,7.964601769911492,-7096.0
META270617C00700000,700.0,-747.0,空头平仓 Call，回补信号，看涨,1.7029464989433647,CALL,0.0,747.0,8656236.0,4.6329542959585985e-06,5M-10M,2027-06-17,644.4000244140625,633.6099853515625,636.0750122070312,646.25,635.5,115.88,114.85,116.15,12.0,0.4308376008605958,False,META,109.18,0.061366550650302144,0.017029464989433647,1868405222031.0,6.136655065030214,-747.0
INTC260320C00035000,35.0,-11480.0,空头平仓 Call，回补信号，看涨,8.951366601513174,CALL,0.0,11480.0,8644440.0,5.5632933998783654e-05,5M-10M,2026-03-20,40.10499954223633,36.810001373291016,37.369998931884766,40.18999862670898,37.35499954223633,7.53,7.4,7.8,151.0,0.5561567822265626,True,INTC,5.5,0.36909090909090914,0.08951366601513173,155383500000.0,36.909090909090914,-11480.0
BA270115P00200000,200.0,-3030.0,多头平仓 Put，减仓，看跌减弱,1.0860254650024583,PUT,0.0,3030.0,8620350.0,5.152400516395228e-05,5M-10M,2027-01-15,188.9499969482422,186.9199981689453,187.8699951171875,189.75,186.91000366210935,28.45,29.1,29.75,2.0,0.2896494375610351,True,BA,30.75,-0.0747967479674797,0.010860254650024584,167307451596.0,-7.47967479674797,-3030.0
COIN260320P00250000,250.0,-3514.0,多头平仓 Put，减仓，看跌减弱,2.773901222649555,PUT,0.0,3514.0,8581188.0,0.00010684242377430438,5M-10M,2026-03-20,272.32000732421875,264.9700012207031,273.69000244140625,279.8599853515625,270.20001220703125,24.42,24.05,24.75,12.0,0.596683720703125,False,COIN,28.3,-0.13710247349823318,0.027739012226495552,80316298497.0,-13.710247349823318,-3514.0
UBER260116P00092500,92.5,-12248.0,多头平仓 Put，减仓，看跌减弱,1.914545084678616,PUT,0.0,12248.0,8573600.0,4.175939890299103e-05,5M-10M,2026-01-16,87.30000305175781,85.66000366210938,86.51000213623047,87.55500030517578,86.23999786376953,7.0,6.65,7.35,12.0,0.3205634350585937,True,UBER,8.06,-0.13151364764267995,0.01914545084678616,205309468652.0,-13.151364764267996,-12248.0
WULF260116C00011000,11.0,-15583.0,空头平仓 Call，回补信号，看涨,3.2008047365995265,CALL,0.0,15583.0,8570650.0,0.0020192068694229797,5M-10M,2026-01-16,15.3149995803833,14.84000015258789,15.130000114440918,16.1299991607666,15.130000114440918,5.5,5.05,5.75,38.0,1.42578412109375,True,WULF,4.3,0.2790697674418605,0.03200804736599527,4244562620.0,27.906976744186053,-15583.0
MU260116C00270000,270.0,-7224.0,空头平仓 Call，回补信号，看涨,2.2192307531735946,CALL,0.0,7224.0,8560440.0,4.863753587750822e-05,5M-10M,2026-01-16,235.3699951171875,230.25999450683597,235.6150054931641,238.1000061035156,233.47999572753903,11.85,11.5,12.2,161.0,0.6867096759033204,False,MU,10.25,0.15609756097560973,0.02219230753173595,176004804634.0,15.609756097560973,-7224.0
BA260220P00180000,180.0,-11745.0,多头平仓 Put，减仓，看跌减弱,1.0860254650024583,PUT,0.0,11745.0,8515125.0,5.089507322460215e-05,5M-10M,2026-02-20,188.9499969482422,186.9199981689453,187.8699951171875,189.75,186.91000366210935,7.25,7.15,7.35,1727.0,0.3175727423095703,False,BA,7.82,-0.0728900255754476,0.010860254650024584,167307451596.0,-7.289002557544761,-11745.0
INTC280121C00040000,40.0,-6286.0,空头平仓 Call，回补信号，看涨,8.951366601513174,CALL,0.0,6286.0,8486100.0,5.461390688200485e-05,5M-10M,2028-01-21,40.10499954223633,36.810001373291016,37.369998931884766,40.18999862670898,37.35499954223633,13.5,13.3,13.65,80.0,0.590946473388672,True,INTC,11.56,0.1678200692041522,0.08951366601513173,155383500000.0,16.78200692041522,-6286.0
MSFT260918C00520000,520.0,-2067.0,空头平仓 Call，回补信号，看涨,1.093717313819516,CALL,0.0,2067.0,8433360.0,2.218273604696494e-06,5M-10M,2026-09-18,490.80999755859375,485.5,487.5950012207031,492.6300048828125,486.6499938964844,40.8,40.75,41.1,3.0,0.301413846282959,False,MSFT,38.8,0.051546391752577324,0.01093717313819516,3801767276203.0,5.154639175257732,-2067.0
AMD260116P00210000,210.0,-6604.0,多头平仓 Put，减仓，看跌减弱,1.1435758427108205,PUT,0.0,6604.0,8433308.0,3.258888570802444e-05,5M-10M,2026-01-16,216.69000244140625,214.2400054931641,216.3950042724609,218.3000030517578,214.03219604492188,12.77,12.35,12.5,152.0,0.4964649963378906,False,AMD,13.85,-0.07797833935018052,0.011435758427108204,258778654648.0,-7.797833935018052,-6604.0
META260618C00620000,620.0,-924.0,空头平仓 Call，回补信号，看涨,1.7029464989433647,CALL,0.0,924.0,8428728.0,4.511188419200508e-06,5M-10M,2026-06-18,644.4000244140625,633.6099853515625,636.0750122070312,646.25,635.5,91.22,90.9,91.95,4.0,0.4226437130737304,True,META,84.3,0.08208778173190986,0.017029464989433647,1868405222031.0,8.208778173190986,-924.0
INTC261218P00035000,35.0,-15983.0,多头平仓 Put，减仓，看跌减弱,8.951366601513174,PUT,0.0,15983.0,8423040.999999998,5.4208078721357144e-05,5M-10M,2026-12-18,40.10499954223633,36.810001373291016,37.369998931884766,40.18999862670898,37.35499954223633,5.27,5.05,5.5,1513.0,0.5120898400878906,False,INTC,6.1,-0.13606557377049183,0.08951366601513173,155383500000.0,-13.606557377049183,-15983.0
NVO270115C00055000,55.0,-10581.0,空头平仓 Call，回补信号，看涨,1.4268111432705237,CALL,0.0,10581.0,8411895.0,3.3878134254858014e-05,5M-10M,2027-01-15,49.40499877929688,48.709999084472656,49.130001068115234,49.70500183105469,48.34999847412109,7.95,7.75,8.0,14.0,0.4816946362304687,False,NVO,7.55,0.052980132450331174,0.014268111432705236,248298650000.0,5.298013245033117,-10581.0
INTC260320C00041000,41.0,-18418.0,空头平仓 Call，回补信号，看涨,8.951366601513174,CALL,0.0,18418.0,8398607.999999998,5.405083551342323e-05,5M-10M,2026-03-20,40.10499954223633,36.810001373291016,37.369998931884766,40.18999862670898,37.35499954223633,4.56,4.6,4.75,77.0,0.5705609350585938,False,INTC,2.96,0.5405405405405405,0.08951366601513173,155383500000.0,54.05405405405405,-18418.0
FCX260116C00040000,40.0,-18999.0,空头平仓 Call，回补信号，看涨,2.2182622176648987,CALL,0.0,18999.0,8397558.0,0.00016360284093991007,5M-10M,2026-01-16,43.084999084472656,42.150001525878906,42.7599983215332,43.3849983215332,42.31999969482422,4.42,4.25,4.6,1134.0,0.4555718505859375,True,FCX,3.65,0.21095890410958906,0.022182622176648986,51328925291.0,21.095890410958905,-18999.0
META251128C00615000,615.0,-2745.0,空头平仓 Call，回补信号，看涨,1.7029464989433647,CALL,0.0,2745.0,8300880.0,4.442762149303324e-06,5M-10M,2025-11-28,644.4000244140625,633.6099853515625,636.0750122070312,646.25,635.5,30.24,30.05,30.5,318.0,0.6577182666015625,True,META,19.25,0.5709090909090908,0.017029464989433647,1868405222031.0,57.09090909090908,-2745.0
MSFT260918C00400000,400.0,-709.0,空头平仓 Call，回补信号，看涨,1.093717313819516,CALL,0.0,709.0,8259141.0,2.1724478117579e-06,5M-10M,2026-09-18,490.80999755859375,485.5,487.5950012207031,492.6300048828125,486.6499938964844,116.49,114.5,117.0,7.0,0.3862060891723632,True,MSFT,108.0,0.07861111111111106,0.01093717313819516,3801767276203.0,7.861111111111106,-709.0
AMZN251219P00235000,235.0,-11020.0,多头平仓 Put，减仓，看跌减弱,1.2654886760956519,PUT,0.0,11020.0,8231939.999999999,3.5120181127320377e-06,5M-10M,2025-12-19,232.05999755859372,229.16000366210935,231.34500122070312,232.8800048828125,230.22999572753903,7.47,7.55,7.7,860.0,0.2678295874023437,True,AMZN,9.9,-0.2454545454545455,0.012654886760956519,2343934380679.0,-24.54545454545455,-11020.0
MSFT260116P00515000,515.0,-2883.0,多头平仓 Put，减仓，看跌减弱,1.093717313819516,PUT,0.0,2883.0,8216550.0,2.1612448640481346e-06,5M-10M,2026-01-16,490.80999755859375,485.5,487.5950012207031,492.6300048828125,486.6499938964844,28.5,27.8,28.05,4.0,0.1664817239379883,True,MSFT,31.75,-0.10236220472440945,0.01093717313819516,3801767276203.0,-10.236220472440944,-2883.0
META260618C00680000,680.0,-1296.0,空头平仓 Call，回补信号，看涨,1.7029464989433647,CALL,0.0,1296.0,8138880.0,4.356057189324727e-06,5M-10M,2026-06-18,644.4000244140625,633.6099853515625,636.0750122070312,646.25,635.5,62.8,62.7,63.1,15.0,0.4058744715881348,False,META,57.74,0.08763422237616894,0.017029464989433647,1868405222031.0,8.763422237616894,-1296.0
AMZN260220P00225000,225.0,-7321.0,多头平仓 Put，减仓，看跌减弱,1.2654886760956519,PUT,0.0,7321.0,8126309.999999999,3.4669528579746067e-06,5M-10M,2026-02-20,232.05999755859372,229.16000366210935,231.34500122070312,232.8800048828125,230.22999572753903,11.1,11.0,11.1,106.0,0.3267889587402344,False,AMZN,12.64,-0.12183544303797475,0.012654886760956519,2343934380679.0,-12.183544303797476,-7321.0
MU260618C00220000,220.0,-1482.0,空头平仓 Call，回补信号，看涨,2.2192307531735946,CALL,0.0,1482.0,8121359.999999999,4.614283125331877e-05,5M-10M,2026-06-18,235.3699951171875,230.25999450683597,235.6150054931641,238.1000061035156,233.47999572753903,54.8,53.15,55.55,12.0,0.6906158868408205,True,MU,51.1,0.07240704500978465,0.02219230753173595,176004804634.0,7.240704500978465,-1482.0
APP260918C00700000,700.0,-737.0,空头平仓 Call，回补信号，看涨,1.7650929740818393,CALL,0.0,737.0,8107000.0,3.577984320384828e-05,5M-10M,2026-09-18,596.719970703125,586.3699951171875,589.7899780273438,597.1900024414062,583.4000244140625,110.0,107.8,112.5,3.0,0.6845582081604005,False,APP,77.12,0.42634854771784225,0.017650929740818392,226580087392.0,42.63485477178423,-737.0
ENPH260618P00030000,30.0,-12921.0,多头平仓 Put，减仓，看跌减弱,3.9000754986462076,PUT,0.0,12921.0,8101467.0,0.001697565515516124,5M-10M,2026-06-18,28.905000686645508,27.81999969482422,28.209999084472656,29.030000686645508,28.09000015258789,6.27,6.0,6.35,15.0,0.6467320483398438,True,ENPH,6.65,-0.05714285714285726,0.03900075498646208,4772403142.0,-5.714285714285726,-12921.0
ENPH251219P00035000,35.0,-12820.0,多头平仓 Put，减仓，看跌减弱,3.9000754986462076,PUT,0.0,12820.0,8076600.0,0.0016923549330778644,5M-10M,2025-12-19,28.905000686645508,27.81999969482422,28.209999084472656,29.030000686645508,28.09000015258789,6.3,6.1,6.45,43.0,0.5625043750000001,True,ENPH,6.95,-0.09352517985611515,0.03900075498646208,4772403142.0,-9.352517985611515,-12820.0
INTC270115C00045000,45.0,-10187.0,空头平仓 Call，回补信号，看涨,8.951366601513174,CALL,0.0,10187.0,8068103.999999999,5.192381430460763e-05,5M-10M,2027-01-15,40.10499954223633,36.810001373291016,37.369998931884766,40.18999862670898,37.35499954223633,7.92,7.6,8.05,193.0,0.5668988623046876,False,INTC,6.2,0.2774193548387096,0.08951366601513173,155383500000.0,27.74193548387096,-10187.0
B260320C00035000,35.0,-10142.0,空头平仓 Call，回补信号，看涨,1.5666230182633518,CALL,0.0,10142.0,8062890.000000001,0.00013707114221218075,5M-10M,2026-03-20,41.62200164794922,40.97999954223633,40.97999954223633,41.720001220703125,40.70000076293945,7.95,7.7,8.2,81.0,0.4797415307617187,True,B,7.5,0.060000000000000026,0.01566623018263352,58822665879.0,6.000000000000003,-10142.0
ORCL260515P00200000,200.0,-3027.0,空头平仓 Put，回补，看跌信号减弱,-2.07114082597721,PUT,0.0,3027.0,8036685.000000001,9.977110833025906e-06,5M-10M,2026-05-15,200.71499633789065,204.9600067138672,199.50999450683597,202.33990478515625,197.6100006103516,26.55,26.35,26.6,128.0,0.4982960327148438,False,ORCL,24.95,0.06412825651302612,-0.0207114082597721,805512250440.0,6.412825651302612,-3027.0
INTC260918P00035000,35.0,-18045.0,多头平仓 Put，减仓，看跌减弱,8.951366601513174,PUT,0.0,18045.0,8030025.0,5.167874967419321e-05,5M-10M,2026-09-18,40.10499954223633,36.810001373291016,37.369998931884766,40.18999862670898,37.35499954223633,4.45,4.1,5.3,1.0,0.5219774365234374,False,INTC,5.75,-0.2260869565217391,0.08951366601513173,155383500000.0,-22.60869565217391,-18045.0
META251219P00690000,690.0,-1624.0,多头平仓 Put，减仓，看跌减弱,1.7029464989433647,PUT,0.0,1624.0,8022559.999999999,4.293800887196884e-06,5M-10M,2025-12-19,644.4000244140625,633.6099853515625,636.0750122070312,646.25,635.5,49.4,47.85,48.55,24.0,0.2562330236816406,True,META,58.45,-0.15483319076133453,0.017029464989433647,1868405222031.0,-15.483319076133453,-1624.0
TEVA251219C00024000,24.0,-26674.0,空头平仓 Call，回补信号，看涨,2.0512911561924336,CALL,0.0,26674.0,8002200.0,0.00038035533622175,5M-10M,2025-12-19,26.859899520874023,26.31999969482422,26.46999931335449,26.959999084472656,26.38999938964844,3.0,2.81,3.15,1.0,0.49414568359375,True,TEVA,2.54,0.1811023622047244,0.020512911561924335,21038747818.0,18.11023622047244,-26674.0
MU260417C00170000,170.0,-1009.0,空头平仓 Call，回补信号，看涨,2.2192307531735946,CALL,0.0,1009.0,7986235.000000001,4.5375096529934435e-05,5M-10M,2026-04-17,235.3699951171875,230.25999450683597,235.6150054931641,238.1000061035156,233.47999572753903,79.15,78.55,80.45,1.0,0.7752097674560547,True,MU,74.25,0.06599326599326608,0.02219230753173595,176004804634.0,6.5993265993266075,-1009.0
NU260116C00017000,17.0,-68766.0,空头平仓 Call，回补信号，看涨,1.3623223788496377,CALL,0.0,68766.0,7976856.0,0.00010490558063495349,5M-10M,2026-01-16,17.485000610351562,17.25,17.389999389648438,17.55500030517578,17.200000762939453,1.16,1.12,1.16,590.0,0.352545537109375,True,NU,1.04,0.11538461538461527,0.013623223788496376,76038433339.0,11.538461538461526,-68766.0
NVDA261218C00178000,178.0,-2211.0,多头平仓 Call，减仓，看涨减弱,-1.8575921366021577,CALL,0.0,2211.0,7959600.0,1.8382375865960804e-06,5M-10M,2026-12-18,176.9114990234375,180.25999450683597,178.99000549316406,179.2899932861328,176.53140258789062,36.0,35.9,36.15,201.0,0.5079700082397461,False,NVDA,38.4,-0.062499999999999965,-0.018575921366021576,4330017000000.0,-6.2499999999999964,-2211.0
EQT260116C00050000,50.0,-6833.0,空头平仓 Call，回补信号，看涨,3.135590634103537,CALL,0.0,6833.0,7953612.000000001,0.00023575673084317656,5M-10M,2026-01-16,60.84999847412109,59.0,59.43000030517578,61.165000915527344,58.94499969482422,11.64,11.6,11.95,10.0,0.5356491748046875,True,EQT,10.0,0.16400000000000006,0.03135590634103537,33736521420.0,16.400000000000006,-6833.0
APLD260116C00020000,20.0,-9697.0,空头平仓 Call，回补信号，看涨,8.322769880074883,CALL,0.0,9697.0,7951539.999999999,0.0014005120796638866,5M-10M,2026-01-16,27.01569938659668,24.940000534057617,25.45499992370605,27.34000015258789,25.25,8.2,8.05,8.65,214.0,1.1328168359375002,True,APLD,6.9,0.1884057971014491,0.08322769880074883,5677594728.0,18.84057971014491,-9697.0
CIFR270115C00017000,17.0,-7361.0,空头平仓 Call，回补信号，看涨,6.997389970134785,CALL,0.0,7361.0,7942518.999999999,0.001760719007387026,5M-10M,2027-01-15,20.489999771118164,19.149999618530277,19.549999237060547,21.155000686645508,19.459999084472656,10.79,10.0,11.45,19.0,1.1923868505859376,True,CIFR,8.72,0.23738532110091723,0.06997389970134785,4510952041.0,23.73853211009172,-7361.0
NVDA251128C00170000,170.0,-10806.0,多头平仓 Call，减仓，看涨减弱,-1.8575921366021577,CALL,15024.0,25830.0,7931603.999999999,1.83177202306596e-06,5M-10M,2025-11-28,176.9114990234375,180.25999450683597,178.99000549316406,179.2899932861328,176.53140258789062,7.34,7.2,7.25,2093.0,0.649417568359375,True,NVDA,10.3,-0.2873786407766991,-0.018575921366021576,4330017000000.0,-28.73786407766991,-10806.0
AMZN260618P00225000,225.0,-4341.0,多头平仓 Put，减仓，看跌减弱,1.2654886760956519,PUT,0.0,4341.0,7913643.000000001,3.3762220756826587e-06,5M-10M,2026-06-18,232.05999755859372,229.16000366210935,231.34500122070312,232.8800048828125,230.22999572753903,18.23,18.2,18.35,4.0,0.320044641418457,False,AMZN,19.7,-0.07461928934010147,0.012654886760956519,2343934380679.0,-7.461928934010147,-4341.0
MSFT251219C00505000,505.0,-14908.0,空头平仓 Call，回补信号，看涨,1.093717313819516,CALL,0.0,14908.0,7901239.999999999,2.078307120337816e-06,5M-10M,2025-12-19,490.80999755859375,485.5,487.5950012207031,492.6300048828125,486.6499938964844,5.3,5.15,5.3,367.0,0.2252274743652343,False,MSFT,4.25,0.24705882352941172,0.01093717313819516,3801767276203.0,24.70588235294117,-14908.0
AMD260220P00200000,200.0,-5654.0,多头平仓 Put，减仓，看跌减弱,1.1435758427108205,PUT,0.0,5654.0,7887330.0,3.0479059452289944e-05,5M-10M,2026-02-20,216.69000244140625,214.2400054931641,216.3950042724609,218.3000030517578,214.03219604492188,13.95,13.85,13.95,191.0,0.5304612384033205,False,AMD,15.23,-0.08404464871963238,0.011435758427108204,258778654648.0,-8.404464871963238,-5654.0
CIFR260116C00017000,17.0,-14423.0,空头平仓 Call，回补信号，看涨,6.997389970134785,CALL,0.0,14423.0,7860535.000000001,0.001742544573419463,5M-10M,2026-01-16,20.489999771118164,19.149999618530277,19.549999237060547,21.155000686645508,19.459999084472656,5.45,5.45,5.6,396.0,1.2797887573242184,True,CIFR,4.36,0.24999999999999994,0.06997389970134785,4510952041.0,24.999999999999993,-14423.0
GS270115C00740000,740.0,-494.0,空头平仓 Call，回补信号，看涨,1.3271916962090153,CALL,0.0,494.0,7860528.0,3.235627999156329e-05,5M-10M,2027-01-15,826.8400268554688,816.010009765625,820.0,830.5700073242188,818.9500122070312,159.12,155.95,162.55,1.0,0.3444508304595948,True,GS,120.15,0.3243445692883895,0.013271916962090154,242936703541.0,32.43445692883895,-494.0
MSFT251219C00455000,455.0,-2020.0,空头平仓 Call，回补信号，看涨,1.093717313819516,CALL,0.0,2020.0,7851739.999999999,2.065286859915816e-06,5M-10M,2025-12-19,490.80999755859375,485.5,487.5950012207031,492.6300048828125,486.6499938964844,38.87,39.45,40.0,24.0,0.350470362548828,True,MSFT,32.56,0.19379606879606864,0.01093717313819516,3801767276203.0,19.379606879606865,-2020.0
NVDA260116C00154000,154.0,-2751.0,多头平仓 Call，减仓，看涨减弱,-1.8575921366021577,CALL,0.0,2751.0,7840350.0,1.8106972790176111e-06,5M-10M,2026-01-16,176.9114990234375,180.25999450683597,178.99000549316406,179.2899932861328,176.53140258789062,28.5,27.05,27.25,3.0,0.5139208764648437,True,NVDA,30.15,-0.05472636815920393,-0.018575921366021576,4330017000000.0,-5.472636815920393,-2751.0
ORCL260515P00240000,240.0,-1469.0,空头平仓 Put，回补，看跌信号减弱,-2.07114082597721,PUT,0.0,1469.0,7807734.999999999,9.692881760314795e-06,5M-10M,2026-05-15,200.71499633789065,204.9600067138672,199.50999450683597,202.33990478515625,197.6100006103516,53.15,51.5,52.0,5.0,0.4734549725341797,True,ORCL,49.25,0.07918781725888321,-0.0207114082597721,805512250440.0,7.918781725888321,-1469.0
BA260220P00195000,195.0,-5502.0,多头平仓 Put，减仓，看跌减弱,1.0860254650024583,PUT,0.0,5502.0,7774326.000000001,4.646730271627585e-05,5M-10M,2026-02-20,188.9499969482422,186.9199981689453,187.8699951171875,189.75,186.91000366210935,14.13,14.0,14.25,42.0,0.2969125485229491,True,BA,15.27,-0.07465618860510798,0.010860254650024584,167307451596.0,-7.465618860510798,-5502.0
FCX270115C00050000,50.0,-15230.0,空头平仓 Call，回补信号，看涨,2.2182622176648987,CALL,0.0,15230.0,7767300.0,0.0001513240333002241,5M-10M,2027-01-15,43.084999084472656,42.150001525878906,42.7599983215332,43.3849983215332,42.31999969482422,5.1,4.95,5.2,41.0,0.4187069848632812,False,FCX,4.6,0.10869565217391305,0.022182622176648986,51328925291.0,10.869565217391305,-15230.0
SOFI260918C00025000,25.0,-7914.0,空头平仓 Call，回补信号，看涨,3.532471288511421,CALL,0.0,7914.0,7763634.000000001,0.00023171807853341966,5M-10M,2026-09-18,29.496400833129883,28.489999771118164,28.790000915527344,29.56999969482422,28.45499992370605,9.81,9.45,10.0,42.0,0.7592797509765626,True,SOFI,9.3,0.05483870967741933,0.03532471288511421,33504653798.0,5.483870967741932,-7914.0
META260116C00530000,530.0,-646.0,空头平仓 Call，回补信号，看涨,1.7029464989433647,CALL,0.0,646.0,7742309.999999999,4.143806658591934e-06,5M-10M,2026-01-16,644.4000244140625,633.6099853515625,636.0750122070312,646.25,635.5,119.85,117.7,121.35,14.0,0.476567734375,True,META,107.0,0.12009345794392517,0.017029464989433647,1868405222031.0,12.009345794392518,-646.0
MSFT260116P00480000,480.0,-7838.0,多头平仓 Put，减仓，看跌减弱,1.093717313819516,PUT,0.0,7838.0,7720430.0,2.0307476599963658e-06,5M-10M,2026-01-16,490.80999755859375,485.5,487.5950012207031,492.6300048828125,486.6499938964844,9.85,9.7,9.85,135.0,0.2040179696655273,False,MSFT,12.54,-0.21451355661881974,0.01093717313819516,3801767276203.0,-21.451355661881973,-7838.0
NVDA251219C00148000,148.0,-2525.0,多头平仓 Call，减仓，看涨减弱,-1.8575921366021577,CALL,0.0,2525.0,7713875.0,1.781488386766149e-06,5M-10M,2025-12-19,176.9114990234375,180.25999450683597,178.99000549316406,179.2899932861328,176.53140258789062,30.55,30.0,30.45,5.0,0.6059609716796877,True,NVDA,33.35,-0.08395802098950526,-0.018575921366021576,4330017000000.0,-8.395802098950526,-2525.0
CRM260320C00270000,270.0,-8462.0,空头平仓 Call，回补信号，看涨,1.4288888243863227,CALL,0.0,8462.0,7700420.0,3.32279360415242e-05,5M-10M,2026-03-20,231.41000366210935,228.1499938964844,229.0,232.55999755859372,228.625,9.1,8.8,8.8,42.0,0.417852501220703,False,CRM,8.1,0.1234567901234568,0.014288888243863228,231745360000.0,12.34567901234568,-8462.0
WULF260220C00012000,12.0,-14339.0,空头平仓 Call，回补信号，看涨,3.2008047365995265,CALL,0.0,14339.0,7671364.999999999,0.0018073393390059113,5M-10M,2026-02-20,15.3149995803833,14.84000015258789,15.130000114440918,16.1299991607666,15.130000114440918,5.35,5.2,5.35,28.0,1.3056675341796873,True,WULF,4.39,0.21867881548974943,0.03200804736599527,4244562620.0,21.867881548974943,-14339.0
B251219C00030000,30.0,-6639.0,空头平仓 Call，回补信号，看涨,1.5666230182633518,CALL,0.0,6639.0,7634850.0,0.00012979435538853538,5M-10M,2025-12-19,41.62200164794922,40.97999954223633,40.97999954223633,41.720001220703125,40.70000076293945,11.5,11.4,11.65,30.0,0.6132851171875001,True,B,10.95,0.05022831050228317,0.01566623018263352,58822665879.0,5.0228310502283176,-6639.0
PAAS280121C00040000,40.0,-4931.0,空头平仓 Call，回补信号，看涨,6.726935121395418,CALL,0.0,4931.0,7583878.0,0.0005464451525301386,5M-10M,2028-01-21,45.45500183105469,42.59000015258789,43.970001220703125,45.970001220703125,43.59999847412109,15.38,15.0,16.0,5122.0,0.5159960510253907,True,PAAS,12.77,0.2043852779953016,0.06726935121395418,13878571280.0,20.43852779953016,-4931.0
COIN260618C00200000,200.0,-796.0,空头平仓 Call，回补信号，看涨,2.773901222649555,CALL,0.0,796.0,7573940.000000001,9.43014075814625e-05,5M-10M,2026-06-18,272.32000732421875,264.9700012207031,273.69000244140625,279.8599853515625,270.20001220703125,95.15,93.65,96.35,3.0,0.7391688681030272,True,COIN,88.77,0.07187112763320953,0.027739012226495552,80316298497.0,7.187112763320953,-796.0
MU260116C00190000,190.0,-1421.0,空头平仓 Call，回补信号，看涨,2.2192307531735946,CALL,0.0,1421.0,7556878.0,4.2935634715850186e-05,5M-10M,2026-01-16,235.3699951171875,230.25999450683597,235.6150054931641,238.1000061035156,233.47999572753903,53.18,53.65,54.85,24.0,0.8138446350097657,True,MU,49.15,0.08199389623601223,0.02219230753173595,176004804634.0,8.199389623601224,-1421.0
WULF260116C00014000,14.0,-21895.0,空头平仓 Call，回补信号，看涨,3.2008047365995265,CALL,0.0,21895.0,7553775.0,0.0017796356600812736,5M-10M,2026-01-16,15.3149995803833,14.84000015258789,15.130000114440918,16.1299991607666,15.130000114440918,3.45,3.35,3.5,300.0,1.2675817871093749,True,WULF,2.71,0.27306273062730635,0.03200804736599527,4244562620.0,27.306273062730636,-21895.0
CRWD260116C00500000,500.0,-1971.0,空头平仓 Call，回补信号，看涨,1.170394189332502,CALL,0.0,1971.0,7525278.0,6.228770429037863e-05,5M-10M,2026-01-16,507.4100036621094,501.5400085449219,505.7449951171875,510.6900024414063,501.9400024414063,38.18,37.75,38.85,151.0,0.4698539343261719,True,CRWD,36.32,0.051211453744493374,0.01170394189332502,120814823499.0,5.121145374449338,-1971.0
LULU260116C00200000,200.0,-6577.0,空头平仓 Call，回补信号，看涨,1.8426367160308543,CALL,0.0,6577.0,7524087.999999999,0.00037612122348069395,5M-10M,2026-01-16,185.29249572753903,181.94000244140625,184.72000122070312,186.69000244140625,183.5,11.44,11.3,11.6,215.0,0.6287268572998048,False,LULU,10.5,0.08952380952380948,0.018426367160308543,20004422857.0,8.952380952380947,-6577.0
COIN260116P00280000,280.0,-2802.0,多头平仓 Put，减仓，看跌减弱,2.773901222649555,PUT,0.0,2802.0,7523370.0,9.367177199134763e-05,5M-10M,2026-01-16,272.32000732421875,264.9700012207031,273.69000244140625,279.8599853515625,270.20001220703125,26.85,26.25,27.4,76.0,0.5594526477050781,True,COIN,32.41,-0.17155199012650404,0.027739012226495552,80316298497.0,-17.155199012650403,-2802.0
CRM260116P00220000,220.0,-9302.0,多头平仓 Put，减仓，看跌减弱,1.4288888243863227,PUT,0.0,9302.0,7516016.0,3.243221784462049e-05,5M-10M,2026-01-16,231.41000366210935,228.1499938964844,229.0,232.55999755859372,228.625,8.08,8.1,8.6,64.0,0.4069883520507812,False,CRM,9.5,-0.14947368421052631,0.014288888243863228,231745360000.0,-14.947368421052632,-9302.0
NU260116C00016000,16.0,-39341.0,空头平仓 Call，回补信号，看涨,1.3623223788496377,CALL,0.0,39341.0,7514131.0,9.882017119553163e-05,5M-10M,2026-01-16,17.485000610351562,17.25,17.389999389648438,17.55500030517578,17.200000762939453,1.91,1.85,1.9,5479.0,0.398443515625,True,NU,1.72,0.11046511627906974,0.013623223788496376,76038433339.0,11.046511627906973,-39341.0
META260821P00600000,600.0,-1417.0,多头平仓 Put，减仓，看跌减弱,1.7029464989433647,PUT,0.0,1417.0,7510100.0,4.019524197131255e-06,5M-10M,2026-08-21,644.4000244140625,633.6099853515625,636.0750122070312,646.25,635.5,53.0,52.7,53.25,8.0,0.3468082897949218,False,META,56.1,-0.05525846702317293,0.017029464989433647,1868405222031.0,-5.525846702317293,-1417.0
MSFT271217C00510000,510.0,-883.0,空头平仓 Call，回补信号，看涨,1.093717313819516,CALL,0.0,883.0,7501085.000000001,1.9730521241930623e-06,5M-10M,2027-12-17,490.80999755859375,485.5,487.5950012207031,492.6300048828125,486.6499938964844,84.95,83.0,87.0,2.0,0.3397206531524658,False,MSFT,75.9,0.11923583662714093,0.01093717313819516,3801767276203.0,11.923583662714094,-883.0
MU270115C00230000,230.0,-1095.0,空头平仓 Call，回补信号，看涨,2.2192307531735946,CALL,0.0,1095.0,7484325.0,4.252341301456837e-05,5M-10M,2027-01-15,235.3699951171875,230.25999450683597,235.6150054931641,238.1000061035156,233.47999572753903,68.35,67.35,69.4,20.0,0.6785157881164552,True,MU,64.45,0.060512024825445945,0.02219230753173595,176004804634.0,6.0512024825445945,-1095.0
COIN260116C00290000,290.0,-4068.0,空头平仓 Call，回补信号，看涨,2.773901222649555,CALL,0.0,4068.0,7468848.0,9.299293094637546e-05,5M-10M,2026-01-16,272.32000732421875,264.9700012207031,273.69000244140625,279.8599853515625,270.20001220703125,18.36,17.7,18.65,232.0,0.6297034100341796,False,COIN,15.35,0.19609120521172638,0.027739012226495552,80316298497.0,19.60912052117264,-4068.0
TGT270115P00100000,100.0,-4180.0,多头平仓 Put，减仓，看跌减弱,1.236191263646888,PUT,0.0,4180.0,7444579.999999999,0.00018649230939863216,5M-10M,2027-01-15,90.91010284423828,89.80000305175781,90.2750015258789,91.6999969482422,89.87210083007812,17.81,18.0,18.8,2.0,0.3421086297607422,True,TGT,19.54,-0.08853633572159675,0.012361912636468879,39918965152.0,-8.853633572159675,-4180.0
MSFT260618C00510000,510.0,-2098.0,空头平仓 Call，回补信号，看涨,1.093717313819516,CALL,0.0,2098.0,7441606.0,1.9574070318770995e-06,5M-10M,2026-06-18,490.80999755859375,485.5,487.5950012207031,492.6300048828125,486.6499938964844,35.47,35.0,35.35,20.0,0.2981332394409178,False,MSFT,32.72,0.08404645476772617,0.01093717313819516,3801767276203.0,8.404645476772616,-2098.0
NVDA260220C00220000,220.0,-26518.0,多头平仓 Call，减仓，看涨减弱,-1.8575921366021577,CALL,0.0,26518.0,7398522.0,1.7086588805540487e-06,5M-10M,2026-02-20,176.9114990234375,180.25999450683597,178.99000549316406,179.2899932861328,176.53140258789062,2.79,2.8,2.82,1205.0,0.417852501220703,False,NVDA,3.49,-0.20057306590257884,-0.018575921366021576,4330017000000.0,-20.057306590257884,-26518.0
MSFT251128C00480000,480.0,-6220.0,空头平仓 Call，回补信号，看涨,1.093717313819516,CALL,0.0,6220.0,7395580.0,1.9453005570047167e-06,5M-10M,2025-11-28,490.80999755859375,485.5,487.5950012207031,492.6300048828125,486.6499938964844,11.89,11.65,12.2,1193.0,0.5051319018554687,True,MSFT,6.22,0.9115755627009648,0.01093717313819516,3801767276203.0,91.15755627009648,-6220.0
BA260116C00200000,200.0,-16600.0,空头平仓 Call，回补信号，看涨,1.0860254650024583,CALL,0.0,16600.0,7387000.0,4.4152247431498196e-05,5M-10M,2026-01-16,188.9499969482422,186.9199981689453,187.8699951171875,189.75,186.91000366210935,4.45,4.3,4.45,614.0,0.3103706658935546,False,BA,3.9,0.1410256410256411,0.010860254650024584,167307451596.0,14.102564102564111,-16600.0
TEVA251128C00022000,22.0,-16206.0,空头平仓 Call，回补信号，看涨,2.0512911561924336,CALL,0.0,16206.0,7373730.0,0.00035048331125920435,5M-10M,2025-11-28,26.859899520874023,26.31999969482422,26.46999931335449,26.959999084472656,26.38999938964844,4.55,4.25,5.1,3.0,3.2421893945312497,True,TEVA,4.05,0.1234567901234568,0.020512911561924335,21038747818.0,12.34567901234568,-16206.0
CIFR251219C00020000,20.0,-27416.0,空头平仓 Call，回补信号，看涨,6.997389970134785,CALL,0.0,27416.0,7347488.0,0.00162881093241931,5M-10M,2025-12-19,20.489999771118164,19.149999618530277,19.549999237060547,21.155000686645508,19.459999084472656,2.68,2.66,2.73,1898.0,1.2334022705078125,True,CIFR,2.01,0.33333333333333354,0.06997389970134785,4510952041.0,33.33333333333336,-27416.0
ORCL251219P00210000,210.0,-4016.0,空头平仓 Put，回补，看跌信号减弱,-2.07114082597721,PUT,0.0,4016.0,7341248.000000001,9.113763317677596e-06,5M-10M,2025-12-19,200.71499633789065,204.9600067138672,199.50999450683597,202.33990478515625,197.6100006103516,18.28,18.0,18.35,206.0,0.6489292919921875,True,ORCL,16.63,0.09921828021647638,-0.0207114082597721,805512250440.0,9.921828021647638,-4016.0
IONQ270115C00050000,50.0,-3766.0,空头平仓 Call，回补信号，看涨,4.818759590628501,CALL,0.0,3766.0,7317338.0,0.00036639364738433506,5M-10M,2027-01-15,49.15999984741211,46.900001525878906,47.70000076293945,49.84999847412109,47.56999969482422,19.43,18.5,19.45,48.0,0.960815821533203,False,IONQ,17.92,0.08426339285714274,0.04818759590628501,19971246915.0,8.426339285714274,-3766.0
NFLX260116C00110000,110.0,-18280.0,空头平仓 Call，回补信号，看涨,1.3143058983256304,CALL,0.0,18280.0,7312000.0,1.4214064013534089e-05,5M-10M,2026-01-16,107.53500366210938,106.13999938964844,106.5,107.94000244140624,106.25,4.0,3.95,4.05,886.0,0.323126885986328,False,NFLX,3.45,0.1594202898550724,0.013143058983256304,514420083731.0,15.942028985507239,-18280.0
TEVA251219C00022000,22.0,-14570.0,空头平仓 Call，回补信号，看涨,2.0512911561924336,CALL,0.0,14570.0,7285000.0,0.0003462658549368235,5M-10M,2025-12-19,26.859899520874023,26.31999969482422,26.46999931335449,26.959999084472656,26.38999938964844,5.0,4.7,5.25,4.0,0.5722699023437501,True,TEVA,4.39,0.1389521640091117,0.020512911561924335,21038747818.0,13.89521640091117,-14570.0
META260220C00610000,610.0,-1063.0,空头平仓 Call，回补信号，看涨,1.7029464989433647,CALL,0.0,1063.0,7277298.0,3.8949248879155926e-06,5M-10M,2026-02-20,644.4000244140625,633.6099853515625,636.0750122070312,646.25,635.5,68.46,68.2,69.05,60.0,0.4146176702880859,True,META,61.58,0.11172458590451438,0.017029464989433647,1868405222031.0,11.172458590451438,-1063.0
META260417C00660000,660.0,-1335.0,空头平仓 Call，回补信号，看涨,1.7029464989433647,CALL,0.0,1335.0,7269075.0,3.890523808372975e-06,5M-10M,2026-04-17,644.4000244140625,633.6099853515625,636.0750122070312,646.25,635.5,54.45,54.75,55.05,33.0,0.3877319528198242,False,META,49.45,0.10111223458038422,0.017029464989433647,1868405222031.0,10.111223458038422,-1335.0
META260220P00640000,640.0,-1819.0,多头平仓 Put，减仓，看跌减弱,1.7029464989433647,PUT,0.0,1819.0,7255991.0,3.883521044815197e-06,5M-10M,2026-02-20,644.4000244140625,633.6099853515625,636.0750122070312,646.25,635.5,39.89,39.9,40.05,121.0,0.341879750213623,False,META,45.05,-0.11453940066592667,0.017029464989433647,1868405222031.0,-11.453940066592667,-1819.0
WULF260116C00016000,16.0,-30609.0,空头平仓 Call，回补信号，看涨,3.2008047365995265,CALL,0.0,30609.0,7254333.0,0.001709088461981508,5M-10M,2026-01-16,15.3149995803833,14.84000015258789,15.130000114440918,16.1299991607666,15.130000114440918,2.37,2.39,2.43,4333.0,1.1943399658203124,False,WULF,1.79,0.32402234636871513,0.03200804736599527,4244562620.0,32.40223463687151,-30609.0
META260618P00720000,720.0,-661.0,多头平仓 Put，减仓，看跌减弱,1.7029464989433647,PUT,0.0,661.0,7240594.0,3.875280327106615e-06,5M-10M,2026-06-18,644.4000244140625,633.6099853515625,636.0750122070312,646.25,635.5,109.54,108.35,108.9,2.0,0.3170920952606201,True,META,115.4,-0.05077989601386481,0.017029464989433647,1868405222031.0,-5.077989601386481,-661.0
ORCL260320P00170000,170.0,-6638.0,空头平仓 Put，回补，看跌信号减弱,-2.07114082597721,PUT,0.0,6638.0,7235420.0,8.982383565299908e-06,5M-10M,2026-03-20,200.71499633789065,204.9600067138672,199.50999450683597,202.33990478515625,197.6100006103516,10.9,10.4,10.6,40.0,0.5534712622070312,False,ORCL,9.95,0.09547738693467347,-0.0207114082597721,805512250440.0,9.547738693467348,-6638.0
AMZN251219P00255000,255.0,-3124.0,多头平仓 Put，减仓，看跌减弱,1.2654886760956519,PUT,0.0,3124.0,7216440.000000001,3.078772195793943e-06,5M-10M,2025-12-19,232.05999755859372,229.16000366210935,231.34500122070312,232.8800048828125,230.22999572753903,23.1,22.9,23.1,14.0,0.2109453906249999,True,AMZN,26.15,-0.11663479923518154,0.012654886760956519,2343934380679.0,-11.663479923518153,-3124.0
HUT270115C00050000,50.0,-3947.0,空头平仓 Call，回补信号，看涨,6.490441513630858,CALL,0.0,3947.0,7203275.0,0.0020584866858226244,5M-10M,2027-01-15,45.119998931884766,42.369998931884766,43.584999084472656,45.470001220703125,42.91999816894531,18.25,17.45,18.8,12.0,1.0681198937988283,False,HUT,16.35,0.1162079510703363,0.06490441513630858,3499306092.0,11.62079510703363,-3947.0
ORCL260618C00250000,250.0,-4109.0,多头平仓 Call，减仓，看涨减弱,-2.07114082597721,CALL,0.0,4109.0,7170205.0,8.901422661273461e-06,5M-10M,2026-06-18,200.71499633789065,204.9600067138672,199.50999450683597,202.33990478515625,197.6100006103516,17.45,17.1,17.45,125.0,0.554539366760254,False,ORCL,19.0,-0.08157894736842108,-0.0207114082597721,805512250440.0,-8.157894736842108,-4109.0
ORCL260116C00190000,190.0,-3012.0,多头平仓 Call，减仓，看涨减弱,-2.07114082597721,CALL,0.0,3012.0,7153500.0,8.880684305040052e-06,5M-10M,2026-01-16,200.71499633789065,204.9600067138672,199.50999450683597,202.33990478515625,197.6100006103516,23.75,23.55,24.0,17.0,0.6213416772460938,True,ORCL,27.07,-0.1226449944588105,-0.0207114082597721,805512250440.0,-12.26449944588105,-3012.0
RIVN270115C00017000,17.0,-13737.0,空头平仓 Call，回补信号，看涨,4.726817698497462,CALL,0.0,13737.0,7143240.000000001,0.0003776008487083213,5M-10M,2027-01-15,16.944799423217773,16.18000030517578,16.389999389648438,17.05500030517578,16.260000228881836,5.2,5.05,5.2,122.0,0.7326686889648437,False,RIVN,4.9,0.061224489795918324,0.04726817698497462,18917436294.0,6.122448979591832,-13737.0
META261218C00790000,790.0,-1188.0,空头平仓 Call，回补信号，看涨,1.7029464989433647,CALL,0.0,1188.0,7128000.0,3.81501823905828e-06,5M-10M,2026-12-18,644.4000244140625,633.6099853515625,636.0750122070312,646.25,635.5,60.0,59.75,60.6,5.0,0.4107648645782471,False,META,55.49,0.08127590556857088,0.017029464989433647,1868405222031.0,8.127590556857088,-1188.0
PYPL260116C00060000,60.0,-14280.0,空头平仓 Call，回补信号，看涨,1.3989937540889383,CALL,0.0,14280.0,7111440.000000001,0.00011060304038815461,5M-10M,2026-01-16,62.69499969482422,61.83000183105469,62.22999954223633,63.05500030517578,62.130001068115234,4.98,4.9,5.05,168.0,0.3918517846679687,True,PYPL,4.55,0.09450549450549464,0.013989937540889383,64296966657.0,9.450549450549465,-14280.0
COIN260116P00250000,250.0,-5521.0,多头平仓 Put，减仓，看跌减弱,2.773901222649555,PUT,0.0,5521.0,7111048.000000001,8.853804437047874e-05,5M-10M,2026-01-16,272.32000732421875,264.9700012207031,273.69000244140625,279.8599853515625,270.20001220703125,12.88,12.75,12.95,121.0,0.5783733569335938,False,COIN,16.22,-0.20591861898890249,0.027739012226495552,80316298497.0,-20.591861898890247,-5521.0
ENPH260116P00035000,35.0,-10493.0,多头平仓 Put，减仓，看跌减弱,3.9000754986462076,PUT,0.0,10493.0,7093267.999999999,0.0014863094732242969,5M-10M,2026-01-16,28.905000686645508,27.81999969482422,28.209999084472656,29.030000686645508,28.09000015258789,6.76,6.5,6.85,18.0,0.5385788330078126,True,ENPH,7.4,-0.08648648648648656,0.03900075498646208,4772403142.0,-8.648648648648656,-10493.0
META260320C00630000,630.0,-1129.0,空头平仓 Call，回补信号，看涨,1.7029464989433647,CALL,0.0,1129.0,7081088.0,3.7899101953390454e-06,5M-10M,2026-03-20,644.4000244140625,633.6099853515625,636.0750122070312,646.25,635.5,62.72,63.4,64.1,26.0,0.4011442942810058,True,META,57.08,0.09880868955851438,0.017029464989433647,1868405222031.0,9.880868955851438,-1129.0
NVDA251219P00220000,220.0,-1645.0,空头平仓 Put，回补，看跌信号减弱,-1.8575921366021577,PUT,949.0,2594.0,7073500.0,1.633596357704831e-06,5M-10M,2025-12-19,176.9114990234375,180.25999450683597,178.99000549316406,179.2899932861328,176.53140258789062,43.0,42.6,42.8,161.0,1.0000000000000004e-05,True,NVDA,39.47,0.08943501393463393,-0.018575921366021576,4330017000000.0,8.943501393463393,-1645.0
JPM260320C00240000,240.0,-925.0,空头平仓 Call，回补信号，看涨,1.6008931083288662,CALL,0.0,925.0,7073475.0,8.13897037582637e-06,5M-10M,2026-03-20,312.56500244140625,307.6400146484375,309.1000061035156,313.7200012207031,308.239990234375,76.47,74.95,77.55,1.0,0.4444025286865234,True,JPM,71.8,0.06504178272980504,0.01600893108328866,869087203095.0,6.504178272980504,-925.0
ORCL251219C00200000,200.0,-4806.0,多头平仓 Call，减仓，看涨减弱,-2.07114082597721,CALL,0.0,4806.0,7069626.000000001,8.776559259202222e-06,5M-10M,2025-12-19,200.71499633789065,204.9600067138672,199.50999450683597,202.33990478515625,197.6100006103516,14.71,14.6,14.8,2997.0,0.7304714453125,True,ORCL,17.3,-0.14971098265895952,-0.0207114082597721,805512250440.0,-14.971098265895952,-4806.0
MU260220C00240000,240.0,-2454.0,空头平仓 Call，回补信号，看涨,2.2192307531735946,CALL,0.0,2454.0,7067520.0,4.015526743543637e-05,5M-10M,2026-02-20,235.3699951171875,230.25999450683597,235.6150054931641,238.1000061035156,233.47999572753903,28.8,28.35,28.9,230.0,0.6779207012939454,False,MU,27.16,0.06038291605301917,0.02219230753173595,176004804634.0,6.038291605301917,-2454.0
BA251219P00195000,195.0,-8302.0,多头平仓 Put，减仓，看跌减弱,1.0860254650024583,PUT,0.0,8302.0,7056700.0,4.217803769457876e-05,5M-10M,2025-12-19,188.9499969482422,186.9199981689453,187.8699951171875,189.75,186.91000366210935,8.5,8.0,8.55,37.0,0.26367923828125,True,BA,9.47,-0.10242872228088708,0.010860254650024584,167307451596.0,-10.242872228088707,-8302.0
RIVN260618C00017000,17.0,-19928.0,空头平仓 Call，回补信号，看涨,4.726817698497462,CALL,0.0,19928.0,7034584.0,0.0003718571528760027,5M-10M,2026-06-18,16.944799423217773,16.18000030517578,16.389999389648438,17.05500030517578,16.260000228881836,3.53,3.4,3.5,35.0,0.6962920996093751,False,RIVN,3.07,0.14983713355048858,0.04726817698497462,18917436294.0,14.983713355048858,-19928.0
NVDA251212P00185000,185.0,-6889.0,空头平仓 Put，回补，看跌信号减弱,-1.8575921366021577,PUT,0.0,6889.0,7026779.999999999,1.6228065617294342e-06,5M-10M,2025-12-12,176.9114990234375,180.25999450683597,178.99000549316406,179.2899932861328,176.53140258789062,10.2,10.1,10.2,468.0,0.3518131225585937,True,NVDA,8.55,0.1929824561403507,-0.018575921366021576,4330017000000.0,19.29824561403507,-6889.0
XOM260116C00100000,100.0,-4109.0,空头平仓 Call，回补信号，看涨,1.1370570213000302,CALL,0.0,4109.0,7014063.0,1.4035485765157757e-05,5M-10M,2026-01-16,116.0749969482422,114.7699966430664,114.9499969482422,116.36000061035156,114.83499908447266,17.07,15.35,17.3,1.0,0.3908752319335937,True,XOM,15.5,0.10129032258064517,0.011370570213000301,499737815802.0,10.129032258064518,-4109.0
NVDA260116P00186000,186.0,-4633.0,空头平仓 Put，回补，看跌信号减弱,-1.8575921366021577,PUT,0.0,4633.0,6995830.0,1.6156587837876849e-06,5M-10M,2026-01-16,176.9114990234375,180.25999450683597,178.99000549316406,179.2899932861328,176.53140258789062,15.1,14.8,14.9,12.0,0.361212442626953,True,NVDA,13.6,0.11029411764705882,-0.018575921366021576,4330017000000.0,11.029411764705882,-4633.0
AI260116C00015000,15.0,-50608.0,空头平仓 Call，回补信号，看涨,1.8714713713163318,CALL,0.0,50608.0,6983903.999999999,0.0029558448243581434,5M-10M,2026-01-16,14.425000190734863,14.15999984741211,14.199999809265137,14.529899597167969,14.15999984741211,1.38,1.31,1.39,85.0,0.7490259472656251,False,AI,1.25,0.10399999999999991,0.018714713713163317,2362743789.0,10.399999999999991,-50608.0
MSFT251219C00495000,495.0,-7508.0,空头平仓 Call，回补信号，看涨,1.093717313819516,CALL,0.0,7508.0,6982440.000000001,1.8366300440603732e-06,5M-10M,2025-12-19,490.80999755859375,485.5,487.5950012207031,492.6300048828125,486.6499938964844,9.3,9.3,9.35,647.0,0.2349930017089843,False,MSFT,7.4,0.2567567567567568,0.01093717313819516,3801767276203.0,25.67567567567568,-7508.0
NVDA251205C00150000,150.0,2525.0,空头卖 Call，看跌/看不涨,-1.8575921366021577,CALL,2525.0,0.0,6981625.0,1.6123781962056961e-06,5M-10M,2025-12-05,176.9114990234375,180.25999450683597,178.99000549316406,179.2899932861328,176.53140258789062,27.65,27.5,27.6,192.0,0.7885763330078125,True,NVDA,30.6,-0.09640522875817002,-0.018575921366021576,4330017000000.0,-9.640522875817002,2525.0
NVDA260320P00130000,130.0,-25721.0,空头平仓 Put，回补，看跌信号减弱,-1.8575921366021577,PUT,0.0,25721.0,6970391.0,1.6097837491169202e-06,5M-10M,2026-03-20,176.9114990234375,180.25999450683597,178.99000549316406,179.2899932861328,176.53140258789062,2.71,2.63,2.66,188.0,0.4901174035644532,False,NVDA,2.54,0.06692913385826768,-0.018575921366021576,4330017000000.0,6.692913385826768,-25721.0
COIN260320P00280000,280.0,-1751.0,多头平仓 Put，减仓，看跌减弱,2.773901222649555,PUT,0.0,1751.0,6960225.0,8.666018143577645e-05,5M-10M,2026-03-20,272.32000732421875,264.9700012207031,273.69000244140625,279.8599853515625,270.20001220703125,39.75,39.15,40.1,11.0,0.5841411215209961,True,COIN,44.65,-0.10974244120940646,0.027739012226495552,80316298497.0,-10.974244120940646,-1751.0
COIN260918P00230000,230.0,-1956.0,多头平仓 Put，减仓，看跌减弱,2.773901222649555,PUT,0.0,1956.0,6924239.999999999,8.621214036972379e-05,5M-10M,2026-09-18,272.32000732421875,264.9700012207031,273.69000244140625,279.8599853515625,270.20001220703125,35.4,34.1,35.9,12.0,0.6028787271118167,False,COIN,44.27,-0.200361418567879,0.027739012226495552,80316298497.0,-20.0361418567879,-1956.0
META260220P00680000,680.0,-1116.0,多头平仓 Put，减仓，看跌减弱,1.7029464989433647,PUT,0.0,1116.0,6918084.0,3.702667878694902e-06,5M-10M,2026-02-20,644.4000244140625,633.6099853515625,636.0750122070312,646.25,635.5,61.99,61.8,62.15,22.0,0.3297186169433593,True,META,68.3,-0.09238653001464123,0.017029464989433647,1868405222031.0,-9.238653001464122,-1116.0
IBM260116C00280000,280.0,-2129.0,空头平仓 Call，回补信号，看涨,1.4428944043053327,CALL,0.0,2129.0,6914992.0,2.611005077044179e-05,5M-10M,2026-01-16,307.5849914550781,303.2099914550781,304.0599975585937,309.1300048828125,303.6000061035156,32.48,32.15,33.25,10.0,0.3632876171875,True,IBM,29.71,0.09323460114439569,0.014428944043053327,264840235693.0,9.32346011443957,-2129.0
JPM251219C00300000,300.0,-4239.0,空头平仓 Call，回补信号，看涨,1.6008931083288662,CALL,0.0,4239.0,6909570.0,7.950375952371162e-06,5M-10M,2025-12-19,312.56500244140625,307.6400146484375,309.1000061035156,313.7200012207031,308.239990234375,16.3,15.75,16.4,35.0,0.2887034020996093,True,JPM,12.69,0.2844759653270293,0.01600893108328866,869087203095.0,28.447596532702928,-4239.0
NVDA260618C00154000,154.0,-1770.0,多头平仓 Call，减仓，看涨减弱,-1.8575921366021577,CALL,0.0,1770.0,6903000.0,1.5942200688819467e-06,5M-10M,2026-06-18,176.9114990234375,180.25999450683597,178.99000549316406,179.2899932861328,176.53140258789062,39.0,38.6,38.9,4.0,0.5261888201904297,True,NVDA,41.65,-0.063625450180072,-0.018575921366021576,4330017000000.0,-6.3625450180072,-1770.0
BAC260116C00052500,52.5,-24173.0,空头平仓 Call，回补信号，看涨,1.2738237699185466,CALL,0.0,24173.0,6889305.0,1.7814862038973863e-05,5M-10M,2026-01-16,53.665000915527344,52.9900016784668,53.11000061035156,53.93999862670898,53.04999923706055,2.85,2.73,2.86,322.0,0.2836985693359374,True,BAC,2.34,0.21794871794871806,0.012738237699185466,386716719160.0,21.794871794871806,-24173.0
CRM251219P00250000,250.0,-3117.0,多头平仓 Put，减仓，看跌减弱,1.4288888243863227,PUT,0.0,3117.0,6888570.000000001,2.9724737530883038e-05,5M-10M,2025-12-19,231.41000366210935,228.1499938964844,229.0,232.55999755859372,228.625,22.1,21.95,22.85,51.0,0.4748587670898437,True,CRM,26.12,-0.15390505359877485,0.014288888243863228,231745360000.0,-15.390505359877485,-3117.0
NVO251219P00055000,55.0,-11946.0,多头平仓 Put，减仓，看跌减弱,1.4268111432705237,PUT,0.0,11946.0,6880895.999999999,2.7712176445582766e-05,5M-10M,2025-12-19,49.40499877929688,48.709999084472656,49.130001068115234,49.70500183105469,48.34999847412109,5.76,5.55,6.05,49.0,0.4335994140625,True,NVO,6.6,-0.12727272727272726,0.014268111432705236,248298650000.0,-12.727272727272727,-11946.0
IBM260116C00265000,265.0,-1486.0,空头平仓 Call，回补信号，看涨,1.4428944043053327,CALL,0.0,1486.0,6872750.0,2.5950550836870644e-05,5M-10M,2026-01-16,307.5849914550781,303.2099914550781,304.0599975585937,309.1300048828125,303.6000061035156,46.25,44.4,47.55,2.0,0.4545952978515625,True,IBM,42.85,0.07934655775962657,0.014428944043053327,264840235693.0,7.934655775962657,-1486.0
INTC260320C00044000,44.0,-18731.0,空头平仓 Call，回补信号，看涨,8.951366601513174,CALL,0.0,18731.0,6743160.000000001,4.339688576972459e-05,5M-10M,2026-03-20,40.10499954223633,36.810001373291016,37.369998931884766,40.18999862670898,37.35499954223633,3.6,3.55,3.7,268.0,0.57617611328125,False,INTC,2.15,0.6744186046511629,0.08951366601513173,155383500000.0,67.44186046511629,-18731.0
CRCL260618P00090000,90.0,-2667.0,多头平仓 Put，减仓，看跌减弱,9.629684478740309,PUT,0.0,2667.0,6742176.000000001,0.00023141114621343814,5M-10M,2026-06-18,79.63500213623047,72.63999938964844,75.30999755859375,81.4800033569336,74.0199966430664,25.28,23.35,24.95,12.0,0.7434107690429688,True,CRCL,28.5,-0.11298245614035084,0.0962968447874031,29135052958.0,-11.298245614035084,-2667.0
ORCL260116C00220000,220.0,-6550.0,多头平仓 Call，减仓，看涨减弱,-2.07114082597721,CALL,0.0,6550.0,6726850.0,8.35102134862077e-06,5M-10M,2026-01-16,200.71499633789065,204.9600067138672,199.50999450683597,202.33990478515625,197.6100006103516,10.27,10.2,10.45,381.0,0.5927164752197267,False,ORCL,12.15,-0.1547325102880659,-0.0207114082597721,805512250440.0,-15.47325102880659,-6550.0
CIFR260220C00015000,15.0,-8619.0,空头平仓 Call，回补信号，看涨,6.997389970134785,CALL,0.0,8619.0,6722820.0,0.0014903328474557816,5M-10M,2026-02-20,20.489999771118164,19.149999618530277,19.549999237060547,21.155000686645508,19.459999084472656,7.8,7.35,8.0,9.0,1.3164096679687498,True,CIFR,6.64,0.17469879518072293,0.06997389970134785,4510952041.0,17.469879518072293,-8619.0
BAC270115C00052500,52.5,-9595.0,空头平仓 Call，回补信号，看涨,1.2738237699185466,CALL,0.0,9595.0,6716500.0,1.73680103994188e-05,5M-10M,2027-01-15,53.665000915527344,52.9900016784668,53.11000061035156,53.93999862670898,53.04999923706055,7.0,6.9,7.3,1.0,0.2981027221679687,True,BAC,6.6,0.06060606060606066,0.012738237699185466,386716719160.0,6.060606060606066,-9595.0
BAC270115C00042000,42.0,-4698.0,空头平仓 Call，回补信号，看涨,1.2738237699185466,CALL,0.0,4698.0,6708744.0,1.734795437490337e-05,5M-10M,2027-01-15,53.665000915527344,52.9900016784668,53.11000061035156,53.93999862670898,53.04999923706055,14.28,14.05,14.6,2.0,0.3647524462890625,True,BAC,12.9,0.10697674418604643,0.012738237699185466,386716719160.0,10.697674418604644,-4698.0
COIN260116C00230000,230.0,-1272.0,空头平仓 Call，回补信号，看涨,2.773901222649555,CALL,0.0,1272.0,6672912.0,8.308291249564057e-05,5M-10M,2026-01-16,272.32000732421875,264.9700012207031,273.69000244140625,279.8599853515625,270.20001220703125,52.46,51.35,53.15,119.0,0.6982452050781252,True,COIN,41.22,0.2726831635128579,0.027739012226495552,80316298497.0,27.268316351285787,-1272.0
EQT260116C00060000,60.0,-17790.0,空头平仓 Call，回补信号，看涨,3.135590634103537,CALL,0.0,17790.0,6671250.0,0.0001977456394198688,5M-10M,2026-01-16,60.84999847412109,59.0,59.43000030517578,61.165000915527344,58.94499969482422,3.75,3.65,3.85,136.0,0.3823303955078124,True,EQT,2.81,0.33451957295373663,0.03135590634103537,33736521420.0,33.45195729537366,-17790.0
RIVN260618C00015000,15.0,-15152.0,空头平仓 Call，回补信号，看涨,4.726817698497462,CALL,0.0,15152.0,6666880.0,0.0003524198467693278,5M-10M,2026-06-18,16.944799423217773,16.18000030517578,16.389999389648438,17.05500030517578,16.260000228881836,4.4,4.35,4.5,22.0,0.7170438452148438,True,RIVN,4.0,0.10000000000000009,0.04726817698497462,18917436294.0,10.000000000000009,-15152.0
GS251219C00800000,800.0,-1779.0,空头平仓 Call，回补信号，看涨,1.3271916962090153,CALL,0.0,1779.0,6653459.999999999,2.7387627736033334e-05,5M-10M,2025-12-19,826.8400268554688,816.010009765625,820.0,830.5700073242188,818.9500122070312,37.4,36.05,39.25,149.0,0.2959359957885742,True,GS,31.22,0.1979500320307495,0.013271916962090154,242936703541.0,19.795003203074952,-1779.0
APLD251219C00024000,24.0,-15614.0,空头平仓 Call，回补信号，看涨,8.322769880074883,CALL,0.0,15614.0,6651564.0,0.0011715461068745729,5M-10M,2025-12-19,27.01569938659668,24.940000534057617,25.45499992370605,27.34000015258789,25.25,4.26,4.15,4.4,343.0,0.9970703417968748,True,APLD,3.07,0.38762214983713356,0.08322769880074883,5677594728.0,38.762214983713356,-15614.0
WDC260116C00140000,140.0,-2256.0,空头平仓 Call，回补信号，看涨,3.081019678652274,CALL,0.0,2256.0,6648431.999999999,0.00017930433390218978,5M-10M,2026-01-16,162.60000610351562,157.74000549316406,160.0,163.25,156.7899932861328,29.47,28.5,30.5,33.0,0.7049590051269532,True,WDC,26.31,0.1201064234131509,0.030810196786522737,37079036827.0,12.01064234131509,-2256.0
PYPL260116P00072500,72.5,-6676.0,多头平仓 Put，减仓，看跌减弱,1.3989937540889383,PUT,0.0,6676.0,6642620.0,0.000103311561110431,5M-10M,2026-01-16,62.69499969482422,61.83000183105469,62.22999954223633,63.05500030517578,62.130001068115234,9.95,9.65,10.25,10.0,0.3227606787109374,True,PYPL,11.54,-0.13778162911611785,0.013989937540889383,64296966657.0,-13.778162911611785,-6676.0
COIN251219P00340000,340.0,-983.0,多头平仓 Put，减仓，看跌减弱,2.773901222649555,PUT,0.0,983.0,6630335.000000001,8.255279593403647e-05,5M-10M,2025-12-19,272.32000732421875,264.9700012207031,273.69000244140625,279.8599853515625,270.20001220703125,67.45,66.85,69.35,5.0,0.6356237609863282,True,COIN,77.28,-0.1271997929606625,0.027739012226495552,80316298497.0,-12.71997929606625,-983.0
C260116C00092500,92.5,-5097.0,空头平仓 Call，回补信号，看涨,1.2975627620045593,CALL,0.0,5097.0,6626100.0,3.480356650146351e-05,5M-10M,2026-01-16,103.83000183105467,102.5,102.8000030517578,104.37000274658205,102.51000213623048,13.0,13.0,13.8,3.0,0.4602104760742188,True,C,11.31,0.1494252873563218,0.012975627620045593,190385660611.0,14.94252873563218,-5097.0
APP260116C00650000,650.0,-2158.0,空头平仓 Call，回补信号，看涨,1.7650929740818393,CALL,0.0,2158.0,6625059.999999999,2.923937436981461e-05,5M-10M,2026-01-16,596.719970703125,586.3699951171875,589.7899780273438,597.1900024414062,583.4000244140625,30.7,29.0,31.0,48.0,0.5705304177856446,False,APP,28.5,0.07719298245614033,0.017650929740818392,226580087392.0,7.719298245614032,-2158.0
OKLO260116C00100000,100.0,-5966.0,空头平仓 Call，回补信号，看涨,3.8660958723875427,CALL,0.0,5966.0,6622259.999999999,0.00040589401626752093,5M-10M,2026-01-16,92.1500015258789,88.72000122070312,90.0,94.50499725341795,89.01000213623047,11.1,10.85,11.4,224.0,1.0445604412841798,False,OKLO,9.4,0.18085106382978716,0.03866095872387543,16315244213.0,18.085106382978715,-5966.0
MSFT260618C00600000,600.0,-7019.0,空头平仓 Call，回补信号，看涨,1.093717313819516,CALL,0.0,7019.0,6611898.0,1.7391643200747434e-06,5M-10M,2026-06-18,490.80999755859375,485.5,487.5950012207031,492.6300048828125,486.6499938964844,9.42,9.2,9.45,35.0,0.2734142483520507,False,MSFT,8.5,0.10823529411764705,0.01093717313819516,3801767276203.0,10.823529411764705,-7019.0
NFLX260618P00100000,100.0,-9281.0,多头平仓 Put，减仓，看跌减弱,1.3143058983256304,PUT,0.0,9281.0,6608072.0,1.2845672649622844e-05,5M-10M,2026-06-18,107.53500366210938,106.13999938964844,106.5,107.94000244140624,106.25,7.12,6.9,7.25,3.0,0.3443669079589844,False,NFLX,7.53,-0.054448871181938925,0.013143058983256304,514420083731.0,-5.4448871181938925,-9281.0
HUT260320C00033000,33.0,-4177.0,空头平仓 Call，回补信号，看涨,6.490441513630858,CALL,0.0,4177.0,6608014.0,0.0018883783888202941,5M-10M,2026-03-20,45.119998931884766,42.369998931884766,43.584999084472656,45.470001220703125,42.91999816894531,15.82,15.9,17.25,1.0,1.09375453125,True,HUT,12.0,0.31833333333333336,0.06490441513630858,3499306092.0,31.833333333333336,-4177.0
INTC270115P00030000,30.0,-18874.0,多头平仓 Put，减仓，看跌减弱,8.951366601513174,PUT,0.0,18874.0,6605900.0,4.2513522993110595e-05,5M-10M,2027-01-15,40.10499954223633,36.810001373291016,37.369998931884766,40.18999862670898,37.35499954223633,3.5,3.25,3.8,33.0,0.5150194982910157,False,INTC,4.15,-0.15662650602409645,0.08951366601513173,155383500000.0,-15.662650602409645,-18874.0
META270115P00620000,620.0,-851.0,多头平仓 Put，减仓，看跌减弱,1.7029464989433647,PUT,0.0,851.0,6592697.0,3.528515614419866e-06,5M-10M,2027-01-15,644.4000244140625,633.6099853515625,636.0750122070312,646.25,635.5,77.47,76.55,77.5,20.0,0.3338384487915039,False,META,81.7,-0.05177478580171363,0.017029464989433647,1868405222031.0,-5.177478580171363,-851.0
MSFT260116C00455000,455.0,-1497.0,空头平仓 Call，回补信号，看涨,1.093717313819516,CALL,0.0,1497.0,6591291.0,1.7337439462057303e-06,5M-10M,2026-01-16,490.80999755859375,485.5,487.5950012207031,492.6300048828125,486.6499938964844,44.03,43.8,44.85,1.0,0.3237372314453124,True,MSFT,41.0,0.07390243902439027,0.01093717313819516,3801767276203.0,7.3902439024390265,-1497.0
META260220C00670000,670.0,1740.0,多头买 Call，看涨,1.7029464989433647,CALL,3667.0,1927.0,6585900.0,3.5248777526113813e-06,5M-10M,2026-02-20,644.4000244140625,633.6099853515625,636.0750122070312,646.25,635.5,37.85,37.5,37.8,90.0,0.3922179919433594,False,META,33.06,0.1448880822746521,0.017029464989433647,1868405222031.0,14.48880822746521,1740.0
TOST260116C00030000,30.0,-13294.0,空头平仓 Call，回补信号，看涨,2.146682726155015,CALL,0.0,13294.0,6580530.0,0.00030334207177011655,5M-10M,2026-01-16,34.2599983215332,33.540000915527344,33.83000183105469,34.39849853515625,33.810001373291016,4.95,4.95,5.45,2.0,0.532231240234375,True,TOST,4.7,0.05319148936170213,0.02146682726155015,21693430000.0,5.319148936170213,-13294.0
SOFI260320C00030000,30.0,-15472.0,空头平仓 Call，回补信号，看涨,3.532471288511421,CALL,0.0,15472.0,6575600.0,0.0001962593029506999,5M-10M,2026-03-20,29.496400833129883,28.489999771118164,28.790000915527344,29.56999969482422,28.45499992370605,4.25,4.25,4.4,407.0,0.6972686523437501,False,SOFI,3.88,0.09536082474226808,0.03532471288511421,33504653798.0,9.536082474226808,-15472.0
TMC270115C00005000,5.0,-17765.0,空头平仓 Call，回补信号，看涨,16.723840778590844,CALL,0.0,17765.0,6573050.0,0.0025431014520477294,5M-10M,2027-01-15,6.804999828338623,5.829999923706055,6.559999942779541,7.070000171661377,6.278600215911865,3.7,2.75,4.0,73.0,0.99023447265625,True,TMC,2.97,0.24579124579124578,0.16723840778590846,2584658978.0,24.579124579124578,-17765.0
KGC280121C00030000,30.0,-8406.0,空头平仓 Call，回补信号，看涨,2.733236098407232,CALL,0.0,8406.0,6565086.0,0.0002219573044262271,5M-10M,2028-01-21,28.190000534057617,27.440000534057617,27.90999984741211,28.32990074157715,27.614999771118164,7.81,6.3,9.3,301.0,0.5220995056152342,False,KGC,7.3,0.06986301369863011,0.02733236098407232,29578148000.0,6.986301369863011,-8406.0
META271217C00660000,660.0,-421.0,空头平仓 Call，回补信号，看涨,1.7029464989433647,CALL,0.0,421.0,6559180.0,3.510576786372936e-06,5M-10M,2027-12-17,644.4000244140625,633.6099853515625,636.0750122070312,646.25,635.5,155.8,153.45,158.3,2.0,0.4527413735198975,False,META,145.49,0.07086397690562926,0.017029464989433647,1868405222031.0,7.086397690562926,-421.0
NVDA260821C00210000,210.0,-3827.0,多头平仓 Call，减仓，看涨减弱,-1.8575921366021577,CALL,0.0,3827.0,6536516.0,1.5095820639965156e-06,5M-10M,2026-08-21,176.9114990234375,180.25999450683597,178.99000549316406,179.2899932861328,176.53140258789062,17.08,17.05,17.15,610.0,0.4728141098022461,False,NVDA,18.9,-0.09629629629629632,-0.018575921366021576,4330017000000.0,-9.629629629629633,-3827.0
BMNR260618C00030000,30.0,-5170.0,空头平仓 Call，回补信号，看涨,1.4659723052255405,CALL,0.0,5170.0,6519370.0,0.029998943999549273,5M-10M,2026-06-18,32.205299377441406,31.739999771118164,33.79999923706055,35.20000076293945,32.130001068115234,12.61,12.25,12.95,304.0,1.2876012182617185,True,BMNR,11.15,0.13094170403587435,0.014659723052255404,217319983.0,13.094170403587436,-5170.0
NVDA251219C00168000,168.0,-5001.0,多头平仓 Call，减仓，看涨减弱,-1.8575921366021577,CALL,0.0,5001.0,6511302.0,1.5037589921702386e-06,5M-10M,2025-12-19,176.9114990234375,180.25999450683597,178.99000549316406,179.2899932861328,176.53140258789062,13.02,13.1,13.2,323.0,0.473638076171875,True,NVDA,16.1,-0.19130434782608705,-0.018575921366021576,4330017000000.0,-19.130434782608706,-5001.0
ORCL260320C00200000,200.0,-2443.0,多头平仓 Call，减仓，看涨减弱,-2.07114082597721,CALL,0.0,2443.0,6498380.0,8.067388170012745e-06,5M-10M,2026-03-20,200.71499633789065,204.9600067138672,199.50999450683597,202.33990478515625,197.6100006103516,26.6,26.4,27.1,464.0,0.5954630297851562,True,ORCL,29.3,-0.09215017064846413,-0.0207114082597721,805512250440.0,-9.215017064846414,-2443.0
INTC251219C00029000,29.0,-5842.0,空头平仓 Call，回补信号，看涨,8.951366601513174,CALL,0.0,5842.0,6490462.0,4.1770599838464186e-05,5M-10M,2025-12-19,40.10499954223633,36.810001373291016,37.369998931884766,40.18999862670898,37.35499954223633,11.11,10.8,11.15,44.0,0.6875031250000001,True,INTC,8.32,0.3353365384615383,0.08951366601513173,155383500000.0,33.53365384615383,-5842.0
INTC251219C00037000,37.0,-17080.0,空头平仓 Call，回补信号，看涨,8.951366601513174,CALL,0.0,17080.0,6490400.0,4.1770200825698995e-05,5M-10M,2025-12-19,40.10499954223633,36.810001373291016,37.369998931884766,40.18999862670898,37.35499954223633,3.8,3.75,3.9,927.0,0.5019581054687501,True,INTC,1.72,1.2093023255813955,0.08951366601513173,155383500000.0,120.93023255813955,-17080.0
INTC260220C00035000,35.0,8988.0,多头买 Call，看涨,8.951366601513174,CALL,21436.0,12448.0,6471360.0,4.1647665292646904e-05,5M-10M,2026-02-20,40.10499954223633,36.810001373291016,37.369998931884766,40.18999862670898,37.35499954223633,7.2,7.2,7.3,842.0,0.586918193359375,True,INTC,4.95,0.45454545454545453,0.08951366601513173,155383500000.0,45.45454545454545,8988.0
NVDA260618C00205000,205.0,-4314.0,多头平仓 Call，减仓，看涨减弱,-1.8575921366021577,CALL,0.0,4314.0,6471000.0,1.4944514074656058e-06,5M-10M,2026-06-18,176.9114990234375,180.25999450683597,178.99000549316406,179.2899932861328,176.53140258789062,15.0,14.9,15.05,13.0,0.4748587670898437,False,NVDA,16.82,-0.10820451843043996,-0.018575921366021576,4330017000000.0,-10.820451843043996,-4314.0
AMZN260515C00235000,235.0,-2746.0,空头平仓 Call，回补信号，看涨,1.2654886760956519,CALL,0.0,2746.0,6466830.0,2.7589637548328737e-06,5M-10M,2026-05-15,232.05999755859372,229.16000366210935,231.34500122070312,232.8800048828125,230.22999572753903,23.55,23.35,23.5,26.0,0.3944762701416016,False,AMZN,22.06,0.06754306436990036,0.012654886760956519,2343934380679.0,6.754306436990036,-2746.0
META270115C00570000,570.0,-415.0,空头平仓 Call，回补信号，看涨,1.7029464989433647,CALL,0.0,415.0,6448270.0,3.451216001735737e-06,5M-10M,2027-01-15,644.4000244140625,633.6099853515625,636.0750122070312,646.25,635.5,155.38,154.7,156.65,13.0,0.4532296498870849,True,META,147.75,0.051641285956006734,0.017029464989433647,1868405222031.0,5.1641285956006735,-415.0
BMNR260417P00040000,40.0,-5059.0,多头平仓 Put，减仓，看跌减弱,1.4659723052255405,PUT,0.0,5059.0,6424930.0,0.02956437742773061,5M-10M,2026-04-17,32.205299377441406,31.739999771118164,33.79999923706055,35.20000076293945,32.130001068115234,12.7,12.75,13.5,1.0,0.9880372290039064,True,BMNR,13.75,-0.07636363636363641,0.014659723052255404,217319983.0,-7.636363636363641,-5059.0
LULU251219C00170000,170.0,-2793.0,空头平仓 Call，回补信号，看涨,1.8426367160308543,CALL,0.0,2793.0,6423900.0,0.00032112398572659305,5M-10M,2025-12-19,185.29249572753903,181.94000244140625,184.72000122070312,186.69000244140625,183.5,23.0,21.95,23.25,80.0,0.7825949475097658,True,LULU,21.27,0.08133521391631408,0.018426367160308543,20004422857.0,8.133521391631408,-2793.0
META260320P00640000,640.0,-1408.0,多头平仓 Put，减仓，看跌减弱,1.7029464989433647,PUT,0.0,1408.0,6414848.0,3.433328019190029e-06,5M-10M,2026-03-20,644.4000244140625,633.6099853515625,636.0750122070312,646.25,635.5,45.56,44.85,45.25,18.0,0.3330755169677735,False,META,50.08,-0.09025559105431302,0.017029464989433647,1868405222031.0,-9.025559105431302,-1408.0
IBM260320C00290000,290.0,-1928.0,空头平仓 Call，回补信号，看涨,1.4428944043053327,CALL,0.0,1928.0,6391320.0,2.4132737925096664e-05,5M-10M,2026-03-20,307.5849914550781,303.2099914550781,304.0599975585937,309.1300048828125,303.6000061035156,33.15,31.2,34.15,1.0,0.3675905526733398,True,IBM,29.5,0.12372881355932198,0.014428944043053327,264840235693.0,12.372881355932199,-1928.0
CRM260116P00290000,290.0,-1085.0,多头平仓 Put，减仓，看跌减弱,1.4288888243863227,PUT,0.0,1085.0,6390650.0,2.7576172398877802e-05,5M-10M,2026-01-16,231.41000366210935,228.1499938964844,229.0,232.55999755859372,228.625,58.9,57.75,60.4,1.0,0.4547173669433594,True,CRM,62.2,-0.05305466237942129,0.014288888243863228,231745360000.0,-5.305466237942129,-1085.0
PPTA251219C00020000,20.0,-10109.0,空头平仓 Call，回补信号，看涨,3.7524972562351264,CALL,0.0,10109.0,6368670.0,0.002797966247178143,5M-10M,2025-12-19,25.989999771118164,25.049999237060547,25.299999237060547,26.68000030517578,24.940000534057617,6.3,5.9,6.4,33.0,0.7675804492187501,True,PPTA,5.3,0.18867924528301888,0.037524972562351266,2276178280.0,18.867924528301888,-10109.0
UBER270115C00075000,75.0,-2758.0,空头平仓 Call，回补信号，看涨,1.914545084678616,CALL,0.0,2758.0,6357190.0,3.096393966503051e-05,5M-10M,2027-01-15,87.30000305175781,85.66000366210938,86.51000213623047,87.55500030517578,86.23999786376953,23.05,22.85,23.15,5.0,0.4777273907470704,True,UBER,21.85,0.054919908466819184,0.01914545084678616,205309468652.0,5.491990846681919,-2758.0
WMT260618C00105000,105.0,-5502.0,空头平仓 Call，回补信号，看涨,1.3290601264129722,CALL,0.0,5502.0,6354810.000000001,7.726407013503628e-06,5M-10M,2026-06-18,110.5500030517578,109.0999984741211,109.3000030517578,110.56999969482422,109.0,11.55,11.4,11.65,7.0,0.2682568292236328,True,WMT,10.95,0.05479452054794534,0.013290601264129722,822479321746.0,5.4794520547945345,-5502.0
ORCL260220P00190000,190.0,-4366.0,空头平仓 Put，回补，看跌信号减弱,-2.07114082597721,PUT,0.0,4366.0,6352530.0,7.886323263898243e-06,5M-10M,2026-02-20,200.71499633789065,204.9600067138672,199.50999450683597,202.33990478515625,197.6100006103516,14.55,14.35,14.65,61.0,0.5174608801269531,False,ORCL,13.25,0.09811320754716986,-0.0207114082597721,805512250440.0,9.811320754716986,-4366.0
MU251219P00240000,240.0,-3542.0,多头平仓 Put，减仓，看跌减弱,2.2192307531735946,PUT,0.0,3542.0,6340180.0,3.60227666124475e-05,5M-10M,2025-12-19,235.3699951171875,230.25999450683597,235.6150054931641,238.1000061035156,233.47999572753903,17.9,17.75,18.4,199.0,0.673098972167969,True,MU,22.09,-0.18967858759619743,0.02219230753173595,176004804634.0,-18.967858759619745,-3542.0
NVDA260821P00175000,175.0,-2721.0,空头平仓 Put，回补，看跌信号减弱,-1.8575921366021577,PUT,9039.0,11760.0,6339930.0,1.4641813184567173e-06,5M-10M,2026-08-21,176.9114990234375,180.25999450683597,178.99000549316406,179.2899932861328,176.53140258789062,23.3,23.05,23.2,9.0,0.4041197283935547,False,NVDA,22.11,0.05382180009045687,-0.018575921366021576,4330017000000.0,5.382180009045687,-2721.0
CRM260618C00220000,220.0,-1758.0,空头平仓 Call，回补信号，看涨,1.4288888243863227,CALL,0.0,1758.0,6337589.999999999,2.734721420096609e-05,5M-10M,2026-06-18,231.41000366210935,228.1499938964844,229.0,232.55999755859372,228.625,36.05,35.3,36.3,3.0,0.4526727096557618,True,CRM,33.8,0.06656804733727811,0.014288888243863228,231745360000.0,6.656804733727811,-1758.0
MSFT260220C00510000,510.0,3379.0,多头买 Call，看涨,1.093717313819516,CALL,13425.0,10046.0,6335625.0,1.6664946956794475e-06,5M-10M,2026-02-20,490.80999755859375,485.5,487.5950012207031,492.6300048828125,486.6499938964844,18.75,18.7,18.85,89.0,0.2845225357055663,False,MSFT,16.6,0.12951807228915652,0.01093717313819516,3801767276203.0,12.951807228915651,3379.0
CLSK260116C00015000,15.0,-26139.0,空头平仓 Call，回补信号，看涨,11.152416515030085,CALL,0.0,26139.0,6325638.0,0.0017364575178419328,5M-10M,2026-01-16,14.949999809265137,13.449999809265137,14.239999771118164,15.539999961853027,14.010000228881836,2.42,2.29,2.44,1809.0,1.087895185546875,False,CLSK,1.4,0.7285714285714286,0.11152416515030085,3642840631.0,72.85714285714286,-26139.0
BE260320C00110000,110.0,-2294.0,空头平仓 Call，回补信号，看涨,6.586512008866211,CALL,0.0,2294.0,6324558.0,0.00038436092317426705,5M-10M,2026-03-20,107.80159759521484,101.13999938964844,104.1999969482422,108.91999816894533,102.55120086669922,27.57,26.9,28.1,41.0,1.2080117724609374,False,BE,23.2,0.1883620689655173,0.0658651200886621,16454737250.0,18.83620689655173,-2294.0
WDC260116C00125000,125.0,-1520.0,空头平仓 Call，回补信号，看涨,3.081019678652274,CALL,0.0,1520.0,6323200.0,0.00017053301652635185,5M-10M,2026-01-16,162.60000610351562,157.74000549316406,160.0,163.25,156.7899932861328,41.6,40.5,42.7,22.0,0.7780783911132813,True,WDC,34.12,0.2192262602579134,0.030810196786522737,37079036827.0,21.922626025791338,-1520.0
APP260116C00570000,570.0,-945.0,空头平仓 Call，回补信号，看涨,1.7650929740818393,CALL,0.0,945.0,6312600.0,2.786034762657119e-05,5M-10M,2026-01-16,596.719970703125,586.3699951171875,589.7899780273438,597.1900024414062,583.4000244140625,66.8,62.9,67.0,14.0,0.5871318142700196,True,APP,62.83,0.06318637593506285,0.017650929740818392,226580087392.0,6.318637593506285,-945.0
C260116C00110000,110.0,-27092.0,空头平仓 Call，回补信号，看涨,1.2975627620045593,CALL,0.0,27092.0,6312436.0,3.3156047465663404e-05,5M-10M,2026-01-16,103.83000183105467,102.5,102.8000030517578,104.37000274658205,102.51000213623048,2.33,2.28,2.33,1158.0,0.3040841076660155,False,C,2.03,0.14778325123152725,0.012975627620045593,190385660611.0,14.778325123152724,-27092.0
PYPL260116P00070000,70.0,-8305.0,多头平仓 Put，减仓，看跌减弱,1.3989937540889383,PUT,0.0,8305.0,6311800.0,9.816637281928191e-05,5M-10M,2026-01-16,62.69499969482422,61.83000183105469,62.22999954223633,63.05500030517578,62.130001068115234,7.6,7.5,8.05,7.0,0.3188544677734374,True,PYPL,8.46,-0.10165484633569753,0.013989937540889383,64296966657.0,-10.165484633569752,-8305.0
INTC270115P00035000,35.0,-11364.0,多头平仓 Put，减仓，看跌减弱,8.951366601513174,PUT,0.0,11364.0,6307020.0,4.059002403730126e-05,5M-10M,2027-01-15,40.10499954223633,36.810001373291016,37.369998931884766,40.18999862670898,37.35499954223633,5.55,5.4,5.9,20.0,0.5046436254882812,False,INTC,6.25,-0.11200000000000003,0.08951366601513173,155383500000.0,-11.200000000000003,-11364.0
COIN260116C00250000,250.0,-1657.0,空头平仓 Call，回补信号，看涨,2.773901222649555,CALL,0.0,1657.0,6280030.0,7.819122790170135e-05,5M-10M,2026-01-16,272.32000732421875,264.9700012207031,273.69000244140625,279.8599853515625,270.20001220703125,37.9,37.5,38.55,206.0,0.6588168884277343,True,COIN,32.4,0.1697530864197531,0.027739012226495552,80316298497.0,16.97530864197531,-1657.0
COIN270115P00240000,240.0,-1280.0,多头平仓 Put，减仓，看跌减弱,2.773901222649555,PUT,0.0,1280.0,6252800.0,7.785219335317795e-05,5M-10M,2027-01-15,272.32000732421875,264.9700012207031,273.69000244140625,279.8599853515625,270.20001220703125,48.85,47.75,49.7,3.0,0.5948526843261719,False,COIN,53.33,-0.08400525032814546,0.027739012226495552,80316298497.0,-8.400525032814546,-1280.0
INTC261218C00043000,43.0,-7811.0,空头平仓 Call，回补信号，看涨,8.951366601513174,CALL,0.0,7811.0,6225367.0,4.006453066123495e-05,5M-10M,2026-12-18,40.10499954223633,36.810001373291016,37.369998931884766,40.18999862670898,37.35499954223633,7.97,7.85,8.35,32.0,0.5642133422851563,False,INTC,6.35,0.2551181102362205,0.08951366601513173,155383500000.0,25.511811023622048,-7811.0
MSFT260116C00460000,460.0,-1552.0,空头平仓 Call，回补信号，看涨,1.093717313819516,CALL,0.0,1552.0,6214208.0,1.6345577065954484e-06,5M-10M,2026-01-16,490.80999755859375,485.5,487.5950012207031,492.6300048828125,486.6499938964844,40.04,39.95,40.5,12.0,0.3096382513427734,True,MSFT,37.05,0.08070175438596497,0.01093717313819516,3801767276203.0,8.070175438596497,-1552.0
OKLO260116C00065000,65.0,-2041.0,空头平仓 Call，回补信号，看涨,3.8660958723875427,CALL,0.0,2041.0,6192394.0,0.00037954650994840124,5M-10M,2026-01-16,92.1500015258789,88.72000122070312,90.0,94.50499725341795,89.01000213623047,30.34,30.25,32.95,1.0,1.2331581311035156,True,OKLO,28.2,0.07588652482269506,0.03866095872387543,16315244213.0,7.588652482269506,-2041.0
MSFT260618P00500000,500.0,-1629.0,多头平仓 Put，减仓，看跌减弱,1.093717313819516,PUT,0.0,1629.0,6190200.0,1.6282427487729963e-06,5M-10M,2026-06-18,490.80999755859375,485.5,487.5950012207031,492.6300048828125,486.6499938964844,38.0,37.8,38.2,3.0,0.226921183013916,True,MSFT,40.5,-0.06172839506172839,0.01093717313819516,3801767276203.0,-6.172839506172839,-1629.0
JPM261218C00300000,300.0,-1464.0,空头平仓 Call，回补信号，看涨,1.6008931083288662,CALL,0.0,1464.0,6163440.0,7.091854509019015e-06,5M-10M,2026-12-18,312.56500244140625,307.6400146484375,309.1000061035156,313.7200012207031,308.239990234375,42.1,42.4,43.9,5.0,0.2975228939819335,True,JPM,39.47,0.0666328857360021,0.01600893108328866,869087203095.0,6.66328857360021,-1464.0
LYFT260320P00020000,20.0,-27375.0,多头平仓 Put，减仓，看跌减弱,3.3645876124895584,PUT,0.0,27375.0,6159375.0,0.0006929307128295758,5M-10M,2026-03-20,20.83830070495605,20.15999984741211,20.25,21.15999984741211,20.149999618530277,2.25,2.22,2.29,1.0,0.58789474609375,False,LYFT,2.45,-0.08163265306122455,0.033645876124895585,8888875736.0,-8.163265306122454,-27375.0
META260220P00550000,550.0,-5398.0,多头平仓 Put，减仓，看跌减弱,1.7029464989433647,PUT,0.0,5398.0,6142924.000000001,3.2877899973553377e-06,5M-10M,2026-02-20,644.4000244140625,633.6099853515625,636.0750122070312,646.25,635.5,11.38,11.05,11.3,87.0,0.3751588363647461,False,META,13.23,-0.13983371126228267,0.017029464989433647,1868405222031.0,-13.983371126228267,-5398.0
ORCL260116P00180000,180.0,-7551.0,空头平仓 Put，回补，看跌信号减弱,-2.07114082597721,PUT,0.0,7551.0,6131412.0,7.611817196635806e-06,5M-10M,2026-01-16,200.71499633789065,204.9600067138672,199.50999450683597,202.33990478515625,197.6100006103516,8.12,7.7,8.05,47.0,0.5772747351074219,False,ORCL,7.05,0.15177304964538998,-0.0207114082597721,805512250440.0,15.177304964539,-7551.0
CRCL251205C00074000,74.0,8384.0,多头买 Call，看涨,9.629684478740309,CALL,8701.0,317.0,6111936.0,0.00020977947110000926,5M-10M,2025-12-05,79.63500213623047,72.63999938964844,75.30999755859375,81.4800033569336,74.0199966430664,7.29,6.7,8.2,4758.0,0.9028330029296876,True,CRCL,3.05,1.3901639344262298,0.0962968447874031,29135052958.0,139.01639344262298,8384.0
MU260320C00180000,180.0,-892.0,空头平仓 Call，回补信号，看涨,2.2192307531735946,CALL,0.0,892.0,6106631.999999999,3.4695825563959296e-05,5M-10M,2026-03-20,235.3699951171875,230.25999450683597,235.6150054931641,238.1000061035156,233.47999572753903,68.46,68.6,70.85,4.0,0.7774070111083984,True,MU,58.0,0.1803448275862068,0.02219230753173595,176004804634.0,18.03448275862068,-892.0
ORCL260618P00180000,180.0,-3078.0,空头平仓 Put，回补，看跌信号减弱,-2.07114082597721,PUT,0.0,3078.0,6103674.0,7.577381966153776e-06,5M-10M,2026-06-18,200.71499633789065,204.9600067138672,199.50999450683597,202.33990478515625,197.6100006103516,19.83,19.4,19.8,2.0,0.5119677709960937,False,ORCL,18.7,0.060427807486630965,-0.0207114082597721,805512250440.0,6.0427807486630964,-3078.0
IONQ270115C00035000,35.0,-2476.0,空头平仓 Call，回补信号，看涨,4.818759590628501,CALL,0.0,2476.0,6078580.0,0.00030436657389852314,5M-10M,2027-01-15,49.15999984741211,46.900001525878906,47.70000076293945,49.84999847412109,47.56999969482422,24.55,23.55,25.75,13.0,0.9812013598632812,True,IONQ,23.25,0.055913978494623685,0.04818759590628501,19971246915.0,5.591397849462369,-2476.0
AMZN260220P00210000,210.0,-9858.0,多头平仓 Put，减仓，看跌减弱,1.2654886760956519,PUT,0.0,9858.0,6062670.0,2.5865357195894462e-06,5M-10M,2026-02-20,232.05999755859372,229.16000366210935,231.34500122070312,232.8800048828125,230.22999572753903,6.15,6.2,6.25,178.0,0.3468693243408203,False,AMZN,7.15,-0.13986013986013984,0.012654886760956519,2343934380679.0,-13.986013986013985,-9858.0
ORCL260417P00180000,180.0,-3794.0,空头平仓 Put，回补，看跌信号减弱,-2.07114082597721,PUT,0.0,3794.0,6055224.000000001,7.517233905123626e-06,5M-10M,2026-04-17,200.71499633789065,204.9600067138672,199.50999450683597,202.33990478515625,197.6100006103516,15.96,15.5,15.75,10.0,0.524418818359375,False,ORCL,14.72,0.08423913043478262,-0.0207114082597721,805512250440.0,8.423913043478262,-3794.0
INTC260515C00040000,40.0,-9604.0,空头平仓 Call，回补信号，看涨,8.951366601513174,CALL,0.0,9604.0,6050520.0,3.893926961356901e-05,5M-10M,2026-05-15,40.10499954223633,36.810001373291016,37.369998931884766,40.18999862670898,37.35499954223633,6.3,6.25,6.4,1490.0,0.5810588769531251,True,INTC,4.5,0.39999999999999997,0.08951366601513173,155383500000.0,40.0,-9604.0
META261218C00610000,610.0,-470.0,空头平仓 Call，回补信号，看涨,1.7029464989433647,CALL,0.0,470.0,6041850.000000001,3.233693595349926e-06,5M-10M,2026-12-18,644.4000244140625,633.6099853515625,636.0750122070312,646.25,635.5,128.55,128.05,130.0,1.0,0.4389017902374268,True,META,121.65,0.05672009864364986,0.017029464989433647,1868405222031.0,5.672009864364986,-470.0
NVDA260618C00225000,225.0,-6182.0,多头平仓 Call，减仓，看涨减弱,-1.8575921366021577,CALL,0.0,6182.0,6039814.0,1.3948707360733225e-06,5M-10M,2026-06-18,176.9114990234375,180.25999450683597,178.99000549316406,179.2899932861328,176.53140258789062,9.77,9.75,9.9,34.0,0.4648185842895508,False,NVDA,11.55,-0.1541125541125542,-0.018575921366021576,4330017000000.0,-15.41125541125542,-6182.0
C270115C00092500,92.5,-2838.0,空头平仓 Call，回补信号，看涨,1.2975627620045593,CALL,0.0,2838.0,6030750.0,3.167649276025128e-05,5M-10M,2027-01-15,103.83000183105467,102.5,102.8000030517578,104.37000274658205,102.51000213623048,21.25,20.4,21.65,2.0,0.3702150381469726,True,C,19.01,0.11783271962125189,0.012975627620045593,190385660611.0,11.78327196212519,-2838.0
ORCL260116P00185000,185.0,-6286.0,空头平仓 Put，回补，看跌信号减弱,-2.07114082597721,PUT,0.0,6286.0,6028274.0,7.483776934127493e-06,5M-10M,2026-01-16,200.71499633789065,204.9600067138672,199.50999450683597,202.33990478515625,197.6100006103516,9.59,9.35,9.75,90.0,0.5711712805175782,False,ORCL,8.75,0.09599999999999999,-0.0207114082597721,805512250440.0,9.6,-6286.0
GS260116C00720000,720.0,-519.0,空头平仓 Call，回补信号，看涨,1.3271916962090153,CALL,0.0,519.0,6012614.999999999,2.474971839315034e-05,5M-10M,2026-01-16,826.8400268554688,816.010009765625,820.0,830.5700073242188,818.9500122070312,115.85,114.7,117.25,4.0,0.3975585147094727,True,GS,105.28,0.1003989361702127,0.013271916962090154,242936703541.0,10.03989361702127,-519.0
AMD260918P00180000,180.0,-2883.0,多头平仓 Put，减仓，看跌减弱,1.1435758427108205,PUT,0.0,2883.0,5996640.0,2.31728540677238e-05,5M-10M,2026-09-18,216.69000244140625,214.2400054931641,216.3950042724609,218.3000030517578,214.03219604492188,20.8,20.5,20.8,1.0,0.5129138064575195,False,AMD,22.94,-0.0932868352223191,0.011435758427108204,258778654648.0,-9.32868352223191,-2883.0
META251128C00635000,635.0,5875.0,多头买 Call，看涨,1.7029464989433647,CALL,13918.0,8043.0,5992499.999999999,3.207280695504593e-06,5M-10M,2025-11-28,644.4000244140625,633.6099853515625,636.0750122070312,646.25,635.5,10.2,10.05,10.5,17979.0,0.3176337768554687,True,META,2.74,2.722627737226277,0.017029464989433647,1868405222031.0,272.2627737226277,5875.0
B270115C00040000,40.0,-7123.0,空头平仓 Call，回补信号，看涨,1.5666230182633518,CALL,0.0,7123.0,5983320.0,0.00010171793322505767,5M-10M,2027-01-15,41.62200164794922,40.97999954223633,40.97999954223633,41.720001220703125,40.70000076293945,8.4,8.2,8.6,13.0,0.4519097778320313,True,B,7.95,0.05660377358490568,0.01566623018263352,58822665879.0,5.660377358490568,-7123.0
META251219P00630000,630.0,-5458.0,多头平仓 Put，减仓，看跌减弱,1.7029464989433647,PUT,0.0,5458.0,5981968.000000001,3.2016438026743804e-06,5M-10M,2025-12-19,644.4000244140625,633.6099853515625,636.0750122070312,646.25,635.5,10.96,10.85,11.05,364.0,0.2773814938354492,False,META,16.0,-0.31499999999999995,0.017029464989433647,1868405222031.0,-31.499999999999993,-5458.0
META260220P00670000,670.0,-1053.0,多头平仓 Put，减仓，看跌减弱,1.7029464989433647,PUT,0.0,1053.0,5975775.0,3.198329211210507e-06,5M-10M,2026-02-20,644.4000244140625,633.6099853515625,636.0750122070312,646.25,635.5,56.75,55.75,56.1,7.0,0.3329534478759766,True,META,61.8,-0.08171521035598701,0.017029464989433647,1868405222031.0,-8.171521035598701,-1053.0
MSFT251219C00430000,430.0,-952.0,空头平仓 Call，回补信号，看涨,1.093717313819516,CALL,0.0,952.0,5961424.0,1.5680665245648462e-06,5M-10M,2025-12-19,490.80999755859375,485.5,487.5950012207031,492.6300048828125,486.6499938964844,62.62,62.95,64.7,5.0,0.495671547241211,True,MSFT,58.47,0.07097656918077644,0.01093717313819516,3801767276203.0,7.097656918077644,-952.0
AG260116C00013000,13.0,-20913.0,空头平仓 Call，回补信号，看涨,12.546259556684761,CALL,0.0,20913.0,5960205.0,0.0010049219144688713,5M-10M,2026-01-16,15.204999923706056,13.510000228881836,13.989999771118164,15.260000228881836,13.859999656677246,2.85,2.84,2.93,1164.0,0.7421900781249999,True,AG,1.67,0.7065868263473055,0.1254625955668476,5931013061.0,70.65868263473055,-20913.0
META260220C00680000,680.0,-1771.0,空头平仓 Call，回补信号，看涨,1.7029464989433647,CALL,0.0,1771.0,5950560.000000001,3.1848337447545793e-06,5M-10M,2026-02-20,644.4000244140625,633.6099853515625,636.0750122070312,646.25,635.5,33.6,33.55,33.85,294.0,0.3899291964721679,False,META,29.43,0.14169215086646286,0.017029464989433647,1868405222031.0,14.169215086646286,-1771.0
AMZN260220P00205000,205.0,-11866.0,多头平仓 Put，减仓，看跌减弱,1.2654886760956519,PUT,0.0,11866.0,5933000.0,2.5312142050159723e-06,5M-10M,2026-02-20,232.05999755859372,229.16000366210935,231.34500122070312,232.8800048828125,230.22999572753903,5.0,4.9,5.0,240.0,0.351446915283203,False,AMZN,5.87,-0.14821124361158433,0.012654886760956519,2343934380679.0,-14.821124361158432,-11866.0
UBER270115C00110000,110.0,-7403.0,空头平仓 Call，回补信号，看涨,1.914545084678616,CALL,0.0,7403.0,5922400.0,2.884620976755086e-05,5M-10M,2027-01-15,87.30000305175781,85.66000366210938,86.51000213623047,87.55500030517578,86.23999786376953,8.0,7.95,8.15,18.0,0.4146787048339844,False,UBER,7.59,0.054018445322793165,0.01914545084678616,205309468652.0,5.401844532279316,-7403.0
ORCL260116C00170000,170.0,-1577.0,多头平仓 Call，减仓，看涨减弱,-2.07114082597721,CALL,0.0,1577.0,5921635.0,7.3513903690048016e-06,5M-10M,2026-01-16,200.71499633789065,204.9600067138672,199.50999450683597,202.33990478515625,197.6100006103516,37.55,36.05,38.2,4.0,0.647464462890625,True,ORCL,41.73,-0.10016774502755811,-0.0207114082597721,805512250440.0,-10.016774502755812,-1577.0
GS260116C00760000,760.0,-756.0,空头平仓 Call，回补信号，看涨,1.3271916962090153,CALL,0.0,756.0,5914943.999999999,2.4347675397685407e-05,5M-10M,2026-01-16,826.8400268554688,816.010009765625,820.0,830.5700073242188,818.9500122070312,78.24,78.25,83.9,1.0,0.3634554621887207,True,GS,72.56,0.07828004410143319,0.013271916962090154,242936703541.0,7.828004410143318,-756.0
COIN260417P00250000,250.0,-2008.0,多头平仓 Put，减仓，看跌减弱,2.773901222649555,PUT,0.0,2008.0,5899504.0,7.345338505882913e-05,5M-10M,2026-04-17,272.32000732421875,264.9700012207031,273.69000244140625,279.8599853515625,270.20001220703125,29.38,27.85,28.8,1.0,0.5976602734375001,False,COIN,31.65,-0.07172195892575038,0.027739012226495552,80316298497.0,-7.172195892575038,-2008.0
TEVA260116C00021000,21.0,-9890.0,空头平仓 Call，回补信号，看涨,2.0512911561924336,CALL,0.0,9890.0,5894440.0,0.00028017066657155934,5M-10M,2026-01-16,26.859899520874023,26.31999969482422,26.46999931335449,26.959999084472656,26.38999938964844,5.96,5.75,6.15,2.0,0.5664105859375,True,TEVA,5.56,0.07194244604316553,0.020512911561924335,21038747818.0,7.1942446043165535,-9890.0
RIVN271217C00015000,15.0,-7504.0,空头平仓 Call，回补信号，看涨,4.726817698497462,CALL,0.0,7504.0,5890639.999999999,0.00031138680254830936,5M-10M,2027-12-17,16.944799423217773,16.18000030517578,16.389999389648438,17.05500030517578,16.260000228881836,7.85,7.55,8.0,6.0,0.77929908203125,True,RIVN,7.4,0.06081081081081071,0.04726817698497462,18917436294.0,6.081081081081071,-7504.0
BAC260618C00038000,38.0,-3528.0,空头平仓 Call，回补信号，看涨,1.2738237699185466,CALL,0.0,3528.0,5877648.0,1.5198846361665022e-05,5M-10M,2026-06-18,53.665000915527344,52.9900016784668,53.11000061035156,53.93999862670898,53.04999923706055,16.66,16.4,16.9,200.0,0.4555718505859375,True,BAC,14.75,0.12949152542372883,0.012738237699185466,386716719160.0,12.949152542372882,-3528.0
WULF260618C00015000,15.0,-10973.0,空头平仓 Call，回补信号，看涨,3.2008047365995265,CALL,0.0,10973.0,5870555.0,0.0013830765441740615,5M-10M,2026-06-18,15.3149995803833,14.84000015258789,15.130000114440918,16.1299991607666,15.130000114440918,5.35,5.1,5.5,75.0,1.1767619287109374,True,WULF,4.65,0.150537634408602,0.03200804736599527,4244562620.0,15.053763440860198,-10973.0
MRVL260116C00077500,77.5,-4044.0,空头平仓 Call，回补信号，看涨,1.2311922207312875,CALL,0.0,4044.0,5863800.0,8.178144927891169e-05,5M-10M,2026-01-16,88.80000305175781,87.72000122070312,85.8949966430664,89.41629791259766,84.54000091552734,14.5,14.95,16.0,1.0,0.708010732421875,True,MRVL,10.93,0.3266239707227814,0.012311922207312876,71700857000.0,32.66239707227814,-4044.0
SOFI251212C00029000,29.0,-36339.0,空头平仓 Call，回补信号，看涨,3.532471288511421,CALL,0.0,36339.0,5850579.0,0.00017461989117312533,5M-10M,2025-12-12,29.496400833129883,28.489999771118164,28.790000915527344,29.56999969482422,28.45499992370605,1.61,1.59,1.63,3114.0,0.5712933496093751,True,SOFI,1.27,0.26771653543307095,0.03532471288511421,33504653798.0,26.771653543307096,-36339.0
NVDA251219P00179000,179.0,-7487.0,空头平仓 Put，回补，看跌信号减弱,-1.8575921366021577,PUT,0.0,7487.0,5839860.0,1.3486921644880378e-06,5M-10M,2025-12-19,176.9114990234375,180.25999450683597,178.99000549316406,179.2899932861328,176.53140258789062,7.8,7.65,7.7,662.0,0.3777528045654296,True,NVDA,6.7,0.1641791044776119,-0.018575921366021576,4330017000000.0,16.417910447761187,-7487.0
BE251219C00110000,110.0,4864.0,多头买 Call，看涨,6.586512008866211,CALL,6080.0,1216.0,5836800.0,0.0003547185173072271,5M-10M,2025-12-19,107.80159759521484,101.13999938964844,104.1999969482422,108.91999816894533,102.55120086669922,12.0,11.3,12.3,125.0,1.21716700012207,False,BE,9.2,0.3043478260869566,0.0658651200886621,16454737250.0,30.43478260869566,4864.0
COIN251205C00270000,270.0,5450.0,多头买 Call，看涨,2.773901222649555,CALL,6704.0,1254.0,5820600.0,7.247096926680969e-05,5M-10M,2025-12-05,272.32000732421875,264.9700012207031,273.69000244140625,279.8599853515625,270.20001220703125,10.68,10.5,10.95,1973.0,0.5953409606933593,True,COIN,8.0,0.33499999999999996,0.027739012226495552,80316298497.0,33.5,5450.0
SOFI260320C00025000,25.0,-8371.0,空头平仓 Call，回补信号，看涨,3.532471288511421,CALL,0.0,8371.0,5817845.0,0.0001736428925687716,5M-10M,2026-03-20,29.496400833129883,28.489999771118164,28.790000915527344,29.56999969482422,28.45499992370605,6.95,6.85,7.1,246.0,0.7290066162109375,True,SOFI,6.5,0.06923076923076926,0.03532471288511421,33504653798.0,6.923076923076926,-8371.0
COIN260220P00270000,270.0,-1997.0,多头平仓 Put，减仓，看跌减弱,2.773901222649555,PUT,0.0,1997.0,5817261.0,7.242939613579538e-05,5M-10M,2026-02-20,272.32000732421875,264.9700012207031,273.69000244140625,279.8599853515625,270.20001220703125,29.13,28.65,29.7,67.0,0.5826457751464844,False,COIN,34.34,-0.15171811298776947,0.027739012226495552,80316298497.0,-15.171811298776946,-1997.0
MU251219P00250000,250.0,-2372.0,多头平仓 Put，减仓，看跌减弱,2.2192307531735946,PUT,0.0,2372.0,5799540.0,3.295103228607922e-05,5M-10M,2025-12-19,235.3699951171875,230.25999450683597,235.6150054931641,238.1000061035156,233.47999572753903,24.45,23.5,24.45,24.0,0.6563755065917969,True,MU,28.03,-0.12772029967891552,0.02219230753173595,176004804634.0,-12.772029967891552,-2372.0
COIN251219P00290000,290.0,-2234.0,多头平仓 Put，减仓，看跌减弱,2.773901222649555,PUT,0.0,2234.0,5792762.0,7.212436464830826e-05,5M-10M,2025-12-19,272.32000732421875,264.9700012207031,273.69000244140625,279.8599853515625,270.20001220703125,25.93,25.35,26.35,177.0,0.5603071313476562,True,COIN,33.05,-0.21543116490166409,0.027739012226495552,80316298497.0,-21.54311649016641,-2234.0
NVDA260515C00170000,170.0,-2175.0,多头平仓 Call，减仓，看涨减弱,-1.8575921366021577,CALL,0.0,2175.0,5787675.0,1.336640248756529e-06,5M-10M,2026-05-15,176.9114990234375,180.25999450683597,178.99000549316406,179.2899932861328,176.53140258789062,26.61,26.6,26.85,48.0,0.4959767199707031,True,NVDA,29.34,-0.09304703476482619,-0.018575921366021576,4330017000000.0,-9.304703476482619,-2175.0
NVDA260515C00185000,185.0,-2980.0,多头平仓 Call，减仓，看涨减弱,-1.8575921366021577,CALL,0.0,2980.0,5775239.999999999,1.3337684355511766e-06,5M-10M,2026-05-15,176.9114990234375,180.25999450683597,178.99000549316406,179.2899932861328,176.53140258789062,19.38,19.4,19.55,42.0,0.4781241152954102,False,NVDA,21.58,-0.10194624652455975,-0.018575921366021576,4330017000000.0,-10.194624652455975,-2980.0
LYFT260116C00018000,18.0,-16385.0,空头平仓 Call，回补信号，看涨,3.3645876124895584,CALL,0.0,16385.0,5767520.0,0.0006488469600988469,5M-10M,2026-01-16,20.83830070495605,20.15999984741211,20.25,21.15999984741211,20.149999618530277,3.52,3.4,3.55,43.0,0.5927775097656252,True,LYFT,3.2,0.09999999999999995,0.033645876124895585,8888875736.0,9.999999999999995,-16385.0
META251219P00640000,640.0,-3836.0,多头平仓 Put，减仓，看跌减弱,1.7029464989433647,PUT,0.0,3836.0,5754000.0,3.0796317266472143e-06,5M-10M,2025-12-19,644.4000244140625,633.6099853515625,636.0750122070312,646.25,635.5,15.0,14.85,15.05,491.0,0.272895454711914,False,META,21.15,-0.2907801418439716,0.017029464989433647,1868405222031.0,-29.078014184397162,-3836.0
SOUN260116C00012000,12.0,-37107.0,空头平仓 Call，回补信号，看涨,1.098137446579699,CALL,0.0,37107.0,5751585.0,0.0008850608081339953,5M-10M,2026-01-16,11.949799537658691,11.81999969482422,11.949999809265137,12.140000343322754,11.800000190734863,1.55,1.52,1.57,506.0,0.8916026464843749,False,SOUN,1.44,0.07638888888888896,0.010981374465796988,6498519590.0,7.638888888888896,-37107.0
PAAS260320C00040000,40.0,-6915.0,空头平仓 Call，回补信号，看涨,6.726935121395418,CALL,0.0,6915.0,5739450.000000001,0.00041354761122068475,5M-10M,2026-03-20,45.45500183105469,42.59000015258789,43.970001220703125,45.970001220703125,43.59999847412109,8.3,8.3,8.6,107.0,0.5600629931640625,True,PAAS,6.07,0.36738056013179576,0.06726935121395418,13878571280.0,36.73805601317957,-6915.0
META270115C00560000,560.0,-358.0,空头平仓 Call，回补信号，看涨,1.7029464989433647,CALL,0.0,358.0,5720840.0,3.0618839706417185e-06,5M-10M,2027-01-15,644.4000244140625,633.6099853515625,636.0750122070312,646.25,635.5,159.8,160.35,161.95,1.0,0.4539696937561034,True,META,152.0,0.05131578947368429,0.017029464989433647,1868405222031.0,5.131578947368428,-358.0
META251205C00620000,620.0,-2070.0,空头平仓 Call，回补信号，看涨,1.7029464989433647,CALL,0.0,2070.0,5713200.0,3.057794921911864e-06,5M-10M,2025-12-05,644.4000244140625,633.6099853515625,636.0750122070312,646.25,635.5,27.6,27.2,27.8,364.0,0.3159858441162109,True,META,19.37,0.42488384099122356,0.017029464989433647,1868405222031.0,42.48838409912236,-2070.0
JPM251219C00260000,260.0,-1098.0,空头平仓 Call，回补信号，看涨,1.6008931083288662,CALL,0.0,1098.0,5700816.0,6.559544289339678e-06,5M-10M,2025-12-19,312.56500244140625,307.6400146484375,309.1000061035156,313.7200012207031,308.239990234375,51.92,53.25,55.3,5.0,0.5610395458984375,True,JPM,48.15,0.07829698857736248,0.01600893108328866,869087203095.0,7.829698857736248,-1098.0
META251219C00675000,675.0,-7518.0,空头平仓 Call，回补信号，看涨,1.7029464989433647,CALL,0.0,7518.0,5698644.0,3.050004320693046e-06,5M-10M,2025-12-19,644.4000244140625,633.6099853515625,636.0750122070312,646.25,635.5,7.58,7.5,7.7,1432.0,0.2981027221679687,False,META,5.72,0.32517482517482527,0.017029464989433647,1868405222031.0,32.51748251748253,-7518.0
LYFT270115C00017000,17.0,-7483.0,空头平仓 Call，回补信号，看涨,3.3645876124895584,CALL,0.0,7483.0,5687080.0,0.0006397974467082819,5M-10M,2027-01-15,20.83830070495605,20.15999984741211,20.25,21.15999984741211,20.149999618530277,7.6,7.6,7.6,66.0,0.6982452050781252,True,LYFT,7.2,0.05555555555555548,0.033645876124895585,8888875736.0,5.555555555555548,-7483.0
META251219P00600000,600.0,-14868.0,多头平仓 Put，减仓，看跌减弱,1.7029464989433647,PUT,0.0,14868.0,5679575.999999999,3.039798825774083e-06,5M-10M,2025-12-19,644.4000244140625,633.6099853515625,636.0750122070312,646.25,635.5,3.82,3.8,3.85,804.0,0.2949289257812499,False,META,6.21,-0.3848631239935588,0.017029464989433647,1868405222031.0,-38.48631239935588,-14868.0
C251219C00090000,90.0,-3882.0,空头平仓 Call，回补信号，看涨,1.2975627620045593,CALL,0.0,3882.0,5644428.0,2.9647337839863973e-05,5M-10M,2025-12-19,103.83000183105467,102.5,102.8000030517578,104.37000274658205,102.51000213623048,14.54,14.4,14.9,23.0,0.5210008837890624,True,C,13.75,0.05745454545454539,0.012975627620045593,190385660611.0,5.745454545454539,-3882.0
META260116P00715000,715.0,-726.0,多头平仓 Put，减仓，看跌减弱,1.7029464989433647,PUT,0.0,726.0,5641745.999999999,3.0195516119716736e-06,5M-10M,2026-01-16,644.4000244140625,633.6099853515625,636.0750122070312,646.25,635.5,77.71,73.75,75.3,1.0,0.2609326837158203,True,META,84.15,-0.07653000594177078,0.017029464989433647,1868405222031.0,-7.653000594177079,-726.0
NVDA251205C00170000,170.0,6455.0,空头卖 Call，看跌/看不涨,-1.8575921366021577,CALL,6455.0,0.0,5628760.000000001,1.2999394690598214e-06,5M-10M,2025-12-05,176.9114990234375,180.25999450683597,178.99000549316406,179.2899932861328,176.53140258789062,8.72,8.7,8.75,2678.0,0.4399470068359374,True,NVDA,11.61,-0.24892334194659768,-0.018575921366021576,4330017000000.0,-24.892334194659767,6455.0
MSFT251219C00465000,465.0,-1879.0,空头平仓 Call，回补信号，看涨,1.093717313819516,CALL,0.0,1879.0,5627605.0,1.480260255598956e-06,5M-10M,2025-12-19,490.80999755859375,485.5,487.5950012207031,492.6300048828125,486.6499938964844,29.95,29.95,30.75,13.0,0.3064034204101562,True,MSFT,26.12,0.1466309341500765,0.01093717313819516,3801767276203.0,14.66309341500765,-1879.0
EQX260116C00012500,12.5,-30374.0,空头平仓 Call，回补信号，看涨,3.148149560998987,CALL,0.0,30374.0,5619190.0,0.0006848737640325654,5M-10M,2026-01-16,13.925000190734863,13.5,13.6899995803833,13.939900398254396,13.550000190734863,1.85,1.85,1.95,217.0,0.532231240234375,True,EQX,1.65,0.12121212121212133,0.03148149560998987,8204709094.0,12.121212121212132,-30374.0
BBAI270115C00007000,7.0,-21670.0,空头平仓 Call，回补信号，看涨,4.6495029051818815,CALL,0.0,21670.0,5612530.0,0.0022496620307206087,5M-10M,2027-01-15,6.299900054931641,6.019999980926514,6.070000171661377,6.440000057220459,6.039999961853027,2.59,2.44,2.59,178.0,1.0644578027343752,False,BBAI,2.3,0.12608695652173915,0.04649502905181881,2494832523.0,12.608695652173916,-21670.0
NVDA251128C00150000,150.0,-2076.0,多头平仓 Call，减仓，看涨减弱,-1.8575921366021577,CALL,0.0,2076.0,5605200.0,1.2944983818770226e-06,5M-10M,2025-11-28,176.9114990234375,180.25999450683597,178.99000549316406,179.2899932861328,176.53140258789062,27.0,27.2,27.3,691.0,1.95703146484375,True,NVDA,30.35,-0.11037891268533777,-0.018575921366021576,4330017000000.0,-11.037891268533777,-2076.0
JD260116P00030000,30.0,-38262.0,多头平仓 Put，减仓，看跌减弱,1.2746430966265279,PUT,0.0,38262.0,5586252.0,0.00011141606249298124,5M-10M,2026-01-16,29.795000076293945,29.420000076293945,29.850000381469727,29.989999771118164,29.7450008392334,1.46,1.42,1.48,620.0,0.3115303222656249,True,JD,1.66,-0.12048192771084336,0.01274643096626528,50138659319.0,-12.048192771084336,-38262.0
NVDA260618C00179000,179.0,-2250.0,多头平仓 Call，减仓，看涨减弱,-1.8575921366021577,CALL,0.0,2250.0,5580000.0,1.2886785432944028e-06,5M-10M,2026-06-18,176.9114990234375,180.25999450683597,178.99000549316406,179.2899932861328,176.53140258789062,24.8,24.9,25.05,26.0,0.4955494781494141,False,NVDA,27.35,-0.09323583180987205,-0.018575921366021576,4330017000000.0,-9.323583180987205,-2250.0
BMNR260116C00030000,30.0,-7489.0,空头平仓 Call，回补信号，看涨,1.4659723052255405,CALL,0.0,7489.0,5579305.0,0.025673225825717096,5M-10M,2026-01-16,32.205299377441406,31.739999771118164,33.79999923706055,35.20000076293945,32.130001068115234,7.45,7.05,7.5,560.0,1.3452181176757811,True,BMNR,6.0,0.2416666666666667,0.014659723052255404,217319983.0,24.16666666666667,-7489.0
BTG260116C00004000,4.0,-68813.0,空头平仓 Call，回补信号，看涨,3.2438476002768857,CALL,0.0,68813.0,5573853.000000001,0.0008563180515180996,5M-10M,2026-01-16,4.614999771118164,4.46999979019165,4.53000020980835,4.639999866485596,4.510000228881836,0.81,0.75,0.8,247.0,0.6210975390625001,True,BTG,0.68,0.19117647058823528,0.032438476002768855,6509092025.0,19.11764705882353,-68813.0
MSFT260320P00480000,480.0,-2565.0,多头平仓 Put，减仓，看跌减弱,1.093717313819516,PUT,0.0,2565.0,5553224.999999999,1.4606956703426257e-06,5M-10M,2026-03-20,490.80999755859375,485.5,487.5950012207031,492.6300048828125,486.6499938964844,21.65,20.4,20.7,1.0,0.2391128335571288,False,MSFT,23.1,-0.0627705627705629,0.01093717313819516,3801767276203.0,-6.277056277056289,-2565.0
META251219C00560000,560.0,-635.0,空头平仓 Call，回补信号，看涨,1.7029464989433647,CALL,0.0,635.0,5549265.0,2.9700543193557442e-06,5M-10M,2025-12-19,644.4000244140625,633.6099853515625,636.0750122070312,646.25,635.5,87.39,85.05,88.45,6.0,0.4802908416748046,True,META,76.52,0.14205436487192896,0.017029464989433647,1868405222031.0,14.205436487192896,-635.0
NVDA261218C00188000,188.0,-1736.0,多头平仓 Call，减仓，看涨减弱,-1.8575921366021577,CALL,0.0,1736.0,5548256.000000001,1.281347394248106e-06,5M-10M,2026-12-18,176.9114990234375,180.25999450683597,178.99000549316406,179.2899932861328,176.53140258789062,31.96,31.65,31.9,2.0,0.5006458627319336,False,NVDA,34.18,-0.06495026331187825,-0.018575921366021576,4330017000000.0,-6.495026331187825,-1736.0
PANW251219P00210000,210.0,-2752.0,多头平仓 Put，减仓，看跌减弱,2.2551888525144186,PUT,0.0,2752.0,5542528.0,4.094497102739622e-05,5M-10M,2025-12-19,189.52999877929688,185.3500061035156,187.1999969482422,190.9199981689453,186.9499969482422,20.14,18.95,22.4,4.0,0.4378718322753906,True,PANW,26.59,-0.24257239563745767,0.022551888525144188,135365293000.0,-24.257239563745767,-2752.0
IREN260116C00045000,45.0,-5904.0,多头平仓 Call，减仓，看涨减弱,-1.0319917278153312,CALL,0.0,5904.0,5532048.0,0.000485902302970188,5M-10M,2026-01-16,47.95000076293945,48.45000076293945,49.584999084472656,51.5,47.244998931884766,9.37,9.15,9.55,88.0,1.1435589697265625,True,IREN,10.04,-0.06673306772908366,-0.010319917278153313,11385103479.0,-6.673306772908366,-5904.0
CVE260116C00015000,15.0,-18553.0,空头平仓 Call，回补信号，看涨,1.5091190492974689,CALL,0.0,18553.0,5528794.0,0.00017069774631986616,5M-10M,2026-01-16,17.825000762939453,17.559999465942383,17.719999313354492,17.924999237060547,17.639999389648438,2.98,2.2,3.2,25.0,0.5546919531250001,True,CVE,2.58,0.15503875968992245,0.01509119049297469,32389379000.0,15.503875968992245,-18553.0
BA251219C00170000,170.0,-2679.0,空头平仓 Call，回补信号，看涨,1.0860254650024583,CALL,0.0,2679.0,5524098.0,3.3017644745071655e-05,5M-10M,2025-12-19,188.9499969482422,186.9199981689453,187.8699951171875,189.75,186.91000366210935,20.62,19.4,21.35,2.0,0.5017139672851563,True,BA,18.5,0.11459459459459465,0.010860254650024584,167307451596.0,11.459459459459465,-2679.0
JHX251219C00017500,17.5,-22049.0,空头平仓 Call，回补信号，看涨,1.4095316007386367,CALL,0.0,22049.0,5512250.0,0.0006832493786199697,5M-10M,2025-12-19,19.78499984741211,19.51000022888184,19.6299991607666,19.899999618530277,19.55500030517578,2.5,2.4,2.6,24.0,0.5214891601562499,True,JHX,2.05,0.21951219512195133,0.014095316007386368,8067698519.0,21.951219512195134,-22049.0
BE251219C00095000,95.0,-2804.0,空头平仓 Call，回补信号，看涨,6.586512008866211,CALL,0.0,2804.0,5495840.0,0.0003339974328669393,5M-10M,2025-12-19,107.80159759521484,101.13999938964844,104.1999969482422,108.91999816894533,102.55120086669922,19.6,18.9,20.2,2037.0,1.2326698522949218,True,BE,15.8,0.24050632911392408,0.0658651200886621,16454737250.0,24.05063291139241,-2804.0
CIFR260320C00020000,20.0,-9311.0,空头平仓 Call，回补信号，看涨,6.997389970134785,CALL,0.0,9311.0,5493490.0,0.0012178116615006592,5M-10M,2026-03-20,20.489999771118164,19.149999618530277,19.549999237060547,21.155000686645508,19.459999084472656,5.9,5.7,6.0,393.0,1.270999738769531,True,CIFR,4.95,0.19191919191919196,0.06997389970134785,4510952041.0,19.191919191919197,-9311.0
META260618C00670000,670.0,-817.0,空头平仓 Call，回补信号，看涨,1.7029464989433647,CALL,0.0,817.0,5479618.999999999,2.9327786795861798e-06,5M-10M,2026-06-18,644.4000244140625,633.6099853515625,636.0750122070312,646.25,635.5,67.07,66.85,67.4,238.0,0.4084684397888183,False,META,61.62,0.08844530996429724,0.017029464989433647,1868405222031.0,8.844530996429723,-817.0
AMD260515C00180000,180.0,-1016.0,空头平仓 Call，回补信号，看涨,1.1435758427108205,CALL,0.0,1016.0,5476240.0,2.1161869039967683e-05,5M-10M,2026-05-15,216.69000244140625,214.2400054931641,216.3950042724609,218.3000030517578,214.03219604492188,53.9,53.75,55.35,1.0,0.619388571777344,True,AMD,49.07,0.09843081312410838,0.011435758427108204,258778654648.0,9.843081312410838,-1016.0
QS260116C00010000,10.0,-18246.0,空头平仓 Call，回补信号，看涨,1.5314604369628229,CALL,0.0,18246.0,5473800.0,0.0007638741314313424,5M-10M,2026-01-16,12.265000343322754,12.079999923706056,12.210000038146973,12.5,12.031999588012695,3.0,2.98,3.15,36.0,1.0429735351562504,True,QS,2.66,0.1278195488721804,0.015314604369628228,7165840254.0,12.781954887218038,-18246.0
MU251219C00280000,280.0,-12438.0,空头平仓 Call，回补信号，看涨,2.2192307531735946,CALL,0.0,12438.0,5472720.0,3.10941511590008e-05,5M-10M,2025-12-19,235.3699951171875,230.25999450683597,235.6150054931641,238.1000061035156,233.47999572753903,4.4,4.4,4.65,180.0,0.7594018200683594,False,MU,4.08,0.07843137254901968,0.02219230753173595,176004804634.0,7.843137254901968,-12438.0
INTC260918C00030000,30.0,-4051.0,空头平仓 Call，回补信号，看涨,8.951366601513174,CALL,0.0,4051.0,5468850.0,3.5195821950207066e-05,5M-10M,2026-09-18,40.10499954223633,36.810001373291016,37.369998931884766,40.18999862670898,37.35499954223633,13.5,13.05,13.55,101.0,0.5788616333007812,True,INTC,11.06,0.22061482820976486,0.08951366601513173,155383500000.0,22.061482820976487,-4051.0
BE260618C00100000,100.0,-1366.0,空头平仓 Call，回补信号，看涨,6.586512008866211,CALL,0.0,1366.0,5464000.0,0.00033206242779719865,5M-10M,2026-06-18,107.80159759521484,101.13999938964844,104.1999969482422,108.91999816894533,102.55120086669922,40.0,39.0,40.2,6.0,1.1917765020751954,True,BE,35.15,0.13798008534850645,0.0658651200886621,16454737250.0,13.798008534850645,-1366.0
META260417C00670000,670.0,-1083.0,空头平仓 Call，回补信号，看涨,1.7029464989433647,CALL,0.0,1083.0,5463735.000000001,2.9242773117818593e-06,5M-10M,2026-04-17,644.4000244140625,633.6099853515625,636.0750122070312,646.25,635.5,50.45,50.35,50.7,80.0,0.3855957437133788,False,META,45.8,0.10152838427947611,0.017029464989433647,1868405222031.0,10.15283842794761,-1083.0
LULU251128C00165000,165.0,-2561.0,空头平仓 Call，回补信号，看涨,1.8426367160308543,CALL,0.0,2561.0,5454930.0,0.0002726861973971519,5M-10M,2025-11-28,185.29249572753903,181.94000244140625,184.72000122070312,186.69000244140625,183.5,21.3,19.95,20.5,134.0,1.2578162109375,True,LULU,17.82,0.1952861952861953,0.018426367160308543,20004422857.0,19.528619528619533,-2561.0
META260417P00650000,650.0,-995.0,多头平仓 Put，减仓，看跌减弱,1.7029464989433647,PUT,0.0,995.0,5442650.0,2.912992286589583e-06,5M-10M,2026-04-17,644.4000244140625,633.6099853515625,636.0750122070312,646.25,635.5,54.7,54.25,54.7,9.0,0.3236456796264647,True,META,60.05,-0.0890924229808492,0.017029464989433647,1868405222031.0,-8.90924229808492,-995.0
UPST270115P00045000,45.0,-3748.0,多头平仓 Put，减仓，看跌减弱,5.991441691592348,PUT,0.0,3748.0,5438348.0,0.0009855494310407006,5M-10M,2027-01-15,44.58000183105469,42.060001373291016,44.09170150756836,44.88999938964844,43.29999923706055,14.51,13.35,14.9,2.0,0.750856983642578,True,UPST,16.63,-0.12748045700541186,0.059914416915923474,5518087504.0,-12.748045700541185,-3748.0
META260821C00660000,660.0,-642.0,空头平仓 Call，回补信号，看涨,1.7029464989433647,CALL,0.0,642.0,5431320.0,2.9069282915491042e-06,5M-10M,2026-08-21,644.4000244140625,633.6099853515625,636.0750122070312,646.25,635.5,84.6,84.95,85.55,14.0,0.4208431939697266,False,META,79.2,0.06818181818181807,0.017029464989433647,1868405222031.0,6.818181818181807,-642.0
XOM260116C00110000,110.0,-6660.0,空头平仓 Call，回补信号，看涨,1.1370570213000302,CALL,0.0,6660.0,5421240.0,1.084816843668268e-05,5M-10M,2026-01-16,116.0749969482422,114.7699966430664,114.9499969482422,116.36000061035156,114.83499908447266,8.14,7.7,8.95,10.0,0.3222724023437499,True,XOM,7.55,0.07814569536423852,0.011370570213000301,499737815802.0,7.814569536423852,-6660.0
UBER270115C00100000,100.0,-4926.0,空头平仓 Call，回补信号，看涨,1.914545084678616,CALL,0.0,4926.0,5418600.0,2.639235314170794e-05,5M-10M,2027-01-15,87.30000305175781,85.66000366210938,86.51000213623047,87.55500030517578,86.23999786376953,11.0,10.95,11.2,5.0,0.4262447512817383,False,UBER,10.3,0.06796116504854362,0.01914545084678616,205309468652.0,6.7961165048543615,-4926.0
INTC280121C00035000,35.0,-3539.0,空头平仓 Call，回补信号，看涨,8.951366601513174,CALL,0.0,3539.0,5414670.0,3.4847136278948535e-05,5M-10M,2028-01-21,40.10499954223633,36.810001373291016,37.369998931884766,40.18999862670898,37.35499954223633,15.3,15.1,15.85,22.0,0.6007730352783205,True,INTC,13.0,0.176923076923077,0.08951366601513173,155383500000.0,17.6923076923077,-3539.0
MSFT251128C00475000,475.0,-3221.0,空头平仓 Call，回补信号，看涨,1.093717313819516,CALL,0.0,3221.0,5411280.0,1.4233590871991761e-06,5M-10M,2025-11-28,490.80999755859375,485.5,487.5950012207031,492.6300048828125,486.6499938964844,16.8,16.65,17.1,183.0,0.5903361279296876,True,MSFT,11.2,0.5000000000000001,0.01093717313819516,3801767276203.0,50.000000000000014,-3221.0
APP260220P00600000,600.0,-712.0,多头平仓 Put，减仓，看跌减弱,1.7650929740818393,PUT,0.0,712.0,5411200.0,2.3882063345832465e-05,5M-10M,2026-02-20,596.719970703125,586.3699951171875,589.7899780273438,597.1900024414062,583.4000244140625,76.0,73.2,77.5,1.0,0.6423985955810547,True,APP,81.2,-0.0640394088669951,0.017650929740818392,226580087392.0,-6.403940886699511,-712.0
JPM260618C00290000,290.0,-1368.0,空头平仓 Call，回补信号，看涨,1.6008931083288662,CALL,0.0,1368.0,5410439.999999999,6.2254282202433755e-06,5M-10M,2026-06-18,312.56500244140625,307.6400146484375,309.1000061035156,313.7200012207031,308.239990234375,39.55,39.5,40.3,25.0,0.3077766976928711,True,JPM,34.0,0.16323529411764698,0.01600893108328866,869087203095.0,16.3235294117647,-1368.0
ORCL260515P00210000,210.0,-1669.0,空头平仓 Put，回补，看跌信号减弱,-2.07114082597721,PUT,0.0,1669.0,5407560.0,6.713193991830906e-06,5M-10M,2026-05-15,200.71499633789065,204.9600067138672,199.50999450683597,202.33990478515625,197.6100006103516,32.4,31.75,32.4,21.0,0.4962208581542969,True,ORCL,30.25,0.0710743801652892,-0.0207114082597721,805512250440.0,7.107438016528921,-1669.0
MU251219P00220000,220.0,-5841.0,多头平仓 Put，减仓，看跌减弱,2.2192307531735946,PUT,0.0,5841.0,5402925.0,3.069759948448749e-05,5M-10M,2025-12-19,235.3699951171875,230.25999450683597,235.6150054931641,238.1000061035156,233.47999572753903,9.25,9.0,9.55,120.0,0.70898728515625,False,MU,11.8,-0.21610169491525427,0.02219230753173595,176004804634.0,-21.610169491525426,-5841.0
INTC260116C00032000,32.0,-6369.0,空头平仓 Call，回补信号，看涨,8.951366601513174,CALL,0.0,6369.0,5394543.000000001,3.471760515112609e-05,5M-10M,2026-01-16,40.10499954223633,36.810001373291016,37.369998931884766,40.18999862670898,37.35499954223633,8.47,8.35,8.65,65.0,0.5185595019531251,True,INTC,5.7,0.4859649122807018,0.08951366601513173,155383500000.0,48.596491228070185,-6369.0
JPM260116C00310000,310.0,-3968.0,空头平仓 Call，回补信号，看涨,1.6008931083288662,CALL,0.0,3968.0,5364736.0,6.172839711475513e-06,5M-10M,2026-01-16,312.56500244140625,307.6400146484375,309.1000061035156,313.7200012207031,308.239990234375,13.52,13.3,13.65,137.0,0.2674328628540039,True,JPM,10.98,0.2313296903460837,0.01600893108328866,869087203095.0,23.13296903460837,-3968.0
NVDA251219C00162000,162.0,-3033.0,多头平仓 Call，减仓，看涨减弱,-1.8575921366021577,CALL,0.0,3033.0,5338080.0,1.232808092901252e-06,5M-10M,2025-12-19,176.9114990234375,180.25999450683597,178.99000549316406,179.2899932861328,176.53140258789062,17.6,17.65,17.8,63.0,0.5031787963867188,True,NVDA,20.6,-0.14563106796116504,-0.018575921366021576,4330017000000.0,-14.563106796116504,-3033.0
OKLO260116P00115000,115.0,-1934.0,多头平仓 Put，减仓，看跌减弱,3.8660958723875427,PUT,0.0,1934.0,5335906.0,0.00032705032976143534,5M-10M,2026-01-16,92.1500015258789,88.72000122070312,90.0,94.50499725341795,89.01000213623047,27.59,27.15,27.75,29.0,0.8532729516601563,True,OKLO,31.27,-0.11768468180364566,0.03866095872387543,16315244213.0,-11.768468180364566,-1934.0
IBM260320C00300000,300.0,-1976.0,空头平仓 Call，回补信号，看涨,1.4428944043053327,CALL,0.0,1976.0,5327296.0,2.0115130867710545e-05,5M-10M,2026-03-20,307.5849914550781,303.2099914550781,304.0599975585937,309.1300048828125,303.6000061035156,26.96,26.0,26.5,12.0,0.3339300006103516,True,IBM,23.9,0.12803347280334737,0.014428944043053327,264840235693.0,12.803347280334737,-1976.0
B251219C00040000,40.0,-20961.0,空头平仓 Call，回补信号，看涨,1.5666230182633518,CALL,0.0,20961.0,5324094.0,9.051092670556316e-05,5M-10M,2025-12-19,41.62200164794922,40.97999954223633,40.97999954223633,41.720001220703125,40.70000076293945,2.54,2.55,2.6,331.0,0.4165097412109374,True,B,2.2,0.15454545454545446,0.01566623018263352,58822665879.0,15.454545454545446,-20961.0
AMZN270115P00175000,175.0,-5633.0,多头平仓 Put，减仓，看跌减弱,1.2654886760956519,PUT,0.0,5633.0,5306286.0,2.2638372659830412e-06,5M-10M,2027-01-15,232.05999755859372,229.16000366210935,231.34500122070312,232.8800048828125,230.22999572753903,9.42,9.3,9.45,5.0,0.3471439797973632,False,AMZN,9.97,-0.055165496489468474,0.012654886760956519,2343934380679.0,-5.516549648946848,-5633.0
MU260116P00240000,240.0,-2218.0,多头平仓 Put，减仓，看跌减弱,2.2192307531735946,PUT,0.0,2218.0,5301020.0,3.011860960854683e-05,5M-10M,2026-01-16,235.3699951171875,230.25999450683597,235.6150054931641,238.1000061035156,233.47999572753903,23.9,23.85,24.2,407.0,0.6177711563110352,True,MU,25.92,-0.07793209876543221,0.02219230753173595,176004804634.0,-7.793209876543221,-2218.0
XOM260116C00105000,105.0,-4197.0,空头平仓 Call，回补信号，看涨,1.1370570213000302,CALL,0.0,4197.0,5288220.0,1.0581988860525283e-05,5M-10M,2026-01-16,116.0749969482422,114.7699966430664,114.9499969482422,116.36000061035156,114.83499908447266,12.6,12.3,12.95,6.0,0.356329678955078,True,XOM,11.5,0.09565217391304345,0.011370570213000301,499737815802.0,9.565217391304346,-4197.0
META251219P00710000,710.0,-773.0,多头平仓 Put，减仓，看跌减弱,1.7029464989433647,PUT,0.0,773.0,5285001.0,2.828616050566954e-06,5M-10M,2025-12-19,644.4000244140625,633.6099853515625,636.0750122070312,646.25,635.5,68.37,65.1,67.0,1.0,0.2688671746826171,True,META,76.18,-0.10252034654765033,0.017029464989433647,1868405222031.0,-10.252034654765033,-773.0
B260116C00034000,34.0,-6604.0,空头平仓 Call，回补信号，看涨,1.5666230182633518,CALL,0.0,6604.0,5283200.0,8.981571849986707e-05,5M-10M,2026-01-16,41.62200164794922,40.97999954223633,40.97999954223633,41.720001220703125,40.70000076293945,8.0,7.65,8.0,34.0,0.463872548828125,True,B,7.45,0.07382550335570467,0.01566623018263352,58822665879.0,7.382550335570468,-6604.0
INTC260116C00034000,34.0,-7710.0,空头平仓 Call，回补信号，看涨,8.951366601513174,CALL,0.0,7710.0,5281350.0,3.398913011999344e-05,5M-10M,2026-01-16,40.10499954223633,36.810001373291016,37.369998931884766,40.18999862670898,37.35499954223633,6.85,6.95,7.2,105.0,0.5737347314453125,True,INTC,4.45,0.5393258426966291,0.08951366601513173,155383500000.0,53.93258426966291,-7710.0
NVDA260821C00200000,200.0,-2601.0,多头平仓 Call，减仓，看涨减弱,-1.8575921366021577,CALL,0.0,2601.0,5274828.000000001,1.2182002980588763e-06,5M-10M,2026-08-21,176.9114990234375,180.25999450683597,178.99000549316406,179.2899932861328,176.53140258789062,20.28,20.25,20.4,31.0,0.479375323486328,False,NVDA,22.21,-0.0868977937865826,-0.018575921366021576,4330017000000.0,-8.68977937865826,-2601.0
ORCL260417P00210000,210.0,-1620.0,空头平仓 Put，回补，看跌信号减弱,-2.07114082597721,PUT,0.0,1620.0,5265000.0,6.536213443214633e-06,5M-10M,2026-04-17,200.71499633789065,204.9600067138672,199.50999450683597,202.33990478515625,197.6100006103516,32.5,30.15,30.55,27.0,0.5020191400146485,True,ORCL,28.98,0.1214630779848171,-0.0207114082597721,805512250440.0,12.146307798481711,-1620.0
COIN260320C00300000,300.0,-1796.0,空头平仓 Call，回补信号，看涨,2.773901222649555,CALL,0.0,1796.0,5262280.0,6.551945369091628e-05,5M-10M,2026-03-20,272.32000732421875,264.9700012207031,273.69000244140625,279.8599853515625,270.20001220703125,29.3,28.85,29.85,127.0,0.6614108566284181,False,COIN,25.85,0.13346228239845256,0.027739012226495552,80316298497.0,13.346228239845257,-1796.0
MU260220C00210000,210.0,-1176.0,空头平仓 Call，回补信号，看涨,2.2192307531735946,CALL,0.0,1176.0,5261424.000000001,2.9893638477319256e-05,5M-10M,2026-02-20,235.3699951171875,230.25999450683597,235.6150054931641,238.1000061035156,233.47999572753903,44.74,43.25,45.85,14.0,0.7081938360595703,True,MU,42.53,0.051963320009405144,0.02219230753173595,176004804634.0,5.196332000940514,-1176.0
NVDA260116C00176000,176.0,-4473.0,多头平仓 Call，减仓，看涨减弱,-1.8575921366021577,CALL,0.0,4473.0,5260248.0,1.2148331057360745e-06,5M-10M,2026-01-16,176.9114990234375,180.25999450683597,178.99000549316406,179.2899932861328,176.53140258789062,11.76,11.7,11.8,65.0,0.4361628649902344,True,NVDA,14.1,-0.16595744680851063,-0.018575921366021576,4330017000000.0,-16.595744680851062,-4473.0
ET270115C00013000,13.0,-13475.0,空头平仓 Call，回补信号，看涨,1.2550191245653033,CALL,0.0,13475.0,5255250.0,8.768304597782298e-05,5M-10M,2027-01-15,16.636199951171875,16.43000030517578,16.469999313354492,16.670000076293945,16.43000030517578,3.9,3.8,3.95,16.0,0.2348709326171875,True,ET,3.6,0.08333333333333329,0.012550191245653033,59934619531.0,8.333333333333329,-13475.0
AMD260717P00200000,200.0,-2036.0,多头平仓 Put，减仓，看跌减弱,1.1435758427108205,PUT,0.0,2036.0,5254916.0,2.030660529999248e-05,5M-10M,2026-07-17,216.69000244140625,214.2400054931641,216.3950042724609,218.3000030517578,214.03219604492188,25.81,25.65,25.9,3.0,0.5086108709716797,False,AMD,31.05,-0.1687600644122384,0.011435758427108204,258778654648.0,-16.87600644122384,-2036.0
NVDA260220C00165000,165.0,-2377.0,多头平仓 Call，减仓，看涨减弱,-1.8575921366021577,CALL,0.0,2377.0,5253170.0,1.2131984701214798e-06,5M-10M,2026-02-20,176.9114990234375,180.25999450683597,178.99000549316406,179.2899932861328,176.53140258789062,22.1,22.0,22.2,34.0,0.4733329034423829,True,NVDA,25.0,-0.11599999999999994,-0.018575921366021576,4330017000000.0,-11.599999999999994,-2377.0
META271217P00750000,750.0,-290.0,多头平仓 Put，减仓，看跌减弱,1.7029464989433647,PUT,0.0,290.0,5251900.0,2.8108998722937964e-06,5M-10M,2027-12-17,644.4000244140625,633.6099853515625,636.0750122070312,646.25,635.5,181.1,177.8,179.7,1.0,0.303092296295166,True,META,211.75,-0.14474616292798115,0.017029464989433647,1868405222031.0,-14.474616292798114,-290.0
DKNG260116P00035000,35.0,-16361.0,多头平仓 Put，减仓，看跌减弱,3.354031027230422,PUT,0.0,16361.0,5251881.0,0.0002499632399475869,5M-10M,2026-01-16,33.279998779296875,32.20000076293945,32.29499816894531,33.435001373291016,32.25,3.21,3.15,3.3,75.0,0.46680220703125,True,DKNG,3.61,-0.11080332409972297,0.03354031027230422,21010613405.0,-11.080332409972298,-16361.0
MSFT260515P00470000,470.0,-2278.0,多头平仓 Put，减仓，看跌减弱,1.093717313819516,PUT,0.0,2278.0,5250790.0,1.3811445095198478e-06,5M-10M,2026-05-15,490.80999755859375,485.5,487.5950012207031,492.6300048828125,486.6499938964844,23.05,22.65,23.0,6.0,0.2483748258972168,False,MSFT,24.4,-0.05532786885245893,0.01093717313819516,3801767276203.0,-5.532786885245893,-2278.0
QCOM260116C00150000,150.0,-2609.0,空头平仓 Call，回补信号，看涨,1.2534863339405495,CALL,0.0,2609.0,5231045.0,2.8652772574202976e-05,5M-10M,2026-01-16,167.2100067138672,165.13999938964844,165.02999877929688,167.7899932861328,164.1300048828125,20.05,19.1,20.05,28.0,0.3818421191406249,True,QCOM,18.52,0.08261339092872577,0.012534863339405495,182566800000.0,8.261339092872577,-2609.0
BE260116C00080000,80.0,-1668.0,空头平仓 Call，回补信号，看涨,6.586512008866211,CALL,0.0,1668.0,5230848.0,0.0003178931343920426,5M-10M,2026-01-16,107.80159759521484,101.13999938964844,104.1999969482422,108.91999816894533,102.55120086669922,31.36,32.6,35.5,2.0,1.2231484155273438,True,BE,27.2,0.15294117647058825,0.0658651200886621,16454737250.0,15.294117647058824,-1668.0
ORCL260116C00195000,195.0,-2492.0,多头平仓 Call，减仓，看涨减弱,-2.07114082597721,CALL,0.0,2492.0,5230707.999999999,6.493641775333394e-06,5M-10M,2026-01-16,200.71499633789065,204.9600067138672,199.50999450683597,202.33990478515625,197.6100006103516,20.99,20.75,21.05,62.0,0.612979944458008,True,ORCL,24.15,-0.1308488612836439,-0.0207114082597721,805512250440.0,-13.08488612836439,-2492.0
XYZ260116P00077500,77.5,-4670.0,多头平仓 Put，减仓，看跌减弱,2.6157220671236563,PUT,0.0,4670.0,5230400.0,0.00011646908779119539,5M-10M,2026-01-16,66.73100280761719,65.02999877929688,65.7300033569336,67.4800033569336,65.5,11.2,11.15,11.35,2.0,0.3515689843749999,True,XYZ,13.0,-0.13846153846153852,0.02615722067123656,44908053280.0,-13.846153846153852,-4670.0
COIN260618P00270000,270.0,-1142.0,多头平仓 Put，减仓，看跌减弱,2.773901222649555,PUT,0.0,1142.0,5230360.0,6.512202501706881e-05,5M-10M,2026-06-18,272.32000732421875,264.9700012207031,273.69000244140625,279.8599853515625,270.20001220703125,45.8,45.45,46.5,1.0,0.5888560401916505,False,COIN,49.75,-0.07939698492462317,0.027739012226495552,80316298497.0,-7.939698492462317,-1142.0
CRM251219P00240000,240.0,-3418.0,多头平仓 Put，减仓，看跌减弱,1.4288888243863227,PUT,0.0,3418.0,5229540.0,2.256588869783628e-05,5M-10M,2025-12-19,231.41000366210935,228.1499938964844,229.0,232.55999755859372,228.625,15.3,15.6,15.9,23.0,0.4802908416748046,True,CRM,18.42,-0.16938110749185672,0.014288888243863228,231745360000.0,-16.93811074918567,-3418.0
NVDA260515C00220000,220.0,-6107.0,多头平仓 Call，减仓，看涨减弱,-1.8575921366021577,CALL,0.0,6107.0,5221485.000000001,1.2058809468877376e-06,5M-10M,2026-05-15,176.9114990234375,180.25999450683597,178.99000549316406,179.2899932861328,176.53140258789062,8.55,8.5,8.65,225.0,0.4561211614990235,False,NVDA,9.85,-0.13197969543147198,-0.018575921366021576,4330017000000.0,-13.197969543147197,-6107.0
ORCL260320P00195000,195.0,-2508.0,空头平仓 Put，回补，看跌信号减弱,-2.07114082597721,PUT,0.0,2508.0,5214132.0,6.47306356564019e-06,5M-10M,2026-03-20,200.71499633789065,204.9600067138672,199.50999450683597,202.33990478515625,197.6100006103516,20.79,20.3,20.6,24.0,0.5305833074951172,False,ORCL,19.69,0.05586592178770938,-0.0207114082597721,805512250440.0,5.586592178770938,-2508.0
DKNG260116C00032000,32.0,-16812.0,空头平仓 Call，回补信号，看涨,3.354031027230422,CALL,0.0,16812.0,5211720.0,0.0002480517774297699,5M-10M,2026-01-16,33.279998779296875,32.20000076293945,32.29499816894531,33.435001373291016,32.25,3.1,3.1,3.2,351.0,0.508793974609375,True,DKNG,2.75,0.12727272727272732,0.03354031027230422,21010613405.0,12.727272727272732,-16812.0
OSCR260116C00015000,15.0,-13692.0,多头平仓 Call，减仓，看涨减弱,-1.2042974161517561,CALL,0.0,13692.0,5202960.0,0.001092453301451173,5M-10M,2026-01-16,17.941299438476562,18.15999984741211,18.200000762939453,18.23500061035156,17.829999923706055,3.8,3.7,4.0,107.0,0.84961087890625,True,OSCR,4.1,-0.07317073170731704,-0.012042974161517561,4762638360.0,-7.317073170731704,-13692.0
PYPL280121C00070000,70.0,-3581.0,空头平仓 Call，回补信号，看涨,1.3989937540889383,CALL,0.0,3581.0,5160221.0,8.025605667414805e-05,5M-10M,2028-01-21,62.69499969482422,61.83000183105469,62.22999954223633,63.05500030517578,62.130001068115234,14.41,13.85,14.25,52.0,0.4642387561035156,False,PYPL,13.59,0.0603384841795438,0.013989937540889383,64296966657.0,6.03384841795438,-3581.0
PYPL260618P00060000,60.0,-9554.0,多头平仓 Put，减仓，看跌减弱,1.3989937540889383,PUT,0.0,9554.0,5159160.000000001,8.023955511808463e-05,5M-10M,2026-06-18,62.69499969482422,61.83000183105469,62.22999954223633,63.05500030517578,62.130001068115234,5.4,5.2,5.5,1.0,0.3715883154296875,False,PYPL,5.75,-0.060869565217391244,0.013989937540889383,64296966657.0,-6.086956521739125,-9554.0
MSFT260320C00530000,530.0,-3357.0,空头平仓 Call，回补信号，看涨,1.093717313819516,CALL,0.0,3357.0,5142924.0,1.3527719153647077e-06,5M-10M,2026-03-20,490.80999755859375,485.5,487.5950012207031,492.6300048828125,486.6499938964844,15.32,15.15,15.4,42.0,0.2753826124572753,False,MSFT,13.53,0.13229859571322994,0.01093717313819516,3801767276203.0,13.229859571322994,-3357.0
NVDA260515P00195000,195.0,-1718.0,空头平仓 Put，回补，看跌信号减弱,-1.8575921366021577,PUT,0.0,1718.0,5135102.0,1.1859311406860527e-06,5M-10M,2026-05-15,176.9114990234375,180.25999450683597,178.99000549316406,179.2899932861328,176.53140258789062,29.89,29.65,29.8,29.0,0.3862060891723632,True,NVDA,28.36,0.05394922425952049,-0.018575921366021576,4330017000000.0,5.394922425952049,-1718.0
NVO260618C00050000,50.0,-7660.0,空头平仓 Call，回补信号，看涨,1.4268111432705237,CALL,0.0,7660.0,5132200.0,2.0669463970102133e-05,5M-10M,2026-06-18,49.40499877929688,48.709999084472656,49.130001068115234,49.70500183105469,48.34999847412109,6.7,6.5,6.65,140.0,0.4719291088867187,False,NVO,6.35,0.05511811023622056,0.014268111432705236,248298650000.0,5.511811023622056,-7660.0
COIN251219C00250000,250.0,-1660.0,空头平仓 Call，回补信号，看涨,2.773901222649555,CALL,0.0,1660.0,5122760.0,6.378232184332233e-05,5M-10M,2025-12-19,272.32000732421875,264.9700012207031,273.69000244140625,279.8599853515625,270.20001220703125,30.86,29.5,31.8,149.0,0.6757844921875001,True,COIN,24.5,0.2595918367346939,0.027739012226495552,80316298497.0,25.95918367346939,-1660.0
C260116C00105000,105.0,-11233.0,空头平仓 Call，回补信号，看涨,1.2975627620045593,CALL,0.0,11233.0,5111015.0,2.684558796916399e-05,5M-10M,2026-01-16,103.83000183105467,102.5,102.8000030517578,104.37000274658205,102.51000213623048,4.55,4.3,4.55,676.0,0.3317937915039062,False,C,3.9,0.16666666666666666,0.012975627620045593,190385660611.0,16.666666666666664,-11233.0
META260320P00625000,625.0,-1309.0,多头平仓 Put，减仓，看跌减弱,1.7029464989433647,PUT,0.0,1309.0,5105100.0,2.732330192510722e-06,5M-10M,2026-03-20,644.4000244140625,633.6099853515625,636.0750122070312,646.25,635.5,39.0,37.95,38.25,1.0,0.3363408651733398,False,META,41.61,-0.06272530641672673,0.017029464989433647,1868405222031.0,-6.272530641672673,-1309.0
BA251219P00200000,200.0,-4227.0,多头平仓 Put，减仓，看跌减弱,1.0860254650024583,PUT,0.0,4227.0,5101989.0,3.049469077037797e-05,5M-10M,2025-12-19,188.9499969482422,186.9199981689453,187.8699951171875,189.75,186.91000366210935,12.07,11.65,12.25,46.0,0.2553785400390626,True,BA,14.07,-0.1421464108031272,0.010860254650024584,167307451596.0,-14.21464108031272,-4227.0
META260515C00550000,550.0,-393.0,空头平仓 Call，回补信号，看涨,1.7029464989433647,CALL,0.0,393.0,5090529.0,2.724531563054869e-06,5M-10M,2026-05-15,644.4000244140625,633.6099853515625,636.0750122070312,646.25,635.5,129.53,129.25,130.55,6.0,0.4591271128845215,True,META,122.85,0.054375254375254437,0.017029464989433647,1868405222031.0,5.437525437525443,-393.0
NVDA260116P00166000,166.0,-8776.0,空头平仓 Put，回补，看跌信号减弱,-1.8575921366021577,PUT,0.0,8776.0,5090080.0,1.1755334909770563e-06,5M-10M,2026-01-16,176.9114990234375,180.25999450683597,178.99000549316406,179.2899932861328,176.53140258789062,5.8,5.6,5.7,71.0,0.4048521429443359,False,NVDA,5.15,0.1262135922330096,-0.018575921366021576,4330017000000.0,12.62135922330096,-8776.0
CORZ260116C00017000,17.0,-23886.0,空头平仓 Call，回补信号，看涨,3.028428688974865,CALL,0.0,23886.0,5087718.0,0.0009886489026739058,5M-10M,2026-01-16,16.670000076293945,16.18000030517578,16.350000381469727,16.905000686645508,16.28030014038086,2.13,2.07,2.17,1529.0,0.920899228515625,False,CORZ,2.0,0.06499999999999995,0.03028428688974865,5146132248.0,6.499999999999995,-23886.0
SOFI251219C00030000,30.0,-33916.0,空头平仓 Call，回补信号，看涨,3.532471288511421,CALL,0.0,33916.0,5087400.0,0.0001518415928328047,5M-10M,2025-12-19,29.496400833129883,28.489999771118164,28.790000915527344,29.56999969482422,28.45499992370605,1.5,1.48,1.5,3041.0,0.59570716796875,False,SOFI,1.21,0.23966942148760334,0.03532471288511421,33504653798.0,23.966942148760335,-33916.0
C270115P00080000,80.0,-11822.0,多头平仓 Put，减仓，看跌减弱,1.2975627620045593,PUT,0.0,11822.0,5083460.0,2.670085543042358e-05,5M-10M,2027-01-15,103.83000183105467,102.5,102.8000030517578,104.37000274658205,102.51000213623048,4.3,4.15,4.35,2.0,0.334418276977539,False,C,4.6,-0.0652173913043478,0.012975627620045593,190385660611.0,-6.52173913043478,-11822.0
BE270115P00095000,95.0,-1423.0,多头平仓 Put，减仓，看跌减弱,6.586512008866211,PUT,0.0,1423.0,5082956.0,0.0003089053275524044,5M-10M,2027-01-15,107.80159759521484,101.13999938964844,104.1999969482422,108.91999816894533,102.55120086669922,35.72,34.0,36.5,1.0,1.0062915896606444,False,BE,39.55,-0.09683944374209857,0.0658651200886621,16454737250.0,-9.683944374209858,-1423.0
LULU260618P00200000,200.0,-1450.0,多头平仓 Put，减仓，看跌减弱,1.8426367160308543,PUT,0.0,1450.0,5075000.0,0.0002536938974084995,5M-10M,2026-06-18,185.29249572753903,181.94000244140625,184.72000122070312,186.69000244140625,183.5,35.0,34.65,36.05,1.0,0.4935963726806641,True,LULU,36.85,-0.05020352781546815,0.018426367160308543,20004422857.0,-5.020352781546815,-1450.0
MSFT260918C00560000,560.0,-1917.0,空头平仓 Call，回补信号，看涨,1.093717313819516,CALL,0.0,1917.0,5066631.0,1.3327041430742908e-06,5M-10M,2026-09-18,490.80999755859375,485.5,487.5950012207031,492.6300048828125,486.6499938964844,26.43,26.1,26.55,4.0,0.2892374543762206,False,MSFT,24.44,0.08142389525368242,0.01093717313819516,3801767276203.0,8.142389525368241,-1917.0
COP260116P00100000,100.0,-4540.0,多头平仓 Put，减仓，看跌减弱,2.1299844240853747,PUT,0.0,4540.0,5062100.0,4.115667692438256e-05,5M-10M,2026-01-16,88.94499969482422,87.08999633789062,87.08999633789062,89.38999938964844,86.87999725341797,11.15,10.95,11.5,1.0,0.2539137109375,True,COP,12.5,-0.10799999999999997,0.02129984424085375,122995838787.0,-10.799999999999997,-4540.0
XOM251219C00115000,115.0,-16575.0,空头平仓 Call，回补信号，看涨,1.1370570213000302,CALL,0.0,16575.0,5055375.0,1.0116054539292617e-05,5M-10M,2025-12-19,116.0749969482422,114.7699966430664,114.9499969482422,116.36000061035156,114.83499908447266,3.05,3.0,3.15,167.0,0.2271805798339843,True,XOM,2.61,0.16858237547892718,0.011370570213000301,499737815802.0,16.858237547892717,-16575.0
ACHR270115C00007000,7.0,-15525.0,空头平仓 Call，回补信号，看涨,4.534046683441488,CALL,0.0,15525.0,5045625.0,0.0008429262468013742,5M-10M,2027-01-15,7.829599857330322,7.489999771118164,7.559999942779541,7.926799774169922,7.469900131225586,3.25,3.2,3.3,115.0,0.93164130859375,True,ACHR,3.0,0.08333333333333333,0.04534046683441489,5985843980.0,8.333333333333332,-15525.0
META251219C00680000,680.0,-7846.0,空头平仓 Call，回补信号，看涨,1.7029464989433647,CALL,0.0,7846.0,5044978.0,2.7001519480426153e-06,5M-10M,2025-12-19,644.4000244140625,633.6099853515625,636.0750122070312,646.25,635.5,6.43,6.35,6.5,1121.0,0.2976449630737303,False,META,4.7,0.3680851063829786,0.017029464989433647,1868405222031.0,36.80851063829786,-7846.0
OKLO270115C00085000,85.0,-1295.0,空头平仓 Call，回补信号，看涨,3.8660958723875427,CALL,0.0,1295.0,5044025.000000001,0.00030916025124410446,5M-10M,2027-01-15,92.1500015258789,88.72000122070312,90.0,94.50499725341795,89.01000213623047,38.95,39.3,41.45,1.0,1.0238696267700198,True,OKLO,36.53,0.06624692033944707,0.03866095872387543,16315244213.0,6.624692033944707,-1295.0
WMT260320C00110000,110.0,-8294.0,空头平仓 Call，回补信号，看涨,1.3290601264129722,CALL,0.0,8294.0,5042752.0,6.131159612979686e-06,5M-10M,2026-03-20,110.5500030517578,109.0999984741211,109.3000030517578,110.56999969482422,109.0,6.08,5.95,6.1,240.0,0.2376785217285155,True,WMT,5.7,0.06666666666666665,0.013290601264129722,822479321746.0,6.666666666666665,-8294.0
NFLX260618C00120000,120.0,-6966.0,空头平仓 Call，回补信号，看涨,1.3143058983256304,CALL,0.0,6966.0,5036418.0,9.79047700368098e-06,5M-10M,2026-06-18,107.53500366210938,106.13999938964844,106.5,107.94000244140624,106.25,7.23,7.0,7.55,2.0,0.3806214282226562,False,NFLX,6.83,0.0585651537335286,0.013143058983256304,514420083731.0,5.85651537335286,-6966.0
ORCL251219C00220000,220.0,-7295.0,多头平仓 Call，减仓，看涨减弱,-2.07114082597721,CALL,0.0,7295.0,5033550.0,6.2488807553832885e-06,5M-10M,2025-12-19,200.71499633789065,204.9600067138672,199.50999450683597,202.33990478515625,197.6100006103516,6.9,6.75,7.0,3206.0,0.7055693505859376,False,ORCL,8.5,-0.18823529411764703,-0.0207114082597721,805512250440.0,-18.823529411764703,-7295.0
JPM251219C00290000,290.0,-2012.0,空头平仓 Call，回补信号，看涨,1.6008931083288662,CALL,0.0,2012.0,5030000.0,5.787681583720397e-06,5M-10M,2025-12-19,312.56500244140625,307.6400146484375,309.1000061035156,313.7200012207031,308.239990234375,25.0,24.6,26.35,21.0,0.3974059283447265,True,JPM,20.15,0.24069478908188593,0.01600893108328866,869087203095.0,24.069478908188593,-2012.0
AG270115C00012000,12.0,-8245.0,空头平仓 Call，回补信号，看涨,12.546259556684761,CALL,0.0,8245.0,5029450.0,0.0008479917255741143,5M-10M,2027-01-15,15.204999923706056,13.510000228881836,13.989999771118164,15.260000228881836,13.859999656677246,6.1,5.95,6.1,253.0,0.7553735400390625,True,AG,4.75,0.2842105263157894,0.1254625955668476,5931013061.0,28.42105263157894,-8245.0
NFLX251219P00112000,112.0,-8745.0,多头平仓 Put，减仓，看跌减弱,1.3143058983256304,PUT,0.0,8745.0,5028375.0,9.774841922053402e-06,5M-10M,2025-12-19,107.53500366210938,106.13999938964844,106.5,107.94000244140624,106.25,5.75,5.35,5.6,20.0,0.2631909619140625,True,NFLX,6.88,-0.16424418604651161,0.013143058983256304,514420083731.0,-16.424418604651162,-8745.0
AMD260417C00170000,170.0,-856.0,空头平仓 Call，回补信号，看涨,1.1435758427108205,CALL,0.0,856.0,5021296.0,1.9403826049061683e-05,5M-10M,2026-04-17,216.69000244140625,214.2400054931641,216.3950042724609,218.3000030517578,214.03219604492188,58.66,57.85,59.65,1.0,0.6277503045654298,True,AMD,55.25,0.0617194570135746,0.011435758427108204,258778654648.0,6.17194570135746,-856.0
BMNR260116C00035000,35.0,-9982.0,空头平仓 Call，回补信号，看涨,1.4659723052255405,CALL,0.0,9982.0,5010963.999999999,0.023057999226881953,5M-10M,2026-01-16,32.205299377441406,31.739999771118164,33.79999923706055,35.20000076293945,32.130001068115234,5.02,4.9,5.1,1454.0,1.2827184301757812,False,BMNR,4.21,0.19239904988123507,0.014659723052255404,217319983.0,19.239904988123506,-9982.0
META260116P00725000,725.0,-596.0,多头平仓 Put，减仓，看跌减弱,1.7029464989433647,PUT,0.0,596.0,5006400.0,2.6795043928200577e-06,5M-10M,2026-01-16,644.4000244140625,633.6099853515625,636.0750122070312,646.25,635.5,84.0,82.55,84.05,1.0,0.2590406127929688,True,META,90.0,-0.06666666666666667,0.017029464989433647,1868405222031.0,-6.666666666666667,-596.0
PAAS280121C00055000,55.0,-4955.0,空头平仓 Call，回补信号，看涨,6.726935121395418,CALL,0.0,4955.0,5004550.0,0.0003605954747814647,5M-10M,2028-01-21,45.45500183105469,42.59000015258789,43.970001220703125,45.970001220703125,43.59999847412109,10.1,10.1,10.4,47.0,0.5071460418701172,False,PAAS,8.38,0.20525059665871107,0.06726935121395418,13878571280.0,20.525059665871108,-4955.0
META251219P00620000,620.0,-6416.0,多头平仓 Put，减仓，看跌减弱,1.7029464989433647,PUT,0.0,6416.0,5004480.0,2.6784767784795707e-06,5M-10M,2025-12-19,644.4000244140625,633.6099853515625,636.0750122070312,646.25,635.5,7.8,7.75,7.9,681.0,0.2819896020507812,False,META,11.95,-0.34728033472803344,0.017029464989433647,1868405222031.0,-34.72803347280335,-6416.0
NVDA260102P00185000,185.0,-3892.0,空头平仓 Put，回补，看跌信号减弱,-1.8575921366021577,PUT,0.0,3892.0,5001220.0,1.155011631594056e-06,5M-10M,2026-01-02,176.9114990234375,180.25999450683597,178.99000549316406,179.2899932861328,176.53140258789062,12.85,12.55,12.65,61.0,0.3505924316406249,True,NVDA,11.24,0.14323843416370102,-0.018575921366021576,4330017000000.0,14.323843416370103,-3892.0
