contractSymbol,strike,oi_change,signal_type,stock_price_change_pct,option_type,openInterest_new,openInterest_old,amount_threshold,amount_to_market_cap,amount_tier,expiry_date,股票价格(new),股票价格(old),股票价格(new open),股票价格(new high),股票价格(new low),lastPrice_new,bid,ask,volume,impliedVolatility,inTheMoney,symbol,lastPrice_old,option_price_change,stock_price_change,market_cap,option_price_change_pct,oi_change_abs
META260220C00500000,500.0,13661.0,空头卖 Call，看跌/看不涨,-1.3072045032348774,CALL,13661.0,0.0,213521430.00000003,0.0001142800434735979,>50M,2026-02-20,639.47998046875,647.9500122070312,639.5449829101562,645.2949829101562,637.760009765625,156.3,153.7,155.3,2.0,0.5664105859375,True,META,156.3,0.0,-0.013072045032348774,1868405222031.0,0.0,13661.0
GOOGL260116C00240000,240.0,21551.0,空头卖 Call，看跌/看不涨,-1.0962518984130059,CALL,21551.0,0.0,171222695.0,5.7425392536056055e-05,>50M,2026-01-16,316.6700134277344,320.17999267578125,317.70001220703125,319.8500061035156,314.44000244140625,79.45,78.4,81.2,6.0,0.617313397216797,True,GOOGL,81.88,-0.029677576941866058,-0.010962518984130058,2981654760000.0,-2.9677576941866057,21551.0
NVDA260116C00130000,130.0,31371.0,多头买 Call，看涨,1.3333336781647247,CALL,31371.0,0.0,151521929.99999997,3.499337993361226e-05,>50M,2026-01-16,179.36000061035156,177.0,174.6999969482422,180.00999450683594,173.67999267578125,48.3,49.85,50.4,26.0,0.5705609350585938,True,NVDA,48.3,0.0,0.013333336781647246,4330017000000.0,0.0,31371.0
NVDA261218C00164000,164.0,31498.0,多头买 Call，看涨,1.3333336781647247,CALL,31498.0,0.0,137394276.0,3.173065509904465e-05,>50M,2026-12-18,179.36000061035156,177.0,174.6999969482422,180.00999450683594,173.67999267578125,43.62,43.85,44.1,2.0,0.5159960510253907,True,NVDA,42.5,0.026352941176470527,0.013333336781647246,4330017000000.0,2.6352941176470526,31498.0
MSFT260320P00550000,550.0,20468.0,多头买 Put，看跌,-1.0629887365136137,PUT,20468.0,0.0,133451360.00000001,3.510245375495052e-05,>50M,2026-03-20,486.7799987792969,492.010009765625,487.9599914550781,488.7591857910156,484.6474914550781,65.2,65.4,66.4,1.0,0.1896443341064453,True,MSFT,62.62,0.041200894282976776,-0.010629887365136138,3801767276203.0,4.120089428297677,20468.0
GOOGL270115C00250000,250.0,13728.0,空头卖 Call，看跌/看不涨,-1.0962518984130059,CALL,13728.0,0.0,130416000.0,4.3739470360411545e-05,>50M,2027-01-15,316.6700134277344,320.17999267578125,317.70001220703125,319.8500061035156,314.44000244140625,95.0,95.9,96.85,4.0,0.4857686921691894,True,GOOGL,98.0,-0.030612244897959183,-0.010962518984130058,2981654760000.0,-3.061224489795918,13728.0
AVGO251219C00330000,330.0,18924.0,空头卖 Call，看跌/看不涨,-3.022630765848394,CALL,18924.0,0.0,119467212.00000001,7.562303529180678e-05,>50M,2025-12-19,390.7799987792969,402.9599914550781,394.8500061035156,395.4200134277344,385.6400146484375,63.13,61.5,63.25,12.0,0.5172167419433593,True,AVGO,76.04,-0.1697790636507102,-0.03022630765848394,1579772770810.0,-16.977906365071018,18924.0
NVDA270115C00135000,135.0,18406.0,多头买 Call，看涨,1.3333336781647247,CALL,18406.0,0.0,113638644.0,2.6244387493166885e-05,>50M,2027-01-15,179.36000061035156,177.0,174.6999969482422,180.00999450683594,173.67999267578125,61.74,62.05,62.6,28.0,0.5501143621826172,True,NVDA,60.65,0.017971970321516956,0.013333336781647246,4330017000000.0,1.7971970321516957,18406.0
NVDA260320C00130000,130.0,21103.0,多头买 Call，看涨,1.3333336781647247,CALL,21103.0,0.0,112457886.99999999,2.5971696415972496e-05,>50M,2026-03-20,179.36000061035156,177.0,174.6999969482422,180.00999450683594,173.67999267578125,53.29,52.95,53.35,5.0,0.5728802478027344,True,NVDA,51.65,0.031752178121974846,0.013333336781647246,4330017000000.0,3.175217812197485,21103.0
NVDA251219C00150000,150.0,32444.0,多头买 Call，看涨,1.3333336781647247,CALL,32444.0,0.0,97332000.0,2.2478433687442797e-05,>50M,2025-12-19,179.36000061035156,177.0,174.6999969482422,180.00999450683594,173.67999267578125,30.0,29.55,30.0,67.0,0.5395553857421876,True,NVDA,27.8,0.07913669064748198,0.013333336781647246,4330017000000.0,7.913669064748198,32444.0
GOOGL261218C00310000,310.0,15955.0,空头卖 Call，看跌/看不涨,-1.0962518984130059,CALL,15955.0,0.0,96447975.0,3.2347130289490656e-05,>50M,2026-12-18,316.6700134277344,320.17999267578125,317.70001220703125,319.8500061035156,314.44000244140625,60.45,58.25,58.55,66.0,0.4337062245178223,True,GOOGL,60.45,0.0,-0.010962518984130058,2981654760000.0,0.0,15955.0
MSFT260220C00480000,480.0,30918.0,空头卖 Call，看跌/看不涨,-1.0629887365136137,CALL,30918.0,0.0,94949178.0,2.4975010594238717e-05,>50M,2026-02-20,486.7799987792969,492.010009765625,487.9599914550781,488.7591857910156,484.6474914550781,30.71,30.65,30.9,93.0,0.3002084140014648,True,MSFT,33.6,-0.08601190476190478,-0.010629887365136138,3801767276203.0,-8.601190476190478,30918.0
GOOG260320C00250000,250.0,12166.0,空头卖 Call，看跌/看不涨,-1.055855596141431,CALL,12166.0,0.0,94554152.0,3.162986307610371e-05,>50M,2026-03-20,316.739990234375,320.1199951171875,317.2699890136719,319.6300048828125,314.4100036621094,77.72,74.7,75.5,273.0,0.5035450036621094,True,GOOG,77.72,0.0,-0.01055855596141431,2989394920000.0,0.0,12166.0
GOOGL260116C00280000,280.0,23375.0,空头卖 Call，看跌/看不涨,-1.0962518984130059,CALL,23375.0,0.0,94201249.99999999,3.159361414465033e-05,>50M,2026-01-16,316.6700134277344,320.17999267578125,317.70001220703125,319.8500061035156,314.44000244140625,40.3,41.6,42.3,5.0,0.431219066772461,True,GOOGL,44.0,-0.08409090909090916,-0.010962518984130058,2981654760000.0,-8.409090909090915,23375.0
SHOP260220C00140000,140.0,40242.0,空头卖 Call，看跌/看不涨,-3.041475647255347,CALL,40242.0,0.0,90785951.99999999,0.0004981768629909758,>50M,2026-02-20,153.81500244140625,158.63999938964844,152.8000030517578,155.55999755859375,150.75999450683594,22.56,23.0,25.75,1.0,0.5984537225341797,True,SHOP,27.0,-0.1644444444444445,-0.030414756472553466,182236387806.0,-16.44444444444445,40242.0
GOOGL251219C00260000,260.0,16428.0,空头卖 Call，看跌/看不涨,-1.0962518984130059,CALL,16428.0,0.0,90354000.0,3.0303307147471358e-05,>50M,2025-12-19,316.6700134277344,320.17999267578125,317.70001220703125,319.8500061035156,314.44000244140625,55.0,56.4,59.45,3.0,0.584965087890625,True,GOOGL,60.63,-0.09285832096321957,-0.010962518984130058,2981654760000.0,-9.285832096321958,16428.0
NVDA270115C00130000,130.0,13299.0,多头买 Call，看涨,1.3333336781647247,CALL,13299.0,0.0,86323809.0,1.9936136278448792e-05,>50M,2027-01-15,179.36000061035156,177.0,174.6999969482422,180.00999450683594,173.67999267578125,64.91,65.55,66.05,8.0,0.5600019586181642,True,NVDA,63.88,0.016123982467125767,0.013333336781647246,4330017000000.0,1.6123982467125768,13299.0
NVDA260116C00135000,135.0,18509.0,多头买 Call，看涨,1.3333336781647247,CALL,18509.0,0.0,82735230.0,1.9107368400632146e-05,>50M,2026-01-16,179.36000061035156,177.0,174.6999969482422,180.00999450683594,173.67999267578125,44.7,45.2,45.6,3.0,0.5524947094726562,True,NVDA,44.0,0.015909090909090973,0.013333336781647246,4330017000000.0,1.5909090909090973,18509.0
NVDA270115P00180000,180.0,24930.0,空头卖 Put，看涨/看不跌,1.3333336781647247,PUT,24930.0,0.0,77033700.0,1.779062299293513e-05,>50M,2027-01-15,179.36000061035156,177.0,174.6999969482422,180.00999450683594,173.67999267578125,30.9,30.9,31.1,16.0,0.4079954220581054,True,NVDA,31.45,-0.017488076311605746,0.013333336781647246,4330017000000.0,-1.7488076311605747,24930.0
NVDA260116C00180000,180.0,73403.0,多头买 Call，看涨,1.3333336781647247,CALL,73403.0,0.0,76339120.0,1.7630212537271794e-05,>50M,2026-01-16,179.36000061035156,177.0,174.6999969482422,180.00999450683594,173.67999267578125,10.4,10.35,10.4,2561.0,0.4171811212158203,False,NVDA,9.45,0.10052910052910065,0.013333336781647246,4330017000000.0,10.052910052910065,73403.0
NVDA280121C00200000,200.0,15925.0,多头买 Call，看涨,1.3333336781647247,CALL,15925.0,0.0,73892000.0,1.7065060021704302e-05,>50M,2028-01-21,179.36000061035156,177.0,174.6999969482422,180.00999450683594,173.67999267578125,46.4,45.95,46.25,279.0,0.5163164823913573,False,NVDA,44.75,0.036871508379888236,0.013333336781647246,4330017000000.0,3.6871508379888236,15925.0
NVDA260618C00180000,180.0,28391.0,多头买 Call，看涨,1.3333336781647247,CALL,28391.0,0.0,72482223.0,1.673947769720073e-05,>50M,2026-06-18,179.36000061035156,177.0,174.6999969482422,180.00999450683594,173.67999267578125,25.53,25.3,25.5,75.0,0.4891103335571289,False,NVDA,24.2,0.05495867768595049,0.013333336781647246,4330017000000.0,5.4958677685950486,28391.0
NVDA260116C00145000,145.0,20542.0,多头买 Call，看涨,1.3333336781647247,CALL,20542.0,0.0,72184588.0,1.667074009178255e-05,>50M,2026-01-16,179.36000061035156,177.0,174.6999969482422,180.00999450683594,173.67999267578125,35.14,35.95,36.25,15.0,0.506840869140625,True,NVDA,34.75,0.01122302158273383,0.013333336781647246,4330017000000.0,1.122302158273383,20542.0
NVDA261218C00140000,140.0,12239.0,多头买 Call，看涨,1.3333336781647247,CALL,12239.0,0.0,71157546.0,1.643354887521227e-05,>50M,2026-12-18,179.36000061035156,177.0,174.6999969482422,180.00999450683594,173.67999267578125,58.14,57.7,58.25,10.0,0.5429122857666018,True,NVDA,56.17,0.035072102545842955,0.013333336781647246,4330017000000.0,3.5072102545842956,12239.0
AVGO260116C00300000,300.0,7383.0,空头卖 Call，看跌/看不涨,-3.022630765848394,CALL,7383.0,0.0,68691432.0,4.348184325571057e-05,>50M,2026-01-16,390.7799987792969,402.9599914550781,394.8500061035156,395.4200134277344,385.6400146484375,93.04,91.2,93.6,67.0,0.5443160803222657,True,AVGO,104.01,-0.10547062782424765,-0.03022630765848394,1579772770810.0,-10.547062782424765,7383.0
GOOGL260116C00300000,300.0,24995.0,空头卖 Call，看跌/看不涨,-1.0962518984130059,CALL,24995.0,0.0,65986800.0,2.213093242223657e-05,>50M,2026-01-16,316.6700134277344,320.17999267578125,317.70001220703125,319.8500061035156,314.44000244140625,26.4,26.4,26.8,77.0,0.3888000573730469,True,GOOGL,29.0,-0.08965517241379316,-0.010962518984130058,2981654760000.0,-8.965517241379315,24995.0
NVDA261218C00160000,160.0,14335.0,多头买 Call，看涨,1.3333336781647247,CALL,14335.0,0.0,65080900.0,1.50301719369693e-05,>50M,2026-12-18,179.36000061035156,177.0,174.6999969482422,180.00999450683594,173.67999267578125,45.4,46.0,46.2,8.0,0.5196581237792968,True,NVDA,44.57,0.018622391743325067,0.013333336781647246,4330017000000.0,1.8622391743325066,14335.0
MSFT260116C00360000,360.0,4940.0,空头卖 Call，看跌/看不涨,-1.0629887365136137,CALL,4940.0,0.0,64985700.0,1.709355025668594e-05,>50M,2026-01-16,486.7799987792969,492.010009765625,487.9599914550781,488.7591857910156,484.6474914550781,131.55,129.15,132.15,1.0,0.6281775463867189,True,MSFT,131.55,0.0,-0.010629887365136138,3801767276203.0,0.0,4940.0
INTC260116C00035000,35.0,104951.0,空头卖 Call，看跌/看不涨,-1.39522359664807,CALL,104951.0,0.0,64439914.0,0.00041471529473850185,>50M,2026-01-16,39.99409866333008,40.560001373291016,39.8650016784668,40.375,39.59999847412109,6.14,6.0,6.2,511.0,0.5522505712890625,True,INTC,6.8,-0.0970588235294118,-0.0139522359664807,155383500000.0,-9.70588235294118,104951.0
AVGO260116C00290000,290.0,5652.0,空头卖 Call，看跌/看不涨,-3.022630765848394,CALL,5652.0,0.0,63811080.00000001,4.0392568589014246e-05,>50M,2026-01-16,390.7799987792969,402.9599914550781,394.8500061035156,395.4200134277344,385.6400146484375,112.9,99.9,102.7,6.0,0.5441940112304688,True,AVGO,112.9,0.0,-0.03022630765848394,1579772770810.0,0.0,5652.0
NVDA260320C00190000,190.0,45354.0,多头买 Call，看涨,1.3333336781647247,CALL,45354.0,0.0,62996706.00000001,1.4548835720506411e-05,>50M,2026-03-20,179.36000061035156,177.0,174.6999969482422,180.00999450683594,173.67999267578125,13.89,13.75,13.95,482.0,0.4660697924804688,False,NVDA,12.9,0.07674418604651165,0.013333336781647246,4330017000000.0,7.674418604651165,45354.0
GOOG260320C00270000,270.0,10762.0,空头卖 Call，看跌/看不涨,-1.055855596141431,CALL,10762.0,0.0,62311979.99999999,2.0844345316543185e-05,>50M,2026-03-20,316.739990234375,320.1199951171875,317.2699890136719,319.6300048828125,314.4100036621094,57.9,58.35,58.9,6.0,0.4685111743164062,True,GOOG,61.5,-0.05853658536585368,-0.01055855596141431,2989394920000.0,-5.853658536585368,10762.0
NVDA251219C00140000,140.0,15927.0,多头买 Call，看涨,1.3333336781647247,CALL,15927.0,0.0,62115300.0,1.4345278552024161e-05,>50M,2025-12-19,179.36000061035156,177.0,174.6999969482422,180.00999450683594,173.67999267578125,39.0,39.1,39.6,10.0,0.5839885351562499,True,NVDA,37.4,0.04278074866310164,0.013333336781647246,4330017000000.0,4.278074866310164,15927.0
INTC260116C00030000,30.0,60005.0,空头卖 Call，看跌/看不涨,-1.39522359664807,CALL,60005.0,0.0,61805150.0,0.0003977587710406832,>50M,2026-01-16,39.99409866333008,40.560001373291016,39.8650016784668,40.375,39.59999847412109,10.3,10.25,10.4,165.0,0.6084023535156251,True,INTC,11.0,-0.06363636363636357,-0.0139522359664807,155383500000.0,-6.363636363636357,60005.0
HOOD270115C00100000,100.0,13121.0,空头卖 Call，看跌/看不涨,-6.708695134300246,CALL,13121.0,0.0,61471885.0,0.000572006708281779,>50M,2027-01-15,119.87000274658205,128.49000549316406,123.5999984741211,125.28990173339844,119.37999725341795,46.85,45.95,47.65,38.0,0.797853583984375,True,HOOD,49.8,-0.059236947791164576,-0.06708695134300247,107467070071.0,-5.923694779116458,13121.0
INTC270115C00040000,40.0,62544.0,空头卖 Call，看跌/看不涨,-1.39522359664807,CALL,62544.0,0.0,60980400.0,0.0003924509359101835,>50M,2027-01-15,39.99409866333008,40.560001373291016,39.8650016784668,40.375,39.59999847412109,9.75,9.6,10.0,401.0,0.5882609533691407,False,INTC,10.12,-0.036561264822134315,-0.0139522359664807,155383500000.0,-3.6561264822134314,62544.0
B270115C00030000,30.0,42224.0,多头买 Call，看涨,3.1567496380236175,CALL,42224.0,0.0,59958079.99999999,0.0010193023234162078,>50M,2027-01-15,42.64500045776367,41.34000015258789,42.3650016784668,43.08000183105469,41.790000915527344,14.2,14.25,16.2,35.0,0.5604292004394531,True,B,14.2,0.0,0.031567496380236176,58822665879.0,0.0,42224.0
NVDA260116C00170000,170.0,35647.0,多头买 Call，看涨,1.3333336781647247,CALL,35647.0,0.0,59174020.00000001,1.3666001773203201e-05,>50M,2026-01-16,179.36000061035156,177.0,174.6999969482422,180.00999450683594,173.67999267578125,16.6,16.25,16.35,225.0,0.4424494232177735,True,NVDA,14.95,0.11036789297658878,0.013333336781647246,4330017000000.0,11.036789297658878,35647.0
NVDA261218C00200000,200.0,20841.0,多头买 Call，看涨,1.3333336781647247,CALL,20841.0,0.0,58959189.0,1.361638741834039e-05,>50M,2026-12-18,179.36000061035156,177.0,174.6999969482422,180.00999450683594,173.67999267578125,28.29,28.15,28.35,538.0,0.4928944754028321,False,NVDA,27.0,0.047777777777777745,0.013333336781647246,4330017000000.0,4.777777777777774,20841.0
GOOGL271217C00280000,280.0,5801.0,空头卖 Call，看跌/看不涨,-1.0962518984130059,CALL,5801.0,0.0,56559750.0,1.8969248471945826e-05,>50M,2027-12-17,316.6700134277344,320.17999267578125,317.70001220703125,319.8500061035156,314.44000244140625,97.5,97.2,98.55,9.0,0.4719748847961425,True,GOOGL,99.7,-0.02206619859578739,-0.010962518984130058,2981654760000.0,-2.206619859578739,5801.0
MSFT261218C00375000,375.0,4396.0,空头卖 Call，看跌/看不涨,-1.0629887365136137,CALL,4396.0,0.0,54950000.0,1.4453804246240211e-05,>50M,2026-12-18,486.7799987792969,492.010009765625,487.9599914550781,488.7591857910156,484.6474914550781,125.0,137.2,138.8,2.0,0.39649041015625,True,MSFT,125.0,0.0,-0.010629887365136138,3801767276203.0,0.0,4396.0
NVDA270617C00135000,135.0,8026.0,多头买 Call，看涨,1.3333336781647247,CALL,8026.0,0.0,53300665.99999999,1.2309574304211738e-05,>50M,2027-06-17,179.36000061035156,177.0,174.6999969482422,180.00999450683594,173.67999267578125,66.41,67.65,68.25,5.0,0.554417297668457,True,NVDA,66.41,0.0,0.013333336781647246,4330017000000.0,0.0,8026.0
BMNR270115C00035000,35.0,42410.0,空头卖 Call，看跌/看不涨,-11.714973689299578,CALL,42410.0,0.0,53224550.0,0.24491328070829088,>50M,2027-01-15,29.239999771118164,33.119998931884766,30.51000022888184,30.899999618530277,29.06999969482422,12.55,12.95,14.0,21.0,1.2873570788574216,False,BMNR,14.9,-0.1577181208053691,-0.11714973689299578,217319983.0,-15.77181208053691,42410.0
TSM260116C00220000,220.0,7616.0,空头卖 Call，看跌/看不涨,-1.068539184690438,CALL,7616.0,0.0,53174912.0,3.750537617542229e-05,>50M,2026-01-16,288.3951110839844,291.510009765625,286.9200134277344,289.989990234375,286.4599914550781,69.82,69.65,72.3,1.0,0.5949747534179688,True,TSM,72.88,-0.041986827661910024,-0.010685391846904379,1417794391697.0,-4.198682766191002,7616.0
GOOG260116C00230000,230.0,6063.0,空头卖 Call，看跌/看不涨,-1.055855596141431,CALL,6063.0,0.0,52748100.0,1.7645075813536206e-05,>50M,2026-01-16,316.739990234375,320.1199951171875,317.2699890136719,319.6300048828125,314.4100036621094,87.0,88.0,90.35,9.0,0.6536899865722658,True,GOOG,90.5,-0.03867403314917127,-0.01055855596141431,2989394920000.0,-3.867403314917127,6063.0
NVDA270115C00160000,160.0,11045.0,多头买 Call，看涨,1.3333336781647247,CALL,11045.0,0.0,52706740.0,1.2172409484766456e-05,>50M,2027-01-15,179.36000061035156,177.0,174.6999969482422,180.00999450683594,173.67999267578125,47.72,47.4,47.65,29.0,0.5227098510742187,True,NVDA,45.85,0.040785169029443784,0.013333336781647246,4330017000000.0,4.078516902944378,11045.0
META260116C00700000,700.0,51972.0,空头卖 Call，看跌/看不涨,-1.3072045032348774,CALL,51972.0,0.0,52231860.0,2.7955316857454912e-05,>50M,2026-01-16,639.47998046875,647.9500122070312,639.5449829101562,645.2949829101562,637.760009765625,10.05,9.95,10.1,1029.0,0.3282232705688476,False,META,11.1,-0.0945945945945945,-0.013072045032348774,1868405222031.0,-9.45945945945945,51972.0
HOOD271217C00100000,100.0,8726.0,空头卖 Call，看跌/看不涨,-6.708695134300246,CALL,8726.0,0.0,50305390.0,0.0004681005071299037,>50M,2027-12-17,119.87000274658205,128.49000549316406,123.5999984741211,125.28990173339844,119.37999725341795,57.65,56.1,58.05,1.0,0.7805808074951173,True,HOOD,61.45,-0.061838893409275904,-0.06708695134300247,107467070071.0,-6.183889340927591,8726.0
META260618C00750000,750.0,13005.0,空头卖 Call，看跌/看不涨,-1.3072045032348774,CALL,13005.0,0.0,50160285.0,2.68465771817286e-05,>50M,2026-06-18,639.47998046875,647.9500122070312,639.5449829101562,645.2949829101562,637.760009765625,38.57,38.4,38.8,8.0,0.4040586938476562,False,META,40.0,-0.03574999999999999,-0.013072045032348774,1868405222031.0,-3.574999999999999,13005.0
TSM260116C00210000,210.0,6013.0,空头卖 Call，看跌/看不涨,-1.068539184690438,CALL,6013.0,0.0,49907900.0,3.5201084368985096e-05,10M-50M,2026-01-16,288.3951110839844,291.510009765625,286.9200134277344,289.989990234375,286.4599914550781,83.0,79.35,82.3,1.0,0.6623568920898439,True,TSM,83.0,0.0,-0.010685391846904379,1417794391697.0,0.0,6013.0
AVGO251219C00350000,350.0,10564.0,空头卖 Call，看跌/看不涨,-3.022630765848394,CALL,10564.0,0.0,49650800.0,3.142907696436776e-05,10M-50M,2025-12-19,390.7799987792969,402.9599914550781,394.8500061035156,395.4200134277344,385.6400146484375,47.0,45.35,45.8,36.0,0.5419967675781252,True,AVGO,56.0,-0.16071428571428573,-0.03022630765848394,1579772770810.0,-16.071428571428573,10564.0
MSFT260116C00425000,425.0,6942.0,空头卖 Call，看跌/看不涨,-1.0629887365136137,CALL,6942.0,0.0,49288200.0,1.2964549489527511e-05,10M-50M,2026-01-16,486.7799987792969,492.010009765625,487.9599914550781,488.7591857910156,484.6474914550781,71.0,66.4,67.2,3.0,0.3869690209960937,True,MSFT,71.0,0.0,-0.010629887365136138,3801767276203.0,0.0,6942.0
NVDA270617C00150000,150.0,8210.0,多头买 Call，看涨,1.3333336781647247,CALL,8210.0,0.0,48906970.0,1.1294867895437825e-05,10M-50M,2027-06-17,179.36000061035156,177.0,174.6999969482422,180.00999450683594,173.67999267578125,59.57,59.2,59.7,6.0,0.5401046966552736,True,NVDA,57.8,0.03062283737024227,0.013333336781647246,4330017000000.0,3.0622837370242273,8210.0
GOOGL260618C00230000,230.0,4963.0,空头卖 Call，看跌/看不涨,-1.0962518984130059,CALL,4963.0,0.0,48736660.0,1.6345507418840134e-05,10M-50M,2026-06-18,316.6700134277344,320.17999267578125,317.70001220703125,319.8500061035156,314.44000244140625,98.2,98.0,98.9,1.0,0.520390538330078,True,GOOGL,101.75,-0.03488943488943486,-0.010962518984130058,2981654760000.0,-3.4889434889434865,4963.0
GOOG270115C00290000,290.0,6660.0,空头卖 Call，看跌/看不涨,-1.055855596141431,CALL,6660.0,0.0,48384900.00000001,1.6185516231492092e-05,10M-50M,2027-01-15,316.739990234375,320.1199951171875,317.2699890136719,319.6300048828125,314.4100036621094,72.65,71.0,71.9,9.0,0.4529321064758301,True,GOOG,72.65,0.0,-0.01055855596141431,2989394920000.0,0.0,6660.0
MSFT260116C00400000,400.0,5288.0,空头卖 Call，看跌/看不涨,-1.0629887365136137,CALL,5288.0,0.0,48231848.0,1.2686691345339626e-05,10M-50M,2026-01-16,486.7799987792969,492.010009765625,487.9599914550781,488.7591857910156,484.6474914550781,91.21,90.15,91.75,2.0,0.4870046417236329,True,MSFT,94.65,-0.03634442683571064,-0.010629887365136138,3801767276203.0,-3.6344426835710637,5288.0
AVGO271217C00350000,350.0,3576.0,空头卖 Call，看跌/看不涨,-3.022630765848394,CALL,3576.0,0.0,47310480.00000001,2.9947648721494556e-05,10M-50M,2027-12-17,390.7799987792969,402.9599914550781,394.8500061035156,395.4200134277344,385.6400146484375,132.3,130.45,133.85,100.0,0.5362976668548585,True,AVGO,141.33,-0.06389301634472512,-0.03022630765848394,1579772770810.0,-6.389301634472512,3576.0
META260618C00700000,700.0,8682.0,空头卖 Call，看跌/看不涨,-1.3072045032348774,CALL,8682.0,0.0,47230080.0,2.527828516164165e-05,10M-50M,2026-06-18,639.47998046875,647.9500122070312,639.5449829101562,645.2949829101562,637.760009765625,54.4,54.2,54.65,79.0,0.4123899093627929,False,META,56.0,-0.0285714285714286,-0.013072045032348774,1868405222031.0,-2.85714285714286,8682.0
GOOGL260116C00245000,245.0,6139.0,空头卖 Call，看跌/看不涨,-1.0962518984130059,CALL,6139.0,0.0,46951072.0,1.574664935386416e-05,10M-50M,2026-01-16,316.6700134277344,320.17999267578125,317.70001220703125,319.8500061035156,314.44000244140625,76.48,72.9,75.85,4.0,0.5585981640625001,True,GOOGL,76.48,0.0,-0.010962518984130058,2981654760000.0,0.0,6139.0
NVDA260116P00180000,180.0,44293.0,空头卖 Put，看涨/看不跌,1.3333336781647247,PUT,44293.0,0.0,46861994.0,1.0822588918242122e-05,10M-50M,2026-01-16,179.36000061035156,177.0,174.6999969482422,180.00999450683594,173.67999267578125,10.58,10.6,10.7,325.0,0.4036314520263672,True,NVDA,11.55,-0.08398268398268403,0.013333336781647246,4330017000000.0,-8.398268398268403,44293.0
GOOGL270115C00300000,300.0,7090.0,空头卖 Call，看跌/看不涨,-1.0962518984130059,CALL,7090.0,0.0,45836850.00000001,1.537295686104182e-05,10M-50M,2027-01-15,316.6700134277344,320.17999267578125,317.70001220703125,319.8500061035156,314.44000244140625,64.65,65.4,66.3,26.0,0.4447077014160155,True,GOOGL,67.23,-0.03837572512271305,-0.010962518984130058,2981654760000.0,-3.8375725122713047,7090.0
BABA280121C00180000,180.0,13110.0,多头买 Call，看涨,3.3312079673964408,CALL,13110.0,0.0,45465480.0,0.00011452601427457662,10M-50M,2028-01-21,162.5399932861328,157.3000030517578,160.5,162.9759063720703,159.41000366210938,34.68,35.35,38.5,2.0,0.4767203207397461,False,BABA,34.68,0.0,0.033312079673964407,396988232656.0,0.0,13110.0
META261218C00470000,470.0,2136.0,空头卖 Call，看跌/看不涨,-1.3072045032348774,CALL,2136.0,0.0,45001248.00000001,2.4085379054487228e-05,10M-50M,2026-12-18,639.47998046875,647.9500122070312,639.5449829101562,645.2949829101562,637.760009765625,210.68,216.3,218.9,1.0,0.5084277673339843,True,META,210.68,0.0,-0.013072045032348774,1868405222031.0,0.0,2136.0
GOOGL260116C00235000,235.0,5199.0,空头卖 Call，看跌/看不涨,-1.0962518984130059,CALL,5199.0,0.0,44841375.0,1.503909023994448e-05,10M-50M,2026-01-16,316.6700134277344,320.17999267578125,317.70001220703125,319.8500061035156,314.44000244140625,86.25,83.15,86.15,20.0,0.6441685974121094,True,GOOGL,86.25,0.0,-0.010962518984130058,2981654760000.0,0.0,5199.0
NVDA251219C00155000,155.0,17748.0,多头买 Call，看涨,1.3333336781647247,CALL,17748.0,0.0,44600724.0,1.0300357712221453e-05,10M-50M,2025-12-19,179.36000061035156,177.0,174.6999969482422,180.00999450683594,173.67999267578125,25.13,24.65,25.3,11.0,0.5080615600585938,True,NVDA,23.35,0.07623126338329754,0.013333336781647246,4330017000000.0,7.623126338329754,17748.0
NVDA260320P00175000,175.0,30340.0,空头卖 Put，看涨/看不跌,1.3333336781647247,PUT,30340.0,0.0,44448100.0,1.0265109813656621e-05,10M-50M,2026-03-20,179.36000061035156,177.0,174.6999969482422,180.00999450683594,173.67999267578125,14.65,14.6,14.65,234.0,0.4323787231445312,False,NVDA,15.45,-0.05177993527508084,0.013333336781647246,4330017000000.0,-5.177993527508084,30340.0
TSM251219C00240000,240.0,8437.0,空头卖 Call，看跌/看不涨,-1.068539184690438,CALL,8437.0,0.0,43551794.0,3.071799003794307e-05,10M-50M,2025-12-19,288.3951110839844,291.510009765625,286.9200134277344,289.989990234375,286.4599914550781,51.62,48.65,51.2,17.0,0.606571317138672,True,TSM,51.62,0.0,-0.010685391846904379,1417794391697.0,0.0,8437.0
GOOGL270115C00265000,265.0,5104.0,空头卖 Call，看跌/看不涨,-1.0962518984130059,CALL,5104.0,0.0,43480976.0,1.4582833862361718e-05,10M-50M,2027-01-15,316.6700134277344,320.17999267578125,317.70001220703125,319.8500061035156,314.44000244140625,85.19,85.85,86.85,4.0,0.4710898838806152,True,GOOGL,87.85,-0.030278884462151358,-0.010962518984130058,2981654760000.0,-3.027888446215136,5104.0
META260116C00500000,500.0,2893.0,空头卖 Call，看跌/看不涨,-1.3072045032348774,CALL,2893.0,0.0,43308210.0,2.3179238362930162e-05,10M-50M,2026-01-16,639.47998046875,647.9500122070312,639.5449829101562,645.2949829101562,637.760009765625,149.7,146.1,149.8,16.0,0.6119423571777345,True,META,149.7,0.0,-0.013072045032348774,1868405222031.0,0.0,2893.0
NVDA271217C00180000,180.0,8331.0,多头买 Call，看涨,1.3333336781647247,CALL,8331.0,0.0,43037946.0,9.939440422520281e-06,10M-50M,2027-12-17,179.36000061035156,177.0,174.6999969482422,180.00999450683594,173.67999267578125,51.66,52.25,52.6,32.0,0.5264024411010743,False,NVDA,51.0,0.012941176470588168,0.013333336781647246,4330017000000.0,1.2941176470588167,8331.0
NVDA251219C00160000,160.0,21469.0,多头买 Call，看涨,1.3333336781647247,CALL,21469.0,0.0,42809186.00000001,9.886609221164723e-06,10M-50M,2025-12-19,179.36000061035156,177.0,174.6999969482422,180.00999450683594,173.67999267578125,19.94,20.5,20.65,113.0,0.46680220703125,True,NVDA,19.08,0.04507337526205467,0.013333336781647246,4330017000000.0,4.5073375262054665,21469.0
B261218C00030000,30.0,30570.0,多头买 Call，看涨,3.1567496380236175,CALL,30570.0,0.0,42492300.0,0.0007223797045752389,10M-50M,2026-12-18,42.64500045776367,41.34000015258789,42.3650016784668,43.08000183105469,41.790000915527344,13.9,14.2,16.15,4.0,0.5762981823730469,True,B,13.9,0.0,0.031567496380236176,58822665879.0,0.0,30570.0
GOOGL261218P00350000,350.0,6845.0,多头买 Put，看跌,-1.0962518984130059,PUT,6845.0,0.0,42418465.0,1.422648442370303e-05,10M-50M,2026-12-18,316.6700134277344,320.17999267578125,317.70001220703125,319.8500061035156,314.44000244140625,61.97,61.85,62.2,87.0,0.3217841259765625,True,GOOGL,61.97,0.0,-0.010962518984130058,2981654760000.0,0.0,6845.0
GOOG260116C00270000,270.0,8562.0,空头卖 Call，看跌/看不涨,-1.055855596141431,CALL,8562.0,0.0,41440080.0,1.3862363825787193e-05,10M-50M,2026-01-16,316.739990234375,320.1199951171875,317.2699890136719,319.6300048828125,314.4100036621094,48.4,49.95,50.65,13.0,0.4483087396240234,True,GOOG,53.09,-0.08834055377660585,-0.01055855596141431,2989394920000.0,-8.834055377660585,8562.0
MSFT271217C00500000,500.0,4743.0,空头卖 Call，看跌/看不涨,-1.0629887365136137,CALL,4743.0,0.0,40979520.0,1.0779071158960612e-05,10M-50M,2027-12-17,486.7799987792969,492.010009765625,487.9599914550781,488.7591857910156,484.6474914550781,86.4,85.3,87.25,3.0,0.3358907353973388,False,MSFT,89.29,-0.0323664464105723,-0.010629887365136138,3801767276203.0,-3.23664464105723,4743.0
NVDA260220C00180000,180.0,28142.0,多头买 Call，看涨,1.3333336781647247,CALL,28142.0,0.0,40946610.0,9.456454789900362e-06,10M-50M,2026-02-20,179.36000061035156,177.0,174.6999969482422,180.00999450683594,173.67999267578125,14.55,14.45,14.55,787.0,0.438482177734375,False,NVDA,13.4,0.08582089552238809,0.013333336781647246,4330017000000.0,8.58208955223881,28142.0
NVDA251219C00165000,165.0,24611.0,多头买 Call，看涨,1.3333336781647247,CALL,24611.0,0.0,40608150.0,9.378288815032366e-06,10M-50M,2025-12-19,179.36000061035156,177.0,174.6999969482422,180.00999450683594,173.67999267578125,16.5,16.35,16.45,106.0,0.4527642614746094,True,NVDA,14.83,0.11260957518543492,0.013333336781647246,4330017000000.0,11.260957518543492,24611.0
NVDA260320C00210000,210.0,51693.0,多头买 Call，看涨,1.3333336781647247,CALL,51693.0,0.0,40372232.99999999,9.323804733330144e-06,10M-50M,2026-03-20,179.36000061035156,177.0,174.6999969482422,180.00999450683594,173.67999267578125,7.81,7.65,7.75,419.0,0.455510816040039,False,NVDA,7.02,0.11253561253561255,0.013333336781647246,4330017000000.0,11.253561253561255,51693.0
AVGO260116C00320000,320.0,5385.0,空头卖 Call，看跌/看不涨,-3.022630765848394,CALL,5385.0,0.0,40333650.00000001,2.5531298390033433e-05,10M-50M,2026-01-16,390.7799987792969,402.9599914550781,394.8500061035156,395.4200134277344,385.6400146484375,74.9,73.75,76.3,2.0,0.5416915948486329,True,AVGO,87.54,-0.144391135480923,-0.03022630765848394,1579772770810.0,-14.4391135480923,5385.0
GOOGL260320C00240000,240.0,4623.0,空头卖 Call，看跌/看不涨,-1.0962518984130059,CALL,4623.0,0.0,40067541.0,1.343802157698499e-05,10M-50M,2026-03-20,316.6700134277344,320.17999267578125,317.70001220703125,319.8500061035156,314.44000244140625,86.67,83.0,83.7,8.0,0.5128832891845703,True,GOOGL,86.67,0.0,-0.010962518984130058,2981654760000.0,0.0,4623.0
META271217C00500000,500.0,1699.0,空头卖 Call，看跌/看不涨,-1.3072045032348774,CALL,1699.0,0.0,39829657.0,2.1317461828063313e-05,10M-50M,2027-12-17,639.47998046875,647.9500122070312,639.5449829101562,645.2949829101562,637.760009765625,234.43,234.7,238.1,7.0,0.5008747422790527,True,META,234.43,0.0,-0.013072045032348774,1868405222031.0,0.0,1699.0
MSFT270115C00500000,500.0,6739.0,空头卖 Call，看跌/看不涨,-1.0629887365136137,CALL,6739.0,0.0,39719666.0,1.0447684751411153e-05,10M-50M,2027-01-15,486.7799987792969,492.010009765625,487.9599914550781,488.7591857910156,484.6474914550781,58.94,58.6,59.05,35.0,0.3147193772888183,False,MSFT,61.2,-0.03692810457516348,-0.010629887365136138,3801767276203.0,-3.692810457516348,6739.0
GOOGL260320C00340000,340.0,-21047.0,多头平仓 Call，减仓，看涨减弱,-1.0962518984130059,CALL,13192.0,34239.0,39357890.0,1.3200015819403585e-05,10M-50M,2026-03-20,316.6700134277344,320.17999267578125,317.70001220703125,319.8500061035156,314.44000244140625,18.7,18.35,18.55,98.0,0.3999083447265625,False,GOOGL,19.85,-0.05793450881612101,-0.010962518984130058,2981654760000.0,-5.793450881612101,-21047.0
GOOG270115C00270000,270.0,4604.0,空头卖 Call，看跌/看不涨,-1.055855596141431,CALL,4604.0,0.0,38673600.0,1.293693240102248e-05,10M-50M,2027-01-15,316.739990234375,320.1199951171875,317.2699890136719,319.6300048828125,314.4100036621094,84.0,82.55,83.55,4.0,0.4662834133911133,True,GOOG,84.0,0.0,-0.01055855596141431,2989394920000.0,0.0,4604.0
NVDA261218C00194000,194.0,13030.0,多头买 Call，看涨,1.3333336781647247,CALL,13030.0,0.0,38177900.0,8.817032358071574e-06,10M-50M,2026-12-18,179.36000061035156,177.0,174.6999969482422,180.00999450683594,173.67999267578125,29.3,30.4,30.65,5.0,0.4972126695251466,False,NVDA,29.1,0.0068728522336769515,0.013333336781647246,4330017000000.0,0.6872852233676952,13030.0
PDD260116C00095000,95.0,16978.0,多头买 Call，看涨,1.5765005187699133,CALL,16978.0,0.0,38030719.99999999,0.00020608405891718449,10M-50M,2026-01-16,117.91000366210938,116.08000183105467,116.41000366210938,118.5,116.1500015258789,22.4,22.25,24.7,2.0,0.5900919897460939,True,PDD,22.4,0.0,0.015765005187699133,184539843595.0,0.0,16978.0
GOOG280121C00300000,300.0,4222.0,空头卖 Call，看跌/看不涨,-1.055855596141431,CALL,4222.0,0.0,37829119.99999999,1.2654440451113095e-05,10M-50M,2028-01-21,316.739990234375,320.1199951171875,317.2699890136719,319.6300048828125,314.4100036621094,89.6,88.85,90.3,56.0,0.4621025469970704,True,GOOG,91.66,-0.022474361771765244,-0.01055855596141431,2989394920000.0,-2.2474361771765246,4222.0
GOOG251219C00290000,290.0,12882.0,空头卖 Call，看跌/看不涨,-1.055855596141431,CALL,12882.0,0.0,37808670.0,1.2647599601861905e-05,10M-50M,2025-12-19,316.739990234375,320.1199951171875,317.2699890136719,319.6300048828125,314.4100036621094,29.35,29.1,29.85,5.0,0.4388483850097656,True,GOOG,32.14,-0.08680771624144365,-0.01055855596141431,2989394920000.0,-8.680771624144365,12882.0
PLTR260116C00120000,120.0,7457.0,空头卖 Call，看跌/看不涨,-1.1279275339305384,CALL,7457.0,0.0,37657850.0,8.93940373039646e-05,10M-50M,2026-01-16,166.5500030517578,168.4499969482422,165.00999450683594,167.97000122070312,163.1199951171875,50.5,48.8,50.2,29.0,0.8376481079101561,True,PLTR,50.5,0.0,-0.011279275339305382,421256843697.0,0.0,7457.0
B260116C00035000,35.0,46644.0,多头买 Call，看涨,3.1567496380236175,CALL,46644.0,0.0,37641708.0,0.0006399184300390283,10M-50M,2026-01-16,42.64500045776367,41.34000015258789,42.3650016784668,43.08000183105469,41.790000915527344,8.07,7.9,8.55,40.0,0.5327195166015625,True,B,7.28,0.10851648351648352,0.031567496380236176,58822665879.0,10.851648351648352,46644.0
NVDA271217C00135000,135.0,5204.0,多头买 Call，看涨,1.3333336781647247,CALL,5204.0,0.0,37494820.0,8.659277781126495e-06,10M-50M,2027-12-17,179.36000061035156,177.0,174.6999969482422,180.00999450683594,173.67999267578125,72.05,73.75,74.35,10.0,0.5609174768066407,True,NVDA,72.05,0.0,0.013333336781647246,4330017000000.0,0.0,5204.0
META270115C00700000,700.0,3970.0,空头卖 Call，看跌/看不涨,-1.3072045032348774,CALL,3970.0,0.0,36647070.0,1.9614090973350942e-05,10M-50M,2027-01-15,639.47998046875,647.9500122070312,639.5449829101562,645.2949829101562,637.760009765625,92.31,91.7,92.45,16.0,0.4278545374298096,False,META,93.7,-0.01483457844183565,-0.013072045032348774,1868405222031.0,-1.483457844183565,3970.0
NVDA260618P00160000,160.0,26756.0,空头卖 Put，看涨/看不跌,1.3333336781647247,PUT,26756.0,0.0,36254380.00000001,8.372803155276298e-06,10M-50M,2026-06-18,179.36000061035156,177.0,174.6999969482422,180.00999450683594,173.67999267578125,13.55,13.5,13.65,144.0,0.4413508013916015,False,NVDA,14.01,-0.03283369022127046,0.013333336781647246,4330017000000.0,-3.283369022127046,26756.0
CIFR280121C00025000,25.0,35526.0,空头卖 Call，看跌/看不涨,-3.3415247785202746,CALL,35526.0,0.0,36165468.0,0.008017258368364906,10M-50M,2028-01-21,19.670000076293945,20.350000381469727,19.325000762939453,20.36000061035156,19.0,10.18,9.1,11.05,699.0,1.067143336181641,False,CIFR,10.18,0.0,-0.033415247785202745,4510952041.0,0.0,35526.0
GOOGL270617C00295000,295.0,4628.0,空头卖 Call，看跌/看不涨,-1.0962518984130059,CALL,4628.0,0.0,36028980.0,1.2083551886469915e-05,10M-50M,2027-06-17,316.6700134277344,320.17999267578125,317.70001220703125,319.8500061035156,314.44000244140625,77.85,78.6,79.8,2.0,0.4567772828674317,True,GOOGL,83.23,-0.06464015379070058,-0.010962518984130058,2981654760000.0,-6.464015379070058,4628.0
GOOG270115C00260000,260.0,3939.0,空头卖 Call，看跌/看不涨,-1.055855596141431,CALL,3939.0,0.0,35923680.0,1.2017040558829878e-05,10M-50M,2027-01-15,316.739990234375,320.1199951171875,317.2699890136719,319.6300048828125,314.4100036621094,91.2,88.65,89.75,1.0,0.4731803170776367,True,GOOG,91.2,0.0,-0.01055855596141431,2989394920000.0,0.0,3939.0
GOOGL251219C00270000,270.0,7610.0,空头卖 Call，看跌/看不涨,-1.0962518984130059,CALL,7610.0,0.0,35888760.0,1.2036524309071919e-05,10M-50M,2025-12-19,316.6700134277344,320.17999267578125,317.70001220703125,319.8500061035156,314.44000244140625,47.16,47.85,48.1,12.0,0.5001270690917969,True,GOOGL,50.6,-0.06798418972332025,-0.010962518984130058,2981654760000.0,-6.798418972332025,7610.0
META260618C00500000,500.0,2137.0,空头卖 Call，看跌/看不涨,-1.3072045032348774,CALL,2137.0,0.0,35816120.0,1.9169353402398995e-05,10M-50M,2026-06-18,639.47998046875,647.9500122070312,639.5449829101562,645.2949829101562,637.760009765625,167.6,171.1,172.75,1.0,0.5056354368591307,True,META,172.0,-0.025581395348837244,-0.013072045032348774,1868405222031.0,-2.5581395348837246,2137.0
NVDA260618P00150000,150.0,35314.0,空头卖 Put，看涨/看不跌,1.3333336781647247,PUT,35314.0,0.0,35737768.0,8.253493692980882e-06,10M-50M,2026-06-18,179.36000061035156,177.0,174.6999969482422,180.00999450683594,173.67999267578125,10.12,10.1,10.25,984.0,0.4530083996582031,False,NVDA,10.4,-0.026923076923077032,0.013333336781647246,4330017000000.0,-2.692307692307703,35314.0
HOOD260116C00100000,100.0,13480.0,空头卖 Call，看跌/看不涨,-6.708695134300246,CALL,13480.0,0.0,35722000.0,0.0003323994966681388,10M-50M,2026-01-16,119.87000274658205,128.49000549316406,123.5999984741211,125.28990173339844,119.37999725341795,26.5,26.3,27.8,18.0,0.9643558251953124,True,HOOD,31.02,-0.145712443584784,-0.06708695134300247,107467070071.0,-14.571244358478399,13480.0
META260116C00610000,610.0,6940.0,空头卖 Call，看跌/看不涨,-1.3072045032348774,CALL,6940.0,0.0,35359300.0,1.89248561195754e-05,10M-50M,2026-01-16,639.47998046875,647.9500122070312,639.5449829101562,645.2949829101562,637.760009765625,50.95,50.35,51.3,146.0,0.3841766905212402,True,META,53.0,-0.03867924528301882,-0.013072045032348774,1868405222031.0,-3.8679245283018817,6940.0
COIN260116C00200000,200.0,4566.0,空头卖 Call，看跌/看不涨,-7.085258160001046,CALL,4566.0,0.0,34701600.0,0.00043206174399703176,10M-50M,2026-01-16,253.4900054931641,272.82000732421875,260.4750061035156,265.8800048828125,253.2400054931641,76.0,68.05,69.95,10.0,1.1204877960205075,True,COIN,76.0,0.0,-0.07085258160001046,80316298497.0,0.0,4566.0
AVGO270115C00300000,300.0,2611.0,空头卖 Call，看跌/看不涨,-3.022630765848394,CALL,2611.0,0.0,34365982.0,2.1753750055066125e-05,10M-50M,2027-01-15,390.7799987792969,402.9599914550781,394.8500061035156,395.4200134277344,385.6400146484375,131.62,129.95,134.0,4.0,0.5459029785156251,True,AVGO,141.04,-0.06678956324446957,-0.03022630765848394,1579772770810.0,-6.678956324446957,2611.0
INTC270115C00030000,30.0,22859.0,空头卖 Call，看跌/看不涨,-1.39522359664807,CALL,22859.0,0.0,33831320.0,0.00021772787972982975,10M-50M,2027-01-15,39.99409866333008,40.560001373291016,39.8650016784668,40.375,39.59999847412109,14.8,14.4,14.9,6.0,0.6054726953125001,True,INTC,15.25,-0.029508196721311428,-0.0139522359664807,155383500000.0,-2.950819672131143,22859.0
TSM260116C00240000,240.0,6229.0,空头卖 Call，看跌/看不涨,-1.068539184690438,CALL,6229.0,0.0,33636600.0,2.3724596596647107e-05,10M-50M,2026-01-16,288.3951110839844,291.510009765625,286.9200134277344,289.989990234375,286.4599914550781,54.0,51.1,53.2,1.0,0.5015918981933594,True,TSM,54.0,0.0,-0.010685391846904379,1417794391697.0,0.0,6229.0
META260618C00600000,600.0,3320.0,空头卖 Call，看跌/看不涨,-1.3072045032348774,CALL,3320.0,0.0,33631600.0,1.8000163777877728e-05,10M-50M,2026-06-18,639.47998046875,647.9500122070312,639.5449829101562,645.2949829101562,637.760009765625,101.3,101.3,102.2,33.0,0.4431055445861816,True,META,103.52,-0.021445131375579587,-0.013072045032348774,1868405222031.0,-2.1445131375579587,3320.0
IREN270115C00035000,35.0,12898.0,空头卖 Call，看跌/看不涨,-3.482959729452518,CALL,12898.0,0.0,33521901.999999996,0.002944365157666917,10M-50M,2027-01-15,46.144798278808594,47.810001373291016,45.08000183105469,47.66999816894531,44.2599983215332,25.99,24.1,26.5,1.0,1.2026407055664063,True,IREN,27.5,-0.05490909090909096,-0.03482959729452518,11385103479.0,-5.4909090909090965,12898.0
NVDA260618C00142000,142.0,7188.0,多头买 Call，看涨,1.3333336781647247,CALL,7188.0,0.0,33460139.999999996,7.72748467269297e-06,10M-50M,2026-06-18,179.36000061035156,177.0,174.6999969482422,180.00999450683594,173.67999267578125,46.55,48.1,48.5,13.0,0.540287800292969,True,NVDA,46.55,0.0,0.013333336781647246,4330017000000.0,0.0,7188.0
BABA271217C00150000,150.0,7470.0,多头买 Call，看涨,3.3312079673964408,CALL,7470.0,0.0,33241500.0,8.37342199732267e-05,10M-50M,2027-12-17,162.5399932861328,157.3000030517578,160.5,162.9759063720703,159.41000366210938,44.5,44.5,49.0,1.0,0.4853414503479004,True,BABA,44.5,0.0,0.033312079673964407,396988232656.0,0.0,7470.0
SOFI270115C00030000,30.0,37467.0,空头卖 Call，看跌/看不涨,-1.9347202855837373,CALL,37467.0,0.0,33158295.0,0.0009896623675001031,10M-50M,2027-01-15,29.145000457763672,29.71999931335449,28.86000061035156,29.489999771118164,28.670000076293945,8.85,8.5,8.95,226.0,0.7498804309082032,False,SOFI,9.05,-0.022099447513812272,-0.019347202855837374,33504653798.0,-2.209944751381227,37467.0
NVDA260320P00160000,160.0,37612.0,空头卖 Put，看涨/看不跌,1.3333336781647247,PUT,37612.0,0.0,32910500.0,7.600547526718717e-06,10M-50M,2026-03-20,179.36000061035156,177.0,174.6999969482422,180.00999450683594,173.67999267578125,8.75,8.75,8.85,75.0,0.4532525378417968,False,NVDA,9.29,-0.058127018299246415,0.013333336781647246,4330017000000.0,-5.812701829924642,37612.0
GOOGL270115C00350000,350.0,7724.0,空头卖 Call，看跌/看不涨,-1.0962518984130059,CALL,7724.0,0.0,32865619.999999996,1.1022610813600698e-05,10M-50M,2027-01-15,316.6700134277344,320.17999267578125,317.70001220703125,319.8500061035156,314.44000244140625,42.55,43.4,43.75,16.0,0.4208889698791504,False,GOOGL,45.25,-0.05966850828729288,-0.010962518984130058,2981654760000.0,-5.966850828729288,7724.0
PLTR260220C00150000,150.0,11359.0,空头卖 Call，看跌/看不涨,-1.1279275339305384,CALL,11359.0,0.0,32770715.000000004,7.779271836250855e-05,10M-50M,2026-02-20,166.5500030517578,168.4499969482422,165.00999450683594,167.97000122070312,163.1199951171875,28.85,28.4,28.9,19.0,0.646365841064453,True,PLTR,29.38,-0.01803948264125247,-0.011279275339305382,421256843697.0,-1.8039482641252471,11359.0
NVDA271217P00140000,140.0,15167.0,空头卖 Put，看涨/看不跌,1.3333336781647247,PUT,15167.0,0.0,32760720.0,7.565956438508209e-06,10M-50M,2027-12-17,179.36000061035156,177.0,174.6999969482422,180.00999450683594,173.67999267578125,21.6,21.2,21.45,52.0,0.4248714739990235,False,NVDA,21.6,0.0,0.013333336781647246,4330017000000.0,0.0,15167.0
NVDA271217P00200000,200.0,6193.0,空头卖 Put，看涨/看不跌,1.3333336781647247,PUT,6193.0,0.0,32668075.0,7.544560448607939e-06,10M-50M,2027-12-17,179.36000061035156,177.0,174.6999969482422,180.00999450683594,173.67999267578125,52.75,51.8,52.1,6.0,0.3837189314270019,True,NVDA,52.75,0.0,0.013333336781647246,4330017000000.0,0.0,6193.0
B270115C00035000,35.0,27572.0,多头买 Call，看涨,3.1567496380236175,CALL,27572.0,0.0,32534960.000000004,0.0005531024395753399,10M-50M,2027-01-15,42.64500045776367,41.34000015258789,42.3650016784668,43.08000183105469,41.790000915527344,11.8,11.1,12.45,42.0,0.4974415490722657,True,B,10.91,0.081576535288726,0.031567496380236176,58822665879.0,8.157653528872599,27572.0
TSM280121C00300000,300.0,4625.0,空头卖 Call，看跌/看不涨,-1.068539184690438,CALL,4625.0,0.0,32490625.0,2.2916316491498467e-05,10M-50M,2028-01-21,288.3951110839844,291.510009765625,286.9200134277344,289.989990234375,286.4599914550781,70.25,68.3,71.05,10.0,0.4547249962615967,False,TSM,71.99,-0.02417002361439082,-0.010685391846904379,1417794391697.0,-2.417002361439082,4625.0
NVDA270617C00160000,160.0,6008.0,多头买 Call，看涨,1.3333336781647247,CALL,6008.0,0.0,32299008.0,7.459325910267789e-06,10M-50M,2027-06-17,179.36000061035156,177.0,174.6999969482422,180.00999450683594,173.67999267578125,53.76,53.95,54.3,2.0,0.5299729620361329,True,NVDA,52.8,0.0181818181818182,0.013333336781647246,4330017000000.0,1.81818181818182,6008.0
TSM260116C00230000,230.0,5266.0,空头卖 Call，看跌/看不涨,-1.068539184690438,CALL,5266.0,0.0,32201589.999999996,2.2712454068503516e-05,10M-50M,2026-01-16,288.3951110839844,291.510009765625,286.9200134277344,289.989990234375,286.4599914550781,61.15,60.35,62.45,2.0,0.5428512512207033,True,TSM,62.9,-0.02782193958664547,-0.010685391846904379,1417794391697.0,-2.7821939586645468,5266.0
META260618P00600000,600.0,7362.0,多头买 Put，看跌,-1.3072045032348774,PUT,7362.0,0.0,32171940.000000004,1.7218930679838477e-05,10M-50M,2026-06-18,639.47998046875,647.9500122070312,639.5449829101562,645.2949829101562,637.760009765625,43.7,43.55,43.95,43.0,0.3387975056457519,False,META,43.7,0.0,-0.013072045032348774,1868405222031.0,0.0,7362.0
INTC270115C00035000,35.0,26757.0,空头卖 Call，看跌/看不涨,-1.39522359664807,CALL,26757.0,0.0,32108400.0,0.0002066397011265675,10M-50M,2027-01-15,39.99409866333008,40.560001373291016,39.8650016784668,40.375,39.59999847412109,12.0,11.8,12.1,4.0,0.5924113024902344,True,INTC,12.46,-0.03691813804173361,-0.0139522359664807,155383500000.0,-3.6918138041733615,26757.0
MSTR260116P00200000,200.0,7658.0,多头买 Put，看跌,-11.857994906502665,PUT,7658.0,0.0,32056388.0,0.00036579487833986017,10M-50M,2026-01-16,156.1699981689453,177.17999267578125,168.25,168.25,156.06100463867188,41.86,42.05,42.95,44.0,1.0000000000000004e-05,True,MSTR,33.59,0.24620422744864529,-0.11857994906502665,87634873800.0,24.620422744864527,7658.0
NVDA270115P00140000,140.0,23068.0,空头卖 Put，看涨/看不跌,1.3333336781647247,PUT,23068.0,0.0,32041452.0,7.399844388601707e-06,10M-50M,2027-01-15,179.36000061035156,177.0,174.6999969482422,180.00999450683594,173.67999267578125,13.89,13.5,13.7,29.0,0.4392145922851562,False,NVDA,13.89,0.0,0.013333336781647246,4330017000000.0,0.0,23068.0
MSFT251219C00380000,380.0,2857.0,空头卖 Call，看跌/看不涨,-1.0629887365136137,CALL,2857.0,0.0,31964115.999999996,8.407699282404269e-06,10M-50M,2025-12-19,486.7799987792969,492.010009765625,487.9599914550781,488.7591857910156,484.6474914550781,111.88,107.55,109.8,1.0,0.7252224743652342,True,MSFT,111.88,0.0,-0.010629887365136138,3801767276203.0,0.0,2857.0
NVDA270115C00230000,230.0,15532.0,多头买 Call，看涨,1.3333336781647247,CALL,15532.0,0.0,31762939.999999996,7.335523163073031e-06,10M-50M,2027-01-15,179.36000061035156,177.0,174.6999969482422,180.00999450683594,173.67999267578125,20.45,20.5,20.65,217.0,0.4819082571411133,False,NVDA,19.6,0.0433673469387754,0.013333336781647246,4330017000000.0,4.33673469387754,15532.0
NVDA270115P00200000,200.0,7417.0,空头卖 Put，看涨/看不跌,1.3333336781647247,PUT,7417.0,0.0,31574169.0,7.2919272603317724e-06,10M-50M,2027-01-15,179.36000061035156,177.0,174.6999969482422,180.00999450683594,173.67999267578125,42.57,42.5,42.75,131.0,0.3939574765014648,True,NVDA,43.1,-0.012296983758700721,0.013333336781647246,4330017000000.0,-1.2296983758700721,7417.0
NVDA251219C00180000,180.0,48517.0,多头买 Call，看涨,1.3333336781647247,CALL,48517.0,0.0,31390499.0,7.2495094130115425e-06,10M-50M,2025-12-19,179.36000061035156,177.0,174.6999969482422,180.00999450683594,173.67999267578125,6.47,6.45,6.5,5907.0,0.4174862939453124,False,NVDA,5.71,0.13309982486865146,0.013333336781647246,4330017000000.0,13.309982486865145,48517.0
NVDA270115C00165000,165.0,6948.0,多头买 Call，看涨,1.3333336781647247,CALL,6948.0,0.0,31266000.0,7.22075687000767e-06,10M-50M,2027-01-15,179.36000061035156,177.0,174.6999969482422,180.00999450683594,173.67999267578125,45.0,44.7,44.95,9.0,0.5169726037597657,True,NVDA,43.35,0.03806228373702419,0.013333336781647246,4330017000000.0,3.8062283737024187,6948.0
MP280121P00075000,75.0,10027.0,多头买 Put，看跌,-5.447941821526235,PUT,10027.0,0.0,30883160.000000004,0.002540933539839521,10M-50M,2028-01-21,58.57500076293945,61.95000076293945,60.43999862670898,60.5,58.11000061035156,30.8,31.0,33.5,10.0,0.6162758099365235,True,MP,30.8,0.0,-0.05447941821526235,12154257290.0,0.0,10027.0
OKLO270115C00105000,105.0,10214.0,空头卖 Call，看跌/看不涨,-3.2425011223258666,CALL,10214.0,0.0,30539859.999999996,0.0018718604270517637,10M-50M,2027-01-15,88.41699981689453,91.37999725341795,88.54000091552734,90.5999984741211,85.5,29.9,30.0,31.7,3.0,0.9879151599121094,False,OKLO,33.06,-0.0955837870538416,-0.032425011223258665,16315244213.0,-9.55837870538416,10214.0
AVGO260116C00350000,350.0,6001.0,空头卖 Call，看跌/看不涨,-3.022630765848394,CALL,6001.0,0.0,30485080.0,1.9297129665280485e-05,10M-50M,2026-01-16,390.7799987792969,402.9599914550781,394.8500061035156,395.4200134277344,385.6400146484375,50.8,51.1,52.85,42.0,0.5043384527587891,True,AVGO,63.9,-0.2050078247261346,-0.03022630765848394,1579772770810.0,-20.50078247261346,6001.0
NVDA261218P00170000,170.0,12150.0,空头卖 Put，看涨/看不跌,1.3333336781647247,PUT,12150.0,0.0,30314250.0,7.000954037824794e-06,10M-50M,2026-12-18,179.36000061035156,177.0,174.6999969482422,180.00999450683594,173.67999267578125,24.95,24.85,25.1,5.0,0.4173031903076171,False,NVDA,25.56,-0.023865414710485113,0.013333336781647246,4330017000000.0,-2.386541471048511,12150.0
GOOGL260618C00300000,300.0,6213.0,空头卖 Call，看跌/看不涨,-1.0962518984130059,CALL,6213.0,0.0,30151689.0,1.0112401141975271e-05,10M-50M,2026-06-18,316.6700134277344,320.17999267578125,317.70001220703125,319.8500061035156,314.44000244140625,48.53,48.1,48.65,41.0,0.438131229095459,True,GOOGL,50.56,-0.04015031645569622,-0.010962518984130058,2981654760000.0,-4.015031645569622,6213.0
AVGO260320C00330000,330.0,3271.0,空头卖 Call，看跌/看不涨,-3.022630765848394,CALL,3271.0,0.0,29687596.000000004,1.8792320356792972e-05,10M-50M,2026-03-20,390.7799987792969,402.9599914550781,394.8500061035156,395.4200134277344,385.6400146484375,90.76,78.95,80.45,61.0,0.5413864221191409,True,AVGO,90.76,0.0,-0.03022630765848394,1579772770810.0,0.0,3271.0
META260116C00620000,620.0,6728.0,空头卖 Call，看跌/看不涨,-1.3072045032348774,CALL,6728.0,0.0,29670480.0,1.588010975892451e-05,10M-50M,2026-01-16,639.47998046875,647.9500122070312,639.5449829101562,645.2949829101562,637.760009765625,44.1,43.75,44.15,77.0,0.3694826235961914,True,META,46.48,-0.05120481927710834,-0.013072045032348774,1868405222031.0,-5.120481927710834,6728.0
GOOGL260220C00350000,350.0,24586.0,空头卖 Call，看跌/看不涨,-1.0962518984130059,CALL,27453.0,2867.0,29503200.0,9.894908154960233e-06,10M-50M,2026-02-20,316.6700134277344,320.17999267578125,317.70001220703125,319.8500061035156,314.44000244140625,12.0,11.85,11.95,83.0,0.4000609310913086,False,GOOGL,13.2,-0.09090909090909086,-0.010962518984130058,2981654760000.0,-9.090909090909086,24586.0
GOOGL260618C00235000,235.0,3109.0,空头卖 Call，看跌/看不涨,-1.0962518984130059,CALL,3109.0,0.0,29367613.999999996,9.849434748106115e-06,10M-50M,2026-06-18,316.6700134277344,320.17999267578125,317.70001220703125,319.8500061035156,314.44000244140625,94.46,93.55,94.5,2.0,0.5069629382324219,True,GOOGL,94.46,0.0,-0.010962518984130058,2981654760000.0,0.0,3109.0
GS260116C00600000,600.0,1269.0,空头卖 Call，看跌/看不涨,-1.5725619316145256,CALL,1269.0,0.0,29187000.0,0.00012014240571546309,10M-50M,2026-01-16,813.0499877929688,826.0399780273438,818.5900268554688,824.72998046875,811.97998046875,230.0,221.1,227.35,20.0,0.7361476580810546,True,GS,230.0,0.0,-0.015725619316145256,242936703541.0,0.0,1269.0
GILD270617C00097500,97.5,8051.0,空头卖 Call，看跌/看不涨,-1.2793968752463003,CALL,8051.0,0.0,28983600.0,0.00020837351094133783,10M-50M,2027-06-17,124.2300033569336,125.83999633789062,125.69000244140624,126.2300033569336,124.0,36.0,33.85,36.55,1.0,0.3773560800170897,True,GILD,36.0,0.0,-0.012793968752463003,139094455284.0,0.0,8051.0
ASTS270115C00045000,45.0,10024.0,空头卖 Call，看跌/看不涨,-6.28114332041427,CALL,10024.0,0.0,28097272.000000004,0.0015964674482124325,10M-50M,2027-01-15,52.66999816894531,56.20000076293945,54.209999084472656,54.38999938964844,52.31999969482422,28.03,24.25,26.8,19.0,1.1001021557617188,True,ASTS,28.03,0.0,-0.0628114332041427,17599652302.0,0.0,10024.0
NVDA260618C00145000,145.0,6263.0,多头买 Call，看涨,1.3333336781647247,CALL,6263.0,0.0,27964295.0,6.458241387966837e-06,10M-50M,2026-06-18,179.36000061035156,177.0,174.6999969482422,180.00999450683594,173.67999267578125,44.65,45.75,46.2,4.0,0.5302476174926759,True,NVDA,44.65,0.0,0.013333336781647246,4330017000000.0,0.0,6263.0
GOOGL260618C00250000,250.0,3484.0,空头卖 Call，看跌/看不涨,-1.0962518984130059,CALL,3484.0,0.0,27941680.0,9.37119896469838e-06,10M-50M,2026-06-18,316.6700134277344,320.17999267578125,317.70001220703125,319.8500061035156,314.44000244140625,80.2,81.75,82.35,1.0,0.4892629199218751,True,GOOGL,82.9,-0.0325693606755127,-0.010962518984130058,2981654760000.0,-3.25693606755127,3484.0
META260320C00550000,550.0,2396.0,空头卖 Call，看跌/看不涨,-1.3072045032348774,CALL,2396.0,0.0,27314400.0,1.4619098511354303e-05,10M-50M,2026-03-20,639.47998046875,647.9500122070312,639.5449829101562,645.2949829101562,637.760009765625,114.0,115.3,116.85,1.0,0.4766898034667969,True,META,117.0,-0.02564102564102564,-0.013072045032348774,1868405222031.0,-2.564102564102564,2396.0
GOOG260116C00225000,225.0,2979.0,空头卖 Call，看跌/看不涨,-1.055855596141431,CALL,2979.0,0.0,27242955.0,9.113200406455498e-06,10M-50M,2026-01-16,316.739990234375,320.1199951171875,317.2699890136719,319.6300048828125,314.4100036621094,91.45,93.0,94.8,2.0,0.6696810375976563,True,GOOG,94.75,-0.03482849604221633,-0.01055855596141431,2989394920000.0,-3.4828496042216326,2979.0
MSFT271217C00400000,400.0,1905.0,空头卖 Call，看跌/看不涨,-1.0629887365136137,CALL,1905.0,0.0,27184350.0,7.1504508364200194e-06,10M-50M,2027-12-17,486.7799987792969,492.010009765625,487.9599914550781,488.7591857910156,484.6474914550781,142.7,141.2,143.4,2.0,0.3757081472778321,True,MSFT,145.85,-0.02159753171066168,-0.010629887365136138,3801767276203.0,-2.1597531710661677,1905.0
MSTR260320P00200000,200.0,5396.0,多头买 Put，看跌,-11.857994906502665,PUT,5396.0,0.0,27017772.000000004,0.0003082993199905767,10M-50M,2026-03-20,156.1699981689453,177.17999267578125,168.25,168.25,156.06100463867188,50.07,49.95,51.0,31.0,0.5701947277832031,True,MSTR,41.6,0.2036057692307692,-0.11857994906502665,87634873800.0,20.36057692307692,5396.0
AVGO270617C00390000,390.0,2673.0,空头卖 Call，看跌/看不涨,-3.022630765848394,CALL,2673.0,0.0,27010664.999999996,1.7097816533545367e-05,10M-50M,2027-06-17,390.7799987792969,402.9599914550781,394.8500061035156,395.4200134277344,385.6400146484375,101.05,98.25,101.1,1.0,0.5217180397033692,True,AVGO,108.0,-0.06435185185185188,-0.03022630765848394,1579772770810.0,-6.435185185185189,2673.0
INTC260116C00040000,40.0,86183.0,空头卖 Call，看跌/看不涨,-1.39522359664807,CALL,86183.0,0.0,26975278.999999996,0.00017360452686417796,10M-50M,2026-01-16,39.99409866333008,40.560001373291016,39.8650016784668,40.375,39.59999847412109,3.13,3.1,3.2,2131.0,0.5512740185546876,False,INTC,3.6,-0.13055555555555562,-0.0139522359664807,155383500000.0,-13.055555555555562,86183.0
META270115C00750000,750.0,3652.0,空头卖 Call，看跌/看不涨,-1.3072045032348774,CALL,3652.0,0.0,26915240.000000004,1.440546177169346e-05,10M-50M,2027-01-15,639.47998046875,647.9500122070312,639.5449829101562,645.2949829101562,637.760009765625,73.7,74.45,75.15,207.0,0.4207592714691162,False,META,75.67,-0.026034095414298915,-0.013072045032348774,1868405222031.0,-2.6034095414298917,3652.0
INTC260618C00050000,50.0,74342.0,空头卖 Call，看跌/看不涨,-1.39522359664807,CALL,74342.0,0.0,26763120.0,0.00017223913736014442,10M-50M,2026-06-18,39.99409866333008,40.560001373291016,39.8650016784668,40.375,39.59999847412109,3.6,3.65,3.8,149.0,0.5877726770019531,False,INTC,3.95,-0.08860759493670887,-0.0139522359664807,155383500000.0,-8.860759493670887,74342.0
SOFI260618C00022000,22.0,26138.0,空头卖 Call，看跌/看不涨,-1.9347202855837373,CALL,26138.0,0.0,26530070.0,0.0007918323872244775,10M-50M,2026-06-18,29.145000457763672,29.71999931335449,28.86000061035156,29.489999771118164,28.670000076293945,10.15,10.0,10.6,66.0,0.8203142968749999,True,SOFI,10.45,-0.028708133971291766,-0.019347202855837374,33504653798.0,-2.8708133971291767,26138.0
NVDA260618P00190000,190.0,9177.0,空头卖 Put，看涨/看不跌,1.3333336781647247,PUT,9177.0,0.0,26328813.0,6.080533402062855e-06,10M-50M,2026-06-18,179.36000061035156,177.0,174.6999969482422,180.00999450683594,173.67999267578125,28.69,27.95,28.15,20.0,0.4131528411865234,True,NVDA,28.94,-0.008638562543192813,0.013333336781647246,4330017000000.0,-0.8638562543192813,9177.0
GOOGL260220C00245000,245.0,3295.0,空头卖 Call，看跌/看不涨,-1.0962518984130059,CALL,3295.0,0.0,26310575.0,8.82415206246078e-06,10M-50M,2026-02-20,316.6700134277344,320.17999267578125,317.70001220703125,319.8500061035156,314.44000244140625,79.85,77.1,77.5,10.0,0.5300339965820313,True,GOOGL,79.85,0.0,-0.010962518984130058,2981654760000.0,0.0,3295.0
AVGO271217C00300000,300.0,1567.0,空头卖 Call，看跌/看不涨,-3.022630765848394,CALL,1567.0,0.0,26031004.0,1.6477688741687243e-05,10M-50M,2027-12-17,390.7799987792969,402.9599914550781,394.8500061035156,395.4200134277344,385.6400146484375,166.12,155.0,158.25,2.0,0.5497176376342775,True,AVGO,166.12,0.0,-0.03022630765848394,1579772770810.0,0.0,1567.0
NVDA270617C00175000,175.0,5599.0,多头买 Call，看涨,1.3333336781647247,CALL,5599.0,0.0,25923370.0,5.986897972917889e-06,10M-50M,2027-06-17,179.36000061035156,177.0,174.6999969482422,180.00999450683594,173.67999267578125,46.3,46.95,47.25,21.0,0.5196581237792968,True,NVDA,45.65,0.014238773274917823,0.013333336781647246,4330017000000.0,1.4238773274917822,5599.0
PDD251219P00130000,130.0,21029.0,空头卖 Put，看涨/看不跌,1.5765005187699133,PUT,21029.0,0.0,25865670.0,0.00014016306449660834,10M-50M,2025-12-19,117.91000366210938,116.08000183105467,116.41000366210938,118.5,116.1500015258789,12.3,11.8,12.85,2.0,0.3901428173828125,True,PDD,13.65,-0.09890109890109887,0.015765005187699133,184539843595.0,-9.890109890109887,21029.0
GOOGL260116C00255000,255.0,3962.0,空头卖 Call，看跌/看不涨,-1.0962518984130059,CALL,3962.0,0.0,25499432.0,8.552107488125152e-06,10M-50M,2026-01-16,316.6700134277344,320.17999267578125,317.70001220703125,319.8500061035156,314.44000244140625,64.36,63.6,65.25,4.0,0.5345505529785157,True,GOOGL,66.0,-0.024848484848484856,-0.010962518984130058,2981654760000.0,-2.4848484848484858,3962.0
META260618C00650000,650.0,3397.0,空头卖 Call，看跌/看不涨,-1.3072045032348774,CALL,3397.0,0.0,25477500.0,1.3635960604041431e-05,10M-50M,2026-06-18,639.47998046875,647.9500122070312,639.5449829101562,645.2949829101562,637.760009765625,75.0,75.0,75.45,14.0,0.4240780249023437,False,META,76.05,-0.013806706114398385,-0.013072045032348774,1868405222031.0,-1.3806706114398386,3397.0
COIN260320P00300000,300.0,4378.0,多头买 Put，看跌,-7.085258160001046,PUT,4378.0,0.0,25291706.000000004,0.0003149012899411034,10M-50M,2026-03-20,253.4900054931641,272.82000732421875,260.4750061035156,265.8800048828125,253.2400054931641,57.77,56.45,57.75,20.0,0.4786429089355468,True,COIN,51.97,0.11160284779680593,-0.07085258160001046,80316298497.0,11.160284779680593,4378.0
NVDA270115C00220000,220.0,10876.0,多头买 Call，看涨,1.3333336781647247,CALL,10876.0,0.0,25232320.0,5.827302756548069e-06,10M-50M,2027-01-15,179.36000061035156,177.0,174.6999969482422,180.00999450683594,173.67999267578125,23.2,23.2,23.35,34.0,0.4855703298950196,False,NVDA,22.1,0.0497737556561085,0.013333336781647246,4330017000000.0,4.97737556561085,10876.0
NVDA270617C00190000,190.0,6202.0,多头买 Call，看涨,1.3333336781647247,CALL,6202.0,0.0,25180120.0,5.815247376626928e-06,10M-50M,2027-06-17,179.36000061035156,177.0,174.6999969482422,180.00999450683594,173.67999267578125,40.6,40.55,40.95,7.0,0.5092975096130372,False,NVDA,39.5,0.027848101265822822,0.013333336781647246,4330017000000.0,2.784810126582282,6202.0
NVDA260918C00130000,130.0,4159.0,多头买 Call，看涨,1.3333336781647247,CALL,4159.0,0.0,24787640.0,5.724605700162378e-06,10M-50M,2026-09-18,179.36000061035156,177.0,174.6999969482422,180.00999450683594,173.67999267578125,59.6,60.9,61.3,3.0,0.5576826458740236,True,NVDA,59.6,0.0,0.013333336781647246,4330017000000.0,0.0,4159.0
HOOD260220C00110000,110.0,10637.0,空头卖 Call，看跌/看不涨,-6.708695134300246,CALL,10637.0,0.0,24784210.0,0.00023062143579075784,10M-50M,2026-02-20,119.87000274658205,128.49000549316406,123.5999984741211,125.28990173339844,119.37999725341795,23.3,22.55,23.9,46.0,0.8267839587402341,True,HOOD,26.9,-0.1338289962825278,-0.06708695134300247,107467070071.0,-13.382899628252781,10637.0
UUUU280121C00017000,17.0,36981.0,空头卖 Call，看跌/看不涨,-1.7361111571023509,CALL,36981.0,0.0,24777270.0,0.006428011396140985,10M-50M,2028-01-21,14.149999618530272,14.399999618530272,14.199999809265137,14.600000381469728,13.920000076293944,6.7,6.7,7.5,2.0,1.0183154553222655,False,UUUU,7.15,-0.06293706293706296,-0.017361111571023508,3854577796.0,-6.293706293706296,36981.0
GS270617C00580000,580.0,846.0,空头卖 Call，看跌/看不涨,-1.5725619316145256,CALL,846.0,0.0,24610140.0,0.00010130268354384989,10M-50M,2027-06-17,813.0499877929688,826.0399780273438,818.5900268554688,824.72998046875,811.97998046875,290.9,277.0,285.0,1.0,0.4084989570617676,True,GS,290.9,0.0,-0.015725619316145256,242936703541.0,0.0,846.0
AVGO270115C00360000,360.0,2278.0,空头卖 Call，看跌/看不涨,-3.022630765848394,CALL,2278.0,0.0,24504446.0,1.551137382082854e-05,10M-50M,2027-01-15,390.7799987792969,402.9599914550781,394.8500061035156,395.4200134277344,385.6400146484375,107.57,96.55,99.3,28.0,0.5198717446899414,True,AVGO,107.57,0.0,-0.03022630765848394,1579772770810.0,0.0,2278.0
NVDA260618C00134000,134.0,4285.0,多头买 Call，看涨,1.3333336781647247,CALL,4285.0,0.0,24360225.0,5.625895926043708e-06,10M-50M,2026-06-18,179.36000061035156,177.0,174.6999969482422,180.00999450683594,173.67999267578125,56.85,54.05,54.45,5.0,0.5560347131347658,True,NVDA,56.85,0.0,0.013333336781647246,4330017000000.0,0.0,4285.0
HOOD271217C00095000,95.0,3903.0,空头卖 Call，看跌/看不涨,-6.708695134300246,CALL,3903.0,0.0,24319593.000000004,0.00022629809283841867,10M-50M,2027-12-17,119.87000274658205,128.49000549316406,123.5999984741211,125.28990173339844,119.37999725341795,62.31,58.4,60.05,6.0,0.7879965048217773,True,HOOD,62.31,0.0,-0.06708695134300247,107467070071.0,0.0,3903.0
GOOGL251219C00280000,280.0,6373.0,空头卖 Call，看跌/看不涨,-1.0962518984130059,CALL,6373.0,0.0,24223773.0,8.12427157059592e-06,10M-50M,2025-12-19,316.6700134277344,320.17999267578125,317.70001220703125,319.8500061035156,314.44000244140625,38.01,38.0,38.25,2.0,0.4334773449707031,True,GOOGL,41.47,-0.08343380757173863,-0.010962518984130058,2981654760000.0,-8.343380757173863,6373.0
NVDA270115C00145000,145.0,4342.0,多头买 Call，看涨,1.3333336781647247,CALL,4342.0,0.0,24024286.0,5.548312165979949e-06,10M-50M,2027-01-15,179.36000061035156,177.0,174.6999969482422,180.00999450683594,173.67999267578125,55.33,55.9,56.3,5.0,0.5387314193725586,True,NVDA,54.3,0.018968692449355454,0.013333336781647246,4330017000000.0,1.8968692449355455,4342.0
GOOGL251219C00290000,290.0,8295.0,空头卖 Call，看跌/看不涨,-1.0962518984130059,CALL,8295.0,0.0,24014025.0,8.053925398123557e-06,10M-50M,2025-12-19,316.6700134277344,320.17999267578125,317.70001220703125,319.8500061035156,314.44000244140625,28.95,29.2,29.45,15.0,0.414068359375,True,GOOGL,32.25,-0.10232558139534886,-0.010962518984130058,2981654760000.0,-10.232558139534886,8295.0
GOOGL260320C00270000,270.0,3877.0,空头卖 Call，看跌/看不涨,-1.0962518984130059,CALL,3877.0,0.0,23727240.000000004,7.95774223035802e-06,10M-50M,2026-03-20,316.6700134277344,320.17999267578125,317.70001220703125,319.8500061035156,314.44000244140625,61.2,58.05,58.8,25.0,0.4656425506591797,True,GOOGL,61.2,0.0,-0.010962518984130058,2981654760000.0,0.0,3877.0
NVDA261218C00190000,190.0,7382.0,多头买 Call，看涨,1.3333336781647247,CALL,7382.0,0.0,23659309.999999996,5.464022427625572e-06,10M-50M,2026-12-18,179.36000061035156,177.0,174.6999969482422,180.00999450683594,173.67999267578125,32.05,31.95,32.15,144.0,0.4986622399902344,False,NVDA,30.75,0.04227642276422755,0.013333336781647246,4330017000000.0,4.227642276422755,7382.0
AVGO270115C00340000,340.0,2159.0,空头卖 Call，看跌/看不涨,-3.022630765848394,CALL,2159.0,0.0,23349585.0,1.4780344003541675e-05,10M-50M,2027-01-15,390.7799987792969,402.9599914550781,394.8500061035156,395.4200134277344,385.6400146484375,108.15,107.15,109.95,1.0,0.5283860638427735,True,AVGO,118.0,-0.08347457627118639,-0.03022630765848394,1579772770810.0,-8.347457627118638,2159.0
AVGO270115C00350000,350.0,2251.0,空头卖 Call，看跌/看不涨,-3.022630765848394,CALL,2251.0,0.0,23288846.0,1.4741896069052427e-05,10M-50M,2027-01-15,390.7799987792969,402.9599914550781,394.8500061035156,395.4200134277344,385.6400146484375,103.46,100.9,103.95,7.0,0.5192156233215333,True,AVGO,114.0,-0.09245614035087725,-0.03022630765848394,1579772770810.0,-9.245614035087725,2251.0
MSFT251219C00350000,350.0,1904.0,空头卖 Call，看跌/看不涨,-1.0629887365136137,CALL,1904.0,0.0,23228800.0,6.110000510920193e-06,10M-50M,2025-12-19,486.7799987792969,492.010009765625,487.9599914550781,488.7591857910156,484.6474914550781,122.0,137.25,140.4,1.0,0.9294440649414062,True,MSFT,122.0,0.0,-0.010629887365136138,3801767276203.0,0.0,1904.0
TSM280121C00250000,250.0,2480.0,空头卖 Call，看跌/看不涨,-1.068539184690438,CALL,2480.0,0.0,23212800.0,1.637247271955697e-05,10M-50M,2028-01-21,288.3951110839844,291.510009765625,286.9200134277344,289.989990234375,286.4599914550781,93.6,91.7,93.6,126.0,0.473012472076416,True,TSM,94.15,-0.005841741901221576,-0.010685391846904379,1417794391697.0,-0.5841741901221575,2480.0
NVDA260618P00140000,140.0,30655.0,空头卖 Put，看涨/看不跌,1.3333336781647247,PUT,30655.0,0.0,23205835.0,5.359294201385353e-06,10M-50M,2026-06-18,179.36000061035156,177.0,174.6999969482422,180.00999450683594,173.67999267578125,7.57,7.35,7.5,207.0,0.4658866888427735,False,NVDA,7.65,-0.010457516339869289,0.013333336781647246,4330017000000.0,-1.0457516339869288,30655.0
NVDA280121C00195000,195.0,4824.0,多头买 Call，看涨,1.3333336781647247,CALL,4824.0,0.0,22904352.0,5.2896679158534485e-06,10M-50M,2028-01-21,179.36000061035156,177.0,174.6999969482422,180.00999450683594,173.67999267578125,47.48,47.8,48.15,14.0,0.519688641052246,False,NVDA,46.8,0.014529914529914525,0.013333336781647246,4330017000000.0,1.4529914529914525,4824.0
PDD260320P00120000,120.0,25623.0,空头卖 Put，看涨/看不跌,1.5765005187699133,PUT,25623.0,0.0,22881339.0,0.00012399132108411497,10M-50M,2026-03-20,117.91000366210938,116.08000183105467,116.41000366210938,118.5,116.1500015258789,8.93,8.15,8.5,5.0,0.2847361566162109,True,PDD,9.3,-0.039784946236559246,0.015765005187699133,184539843595.0,-3.9784946236559247,25623.0
BABA251219C00120000,120.0,5982.0,多头买 Call，看涨,3.3312079673964408,CALL,5982.0,0.0,22809366.0,5.7456025452937975e-05,10M-50M,2025-12-19,162.5399932861328,157.3000030517578,160.5,162.9759063720703,159.41000366210938,38.13,39.25,41.9,1.0,1.0000000000000004e-05,True,BABA,38.13,0.0,0.033312079673964407,396988232656.0,0.0,5982.0
NEM280121C00090000,90.0,9994.0,多头买 Call，看涨,1.3005623955877497,CALL,10255.0,261.0,22786320.0,0.00024333222091198447,10M-50M,2028-01-21,91.91000366210938,90.7300033569336,92.0,92.87999725341795,90.86000061035156,22.8,22.5,25.3,10280.0,0.4663139306640625,True,NEM,22.8,0.0,0.013005623955877496,93642839056.0,0.0,9994.0
NVDA280121C00150000,150.0,3396.0,多头买 Call，看涨,1.3333336781647247,CALL,3396.0,0.0,22753200.0,5.254759969764553e-06,10M-50M,2028-01-21,179.36000061035156,177.0,174.6999969482422,180.00999450683594,173.67999267578125,67.0,67.05,67.55,5.0,0.5490462576293947,True,NVDA,65.7,0.01978691019786906,0.013333336781647246,4330017000000.0,1.9786910197869059,3396.0
INTC261218C00050000,50.0,37318.0,空头卖 Call，看跌/看不涨,-1.39522359664807,CALL,37318.0,0.0,22689344.0,0.0001460215788677691,10M-50M,2026-12-18,39.99409866333008,40.560001373291016,39.8650016784668,40.375,39.59999847412109,6.08,5.9,6.2,29.0,0.5697064514160157,False,INTC,6.32,-0.037974683544303826,-0.0139522359664807,155383500000.0,-3.7974683544303827,37318.0
NVDA251219P00190000,190.0,16616.0,空头卖 Put，看涨/看不跌,1.3333336781647247,PUT,16616.0,0.0,22630992.0,5.226536523990553e-06,10M-50M,2025-12-19,179.36000061035156,177.0,174.6999969482422,180.00999450683594,173.67999267578125,13.62,13.65,13.75,249.0,0.4285945812988281,True,NVDA,15.3,-0.10980392156862755,0.013333336781647246,4330017000000.0,-10.980392156862754,16616.0
AVGO260116C00360000,360.0,5074.0,空头卖 Call，看跌/看不涨,-3.022630765848394,CALL,5074.0,0.0,22630040.0,1.4324870271309244e-05,10M-50M,2026-01-16,390.7799987792969,402.9599914550781,394.8500061035156,395.4200134277344,385.6400146484375,44.6,44.2,45.3,18.0,0.5049793154907226,True,AVGO,56.0,-0.20357142857142854,-0.03022630765848394,1579772770810.0,-20.357142857142854,5074.0
AVGO251219C00380000,380.0,8870.0,空头卖 Call，看跌/看不涨,-3.022630765848394,CALL,8870.0,0.0,22618500.0,1.4317565423287283e-05,10M-50M,2025-12-19,390.7799987792969,402.9599914550781,394.8500061035156,395.4200134277344,385.6400146484375,25.5,25.65,26.05,214.0,0.5676923114013672,True,AVGO,33.65,-0.24219910846953935,-0.03022630765848394,1579772770810.0,-24.219910846953933,8870.0
META260320C00700000,700.0,6992.0,空头卖 Call，看跌/看不涨,-1.3072045032348774,CALL,6992.0,0.0,22549200.0,1.2068688170057935e-05,10M-50M,2026-03-20,639.47998046875,647.9500122070312,639.5449829101562,645.2949829101562,637.760009765625,32.25,32.4,32.6,141.0,0.3947204083251954,False,META,33.8,-0.045857988165680395,-0.013072045032348774,1868405222031.0,-4.5857988165680394,6992.0
NVDA280121C00220000,220.0,5692.0,多头买 Call，看涨,1.3333336781647247,CALL,5692.0,0.0,22540320.0,5.205596190499945e-06,10M-50M,2028-01-21,179.36000061035156,177.0,174.6999969482422,180.00999450683594,173.67999267578125,39.6,39.6,39.9,16.0,0.5089465609741212,False,NVDA,38.45,0.029908972691807503,0.013333336781647246,4330017000000.0,2.99089726918075,5692.0
NVDA251219C00175000,175.0,24030.0,多头买 Call，看涨,1.3333336781647247,CALL,24030.0,0.0,22468050.0,5.188905724850503e-06,10M-50M,2025-12-19,179.36000061035156,177.0,174.6999969482422,180.00999450683594,173.67999267578125,9.35,9.2,9.3,1587.0,0.4289607885742187,True,NVDA,8.19,0.14163614163614166,0.013333336781647246,4330017000000.0,14.163614163614167,24030.0
NVDA260821P00170000,170.0,10841.0,空头卖 Put，看涨/看不跌,1.3333336781647247,PUT,10841.0,0.0,22462552.0,5.1876359838772e-06,10M-50M,2026-08-21,179.36000061035156,177.0,174.6999969482422,180.00999450683594,173.67999267578125,20.72,20.15,20.35,111.0,0.4200192276000977,False,NVDA,20.72,0.0,0.013333336781647246,4330017000000.0,0.0,10841.0
GOOGL251219C00255000,255.0,3634.0,空头卖 Call，看跌/看不涨,-1.0962518984130059,CALL,3634.0,0.0,22421780.0,7.519911527248715e-06,10M-50M,2025-12-19,316.6700134277344,320.17999267578125,317.70001220703125,319.8500061035156,314.44000244140625,61.7,61.85,62.6,5.0,0.5251512329101562,True,GOOGL,65.72,-0.06116859403530122,-0.010962518984130058,2981654760000.0,-6.116859403530122,3634.0
META271217C00700000,700.0,1638.0,空头卖 Call，看跌/看不涨,-1.3072045032348774,CALL,1638.0,0.0,22412754.0,1.1995660114692259e-05,10M-50M,2027-12-17,639.47998046875,647.9500122070312,639.5449829101562,645.2949829101562,637.760009765625,136.83,138.7,140.0,56.0,0.4486787615585326,False,META,139.7,-0.02054402290622746,-0.013072045032348774,1868405222031.0,-2.054402290622746,1638.0
GOOGL270115C00275000,275.0,2790.0,空头卖 Call，看跌/看不涨,-1.0962518984130059,CALL,2790.0,0.0,22398120.0,7.511976336254302e-06,10M-50M,2027-01-15,316.6700134277344,320.17999267578125,317.70001220703125,319.8500061035156,314.44000244140625,80.28,79.65,80.7,2.0,0.4635978933715821,True,GOOGL,82.0,-0.02097560975609755,-0.010962518984130058,2981654760000.0,-2.097560975609755,2790.0
NVDA271217C00220000,220.0,5849.0,多头买 Call，看涨,1.3333336781647247,CALL,5849.0,0.0,22372425.0,5.16682151594324e-06,10M-50M,2027-12-17,179.36000061035156,177.0,174.6999969482422,180.00999450683594,173.67999267578125,38.25,38.15,38.45,2.0,0.5065051791381835,False,NVDA,37.25,0.026845637583892617,0.013333336781647246,4330017000000.0,2.684563758389262,5849.0
GOOGL251219C00235000,235.0,2702.0,空头卖 Call，看跌/看不涨,-1.0962518984130059,CALL,2702.0,0.0,22229353.999999996,7.4553748804908574e-06,10M-50M,2025-12-19,316.6700134277344,320.17999267578125,317.70001220703125,319.8500061035156,314.44000244140625,82.27,81.9,84.4,5.0,0.8481460498046874,True,GOOGL,85.37,-0.036312521963219026,-0.010962518984130058,2981654760000.0,-3.6312521963219027,2702.0
CIFR260116C00015000,15.0,37206.0,空头卖 Call，看跌/看不涨,-3.3415247785202746,CALL,37206.0,0.0,22137570.0,0.004907516151533387,10M-50M,2026-01-16,19.670000076293945,20.350000381469727,19.325000762939453,20.36000061035156,19.0,5.95,6.1,6.65,23.0,1.4589870800781248,True,CIFR,6.55,-0.09160305343511445,-0.033415247785202745,4510952041.0,-9.160305343511444,37206.0
MSFT260116C00375000,375.0,1867.0,空头卖 Call，看跌/看不涨,-1.0629887365136137,CALL,1867.0,0.0,21750550.0,5.721168188317744e-06,10M-50M,2026-01-16,486.7799987792969,492.010009765625,487.9599914550781,488.7591857910156,484.6474914550781,116.5,114.35,117.5,1.0,0.571415418701172,True,MSFT,116.5,0.0,-0.010629887365136138,3801767276203.0,0.0,1867.0
MSFT261218C00500000,500.0,3846.0,空头卖 Call，看跌/看不涨,-1.0629887365136137,CALL,3846.0,0.0,21749130.0,5.7207946778167485e-06,10M-50M,2026-12-18,486.7799987792969,492.010009765625,487.9599914550781,488.7591857910156,484.6474914550781,56.55,56.15,56.55,101.0,0.3134223931884765,False,MSFT,58.82,-0.03859231553893239,-0.010629887365136138,3801767276203.0,-3.8592315538932387,3846.0
OXY280121C00040000,40.0,21850.0,多头买 Call，看涨,1.2976146879650299,CALL,21850.0,0.0,21740749.999999996,0.0004652283292011768,10M-50M,2028-01-21,42.54499816894531,42.0,41.83000183105469,42.7400016784668,41.78499984741211,9.95,9.9,10.35,32.0,0.3790345300292969,True,OXY,9.72,0.02366255144032908,0.012976146879650298,46731354553.0,2.366255144032908,21850.0
IREN270115C00050000,50.0,10097.0,空头卖 Call，看跌/看不涨,-3.482959729452518,CALL,10097.0,0.0,21708550.0,0.0019067503461906831,10M-50M,2027-01-15,46.144798278808594,47.810001373291016,45.08000183105469,47.66999816894531,44.2599983215332,21.5,20.45,22.3,35.0,1.2238808337402345,False,IREN,21.77,-0.01240238860817637,-0.03482959729452518,11385103479.0,-1.2402388608176371,10097.0
NVDA260618C00185000,185.0,9312.0,多头买 Call，看涨,1.3333336781647247,CALL,9312.0,0.0,21631776.0,4.995771610134556e-06,10M-50M,2026-06-18,179.36000061035156,177.0,174.6999969482422,180.00999450683594,173.67999267578125,23.23,23.2,23.3,19.0,0.4862111926269531,False,NVDA,21.95,0.058314350797266566,0.013333336781647246,4330017000000.0,5.831435079726656,9312.0
COIN260116P00320000,320.0,3538.0,多头买 Put，看跌,-7.085258160001046,PUT,3538.0,0.0,21511040.0,0.00026782907582330236,10M-50M,2026-01-16,253.4900054931641,272.82000732421875,260.4750061035156,265.8800048828125,253.2400054931641,60.8,60.4,62.7,1.0,1.0000000000000004e-05,True,COIN,54.0,0.12592592592592589,-0.07085258160001046,80316298497.0,12.592592592592588,3538.0
GOOGL270115C00270000,270.0,2597.0,空头卖 Call，看跌/看不涨,-1.0962518984130059,CALL,2597.0,0.0,21464205.0,7.1987559686487645e-06,10M-50M,2027-01-15,316.6700134277344,320.17999267578125,317.70001220703125,319.8500061035156,314.44000244140625,82.65,82.95,83.8,20.0,0.4678092770385742,True,GOOGL,84.63,-0.023395958879829728,-0.010962518984130058,2981654760000.0,-2.3395958879829726,2597.0
GOOGL260116C00305000,305.0,9392.0,空头卖 Call，看跌/看不涨,-1.0962518984130059,CALL,9392.0,0.0,21460720.0,7.197587154590628e-06,10M-50M,2026-01-16,316.6700134277344,320.17999267578125,317.70001220703125,319.8500061035156,314.44000244140625,22.85,22.95,23.1,187.0,0.3727479718017578,True,GOOGL,25.5,-0.10392156862745093,-0.010962518984130058,2981654760000.0,-10.392156862745093,9392.0
CIFR270115P00022000,22.0,17938.0,多头买 Put，看跌,-3.3415247785202746,PUT,17938.0,0.0,21453848.0,0.0047559468167708676,10M-50M,2027-01-15,19.670000076293945,20.350000381469727,19.325000762939453,20.36000061035156,19.0,11.96,9.85,11.65,6.0,1.1506390124511716,True,CIFR,11.96,0.0,-0.033415247785202745,4510952041.0,0.0,17938.0
NVDA260918P00140000,140.0,20951.0,空头卖 Put，看涨/看不跌,1.3333336781647247,PUT,20951.0,0.0,21411922.0,4.944997213636805e-06,10M-50M,2026-09-18,179.36000061035156,177.0,174.6999969482422,180.00999450683594,173.67999267578125,10.22,10.2,10.25,15.0,0.447423738708496,False,NVDA,10.5,-0.026666666666666606,0.013333336781647246,4330017000000.0,-2.6666666666666607,20951.0
GOOG260618C00240000,240.0,2391.0,空头卖 Call，看跌/看不涨,-1.055855596141431,CALL,2391.0,0.0,21363584.999999996,7.146457919316996e-06,10M-50M,2026-06-18,316.739990234375,320.1199951171875,317.2699890136719,319.6300048828125,314.4100036621094,89.35,89.4,90.15,5.0,0.5032398309326171,True,GOOG,92.54,-0.03447157985735911,-0.01055855596141431,2989394920000.0,-3.447157985735911,2391.0
AVGO260618C00330000,330.0,2301.0,空头卖 Call，看跌/看不涨,-3.022630765848394,CALL,2301.0,0.0,21272745.0,1.3465699240462782e-05,10M-50M,2026-06-18,390.7799987792969,402.9599914550781,394.8500061035156,395.4200134277344,385.6400146484375,92.45,91.65,94.05,7.0,0.5433853034973146,True,AVGO,102.55,-0.09848854217454894,-0.03022630765848394,1579772770810.0,-9.848854217454894,2301.0
NVDA280121C00175000,175.0,3785.0,多头买 Call，看涨,1.3333336781647247,CALL,3785.0,0.0,21196000.0,4.895130896714724e-06,10M-50M,2028-01-21,179.36000061035156,177.0,174.6999969482422,180.00999450683594,173.67999267578125,56.0,55.65,56.0,143.0,0.5312089115905763,True,NVDA,54.2,0.03321033210332098,0.013333336781647246,4330017000000.0,3.321033210332098,3785.0
PLTR270617C00170000,170.0,3983.0,空头卖 Call，看跌/看不涨,-1.1279275339305384,CALL,3983.0,0.0,20882869.0,4.9572770893712884e-05,10M-50M,2027-06-17,166.5500030517578,168.4499969482422,165.00999450683594,167.97000122070312,163.1199951171875,52.43,51.25,52.3,1.0,0.6587558538818359,False,PLTR,52.43,0.0,-0.011279275339305382,421256843697.0,0.0,3983.0
GOOGL260918C00260000,260.0,2510.0,空头卖 Call，看跌/看不涨,-1.0962518984130059,CALL,2510.0,0.0,20845550.0,6.9912688348935475e-06,10M-50M,2026-09-18,316.6700134277344,320.17999267578125,317.70001220703125,319.8500061035156,314.44000244140625,83.05,80.7,81.8,10.0,0.4732260929870606,True,GOOGL,83.05,0.0,-0.010962518984130058,2981654760000.0,0.0,2510.0
NVDA260220P00160000,160.0,33787.0,空头卖 Put，看涨/看不跌,1.3333336781647247,PUT,33787.0,0.0,20779005.0,4.798827579660773e-06,10M-50M,2026-02-20,179.36000061035156,177.0,174.6999969482422,180.00999450683594,173.67999267578125,6.15,6.2,6.25,684.0,0.4321345849609375,False,NVDA,6.65,-0.07518796992481203,0.013333336781647246,4330017000000.0,-7.518796992481203,33787.0
NVDA260220C00195000,195.0,24660.0,多头买 Call，看涨,1.3333336781647247,CALL,24660.0,0.0,20763720.0,4.7952975704252435e-06,10M-50M,2026-02-20,179.36000061035156,177.0,174.6999969482422,180.00999450683594,173.67999267578125,8.42,8.35,8.45,734.0,0.4245663012695312,False,NVDA,7.6,0.10789473684210531,0.013333336781647246,4330017000000.0,10.789473684210531,24660.0
GOOGL260618C00260000,260.0,2705.0,空头卖 Call，看跌/看不涨,-1.0962518984130059,CALL,2705.0,0.0,20652674.999999996,6.926581600614283e-06,10M-50M,2026-06-18,316.6700134277344,320.17999267578125,317.70001220703125,319.8500061035156,314.44000244140625,76.35,74.0,74.9,1.0,0.4776510975646973,True,GOOGL,76.35,0.0,-0.010962518984130058,2981654760000.0,0.0,2705.0
NVDA280121C00130000,130.0,2707.0,多头买 Call，看涨,1.3333336781647247,CALL,2707.0,0.0,20646289.0,4.76817735357621e-06,10M-50M,2028-01-21,179.36000061035156,177.0,174.6999969482422,180.00999450683594,173.67999267578125,76.27,77.7,78.3,77.0,0.56796696685791,True,NVDA,76.27,0.0,0.013333336781647246,4330017000000.0,0.0,2707.0
GOOGL260320C00250000,250.0,2771.0,空头卖 Call，看跌/看不涨,-1.0962518984130059,CALL,2771.0,0.0,20519255.0,6.881834636012655e-06,10M-50M,2026-03-20,316.6700134277344,320.17999267578125,317.70001220703125,319.8500061035156,314.44000244140625,74.05,74.8,75.45,6.0,0.5028125891113282,True,GOOGL,76.36,-0.030251440544787876,-0.010962518984130058,2981654760000.0,-3.0251440544787878,2771.0
WULF270115C00015000,15.0,32058.0,空头卖 Call，看跌/看不涨,-2.7401688231019636,CALL,32058.0,0.0,20517120.0,0.004833741856775811,10M-50M,2027-01-15,15.085000038146973,15.510000228881836,14.854999542236328,15.760000228881836,14.802000045776367,6.4,6.2,6.55,18.0,1.0449266503906252,True,WULF,6.47,-0.010819165378670696,-0.027401688231019638,4244562620.0,-1.0819165378670696,32058.0
MSFT251219C00480000,480.0,13618.0,空头卖 Call，看跌/看不涨,-1.0629887365136137,CALL,13618.0,0.0,20495090.000000004,5.390937559036858e-06,10M-50M,2025-12-19,486.7799987792969,492.010009765625,487.9599914550781,488.7591857910156,484.6474914550781,15.05,14.65,14.8,64.0,0.254890263671875,True,MSFT,18.15,-0.17079889807162524,-0.010629887365136138,3801767276203.0,-17.079889807162523,13618.0
GOOGL270115C00240000,240.0,2022.0,空头卖 Call，看跌/看不涨,-1.0962518984130059,CALL,2022.0,0.0,20462640.0,6.8628468575617385e-06,10M-50M,2027-01-15,316.6700134277344,320.17999267578125,317.70001220703125,319.8500061035156,314.44000244140625,101.2,102.25,103.5,3.0,0.4929097340393067,True,GOOGL,104.0,-0.026923076923076897,-0.010962518984130058,2981654760000.0,-2.69230769230769,2022.0
GOOGL270115C00280000,280.0,2698.0,空头卖 Call，看跌/看不涨,-1.0962518984130059,CALL,2698.0,0.0,20396880.0,6.8407919902839455e-06,10M-50M,2027-01-15,316.6700134277344,320.17999267578125,317.70001220703125,319.8500061035156,314.44000244140625,75.6,76.65,77.7,4.0,0.459767975616455,True,GOOGL,81.0,-0.06666666666666674,-0.010962518984130058,2981654760000.0,-6.666666666666673,2698.0
META251219P00700000,700.0,3540.0,多头买 Put，看跌,-1.3072045032348774,PUT,3540.0,0.0,20337300.0,1.088484433686868e-05,10M-50M,2025-12-19,639.47998046875,647.9500122070312,639.5449829101562,645.2949829101562,637.760009765625,57.45,56.45,57.85,42.0,1.0000000000000004e-05,True,META,57.45,0.0,-0.013072045032348774,1868405222031.0,0.0,3540.0
CORZ260116C00015000,15.0,72767.0,空头卖 Call，看跌/看不涨,-3.6708049395475486,CALL,72767.0,0.0,20301993.0,0.003945097409397164,10M-50M,2026-01-16,16.270000457763672,16.889999389648438,16.147499084472656,16.719999313354492,16.1200008392334,2.79,2.81,3.15,1.0,1.0293017285156252,True,CORZ,2.85,-0.021052631578947385,-0.036708049395475485,5146132248.0,-2.1052631578947385,72767.0
META270115P00550000,550.0,4225.0,多头买 Put，看跌,-1.3072045032348774,PUT,4225.0,0.0,20195500.0,1.080895073609729e-05,10M-50M,2027-01-15,639.47998046875,647.9500122070312,639.5449829101562,645.2949829101562,637.760009765625,47.8,47.65,48.2,1.0,0.3428028977203369,False,META,47.08,0.01529311809685639,-0.013072045032348774,1868405222031.0,1.529311809685639,4225.0
NVDA271217P00170000,170.0,5662.0,空头卖 Put，看涨/看不跌,1.3333336781647247,PUT,5662.0,0.0,20071790.000000004,4.635499121596983e-06,10M-50M,2027-12-17,179.36000061035156,177.0,174.6999969482422,180.00999450683594,173.67999267578125,35.45,34.85,35.15,6.0,0.4036009347534179,False,NVDA,35.45,0.0,0.013333336781647246,4330017000000.0,0.0,5662.0
BABA260116C00130000,130.0,6285.0,多头买 Call，看涨,3.3312079673964408,CALL,6285.0,0.0,20049150.0,5.050313422607939e-05,10M-50M,2026-01-16,162.5399932861328,157.3000030517578,160.5,162.9759063720703,159.41000366210938,31.9,30.95,32.75,22.0,0.3608462353515624,True,BABA,29.25,0.09059829059829055,0.033312079673964407,396988232656.0,9.059829059829056,6285.0
GOOG260320C00290000,290.0,-4557.0,多头平仓 Call，减仓，看涨减弱,-1.055855596141431,CALL,5235.0,9792.0,20028015.000000004,6.699688577780819e-06,10M-50M,2026-03-20,316.739990234375,320.1199951171875,317.2699890136719,319.6300048828125,314.4100036621094,43.95,43.8,44.2,20.0,0.4367426931762695,True,GOOG,46.4,-0.052801724137930946,-0.01055855596141431,2989394920000.0,-5.280172413793094,-4557.0
INTC260618C00035000,35.0,21554.0,空头卖 Call，看跌/看不涨,-1.39522359664807,CALL,21554.0,0.0,20023665.999999996,0.00012886610225667459,10M-50M,2026-06-18,39.99409866333008,40.560001373291016,39.8650016784668,40.375,39.59999847412109,9.29,9.0,9.6,11.0,0.5925333715820313,True,INTC,9.35,-0.006417112299465294,-0.0139522359664807,155383500000.0,-0.6417112299465294,21554.0
NVDA260417C00200000,200.0,15755.0,多头买 Call，看涨,1.3333336781647247,CALL,15755.0,0.0,20008850.0,4.620963381898962e-06,10M-50M,2026-04-17,179.36000061035156,177.0,174.6999969482422,180.00999450683594,173.67999267578125,12.7,12.55,12.65,392.0,0.4619499606323243,False,NVDA,11.56,0.09861591695501719,0.013333336781647246,4330017000000.0,9.861591695501719,15755.0
TSM251219C00260000,260.0,6571.0,空头卖 Call，看跌/看不涨,-1.068539184690438,CALL,6571.0,0.0,19975840.0,1.4089377216459664e-05,10M-50M,2025-12-19,288.3951110839844,291.510009765625,286.9200134277344,289.989990234375,286.4599914550781,30.4,29.85,31.85,34.0,0.5236864038085938,True,TSM,32.5,-0.06461538461538466,-0.010685391846904379,1417794391697.0,-6.461538461538466,6571.0
NVDA260116C00136000,136.0,4610.0,多头买 Call，看涨,1.3333336781647247,CALL,4610.0,0.0,19882930.0,4.591882664663903e-06,10M-50M,2026-01-16,179.36000061035156,177.0,174.6999969482422,180.00999450683594,173.67999267578125,43.13,44.3,44.7,1.0,0.5532271240234375,True,NVDA,43.13,0.0,0.013333336781647246,4330017000000.0,0.0,4610.0
NVDA251219C00185000,185.0,46238.0,多头买 Call，看涨,1.3333336781647247,CALL,46238.0,0.0,19882340.0,4.591746406538358e-06,10M-50M,2025-12-19,179.36000061035156,177.0,174.6999969482422,180.00999450683594,173.67999267578125,4.3,4.25,4.35,2486.0,0.4107724938964844,False,NVDA,3.71,0.1590296495956873,0.013333336781647246,4330017000000.0,15.90296495956873,46238.0
GOOGL260618C00280000,280.0,3292.0,空头卖 Call，看跌/看不涨,-1.0962518984130059,CALL,3292.0,0.0,19834300.0,6.652111527492874e-06,10M-50M,2026-06-18,316.6700134277344,320.17999267578125,317.70001220703125,319.8500061035156,314.44000244140625,60.25,60.25,60.8,2.0,0.4538628833007812,True,GOOGL,62.15,-0.03057119871279161,-0.010962518984130058,2981654760000.0,-3.057119871279161,3292.0
NVDA280121P00200000,200.0,3742.0,空头卖 Put，看涨/看不跌,1.3333336781647247,PUT,3742.0,0.0,19832600.0,4.5802591537169486e-06,10M-50M,2028-01-21,179.36000061035156,177.0,174.6999969482422,180.00999450683594,173.67999267578125,53.0,52.65,53.0,31.0,0.3836731555175781,True,NVDA,53.4,-0.007490636704119823,0.013333336781647246,4330017000000.0,-0.7490636704119823,3742.0
AVGO251219C00360000,360.0,5226.0,空头卖 Call，看跌/看不涨,-3.022630765848394,CALL,5226.0,0.0,19702020.0,1.2471426501355727e-05,10M-50M,2025-12-19,390.7799987792969,402.9599914550781,394.8500061035156,395.4200134277344,385.6400146484375,37.7,38.3,38.75,10.0,0.5631147204589844,True,AVGO,50.1,-0.24750499001996004,-0.03022630765848394,1579772770810.0,-24.750499001996005,5226.0
NEM260116C00075000,75.0,10954.0,多头买 Call，看涨,1.3005623955877497,CALL,10954.0,0.0,19684337.999999996,0.0002102065486099629,10M-50M,2026-01-16,91.91000366210938,90.7300033569336,92.0,92.87999725341795,90.86000061035156,17.97,17.8,18.45,1.0,0.53320779296875,True,NEM,17.0,0.0570588235294117,0.013005623955877496,93642839056.0,5.7058823529411695,10954.0
META260116C00510000,510.0,1462.0,空头卖 Call，看跌/看不涨,-1.3072045032348774,CALL,1462.0,0.0,19627350.0,1.0504867877999513e-05,10M-50M,2026-01-16,639.47998046875,647.9500122070312,639.5449829101562,645.2949829101562,637.760009765625,134.25,136.4,140.5,1.0,0.586918193359375,True,META,134.25,0.0,-0.013072045032348774,1868405222031.0,0.0,1462.0
MSFT251219C00400000,400.0,2211.0,空头卖 Call，看跌/看不涨,-1.0629887365136137,CALL,2211.0,0.0,19587249.000000004,5.152143089506176e-06,10M-50M,2025-12-19,486.7799987792969,492.010009765625,487.9599914550781,488.7591857910156,484.6474914550781,88.59,88.1,89.9,5.0,0.6246375427246094,True,MSFT,93.92,-0.056750425894378176,-0.010629887365136138,3801767276203.0,-5.675042589437817,2211.0
COIN260116P00300000,300.0,4296.0,多头买 Put，看跌,-7.085258160001046,PUT,4296.0,0.0,19585464.0,0.00024385416617190797,10M-50M,2026-01-16,253.4900054931641,272.82000732421875,260.4750061035156,265.8800048828125,253.2400054931641,45.59,44.95,46.1,9.0,1.0000000000000004e-05,True,COIN,40.9,0.11466992665036688,-0.07085258160001046,80316298497.0,11.466992665036688,4296.0
GS260116C00700000,700.0,1440.0,空头卖 Call，看跌/看不涨,-1.5725619316145256,CALL,1440.0,0.0,19347840.000000004,7.964148569561332e-05,10M-50M,2026-01-16,813.0499877929688,826.0399780273438,818.5900268554688,824.72998046875,811.97998046875,134.36,124.95,130.25,6.0,0.527394252471924,True,GS,134.36,0.0,-0.015725619316145256,242936703541.0,0.0,1440.0
MSFT251219C00450000,450.0,4723.0,空头卖 Call，看跌/看不涨,-1.0629887365136137,CALL,4723.0,0.0,19317070.0,5.081076403838387e-06,10M-50M,2025-12-19,486.7799987792969,492.010009765625,487.9599914550781,488.7591857910156,484.6474914550781,40.9,39.35,40.05,1.0,0.3590151989746094,True,MSFT,43.69,-0.0638590066376745,-0.010629887365136138,3801767276203.0,-6.38590066376745,4723.0
AVGO260116C00370000,370.0,4898.0,空头卖 Call，看跌/看不涨,-3.022630765848394,CALL,4898.0,0.0,19312814.0,1.2225058158267726e-05,10M-50M,2026-01-16,390.7799987792969,402.9599914550781,394.8500061035156,395.4200134277344,385.6400146484375,39.43,38.6,39.05,41.0,0.5026905200195313,True,AVGO,49.4,-0.20182186234817812,-0.03022630765848394,1579772770810.0,-20.182186234817813,4898.0
NVDA271217P00220000,220.0,2934.0,空头卖 Put，看涨/看不跌,1.3333336781647247,PUT,2934.0,0.0,19291050.0,4.4551903606844965e-06,10M-50M,2027-12-17,179.36000061035156,177.0,174.6999969482422,180.00999450683594,173.67999267578125,65.75,64.6,65.0,2.0,0.3705354695129394,True,NVDA,65.75,0.0,0.013333336781647246,4330017000000.0,0.0,2934.0
HOOD270115C00095000,95.0,3794.0,空头卖 Call，看跌/看不涨,-6.708695134300246,CALL,3794.0,0.0,19273520.0,0.0001793434955216199,10M-50M,2027-01-15,119.87000274658205,128.49000549316406,123.5999984741211,125.28990173339844,119.37999725341795,50.8,48.55,50.75,2.0,0.8155536022949219,True,HOOD,52.99,-0.04132855255708633,-0.06708695134300247,107467070071.0,-4.132855255708633,3794.0
AVGO260320C00340000,340.0,2640.0,空头卖 Call，看跌/看不涨,-3.022630765848394,CALL,2640.0,0.0,19272000.0,1.2199222797161284e-05,10M-50M,2026-03-20,390.7799987792969,402.9599914550781,394.8500061035156,395.4200134277344,385.6400146484375,73.0,72.1,73.65,2.0,0.5360153820800782,True,AVGO,82.65,-0.11675741076830012,-0.03022630765848394,1579772770810.0,-11.675741076830013,2640.0
PLTR270115C00200000,200.0,5890.0,空头卖 Call，看跌/看不涨,-1.1279275339305384,CALL,5890.0,0.0,19260300.000000004,4.5721037623909743e-05,10M-50M,2027-01-15,166.5500030517578,168.4499969482422,165.00999450683594,167.97000122070312,163.1199951171875,32.7,32.3,33.2,45.0,0.6267127172851563,False,PLTR,32.9,-0.006079027355622971,-0.011279275339305382,421256843697.0,-0.6079027355622971,5890.0
PDD260116P00130000,130.0,13417.0,空头卖 Put，看涨/看不跌,1.5765005187699133,PUT,13417.0,0.0,19119225.0,0.0001036048618419769,10M-50M,2026-01-16,117.91000366210938,116.08000183105467,116.41000366210938,118.5,116.1500015258789,14.25,11.9,14.3,16.0,0.370123486328125,True,PDD,14.25,0.0,0.015765005187699133,184539843595.0,0.0,13417.0
BABA271217C00175000,175.0,5163.0,多头买 Call，看涨,3.3312079673964408,CALL,5163.0,0.0,19103100.0,4.812006610924738e-05,10M-50M,2027-12-17,162.5399932861328,157.3000030517578,160.5,162.9759063720703,159.41000366210938,37.0,35.05,38.75,1.0,0.4729514375305175,False,BABA,37.0,0.0,0.033312079673964407,396988232656.0,0.0,5163.0
BABA260320C00120000,120.0,4592.0,多头买 Call，看涨,3.3312079673964408,CALL,4592.0,0.0,19102720.0,4.811910890203381e-05,10M-50M,2026-03-20,162.5399932861328,157.3000030517578,160.5,162.9759063720703,159.41000366210938,41.6,42.8,44.6,9.0,0.4724173852539062,True,BABA,41.6,0.0,0.033312079673964407,396988232656.0,0.0,4592.0
SHOP260116C00120000,120.0,5529.0,空头卖 Call，看跌/看不涨,-3.041475647255347,CALL,5529.0,0.0,19069521.000000004,0.00010464167573547654,10M-50M,2026-01-16,153.81500244140625,158.63999938964844,152.8000030517578,155.55999755859375,150.75999450683594,34.49,35.8,38.15,3.0,0.7221707470703125,True,SHOP,42.06,-0.1799809795530195,-0.030414756472553466,182236387806.0,-17.99809795530195,5529.0
MSFT270115C00400000,400.0,1575.0,空头卖 Call，看跌/看不涨,-1.0629887365136137,CALL,1575.0,0.0,18978750.0,4.992086211798569e-06,10M-50M,2027-01-15,486.7799987792969,492.010009765625,487.9599914550781,488.7591857910156,484.6474914550781,120.5,120.2,121.4,2.0,0.3741212490844726,True,MSFT,125.3,-0.03830806065442935,-0.010629887365136138,3801767276203.0,-3.830806065442935,1575.0
GOOGL260116C00320000,320.0,12833.0,空头卖 Call，看跌/看不涨,-1.0962518984130059,CALL,12833.0,0.0,18864509.999999996,6.326859250465334e-06,10M-50M,2026-01-16,316.6700134277344,320.17999267578125,317.70001220703125,319.8500061035156,314.44000244140625,14.7,14.65,14.8,346.0,0.3596255444335937,False,GOOGL,16.69,-0.11923307369682455,-0.010962518984130058,2981654760000.0,-11.923307369682455,12833.0
GOOGL260220C00240000,240.0,2251.0,空头卖 Call，看跌/看不涨,-1.0962518984130059,CALL,2251.0,0.0,18863380.0,6.3264802662800576e-06,10M-50M,2026-02-20,316.6700134277344,320.17999267578125,317.70001220703125,319.8500061035156,314.44000244140625,83.8,81.55,82.25,10.0,0.5465133239746094,True,GOOGL,83.8,0.0,-0.010962518984130058,2981654760000.0,0.0,2251.0
INTC260618C00040000,40.0,28045.0,空头卖 Call，看跌/看不涨,-1.39522359664807,CALL,28045.0,0.0,18846240.0,0.00012128855380397533,10M-50M,2026-06-18,39.99409866333008,40.560001373291016,39.8650016784668,40.375,39.59999847412109,6.72,6.55,6.85,130.0,0.5716595568847658,False,INTC,7.15,-0.060139860139860224,-0.0139522359664807,155383500000.0,-6.013986013986022,28045.0
GOOGL261218C00250000,250.0,2018.0,空头卖 Call，看跌/看不涨,-1.0962518984130059,CALL,2018.0,0.0,18745202.0,6.2868452281846335e-06,10M-50M,2026-12-18,316.6700134277344,320.17999267578125,317.70001220703125,319.8500061035156,314.44000244140625,92.89,93.9,94.25,12.0,0.4772085971069336,True,GOOGL,96.3,-0.035410176531671826,-0.010962518984130058,2981654760000.0,-3.5410176531671826,2018.0
META251219C00475000,475.0,1135.0,空头卖 Call，看跌/看不涨,-1.3072045032348774,CALL,1135.0,0.0,18525470.0,9.915124289720398e-06,10M-50M,2025-12-19,639.47998046875,647.9500122070312,639.5449829101562,645.2949829101562,637.760009765625,163.22,168.3,171.95,5.0,0.983520672607422,True,META,163.22,0.0,-0.013072045032348774,1868405222031.0,0.0,1135.0
INTC260320C00040000,40.0,37106.0,空头卖 Call，看跌/看不涨,-1.39522359664807,CALL,37106.0,0.0,18478788.0,0.00011892374672986514,10M-50M,2026-03-20,39.99409866333008,40.560001373291016,39.8650016784668,40.375,39.59999847412109,4.98,5.0,5.1,2023.0,0.579105771484375,False,INTC,5.48,-0.09124087591240876,-0.0139522359664807,155383500000.0,-9.124087591240876,37106.0
GOOGL270115C00230000,230.0,1643.0,空头卖 Call，看跌/看不涨,-1.0962518984130059,CALL,1643.0,0.0,18434460.0,6.182627260306958e-06,10M-50M,2027-01-15,316.6700134277344,320.17999267578125,317.70001220703125,319.8500061035156,314.44000244140625,112.2,109.7,110.7,14.0,0.5036365554809571,True,GOOGL,112.2,0.0,-0.010962518984130058,2981654760000.0,0.0,1643.0
CIFR271217C00017000,17.0,15035.0,空头卖 Call，看跌/看不涨,-3.3415247785202746,CALL,15035.0,0.0,18417875.0,0.004082924143861453,10M-50M,2027-12-17,19.670000076293945,20.350000381469727,19.325000762939453,20.36000061035156,19.0,12.25,10.0,13.3,42.0,1.0813034216308592,True,CIFR,12.25,0.0,-0.033415247785202745,4510952041.0,0.0,15035.0
AVGO260320C00300000,300.0,1781.0,空头卖 Call，看跌/看不涨,-3.022630765848394,CALL,1781.0,0.0,18308680.0,1.158943889798313e-05,10M-50M,2026-03-20,390.7799987792969,402.9599914550781,394.8500061035156,395.4200134277344,385.6400146484375,102.8,100.55,103.25,1.0,0.554539366760254,True,AVGO,113.64,-0.09538894755367831,-0.03022630765848394,1579772770810.0,-9.538894755367831,1781.0
GOOGL260320C00245000,245.0,2239.0,空头卖 Call，看跌/看不涨,-1.0962518984130059,CALL,2239.0,0.0,18220981.999999996,6.111030104638941e-06,10M-50M,2026-03-20,316.6700134277344,320.17999267578125,317.70001220703125,319.8500061035156,314.44000244140625,81.38,78.7,79.3,6.0,0.5028125891113282,True,GOOGL,81.38,0.0,-0.010962518984130058,2981654760000.0,0.0,2239.0
MSFT260116C00440000,440.0,3369.0,空头卖 Call，看跌/看不涨,-1.0629887365136137,CALL,3369.0,0.0,17805165.0,4.683391619326798e-06,10M-50M,2026-01-16,486.7799987792969,492.010009765625,487.9599914550781,488.7591857910156,484.6474914550781,52.85,52.55,53.35,16.0,0.3438175970458984,True,MSFT,57.87,-0.08674615517539305,-0.010629887365136138,3801767276203.0,-8.674615517539305,3369.0
META261218C00800000,800.0,3121.0,空头卖 Call，看跌/看不涨,-1.3072045032348774,CALL,3121.0,0.0,17789700.0,9.521328558834888e-06,10M-50M,2026-12-18,639.47998046875,647.9500122070312,639.5449829101562,645.2949829101562,637.760009765625,57.0,56.65,57.25,19.0,0.4157315507507323,False,META,58.0,-0.017241379310344827,-0.013072045032348774,1868405222031.0,-1.7241379310344827,3121.0
CORZ251219C00015000,15.0,71728.0,空头卖 Call，看跌/看不涨,-3.6708049395475486,CALL,71728.0,0.0,17788544.0,0.0034566822504247465,10M-50M,2025-12-19,16.270000457763672,16.889999389648438,16.147499084472656,16.719999313354492,16.1200008392334,2.48,1.91,2.48,245.0,1.0332079589843752,True,CORZ,2.48,0.0,-0.036708049395475485,5146132248.0,0.0,71728.0
LYFT270115C00015000,15.0,19729.0,多头买 Call，看涨,1.1416973153003016,CALL,19729.0,0.0,17756100.0,0.0019975642057957553,10M-50M,2027-01-15,21.270099639892575,21.030000686645508,20.76499938964844,21.36000061035156,20.68000030517578,9.0,8.85,9.8,65.0,0.7629418237304688,True,LYFT,8.65,0.0404624277456647,0.011416973153003017,8888875736.0,4.04624277456647,19729.0
NVDA271217C00165000,165.0,3081.0,多头买 Call，看涨,1.3333336781647247,CALL,3081.0,0.0,17681859.0,4.083554175422406e-06,10M-50M,2027-12-17,179.36000061035156,177.0,174.6999969482422,180.00999450683594,173.67999267578125,57.39,58.7,59.05,6.0,0.5358322784423828,True,NVDA,57.39,0.0,0.013333336781647246,4330017000000.0,0.0,3081.0
META260116C00470000,470.0,1021.0,空头卖 Call，看跌/看不涨,-1.3072045032348774,CALL,1021.0,0.0,17550990.0,9.393567194659017e-06,10M-50M,2026-01-16,639.47998046875,647.9500122070312,639.5449829101562,645.2949829101562,637.760009765625,171.9,175.1,180.15,1.0,0.7142362561035156,True,META,171.9,0.0,-0.013072045032348774,1868405222031.0,0.0,1021.0
SOFI271217C00025000,25.0,12893.0,空头卖 Call，看跌/看不涨,-1.9347202855837373,CALL,12893.0,0.0,17534480.0,0.0005233446107432004,10M-50M,2027-12-17,29.145000457763672,29.71999931335449,28.86000061035156,29.489999771118164,28.670000076293945,13.6,12.75,13.95,5.0,0.758913543701172,True,SOFI,13.9,-0.02158273381294969,-0.019347202855837374,33504653798.0,-2.158273381294969,12893.0
MSFT260417C00400000,400.0,1709.0,空头卖 Call，看跌/看不涨,-1.0629887365136137,CALL,1709.0,0.0,17527504.0,4.610356901568558e-06,10M-50M,2026-04-17,486.7799987792969,492.010009765625,487.9599914550781,488.7591857910156,484.6474914550781,102.56,98.45,99.45,6.0,0.3953307537841797,True,MSFT,102.56,0.0,-0.010629887365136138,3801767276203.0,0.0,1709.0
META260618C00550000,550.0,1286.0,空头卖 Call，看跌/看不涨,-1.3072045032348774,CALL,1286.0,0.0,17411153.999999996,9.318724757723416e-06,10M-50M,2026-06-18,639.47998046875,647.9500122070312,639.5449829101562,645.2949829101562,637.760009765625,135.39,133.35,135.0,3.0,0.4724173852539062,True,META,135.39,0.0,-0.013072045032348774,1868405222031.0,0.0,1286.0
SHOP260320C00115000,115.0,3782.0,空头卖 Call，看跌/看不涨,-3.041475647255347,CALL,3782.0,0.0,17397200.0,9.546501776868082e-05,10M-50M,2026-03-20,153.81500244140625,158.63999938964844,152.8000030517578,155.55999755859375,150.75999450683594,46.0,43.45,46.25,12.0,0.6754182849121095,True,SHOP,46.0,0.0,-0.030414756472553466,182236387806.0,0.0,3782.0
SOFI260618C00030000,30.0,28985.0,空头卖 Call，看跌/看不涨,-1.9347202855837373,CALL,28985.0,0.0,17391000.0,0.0005190622205754033,10M-50M,2026-06-18,29.145000457763672,29.71999931335449,28.86000061035156,29.489999771118164,28.670000076293945,6.0,5.85,6.1,182.0,0.7404811108398437,False,SOFI,6.26,-0.041533546325878565,-0.019347202855837374,33504653798.0,-4.153354632587856,28985.0
GOOG261218C00260000,260.0,1935.0,空头卖 Call，看跌/看不涨,-1.055855596141431,CALL,1935.0,0.0,17347275.0,5.80293854249274e-06,10M-50M,2026-12-18,316.739990234375,320.1199951171875,317.2699890136719,319.6300048828125,314.4100036621094,89.65,87.0,88.1,10.0,0.4744620425415039,True,GOOG,89.65,0.0,-0.01055855596141431,2989394920000.0,0.0,1935.0
GAP251219C00024000,24.0,48332.0,多头买 Call，看涨,1.0713000324960784,CALL,48332.0,0.0,17302856.0,0.0021206225487795964,10M-50M,2025-12-19,27.36000061035156,27.06999969482422,27.030000686645508,27.440000534057617,26.91010093688965,3.58,3.45,3.65,276.0,0.5722699023437501,True,GAP,3.3,0.08484848484848492,0.010713000324960784,8159328500.0,8.484848484848492,48332.0
INTC271217C00030000,30.0,9705.0,空头卖 Call，看跌/看不涨,-1.39522359664807,CALL,9705.0,0.0,17274900.0,0.00011117589705470658,10M-50M,2027-12-17,39.99409866333008,40.560001373291016,39.8650016784668,40.375,39.59999847412109,17.8,16.3,17.6,47.0,0.5836223278808592,True,INTC,17.8,0.0,-0.0139522359664807,155383500000.0,0.0,9705.0
IREN260320C00040000,40.0,11418.0,空头卖 Call，看跌/看不涨,-3.482959729452518,CALL,11418.0,0.0,17241180.0,0.0015143630474506993,10M-50M,2026-03-20,46.144798278808594,47.810001373291016,45.08000183105469,47.66999816894531,44.2599983215332,15.1,14.2,15.9,4.0,1.2700231811523437,True,IREN,15.49,-0.025177533892834125,-0.03482959729452518,11385103479.0,-2.5177533892834125,11418.0
META271217C00600000,600.0,963.0,空头卖 Call，看跌/看不涨,-1.3072045032348774,CALL,963.0,0.0,17237700.0,9.225889435944853e-06,10M-50M,2027-12-17,639.47998046875,647.9500122070312,639.5449829101562,645.2949829101562,637.760009765625,179.0,181.0,183.4,2.0,0.4692359595489502,True,META,182.51,-0.019231822913812893,-0.013072045032348774,1868405222031.0,-1.9231822913812893,963.0
META260320P00600000,600.0,6083.0,多头买 Put，看跌,-1.3072045032348774,PUT,6083.0,0.0,17111479.0,9.158333962158071e-06,10M-50M,2026-03-20,639.47998046875,647.9500122070312,639.5449829101562,645.2949829101562,637.760009765625,28.13,28.0,28.25,5.0,0.3351506915283203,False,META,27.11,0.037624492807082244,-0.013072045032348774,1868405222031.0,3.7624492807082244,6083.0
SHOP260116C00115000,115.0,3750.0,空头卖 Call，看跌/看不涨,-3.041475647255347,CALL,3750.0,0.0,16987500.0,9.32168388789843e-05,10M-50M,2026-01-16,153.81500244140625,158.63999938964844,152.8000030517578,155.55999755859375,150.75999450683594,45.3,40.2,42.65,1.0,0.7568383691406251,True,SHOP,45.3,0.0,-0.030414756472553466,182236387806.0,0.0,3750.0
TSM260116C00280000,280.0,7773.0,空头卖 Call，看跌/看不涨,-1.068539184690438,CALL,7773.0,0.0,16976232.0,1.1973691036879224e-05,10M-50M,2026-01-16,288.3951110839844,291.510009765625,286.9200134277344,289.989990234375,286.4599914550781,21.84,21.3,22.15,7.0,0.4343928631591797,True,TSM,22.9,-0.046288209606986847,-0.010685391846904379,1417794391697.0,-4.628820960698684,7773.0
COIN251219P00300000,300.0,4203.0,多头买 Put，看跌,-7.085258160001046,PUT,4203.0,0.0,16917075.0,0.00021063066048333755,10M-50M,2025-12-19,253.4900054931641,272.82000732421875,260.4750061035156,265.8800048828125,253.2400054931641,40.25,39.1,40.5,5.0,1.0000000000000004e-05,True,COIN,33.9,0.18731563421828915,-0.07085258160001046,80316298497.0,18.731563421828916,4203.0
CIFR261016P00022000,22.0,15350.0,多头买 Put，看跌,-3.3415247785202746,PUT,15350.0,0.0,16885000.0,0.0037431122846202747,10M-50M,2026-10-16,19.670000076293945,20.350000381469727,19.325000762939453,20.36000061035156,19.0,11.0,9.0,10.95,1380.0,1.1853068078613282,True,CIFR,11.0,0.0,-0.033415247785202745,4510952041.0,0.0,15350.0
GOOGL260618C00400000,400.0,12797.0,空头卖 Call，看跌/看不涨,-1.0962518984130059,CALL,12797.0,0.0,16828055.0,5.643864348667919e-06,10M-50M,2026-06-18,316.6700134277344,320.17999267578125,317.70001220703125,319.8500061035156,314.44000244140625,13.15,12.85,13.05,49.0,0.4025633474731446,False,GOOGL,13.85,-0.05054151624548731,-0.010962518984130058,2981654760000.0,-5.054151624548731,12797.0
AVGO260116C00330000,330.0,2511.0,空头卖 Call，看跌/看不涨,-3.022630765848394,CALL,2511.0,0.0,16823700.0,1.0649442952086046e-05,10M-50M,2026-01-16,390.7799987792969,402.9599914550781,394.8500061035156,395.4200134277344,385.6400146484375,67.0,66.3,67.65,5.0,0.5036060382080079,True,AVGO,77.95,-0.14047466324567034,-0.03022630765848394,1579772770810.0,-14.047466324567035,2511.0
WULF260618C00016000,16.0,37805.0,空头卖 Call，看跌/看不涨,-2.7401688231019636,CALL,37805.0,0.0,16785420.0,0.003954569999959147,10M-50M,2026-06-18,15.085000038146973,15.510000228881836,14.854999542236328,15.760000228881836,14.802000045776367,4.44,4.2,4.5,111.0,1.071293706054688,False,WULF,4.95,-0.10303030303030299,-0.027401688231019638,4244562620.0,-10.3030303030303,37805.0
META251219C00610000,610.0,4071.0,空头卖 Call，看跌/看不涨,-1.3072045032348774,CALL,4071.0,0.0,16711454.999999998,8.944234796044006e-06,10M-50M,2025-12-19,639.47998046875,647.9500122070312,639.5449829101562,645.2949829101562,637.760009765625,41.05,40.85,41.2,14.0,0.4099485275268554,True,META,43.63,-0.05913362365344958,-0.013072045032348774,1868405222031.0,-5.913362365344958,4071.0
SOFI270115C00035000,35.0,23117.0,空头卖 Call，看跌/看不涨,-1.9347202855837373,CALL,23117.0,0.0,16690474.0,0.0004981539012647941,10M-50M,2027-01-15,29.145000457763672,29.71999931335449,28.86000061035156,29.489999771118164,28.670000076293945,7.22,7.05,7.35,28.0,0.7465845654296875,False,SOFI,7.35,-0.01768707482993196,-0.019347202855837374,33504653798.0,-1.7687074829931961,23117.0
MSFT270115C00430000,430.0,1661.0,空头卖 Call，看跌/看不涨,-1.0629887365136137,CALL,1661.0,0.0,16595050.999999998,4.365088600734719e-06,10M-50M,2027-01-15,486.7799987792969,492.010009765625,487.9599914550781,488.7591857910156,484.6474914550781,99.91,99.25,100.65,1.0,0.3556888162231445,True,MSFT,103.15,-0.03141056713524003,-0.010629887365136138,3801767276203.0,-3.141056713524003,1661.0
HOOD270115P00100000,100.0,8825.0,多头买 Put，看跌,-6.708695134300246,PUT,8825.0,0.0,16591000.0,0.0001543821748284276,10M-50M,2027-01-15,119.87000274658205,128.49000549316406,123.5999984741211,125.28990173339844,119.37999725341795,18.8,18.45,19.35,6.0,0.60782252532959,False,HOOD,17.82,0.05499438832772168,-0.06708695134300247,107467070071.0,5.499438832772168,8825.0
PDD260320P00125000,125.0,14788.0,空头卖 Put，看涨/看不跌,1.5765005187699133,PUT,14788.0,0.0,16562559.999999998,8.97505908607411e-05,10M-50M,2026-03-20,117.91000366210938,116.08000183105467,116.41000366210938,118.5,116.1500015258789,11.2,11.05,11.4,31.0,0.2754589056396483,True,PDD,12.4,-0.09677419354838718,0.015765005187699133,184539843595.0,-9.677419354838717,14788.0
BE260320C00090000,90.0,4657.0,空头卖 Call，看跌/看不涨,-4.462651130842652,CALL,4657.0,0.0,16532350.0,0.0010047167419826165,10M-50M,2026-03-20,104.36499786376952,109.23999786376952,107.08000183105467,110.83999633789062,103.54000091552734,35.5,34.0,36.9,37.0,1.3317294155883783,True,BE,35.5,0.0,-0.04462651130842653,16454737250.0,0.0,4657.0
NEE260918C00077500,77.5,11529.0,空头卖 Call，看跌/看不涨,-1.6803854006864423,CALL,11529.0,0.0,16463412.0,0.00010540135769838461,10M-50M,2026-09-18,84.83999633789062,86.29000091552734,85.58999633789062,85.66999816894531,84.54000091552734,14.28,12.95,14.45,5.0,0.3596865789794922,True,NEE,14.28,0.0,-0.016803854006864422,156197342800.0,0.0,11529.0
META260116P00650000,650.0,5796.0,多头买 Put，看跌,-1.3072045032348774,PUT,5796.0,0.0,16460640.0,8.809994644580849e-06,10M-50M,2026-01-16,639.47998046875,647.9500122070312,639.5449829101562,645.2949829101562,637.760009765625,28.4,28.45,28.75,19.0,0.2526930200195312,True,META,27.4,0.03649635036496351,-0.013072045032348774,1868405222031.0,3.649635036496351,5796.0
META260918C00760000,760.0,3226.0,空头卖 Call，看跌/看不涨,-1.3072045032348774,CALL,3226.0,0.0,16439696.0,8.7987850848167e-06,10M-50M,2026-09-18,639.47998046875,647.9500122070312,639.5449829101562,645.2949829101562,637.760009765625,50.96,52.4,52.85,3.0,0.4114438739013671,False,META,53.3,-0.04390243902439018,-0.013072045032348774,1868405222031.0,-4.390243902439018,3226.0
GOOG271217C00275000,275.0,1589.0,空头卖 Call，看跌/看不涨,-1.055855596141431,CALL,1589.0,0.0,16430260.0,5.496182484982613e-06,10M-50M,2027-12-17,316.739990234375,320.1199951171875,317.2699890136719,319.6300048828125,314.4100036621094,103.4,99.55,101.05,5.0,0.474263680267334,True,GOOG,103.4,0.0,-0.01055855596141431,2989394920000.0,0.0,1589.0
GOOG251219C00240000,240.0,2112.0,空头卖 Call，看跌/看不涨,-1.055855596141431,CALL,2112.0,0.0,16258176.0,5.4386176584524335e-06,10M-50M,2025-12-19,316.739990234375,320.1199951171875,317.2699890136719,319.6300048828125,314.4100036621094,76.98,76.85,79.65,3.0,0.8193377441406249,True,GOOG,78.6,-0.020610687022900642,-0.01055855596141431,2989394920000.0,-2.061068702290064,2112.0
NVDA260220P00190000,190.0,8057.0,空头卖 Put，看涨/看不跌,1.3333336781647247,PUT,8057.0,0.0,16234854.999999998,3.7493744250888617e-06,10M-50M,2026-02-20,179.36000061035156,177.0,174.6999969482422,180.00999450683594,173.67999267578125,20.15,19.6,19.7,46.0,0.3937438555908203,True,NVDA,20.55,-0.019464720194647307,0.013333336781647246,4330017000000.0,-1.9464720194647307,8057.0
TSM260618C00300000,300.0,5181.0,空头卖 Call，看跌/看不涨,-1.068539184690438,CALL,5181.0,0.0,16190625.0,1.1419586009661783e-05,10M-50M,2026-06-18,288.3951110839844,291.510009765625,286.9200134277344,289.989990234375,286.4599914550781,31.25,30.5,32.05,2.0,0.4344691563415527,False,TSM,32.1,-0.026479750778816244,-0.010685391846904379,1417794391697.0,-2.6479750778816245,5181.0
MSFT261218C00480000,480.0,2415.0,空头卖 Call，看跌/看不涨,-1.0629887365136137,CALL,2415.0,0.0,16180500.0,4.2560469446094584e-06,10M-50M,2026-12-18,486.7799987792969,492.010009765625,487.9599914550781,488.7591857910156,484.6474914550781,67.0,66.15,67.25,1.0,0.324378094177246,True,MSFT,69.0,-0.028985507246376812,-0.010629887365136138,3801767276203.0,-2.898550724637681,2415.0
META271217P00600000,600.0,1692.0,多头买 Put，看跌,-1.3072045032348774,PUT,1692.0,0.0,16074000.0,8.603058806765263e-06,10M-50M,2027-12-17,639.47998046875,647.9500122070312,639.5449829101562,645.2949829101562,637.760009765625,95.0,94.35,95.4,540.0,0.3256827075958252,False,META,95.0,0.0,-0.013072045032348774,1868405222031.0,0.0,1692.0
GOOGL260220C00270000,270.0,2870.0,空头卖 Call，看跌/看不涨,-1.0962518984130059,CALL,2870.0,0.0,16072000.0,5.390295421056729e-06,10M-50M,2026-02-20,316.6700134277344,320.17999267578125,317.70001220703125,319.8500061035156,314.44000244140625,56.0,55.55,56.0,1.0,0.4757132507324219,True,GOOGL,58.35,-0.04027420736932307,-0.010962518984130058,2981654760000.0,-4.027420736932307,2870.0
META280121C00700000,700.0,1144.0,空头卖 Call，看跌/看不涨,-1.3072045032348774,CALL,1144.0,0.0,16061760.0,8.596507765344657e-06,10M-50M,2028-01-21,639.47998046875,647.9500122070312,639.5449829101562,645.2949829101562,637.760009765625,140.4,142.55,143.8,2.0,0.448873309173584,False,META,143.55,-0.021943573667711637,-0.013072045032348774,1868405222031.0,-2.1943573667711638,1144.0
NVDA260618P00130000,130.0,30842.0,空头卖 Put，看涨/看不跌,1.3333336781647247,PUT,30842.0,0.0,16037840.0,3.7038746037255745e-06,10M-50M,2026-06-18,179.36000061035156,177.0,174.6999969482422,180.00999450683594,173.67999267578125,5.2,5.2,5.25,4.0,0.4770560107421875,False,NVDA,5.45,-0.04587155963302752,0.013333336781647246,4330017000000.0,-4.587155963302751,30842.0
CRWD260116C00390000,390.0,1379.0,空头卖 Call，看跌/看不涨,-2.6353627139043003,CALL,1379.0,0.0,15968819.999999998,0.00013217599908286234,10M-50M,2026-01-16,495.7417907714844,509.1600036621094,503.4800109863281,504.2449951171875,495.010009765625,115.8,114.55,119.65,1.0,0.7368190380859375,True,CRWD,115.8,0.0,-0.026353627139043004,120814823499.0,0.0,1379.0
MSFT251219C00425000,425.0,2338.0,空头卖 Call，看跌/看不涨,-1.0629887365136137,CALL,2338.0,0.0,15954512.0,4.196604063553965e-06,10M-50M,2025-12-19,486.7799987792969,492.010009765625,487.9599914550781,488.7591857910156,484.6474914550781,68.24,62.8,65.1,1.0,0.5255174401855469,True,MSFT,68.24,0.0,-0.010629887365136138,3801767276203.0,0.0,2338.0
SE251219C00130000,130.0,13937.0,空头卖 Call，看跌/看不涨,-1.8056216142879615,CALL,13937.0,0.0,15943928.0,0.00014590640355672738,10M-50M,2025-12-19,136.5,139.00999450683594,138.32000732421875,138.6750030517578,136.03500366210938,11.44,10.0,11.4,7.0,0.56836369140625,True,SE,11.44,0.0,-0.018056216142879614,109275039418.0,0.0,13937.0
GOOGL260320C00260000,260.0,2466.0,空头卖 Call，看跌/看不涨,-1.0962518984130059,CALL,2466.0,0.0,15942690.000000002,5.346926885659962e-06,10M-50M,2026-03-20,316.6700134277344,320.17999267578125,317.70001220703125,319.8500061035156,314.44000244140625,64.65,66.2,66.95,4.0,0.486882572631836,True,GOOGL,68.53,-0.05661753976360711,-0.010962518984130058,2981654760000.0,-5.6617539763607105,2466.0
META270115P00600000,600.0,2356.0,多头买 Put，看跌,-1.3072045032348774,PUT,2356.0,0.0,15785200.0,8.448488483050331e-06,10M-50M,2027-01-15,639.47998046875,647.9500122070312,639.5449829101562,645.2949829101562,637.760009765625,67.0,67.35,68.0,20.0,0.3311071528625488,False,META,67.0,0.0,-0.013072045032348774,1868405222031.0,0.0,2356.0
LULU270115P00200000,200.0,3418.0,多头买 Put，看跌,-1.379082086621675,PUT,3418.0,0.0,15774069.999999998,0.0007885291224225593,10M-50M,2027-01-15,181.63999938964844,184.17999267578125,181.19000244140625,184.6000061035156,180.25,46.15,43.75,47.8,10.0,0.474889284362793,True,LULU,44.5,0.037078651685393225,-0.013790820866216752,20004422857.0,3.7078651685393225,3418.0
GOOG270115C00320000,320.0,2821.0,空头卖 Call，看跌/看不涨,-1.055855596141431,CALL,2821.0,0.0,15656550.0,5.237364222188482e-06,10M-50M,2027-01-15,316.739990234375,320.1199951171875,317.2699890136719,319.6300048828125,314.4100036621094,55.5,55.4,56.1,42.0,0.4321956195068359,False,GOOG,56.98,-0.02597402597402592,-0.01055855596141431,2989394920000.0,-2.597402597402592,2821.0
META260320P00700000,700.0,1955.0,多头买 Put，看跌,-1.3072045032348774,PUT,1955.0,0.0,15640000.0,8.370775148550996e-06,10M-50M,2026-03-20,639.47998046875,647.9500122070312,639.5449829101562,645.2949829101562,637.760009765625,80.0,79.1,80.35,19.0,0.2995980685424804,True,META,80.0,0.0,-0.013072045032348774,1868405222031.0,0.0,1955.0
GOOG270617C00245000,245.0,1362.0,空头卖 Call，看跌/看不涨,-1.055855596141431,CALL,1362.0,0.0,15628950.0,5.2281315845682915e-06,10M-50M,2027-06-17,316.739990234375,320.1199951171875,317.2699890136719,319.6300048828125,314.4100036621094,114.75,107.55,108.6,2.0,0.4890492990112305,True,GOOG,114.75,0.0,-0.01055855596141431,2989394920000.0,0.0,1362.0
MSFT261218C00475000,475.0,2156.0,空头卖 Call，看跌/看不涨,-1.0629887365136137,CALL,2156.0,0.0,15618063.999999998,4.108106274090106e-06,10M-50M,2026-12-18,486.7799987792969,492.010009765625,487.9599914550781,488.7591857910156,484.6474914550781,72.44,68.9,69.85,7.0,0.3260031389617919,True,MSFT,72.44,0.0,-0.010629887365136138,3801767276203.0,0.0,2156.0
GOOGL260220C00280000,280.0,3347.0,空头卖 Call，看跌/看不涨,-1.0962518984130059,CALL,3347.0,0.0,15603713.999999998,5.233239679298082e-06,10M-50M,2026-02-20,316.6700134277344,320.17999267578125,317.70001220703125,319.8500061035156,314.44000244140625,46.62,47.75,48.05,5.0,0.45508357421875,True,GOOGL,50.29,-0.07297673493736333,-0.010962518984130058,2981654760000.0,-7.297673493736332,3347.0
GOOGL261218C00390000,390.0,5166.0,空头卖 Call，看跌/看不涨,-1.0962518984130059,CALL,5166.0,0.0,15498000.0,5.197784870304703e-06,10M-50M,2026-12-18,316.6700134277344,320.17999267578125,317.70001220703125,319.8500061035156,314.44000244140625,30.0,29.05,29.35,1.0,0.4120237020874023,False,GOOGL,30.0,0.0,-0.010962518984130058,2981654760000.0,0.0,5166.0
MSFT261218C00365000,365.0,1142.0,空头卖 Call，看跌/看不涨,-1.0629887365136137,CALL,1142.0,0.0,15461537.999999998,4.066934369386794e-06,10M-50M,2026-12-18,486.7799987792969,492.010009765625,487.9599914550781,488.7591857910156,484.6474914550781,135.39,145.1,146.7,1.0,0.4046995565795898,True,MSFT,135.39,0.0,-0.010629887365136138,3801767276203.0,0.0,1142.0
CORZ260320C00017000,17.0,48300.0,空头卖 Call，看跌/看不涨,-3.6708049395475486,CALL,48300.0,0.0,15456000.0,0.0030034206769573094,10M-50M,2026-03-20,16.270000457763672,16.889999389648438,16.147499084472656,16.719999313354492,16.1200008392334,3.2,2.92,3.25,30.0,0.9545902978515624,False,CORZ,3.4,-0.05882352941176463,-0.036708049395475485,5146132248.0,-5.882352941176463,48300.0
NVDA260116C00128000,128.0,2867.0,多头买 Call，看涨,1.3333336781647247,CALL,2867.0,0.0,15315514.000000002,3.537056321025992e-06,10M-50M,2026-01-16,179.36000061035156,177.0,174.6999969482422,180.00999450683594,173.67999267578125,53.42,51.65,52.4,2.0,0.57617611328125,True,NVDA,53.42,0.0,0.013333336781647246,4330017000000.0,0.0,2867.0
NVDA260918P00190000,190.0,4678.0,空头卖 Put，看涨/看不跌,1.3333336781647247,PUT,4678.0,0.0,15297060.0,3.5327944439940996e-06,10M-50M,2026-09-18,179.36000061035156,177.0,174.6999969482422,180.00999450683594,173.67999267578125,32.7,32.05,32.25,2.0,0.4060728338623046,True,NVDA,32.7,0.0,0.013333336781647246,4330017000000.0,0.0,4678.0
MSFT261218C00370000,370.0,1176.0,空头卖 Call，看跌/看不涨,-1.0629887365136137,CALL,1176.0,0.0,15288000.0,4.02128770366734e-06,10M-50M,2026-12-18,486.7799987792969,492.010009765625,487.9599914550781,488.7591857910156,484.6474914550781,130.0,141.15,142.6,10.0,0.3996031719970704,True,MSFT,130.0,0.0,-0.010629887365136138,3801767276203.0,0.0,1176.0
CELH260717C00040000,40.0,18015.0,多头买 Call，看涨,1.6609680703119536,CALL,18015.0,0.0,15150615.0,0.001079896611713392,10M-50M,2026-07-17,41.619998931884766,40.93999862670898,40.65999984741211,42.400001525878906,40.37009811401367,8.41,8.05,9.65,1.0,0.6278113391113282,True,CELH,8.41,0.0,0.016609680703119536,14029690283.0,0.0,18015.0
HOOD251219C00100000,100.0,5196.0,空头卖 Call，看跌/看不涨,-6.708695134300246,CALL,5196.0,0.0,15063203.999999998,0.00014016576417360434,10M-50M,2025-12-19,119.87000274658205,128.49000549316406,123.5999984741211,125.28990173339844,119.37999725341795,28.99,23.6,25.15,23.0,1.1953165234375,True,HOOD,28.99,0.0,-0.06708695134300247,107467070071.0,0.0,5196.0
NVDA260417C00190000,190.0,9333.0,多头买 Call，看涨,1.3333336781647247,CALL,9333.0,0.0,15035463.0,3.47237966964102e-06,10M-50M,2026-04-17,179.36000061035156,177.0,174.6999969482422,180.00999450683594,173.67999267578125,16.11,16.05,16.1,332.0,0.4649711706542969,False,NVDA,15.1,0.06688741721854304,0.013333336781647246,4330017000000.0,6.688741721854304,9333.0
GOOGL260220C00230000,230.0,1652.0,空头卖 Call，看跌/看不涨,-1.0962518984130059,CALL,1652.0,0.0,15016680.000000002,5.0363577304302e-06,10M-50M,2026-02-20,316.6700134277344,320.17999267578125,317.70001220703125,319.8500061035156,314.44000244140625,90.9,90.15,92.85,3.0,0.5918619915771486,True,GOOGL,92.87,-0.021212447507268212,-0.010962518984130058,2981654760000.0,-2.121244750726821,1652.0
PLTR270617C00150000,150.0,2489.0,空头卖 Call，看跌/看不涨,-1.1279275339305384,CALL,2489.0,0.0,14978801.999999998,3.5557409272082694e-05,10M-50M,2027-06-17,166.5500030517578,168.4499969482422,165.00999450683594,167.97000122070312,163.1199951171875,60.18,59.75,60.75,11.0,0.6767305276489258,True,PLTR,60.27,-0.0014932802389248947,-0.011279275339305382,421256843697.0,-0.14932802389248948,2489.0
INTC260116C00033000,33.0,18599.0,空头卖 Call，看跌/看不涨,-1.39522359664807,CALL,18599.0,0.0,14972195.000000002,9.635640206328215e-05,10M-50M,2026-01-16,39.99409866333008,40.560001373291016,39.8650016784668,40.375,39.59999847412109,8.05,7.5,8.3,1.0,0.6313513427734375,True,INTC,8.15,-0.012269938650306704,-0.0139522359664807,155383500000.0,-1.2269938650306704,18599.0
INTC260618C00045000,45.0,30122.0,空头卖 Call，看跌/看不涨,-1.39522359664807,CALL,30122.0,0.0,14910390.0,9.595864425759492e-05,10M-50M,2026-06-18,39.99409866333008,40.560001373291016,39.8650016784668,40.375,39.59999847412109,4.95,4.9,5.1,142.0,0.5810588769531251,False,INTC,5.3,-0.06603773584905653,-0.0139522359664807,155383500000.0,-6.603773584905653,30122.0
MSFT260220C00545000,545.0,22672.0,空头卖 Call，看跌/看不涨,-1.0629887365136137,CALL,22672.0,0.0,14895504.0,3.9180472969078805e-06,10M-50M,2026-02-20,486.7799987792969,492.010009765625,487.9599914550781,488.7591857910156,484.6474914550781,6.57,6.55,6.65,126.0,0.26758544921875,False,MSFT,7.75,-0.152258064516129,-0.010629887365136138,3801767276203.0,-15.2258064516129,22672.0
GOOG260220C00340000,340.0,9620.0,空头卖 Call，看跌/看不涨,-1.055855596141431,CALL,9620.0,0.0,14862900.0,4.971875713229619e-06,10M-50M,2026-02-20,316.739990234375,320.1199951171875,317.2699890136719,319.6300048828125,314.4100036621094,15.45,14.75,14.9,62.0,0.4008543801879882,False,GOOG,16.35,-0.055045871559633155,-0.01055855596141431,2989394920000.0,-5.504587155963316,9620.0
GOOG260320C00300000,300.0,3909.0,空头卖 Call，看跌/看不涨,-1.055855596141431,CALL,3909.0,0.0,14854200.0,4.968965425284124e-06,10M-50M,2026-03-20,316.739990234375,320.1199951171875,317.2699890136719,319.6300048828125,314.4100036621094,38.0,37.2,37.75,5.0,0.4252071640014648,True,GOOG,39.8,-0.045226130653266264,-0.01055855596141431,2989394920000.0,-4.5226130653266265,3909.0
TSM260116C00300000,300.0,12633.0,空头卖 Call，看跌/看不涨,-1.068539184690438,CALL,12633.0,0.0,14843775.0,1.04696245710445e-05,10M-50M,2026-01-16,288.3951110839844,291.510009765625,286.9200134277344,289.989990234375,286.4599914550781,11.75,11.75,12.25,93.0,0.4148923257446288,False,TSM,12.65,-0.07114624505928856,-0.010685391846904379,1417794391697.0,-7.114624505928855,12633.0
INTC260116C00045000,45.0,95151.0,空头卖 Call，看跌/看不涨,-1.39522359664807,CALL,95151.0,0.0,14843556.0,9.552852136809893e-05,10M-50M,2026-01-16,39.99409866333008,40.560001373291016,39.8650016784668,40.375,39.59999847412109,1.56,1.52,1.6,2751.0,0.5786174951171875,False,INTC,1.9,-0.17894736842105258,-0.0139522359664807,155383500000.0,-17.894736842105257,95151.0
NVDA261218C00220000,220.0,6812.0,多头买 Call，看涨,1.3333336781647247,CALL,6812.0,0.0,14747979.999999998,3.405986627766126e-06,10M-50M,2026-12-18,179.36000061035156,177.0,174.6999969482422,180.00999450683594,173.67999267578125,21.65,21.75,21.9,23.0,0.4829916203308106,False,NVDA,20.8,0.04086538461538451,0.013333336781647246,4330017000000.0,4.086538461538451,6812.0
META260918P00580000,580.0,3012.0,多头买 Put，看跌,-1.3072045032348774,PUT,3012.0,0.0,14683500.0,7.858841233615636e-06,10M-50M,2026-09-18,639.47998046875,647.9500122070312,639.5449829101562,645.2949829101562,637.760009765625,48.75,47.1,47.6,1.0,0.3399190154266357,False,META,48.75,0.0,-0.013072045032348774,1868405222031.0,0.0,3012.0
SOFI270115C00022000,22.0,11843.0,空头卖 Call，看跌/看不涨,-1.9347202855837373,CALL,11843.0,0.0,14626104.999999998,0.00043653950547231375,10M-50M,2027-01-15,29.145000457763672,29.71999931335449,28.86000061035156,29.489999771118164,28.670000076293945,12.35,12.25,12.35,119.0,0.7883321948242188,True,SOFI,12.6,-0.01984126984126984,-0.019347202855837374,33504653798.0,-1.984126984126984,11843.0
NVDA260116P00165000,165.0,30204.0,空头卖 Put，看涨/看不跌,1.3333336781647247,PUT,30204.0,0.0,14618735.999999998,3.376138246108502e-06,10M-50M,2026-01-16,179.36000061035156,177.0,174.6999969482422,180.00999450683594,173.67999267578125,4.84,4.9,4.95,352.0,0.4315242395019532,False,NVDA,5.35,-0.09532710280373828,0.013333336781647246,4330017000000.0,-9.532710280373829,30204.0
AVGO270115C00400000,400.0,1803.0,空头卖 Call，看跌/看不涨,-3.022630765848394,CALL,1803.0,0.0,14586270.000000002,9.233144329055092e-06,10M-50M,2027-01-15,390.7799987792969,402.9599914550781,394.8500061035156,395.4200134277344,385.6400146484375,80.9,80.9,80.9,17.0,0.5163851462554931,False,AVGO,87.6,-0.07648401826484005,-0.03022630765848394,1579772770810.0,-7.6484018264840055,1803.0
META261218C00520000,520.0,801.0,空头卖 Call，看跌/看不涨,-1.3072045032348774,CALL,801.0,0.0,14562180.000000002,7.79390885247611e-06,10M-50M,2026-12-18,639.47998046875,647.9500122070312,639.5449829101562,645.2949829101562,637.760009765625,181.8,181.15,183.5,1.0,0.4869664951324464,True,META,181.8,0.0,-0.013072045032348774,1868405222031.0,0.0,801.0
NVDA270617P00180000,180.0,4020.0,空头卖 Put，看涨/看不跌,1.3333336781647247,PUT,4020.0,0.0,14512200.0,3.3515341856625507e-06,10M-50M,2027-06-17,179.36000061035156,177.0,174.6999969482422,180.00999450683594,173.67999267578125,36.1,35.55,35.85,2.0,0.4030973997497559,True,NVDA,36.1,0.0,0.013333336781647246,4330017000000.0,0.0,4020.0
RIVN260116C00015000,15.0,45438.0,多头买 Call，看涨,2.0462591984882397,CALL,45438.0,0.0,14449284.0,0.0007638077261337387,10M-50M,2026-01-16,17.204999923706055,16.860000610351562,16.511999130249023,17.530000686645508,16.511999130249023,3.18,3.05,3.2,207.0,0.789064609375,True,RIVN,2.56,0.24218750000000003,0.020462591984882397,18917436294.0,24.218750000000004,45438.0
AVGO271217C00380000,380.0,1128.0,空头卖 Call，看跌/看不涨,-3.022630765848394,CALL,1128.0,0.0,14438400.0,9.139542259990322e-06,10M-50M,2027-12-17,390.7799987792969,402.9599914550781,394.8500061035156,395.4200134277344,385.6400146484375,128.0,117.6,121.05,22.0,0.5299577033996583,True,AVGO,128.0,0.0,-0.03022630765848394,1579772770810.0,0.0,1128.0
NVDA260515P00140000,140.0,24056.0,空头卖 Put，看涨/看不跌,1.3333336781647247,PUT,24056.0,0.0,14433600.0,3.3333818319881884e-06,10M-50M,2026-05-15,179.36000061035156,177.0,174.6999969482422,180.00999450683594,173.67999267578125,6.0,5.95,6.0,413.0,0.463872548828125,False,NVDA,6.24,-0.03846153846153849,0.013333336781647246,4330017000000.0,-3.8461538461538494,24056.0
META260220P00700000,700.0,1922.0,多头买 Put，看跌,-1.3072045032348774,PUT,1922.0,0.0,14428453.999999998,7.722336584092788e-06,10M-50M,2026-02-20,639.47998046875,647.9500122070312,639.5449829101562,645.2949829101562,637.760009765625,75.07,74.4,75.8,3.0,0.3042061767578125,True,META,73.6,0.019972826086956507,-0.013072045032348774,1868405222031.0,1.9972826086956508,1922.0
INTC261218P00040000,40.0,18558.0,多头买 Put，看跌,-1.39522359664807,PUT,18558.0,0.0,14382450.0,9.2560986205099e-05,10M-50M,2026-12-18,39.99409866333008,40.560001373291016,39.8650016784668,40.375,39.59999847412109,7.75,7.5,8.2,15.0,0.5073291455078125,True,INTC,7.75,0.0,-0.0139522359664807,155383500000.0,0.0,18558.0
HOOD261218C00155000,155.0,5316.0,空头卖 Call，看跌/看不涨,-6.708695134300246,CALL,5316.0,0.0,14358516.0,0.00013360851831648333,10M-50M,2026-12-18,119.87000274658205,128.49000549316406,123.5999984741211,125.28990173339844,119.37999725341795,27.01,22.85,24.55,4.0,0.7085600433349608,False,HOOD,27.01,0.0,-0.06708695134300247,107467070071.0,0.0,5316.0
RKLB270115C00035000,35.0,8325.0,空头卖 Call，看跌/看不涨,-4.4375865186749985,CALL,8325.0,0.0,14352300.0,0.0006472289990069532,10M-50M,2027-01-15,40.27000045776367,42.13999938964844,41.09999847412109,41.19869995117188,40.26499938964844,17.24,16.7,17.8,1.0,0.9476323596191408,True,RKLB,18.18,-0.05170517051705178,-0.044375865186749984,22174995283.0,-5.170517051705178,8325.0
IBM260116C00270000,270.0,3759.0,空头卖 Call，看跌/看不涨,-1.6624455857356772,CALL,3759.0,0.0,14284200.0,5.3935158162893696e-05,10M-50M,2026-01-16,303.45001220703125,308.5799865722656,306.5050048828125,306.8800048828125,303.3099975585937,38.0,39.2,40.3,1.0,0.4661308270263672,True,IBM,39.08,-0.027635619242579283,-0.016624455857356772,264840235693.0,-2.763561924257928,3759.0
GOOGL261218C00340000,340.0,3188.0,空头卖 Call，看跌/看不涨,-1.0962518984130059,CALL,3188.0,0.0,14266300.0,4.78469210835127e-06,10M-50M,2026-12-18,316.6700134277344,320.17999267578125,317.70001220703125,319.8500061035156,314.44000244140625,44.75,45.15,45.4,5.0,0.4225521612548828,False,GOOGL,47.25,-0.05291005291005291,-0.010962518984130058,2981654760000.0,-5.291005291005291,3188.0
PANW260116C00170000,170.0,6206.0,空头卖 Call，看跌/看不涨,-2.2510906586968744,CALL,6206.0,0.0,14261388.0,0.00010535483419667995,10M-50M,2026-01-16,185.8500061035156,190.1300048828125,189.5399932861328,189.8699951171875,185.6201019287109,22.98,19.75,22.7,3.0,0.5250901983642577,True,PANW,22.98,0.0,-0.022510906586968745,135365293000.0,0.0,6206.0
NVDA260618C00230000,230.0,15091.0,多头买 Call，看涨,1.3333336781647247,CALL,15091.0,0.0,14260994.999999998,3.2935194018868743e-06,10M-50M,2026-06-18,179.36000061035156,177.0,174.6999969482422,180.00999450683594,173.67999267578125,9.45,9.35,9.5,57.0,0.4641777215576171,False,NVDA,8.75,0.07999999999999992,0.013333336781647246,4330017000000.0,7.999999999999992,15091.0
GS261218C00600000,600.0,626.0,空头卖 Call，看跌/看不涨,-1.5725619316145256,CALL,626.0,0.0,14241500.0,5.8622265768896e-05,10M-50M,2026-12-18,813.0499877929688,826.0399780273438,818.5900268554688,824.72998046875,811.97998046875,227.5,249.0,257.0,2.0,0.429067599029541,True,GS,227.5,0.0,-0.015725619316145256,242936703541.0,0.0,626.0
BABA260116C00160000,160.0,14733.0,多头买 Call，看涨,3.3312079673964408,CALL,14733.0,0.0,14217345.000000002,3.58130136625981e-05,10M-50M,2026-01-16,162.5399932861328,157.3000030517578,160.5,162.9759063720703,159.41000366210938,9.65,9.6,9.9,64.0,0.374456939086914,True,BABA,8.05,0.1987577639751552,0.033312079673964407,396988232656.0,19.875776397515523,14733.0
BABA260116C00125000,125.0,4129.0,多头买 Call，看涨,3.3312079673964408,CALL,4129.0,0.0,14137696.000000002,3.561238051166786e-05,10M-50M,2026-01-16,162.5399932861328,157.3000030517578,160.5,162.9759063720703,159.41000366210938,34.24,35.4,37.8,3.0,0.424810439453125,True,BABA,34.24,0.0,0.033312079673964407,396988232656.0,0.0,4129.0
NVDA260918C00135000,135.0,2451.0,多头买 Call，看涨,1.3333336781647247,CALL,2451.0,0.0,14137368.0,3.2649682437736386e-06,10M-50M,2026-09-18,179.36000061035156,177.0,174.6999969482422,180.00999450683594,173.67999267578125,57.68,57.15,57.65,9.0,0.5466964276123047,True,NVDA,55.6,0.03741007194244601,0.013333336781647246,4330017000000.0,3.7410071942446015,2451.0
GOOG280121C00250000,250.0,1215.0,空头卖 Call，看跌/看不涨,-1.055855596141431,CALL,1215.0,0.0,14121945.000000002,4.724014517292349e-06,10M-50M,2028-01-21,316.739990234375,320.1199951171875,317.2699890136719,319.6300048828125,314.4100036621094,116.23,115.95,116.8,51.0,0.4896596444702149,True,GOOG,117.25,-0.008699360341151352,-0.01055855596141431,2989394920000.0,-0.8699360341151352,1215.0
NVDA260320P00210000,210.0,3804.0,空头卖 Put，看涨/看不跌,1.3333336781647247,PUT,3804.0,0.0,14109036.000000002,3.258425082395751e-06,10M-50M,2026-03-20,179.36000061035156,177.0,174.6999969482422,180.00999450683594,173.67999267578125,37.09,36.45,36.7,81.0,0.4053404193115234,True,NVDA,37.82,-0.019301956636700077,0.013333336781647246,4330017000000.0,-1.9301956636700077,3804.0
PLTR260320C00120000,120.0,2629.0,空头卖 Call，看跌/看不涨,-1.1279275339305384,CALL,2629.0,0.0,14078294.999999998,3.341974192382778e-05,10M-50M,2026-03-20,166.5500030517578,168.4499969482422,165.00999450683594,167.97000122070312,163.1199951171875,53.55,52.8,54.15,3.0,0.7484156018066408,True,PLTR,53.55,0.0,-0.011279275339305382,421256843697.0,0.0,2629.0
GOOG260618C00260000,260.0,1889.0,空头卖 Call，看跌/看不涨,-1.055855596141431,CALL,1889.0,0.0,14052271.0,4.70070745955506e-06,10M-50M,2026-06-18,316.739990234375,320.1199951171875,317.2699890136719,319.6300048828125,314.4100036621094,74.39,73.95,74.65,2.0,0.4748587670898437,True,GOOG,76.3,-0.02503276539973783,-0.01055855596141431,2989394920000.0,-2.503276539973783,1889.0
NVDA260918C00145000,145.0,2845.0,多头买 Call，看涨,1.3333336781647247,CALL,2845.0,0.0,14040075.0,3.2424988169792406e-06,10M-50M,2026-09-18,179.36000061035156,177.0,174.6999969482422,180.00999450683594,173.67999267578125,49.35,50.25,50.7,4.0,0.529148995666504,True,NVDA,49.35,0.0,0.013333336781647246,4330017000000.0,0.0,2845.0
NVDA260116P00195000,195.0,7071.0,空头卖 Put，看涨/看不跌,1.3333336781647247,PUT,7071.0,0.0,14035935.0,3.241542700640667e-06,10M-50M,2026-01-16,179.36000061035156,177.0,174.6999969482422,180.00999450683594,173.67999267578125,19.85,20.0,20.1,7.0,0.3912414392089843,True,NVDA,21.26,-0.06632173095014111,0.013333336781647246,4330017000000.0,-6.632173095014111,7071.0
META271217C00550000,550.0,683.0,空头卖 Call，看跌/看不涨,-1.3072045032348774,CALL,683.0,0.0,14015160.0,7.501135104281712e-06,10M-50M,2027-12-17,639.47998046875,647.9500122070312,639.5449829101562,645.2949829101562,637.760009765625,205.2,206.15,209.0,1.0,0.4824117921447754,True,META,205.2,0.0,-0.013072045032348774,1868405222031.0,0.0,683.0
GOOG251219C00300000,300.0,6524.0,空头卖 Call，看跌/看不涨,-1.055855596141431,CALL,6524.0,0.0,13961359.999999998,4.6702962885880595e-06,10M-50M,2025-12-19,316.739990234375,320.1199951171875,317.2699890136719,319.6300048828125,314.4100036621094,21.4,20.6,20.8,129.0,0.3706117626953125,True,GOOG,23.84,-0.10234899328859066,-0.01055855596141431,2989394920000.0,-10.234899328859067,6524.0
EQX260116C00010000,10.0,34838.0,多头买 Call，看涨,1.5713227112245896,CALL,34838.0,0.0,13935200.0,0.0016984392548653109,10M-50M,2026-01-16,14.098099708557127,13.880000114440918,14.140000343322754,14.199999809265137,13.81999969482422,4.0,3.9,4.4,36.0,0.5820354296875,True,EQX,4.0,0.0,0.015713227112245896,8204709094.0,0.0,34838.0
INTC260618C00038000,38.0,18313.0,空头卖 Call，看跌/看不涨,-1.39522359664807,CALL,18313.0,0.0,13917879.999999998,8.957115781276646e-05,10M-50M,2026-06-18,39.99409866333008,40.560001373291016,39.8650016784668,40.375,39.59999847412109,7.6,7.45,7.65,100.0,0.5690961059570312,True,INTC,8.0,-0.050000000000000044,-0.0139522359664807,155383500000.0,-5.000000000000004,18313.0
MSFT251219C00485000,485.0,12027.0,空头卖 Call，看跌/看不涨,-1.0629887365136137,CALL,12027.0,0.0,13855104.0,3.6443850960382117e-06,10M-50M,2025-12-19,486.7799987792969,492.010009765625,487.9599914550781,488.7591857910156,484.6474914550781,11.52,11.55,11.7,131.0,0.246528530883789,True,MSFT,14.85,-0.22424242424242424,-0.010629887365136138,3801767276203.0,-22.424242424242426,12027.0
MRK260320C00110000,110.0,34975.0,空头卖 Call，看跌/看不涨,-1.3927301907573943,CALL,34975.0,0.0,13815125.0,7.04042054931171e-05,10M-50M,2026-03-20,103.37000274658205,104.83000183105467,104.72000122070312,105.68000030517578,103.21600341796876,3.95,3.5,4.0,29.0,0.291877198486328,False,MRK,4.2,-0.05952380952380952,-0.013927301907573944,196225849056.0,-5.952380952380952,34975.0
IBM260116C00250000,250.0,2398.0,空头卖 Call，看跌/看不涨,-1.6624455857356772,CALL,2398.0,0.0,13778908.000000002,5.2027245648476036e-05,10M-50M,2026-01-16,303.45001220703125,308.5799865722656,306.5050048828125,306.8800048828125,303.3099975585937,57.46,57.45,59.8,1.0,0.5701947277832031,True,IBM,59.9,-0.04073455759599329,-0.016624455857356772,264840235693.0,-4.073455759599328,2398.0
PLTR260618C00150000,150.0,3509.0,空头卖 Call，看跌/看不涨,-1.1279275339305384,CALL,3509.0,0.0,13685100.0,3.248635649428966e-05,10M-50M,2026-06-18,166.5500030517578,168.4499969482422,165.00999450683594,167.97000122070312,163.1199951171875,39.0,39.0,39.45,5.0,0.6536289520263674,True,PLTR,39.2,-0.005102040816326603,-0.011279275339305382,421256843697.0,-0.5102040816326603,3509.0
EOSE270115P00012500,12.5,31419.0,多头买 Put，看跌,-4.651161464410289,PUT,31419.0,0.0,13667265.0,0.005197235003054755,10M-50M,2027-01-15,14.350000381469728,15.050000190734863,14.55500030517578,14.749099731445312,14.211999893188477,4.35,4.3,4.75,57.0,0.9965820654296876,False,EOSE,4.35,0.0,-0.04651161464410289,2629718493.0,0.0,31419.0
GOOGL260618C00245000,245.0,1487.0,空头卖 Call，看跌/看不涨,-1.0962518984130059,CALL,1487.0,0.0,13625381.0,4.569737979993364e-06,10M-50M,2026-06-18,316.6700134277344,320.17999267578125,317.70001220703125,319.8500061035156,314.44000244140625,91.63,85.65,86.4,1.0,0.4986317227172852,True,GOOGL,91.63,0.0,-0.010962518984130058,2981654760000.0,0.0,1487.0
META260320C00600000,600.0,1703.0,空头卖 Call，看跌/看不涨,-1.3072045032348774,CALL,1703.0,0.0,13624000.0,7.291780091039563e-06,10M-50M,2026-03-20,639.47998046875,647.9500122070312,639.5449829101562,645.2949829101562,637.760009765625,80.0,79.85,80.85,17.0,0.4341792422485352,True,META,81.2,-0.014778325123152743,-0.013072045032348774,1868405222031.0,-1.4778325123152742,1703.0
GS260116C00620000,620.0,680.0,空头卖 Call，看跌/看不涨,-1.5725619316145256,CALL,680.0,0.0,13581640.0,5.590608500912605e-05,10M-50M,2026-01-16,813.0499877929688,826.0399780273438,818.5900268554688,824.72998046875,811.97998046875,199.73,200.05,206.7,4.0,0.6604648211669923,True,GS,199.73,0.0,-0.015725619316145256,242936703541.0,0.0,680.0
MSFT260618C00415000,415.0,1457.0,空头卖 Call，看跌/看不涨,-1.0629887365136137,CALL,1457.0,0.0,13579240.0,3.5718230531886244e-06,10M-50M,2026-06-18,486.7799987792969,492.010009765625,487.9599914550781,488.7591857910156,484.6474914550781,93.2,91.35,92.75,1.0,0.3674074490356446,True,MSFT,93.2,0.0,-0.010629887365136138,3801767276203.0,0.0,1457.0
META270115P00500000,500.0,4267.0,多头买 Put，看跌,-1.3072045032348774,PUT,4267.0,0.0,13547725.0,7.250956505716307e-06,10M-50M,2027-01-15,639.47998046875,647.9500122070312,639.5449829101562,645.2949829101562,637.760009765625,31.75,32.05,32.6,23.0,0.3552386864471435,False,META,31.75,0.0,-0.013072045032348774,1868405222031.0,0.0,4267.0
RBLX260116C00075000,75.0,6837.0,空头卖 Call，看跌/看不涨,-2.683358365904578,CALL,6837.0,0.0,13482563.999999998,0.00014399849932951561,10M-50M,2026-01-16,92.4800033569336,95.02999877929688,93.01000213623048,93.47560119628906,90.6500015258789,19.72,17.85,19.3,1.0,0.540287800292969,True,RBLX,19.72,0.0,-0.02683358365904578,93629892414.0,0.0,6837.0
MSFT251219C00405000,405.0,1832.0,空头卖 Call，看跌/看不涨,-1.0629887365136137,CALL,1832.0,0.0,13443216.0,3.536043903620097e-06,10M-50M,2025-12-19,486.7799987792969,492.010009765625,487.9599914550781,488.7591857910156,484.6474914550781,73.38,82.7,85.3,7.0,0.5938761315917969,True,MSFT,73.38,0.0,-0.010629887365136138,3801767276203.0,0.0,1832.0
NVDA260918C00160000,160.0,3263.0,多头买 Call，看涨,1.3333336781647247,CALL,3263.0,0.0,13427244.999999998,3.1009681948130916e-06,10M-50M,2026-09-18,179.36000061035156,177.0,174.6999969482422,180.00999450683594,173.67999267578125,41.15,41.1,41.5,7.0,0.5109912182617188,True,NVDA,39.89,0.03158686387565801,0.013333336781647246,4330017000000.0,3.158686387565801,3263.0
NVDA270617C00210000,210.0,4036.0,多头买 Call，看涨,1.3333336781647247,CALL,4036.0,0.0,13419700.0,3.0992257074279385e-06,10M-50M,2027-06-17,179.36000061035156,177.0,174.6999969482422,180.00999450683594,173.67999267578125,33.25,33.55,33.8,2.0,0.5001270690917969,False,NVDA,32.51,0.02276222700707481,0.013333336781647246,4330017000000.0,2.276222700707481,4036.0
NEM260116C00070000,70.0,6113.0,多头买 Call，看涨,1.3005623955877497,CALL,6113.0,0.0,13393582.999999998,0.00014302837392606615,10M-50M,2026-01-16,91.91000366210938,90.7300033569336,92.0,92.87999725341795,90.86000061035156,21.91,21.9,22.9,3.0,0.5102588037109376,True,NEM,21.91,0.0,0.013005623955877496,93642839056.0,0.0,6113.0
HOOD270115C00120000,120.0,3569.0,空头卖 Call，看跌/看不涨,-6.708695134300246,CALL,3569.0,0.0,13383750.0,0.0001245381491386877,10M-50M,2027-01-15,119.87000274658205,128.49000549316406,123.5999984741211,125.28990173339844,119.37999725341795,37.5,37.0,38.35,31.0,0.7629113064575196,False,HOOD,40.6,-0.0763546798029557,-0.06708695134300247,107467070071.0,-7.635467980295569,3569.0
META260116C00520000,520.0,1124.0,空头卖 Call，看跌/看不涨,-1.3072045032348774,CALL,1124.0,0.0,13381219.999999998,7.16184039854818e-06,10M-50M,2026-01-16,639.47998046875,647.9500122070312,639.5449829101562,645.2949829101562,637.760009765625,119.05,126.75,130.4,5.0,0.5533491931152343,True,META,119.05,0.0,-0.013072045032348774,1868405222031.0,0.0,1124.0
GS251219C00700000,700.0,1120.0,空头卖 Call，看跌/看不涨,-1.5725619316145256,CALL,1120.0,0.0,13298879.999999998,5.474216043174213e-05,10M-50M,2025-12-19,813.0499877929688,826.0399780273438,818.5900268554688,824.72998046875,811.97998046875,118.74,119.8,126.2,5.0,0.6741975939941409,True,GS,127.4,-0.06797488226059663,-0.015725619316145256,242936703541.0,-6.797488226059663,1120.0
SBUX260618C00080000,80.0,10156.0,空头卖 Call，看跌/看不涨,-2.3189120173429245,CALL,10156.0,0.0,13233268.0,0.00013960702552298746,10M-50M,2026-06-18,85.08999633789062,87.11000061035156,86.13500213623047,86.50440216064453,84.8499984741211,13.03,11.55,12.1,6.0,0.3839172937011719,True,SBUX,13.03,0.0,-0.023189120173429247,94789413000.0,0.0,10156.0
AVGO261218C00350000,350.0,1302.0,空头卖 Call，看跌/看不涨,-3.022630765848394,CALL,1302.0,0.0,13193166.0,8.35130611425556e-06,10M-50M,2026-12-18,390.7799987792969,402.9599914550781,394.8500061035156,395.4200134277344,385.6400146484375,101.33,99.6,103.05,2.0,0.5301560656738282,True,AVGO,110.03,-0.07906934472416616,-0.03022630765848394,1579772770810.0,-7.906934472416616,1302.0
NVDA271217P00185000,185.0,3046.0,空头卖 Put，看涨/看不跌,1.3333336781647247,PUT,3046.0,0.0,13158720.000000002,3.038953426741743e-06,10M-50M,2027-12-17,179.36000061035156,177.0,174.6999969482422,180.00999450683594,173.67999267578125,43.2,43.0,43.35,1.0,0.3946441151428223,True,NVDA,43.2,0.0,0.013333336781647246,4330017000000.0,0.0,3046.0
GOOGL270115C00245000,245.0,1293.0,空头卖 Call，看跌/看不涨,-1.0962518984130059,CALL,1293.0,0.0,13117485.0,4.399397668695889e-06,10M-50M,2027-01-15,316.6700134277344,320.17999267578125,317.70001220703125,319.8500061035156,314.44000244140625,101.45,98.85,100.0,2.0,0.4878743840026856,True,GOOGL,101.45,0.0,-0.010962518984130058,2981654760000.0,0.0,1293.0
MSFT260618P00450000,450.0,6831.0,多头买 Put，看跌,-1.0629887365136137,PUT,6831.0,0.0,13095027.000000002,3.4444578135983665e-06,10M-50M,2026-06-18,486.7799987792969,492.010009765625,487.9599914550781,488.7591857910156,484.6474914550781,19.17,19.35,19.55,2.0,0.2528456063842773,False,MSFT,19.17,0.0,-0.010629887365136138,3801767276203.0,0.0,6831.0
CIFR270115C00020000,20.0,13951.0,空头卖 Call，看跌/看不涨,-3.3415247785202746,CALL,13951.0,0.0,13016283.0,0.0028854846785545773,10M-50M,2027-01-15,19.670000076293945,20.350000381469727,19.325000762939453,20.36000061035156,19.0,9.33,9.2,10.0,9.0,1.2482947741699215,False,CIFR,9.34,-0.0010706638115631465,-0.033415247785202745,4510952041.0,-0.10706638115631464,13951.0
PLTR251219P00180000,180.0,8554.0,多头买 Put，看跌,-1.1279275339305384,PUT,8554.0,0.0,13002079.999999998,3.086497037268808e-05,10M-50M,2025-12-19,166.5500030517578,168.4499969482422,165.00999450683594,167.97000122070312,163.1199951171875,15.2,14.85,16.1,26.0,0.4787649780273437,True,PLTR,15.05,0.00996677740863778,-0.011279275339305382,421256843697.0,0.9966777408637779,8554.0
GOOGL280121C00250000,250.0,1125.0,空头卖 Call，看跌/看不涨,-1.0962518984130059,CALL,1125.0,0.0,12992625.0,4.357521593143802e-06,10M-50M,2028-01-21,316.6700134277344,320.17999267578125,317.70001220703125,319.8500061035156,314.44000244140625,115.49,115.85,117.25,2.0,0.4925740440368653,True,GOOGL,116.9,-0.012061591103507362,-0.010962518984130058,2981654760000.0,-1.2061591103507363,1125.0
PLTR271217C00125000,125.0,1632.0,空头卖 Call，看跌/看不涨,-1.1279275339305384,CALL,1632.0,0.0,12967871.999999998,3.0783765757233556e-05,10M-50M,2027-12-17,166.5500030517578,168.4499969482422,165.00999450683594,167.97000122070312,163.1199951171875,79.46,78.4,80.1,6.0,0.7070952142333984,True,PLTR,79.46,0.0,-0.011279275339305382,421256843697.0,0.0,1632.0
RIVN270115C00020000,20.0,28808.0,多头买 Call，看涨,2.0462591984882397,CALL,28808.0,0.0,12963600.0,0.000685272560114905,10M-50M,2027-01-15,17.204999923706055,16.860000610351562,16.511999130249023,17.530000686645508,16.511999130249023,4.5,4.4,4.75,372.0,0.7670921728515626,False,RIVN,4.09,0.10024449877750614,0.020462591984882397,18917436294.0,10.024449877750614,28808.0
BABA260320C00130000,130.0,3736.0,多头买 Call，看涨,3.3312079673964408,CALL,3736.0,0.0,12926560.0,3.25615696805834e-05,10M-50M,2026-03-20,162.5399932861328,157.3000030517578,160.5,162.9759063720703,159.41000366210938,34.6,33.95,35.7,6.0,0.434575966796875,True,BABA,32.75,0.05648854961832065,0.033312079673964407,396988232656.0,5.648854961832065,3736.0
META260618C00720000,720.0,2715.0,空头卖 Call，看跌/看不涨,-1.3072045032348774,CALL,2715.0,0.0,12923400.0,6.9168078999222465e-06,10M-50M,2026-06-18,639.47998046875,647.9500122070312,639.5449829101562,645.2949829101562,637.760009765625,47.6,47.35,47.8,144.0,0.4089490868377685,False,META,49.0,-0.028571428571428543,-0.013072045032348774,1868405222031.0,-2.857142857142854,2715.0
NVDA260618P00175000,175.0,6462.0,空头卖 Put，看涨/看不跌,1.3333336781647247,PUT,6462.0,0.0,12904614.0,2.980268668691139e-06,10M-50M,2026-06-18,179.36000061035156,177.0,174.6999969482422,180.00999450683594,173.67999267578125,19.97,19.9,20.05,900.0,0.4254818194580079,False,NVDA,20.7,-0.03526570048309181,0.013333336781647246,4330017000000.0,-3.5265700483091806,6462.0
GOOG260320C00230000,230.0,1374.0,空头卖 Call，看跌/看不涨,-1.055855596141431,CALL,1374.0,0.0,12874380.0,4.306684243646203e-06,10M-50M,2026-03-20,316.739990234375,320.1199951171875,317.2699890136719,319.6300048828125,314.4100036621094,93.7,91.95,92.75,1.0,0.5397384893798829,True,GOOG,94.75,-0.011081794195250629,-0.01055855596141431,2989394920000.0,-1.108179419525063,1374.0
IBM260116C00230000,230.0,1681.0,空头卖 Call，看跌/看不涨,-1.6624455857356772,CALL,1681.0,0.0,12847883.000000002,4.851182436981793e-05,10M-50M,2026-01-16,303.45001220703125,308.5799865722656,306.5050048828125,306.8800048828125,303.3099975585937,76.43,76.3,79.6,1.0,0.6998321032714845,True,IBM,80.18,-0.046769768021950604,-0.016624455857356772,264840235693.0,-4.67697680219506,1681.0
GOOGL260618C00270000,270.0,1862.0,空头卖 Call，看跌/看不涨,-1.0962518984130059,CALL,1862.0,0.0,12847800.0,4.308949571344739e-06,10M-50M,2026-06-18,316.6700134277344,320.17999267578125,317.70001220703125,319.8500061035156,314.44000244140625,69.0,67.0,67.85,10.0,0.4676566906738281,True,GOOGL,69.0,0.0,-0.010962518984130058,2981654760000.0,0.0,1862.0
MSFT260116C00490000,490.0,8319.0,空头卖 Call，看跌/看不涨,-1.0629887365136137,CALL,8319.0,0.0,12836217.0,3.376381579258613e-06,10M-50M,2026-01-16,486.7799987792969,492.010009765625,487.9599914550781,488.7591857910156,484.6474914550781,15.43,15.4,15.55,187.0,0.2453383572387695,False,MSFT,18.3,-0.15683060109289623,-0.010629887365136138,3801767276203.0,-15.683060109289624,8319.0
U270115C00040000,40.0,9485.0,多头买 Call，看涨,1.222954967463378,CALL,9485.0,0.0,12823720.0,0.0007097922122829473,10M-50M,2027-01-15,43.040000915527344,42.52000045776367,42.77000045776367,43.04999923706055,41.22999954223633,13.52,13.0,14.25,71.0,0.7012969323730469,True,U,13.52,0.0,0.01222954967463378,18066864891.0,0.0,9485.0
META260618P00620000,620.0,2430.0,多头买 Put，看跌,-1.3072045032348774,PUT,2430.0,0.0,12810960.0,6.856628235107472e-06,10M-50M,2026-06-18,639.47998046875,647.9500122070312,639.5449829101562,645.2949829101562,637.760009765625,52.72,52.0,52.4,3.0,0.3331670687866211,False,META,52.72,0.0,-0.013072045032348774,1868405222031.0,0.0,2430.0
AVGO260320C00360000,360.0,2090.0,空头卖 Call，看跌/看不涨,-3.022630765848394,CALL,2090.0,0.0,12717650.0,8.050303331585628e-06,10M-50M,2026-03-20,390.7799987792969,402.9599914550781,394.8500061035156,395.4200134277344,385.6400146484375,60.85,59.35,61.15,16.0,0.5255479574584961,True,AVGO,70.75,-0.1399293286219081,-0.03022630765848394,1579772770810.0,-13.99293286219081,2090.0
TSM260116C00260000,260.0,3391.0,空头卖 Call，看跌/看不涨,-1.068539184690438,CALL,3391.0,0.0,12716250.0,8.96903674783164e-06,10M-50M,2026-01-16,288.3951110839844,291.510009765625,286.9200134277344,289.989990234375,286.4599914550781,37.5,34.85,36.15,118.0,0.4757742852783203,True,TSM,37.5,0.0,-0.010685391846904379,1417794391697.0,0.0,3391.0
NVO260618P00050000,50.0,19363.0,多头买 Put，看跌,-1.0739590591371484,PUT,19363.0,0.0,12682765.0,5.107867078616819e-05,10M-50M,2026-06-18,48.81999969482422,49.34999847412109,48.92499923706055,49.48529815673828,48.619998931884766,6.55,6.55,6.65,7.0,0.4155331884765625,True,NVO,6.45,0.015503875968992192,-0.010739590591371483,248298650000.0,1.5503875968992191,19363.0
COIN270115P00200000,200.0,4051.0,多头买 Put，看跌,-7.085258160001046,PUT,4051.0,0.0,12671528.0,0.00015777031856707528,10M-50M,2027-01-15,253.4900054931641,272.82000732421875,260.4750061035156,265.8800048828125,253.2400054931641,31.28,32.4,33.35,4.0,0.5911906115722658,False,COIN,31.28,0.0,-0.07085258160001046,80316298497.0,0.0,4051.0
MSTR270115P00200000,200.0,1745.0,多头买 Put，看跌,-11.857994906502665,PUT,1745.0,0.0,12651250.0,0.0001443631907187159,10M-50M,2027-01-15,156.1699981689453,177.17999267578125,168.25,168.25,156.06100463867188,72.5,72.25,73.55,2.0,0.650516190185547,True,MSTR,67.37,0.07614665281282462,-0.11857994906502665,87634873800.0,7.614665281282463,1745.0
TSM270115C00250000,250.0,1670.0,空头卖 Call，看跌/看不涨,-1.068539184690438,CALL,1670.0,0.0,12608500.0,8.89303842210048e-06,10M-50M,2027-01-15,288.3951110839844,291.510009765625,286.9200134277344,289.989990234375,286.4599914550781,75.5,73.0,74.35,5.0,0.4701438484191895,True,TSM,75.5,0.0,-0.010685391846904379,1417794391697.0,0.0,1670.0
GOOG260918C00250000,250.0,1393.0,空头卖 Call，看跌/看不涨,-1.055855596141431,CALL,1393.0,0.0,12578790.0,4.207804701829091e-06,10M-50M,2026-09-18,316.739990234375,320.1199951171875,317.2699890136719,319.6300048828125,314.4100036621094,90.3,88.1,88.95,3.0,0.4856008471679687,True,GOOG,90.3,0.0,-0.01055855596141431,2989394920000.0,0.0,1393.0
SOFI271217C00030000,30.0,10696.0,空头卖 Call，看跌/看不涨,-1.9347202855837373,CALL,10696.0,0.0,12557104.0,0.00037478686022864006,10M-50M,2027-12-17,29.145000457763672,29.71999931335449,28.86000061035156,29.489999771118164,28.670000076293945,11.74,11.6,11.95,7.0,0.7583031982421876,False,SOFI,12.1,-0.029752066115702434,-0.019347202855837374,33504653798.0,-2.9752066115702434,10696.0
HOOD270115C00090000,90.0,2382.0,空头卖 Call，看跌/看不涨,-6.708695134300246,CALL,2382.0,0.0,12553140.0,0.0001168091769107183,10M-50M,2027-01-15,119.87000274658205,128.49000549316406,123.5999984741211,125.28990173339844,119.37999725341795,52.7,51.1,53.2,9.0,0.8225115405273438,True,HOOD,55.3,-0.04701627486437603,-0.06708695134300247,107467070071.0,-4.701627486437603,2382.0
MRK260116C00080000,80.0,4944.0,空头卖 Call，看跌/看不涨,-1.3927301907573943,CALL,4944.0,0.0,12533040.0,6.387048424197799e-05,10M-50M,2026-01-16,103.37000274658205,104.83000183105467,104.72000122070312,105.68000030517578,103.21600341796876,25.35,23.7,26.1,10.0,0.6630893066406252,True,MRK,25.35,0.0,-0.013927301907573944,196225849056.0,0.0,4944.0
SOFI260220C00030000,30.0,34323.0,空头卖 Call，看跌/看不涨,-1.9347202855837373,CALL,34323.0,0.0,12527895.0,0.00037391507088928137,10M-50M,2026-02-20,29.145000457763672,29.71999931335449,28.86000061035156,29.489999771118164,28.670000076293945,3.65,3.5,3.65,363.0,0.7155790161132812,False,SOFI,3.85,-0.05194805194805199,-0.019347202855837374,33504653798.0,-5.194805194805199,34323.0
RIVN260320C00015000,15.0,31281.0,多头买 Call，看涨,2.0462591984882397,CALL,31281.0,0.0,12512400.0,0.0006614215481179407,10M-50M,2026-03-20,17.204999923706055,16.860000610351562,16.511999130249023,17.530000686645508,16.511999130249023,4.0,3.9,4.05,53.0,0.7797873583984375,True,RIVN,3.45,0.1594202898550724,0.020462591984882397,18917436294.0,15.942028985507239,31281.0
PLTR271217C00165000,165.0,2025.0,空头卖 Call，看跌/看不涨,-1.1279275339305384,CALL,2025.0,0.0,12494250.0,2.965945880035795e-05,10M-50M,2027-12-17,166.5500030517578,168.4499969482422,165.00999450683594,167.97000122070312,163.1199951171875,61.7,61.35,62.3,7.0,0.6698946585083009,True,PLTR,62.65,-0.015163607342378224,-0.011279275339305382,421256843697.0,-1.5163607342378225,2025.0
BABA260618C00200000,200.0,13699.0,多头买 Call，看涨,3.3312079673964408,CALL,13699.0,0.0,12466090.0,3.140166124471042e-05,10M-50M,2026-06-18,162.5399932861328,157.3000030517578,160.5,162.9759063720703,159.41000366210938,9.1,8.9,9.2,59.0,0.4390925231933594,False,BABA,8.38,0.08591885441527432,0.033312079673964407,396988232656.0,8.591885441527431,13699.0
AVGO270115C00330000,330.0,1014.0,空头卖 Call，看跌/看不涨,-3.022630765848394,CALL,1014.0,0.0,12456990.0,7.885304918638966e-06,10M-50M,2027-01-15,390.7799987792969,402.9599914550781,394.8500061035156,395.4200134277344,385.6400146484375,122.85,112.35,115.35,3.0,0.5306748593139649,True,AVGO,122.85,0.0,-0.03022630765848394,1579772770810.0,0.0,1014.0
NVDA251219C00142000,142.0,3161.0,多头买 Call，看涨,1.3333336781647247,CALL,3161.0,0.0,12454340.0,2.8762797005184968e-06,10M-50M,2025-12-19,179.36000061035156,177.0,174.6999969482422,180.00999450683594,173.67999267578125,39.4,37.05,37.6,4.0,0.5556685058593751,True,NVDA,39.4,0.0,0.013333336781647246,4330017000000.0,0.0,3161.0
COIN260220P00310000,310.0,2239.0,多头买 Put，看跌,-7.085258160001046,PUT,2239.0,0.0,12448840.0,0.00015499768083143166,10M-50M,2026-02-20,253.4900054931641,272.82000732421875,260.4750061035156,265.8800048828125,253.2400054931641,55.6,59.4,60.55,13.0,0.4089414575195312,True,COIN,55.6,0.0,-0.07085258160001046,80316298497.0,0.0,2239.0
HOOD251219C00090000,90.0,3295.0,空头卖 Call，看跌/看不涨,-6.708695134300246,CALL,3295.0,0.0,12422150.000000002,0.00011559029190795925,10M-50M,2025-12-19,119.87000274658205,128.49000549316406,123.5999984741211,125.28990173339844,119.37999725341795,37.7,33.0,35.55,4.0,1.56640841796875,True,HOOD,37.7,0.0,-0.06708695134300247,107467070071.0,0.0,3295.0
PLTR260116C00140000,140.0,3857.0,空头卖 Call，看跌/看不涨,-1.1279275339305384,CALL,3857.0,0.0,12342400.0,2.9298989879147444e-05,10M-50M,2026-01-16,166.5500030517578,168.4499969482422,165.00999450683594,167.97000122070312,163.1199951171875,32.0,31.4,32.35,11.0,0.6875031250000001,True,PLTR,32.5,-0.015384615384615385,-0.011279275339305382,421256843697.0,-1.5384615384615385,3857.0
BABA260116P00175000,175.0,6179.0,空头卖 Put，看涨/看不跌,3.3312079673964408,PUT,6179.0,0.0,12234420.000000002,3.081809231005954e-05,10M-50M,2026-01-16,162.5399932861328,157.3000030517578,160.5,162.9759063720703,159.41000366210938,19.8,17.3,18.0,28.0,0.4370173486328125,True,BABA,19.8,0.0,0.033312079673964407,396988232656.0,0.0,6179.0
RKLB280121P00050000,50.0,5504.0,多头买 Put，看跌,-4.4375865186749985,PUT,5504.0,0.0,12218880.0,0.0005510206358134989,10M-50M,2028-01-21,40.27000045776367,42.13999938964844,41.09999847412109,41.19869995117188,40.26499938964844,22.2,22.6,23.5,5.0,0.7072172833251953,True,RKLB,22.2,0.0,-0.044375865186749984,22174995283.0,0.0,5504.0
RUN260918P00015000,15.0,40029.0,多头买 Put，看跌,-6.765436243127894,PUT,40029.0,0.0,12208845.0,0.0029945331377317424,10M-50M,2026-09-18,18.8799991607666,20.25,19.549999237060547,19.88999938964844,18.809999465942383,3.05,2.63,3.2,1.0,0.77929908203125,False,RUN,3.05,0.0,-0.06765436243127894,4077044547.0,0.0,40029.0
NVDA261218P00180000,180.0,4048.0,空头卖 Put，看涨/看不跌,1.3333336781647247,PUT,4048.0,0.0,12184480.0,2.813956619569854e-06,10M-50M,2026-12-18,179.36000061035156,177.0,174.6999969482422,180.00999450683594,173.67999267578125,30.1,30.0,30.2,54.0,0.4101011138916015,True,NVDA,30.8,-0.022727272727272704,0.013333336781647246,4330017000000.0,-2.2727272727272703,4048.0
SOFI260116C00030000,30.0,51183.0,空头卖 Call，看跌/看不涨,-1.9347202855837373,CALL,51183.0,0.0,12181554.0,0.0003635779695991712,10M-50M,2026-01-16,29.145000457763672,29.71999931335449,28.86000061035156,29.489999771118164,28.670000076293945,2.38,2.39,2.42,990.0,0.6645541357421877,False,SOFI,2.64,-0.09848484848484856,-0.019347202855837374,33504653798.0,-9.848484848484857,51183.0
PLTR251219P00170000,170.0,13776.0,多头买 Put，看跌,-1.1279275339305384,PUT,13776.0,0.0,12177984.0,2.8908691175494193e-05,10M-50M,2025-12-19,166.5500030517578,168.4499969482422,165.00999450683594,167.97000122070312,163.1199951171875,8.84,8.85,9.1,583.0,0.4732718688964844,True,PLTR,8.5,0.03999999999999998,-0.011279275339305382,421256843697.0,3.9999999999999982,13776.0
IBM270115C00260000,260.0,1774.0,空头卖 Call，看跌/看不涨,-1.6624455857356772,CALL,1774.0,0.0,12164318.0,4.593077773160098e-05,10M-50M,2027-01-15,303.45001220703125,308.5799865722656,306.5050048828125,306.8800048828125,303.3099975585937,68.57,67.5,72.5,11.0,0.4032957620239258,True,IBM,68.57,0.0,-0.016624455857356772,264840235693.0,0.0,1774.0
NVDA260220P00210000,210.0,3557.0,空头卖 Put，看涨/看不跌,1.3333336781647247,PUT,3557.0,0.0,12147154.999999998,2.8053365610342866e-06,10M-50M,2026-02-20,179.36000061035156,177.0,174.6999969482422,180.00999450683594,173.67999267578125,34.15,34.0,34.3,16.0,0.3797669445800781,True,NVDA,35.74,-0.04448796866256305,0.013333336781647246,4330017000000.0,-4.448796866256305,3557.0
MSFT251219C00445000,445.0,2498.0,空头卖 Call，看跌/看不涨,-1.0629887365136137,CALL,2498.0,0.0,12142778.0,3.193982460737984e-06,10M-50M,2025-12-19,486.7799987792969,492.010009765625,487.9599914550781,488.7591857910156,484.6474914550781,48.61,44.1,45.2,7.0,0.3980773083496094,True,MSFT,48.61,0.0,-0.010629887365136138,3801767276203.0,0.0,2498.0
AVGO260618C00320000,320.0,1242.0,空头卖 Call，看跌/看不涨,-3.022630765848394,CALL,1242.0,0.0,12128130.0,7.67713574008591e-06,10M-50M,2026-06-18,390.7799987792969,402.9599914550781,394.8500061035156,395.4200134277344,385.6400146484375,97.65,97.85,99.95,7.0,0.5437362521362306,True,AVGO,110.1,-0.11307901907356939,-0.03022630765848394,1579772770810.0,-11.30790190735694,1242.0
HOOD271217C00120000,120.0,2492.0,空头卖 Call，看跌/看不涨,-6.708695134300246,CALL,2492.0,0.0,12086200.0,0.00011246421803455738,10M-50M,2027-12-17,119.87000274658205,128.49000549316406,123.5999984741211,125.28990173339844,119.37999725341795,48.5,47.9,49.95,1.0,0.7494837063598633,False,HOOD,52.0,-0.0673076923076923,-0.06708695134300247,107467070071.0,-6.730769230769231,2492.0
NVDA260618P00145000,145.0,13490.0,空头卖 Put，看涨/看不跌,1.3333336781647247,PUT,13490.0,0.0,12073549.999999998,2.788337782507551e-06,10M-50M,2026-06-18,179.36000061035156,177.0,174.6999969482422,180.00999450683594,173.67999267578125,8.95,8.65,8.75,1.0,0.4580742669677735,False,NVDA,8.95,0.0,0.013333336781647246,4330017000000.0,0.0,13490.0
MSFT280121P00570000,570.0,1001.0,多头买 Put，看跌,-1.0629887365136137,PUT,1001.0,0.0,12057045.0,3.1714316327226443e-06,10M-50M,2028-01-21,486.7799987792969,492.010009765625,487.9599914550781,488.7591857910156,484.6474914550781,120.45,109.55,110.6,1.0,0.1960071855163574,True,MSFT,120.45,0.0,-0.010629887365136138,3801767276203.0,0.0,1001.0
GOOG260320C00285000,285.0,2498.0,空头卖 Call，看跌/看不涨,-1.055855596141431,CALL,2498.0,0.0,11990400.0,4.010978917432562e-06,10M-50M,2026-03-20,316.739990234375,320.1199951171875,317.2699890136719,319.6300048828125,314.4100036621094,48.0,47.15,47.75,9.0,0.4450128741455078,True,GOOG,48.6,-0.012345679012345708,-0.01055855596141431,2989394920000.0,-1.2345679012345707,2498.0
GOOGL260220C00235000,235.0,1416.0,空头卖 Call，看跌/看不涨,-1.0962518984130059,CALL,1416.0,0.0,11986440.0,4.020063006892186e-06,10M-50M,2026-02-20,316.6700134277344,320.17999267578125,317.70001220703125,319.8500061035156,314.44000244140625,84.65,86.05,87.0,1.0,0.5629316168212892,True,GOOGL,91.43,-0.07415509132669802,-0.010962518984130058,2981654760000.0,-7.415509132669802,1416.0
BABA251219P00190000,190.0,3676.0,空头卖 Put，看涨/看不跌,3.3312079673964408,PUT,3676.0,0.0,11965379.999999998,3.014038960285327e-05,10M-50M,2025-12-19,162.5399932861328,157.3000030517578,160.5,162.9759063720703,159.41000366210938,32.55,28.5,30.8,16.0,0.664309997558594,True,BABA,32.55,0.0,0.033312079673964407,396988232656.0,0.0,3676.0
PLTR271217C00150000,150.0,1760.0,空头卖 Call，看跌/看不涨,-1.1279275339305384,CALL,1760.0,0.0,11955680.000000002,2.8380975119776184e-05,10M-50M,2027-12-17,166.5500030517578,168.4499969482422,165.00999450683594,167.97000122070312,163.1199951171875,67.93,67.65,68.85,4.0,0.6870758831787109,True,PLTR,67.93,0.0,-0.011279275339305382,421256843697.0,0.0,1760.0
WULF260116C00012000,12.0,29152.0,空头卖 Call，看跌/看不涨,-2.7401688231019636,CALL,29152.0,0.0,11952319.999999998,0.002815913221230789,10M-50M,2026-01-16,15.085000038146973,15.510000228881836,14.854999542236328,15.760000228881836,14.802000045776367,4.1,4.0,4.2,4.0,1.1591838916015624,True,WULF,4.3,-0.046511627906976785,-0.027401688231019638,4244562620.0,-4.651162790697678,29152.0
AVGO260116C00390000,390.0,4311.0,空头卖 Call，看跌/看不涨,-3.022630765848394,CALL,4311.0,0.0,11941470.0,7.5589795068294705e-06,10M-50M,2026-01-16,390.7799987792969,402.9599914550781,394.8500061035156,395.4200134277344,385.6400146484375,27.7,27.75,28.1,852.0,0.4952443054199219,True,AVGO,36.5,-0.2410958904109589,-0.03022630765848394,1579772770810.0,-24.10958904109589,4311.0
TEM260116C00055000,55.0,4919.0,空头卖 Call，看跌/看不涨,-3.0411943247799855,CALL,4919.0,0.0,11859709.0,0.0008698539171211157,10M-50M,2026-01-16,75.55999755859375,77.93000030517578,75.5,77.05000305175781,74.45999908447266,24.11,21.9,23.4,2.0,0.9648441015625,True,TEM,24.11,0.0,-0.030411943247799854,13634138752.0,0.0,4919.0
T260116C00020000,20.0,19407.0,空头卖 Call，看跌/看不涨,-1.3259078194988496,CALL,19407.0,0.0,11818862.999999998,5.838568417391929e-05,10M-50M,2026-01-16,25.674999237060547,26.020000457763672,25.950000762939453,25.96999931335449,25.61000061035156,6.09,5.7,6.35,17.0,0.631839619140625,True,T,6.09,0.0,-0.013259078194988496,202427412939.0,0.0,19407.0
SMCI260320P00040000,40.0,12961.0,多头买 Put，看跌,-3.382560397873506,PUT,12961.0,0.0,11807471.0,0.0004336262637287774,10M-50M,2026-03-20,32.70500183105469,33.849998474121094,33.29999923706055,33.45000076293945,32.56999969482422,9.11,9.1,9.5,1.0,0.6066933862304689,True,SMCI,9.11,0.0,-0.03382560397873506,27229602973.0,0.0,12961.0
META260618P00630000,630.0,2021.0,多头买 Put，看跌,-1.3072045032348774,PUT,2021.0,0.0,11792535.0,6.311551081612393e-06,10M-50M,2026-06-18,639.47998046875,647.9500122070312,639.5449829101562,645.2949829101562,637.760009765625,58.35,56.45,56.9,1.0,0.3298712033081054,False,META,57.09,0.022070415133998912,-0.013072045032348774,1868405222031.0,2.2070415133998913,2021.0
INTC260320C00048000,48.0,45463.0,空头卖 Call，看跌/看不涨,-1.39522359664807,CALL,45463.0,0.0,11774917.0,7.577971277516596e-05,10M-50M,2026-03-20,39.99409866333008,40.560001373291016,39.8650016784668,40.375,39.59999847412109,2.59,2.55,2.78,116.0,0.6074258007812501,False,INTC,2.87,-0.09756097560975618,-0.0139522359664807,155383500000.0,-9.756097560975618,45463.0
META260618C00520000,520.0,754.0,空头卖 Call，看跌/看不涨,-1.3072045032348774,CALL,754.0,0.0,11702079.999999998,6.263138136211996e-06,10M-50M,2026-06-18,639.47998046875,647.9500122070312,639.5449829101562,645.2949829101562,637.760009765625,155.2,155.7,157.3,1.0,0.4960072372436523,True,META,155.2,0.0,-0.013072045032348774,1868405222031.0,0.0,754.0
NVDA260320P00145000,145.0,23358.0,空头卖 Put，看涨/看不跌,1.3333336781647247,PUT,23358.0,0.0,11679000.0,2.697218047873715e-06,10M-50M,2026-03-20,179.36000061035156,177.0,174.6999969482422,180.00999450683594,173.67999267578125,5.0,4.85,4.95,63.0,0.4772391143798828,False,NVDA,5.17,-0.032882011605415845,0.013333336781647246,4330017000000.0,-3.2882011605415844,23358.0
META260220P00660000,660.0,2234.0,多头买 Put，看跌,-1.3072045032348774,PUT,2234.0,0.0,11654778.0,6.237821358329851e-06,10M-50M,2026-02-20,639.47998046875,647.9500122070312,639.5449829101562,645.2949829101562,637.760009765625,52.17,49.8,50.05,6.0,0.3189155023193358,True,META,48.5,0.07567010309278355,-0.013072045032348774,1868405222031.0,7.567010309278355,2234.0
MRK270115C00100000,100.0,8194.0,空头卖 Call，看跌/看不涨,-1.3927301907573943,CALL,8194.0,0.0,11651868.0,5.937988321138428e-05,10M-50M,2027-01-15,103.37000274658205,104.83000183105467,104.72000122070312,105.68000030517578,103.21600341796876,14.22,13.7,14.7,2.0,0.3019173812866211,True,MRK,14.5,-0.019310344827586163,-0.013927301907573944,196225849056.0,-1.9310344827586163,8194.0
GOOG260618C00375000,375.0,6608.0,空头卖 Call，看跌/看不涨,-1.055855596141431,CALL,6839.0,231.0,11630080.0,3.890446164269256e-06,10M-50M,2026-06-18,316.739990234375,320.1199951171875,317.2699890136719,319.6300048828125,314.4100036621094,17.6,18.15,18.3,2.0,0.4042417974853516,False,GOOG,18.92,-0.06976744186046513,-0.01055855596141431,2989394920000.0,-6.976744186046513,6608.0
MSFT251219C00345000,345.0,816.0,空头卖 Call，看跌/看不涨,-1.0629887365136137,CALL,816.0,0.0,11615760.0,3.0553579838272464e-06,10M-50M,2025-12-19,486.7799987792969,492.010009765625,487.9599914550781,488.7591857910156,484.6474914550781,142.35,142.3,144.95,1.0,0.9438482177734374,True,MSFT,142.35,0.0,-0.010629887365136138,3801767276203.0,0.0,816.0
GOOGL270115C00235000,235.0,1081.0,空头卖 Call，看跌/看不涨,-1.0962518984130059,CALL,1081.0,0.0,11615345.0,3.8956035942940625e-06,10M-50M,2027-01-15,316.6700134277344,320.17999267578125,317.70001220703125,319.8500061035156,314.44000244140625,107.45,106.45,107.4,1.0,0.5016529327392578,True,GOOGL,109.4,-0.01782449725776968,-0.010962518984130058,2981654760000.0,-1.7824497257769678,1081.0
META260116P00630000,630.0,6011.0,多头买 Put，看跌,-1.3072045032348774,PUT,6011.0,0.0,11571175.0,6.193075711607069e-06,10M-50M,2026-01-16,639.47998046875,647.9500122070312,639.5449829101562,645.2949829101562,637.760009765625,19.25,19.15,19.4,109.0,0.2641675146484374,False,META,18.32,0.05076419213973798,-0.013072045032348774,1868405222031.0,5.076419213973797,6011.0
META271217C00800000,800.0,1108.0,空头卖 Call，看跌/看不涨,-1.3072045032348774,CALL,1108.0,0.0,11565304.0,6.189933459631549e-06,10M-50M,2027-12-17,639.47998046875,647.9500122070312,639.5449829101562,645.2949829101562,637.760009765625,104.38,105.5,106.65,1.0,0.4354800410079956,False,META,108.0,-0.03351851851851856,-0.013072045032348774,1868405222031.0,-3.3518518518518556,1108.0
HOOD270115C00150000,150.0,4235.0,空头卖 Call，看跌/看不涨,-6.708695134300246,CALL,4235.0,0.0,11540375.0,0.0001073852203505283,10M-50M,2027-01-15,119.87000274658205,128.49000549316406,123.5999984741211,125.28990173339844,119.37999725341795,27.25,26.15,27.45,219.0,0.7211331597900392,False,HOOD,29.15,-0.06518010291595193,-0.06708695134300247,107467070071.0,-6.518010291595193,4235.0
CRWD260618C00400000,400.0,821.0,空头卖 Call，看跌/看不涨,-2.6353627139043003,CALL,821.0,0.0,11535050.0,9.54771084038001e-05,10M-50M,2026-06-18,495.7417907714844,509.1600036621094,503.4800109863281,504.2449951171875,495.010009765625,140.5,130.55,135.8,1.0,0.5811962046813965,True,CRWD,140.5,0.0,-0.026353627139043004,120814823499.0,0.0,821.0
HOOD270319C00090000,90.0,2006.0,空头卖 Call，看跌/看不涨,-6.708695134300246,CALL,2006.0,0.0,11534500.0,0.00010733055244159473,10M-50M,2027-03-19,119.87000274658205,128.49000549316406,123.5999984741211,125.28990173339844,119.37999725341795,57.5,53.2,55.5,1.0,0.820192227783203,True,HOOD,57.5,0.0,-0.06708695134300247,107467070071.0,0.0,2006.0
BIDU260116C00110000,110.0,9185.0,多头买 Call，看涨,1.219097492684215,CALL,9185.0,0.0,11527175.0,0.0002553034998550973,10M-50M,2026-01-16,118.31500244140624,116.88999938964844,118.37999725341795,119.80560302734376,117.2699966430664,12.55,12.3,13.5,2.0,0.5347946911621093,True,BIDU,11.8,0.0635593220338983,0.01219097492684215,45150869481.0,6.3559322033898304,9185.0
META260618P00550000,550.0,4107.0,多头买 Put，看跌,-1.3072045032348774,PUT,4107.0,0.0,11499600.0,6.1547676405547975e-06,10M-50M,2026-06-18,639.47998046875,647.9500122070312,639.5449829101562,645.2949829101562,637.760009765625,28.0,26.7,27.0,2.0,0.3535068312072753,False,META,27.2,0.02941176470588238,-0.013072045032348774,1868405222031.0,2.941176470588238,4107.0
BABA260320C00165000,165.0,8449.0,多头买 Call，看涨,3.3312079673964408,CALL,8449.0,0.0,11490640.0,2.894453551714446e-05,10M-50M,2026-03-20,162.5399932861328,157.3000030517578,160.5,162.9759063720703,159.41000366210938,13.6,13.35,13.9,12.0,0.423284575805664,False,BABA,12.05,0.12863070539419078,0.033312079673964407,396988232656.0,12.863070539419077,8449.0
PLTR260116C00200000,200.0,42303.0,空头卖 Call，看跌/看不涨,-1.1279275339305384,CALL,42303.0,0.0,11464113.0,2.721406944843812e-05,10M-50M,2026-01-16,166.5500030517578,168.4499969482422,165.00999450683594,167.97000122070312,163.1199951171875,2.71,2.61,2.76,500.0,0.5042774182128906,False,PLTR,2.95,-0.0813559322033899,-0.011279275339305382,421256843697.0,-8.13559322033899,42303.0
MSFT260116C00380000,380.0,1032.0,空头卖 Call，看跌/看不涨,-1.0629887365136137,CALL,1032.0,0.0,11455200.0,3.0131249936584325e-06,10M-50M,2026-01-16,486.7799987792969,492.010009765625,487.9599914550781,488.7591857910156,484.6474914550781,111.0,109.0,111.3,5.0,0.5200853656005859,True,MSFT,111.0,0.0,-0.010629887365136138,3801767276203.0,0.0,1032.0
MSFT260320C00500000,500.0,4640.0,空头卖 Call，看跌/看不涨,-1.0629887365136137,CALL,4640.0,0.0,11414400.0,3.0023931426439354e-06,10M-50M,2026-03-20,486.7799987792969,492.010009765625,487.9599914550781,488.7591857910156,484.6474914550781,24.6,24.4,24.6,80.0,0.2849345188903808,False,MSFT,26.45,-0.06994328922495266,-0.010629887365136138,3801767276203.0,-6.994328922495266,4640.0
NVO271217C00045000,45.0,7455.0,空头卖 Call，看跌/看不涨,-1.0739590591371484,CALL,7455.0,0.0,11406150.0,4.593722116491572e-05,10M-50M,2027-12-17,48.81999969482422,49.34999847412109,48.92499923706055,49.48529815673828,48.619998931884766,15.3,14.7,16.15,5.0,0.5131274273681641,True,NVO,15.4,-0.0064935064935064705,-0.010739590591371483,248298650000.0,-0.649350649350647,7455.0
META251219P00680000,680.0,2867.0,多头买 Put，看跌,-1.3072045032348774,PUT,2867.0,0.0,11402059.000000002,6.102562155979043e-06,10M-50M,2025-12-19,639.47998046875,647.9500122070312,639.5449829101562,645.2949829101562,637.760009765625,39.77,39.6,40.0,53.0,1.0000000000000004e-05,True,META,37.77,0.052952078369075985,-0.013072045032348774,1868405222031.0,5.295207836907599,2867.0
U260116C00045000,45.0,39144.0,多头买 Call，看涨,1.222954967463378,CALL,39144.0,0.0,11351760.0,0.0006283193054515437,10M-50M,2026-01-16,43.040000915527344,42.52000045776367,42.77000045776367,43.04999923706055,41.22999954223633,2.9,2.86,2.96,97.0,0.6049844189453126,False,U,2.89,0.0034602076124566734,0.01222954967463378,18066864891.0,0.34602076124566733,39144.0
META260116P00690000,690.0,2176.0,多头买 Put，看跌,-1.3072045032348774,PUT,2176.0,0.0,11343488.0,6.07121403122036e-06,10M-50M,2026-01-16,639.47998046875,647.9500122070312,639.5449829101562,645.2949829101562,637.760009765625,52.13,53.75,55.2,25.0,0.2248917843627929,True,META,52.13,0.0,-0.013072045032348774,1868405222031.0,0.0,2176.0
NEE251219C00077500,77.5,13345.0,空头卖 Call，看跌/看不涨,-1.6803854006864423,CALL,13345.0,0.0,11343250.0,7.262127381081158e-05,10M-50M,2025-12-19,84.83999633789062,86.29000091552734,85.58999633789062,85.66999816894531,84.54000091552734,8.5,7.65,8.85,5.0,0.5688519677734375,True,NEE,8.5,0.0,-0.016803854006864422,156197342800.0,0.0,13345.0
META260116C00630000,630.0,2993.0,空头卖 Call，看跌/看不涨,-1.3072045032348774,CALL,2993.0,0.0,11313540.0,6.055185388371971e-06,10M-50M,2026-01-16,639.47998046875,647.9500122070312,639.5449829101562,645.2949829101562,637.760009765625,37.8,37.35,37.6,37.0,0.3571689039611816,True,META,40.05,-0.05617977528089888,-0.013072045032348774,1868405222031.0,-5.617977528089888,2993.0
PLTR270617C00180000,180.0,2359.0,空头卖 Call，看跌/看不涨,-1.1279275339305384,CALL,2359.0,0.0,11299610.0,2.6823564219950194e-05,10M-50M,2027-06-17,166.5500030517578,168.4499969482422,165.00999450683594,167.97000122070312,163.1199951171875,47.9,47.75,48.6,3.0,0.6535984347534182,False,PLTR,47.92,-0.0004173622704508165,-0.011279275339305382,421256843697.0,-0.04173622704508165,2359.0
PLTR280121C00200000,200.0,2198.0,空头卖 Call，看跌/看不涨,-1.1279275339305384,CALL,2198.0,0.0,11291126.0,2.6803424487796422e-05,10M-50M,2028-01-21,166.5500030517578,168.4499969482422,165.00999450683594,167.97000122070312,163.1199951171875,51.37,50.8,51.7,24.0,0.6478154115295411,False,PLTR,51.49,-0.002330549621285775,-0.011279275339305382,421256843697.0,-0.2330549621285775,2198.0
MSFT260618C00430000,430.0,1335.0,空头卖 Call，看跌/看不涨,-1.0629887365136137,CALL,1335.0,0.0,11267400.000000002,2.963726914724058e-06,10M-50M,2026-06-18,486.7799987792969,492.010009765625,487.9599914550781,488.7591857910156,484.6474914550781,84.4,80.1,81.1,1.0,0.3515689843749999,True,MSFT,84.4,0.0,-0.010629887365136138,3801767276203.0,0.0,1335.0
EOSE270115P00015000,15.0,15412.0,多头买 Put，看跌,-4.651161464410289,PUT,15412.0,0.0,11250760.0,0.004278313450640513,10M-50M,2027-01-15,14.350000381469728,15.050000190734863,14.55500030517578,14.749099731445312,14.211999893188477,7.3,5.35,7.3,26.0,1.0122119702148438,True,EOSE,5.98,0.22073578595317714,-0.04651161464410289,2629718493.0,22.073578595317713,15412.0
AG260116C00015000,15.0,56143.0,多头买 Call，看涨,2.1339512324878847,CALL,56143.0,0.0,11228600.0,0.0018932010239253796,10M-50M,2026-01-16,15.55500030517578,15.229999542236328,15.619999885559082,15.989999771118164,15.34000015258789,2.0,1.86,2.06,608.0,0.7666038964843751,True,AG,1.75,0.14285714285714285,0.021339512324878847,5931013061.0,14.285714285714285,56143.0
BABA260116P00165000,165.0,10310.0,空头卖 Put，看涨/看不跌,3.3312079673964408,PUT,10310.0,0.0,11217280.0,2.825595087529974e-05,10M-50M,2026-01-16,162.5399932861328,157.3000030517578,160.5,162.9759063720703,159.41000366210938,10.88,10.45,10.95,11.0,0.4102842175292969,True,BABA,12.7,-0.14330708661417313,0.033312079673964407,396988232656.0,-14.330708661417313,10310.0
GOOGL261218C00260000,260.0,1248.0,空头卖 Call，看跌/看不涨,-1.0962518984130059,CALL,1248.0,0.0,11182079.999999998,3.750293343820932e-06,10M-50M,2026-12-18,316.6700134277344,320.17999267578125,317.70001220703125,319.8500061035156,314.44000244140625,89.6,87.4,87.75,9.0,0.4704490211486816,True,GOOGL,89.6,0.0,-0.010962518984130058,2981654760000.0,0.0,1248.0
NVDA260417C00185000,185.0,6091.0,多头买 Call，看涨,1.3333336781647247,CALL,6091.0,0.0,11176985.0,2.5812797039826865e-06,10M-50M,2026-04-17,179.36000061035156,177.0,174.6999969482422,180.00999450683594,173.67999267578125,18.35,18.05,18.2,18.0,0.4691825543212891,False,NVDA,17.05,0.07624633431085048,0.013333336781647246,4330017000000.0,7.624633431085048,6091.0
COIN260618P00290000,290.0,1930.0,多头买 Put，看跌,-7.085258160001046,PUT,1930.0,0.0,11170840.0,0.00013908559294994473,10M-50M,2026-06-18,253.4900054931641,272.82000732421875,260.4750061035156,265.8800048828125,253.2400054931641,57.88,60.85,62.25,1.0,0.512150874633789,True,COIN,57.88,0.0,-0.07085258160001046,80316298497.0,0.0,1930.0
TSM260116C00270000,270.0,4099.0,空头卖 Call，看跌/看不涨,-1.068539184690438,CALL,4099.0,0.0,11165676.0,7.875384516534497e-06,10M-50M,2026-01-16,288.3951110839844,291.510009765625,286.9200134277344,289.989990234375,286.4599914550781,27.24,27.0,28.8,1.0,0.45508357421875,True,TSM,30.0,-0.09200000000000005,-0.010685391846904379,1417794391697.0,-9.200000000000005,4099.0
CIFR280121C00022000,22.0,10234.0,空头卖 Call，看跌/看不涨,-3.3415247785202746,CALL,10234.0,0.0,11155060.0,0.002472883750173304,10M-50M,2028-01-21,19.670000076293945,20.350000381469727,19.325000762939453,20.36000061035156,19.0,10.9,10.4,11.3,3.0,1.0915572766113284,False,CIFR,11.22,-0.028520499108734425,-0.033415247785202745,4510952041.0,-2.8520499108734425,10234.0
GOOG260320C00280000,280.0,2100.0,空头卖 Call，看跌/看不涨,-1.055855596141431,CALL,2100.0,0.0,11130000.0,3.72316147509878e-06,10M-50M,2026-03-20,316.739990234375,320.1199951171875,317.2699890136719,319.6300048828125,314.4100036621094,53.0,50.65,51.3,15.0,0.4515740878295898,True,GOOG,53.55,-0.010270774976657277,-0.01055855596141431,2989394920000.0,-1.0270774976657278,2100.0
BABA260320C00160000,160.0,7051.0,多头买 Call，看涨,3.3312079673964408,CALL,7051.0,0.0,11105325.0,2.7973939997418097e-05,10M-50M,2026-03-20,162.5399932861328,157.3000030517578,160.5,162.9759063720703,159.41000366210938,15.75,15.7,16.1,38.0,0.4213925048828125,True,BABA,13.8,0.1413043478260869,0.033312079673964407,396988232656.0,14.130434782608688,7051.0
PANW270115C00200000,200.0,4028.0,空头卖 Call，看跌/看不涨,-2.2510906586968744,CALL,4028.0,0.0,11077000.0,8.183042901550843e-05,10M-50M,2027-01-15,185.8500061035156,190.1300048828125,189.5399932861328,189.8699951171875,185.6201019287109,27.5,27.0,28.7,1.0,0.4368952795410156,False,PANW,28.45,-0.03339191564147625,-0.022510906586968745,135365293000.0,-3.3391915641476246,4028.0
NVDA251219P00215000,215.0,3063.0,空头卖 Put，看涨/看不跌,1.3333336781647247,PUT,3063.0,0.0,11035989.0,2.5487172452209774e-06,10M-50M,2025-12-19,179.36000061035156,177.0,174.6999969482422,180.00999450683594,173.67999267578125,36.03,36.15,36.75,27.0,0.5459029785156251,True,NVDA,38.35,-0.06049543676662321,0.013333336781647246,4330017000000.0,-6.049543676662321,3063.0
PDD260320P00115000,115.0,16302.0,空头卖 Put，看涨/看不跌,1.5765005187699133,PUT,16302.0,0.0,11003850.0,5.962858635639454e-05,10M-50M,2026-03-20,117.91000366210938,116.08000183105467,116.41000366210938,118.5,116.1500015258789,6.75,5.85,6.1,10.0,0.2930978894042968,False,PDD,6.75,0.0,0.015765005187699133,184539843595.0,0.0,16302.0
GOOGL260220C00290000,290.0,2768.0,空头卖 Call，看跌/看不涨,-1.0962518984130059,CALL,2768.0,0.0,10944672.0,3.670670443415119e-06,10M-50M,2026-02-20,316.6700134277344,320.17999267578125,317.70001220703125,319.8500061035156,314.44000244140625,39.54,40.5,40.95,4.0,0.4433344241333008,True,GOOGL,43.1,-0.08259860788863115,-0.010962518984130058,2981654760000.0,-8.259860788863115,2768.0
UBER260618C00070000,70.0,5169.0,空头卖 Call，看跌/看不涨,-1.9419745943082138,CALL,5169.0,0.0,10906590.0,5.312268387624486e-05,10M-50M,2026-06-18,85.83999633789062,87.54000091552734,86.98999786376953,87.61000061035156,85.4800033569336,21.1,20.7,22.25,3.0,0.5228319201660157,True,UBER,21.81,-0.032553874369555126,-0.01941974594308214,205309468652.0,-3.2553874369555125,5169.0
TSM270115P00300000,300.0,2202.0,多头买 Put，看跌,-1.068539184690438,PUT,2202.0,0.0,10897698.000000002,7.686374035487772e-06,10M-50M,2027-01-15,288.3951110839844,291.510009765625,286.9200134277344,289.989990234375,286.4599914550781,49.49,47.8,51.3,1.0,0.3659121026611328,True,TSM,48.75,0.01517948717948722,-0.010685391846904379,1417794391697.0,1.517948717948722,2202.0
INTC260116C00050000,50.0,123431.0,空头卖 Call，看跌/看不涨,-1.39522359664807,CALL,123431.0,0.0,10861928.0,6.990399881583309e-05,10M-50M,2026-01-16,39.99409866333008,40.560001373291016,39.8650016784668,40.375,39.59999847412109,0.88,0.85,0.9,2628.0,0.6342810009765626,False,INTC,1.09,-0.19266055045871566,-0.0139522359664807,155383500000.0,-19.266055045871568,123431.0
RIVN251219C00015000,15.0,39411.0,多头买 Call，看涨,2.0462591984882397,CALL,39411.0,0.0,10838025.0,0.0005729119332854565,10M-50M,2025-12-19,17.204999923706055,16.860000610351562,16.511999130249023,17.530000686645508,16.511999130249023,2.75,2.61,2.86,209.0,0.92187578125,True,RIVN,2.18,0.2614678899082568,0.020462591984882397,18917436294.0,26.14678899082568,39411.0
BIDU261218C00150000,150.0,8254.0,多头买 Call，看涨,1.219097492684215,CALL,8254.0,0.0,10812740.0,0.00023948021653381722,10M-50M,2026-12-18,118.31500244140624,116.88999938964844,118.37999725341795,119.80560302734376,117.2699966430664,13.1,12.6,15.0,4.0,0.5199022619628906,False,BIDU,13.1,0.0,0.01219097492684215,45150869481.0,0.0,8254.0
META261218C00660000,660.0,1054.0,空头卖 Call，看跌/看不涨,-1.3072045032348774,CALL,1054.0,0.0,10792960.0,5.776562745991365e-06,10M-50M,2026-12-18,639.47998046875,647.9500122070312,639.5449829101562,645.2949829101562,637.760009765625,102.4,104.25,105.05,5.0,0.4364146324920653,False,META,106.46,-0.038136389254179864,-0.013072045032348774,1868405222031.0,-3.8136389254179863,1054.0
META260116C00660000,660.0,4839.0,空头卖 Call，看跌/看不涨,-1.3072045032348774,CALL,4839.0,0.0,10742580.0,5.7495985738696265e-06,10M-50M,2026-01-16,639.47998046875,647.9500122070312,639.5449829101562,645.2949829101562,637.760009765625,22.2,22.2,22.4,540.0,0.338324487915039,False,META,24.15,-0.0807453416149068,-0.013072045032348774,1868405222031.0,-8.07453416149068,4839.0
MSFT251219C00460000,460.0,3448.0,空头卖 Call，看跌/看不涨,-1.0629887365136137,CALL,3448.0,0.0,10706040.0,2.816069270471657e-06,10M-50M,2025-12-19,486.7799987792969,492.010009765625,487.9599914550781,488.7591857910156,484.6474914550781,31.05,30.2,31.25,2.0,0.3293524096679687,True,MSFT,34.65,-0.10389610389610383,-0.010629887365136138,3801767276203.0,-10.389610389610384,3448.0
NVDA251205C00182500,182.5,55107.0,多头买 Call，看涨,1.3333336781647247,CALL,55107.0,0.0,10690758.0,2.4689875351528642e-06,10M-50M,2025-12-05,179.36000061035156,177.0,174.6999969482422,180.00999450683594,173.67999267578125,1.94,1.94,1.95,28215.0,0.3908752319335937,False,NVDA,1.64,0.18292682926829273,0.013333336781647246,4330017000000.0,18.292682926829272,55107.0
PLTR270115C00180000,180.0,2741.0,空头卖 Call，看跌/看不涨,-1.1279275339305384,CALL,2741.0,0.0,10689900.0,2.5376204944670263e-05,10M-50M,2027-01-15,166.5500030517578,168.4499969482422,165.00999450683594,167.97000122070312,163.1199951171875,39.0,39.05,39.95,22.0,0.6380956600952149,False,PLTR,39.55,-0.013906447534766048,-0.011279275339305382,421256843697.0,-1.3906447534766049,2741.0
COIN270115P00250000,250.0,1975.0,多头买 Put，看跌,-7.085258160001046,PUT,1975.0,0.0,10684750.0,0.00013303339670713411,10M-50M,2027-01-15,253.4900054931641,272.82000732421875,260.4750061035156,265.8800048828125,253.2400054931641,54.1,55.85,57.0,5.0,0.5535170381164551,False,COIN,54.1,0.0,-0.07085258160001046,80316298497.0,0.0,1975.0
MSFT271217C00440000,440.0,904.0,空头卖 Call，看跌/看不涨,-1.0629887365136137,CALL,904.0,0.0,10682568.0,2.809895299711552e-06,10M-50M,2027-12-17,486.7799987792969,492.010009765625,487.9599914550781,488.7591857910156,484.6474914550781,118.17,116.6,118.8,3.0,0.3577639907836913,True,MSFT,118.17,0.0,-0.010629887365136138,3801767276203.0,0.0,904.0
NVDA260220C00150000,150.0,3119.0,多头买 Call，看涨,1.3333336781647247,CALL,3119.0,0.0,10666980.0,2.4634961017474066e-06,10M-50M,2026-02-20,179.36000061035156,177.0,174.6999969482422,180.00999450683594,173.67999267578125,34.2,34.0,34.35,64.0,0.49805189453125,True,NVDA,32.55,0.05069124423963151,0.013333336781647246,4330017000000.0,5.069124423963151,3119.0
META260618C00760000,760.0,2960.0,空头卖 Call，看跌/看不涨,-1.3072045032348774,CALL,2960.0,0.0,10656000.0,5.703259589703287e-06,10M-50M,2026-06-18,639.47998046875,647.9500122070312,639.5449829101562,645.2949829101562,637.760009765625,36.0,35.95,36.3,5.0,0.4035475295257569,False,META,36.52,-0.014238773274917937,-0.013072045032348774,1868405222031.0,-1.4238773274917937,2960.0
NVDA261218C00210000,210.0,4329.0,多头买 Call，看涨,1.3333336781647247,CALL,4329.0,0.0,10653669.0,2.4604219798675155e-06,10M-50M,2026-12-18,179.36000061035156,177.0,174.6999969482422,180.00999450683594,173.67999267578125,24.61,24.7,24.9,89.0,0.4870961935424804,False,NVDA,23.62,0.04191363251481788,0.013333336781647246,4330017000000.0,4.191363251481788,4329.0
NVDA261218C00156000,156.0,2215.0,多头买 Call，看涨,1.3333336781647247,CALL,2215.0,0.0,10643075.0,2.45797533820306e-06,10M-50M,2026-12-18,179.36000061035156,177.0,174.6999969482422,180.00999450683594,173.67999267578125,48.05,48.2,48.4,2.0,0.5234727828979492,True,NVDA,47.59,0.009665896196679843,0.013333336781647246,4330017000000.0,0.9665896196679843,2215.0
SOFI270115C00032000,32.0,13177.0,空头卖 Call，看跌/看不涨,-1.9347202855837373,CALL,13177.0,0.0,10633839.0,0.0003173839390823602,10M-50M,2027-01-15,29.145000457763672,29.71999931335449,28.86000061035156,29.489999771118164,28.670000076293945,8.07,7.8,8.3,6.0,0.7464624963378907,False,SOFI,8.3,-0.027710843373494026,-0.019347202855837374,33504653798.0,-2.7710843373494027,13177.0
META270115C00670000,670.0,1014.0,空头卖 Call，看跌/看不涨,-1.3072045032348774,CALL,1014.0,0.0,10621650.0,5.68487492689301e-06,10M-50M,2027-01-15,639.47998046875,647.9500122070312,639.5449829101562,645.2949829101562,637.760009765625,104.75,103.8,104.6,4.0,0.4336757072448731,False,META,105.05,-0.0028557829604949755,-0.013072045032348774,1868405222031.0,-0.2855782960494975,1014.0
META251219P00650000,650.0,5469.0,多头买 Put，看跌,-1.3072045032348774,PUT,5469.0,0.0,10609860.0,5.678564732583457e-06,10M-50M,2025-12-19,639.47998046875,647.9500122070312,639.5449829101562,645.2949829101562,637.760009765625,19.4,19.25,19.45,38.0,0.2347488635253906,True,META,18.1,0.07182320441988933,-0.013072045032348774,1868405222031.0,7.182320441988933,5469.0
MSFT260618C00360000,360.0,734.0,空头卖 Call，看跌/看不涨,-1.0629887365136137,CALL,734.0,0.0,10584279.999999998,2.7840420601891777e-06,10M-50M,2026-06-18,486.7799987792969,492.010009765625,487.9599914550781,488.7591857910156,484.6474914550781,144.2,138.7,139.8,2.0,0.4410151113891601,True,MSFT,144.2,0.0,-0.010629887365136138,3801767276203.0,0.0,734.0
GOOGL261218P00290000,290.0,3532.0,多头买 Put，看跌,-1.0962518984130059,PUT,3532.0,0.0,10560679.999999998,3.5418855803412993e-06,10M-50M,2026-12-18,316.6700134277344,320.17999267578125,317.70001220703125,319.8500061035156,314.44000244140625,29.9,30.75,31.0,156.0,0.3495548443603515,False,GOOGL,29.9,0.0,-0.010962518984130058,2981654760000.0,0.0,3532.0
NVO260320P00055000,55.0,13365.0,多头买 Put，看跌,-1.0739590591371484,PUT,13365.0,0.0,10558350.0,4.252278455803122e-05,10M-50M,2026-03-20,48.81999969482422,49.34999847412109,48.92499923706055,49.48529815673828,48.619998931884766,7.9,7.95,8.1,316.0,0.3811097045898437,True,NVO,7.9,0.0,-0.010739590591371483,248298650000.0,0.0,13365.0
META280121C00800000,800.0,977.0,空头卖 Call，看跌/看不涨,-1.3072045032348774,CALL,977.0,0.0,10502750.0,5.621237767995138e-06,10M-50M,2028-01-21,639.47998046875,647.9500122070312,639.5449829101562,645.2949829101562,637.760009765625,107.5,109.65,110.8,3.0,0.4367426931762695,False,META,110.25,-0.024943310657596373,-0.013072045032348774,1868405222031.0,-2.494331065759637,977.0
TEM260116C00060000,60.0,5355.0,空头卖 Call，看跌/看不涨,-3.0411943247799855,CALL,5355.0,0.0,10495800.000000002,0.0007698176020440137,10M-50M,2026-01-16,75.55999755859375,77.93000030517578,75.5,77.05000305175781,74.45999908447266,19.6,17.6,19.4,9.0,0.8981943774414061,True,TEM,19.6,0.0,-0.030411943247799854,13634138752.0,0.0,5355.0
UBER260116C00070000,70.0,5990.0,空头卖 Call，看跌/看不涨,-1.9419745943082138,CALL,5990.0,0.0,10482500.0,5.1057070425562594e-05,10M-50M,2026-01-16,85.83999633789062,87.54000091552734,86.98999786376953,87.61000061035156,85.4800033569336,17.5,16.9,17.55,2.0,0.579105771484375,True,UBER,17.5,0.0,-0.01941974594308214,205309468652.0,0.0,5990.0
NVO260116P00060000,60.0,9407.0,多头买 Put，看跌,-1.0739590591371484,PUT,9407.0,0.0,10441770.0,4.2053269319023685e-05,10M-50M,2026-01-16,48.81999969482422,49.34999847412109,48.92499923706055,49.48529815673828,48.619998931884766,11.1,10.85,11.2,3.0,0.23438265625,True,NVO,11.1,0.0,-0.010739590591371483,248298650000.0,0.0,9407.0
MSFT271217C00550000,550.0,1535.0,空头卖 Call，看跌/看不涨,-1.0629887365136137,CALL,1535.0,0.0,10408835.0,2.737893785649021e-06,10M-50M,2027-12-17,486.7799987792969,492.010009765625,487.9599914550781,488.7591857910156,484.6474914550781,67.81,64.75,65.3,10.0,0.3191596405029295,False,MSFT,67.81,0.0,-0.010629887365136138,3801767276203.0,0.0,1535.0
MSFT260320C00380000,380.0,880.0,空头卖 Call，看跌/看不涨,-1.0629887365136137,CALL,880.0,0.0,10392800.0,2.7336760103789856e-06,10M-50M,2026-03-20,486.7799987792969,492.010009765625,487.9599914550781,488.7591857910156,484.6474914550781,118.1,114.0,115.15,1.0,0.4428156304931641,True,MSFT,118.1,0.0,-0.010629887365136138,3801767276203.0,0.0,880.0
IBM260116C00240000,240.0,1474.0,空头卖 Call，看跌/看不涨,-1.6624455857356772,CALL,1474.0,0.0,10391700.0,3.923761800320231e-05,10M-50M,2026-01-16,303.45001220703125,308.5799865722656,306.5050048828125,306.8800048828125,303.3099975585937,70.5,66.25,69.5,3.0,0.6170692590332032,True,IBM,70.5,0.0,-0.016624455857356772,264840235693.0,0.0,1474.0
GOOGL260320C00235000,235.0,1154.0,空头卖 Call，看跌/看不涨,-1.0962518984130059,CALL,1154.0,0.0,10381384.0,3.481752528585838e-06,10M-50M,2026-03-20,316.6700134277344,320.17999267578125,317.70001220703125,319.8500061035156,314.44000244140625,89.96,87.8,88.7,1.0,0.5372971075439454,True,GOOGL,89.96,0.0,-0.010962518984130058,2981654760000.0,0.0,1154.0
CRWD261218C00480000,480.0,890.0,空头卖 Call，看跌/看不涨,-2.6353627139043003,CALL,890.0,0.0,10370280.0,8.583615569397274e-05,10M-50M,2026-12-18,495.7417907714844,509.1600036621094,503.4800109863281,504.2449951171875,495.010009765625,116.52,108.0,115.8,1.0,0.5275315802001954,True,CRWD,116.52,0.0,-0.026353627139043004,120814823499.0,0.0,890.0
MSFT261218C00495000,495.0,1679.0,空头卖 Call，看跌/看不涨,-1.0629887365136137,CALL,1679.0,0.0,10359430.0,2.724898513605609e-06,10M-50M,2026-12-18,486.7799987792969,492.010009765625,487.9599914550781,488.7591857910156,484.6474914550781,61.7,58.5,58.9,2.0,0.3149482568359374,False,MSFT,61.7,0.0,-0.010629887365136138,3801767276203.0,0.0,1679.0
PLTR260918P00180000,180.0,2606.0,多头买 Put，看跌,-1.1279275339305384,PUT,2606.0,0.0,10358850.0,2.4590342341003896e-05,10M-50M,2026-09-18,166.5500030517578,168.4499969482422,165.00999450683594,167.97000122070312,163.1199951171875,39.75,38.8,39.65,1.0,0.5235643347167969,True,PLTR,39.75,0.0,-0.011279275339305382,421256843697.0,0.0,2606.0
NVDA260116C00210000,210.0,49990.0,多头买 Call，看涨,1.3333336781647247,CALL,49990.0,0.0,10347929.999999998,2.3898127882638793e-06,10M-50M,2026-01-16,179.36000061035156,177.0,174.6999969482422,180.00999450683594,173.67999267578125,2.07,2.04,2.06,1984.0,0.4096738720703125,False,NVDA,1.75,0.18285714285714277,0.013333336781647246,4330017000000.0,18.285714285714278,49990.0
MSFT260116P00495000,495.0,5837.0,多头买 Put，看跌,-1.0629887365136137,PUT,5837.0,0.0,10337327.0,2.719084638532731e-06,10M-50M,2026-01-16,486.7799987792969,492.010009765625,487.9599914550781,488.7591857910156,484.6474914550781,17.71,17.55,17.75,41.0,0.1877522631835937,True,MSFT,15.45,0.14627831715210365,-0.010629887365136138,3801767276203.0,14.627831715210366,5837.0
META280121C00750000,750.0,835.0,空头卖 Call，看跌/看不涨,-1.3072045032348774,CALL,835.0,0.0,10320600.0,5.52374820959945e-06,10M-50M,2028-01-21,639.47998046875,647.9500122070312,639.5449829101562,645.2949829101562,637.760009765625,123.6,125.1,126.35,62.0,0.4425486043548584,False,META,127.09,-0.02746085451255023,-0.013072045032348774,1868405222031.0,-2.746085451255023,835.0
GOOG260618C00380000,380.0,6022.0,空头卖 Call，看跌/看不涨,-1.055855596141431,CALL,7290.0,1268.0,10297620.000000002,3.444717167044628e-06,10M-50M,2026-06-18,316.739990234375,320.1199951171875,317.2699890136719,319.6300048828125,314.4100036621094,17.1,16.9,17.1,13.0,0.4036924865722656,False,GOOG,18.2,-0.06043956043956032,-0.01055855596141431,2989394920000.0,-6.043956043956032,6022.0
META270115C00640000,640.0,876.0,空头卖 Call，看跌/看不涨,-1.3072045032348774,CALL,876.0,0.0,10293000.0,5.5089762534549484e-06,10M-50M,2027-01-15,639.47998046875,647.9500122070312,639.5449829101562,645.2949829101562,637.760009765625,117.5,116.9,118.6,22.0,0.44248756980896,False,META,120.0,-0.020833333333333332,-0.013072045032348774,1868405222031.0,-2.083333333333333,876.0
GOOG251219C00280000,280.0,-2787.0,多头平仓 Call，减仓，看涨减弱,-1.055855596141431,CALL,5210.0,7997.0,10275668.999999998,3.4373742094938726e-06,10M-50M,2025-12-19,316.739990234375,320.1199951171875,317.2699890136719,319.6300048828125,314.4100036621094,36.87,38.3,38.95,19.0,0.4891408508300782,True,GOOG,40.57,-0.09120039438008387,-0.01055855596141431,2989394920000.0,-9.120039438008387,-2787.0
META271217C00640000,640.0,626.0,空头卖 Call，看跌/看不涨,-1.3072045032348774,CALL,626.0,0.0,10266400.0,5.494739513112784e-06,10M-50M,2027-12-17,639.47998046875,647.9500122070312,639.5449829101562,645.2949829101562,637.760009765625,164.0,162.55,165.1,1.0,0.4609886665344239,False,META,164.0,0.0,-0.013072045032348774,1868405222031.0,0.0,626.0
MSFT251219C00500000,500.0,20935.0,空头卖 Call，看跌/看不涨,-1.0629887365136137,CALL,20935.0,0.0,10258150.000000002,2.698258271675506e-06,10M-50M,2025-12-19,486.7799987792969,492.010009765625,487.9599914550781,488.7591857910156,484.6474914550781,4.9,4.8,4.9,498.0,0.2282181671142578,False,MSFT,6.71,-0.26974664679582705,-0.010629887365136138,3801767276203.0,-26.974664679582705,20935.0
BABA260320C00175000,175.0,10630.0,多头买 Call，看涨,3.3312079673964408,CALL,10630.0,0.0,10257950.0,2.5839430885319877e-05,10M-50M,2026-03-20,162.5399932861328,157.3000030517578,160.5,162.9759063720703,159.41000366210938,9.65,9.65,10.3,13.0,0.4284725122070312,False,BABA,8.81,0.09534619750283767,0.033312079673964407,396988232656.0,9.534619750283767,10630.0
NVDA271217P00155000,155.0,3754.0,空头卖 Put，看涨/看不跌,1.3333336781647247,PUT,3754.0,0.0,10233404.0,2.3633634694736765e-06,10M-50M,2027-12-17,179.36000061035156,177.0,174.6999969482422,180.00999450683594,173.67999267578125,27.26,27.55,27.85,1.0,0.413717410736084,False,NVDA,27.26,0.0,0.013333336781647246,4330017000000.0,0.0,3754.0
META261218C00620000,620.0,824.0,空头卖 Call，看跌/看不涨,-1.3072045032348774,CALL,824.0,0.0,10225840.0,5.473031160169995e-06,10M-50M,2026-12-18,639.47998046875,647.9500122070312,639.5449829101562,645.2949829101562,637.760009765625,124.1,122.5,124.0,9.0,0.4463937807464599,True,META,125.3,-0.009577015163607365,-0.013072045032348774,1868405222031.0,-0.9577015163607365,824.0
MSFT260618P00550000,550.0,1211.0,多头买 Put，看跌,-1.0629887365136137,PUT,1211.0,0.0,10215996.0,2.687170270507243e-06,10M-50M,2026-06-18,486.7799987792969,492.010009765625,487.9599914550781,488.7591857910156,484.6474914550781,84.36,71.1,71.9,1.0,0.1990131369018554,True,MSFT,84.36,0.0,-0.010629887365136138,3801767276203.0,0.0,1211.0
META261218C00630000,630.0,873.0,空头卖 Call，看跌/看不涨,-1.3072045032348774,CALL,873.0,0.0,10214100.0,5.466747726650558e-06,10M-50M,2026-12-18,639.47998046875,647.9500122070312,639.5449829101562,645.2949829101562,637.760009765625,117.0,117.75,119.15,5.0,0.4441889077758788,True,META,118.55,-0.013074652045550377,-0.013072045032348774,1868405222031.0,-1.3074652045550377,873.0
MSFT260116C00435000,435.0,1628.0,空头卖 Call，看跌/看不涨,-1.0629887365136137,CALL,1628.0,0.0,10201048.0,2.683238414895363e-06,10M-50M,2026-01-16,486.7799987792969,492.010009765625,487.9599914550781,488.7591857910156,484.6474914550781,62.66,57.15,58.2,2.0,0.3642031353759766,True,MSFT,62.66,0.0,-0.010629887365136138,3801767276203.0,0.0,1628.0
COIN260618C00300000,300.0,2617.0,空头卖 Call，看跌/看不涨,-7.085258160001046,CALL,2617.0,0.0,10182746.999999998,0.00012678307131373028,10M-50M,2026-06-18,253.4900054931641,272.82000732421875,260.4750061035156,265.8800048828125,253.2400054931641,38.91,38.5,39.5,11.0,0.7365748999023438,False,COIN,42.0,-0.07357142857142865,-0.07085258160001046,80316298497.0,-7.357142857142865,2617.0
PLTR260918P00130000,130.0,6614.0,多头买 Put，看跌,-1.1279275339305384,PUT,6614.0,0.0,10152490.0,2.410047492855082e-05,10M-50M,2026-09-18,166.5500030517578,168.4499969482422,165.00999450683594,167.97000122070312,163.1199951171875,15.35,15.05,15.65,3.0,0.5796245651245118,False,PLTR,15.35,0.0,-0.011279275339305382,421256843697.0,0.0,6614.0
MSFT260116C00480000,480.0,4794.0,空头卖 Call，看跌/看不涨,-1.0629887365136137,CALL,4794.0,0.0,10139310.0,2.6669991252401425e-06,10M-50M,2026-01-16,486.7799987792969,492.010009765625,487.9599914550781,488.7591857910156,484.6474914550781,21.15,21.2,21.45,45.0,0.2587354400634766,True,MSFT,24.67,-0.1426834211593029,-0.010629887365136138,3801767276203.0,-14.268342115930292,4794.0
BIDU260116C00090000,90.0,3548.0,多头买 Call，看涨,1.219097492684215,CALL,3548.0,0.0,10104704.0,0.00022379865805800648,10M-50M,2026-01-16,118.31500244140624,116.88999938964844,118.37999725341795,119.80560302734376,117.2699966430664,28.48,28.5,30.95,1.0,0.6489292919921875,True,BIDU,28.48,0.0,0.01219097492684215,45150869481.0,0.0,3548.0
META280121P00700000,700.0,671.0,多头买 Put，看跌,-1.3072045032348774,PUT,671.0,0.0,10103918.0,5.407776579117461e-06,10M-50M,2028-01-21,639.47998046875,647.9500122070312,639.5449829101562,645.2949829101562,637.760009765625,150.58,149.55,150.85,3.0,0.3050377724456786,True,META,150.58,0.0,-0.013072045032348774,1868405222031.0,0.0,671.0
MSTR260116C00145000,145.0,3242.0,空头卖 Call，看跌/看不涨,-11.857994906502665,CALL,3242.0,0.0,10098829.999999998,0.00011523757109581184,10M-50M,2026-01-16,156.1699981689453,177.17999267578125,168.25,168.25,156.06100463867188,31.15,30.7,32.45,5.0,1.1938516870117186,True,MSTR,46.24,-0.32634083044982704,-0.11857994906502665,87634873800.0,-32.6340830449827,3242.0
NVDA260417C00170000,170.0,3916.0,多头买 Call，看涨,1.3333336781647247,CALL,3916.0,0.0,10087616.0,2.3296943175973674e-06,10M-50M,2026-04-17,179.36000061035156,177.0,174.6999969482422,180.00999450683594,173.67999267578125,25.76,25.5,25.75,34.0,0.4856618817138671,True,NVDA,24.34,0.0583401807723912,0.013333336781647246,4330017000000.0,5.8340180772391195,3916.0
GOOGL260918C00290000,290.0,1650.0,空头卖 Call，看跌/看不涨,-1.0962518984130059,CALL,1650.0,0.0,10073250.0,3.378409242792415e-06,10M-50M,2026-09-18,316.6700134277344,320.17999267578125,317.70001220703125,319.8500061035156,314.44000244140625,61.05,61.85,62.4,2.0,0.4449213223266601,True,GOOGL,63.84,-0.04370300751879709,-0.010962518984130058,2981654760000.0,-4.370300751879709,1650.0
RIVN271217P00020000,20.0,12073.0,空头卖 Put，看涨/看不跌,2.0462591984882397,PUT,12073.0,0.0,10068882.0,0.000532254045607307,10M-50M,2027-12-17,17.204999923706055,16.860000610351562,16.511999130249023,17.530000686645508,16.511999130249023,8.34,6.8,8.25,8.0,0.5854533642578125,True,RIVN,8.34,0.0,0.020462591984882397,18917436294.0,0.0,12073.0
PLTR270617P00160000,160.0,2505.0,多头买 Put，看跌,-1.1279275339305384,PUT,2505.0,0.0,10065090.0,2.389300055440661e-05,10M-50M,2027-06-17,166.5500030517578,168.4499969482422,165.00999450683594,167.97000122070312,163.1199951171875,40.18,39.15,39.75,10.0,0.5367172793579101,False,PLTR,40.18,0.0,-0.011279275339305382,421256843697.0,0.0,2505.0
META260116C00570000,570.0,1292.0,空头卖 Call，看跌/看不涨,-1.3072045032348774,CALL,1292.0,0.0,10058220.0,5.383318287382263e-06,10M-50M,2026-01-16,639.47998046875,647.9500122070312,639.5449829101562,645.2949829101562,637.760009765625,77.85,82.4,83.65,3.0,0.4540154696655273,True,META,83.85,-0.07155635062611808,-0.013072045032348774,1868405222031.0,-7.1556350626118075,1292.0
CRCL260116P00090000,90.0,6316.0,多头买 Put，看跌,-5.0606757831869835,PUT,6316.0,0.0,10042440.0,0.00034468583305741045,10M-50M,2026-01-16,75.88500213623047,79.93000030517578,77.48999786376953,79.83989715576172,75.62000274658203,15.9,15.9,15.95,3.0,0.5600629931640625,True,CRCL,14.95,0.06354515050167231,-0.05060675783186983,29135052958.0,6.354515050167231,6316.0
META260116C00580000,580.0,1375.0,空头卖 Call，看跌/看不涨,-1.3072045032348774,CALL,1375.0,0.0,10037500.0,5.37222861595784e-06,10M-50M,2026-01-16,639.47998046875,647.9500122070312,639.5449829101562,645.2949829101562,637.760009765625,73.0,73.45,74.8,5.0,0.4306239799499512,True,META,75.2,-0.029255319148936205,-0.013072045032348774,1868405222031.0,-2.9255319148936207,1375.0
META270115C00540000,540.0,590.0,空头卖 Call，看跌/看不涨,-1.3072045032348774,CALL,590.0,0.0,10030000.0,5.368214497440312e-06,10M-50M,2027-01-15,639.47998046875,647.9500122070312,639.5449829101562,645.2949829101562,637.760009765625,170.0,171.35,173.75,6.0,0.4756293282318115,True,META,172.76,-0.015975920351933265,-0.013072045032348774,1868405222031.0,-1.5975920351933266,590.0
BE251219C00100000,100.0,6426.0,空头卖 Call，看跌/看不涨,-4.462651130842652,CALL,6426.0,0.0,9979578.0,0.0006064866213527657,5M-10M,2025-12-19,104.36499786376952,109.23999786376952,107.08000183105467,110.83999633789062,103.54000091552734,15.53,14.9,17.4,10.0,1.4975611059570313,True,BE,16.8,-0.07559523809523817,-0.04462651130842653,16454737250.0,-7.559523809523817,6426.0
MSFT260116C00510000,510.0,13664.0,空头卖 Call，看跌/看不涨,-1.0629887365136137,CALL,13664.0,0.0,9961056.0,2.6201119838004826e-06,5M-10M,2026-01-16,486.7799987792969,492.010009765625,487.9599914550781,488.7591857910156,484.6474914550781,7.29,7.2,7.35,243.0,0.2305069625854492,False,MSFT,8.97,-0.1872909698996656,-0.010629887365136138,3801767276203.0,-18.72909698996656,13664.0
BMNR270115C00025000,25.0,6209.0,空头卖 Call，看跌/看不涨,-11.714973689299578,CALL,6209.0,0.0,9934400.0,0.045713237516680646,5M-10M,2027-01-15,29.239999771118164,33.119998931884766,30.51000022888184,30.899999618530277,29.06999969482422,16.0,16.0,16.3,822.0,1.3147006921386717,True,BMNR,17.74,-0.09808342728297624,-0.11714973689299578,217319983.0,-9.808342728297625,6209.0
MSTR260618C00200000,200.0,3499.0,空头卖 Call，看跌/看不涨,-11.857994906502665,CALL,3499.0,0.0,9902170.0,0.00011299348730276827,5M-10M,2026-06-18,156.1699981689453,177.17999267578125,168.25,168.25,156.06100463867188,28.3,28.0,28.6,62.0,0.9152840502929688,False,MSTR,33.9,-0.1651917404129793,-0.11857994906502665,87634873800.0,-16.51917404129793,3499.0
GOOGL251219C00310000,310.0,6853.0,空头卖 Call，看跌/看不涨,-1.0962518984130059,CALL,6853.0,0.0,9724407.0,3.2614128001861622e-06,5M-10M,2025-12-19,316.6700134277344,320.17999267578125,317.70001220703125,319.8500061035156,314.44000244140625,14.19,13.95,14.1,160.0,0.3638979626464844,True,GOOGL,16.55,-0.14259818731117832,-0.010962518984130058,2981654760000.0,-14.259818731117832,6853.0
B260618C00038000,38.0,12083.0,多头买 Call，看涨,3.1567496380236175,CALL,12083.0,0.0,9666400.0,0.0001643312123915648,5M-10M,2026-06-18,42.64500045776367,41.34000015258789,42.3650016784668,43.08000183105469,41.790000915527344,8.0,8.0,8.6,5.0,0.5063525927734375,True,B,7.47,0.07095046854083002,0.031567496380236176,58822665879.0,7.0950468540830025,12083.0
MRK260320C00100000,100.0,11305.0,空头卖 Call，看跌/看不涨,-1.3927301907573943,CALL,11305.0,0.0,9609250.0,4.897035760695147e-05,5M-10M,2026-03-20,103.37000274658205,104.83000183105467,104.72000122070312,105.68000030517578,103.21600341796876,8.5,8.25,8.55,18.0,0.3028634167480468,True,MRK,9.2,-0.07608695652173907,-0.013927301907573944,196225849056.0,-7.608695652173907,11305.0
PDD260116P00115000,115.0,27446.0,空头卖 Put，看涨/看不跌,1.5765005187699133,PUT,27446.0,0.0,9606100.0,5.2054341289472466e-05,5M-10M,2026-01-16,117.91000366210938,116.08000183105467,116.41000366210938,118.5,116.1500015258789,3.5,2.84,3.05,1.0,0.2611157873535156,False,PDD,3.72,-0.05913978494623661,0.015765005187699133,184539843595.0,-5.913978494623661,27446.0
BABA260116C00170000,170.0,16320.0,多头买 Call，看涨,3.3312079673964408,CALL,16320.0,0.0,9498240.0,2.3925746958425484e-05,5M-10M,2026-01-16,162.5399932861328,157.3000030517578,160.5,162.9759063720703,159.41000366210938,5.82,5.6,5.9,84.0,0.3868469519042968,False,BABA,4.6,0.26521739130434796,0.033312079673964407,396988232656.0,26.521739130434796,16320.0
GOOG260116P00305000,305.0,10265.0,多头买 Put，看跌,-1.055855596141431,PUT,10265.0,0.0,9484860.0,3.1728360600813493e-06,5M-10M,2026-01-16,316.739990234375,320.1199951171875,317.2699890136719,319.6300048828125,314.4100036621094,9.24,9.25,9.4,65.0,0.3259649923706054,False,GOOG,8.67,0.06574394463667824,-0.01055855596141431,2989394920000.0,6.574394463667824,10265.0
HOOD260116C00105000,105.0,4011.0,空头卖 Call，看跌/看不涨,-6.708695134300246,CALL,4011.0,0.0,9465960.0,8.808242370194095e-05,5M-10M,2026-01-16,119.87000274658205,128.49000549316406,123.5999984741211,125.28990173339844,119.37999725341795,23.6,22.3,23.9,13.0,0.9029550720214844,True,HOOD,26.3,-0.10266159695817488,-0.06708695134300247,107467070071.0,-10.266159695817487,4011.0
MSFT251219C00440000,440.0,1898.0,空头卖 Call，看跌/看不涨,-1.0629887365136137,CALL,1898.0,0.0,9395100.0,2.4712454280955667e-06,5M-10M,2025-12-19,486.7799987792969,492.010009765625,487.9599914550781,488.7591857910156,484.6474914550781,49.5,48.85,50.0,2.0,0.4232235412597656,True,MSFT,53.09,-0.06762102090789232,-0.010629887365136138,3801767276203.0,-6.762102090789232,1898.0
MSFT251219C00410000,410.0,1180.0,空头卖 Call，看跌/看不涨,-1.0629887365136137,CALL,1180.0,0.0,9381000.0,2.4675366266420274e-06,5M-10M,2025-12-19,486.7799987792969,492.010009765625,487.9599914550781,488.7591857910156,484.6474914550781,79.5,77.8,80.05,3.0,0.5585981640625001,True,MSFT,83.92,-0.05266920877025741,-0.010629887365136138,3801767276203.0,-5.266920877025741,1180.0
NVDA260116P00178000,178.0,9704.0,空头卖 Put，看涨/看不跌,1.3333336781647247,PUT,9704.0,0.0,9315840.0,2.1514557564092703e-06,5M-10M,2026-01-16,179.36000061035156,177.0,174.6999969482422,180.00999450683594,173.67999267578125,9.6,9.6,9.7,130.0,0.4054624884033203,False,NVDA,10.5,-0.08571428571428574,0.013333336781647246,4330017000000.0,-8.571428571428575,9704.0
META260116P00640000,640.0,3908.0,多头买 Put，看跌,-1.3072045032348774,PUT,3908.0,0.0,9281500.0,4.967605469391053e-06,5M-10M,2026-01-16,639.47998046875,647.9500122070312,639.5449829101562,645.2949829101562,637.760009765625,23.75,23.6,23.8,2535.0,0.2590406127929688,True,META,22.38,0.06121537086684545,-0.013072045032348774,1868405222031.0,6.121537086684545,3908.0
META260116C00670000,670.0,5064.0,空头卖 Call，看跌/看不涨,-1.3072045032348774,CALL,5064.0,0.0,9262056.0,4.9571987333304116e-06,5M-10M,2026-01-16,639.47998046875,647.9500122070312,639.5449829101562,645.2949829101562,637.760009765625,18.29,18.2,18.4,40.0,0.3328924133300781,False,META,20.06,-0.08823529411764704,-0.013072045032348774,1868405222031.0,-8.823529411764703,5064.0
TSM260320C00290000,290.0,3613.0,空头卖 Call，看跌/看不涨,-1.068539184690438,CALL,3613.0,0.0,9177020.0,6.472743899780668e-06,5M-10M,2026-03-20,288.3951110839844,291.510009765625,286.9200134277344,289.989990234375,286.4599914550781,25.4,25.75,26.0,6.0,0.424261128540039,False,TSM,26.8,-0.052238805970149335,-0.010685391846904379,1417794391697.0,-5.223880597014934,3613.0
B260320C00035000,35.0,10084.0,多头买 Call，看涨,3.1567496380236175,CALL,10084.0,0.0,9176440.0,0.0001560017701148774,5M-10M,2026-03-20,42.64500045776367,41.34000015258789,42.3650016784668,43.08000183105469,41.790000915527344,9.1,9.0,9.35,15.0,0.5105029418945313,True,B,7.95,0.1446540880503144,0.031567496380236176,58822665879.0,14.46540880503144,10084.0
MSTR261218P00195000,195.0,1347.0,多头买 Put，看跌,-11.857994906502665,PUT,1347.0,0.0,9159600.0,0.00010452003412367555,5M-10M,2026-12-18,156.1699981689453,177.17999267578125,168.25,168.25,156.06100463867188,68.0,67.55,68.85,20.0,0.6592136129760743,True,MSTR,63.0,0.07936507936507936,-0.11857994906502665,87634873800.0,7.936507936507936,1347.0
RKLB270115C00050000,50.0,7418.0,空头卖 Call，看跌/看不涨,-4.4375865186749985,CALL,7418.0,0.0,9124140.0,0.0004114607414142195,5M-10M,2027-01-15,40.27000045776367,42.13999938964844,41.09999847412109,41.19869995117188,40.26499938964844,12.3,12.3,12.6,12.0,0.9217537121582032,False,RKLB,13.15,-0.06463878326996195,-0.044375865186749984,22174995283.0,-6.463878326996195,7418.0
AVGO260417C00420000,420.0,2461.0,空头卖 Call，看跌/看不涨,-3.022630765848394,CALL,2461.0,0.0,9041714.0,5.723426917507905e-06,5M-10M,2026-04-17,390.7799987792969,402.9599914550781,394.8500061035156,395.4200134277344,385.6400146484375,36.74,36.65,36.95,102.0,0.5049945741271973,False,AVGO,43.0,-0.14558139534883716,-0.03022630765848394,1579772770810.0,-14.558139534883715,2461.0
NVDA260220C00220000,220.0,28046.0,多头买 Call，看涨,1.3333336781647247,CALL,28046.0,0.0,9030812.000000002,2.085629686904232e-06,5M-10M,2026-02-20,179.36000061035156,177.0,174.6999969482422,180.00999450683594,173.67999267578125,3.22,3.1,3.2,473.0,0.4234066448974609,False,NVDA,2.76,0.16666666666666682,0.013333336781647246,4330017000000.0,16.666666666666682,28046.0
GOOGL251219C00320000,320.0,10308.0,空头卖 Call，看跌/看不涨,-1.0962518984130059,CALL,10308.0,0.0,8967960.0,3.0077124019549466e-06,5M-10M,2025-12-19,316.6700134277344,320.17999267578125,317.70001220703125,319.8500061035156,314.44000244140625,8.7,8.5,8.65,416.0,0.3518131225585937,False,GOOGL,10.62,-0.1807909604519774,-0.010962518984130058,2981654760000.0,-18.07909604519774,10308.0
MSFT260116P00515000,515.0,2901.0,多头买 Put，看跌,-1.0629887365136137,PUT,2901.0,0.0,8964090.0,2.357874469621099e-06,5M-10M,2026-01-16,486.7799987792969,492.010009765625,487.9599914550781,488.7591857910156,484.6474914550781,30.9,30.7,31.35,22.0,0.172859833984375,True,MSFT,28.5,0.08421052631578943,-0.010629887365136138,3801767276203.0,8.421052631578943,2901.0
GOOGL260220C00295000,295.0,2433.0,空头卖 Call，看跌/看不涨,-1.0962518984130059,CALL,2433.0,0.0,8960739.0,3.0052905923957474e-06,5M-10M,2026-02-20,316.6700134277344,320.17999267578125,317.70001220703125,319.8500061035156,314.44000244140625,36.83,36.9,37.4,2.0,0.4339351040649414,True,GOOGL,39.8,-0.07462311557788942,-0.010962518984130058,2981654760000.0,-7.462311557788942,2433.0
COIN260116P00280000,280.0,2836.0,多头买 Put，看跌,-7.085258160001046,PUT,2836.0,0.0,8933400.0,0.00011122773543073183,5M-10M,2026-01-16,253.4900054931641,272.82000732421875,260.4750061035156,265.8800048828125,253.2400054931641,31.5,30.95,31.95,9.0,0.401800415649414,True,COIN,27.6,0.1413043478260869,-0.07085258160001046,80316298497.0,14.130434782608688,2836.0
MSTR260116P00170000,170.0,4132.0,多头买 Put，看跌,-11.857994906502665,PUT,4132.0,0.0,8925120.000000002,0.00010184438697736792,5M-10M,2026-01-16,156.1699981689453,177.17999267578125,168.25,168.25,156.06100463867188,21.6,21.15,21.8,90.0,0.5804485314941408,True,MSTR,15.88,0.3602015113350126,-0.11857994906502665,87634873800.0,36.02015113350126,4132.0
MRK251219C00100000,100.0,19696.0,空头卖 Call，看跌/看不涨,-1.3927301907573943,CALL,19696.0,0.0,8882896.0,4.52687351984139e-05,5M-10M,2025-12-19,103.37000274658205,104.83000183105467,104.72000122070312,105.68000030517578,103.21600341796876,4.51,4.3,4.85,67.0,0.3100654931640625,True,MRK,5.52,-0.1829710144927536,-0.013927301907573944,196225849056.0,-18.29710144927536,19696.0
MSFT260116P00480000,480.0,8167.0,多头买 Put，看跌,-1.0629887365136137,PUT,8167.0,0.0,8877529.0,2.335105848158701e-06,5M-10M,2026-01-16,486.7799987792969,492.010009765625,487.9599914550781,488.7591857910156,484.6474914550781,10.87,10.8,10.95,56.0,0.2030871928405761,False,MSFT,9.52,0.1418067226890756,-0.010629887365136138,3801767276203.0,14.18067226890756,8167.0
BABA260320C00170000,170.0,7394.0,多头买 Call，看涨,3.3312079673964408,CALL,7394.0,0.0,8835829.999999998,2.225715845753156e-05,5M-10M,2026-03-20,162.5399932861328,157.3000030517578,160.5,162.9759063720703,159.41000366210938,11.95,11.45,11.95,6.0,0.4249935430908204,False,BABA,10.4,0.14903846153846143,0.033312079673964407,396988232656.0,14.903846153846143,7394.0
INTC251219C00040000,40.0,44371.0,空头卖 Call，看跌/看不涨,-1.39522359664807,CALL,44371.0,0.0,8829829.0,5.682604008791152e-05,5M-10M,2025-12-19,39.99409866333008,40.560001373291016,39.8650016784668,40.375,39.59999847412109,1.99,2.0,2.09,3469.0,0.5634809277343751,False,INTC,2.55,-0.21960784313725484,-0.0139522359664807,155383500000.0,-21.960784313725483,44371.0
META260618C00730000,730.0,2063.0,空头卖 Call，看跌/看不涨,-1.3072045032348774,CALL,2063.0,0.0,8788380.0,4.703679852942621e-06,5M-10M,2026-06-18,639.47998046875,647.9500122070312,639.5449829101562,645.2949829101562,637.760009765625,42.6,44.2,44.55,3.0,0.4068205070495606,False,META,45.35,-0.060639470782800436,-0.013072045032348774,1868405222031.0,-6.0639470782800435,2063.0
MSTR251219P00190000,190.0,2884.0,多头买 Put，看跌,-11.857994906502665,PUT,2884.0,0.0,8735636.0,9.968218839381726e-05,5M-10M,2025-12-19,156.1699981689453,177.17999267578125,168.25,168.25,156.06100463867188,30.29,28.7,30.0,6.0,1.0000000000000004e-05,True,MSTR,20.1,0.506965174129353,-0.11857994906502665,87634873800.0,50.69651741293531,2884.0
RBLX260116C00070000,70.0,3717.0,空头卖 Call，看跌/看不涨,-2.683358365904578,CALL,3717.0,0.0,8697779.999999998,9.289533263096502e-05,5M-10M,2026-01-16,92.4800033569336,95.02999877929688,93.01000213623048,93.47560119628906,90.6500015258789,23.4,22.85,24.1,2.0,0.6477086010742188,True,RBLX,26.2,-0.10687022900763361,-0.02683358365904578,93629892414.0,-10.687022900763361,3717.0
MSFT260116C00470000,470.0,3090.0,空头卖 Call，看跌/看不涨,-1.0629887365136137,CALL,3090.0,0.0,8655090.0,2.276596480320131e-06,5M-10M,2026-01-16,486.7799987792969,492.010009765625,487.9599914550781,488.7591857910156,484.6474914550781,28.01,27.85,28.0,57.0,0.2696606237792969,True,MSFT,31.6,-0.11360759493670886,-0.010629887365136138,3801767276203.0,-11.360759493670885,3090.0
COIN260116P00250000,250.0,5544.0,多头买 Put，看跌,-7.085258160001046,PUT,5544.0,0.0,8648640.0,0.00010768225331403995,5M-10M,2026-01-16,253.4900054931641,272.82000732421875,260.4750061035156,265.8800048828125,253.2400054931641,15.6,15.4,15.85,41.0,0.489537575378418,False,COIN,13.25,0.1773584905660377,-0.07085258160001046,80316298497.0,17.73584905660377,5544.0
BABA251219P00160000,160.0,16819.0,空头卖 Put，看涨/看不跌,3.3312079673964408,PUT,16819.0,0.0,8644965.999999998,2.177637846381979e-05,5M-10M,2025-12-19,162.5399932861328,157.3000030517578,160.5,162.9759063720703,159.41000366210938,5.14,5.0,5.35,492.0,0.442388388671875,False,BABA,7.19,-0.2851182197496524,0.033312079673964407,396988232656.0,-28.51182197496524,16819.0
ASTS270115C00040000,40.0,3140.0,空头卖 Call，看跌/看不涨,-6.28114332041427,CALL,3140.0,0.0,8641280.0,0.0004909915179982287,5M-10M,2027-01-15,52.66999816894531,56.20000076293945,54.209999084472656,54.38999938964844,52.31999969482422,27.52,26.6,29.25,65.0,1.1427044818115235,True,ASTS,29.3,-0.06075085324232086,-0.0628114332041427,17599652302.0,-6.075085324232086,3140.0
META251219C00670000,670.0,10787.0,空头卖 Call，看跌/看不涨,-1.3072045032348774,CALL,10787.0,0.0,8597239.0,4.601378169268121e-06,5M-10M,2025-12-19,639.47998046875,647.9500122070312,639.5449829101562,645.2949829101562,637.760009765625,7.97,7.9,8.1,314.0,0.3289251678466796,False,META,9.45,-0.15661375661375657,-0.013072045032348774,1868405222031.0,-15.661375661375656,10787.0
MRNA260116P00030000,30.0,16332.0,多头买 Put，看跌,-5.869898558123711,PUT,16332.0,0.0,8574300.0,0.0008998523466693525,5M-10M,2026-01-16,24.45499992370605,25.979999542236328,25.049999237060547,25.250999450683597,24.295000076293945,5.25,5.4,5.95,10.0,0.5459029785156251,True,MRNA,4.91,0.06924643584521382,-0.05869898558123711,9528563249.0,6.924643584521382,16332.0
HOOD260220C00120000,120.0,4938.0,空头卖 Call，看跌/看不涨,-6.708695134300246,CALL,4938.0,0.0,8567430.0,7.972144392081945e-05,5M-10M,2026-02-20,119.87000274658205,128.49000549316406,123.5999984741211,125.28990173339844,119.37999725341795,17.35,17.5,17.85,237.0,0.7861959857177734,False,HOOD,20.5,-0.1536585365853658,-0.06708695134300247,107467070071.0,-15.36585365853658,4938.0
OSCR270115C00020000,20.0,15245.0,空头卖 Call，看跌/看不涨,-5.926536824726117,CALL,15245.0,0.0,8537200.0,0.0017925358498141353,5M-10M,2027-01-15,16.905000686645508,17.969999313354492,17.299999237060547,17.6299991607666,16.760000228881836,5.6,5.5,5.8,16.0,0.94726615234375,False,OSCR,6.1,-0.0819672131147541,-0.05926536824726117,4762638360.0,-8.196721311475411,15245.0
RIOT251219C00013000,13.0,29029.0,空头卖 Call，看跌/看不涨,-7.284558575294442,CALL,29029.0,0.0,8534526.0,0.0013052460084960736,5M-10M,2025-12-19,14.954999923706056,16.1299991607666,15.229999542236328,15.779999732971191,14.888999938964844,2.94,2.64,3.1,25.0,1.3584016455078125,True,RIOT,3.35,-0.12238805970149258,-0.07284558575294442,6538634054.0,-12.238805970149258,29029.0
CELH251219C00036000,36.0,14103.0,多头买 Call，看涨,1.6609680703119536,CALL,14103.0,0.0,8504109.0,0.00060615087207624,5M-10M,2025-12-19,41.619998931884766,40.93999862670898,40.65999984741211,42.400001525878906,40.37009811401367,6.03,4.8,7.25,100.0,0.6054726953125001,True,CELH,5.65,0.06725663716814156,0.016609680703119536,14029690283.0,6.725663716814156,14103.0
GOOGL260116C00330000,330.0,8137.0,空头卖 Call，看跌/看不涨,-1.0962518984130059,CALL,8137.0,0.0,8495028.0,2.8490984650416065e-06,5M-10M,2026-01-16,316.6700134277344,320.17999267578125,317.70001220703125,319.8500061035156,314.44000244140625,10.44,10.45,10.55,388.0,0.3530643307495117,False,GOOGL,12.1,-0.13719008264462812,-0.010962518984130058,2981654760000.0,-13.719008264462811,8137.0
MRK251219C00095000,95.0,9265.0,空头卖 Call，看跌/看不涨,-1.3927301907573943,CALL,9265.0,0.0,8468210.0,4.315542544847542e-05,5M-10M,2025-12-19,103.37000274658205,104.83000183105467,104.72000122070312,105.68000030517578,103.21600341796876,9.14,8.85,9.5,34.0,0.4455621850585937,True,MRK,10.0,-0.08599999999999994,-0.013927301907573944,196225849056.0,-8.599999999999994,9265.0
BABA260320P00160000,160.0,6326.0,空头卖 Put，看涨/看不跌,3.3312079673964408,PUT,6326.0,0.0,8400928.0,2.1161654953333616e-05,5M-10M,2026-03-20,162.5399932861328,157.3000030517578,160.5,162.9759063720703,159.41000366210938,13.28,12.5,13.15,3.0,0.4069883520507812,False,BABA,14.6,-0.0904109589041096,0.033312079673964407,396988232656.0,-9.041095890410961,6326.0
HOOD260918C00150000,150.0,3994.0,空头卖 Call，看跌/看不涨,-6.708695134300246,CALL,3994.0,0.0,8387400.0,7.80462330875748e-05,5M-10M,2026-09-18,119.87000274658205,128.49000549316406,123.5999984741211,125.28990173339844,119.37999725341795,21.0,20.3,21.35,1.0,0.7158231542968749,False,HOOD,22.89,-0.08256880733944956,-0.06708695134300247,107467070071.0,-8.256880733944955,3994.0
AVGO271217C00400000,400.0,744.0,空头卖 Call，看跌/看不涨,-3.022630765848394,CALL,744.0,0.0,8370000.0,5.2982303244209185e-06,5M-10M,2027-12-17,390.7799987792969,402.9599914550781,394.8500061035156,395.4200134277344,385.6400146484375,112.5,109.8,113.85,20.0,0.5279054167938232,False,AVGO,121.45,-0.07369287772745989,-0.03022630765848394,1579772770810.0,-7.369287772745989,744.0
BABA251219C00160000,160.0,13134.0,多头买 Call，看涨,3.3312079673964408,CALL,13134.0,0.0,8340089.999999999,2.100840607844135e-05,5M-10M,2025-12-19,162.5399932861328,157.3000030517578,160.5,162.9759063720703,159.41000366210938,6.35,6.2,6.45,640.0,0.3510807080078124,True,BABA,4.92,0.290650406504065,0.033312079673964407,396988232656.0,29.065040650406498,13134.0
AVGO260618P00320000,320.0,3327.0,多头买 Put，看跌,-3.022630765848394,PUT,3327.0,0.0,8284229.999999999,5.243937706150239e-06,5M-10M,2026-06-18,390.7799987792969,402.9599914550781,394.8500061035156,395.4200134277344,385.6400146484375,24.9,24.85,25.25,19.0,0.511098028717041,False,AVGO,21.9,0.13698630136986303,-0.03022630765848394,1579772770810.0,13.698630136986303,3327.0
XYZ260320C00060000,60.0,8044.0,空头卖 Call，看跌/看不涨,-1.549406609019817,CALL,8044.0,0.0,8164660.000000001,0.00018180837074129348,5M-10M,2026-03-20,65.76499938964844,66.80000305175781,65.66000366210938,66.30000305175781,64.87999725341797,10.15,9.85,11.2,23.0,0.5310105493164063,True,XYZ,11.24,-0.09697508896797151,-0.015494066090198171,44908053280.0,-9.697508896797151,8044.0
META251219C00580000,580.0,1277.0,空头卖 Call，看跌/看不涨,-1.3072045032348774,CALL,1277.0,0.0,8160030.0,4.367377003544155e-06,5M-10M,2025-12-19,639.47998046875,647.9500122070312,639.5449829101562,645.2949829101562,637.760009765625,63.9,67.0,68.1,1.0,0.5058032818603515,True,META,67.95,-0.05960264900662258,-0.013072045032348774,1868405222031.0,-5.960264900662258,1277.0
GOOG260116C00340000,340.0,11393.0,空头卖 Call，看跌/看不涨,-1.055855596141431,CALL,11393.0,0.0,8089030.0,2.7059087930744193e-06,5M-10M,2026-01-16,316.739990234375,320.1199951171875,317.2699890136719,319.6300048828125,314.4100036621094,7.1,7.1,7.2,42.0,0.346564151611328,False,GOOG,8.5,-0.16470588235294123,-0.01055855596141431,2989394920000.0,-16.470588235294123,11393.0
INTC270115C00045000,45.0,10122.0,空头卖 Call，看跌/看不涨,-1.39522359664807,CALL,10122.0,0.0,7996380.0,5.146222089217967e-05,5M-10M,2027-01-15,39.99409866333008,40.560001373291016,39.8650016784668,40.375,39.59999847412109,7.9,7.7,8.05,53.0,0.5754436987304687,False,INTC,8.4,-0.05952380952380952,-0.0139522359664807,155383500000.0,-5.952380952380952,10122.0
BABA260116P00155000,155.0,14502.0,空头卖 Put，看涨/看不跌,3.3312079673964408,PUT,14502.0,0.0,7976100.0,2.0091527516160624e-05,5M-10M,2026-01-16,162.5399932861328,157.3000030517578,160.5,162.9759063720703,159.41000366210938,5.5,5.5,5.85,107.0,0.4001524829101562,False,BABA,7.07,-0.2220650636492221,0.033312079673964407,396988232656.0,-22.20650636492221,14502.0
MSFT260918C00520000,520.0,2091.0,空头卖 Call，看跌/看不涨,-1.0629887365136137,CALL,2091.0,0.0,7945800.0,2.090027985073257e-06,5M-10M,2026-09-18,486.7799987792969,492.010009765625,487.9599914550781,488.7591857910156,484.6474914550781,38.0,38.05,38.35,1.0,0.2977975494384764,False,MSFT,40.8,-0.0686274509803921,-0.010629887365136138,3801767276203.0,-6.862745098039209,2091.0
HOOD270115C00115000,115.0,2014.0,空头卖 Call，看跌/看不涨,-6.708695134300246,CALL,2014.0,0.0,7935159.999999999,7.383806029844767e-05,5M-10M,2027-01-15,119.87000274658205,128.49000549316406,123.5999984741211,125.28990173339844,119.37999725341795,39.4,38.65,40.15,18.0,0.7621178573608399,True,HOOD,41.8,-0.0574162679425837,-0.06708695134300247,107467070071.0,-5.741626794258369,2014.0
INTC260320C00041000,41.0,18230.0,空头卖 Call，看跌/看不涨,-1.39522359664807,CALL,18230.0,0.0,7930050.0,5.1035341590323297e-05,5M-10M,2026-03-20,39.99409866333008,40.560001373291016,39.8650016784668,40.375,39.59999847412109,4.35,4.5,4.65,24.0,0.5730023168945313,False,INTC,5.05,-0.13861386138613865,-0.0139522359664807,155383500000.0,-13.861386138613865,18230.0
PLTR270115C00210000,210.0,2783.0,空头卖 Call，看跌/看不涨,-1.1279275339305384,CALL,2783.0,0.0,7884239.0,1.8715990298951545e-05,5M-10M,2027-01-15,166.5500030517578,168.4499969482422,165.00999450683594,167.97000122070312,163.1199951171875,28.33,29.45,30.35,5.0,0.6231116790771485,False,PLTR,30.5,-0.07114754098360661,-0.011279275339305382,421256843697.0,-7.1147540983606605,2783.0
GOOG260116P00290000,290.0,15507.0,多头买 Put，看跌,-1.055855596141431,PUT,15507.0,0.0,7877556.0,2.635167386984119e-06,5M-10M,2026-01-16,316.739990234375,320.1199951171875,317.2699890136719,319.6300048828125,314.4100036621094,5.08,5.1,5.2,27.0,0.3432682861328124,False,GOOG,4.75,0.06947368421052633,-0.01055855596141431,2989394920000.0,6.947368421052633,15507.0
RIVN260618C00017000,17.0,19935.0,多头买 Call，看涨,2.0462591984882397,CALL,19935.0,0.0,7874325.0,0.0004162469415846523,5M-10M,2026-06-18,17.204999923706055,16.860000610351562,16.511999130249023,17.530000686645508,16.511999130249023,3.95,3.7,3.9,28.0,0.7397486962890624,True,RIVN,3.47,0.13832853025936598,0.020462591984882397,18917436294.0,13.832853025936597,19935.0
NVDA260116C00154000,154.0,2737.0,多头买 Call，看涨,1.3333336781647247,CALL,2737.0,0.0,7800450.0,1.8014825345951298e-06,5M-10M,2026-01-16,179.36000061035156,177.0,174.6999969482422,180.00999450683594,173.67999267578125,28.5,28.15,28.3,2.0,0.4798635998535155,True,NVDA,26.98,0.056338028169014065,0.013333336781647246,4330017000000.0,5.633802816901406,2737.0
RIVN270115C00017000,17.0,13723.0,多头买 Call，看涨,2.0462591984882397,CALL,13723.0,0.0,7753495.000000001,0.0004098597124632136,5M-10M,2027-01-15,17.204999923706055,16.860000610351562,16.511999130249023,17.530000686645508,16.511999130249023,5.65,5.25,5.8,40.0,0.7695335546875001,True,RIVN,5.15,0.0970873786407767,0.020462591984882397,18917436294.0,9.70873786407767,13723.0
DELL260320C00120000,120.0,4185.0,空头卖 Call，看跌/看不涨,-3.1496153091818426,CALL,4185.0,0.0,7742250.0,8.806065615102127e-05,5M-10M,2026-03-20,129.14999389648438,133.35000610351562,131.7100067138672,131.8800048828125,127.76499938964844,18.5,17.8,19.5,2.0,0.5315598602294922,True,DELL,21.0,-0.11904761904761904,-0.03149615309181843,87919512963.0,-11.904761904761903,4185.0
PANW260116C00180000,180.0,6183.0,空头卖 Call，看跌/看不涨,-2.2510906586968744,CALL,6183.0,0.0,7728750.0,5.7095506748543e-05,5M-10M,2026-01-16,185.8500061035156,190.1300048828125,189.5399932861328,189.8699951171875,185.6201019287109,12.5,11.45,14.6,5.0,0.4386042468261719,True,PANW,14.4,-0.13194444444444448,-0.022510906586968745,135365293000.0,-13.194444444444448,6183.0
NEE251219C00080000,80.0,13829.0,空头卖 Call，看跌/看不涨,-1.6803854006864423,CALL,13829.0,0.0,7716582.000000001,4.940277383515132e-05,5M-10M,2025-12-19,84.83999633789062,86.29000091552734,85.58999633789062,85.66999816894531,84.54000091552734,5.58,5.3,5.75,8.0,0.3544986425781249,True,NEE,6.85,-0.18540145985401454,-0.016803854006864422,156197342800.0,-18.540145985401455,13829.0
HOOD270115C00110000,110.0,1840.0,空头卖 Call，看跌/看不涨,-6.708695134300246,CALL,1840.0,0.0,7698560.000000001,7.163645565952261e-05,5M-10M,2027-01-15,119.87000274658205,128.49000549316406,123.5999984741211,125.28990173339844,119.37999725341795,41.84,41.2,42.05,15.0,0.7702659692382813,True,HOOD,44.75,-0.06502793296089378,-0.06708695134300247,107467070071.0,-6.5027932960893775,1840.0
HOOD260618C00100000,100.0,2024.0,空头卖 Call，看跌/看不涨,-6.708695134300246,CALL,2024.0,0.0,7691200.0,7.156796956424581e-05,5M-10M,2026-06-18,119.87000274658205,128.49000549316406,123.5999984741211,125.28990173339844,119.37999725341795,38.0,37.05,38.8,4.0,0.8424088024902343,True,HOOD,40.92,-0.07135874877810365,-0.06708695134300247,107467070071.0,-7.135874877810365,2024.0
NVDA260821C00210000,210.0,4261.0,多头买 Call，看涨,1.3333336781647247,CALL,4261.0,0.0,7686844.0,1.775245686102387e-06,5M-10M,2026-08-21,179.36000061035156,177.0,174.6999969482422,180.00999450683594,173.67999267578125,18.04,17.85,18.0,534.0,0.4724173852539062,False,NVDA,16.93,0.0655640874187832,0.013333336781647246,4330017000000.0,6.55640874187832,4261.0
GOOGL260220C00265000,265.0,1256.0,空头卖 Call，看跌/看不涨,-1.0962518984130059,CALL,1256.0,0.0,7674160.000000001,2.5737922790229413e-06,5M-10M,2026-02-20,316.6700134277344,320.17999267578125,317.70001220703125,319.8500061035156,314.44000244140625,61.1,59.5,59.9,31.0,0.4810232562255859,True,GOOGL,65.37,-0.0653204834021723,-0.010962518984130058,2981654760000.0,-6.532048340217229,1256.0
COIN260320P00280000,280.0,1756.0,多头买 Put，看跌,-7.085258160001046,PUT,1756.0,0.0,7642112.000000001,9.515020167775102e-05,5M-10M,2026-03-20,253.4900054931641,272.82000732421875,260.4750061035156,265.8800048828125,253.2400054931641,43.52,43.45,44.35,5.0,0.5039112109375,True,COIN,39.75,0.09484276729559757,-0.07085258160001046,80316298497.0,9.484276729559756,1756.0
META251219P00705000,705.0,1162.0,多头买 Put，看跌,-1.3072045032348774,PUT,1162.0,0.0,7496062.000000001,4.0120108376980484e-06,5M-10M,2025-12-19,639.47998046875,647.9500122070312,639.5449829101562,645.2949829101562,637.760009765625,64.51,61.0,62.45,1.0,1.0000000000000004e-05,True,META,60.67,0.06329322564694254,-0.013072045032348774,1868405222031.0,6.3293225646942535,1162.0
MSTR260320P00160000,160.0,2923.0,多头买 Put，看跌,-11.857994906502665,PUT,2923.0,0.0,7474111.0,8.528694885848058e-05,5M-10M,2026-03-20,156.1699981689453,177.17999267578125,168.25,168.25,156.06100463867188,25.57,25.45,26.0,12.0,0.6917145086669922,True,MSTR,21.4,0.19485981308411224,-0.11857994906502665,87634873800.0,19.485981308411223,2923.0
GOOGL260220P00290000,290.0,6357.0,多头买 Put，看跌,-1.0962518984130059,PUT,6357.0,0.0,7405905.0,2.483823781127497e-06,5M-10M,2026-02-20,316.6700134277344,320.17999267578125,317.70001220703125,319.8500061035156,314.44000244140625,11.65,10.85,10.95,29.0,0.3800110827636719,False,GOOGL,10.53,0.10636277302943979,-0.010962518984130058,2981654760000.0,10.636277302943979,6357.0
COIN260220P00270000,270.0,2052.0,多头买 Put，看跌,-7.085258160001046,PUT,2052.0,0.0,7387200.0,9.197635023327088e-05,5M-10M,2026-02-20,253.4900054931641,272.82000732421875,260.4750061035156,265.8800048828125,253.2400054931641,36.0,32.65,33.7,3.0,0.4998829309082031,True,COIN,30.0,0.2,-0.07085258160001046,80316298497.0,20.0,2052.0
CIFR260116C00017000,17.0,14561.0,空头卖 Call，看跌/看不涨,-3.3415247785202746,CALL,14561.0,0.0,7353305.0,0.0016301004606490783,5M-10M,2026-01-16,19.670000076293945,20.350000381469727,19.325000762939453,20.36000061035156,19.0,5.05,5.0,5.15,655.0,1.379885913085937,True,CIFR,5.4,-0.06481481481481491,-0.033415247785202745,4510952041.0,-6.481481481481491,14561.0
AVGO260618C00370000,370.0,1013.0,空头卖 Call，看跌/看不涨,-3.022630765848394,CALL,1013.0,0.0,7349314.999999999,4.652134240946418e-06,5M-10M,2026-06-18,390.7799987792969,402.9599914550781,394.8500061035156,395.4200134277344,385.6400146484375,72.55,68.7,70.65,2.0,0.5252122674560546,True,AVGO,77.35,-0.06205559146735614,-0.03022630765848394,1579772770810.0,-6.205559146735614,1013.0
COIN251219P00290000,290.0,2371.0,多头买 Put，看跌,-7.085258160001046,PUT,2371.0,0.0,7324019.0,9.11896979449765e-05,5M-10M,2025-12-19,253.4900054931641,272.82000732421875,260.4750061035156,265.8800048828125,253.2400054931641,30.89,31.1,31.8,7.0,1.0000000000000004e-05,True,COIN,27.4,0.1273722627737227,-0.07085258160001046,80316298497.0,12.73722627737227,2371.0
RIVN260618C00015000,15.0,15023.0,多头买 Call，看涨,2.0462591984882397,CALL,15023.0,0.0,7286154.999999999,0.00038515551931901746,5M-10M,2026-06-18,17.204999923706055,16.860000610351562,16.511999130249023,17.530000686645508,16.511999130249023,4.85,4.25,4.95,6.0,0.719729365234375,True,RIVN,4.45,0.08988764044943807,0.020462591984882397,18917436294.0,8.988764044943807,15023.0
MSTR260116P00155000,155.0,5131.0,多头买 Put，看跌,-11.857994906502665,PUT,5131.0,0.0,7275758.0,8.302354627228322e-05,5M-10M,2026-01-16,156.1699981689453,177.17999267578125,168.25,168.25,156.06100463867188,14.18,13.9,14.4,41.0,0.6650424121093752,False,MSTR,10.61,0.3364750235626768,-0.11857994906502665,87634873800.0,33.64750235626768,5131.0
RKLB270115C00040000,40.0,4772.0,空头卖 Call，看跌/看不涨,-4.4375865186749985,CALL,4772.0,0.0,7253439.999999999,0.00032709995684015764,5M-10M,2027-01-15,40.27000045776367,42.13999938964844,41.09999847412109,41.19869995117188,40.26499938964844,15.2,15.0,15.55,22.0,0.9270026831054688,True,RKLB,16.2,-0.0617283950617284,-0.044375865186749984,22174995283.0,-6.17283950617284,4772.0
NVDA251219C00168000,168.0,5091.0,多头买 Call，看涨,1.3333336781647247,CALL,5091.0,0.0,7178309.999999999,1.6578018053970686e-06,5M-10M,2025-12-19,179.36000061035156,177.0,174.6999969482422,180.00999450683594,173.67999267578125,14.1,14.1,14.15,52.0,0.4483697741699218,True,NVDA,13.02,0.08294930875576037,0.013333336781647246,4330017000000.0,8.294930875576037,5091.0
MSFT251219C00455000,455.0,2006.0,空头卖 Call，看跌/看不涨,-1.0629887365136137,CALL,2006.0,0.0,7151389.999999999,1.8810699026118246e-06,5M-10M,2025-12-19,486.7799987792969,492.010009765625,487.9599914550781,488.7591857910156,484.6474914550781,35.65,34.75,35.55,1.0,0.3425358715820312,True,MSFT,38.69,-0.07857327474799689,-0.010629887365136138,3801767276203.0,-7.857327474799688,2006.0
NIO260116C00005000,5.0,123275.0,空头卖 Call，看跌/看不涨,-5.723632465709339,CALL,123275.0,0.0,7149950.0,0.0004521915179104121,5M-10M,2026-01-16,5.185200214385986,5.5,5.329999923706055,5.425000190734863,5.139999866485596,0.58,0.56,0.6,4813.0,0.6621127539062501,True,NIO,0.84,-0.30952380952380953,-0.05723632465709339,15811773810.0,-30.952380952380953,123275.0
PLTR251219P00165000,165.0,10873.0,多头买 Put，看跌,-1.1279275339305384,PUT,10873.0,0.0,7132687.999999999,1.693192195384337e-05,5M-10M,2025-12-19,166.5500030517578,168.4499969482422,165.00999450683594,167.97000122070312,163.1199951171875,6.56,6.5,6.75,51.0,0.4973194799804688,False,PLTR,6.23,0.05296950240770452,-0.011279275339305382,421256843697.0,5.296950240770451,10873.0
NEM251219C00065000,65.0,2649.0,多头买 Call，看涨,1.3005623955877497,CALL,2649.0,0.0,7125809.999999999,7.609562110498e-05,5M-10M,2025-12-19,91.91000366210938,90.7300033569336,92.0,92.87999725341795,90.86000061035156,26.9,26.05,28.2,5.0,0.8085956640624999,True,NEM,21.25,0.2658823529411764,0.013005623955877496,93642839056.0,26.58823529411764,2649.0
HOOD260417C00100000,100.0,2043.0,空头卖 Call，看跌/看不涨,-6.708695134300246,CALL,2043.0,0.0,7123940.999999999,6.628952473807504e-05,5M-10M,2026-04-17,119.87000274658205,128.49000549316406,123.5999984741211,125.28990173339844,119.37999725341795,34.87,32.95,34.4,4.0,0.8396012133789061,True,HOOD,37.35,-0.06639892904953157,-0.06708695134300247,107467070071.0,-6.6398929049531565,2043.0
CIFR270115C00017000,17.0,7368.0,空头卖 Call，看跌/看不涨,-3.3415247785202746,CALL,7368.0,0.0,7102752.0,0.0015745571966722667,5M-10M,2027-01-15,19.670000076293945,20.350000381469727,19.325000762939453,20.36000061035156,19.0,9.64,8.6,11.0,5.0,1.1516155700683592,True,CIFR,10.6,-0.09056603773584897,-0.033415247785202745,4510952041.0,-9.056603773584897,7368.0
NVDA251205C00185000,185.0,57565.0,多头买 Call，看涨,1.3333336781647247,CALL,57565.0,0.0,7080495.0,1.6352118248034592e-06,5M-10M,2025-12-05,179.36000061035156,177.0,174.6999969482422,180.00999450683594,173.67999267578125,1.23,1.22,1.23,38564.0,0.3916076464843749,False,NVDA,1.04,0.18269230769230763,0.013333336781647246,4330017000000.0,18.269230769230763,57565.0
GOOG270115C00360000,360.0,1737.0,空头卖 Call，看跌/看不涨,-1.055855596141431,CALL,1737.0,0.0,7008795.0,2.34455305757996e-06,5M-10M,2027-01-15,316.739990234375,320.1199951171875,317.2699890136719,319.6300048828125,314.4100036621094,40.35,39.75,40.05,1.0,0.4172574143981933,False,GOOG,45.0,-0.1033333333333333,-0.01055855596141431,2989394920000.0,-10.33333333333333,1737.0
TSM260417C00300000,300.0,2780.0,空头卖 Call，看跌/看不涨,-1.068539184690438,CALL,2780.0,0.0,6950000.0,4.901980174770856e-06,5M-10M,2026-04-17,288.3951110839844,291.510009765625,286.9200134277344,289.989990234375,286.4599914550781,25.0,24.4,25.85,2.0,0.4353999331665039,False,TSM,26.35,-0.05123339658444028,-0.010685391846904379,1417794391697.0,-5.123339658444028,2780.0
INTC260320C00044000,44.0,19042.0,空头卖 Call，看跌/看不涨,-1.39522359664807,CALL,19042.0,0.0,6855120.0,4.411742559538175e-05,5M-10M,2026-03-20,39.99409866333008,40.560001373291016,39.8650016784668,40.375,39.59999847412109,3.6,3.5,3.65,46.0,0.5835002587890624,False,INTC,3.8,-0.052631578947368356,-0.0139522359664807,155383500000.0,-5.263157894736835,19042.0
GOOGL260220C00285000,285.0,1595.0,空头卖 Call，看跌/看不涨,-1.0962518984130059,CALL,1595.0,0.0,6836170.0,2.292743644136721e-06,5M-10M,2026-02-20,316.6700134277344,320.17999267578125,317.70001220703125,319.8500061035156,314.44000244140625,42.86,44.15,44.5,29.0,0.4504449487304687,True,GOOGL,49.55,-0.13501513622603428,-0.010962518984130058,2981654760000.0,-13.501513622603428,1595.0
CRWD260116C00500000,500.0,1974.0,空头卖 Call，看跌/看不涨,-2.6353627139043003,CALL,1974.0,0.0,6828066.0,5.6516789928981824e-05,5M-10M,2026-01-16,495.7417907714844,509.1600036621094,503.4800109863281,504.2449951171875,495.010009765625,34.59,33.85,36.3,19.0,0.5230607997131347,False,CRWD,39.5,-0.12430379746835435,-0.026353627139043004,120814823499.0,-12.430379746835435,1974.0
HOOD251219C00095000,95.0,2349.0,空头卖 Call，看跌/看不涨,-6.708695134300246,CALL,2349.0,0.0,6814449.000000001,6.340964721098208e-05,5M-10M,2025-12-19,119.87000274658205,128.49000549316406,123.5999984741211,125.28990173339844,119.37999725341795,29.01,28.3,30.55,7.0,1.3925811621093749,True,HOOD,32.89,-0.1179689875342049,-0.06708695134300247,107467070071.0,-11.79689875342049,2349.0
PLTR251219C00170000,170.0,9913.0,空头卖 Call，看跌/看不涨,-1.1279275339305384,CALL,9913.0,0.0,6790405.0,1.6119393908017257e-05,5M-10M,2025-12-19,166.5500030517578,168.4499969482422,165.00999450683594,167.97000122070312,163.1199951171875,6.85,6.6,6.85,840.0,0.5446822875976562,False,PLTR,7.33,-0.06548431105047754,-0.011279275339305382,421256843697.0,-6.548431105047754,9913.0
MSFT260618C00510000,510.0,2099.0,空头卖 Call，看跌/看不涨,-1.0629887365136137,CALL,2099.0,0.0,6783968.000000001,1.7844248495861278e-06,5M-10M,2026-06-18,486.7799987792969,492.010009765625,487.9599914550781,488.7591857910156,484.6474914550781,32.32,32.2,32.45,2.0,0.2932352171325683,False,MSFT,35.47,-0.08880744290950095,-0.010629887365136138,3801767276203.0,-8.880744290950094,2099.0
AVGO270115C00420000,420.0,916.0,空头卖 Call，看跌/看不涨,-3.022630765848394,CALL,916.0,0.0,6731684.0,4.261172318186273e-06,5M-10M,2027-01-15,390.7799987792969,402.9599914550781,394.8500061035156,395.4200134277344,385.6400146484375,73.49,72.75,73.6,27.0,0.5130740221405029,False,AVGO,80.19,-0.08355156503304655,-0.03022630765848394,1579772770810.0,-8.355156503304654,916.0
TSM251219P00280000,280.0,12380.0,多头买 Put，看跌,-1.068539184690438,PUT,12380.0,0.0,6623300.0,4.6715518405122035e-06,5M-10M,2025-12-19,288.3951110839844,291.510009765625,286.9200134277344,289.989990234375,286.4599914550781,5.35,4.85,5.55,48.0,0.3530338134765625,False,TSM,4.99,0.07214428857715419,-0.010685391846904379,1417794391697.0,7.2144288577154185,12380.0
AVGO280121C00350000,350.0,490.0,空头卖 Call，看跌/看不涨,-3.022630765848394,CALL,3294.0,2804.0,6615000.0,4.187311062848791e-06,5M-10M,2028-01-21,390.7799987792969,402.9599914550781,394.8500061035156,395.4200134277344,385.6400146484375,135.0,132.05,136.1,10.0,0.5338562850189208,True,AVGO,143.3,-0.05792044661549205,-0.03022630765848394,1579772770810.0,-5.7920446615492045,490.0
COIN260417P00250000,250.0,2007.0,多头买 Put，看跌,-7.085258160001046,PUT,2007.0,0.0,6607044.0,8.22628049803215e-05,5M-10M,2026-04-17,253.4900054931641,272.82000732421875,260.4750061035156,265.8800048828125,253.2400054931641,32.92,29.95,31.95,1.0,0.5324753784179688,False,COIN,29.38,0.12049012933968696,-0.07085258160001046,80316298497.0,12.049012933968696,2007.0
B270115C00040000,40.0,7022.0,多头买 Call，看涨,3.1567496380236175,CALL,7022.0,0.0,6600680.0,0.00011221320729627927,5M-10M,2027-01-15,42.64500045776367,41.34000015258789,42.3650016784668,43.08000183105469,41.790000915527344,9.4,8.75,9.8,48.0,0.4862111926269531,True,B,8.4,0.11904761904761904,0.031567496380236176,58822665879.0,11.904761904761903,7022.0
META260320C00630000,630.0,1090.0,空头卖 Call，看跌/看不涨,-1.3072045032348774,CALL,1090.0,0.0,6579239.999999999,3.5213132153678163e-06,5M-10M,2026-03-20,639.47998046875,647.9500122070312,639.5449829101562,645.2949829101562,637.760009765625,60.36,61.85,62.9,6.0,0.416875948486328,True,META,63.76,-0.05332496863237137,-0.013072045032348774,1868405222031.0,-5.332496863237137,1090.0
MSTR251219P00160000,160.0,6599.0,多头买 Put，看跌,-11.857994906502665,PUT,6599.0,0.0,6552807.0,7.477396515632342e-05,5M-10M,2025-12-19,156.1699981689453,177.17999267578125,168.25,168.25,156.06100463867188,9.93,9.8,10.1,433.0,0.5544478149414063,True,MSTR,5.9,0.683050847457627,-0.11857994906502665,87634873800.0,68.3050847457627,6599.0
NVDA260618C00225000,225.0,6225.0,多头买 Call，看涨,1.3333336781647247,CALL,6225.0,0.0,6536250.0,1.5095206323670323e-06,5M-10M,2026-06-18,179.36000061035156,177.0,174.6999969482422,180.00999450683594,173.67999267578125,10.5,10.45,10.55,27.0,0.4658866888427735,False,NVDA,9.7,0.08247422680412379,0.013333336781647246,4330017000000.0,8.24742268041238,6225.0
INTC260320C00038000,38.0,10878.0,空头卖 Call，看跌/看不涨,-1.39522359664807,CALL,10878.0,0.0,6526800.0,4.200445993300447e-05,5M-10M,2026-03-20,39.99409866333008,40.560001373291016,39.8650016784668,40.375,39.59999847412109,6.0,5.8,6.1,60.0,0.5747112841796875,True,INTC,6.4,-0.06250000000000006,-0.0139522359664807,155383500000.0,-6.250000000000005,10878.0
BP270115C00040000,40.0,27363.0,多头买 Call，看涨,1.3573454270865697,CALL,27363.0,0.0,6485031.000000001,6.905137252112652e-05,5M-10M,2027-01-15,36.59000015258789,36.09999847412109,36.38999938964844,36.720001220703125,36.45000076293945,2.37,2.37,2.46,4.0,0.2432936999511718,False,BP,2.23,0.06278026905829602,0.013573454270865697,93916033284.0,6.278026905829602,27363.0
SOFI260320C00030000,30.0,15186.0,空头卖 Call，看跌/看不涨,-1.9347202855837373,CALL,15186.0,0.0,6454050.0,0.0001926314487208718,5M-10M,2026-03-20,29.145000457763672,29.71999931335449,28.86000061035156,29.489999771118164,28.670000076293945,4.25,4.2,4.4,104.0,0.7319362744140624,False,SOFI,4.48,-0.0513392857142858,-0.019347202855837374,33504653798.0,-5.13392857142858,15186.0
IBM260116C00280000,280.0,2132.0,空头卖 Call，看跌/看不涨,-1.6624455857356772,CALL,2132.0,0.0,6451432.0,2.4359712500325787e-05,5M-10M,2026-01-16,303.45001220703125,308.5799865722656,306.5050048828125,306.8800048828125,303.3099975585937,30.26,30.6,31.7,15.0,0.420476986694336,True,IBM,32.48,-0.06834975369458114,-0.016624455857356772,264840235693.0,-6.834975369458114,2132.0
INTC251219C00037000,37.0,17217.0,空头卖 Call，看跌/看不涨,-1.39522359664807,CALL,17217.0,0.0,6439158.0,4.144042321095869e-05,5M-10M,2025-12-19,39.99409866333008,40.560001373291016,39.8650016784668,40.375,39.59999847412109,3.74,3.6,3.75,106.0,0.5136767382812499,True,INTC,4.43,-0.15575620767494347,-0.0139522359664807,155383500000.0,-15.575620767494346,17217.0
BABA260320C00180000,180.0,7475.0,多头买 Call，看涨,3.3312079673964408,CALL,7475.0,0.0,6428500.0,1.61931751905867e-05,5M-10M,2026-03-20,162.5399932861328,157.3000030517578,160.5,162.9759063720703,159.41000366210938,8.6,8.4,8.85,10.0,0.4315242395019532,False,BABA,7.25,0.1862068965517241,0.033312079673964407,396988232656.0,18.62068965517241,7475.0
NVDA251212P00185000,185.0,7243.0,空头卖 Put，看涨/看不跌,1.3333336781647247,PUT,7243.0,0.0,6410055.0,1.4803764049887102e-06,5M-10M,2025-12-12,179.36000061035156,177.0,174.6999969482422,180.00999450683594,173.67999267578125,8.85,9.0,9.05,183.0,0.4392145922851562,True,NVDA,10.25,-0.13658536585365857,0.013333336781647246,4330017000000.0,-13.658536585365857,7243.0
TSM260320C00280000,280.0,2062.0,空头卖 Call，看跌/看不涨,-1.068539184690438,CALL,2062.0,0.0,6402510.0,4.51582404154995e-06,5M-10M,2026-03-20,288.3951110839844,291.510009765625,286.9200134277344,289.989990234375,286.4599914550781,31.05,30.8,31.25,13.0,0.4325923440551757,True,TSM,32.73,-0.05132905591200722,-0.010685391846904379,1417794391697.0,-5.132905591200722,2062.0
AVGO260320P00340000,340.0,3029.0,多头买 Put，看跌,-3.022630765848394,PUT,3029.0,0.0,6391190.0,4.045638789383003e-06,5M-10M,2026-03-20,390.7799987792969,402.9599914550781,394.8500061035156,395.4200134277344,385.6400146484375,21.1,21.15,21.45,25.0,0.5265855447387696,False,AVGO,18.0,0.1722222222222223,-0.03022630765848394,1579772770810.0,17.222222222222232,3029.0
TSM260320C00320000,320.0,4512.0,空头卖 Call，看跌/看不涨,-1.068539184690438,CALL,4512.0,0.0,6384480.0,4.503107105931085e-06,5M-10M,2026-03-20,288.3951110839844,291.510009765625,286.9200134277344,289.989990234375,286.4599914550781,14.15,14.0,14.25,11.0,0.4093686993408203,False,TSM,15.0,-0.05666666666666664,-0.010685391846904379,1417794391697.0,-5.666666666666664,4512.0
TSM251219C00280000,280.0,4313.0,空头卖 Call，看跌/看不涨,-1.068539184690438,CALL,4313.0,0.0,6357362.0,4.483980214077928e-06,5M-10M,2025-12-19,288.3951110839844,291.510009765625,286.9200134277344,289.989990234375,286.4599914550781,14.74,14.35,15.2,5.0,0.4058897302246094,True,TSM,16.55,-0.10936555891238674,-0.010685391846904379,1417794391697.0,-10.936555891238674,4313.0
NVDA260116P00140000,140.0,61328.0,空头卖 Put，看涨/看不跌,1.3333336781647247,PUT,61328.0,0.0,6316784.0,1.4588358429077761e-06,5M-10M,2026-01-16,179.36000061035156,177.0,174.6999969482422,180.00999450683594,173.67999267578125,1.03,1.05,1.07,141.0,0.4982960327148438,False,NVDA,1.2,-0.1416666666666666,0.013333336781647246,4330017000000.0,-14.16666666666666,61328.0
GOOG251212C00300000,300.0,3307.0,空头卖 Call，看跌/看不涨,-1.055855596141431,CALL,3307.0,0.0,6283300.0,2.10186347677342e-06,5M-10M,2025-12-12,316.739990234375,320.1199951171875,317.2699890136719,319.6300048828125,314.4100036621094,19.0,19.0,19.35,9.0,0.3825745336914062,True,GOOG,22.28,-0.1472172351885099,-0.01055855596141431,2989394920000.0,-14.72172351885099,3307.0
HOOD260618C00090000,90.0,1418.0,空头卖 Call，看跌/看不涨,-6.708695134300246,CALL,1418.0,0.0,6281739.999999999,5.84526962152207e-05,5M-10M,2026-06-18,119.87000274658205,128.49000549316406,123.5999984741211,125.28990173339844,119.37999725341795,44.3,42.7,44.95,2.0,0.8673108972167969,True,HOOD,47.48,-0.06697556866048862,-0.06708695134300247,107467070071.0,-6.6975568660488625,1418.0
PDD260618P00125000,125.0,4376.0,空头卖 Put，看涨/看不跌,1.5765005187699133,PUT,4376.0,0.0,6257680.0,3.39096418317846e-05,5M-10M,2026-06-18,117.91000366210938,116.08000183105467,116.41000366210938,118.5,116.1500015258789,14.3,14.2,15.2,14.0,0.3160468786621093,True,PDD,15.6,-0.08333333333333327,0.015765005187699133,184539843595.0,-8.333333333333327,4376.0
EQX260116C00012500,12.5,29699.0,多头买 Call，看涨,1.5713227112245896,CALL,29699.0,0.0,6236790.0,0.0007601476089579928,5M-10M,2026-01-16,14.098099708557127,13.880000114440918,14.140000343322754,14.199999809265137,13.81999969482422,2.1,2.05,2.25,72.0,0.62305064453125,True,EQX,1.95,0.076923076923077,0.015713227112245896,8204709094.0,7.6923076923077,29699.0
MSTR260116C00130000,130.0,1473.0,空头卖 Call，看跌/看不涨,-11.857994906502665,CALL,1473.0,0.0,6230789.999999999,7.109943484622213e-05,5M-10M,2026-01-16,156.1699981689453,177.17999267578125,168.25,168.25,156.06100463867188,42.3,41.2,43.45,1.0,1.3433870721435544,True,MSTR,53.95,-0.21594068582020398,-0.11857994906502665,87634873800.0,-21.594068582020398,1473.0
MSFT251219C00465000,465.0,2374.0,空头卖 Call，看跌/看不涨,-1.0629887365136137,CALL,2374.0,0.0,6196140.0,1.6298051800236362e-06,5M-10M,2025-12-19,486.7799987792969,492.010009765625,487.9599914550781,488.7591857910156,484.6474914550781,26.1,25.9,26.55,5.0,0.3008492767333984,True,MSFT,30.33,-0.13946587537091978,-0.010629887365136138,3801767276203.0,-13.946587537091979,2374.0
META251219P00630000,630.0,5827.0,多头买 Put，看跌,-1.3072045032348774,PUT,5827.0,0.0,6188274.0,3.312062033991321e-06,5M-10M,2025-12-19,639.47998046875,647.9500122070312,639.5449829101562,645.2949829101562,637.760009765625,10.62,10.4,10.55,127.0,0.2588575091552735,False,META,9.8,0.08367346938775494,-0.013072045032348774,1868405222031.0,8.367346938775494,5827.0
GOOG260918C00320000,320.0,1347.0,空头卖 Call，看跌/看不涨,-1.055855596141431,CALL,1347.0,0.0,6155790.0,2.059209359999849e-06,5M-10M,2026-09-18,316.739990234375,320.1199951171875,317.2699890136719,319.6300048828125,314.4100036621094,45.7,46.1,46.35,7.0,0.425008801727295,False,GOOG,48.6,-0.059670781893004086,-0.01055855596141431,2989394920000.0,-5.967078189300409,1347.0
AG260116C00013000,13.0,19221.0,多头买 Call，看涨,2.1339512324878847,CALL,19221.0,0.0,6150720.0,0.0010370437456030414,5M-10M,2026-01-16,15.55500030517578,15.229999542236328,15.619999885559082,15.989999771118164,15.34000015258789,3.2,3.1,3.3,892.0,0.7949239257812499,True,AG,2.85,0.12280701754385967,0.021339512324878847,5931013061.0,12.280701754385968,19221.0
SOFI260618C00027000,27.0,8514.0,空头卖 Call，看跌/看不涨,-1.9347202855837373,CALL,8514.0,0.0,6130080.0,0.00018296204571933002,5M-10M,2026-06-18,29.145000457763672,29.71999931335449,28.86000061035156,29.489999771118164,28.670000076293945,7.2,7.2,7.55,6.0,0.762697685546875,True,SOFI,7.69,-0.06371911573472044,-0.019347202855837374,33504653798.0,-6.371911573472044,8514.0
WULF260116C00014000,14.0,21530.0,空头卖 Call，看跌/看不涨,-2.7401688231019636,CALL,21530.0,0.0,6114520.0,0.001440553608795622,5M-10M,2026-01-16,15.085000038146973,15.510000228881836,14.854999542236328,15.760000228881836,14.802000045776367,2.84,2.77,2.91,116.0,1.08984830078125,True,WULF,2.99,-0.05016722408026767,-0.027401688231019638,4244562620.0,-5.016722408026767,21530.0
NVDA260515C00185000,185.0,2962.0,多头买 Call，看涨,1.3333336781647247,CALL,2962.0,0.0,6101720.0,1.4091676776326745e-06,5M-10M,2026-05-15,179.36000061035156,177.0,174.6999969482422,180.00999450683594,173.67999267578125,20.6,20.35,20.5,127.0,0.4756522161865234,False,NVDA,19.3,0.0673575129533679,0.013333336781647246,4330017000000.0,6.735751295336791,2962.0
PDD260618P00130000,130.0,3280.0,空头卖 Put，看涨/看不跌,1.5765005187699133,PUT,3280.0,0.0,6084400.0,3.2970657617728973e-05,5M-10M,2026-06-18,117.91000366210938,116.08000183105467,116.41000366210938,118.5,116.1500015258789,18.55,17.45,18.5,2.0,0.3140327386474609,True,PDD,20.25,-0.08395061728395058,0.015765005187699133,184539843595.0,-8.395061728395058,3280.0
HOOD280121C00140000,140.0,1448.0,空头卖 Call，看跌/看不涨,-6.708695134300246,CALL,1448.0,0.0,6081600.0,5.6590358292843425e-05,5M-10M,2028-01-21,119.87000274658205,128.49000549316406,123.5999984741211,125.28990173339844,119.37999725341795,42.0,43.5,44.25,2.0,0.7382228326416016,False,HOOD,45.85,-0.08396946564885499,-0.06708695134300247,107467070071.0,-8.3969465648855,1448.0
HOOD260320C00120000,120.0,2909.0,空头卖 Call，看跌/看不涨,-6.708695134300246,CALL,2909.0,0.0,6036175.0,5.616767067355698e-05,5M-10M,2026-03-20,119.87000274658205,128.49000549316406,123.5999984741211,125.28990173339844,119.37999725341795,20.75,19.5,20.2,38.0,0.7632469964599609,False,HOOD,23.0,-0.09782608695652174,-0.06708695134300247,107467070071.0,-9.782608695652174,2909.0
HOOD260320C00150000,150.0,6627.0,空头卖 Call，看跌/看不涨,-6.708695134300246,CALL,6627.0,0.0,6030570.0,5.611551516214035e-05,5M-10M,2026-03-20,119.87000274658205,128.49000549316406,123.5999984741211,125.28990173339844,119.37999725341795,9.1,8.95,9.4,50.0,0.7134428070068359,False,HOOD,10.85,-0.16129032258064516,-0.06708695134300247,107467070071.0,-16.129032258064516,6627.0
BABA260618C00180000,180.0,4164.0,多头买 Call，看涨,3.3312079673964408,CALL,4164.0,0.0,5954520.0,1.499923551930502e-05,5M-10M,2026-06-18,162.5399932861328,157.3000030517578,160.5,162.9759063720703,159.41000366210938,14.3,13.45,14.3,7.0,0.4364985549926757,False,BABA,12.69,0.1268715524034674,0.033312079673964407,396988232656.0,12.68715524034674,4164.0
AVGO260515C00400000,400.0,1188.0,空头卖 Call，看跌/看不涨,-3.022630765848394,CALL,1188.0,0.0,5948316.0,3.765298471975883e-06,5M-10M,2026-05-15,390.7799987792969,402.9599914550781,394.8500061035156,395.4200134277344,385.6400146484375,50.07,49.2,49.65,3.0,0.5086108709716797,False,AVGO,57.63,-0.13118167621030716,-0.03022630765848394,1579772770810.0,-13.118167621030716,1188.0
WDC260116C00140000,140.0,2252.0,空头卖 Call，看跌/看不涨,-1.273496484256579,CALL,2252.0,0.0,5936272.0,0.0001600977940095078,5M-10M,2026-01-16,161.25,163.3300018310547,160.60000610351562,163.8000030517578,157.22999572753906,26.36,25.5,28.65,6.0,0.649417568359375,True,WDC,29.53,-0.10734845919404001,-0.01273496484256579,37079036827.0,-10.734845919404002,2252.0
CORZ260116C00020000,20.0,61119.0,空头卖 Call，看跌/看不涨,-3.6708049395475486,CALL,61119.0,0.0,5928543.0,0.0011520386018653286,5M-10M,2026-01-16,16.270000457763672,16.889999389648438,16.147499084472656,16.719999313354492,16.1200008392334,0.97,0.85,1.04,21.0,0.914063359375,False,CORZ,1.21,-0.19834710743801653,-0.036708049395475485,5146132248.0,-19.834710743801654,61119.0
WULF260116P00015000,15.0,28744.0,多头买 Put，看跌,-2.7401688231019636,PUT,28744.0,0.0,5892520.0,0.0013882514000936096,5M-10M,2026-01-16,15.085000038146973,15.510000228881836,14.854999542236328,15.760000228881836,14.802000045776367,2.05,1.99,2.1,33.0,0.975586181640625,False,WULF,1.95,0.05128205128205122,-0.027401688231019638,4244562620.0,5.1282051282051215,28744.0
MSFT260116C00455000,455.0,1522.0,空头卖 Call，看跌/看不涨,-1.0629887365136137,CALL,1522.0,0.0,5888617.999999999,1.548915957286379e-06,5M-10M,2026-01-16,486.7799987792969,492.010009765625,487.9599914550781,488.7591857910156,484.6474914550781,38.69,39.55,40.35,2.0,0.3082344567871093,True,MSFT,44.03,-0.12128094481035664,-0.010629887365136138,3801767276203.0,-12.128094481035664,1522.0
B260116C00034000,34.0,6556.0,多头买 Call，看涨,3.1567496380236175,CALL,6556.0,0.0,5880732.000000001,9.997391162272115e-05,5M-10M,2026-01-16,42.64500045776367,41.34000015258789,42.3650016784668,43.08000183105469,41.790000915527344,8.97,8.2,9.5,13.0,0.6709017285156251,True,B,8.0,0.12125000000000008,0.031567496380236176,58822665879.0,12.125000000000007,6556.0
NVDA260116C00176000,176.0,4628.0,多头买 Call，看涨,1.3333336781647247,CALL,4628.0,0.0,5863676.0,1.3541923738405646e-06,5M-10M,2026-01-16,179.36000061035156,177.0,174.6999969482422,180.00999450683594,173.67999267578125,12.67,12.5,12.6,196.0,0.4266414758300781,True,NVDA,11.45,0.10655021834061142,0.013333336781647246,4330017000000.0,10.655021834061142,4628.0
AVGO261218C00340000,340.0,551.0,空头卖 Call，看跌/看不涨,-3.022630765848394,CALL,551.0,0.0,5842253.0,3.6981603354288035e-06,5M-10M,2026-12-18,390.7799987792969,402.9599914550781,394.8500061035156,395.4200134277344,385.6400146484375,106.03,104.85,107.9,25.0,0.5317124465942383,True,AVGO,115.4,-0.08119584055459275,-0.03022630765848394,1579772770810.0,-8.119584055459276,551.0
COIN260116C00290000,290.0,4044.0,空头卖 Call，看跌/看不涨,-7.085258160001046,CALL,4044.0,0.0,5839536.0,7.270673710415228e-05,5M-10M,2026-01-16,253.4900054931641,272.82000732421875,260.4750061035156,265.8800048828125,253.2400054931641,14.44,13.75,14.6,27.0,0.7424342163085937,False,COIN,17.0,-0.1505882352941177,-0.07085258160001046,80316298497.0,-15.058823529411768,4044.0
GS251219C00800000,800.0,1787.0,空头卖 Call，看跌/看不涨,-1.5725619316145256,CALL,1787.0,0.0,5832768.0,2.4009414448219077e-05,5M-10M,2025-12-19,813.0499877929688,826.0399780273438,818.5900268554688,824.72998046875,811.97998046875,32.64,30.2,35.6,1.0,0.3916991983032226,True,GS,36.01,-0.093585115245765,-0.015725619316145256,242936703541.0,-9.3585115245765,1787.0
NIO260618C00004000,4.0,34671.0,空头卖 Call，看跌/看不涨,-5.723632465709339,CALL,34671.0,0.0,5824728.0,0.0003683791628941851,5M-10M,2026-06-18,5.185200214385986,5.5,5.329999923706055,5.425000190734863,5.139999866485596,1.68,1.64,1.71,1.0,0.726565234375,True,NIO,1.96,-0.14285714285714288,-0.05723632465709339,15811773810.0,-14.285714285714288,34671.0
PPTA251219C00020000,20.0,10103.0,空头卖 Call，看跌/看不涨,-1.8065274153951056,CALL,10103.0,0.0,5809225.0,0.002552183654085303,5M-10M,2025-12-19,25.274999618530277,25.739999771118164,25.790000915527344,26.100000381469727,25.190000534057617,5.75,5.5,6.3,55.0,1.169926025390625,True,PPTA,6.2,-0.07258064516129036,-0.018065274153951056,2276178280.0,-7.258064516129036,10103.0
HOOD270115C00130000,130.0,1713.0,空头卖 Call，看跌/看不涨,-6.708695134300246,CALL,1713.0,0.0,5793366.0,5.3908290196918104e-05,5M-10M,2027-01-15,119.87000274658205,128.49000549316406,123.5999984741211,125.28990173339844,119.37999725341795,33.82,32.8,34.35,2.0,0.7452723226928711,False,HOOD,35.95,-0.05924895688456196,-0.06708695134300247,107467070071.0,-5.924895688456195,1713.0
NVDA260515C00170000,170.0,2072.0,多头买 Call，看涨,1.3333336781647247,CALL,2072.0,0.0,5770520.0,1.3326783705468132e-06,5M-10M,2026-05-15,179.36000061035156,177.0,174.6999969482422,180.00999450683594,173.67999267578125,27.85,27.6,27.85,13.0,0.4889272299194337,True,NVDA,26.4,0.054924242424242535,0.013333336781647246,4330017000000.0,5.492424242424254,2072.0
SOUN260116P00012000,12.0,38201.0,多头买 Put，看跌,-3.941911817021796,PUT,38201.0,0.0,5768351.0,0.0008876407803519447,5M-10M,2026-01-16,11.574999809265137,12.050000190734863,11.70199966430664,11.85990047454834,11.4399995803833,1.51,1.48,1.59,47.0,0.778322529296875,True,SOUN,1.43,0.055944055944056,-0.03941911817021796,6498519590.0,5.5944055944056,38201.0
NVDA251219C00205000,205.0,79827.0,多头买 Call，看涨,1.3333336781647247,CALL,79827.0,0.0,5747543.999999999,1.3273721558137067e-06,5M-10M,2025-12-19,179.36000061035156,177.0,174.6999969482422,180.00999450683594,173.67999267578125,0.72,0.7,0.71,577.0,0.4245663012695312,False,NVDA,0.61,0.180327868852459,0.013333336781647246,4330017000000.0,18.032786885245898,79827.0
NVDA260515C00220000,220.0,6246.0,多头买 Call，看涨,1.3333336781647247,CALL,6246.0,0.0,5746320.0,1.327089477939694e-06,5M-10M,2026-05-15,179.36000061035156,177.0,174.6999969482422,180.00999450683594,173.67999267578125,9.2,9.1,9.2,66.0,0.4557854714965821,False,NVDA,8.47,0.08618654073199511,0.013333336781647246,4330017000000.0,8.618654073199512,6246.0
RKLB261218C00040000,40.0,3836.0,空头卖 Call，看跌/看不涨,-4.4375865186749985,CALL,3836.0,0.0,5742492.000000001,0.00025896249026047653,5M-10M,2026-12-18,40.27000045776367,42.13999938964844,41.09999847412109,41.19869995117188,40.26499938964844,14.97,14.55,15.2,70.0,0.9331061376953124,True,RKLB,15.9,-0.05849056603773583,-0.044375865186749984,22174995283.0,-5.849056603773583,3836.0
HOOD260618C00115000,115.0,2045.0,空头卖 Call，看跌/看不涨,-6.708695134300246,CALL,2045.0,0.0,5726000.0,5.328143771126372e-05,5M-10M,2026-06-18,119.87000274658205,128.49000549316406,123.5999984741211,125.28990173339844,119.37999725341795,28.0,28.25,29.75,8.0,0.7748435601806642,True,HOOD,32.02,-0.1255465334166147,-0.06708695134300247,107467070071.0,-12.55465334166147,2045.0
MSTR260116C00160000,160.0,2432.0,空头卖 Call，看跌/看不涨,-11.857994906502665,CALL,2432.0,0.0,5715200.0,6.521604644565598e-05,5M-10M,2026-01-16,156.1699981689453,177.17999267578125,168.25,168.25,156.06100463867188,23.5,22.2,23.1,23.0,1.08752897644043,False,MSTR,33.2,-0.29216867469879526,-0.11857994906502665,87634873800.0,-29.216867469879524,2432.0
NVDA260116C00220000,220.0,46429.0,多头买 Call，看涨,1.3333336781647247,CALL,46429.0,0.0,5710767.0,1.3188786556727144e-06,5M-10M,2026-01-16,179.36000061035156,177.0,174.6999969482422,180.00999450683594,173.67999267578125,1.23,1.2,1.22,667.0,0.4211483666992188,False,NVDA,1.05,0.17142857142857137,0.013333336781647246,4330017000000.0,17.14285714285714,46429.0
BMNR260618C00030000,30.0,5539.0,空头卖 Call，看跌/看不涨,-11.714973689299578,CALL,5539.0,0.0,5705170.0,0.026252394838444285,5M-10M,2026-06-18,29.239999771118164,33.119998931884766,30.51000022888184,30.899999618530277,29.06999969482422,10.3,10.3,10.75,118.0,1.2939488427734374,False,BMNR,12.0,-0.1416666666666666,-0.11714973689299578,217319983.0,-14.16666666666666,5539.0
BABA260220C00155000,155.0,3445.0,多头买 Call，看涨,3.3312079673964408,CALL,3445.0,0.0,5684250.0,1.431843448348642e-05,5M-10M,2026-02-20,162.5399932861328,157.3000030517578,160.5,162.9759063720703,159.41000366210938,16.5,15.7,16.3,1.0,0.4078428356933594,True,BABA,13.95,0.18279569892473124,0.033312079673964407,396988232656.0,18.279569892473123,3445.0
NVDA251219C00162000,162.0,2983.0,多头买 Call，看涨,1.3333336781647247,CALL,2983.0,0.0,5682615.0,1.3123770645704163e-06,5M-10M,2025-12-19,179.36000061035156,177.0,174.6999969482422,180.00999450683594,173.67999267578125,19.05,18.7,18.85,49.0,0.4526421923828125,True,NVDA,17.6,0.08238636363636359,0.013333336781647246,4330017000000.0,8.23863636363636,2983.0
MSFT260618C00600000,600.0,7052.0,空头卖 Call，看跌/看不涨,-1.0629887365136137,CALL,7052.0,0.0,5676860.000000001,1.4932160723077563e-06,5M-10M,2026-06-18,486.7799987792969,492.010009765625,487.9599914550781,488.7591857910156,484.6474914550781,8.05,8.15,8.3,58.0,0.2710033837890625,False,MSFT,8.8,-0.08522727272727272,-0.010629887365136138,3801767276203.0,-8.522727272727272,7052.0
COIN260116C00230000,230.0,1235.0,空头卖 Call，看跌/看不涨,-7.085258160001046,CALL,1235.0,0.0,5674825.0,7.0655957834162e-05,5M-10M,2026-01-16,253.4900054931641,272.82000732421875,260.4750061035156,265.8800048828125,253.2400054931641,45.95,44.05,45.55,5.0,0.9165047412109376,True,COIN,52.46,-0.1240945482272207,-0.07085258160001046,80316298497.0,-12.40945482272207,1235.0
MSFT260116C00460000,460.0,1548.0,空头卖 Call，看跌/看不涨,-1.0629887365136137,CALL,1548.0,0.0,5673420.0,1.4923112299673183e-06,5M-10M,2026-01-16,486.7799987792969,492.010009765625,487.9599914550781,488.7591857910156,484.6474914550781,36.65,35.45,36.8,3.0,0.306800144958496,True,MSFT,39.73,-0.07752328215454313,-0.010629887365136138,3801767276203.0,-7.7523282154543125,1548.0
HOOD260320P00100000,100.0,7756.0,多头买 Put，看跌,-6.708695134300246,PUT,7756.0,0.0,5661880.0,5.268478982686864e-05,5M-10M,2026-03-20,119.87000274658205,128.49000549316406,123.5999984741211,125.28990173339844,119.37999725341795,7.3,7.05,7.4,45.0,0.6335485864257813,False,HOOD,6.3,0.15873015873015872,-0.06708695134300247,107467070071.0,15.873015873015872,7756.0
COIN260618P00270000,270.0,1140.0,多头买 Put，看跌,-7.085258160001046,PUT,1140.0,0.0,5653260.000000001,7.038745691462815e-05,5M-10M,2026-06-18,253.4900054931641,272.82000732421875,260.4750061035156,265.8800048828125,253.2400054931641,49.59,48.95,50.05,1.0,0.531102101135254,True,COIN,46.35,0.06990291262135927,-0.07085258160001046,80316298497.0,6.990291262135926,1140.0
SOFI260320C00022000,22.0,6485.0,空头卖 Call，看跌/看不涨,-1.9347202855837373,CALL,6485.0,0.0,5641949.999999999,0.00016839302486202037,5M-10M,2026-03-20,29.145000457763672,29.71999931335449,28.86000061035156,29.489999771118164,28.670000076293945,8.7,8.4,9.6,3.0,0.8256853369140623,True,SOFI,9.35,-0.06951871657754015,-0.019347202855837374,33504653798.0,-6.9518716577540145,6485.0
BABA260116C00180000,180.0,17346.0,多头买 Call，看涨,3.3312079673964408,CALL,17346.0,0.0,5637450.0,1.4200546858236445e-05,5M-10M,2026-01-16,162.5399932861328,157.3000030517578,160.5,162.9759063720703,159.41000366210938,3.25,3.1,3.4,355.0,0.3995421374511719,False,BABA,2.6,0.24999999999999994,0.033312079673964407,396988232656.0,24.999999999999993,17346.0
CIFR260220C00015000,15.0,8605.0,空头卖 Call，看跌/看不涨,-3.3415247785202746,CALL,8605.0,0.0,5636275.0,0.0012494646249332625,5M-10M,2026-02-20,19.670000076293945,20.350000381469727,19.325000762939453,20.36000061035156,19.0,6.55,6.85,7.45,36.0,1.381839028320312,True,CIFR,7.7,-0.1493506493506494,-0.033415247785202745,4510952041.0,-14.93506493506494,8605.0
HOOD260220C00135000,135.0,5091.0,空头卖 Call，看跌/看不涨,-6.708695134300246,CALL,7503.0,2412.0,5625555.0,5.2346779309079315e-05,5M-10M,2026-02-20,119.87000274658205,128.49000549316406,123.5999984741211,125.28990173339844,119.37999725341795,11.05,10.9,11.3,64.0,0.73633076171875,False,HOOD,13.15,-0.15969581749049427,-0.06708695134300247,107467070071.0,-15.969581749049427,5091.0
MSTR280121C00180000,180.0,749.0,空头卖 Call，看跌/看不涨,-11.857994906502665,CALL,749.0,0.0,5617500.0,6.410119346802779e-05,5M-10M,2028-01-21,156.1699981689453,177.17999267578125,168.25,168.25,156.06100463867188,75.0,73.5,75.05,11.0,0.9441839077758788,False,MSTR,82.58,-0.09178977960765317,-0.11857994906502665,87634873800.0,-9.178977960765316,749.0
OKLO260116C00100000,100.0,6213.0,空头卖 Call，看跌/看不涨,-3.2425011223258666,CALL,6213.0,0.0,5616552.0,0.0003442517884914482,5M-10M,2026-01-16,88.41699981689453,91.37999725341795,88.54000091552734,90.5999984741211,85.5,9.04,8.8,9.55,70.0,1.0622605480957032,False,OKLO,10.3,-0.12233009708737878,-0.032425011223258665,16315244213.0,-12.233009708737878,6213.0
AVGO261218C00330000,330.0,504.0,空头卖 Call，看跌/看不涨,-3.022630765848394,CALL,504.0,0.0,5594400.0,3.5412687845806916e-06,5M-10M,2026-12-18,390.7799987792969,402.9599914550781,394.8500061035156,395.4200134277344,385.6400146484375,111.0,109.75,113.2,5.0,0.5321244297790526,True,AVGO,121.5,-0.08641975308641975,-0.03022630765848394,1579772770810.0,-8.641975308641975,504.0
GOOGL251205C00290000,290.0,2013.0,空头卖 Call，看跌/看不涨,-1.0962518984130059,CALL,2013.0,0.0,5576010.0,1.870105846862029e-06,5M-10M,2025-12-05,316.6700134277344,320.17999267578125,317.70001220703125,319.8500061035156,314.44000244140625,27.7,26.3,27.5,6.0,0.5542036767578126,True,GOOGL,29.77,-0.06953308700033592,-0.010962518984130058,2981654760000.0,-6.953308700033592,2013.0
AVGO260417C00360000,360.0,841.0,空头卖 Call，看跌/看不涨,-3.022630765848394,CALL,841.0,0.0,5574148.0,3.528449219403849e-06,5M-10M,2026-04-17,390.7799987792969,402.9599914550781,394.8500061035156,395.4200134277344,385.6400146484375,66.28,63.5,65.9,5.0,0.519963296508789,True,AVGO,73.98,-0.10408218437415521,-0.03022630765848394,1579772770810.0,-10.408218437415522,841.0
MSFT260320C00530000,530.0,4218.0,空头卖 Call，看跌/看不涨,-1.0629887365136137,CALL,4218.0,0.0,5567760.0,1.4645188922665403e-06,5M-10M,2026-03-20,486.7799987792969,492.010009765625,487.9599914550781,488.7591857910156,484.6474914550781,13.2,13.05,13.25,19.0,0.2702099346923828,False,MSFT,14.75,-0.10508474576271191,-0.010629887365136138,3801767276203.0,-10.508474576271192,4218.0
META251219P00640000,640.0,3823.0,多头买 Put，看跌,-1.3072045032348774,PUT,3823.0,0.0,5562465.0,2.977119167946593e-06,5M-10M,2025-12-19,639.47998046875,647.9500122070312,639.5449829101562,645.2949829101562,637.760009765625,14.55,14.35,14.55,221.0,0.2484511190795898,True,META,13.53,0.0753880266075389,-0.013072045032348774,1868405222031.0,7.53880266075389,3823.0
GS260116C00720000,720.0,518.0,空头卖 Call，看跌/看不涨,-1.5725619316145256,CALL,518.0,0.0,5542600.0,2.281499633119285e-05,5M-10M,2026-01-16,813.0499877929688,826.0399780273438,818.5900268554688,824.72998046875,811.97998046875,107.0,109.05,112.3,1.0,0.4895986099243165,True,GS,115.85,-0.07639188605955972,-0.015725619316145256,242936703541.0,-7.639188605955972,518.0
BABA260116P00160000,160.0,6928.0,空头卖 Put，看涨/看不跌,3.3312079673964408,PUT,6928.0,0.0,5542400.0,1.396111910652683e-05,5M-10M,2026-01-16,162.5399932861328,157.3000030517578,160.5,162.9759063720703,159.41000366210938,8.0,7.8,8.1,355.0,0.4016173120117187,False,BABA,9.7,-0.17525773195876282,0.033312079673964407,396988232656.0,-17.525773195876283,6928.0
META260102C00675000,675.0,4904.0,空头卖 Call，看跌/看不涨,-1.3072045032348774,CALL,5169.0,265.0,5517000.0,2.9527855814933404e-06,5M-10M,2026-01-02,639.47998046875,647.9500122070312,639.5449829101562,645.2949829101562,637.760009765625,11.25,11.0,11.25,42.0,0.3171455004882812,False,META,12.3,-0.08536585365853663,-0.013072045032348774,1868405222031.0,-8.536585365853663,4904.0
GOOG260220C00325000,325.0,2648.0,空头卖 Call，看跌/看不涨,-1.055855596141431,CALL,2648.0,0.0,5481360.0,1.8336018313699415e-06,5M-10M,2026-02-20,316.739990234375,320.1199951171875,317.2699890136719,319.6300048828125,314.4100036621094,20.7,20.65,20.8,53.0,0.4084531811523437,False,GOOG,22.6,-0.08407079646017708,-0.01055855596141431,2989394920000.0,-8.407079646017708,2648.0
NVDA251226C00185000,185.0,10526.0,多头买 Call，看涨,1.3333336781647247,CALL,10526.0,0.0,5473520.0,1.2640874158230787e-06,5M-10M,2025-12-26,179.36000061035156,177.0,174.6999969482422,180.00999450683594,173.67999267578125,5.2,5.1,5.15,2882.0,0.3945373046875,False,NVDA,4.5,0.15555555555555559,0.013333336781647246,4330017000000.0,15.555555555555559,10526.0
MSTR260116P00150000,150.0,4463.0,多头买 Put，看跌,-11.857994906502665,PUT,4463.0,0.0,5458249.000000001,6.228398311449387e-05,5M-10M,2026-01-16,156.1699981689453,177.17999267578125,168.25,168.25,156.06100463867188,12.23,12.1,12.5,136.0,0.6969024450683594,False,MSTR,8.75,0.39771428571428574,-0.11857994906502665,87634873800.0,39.77142857142857,4463.0
NIO260618C00004500,4.5,38097.0,空头卖 Call，看跌/看不涨,-5.723632465709339,CALL,38097.0,0.0,5447871.0,0.00034454521456375427,5M-10M,2026-06-18,5.185200214385986,5.5,5.329999923706055,5.425000190734863,5.139999866485596,1.43,1.36,1.43,3.0,0.719729365234375,True,NIO,1.61,-0.11180124223602493,-0.05723632465709339,15811773810.0,-11.180124223602492,38097.0
LULU260618P00200000,200.0,1450.0,多头买 Put，看跌,-1.379082086621675,PUT,1450.0,0.0,5437500.0,0.00027181489008053515,5M-10M,2026-06-18,181.63999938964844,184.17999267578125,181.19000244140625,184.6000061035156,180.25,37.5,34.75,38.5,1.0,0.507115524597168,True,LULU,35.0,0.07142857142857142,-0.013790820866216752,20004422857.0,7.142857142857142,1450.0
META251226P00630000,630.0,4347.0,多头买 Put，看跌,-1.3072045032348774,PUT,4347.0,0.0,5433750.0,2.9082288659487836e-06,5M-10M,2025-12-26,639.47998046875,647.9500122070312,639.5449829101562,645.2949829101562,637.760009765625,12.5,12.35,12.55,82.0,0.2518080191040038,False,META,11.6,0.07758620689655175,-0.013072045032348774,1868405222031.0,7.758620689655175,4347.0
NVDA260821C00200000,200.0,2564.0,多头买 Call，看涨,1.3333336781647247,CALL,2564.0,0.0,5422860.0,1.2523876927042087e-06,5M-10M,2026-08-21,179.36000061035156,177.0,174.6999969482422,180.00999450683594,173.67999267578125,21.15,21.0,21.2,10.0,0.4762015270996094,False,NVDA,20.1,0.052238805970149106,0.013333336781647246,4330017000000.0,5.223880597014911,2564.0
IONQ251219P00050000,50.0,10549.0,多头买 Put，看跌,-4.23184569680863,PUT,10549.0,0.0,5369441.0,0.00026885857567396663,5M-10M,2025-12-19,47.21369934082031,49.29999923706055,48.63999938964844,48.869998931884766,46.78499984741211,5.09,4.95,5.35,8.0,0.8120135986328124,True,IONQ,4.7,0.08297872340425524,-0.0423184569680863,19971246915.0,8.297872340425524,10549.0
META260116P00725000,725.0,601.0,多头买 Put，看跌,-1.3072045032348774,PUT,601.0,0.0,5360920.0,2.869249099064578e-06,5M-10M,2026-01-16,639.47998046875,647.9500122070312,639.5449829101562,645.2949829101562,637.760009765625,89.2,82.4,84.05,15.0,1.0000000000000004e-05,True,META,83.09,0.07353472138644843,-0.013072045032348774,1868405222031.0,7.353472138644842,601.0
AVGO280121C00340000,340.0,384.0,空头卖 Call，看跌/看不涨,-3.022630765848394,CALL,384.0,0.0,5358720.0,3.3920827722916206e-06,5M-10M,2028-01-21,390.7799987792969,402.9599914550781,394.8500061035156,395.4200134277344,385.6400146484375,139.55,136.5,141.5,4.0,0.5381821084594728,True,AVGO,147.55,-0.0542189088444595,-0.03022630765848394,1579772770810.0,-5.42189088444595,384.0
SHOP251219C00155000,155.0,8847.0,空头卖 Call，看跌/看不涨,-3.041475647255347,CALL,8847.0,0.0,5352435.0,2.9370835673597428e-05,5M-10M,2025-12-19,153.81500244140625,158.63999938964844,152.8000030517578,155.55999755859375,150.75999450683594,6.05,6.45,7.55,1005.0,0.5395553857421876,False,SHOP,9.22,-0.34381778741865515,-0.030414756472553466,182236387806.0,-34.38177874186552,8847.0
MSTR260515P00200000,200.0,949.0,多头买 Put，看跌,-11.857994906502665,PUT,949.0,0.0,5349513.0,6.104319853542141e-05,5M-10M,2026-05-15,156.1699981689453,177.17999267578125,168.25,168.25,156.06100463867188,56.37,55.7,56.7,2.0,0.6186561572265626,True,MSTR,46.42,0.2143472641102972,-0.11857994906502665,87634873800.0,21.434726411029718,949.0
CORZ260116C00017000,17.0,26585.0,空头卖 Call，看跌/看不涨,-3.6708049395475486,CALL,26585.0,0.0,5343584.999999999,0.0010383691561904065,5M-10M,2026-01-16,16.270000457763672,16.889999389648438,16.147499084472656,16.719999313354492,16.1200008392334,2.01,1.75,1.95,12.0,0.9267585449218748,False,CORZ,2.26,-0.11061946902654868,-0.036708049395475485,5146132248.0,-11.061946902654867,26585.0
CLSK260116C00015000,15.0,25769.0,空头卖 Call，看跌/看不涨,-6.0596022432945755,CALL,25769.0,0.0,5334182.999999999,0.0014642921665600581,5M-10M,2026-01-16,14.1850004196167,15.100000381469728,14.270000457763672,15.039999961853027,13.9399995803833,2.07,1.89,2.02,362.0,1.12891060546875,False,CLSK,2.25,-0.08000000000000007,-0.060596022432945755,3642840631.0,-8.000000000000007,25769.0
MSFT251219C00495000,495.0,8011.0,空头卖 Call，看跌/看不涨,-1.0629887365136137,CALL,8011.0,0.0,5327315.0,1.4012733060611314e-06,5M-10M,2025-12-19,486.7799987792969,492.010009765625,487.9599914550781,488.7591857910156,484.6474914550781,6.65,6.7,6.8,114.0,0.2346573117065429,False,MSFT,9.05,-0.2651933701657459,-0.010629887365136138,3801767276203.0,-26.51933701657459,8011.0
LULU251219C00170000,170.0,2733.0,空头卖 Call，看跌/看不涨,-1.379082086621675,CALL,2733.0,0.0,5321150.999999999,0.00026599872628357325,5M-10M,2025-12-19,181.63999938964844,184.17999267578125,181.19000244140625,184.6000061035156,180.25,19.47,18.95,21.3,1.0,0.8460708752441406,True,LULU,22.41,-0.13119143239625172,-0.013790820866216752,20004422857.0,-13.119143239625172,2733.0
HOOD260116P00125000,125.0,4545.0,多头买 Put，看跌,-6.708695134300246,PUT,4545.0,0.0,5317650.0,4.948166909628039e-05,5M-10M,2026-01-16,119.87000274658205,128.49000549316406,123.5999984741211,125.28990173339844,119.37999725341795,11.7,11.25,11.65,109.0,0.5063525927734375,True,HOOD,9.6,0.21874999999999997,-0.06708695134300247,107467070071.0,21.874999999999996,4545.0
SOFI251212C00029000,29.0,35361.0,空头卖 Call，看跌/看不涨,-1.9347202855837373,CALL,35361.0,0.0,5304150.0,0.00015831084338249816,5M-10M,2025-12-12,29.145000457763672,29.71999931335449,28.86000061035156,29.489999771118164,28.670000076293945,1.5,1.48,1.52,1360.0,0.6777375976562501,True,SOFI,1.79,-0.16201117318435757,-0.019347202855837374,33504653798.0,-16.201117318435756,35361.0
NVDA251219P00179000,179.0,7795.0,空头卖 Put，看涨/看不跌,1.3333336781647247,PUT,7795.0,0.0,5300600.0,1.2241522377394823e-06,5M-10M,2025-12-19,179.36000061035156,177.0,174.6999969482422,180.00999450683594,173.67999267578125,6.8,6.9,7.0,195.0,0.4398249377441406,False,NVDA,8.0,-0.15000000000000002,0.013333336781647246,4330017000000.0,-15.000000000000002,7795.0
PANW260116P00200000,200.0,3523.0,多头买 Put，看跌,-2.2510906586968744,PUT,3523.0,0.0,5284500.0,3.903881033966365e-05,5M-10M,2026-01-16,185.8500061035156,190.1300048828125,189.5399932861328,189.8699951171875,185.6201019287109,15.0,13.85,16.25,13.0,0.2521437091064453,True,PANW,13.22,0.13464447806354005,-0.022510906586968745,135365293000.0,13.464447806354004,3523.0
AVGO260618C00450000,450.0,1389.0,空头卖 Call，看跌/看不涨,-3.022630765848394,CALL,1389.0,0.0,5283756.0,3.3446303782605706e-06,5M-10M,2026-06-18,390.7799987792969,402.9599914550781,394.8500061035156,395.4200134277344,385.6400146484375,38.04,37.6,37.95,12.0,0.5108844078063965,False,AVGO,44.2,-0.13936651583710416,-0.03022630765848394,1579772770810.0,-13.936651583710416,1389.0
META260618C00670000,670.0,821.0,空头卖 Call，看跌/看不涨,-1.3072045032348774,CALL,821.0,0.0,5283135.0,2.827617337879793e-06,5M-10M,2026-06-18,639.47998046875,647.9500122070312,639.5449829101562,645.2949829101562,637.760009765625,64.35,65.9,66.35,1.0,0.4181653032684326,False,META,68.25,-0.057142857142857224,-0.013072045032348774,1868405222031.0,-5.714285714285722,821.0
META251219P00620000,620.0,7068.0,多头买 Put，看跌,-1.3072045032348774,PUT,7068.0,0.0,5279796.0,2.8258302523157897e-06,5M-10M,2025-12-19,639.47998046875,647.9500122070312,639.5449829101562,645.2949829101562,637.760009765625,7.47,7.4,7.55,60.0,0.2702404519653321,False,META,6.93,0.07792207792207793,-0.013072045032348774,1868405222031.0,7.792207792207793,7068.0
BABA260116P00180000,180.0,2405.0,空头卖 Put，看涨/看不跌,3.3312079673964408,PUT,2405.0,0.0,5266950.0,1.3267269825007485e-05,5M-10M,2026-01-16,162.5399932861328,157.3000030517578,160.5,162.9759063720703,159.41000366210938,21.9,21.1,22.65,1.0,0.4842580871582032,True,BABA,24.18,-0.09429280397022337,0.033312079673964407,396988232656.0,-9.429280397022337,2405.0
PDD251219P00120000,120.0,11289.0,空头卖 Put，看涨/看不跌,1.5765005187699133,PUT,11289.0,0.0,5249385.000000001,2.8445808220801103e-05,5M-10M,2025-12-19,117.91000366210938,116.08000183105467,116.41000366210938,118.5,116.1500015258789,4.65,3.6,3.8,7.0,0.2424392163085937,True,PDD,5.15,-0.0970873786407767,0.015765005187699133,184539843595.0,-9.70873786407767,11289.0
HIMS251219P00045000,45.0,7888.0,多头买 Put，看跌,-3.9230363686689973,PUT,7888.0,0.0,5245520.0,0.0003974016213574319,5M-10M,2025-12-19,38.20019912719727,39.7599983215332,38.75,39.24990081787109,37.900001525878906,6.65,6.4,7.2,5.0,0.639652041015625,True,HIMS,6.2,0.07258064516129036,-0.03923036368668997,13199543530.0,7.258064516129036,7888.0
MSTR260320C00200000,200.0,2857.0,空头卖 Call，看跌/看不涨,-11.857994906502665,CALL,2857.0,0.0,5214025.0,5.949714735596504e-05,5M-10M,2026-03-20,156.1699981689453,177.17999267578125,168.25,168.25,156.06100463867188,18.25,17.8,18.5,84.0,0.9338385522460936,False,MSTR,23.1,-0.20995670995671,-0.11857994906502665,87634873800.0,-20.995670995671002,2857.0
MSFT251219C00505000,505.0,14893.0,空头卖 Call，看跌/看不涨,-1.0629887365136137,CALL,14893.0,0.0,5212550.0,1.3710860295493978e-06,5M-10M,2025-12-19,486.7799987792969,492.010009765625,487.9599914550781,488.7591857910156,484.6474914550781,3.5,3.45,3.55,163.0,0.2268143725585937,False,MSFT,5.05,-0.3069306930693069,-0.010629887365136138,3801767276203.0,-30.693069306930692,14893.0
PDD260320C00125000,125.0,8967.0,多头买 Call，看涨,1.5765005187699133,CALL,8967.0,0.0,5200860.0,2.8182856876231332e-05,5M-10M,2026-03-20,117.91000366210938,116.08000183105467,116.41000366210938,118.5,116.1500015258789,5.8,5.65,6.25,2.0,0.3529117443847656,False,PDD,5.25,0.10476190476190472,0.015765005187699133,184539843595.0,10.476190476190473,8967.0
META251205C00620000,620.0,1966.0,空头卖 Call，看跌/看不涨,-1.3072045032348774,CALL,1966.0,0.0,5198104.0,2.782107402991274e-06,5M-10M,2025-12-05,639.47998046875,647.9500122070312,639.5449829101562,645.2949829101562,637.760009765625,26.44,26.25,26.7,122.0,0.500005,True,META,30.0,-0.11866666666666663,-0.013072045032348774,1868405222031.0,-11.866666666666664,1966.0
BBWI251219P00020000,20.0,27987.0,空头卖 Put，看涨/看不跌,7.553133518568549,PUT,27987.0,0.0,5177595.0,0.0009419013907840917,5M-10M,2025-12-19,18.725000381469727,17.40999984741211,17.3799991607666,18.7549991607666,17.30389976501465,1.85,1.75,2.05,26506.0,0.6455113574218749,True,BBWI,2.81,-0.34163701067615654,0.07553133518568549,5496960776.0,-34.163701067615655,27987.0
HOOD251219C00120000,120.0,5390.0,空头卖 Call，看跌/看不涨,-6.708695134300246,CALL,5390.0,0.0,5174400.0,4.814870263589993e-05,5M-10M,2025-12-19,119.87000274658205,128.49000549316406,123.5999984741211,125.28990173339844,119.37999725341795,9.6,8.7,9.65,88.0,0.8476577734374999,False,HOOD,12.61,-0.23869944488501188,-0.06708695134300247,107467070071.0,-23.869944488501186,5390.0
MP251219P00065000,65.0,6716.0,多头买 Put，看跌,-5.447941821526235,PUT,6716.0,0.0,5171320.0,0.00042547396164262046,5M-10M,2025-12-19,58.57500076293945,61.95000076293945,60.43999862670898,60.5,58.11000061035156,7.7,7.1,8.6,7.0,0.6779817358398439,True,MP,6.08,0.26644736842105265,-0.05447941821526235,12154257290.0,26.644736842105267,6716.0
MSTR260102P00155000,155.0,5108.0,多头买 Put，看跌,-11.857994906502665,PUT,5108.0,0.0,5169296.0,5.898674552550106e-05,5M-10M,2026-01-02,156.1699981689453,177.17999267578125,168.25,168.25,156.06100463867188,10.12,10.6,11.15,3.0,0.6180458117675782,False,MSTR,7.2,0.4055555555555554,-0.11857994906502665,87634873800.0,40.555555555555536,5108.0
COIN270115P00270000,270.0,748.0,多头买 Put，看跌,-7.085258160001046,PUT,748.0,0.0,5168680.0,6.435406133903273e-05,5M-10M,2027-01-15,253.4900054931641,272.82000732421875,260.4750061035156,265.8800048828125,253.2400054931641,69.1,65.5,69.15,2.0,0.5371140039062501,True,COIN,64.54,0.07065385807251298,-0.07085258160001046,80316298497.0,7.065385807251298,748.0
BTG260116C00004000,4.0,68601.0,空头卖 Call，看跌/看不涨,-1.3181761040173843,CALL,68601.0,0.0,5145075.0,0.0007904443477275927,5M-10M,2026-01-16,4.559100151062012,4.619999885559082,4.659999847412109,4.679999828338623,4.514999866485596,0.75,0.75,0.8,24.0,0.7226590234375,True,BTG,0.82,-0.08536585365853654,-0.013181761040173842,6509092025.0,-8.536585365853654,68601.0
GOOG260220C00315000,315.0,1999.0,空头卖 Call，看跌/看不涨,-1.055855596141431,CALL,1999.0,0.0,5137430.0,1.7185517930832639e-06,5M-10M,2026-02-20,316.739990234375,320.1199951171875,317.2699890136719,319.6300048828125,314.4100036621094,25.7,25.25,25.45,114.0,0.4126340475463866,True,GOOG,27.55,-0.06715063520871148,-0.01055855596141431,2989394920000.0,-6.715063520871148,1999.0
AVGO260918C00450000,450.0,1025.0,空头卖 Call，看跌/看不涨,-3.022630765848394,CALL,1025.0,0.0,5125000.0,3.2441374447619128e-06,5M-10M,2026-09-18,390.7799987792969,402.9599914550781,394.8500061035156,395.4200134277344,385.6400146484375,50.0,49.25,49.9,12.0,0.5082446636962892,False,AVGO,55.4,-0.09747292418772562,-0.03022630765848394,1579772770810.0,-9.747292418772561,1025.0
GOOGL260220C00275000,275.0,1018.0,空头卖 Call，看跌/看不涨,-1.0962518984130059,CALL,1018.0,0.0,5121558.0,1.7176898106070469e-06,5M-10M,2026-02-20,316.6700134277344,320.17999267578125,317.70001220703125,319.8500061035156,314.44000244140625,50.31,51.5,52.2,3.0,0.4702506588745118,True,GOOGL,54.38,-0.07484369253401986,-0.010962518984130058,2981654760000.0,-7.484369253401986,1018.0
SHOP260320C00120000,120.0,1303.0,空头卖 Call，看跌/看不涨,-3.041475647255347,CALL,1303.0,0.0,5115578.0,2.807111171148649e-05,5M-10M,2026-03-20,153.81500244140625,158.63999938964844,152.8000030517578,155.55999755859375,150.75999450683594,39.26,39.3,42.25,1.0,0.6518589501953126,True,SHOP,42.49,-0.07601788656154398,-0.030414756472553466,182236387806.0,-7.601788656154398,1303.0
AVGO251205C00345000,345.0,1011.0,空头卖 Call，看跌/看不涨,-3.022630765848394,CALL,1011.0,0.0,5103528.0,3.2305456166226096e-06,5M-10M,2025-12-05,390.7799987792969,402.9599914550781,394.8500061035156,395.4200134277344,385.6400146484375,50.48,41.85,44.75,1.0,1.0000000000000004e-05,True,AVGO,55.46,-0.08979444644789045,-0.03022630765848394,1579772770810.0,-8.979444644789044,1011.0
CNQ260116C00032500,32.5,22677.0,多头买 Call，看涨,1.5694366956250043,CALL,22677.0,0.0,5102325.0,7.47256046163515e-05,5M-10M,2026-01-16,34.29999923706055,33.77000045776367,33.95000076293945,34.36000061035156,33.85499954223633,2.25,1.95,2.3,7.0,0.249030947265625,True,CNQ,1.65,0.3636363636363637,0.015694366956250042,68280812530.0,36.36363636363637,22677.0
TSM260320C00230000,230.0,795.0,空头卖 Call，看跌/看不涨,-1.068539184690438,CALL,795.0,0.0,5101515.0,3.5982050922728267e-06,5M-10M,2026-03-20,288.3951110839844,291.510009765625,286.9200134277344,289.989990234375,286.4599914550781,64.17,65.0,67.9,1.0,0.5352829675292969,True,TSM,69.2,-0.07268786127167631,-0.010685391846904379,1417794391697.0,-7.2687861271676315,795.0
BABA251219C00150000,150.0,4079.0,多头买 Call，看涨,3.3312079673964408,CALL,4079.0,0.0,5098750.0,1.2843579684685997e-05,5M-10M,2025-12-19,162.5399932861328,157.3000030517578,160.5,162.9759063720703,159.41000366210938,12.5,11.55,13.7,13.0,0.3762269409179687,True,BABA,10.5,0.19047619047619047,0.033312079673964407,396988232656.0,19.047619047619047,4079.0
HOOD260320C00090000,90.0,1272.0,空头卖 Call，看跌/看不涨,-6.708695134300246,CALL,1272.0,0.0,5094360.0,4.740391634976483e-05,5M-10M,2026-03-20,119.87000274658205,128.49000549316406,123.5999984741211,125.28990173339844,119.37999725341795,40.05,38.75,40.2,2.0,0.942261319580078,True,HOOD,43.05,-0.0696864111498258,-0.06708695134300247,107467070071.0,-6.96864111498258,1272.0
AG270115C00012000,12.0,7946.0,多头买 Call，看涨,2.1339512324878847,CALL,7946.0,0.0,5085440.0,0.0008574319340889409,5M-10M,2027-01-15,15.55500030517578,15.229999542236328,15.619999885559082,15.989999771118164,15.34000015258789,6.4,6.3,6.8,26.0,0.8090839404296875,True,AG,6.06,0.05610561056105623,0.021339512324878847,5931013061.0,5.610561056105623,7946.0
AVGO260116C00440000,440.0,4680.0,空头卖 Call，看跌/看不涨,-3.022630765848394,CALL,4680.0,0.0,5077800.0,3.214259730148691e-06,5M-10M,2026-01-16,390.7799987792969,402.9599914550781,394.8500061035156,395.4200134277344,385.6400146484375,10.85,10.45,10.65,26.0,0.4850515362548828,False,AVGO,14.27,-0.2396636299929923,-0.03022630765848394,1579772770810.0,-23.96636299929923,4680.0
IREN260116C00045000,45.0,5971.0,空头卖 Call，看跌/看不涨,-3.482959729452518,CALL,5971.0,0.0,5075350.0,0.000445788657903862,5M-10M,2026-01-16,46.144798278808594,47.810001373291016,45.08000183105469,47.66999816894531,44.2599983215332,8.5,8.5,8.75,10.0,1.2426795678710936,True,IREN,9.1,-0.0659340659340659,-0.03482959729452518,11385103479.0,-6.5934065934065895,5971.0
GOOGL260220C00325000,325.0,2400.0,空头卖 Call，看跌/看不涨,-1.0962518984130059,CALL,2400.0,0.0,5040000.0,1.6903365431885212e-06,5M-10M,2026-02-20,316.6700134277344,320.17999267578125,317.70001220703125,319.8500061035156,314.44000244140625,21.0,20.6,20.75,1178.0,0.4070799038696289,False,GOOGL,22.74,-0.0765171503957783,-0.010962518984130058,2981654760000.0,-7.65171503957783,2400.0
GOOG260618C00290000,290.0,959.0,空头卖 Call，看跌/看不涨,-1.055855596141431,CALL,959.0,0.0,5034750.0,1.6842037050093067e-06,5M-10M,2026-06-18,316.739990234375,320.1199951171875,317.2699890136719,319.6300048828125,314.4100036621094,52.5,54.0,54.7,4.0,0.4483087396240234,True,GOOG,55.64,-0.05643421998562186,-0.01055855596141431,2989394920000.0,-5.643421998562186,959.0
SOUN260116C00012000,12.0,38098.0,空头卖 Call，看跌/看不涨,-3.941911817021796,CALL,38098.0,0.0,5028936.0,0.0007738587120270572,5M-10M,2026-01-16,11.574999809265137,12.050000190734863,11.70199966430664,11.85990047454834,11.4399995803833,1.32,1.3,1.34,118.0,0.90820404296875,False,SOUN,1.55,-0.14838709677419354,-0.03941911817021796,6498519590.0,-14.838709677419354,38098.0
COIN260320P00260000,260.0,1550.0,多头买 Put，看跌,-7.085258160001046,PUT,1550.0,0.0,5006499.999999999,6.233479497548064e-05,5M-10M,2026-03-20,253.4900054931641,272.82000732421875,260.4750061035156,265.8800048828125,253.2400054931641,32.3,32.25,32.95,10.0,0.5232591619873046,True,COIN,29.45,0.09677419354838702,-0.07085258160001046,80316298497.0,9.677419354838703,1550.0
AVGO260116P00400000,400.0,1451.0,多头买 Put，看跌,-3.022630765848394,PUT,1451.0,0.0,5005950.0,3.168778505679199e-06,5M-10M,2026-01-16,390.7799987792969,402.9599914550781,394.8500061035156,395.4200134277344,385.6400146484375,34.5,33.6,34.05,455.0,0.5139208764648437,True,AVGO,26.5,0.3018867924528302,-0.03022630765848394,1579772770810.0,30.18867924528302,1451.0
