contractSymbol,strike,oi_change,signal_type,stock_price_change_pct,option_type,openInterest_new,openInterest_old,amount_threshold,amount_to_market_cap,amount_tier,expiry_date,股票价格(new),股票价格(old),股票价格(new open),股票价格(new high),股票价格(new low),lastPrice_new,bid,ask,volume,impliedVolatility,inTheMoney,symbol,lastPrice_old,option_price_change,stock_price_change,market_cap,option_price_change_pct,oi_change_abs
NVDA260116C00130000,130.0,31371.0,多头买 Call，看涨,1.274126128288312,CALL,31371.0,0.0,151521929.99999997,3.499337993361226e-05,>50M,2026-01-16,179.2552032470703,177.0,174.6999969482422,180.00999450683594,173.67999267578125,48.3,49.95,50.65,26.0,0.6066933862304689,True,NVDA,48.3,0.0,0.012741261282883122,4330017000000.0,0.0,31371.0
NVDA261218C00164000,164.0,31498.0,多头买 Call，看涨,1.274126128288312,CALL,31498.0,0.0,139977112.0,3.23271506786232e-05,>50M,2026-12-18,179.2552032470703,177.0,174.6999969482422,180.00999450683594,173.67999267578125,44.44,43.8,44.05,11.0,0.5160570855712892,True,NVDA,42.5,0.04564705882352936,0.012741261282883122,4330017000000.0,4.564705882352936,31498.0
AVGO251219C00330000,330.0,18924.0,空头卖 Call，看跌/看不涨,-2.8042455907755968,CALL,18924.0,0.0,126790800.0,8.02588842792817e-05,>50M,2025-12-19,391.6600036621094,402.9599914550781,394.8500061035156,395.4200134277344,385.6400146484375,67.0,65.95,67.55,14.0,0.7622094091796876,True,AVGO,76.04,-0.11888479747501322,-0.02804245590775597,1579772770810.0,-11.888479747501322,18924.0
NVDA270115C00135000,135.0,18406.0,多头买 Call，看涨,1.274126128288312,CALL,18406.0,0.0,115589680.0,2.6694971405424045e-05,>50M,2027-01-15,179.2552032470703,177.0,174.6999969482422,180.00999450683594,173.67999267578125,62.8,62.25,62.7,41.0,0.5540510903930665,True,NVDA,60.65,0.0354492992580379,0.012741261282883122,4330017000000.0,3.54492992580379,18406.0
NVDA260320C00130000,130.0,21103.0,多头买 Call，看涨,1.274126128288312,CALL,21103.0,0.0,113280904.0,2.6161768879891232e-05,>50M,2026-03-20,179.2552032470703,177.0,174.6999969482422,180.00999450683594,173.67999267578125,53.68,53.05,53.5,24.0,0.5825237060546875,True,NVDA,51.65,0.03930300096805423,0.012741261282883122,4330017000000.0,3.930300096805423,21103.0
SHOP260220C00140000,140.0,40242.0,空头卖 Call，看跌/看不涨,-2.7411091150585225,CALL,40242.0,0.0,96580800.0,0.0005299753861606126,>50M,2026-02-20,154.29150390625,158.63999938964844,152.8000030517578,155.55999755859375,150.75999450683594,24.0,22.95,24.4,2.0,0.5587812677001953,True,SHOP,27.0,-0.1111111111111111,-0.027411091150585223,182236387806.0,-11.11111111111111,40242.0
NVDA251219C00150000,150.0,32444.0,多头买 Call，看涨,1.274126128288312,CALL,32444.0,0.0,96358680.0,2.225364935056837e-05,>50M,2025-12-19,179.2552032470703,177.0,174.6999969482422,180.00999450683594,173.67999267578125,29.7,29.65,30.05,78.0,0.5217332983398437,True,NVDA,27.8,0.06834532374100714,0.012741261282883122,4330017000000.0,6.834532374100714,32444.0
NVDA270115C00130000,130.0,13299.0,多头买 Call，看涨,1.274126128288312,CALL,13299.0,0.0,87507420.0,2.0209486475457254e-05,>50M,2027-01-15,179.2552032470703,177.0,174.6999969482422,180.00999450683594,173.67999267578125,65.8,65.6,66.2,14.0,0.563206272277832,True,NVDA,63.88,0.030056355666875305,0.012741261282883122,4330017000000.0,3.0056355666875305,13299.0
NVDA260116C00135000,135.0,18509.0,多头买 Call，看涨,1.274126128288312,CALL,18509.0,0.0,84049369.0,1.9410863513930776e-05,>50M,2026-01-16,179.2552032470703,177.0,174.6999969482422,180.00999450683594,173.67999267578125,45.41,45.2,45.65,5.0,0.5642133422851563,True,NVDA,44.0,0.03204545454545447,0.012741261282883122,4330017000000.0,3.2045454545454466,18509.0
NVDA270115P00180000,180.0,24930.0,空头卖 Put，看涨/看不跌,1.274126128288312,PUT,24930.0,0.0,77283000.0,1.7848197824627477e-05,>50M,2027-01-15,179.2552032470703,177.0,174.6999969482422,180.00999450683594,173.67999267578125,31.0,30.65,30.9,47.0,0.4047911083984374,True,NVDA,31.45,-0.014308426073131934,0.012741261282883122,4330017000000.0,-1.4308426073131935,24930.0
NVDA260116C00180000,180.0,73403.0,多头买 Call，看涨,1.274126128288312,CALL,73403.0,0.0,76412523.0,1.7647164664711478e-05,>50M,2026-01-16,179.2552032470703,177.0,174.6999969482422,180.00999450683594,173.67999267578125,10.41,10.35,10.45,4324.0,0.4206600903320313,False,NVDA,9.45,0.10158730158730168,0.012741261282883122,4330017000000.0,10.158730158730169,73403.0
NVDA280121C00200000,200.0,15925.0,多头买 Call，看涨,1.274126128288312,CALL,15925.0,0.0,73812375.0,1.7046670948405053e-05,>50M,2028-01-21,179.2552032470703,177.0,174.6999969482422,180.00999450683594,173.67999267578125,46.35,46.2,46.5,452.0,0.519261399230957,False,NVDA,44.75,0.03575418994413411,0.012741261282883122,4330017000000.0,3.575418994413411,15925.0
NVDA260116C00145000,145.0,20542.0,多头买 Call，看涨,1.274126128288312,CALL,20542.0,0.0,72184588.0,1.667074009178255e-05,>50M,2026-01-16,179.2552032470703,177.0,174.6999969482422,180.00999450683594,173.67999267578125,35.14,36.0,36.25,15.0,0.514653291015625,True,NVDA,34.75,0.01122302158273383,0.012741261282883122,4330017000000.0,1.122302158273383,20542.0
NVDA260618C00180000,180.0,28391.0,多头买 Call，看涨,1.274126128288312,CALL,28391.0,0.0,71971185.00000001,1.662145552777276e-05,>50M,2026-06-18,179.2552032470703,177.0,174.6999969482422,180.00999450683594,173.67999267578125,25.35,25.35,25.5,133.0,0.4899953344726563,False,NVDA,24.2,0.047520661157024885,0.012741261282883122,4330017000000.0,4.752066115702489,28391.0
AVGO260116C00300000,300.0,7383.0,空头卖 Call，看跌/看不涨,-2.8042455907755968,CALL,7383.0,0.0,71615100.0,4.533253219909636e-05,>50M,2026-01-16,391.6600036621094,402.9599914550781,394.8500061035156,395.4200134277344,385.6400146484375,97.0,95.3,97.95,92.0,0.6582675775146485,True,AVGO,104.01,-0.06739736563791948,-0.02804245590775597,1579772770810.0,-6.739736563791948,7383.0
NVDA261218C00140000,140.0,12239.0,多头买 Call，看涨,1.274126128288312,CALL,12239.0,0.0,71157546.0,1.643354887521227e-05,>50M,2026-12-18,179.2552032470703,177.0,174.6999969482422,180.00999450683594,173.67999267578125,58.14,57.8,58.25,10.0,0.5448959085083008,True,NVDA,56.17,0.035072102545842955,0.012741261282883122,4330017000000.0,3.5072102545842956,12239.0
NVDA261218C00160000,160.0,14335.0,多头买 Call，看涨,1.274126128288312,CALL,14335.0,0.0,66184695.00000001,1.5285088949997196e-05,>50M,2026-12-18,179.2552032470703,177.0,174.6999969482422,180.00999450683594,173.67999267578125,46.17,46.1,46.3,12.0,0.5220079537963866,True,NVDA,44.57,0.035898586493156866,0.012741261282883122,4330017000000.0,3.5898586493156865,14335.0
INTC260116C00035000,35.0,104951.0,空头卖 Call，看跌/看不涨,-1.4647458876558526,CALL,104951.0,0.0,65594375.0,0.00042214504757583657,>50M,2026-01-16,39.96590042114258,40.560001373291016,39.8650016784668,40.375,39.59999847412109,6.25,6.2,6.5,593.0,0.6157264990234376,True,INTC,6.8,-0.08088235294117645,-0.014647458876558526,155383500000.0,-8.088235294117645,104951.0
INTC260116C00030000,30.0,60005.0,空头卖 Call，看跌/看不涨,-1.4647458876558526,CALL,60005.0,0.0,63905325.0,0.0004112748457847841,>50M,2026-01-16,39.96590042114258,40.560001373291016,39.8650016784668,40.375,39.59999847412109,10.65,10.35,11.0,201.0,0.7622094091796876,True,INTC,11.0,-0.03181818181818179,-0.014647458876558526,155383500000.0,-3.1818181818181785,60005.0
AVGO260116C00290000,290.0,5652.0,空头卖 Call，看跌/看不涨,-2.8042455907755968,CALL,5652.0,0.0,63811080.00000001,4.0392568589014246e-05,>50M,2026-01-16,391.6600036621094,402.9599914550781,394.8500061035156,395.4200134277344,385.6400146484375,112.9,104.4,107.5,6.0,0.6911651977539064,True,AVGO,112.9,0.0,-0.02804245590775597,1579772770810.0,0.0,5652.0
NVDA251219C00140000,140.0,15927.0,多头买 Call，看涨,1.274126128288312,CALL,15927.0,0.0,63628365.0,1.4694714824445262e-05,>50M,2025-12-19,179.2552032470703,177.0,174.6999969482422,180.00999450683594,173.67999267578125,39.95,39.4,39.85,14.0,0.6152382226562501,True,NVDA,37.4,0.0681818181818183,0.012741261282883122,4330017000000.0,6.81818181818183,15927.0
B270115C00030000,30.0,42224.0,多头买 Call，看涨,2.5036280686789456,CALL,42224.0,0.0,63462672.0,0.001078881262038423,>50M,2027-01-15,42.375,41.34000015258789,42.3650016784668,43.08000183105469,41.790000915527344,15.03,14.85,15.55,19.0,0.5247850256347657,True,B,14.2,0.05845070422535212,0.025036280686789456,58822665879.0,5.845070422535212,42224.0
NVDA260320C00190000,190.0,45354.0,多头买 Call，看涨,1.274126128288312,CALL,45354.0,0.0,62361750.0,1.440219518768633e-05,>50M,2026-03-20,179.2552032470703,177.0,174.6999969482422,180.00999450683594,173.67999267578125,13.75,13.8,13.85,798.0,0.464421859741211,False,NVDA,12.9,0.06589147286821702,0.012741261282883122,4330017000000.0,6.589147286821702,45354.0
INTC270115C00040000,40.0,62544.0,空头卖 Call，看跌/看不涨,-1.4647458876558526,CALL,62544.0,0.0,62231279.99999999,0.0004005012115185975,>50M,2027-01-15,39.96590042114258,40.560001373291016,39.8650016784668,40.375,39.59999847412109,9.95,9.8,10.1,993.0,0.598758895263672,False,INTC,10.12,-0.01679841897233201,-0.014647458876558526,155383500000.0,-1.679841897233201,62544.0
HOOD270115C00100000,100.0,13121.0,空头卖 Call，看跌/看不涨,-5.198854112373502,CALL,13121.0,0.0,58926411.0,0.0005483206247371333,>50M,2027-01-15,121.80999755859376,128.49000549316406,123.5999984741211,125.28990173339844,118.86000061035156,44.91,44.15,45.1,74.0,0.7122831506347658,True,HOOD,49.8,-0.09819277108433737,-0.05198854112373502,107467070071.0,-9.819277108433736,13121.0
NVDA261218C00200000,200.0,20841.0,多头买 Call，看涨,1.274126128288312,CALL,20841.0,0.0,58834143.00000001,1.358750854788792e-05,>50M,2026-12-18,179.2552032470703,177.0,174.6999969482422,180.00999450683594,173.67999267578125,28.23,28.1,28.3,677.0,0.4927724063110352,False,NVDA,27.0,0.04555555555555557,0.012741261282883122,4330017000000.0,4.555555555555557,20841.0
NVDA260116C00170000,170.0,35647.0,多头买 Call，看涨,1.274126128288312,CALL,35647.0,0.0,57569904.99999999,1.329553786971275e-05,>50M,2026-01-16,179.2552032470703,177.0,174.6999969482422,180.00999450683594,173.67999267578125,16.15,16.15,16.25,542.0,0.440313214111328,True,NVDA,14.95,0.08026755852842805,0.012741261282883122,4330017000000.0,8.026755852842806,35647.0
NVDA270617C00135000,135.0,8026.0,多头买 Call，看涨,1.274126128288312,CALL,8026.0,0.0,53300665.99999999,1.2309574304211738e-05,>50M,2027-06-17,179.2552032470703,177.0,174.6999969482422,180.00999450683594,173.67999267578125,66.41,67.8,68.35,5.0,0.5572859213256837,True,NVDA,66.41,0.0,0.012741261282883122,4330017000000.0,0.0,8026.0
AVGO251219C00350000,350.0,10564.0,空头卖 Call，看跌/看不涨,-2.8042455907755968,CALL,10564.0,0.0,52555900.0,3.326801231866588e-05,>50M,2025-12-19,391.6600036621094,402.9599914550781,394.8500061035156,395.4200134277344,385.6400146484375,49.75,49.35,49.75,57.0,0.6904327832031252,True,AVGO,56.0,-0.11160714285714286,-0.02804245590775597,1579772770810.0,-11.160714285714286,10564.0
NVDA270115C00160000,160.0,11045.0,多头买 Call，看涨,1.274126128288312,CALL,11045.0,0.0,52298075.0,1.2078029947688427e-05,>50M,2027-01-15,179.2552032470703,177.0,174.6999969482422,180.00999450683594,173.67999267578125,47.35,47.35,47.6,35.0,0.5228624374389649,True,NVDA,45.85,0.03271537622682661,0.012741261282883122,4330017000000.0,3.271537622682661,11045.0
BMNR270115C00035000,35.0,42410.0,空头卖 Call，看跌/看不涨,-11.57910388934429,CALL,42410.0,0.0,51612970.0,0.23749757977847807,>50M,2027-01-15,29.28499984741211,33.119998931884766,30.51000022888184,30.899999618530277,28.809999465942383,12.17,12.3,13.1,42.0,1.212650421142578,False,BMNR,14.9,-0.18322147651006715,-0.1157910388934429,217319983.0,-18.322147651006716,42410.0
NVDA270617C00150000,150.0,8210.0,多头买 Call，看涨,1.274126128288312,CALL,8210.0,0.0,49210740.0,1.13650223544157e-05,10M-50M,2027-06-17,179.2552032470703,177.0,174.6999969482422,180.00999450683594,173.67999267578125,59.94,59.2,59.7,17.0,0.5409591802978517,True,NVDA,57.8,0.03702422145328721,0.012741261282883122,4330017000000.0,3.702422145328721,8210.0
HOOD271217C00100000,100.0,8726.0,空头卖 Call，看跌/看不涨,-5.198854112373502,CALL,8726.0,0.0,48254780.0,0.00044901922019572726,10M-50M,2027-12-17,121.80999755859376,128.49000549316406,123.5999984741211,125.28990173339844,118.86000061035156,55.3,53.75,55.35,23.0,0.7066374551391602,True,HOOD,61.45,-0.1000813669650123,-0.05198854112373502,107467070071.0,-10.00813669650123,8726.0
AVGO271217C00350000,350.0,3576.0,空头卖 Call，看跌/看不涨,-2.8042455907755968,CALL,3576.0,0.0,47310480.00000001,2.9947648721494556e-05,10M-50M,2027-12-17,391.6600036621094,402.9599914550781,394.8500061035156,395.4200134277344,385.6400146484375,132.3,135.05,137.85,100.0,0.5553022985839844,True,AVGO,141.33,-0.06389301634472512,-0.02804245590775597,1579772770810.0,-6.389301634472512,3576.0
NVDA260116P00180000,180.0,44293.0,空头卖 Put，看涨/看不跌,1.274126128288312,PUT,44293.0,0.0,45843255.0,1.0587315246106424e-05,10M-50M,2026-01-16,179.2552032470703,177.0,174.6999969482422,180.00999450683594,173.67999267578125,10.35,10.3,10.4,751.0,0.3905090246582031,True,NVDA,11.55,-0.10389610389610399,0.012741261282883122,4330017000000.0,-10.389610389610398,44293.0
BABA280121C00180000,180.0,13110.0,多头买 Call，看涨,3.31531865016855,CALL,13110.0,0.0,45465480.0,0.00011452601427457662,10M-50M,2028-01-21,162.51499938964844,157.3000030517578,160.5,162.9759063720703,159.41000366210938,34.68,35.65,39.5,2.0,0.4877675735473633,False,BABA,34.68,0.0,0.0331531865016855,396988232656.0,0.0,13110.0
NVDA251219C00160000,160.0,21469.0,多头买 Call，看涨,1.274126128288312,CALL,21469.0,0.0,44397892.0,1.0253514478118676e-05,10M-50M,2025-12-19,179.2552032470703,177.0,174.6999969482422,180.00999450683594,173.67999267578125,20.68,20.7,20.8,241.0,0.4899953344726563,True,NVDA,19.08,0.08385744234800847,0.012741261282883122,4330017000000.0,8.385744234800848,21469.0
NVDA251219C00155000,155.0,17748.0,多头买 Call，看涨,1.274126128288312,CALL,17748.0,0.0,44192519.99999999,1.0206084641238127e-05,10M-50M,2025-12-19,179.2552032470703,177.0,174.6999969482422,180.00999450683594,173.67999267578125,24.9,24.95,25.5,19.0,0.5056201782226561,True,NVDA,23.35,0.06638115631691636,0.012741261282883122,4330017000000.0,6.638115631691637,17748.0
NVDA271217C00180000,180.0,8331.0,多头买 Call，看涨,1.274126128288312,CALL,8331.0,0.0,43704426.0,1.0093361296272047e-05,10M-50M,2027-12-17,179.2552032470703,177.0,174.6999969482422,180.00999450683594,173.67999267578125,52.46,52.3,52.65,39.0,0.5275926147460939,False,NVDA,51.0,0.028627450980392172,0.012741261282883122,4330017000000.0,2.862745098039217,8331.0
NVDA260320P00175000,175.0,30340.0,空头卖 Put，看涨/看不跌,1.274126128288312,PUT,30340.0,0.0,43386200.0,1.0019868282272333e-05,10M-50M,2026-03-20,179.2552032470703,177.0,174.6999969482422,180.00999450683594,173.67999267578125,14.3,14.4,14.45,440.0,0.4263668203735352,False,NVDA,15.45,-0.07443365695792871,0.012741261282883122,4330017000000.0,-7.443365695792871,30340.0
B261218C00030000,30.0,30570.0,多头买 Call，看涨,2.5036280686789456,CALL,30570.0,0.0,42492300.0,0.0007223797045752389,10M-50M,2026-12-18,42.375,41.34000015258789,42.3650016784668,43.08000183105469,41.790000915527344,13.9,14.75,15.35,4.0,0.5262498547363281,True,B,13.9,0.0,0.025036280686789456,58822665879.0,0.0,30570.0
AVGO260116C00320000,320.0,5385.0,空头卖 Call，看跌/看不涨,-2.8042455907755968,CALL,5385.0,0.0,41895300.0,2.651982663210415e-05,10M-50M,2026-01-16,391.6600036621094,402.9599914550781,394.8500061035156,395.4200134277344,385.6400146484375,77.8,77.8,80.3,5.0,0.6162147753906251,True,AVGO,87.54,-0.11126342243545817,-0.02804245590775597,1579772770810.0,-11.126342243545817,5385.0
NVDA251219C00165000,165.0,24611.0,多头买 Call，看涨,1.274126128288312,CALL,24611.0,0.0,40706594.0,9.401024060644565e-06,10M-50M,2025-12-19,179.2552032470703,177.0,174.6999969482422,180.00999450683594,173.67999267578125,16.54,16.45,16.55,144.0,0.4660697924804688,True,NVDA,14.83,0.11530681051921773,0.012741261282883122,4330017000000.0,11.530681051921773,24611.0
NVDA260220C00180000,180.0,28142.0,多头买 Call，看涨,1.274126128288312,CALL,28142.0,0.0,40524480.0,9.358965565262215e-06,10M-50M,2026-02-20,179.2552032470703,177.0,174.6999969482422,180.00999450683594,173.67999267578125,14.4,14.35,14.45,1797.0,0.4367121759033203,False,NVDA,13.4,0.07462686567164178,0.012741261282883122,4330017000000.0,7.462686567164178,28142.0
NVDA261218C00194000,194.0,13030.0,多头买 Call，看涨,1.274126128288312,CALL,13030.0,0.0,39871800.0,9.20823174597236e-06,10M-50M,2026-12-18,179.2552032470703,177.0,174.6999969482422,180.00999450683594,173.67999267578125,30.6,30.3,30.5,10.0,0.4957630990600586,False,NVDA,29.1,0.05154639175257732,0.012741261282883122,4330017000000.0,5.154639175257731,13030.0
NVDA260320C00210000,210.0,51693.0,多头买 Call，看涨,1.274126128288312,CALL,51693.0,0.0,39545145.0,9.13279208834515e-06,10M-50M,2026-03-20,179.2552032470703,177.0,174.6999969482422,180.00999450683594,173.67999267578125,7.65,7.6,7.65,547.0,0.4532525378417968,False,NVDA,7.02,0.08974358974358985,0.012741261282883122,4330017000000.0,8.974358974358985,51693.0
PDD260116C00095000,95.0,16978.0,多头买 Call，看涨,1.8090958313194128,CALL,16978.0,0.0,38030719.99999999,0.00020608405891718449,10M-50M,2026-01-16,118.18000030517578,116.08000183105467,116.41000366210938,118.5,116.1500015258789,22.4,22.3,24.7,2.0,0.5627485131835939,True,PDD,22.4,0.0,0.018090958313194128,184539843595.0,0.0,16978.0
B260116C00035000,35.0,46644.0,多头买 Call，看涨,2.5036280686789456,CALL,46644.0,0.0,37688352.0,0.0006407113896797211,10M-50M,2026-01-16,42.375,41.34000015258789,42.3650016784668,43.08000183105469,41.790000915527344,8.08,8.0,8.15,69.0,0.5585981640625001,True,B,7.28,0.10989010989010986,0.025036280686789456,58822665879.0,10.989010989010985,46644.0
NVDA271217C00135000,135.0,5204.0,多头买 Call，看涨,1.274126128288312,CALL,5204.0,0.0,37494820.0,8.659277781126495e-06,10M-50M,2027-12-17,179.2552032470703,177.0,174.6999969482422,180.00999450683594,173.67999267578125,72.05,73.85,74.45,10.0,0.5632367895507813,True,NVDA,72.05,0.0,0.012741261282883122,4330017000000.0,0.0,5204.0
MSTR260116P00200000,200.0,7658.0,多头买 Put，看跌,-10.455466001955964,PUT,7658.0,0.0,37256170.0,0.0004251294990739178,10M-50M,2026-01-16,158.65499877929688,177.17999267578125,168.25,168.25,155.802001953125,48.65,47.9,49.0,381.0,0.8621839953613282,True,MSTR,33.59,0.448347722536469,-0.10455466001955964,87634873800.0,44.834772253646896,7658.0
CIFR280121C00025000,25.0,35526.0,空头卖 Call，看跌/看不涨,-5.036853067892894,CALL,35526.0,0.0,35881260.0,0.00795425437332864,10M-50M,2028-01-21,19.325000762939453,20.350000381469727,19.325000762939453,20.36000061035156,19.0,10.1,9.6,11.0,6.0,1.1186567504882814,False,CIFR,10.18,-0.007858546168958749,-0.050368530678928936,4510952041.0,-0.7858546168958749,35526.0
NVDA260618P00160000,160.0,26756.0,空头卖 Put，看涨/看不跌,1.274126128288312,PUT,26756.0,0.0,35585480.00000001,8.21832339226382e-06,10M-50M,2026-06-18,179.2552032470703,177.0,174.6999969482422,180.00999450683594,173.67999267578125,13.3,13.3,13.45,2146.0,0.4364985549926757,False,NVDA,14.01,-0.05067808708065661,0.012741261282883122,4330017000000.0,-5.067808708065661,26756.0
AVGO270115C00300000,300.0,2611.0,空头卖 Call，看跌/看不涨,-2.8042455907755968,CALL,2611.0,0.0,35431269.99999999,2.2428079945847684e-05,10M-50M,2027-01-15,391.6600036621094,402.9599914550781,394.8500061035156,395.4200134277344,385.6400146484375,135.7,133.95,137.7,10.0,0.5724530059814454,True,AVGO,141.04,-0.037861599546228045,-0.02804245590775597,1579772770810.0,-3.7861599546228044,2611.0
NVDA260618P00150000,150.0,35314.0,空头卖 Put，看涨/看不跌,1.274126128288312,PUT,35314.0,0.0,35137430.0,8.11484804794069e-06,10M-50M,2026-06-18,179.2552032470703,177.0,174.6999969482422,180.00999450683594,173.67999267578125,9.95,9.9,10.05,1021.0,0.4477289114379882,False,NVDA,10.4,-0.04326923076923087,0.012741261282883122,4330017000000.0,-4.326923076923087,35314.0
COIN260116C00200000,200.0,4566.0,空头卖 Call，看跌/看不涨,-6.007629282466677,CALL,4566.0,0.0,34701600.0,0.00043206174399703176,10M-50M,2026-01-16,256.42999267578125,272.82000732421875,260.4750061035156,265.8800048828125,252.1999969482422,76.0,62.15,64.5,10.0,0.8001728967285155,True,COIN,76.0,0.0,-0.060076292824666776,80316298497.0,0.0,4566.0
INTC270115C00030000,30.0,22859.0,空头卖 Call，看跌/看不涨,-1.4647458876558526,CALL,22859.0,0.0,34174205.0,0.00021993458121357802,10M-50M,2027-01-15,39.96590042114258,40.560001373291016,39.8650016784668,40.375,39.59999847412109,14.95,14.6,15.55,52.0,0.6409948010253907,True,INTC,15.25,-0.01967213114754103,-0.014647458876558526,155383500000.0,-1.967213114754103,22859.0
NVDA260618C00142000,142.0,7188.0,多头买 Call，看涨,1.274126128288312,CALL,7188.0,0.0,33460139.999999996,7.72748467269297e-06,10M-50M,2026-06-18,179.2552032470703,177.0,174.6999969482422,180.00999450683594,173.67999267578125,46.55,48.1,48.4,13.0,0.5406234902954102,True,NVDA,46.55,0.0,0.012741261282883122,4330017000000.0,0.0,7188.0
BABA271217C00150000,150.0,7470.0,多头买 Call，看涨,3.31531865016855,CALL,7470.0,0.0,33241500.0,8.37342199732267e-05,10M-50M,2027-12-17,162.51499938964844,157.3000030517578,160.5,162.9759063720703,159.41000366210938,44.5,46.6,49.0,1.0,0.485707657623291,True,BABA,44.5,0.0,0.0331531865016855,396988232656.0,0.0,7470.0
AVGO260116C00350000,350.0,6001.0,空头卖 Call，看跌/看不涨,-2.8042455907755968,CALL,6001.0,0.0,33215535.000000004,2.102551431049754e-05,10M-50M,2026-01-16,391.6600036621094,402.9599914550781,394.8500061035156,395.4200134277344,385.6400146484375,55.35,54.9,56.0,45.0,0.5742840423583984,True,AVGO,63.9,-0.1338028169014084,-0.02804245590775597,1579772770810.0,-13.38028169014084,6001.0
NVDA271217P00140000,140.0,15167.0,空头卖 Put，看涨/看不跌,1.274126128288312,PUT,15167.0,0.0,32760720.0,7.565956438508209e-06,10M-50M,2027-12-17,179.2552032470703,177.0,174.6999969482422,180.00999450683594,173.67999267578125,21.6,21.1,21.4,52.0,0.4239559558105469,False,NVDA,21.6,0.0,0.012741261282883122,4330017000000.0,0.0,15167.0
B270115C00035000,35.0,27572.0,多头买 Call，看涨,2.5036280686789456,CALL,27572.0,0.0,32727963.999999996,0.0005563835557423121,10M-50M,2027-01-15,42.375,41.34000015258789,42.3650016784668,43.08000183105469,41.790000915527344,11.87,11.25,12.45,60.0,0.510869149169922,True,B,10.91,0.08799266727772677,0.025036280686789456,58822665879.0,8.799266727772677,27572.0
HOOD260116C00100000,100.0,13480.0,空头卖 Call，看跌/看不涨,-5.198854112373502,CALL,13480.0,0.0,32689000.0,0.00030417689789442886,10M-50M,2026-01-16,121.80999755859376,128.49000549316406,123.5999984741211,125.28990173339844,118.86000061035156,24.25,24.0,24.85,27.0,0.6289099609375001,True,HOOD,31.02,-0.21824629271437782,-0.05198854112373502,107467070071.0,-21.824629271437782,13480.0
NVDA271217P00200000,200.0,6193.0,空头卖 Put，看涨/看不跌,1.274126128288312,PUT,6193.0,0.0,32668075.0,7.544560448607939e-06,10M-50M,2027-12-17,179.2552032470703,177.0,174.6999969482422,180.00999450683594,173.67999267578125,52.75,51.55,51.95,6.0,0.3817963432312011,True,NVDA,52.75,0.0,0.012741261282883122,4330017000000.0,0.0,6193.0
NVDA260320P00160000,160.0,37612.0,空头卖 Put，看涨/看不跌,1.274126128288312,PUT,37612.0,0.0,32534380.0,7.5136841264133605e-06,10M-50M,2026-03-20,179.2552032470703,177.0,174.6999969482422,180.00999450683594,173.67999267578125,8.65,8.55,8.65,102.0,0.4465997723388671,False,NVDA,9.29,-0.068891280947255,0.012741261282883122,4330017000000.0,-6.8891280947255,37612.0
IREN270115C00035000,35.0,12898.0,空头卖 Call，看跌/看不涨,-2.950848971583658,CALL,12898.0,0.0,32438469.999999996,0.002849202913248286,10M-50M,2027-01-15,46.399200439453125,47.810001373291016,45.08000183105469,47.66999816894531,44.2599983215332,25.15,24.05,26.45,3.0,1.1840861108398435,True,IREN,27.5,-0.0854545454545455,-0.02950848971583658,11385103479.0,-8.54545454545455,12898.0
INTC270115C00035000,35.0,26757.0,空头卖 Call，看跌/看不涨,-1.4647458876558526,CALL,26757.0,0.0,32375970.0,0.00020836169863595554,10M-50M,2027-01-15,39.96590042114258,40.560001373291016,39.8650016784668,40.375,39.59999847412109,12.1,11.85,12.4,19.0,0.6055947644042969,True,INTC,12.46,-0.028892455858748087,-0.014647458876558526,155383500000.0,-2.889245585874809,26757.0
NVDA270617C00160000,160.0,6008.0,多头买 Call，看涨,1.274126128288312,CALL,6008.0,0.0,32299008.0,7.459325910267789e-06,10M-50M,2027-06-17,179.2552032470703,177.0,174.6999969482422,180.00999450683594,173.67999267578125,53.76,54.05,54.35,2.0,0.5316819293212891,True,NVDA,52.8,0.0181818181818182,0.012741261282883122,4330017000000.0,1.81818181818182,6008.0
NVDA270115C00230000,230.0,15532.0,多头买 Call，看涨,1.274126128288312,CALL,15532.0,0.0,32166772.000000004,7.428786538251467e-06,10M-50M,2027-01-15,179.2552032470703,177.0,174.6999969482422,180.00999450683594,173.67999267578125,20.71,20.45,20.6,251.0,0.4817251535034179,False,NVDA,19.6,0.056632653061224454,0.012741261282883122,4330017000000.0,5.663265306122446,15532.0
NVDA251219C00180000,180.0,48517.0,多头买 Call，看涨,1.274126128288312,CALL,48517.0,0.0,31681601.0,7.316738248371773e-06,10M-50M,2025-12-19,179.2552032470703,177.0,174.6999969482422,180.00999450683594,173.67999267578125,6.53,6.5,6.55,8533.0,0.4224911267089843,False,NVDA,5.71,0.14360770577933454,0.012741261282883122,4330017000000.0,14.360770577933454,48517.0
NVDA270115C00165000,165.0,6948.0,多头买 Call，看涨,1.274126128288312,CALL,6948.0,0.0,31439700.0,7.260872185952157e-06,10M-50M,2027-01-15,179.2552032470703,177.0,174.6999969482422,180.00999450683594,173.67999267578125,45.25,44.7,44.9,11.0,0.5174608801269531,True,NVDA,43.35,0.0438292964244521,0.012741261282883122,4330017000000.0,4.382929642445211,6948.0
NVDA260320P00190000,190.0,14082.0,空头卖 Put，看涨/看不跌,1.274126128288312,PUT,14082.0,0.0,31431024.0,7.258868498668712e-06,10M-50M,2026-03-20,179.2552032470703,177.0,174.6999969482422,180.00999450683594,173.67999267578125,22.32,22.3,22.4,12.0,0.4087583538818359,True,NVDA,23.4,-0.04615384615384609,0.012741261282883122,4330017000000.0,-4.615384615384609,14082.0
NVDA270115P00200000,200.0,7417.0,空头卖 Put，看涨/看不跌,1.274126128288312,PUT,7417.0,0.0,31299740.000000004,7.228548987221067e-06,10M-50M,2027-01-15,179.2552032470703,177.0,174.6999969482422,180.00999450683594,173.67999267578125,42.2,42.2,42.5,195.0,0.3900207482910156,True,NVDA,43.1,-0.02088167053364266,0.012741261282883122,4330017000000.0,-2.088167053364266,7417.0
NVDA270115P00140000,140.0,23068.0,空头卖 Put，看涨/看不跌,1.274126128288312,PUT,23068.0,0.0,31026459.999999996,7.16543607103621e-06,10M-50M,2027-01-15,179.2552032470703,177.0,174.6999969482422,180.00999450683594,173.67999267578125,13.45,13.45,13.6,3.0,0.4370783831787109,False,NVDA,13.89,-0.03167746580273587,0.012741261282883122,4330017000000.0,-3.167746580273587,23068.0
MP280121P00075000,75.0,10027.0,多头买 Put，看跌,-3.890233765507637,PUT,10027.0,0.0,30883160.000000004,0.002540933539839521,10M-50M,2028-01-21,59.540000915527344,61.95000076293945,60.43999862670898,60.5,58.11000061035156,30.8,30.5,34.6,10.0,0.6372106591796876,True,MP,30.8,0.0,-0.03890233765507637,12154257290.0,0.0,10027.0
OKLO270115C00105000,105.0,10214.0,空头卖 Call，看跌/看不涨,-2.3911114294895746,CALL,10214.0,0.0,30539859.999999996,0.0018718604270517637,10M-50M,2027-01-15,89.19499969482422,91.37999725341795,88.54000091552734,90.5999984741211,85.5,29.9,28.85,30.85,3.0,0.9456182196044922,False,OKLO,33.06,-0.0955837870538416,-0.023911114294895744,16315244213.0,-9.55837870538416,10214.0
NVDA260918P00160000,160.0,17522.0,空头卖 Put，看涨/看不跌,1.274126128288312,PUT,17522.0,0.0,30313060.000000004,7.000679212113949e-06,10M-50M,2026-09-18,179.2552032470703,177.0,174.6999969482422,180.00999450683594,173.67999267578125,17.3,16.95,17.15,3.0,0.4268245794677735,False,NVDA,17.55,-0.014245014245014245,0.012741261282883122,4330017000000.0,-1.4245014245014245,17522.0
MSTR260320P00200000,200.0,5396.0,多头买 Put，看跌,-10.455466001955964,PUT,5396.0,0.0,30088095.999999996,0.0003433347330272529,10M-50M,2026-03-20,158.65499877929688,177.17999267578125,168.25,168.25,155.802001953125,55.76,55.9,57.15,41.0,0.8175677423095702,True,MSTR,41.6,0.3403846153846153,-0.10455466001955964,87634873800.0,34.038461538461526,5396.0
NVDA261218P00170000,170.0,12150.0,空头卖 Put，看涨/看不跌,1.274126128288312,PUT,12150.0,0.0,30071250.0,6.944834165778102e-06,10M-50M,2026-12-18,179.2552032470703,177.0,174.6999969482422,180.00999450683594,173.67999267578125,24.75,24.75,24.95,8.0,0.4146787048339844,False,NVDA,25.56,-0.03169014084507037,0.012741261282883122,4330017000000.0,-3.169014084507037,12150.0
CSCO260116C00065000,65.0,25054.0,空头卖 Call，看跌/看不涨,-1.0592701007865395,CALL,25054.0,0.0,29563720.0,0.0001112530997780723,10M-50M,2026-01-16,76.125,76.94000244140625,76.66999816894531,76.81800079345703,76.04389953613281,11.8,11.6,12.2,1.0,0.46289599609375,True,CSCO,11.8,0.0,-0.010592701007865395,265733899181.0,0.0,25054.0
UNH270115C00400000,400.0,10591.0,空头卖 Call，看跌/看不涨,-1.2190281552592135,CALL,10591.0,0.0,29241751.0,9.383659161649597e-05,10M-50M,2027-01-15,325.75,329.7699890136719,327.1600036621094,330.0599975585937,325.25,27.61,27.0,27.65,30.0,0.376608406829834,False,UNH,29.35,-0.059284497444633794,-0.012190281552592134,311624180890.0,-5.9284497444633795,10591.0
GS260116C00600000,600.0,1269.0,空头卖 Call，看跌/看不涨,-1.4866070152009345,CALL,1269.0,0.0,29187000.0,0.00012014240571546309,10M-50M,2026-01-16,813.760009765625,826.0399780273438,818.5900268554688,824.72998046875,810.0,230.0,211.3,216.0,20.0,0.4973194799804688,True,GS,230.0,0.0,-0.014866070152009345,242936703541.0,0.0,1269.0
CSCO260116C00070000,70.0,41648.0,空头卖 Call，看跌/看不涨,-1.0592701007865395,CALL,41648.0,0.0,29153600.0,0.00010970975133339137,10M-50M,2026-01-16,76.125,76.94000244140625,76.66999816894531,76.81800079345703,76.04389953613281,7.0,6.85,7.15,12.0,0.3049385913085937,True,CSCO,7.45,-0.06040268456375841,-0.010592701007865395,265733899181.0,-6.040268456375841,41648.0
NVDA271217C00195000,195.0,6175.0,多头买 Call，看涨,1.274126128288312,CALL,6175.0,0.0,29139825.0,6.72972531054728e-06,10M-50M,2027-12-17,179.2552032470703,177.0,174.6999969482422,180.00999450683594,173.67999267578125,47.19,46.45,46.85,2.0,0.5189409678649901,False,NVDA,45.15,0.045182724252491674,0.012741261282883122,4330017000000.0,4.518272425249167,6175.0
INTC260618C00050000,50.0,74342.0,空头卖 Call，看跌/看不涨,-1.4647458876558526,CALL,74342.0,0.0,28621670.0,0.00018420018856571,10M-50M,2026-06-18,39.96590042114258,40.560001373291016,39.8650016784668,40.375,39.59999847412109,3.85,3.75,3.9,708.0,0.5976602734375001,False,INTC,3.95,-0.025316455696202552,-0.014647458876558526,155383500000.0,-2.531645569620255,74342.0
UNH260116C00240000,240.0,3143.0,空头卖 Call，看跌/看不涨,-1.2190281552592135,CALL,3143.0,0.0,28519582.0,9.151915592220074e-05,10M-50M,2026-01-16,325.75,329.7699890136719,327.1600036621094,330.0599975585937,325.25,90.74,84.95,91.0,4.0,0.6103554589843752,True,UNH,90.74,0.0,-0.012190281552592134,311624180890.0,0.0,3143.0
INTC260116C00040000,40.0,86183.0,空头卖 Call，看跌/看不涨,-1.4647458876558526,CALL,86183.0,0.0,28181840.999999996,0.0001813695855737578,10M-50M,2026-01-16,39.96590042114258,40.560001373291016,39.8650016784668,40.375,39.59999847412109,3.27,3.25,3.3,2988.0,0.5766643896484375,False,INTC,3.6,-0.09166666666666669,-0.014647458876558526,155383500000.0,-9.16666666666667,86183.0
NVDA260618P00165000,165.0,18414.0,空头卖 Put，看涨/看不跌,1.274126128288312,PUT,18414.0,0.0,28155006.0,6.502285325900568e-06,10M-50M,2026-06-18,179.2552032470703,177.0,174.6999969482422,180.00999450683594,173.67999267578125,15.29,15.25,15.4,315.0,0.4310359631347656,False,NVDA,16.01,-0.044971892567145684,0.012741261282883122,4330017000000.0,-4.497189256714568,18414.0
ASTS270115C00045000,45.0,10024.0,空头卖 Call，看跌/看不涨,-5.1067595959489,CALL,10024.0,0.0,28097272.000000004,0.0015964674482124325,10M-50M,2027-01-15,53.33000183105469,56.20000076293945,54.209999084472656,54.38999938964844,52.31999969482422,28.03,23.25,25.75,19.0,1.01404301574707,True,ASTS,28.03,0.0,-0.051067595959489,17599652302.0,0.0,10024.0
NVDA260618C00145000,145.0,6263.0,多头买 Call，看涨,1.274126128288312,CALL,6263.0,0.0,27964295.0,6.458241387966837e-06,10M-50M,2026-06-18,179.2552032470703,177.0,174.6999969482422,180.00999450683594,173.67999267578125,44.65,45.95,46.35,4.0,0.5361374511718751,True,NVDA,44.65,0.0,0.012741261282883122,4330017000000.0,0.0,6263.0
AVGO270617C00390000,390.0,2673.0,空头卖 Call，看跌/看不涨,-2.8042455907755968,CALL,2673.0,0.0,27531900.0,1.7427759554232293e-05,10M-50M,2027-06-17,391.6600036621094,402.9599914550781,394.8500061035156,395.4200134277344,385.6400146484375,103.0,103.2,105.4,4.0,0.5443313389587403,True,AVGO,108.0,-0.046296296296296294,-0.02804245590775597,1579772770810.0,-4.62962962962963,2673.0
AVGO260320C00330000,330.0,3271.0,空头卖 Call，看跌/看不涨,-2.8042455907755968,CALL,3271.0,0.0,27394625.0,1.734086414589479e-05,10M-50M,2026-03-20,391.6600036621094,402.9599914550781,394.8500061035156,395.4200134277344,385.6400146484375,83.75,82.75,84.2,1.0,0.5924723370361329,True,AVGO,90.76,-0.07723666813574268,-0.02804245590775597,1579772770810.0,-7.723666813574267,3271.0
NVDA270617C00175000,175.0,5599.0,多头买 Call，看涨,1.274126128288312,CALL,5599.0,0.0,26735225.0,6.174392617858082e-06,10M-50M,2027-06-17,179.2552032470703,177.0,174.6999969482422,180.00999450683594,173.67999267578125,47.75,47.05,47.35,34.0,0.5215196774291991,True,NVDA,45.65,0.046002190580503866,0.012741261282883122,4330017000000.0,4.600219058050387,5599.0
APP260116C00500000,500.0,2300.0,多头买 Call，看涨,1.2124359084004284,CALL,2300.0,0.0,26450000.0,0.00011673576572613629,10M-50M,2026-01-16,606.748291015625,599.47998046875,588.1300048828125,607.1900024414062,576.0,115.0,116.0,126.1,15.0,0.6408422146606446,True,APP,115.0,0.0,0.012124359084004284,226580087392.0,0.0,2300.0
PDD251219P00130000,130.0,21029.0,空头卖 Put，看涨/看不跌,1.8090958313194128,PUT,21029.0,0.0,25865670.0,0.00014016306449660834,10M-50M,2025-12-19,118.18000030517578,116.08000183105467,116.41000366210938,118.5,116.1500015258789,12.3,11.75,12.55,2.0,0.3789124609375,True,PDD,13.65,-0.09890109890109887,0.018090958313194128,184539843595.0,-9.890109890109887,21029.0
UNH260116C00300000,300.0,8038.0,空头卖 Call，看跌/看不涨,-1.2190281552592135,CALL,8038.0,0.0,25721600.0,8.25404496099725e-05,10M-50M,2026-01-16,325.75,329.7699890136719,327.1600036621094,330.0599975585937,325.25,32.0,31.45,32.0,48.0,0.3566958862304687,True,UNH,37.09,-0.13723375572930718,-0.012190281552592134,311624180890.0,-13.723375572930719,8038.0
NVDA260918C00130000,130.0,4159.0,多头买 Call，看涨,1.274126128288312,CALL,4159.0,0.0,25619440.0,5.916706562583935e-06,10M-50M,2026-09-18,179.2552032470703,177.0,174.6999969482422,180.00999450683594,173.67999267578125,61.6,60.95,61.5,1.0,0.5621992022705078,True,NVDA,59.6,0.03355704697986577,0.012741261282883122,4330017000000.0,3.3557046979865772,4159.0
NVDA260618P00190000,190.0,9177.0,空头卖 Put，看涨/看不跌,1.274126128288312,PUT,9177.0,0.0,25594653.0,5.910982104689196e-06,10M-50M,2026-06-18,179.2552032470703,177.0,174.6999969482422,180.00999450683594,173.67999267578125,27.89,27.7,27.9,40.0,0.4076597320556641,True,NVDA,28.94,-0.03628196268140984,0.012741261282883122,4330017000000.0,-3.628196268140984,9177.0
NVDA270617C00190000,190.0,6202.0,多头买 Call，看涨,1.274126128288312,CALL,6202.0,0.0,25397190.000000004,5.865378819528885e-06,10M-50M,2027-06-17,179.2552032470703,177.0,174.6999969482422,180.00999450683594,173.67999267578125,40.95,40.7,41.0,15.0,0.511021735534668,False,NVDA,39.5,0.03670886075949374,0.012741261282883122,4330017000000.0,3.670886075949374,6202.0
NVDA270115C00220000,220.0,10876.0,多头买 Call，看涨,1.274126128288312,CALL,10876.0,0.0,25384584.0,5.862467514561721e-06,10M-50M,2027-01-15,179.2552032470703,177.0,174.6999969482422,180.00999450683594,173.67999267578125,23.34,23.2,23.35,76.0,0.4860891235351562,False,NVDA,22.1,0.0561085972850678,0.012741261282883122,4330017000000.0,5.61085972850678,10876.0
AVGO251219C00380000,380.0,8870.0,空头卖 Call，看跌/看不涨,-2.8042455907755968,CALL,8870.0,0.0,25297240.0,1.6013214347927578e-05,10M-50M,2025-12-19,391.6600036621094,402.9599914550781,394.8500061035156,395.4200134277344,385.6400146484375,28.52,28.35,28.65,247.0,0.637576866455078,True,AVGO,33.65,-0.15245170876671618,-0.02804245590775597,1579772770810.0,-15.245170876671619,8870.0
AVGO271217C00300000,300.0,1567.0,空头卖 Call，看跌/看不涨,-2.8042455907755968,CALL,1567.0,0.0,25244370.0,1.5979747509546202e-05,10M-50M,2027-12-17,391.6600036621094,402.9599914550781,394.8500061035156,395.4200134277344,385.6400146484375,161.1,158.7,162.9,16.0,0.5702099864196777,True,AVGO,166.12,-0.030219118709366784,-0.02804245590775597,1579772770810.0,-3.0219118709366786,1567.0
COIN260320P00300000,300.0,4378.0,多头买 Put，看跌,-6.007629282466677,PUT,4378.0,0.0,25090318.000000004,0.0003123938536701512,10M-50M,2026-03-20,256.42999267578125,272.82000732421875,260.4750061035156,265.8800048828125,252.1999969482422,57.31,59.8,61.9,30.0,0.5748028359985352,True,COIN,51.97,0.10275158745430063,-0.060076292824666776,80316298497.0,10.275158745430064,4378.0
NBIS270115C00080000,80.0,5750.0,多头买 Call，看涨,1.7813795331344664,CALL,5750.0,0.0,24978000.0,0.0009740168165720721,10M-50M,2027-01-15,96.55999755859376,94.87000274658205,91.38999938964844,96.8000030517578,89.01000213623047,43.44,42.4,44.5,2.0,0.9677127252197266,True,NBIS,41.5,0.04674698795180717,0.017813795331344664,25644321099.0,4.674698795180717,5750.0
UUUU280121C00017000,17.0,36981.0,空头卖 Call，看跌/看不涨,-1.0416640451660046,CALL,36981.0,0.0,24777270.0,0.006428011396140985,10M-50M,2028-01-21,14.25,14.399999618530272,14.199999809265137,14.600000381469728,13.920000076293944,6.7,6.8,7.5,2.0,1.0148975036621093,False,UUUU,7.15,-0.06293706293706296,-0.010416640451660046,3854577796.0,-6.293706293706296,36981.0
NVDA270115C00145000,145.0,4342.0,多头买 Call，看涨,1.274126128288312,CALL,4342.0,0.0,24749400.0,5.715774326059228e-06,10M-50M,2027-01-15,179.2552032470703,177.0,174.6999969482422,180.00999450683594,173.67999267578125,57.0,55.95,56.4,6.0,0.5410507321166994,True,NVDA,54.3,0.0497237569060774,0.012741261282883122,4330017000000.0,4.97237569060774,4342.0
GS270617C00580000,580.0,846.0,空头卖 Call，看跌/看不涨,-1.4866070152009345,CALL,846.0,0.0,24610140.0,0.00010130268354384989,10M-50M,2027-06-17,813.760009765625,826.0399780273438,818.5900268554688,824.72998046875,810.0,290.9,267.0,275.0,1.0,0.3675371474456786,True,GS,290.9,0.0,-0.014866070152009345,242936703541.0,0.0,846.0
AVGO260116C00360000,360.0,5074.0,空头卖 Call，看跌/看不涨,-2.8042455907755968,CALL,5074.0,0.0,24608900.0,1.557749345646857e-05,10M-50M,2026-01-16,391.6600036621094,402.9599914550781,394.8500061035156,395.4200134277344,385.6400146484375,48.5,47.95,48.75,31.0,0.56094799407959,True,AVGO,56.0,-0.13392857142857142,-0.02804245590775597,1579772770810.0,-13.392857142857142,5074.0
AVGO270115C00360000,360.0,2278.0,空头卖 Call，看跌/看不涨,-2.8042455907755968,CALL,2278.0,0.0,24504446.0,1.551137382082854e-05,10M-50M,2027-01-15,391.6600036621094,402.9599914550781,394.8500061035156,395.4200134277344,385.6400146484375,107.57,100.65,103.3,28.0,0.5437362521362306,True,AVGO,107.57,0.0,-0.02804245590775597,1579772770810.0,0.0,2278.0
NVDA260618C00134000,134.0,4285.0,多头买 Call，看涨,1.274126128288312,CALL,4285.0,0.0,24360225.0,5.625895926043708e-06,10M-50M,2026-06-18,179.2552032470703,177.0,174.6999969482422,180.00999450683594,173.67999267578125,56.85,54.1,54.55,5.0,0.5600629931640625,True,NVDA,56.85,0.0,0.012741261282883122,4330017000000.0,0.0,4285.0
HOOD271217C00095000,95.0,3903.0,空头卖 Call，看跌/看不涨,-5.198854112373502,CALL,3903.0,0.0,24319593.000000004,0.00022629809283841867,10M-50M,2027-12-17,121.80999755859376,128.49000549316406,123.5999984741211,125.28990173339844,118.86000061035156,62.31,56.05,57.9,6.0,0.7159147061157226,True,HOOD,62.31,0.0,-0.05198854112373502,107467070071.0,0.0,3903.0
NVDA260918P00180000,180.0,9206.0,空头卖 Put，看涨/看不跌,1.274126128288312,PUT,9206.0,0.0,24257810.0,5.602243593962795e-06,10M-50M,2026-09-18,179.2552032470703,177.0,174.6999969482422,180.00999450683594,173.67999267578125,26.35,26.3,26.45,1531.0,0.4094297338867187,True,NVDA,27.06,-0.0262379896526237,0.012741261282883122,4330017000000.0,-2.6237989652623703,9206.0
AVGO270115C00350000,350.0,2251.0,空头卖 Call，看跌/看不涨,-2.8042455907755968,CALL,2251.0,0.0,23759305.0,1.503969775844272e-05,10M-50M,2027-01-15,391.6600036621094,402.9599914550781,394.8500061035156,395.4200134277344,385.6400146484375,105.55,106.6,108.4,8.0,0.5504958280944825,True,AVGO,114.0,-0.07412280701754388,-0.02804245590775597,1579772770810.0,-7.412280701754388,2251.0
COIN260116P00320000,320.0,3538.0,多头买 Put，看跌,-6.007629282466677,PUT,3538.0,0.0,23739980.0,0.0002955811017720985,10M-50M,2026-01-16,256.42999267578125,272.82000732421875,260.4750061035156,265.8800048828125,252.1999969482422,67.1,65.6,67.8,7.0,0.5222215747070311,True,COIN,54.0,0.2425925925925925,-0.060076292824666776,80316298497.0,24.25925925925925,3538.0
NVDA261218C00190000,190.0,7382.0,多头买 Call，看涨,1.274126128288312,CALL,7382.0,0.0,23637164.0,5.458907898052132e-06,10M-50M,2026-12-18,179.2552032470703,177.0,174.6999969482422,180.00999450683594,173.67999267578125,32.02,31.9,32.1,274.0,0.4985706881713867,False,NVDA,30.75,0.04130081300813018,0.012741261282883122,4330017000000.0,4.130081300813019,7382.0
NVDA280121C00195000,195.0,4824.0,多头买 Call，看涨,1.274126128288312,CALL,4824.0,0.0,23468760.0,5.420015671993898e-06,10M-50M,2028-01-21,179.2552032470703,177.0,174.6999969482422,180.00999450683594,173.67999267578125,48.65,47.9,48.2,25.0,0.5209551078796386,False,NVDA,46.8,0.03952991452991456,0.012741261282883122,4330017000000.0,3.9529914529914563,4824.0
AVGO270115C00340000,340.0,2159.0,空头卖 Call，看跌/看不涨,-2.8042455907755968,CALL,2159.0,0.0,23349585.0,1.4780344003541675e-05,10M-50M,2027-01-15,391.6600036621094,402.9599914550781,394.8500061035156,395.4200134277344,385.6400146484375,108.15,111.15,114.05,1.0,0.5532728999328613,True,AVGO,118.0,-0.08347457627118639,-0.02804245590775597,1579772770810.0,-8.347457627118638,2159.0
HOOD260220C00110000,110.0,10637.0,空头卖 Call，看跌/看不涨,-5.198854112373502,CALL,10637.0,0.0,23029105.0,0.00021428987488712048,10M-50M,2026-02-20,121.80999755859376,128.49000549316406,123.5999984741211,125.28990173339844,118.86000061035156,21.65,20.9,21.45,85.0,0.665286550292969,True,HOOD,26.9,-0.19516728624535318,-0.05198854112373502,107467070071.0,-19.516728624535318,10637.0
NVDA280121C00220000,220.0,5692.0,多头买 Call，看涨,1.274126128288312,CALL,5692.0,0.0,22967220.0,5.304187027441232e-06,10M-50M,2028-01-21,179.2552032470703,177.0,174.6999969482422,180.00999450683594,173.67999267578125,40.35,39.6,39.9,23.0,0.5093738027954101,False,NVDA,38.45,0.04941482444733416,0.012741261282883122,4330017000000.0,4.941482444733416,5692.0
NVDA280121C00150000,150.0,3396.0,多头买 Call，看涨,1.274126128288312,CALL,3396.0,0.0,22889040.000000004,5.2861316710765806e-06,10M-50M,2028-01-21,179.2552032470703,177.0,174.6999969482422,180.00999450683594,173.67999267578125,67.4,67.1,67.7,12.0,0.5509230699157714,True,NVDA,65.7,0.025875190258751946,0.012741261282883122,4330017000000.0,2.587519025875195,3396.0
BABA251219C00120000,120.0,5982.0,多头买 Call，看涨,3.31531865016855,CALL,5982.0,0.0,22809366.0,5.7456025452937975e-05,10M-50M,2025-12-19,162.51499938964844,157.3000030517578,160.5,162.9759063720703,159.41000366210938,38.13,41.15,43.55,1.0,0.937500625,True,BABA,38.13,0.0,0.0331531865016855,396988232656.0,0.0,5982.0
NEM280121C00090000,90.0,9994.0,多头买 Call，看涨,1.8075601553729281,CALL,10255.0,261.0,22786320.0,0.00024333222091198447,10M-50M,2028-01-21,92.37000274658205,90.7300033569336,92.0,92.87999725341795,90.86000061035156,22.8,22.5,25.3,10280.0,0.4610344424438477,True,NEM,22.8,0.0,0.01807560155372928,93642839056.0,0.0,9994.0
INTC261218C00050000,50.0,37318.0,空头卖 Call，看跌/看不涨,-1.4647458876558526,CALL,37318.0,0.0,22577390.0,0.0001453010776562505,10M-50M,2026-12-18,39.96590042114258,40.560001373291016,39.8650016784668,40.375,39.59999847412109,6.05,5.95,6.4,32.0,0.5782512878417969,False,INTC,6.32,-0.04272151898734184,-0.014647458876558526,155383500000.0,-4.272151898734184,37318.0
NVDA271217C00220000,220.0,5849.0,多头买 Call，看涨,1.274126128288312,CALL,5849.0,0.0,22460160.0,5.187083561103802e-06,10M-50M,2027-12-17,179.2552032470703,177.0,174.6999969482422,180.00999450683594,173.67999267578125,38.4,38.2,38.5,8.0,0.5075275077819823,False,NVDA,37.25,0.030872483221476472,0.012741261282883122,4330017000000.0,3.087248322147647,5849.0
NVDA251219P00190000,190.0,16616.0,空头卖 Put，看涨/看不跌,1.274126128288312,PUT,16616.0,0.0,22315288.0,5.153625955741052e-06,10M-50M,2025-12-19,179.2552032470703,177.0,174.6999969482422,180.00999450683594,173.67999267578125,13.43,13.35,13.45,288.0,0.4038145556640625,True,NVDA,15.3,-0.12222222222222229,0.012741261282883122,4330017000000.0,-12.222222222222229,16616.0
NVDA251219C00175000,175.0,24030.0,多头买 Call，看涨,1.274126128288312,CALL,24030.0,0.0,22227750.0,5.133409406937663e-06,10M-50M,2025-12-19,179.2552032470703,177.0,174.6999969482422,180.00999450683594,173.67999267578125,9.25,9.2,9.3,2512.0,0.4315242395019532,True,NVDA,8.19,0.1294261294261295,0.012741261282883122,4330017000000.0,12.94261294261295,24030.0
AVGO251219C00360000,360.0,5226.0,空头卖 Call，看跌/看不涨,-2.8042455907755968,CALL,5226.0,0.0,21975330.0,1.3910437251512155e-05,10M-50M,2025-12-19,391.6600036621094,402.9599914550781,394.8500061035156,395.4200134277344,385.6400146484375,42.05,41.7,42.05,59.0,0.6693148303222658,True,AVGO,50.1,-0.16067864271457094,-0.02804245590775597,1579772770810.0,-16.067864271457093,5226.0
NVDA260618P00140000,140.0,30655.0,空头卖 Put，看涨/看不跌,1.274126128288312,PUT,30655.0,0.0,21918325.0,5.061948948468332e-06,10M-50M,2026-06-18,179.2552032470703,177.0,174.6999969482422,180.00999450683594,173.67999267578125,7.15,7.15,7.3,210.0,0.4598137515258789,False,NVDA,7.65,-0.06535947712418301,0.012741261282883122,4330017000000.0,-6.535947712418301,30655.0
NVDA260618C00185000,185.0,9312.0,多头买 Call，看涨,1.274126128288312,CALL,9312.0,0.0,21892512.000000004,5.0559875400027305e-06,10M-50M,2026-06-18,179.2552032470703,177.0,174.6999969482422,180.00999450683594,173.67999267578125,23.51,23.0,23.15,28.0,0.4841970526123047,False,NVDA,21.95,0.07107061503416867,0.012741261282883122,4330017000000.0,7.107061503416867,9312.0
NVDA260821P00170000,170.0,10841.0,空头卖 Put，看涨/看不跌,1.274126128288312,PUT,10841.0,0.0,21790410.0,5.032407494012148e-06,10M-50M,2026-08-21,179.2552032470703,177.0,174.6999969482422,180.00999450683594,173.67999267578125,20.1,19.95,20.15,14.0,0.4160519821166991,False,NVDA,20.72,-0.0299227799227798,0.012741261282883122,4330017000000.0,-2.99227799227798,10841.0
AVGO260618C00330000,330.0,2301.0,空头卖 Call，看跌/看不涨,-2.8042455907755968,CALL,2301.0,0.0,21719139.0,1.3748267726417327e-05,10M-50M,2026-06-18,391.6600036621094,402.9599914550781,394.8500061035156,395.4200134277344,385.6400146484375,94.39,95.65,97.15,8.0,0.5764355101013183,True,AVGO,102.55,-0.07957094100438807,-0.02804245590775597,1579772770810.0,-7.957094100438806,2301.0
OXY280121C00040000,40.0,21850.0,多头买 Call，看涨,1.119050525483631,CALL,21850.0,0.0,21631500.0,0.00046289049840117096,10M-50M,2028-01-21,42.470001220703125,42.0,41.83000183105469,42.7400016784668,41.78499984741211,9.9,9.6,10.3,33.0,0.3790345300292969,True,OXY,9.72,0.01851851851851849,0.01119050525483631,46731354553.0,1.851851851851849,21850.0
COIN260116P00300000,300.0,4296.0,多头买 Put，看跌,-6.007629282466677,PUT,4296.0,0.0,21480000.0,0.0002674426038296863,10M-50M,2026-01-16,256.42999267578125,272.82000732421875,260.4750061035156,265.8800048828125,252.1999969482422,50.0,49.35,51.05,121.0,0.5499922930908205,True,COIN,40.9,0.2224938875305624,-0.060076292824666776,80316298497.0,22.24938875305624,4296.0
CIFR270115P00022000,22.0,17938.0,多头买 Put，看跌,-5.036853067892894,PUT,17938.0,0.0,21453848.0,0.0047559468167708676,10M-50M,2027-01-15,19.325000762939453,20.350000381469727,19.325000762939453,20.36000061035156,19.0,11.96,9.85,11.65,6.0,1.1359906481933597,True,CIFR,11.96,0.0,-0.050368530678928936,4510952041.0,0.0,17938.0
NVDA280121C00175000,175.0,3785.0,多头买 Call，看涨,1.274126128288312,CALL,3785.0,0.0,21309550.0,4.921354812232839e-06,10M-50M,2028-01-21,179.2552032470703,177.0,174.6999969482422,180.00999450683594,173.67999267578125,56.3,55.7,56.05,156.0,0.5323227920532226,True,NVDA,54.2,0.03874538745387443,0.012741261282883122,4330017000000.0,3.874538745387443,3785.0
NVDA260918P00140000,140.0,20951.0,空头卖 Put，看涨/看不跌,1.274126128288312,PUT,20951.0,0.0,21160510.0,4.8869346240442016e-06,10M-50M,2026-09-18,179.2552032470703,177.0,174.6999969482422,180.00999450683594,173.67999267578125,10.1,10.05,10.2,18.0,0.4459283923339844,False,NVDA,10.5,-0.038095238095238126,0.012741261282883122,4330017000000.0,-3.809523809523813,20951.0
NVDA280121C00130000,130.0,2707.0,多头买 Call，看涨,1.274126128288312,CALL,2707.0,0.0,21114600.0,4.87633189430896e-06,10M-50M,2028-01-21,179.2552032470703,177.0,174.6999969482422,180.00999450683594,173.67999267578125,78.0,77.85,78.45,1.0,0.5708203318786622,True,NVDA,76.27,0.0226825750622788,0.012741261282883122,4330017000000.0,2.26825750622788,2707.0
PDD260320P00120000,120.0,25623.0,空头卖 Put，看涨/看不跌,1.8090958313194128,PUT,25623.0,0.0,20959614.0,0.00011357771628981639,10M-50M,2026-03-20,118.18000030517578,116.08000183105467,116.41000366210938,118.5,116.1500015258789,8.18,8.1,8.4,6.0,0.2862009857177734,True,PDD,9.3,-0.12043010752688182,0.018090958313194128,184539843595.0,-12.043010752688183,25623.0
CIFR260116C00015000,15.0,37206.0,空头卖 Call，看跌/看不涨,-5.036853067892894,CALL,37206.0,0.0,20835359.999999996,0.004618838730854952,10M-50M,2026-01-16,19.325000762939453,20.350000381469727,19.325000762939453,20.36000061035156,19.0,5.6,5.8,5.9,40.0,1.3378939355468746,True,CIFR,6.55,-0.14503816793893132,-0.050368530678928936,4510952041.0,-14.503816793893131,37206.0
MRVL260320C00070000,70.0,8144.0,多头买 Call，看涨,1.9463063020931253,CALL,8144.0,0.0,20767200.0,0.00028963670545806725,10M-50M,2026-03-20,91.13999938964844,89.4000015258789,89.06999969482422,91.37000274658205,88.30999755859375,25.5,24.45,25.6,7.0,0.6584506811523438,True,MRVL,23.0,0.10869565217391304,0.019463063020931252,71700857000.0,10.869565217391305,8144.0
IREN270115C00050000,50.0,10097.0,空头卖 Call，看跌/看不涨,-2.950848971583658,CALL,10097.0,0.0,20597880.0,0.0018091956773158108,10M-50M,2027-01-15,46.399200439453125,47.810001373291016,45.08000183105469,47.66999816894531,44.2599983215332,20.4,20.1,21.45,38.0,1.1770060681152343,False,IREN,21.77,-0.0629306384933395,-0.02950848971583658,11385103479.0,-6.293063849333951,10097.0
NVDA260220C00195000,195.0,24660.0,多头买 Call，看涨,1.274126128288312,CALL,24660.0,0.0,20591100.0,4.755431676134297e-06,10M-50M,2026-02-20,179.2552032470703,177.0,174.6999969482422,180.00999450683594,173.67999267578125,8.35,8.3,8.35,1010.0,0.422308023071289,False,NVDA,7.6,0.09868421052631579,0.012741261282883122,4330017000000.0,9.868421052631579,24660.0
BABA260116C00130000,130.0,6285.0,多头买 Call，看涨,3.31531865016855,CALL,6285.0,0.0,20583375.0,5.184882902520689e-05,10M-50M,2026-01-16,162.51499938964844,157.3000030517578,160.5,162.9759063720703,159.41000366210938,32.75,33.35,34.45,23.0,0.506840869140625,True,BABA,29.25,0.11965811965811966,0.0331531865016855,396988232656.0,11.965811965811966,6285.0
ADBE260116P00400000,400.0,2591.0,空头卖 Put，看涨/看不跌,1.0026863628477352,PUT,2591.0,0.0,20577722.0,0.00013641101548216337,10M-50M,2026-01-16,323.33990478515625,320.1300048828125,316.57501220703125,325.9800109863281,316.1099853515625,79.42,76.2,80.0,1.0,0.4846853289794922,True,ADBE,83.78,-0.052041059918835036,0.010026863628477352,150850882000.0,-5.2041059918835035,2591.0
WULF270115C00015000,15.0,32058.0,空头卖 Call，看跌/看不涨,-2.6434548121323,CALL,32058.0,0.0,20549178.0,0.004841294578427023,10M-50M,2027-01-15,15.100000381469728,15.510000228881836,14.854999542236328,15.760000228881836,14.802000045776367,6.41,5.95,6.5,60.0,1.0161182006835938,True,WULF,6.47,-0.009273570324574902,-0.026434548121323,4244562620.0,-0.9273570324574901,32058.0
AVGO260116C00370000,370.0,4898.0,空头卖 Call，看跌/看不涨,-2.8042455907755968,CALL,4898.0,0.0,20439353.999999996,1.2938160713784227e-05,10M-50M,2026-01-16,391.6600036621094,402.9599914550781,394.8500061035156,395.4200134277344,385.6400146484375,41.73,41.5,41.85,59.0,0.547428842163086,True,AVGO,49.4,-0.15526315789473688,-0.02804245590775597,1579772770810.0,-15.526315789473689,4898.0
NVDA260220P00160000,160.0,33787.0,空头卖 Put，看涨/看不跌,1.274126128288312,PUT,33787.0,0.0,20170839.0,4.65837408952436e-06,10M-50M,2026-02-20,179.2552032470703,177.0,174.6999969482422,180.00999450683594,173.67999267578125,5.97,5.9,6.0,857.0,0.4222469885253906,False,NVDA,6.65,-0.10225563909774445,0.012741261282883122,4330017000000.0,-10.225563909774445,33787.0
AVGO260320C00340000,340.0,2640.0,空头卖 Call，看跌/看不涨,-2.8042455907755968,CALL,2640.0,0.0,20130000.0,1.2742338880596547e-05,10M-50M,2026-03-20,391.6600036621094,402.9599914550781,394.8500061035156,395.4200134277344,385.6400146484375,76.25,76.05,77.05,9.0,0.5829051719665526,True,AVGO,82.65,-0.0774349667271628,-0.02804245590775597,1579772770810.0,-7.7434966727162795,2640.0
NVDA271217P00170000,170.0,5662.0,空头卖 Put，看涨/看不跌,1.274126128288312,PUT,5662.0,0.0,20071790.000000004,4.635499121596983e-06,10M-50M,2027-12-17,179.2552032470703,177.0,174.6999969482422,180.00999450683594,173.67999267578125,35.45,34.7,35.05,6.0,0.4021666229248046,False,NVDA,35.45,0.0,0.012741261282883122,4330017000000.0,0.0,5662.0
CORZ260116C00015000,15.0,72767.0,空头卖 Call，看跌/看不涨,-3.1379443365859525,CALL,72767.0,0.0,20010925.0,0.00388853687306172,10M-50M,2026-01-16,16.360000610351562,16.889999389648438,16.147499084472656,16.719999313354492,16.1200008392334,2.75,2.64,2.85,268.0,0.8916026464843749,True,CORZ,2.85,-0.03508771929824565,-0.03137944336585952,5146132248.0,-3.5087719298245648,72767.0
COIN251219P00300000,300.0,4203.0,多头买 Put，看跌,-6.007629282466677,PUT,4203.0,0.0,19997874.0,0.0002489889894608,10M-50M,2025-12-19,256.42999267578125,272.82000732421875,260.4750061035156,265.8800048828125,252.1999969482422,47.58,43.95,45.1,61.0,0.5283250292968751,True,COIN,33.9,0.40353982300884955,-0.060076292824666776,80316298497.0,40.35398230088496,4203.0
NVDA260116C00136000,136.0,4610.0,多头买 Call，看涨,1.274126128288312,CALL,4610.0,0.0,19882930.0,4.591882664663903e-06,10M-50M,2026-01-16,179.2552032470703,177.0,174.6999969482422,180.00999450683594,173.67999267578125,43.13,44.35,44.85,1.0,0.5727581787109376,True,NVDA,43.13,0.0,0.012741261282883122,4330017000000.0,0.0,4610.0
NVDA251219C00185000,185.0,46238.0,多头买 Call，看涨,1.274126128288312,CALL,46238.0,0.0,19882340.0,4.591746406538358e-06,10M-50M,2025-12-19,179.2552032470703,177.0,174.6999969482422,180.00999450683594,173.67999267578125,4.3,4.3,4.35,3443.0,0.4123593920898437,False,NVDA,3.71,0.1590296495956873,0.012741261282883122,4330017000000.0,15.90296495956873,46238.0
INTC260618C00035000,35.0,21554.0,空头卖 Call，看跌/看不涨,-1.4647458876558526,CALL,21554.0,0.0,19851234.000000004,0.00012775638339978187,10M-50M,2026-06-18,39.96590042114258,40.560001373291016,39.8650016784668,40.375,39.59999847412109,9.21,9.05,9.65,31.0,0.5993692407226563,True,INTC,9.35,-0.014973262032085433,-0.014647458876558526,155383500000.0,-1.4973262032085433,21554.0
NEM260116C00075000,75.0,10954.0,多头买 Call，看涨,1.8075601553729281,CALL,10954.0,0.0,19717200.0,0.00021055747773952881,10M-50M,2026-01-16,92.37000274658205,90.7300033569336,92.0,92.87999725341795,90.86000061035156,18.0,17.65,18.5,4.0,0.5327195166015625,True,NEM,17.0,0.058823529411764705,0.01807560155372928,93642839056.0,5.88235294117647,10954.0
CSCO260116C00067500,67.5,21000.0,空头卖 Call，看跌/看不涨,-1.0592701007865395,CALL,21000.0,0.0,19635000.0,7.38897071864586e-05,10M-50M,2026-01-16,76.125,76.94000244140625,76.66999816894531,76.81800079345703,76.04389953613281,9.35,9.25,9.7,2.0,0.3874572973632812,True,CSCO,9.55,-0.02094240837696346,-0.010592701007865395,265733899181.0,-2.094240837696346,21000.0
NVDA280121P00200000,200.0,3742.0,空头卖 Put，看涨/看不跌,1.274126128288312,PUT,3742.0,0.0,19589370.0,4.5240861640958916e-06,10M-50M,2028-01-21,179.2552032470703,177.0,174.6999969482422,180.00999450683594,173.67999267578125,52.35,52.35,52.75,39.0,0.3808960836791991,True,NVDA,53.4,-0.019662921348314554,0.012741261282883122,4330017000000.0,-1.9662921348314555,3742.0
NVDA260417C00200000,200.0,15755.0,多头买 Call，看涨,1.274126128288312,CALL,15755.0,0.0,19536200.0,4.511806766578515e-06,10M-50M,2026-04-17,179.2552032470703,177.0,174.6999969482422,180.00999450683594,173.67999267578125,12.4,12.35,12.45,494.0,0.458135301513672,False,NVDA,11.56,0.07266435986159168,0.012741261282883122,4330017000000.0,7.266435986159168,15755.0
INTC260618C00040000,40.0,28045.0,空头卖 Call，看跌/看不涨,-1.4647458876558526,CALL,28045.0,0.0,19491275.0,0.00012543979894905186,10M-50M,2026-06-18,39.96590042114258,40.560001373291016,39.8650016784668,40.375,39.59999847412109,6.95,6.8,7.0,153.0,0.5904581970214844,False,INTC,7.15,-0.027972027972027996,-0.014647458876558526,155383500000.0,-2.7972027972027997,28045.0
NVDA251219P00205000,205.0,7542.0,空头卖 Put，看涨/看不跌,1.274126128288312,PUT,7542.0,0.0,19473444.0,4.497313520939987e-06,10M-50M,2025-12-19,179.2552032470703,177.0,174.6999969482422,180.00999450683594,173.67999267578125,25.82,26.25,26.65,7.0,0.4555718505859375,True,NVDA,28.53,-0.094987732211707,0.012741261282883122,4330017000000.0,-9.498773221170701,7542.0
NVDA271217P00220000,220.0,2934.0,空头卖 Put，看涨/看不跌,1.274126128288312,PUT,2934.0,0.0,19291050.0,4.4551903606844965e-06,10M-50M,2027-12-17,179.2552032470703,177.0,174.6999969482422,180.00999450683594,173.67999267578125,65.75,64.45,64.85,2.0,0.3685060708618164,True,NVDA,65.75,0.0,0.012741261282883122,4330017000000.0,0.0,2934.0
INTC260320C00040000,40.0,37106.0,空头卖 Call，看跌/看不涨,-1.4647458876558526,CALL,37106.0,0.0,19220908.0,0.0001236998008154019,10M-50M,2026-03-20,39.96590042114258,40.560001373291016,39.8650016784668,40.375,39.59999847412109,5.18,5.15,5.25,2241.0,0.5988809643554689,False,INTC,5.48,-0.05474452554744538,-0.014647458876558526,155383500000.0,-5.474452554744539,37106.0
BABA271217C00175000,175.0,5163.0,多头买 Call，看涨,3.31531865016855,CALL,5163.0,0.0,19103100.0,4.812006610924738e-05,10M-50M,2027-12-17,162.51499938964844,157.3000030517578,160.5,162.9759063720703,159.41000366210938,37.0,37.75,39.6,1.0,0.4826711889648438,False,BABA,37.0,0.0,0.0331531865016855,396988232656.0,0.0,5163.0
BABA260320C00120000,120.0,4592.0,多头买 Call，看涨,3.31531865016855,CALL,4592.0,0.0,19102720.0,4.811910890203381e-05,10M-50M,2026-03-20,162.51499938964844,157.3000030517578,160.5,162.9759063720703,159.41000366210938,41.6,43.7,46.35,9.0,0.5708050732421875,True,BABA,41.6,0.0,0.0331531865016855,396988232656.0,0.0,4592.0
SHOP260116C00120000,120.0,5529.0,空头卖 Call，看跌/看不涨,-2.7411091150585225,CALL,5529.0,0.0,19069521.000000004,0.00010464167573547654,10M-50M,2026-01-16,154.29150390625,158.63999938964844,152.8000030517578,155.55999755859375,150.75999450683594,34.49,35.1,37.25,3.0,0.6132851171875001,True,SHOP,42.06,-0.1799809795530195,-0.027411091150585223,182236387806.0,-17.99809795530195,5529.0
HOOD270115C00095000,95.0,3794.0,空头卖 Call，看跌/看不涨,-5.198854112373502,CALL,3794.0,0.0,18837210.0,0.00017528355418599268,10M-50M,2027-01-15,121.80999755859376,128.49000549316406,123.5999984741211,125.28990173339844,118.86000061035156,49.65,46.7,48.05,3.0,0.7225979888916017,True,HOOD,52.99,-0.06303076052085305,-0.05198854112373502,107467070071.0,-6.303076052085305,3794.0
AVGO260320C00300000,300.0,1781.0,空头卖 Call，看跌/看不涨,-2.8042455907755968,CALL,1781.0,0.0,18308680.0,1.158943889798313e-05,10M-50M,2026-03-20,391.6600036621094,402.9599914550781,394.8500061035156,395.4200134277344,385.6400146484375,102.8,105.0,107.75,1.0,0.6315344464111328,True,AVGO,113.64,-0.09538894755367831,-0.02804245590775597,1579772770810.0,-9.538894755367831,1781.0
NVDA280121P00180000,180.0,4399.0,空头卖 Put，看涨/看不跌,1.274126128288312,PUT,4399.0,0.0,18005107.0,4.158207000111085e-06,10M-50M,2028-01-21,179.2552032470703,177.0,174.6999969482422,180.00999450683594,173.67999267578125,40.93,40.75,41.1,276.0,0.3939574765014648,True,NVDA,41.46,-0.012783405692233506,0.012741261282883122,4330017000000.0,-1.2783405692233507,4399.0
GAP251219C00024000,24.0,48332.0,多头买 Call，看涨,1.8285956587138144,CALL,48332.0,0.0,17882840.0,0.002191704868850421,10M-50M,2025-12-19,27.565000534057617,27.06999969482422,27.030000686645508,27.57999992370605,26.91010093688965,3.7,3.55,3.7,281.0,0.4804739453125,True,GAP,3.3,0.12121212121212133,0.018285956587138143,8159328500.0,12.121212121212132,48332.0
CIFR271217C00017000,17.0,15035.0,空头卖 Call，看跌/看不涨,-5.036853067892894,CALL,15035.0,0.0,17711230.0,0.003926273176709218,10M-50M,2027-12-17,19.325000762939453,20.350000381469727,19.325000762939453,20.36000061035156,19.0,11.78,10.0,13.3,1.0,1.1174360534667969,True,CIFR,12.25,-0.03836734693877556,-0.050368530678928936,4510952041.0,-3.836734693877556,15035.0
NVDA271217C00165000,165.0,3081.0,多头买 Call，看涨,1.274126128288312,CALL,3081.0,0.0,17681859.0,4.083554175422406e-06,10M-50M,2027-12-17,179.2552032470703,177.0,174.6999969482422,180.00999450683594,173.67999267578125,57.39,58.7,59.05,6.0,0.5365799516296388,True,NVDA,57.39,0.0,0.012741261282883122,4330017000000.0,0.0,3081.0
ADBE260116P00360000,360.0,3941.0,空头卖 Put，看涨/看不跌,1.0026863628477352,PUT,3941.0,0.0,17663562.0,0.00011709286525749316,10M-50M,2026-01-16,323.33990478515625,320.1300048828125,316.57501220703125,325.9800109863281,316.1099853515625,44.82,41.05,44.4,1.0,0.4346064840698243,True,ADBE,47.31,-0.05263157894736846,0.010026863628477352,150850882000.0,-5.263157894736846,3941.0
HOOD270115P00100000,100.0,8825.0,多头买 Put，看跌,-5.198854112373502,PUT,8825.0,0.0,17429375.0,0.0001621834017479492,10M-50M,2027-01-15,121.80999755859376,128.49000549316406,123.5999984741211,125.28990173339844,118.86000061035156,19.75,19.55,20.0,12.0,0.6405370419311524,False,HOOD,17.82,0.10830527497194162,-0.05198854112373502,107467070071.0,10.830527497194161,8825.0
SHOP260320C00115000,115.0,3782.0,空头卖 Call，看跌/看不涨,-2.7411091150585225,CALL,3782.0,0.0,17397200.0,9.546501776868082e-05,10M-50M,2026-03-20,154.29150390625,158.63999938964844,152.8000030517578,155.55999755859375,150.75999450683594,46.0,42.4,45.25,12.0,0.6051064880371095,True,SHOP,46.0,0.0,-0.027411091150585223,182236387806.0,0.0,3782.0
UNH260116C00280000,280.0,3477.0,空头卖 Call，看跌/看不涨,-1.2190281552592135,CALL,3477.0,0.0,17124225.0,5.495152831559201e-05,10M-50M,2026-01-16,325.75,329.7699890136719,327.1600036621094,330.0599975585937,325.25,49.25,48.05,50.0,13.0,0.4398249377441406,True,UNH,53.05,-0.07163053722902916,-0.012190281552592134,311624180890.0,-7.163053722902917,3477.0
PDD260116P00130000,130.0,13417.0,空头卖 Put，看涨/看不跌,1.8090958313194128,PUT,13417.0,0.0,17039590.0,9.2335561080218e-05,10M-50M,2026-01-16,118.18000030517578,116.08000183105467,116.41000366210938,118.5,116.1500015258789,12.7,11.9,13.0,1.0,0.2834544311523437,True,PDD,14.25,-0.10877192982456145,0.018090958313194128,184539843595.0,-10.877192982456146,13417.0
GS260116C00700000,700.0,1440.0,空头卖 Call，看跌/看不涨,-1.4866070152009345,CALL,1440.0,0.0,16989120.0,6.993228998487985e-05,10M-50M,2026-01-16,813.760009765625,826.0399780273438,818.5900268554688,824.72998046875,810.0,117.98,116.8,120.35,10.0,0.3729310754394531,True,GS,134.36,-0.12191128311997625,-0.014866070152009345,242936703541.0,-12.191128311997625,1440.0
SHOP260116C00115000,115.0,3750.0,空头卖 Call，看跌/看不涨,-2.7411091150585225,CALL,3750.0,0.0,16987500.0,9.32168388789843e-05,10M-50M,2026-01-16,154.29150390625,158.63999938964844,152.8000030517578,155.55999755859375,150.75999450683594,45.3,39.75,40.55,1.0,0.5610395458984375,True,SHOP,45.3,0.0,-0.027411091150585223,182236387806.0,0.0,3750.0
CRM260116P00260000,260.0,5372.0,空头卖 Put，看涨/看不跌,1.3490069840036991,PUT,5372.0,0.0,16948660.0,7.313484075797677e-05,10M-50M,2026-01-16,233.6499938964844,230.5399932861328,228.6699981689453,233.67999267578125,228.6000061035156,31.55,30.5,32.8,3.0,0.4640556524658203,True,CRM,31.8,-0.007861635220125786,0.013490069840036992,231745360000.0,-0.7861635220125787,5372.0
CIFR261016P00022000,22.0,15350.0,多头买 Put，看跌,-5.036853067892894,PUT,15350.0,0.0,16885000.0,0.0037431122846202747,10M-50M,2026-10-16,19.325000762939453,20.350000381469727,19.325000762939453,20.36000061035156,19.0,11.0,9.0,10.65,1380.0,1.1452679455566406,True,CIFR,11.0,0.0,-0.050368530678928936,4510952041.0,0.0,15350.0
INTC271217C00030000,30.0,9705.0,空头卖 Call，看跌/看不涨,-1.4647458876558526,CALL,9705.0,0.0,16838175.0,0.00010836527044377299,10M-50M,2027-12-17,39.96590042114258,40.560001373291016,39.8650016784668,40.375,39.59999847412109,17.35,17.0,17.85,2.0,0.6129189099121095,True,INTC,17.8,-0.025280898876404452,-0.014647458876558526,155383500000.0,-2.528089887640445,9705.0
AVGO260116C00330000,330.0,2511.0,空头卖 Call，看跌/看不涨,-2.8042455907755968,CALL,2511.0,0.0,16823700.0,1.0649442952086046e-05,10M-50M,2026-01-16,391.6600036621094,402.9599914550781,394.8500061035156,395.4200134277344,385.6400146484375,67.0,70.4,71.5,5.0,0.6048623498535157,True,AVGO,77.95,-0.14047466324567034,-0.02804245590775597,1579772770810.0,-14.047466324567035,2511.0
DIS270115C00100000,100.0,9324.0,多头买 Call，看涨,1.8378464118987878,CALL,9324.0,0.0,16680636.000000002,8.176319347575642e-05,10M-50M,2027-01-15,106.38999938964844,104.47000122070312,104.91999816894533,106.79000091552734,104.5,17.89,16.3,17.7,1.0,0.3284674087524414,True,DIS,16.4,0.09085365853658549,0.01837846411898788,204011552031.0,9.08536585365855,9324.0
PDD260320P00125000,125.0,14788.0,空头卖 Put，看涨/看不跌,1.8090958313194128,PUT,14788.0,0.0,16636500.0,9.015126314136941e-05,10M-50M,2026-03-20,118.18000030517578,116.08000183105467,116.41000366210938,118.5,116.1500015258789,11.25,11.0,11.3,45.0,0.2781444256591796,True,PDD,12.4,-0.092741935483871,0.018090958313194128,184539843595.0,-9.2741935483871,14788.0
NEE260918C00077500,77.5,11529.0,空头卖 Call，看跌/看不涨,-1.4428122996554527,CALL,11529.0,0.0,16463412.0,0.00010540135769838461,10M-50M,2026-09-18,85.04499816894531,86.29000091552734,85.58999633789062,85.66999816894531,84.54000091552734,14.28,12.75,13.8,5.0,0.3308782733154296,True,NEE,14.28,0.0,-0.014428122996554526,156197342800.0,0.0,11529.0
IREN260320C00040000,40.0,11418.0,空头卖 Call，看跌/看不涨,-2.950848971583658,CALL,11418.0,0.0,16133634.0,0.0014170827722171115,10M-50M,2026-03-20,46.399200439453125,47.810001373291016,45.08000183105469,47.66999816894531,44.2599983215332,14.13,13.75,15.3,18.0,1.1892130383300783,True,IREN,15.49,-0.0877985797288573,-0.02950848971583658,11385103479.0,-8.779857972885729,11418.0
CRWD260116C00390000,390.0,1379.0,空头卖 Call，看跌/看不涨,-1.177428524249505,CALL,1379.0,0.0,15968819.999999998,0.00013217599908286234,10M-50M,2026-01-16,503.1650085449219,509.1600036621094,503.4800109863281,504.2449951171875,495.010009765625,115.8,115.25,119.6,1.0,0.5576216113281252,True,CRWD,115.8,0.0,-0.01177428524249505,120814823499.0,0.0,1379.0
INTC260116C00045000,45.0,95151.0,空头卖 Call，看跌/看不涨,-1.4647458876558526,CALL,95151.0,0.0,15890216.999999998,0.00010226450684918282,10M-50M,2026-01-16,39.96590042114258,40.560001373291016,39.8650016784668,40.375,39.59999847412109,1.67,1.65,1.68,3557.0,0.6010782080078126,False,INTC,1.9,-0.12105263157894737,-0.014647458876558526,155383500000.0,-12.105263157894736,95151.0
WULF260618C00016000,16.0,37805.0,空头卖 Call，看跌/看不涨,-2.6434548121323,CALL,37805.0,0.0,15878100.0,0.0037408094594208155,10M-50M,2026-06-18,15.100000381469728,15.510000228881836,14.854999542236328,15.760000228881836,14.802000045776367,4.2,4.2,4.5,118.0,1.0698288696289064,False,WULF,4.95,-0.15151515151515152,-0.026434548121323,4244562620.0,-15.151515151515152,37805.0
BABA260116C00160000,160.0,14733.0,多头买 Call，看涨,3.31531865016855,CALL,14733.0,0.0,15779043.000000002,3.974687837579541e-05,10M-50M,2026-01-16,162.51499938964844,157.3000030517578,160.5,162.9759063720703,159.41000366210938,10.71,10.5,11.0,549.0,0.4205380212402344,True,BABA,8.05,0.33043478260869563,0.0331531865016855,396988232656.0,33.04347826086956,14733.0
NVDA260618P00130000,130.0,30842.0,空头卖 Put，看涨/看不跌,1.274126128288312,PUT,30842.0,0.0,15729419.999999998,3.6326462459616205e-06,10M-50M,2026-06-18,179.2552032470703,177.0,174.6999969482422,180.00999450683594,173.67999267578125,5.1,5.1,5.15,65.0,0.4732718688964844,False,NVDA,5.45,-0.06422018348623863,0.012741261282883122,4330017000000.0,-6.422018348623864,30842.0
ADBE251219P00350000,350.0,4721.0,空头卖 Put，看涨/看不跌,1.0026863628477352,PUT,4721.0,0.0,15673720.000000002,0.00010390207728450671,10M-50M,2025-12-19,323.33990478515625,320.1300048828125,316.57501220703125,325.9800109863281,316.1099853515625,33.2,31.4,34.2,15.0,0.5249070947265625,True,ADBE,35.06,-0.05305191100969764,0.010026863628477352,150850882000.0,-5.305191100969764,4721.0
BE260320C00090000,90.0,4657.0,空头卖 Call，看跌/看不涨,-7.369091523053882,CALL,4657.0,0.0,15554379.999999998,0.0009452827938653349,10M-50M,2026-03-20,101.19000244140624,109.23999786376952,107.08000183105467,110.83999633789062,100.3499984741211,33.4,31.3,33.5,2.0,1.290164682006836,True,BE,35.5,-0.05915492957746483,-0.07369091523053882,16454737250.0,-5.9154929577464825,4657.0
INTC260618C00045000,45.0,30122.0,空头卖 Call，看跌/看不涨,-1.4647458876558526,CALL,30122.0,0.0,15512830.000000002,9.983576119729573e-05,10M-50M,2026-06-18,39.96590042114258,40.560001373291016,39.8650016784668,40.375,39.59999847412109,5.15,5.0,5.2,496.0,0.5907023352050782,False,INTC,5.3,-0.02830188679245273,-0.014647458876558526,155383500000.0,-2.830188679245273,30122.0
NVDA260220P00190000,190.0,8057.0,空头卖 Put，看涨/看不跌,1.274126128288312,PUT,8057.0,0.0,15477497.0,3.574465642975536e-06,10M-50M,2026-02-20,179.2552032470703,177.0,174.6999969482422,180.00999450683594,173.67999267578125,19.21,19.25,19.35,163.0,0.3818116018676757,True,NVDA,20.55,-0.06520681265206811,0.012741261282883122,4330017000000.0,-6.520681265206811,8057.0
NVDA260116C00128000,128.0,2867.0,多头买 Call，看涨,1.274126128288312,CALL,2867.0,0.0,15315514.000000002,3.537056321025992e-06,10M-50M,2026-01-16,179.2552032470703,177.0,174.6999969482422,180.00999450683594,173.67999267578125,53.42,51.9,52.35,2.0,0.6044961425781252,True,NVDA,53.42,0.0,0.012741261282883122,4330017000000.0,0.0,2867.0
PAAS280121C00055000,55.0,14632.0,多头买 Call，看涨,1.452157663691197,CALL,14632.0,0.0,15217280.000000002,0.0010964586838941538,10M-50M,2028-01-21,46.33319854736328,45.66999816894531,46.56999969482422,46.5984001159668,44.880001068115234,10.4,10.2,10.8,16.0,0.5106250109863282,False,PAAS,10.0,0.040000000000000036,0.01452157663691197,13878571280.0,4.0000000000000036,14632.0
CELH260717C00040000,40.0,18015.0,多头买 Call，看涨,3.0532487589887425,CALL,18015.0,0.0,15150615.0,0.001079896611713392,10M-50M,2026-07-17,42.18999862670898,40.93999862670898,40.65999984741211,42.400001525878906,40.37009811401367,8.41,8.15,9.5,1.0,0.5970499279785157,True,CELH,8.41,0.0,0.030532487589887424,14029690283.0,0.0,18015.0
NVDA260417C00190000,190.0,9333.0,多头买 Call，看涨,1.274126128288312,CALL,9333.0,0.0,15007463.999999998,3.465913413272973e-06,10M-50M,2026-04-17,179.2552032470703,177.0,174.6999969482422,180.00999450683594,173.67999267578125,16.08,16.0,16.1,607.0,0.4659477233886719,False,NVDA,15.1,0.06490066225165554,0.012741261282883122,4330017000000.0,6.490066225165554,9333.0
NVDA261218C00220000,220.0,6812.0,多头买 Call，看涨,1.274126128288312,CALL,6812.0,0.0,15006836.000000002,3.4657683792003594e-06,10M-50M,2026-12-18,179.2552032470703,177.0,174.6999969482422,180.00999450683594,173.67999267578125,22.03,21.75,21.9,35.0,0.4834646380615235,False,NVDA,20.8,0.059134615384615404,0.012741261282883122,4330017000000.0,5.91346153846154,6812.0
UNH271217C00250000,250.0,1329.0,空头卖 Call，看跌/看不涨,-1.2190281552592135,CALL,1329.0,0.0,14884800.0,4.776522783786851e-05,10M-50M,2027-12-17,325.75,329.7699890136719,327.1600036621094,330.0599975585937,325.25,112.0,108.35,114.0,31.0,0.4331721722412109,True,UNH,112.0,0.0,-0.012190281552592134,311624180890.0,0.0,1329.0
NVDA260918P00190000,190.0,4678.0,空头卖 Put，看涨/看不跌,1.274126128288312,PUT,4678.0,0.0,14876040.0,3.4355615693887576e-06,10M-50M,2026-09-18,179.2552032470703,177.0,174.6999969482422,180.00999450683594,173.67999267578125,31.8,31.8,32.0,3.0,0.4015257601928711,True,NVDA,32.7,-0.027522935779816578,0.012741261282883122,4330017000000.0,-2.752293577981658,4678.0
AVGO270115C00400000,400.0,1803.0,空头卖 Call，看跌/看不涨,-2.8042455907755968,CALL,1803.0,0.0,14813447.999999998,9.376948554699212e-06,10M-50M,2027-01-15,391.6600036621094,402.9599914550781,394.8500061035156,395.4200134277344,385.6400146484375,82.16,83.0,84.45,58.0,0.5314606790924072,False,AVGO,87.6,-0.062100456621004545,-0.02804245590775597,1579772770810.0,-6.2100456621004545,1803.0
INTC261218P00040000,40.0,18558.0,多头买 Put，看跌,-1.4647458876558526,PUT,18558.0,0.0,14753610.0,9.494965681684348e-05,10M-50M,2026-12-18,39.96590042114258,40.560001373291016,39.8650016784668,40.375,39.59999847412109,7.95,7.3,8.2,2.0,0.5065967309570312,True,INTC,7.75,0.02580645161290325,-0.014647458876558526,155383500000.0,2.580645161290325,18558.0
APP270115C00700000,700.0,1029.0,多头买 Call，看涨,1.2124359084004284,CALL,1029.0,0.0,14632379.999999998,6.45792848278186e-05,10M-50M,2027-01-15,606.748291015625,599.47998046875,588.1300048828125,607.1900024414062,576.0,142.2,139.5,144.5,1.0,0.6842301474761965,False,APP,130.48,0.08982219497240956,0.012124359084004284,226580087392.0,8.982219497240957,1029.0
NKE260116P00080000,80.0,9208.0,空头卖 Put，看涨/看不跌,1.7638858704858578,PUT,9208.0,0.0,14622304.0,0.00014284590422866547,10M-50M,2026-01-16,65.7699966430664,64.62999725341797,63.77000045776367,65.83000183105469,63.58000183105469,15.88,14.5,16.75,5.0,0.5793499096679688,True,NKE,16.75,-0.05194029850746264,0.017638858704858578,102364181031.0,-5.194029850746264,9208.0
NKE260116P00075000,75.0,13498.0,空头卖 Put，看涨/看不跌,1.7638858704858578,PUT,13498.0,0.0,14577840.000000002,0.00014241153353813522,10M-50M,2026-01-16,65.7699966430664,64.62999725341797,63.77000045776367,65.83000183105469,63.58000183105469,10.8,10.15,11.1,3.0,0.5219774365234374,True,NKE,11.32,-0.04593639575971727,0.017638858704858578,102364181031.0,-4.593639575971728,13498.0
CORZ251219C00015000,15.0,71728.0,空头卖 Call，看跌/看不涨,-3.1379443365859525,CALL,71728.0,0.0,14560784.0,0.002829461680791224,10M-50M,2025-12-19,16.360000610351562,16.889999389648438,16.147499084472656,16.719999313354492,16.1200008392334,2.03,2.06,2.25,34.0,0.960937890625,True,CORZ,2.48,-0.18145161290322587,-0.03137944336585952,5146132248.0,-18.145161290322587,71728.0
INTC260116C00033000,33.0,18599.0,空头卖 Call，看跌/看不涨,-1.4647458876558526,CALL,18599.0,0.0,14488621.0,9.324426982272893e-05,10M-50M,2026-01-16,39.96590042114258,40.560001373291016,39.8650016784668,40.375,39.59999847412109,7.79,7.8,8.3,21.0,0.6796907031250001,True,INTC,8.15,-0.04417177914110433,-0.014647458876558526,155383500000.0,-4.417177914110433,18599.0
COIN260220P00310000,310.0,2239.0,多头买 Put，看跌,-6.007629282466677,PUT,2239.0,0.0,14441550.0,0.00017980846067675076,10M-50M,2026-02-20,256.42999267578125,272.82000732421875,260.4750061035156,265.8800048828125,252.1999969482422,64.5,63.3,65.0,5.0,0.5647626531982424,True,COIN,55.6,0.16007194244604314,-0.060076292824666776,80316298497.0,16.007194244604314,2239.0
AVGO271217C00380000,380.0,1128.0,空头卖 Call，看跌/看不涨,-2.8042455907755968,CALL,1128.0,0.0,14438400.0,9.139542259990322e-06,10M-50M,2027-12-17,391.6600036621094,402.9599914550781,394.8500061035156,395.4200134277344,385.6400146484375,128.0,122.2,125.2,22.0,0.5485350933074952,True,AVGO,128.0,0.0,-0.02804245590775597,1579772770810.0,0.0,1128.0
NVDA260918C00145000,145.0,2845.0,多头买 Call，看涨,1.274126128288312,CALL,2845.0,0.0,14438375.0,3.3344845990212048e-06,10M-50M,2026-09-18,179.2552032470703,177.0,174.6999969482422,180.00999450683594,173.67999267578125,50.75,50.45,50.95,1.0,0.5348557257080078,True,NVDA,49.35,0.028368794326241106,0.012741261282883122,4330017000000.0,2.8368794326241105,2845.0
EQX260116C00010000,10.0,34838.0,多头买 Call，看涨,2.0533130047714634,CALL,34838.0,0.0,14422931.999999998,0.0017578846287855966,10M-50M,2026-01-16,14.164999961853027,13.880000114440918,14.140000343322754,14.220000267028809,13.81999969482422,4.14,4.1,4.3,146.0,0.5468795312500001,True,EQX,4.0,0.03499999999999992,0.020533130047714634,8204709094.0,3.499999999999992,34838.0
NKE260116P00070000,70.0,21595.0,空头卖 Put，看涨/看不跌,1.7638858704858578,PUT,21595.0,0.0,14360675.0,0.00014029003949781035,10M-50M,2026-01-16,65.7699966430664,64.62999725341797,63.77000045776367,65.83000183105469,63.58000183105469,6.65,6.35,6.55,12.0,0.4216366430664062,True,NKE,7.25,-0.08275862068965513,0.017638858704858578,102364181031.0,-8.275862068965512,21595.0
HOOD261218C00155000,155.0,5316.0,空头卖 Call，看跌/看不涨,-5.198854112373502,CALL,5316.0,0.0,14358516.0,0.00013360851831648333,10M-50M,2026-12-18,121.80999755859376,128.49000549316406,123.5999984741211,125.28990173339844,118.86000061035156,27.01,21.95,22.9,4.0,0.663638617553711,False,HOOD,27.01,0.0,-0.05198854112373502,107467070071.0,0.0,5316.0
NVDA270617P00180000,180.0,4020.0,空头卖 Put，看涨/看不跌,1.274126128288312,PUT,4020.0,0.0,14343360.0,3.3125412671589973e-06,10M-50M,2027-06-17,179.2552032470703,177.0,174.6999969482422,180.00999450683594,173.67999267578125,35.68,35.35,35.65,9.0,0.4003813624572754,True,NVDA,36.1,-0.011634349030470961,0.012741261282883122,4330017000000.0,-1.163434903047096,4020.0
IBM260116C00270000,270.0,3759.0,空头卖 Call，看跌/看不涨,-1.3015414354417905,CALL,3759.0,0.0,14284200.0,5.3935158162893696e-05,10M-50M,2026-01-16,304.5636901855469,308.5799865722656,306.5050048828125,306.8800048828125,302.79998779296875,38.0,36.15,38.2,4.0,0.3663393444824219,True,IBM,39.08,-0.027635619242579283,-0.013015414354417904,264840235693.0,-2.763561924257928,3759.0
GS261218C00600000,600.0,626.0,空头卖 Call，看跌/看不涨,-1.4866070152009345,CALL,626.0,0.0,14241500.0,5.8622265768896e-05,10M-50M,2026-12-18,813.760009765625,826.0399780273438,818.5900268554688,824.72998046875,810.0,227.5,239.0,246.0,2.0,0.3745027149963378,True,GS,227.5,0.0,-0.014866070152009345,242936703541.0,0.0,626.0
NVDA260618C00230000,230.0,15091.0,多头买 Call，看涨,1.274126128288312,CALL,15091.0,0.0,14230813.0,3.28654899045431e-06,10M-50M,2026-06-18,179.2552032470703,177.0,174.6999969482422,180.00999450683594,173.67999267578125,9.43,9.3,9.4,96.0,0.4624992715454102,False,NVDA,8.75,0.07771428571428568,0.012741261282883122,4330017000000.0,7.771428571428568,15091.0
NVDA260918C00135000,135.0,2451.0,多头买 Call，看涨,1.274126128288312,CALL,2451.0,0.0,14215800.0,3.2830817985241167e-06,10M-50M,2026-09-18,179.2552032470703,177.0,174.6999969482422,180.00999450683594,173.67999267578125,58.0,57.2,57.85,18.0,0.5509383285522461,True,NVDA,55.6,0.043165467625899255,0.012741261282883122,4330017000000.0,4.316546762589925,2451.0
CORZ260320C00017000,17.0,48300.0,空头卖 Call，看跌/看不涨,-3.1379443365859525,CALL,48300.0,0.0,14200200.0,0.002759392746954528,10M-50M,2026-03-20,16.360000610351562,16.889999389648438,16.147499084472656,16.719999313354492,16.1200008392334,2.94,2.93,2.96,40.0,0.9003916210937499,False,CORZ,3.4,-0.13529411764705881,-0.03137944336585952,5146132248.0,-13.529411764705882,48300.0
BABA260116C00125000,125.0,4129.0,多头买 Call，看涨,3.31531865016855,CALL,4129.0,0.0,14137696.000000002,3.561238051166786e-05,10M-50M,2026-01-16,162.51499938964844,157.3000030517578,160.5,162.9759063720703,159.41000366210938,34.24,36.95,39.5,3.0,0.6346472082519532,True,BABA,34.24,0.0,0.0331531865016855,396988232656.0,0.0,4129.0
NVDA260116P00165000,165.0,30204.0,空头卖 Put，看涨/看不跌,1.274126128288312,PUT,30204.0,0.0,14135472.0,3.2645303702040893e-06,10M-50M,2026-01-16,179.2552032470703,177.0,174.6999969482422,180.00999450683594,173.67999267578125,4.68,4.65,4.7,778.0,0.4187069848632812,False,NVDA,5.35,-0.1252336448598131,0.012741261282883122,4330017000000.0,-12.52336448598131,30204.0
NVDA260320P00210000,210.0,3804.0,空头卖 Put，看涨/看不跌,1.274126128288312,PUT,3804.0,0.0,14109036.000000002,3.258425082395751e-06,10M-50M,2026-03-20,179.2552032470703,177.0,174.6999969482422,180.00999450683594,173.67999267578125,37.09,36.15,36.45,81.0,0.3960021337890625,True,NVDA,37.82,-0.019301956636700077,0.012741261282883122,4330017000000.0,-1.9301956636700077,3804.0
RKLB270115C00035000,35.0,8325.0,空头卖 Call，看跌/看不涨,-2.9660674797687068,CALL,8325.0,0.0,14010975.0,0.0006318366620236092,10M-50M,2027-01-15,40.890098571777344,42.13999938964844,41.09999847412109,41.19869995117188,39.97999954223633,16.83,16.35,17.55,3.0,0.8934336828613281,True,RKLB,18.18,-0.07425742574257434,-0.029660674797687067,22174995283.0,-7.425742574257434,8325.0
INTC260618C00038000,38.0,18313.0,空头卖 Call，看跌/看不涨,-1.4647458876558526,CALL,18313.0,0.0,14009445.000000002,9.016044174574521e-05,10M-50M,2026-06-18,39.96590042114258,40.560001373291016,39.8650016784668,40.375,39.59999847412109,7.65,7.6,8.1,141.0,0.5975382043457032,True,INTC,8.0,-0.043749999999999956,-0.014647458876558526,155383500000.0,-4.374999999999996,18313.0
NVDA260515P00140000,140.0,24056.0,空头卖 Put，看涨/看不跌,1.274126128288312,PUT,24056.0,0.0,13832200.0,3.194490922322014e-06,10M-50M,2026-05-15,179.2552032470703,177.0,174.6999969482422,180.00999450683594,173.67999267578125,5.75,5.75,5.85,415.0,0.4586235778808594,False,NVDA,6.24,-0.07852564102564105,0.012741261282883122,4330017000000.0,-7.852564102564105,24056.0
NVDA270617C00210000,210.0,4036.0,多头买 Call，看涨,1.274126128288312,CALL,4036.0,0.0,13807156.0,3.1887071113115723e-06,10M-50M,2027-06-17,179.2552032470703,177.0,174.6999969482422,180.00999450683594,173.67999267578125,34.21,33.6,33.85,23.0,0.501179915008545,False,NVDA,32.51,0.05229160258382046,0.012741261282883122,4330017000000.0,5.229160258382046,4036.0
IBM260116C00250000,250.0,2398.0,空头卖 Call，看跌/看不涨,-1.3015414354417905,CALL,2398.0,0.0,13778908.000000002,5.2027245648476036e-05,10M-50M,2026-01-16,304.5636901855469,308.5799865722656,306.5050048828125,306.8800048828125,302.79998779296875,57.46,54.85,57.75,1.0,0.4923146472167969,True,IBM,59.9,-0.04073455759599329,-0.013015414354417904,264840235693.0,-4.073455759599328,2398.0
RIVN260116C00015000,15.0,45438.0,多头买 Call，看涨,2.5877832853818816,CALL,45438.0,0.0,13767713.999999998,0.0007277790598066755,10M-50M,2026-01-16,17.296300888061523,16.860000610351562,16.511999130249023,17.530000686645508,16.511999130249023,3.03,2.91,3.1,244.0,0.6953155468750001,True,RIVN,2.56,0.1835937499999999,0.025877832853818814,18917436294.0,18.35937499999999,45438.0
NVDA260116P00195000,195.0,7071.0,空头卖 Put，看涨/看不跌,1.274126128288312,PUT,7071.0,0.0,13717740.0,3.168056845966194e-06,10M-50M,2026-01-16,179.2552032470703,177.0,174.6999969482422,180.00999450683594,173.67999267578125,19.4,19.65,19.75,34.0,0.37305314453125,True,NVDA,21.26,-0.08748824082784586,0.012741261282883122,4330017000000.0,-8.748824082784585,7071.0
EOSE270115P00012500,12.5,31419.0,多头买 Put，看跌,-3.463789430234416,PUT,31419.0,0.0,13667265.0,0.005197235003054755,10M-50M,2027-01-15,14.52869987487793,15.050000190734863,14.55500030517578,14.749099731445312,14.211999893188477,4.35,4.3,4.75,57.0,1.0053760668945313,False,EOSE,4.35,0.0,-0.03463789430234416,2629718493.0,0.0,31419.0
U270115C00040000,40.0,9485.0,多头买 Call，看涨,4.33913734910661,CALL,9485.0,0.0,13629944.999999998,0.0007544167226705585,10M-50M,2027-01-15,44.3650016784668,42.52000045776367,42.77000045776367,44.560001373291016,41.22999954223633,14.37,13.0,15.5,11.0,0.6840851904296876,True,U,13.52,0.06286982248520707,0.0433913734910661,18066864891.0,6.286982248520707,9485.0
GS260116C00620000,620.0,680.0,空头卖 Call，看跌/看不涨,-1.4866070152009345,CALL,680.0,0.0,13581640.0,5.590608500912605e-05,10M-50M,2026-01-16,813.760009765625,826.0399780273438,818.5900268554688,824.72998046875,810.0,199.73,191.2,196.5,4.0,0.4713187634277344,True,GS,199.73,0.0,-0.014866070152009345,242936703541.0,0.0,680.0
MSTR270115P00200000,200.0,1745.0,多头买 Put，看跌,-10.455466001955964,PUT,1745.0,0.0,13551669.999999998,0.00015463786746504105,10M-50M,2027-01-15,158.65499877929688,177.17999267578125,168.25,168.25,155.802001953125,77.66,77.1,78.25,4.0,0.7404505935668945,True,MSTR,67.37,0.15273860768888217,-0.10455466001955964,87634873800.0,15.273860768888218,1745.0
NVDA260918C00160000,160.0,3263.0,多头买 Call，看涨,1.274126128288312,CALL,3263.0,0.0,13541450.0,3.1273433799451596e-06,10M-50M,2026-09-18,179.2552032470703,177.0,174.6999969482422,180.00999450683594,173.67999267578125,41.5,41.35,41.55,12.0,0.514653291015625,True,NVDA,39.89,0.040360992730007504,0.012741261282883122,4330017000000.0,4.03609927300075,3263.0
AVGO261218C00350000,350.0,1302.0,空头卖 Call，看跌/看不涨,-2.8042455907755968,CALL,1302.0,0.0,13521269.999999998,8.558996742972859e-06,10M-50M,2026-12-18,391.6600036621094,402.9599914550781,394.8500061035156,395.4200134277344,385.6400146484375,103.85,103.95,106.1,7.0,0.5528914340209962,True,AVGO,110.03,-0.056166500045442214,-0.02804245590775597,1579772770810.0,-5.616650004544221,1302.0
BABA260320C00130000,130.0,3736.0,多头买 Call，看涨,3.31531865016855,CALL,3736.0,0.0,13486960.0,3.39731984239613e-05,10M-50M,2026-03-20,162.51499938964844,157.3000030517578,160.5,162.9759063720703,159.41000366210938,36.1,35.1,37.5,4.0,0.514653291015625,True,BABA,32.75,0.1022900763358779,0.0331531865016855,396988232656.0,10.22900763358779,3736.0
RBLX260116C00075000,75.0,6837.0,空头卖 Call，看跌/看不涨,-1.3532521308193501,CALL,6837.0,0.0,13482563.999999998,0.00014399849932951561,10M-50M,2026-01-16,93.74400329589844,95.02999877929688,93.01000213623048,93.94989776611328,90.6500015258789,19.72,17.85,20.05,1.0,0.5864299169921875,True,RBLX,19.72,0.0,-0.013532521308193502,93629892414.0,0.0,6837.0
U260116C00045000,45.0,39144.0,多头买 Call，看涨,4.33913734910661,CALL,39144.0,0.0,13465535.999999998,0.0007453166933632104,10M-50M,2026-01-16,44.3650016784668,42.52000045776367,42.77000045776367,44.560001373291016,41.22999954223633,3.44,3.5,3.6,197.0,0.6049844189453126,False,U,2.89,0.19031141868512103,0.0433913734910661,18066864891.0,19.0311418685121,39144.0
NEM260116C00070000,70.0,6113.0,多头买 Call，看涨,1.8075601553729281,CALL,6113.0,0.0,13393582.999999998,0.00014302837392606615,10M-50M,2026-01-16,92.37000274658205,90.7300033569336,92.0,92.87999725341795,90.86000061035156,21.91,22.35,23.25,3.0,0.508793974609375,True,NEM,21.91,0.0,0.01807560155372928,93642839056.0,0.0,6113.0
AVGO260116C00390000,390.0,4311.0,空头卖 Call，看跌/看不涨,-2.8042455907755968,CALL,4311.0,0.0,13170105.000000002,8.336708445257774e-06,10M-50M,2026-01-16,391.6600036621094,402.9599914550781,394.8500061035156,395.4200134277344,385.6400146484375,30.55,30.15,30.45,1233.0,0.5302171002197267,True,AVGO,36.5,-0.16301369863013696,-0.02804245590775597,1579772770810.0,-16.301369863013697,4311.0
NVDA271217P00185000,185.0,3046.0,空头卖 Put，看涨/看不跌,1.274126128288312,PUT,3046.0,0.0,13158720.000000002,3.038953426741743e-06,10M-50M,2027-12-17,179.2552032470703,177.0,174.6999969482422,180.00999450683594,173.67999267578125,43.2,42.75,43.05,1.0,0.3912261805725097,True,NVDA,43.2,0.0,0.012741261282883122,4330017000000.0,0.0,3046.0
BABA260618C00200000,200.0,13699.0,多头买 Call，看涨,3.31531865016855,CALL,13699.0,0.0,13068846.0,3.291998332687225e-05,10M-50M,2026-06-18,162.51499938964844,157.3000030517578,160.5,162.9759063720703,159.41000366210938,9.54,9.4,9.65,84.0,0.4493463269042969,False,BABA,8.38,0.13842482100238643,0.0331531865016855,396988232656.0,13.842482100238643,13699.0
NVDA260618P00175000,175.0,6462.0,空头卖 Put，看涨/看不跌,1.274126128288312,PUT,6462.0,0.0,13053240.0,3.0145932452459194e-06,10M-50M,2026-06-18,179.2552032470703,177.0,174.6999969482422,180.00999450683594,173.67999267578125,20.2,19.7,19.9,1150.0,0.4219112985229492,False,NVDA,20.7,-0.024154589371980676,0.012741261282883122,4330017000000.0,-2.4154589371980677,6462.0
IREN251219P00060000,60.0,9099.0,多头买 Put，看跌,-2.950848971583658,PUT,9099.0,0.0,12856887.000000002,0.001129272739919732,10M-50M,2025-12-19,46.399200439453125,47.810001373291016,45.08000183105469,47.66999816894531,44.2599983215332,14.13,14.55,15.65,8.0,1.249515471191406,True,IREN,13.13,0.07616146230007616,-0.02950848971583658,11385103479.0,7.616146230007616,9099.0
AVGO260320C00360000,360.0,2090.0,空头卖 Call，看跌/看不涨,-2.8042455907755968,CALL,2090.0,0.0,12853500.0,8.136296711462877e-06,10M-50M,2026-03-20,391.6600036621094,402.9599914550781,394.8500061035156,395.4200134277344,385.6400146484375,61.5,63.2,64.1,18.0,0.5650678259277344,True,AVGO,70.75,-0.13074204946996468,-0.02804245590775597,1579772770810.0,-13.074204946996467,2090.0
CRM270115P00250000,250.0,2900.0,空头卖 Put，看涨/看不跌,1.3490069840036991,PUT,2900.0,0.0,12849900.0,5.5448359354422455e-05,10M-50M,2027-01-15,233.6499938964844,230.5399932861328,228.6699981689453,233.67999267578125,228.6000061035156,44.31,42.0,45.5,1.0,0.3614870980834961,True,CRM,44.31,0.0,0.013490069840036992,231745360000.0,0.0,2900.0
IBM260116C00230000,230.0,1681.0,空头卖 Call，看跌/看不涨,-1.3015414354417905,CALL,1681.0,0.0,12847883.000000002,4.851182436981793e-05,10M-50M,2026-01-16,304.5636901855469,308.5799865722656,306.5050048828125,306.8800048828125,302.79998779296875,76.43,73.9,76.35,1.0,0.5506636730957033,True,IBM,80.18,-0.046769768021950604,-0.013015414354417904,264840235693.0,-4.67697680219506,1681.0
CIFR270115C00020000,20.0,13951.0,空头卖 Call，看跌/看不涨,-5.036853067892894,CALL,13951.0,0.0,12834920.0,0.002845279640160998,10M-50M,2027-01-15,19.325000762939453,20.350000381469727,19.325000762939453,20.36000061035156,19.0,9.2,9.0,9.35,91.0,1.2231484155273438,False,CIFR,9.34,-0.01498929336188443,-0.050368530678928936,4510952041.0,-1.498929336188443,13951.0
HOOD270115C00120000,120.0,3569.0,空头卖 Call，看跌/看不涨,-5.198854112373502,CALL,3569.0,0.0,12759175.0,0.00011872636884554894,10M-50M,2027-01-15,121.80999755859376,128.49000549316406,123.5999984741211,125.28990173339844,118.86000061035156,35.75,35.05,35.75,73.0,0.6886932986450197,True,HOOD,40.6,-0.11945812807881777,-0.05198854112373502,107467070071.0,-11.945812807881778,3569.0
NVDA260417P00190000,190.0,5326.0,空头卖 Put，看涨/看不跌,1.274126128288312,PUT,5326.0,0.0,12729140.0,2.9397436545861135e-06,10M-50M,2026-04-17,179.2552032470703,177.0,174.6999969482422,180.00999450683594,173.67999267578125,23.9,24.05,24.2,2.0,0.4061949029541015,True,NVDA,25.2,-0.05158730158730162,0.012741261282883122,4330017000000.0,-5.158730158730162,5326.0
COIN270115P00200000,200.0,4051.0,多头买 Put，看跌,-6.007629282466677,PUT,4051.0,0.0,12671528.0,0.00015777031856707528,10M-50M,2027-01-15,256.42999267578125,272.82000732421875,260.4750061035156,265.8800048828125,252.1999969482422,31.28,33.65,35.3,4.0,0.6186866744995119,False,COIN,31.28,0.0,-0.060076292824666776,80316298497.0,0.0,4051.0
GS251219C00700000,700.0,1120.0,空头卖 Call，看跌/看不涨,-1.4866070152009345,CALL,1120.0,0.0,12657120.000000002,5.210048467568789e-05,10M-50M,2025-12-19,813.760009765625,826.0399780273438,818.5900268554688,824.72998046875,810.0,113.01,110.75,115.0,15.0,0.3719545227050781,True,GS,127.4,-0.1129513343799058,-0.014866070152009345,242936703541.0,-11.29513343799058,1120.0
NVDA251219C00132000,132.0,2644.0,多头买 Call，看涨,1.274126128288312,CALL,2644.0,0.0,12648896.0,2.9212116257280284e-06,10M-50M,2025-12-19,179.2552032470703,177.0,174.6999969482422,180.00999450683594,173.67999267578125,47.84,47.15,47.8,6.0,0.6709017285156251,True,NVDA,45.16,0.05934455270150591,0.012741261282883122,4330017000000.0,5.9344552701505915,2644.0
CRWV260320P00070000,70.0,10257.0,空头卖 Put，看涨/看不跌,2.4753795002809373,PUT,10257.0,0.0,12564825.0,0.00021370639494540513,10M-50M,2026-03-20,74.93000030517578,73.12000274658203,71.0,75.31999969482422,69.32009887695312,12.25,12.0,12.45,7.0,0.9291999267578124,False,CRWV,12.6,-0.027777777777777752,0.024753795002809373,58794801172.0,-2.777777777777775,10257.0
COIN260220P00330000,330.0,1505.0,多头买 Put，看跌,-6.007629282466677,PUT,1505.0,0.0,12556215.0,0.00015633458258125534,10M-50M,2026-02-20,256.42999267578125,272.82000732421875,260.4750061035156,265.8800048828125,252.1999969482422,83.43,78.75,81.3,16.0,0.5430343548583985,True,COIN,69.6,0.19870689655172433,-0.060076292824666776,80316298497.0,19.870689655172434,1505.0
RIVN270115C00020000,20.0,28808.0,多头买 Call，看涨,2.5877832853818816,CALL,28808.0,0.0,12531479.999999998,0.000662430141444408,10M-50M,2027-01-15,17.296300888061523,16.860000610351562,16.511999130249023,17.530000686645508,16.511999130249023,4.35,4.2,4.35,654.0,0.7175321215820312,False,RIVN,4.09,0.06356968215158919,0.025877832853818814,18917436294.0,6.356968215158918,28808.0
NVDA251219C00142000,142.0,3161.0,多头买 Call，看涨,1.274126128288312,CALL,3161.0,0.0,12454340.0,2.8762797005184968e-06,10M-50M,2025-12-19,179.2552032470703,177.0,174.6999969482422,180.00999450683594,173.67999267578125,39.4,37.2,37.7,4.0,0.5185595019531251,True,NVDA,39.4,0.0,0.012741261282883122,4330017000000.0,0.0,3161.0
INTC260320C00048000,48.0,45463.0,空头卖 Call，看跌/看不涨,-1.4647458876558526,CALL,45463.0,0.0,12411399.0,7.987591346571547e-05,10M-50M,2026-03-20,39.96590042114258,40.560001373291016,39.8650016784668,40.375,39.59999847412109,2.73,2.62,2.83,178.0,0.6164589135742189,False,INTC,2.87,-0.04878048780487809,-0.014647458876558526,155383500000.0,-4.878048780487809,45463.0
UAA270115P00005000,5.0,120816.0,空头卖 Put，看涨/看不跌,1.4069276803151503,PUT,120816.0,0.0,12323232.0,0.005782197462687671,10M-50M,2027-01-15,4.684999942779541,4.619999885559082,4.570000171661377,4.699999809265137,4.5320000648498535,1.02,0.8,1.25,3.0,0.5371140039062501,True,UAA,1.1,-0.07272727272727278,0.014069276803151502,2131236797.0,-7.272727272727278,120816.0
BABA260320C00165000,165.0,8449.0,多头买 Call，看涨,3.31531865016855,CALL,8449.0,0.0,12293295.000000002,3.096639645400382e-05,10M-50M,2026-03-20,162.51499938964844,157.3000030517578,160.5,162.9759063720703,159.41000366210938,14.55,14.35,14.7,23.0,0.4449518395996094,False,BABA,12.05,0.20746887966804978,0.0331531865016855,396988232656.0,20.746887966804977,8449.0
ONON270115C00045000,45.0,12836.0,多头买 Call，看涨,1.4776032879758128,CALL,12836.0,0.0,12219872.0,0.0004533073292910204,10M-50M,2027-01-15,44.63999938964844,43.9900016784668,43.52000045776367,45.0,43.16999816894531,9.52,9.1,9.65,15.0,0.5100146655273439,False,ONON,9.25,0.029189189189189144,0.014776032879758127,26957146312.0,2.9189189189189144,12836.0
RKLB280121P00050000,50.0,5504.0,多头买 Put，看跌,-2.9660674797687068,PUT,5504.0,0.0,12218880.0,0.0005510206358134989,10M-50M,2028-01-21,40.890098571777344,42.13999938964844,41.09999847412109,41.19869995117188,39.97999954223633,22.2,22.6,24.5,5.0,0.7397486962890624,True,RKLB,22.2,0.0,-0.029660674797687067,22174995283.0,0.0,5504.0
RUN260918P00015000,15.0,40029.0,多头买 Put，看跌,-6.814810670452354,PUT,40029.0,0.0,12208845.0,0.0029945331377317424,10M-50M,2026-09-18,18.8700008392334,20.25,19.549999237060547,19.88999938964844,18.549999237060547,3.05,2.63,3.2,1.0,0.7788108056640625,False,RUN,3.05,0.0,-0.06814810670452354,4077044547.0,0.0,40029.0
NVDA260220P00210000,210.0,3557.0,空头卖 Put，看涨/看不跌,1.274126128288312,PUT,3557.0,0.0,12204067.000000002,2.8184801583919882e-06,10M-50M,2026-02-20,179.2552032470703,177.0,174.6999969482422,180.00999450683594,173.67999267578125,34.31,33.75,34.1,19.0,0.3692690026855468,True,NVDA,35.74,-0.040011191941801895,0.012741261282883122,4330017000000.0,-4.001119194180189,3557.0
IBM270115C00260000,260.0,1774.0,空头卖 Call，看跌/看不涨,-1.3015414354417905,CALL,1774.0,0.0,12164318.0,4.593077773160098e-05,10M-50M,2027-01-15,304.5636901855469,308.5799865722656,306.5050048828125,306.8800048828125,302.79998779296875,68.57,66.0,70.5,11.0,0.3777528045654296,True,IBM,68.57,0.0,-0.013015414354417904,264840235693.0,0.0,1774.0
AVGO260618C00320000,320.0,1242.0,空头卖 Call，看跌/看不涨,-2.8042455907755968,CALL,1242.0,0.0,12128130.0,7.67713574008591e-06,10M-50M,2026-06-18,391.6600036621094,402.9599914550781,394.8500061035156,395.4200134277344,385.6400146484375,97.65,102.1,103.6,7.0,0.5826457751464844,True,AVGO,110.1,-0.11307901907356939,-0.02804245590775597,1579772770810.0,-11.30790190735694,1242.0
ADBE260116P00350000,350.0,3081.0,空头卖 Put，看涨/看不跌,1.0026863628477352,PUT,3081.0,0.0,12123735.0,8.036900307947819e-05,10M-50M,2026-01-16,323.33990478515625,320.1300048828125,316.57501220703125,325.9800109863281,316.1099853515625,39.35,33.85,36.6,1.0,0.4275875112915039,True,ADBE,39.35,0.0,0.010026863628477352,150850882000.0,0.0,3081.0
NVDA261218P00180000,180.0,4048.0,空头卖 Put，看涨/看不跌,1.274126128288312,PUT,4048.0,0.0,12083280.0,2.790584886849174e-06,10M-50M,2026-12-18,179.2552032470703,177.0,174.6999969482422,180.00999450683594,173.67999267578125,29.85,29.75,29.95,58.0,0.4061338684082031,True,NVDA,30.8,-0.03084415584415582,0.012741261282883122,4330017000000.0,-3.084415584415582,4048.0
COIN270115P00250000,250.0,1975.0,多头买 Put，看跌,-6.007629282466677,PUT,1975.0,0.0,11988250.0,0.00014926297929987136,10M-50M,2027-01-15,256.42999267578125,272.82000732421875,260.4750061035156,265.8800048828125,252.1999969482422,60.7,58.35,59.85,3.0,0.5905497488403321,False,COIN,54.1,0.12199630314232904,-0.060076292824666776,80316298497.0,12.199630314232904,1975.0
NKE270115P00060000,60.0,16551.0,空头卖 Put，看涨/看不跌,1.7638858704858578,PUT,16551.0,0.0,11982924.0,0.0001170616897366774,10M-50M,2027-01-15,65.7699966430664,64.62999725341797,63.77000045776367,65.83000183105469,63.58000183105469,7.24,6.0,7.35,2.0,0.3774476318359374,False,NKE,7.24,0.0,0.017638858704858578,102364181031.0,0.0,16551.0
AVGO270115C00330000,330.0,1014.0,空头卖 Call，看跌/看不涨,-2.8042455907755968,CALL,1014.0,0.0,11975340.0,7.5804192990741706e-06,10M-50M,2027-01-15,391.6600036621094,402.9599914550781,394.8500061035156,395.4200134277344,385.6400146484375,118.1,116.65,119.55,2.0,0.5576521286010744,True,AVGO,122.85,-0.03866503866503867,-0.02804245590775597,1579772770810.0,-3.8665038665038667,1014.0
BABA251219P00190000,190.0,3676.0,空头卖 Put，看涨/看不跌,3.31531865016855,PUT,3676.0,0.0,11965379.999999998,3.014038960285327e-05,10M-50M,2025-12-19,162.51499938964844,157.3000030517578,160.5,162.9759063720703,159.41000366210938,32.55,27.15,29.3,16.0,0.6333044482421876,True,BABA,32.55,0.0,0.0331531865016855,396988232656.0,0.0,3676.0
RIVN260320C00015000,15.0,31281.0,多头买 Call，看涨,2.5877832853818816,CALL,31281.0,0.0,11886779.999999998,0.0006283504707120436,10M-50M,2026-03-20,17.296300888061523,16.860000610351562,16.511999130249023,17.530000686645508,16.511999130249023,3.8,3.75,3.95,61.0,0.7236355761718749,True,RIVN,3.45,0.10144927536231874,0.025877832853818814,18917436294.0,10.144927536231874,31281.0
TEM260116C00055000,55.0,4919.0,空头卖 Call，看跌/看不涨,-1.7964859751013296,CALL,4919.0,0.0,11859709.0,0.0008698539171211157,10M-50M,2026-01-16,76.52999877929688,77.93000030517578,75.5,77.05000305175781,74.45999908447266,24.11,21.3,22.9,2.0,0.6606479248046876,True,TEM,24.11,0.0,-0.017964859751013296,13634138752.0,0.0,4919.0
INTC260116C00050000,50.0,123431.0,空头卖 Call，看跌/看不涨,-1.4647458876558526,CALL,123431.0,0.0,11849376.0,7.625890779909063e-05,10M-50M,2026-01-16,39.96590042114258,40.560001373291016,39.8650016784668,40.375,39.59999847412109,0.96,0.91,0.95,3382.0,0.6499058447265625,False,INTC,1.09,-0.11926605504587166,-0.014647458876558526,155383500000.0,-11.926605504587167,123431.0
UNH270115P00300000,300.0,3576.0,多头买 Put，看跌,-1.2190281552592135,PUT,3576.0,0.0,11836560.0,3.798344520696287e-05,10M-50M,2027-01-15,325.75,329.7699890136719,327.1600036621094,330.0599975585937,325.25,33.1,33.25,35.9,1000.0,0.3624789094543457,False,UNH,33.0,0.0030303030303030732,-0.012190281552592134,311624180890.0,0.3030303030303073,3576.0
HOOD270115C00090000,90.0,2382.0,空头卖 Call，看跌/看不涨,-5.198854112373502,CALL,2382.0,0.0,11826630.0,0.00011004887350317199,10M-50M,2027-01-15,121.80999755859376,128.49000549316406,123.5999984741211,125.28990173339844,118.86000061035156,49.65,49.65,50.75,48.0,0.7324245507812499,True,HOOD,55.3,-0.10216998191681734,-0.05198854112373502,107467070071.0,-10.216998191681734,2382.0
T260116C00020000,20.0,19407.0,空头卖 Call，看跌/看不涨,-1.3259078194988496,CALL,19407.0,0.0,11818862.999999998,5.838568417391929e-05,10M-50M,2026-01-16,25.674999237060547,26.020000457763672,25.950000762939453,25.96999931335449,25.61000061035156,6.09,5.5,6.35,17.0,0.5712933496093751,True,T,6.09,0.0,-0.013259078194988496,202427412939.0,0.0,19407.0
MRK260116C00080000,80.0,4944.0,空头卖 Call，看跌/看不涨,-1.6417062303979588,CALL,4944.0,0.0,11816160.0,6.021714293425144e-05,10M-50M,2026-01-16,103.10900115966795,104.83000183105467,104.72000122070312,105.68000030517578,102.91000366210938,23.9,22.75,24.35,2.0,0.6149940844726562,True,MRK,25.35,-0.057199211045365,-0.016417062303979588,196225849056.0,-5.719921104536501,4944.0
SMCI260320P00040000,40.0,12961.0,多头买 Put，看跌,-1.4918678764610516,PUT,12961.0,0.0,11807471.0,0.0004336262637287774,10M-50M,2026-03-20,33.345001220703125,33.849998474121094,33.29999923706055,33.45000076293945,32.56999969482422,9.11,9.1,9.7,1.0,0.6828644995117189,True,SMCI,9.11,0.0,-0.014918678764610517,27229602973.0,0.0,12961.0
SBUX260618C00080000,80.0,10156.0,空头卖 Call，看跌/看不涨,-1.2972072615089472,CALL,10156.0,0.0,11780960.0,0.00012428560982859975,10M-50M,2026-06-18,85.9800033569336,87.11000061035156,86.13500213623047,86.50440216064453,84.8499984741211,11.6,11.3,12.0,1.0,0.3554141607666015,True,SBUX,13.03,-0.10974673829623943,-0.012972072615089472,94789413000.0,-10.974673829623944,10156.0
BIDU260116C00110000,110.0,9185.0,多头买 Call，看涨,1.9163297762561946,CALL,9185.0,0.0,11756800.0,0.00026038922694384423,10M-50M,2026-01-16,119.12999725341795,116.88999938964844,118.37999725341795,119.80560302734376,117.2699966430664,12.8,11.55,12.8,5.0,0.4488580505371093,True,BIDU,11.8,0.0847457627118644,0.019163297762561947,45150869481.0,8.47457627118644,9185.0
MRK260320C00110000,110.0,34975.0,空头卖 Call，看跌/看不涨,-1.6417062303979588,CALL,34975.0,0.0,11716625.0,5.970989579796006e-05,10M-50M,2026-03-20,103.10900115966795,104.83000183105467,104.72000122070312,105.68000030517578,102.91000366210938,3.35,3.3,3.4,88.0,0.2681347601318359,False,MRK,4.2,-0.20238095238095238,-0.016417062303979588,196225849056.0,-20.238095238095237,34975.0
HOOD251219C00100000,100.0,5196.0,空头卖 Call，看跌/看不涨,-5.198854112373502,CALL,5196.0,0.0,11665020.0,0.0001085450640116391,10M-50M,2025-12-19,121.80999755859376,128.49000549316406,123.5999984741211,125.28990173339844,118.86000061035156,22.45,21.6,22.6,2.0,0.5307664111328125,True,HOOD,28.99,-0.22559503276992066,-0.05198854112373502,107467070071.0,-22.559503276992064,5196.0
BIDU260116C00100000,100.0,5718.0,多头买 Call，看涨,1.9163297762561946,CALL,5718.0,0.0,11636130.0,0.0002577166316785243,10M-50M,2026-01-16,119.12999725341795,116.88999938964844,118.37999725341795,119.80560302734376,117.2699966430664,20.35,19.55,20.5,7.0,0.4641166870117187,True,BIDU,16.85,0.20771513353115725,0.019163297762561947,45150869481.0,20.771513353115726,5718.0
CRWV251219P00085000,85.0,8797.0,空头卖 Put，看涨/看不跌,2.4753795002809373,PUT,8797.0,0.0,11629634.000000002,0.00019780037976450224,10M-50M,2025-12-19,74.93000030517578,73.12000274658203,71.0,75.31999969482422,69.32009887695312,13.22,12.95,13.6,49.0,0.9885255053710936,True,CRWV,13.88,-0.04755043227665707,0.024753795002809373,58794801172.0,-4.755043227665707,8797.0
AG260116C00015000,15.0,56143.0,多头买 Call，看涨,3.8739341452485596,CALL,56143.0,0.0,11565458.0,0.0019499970546431411,10M-50M,2026-01-16,15.81999969482422,15.229999542236328,15.619999885559082,15.989999771118164,15.34000015258789,2.06,1.96,2.14,903.0,0.726565234375,True,AG,1.75,0.17714285714285719,0.038739341452485594,5931013061.0,17.71428571428572,56143.0
HOOD271217C00120000,120.0,2492.0,空头卖 Call，看跌/看不涨,-5.198854112373502,CALL,2492.0,0.0,11557896.0,0.00010754825633902621,10M-50M,2027-12-17,121.80999755859376,128.49000549316406,123.5999984741211,125.28990173339844,118.86000061035156,46.38,46.4,47.75,6.0,0.6967193414306643,True,HOOD,52.0,-0.10807692307692303,-0.05198854112373502,107467070071.0,-10.807692307692303,2492.0
CRWD260618C00400000,400.0,821.0,空头卖 Call，看跌/看不涨,-1.177428524249505,CALL,821.0,0.0,11535050.0,9.54771084038001e-05,10M-50M,2026-06-18,503.1650085449219,509.1600036621094,503.4800109863281,504.2449951171875,495.010009765625,140.5,129.95,135.55,1.0,0.5250291638183593,True,CRWD,140.5,0.0,-0.01177428524249505,120814823499.0,0.0,821.0
HOOD270319C00090000,90.0,2006.0,空头卖 Call，看跌/看不涨,-5.198854112373502,CALL,2006.0,0.0,11534500.0,0.00010733055244159473,10M-50M,2027-03-19,121.80999755859376,128.49000549316406,123.5999984741211,125.28990173339844,118.86000061035156,57.5,51.0,52.4,1.0,0.7187528125,True,HOOD,57.5,0.0,-0.05198854112373502,107467070071.0,0.0,2006.0
BABA260320C00160000,160.0,7051.0,多头买 Call，看涨,3.31531865016855,CALL,7051.0,0.0,11528385.0,2.9039613902081643e-05,10M-50M,2026-03-20,162.51499938964844,157.3000030517578,160.5,162.9759063720703,159.41000366210938,16.35,16.65,17.0,114.0,0.4461725305175781,True,BABA,13.8,0.18478260869565222,0.0331531865016855,396988232656.0,18.478260869565222,7051.0
NVDA260618P00145000,145.0,13490.0,空头卖 Put，看涨/看不跌,1.274126128288312,PUT,13490.0,0.0,11520460.0,2.66060387291782e-06,10M-50M,2026-06-18,179.2552032470703,177.0,174.6999969482422,180.00999450683594,173.67999267578125,8.54,8.45,8.6,7.0,0.4537408142089844,False,NVDA,8.95,-0.04581005586592181,0.012741261282883122,4330017000000.0,-4.581005586592181,13490.0
MRVL260116C00100000,100.0,21534.0,多头买 Call，看涨,1.9463063020931253,CALL,21534.0,0.0,11477622.0,0.00016007649671467665,10M-50M,2026-01-16,91.13999938964844,89.4000015258789,89.06999969482422,91.37000274658205,88.30999755859375,5.33,5.25,5.4,7020.0,0.665286550292969,False,MRVL,4.94,0.07894736842105256,0.019463063020931252,71700857000.0,7.894736842105256,21534.0
COIN260320P00250000,250.0,3513.0,多头买 Put，看跌,-6.007629282466677,PUT,3513.0,0.0,11445354.0,0.00014250350444657892,10M-50M,2026-03-20,256.42999267578125,272.82000732421875,260.4750061035156,265.8800048828125,252.1999969482422,32.58,30.05,30.85,11.0,0.6080666635131836,False,COIN,24.42,0.334152334152334,-0.060076292824666776,80316298497.0,33.415233415233395,3513.0
CRCL260116P00090000,90.0,6316.0,多头买 Put，看跌,-4.016012851516024,PUT,6316.0,0.0,11431960.0,0.00039237821247415907,10M-50M,2026-01-16,76.72000122070312,79.93000030517578,77.48999786376953,79.83989715576172,75.23999786376953,18.1,17.2,17.95,4.0,0.7984639294433593,True,CRCL,14.95,0.2107023411371239,-0.04016012851516024,29135052958.0,21.07023411371239,6316.0
NEE251219C00077500,77.5,13345.0,空头卖 Call，看跌/看不涨,-1.4428122996554527,CALL,13345.0,0.0,11343250.0,7.262127381081158e-05,10M-50M,2025-12-19,85.04499816894531,86.29000091552734,85.58999633789062,85.66999816894531,84.54000091552734,8.5,7.2,8.85,5.0,0.5405319384765627,True,NEE,8.5,0.0,-0.014428122996554526,156197342800.0,0.0,13345.0
UNH260618C00400000,400.0,8303.0,空头卖 Call，看跌/看不涨,-1.2190281552592135,CALL,8303.0,0.0,11292080.0,3.6236212375271296e-05,10M-50M,2026-06-18,325.75,329.7699890136719,327.1600036621094,330.0599975585937,325.25,13.6,13.35,13.65,16.0,0.3793854786682128,False,UNH,15.8,-0.13924050632911397,-0.012190281552592134,311624180890.0,-13.924050632911397,8303.0
BIDU261218C00150000,150.0,8254.0,多头买 Call，看涨,1.9163297762561946,CALL,8254.0,0.0,11225440.0,0.0002486206828137339,10M-50M,2026-12-18,119.12999725341795,116.88999938964844,118.37999725341795,119.80560302734376,117.2699966430664,13.6,13.2,14.0,1.0,0.4916127499389648,False,BIDU,13.1,0.03816793893129771,0.019163297762561947,45150869481.0,3.816793893129771,8254.0
COIN260618P00290000,290.0,1930.0,多头买 Put，看跌,-6.007629282466677,PUT,1930.0,0.0,11170840.0,0.00013908559294994473,10M-50M,2026-06-18,256.42999267578125,272.82000732421875,260.4750061035156,265.8800048828125,252.1999969482422,57.88,64.55,67.0,1.0,0.5891154370117189,True,COIN,57.88,0.0,-0.060076292824666776,80316298497.0,0.0,1930.0
BABA260320C00175000,175.0,10630.0,多头买 Call，看涨,3.31531865016855,CALL,10630.0,0.0,11161500.0,2.811544293221334e-05,10M-50M,2026-03-20,162.51499938964844,157.3000030517578,160.5,162.9759063720703,159.41000366210938,10.5,10.55,10.9,25.0,0.4449518395996094,False,BABA,8.81,0.191827468785471,0.0331531865016855,396988232656.0,19.1827468785471,10630.0
CIFR280121C00022000,22.0,10234.0,空头卖 Call，看跌/看不涨,-5.036853067892894,CALL,10234.0,0.0,11083422.0,0.002457002845355677,10M-50M,2028-01-21,19.325000762939453,20.350000381469727,19.325000762939453,20.36000061035156,19.0,10.83,10.4,11.3,8.0,1.1218305627441407,False,CIFR,11.22,-0.0347593582887701,-0.050368530678928936,4510952041.0,-3.4759358288770104,10234.0
WULF260116C00012000,12.0,29152.0,空头卖 Call，看跌/看不涨,-2.6434548121323,CALL,29152.0,0.0,11077760.0,0.0026098707904090245,10M-50M,2026-01-16,15.100000381469728,15.510000228881836,14.854999542236328,15.760000228881836,14.802000045776367,3.8,3.75,3.9,20.0,0.9804689453125,True,WULF,4.3,-0.11627906976744186,-0.026434548121323,4244562620.0,-11.627906976744185,29152.0
NVDA260417C00185000,185.0,6091.0,多头买 Call，看涨,1.274126128288312,CALL,6091.0,0.0,11030801.0,2.5475190975000792e-06,10M-50M,2026-04-17,179.2552032470703,177.0,174.6999969482422,180.00999450683594,173.67999267578125,18.11,18.1,18.2,70.0,0.4702201416015625,False,NVDA,17.05,0.062170087976539515,0.012741261282883122,4330017000000.0,6.217008797653952,6091.0
MSTR260116P00170000,170.0,4132.0,多头买 Put，看跌,-10.455466001955964,PUT,4132.0,0.0,11028308.0,0.00012584382816786802,10M-50M,2026-01-16,158.65499877929688,177.17999267578125,168.25,168.25,155.802001953125,26.69,26.0,26.65,286.0,0.8630995135498047,True,MSTR,15.88,0.6807304785894207,-0.10455466001955964,87634873800.0,68.07304785894208,4132.0
NVDA251219P00215000,215.0,3063.0,空头卖 Put，看涨/看不跌,1.274126128288312,PUT,3063.0,0.0,11011485.0,2.543058145037306e-06,10M-50M,2025-12-19,179.2552032470703,177.0,174.6999969482422,180.00999450683594,173.67999267578125,35.95,35.9,36.25,42.0,0.4995167236328125,True,NVDA,38.35,-0.06258148631029983,0.012741261282883122,4330017000000.0,-6.258148631029983,3063.0
PDD260320P00115000,115.0,16302.0,空头卖 Put，看涨/看不跌,1.8090958313194128,PUT,16302.0,0.0,11003850.0,5.962858635639454e-05,10M-50M,2026-03-20,118.18000030517578,116.08000183105467,116.41000366210938,118.5,116.1500015258789,6.75,5.65,6.05,10.0,0.2954172021484375,False,PDD,6.75,0.0,0.018090958313194128,184539843595.0,0.0,16302.0
NVDA260320P00145000,145.0,23358.0,空头卖 Put，看涨/看不跌,1.274126128288312,PUT,23358.0,0.0,10978260.0,2.535384965001292e-06,10M-50M,2026-03-20,179.2552032470703,177.0,174.6999969482422,180.00999450683594,173.67999267578125,4.7,4.75,4.8,76.0,0.47070841796875,False,NVDA,5.17,-0.09090909090909086,0.012741261282883122,4330017000000.0,-9.090909090909086,23358.0
CSCO260320C00072500,72.5,15661.0,空头卖 Call，看跌/看不涨,-1.0592701007865395,CALL,15661.0,0.0,10962700.0,4.12544279588994e-05,10M-50M,2026-03-20,76.125,76.94000244140625,76.66999816894531,76.81800079345703,76.04389953613281,7.0,6.5,7.35,37.0,0.3283758569335937,True,CSCO,7.0,0.0,-0.010592701007865395,265733899181.0,0.0,15661.0
UBER260618C00070000,70.0,5169.0,空头卖 Call，看跌/看不涨,-1.4507702298135017,CALL,5169.0,0.0,10906590.0,5.312268387624486e-05,10M-50M,2026-06-18,86.2699966430664,87.54000091552734,86.98999786376953,87.61000061035156,85.4800033569336,21.1,20.2,21.25,3.0,0.493291199951172,True,UBER,21.81,-0.032553874369555126,-0.014507702298135016,205309468652.0,-3.2553874369555125,5169.0
PFE260116P00030000,30.0,25263.0,多头买 Put，看跌,-1.21522710379483,PUT,25263.0,0.0,10888352.999999998,8.060152049507168e-05,10M-50M,2026-01-16,25.42720031738281,25.739999771118164,25.76000022888184,25.940000534057617,25.3799991607666,4.31,4.05,4.5,100.0,1.0000000000000004e-05,True,PFE,4.3,0.0023255813953487877,-0.0121522710379483,135088679880.0,0.23255813953487878,25263.0
NVDA260220C00150000,150.0,3119.0,多头买 Call，看涨,1.274126128288312,CALL,3119.0,0.0,10879072.0,2.51247789558332e-06,10M-50M,2026-02-20,179.2552032470703,177.0,174.6999969482422,180.00999450683594,173.67999267578125,34.88,34.0,34.35,82.0,0.5006763800048828,True,NVDA,32.55,0.07158218125960078,0.012741261282883122,4330017000000.0,7.158218125960078,3119.0
HOOD251219C00090000,90.0,3295.0,空头卖 Call，看跌/看不涨,-5.198854112373502,CALL,3295.0,0.0,10873500.0,0.00010117983111306777,10M-50M,2025-12-19,121.80999755859376,128.49000549316406,123.5999984741211,125.28990173339844,118.86000061035156,33.0,30.45,31.95,1.0,0.6679720703125002,True,HOOD,37.7,-0.12466843501326266,-0.05198854112373502,107467070071.0,-12.466843501326267,3295.0
ADBE260116P00380000,380.0,1725.0,空头卖 Put，看涨/看不跌,1.0026863628477352,PUT,1725.0,0.0,10867500.0,7.204134212486739e-05,10M-50M,2026-01-16,323.33990478515625,320.1300048828125,316.57501220703125,325.9800109863281,316.1099853515625,63.0,57.8,62.0,1.0,0.470281176147461,True,ADBE,63.0,0.0,0.010026863628477352,150850882000.0,0.0,1725.0
MRK270115C00100000,100.0,8194.0,空头卖 Call，看跌/看不涨,-1.6417062303979588,CALL,8194.0,0.0,10857050.0,5.5329356719468476e-05,10M-50M,2027-01-15,103.10900115966795,104.83000183105467,104.72000122070312,105.68000030517578,102.91000366210938,13.25,13.15,13.65,17.0,0.2807689111328124,True,MRK,14.5,-0.08620689655172414,-0.016417062303979588,196225849056.0,-8.620689655172415,8194.0
HOOD270115C00150000,150.0,4235.0,空头卖 Call，看跌/看不涨,-5.198854112373502,CALL,4235.0,0.0,10799250.0,0.00010048892179590721,10M-50M,2027-01-15,121.80999755859376,128.49000549316406,123.5999984741211,125.28990173339844,118.86000061035156,25.5,24.65,25.8,288.0,0.6705965557861329,False,HOOD,29.15,-0.12521440823327612,-0.05198854112373502,107467070071.0,-12.521440823327612,4235.0
NVDA261218C00210000,210.0,4329.0,多头买 Call，看涨,1.274126128288312,CALL,4329.0,0.0,10757565.0,2.4844163429381454e-06,10M-50M,2026-12-18,179.2552032470703,177.0,174.6999969482422,180.00999450683594,173.67999267578125,24.85,24.7,24.95,111.0,0.4883168844604493,False,NVDA,23.62,0.052074513124470805,0.012741261282883122,4330017000000.0,5.2074513124470805,4329.0
NKE271217P00060000,60.0,10511.0,空头卖 Put，看涨/看不跌,1.7638858704858578,PUT,10511.0,0.0,10721220.0,0.00010473605016927926,10M-50M,2027-12-17,65.7699966430664,64.62999725341797,63.77000045776367,65.83000183105469,63.58000183105469,10.2,9.3,10.25,27.0,0.364813480834961,False,NKE,10.2,0.0,0.017638858704858578,102364181031.0,0.0,10511.0
NVDA261218C00156000,156.0,2215.0,多头买 Call，看涨,1.274126128288312,CALL,2215.0,0.0,10643075.0,2.45797533820306e-06,10M-50M,2026-12-18,179.2552032470703,177.0,174.6999969482422,180.00999450683594,173.67999267578125,48.05,48.3,48.5,2.0,0.5259446820068359,True,NVDA,47.59,0.009665896196679843,0.012741261282883122,4330017000000.0,0.9665896196679843,2215.0
NVDA251205C00182500,182.5,55107.0,多头买 Call，看涨,1.274126128288312,CALL,55107.0,0.0,10580544.0,2.4435340554090203e-06,10M-50M,2025-12-05,179.2552032470703,177.0,174.6999969482422,180.00999450683594,173.67999267578125,1.92,1.93,1.95,39946.0,0.3920959228515625,False,NVDA,1.64,0.17073170731707318,0.012741261282883122,4330017000000.0,17.073170731707318,55107.0
UNH260116C00260000,260.0,1481.0,空头卖 Call，看跌/看不涨,-1.2190281552592135,CALL,1481.0,0.0,10538796.0,3.381892884531988e-05,10M-50M,2026-01-16,325.75,329.7699890136719,327.1600036621094,330.0599975585937,325.25,71.16,65.6,70.0,1.0,0.5801433587646485,True,UNH,71.16,0.0,-0.012190281552592134,311624180890.0,0.0,1481.0
CRM260116P00250000,250.0,4283.0,空头卖 Put，看涨/看不跌,1.3490069840036991,PUT,4283.0,0.0,10527614.0,4.5427507156993346e-05,10M-50M,2026-01-16,233.6499938964844,230.5399932861328,228.6699981689453,233.67999267578125,228.6000061035156,24.58,23.05,24.3,19.0,0.4252987158203125,True,CRM,24.58,0.0,0.013490069840036992,231745360000.0,0.0,4283.0
TEM260116C00060000,60.0,5355.0,空头卖 Call，看跌/看不涨,-1.7964859751013296,CALL,5355.0,0.0,10495800.000000002,0.0007698176020440137,10M-50M,2026-01-16,76.52999877929688,77.93000030517578,75.5,77.05000305175781,74.45999908447266,19.6,17.3,19.4,9.0,0.75195560546875,True,TEM,19.6,0.0,-0.017964859751013296,13634138752.0,0.0,5355.0
MSTR251219P00190000,190.0,2884.0,多头买 Put，看跌,-10.455466001955964,PUT,2884.0,0.0,10483340.0,0.00011962520792721219,10M-50M,2025-12-19,158.65499877929688,177.17999267578125,168.25,168.25,155.802001953125,36.35,35.0,36.15,112.0,0.95898478515625,True,MSTR,20.1,0.808457711442786,-0.10455466001955964,87634873800.0,80.8457711442786,2884.0
BABA260116P00165000,165.0,10310.0,空头卖 Put，看涨/看不跌,3.31531865016855,PUT,10310.0,0.0,10454340.0,2.6334130687090014e-05,10M-50M,2026-01-16,162.51499938964844,157.3000030517578,160.5,162.9759063720703,159.41000366210938,10.14,9.55,10.05,409.0,0.3732972827148437,True,BABA,12.7,-0.2015748031496062,0.0331531865016855,396988232656.0,-20.157480314960623,10310.0
BABA260116C00170000,170.0,16320.0,多头买 Call，看涨,3.31531865016855,CALL,16320.0,0.0,10444800.0,2.6310099748096753e-05,10M-50M,2026-01-16,162.51499938964844,157.3000030517578,160.5,162.9759063720703,159.41000366210938,6.4,6.35,6.5,272.0,0.4119931848144531,False,BABA,4.6,0.39130434782608714,0.0331531865016855,396988232656.0,39.13043478260872,16320.0
BABA260116P00175000,175.0,6179.0,空头卖 Put，看涨/看不跌,3.31531865016855,PUT,6179.0,0.0,10411615.0,2.6226507849722385e-05,10M-50M,2026-01-16,162.51499938964844,157.3000030517578,160.5,162.9759063720703,159.41000366210938,16.85,16.05,16.75,27.0,0.3804383245849609,True,BABA,19.8,-0.14898989898989895,0.0331531865016855,396988232656.0,-14.898989898989894,6179.0
IBM260116C00240000,240.0,1474.0,空头卖 Call，看跌/看不涨,-1.3015414354417905,CALL,1474.0,0.0,10391700.0,3.923761800320231e-05,10M-50M,2026-01-16,304.5636901855469,308.5799865722656,306.5050048828125,306.8800048828125,302.79998779296875,70.5,64.15,67.45,3.0,0.549076774902344,True,IBM,70.5,0.0,-0.013015414354417904,264840235693.0,0.0,1474.0
CRWD261218C00480000,480.0,890.0,空头卖 Call，看跌/看不涨,-1.177428524249505,CALL,890.0,0.0,10370280.0,8.583615569397274e-05,10M-50M,2026-12-18,503.1650085449219,509.1600036621094,503.4800109863281,504.2449951171875,495.010009765625,116.52,108.0,116.35,1.0,0.5041400904846192,True,CRWD,116.52,0.0,-0.01177428524249505,120814823499.0,0.0,890.0
UBER260116C00070000,70.0,5990.0,空头卖 Call，看跌/看不涨,-1.4507702298135017,CALL,5990.0,0.0,10320770.0,5.02693327675682e-05,10M-50M,2026-01-16,86.2699966430664,87.54000091552734,86.98999786376953,87.61000061035156,85.4800033569336,17.23,16.1,17.35,10.0,0.5378464184570313,True,UBER,17.5,-0.015428571428571404,-0.014507702298135016,205309468652.0,-1.5428571428571405,5990.0
RIVN251219C00015000,15.0,39411.0,多头买 Call，看涨,2.5877832853818816,CALL,39411.0,0.0,10286271.0,0.0005437455075909241,10M-50M,2025-12-19,17.296300888061523,16.860000610351562,16.511999130249023,17.530000686645508,16.511999130249023,2.61,2.55,2.61,928.0,0.726565234375,True,RIVN,2.18,0.1972477064220182,0.025877832853818814,18917436294.0,19.72477064220182,39411.0
PATH270115C00015000,15.0,26626.0,多头买 Call，看涨,1.2626276700559262,CALL,26626.0,0.0,10251010.0,0.0015810251112827521,10M-50M,2027-01-15,14.03499984741211,13.859999656677246,13.68000030517578,14.039999961853027,13.550000190734863,3.85,3.8,3.9,220.0,0.7194852270507812,False,PATH,3.8,0.013157894736842176,0.012626276700559262,6483774310.0,1.3157894736842175,26626.0
NVDA271217P00155000,155.0,3754.0,空头卖 Put，看涨/看不跌,1.274126128288312,PUT,3754.0,0.0,10233404.0,2.3633634694736765e-06,10M-50M,2027-12-17,179.2552032470703,177.0,174.6999969482422,180.00999450683594,173.67999267578125,27.26,27.55,27.8,1.0,0.412817151184082,False,NVDA,27.26,0.0,0.012741261282883122,4330017000000.0,0.0,3754.0
COIN260116P00250000,250.0,5544.0,多头买 Put，看跌,-6.007629282466677,PUT,5544.0,0.0,10228680.0,0.00012735497266948956,10M-50M,2026-01-16,256.42999267578125,272.82000732421875,260.4750061035156,265.8800048828125,252.1999969482422,18.45,18.15,18.45,159.0,0.5902140588378908,False,COIN,13.25,0.3924528301886792,-0.060076292824666776,80316298497.0,39.24528301886792,5544.0
NVDA260417C00170000,170.0,3916.0,多头买 Call，看涨,1.274126128288312,CALL,3916.0,0.0,10181600.0,2.3513995441588336e-06,10M-50M,2026-04-17,179.2552032470703,177.0,174.6999969482422,180.00999450683594,173.67999267578125,26.0,25.45,25.75,87.0,0.4870046417236329,True,NVDA,24.34,0.06820049301561217,0.012741261282883122,4330017000000.0,6.820049301561217,3916.0
B280121C00035000,35.0,7264.0,多头买 Call，看涨,2.5036280686789456,CALL,7264.0,0.0,10169600.0,0.00017288573797248792,10M-50M,2028-01-21,42.375,41.34000015258789,42.3650016784668,43.08000183105469,41.790000915527344,14.0,13.0,15.0,358.0,0.4952443054199219,True,B,13.14,0.06544901065449006,0.025036280686789456,58822665879.0,6.5449010654490065,7264.0
UNH260116C00350000,350.0,13457.0,空头卖 Call，看跌/看不涨,-1.2190281552592135,CALL,13457.0,0.0,10133121.0,3.251712036934927e-05,10M-50M,2026-01-16,325.75,329.7699890136719,327.1600036621094,330.0599975585937,325.25,7.53,7.35,7.7,175.0,0.3556582989501953,False,UNH,9.28,-0.18857758620689646,-0.012190281552592134,311624180890.0,-18.857758620689648,13457.0
MSTR260220P00200000,200.0,1907.0,多头买 Put，看跌,-10.455466001955964,PUT,1907.0,0.0,10114728.0,0.000115418982893543,10M-50M,2026-02-20,158.65499877929688,177.17999267578125,168.25,168.25,155.802001953125,53.04,52.7,53.3,19.0,0.82226740234375,True,MSTR,39.3,0.3496183206106871,-0.10455466001955964,87634873800.0,34.96183206106871,1907.0
BIDU260116C00090000,90.0,3548.0,多头买 Call，看涨,1.9163297762561946,CALL,3548.0,0.0,10104704.0,0.00022379865805800648,10M-50M,2026-01-16,119.12999725341795,116.88999938964844,118.37999725341795,119.80560302734376,117.2699966430664,28.48,28.65,29.8,1.0,0.5415084912109377,True,BIDU,28.48,0.0,0.019163297762561947,45150869481.0,0.0,3548.0
RIVN271217P00020000,20.0,12073.0,空头卖 Put，看涨/看不跌,2.5877832853818816,PUT,12073.0,0.0,10068882.0,0.000532254045607307,10M-50M,2027-12-17,17.296300888061523,16.860000610351562,16.511999130249023,17.530000686645508,16.511999130249023,8.34,6.8,8.25,8.0,0.5893595751953126,True,RIVN,8.34,0.0,0.025877832853818814,18917436294.0,0.0,12073.0
COIN260116P00280000,280.0,2836.0,多头买 Put，看跌,-6.007629282466677,PUT,2836.0,0.0,10008244.0,0.00012461037407461987,10M-50M,2026-01-16,256.42999267578125,272.82000732421875,260.4750061035156,265.8800048828125,252.1999969482422,35.29,34.65,35.95,13.0,0.5606733386230469,True,COIN,27.6,0.27862318840579703,-0.060076292824666776,80316298497.0,27.862318840579704,2836.0
NVDA260618C00177000,177.0,3739.0,多头买 Call，看涨,1.274126128288312,CALL,3739.0,0.0,10001825.0,2.309881231413179e-06,10M-50M,2026-06-18,179.2552032470703,177.0,174.6999969482422,180.00999450683594,173.67999267578125,26.75,26.75,27.0,179.0,0.4939015454101563,True,NVDA,25.55,0.04696673189823872,0.012741261282883122,4330017000000.0,4.696673189823872,3739.0
B260618C00038000,38.0,12083.0,多头买 Call，看涨,2.5036280686789456,CALL,12083.0,0.0,9908060.0,0.0001684394927013539,5M-10M,2026-06-18,42.375,41.34000015258789,42.3650016784668,43.08000183105469,41.790000915527344,8.2,8.1,8.6,6.0,0.5009815527343751,True,B,7.47,0.09772423025435067,0.025036280686789456,58822665879.0,9.772423025435067,12083.0
NVDA260116C00210000,210.0,49990.0,多头买 Call，看涨,1.274126128288312,CALL,49990.0,0.0,9898020.0,2.28590788442632e-06,5M-10M,2026-01-16,179.2552032470703,177.0,174.6999969482422,180.00999450683594,173.67999267578125,1.98,1.97,2.0,2840.0,0.4065000756835937,False,NVDA,1.75,0.13142857142857142,0.012741261282883122,4330017000000.0,13.142857142857142,49990.0
CELH251219C00036000,36.0,14103.0,多头买 Call，看涨,3.0532487589887425,CALL,14103.0,0.0,9872100.0,0.000703657728778388,5M-10M,2025-12-19,42.18999862670898,40.93999862670898,40.65999984741211,42.400001525878906,40.37009811401367,7.0,5.25,7.0,300.0,0.823243955078125,True,CELH,5.65,0.23893805309734506,0.030532487589887424,14029690283.0,23.893805309734507,14103.0
BABA251219C00160000,160.0,13134.0,多头买 Call，看涨,3.31531865016855,CALL,13134.0,0.0,9784830.0,2.4647657525100485e-05,5M-10M,2025-12-19,162.51499938964844,157.3000030517578,160.5,162.9759063720703,159.41000366210938,7.45,7.35,7.55,953.0,0.4239559558105469,True,BABA,4.92,0.5142276422764228,0.0331531865016855,396988232656.0,51.42276422764228,13134.0
AVGO260417C00420000,420.0,2461.0,空头卖 Call，看跌/看不涨,-2.8042455907755968,CALL,2461.0,0.0,9597900.0,6.075494006064461e-06,5M-10M,2026-04-17,391.6600036621094,402.9599914550781,394.8500061035156,395.4200134277344,385.6400146484375,39.0,38.9,39.2,112.0,0.5258226129150392,False,AVGO,43.0,-0.09302325581395349,-0.02804245590775597,1579772770810.0,-9.30232558139535,2461.0
COIN260618C00300000,300.0,2617.0,空头卖 Call，看跌/看不涨,-6.007629282466677,CALL,2617.0,0.0,9538965.0,0.00011876748777654765,5M-10M,2026-06-18,256.42999267578125,272.82000732421875,260.4750061035156,265.8800048828125,252.1999969482422,36.45,35.75,37.15,34.0,0.6846650186157227,False,COIN,42.0,-0.13214285714285706,-0.060076292824666776,80316298497.0,-13.214285714285706,2617.0
BMNR270115C00025000,25.0,6209.0,空头卖 Call，看跌/看不涨,-11.57910388934429,CALL,6209.0,0.0,9481143.0,0.04362757105498209,5M-10M,2027-01-15,29.28499984741211,33.119998931884766,30.51000022888184,30.899999618530277,28.809999465942383,15.27,14.95,15.35,3279.0,1.200931729736328,True,BMNR,17.74,-0.1392333709131905,-0.1157910388934429,217319983.0,-13.923337091319048,6209.0
UBER270115C00085000,85.0,5725.0,空头卖 Call，看跌/看不涨,-1.4507702298135017,CALL,5725.0,0.0,9446250.0,4.6009811734554796e-05,5M-10M,2027-01-15,86.2699966430664,87.54000091552734,86.98999786376953,87.61000061035156,85.4800033569336,16.5,16.2,16.95,9.0,0.4537408142089844,True,UBER,17.6,-0.06250000000000007,-0.014507702298135016,205309468652.0,-6.250000000000007,5725.0
B260320C00030000,30.0,7094.0,多头买 Call，看涨,2.5036280686789456,CALL,7094.0,0.0,9413737.999999998,0.00016003589533606554,5M-10M,2026-03-20,42.375,41.34000015258789,42.3650016784668,43.08000183105469,41.790000915527344,13.27,12.85,13.75,24.0,0.6088906298828126,True,B,12.3,0.07886178861788608,0.025036280686789456,58822665879.0,7.886178861788608,7094.0
INTC251219C00040000,40.0,44371.0,空头卖 Call，看跌/看不涨,-1.4647458876558526,CALL,44371.0,0.0,9406652.0,6.053829396300122e-05,5M-10M,2025-12-19,39.96590042114258,40.560001373291016,39.8650016784668,40.375,39.59999847412109,2.12,2.1,2.16,4342.0,0.5893595751953126,False,INTC,2.55,-0.16862745098039206,-0.014647458876558526,155383500000.0,-16.862745098039206,44371.0
MSTR260116P00155000,155.0,5131.0,多头买 Put，看跌,-10.455466001955964,PUT,5131.0,0.0,9364075.0,0.00010685329474394701,5M-10M,2026-01-16,158.65499877929688,177.17999267578125,168.25,168.25,155.802001953125,18.25,17.7,18.2,127.0,0.8845836737060546,False,MSTR,10.61,0.7200754005655043,-0.10455466001955964,87634873800.0,72.00754005655044,5131.0
BE270115C00085000,85.0,1760.0,空头卖 Call，看跌/看不涨,-7.369091523053882,CALL,1760.0,0.0,9342080.0,0.0005677441005628941,5M-10M,2027-01-15,101.19000244140624,109.23999786376952,107.08000183105467,110.83999633789062,100.3499984741211,53.08,52.1,54.1,11.0,1.2113076544189452,True,BE,56.38,-0.05853139411138709,-0.07369091523053882,16454737250.0,-5.8531394111387085,1760.0
UBER260116P00092500,92.5,12019.0,多头买 Put，看跌,-1.4507702298135017,PUT,12019.0,0.0,9302706.0,4.5310652553332094e-05,5M-10M,2026-01-16,86.2699966430664,87.54000091552734,86.98999786376953,87.61000061035156,85.4800033569336,7.74,7.6,7.8,15.0,0.3083565258789062,True,UBER,7.0,0.10571428571428575,-0.014507702298135016,205309468652.0,10.571428571428575,12019.0
B260320C00035000,35.0,10084.0,多头买 Call，看涨,2.5036280686789456,CALL,10084.0,0.0,9277279.999999998,0.00015771607528097491,5M-10M,2026-03-20,42.375,41.34000015258789,42.3650016784668,43.08000183105469,41.790000915527344,9.2,8.8,9.4,43.0,0.5319871020507813,True,B,7.95,0.1572327044025156,0.025036280686789456,58822665879.0,15.72327044025156,10084.0
CLSK270115C00015000,15.0,17077.0,空头卖 Call，看跌/看不涨,-5.066227311235974,CALL,17077.0,0.0,9272811.0,0.00254548906726521,5M-10M,2027-01-15,14.335000038146973,15.100000381469728,14.270000457763672,15.039999961853027,13.9399995803833,5.43,5.3,6.2,69.0,1.0273486132812502,False,CLSK,5.81,-0.06540447504302925,-0.05066227311235974,3642840631.0,-6.540447504302925,17077.0
MSTR251219P00160000,160.0,6599.0,多头买 Put，看跌,-10.455466001955964,PUT,6599.0,0.0,9258397.0,0.00010564740494896451,5M-10M,2025-12-19,158.65499877929688,177.17999267578125,168.25,168.25,155.802001953125,14.03,13.9,14.3,1023.0,0.9324957922363282,True,MSTR,5.9,1.377966101694915,-0.10455466001955964,87634873800.0,137.7966101694915,6599.0
RKLB270115C00030000,30.0,4870.0,空头卖 Call，看跌/看不涨,-2.9660674797687068,CALL,4870.0,0.0,9253000.0,0.00041727179112834446,5M-10M,2027-01-15,40.890098571777344,42.13999938964844,41.09999847412109,41.19869995117188,39.97999954223633,19.0,18.0,19.25,13.0,0.8640150317382812,True,RKLB,20.15,-0.057071960297766684,-0.029660674797687067,22174995283.0,-5.707196029776669,4870.0
COIN251219P00290000,290.0,2371.0,多头买 Put，看跌,-6.007629282466677,PUT,2371.0,0.0,9242157.999999998,0.0001150720111976427,5M-10M,2025-12-19,256.42999267578125,272.82000732421875,260.4750061035156,265.8800048828125,252.1999969482422,38.98,35.45,38.25,117.0,0.5698285205078125,True,COIN,27.4,0.42262773722627733,-0.060076292824666776,80316298497.0,42.262773722627735,2371.0
CRCL260116C00060000,60.0,4485.0,空头卖 Call，看跌/看不涨,-4.016012851516024,CALL,4485.0,0.0,9230129.999999998,0.00031680498447371307,5M-10M,2026-01-16,76.72000122070312,79.93000030517578,77.48999786376953,79.83989715576172,75.23999786376953,20.58,18.0,19.65,1.0,0.8032246240234374,True,CRCL,21.99,-0.06412005457025922,-0.04016012851516024,29135052958.0,-6.412005457025923,4485.0
NVDA260116P00178000,178.0,9704.0,空头卖 Put，看涨/看不跌,1.274126128288312,PUT,9704.0,0.0,9170279.999999998,2.117839260215375e-06,5M-10M,2026-01-16,179.2552032470703,177.0,174.6999969482422,180.00999450683594,173.67999267578125,9.45,9.4,9.45,194.0,0.3942931665039063,False,NVDA,10.5,-0.10000000000000006,0.012741261282883122,4330017000000.0,-10.000000000000005,9704.0
MSTR261218P00195000,195.0,1347.0,多头买 Put，看跌,-10.455466001955964,PUT,1347.0,0.0,9159600.0,0.00010452003412367555,5M-10M,2026-12-18,158.65499877929688,177.17999267578125,168.25,168.25,155.802001953125,68.0,71.9,73.4,20.0,0.7471338763427735,True,MSTR,63.0,0.07936507936507936,-0.10455466001955964,87634873800.0,7.936507936507936,1347.0
UNH260116C00330000,330.0,6391.0,空头卖 Call，看跌/看不涨,-1.2190281552592135,CALL,6391.0,0.0,9139130.0,2.9327409618530263e-05,5M-10M,2026-01-16,325.75,329.7699890136719,327.1600036621094,330.0599975585937,325.25,14.3,14.15,14.5,211.0,0.352972778930664,False,UNH,16.8,-0.1488095238095238,-0.012190281552592134,311624180890.0,-14.880952380952381,6391.0
MSTR260618C00200000,200.0,3499.0,空头卖 Call，看跌/看不涨,-10.455466001955964,CALL,3499.0,0.0,9079905.0,0.0001036106358836338,5M-10M,2026-06-18,158.65499877929688,177.17999267578125,168.25,168.25,155.802001953125,25.95,25.4,26.3,174.0,0.8361832788085937,False,MSTR,33.9,-0.23451327433628316,-0.10455466001955964,87634873800.0,-23.451327433628315,3499.0
CRWD260116C00420000,420.0,1012.0,空头卖 Call，看跌/看不涨,-1.177428524249505,CALL,1012.0,0.0,9052340.0,7.492739498208122e-05,5M-10M,2026-01-16,503.1650085449219,509.1600036621094,503.4800109863281,504.2449951171875,495.010009765625,89.45,89.75,91.95,1.0,0.5227098510742187,True,CRWD,96.67,-0.07468707975587048,-0.01177428524249505,120814823499.0,-7.468707975587048,1012.0
MRK260320C00100000,100.0,11305.0,空头卖 Call，看跌/看不涨,-1.6417062303979588,CALL,11305.0,0.0,9044000.0,4.608974833595432e-05,5M-10M,2026-03-20,103.10900115966795,104.83000183105467,104.72000122070312,105.68000030517578,102.91000366210938,8.0,7.75,7.9,39.0,0.2799754620361327,True,MRK,9.2,-0.1304347826086956,-0.016417062303979588,196225849056.0,-13.04347826086956,11305.0
BABA260320C00170000,170.0,7394.0,多头买 Call，看涨,3.31531865016855,CALL,7394.0,0.0,8983710.0,2.2629663201590674e-05,5M-10M,2026-03-20,162.51499938964844,157.3000030517578,160.5,162.9759063720703,159.41000366210938,12.15,12.4,12.7,19.0,0.4453485641479492,False,BABA,10.4,0.16826923076923075,0.0331531865016855,396988232656.0,16.826923076923077,7394.0
IREN260320P00060000,60.0,4348.0,多头买 Put，看跌,-2.950848971583658,PUT,4348.0,0.0,8869920.0,0.0007790811929255369,5M-10M,2026-03-20,46.399200439453125,47.810001373291016,45.08000183105469,47.66999816894531,44.2599983215332,20.4,20.3,20.55,4.0,1.0915572766113284,True,IREN,19.38,0.052631578947368404,-0.02950848971583658,11385103479.0,5.263157894736841,4348.0
APP260220C00600000,600.0,1087.0,多头买 Call，看涨,1.2124359084004284,CALL,1087.0,0.0,8861224.0,3.9108573493792676e-05,5M-10M,2026-02-20,606.748291015625,599.47998046875,588.1300048828125,607.1900024414062,576.0,81.52,79.1,84.7,80.0,0.6895935581970216,True,APP,74.2,0.09865229110512119,0.012124359084004284,226580087392.0,9.86522911051212,1087.0
MSTR260116C00145000,145.0,3242.0,空头卖 Call，看跌/看不涨,-10.455466001955964,CALL,3242.0,0.0,8834450.0,0.00010080975320580653,5M-10M,2026-01-16,158.65499877929688,177.17999267578125,168.25,168.25,155.802001953125,27.25,26.55,27.5,40.0,0.8947764428710936,True,MSTR,46.24,-0.41068339100346024,-0.10455466001955964,87634873800.0,-41.06833910034602,3242.0
MRK260116C00095000,95.0,9803.0,空头卖 Call，看跌/看不涨,-1.6417062303979588,CALL,9803.0,0.0,8822700.0,4.4961966236579414e-05,5M-10M,2026-01-16,103.10900115966795,104.83000183105467,104.72000122070312,105.68000030517578,102.91000366210938,9.0,8.7,9.45,59.0,0.2971261694335937,True,MRK,10.35,-0.13043478260869562,-0.016417062303979588,196225849056.0,-13.043478260869563,9803.0
RKLB270115C00050000,50.0,7418.0,空头卖 Call，看跌/看不涨,-2.9660674797687068,CALL,7418.0,0.0,8790330.0,0.0003964072996551627,5M-10M,2027-01-15,40.890098571777344,42.13999938964844,41.09999847412109,41.19869995117188,39.97999954223633,11.85,11.65,12.2,23.0,0.8677991735839843,False,RKLB,13.15,-0.09885931558935367,-0.029660674797687067,22174995283.0,-9.885931558935367,7418.0
MSTR260320P00160000,160.0,2923.0,多头买 Put，看跌,-10.455466001955964,PUT,2923.0,0.0,8748539.0,9.982942429934782e-05,5M-10M,2026-03-20,158.65499877929688,177.17999267578125,168.25,168.25,155.802001953125,29.93,29.7,30.4,42.0,0.8502822589111327,True,MSTR,21.4,0.39859813084112156,-0.10455466001955964,87634873800.0,39.859813084112155,2923.0
BE251219C00100000,100.0,6426.0,空头卖 Call，看跌/看不涨,-7.369091523053882,CALL,6426.0,0.0,8739360.0,0.0005311151352477536,5M-10M,2025-12-19,101.19000244140624,109.23999786376952,107.08000183105467,110.83999633789062,100.3499984741211,13.6,12.5,13.3,271.0,1.3481477905273436,True,BE,16.8,-0.19047619047619052,-0.07369091523053882,16454737250.0,-19.04761904761905,6426.0
CRM260116P00240000,240.0,5231.0,空头卖 Put，看涨/看不跌,1.3490069840036991,PUT,5231.0,0.0,8735770.0,3.769555515588316e-05,5M-10M,2026-01-16,233.6499938964844,230.5399932861328,228.6699981689453,233.67999267578125,228.6000061035156,16.7,16.75,17.2,22.0,0.4072935247802735,True,CRM,17.75,-0.05915492957746483,0.013490069840036992,231745360000.0,-5.9154929577464825,5231.0
RBLX260116C00070000,70.0,3717.0,空头卖 Call，看跌/看不涨,-1.3532521308193501,CALL,3717.0,0.0,8697779.999999998,9.289533263096502e-05,5M-10M,2026-01-16,93.74400329589844,95.02999877929688,93.01000213623048,93.94989776611328,90.6500015258789,23.4,23.2,24.8,2.0,0.6699251757812501,True,RBLX,26.2,-0.10687022900763361,-0.013532521308193502,93629892414.0,-10.687022900763361,3717.0
BABA270115C00155000,155.0,2561.0,多头买 Call，看涨,3.31531865016855,CALL,2561.0,0.0,8656179.999999998,2.1804626152485455e-05,5M-10M,2027-01-15,162.51499938964844,157.3000030517578,160.5,162.9759063720703,159.41000366210938,33.8,32.8,35.75,3.0,0.4790091162109374,True,BABA,31.2,0.08333333333333327,0.0331531865016855,396988232656.0,8.333333333333327,2561.0
ASTS270115C00040000,40.0,3140.0,空头卖 Call，看跌/看不涨,-5.1067595959489,CALL,3140.0,0.0,8653840.0,0.0004917051684604354,5M-10M,2027-01-15,53.33000183105469,56.20000076293945,54.209999084472656,54.38999938964844,52.31999969482422,27.56,24.85,28.5,76.0,1.033452098388672,True,ASTS,29.3,-0.059385665529010305,-0.051067595959489,17599652302.0,-5.9385665529010305,3140.0
MRNA260116P00030000,30.0,16332.0,多头买 Put，看跌,-5.889140901675222,PUT,16332.0,0.0,8574300.0,0.0008998523466693525,5M-10M,2026-01-16,24.450000762939453,25.979999542236328,25.049999237060547,25.250999450683597,24.295000076293945,5.25,5.4,6.35,10.0,0.5107470800781251,True,MRNA,4.91,0.06924643584521382,-0.058891409016752216,9528563249.0,6.924643584521382,16332.0
MSTR270115P00195000,195.0,1196.0,多头买 Put，看跌,-10.455466001955964,PUT,1196.0,0.0,8566948.0,9.775729259964999e-05,5M-10M,2027-01-15,158.65499877929688,177.17999267578125,168.25,168.25,155.802001953125,71.63,73.35,74.8,2.0,0.7426173199462891,True,MSTR,67.3,0.06433878157503713,-0.10455466001955964,87634873800.0,6.433878157503712,1196.0
COIN260320P00280000,280.0,1756.0,多头买 Put，看跌,-6.007629282466677,PUT,1756.0,0.0,8555232.0,0.00010651925151057052,5M-10M,2026-03-20,256.42999267578125,272.82000732421875,260.4750061035156,265.8800048828125,252.1999969482422,48.72,46.6,47.45,11.0,0.5806316351318359,True,COIN,39.75,0.22566037735849054,-0.060076292824666776,80316298497.0,22.566037735849054,1756.0
NVDA260220C00220000,220.0,28046.0,多头买 Call，看涨,1.274126128288312,CALL,28046.0,0.0,8554029.999999998,1.9755188028130138e-06,5M-10M,2026-02-20,179.2552032470703,177.0,174.6999969482422,180.00999450683594,173.67999267578125,3.05,3.0,3.05,720.0,0.4172421557617187,False,NVDA,2.76,0.10507246376811596,0.012741261282883122,4330017000000.0,10.507246376811597,28046.0
HOOD260116C00105000,105.0,4011.0,空头卖 Call，看跌/看不涨,-5.198854112373502,CALL,4011.0,0.0,8503320.0,7.912488908818424e-05,5M-10M,2026-01-16,121.80999755859376,128.49000549316406,123.5999984741211,125.28990173339844,118.86000061035156,21.2,20.2,21.05,22.0,0.622074091796875,True,HOOD,26.3,-0.19391634980988598,-0.05198854112373502,107467070071.0,-19.3916349809886,4011.0
AVGO271217C00400000,400.0,744.0,空头卖 Call，看跌/看不涨,-2.8042455907755968,CALL,744.0,0.0,8484576.0,5.370757210639659e-06,5M-10M,2027-12-17,391.6600036621094,402.9599914550781,394.8500061035156,395.4200134277344,385.6400146484375,114.04,113.1,116.7,21.0,0.539891075744629,False,AVGO,121.45,-0.061012762453684616,-0.02804245590775597,1579772770810.0,-6.101276245368462,744.0
AVGO261218C00450000,450.0,1352.0,空头卖 Call，看跌/看不涨,-2.8042455907755968,CALL,1352.0,0.0,8424312.000000002,5.332609952303829e-06,5M-10M,2026-12-18,391.6600036621094,402.9599914550781,394.8500061035156,395.4200134277344,385.6400146484375,62.31,62.7,63.45,7.0,0.5262498547363281,False,AVGO,66.57,-0.06399278954483989,-0.02804245590775597,1579772770810.0,-6.399278954483989,1352.0
HOOD260918C00150000,150.0,3994.0,空头卖 Call，看跌/看不涨,-5.198854112373502,CALL,3994.0,0.0,8387400.0,7.80462330875748e-05,5M-10M,2026-09-18,121.80999755859376,128.49000549316406,123.5999984741211,125.28990173339844,118.86000061035156,21.0,19.15,19.65,1.0,0.6615024084472658,False,HOOD,22.89,-0.08256880733944956,-0.05198854112373502,107467070071.0,-8.256880733944955,3994.0
PDD260116P00115000,115.0,27446.0,空头卖 Put，看涨/看不跌,1.8090958313194128,PUT,27446.0,0.0,8371029.999999999,4.536164026654029e-05,5M-10M,2026-01-16,118.18000030517578,116.08000183105467,116.41000366210938,118.5,116.1500015258789,3.05,2.94,3.05,10.0,0.2674633801269531,False,PDD,3.72,-0.18010752688172052,0.018090958313194128,184539843595.0,-18.01075268817205,27446.0
HOOD260618C00095000,95.0,2142.0,空头卖 Call，看跌/看不涨,-5.198854112373502,CALL,2142.0,0.0,8246700.0,7.673699482596551e-05,5M-10M,2026-06-18,121.80999755859376,128.49000549316406,123.5999984741211,125.28990173339844,118.86000061035156,38.5,37.65,39.05,1.0,0.7126493579101563,True,HOOD,43.7,-0.11899313501144171,-0.05198854112373502,107467070071.0,-11.89931350114417,2142.0
OSCR270115C00020000,20.0,15245.0,空头卖 Call，看跌/看不涨,-6.037835981809604,CALL,15245.0,0.0,8232300.0,0.0017285167123207734,5M-10M,2027-01-15,16.885000228881836,17.969999313354492,17.299999237060547,17.6299991607666,16.760000228881836,5.4,5.3,5.8,33.0,0.935303381347656,False,OSCR,6.1,-0.11475409836065563,-0.060378359818096035,4762638360.0,-11.475409836065563,15245.0
AVGO260320C00310000,310.0,847.0,空头卖 Call，看跌/看不涨,-2.8042455907755968,CALL,847.0,0.0,8211665.000000001,5.198003884944553e-06,5M-10M,2026-03-20,391.6600036621094,402.9599914550781,394.8500061035156,395.4200134277344,385.6400146484375,96.95,97.9,99.15,2.0,0.6185340881347658,True,AVGO,105.0,-0.07666666666666663,-0.02804245590775597,1579772770810.0,-7.666666666666663,847.0
AVGO260618P00320000,320.0,3327.0,多头买 Put，看跌,-2.8042455907755968,PUT,3327.0,0.0,8184420.000000001,5.1807577337869846e-06,5M-10M,2026-06-18,391.6600036621094,402.9599914550781,394.8500061035156,395.4200134277344,385.6400146484375,24.6,23.75,24.1,31.0,0.5018360363769532,False,AVGO,21.9,0.12328767123287684,-0.02804245590775597,1579772770810.0,12.328767123287685,3327.0
COIN270115C00300000,300.0,1420.0,空头卖 Call，看跌/看不涨,-6.007629282466677,CALL,1420.0,0.0,8094000.0,0.00010077655658275051,5M-10M,2027-01-15,256.42999267578125,272.82000732421875,260.4750061035156,265.8800048828125,252.1999969482422,57.0,58.05,60.0,9.0,0.6860688131713868,False,COIN,65.5,-0.1297709923664122,-0.060076292824666776,80316298497.0,-12.977099236641221,1420.0
MRK251219C00095000,95.0,9265.0,空头卖 Call，看跌/看不涨,-1.6417062303979588,CALL,9265.0,0.0,8060550.0,4.1077921378745754e-05,5M-10M,2025-12-19,103.10900115966795,104.83000183105467,104.72000122070312,105.68000030517578,102.91000366210938,8.7,8.1,8.8,44.0,0.3618227880859375,True,MRK,10.0,-0.13000000000000006,-0.016417062303979588,196225849056.0,-13.000000000000005,9265.0
NKE261218P00070000,70.0,6728.0,空头卖 Put，看涨/看不跌,1.7638858704858578,PUT,6728.0,0.0,7992864.0,7.808262538220707e-05,5M-10M,2026-12-18,65.7699966430664,64.62999725341797,63.77000045776367,65.83000183105469,63.58000183105469,11.88,11.3,12.2,1.0,0.3607241662597655,True,NKE,12.55,-0.05338645418326692,0.017638858704858578,102364181031.0,-5.338645418326692,6728.0
MRK251219C00100000,100.0,19696.0,空头卖 Call，看跌/看不涨,-1.6417062303979588,CALL,19696.0,0.0,7976880.0,4.0651524956447074e-05,5M-10M,2025-12-19,103.10900115966795,104.83000183105467,104.72000122070312,105.68000030517578,102.91000366210938,4.05,3.9,4.15,103.0,0.2448805981445312,True,MRK,5.52,-0.2663043478260869,-0.016417062303979588,196225849056.0,-26.630434782608692,19696.0
COIN260220P00270000,270.0,2052.0,多头买 Put，看跌,-6.007629282466677,PUT,2052.0,0.0,7910459.999999999,9.849134170812756e-05,5M-10M,2026-02-20,256.42999267578125,272.82000732421875,260.4750061035156,265.8800048828125,252.1999969482422,38.55,36.4,37.2,8.0,0.5950663052368165,True,COIN,30.0,0.2849999999999999,-0.060076292824666776,80316298497.0,28.499999999999993,2052.0
CSCO251219C00070000,70.0,11769.0,空头卖 Call，看跌/看不涨,-1.0592701007865395,CALL,11769.0,0.0,7908767.999999999,2.9761983790457537e-05,5M-10M,2025-12-19,76.125,76.94000244140625,76.66999816894531,76.81800079345703,76.04389953613281,6.72,6.6,6.8,27.0,0.4047911083984374,True,CSCO,7.15,-0.060139860139860224,-0.010592701007865395,265733899181.0,-6.013986013986022,11769.0
APP251219C00600000,600.0,2153.0,多头买 Call，看涨,1.2124359084004284,CALL,2153.0,0.0,7834767.0,3.4578356333870085e-05,5M-10M,2025-12-19,606.748291015625,599.47998046875,588.1300048828125,607.1900024414062,576.0,36.39,35.8,37.1,109.0,0.5981180325317383,True,APP,33.3,0.0927927927927929,0.012124359084004284,226580087392.0,9.27927927927929,2153.0
PFE260116C00025000,25.0,61531.0,空头卖 Call，看跌/看不涨,-1.21522710379483,CALL,61531.0,0.0,7814437.0,5.784671970250658e-05,5M-10M,2026-01-16,25.42720031738281,25.739999771118164,25.76000022888184,25.940000534057617,25.3799991607666,1.27,1.24,1.28,186.0,0.2919992675781249,True,PFE,1.35,-0.05925925925925931,-0.0121522710379483,135088679880.0,-5.925925925925931,61531.0
NVDA260116C00154000,154.0,2737.0,多头买 Call，看涨,1.274126128288312,CALL,2737.0,0.0,7800450.0,1.8014825345951298e-06,5M-10M,2026-01-16,179.2552032470703,177.0,174.6999969482422,180.00999450683594,173.67999267578125,28.5,28.2,28.4,2.0,0.4899953344726563,True,NVDA,26.98,0.056338028169014065,0.012741261282883122,4330017000000.0,5.633802816901406,2737.0
BABA251219P00160000,160.0,16819.0,空头卖 Put，看涨/看不跌,3.31531865016855,PUT,16819.0,0.0,7770378.0,1.9573320720398336e-05,5M-10M,2025-12-19,162.51499938964844,157.3000030517578,160.5,162.9759063720703,159.41000366210938,4.62,4.45,4.8,1222.0,0.4067442138671875,False,BABA,7.19,-0.3574408901251739,0.0331531865016855,396988232656.0,-35.744089012517385,16819.0
HOOD260220C00120000,120.0,4938.0,空头卖 Call，看跌/看不涨,-5.198854112373502,CALL,4938.0,0.0,7762536.0,7.223176359857531e-05,5M-10M,2026-02-20,121.80999755859376,128.49000549316406,123.5999984741211,125.28990173339844,118.86000061035156,15.72,15.6,16.0,444.0,0.6532017102050782,True,HOOD,20.5,-0.23317073170731703,-0.05198854112373502,107467070071.0,-23.317073170731703,4938.0
NVDA260821C00210000,210.0,4261.0,多头买 Call，看涨,1.274126128288312,CALL,4261.0,0.0,7755020.0,1.790990658928129e-06,5M-10M,2026-08-21,179.2552032470703,177.0,174.6999969482422,180.00999450683594,173.67999267578125,18.2,17.75,17.9,586.0,0.4712882461547851,False,NVDA,16.93,0.07501476668635555,0.012741261282883122,4330017000000.0,7.501476668635555,4261.0
DELL260320C00120000,120.0,4185.0,空头卖 Call，看跌/看不涨,-1.979751982612648,CALL,4185.0,0.0,7742250.0,8.806065615102127e-05,5M-10M,2026-03-20,130.7100067138672,133.35000610351562,131.7100067138672,131.8800048828125,127.76499938964844,18.5,19.2,20.65,2.0,0.5089160437011719,True,DELL,21.0,-0.11904761904761904,-0.01979751982612648,87919512963.0,-11.904761904761903,4185.0
NEE251219C00080000,80.0,13829.0,空头卖 Call，看跌/看不涨,-1.4428122996554527,CALL,13829.0,0.0,7716582.000000001,4.940277383515132e-05,5M-10M,2025-12-19,85.04499816894531,86.29000091552734,85.58999633789062,85.66999816894531,84.54000091552734,5.58,5.0,5.75,8.0,0.3252020605468749,True,NEE,6.85,-0.18540145985401454,-0.014428122996554526,156197342800.0,-18.540145985401455,13829.0
BABA260320P00160000,160.0,6326.0,空头卖 Put，看涨/看不跌,3.31531865016855,PUT,6326.0,0.0,7673438.0,1.9329132122284393e-05,5M-10M,2026-03-20,162.51499938964844,157.3000030517578,160.5,162.9759063720703,159.41000366210938,12.13,12.05,12.35,7.0,0.3848328118896483,False,BABA,14.6,-0.16917808219178074,0.0331531865016855,396988232656.0,-16.917808219178074,6326.0
UNH270115C00370000,370.0,2088.0,空头卖 Call，看跌/看不涨,-1.2190281552592135,CALL,2088.0,0.0,7648344.0,2.4543486895517213e-05,5M-10M,2027-01-15,325.75,329.7699890136719,327.1600036621094,330.0599975585937,325.25,36.63,35.7,36.8,23.0,0.3845123805236816,False,UNH,38.74,-0.054465668559628276,-0.012190281552592134,311624180890.0,-5.4465668559628275,2088.0
HOOD270115C00115000,115.0,2014.0,空头卖 Call，看跌/看不涨,-5.198854112373502,CALL,2014.0,0.0,7612920.0,7.083956038785082e-05,5M-10M,2027-01-15,121.80999755859376,128.49000549316406,123.5999984741211,125.28990173339844,118.86000061035156,37.8,37.1,37.9,35.0,0.6933929586791993,True,HOOD,41.8,-0.09569377990430622,-0.05198854112373502,107467070071.0,-9.569377990430622,2014.0
CRWD260116C00480000,480.0,1767.0,空头卖 Call，看跌/看不涨,-1.177428524249505,CALL,1767.0,0.0,7559225.999999999,6.256869629961068e-05,5M-10M,2026-01-16,503.1650085449219,509.1600036621094,503.4800109863281,504.2449951171875,495.010009765625,42.78,45.05,46.7,2.0,0.4818472225952148,True,CRWD,49.95,-0.14354354354354357,-0.01177428524249505,120814823499.0,-14.354354354354356,1767.0
RIVN270115C00017000,17.0,13723.0,多头买 Call，看涨,2.5877832853818816,CALL,13723.0,0.0,7506481.0,0.00039680223489801383,5M-10M,2027-01-15,17.296300888061523,16.860000610351562,16.511999130249023,17.530000686645508,16.511999130249023,5.47,5.25,5.5,62.0,0.7382838671874999,True,RIVN,5.15,0.06213592233009697,0.025877832853818814,18917436294.0,6.213592233009697,13723.0
MSTR260102P00155000,155.0,5108.0,多头买 Put，看跌,-10.455466001955964,PUT,5108.0,0.0,7483220.0,8.539089149689629e-05,5M-10M,2026-01-02,158.65499877929688,177.17999267578125,168.25,168.25,155.802001953125,14.65,14.25,14.7,113.0,0.8684095190429688,False,MSTR,7.2,1.0347222222222223,-0.10455466001955964,87634873800.0,103.47222222222223,5108.0
RIVN260618C00017000,17.0,19935.0,多头买 Call，看涨,2.5877832853818816,CALL,19935.0,0.0,7475625.0,0.000395171147074037,5M-10M,2026-06-18,17.296300888061523,16.860000610351562,16.511999130249023,17.530000686645508,16.511999130249023,3.75,3.55,3.85,29.0,0.70898728515625,True,RIVN,3.47,0.08069164265129677,0.025877832853818814,18917436294.0,8.069164265129677,19935.0
NVDA251219C00168000,168.0,5091.0,多头买 Call，看涨,1.274126128288312,CALL,5091.0,0.0,7458315.000000001,1.7224678332671674e-06,5M-10M,2025-12-19,179.2552032470703,177.0,174.6999969482422,180.00999450683594,173.67999267578125,14.65,14.2,14.25,57.0,0.4598442687988281,True,NVDA,13.02,0.12519201228878654,0.012741261282883122,4330017000000.0,12.519201228878654,5091.0
IREN260918C00050000,50.0,4344.0,空头卖 Call，看跌/看不涨,-2.950848971583658,CALL,4344.0,0.0,7445616.0,0.0006539787726772579,5M-10M,2026-09-18,46.399200439453125,47.810001373291016,45.08000183105469,47.66999816894531,44.2599983215332,17.14,16.15,18.25,1.0,1.1511272912597654,False,IREN,19.2,-0.1072916666666666,-0.02950848971583658,11385103479.0,-10.72916666666666,4344.0
HOOD270115C00110000,110.0,1840.0,空头卖 Call，看跌/看不涨,-5.198854112373502,CALL,1840.0,0.0,7396800.0,6.88285257531742e-05,5M-10M,2027-01-15,121.80999755859376,128.49000549316406,123.5999984741211,125.28990173339844,118.86000061035156,40.2,39.4,40.7,24.0,0.7058134887695313,True,HOOD,44.75,-0.10167597765363122,-0.05198854112373502,107467070071.0,-10.167597765363121,1840.0
CIFR270115C00017000,17.0,7368.0,空头卖 Call，看跌/看不涨,-5.036853067892894,CALL,7368.0,0.0,7368000.0,0.0016333580878343016,5M-10M,2027-01-15,19.325000762939453,20.350000381469727,19.325000762939453,20.36000061035156,19.0,10.0,8.15,10.45,20.0,1.1145063806152344,True,CIFR,10.6,-0.05660377358490563,-0.050368530678928936,4510952041.0,-5.660377358490563,7368.0
APP260116C00650000,650.0,2159.0,多头买 Call，看涨,1.2124359084004284,CALL,2159.0,0.0,7364349.000000001,3.250218977654088e-05,5M-10M,2026-01-16,606.748291015625,599.47998046875,588.1300048828125,607.1900024414062,576.0,34.11,32.2,35.2,59.0,0.5838359487915038,False,APP,30.2,0.1294701986754967,0.012124359084004284,226580087392.0,12.94701986754967,2159.0
AVGO260618C00370000,370.0,1013.0,空头卖 Call，看跌/看不涨,-2.8042455907755968,CALL,1013.0,0.0,7349314.999999999,4.652134240946418e-06,5M-10M,2026-06-18,391.6600036621094,402.9599914550781,394.8500061035156,395.4200134277344,385.6400146484375,72.55,72.15,73.75,2.0,0.5520979849243165,True,AVGO,77.35,-0.06205559146735614,-0.02804245590775597,1579772770810.0,-6.205559146735614,1013.0
BABA260116C00135000,135.0,2553.0,多头买 Call，看涨,3.31531865016855,CALL,2553.0,0.0,7344981.0,1.8501759991371343e-05,5M-10M,2026-01-16,162.51499938964844,157.3000030517578,160.5,162.9759063720703,159.41000366210938,28.77,28.65,30.1,2.0,0.5408981457519533,True,BABA,25.0,0.1508,0.0331531865016855,396988232656.0,15.079999999999998,2553.0
BABA260116P00155000,155.0,14502.0,空头卖 Put，看涨/看不跌,3.31531865016855,PUT,14502.0,0.0,7338012.0,1.8484205314867776e-05,5M-10M,2026-01-16,162.51499938964844,157.3000030517578,160.5,162.9759063720703,159.41000366210938,5.06,4.95,5.2,242.0,0.3711000390625,False,BABA,7.07,-0.2842998585572844,0.0331531865016855,396988232656.0,-28.42998585572844,14502.0
CSCO251219C00075000,75.0,31137.0,空头卖 Call，看跌/看不涨,-1.0592701007865395,CALL,31137.0,0.0,7317195.0,2.753579811439872e-05,5M-10M,2025-12-19,76.125,76.94000244140625,76.66999816894531,76.81800079345703,76.04389953613281,2.35,2.35,2.45,35.0,0.26563234375,True,CSCO,2.73,-0.13919413919413914,-0.010592701007865395,265733899181.0,-13.919413919413914,31137.0
UNH260116P00330000,330.0,3955.0,多头买 Put，看跌,-1.2190281552592135,PUT,3955.0,0.0,7273245.0,2.3339796607655994e-05,5M-10M,2026-01-16,325.75,329.7699890136719,327.1600036621094,330.0599975585937,325.25,18.39,18.25,18.95,41.0,0.3564517480468749,True,UNH,16.95,0.08495575221238946,-0.012190281552592134,311624180890.0,8.495575221238946,3955.0
HOOD260618C00100000,100.0,2024.0,空头卖 Call，看跌/看不涨,-5.198854112373502,CALL,2024.0,0.0,7205440.000000001,6.704788727597766e-05,5M-10M,2026-06-18,121.80999755859376,128.49000549316406,123.5999984741211,125.28990173339844,118.86000061035156,35.6,34.65,36.0,7.0,0.7055083160400393,True,HOOD,40.92,-0.1300097751710655,-0.05198854112373502,107467070071.0,-13.000977517106548,2024.0
UNH260116C00340000,340.0,6768.0,空头卖 Call，看跌/看不涨,-1.2190281552592135,CALL,6768.0,0.0,7194384.000000001,2.3086732163893087e-05,5M-10M,2026-01-16,325.75,329.7699890136719,327.1600036621094,330.0599975585937,325.25,10.63,10.15,10.65,65.0,0.3536441589355468,False,UNH,12.53,-0.15163607342378282,-0.012190281552592134,311624180890.0,-15.163607342378283,6768.0
SBUX270115C00080000,80.0,4720.0,空头卖 Call，看跌/看不涨,-1.2972072615089472,CALL,4720.0,0.0,7141360.000000001,7.533921536152988e-05,5M-10M,2027-01-15,85.9800033569336,87.11000061035156,86.13500213623047,86.50440216064453,84.8499984741211,15.13,15.05,16.5,1342.0,0.3811097045898437,True,SBUX,16.1,-0.060248447204968976,-0.012972072615089472,94789413000.0,-6.024844720496898,4720.0
WULF260116C00011000,11.0,15508.0,空头卖 Call，看跌/看不涨,-2.6434548121323,CALL,15508.0,0.0,7133679.999999999,0.0016806631539341029,5M-10M,2026-01-16,15.100000381469728,15.510000228881836,14.854999542236328,15.760000228881836,14.802000045776367,4.6,4.5,5.05,13.0,1.154301103515625,True,WULF,4.9,-0.061224489795918505,-0.026434548121323,4244562620.0,-6.122448979591851,15508.0
NEM251219C00065000,65.0,2649.0,多头买 Call，看涨,1.8075601553729281,CALL,2649.0,0.0,7125809.999999999,7.609562110498e-05,5M-10M,2025-12-19,92.37000274658205,90.7300033569336,92.0,92.87999725341795,90.86000061035156,26.9,25.95,27.7,5.0,0.9169930175781252,True,NEM,21.25,0.2658823529411764,0.01807560155372928,93642839056.0,26.58823529411764,2649.0
MSTR260116P00150000,150.0,4463.0,多头买 Put，看跌,-10.455466001955964,PUT,4463.0,0.0,7096170.0,8.097427077027411e-05,5M-10M,2026-01-16,158.65499877929688,177.17999267578125,168.25,168.25,155.802001953125,15.9,15.55,16.0,527.0,0.9026498992919922,False,MSTR,8.75,0.8171428571428572,-0.10455466001955964,87634873800.0,81.71428571428572,4463.0
COIN260417P00250000,250.0,2007.0,多头买 Put，看跌,-6.007629282466677,PUT,2007.0,0.0,7084709.999999999,8.82101159114626e-05,5M-10M,2026-04-17,256.42999267578125,272.82000732421875,260.4750061035156,265.8800048828125,252.1999969482422,35.3,33.6,34.8,8.0,0.6043740734863283,False,COIN,29.38,0.2014976174268209,-0.060076292824666776,80316298497.0,20.14976174268209,2007.0
RKLB270115C00040000,40.0,4772.0,空头卖 Call，看跌/看不涨,-2.9660674797687068,CALL,4772.0,0.0,7019612.000000001,0.00031655528717886315,5M-10M,2027-01-15,40.890098571777344,42.13999938964844,41.09999847412109,41.19869995117188,39.97999954223633,14.71,14.55,14.95,133.0,0.8645033081054687,True,RKLB,16.2,-0.09197530864197521,-0.029660674797687067,22174995283.0,-9.197530864197521,4772.0
HOOD261218P00100000,100.0,3726.0,多头买 Put，看跌,-5.198854112373502,PUT,3726.0,0.0,7001153.999999999,6.514697009395124e-05,5M-10M,2026-12-18,121.80999755859376,128.49000549316406,123.5999984741211,125.28990173339844,118.86000061035156,18.79,18.45,19.3,29.0,0.6414830773925781,False,HOOD,17.09,0.09947337624341716,-0.05198854112373502,107467070071.0,9.947337624341717,3726.0
NVDA260618C00205000,205.0,4416.0,多头买 Call，看涨,1.274126128288312,CALL,4416.0,0.0,6999359.999999999,1.6164740230812025e-06,5M-10M,2026-06-18,179.2552032470703,177.0,174.6999969482422,180.00999450683594,173.67999267578125,15.85,15.6,15.7,126.0,0.4718985916137695,False,NVDA,14.84,0.06805929919137466,0.012741261282883122,4330017000000.0,6.805929919137466,4416.0
CRCL260116C00085000,85.0,11827.0,空头卖 Call，看跌/看不涨,-4.016012851516024,CALL,11827.0,0.0,6977930.0,0.00023950291115170178,5M-10M,2026-01-16,76.72000122070312,79.93000030517578,77.48999786376953,79.83989715576172,75.23999786376953,5.9,5.9,5.9,73.0,0.8227556787109375,False,CRCL,7.28,-0.18956043956043955,-0.04016012851516024,29135052958.0,-18.956043956043956,11827.0
RIOT251219C00013000,13.0,29029.0,空头卖 Call，看跌/看不涨,-5.2696805456933,CALL,29029.0,0.0,6966959.999999999,0.0010655069457110803,5M-10M,2025-12-19,15.279999732971191,16.1299991607666,15.229999542236328,15.779999732971191,14.888999938964844,2.4,2.33,2.68,31.0,0.7324245507812499,True,RIOT,3.35,-0.28358208955223885,-0.052696805456933,6538634054.0,-28.358208955223883,29029.0
CRM260116P00220000,220.0,9374.0,空头卖 Put，看涨/看不跌,1.3490069840036991,PUT,9374.0,0.0,6936760.000000001,2.9932681284320002e-05,5M-10M,2026-01-16,233.6499938964844,230.5399932861328,228.6699981689453,233.67999267578125,228.6000061035156,7.4,7.35,7.55,22.0,0.4093076647949218,False,CRM,8.57,-0.1365227537922987,0.013490069840036992,231745360000.0,-13.65227537922987,9374.0
DIS260116P00110000,110.0,11553.0,空头卖 Put，看涨/看不跌,1.8378464118987878,PUT,11553.0,0.0,6931800.0,3.397748770102341e-05,5M-10M,2026-01-16,106.38999938964844,104.47000122070312,104.91999816894533,106.79000091552734,104.5,6.0,5.7,6.1,30.0,0.2611157873535156,True,DIS,7.08,-0.15254237288135594,0.01837846411898788,204011552031.0,-15.254237288135593,11553.0
NVDA251205C00185000,185.0,57565.0,多头买 Call，看涨,1.274126128288312,CALL,57565.0,0.0,6907800.0,1.5953286095643504e-06,5M-10M,2025-12-05,179.2552032470703,177.0,174.6999969482422,180.00999450683594,173.67999267578125,1.2,1.18,1.2,59521.0,0.3881897119140625,False,NVDA,1.04,0.15384615384615377,0.012741261282883122,4330017000000.0,15.384615384615378,57565.0
MSTR260515P00205000,205.0,1070.0,多头买 Put，看跌,-10.455466001955964,PUT,1070.0,0.0,6883309.999999999,7.854532906282338e-05,5M-10M,2026-05-15,158.65499877929688,177.17999267578125,168.25,168.25,155.802001953125,64.33,64.75,66.1,1.0,0.7875692630004882,True,MSTR,53.3,0.20694183864915575,-0.10455466001955964,87634873800.0,20.694183864915576,1070.0
BABA260320C00180000,180.0,7475.0,多头买 Call，看涨,3.31531865016855,CALL,7475.0,0.0,6877000.0,1.7322931599232284e-05,5M-10M,2026-03-20,162.51499938964844,157.3000030517578,160.5,162.9759063720703,159.41000366210938,9.2,9.05,9.45,22.0,0.4485528778076171,False,BABA,7.25,0.26896551724137924,0.0331531865016855,396988232656.0,26.896551724137925,7475.0
INTC260320C00044000,44.0,19042.0,空头卖 Call，看跌/看不涨,-1.4647458876558526,CALL,19042.0,0.0,6855120.0,4.411742559538175e-05,5M-10M,2026-03-20,39.96590042114258,40.560001373291016,39.8650016784668,40.375,39.59999847412109,3.6,3.65,3.85,69.0,0.6054726953125001,False,INTC,3.8,-0.052631578947368356,-0.014647458876558526,155383500000.0,-5.263157894736835,19042.0
INTC251219C00037000,37.0,17217.0,空头卖 Call，看跌/看不涨,-1.4647458876558526,CALL,17217.0,0.0,6852366.0,4.409970170577957e-05,5M-10M,2025-12-19,39.96590042114258,40.560001373291016,39.8650016784668,40.375,39.59999847412109,3.98,3.85,4.0,237.0,0.6040078662109377,True,INTC,4.43,-0.10158013544018053,-0.014647458876558526,155383500000.0,-10.158013544018054,17217.0
CIFR260116C00017000,17.0,14561.0,空头卖 Call，看跌/看不涨,-5.036853067892894,CALL,14561.0,0.0,6843670.0,0.0015171232010001323,5M-10M,2026-01-16,19.325000762939453,20.350000381469727,19.325000762939453,20.36000061035156,19.0,4.7,4.55,4.8,968.0,1.3164096679687498,True,CIFR,5.4,-0.12962962962962965,-0.050368530678928936,4510952041.0,-12.962962962962965,14561.0
AVGO261218C00370000,370.0,723.0,空头卖 Call，看跌/看不涨,-2.8042455907755968,CALL,723.0,0.0,6812829.000000001,4.312537300226314e-06,5M-10M,2026-12-18,391.6600036621094,402.9599914550781,394.8500061035156,395.4200134277344,385.6400146484375,94.23,93.55,96.2,25.0,0.5446822875976562,True,AVGO,99.65,-0.05439036628198697,-0.02804245590775597,1579772770810.0,-5.439036628198697,723.0
UBER260116C00075000,75.0,5468.0,空头卖 Call，看跌/看不涨,-1.4507702298135017,CALL,5468.0,0.0,6780320.0,3.3024877247588896e-05,5M-10M,2026-01-16,86.2699966430664,87.54000091552734,86.98999786376953,87.61000061035156,85.4800033569336,12.4,11.95,12.55,6.0,0.434575966796875,True,UBER,13.26,-0.06485671191553541,-0.014507702298135016,205309468652.0,-6.485671191553541,5468.0
COIN260618C00200000,200.0,792.0,空头卖 Call，看跌/看不涨,-6.007629282466677,CALL,792.0,0.0,6732000.0,8.381860377008604e-05,5M-10M,2026-06-18,256.42999267578125,272.82000732421875,260.4750061035156,265.8800048828125,252.1999969482422,85.0,81.75,83.9,1.0,0.7491785336303712,True,COIN,94.7,-0.10242872228088704,-0.060076292824666776,80316298497.0,-10.242872228088704,792.0
AVGO270115C00420000,420.0,916.0,空头卖 Call，看跌/看不涨,-2.8042455907755968,CALL,916.0,0.0,6731684.0,4.261172318186273e-06,5M-10M,2027-01-15,391.6600036621094,402.9599914550781,394.8500061035156,395.4200134277344,385.6400146484375,73.49,75.6,76.4,27.0,0.5280351152038574,False,AVGO,80.19,-0.08355156503304655,-0.02804245590775597,1579772770810.0,-8.355156503304654,916.0
HOOD271217C00105000,105.0,1289.0,空头卖 Call，看跌/看不涨,-5.198854112373502,CALL,1289.0,0.0,6722134.999999999,6.255064919476174e-05,5M-10M,2027-12-17,121.80999755859376,128.49000549316406,123.5999984741211,125.28990173339844,118.86000061035156,52.15,51.7,53.45,1.0,0.7043181423950197,True,HOOD,58.08,-0.10210055096418733,-0.05198854112373502,107467070071.0,-10.210055096418733,1289.0
MRVL260116C00077500,77.5,4044.0,多头买 Call，看涨,1.9463063020931253,CALL,4044.0,0.0,6713040.000000001,9.362565917447822e-05,5M-10M,2026-01-16,91.13999938964844,89.4000015258789,89.06999969482422,91.37000274658205,88.30999755859375,16.6,16.05,17.1,9.0,0.6628451684570313,True,MRVL,14.5,0.14482758620689665,0.019463063020931252,71700857000.0,14.482758620689665,4044.0
DIS260116P00115000,115.0,6625.0,空头卖 Put，看涨/看不跌,1.8378464118987878,PUT,6625.0,0.0,6691250.0,3.279838780395754e-05,5M-10M,2026-01-16,106.38999938964844,104.47000122070312,104.91999816894533,106.79000091552734,104.5,10.1,9.85,10.45,6.0,0.3166572241210937,True,DIS,11.4,-0.11403508771929831,0.01837846411898788,204011552031.0,-11.40350877192983,6625.0
APP260116C00530000,530.0,702.0,多头买 Call，看涨,1.2124359084004284,CALL,702.0,0.0,6672509.999999999,2.944879259604165e-05,5M-10M,2026-01-16,606.748291015625,599.47998046875,588.1300048828125,607.1900024414062,576.0,95.05,96.8,100.7,175.0,0.6328466891479493,True,APP,85.34,0.11378017342395118,0.012124359084004284,226580087392.0,11.378017342395118,702.0
B270115C00040000,40.0,7022.0,多头买 Call，看涨,2.5036280686789456,CALL,7022.0,0.0,6635789.999999999,0.0001128100860584935,5M-10M,2027-01-15,42.375,41.34000015258789,42.3650016784668,43.08000183105469,41.790000915527344,9.45,8.75,9.8,54.0,0.4967091345214844,True,B,8.4,0.12499999999999986,0.025036280686789456,58822665879.0,12.499999999999986,7022.0
NVDA260618C00225000,225.0,6225.0,多头买 Call，看涨,1.274126128288312,CALL,6225.0,0.0,6629625.0,1.5310852128294185e-06,5M-10M,2026-06-18,179.2552032470703,177.0,174.6999969482422,180.00999450683594,173.67999267578125,10.65,10.3,10.4,29.0,0.4632316860961915,False,NVDA,9.7,0.09793814432989703,0.012741261282883122,4330017000000.0,9.793814432989704,6225.0
AVGO280121C00350000,350.0,490.0,空头卖 Call，看跌/看不涨,-2.8042455907755968,CALL,3294.0,2804.0,6615000.0,4.187311062848791e-06,5M-10M,2028-01-21,391.6600036621094,402.9599914550781,394.8500061035156,395.4200134277344,385.6400146484375,135.0,136.0,140.0,10.0,0.5505721212768556,True,AVGO,143.3,-0.05792044661549205,-0.02804245590775597,1579772770810.0,-5.7920446615492045,490.0
INTC260320C00038000,38.0,10878.0,空头卖 Call，看跌/看不涨,-1.4647458876558526,CALL,10878.0,0.0,6570312.0,4.2284489665891165e-05,5M-10M,2026-03-20,39.96590042114258,40.560001373291016,39.8650016784668,40.375,39.59999847412109,6.04,6.05,6.2,382.0,0.5983926879882813,True,INTC,6.4,-0.05625000000000005,-0.014647458876558526,155383500000.0,-5.625000000000005,10878.0
WULF260116C00015000,15.0,30397.0,空头卖 Call，看跌/看不涨,-2.6434548121323,CALL,30397.0,0.0,6565752.0,0.0015468618531065516,5M-10M,2026-01-16,15.100000381469728,15.510000228881836,14.854999542236328,15.760000228881836,14.802000045776367,2.16,2.12,2.24,1197.0,0.9936524072265626,True,WULF,2.49,-0.13253012048192772,-0.026434548121323,4244562620.0,-13.253012048192772,30397.0
IONQ270115C00050000,50.0,3786.0,空头卖 Call，看跌/看不涨,-4.279920168366671,CALL,3786.0,0.0,6542208.0,0.0003275813487182055,5M-10M,2027-01-15,47.18999862670898,49.29999923706055,48.63999938964844,48.869998931884766,46.61199951171875,17.28,17.0,17.75,29.0,0.9501958105468749,False,IONQ,19.06,-0.09338929695697784,-0.042799201683666716,19971246915.0,-9.338929695697784,3786.0
TEM270115C00070000,70.0,2390.0,空头卖 Call，看跌/看不涨,-1.7964859751013296,CALL,2390.0,0.0,6500800.0,0.0004768031276670405,5M-10M,2027-01-15,76.52999877929688,77.93000030517578,75.5,77.05000305175781,74.45999908447266,27.2,25.9,28.5,1.0,0.790041162109375,True,TEM,29.8,-0.08724832214765105,-0.017964859751013296,13634138752.0,-8.724832214765105,2390.0
MRVL260116C00075000,75.0,3496.0,多头买 Call，看涨,1.9463063020931253,CALL,3496.0,0.0,6467600.0,9.020254806717303e-05,5M-10M,2026-01-16,91.13999938964844,89.4000015258789,89.06999969482422,91.37000274658205,88.30999755859375,18.5,17.85,19.05,2.0,0.6669955175781253,True,MRVL,15.95,0.15987460815047028,0.019463063020931252,71700857000.0,15.987460815047028,3496.0
AG260116C00013000,13.0,19221.0,多头买 Call，看涨,3.8739341452485596,CALL,19221.0,0.0,6439035.0,0.001085655171178184,5M-10M,2026-01-16,15.81999969482422,15.229999542236328,15.619999885559082,15.989999771118164,15.34000015258789,3.35,3.25,3.4,1504.0,0.7314479980468749,True,AG,2.85,0.17543859649122806,0.038739341452485594,5931013061.0,17.543859649122805,19221.0
CRM260618P00240000,240.0,2258.0,空头卖 Put，看涨/看不跌,1.3490069840036991,PUT,2258.0,0.0,6435300.0,2.7768840765571316e-05,5M-10M,2026-06-18,233.6499938964844,230.5399932861328,228.6699981689453,233.67999267578125,228.6000061035156,28.5,27.75,29.35,2.0,0.3738160763549804,True,CRM,31.35,-0.09090909090909095,0.013490069840036992,231745360000.0,-9.090909090909095,2258.0
IBM260116C00280000,280.0,2132.0,空头卖 Call，看跌/看不涨,-1.3015414354417905,CALL,2132.0,0.0,6385340.0,2.4110158274446708e-05,5M-10M,2026-01-16,304.5636901855469,308.5799865722656,306.5050048828125,306.8800048828125,302.79998779296875,29.95,27.85,29.75,16.0,0.3411931115722656,True,IBM,32.48,-0.07789408866995068,-0.013015414354417904,264840235693.0,-7.789408866995068,2132.0
PDD260618P00125000,125.0,4376.0,空头卖 Put，看涨/看不跌,1.8090958313194128,PUT,4376.0,0.0,6345200.0,3.4383902556704666e-05,5M-10M,2026-06-18,118.18000030517578,116.08000183105467,116.41000366210938,118.5,116.1500015258789,14.5,14.15,15.1,25.0,0.3174506732177734,True,PDD,15.6,-0.0705128205128205,0.018090958313194128,184539843595.0,-7.05128205128205,4376.0
BABA260116C00180000,180.0,17346.0,多头买 Call，看涨,3.31531865016855,CALL,17346.0,0.0,6331290.0,1.5948306471557856e-05,5M-10M,2026-01-16,162.51499938964844,157.3000030517578,160.5,162.9759063720703,159.41000366210938,3.65,3.65,3.75,768.0,0.4167538793945312,False,BABA,2.6,0.40384615384615374,0.0331531865016855,396988232656.0,40.38461538461537,17346.0
AI260116C00015000,15.0,51021.0,空头卖 Call，看跌/看不涨,-1.038059657510139,CALL,51021.0,0.0,6326604.0,0.0026776513092338513,5M-10M,2026-01-16,14.300000190734863,14.449999809265137,14.020000457763672,14.369999885559082,13.989999771118164,1.24,1.22,1.29,122.0,0.7568383691406251,False,AI,1.35,-0.08148148148148154,-0.01038059657510139,2362743789.0,-8.148148148148154,51021.0
NVDA260320P00130000,130.0,25765.0,空头卖 Put，看涨/看不跌,1.274126128288312,PUT,25765.0,0.0,6312425.000000001,1.4578291494005685e-06,5M-10M,2026-03-20,179.2552032470703,177.0,174.6999969482422,180.00999450683594,173.67999267578125,2.45,2.41,2.45,283.0,0.4982960327148438,False,NVDA,2.65,-0.07547169811320745,0.012741261282883122,4330017000000.0,-7.547169811320745,25765.0
UNH251219P00360000,360.0,1804.0,多头买 Put，看跌,-1.2190281552592135,PUT,1804.0,0.0,6312196.000000001,2.025579652378818e-05,5M-10M,2025-12-19,325.75,329.7699890136719,327.1600036621094,330.0599975585937,325.25,34.99,35.45,37.2,3.0,0.4416559741210937,True,UNH,32.9,0.06352583586626151,-0.012190281552592134,311624180890.0,6.352583586626151,1804.0
CRM260618P00220000,220.0,3296.0,空头卖 Put，看涨/看不跌,1.3490069840036991,PUT,3296.0,0.0,6311839.999999999,2.7236100865190998e-05,5M-10M,2026-06-18,233.6499938964844,230.5399932861328,228.6699981689453,233.67999267578125,228.6000061035156,19.15,18.4,19.3,1.0,0.3828797064208984,False,CRM,20.5,-0.06585365853658544,0.013490069840036992,231745360000.0,-6.585365853658544,3296.0
UNH270115C00320000,320.0,1144.0,空头卖 Call，看跌/看不涨,-1.2190281552592135,CALL,1144.0,0.0,6297720.0,2.0209343132531258e-05,5M-10M,2027-01-15,325.75,329.7699890136719,327.1600036621094,330.0599975585937,325.25,55.05,54.85,56.35,8.0,0.3936065278625488,True,UNH,58.55,-0.059777967549103334,-0.012190281552592134,311624180890.0,-5.977796754910333,1144.0
WULF260220C00012000,12.0,14297.0,空头卖 Call，看跌/看不涨,-2.6434548121323,CALL,14297.0,0.0,6290680.0,0.0014820561181872727,5M-10M,2026-02-20,15.100000381469728,15.510000228881836,14.854999542236328,15.760000228881836,14.802000045776367,4.4,4.3,4.45,3.0,1.000005,True,WULF,4.75,-0.07368421052631571,-0.026434548121323,4244562620.0,-7.368421052631572,14297.0
NIO260116C00005000,5.0,123275.0,空头卖 Call，看跌/看不涨,-6.063634699041193,CALL,123275.0,0.0,6287025.0,0.0003976166795419141,5M-10M,2026-01-16,5.166500091552734,5.5,5.329999923706055,5.425000190734863,5.139999866485596,0.51,0.51,0.53,5142.0,0.5937540625000001,True,NIO,0.84,-0.39285714285714285,-0.060636346990411934,15811773810.0,-39.285714285714285,123275.0
MSTR251219P00172000,172.0,2872.0,多头买 Put，看跌,-10.455466001955964,PUT,2872.0,0.0,6286808.0,7.173865525667021e-05,5M-10M,2025-12-19,158.65499877929688,177.17999267578125,168.25,168.25,155.802001953125,21.89,21.05,22.05,725.0,0.9312751013183592,True,MSTR,10.58,1.0689981096408319,-0.10455466001955964,87634873800.0,106.89981096408319,2872.0
NVDA251212P00185000,185.0,7243.0,空头卖 Put，看涨/看不跌,1.274126128288312,PUT,7243.0,0.0,6265195.0,1.446921570977666e-06,5M-10M,2025-12-12,179.2552032470703,177.0,174.6999969482422,180.00999450683594,173.67999267578125,8.65,8.65,8.75,343.0,0.4115049084472656,True,NVDA,10.25,-0.15609756097560973,0.012741261282883122,4330017000000.0,-15.609756097560973,7243.0
HOOD260417C00100000,100.0,2043.0,空头卖 Call，看跌/看不涨,-5.198854112373502,CALL,2043.0,0.0,6261795.0,5.8267104480126194e-05,5M-10M,2026-04-17,121.80999755859376,128.49000549316406,123.5999984741211,125.28990173339844,118.86000061035156,30.65,31.15,32.05,6.0,0.6948883050537109,True,HOOD,37.35,-0.1793842034805891,-0.05198854112373502,107467070071.0,-17.93842034805891,2043.0
NVDA260116P00186000,186.0,4649.0,空头卖 Put，看涨/看不跌,1.274126128288312,PUT,4649.0,0.0,6229660.0,1.4387149057382454e-06,5M-10M,2026-01-16,179.2552032470703,177.0,174.6999969482422,180.00999450683594,173.67999267578125,13.4,13.6,13.7,15.0,0.3820862573242187,True,NVDA,15.1,-0.11258278145695359,0.012741261282883122,4330017000000.0,-11.258278145695359,4649.0
SHOP251219C00155000,155.0,8847.0,空头卖 Call，看跌/看不涨,-2.7411091150585225,CALL,8847.0,0.0,6192900.0,3.398278507688959e-05,5M-10M,2025-12-19,154.29150390625,158.63999938964844,152.8000030517578,155.55999755859375,150.75999450683594,7.0,6.1,6.75,1041.0,0.5045215563964844,False,SHOP,9.22,-0.24078091106290678,-0.027411091150585223,182236387806.0,-24.078091106290678,8847.0
MSTR260116C00130000,130.0,1473.0,空头卖 Call，看跌/看不涨,-10.455466001955964,CALL,1473.0,0.0,6186600.0,7.059518353525603e-05,5M-10M,2026-01-16,158.65499877929688,177.17999267578125,168.25,168.25,155.802001953125,42.0,35.55,37.55,2.0,0.914185428466797,True,MSTR,53.95,-0.22150139017608902,-0.10455466001955964,87634873800.0,-22.150139017608904,1473.0
WULF260116P00015000,15.0,28744.0,多头买 Put，看跌,-2.6434548121323,PUT,28744.0,0.0,6179960.0,0.001455970980585981,5M-10M,2026-01-16,15.100000381469728,15.510000228881836,14.854999542236328,15.760000228881836,14.802000045776367,2.15,2.12,2.17,46.0,1.0244189404296875,False,WULF,1.95,0.10256410256410255,-0.026434548121323,4244562620.0,10.256410256410255,28744.0
AVGO260515C00400000,400.0,1188.0,空头卖 Call，看跌/看不涨,-2.8042455907755968,CALL,1188.0,0.0,6171660.000000001,3.906675766310109e-06,5M-10M,2026-05-15,391.6600036621094,402.9599914550781,394.8500061035156,395.4200134277344,385.6400146484375,51.95,51.85,52.25,11.0,0.5308884802246094,False,AVGO,57.63,-0.09855977789345825,-0.02804245590775597,1579772770810.0,-9.855977789345825,1188.0
HOOD260320P00100000,100.0,7756.0,多头买 Put，看跌,-5.198854112373502,PUT,7756.0,0.0,6166020.0,5.7375901249809e-05,5M-10M,2026-03-20,121.80999755859376,128.49000549316406,123.5999984741211,125.28990173339844,118.86000061035156,7.95,7.95,8.1,80.0,0.6947052014160158,False,HOOD,6.3,0.261904761904762,-0.05198854112373502,107467070071.0,26.190476190476197,7756.0
COIN260618P00270000,270.0,1140.0,多头买 Put，看跌,-6.007629282466677,PUT,1140.0,0.0,6161700.0,7.671792793376993e-05,5M-10M,2026-06-18,256.42999267578125,272.82000732421875,260.4750061035156,265.8800048828125,252.1999969482422,54.05,52.25,53.55,12.0,0.5940439765930177,True,COIN,46.35,0.16612729234088447,-0.060076292824666776,80316298497.0,16.612729234088448,1140.0
IONQ251219P00050000,50.0,10549.0,多头买 Put，看跌,-4.279920168366671,PUT,10549.0,0.0,6150067.0,0.0003079460699762722,5M-10M,2025-12-19,47.18999862670898,49.29999923706055,48.63999938964844,48.869998931884766,46.61199951171875,5.83,5.75,6.0,76.0,0.9804689453125,True,IONQ,4.7,0.24042553191489358,-0.042799201683666716,19971246915.0,24.042553191489358,10549.0
CRWD260116C00500000,500.0,1974.0,空头卖 Call，看跌/看不涨,-1.177428524249505,CALL,1974.0,0.0,6119400.0,5.06510693205677e-05,5M-10M,2026-01-16,503.1650085449219,509.1600036621094,503.4800109863281,504.2449951171875,495.010009765625,31.0,34.05,35.3,24.0,0.4697623825073242,True,CRWD,39.5,-0.21518987341772153,-0.01177428524249505,120814823499.0,-21.518987341772153,1974.0
EQX260116C00012500,12.5,29699.0,多头买 Call，看涨,2.0533130047714634,CALL,29699.0,0.0,6117994.0,0.0007456686068826026,5M-10M,2026-01-16,14.164999961853027,13.880000114440918,14.140000343322754,14.220000267028809,13.81999969482422,2.06,1.95,2.15,206.0,0.5283250292968751,True,EQX,1.95,0.05641025641025646,0.020533130047714634,8204709094.0,5.641025641025646,29699.0
BABA260618C00180000,180.0,4164.0,多头买 Call，看涨,3.31531865016855,CALL,4164.0,0.0,6100260.0,1.5366349675371925e-05,5M-10M,2026-06-18,162.51499938964844,157.3000030517578,160.5,162.9759063720703,159.41000366210938,14.65,14.45,15.2,19.0,0.4551751260375977,False,BABA,12.69,0.1544523246650907,0.0331531865016855,396988232656.0,15.44523246650907,4164.0
PDD260618P00130000,130.0,3280.0,空头卖 Put，看涨/看不跌,1.8090958313194128,PUT,3280.0,0.0,6084400.0,3.2970657617728973e-05,5M-10M,2026-06-18,118.18000030517578,116.08000183105467,116.41000366210938,118.5,116.1500015258789,18.55,17.45,18.2,2.0,0.310004458618164,True,PDD,20.25,-0.08395061728395058,0.018090958313194128,184539843595.0,-8.395061728395058,3280.0
AVGO260320P00340000,340.0,3029.0,多头买 Put，看跌,-2.8042455907755968,PUT,3029.0,0.0,6058000.0,3.834728710315643e-06,5M-10M,2026-03-20,391.6600036621094,402.9599914550781,394.8500061035156,395.4200134277344,385.6400146484375,20.0,19.9,20.15,61.0,0.5101062173461915,False,AVGO,18.0,0.1111111111111111,-0.02804245590775597,1579772770810.0,11.11111111111111,3029.0
HOOD251219C00095000,95.0,2349.0,空头卖 Call，看跌/看不涨,-5.198854112373502,CALL,2349.0,0.0,6055722.0,5.634955894860799e-05,5M-10M,2025-12-19,121.80999755859376,128.49000549316406,123.5999984741211,125.28990173339844,118.86000061035156,25.78,26.0,27.3,14.0,0.7163114306640624,True,HOOD,32.89,-0.21617512921860746,-0.05198854112373502,107467070071.0,-21.617512921860747,2349.0
NVDA260515C00185000,185.0,2962.0,多头买 Call，看涨,1.274126128288312,CALL,2962.0,0.0,6012860.0,1.3886458182496743e-06,5M-10M,2026-05-15,179.2552032470703,177.0,174.6999969482422,180.00999450683594,173.67999267578125,20.3,20.25,20.35,189.0,0.4732718688964844,False,NVDA,19.3,0.05181347150259067,0.012741261282883122,4330017000000.0,5.181347150259067,2962.0
LYFT270115C00017000,17.0,7558.0,多头买 Call，看涨,2.164047032694385,CALL,7558.0,0.0,6008610.0,0.0006759696252322544,5M-10M,2027-01-15,21.48509979248047,21.030000686645508,20.76499938964844,21.56999969482422,20.68000030517578,7.95,7.75,8.15,34.0,0.6821320849609377,True,LYFT,7.55,0.052980132450331174,0.021640470326943852,8888875736.0,5.298013245033117,7558.0
NVDA260618P00146000,146.0,6820.0,空头卖 Put，看涨/看不跌,1.274126128288312,PUT,6820.0,0.0,5974320.0,1.3797451603538739e-06,5M-10M,2026-06-18,179.2552032470703,177.0,174.6999969482422,180.00999450683594,173.67999267578125,8.76,8.75,8.85,1.0,0.4517877087402344,False,NVDA,9.23,-0.05092091007583972,0.012741261282883122,4330017000000.0,-5.0920910075839725,6820.0
HOOD280121C00140000,140.0,1448.0,空头卖 Call，看跌/看不涨,-5.198854112373502,CALL,1448.0,0.0,5961416.0,5.547202502181818e-05,5M-10M,2028-01-21,121.80999755859376,128.49000549316406,123.5999984741211,125.28990173339844,118.86000061035156,41.17,40.9,41.65,13.0,0.6800569104003908,False,HOOD,45.85,-0.102071973827699,-0.05198854112373502,107467070071.0,-10.2071973827699,1448.0
NKE260320C00065000,65.0,9596.0,多头买 Call，看涨,1.7638858704858578,CALL,9596.0,0.0,5949520.0,5.812111170213188e-05,5M-10M,2026-03-20,65.7699966430664,64.62999725341797,63.77000045776367,65.83000183105469,63.58000183105469,6.2,6.1,6.3,313.0,0.4133359448242187,True,NKE,5.5,0.12727272727272732,0.017638858704858578,102364181031.0,12.727272727272732,9596.0
NVDA260116P00140000,140.0,61328.0,空头卖 Put，看涨/看不跌,1.274126128288312,PUT,61328.0,0.0,5948816.0,1.3738551141947019e-06,5M-10M,2026-01-16,179.2552032470703,177.0,174.6999969482422,180.00999450683594,173.67999267578125,0.97,0.94,0.95,271.0,0.483403603515625,False,NVDA,1.2,-0.19166666666666665,0.012741261282883122,4330017000000.0,-19.166666666666664,61328.0
WDC260116C00140000,140.0,2252.0,空头卖 Call，看跌/看不涨,-1.3111459786743174,CALL,2252.0,0.0,5936272.0,0.0001600977940095078,5M-10M,2026-01-16,161.18850708007812,163.3300018310547,160.60000610351562,163.8000030517578,157.22999572753906,26.36,26.7,29.45,6.0,0.7074614215087891,True,WDC,29.53,-0.10734845919404001,-0.013111459786743175,37079036827.0,-10.734845919404002,2252.0
HIMS251219P00045000,45.0,7888.0,多头买 Put，看跌,-2.942651454569266,PUT,7888.0,0.0,5916000.0,0.0004481973173204119,5M-10M,2025-12-19,38.59000015258789,39.7599983215332,38.75,39.24990081787109,37.900001525878906,7.5,7.05,7.75,11.0,0.8554701953125,True,HIMS,6.2,0.20967741935483866,-0.02942651454569266,13199543530.0,20.967741935483865,7888.0
NVDA251219C00162000,162.0,2983.0,多头买 Call，看涨,1.274126128288312,CALL,2983.0,0.0,5876510.0,1.3571563344901417e-06,5M-10M,2025-12-19,179.2552032470703,177.0,174.6999969482422,180.00999450683594,173.67999267578125,19.7,18.85,18.95,349.0,0.4686332434082031,True,NVDA,17.6,0.11931818181818168,0.012741261282883122,4330017000000.0,11.93181818181817,2983.0
IBM260320C00290000,290.0,1987.0,空头卖 Call，看跌/看不涨,-1.3015414354417905,CALL,1987.0,0.0,5863637.0,2.2140280100026287e-05,5M-10M,2026-03-20,304.5636901855469,308.5799865722656,306.5050048828125,306.8800048828125,302.79998779296875,29.51,28.5,30.4,3.0,0.3444889770507812,True,IBM,32.5,-0.09199999999999996,-0.013015414354417904,264840235693.0,-9.199999999999996,1987.0
HOOD260116P00125000,125.0,4545.0,多头买 Put，看跌,-5.198854112373502,PUT,4545.0,0.0,5844870.0,5.438754398103981e-05,5M-10M,2026-01-16,121.80999755859376,128.49000549316406,123.5999984741211,125.28990173339844,118.86000061035156,12.86,12.95,13.1,163.0,0.6445348046875,True,HOOD,9.6,0.33958333333333335,-0.05198854112373502,107467070071.0,33.958333333333336,4545.0
AVGO261218C00340000,340.0,551.0,空头卖 Call，看跌/看不涨,-2.8042455907755968,CALL,551.0,0.0,5842253.0,3.6981603354288035e-06,5M-10M,2026-12-18,391.6600036621094,402.9599914550781,394.8500061035156,395.4200134277344,385.6400146484375,106.03,109.0,111.65,25.0,0.556767127685547,True,AVGO,115.4,-0.08119584055459275,-0.02804245590775597,1579772770810.0,-8.119584055459276,551.0
NVDA260515C00170000,170.0,2072.0,多头买 Call，看涨,1.274126128288312,CALL,2072.0,0.0,5818175.999999999,1.3436843319552784e-06,5M-10M,2026-05-15,179.2552032470703,177.0,174.6999969482422,180.00999450683594,173.67999267578125,28.08,27.55,27.9,47.0,0.4909108526611329,True,NVDA,26.4,0.06363636363636363,0.012741261282883122,4330017000000.0,6.363636363636363,2072.0
OKLO260116P00115000,115.0,1927.0,多头买 Put，看跌,-2.3911114294895746,PUT,1927.0,0.0,5815686.0,0.00035645718348279804,5M-10M,2026-01-16,89.19499969482422,91.37999725341795,88.54000091552734,90.5999984741211,85.5,30.18,29.35,31.8,1.0,0.9724123852539062,True,OKLO,27.59,0.09387459224356651,-0.023911114294895744,16315244213.0,9.38745922435665,1927.0
UNH260116P00300000,300.0,9085.0,多头买 Put，看跌,-1.2190281552592135,PUT,9085.0,0.0,5814400.0,1.8658372349007218e-05,5M-10M,2026-01-16,325.75,329.7699890136719,327.1600036621094,330.0599975585937,325.25,6.4,6.2,6.45,88.0,0.3611514080810546,False,UNH,6.05,0.05785123966942158,-0.012190281552592134,311624180890.0,5.785123966942158,9085.0
NVDA260515C00220000,220.0,6246.0,多头买 Call，看涨,1.274126128288312,CALL,6246.0,0.0,5808780.0,1.3415143635694733e-06,5M-10M,2026-05-15,179.2552032470703,177.0,174.6999969482422,180.00999450683594,173.67999267578125,9.3,9.1,9.2,208.0,0.4562432305908204,False,NVDA,8.47,0.09799291617473435,0.012741261282883122,4330017000000.0,9.799291617473434,6246.0
NVDA260116C00176000,176.0,4628.0,多头买 Call，看涨,1.274126128288312,CALL,4628.0,0.0,5808140.0,1.3413665581451529e-06,5M-10M,2026-01-16,179.2552032470703,177.0,174.6999969482422,180.00999450683594,173.67999267578125,12.55,12.45,12.55,240.0,0.4263973376464844,True,NVDA,11.45,0.09606986899563331,0.012741261282883122,4330017000000.0,9.606986899563331,4628.0
BABA260220C00155000,155.0,3445.0,多头买 Call，看涨,3.31531865016855,CALL,3445.0,0.0,5770375.0,1.4535380460508942e-05,5M-10M,2026-02-20,162.51499938964844,157.3000030517578,160.5,162.9759063720703,159.41000366210938,16.75,16.4,17.25,9.0,0.4392756268310547,True,BABA,13.95,0.20071684587813626,0.0331531865016855,396988232656.0,20.071684587813625,3445.0
NIO260618C00004000,4.0,34671.0,空头卖 Call，看跌/看不涨,-6.063634699041193,CALL,34671.0,0.0,5755386.0,0.00036399369666925436,5M-10M,2026-06-18,5.166500091552734,5.5,5.329999923706055,5.425000190734863,5.139999866485596,1.66,1.6,1.72,8.0,0.726565234375,True,NIO,1.96,-0.15306122448979595,-0.060636346990411934,15811773810.0,-15.306122448979595,34671.0
DKNG260116C00032000,32.0,16421.0,多头买 Call，看涨,2.9101331635355896,CALL,16421.0,0.0,5747350.0,0.00027354508358296074,5M-10M,2026-01-16,34.125,33.15999984741211,32.79999923706055,34.220001220703125,32.61009979248047,3.5,3.4,3.5,177.0,0.4829153271484375,True,DKNG,3.1,0.1290322580645161,0.029101331635355894,21010613405.0,12.90322580645161,16421.0
HOOD260618C00090000,90.0,1418.0,空头卖 Call，看跌/看不涨,-5.198854112373502,CALL,1418.0,0.0,5742900.0,5.3438695185472657e-05,5M-10M,2026-06-18,121.80999755859376,128.49000549316406,123.5999984741211,125.28990173339844,118.86000061035156,40.5,40.65,42.45,3.0,0.7201566070556642,True,HOOD,47.48,-0.1470092670598146,-0.05198854112373502,107467070071.0,-14.700926705981459,1418.0
B260116C00034000,34.0,6556.0,多头买 Call，看涨,2.5036280686789456,CALL,6556.0,0.0,5736500.0,9.752193162751505e-05,5M-10M,2026-01-16,42.375,41.34000015258789,42.3650016784668,43.08000183105469,41.790000915527344,8.75,8.75,9.3,16.0,0.6001016552734376,True,B,8.0,0.09375,0.025036280686789456,58822665879.0,9.375,6556.0
UNH251219P00330000,330.0,4679.0,多头买 Put，看跌,-1.2190281552592135,PUT,4679.0,0.0,5727096.0,1.8378214372335898e-05,5M-10M,2025-12-19,325.75,329.7699890136719,327.1600036621094,330.0599975585937,325.25,12.24,12.0,12.65,78.0,0.3474186352539062,True,UNH,10.62,0.15254237288135603,-0.012190281552592134,311624180890.0,15.254237288135602,4679.0
MRVL260618C00095000,95.0,3817.0,多头买 Call，看涨,1.9463063020931253,CALL,3817.0,0.0,5725500.0,7.985260204072595e-05,5M-10M,2026-06-18,91.13999938964844,89.4000015258789,89.06999969482422,91.37000274658205,88.30999755859375,15.0,14.6,15.5,1.0,0.620670297241211,False,MRVL,14.08,0.06534090909090909,0.019463063020931252,71700857000.0,6.534090909090909,3817.0
HOOD271217P00090000,90.0,2576.0,多头买 Put，看跌,-5.198854112373502,PUT,2576.0,0.0,5718720.0,5.321369603006602e-05,5M-10M,2027-12-17,121.80999755859376,128.49000549316406,123.5999984741211,125.28990173339844,118.86000061035156,22.2,21.9,23.05,1.0,0.6232947827148438,False,HOOD,20.82,0.0662824207492795,-0.05198854112373502,107467070071.0,6.628242074927949,2576.0
AVGO261218C00330000,330.0,504.0,空头卖 Call，看跌/看不涨,-2.8042455907755968,CALL,504.0,0.0,5699736.0,3.607946728362436e-06,5M-10M,2026-12-18,391.6600036621094,402.9599914550781,394.8500061035156,395.4200134277344,385.6400146484375,113.09,114.15,117.0,15.0,0.5589643713378907,True,AVGO,121.5,-0.06921810699588475,-0.02804245590775597,1579772770810.0,-6.921810699588475,504.0
NKE270115C00070000,70.0,6291.0,多头买 Call，看涨,1.7638858704858578,CALL,6291.0,0.0,5693355.0,5.561862501763017e-05,5M-10M,2027-01-15,65.7699966430664,64.62999725341797,63.77000045776367,65.83000183105469,63.58000183105469,9.05,8.6,9.3,9.0,0.3957579956054688,False,NKE,8.52,0.062206572769953186,0.017638858704858578,102364181031.0,6.220657276995318,6291.0
WULF260116C00014000,14.0,21530.0,空头卖 Call，看跌/看不涨,-2.6434548121323,CALL,21530.0,0.0,5683920.0,0.0013391061715564937,5M-10M,2026-01-16,15.100000381469728,15.510000228881836,14.854999542236328,15.760000228881836,14.802000045776367,2.64,2.57,2.71,175.0,0.98632826171875,True,WULF,2.99,-0.11705685618729099,-0.026434548121323,4244562620.0,-11.705685618729099,21530.0
PPTA251219C00020000,20.0,10103.0,空头卖 Call，看跌/看不涨,-1.0878037650943786,CALL,10103.0,0.0,5657680.0,0.0024856049500656865,5M-10M,2025-12-19,25.459999084472656,25.739999771118164,25.790000915527344,26.100000381469727,25.1299991607666,5.6,5.3,5.8,61.0,0.6796907031250001,True,PPTA,6.2,-0.09677419354838718,-0.010878037650943785,2276178280.0,-9.677419354838717,10103.0
BE260320C00110000,110.0,2332.0,空头卖 Call，看跌/看不涨,-7.369091523053882,CALL,2332.0,0.0,5643440.0,0.0003429674940570686,5M-10M,2026-03-20,101.19000244140624,109.23999786376952,107.08000183105467,110.83999633789062,100.3499984741211,24.2,23.8,24.4,19.0,1.247806495361328,False,BE,28.1,-0.1387900355871887,-0.07369091523053882,16454737250.0,-13.87900355871887,2332.0
CIFR260220C00015000,15.0,8605.0,空头卖 Call，看跌/看不涨,-5.036853067892894,CALL,8605.0,0.0,5636275.0,0.0012494646249332625,5M-10M,2026-02-20,19.325000762939453,20.350000381469727,19.325000762939453,20.36000061035156,19.0,6.55,6.45,7.15,36.0,1.3535188574218748,True,CIFR,7.7,-0.1493506493506494,-0.050368530678928936,4510952041.0,-14.93506493506494,8605.0
NVDA260220C00165000,165.0,2375.0,多头买 Call，看涨,1.274126128288312,CALL,2375.0,0.0,5628750.0,1.2999371596000661e-06,5M-10M,2026-02-20,179.2552032470703,177.0,174.6999969482422,180.00999450683594,173.67999267578125,23.7,23.05,23.3,35.0,0.4650932397460938,True,NVDA,21.75,0.08965517241379307,0.012741261282883122,4330017000000.0,8.965517241379308,2375.0
HOOD260618C00115000,115.0,2045.0,空头卖 Call，看跌/看不涨,-5.198854112373502,CALL,2045.0,0.0,5623750.0,5.2329983466419725e-05,5M-10M,2026-06-18,121.80999755859376,128.49000549316406,123.5999984741211,125.28990173339844,118.86000061035156,27.5,26.7,27.75,14.0,0.6840241558837892,True,HOOD,32.02,-0.141161773891318,-0.05198854112373502,107467070071.0,-14.116177389131801,2045.0
BABA251219C00150000,150.0,4079.0,多头买 Call，看涨,3.31531865016855,CALL,4079.0,0.0,5588230.0,1.4076563334415854e-05,5M-10M,2025-12-19,162.51499938964844,157.3000030517578,160.5,162.9759063720703,159.41000366210938,13.7,14.0,14.5,117.0,0.4504449487304687,True,BABA,10.5,0.3047619047619047,0.0331531865016855,396988232656.0,30.476190476190467,4079.0
COIN260320P00260000,260.0,1550.0,多头买 Put，看跌,-6.007629282466677,PUT,1550.0,0.0,5587749.999999999,6.957180677603954e-05,5M-10M,2026-03-20,256.42999267578125,272.82000732421875,260.4750061035156,265.8800048828125,252.1999969482422,36.05,35.0,35.65,13.0,0.5951273397827149,True,COIN,29.45,0.2241086587436332,-0.060076292824666776,80316298497.0,22.41086587436332,1550.0
UBER270115C00110000,110.0,7447.0,空头卖 Call，看跌/看不涨,-1.4507702298135017,CALL,7447.0,0.0,5585250.0,2.7204054623837204e-05,5M-10M,2027-01-15,86.2699966430664,87.54000091552734,86.98999786376953,87.61000061035156,85.4800033569336,7.5,7.3,7.95,27.0,0.4213314703369141,False,UBER,8.06,-0.06947890818858567,-0.014507702298135016,205309468652.0,-6.947890818858567,7447.0
AVGO260417C00360000,360.0,841.0,空头卖 Call，看跌/看不涨,-2.8042455907755968,CALL,841.0,0.0,5584240.0,3.5348374799097097e-06,5M-10M,2026-04-17,391.6600036621094,402.9599914550781,394.8500061035156,395.4200134277344,385.6400146484375,66.4,67.55,68.55,12.0,0.5539747972106934,True,AVGO,73.98,-0.10246012435793454,-0.02804245590775597,1579772770810.0,-10.246012435793455,841.0
RIVN261218P00020000,20.0,9103.0,空头卖 Put，看涨/看不跌,2.5877832853818816,PUT,9103.0,0.0,5580139.0,0.0002949733205534748,5M-10M,2026-12-18,17.296300888061523,16.860000610351562,16.511999130249023,17.530000686645508,16.511999130249023,6.13,6.0,6.35,1.0,0.6286658227539064,True,RIVN,7.05,-0.13049645390070921,0.025877832853818814,18917436294.0,-13.049645390070921,9103.0
CORZ260116C00020000,20.0,61119.0,空头卖 Call，看跌/看不涨,-3.1379443365859525,CALL,61119.0,0.0,5561829.0,0.0010807784821623184,5M-10M,2026-01-16,16.360000610351562,16.889999389648438,16.147499084472656,16.719999313354492,16.1200008392334,0.91,0.88,0.91,1151.0,0.87695435546875,False,CORZ,1.21,-0.2479338842975206,-0.03137944336585952,5146132248.0,-24.79338842975206,61119.0
MSTR261218P00200000,200.0,731.0,多头买 Put，看跌,-10.455466001955964,PUT,731.0,0.0,5543173.0,6.325304938135256e-05,5M-10M,2026-12-18,158.65499877929688,177.17999267578125,168.25,168.25,155.802001953125,75.83,75.4,77.4,2.0,0.7472864627075196,True,MSTR,65.35,0.16036725325172158,-0.10455466001955964,87634873800.0,16.036725325172156,731.0
GS260116C00720000,720.0,518.0,空头卖 Call，看跌/看不涨,-1.4866070152009345,CALL,518.0,0.0,5542600.0,2.281499633119285e-05,5M-10M,2026-01-16,813.760009765625,826.0399780273438,818.5900268554688,824.72998046875,810.0,107.0,97.4,102.85,1.0,0.3600070103454589,True,GS,115.85,-0.07639188605955972,-0.014866070152009345,242936703541.0,-7.639188605955972,518.0
BMNR260618C00030000,30.0,5539.0,空头卖 Call，看跌/看不涨,-11.57910388934429,CALL,5539.0,0.0,5539000.0,0.025487761979072123,5M-10M,2026-06-18,29.28499984741211,33.119998931884766,30.51000022888184,30.899999618530277,28.809999465942383,10.0,9.7,10.1,250.0,1.210697305908203,False,BMNR,12.0,-0.16666666666666666,-0.1157910388934429,217319983.0,-16.666666666666664,5539.0
UNH270115C00330000,330.0,1090.0,空头卖 Call，看跌/看不涨,-1.2190281552592135,CALL,1090.0,0.0,5537200.0,1.776883932493856e-05,5M-10M,2027-01-15,325.75,329.7699890136719,327.1600036621094,330.0599975585937,325.25,50.8,50.15,52.7,13.0,0.3976348078918457,False,UNH,53.5,-0.05046728971962622,-0.012190281552592134,311624180890.0,-5.046728971962622,1090.0
NVDA260821C00200000,200.0,2564.0,多头买 Call，看涨,1.274126128288312,CALL,2564.0,0.0,5517728.0,1.2742970755080176e-06,5M-10M,2026-08-21,179.2552032470703,177.0,174.6999969482422,180.00999450683594,173.67999267578125,21.52,21.1,21.25,42.0,0.4776053216552735,False,NVDA,20.1,0.07064676616915413,0.012741261282883122,4330017000000.0,7.064676616915413,2564.0
AVGO260116C00440000,440.0,4680.0,空头卖 Call，看跌/看不涨,-2.8042455907755968,CALL,4680.0,0.0,5499000.0,3.4808803529260013e-06,5M-10M,2026-01-16,391.6600036621094,402.9599914550781,394.8500061035156,395.4200134277344,385.6400146484375,11.75,11.7,11.85,64.0,0.5059558682250976,False,AVGO,14.27,-0.17659425367904694,-0.02804245590775597,1579772770810.0,-17.659425367904692,4680.0
HOOD270115C00130000,130.0,1713.0,空头卖 Call，看跌/看不涨,-5.198854112373502,CALL,1713.0,0.0,5498730.0,5.116665036431316e-05,5M-10M,2027-01-15,121.80999755859376,128.49000549316406,123.5999984741211,125.28990173339844,118.86000061035156,32.1,31.1,32.6,7.0,0.6865876068115235,False,HOOD,35.95,-0.10709318497913772,-0.05198854112373502,107467070071.0,-10.709318497913772,1713.0
PFE260116P00027500,27.5,26684.0,多头买 Put，看跌,-1.21522710379483,PUT,26684.0,0.0,5496904.0,4.0691077926610356e-05,5M-10M,2026-01-16,25.42720031738281,25.739999771118164,25.76000022888184,25.940000534057617,25.3799991607666,2.06,2.06,2.15,55.0,0.16993017578125,True,PFE,1.95,0.05641025641025646,-0.0121522710379483,135088679880.0,5.641025641025646,26684.0
BMNR280121P00025000,25.0,4320.0,多头买 Put，看跌,-11.57910388934429,PUT,4320.0,0.0,5486400.0,0.025245722571218866,5M-10M,2028-01-21,29.28499984741211,33.119998931884766,30.51000022888184,30.899999618530277,28.809999465942383,12.7,12.2,12.9,24.0,1.0070850427246092,False,BMNR,12.0,0.05833333333333327,-0.1157910388934429,217319983.0,5.833333333333327,4320.0
RKLB261218C00040000,40.0,3836.0,空头卖 Call，看跌/看不涨,-2.9660674797687068,CALL,3836.0,0.0,5466300.0,0.0002465073805084696,5M-10M,2026-12-18,40.890098571777344,42.13999938964844,41.09999847412109,41.19869995117188,39.97999954223633,14.25,14.15,14.55,75.0,0.8687757263183593,True,RKLB,15.9,-0.1037735849056604,-0.029660674797687067,22174995283.0,-10.37735849056604,3836.0
AVGO251219C00420000,420.0,5122.0,空头卖 Call，看跌/看不涨,-2.8042455907755968,CALL,5122.0,0.0,5454930.0,3.45298393591319e-06,5M-10M,2025-12-19,391.6600036621094,402.9599914550781,394.8500061035156,395.4200134277344,385.6400146484375,10.65,10.6,10.85,232.0,0.6008951043701174,False,AVGO,14.5,-0.2655172413793103,-0.02804245590775597,1579772770810.0,-26.551724137931032,5122.0
NVDA251226C00185000,185.0,10526.0,多头买 Call，看涨,1.274126128288312,CALL,10526.0,0.0,5452468.0,1.259225541146836e-06,5M-10M,2025-12-26,179.2552032470703,177.0,174.6999969482422,180.00999450683594,173.67999267578125,5.18,5.05,5.15,3438.0,0.3960021337890625,False,NVDA,4.5,0.15111111111111106,0.012741261282883122,4330017000000.0,15.111111111111105,10526.0
MRVL251219C00100000,100.0,16240.0,多头买 Call，看涨,1.9463063020931253,CALL,16240.0,0.0,5440400.0,7.587635946945516e-05,5M-10M,2025-12-19,91.13999938964844,89.4000015258789,89.06999969482422,91.37000274658205,88.30999755859375,3.35,3.25,3.4,1107.0,0.7907735766601562,False,MRVL,3.1,0.08064516129032258,0.019463063020931252,71700857000.0,8.064516129032258,16240.0
AVGO260618C00450000,450.0,1389.0,空头卖 Call，看跌/看不涨,-2.8042455907755968,CALL,1389.0,0.0,5424045.0,3.4334336559168054e-06,5M-10M,2026-06-18,391.6600036621094,402.9599914550781,394.8500061035156,395.4200134277344,385.6400146484375,39.05,39.65,40.0,22.0,0.5268602001953125,False,AVGO,44.2,-0.11651583710407253,-0.02804245590775597,1579772770810.0,-11.651583710407252,1389.0
NVDA260116C00220000,220.0,46429.0,多头买 Call，看涨,1.274126128288312,CALL,46429.0,0.0,5385764.0,1.2438205207970315e-06,5M-10M,2026-01-16,179.2552032470703,177.0,174.6999969482422,180.00999450683594,173.67999267578125,1.16,1.14,1.16,881.0,0.4163876721191406,False,NVDA,1.05,0.10476190476190464,0.012741261282883122,4330017000000.0,10.476190476190464,46429.0
HOOD260320C00120000,120.0,2909.0,空头卖 Call，看跌/看不涨,-5.198854112373502,CALL,2909.0,0.0,5381650.0,5.007720035955683e-05,5M-10M,2026-03-20,121.80999755859376,128.49000549316406,123.5999984741211,125.28990173339844,118.86000061035156,18.5,18.1,18.55,105.0,0.6607699938964844,True,HOOD,23.0,-0.1956521739130435,-0.05198854112373502,107467070071.0,-19.565217391304348,2909.0
UNH260918C00330000,330.0,1239.0,空头卖 Call，看跌/看不涨,-1.2190281552592135,CALL,1239.0,0.0,5377260.0,1.7255592889622756e-05,5M-10M,2026-09-18,325.75,329.7699890136719,327.1600036621094,330.0599975585937,325.25,43.4,41.25,43.15,12.0,0.3885711778259277,False,UNH,46.37,-0.06405003234850117,-0.012190281552592134,311624180890.0,-6.405003234850117,1239.0
COIN260515P00300000,300.0,748.0,多头买 Put，看跌,-6.007629282466677,PUT,748.0,0.0,5375876.0,6.693381169951204e-05,5M-10M,2026-05-15,256.42999267578125,272.82000732421875,260.4750061035156,265.8800048828125,252.1999969482422,71.87,67.6,68.9,7.0,0.5792736164855958,True,COIN,64.6,0.11253869969040264,-0.060076292824666776,80316298497.0,11.253869969040265,748.0
HOOD260320C00150000,150.0,6627.0,空头卖 Call，看跌/看不涨,-5.198854112373502,CALL,6627.0,0.0,5367870.0,4.994897503443262e-05,5M-10M,2026-03-20,121.80999755859376,128.49000549316406,123.5999984741211,125.28990173339844,118.86000061035156,8.1,8.0,8.25,162.0,0.6433141137695313,False,HOOD,10.85,-0.2534562211981567,-0.05198854112373502,107467070071.0,-25.34562211981567,6627.0
HOOD251219P00120000,120.0,7715.0,多头买 Put，看跌,-5.198854112373502,PUT,7715.0,0.0,5361925.0,4.989365576317983e-05,5M-10M,2025-12-19,121.80999755859376,128.49000549316406,123.5999984741211,125.28990173339844,118.86000061035156,6.95,6.7,6.95,1092.0,0.700198310546875,False,HOOD,4.0,0.7375,-0.05198854112373502,107467070071.0,73.75,7715.0
AVGO280121C00340000,340.0,384.0,空头卖 Call，看跌/看不涨,-2.8042455907755968,CALL,384.0,0.0,5358720.0,3.3920827722916206e-06,5M-10M,2028-01-21,391.6600036621094,402.9599914550781,394.8500061035156,395.4200134277344,385.6400146484375,139.55,140.6,145.0,4.0,0.5545546253967286,True,AVGO,147.55,-0.0542189088444595,-0.02804245590775597,1579772770810.0,-5.42189088444595,384.0
MSTR260515P00200000,200.0,949.0,多头买 Put，看跌,-10.455466001955964,PUT,949.0,0.0,5349513.0,6.104319853542141e-05,5M-10M,2026-05-15,158.65499877929688,177.17999267578125,168.25,168.25,155.802001953125,56.37,61.15,62.7,2.0,0.7953511676025391,True,MSTR,46.42,0.2143472641102972,-0.10455466001955964,87634873800.0,21.434726411029718,949.0
NKE260320P00070000,70.0,6690.0,空头卖 Put，看涨/看不跌,1.7638858704858578,PUT,6690.0,0.0,5331930.0,5.2087848955537255e-05,5M-10M,2026-03-20,65.7699966430664,64.62999725341797,63.77000045776367,65.83000183105469,63.58000183105469,7.97,7.8,8.05,4.0,0.3834290173339844,True,NKE,8.71,-0.0849598163031,0.017638858704858578,102364181031.0,-8.49598163031,6690.0
PDD260320C00125000,125.0,8967.0,多头买 Call，看涨,1.8090958313194128,CALL,8967.0,0.0,5317431.0,2.8814541599319275e-05,5M-10M,2026-03-20,118.18000030517578,116.08000183105467,116.41000366210938,118.5,116.1500015258789,5.93,5.75,6.05,17.0,0.3405827661132812,False,PDD,5.25,0.12952380952380946,0.018090958313194128,184539843595.0,12.952380952380945,8967.0
CNC260918C00035000,35.0,5971.0,空头卖 Call，看跌/看不涨,-2.901623185679467,CALL,5971.0,0.0,5314190.0,0.00031039204268579304,5M-10M,2026-09-18,38.19850158691406,39.34000015258789,39.02999877929688,39.10499954223633,38.06999969482422,8.9,8.7,9.8,6.0,0.5844768115234374,True,CNC,9.64,-0.07676348547717844,-0.029016231856794673,17120896380.0,-7.676348547717844,5971.0
CIFR251219C00020000,20.0,25052.0,空头卖 Call，看跌/看不涨,-5.036853067892894,CALL,25052.0,0.0,5260920.0,0.0011662549174062478,5M-10M,2025-12-19,19.325000762939453,20.350000381469727,19.325000762939453,20.36000061035156,19.0,2.1,2.05,2.14,768.0,1.3564485302734377,False,CIFR,2.47,-0.14979757085020245,-0.050368530678928936,4510952041.0,-14.979757085020246,25052.0
MARA260918P00010000,10.0,18134.0,多头买 Put，看跌,-6.168504151793938,PUT,18134.0,0.0,5258860.0,0.00088007240725,5M-10M,2026-09-18,11.081500053405762,11.8100004196167,11.076000213623049,11.329999923706056,10.619999885559082,2.9,2.67,3.0,2.0,0.9165047412109376,False,MARA,2.57,0.12840466926070043,-0.061685041517939375,5975485604.0,12.840466926070043,18134.0
MSTR280121C00180000,180.0,749.0,空头卖 Call，看跌/看不涨,-10.455466001955964,CALL,749.0,0.0,5250489.999999999,5.9913248828116634e-05,5M-10M,2028-01-21,158.65499877929688,177.17999267578125,168.25,168.25,155.802001953125,70.1,68.7,70.7,41.0,0.8632063240051271,False,MSTR,82.58,-0.15112618067328656,-0.10455466001955964,87634873800.0,-15.112618067328656,749.0
PDD251219P00120000,120.0,11289.0,空头卖 Put，看涨/看不跌,1.8090958313194128,PUT,11289.0,0.0,5249385.000000001,2.8445808220801103e-05,5M-10M,2025-12-19,118.18000030517578,116.08000183105467,116.41000366210938,118.5,116.1500015258789,4.65,3.75,3.85,7.0,0.2628247546386719,True,PDD,5.15,-0.0970873786407767,0.018090958313194128,184539843595.0,-9.70873786407767,11289.0
UNH260116P00340000,340.0,2200.0,多头买 Put，看跌,-1.2190281552592135,PUT,2200.0,0.0,5247000.0,1.683758938415673e-05,5M-10M,2026-01-16,325.75,329.7699890136719,327.1600036621094,330.0599975585937,325.25,23.85,24.25,25.0,17.0,0.3550479534912109,True,UNH,22.68,0.05158730158730166,-0.012190281552592134,311624180890.0,5.158730158730166,2200.0
COIN270115P00270000,270.0,748.0,多头买 Put，看跌,-6.007629282466677,PUT,748.0,0.0,5236000.0,6.519224737673358e-05,5M-10M,2027-01-15,256.42999267578125,272.82000732421875,260.4750061035156,265.8800048828125,252.1999969482422,70.0,69.65,71.05,3.0,0.5776104251098633,True,COIN,64.54,0.08459869848156172,-0.060076292824666776,80316298497.0,8.459869848156172,748.0
GME260116C00022000,22.0,21284.0,多头买 Call，看涨,1.6058554331370039,CALL,21284.0,0.0,5235864.0,0.0004426912758088731,5M-10M,2026-01-16,22.89179992675781,22.530000686645508,22.149999618530277,22.895000457763672,22.11000061035156,2.46,2.36,2.51,803.0,0.6093789062500001,True,GME,2.34,0.05128205128205133,0.016058554331370038,11827348507.0,5.128205128205133,21284.0
AVGO260918C00450000,450.0,1025.0,空头卖 Call，看跌/看不涨,-2.8042455907755968,CALL,1025.0,0.0,5191625.0,3.2863112315438176e-06,5M-10M,2026-09-18,391.6600036621094,402.9599914550781,394.8500061035156,395.4200134277344,385.6400146484375,50.65,51.8,52.3,16.0,0.5237626969909668,False,AVGO,55.4,-0.08574007220216606,-0.02804245590775597,1579772770810.0,-8.574007220216606,1025.0
HOOD260515P00100000,100.0,4668.0,多头买 Put，看跌,-5.198854112373502,PUT,4668.0,0.0,5181480.0,4.821458328189988e-05,5M-10M,2026-05-15,121.80999755859376,128.49000549316406,123.5999984741211,125.28990173339844,118.86000061035156,11.1,10.85,11.55,16.0,0.687625194091797,False,HOOD,9.35,0.18716577540106952,-0.05198854112373502,107467070071.0,18.71657754010695,4668.0
NIO260618C00004500,4.5,38097.0,空头卖 Call，看跌/看不涨,-6.063634699041193,CALL,38097.0,0.0,5181192.000000001,0.0003276793648997943,5M-10M,2026-06-18,5.166500091552734,5.5,5.329999923706055,5.425000190734863,5.139999866485596,1.36,1.3,1.39,4.0,0.6914093359375001,True,NIO,1.61,-0.15527950310559005,-0.060636346990411934,15811773810.0,-15.527950310559005,38097.0
MP251219P00065000,65.0,6716.0,多头买 Put，看跌,-3.890233765507637,PUT,6716.0,0.0,5171320.0,0.00042547396164262046,5M-10M,2025-12-19,59.540000915527344,61.95000076293945,60.43999862670898,60.5,58.11000061035156,7.7,7.7,8.6,7.0,0.8688977954101562,True,MP,6.08,0.26644736842105265,-0.03890233765507637,12154257290.0,26.644736842105267,6716.0
OKLO260116C00100000,100.0,6213.0,空头卖 Call，看跌/看不涨,-2.3911114294895746,CALL,6213.0,0.0,5156790.0,0.00031607188545121904,5M-10M,2026-01-16,89.19499969482422,91.37999725341795,88.54000091552734,90.5999984741211,85.5,8.3,8.15,8.6,106.0,0.9713137634277342,False,OKLO,10.3,-0.1941747572815534,-0.023911114294895744,16315244213.0,-19.41747572815534,6213.0
NVDA251219P00179000,179.0,7795.0,空头卖 Put，看涨/看不跌,1.274126128288312,PUT,7795.0,0.0,5144700.0,1.1881477601589092e-06,5M-10M,2025-12-19,179.2552032470703,177.0,174.6999969482422,180.00999450683594,173.67999267578125,6.6,6.6,6.7,1459.0,0.4194393994140625,False,NVDA,8.0,-0.17500000000000004,0.012741261282883122,4330017000000.0,-17.500000000000004,7795.0
RGTI260116C00020000,20.0,8930.0,空头卖 Call，看跌/看不涨,-6.374654596091137,CALL,8930.0,0.0,5134750.0,0.0005080153588872373,5M-10M,2026-01-16,23.940000534057617,25.56999969482422,24.899999618530277,24.97719955444336,23.71999931335449,5.75,5.05,5.95,1.0,1.0068409033203125,True,RGTI,7.35,-0.21768707482993194,-0.06374654596091137,10107470001.0,-21.768707482993193,8930.0
UNH260116P00320000,320.0,3913.0,多头买 Put，看跌,-1.2190281552592135,PUT,3913.0,0.0,5126030.0,1.6449397429172655e-05,5M-10M,2026-01-16,325.75,329.7699890136719,327.1600036621094,330.0599975585937,325.25,13.1,13.1,13.7,318.0,0.3550479534912109,False,UNH,12.4,0.05645161290322575,-0.012190281552592134,311624180890.0,5.645161290322575,3913.0
SHOP260320C00120000,120.0,1303.0,空头卖 Call，看跌/看不涨,-2.7411091150585225,CALL,1303.0,0.0,5115578.0,2.807111171148649e-05,5M-10M,2026-03-20,154.29150390625,158.63999938964844,152.8000030517578,155.55999755859375,150.75999450683594,39.26,38.65,41.4,1.0,0.6013223461914063,True,SHOP,42.49,-0.07601788656154398,-0.027411091150585223,182236387806.0,-7.601788656154398,1303.0
PDD260116P00125000,125.0,5972.0,空头卖 Put，看涨/看不跌,1.8090958313194128,PUT,5972.0,0.0,5106060.000000001,2.7669146676020846e-05,5M-10M,2026-01-16,118.18000030517578,116.08000183105467,116.41000366210938,118.5,116.1500015258789,8.55,8.3,8.75,3.0,0.2616040637207031,True,PDD,9.52,-0.1018907563025209,0.018090958313194128,184539843595.0,-10.18907563025209,5972.0
TGT260116C00090000,90.0,8832.0,多头买 Call，看涨,2.3339194434633685,CALL,8832.0,0.0,5078400.0,0.00012721772672870916,5M-10M,2026-01-16,92.73500061035156,90.62000274658205,90.4000015258789,93.11000061035156,90.13999938964844,5.75,5.5,5.85,40.0,0.3325262060546875,True,TGT,5.0,0.15,0.023339194434633687,39918965152.0,15.0,8832.0
CRWD251219C00500000,500.0,1945.0,空头卖 Call，看跌/看不涨,-1.177428524249505,CALL,1945.0,0.0,5078395.0,4.2034535605161355e-05,5M-10M,2025-12-19,503.1650085449219,509.1600036621094,503.4800109863281,504.2449951171875,495.010009765625,26.11,25.7,26.85,48.0,0.5404709039306643,True,CRWD,28.9,-0.09653979238754323,-0.01177428524249505,120814823499.0,-9.653979238754323,1945.0
COIN260220P00280000,280.0,1107.0,多头买 Put，看跌,-6.007629282466677,PUT,1107.0,0.0,5057882.999999999,6.297455304403655e-05,5M-10M,2026-02-20,256.42999267578125,272.82000732421875,260.4750061035156,265.8800048828125,252.1999969482422,45.69,42.45,43.2,9.0,0.5848735360717773,True,COIN,34.35,0.3301310043668121,-0.060076292824666776,80316298497.0,33.013100436681206,1107.0
MSTR260417P00185000,185.0,1038.0,多头买 Put，看跌,-10.455466001955964,PUT,1038.0,0.0,5034300.0,5.744630854937113e-05,5M-10M,2026-04-17,158.65499877929688,177.17999267578125,168.25,168.25,155.802001953125,48.5,48.15,48.9,2.0,0.8110675631713866,True,MSTR,36.34,0.3346175013758942,-0.10455466001955964,87634873800.0,33.46175013758942,1038.0
APP260618C00500000,500.0,284.0,多头买 Call，看涨,1.2124359084004284,CALL,284.0,0.0,5031912.0,2.220809453257217e-05,5M-10M,2026-06-18,606.748291015625,599.47998046875,588.1300048828125,607.1900024414062,576.0,177.18,172.4,181.4,1.0,0.7189511747741699,True,APP,162.0,0.09370370370370375,0.012124359084004284,226580087392.0,9.370370370370376,284.0
