contractSymbol,strike,oi_change,signal_type,stock_price_change_pct,option_type,openInterest_new,openInterest_old,amount_threshold,amount_to_market_cap,amount_tier,expiry_date,股票价格(new),股票价格(old),股票价格(new open),股票价格(new high),股票价格(new low),lastPrice_new,bid,ask,volume,impliedVolatility,inTheMoney,symbol,lastPrice_old,option_price_change,stock_price_change,market_cap,option_price_change_pct,oi_change_abs
GOOGL260116C00240000,240.0,21551.0,空头卖 Call，看跌/看不涨,-1.221189253404943,CALL,21551.0,0.0,171330450.0,5.746153186427258e-05,>50M,2026-01-16,316.2699890136719,320.17999267578125,317.70001220703125,319.8500061035156,314.44000244140625,79.5,78.15,80.65,9.0,0.6215858154296876,True,GOOGL,81.88,-0.029066927210551975,-0.012211892534049432,2981654760000.0,-2.9066927210551974,21551.0
NVDA260116C00130000,130.0,31371.0,多头买 Call，看涨,1.2146858172228108,CALL,31371.0,0.0,159584277.0,3.685534652635313e-05,>50M,2026-01-16,179.14999389648438,177.0,174.6999969482422,180.3000030517578,173.67999267578125,50.87,50.65,51.05,10.0,0.6833527758789064,True,NVDA,48.3,0.05320910973084887,0.012146858172228107,4330017000000.0,5.320910973084887,31371.0
NVDA261218C00164000,164.0,31498.0,多头买 Call，看涨,1.2146858172228108,CALL,31498.0,0.0,139977112.0,3.23271506786232e-05,>50M,2026-12-18,179.14999389648438,177.0,174.6999969482422,180.3000030517578,173.67999267578125,44.44,44.15,44.4,11.0,0.5225267474365234,True,NVDA,42.5,0.04564705882352936,0.012146858172228107,4330017000000.0,4.564705882352936,31498.0
GOOGL270115C00250000,250.0,13728.0,空头卖 Call，看跌/看不涨,-1.221189253404943,CALL,13728.0,0.0,131322048.0,4.4043344575547035e-05,>50M,2027-01-15,316.2699890136719,320.17999267578125,317.70001220703125,319.8500061035156,314.44000244140625,95.66,94.85,95.9,45.0,0.4803213589477538,True,GOOGL,98.0,-0.0238775510204082,-0.012211892534049432,2981654760000.0,-2.38775510204082,13728.0
AVGO251219C00330000,330.0,18924.0,空头卖 Call，看跌/看不涨,-3.875072107776674,CALL,18924.0,0.0,125844600.0,7.965993738167512e-05,>50M,2025-12-19,387.3450012207031,402.9599914550781,394.8500061035156,395.4200134277344,385.6400146484375,66.5,63.55,64.8,17.0,0.8049335913085938,True,AVGO,76.04,-0.12546028406102058,-0.03875072107776674,1579772770810.0,-12.546028406102058,18924.0
NVDA270115C00135000,135.0,18406.0,多头买 Call，看涨,1.2146858172228108,CALL,18406.0,0.0,115534462.00000001,2.6682219030548845e-05,>50M,2027-01-15,179.14999389648438,177.0,174.6999969482422,180.3000030517578,173.67999267578125,62.77,62.65,63.0,54.0,0.5618635122680665,True,NVDA,60.65,0.03495465787304212,0.012146858172228107,4330017000000.0,3.495465787304212,18406.0
NVDA260320C00130000,130.0,21103.0,多头买 Call，看涨,1.2146858172228108,CALL,21103.0,0.0,113745170.0,2.626898924415308e-05,>50M,2026-03-20,179.14999389648438,177.0,174.6999969482422,180.3000030517578,173.67999267578125,53.9,53.55,53.9,1077.0,0.6091347680664063,True,NVDA,51.65,0.04356243949661181,0.012146858172228107,4330017000000.0,4.356243949661181,21103.0
GOOGL260116C00280000,280.0,23375.0,空头卖 Call，看跌/看不涨,-1.221189253404943,CALL,23375.0,0.0,99110000.0,3.3239931507026656e-05,>50M,2026-01-16,316.2699890136719,320.17999267578125,317.70001220703125,319.8500061035156,314.44000244140625,42.4,40.95,41.55,52.0,0.4205990557861329,True,GOOGL,44.0,-0.0363636363636364,-0.012211892534049432,2981654760000.0,-3.63636363636364,23375.0
NVDA251219C00150000,150.0,32444.0,多头买 Call，看涨,1.2146858172228108,CALL,32444.0,0.0,98889312.0,2.2838088626441883e-05,>50M,2025-12-19,179.14999389648438,177.0,174.6999969482422,180.3000030517578,173.67999267578125,30.48,30.15,30.65,99.0,0.6286658227539064,True,NVDA,27.8,0.09640287769784171,0.012146858172228107,4330017000000.0,9.640287769784171,32444.0
GOOGL251219C00260000,260.0,16428.0,空头卖 Call，看跌/看不涨,-1.221189253404943,CALL,16428.0,0.0,95725956.0,3.2104976499693744e-05,>50M,2025-12-19,316.2699890136719,320.17999267578125,317.70001220703125,319.8500061035156,314.44000244140625,58.27,57.05,57.55,18.0,0.5717816259765626,True,GOOGL,60.63,-0.03892462477321457,-0.012211892534049432,2981654760000.0,-3.8924624773214567,16428.0
GOOGL261218C00310000,310.0,15955.0,空头卖 Call，看跌/看不涨,-1.221189253404943,CALL,15955.0,0.0,92778325.0,3.1116387532404995e-05,>50M,2026-12-18,316.2699890136719,320.17999267578125,317.70001220703125,319.8500061035156,314.44000244140625,58.15,57.55,57.8,48.0,0.4300899276733398,True,GOOGL,60.45,-0.03804797353184457,-0.012211892534049432,2981654760000.0,-3.8047973531844566,15955.0
SHOP260220C00140000,140.0,40242.0,空头卖 Call，看跌/看不涨,-4.317956461088212,CALL,40242.0,0.0,92556600.0,0.0005078930784039204,>50M,2026-02-20,151.7899932861328,158.63999938964844,152.8000030517578,155.55999755859375,150.75999450683594,23.0,21.85,23.2,9.0,0.5798992205810547,True,SHOP,27.0,-0.14814814814814814,-0.04317956461088212,182236387806.0,-14.814814814814813,40242.0
GOOG260320C00250000,250.0,12166.0,空头卖 Call，看跌/看不涨,-1.1573743061283401,CALL,12166.0,0.0,92120952.0,3.081591909576136e-05,>50M,2026-03-20,316.4150085449219,320.1199951171875,317.2699890136719,319.6300048828125,314.4100036621094,75.72,73.75,74.65,23.0,0.4984181018066406,True,GOOG,77.72,-0.02573340195573855,-0.011573743061283401,2989394920000.0,-2.573340195573855,12166.0
NVDA270115C00130000,130.0,13299.0,多头买 Call，看涨,1.2146858172228108,CALL,13299.0,0.0,88105875.0,2.034769724922558e-05,>50M,2027-01-15,179.14999389648438,177.0,174.6999969482422,180.3000030517578,173.67999267578125,66.25,66.0,66.4,22.0,0.5704999005126954,True,NVDA,63.88,0.03710081402629927,0.012146858172228107,4330017000000.0,3.710081402629927,13299.0
NVDA260116C00135000,135.0,18509.0,多头买 Call，看涨,1.2146858172228108,CALL,18509.0,0.0,84993328.0,1.9628867046018525e-05,>50M,2026-01-16,179.14999389648438,177.0,174.6999969482422,180.3000030517578,173.67999267578125,45.92,45.8,46.25,8.0,0.6374547973632813,True,NVDA,44.0,0.043636363636363674,0.012146858172228107,4330017000000.0,4.363636363636368,18509.0
NVDA260116C00180000,180.0,73403.0,多头买 Call，看涨,1.2146858172228108,CALL,73403.0,0.0,77440165.0,1.788449444886706e-05,>50M,2026-01-16,179.14999389648438,177.0,174.6999969482422,180.3000030517578,173.67999267578125,10.55,10.5,10.6,7626.0,0.4283504431152344,False,NVDA,9.45,0.11640211640211656,0.012146858172228107,4330017000000.0,11.640211640211657,73403.0
NVDA260116C00145000,145.0,20542.0,多头买 Call，看涨,1.2146858172228108,CALL,20542.0,0.0,75717812.0,1.748672395512535e-05,>50M,2026-01-16,179.14999389648438,177.0,174.6999969482422,180.3000030517578,173.67999267578125,36.86,36.55,36.95,43.0,0.5701947277832031,True,NVDA,34.75,0.06071942446043164,0.012146858172228107,4330017000000.0,6.071942446043164,20542.0
NVDA270115P00180000,180.0,24930.0,空头卖 Put，看涨/看不跌,1.2146858172228108,PUT,24930.0,0.0,75537900.0,1.7445174002781052e-05,>50M,2027-01-15,179.14999389648438,177.0,174.6999969482422,180.3000030517578,173.67999267578125,30.3,30.3,30.55,244.0,0.399420068359375,True,NVDA,31.45,-0.03656597774244828,0.012146858172228107,4330017000000.0,-3.6565977742448283,24930.0
NVDA280121C00200000,200.0,15925.0,多头买 Call，看涨,1.2146858172228108,CALL,15925.0,0.0,74529000.0,1.7212172608098307e-05,>50M,2028-01-21,179.14999389648438,177.0,174.6999969482422,180.3000030517578,173.67999267578125,46.8,46.3,46.6,1702.0,0.5209703665161132,False,NVDA,44.75,0.045810055865921726,0.012146858172228107,4330017000000.0,4.581005586592172,15925.0
NVDA260618C00180000,180.0,28391.0,多头买 Call，看涨,1.2146858172228108,CALL,28391.0,0.0,73532689.99999999,1.698207882324711e-05,>50M,2026-06-18,179.14999389648438,177.0,174.6999969482422,180.3000030517578,173.67999267578125,25.9,25.55,25.7,538.0,0.4950612017822265,False,NVDA,24.2,0.0702479338842975,0.012146858172228107,4330017000000.0,7.0247933884297495,28391.0
NVDA261218C00140000,140.0,12239.0,多头买 Call，看涨,1.2146858172228108,CALL,12239.0,0.0,71598150.0,1.6535304595801818e-05,>50M,2026-12-18,179.14999389648438,177.0,174.6999969482422,180.3000030517578,173.67999267578125,58.5,58.15,58.55,16.0,0.5523421231079101,True,NVDA,56.17,0.04148121773188532,0.012146858172228107,4330017000000.0,4.148121773188532,12239.0
AVGO260116C00300000,300.0,7383.0,空头卖 Call，看跌/看不涨,-3.875072107776674,CALL,7383.0,0.0,70640544.0,4.471563588463443e-05,>50M,2026-01-16,387.3450012207031,402.9599914550781,394.8500061035156,395.4200134277344,385.6400146484375,95.68,93.55,95.95,131.0,0.7191800543212892,True,AVGO,104.01,-0.08008845303336215,-0.03875072107776674,1579772770810.0,-8.008845303336216,7383.0
INTC260116C00035000,35.0,104951.0,空头卖 Call，看跌/看不涨,-1.486687920247983,CALL,104951.0,0.0,66643885.0,0.00042889936833704994,>50M,2026-01-16,39.95700073242188,40.560001373291016,39.8650016784668,40.375,39.59999847412109,6.35,6.2,6.35,625.0,0.5986368261718751,True,INTC,6.8,-0.06617647058823532,-0.01486687920247983,155383500000.0,-6.6176470588235325,104951.0
NVDA261218C00160000,160.0,14335.0,多头买 Call，看涨,1.2146858172228108,CALL,14335.0,0.0,66586075.0,1.53777860456437e-05,>50M,2026-12-18,179.14999389648438,177.0,174.6999969482422,180.3000030517578,173.67999267578125,46.45,46.3,46.5,16.0,0.5264024411010743,True,NVDA,44.57,0.04218083912945934,0.012146858172228107,4330017000000.0,4.218083912945934,14335.0
GOOGL260116C00300000,300.0,24995.0,空头卖 Call，看跌/看不涨,-1.221189253404943,CALL,24995.0,0.0,65361925.0,2.192135919854115e-05,>50M,2026-01-16,316.2699890136719,320.17999267578125,317.70001220703125,319.8500061035156,314.44000244140625,26.15,25.65,26.5,215.0,0.3900817828369141,True,GOOGL,29.0,-0.09827586206896556,-0.012211892534049432,2981654760000.0,-9.827586206896557,24995.0
NVDA251219C00140000,140.0,15927.0,多头买 Call，看涨,1.2146858172228108,CALL,15927.0,0.0,63803562.0,1.4735175866515073e-05,>50M,2025-12-19,179.14999389648438,177.0,174.6999969482422,180.3000030517578,173.67999267578125,40.06,39.8,40.2,29.0,0.7321804125976561,True,NVDA,37.4,0.07112299465240651,0.012146858172228107,4330017000000.0,7.1122994652406515,15927.0
INTC260116C00030000,30.0,60005.0,空头卖 Call，看跌/看不涨,-1.486687920247983,CALL,60005.0,0.0,63665304.99999999,0.00040973015152831536,>50M,2026-01-16,39.95700073242188,40.560001373291016,39.8650016784668,40.375,39.59999847412109,10.61,10.5,10.8,361.0,0.752932158203125,True,INTC,11.0,-0.03545454545454551,-0.01486687920247983,155383500000.0,-3.5454545454545507,60005.0
NVDA260320C00190000,190.0,45354.0,多头买 Call，看涨,1.2146858172228108,CALL,45354.0,0.0,63268829.99999999,1.4611681663143584e-05,>50M,2026-03-20,179.14999389648438,177.0,174.6999969482422,180.3000030517578,173.67999267578125,13.95,13.85,13.95,1648.0,0.468206001586914,False,NVDA,12.9,0.08139534883720921,0.012146858172228107,4330017000000.0,8.139534883720922,45354.0
GOOG260320C00270000,270.0,10762.0,空头卖 Call，看跌/看不涨,-1.1573743061283401,CALL,10762.0,0.0,62850079.99999999,2.102434829855133e-05,>50M,2026-03-20,316.4150085449219,320.1199951171875,317.2699890136719,319.6300048828125,314.4100036621094,58.4,57.5,58.2,7.0,0.459264440612793,True,GOOG,61.5,-0.05040650406504067,-0.011573743061283401,2989394920000.0,-5.040650406504067,10762.0
INTC270115C00040000,40.0,62544.0,空头卖 Call，看跌/看不涨,-1.486687920247983,CALL,62544.0,0.0,62481456.00000001,0.0004021112666402804,>50M,2027-01-15,39.95700073242188,40.560001373291016,39.8650016784668,40.375,39.59999847412109,9.99,9.9,10.1,1126.0,0.601810622558594,False,INTC,10.12,-0.012845849802371445,-0.01486687920247983,155383500000.0,-1.2845849802371445,62544.0
B270115C00030000,30.0,42224.0,多头买 Call，看涨,1.7174627040445478,CALL,42224.0,0.0,61984831.99999999,0.0010537576132218262,>50M,2027-01-15,42.04999923706055,41.34000015258789,42.3650016784668,43.08000183105469,41.790000915527344,14.68,14.25,15.1,34.0,0.5092822509765625,True,B,14.2,0.03380281690140848,0.017174627040445478,58822665879.0,3.380281690140848,42224.0
HOOD270115C00100000,100.0,13121.0,空头卖 Call，看跌/看不涨,-4.031448138466992,CALL,13121.0,0.0,60356600.0,0.0005616287850792281,>50M,2027-01-15,123.30999755859376,128.49000549316406,123.5999984741211,125.28990173339844,118.86000061035156,46.0,46.35,47.6,94.0,0.7408778353881834,True,HOOD,49.8,-0.07630522088353409,-0.04031448138466992,107467070071.0,-7.630522088353409,13121.0
AVGO260116C00290000,290.0,5652.0,空头卖 Call，看跌/看不涨,-3.875072107776674,CALL,5652.0,0.0,59911200.0,3.792393507914535e-05,>50M,2026-01-16,387.3450012207031,402.9599914550781,394.8500061035156,395.4200134277344,385.6400146484375,106.0,103.0,105.25,1.0,0.7628197546386719,True,AVGO,112.9,-0.06111603188662538,-0.03875072107776674,1579772770810.0,-6.111603188662538,5652.0
NVDA261218C00200000,200.0,20841.0,多头买 Call，看涨,1.2146858172228108,CALL,20841.0,0.0,59230122.00000001,1.3678958304320746e-05,>50M,2026-12-18,179.14999389648438,177.0,174.6999969482422,180.3000030517578,173.67999267578125,28.42,28.3,28.45,835.0,0.4957020645141602,False,NVDA,27.0,0.052592592592592656,0.012146858172228107,4330017000000.0,5.259259259259266,20841.0
NVDA260116C00170000,170.0,35647.0,多头买 Call，看涨,1.2146858172228108,CALL,35647.0,0.0,58639315.0,1.354251380537305e-05,>50M,2026-01-16,179.14999389648438,177.0,174.6999969482422,180.3000030517578,173.67999267578125,16.45,16.35,16.5,660.0,0.4534356414794922,True,NVDA,14.95,0.10033444816053512,0.012146858172228107,4330017000000.0,10.033444816053512,35647.0
GOOGL271217C00280000,280.0,5801.0,空头卖 Call，看跌/看不涨,-1.221189253404943,CALL,5801.0,0.0,56072466.0,1.8805821100495217e-05,>50M,2027-12-17,316.2699890136719,320.17999267578125,317.70001220703125,319.8500061035156,314.44000244140625,96.66,96.45,97.9,13.0,0.4700980725097656,True,GOOGL,99.7,-0.03049147442326987,-0.012211892534049432,2981654760000.0,-3.049147442326987,5801.0
NVDA270617C00135000,135.0,8026.0,多头买 Call，看涨,1.2146858172228108,CALL,8026.0,0.0,54978100.0,1.269697093567993e-05,>50M,2027-06-17,179.14999389648438,177.0,174.6999969482422,180.3000030517578,173.67999267578125,68.5,68.25,68.7,1.0,0.564579549560547,True,NVDA,66.41,0.03147116398132817,0.012146858172228107,4330017000000.0,3.147116398132817,8026.0
JPM251219C00220000,220.0,6210.0,空头卖 Call，看跌/看不涨,-1.26963579801355,CALL,6210.0,0.0,54151200.0,6.230813180444532e-05,>50M,2025-12-19,309.1050109863281,313.0799865722656,312.95001220703125,314.0400085449219,308.7900085449219,87.2,90.0,92.5,10.0,1.0449266503906252,True,JPM,87.2,0.0,-0.0126963579801355,869087203095.0,0.0,6210.0
GOOG260116C00230000,230.0,6063.0,空头卖 Call，看跌/看不涨,-1.1573743061283401,CALL,6063.0,0.0,53900070.00000001,1.803042804394677e-05,>50M,2026-01-16,316.4150085449219,320.1199951171875,317.2699890136719,319.6300048828125,314.4100036621094,88.9,87.9,89.35,17.0,0.6340368627929689,True,GOOG,90.5,-0.017679558011049663,-0.011573743061283401,2989394920000.0,-1.7679558011049663,6063.0
BMNR270115C00035000,35.0,42410.0,空头卖 Call，看跌/看不涨,-12.016907217967214,CALL,42410.0,0.0,53648650.0,0.24686478095297845,>50M,2027-01-15,29.13999938964844,33.119998931884766,30.51000022888184,30.899999618530277,28.809999465942383,12.65,12.65,12.9,53.0,1.2274208551025392,False,BMNR,14.9,-0.15100671140939598,-0.12016907217967214,217319983.0,-15.100671140939598,42410.0
NVDA270115C00160000,160.0,11045.0,多头买 Call，看涨,1.2146858172228108,CALL,11045.0,0.0,53203765.0,1.2287195408239736e-05,>50M,2027-01-15,179.14999389648438,177.0,174.6999969482422,180.3000030517578,173.67999267578125,48.17,47.65,47.9,71.0,0.5284776156616212,True,NVDA,45.85,0.05059978189749183,0.012146858172228107,4330017000000.0,5.059978189749183,11045.0
MU260116C00200000,200.0,10448.0,多头买 Call，看涨,1.4377576186997205,CALL,10448.0,0.0,51247440.0,0.00029117068767848967,>50M,2026-01-16,239.8800048828125,236.47999572753903,232.28500366210935,242.3600006103516,231.5,49.05,47.85,49.55,179.0,0.7512231909179687,True,MU,45.5,0.07802197802197795,0.014377576186997205,176004804634.0,7.802197802197795,10448.0
AVGO251219C00350000,350.0,10564.0,空头卖 Call，看跌/看不涨,-3.875072107776674,CALL,10564.0,0.0,50897352.0,3.221814740730295e-05,>50M,2025-12-19,387.3450012207031,402.9599914550781,394.8500061035156,395.4200134277344,385.6400146484375,48.18,46.65,47.2,63.0,0.7111845288085938,True,AVGO,56.0,-0.13964285714285715,-0.03875072107776674,1579772770810.0,-13.964285714285715,10564.0
BABA280121C00180000,180.0,13110.0,多头买 Call，看涨,4.310234359668761,CALL,13110.0,0.0,49831110.0,0.00012552288934765448,10M-50M,2028-01-21,164.0800018310547,157.3000030517578,160.5,164.7899932861328,159.41000366210938,38.01,36.5,39.65,2.0,0.4794821339416503,False,BABA,34.68,0.0960207612456747,0.04310234359668761,396988232656.0,9.60207612456747,13110.0
HOOD271217C00100000,100.0,8726.0,空头卖 Call，看跌/看不涨,-4.031448138466992,CALL,8726.0,0.0,49467694.0,0.00046030559842487844,10M-50M,2027-12-17,123.30999755859376,128.49000549316406,123.5999984741211,125.28990173339844,118.86000061035156,56.69,56.55,57.9,33.0,0.7346828289794922,True,HOOD,61.45,-0.07746135069161929,-0.04031448138466992,107467070071.0,-7.746135069161928,8726.0
NVDA270617C00150000,150.0,8210.0,多头买 Call，看涨,1.2146858172228108,CALL,8210.0,0.0,49260000.0,1.1376398753168867e-05,10M-50M,2027-06-17,179.14999389648438,177.0,174.6999969482422,180.3000030517578,173.67999267578125,60.0,59.6,60.0,120.0,0.5467879794311524,True,NVDA,57.8,0.03806228373702427,0.012146858172228107,4330017000000.0,3.806228373702427,8210.0
GOOGL260618C00230000,230.0,4963.0,空头卖 Call，看跌/看不涨,-1.221189253404943,CALL,4963.0,0.0,49084070.0,1.6462023255837976e-05,10M-50M,2026-06-18,316.2699890136719,320.17999267578125,317.70001220703125,319.8500061035156,314.44000244140625,98.9,96.9,97.95,12.0,0.5095569064331055,True,GOOGL,101.75,-0.028009828009827955,-0.012211892534049432,2981654760000.0,-2.8009828009827955,4963.0
AVGO271217C00350000,350.0,3576.0,空头卖 Call，看跌/看不涨,-3.875072107776674,CALL,3576.0,0.0,47739600.0,3.021928272350357e-05,10M-50M,2027-12-17,387.3450012207031,402.9599914550781,394.8500061035156,395.4200134277344,385.6400146484375,133.5,132.9,136.2,101.0,0.5613904945373536,True,AVGO,141.33,-0.05540225005306737,-0.03875072107776674,1579772770810.0,-5.540225005306737,3576.0
NVDA251219C00145000,145.0,13332.0,多头买 Call，看涨,1.2146858172228108,CALL,13332.0,0.0,47595240.0,1.0991929130994174e-05,10M-50M,2025-12-19,179.14999389648438,177.0,174.6999969482422,180.3000030517578,173.67999267578125,35.7,34.95,35.45,30.0,0.6843293286132813,True,NVDA,32.57,0.09610070617132338,0.012146858172228107,4330017000000.0,9.610070617132338,13332.0
GOOG270115C00290000,290.0,6660.0,空头卖 Call，看跌/看不涨,-1.1573743061283401,CALL,6660.0,0.0,47552400.00000001,1.5907031781535244e-05,10M-50M,2027-01-15,316.4150085449219,320.1199951171875,317.2699890136719,319.6300048828125,314.4100036621094,71.4,70.1,70.85,1.0,0.445745288696289,True,GOOG,72.65,-0.017205781142463867,-0.011573743061283401,2989394920000.0,-1.7205781142463867,6660.0
GOOGL260116C00270000,270.0,9352.0,空头卖 Call，看跌/看不涨,-1.221189253404943,CALL,9352.0,0.0,47414640.0,1.5902122752803214e-05,10M-50M,2026-01-16,316.2699890136719,320.17999267578125,317.70001220703125,319.8500061035156,314.44000244140625,50.7,49.75,50.4,204.0,0.4537408142089844,True,GOOGL,52.48,-0.03391768292682916,-0.012211892534049432,2981654760000.0,-3.391768292682916,9352.0
GOOGL270115C00300000,300.0,7090.0,空头卖 Call，看跌/看不涨,-1.221189253404943,CALL,7090.0,0.0,46489129.99999999,1.5591721289690827e-05,10M-50M,2027-01-15,316.2699890136719,320.17999267578125,317.70001220703125,319.8500061035156,314.44000244140625,65.57,64.5,65.2,35.0,0.4385279536437989,True,GOOGL,67.23,-0.024691358024691516,-0.012211892534049432,2981654760000.0,-2.4691358024691517,7090.0
GOOGL260116C00245000,245.0,6139.0,空头卖 Call，看跌/看不涨,-1.221189253404943,CALL,6139.0,0.0,46349450.0,1.5544874819779604e-05,10M-50M,2026-01-16,316.2699890136719,320.17999267578125,317.70001220703125,319.8500061035156,314.44000244140625,75.5,72.95,75.9,154.0,0.5874064697265625,True,GOOGL,76.48,-0.012813807531380804,-0.012211892534049432,2981654760000.0,-1.2813807531380803,6139.0
NVDA251219C00155000,155.0,17748.0,多头买 Call，看涨,1.2146858172228108,CALL,17748.0,0.0,45559116.0,1.0521694487573606e-05,10M-50M,2025-12-19,179.14999389648438,177.0,174.6999969482422,180.3000030517578,173.67999267578125,25.67,25.45,25.8,80.0,0.5695843823242188,True,NVDA,23.35,0.0993576017130621,0.012146858172228107,4330017000000.0,9.93576017130621,17748.0
NVDA251219C00160000,160.0,21469.0,多头买 Call，看涨,1.2146858172228108,CALL,21469.0,0.0,45406935.0,1.048654889807592e-05,10M-50M,2025-12-19,179.14999389648438,177.0,174.6999969482422,180.3000030517578,173.67999267578125,21.15,21.0,21.15,886.0,0.5268602001953125,True,NVDA,19.08,0.10849056603773588,0.012146858172228107,4330017000000.0,10.849056603773588,21469.0
B261218C00030000,30.0,30570.0,多头买 Call，看涨,1.7174627040445478,CALL,30570.0,0.0,45335310.0,0.000770711584089985,10M-50M,2026-12-18,42.04999923706055,41.34000015258789,42.3650016784668,43.08000183105469,41.790000915527344,14.83,14.2,14.85,9034.0,0.505742247314453,True,B,13.9,0.06690647482014386,0.017174627040445478,58822665879.0,6.690647482014386,30570.0
NVDA260116P00180000,180.0,44293.0,空头卖 Put，看涨/看不跌,1.2146858172228108,PUT,44293.0,0.0,44293000.0,1.0229290092856449e-05,10M-50M,2026-01-16,179.14999389648438,177.0,174.6999969482422,180.3000030517578,173.67999267578125,10.0,9.95,10.0,2335.0,0.3732362481689453,True,NVDA,11.55,-0.13419913419913426,0.012146858172228107,4330017000000.0,-13.419913419913426,44293.0
NVDA271217C00180000,180.0,8331.0,多头买 Call，看涨,1.2146858172228108,CALL,8331.0,0.0,43987680.0,1.0158777667616548e-05,10M-50M,2027-12-17,179.14999389648438,177.0,174.6999969482422,180.3000030517578,173.67999267578125,52.8,52.5,52.85,55.0,0.5304307211303713,False,NVDA,51.0,0.03529411764705877,0.012146858172228107,4330017000000.0,3.529411764705877,8331.0
GOOGL270115C00265000,265.0,5104.0,空头卖 Call，看跌/看不涨,-1.221189253404943,CALL,5104.0,0.0,43858672.0,1.4709507146293489e-05,10M-50M,2027-01-15,316.2699890136719,320.17999267578125,317.70001220703125,319.8500061035156,314.44000244140625,85.93,84.65,85.75,5.0,0.4645134115600586,True,GOOGL,87.85,-0.021855435401251993,-0.012211892534049432,2981654760000.0,-2.1855435401251992,5104.0
GOOGL260116C00235000,235.0,5199.0,空头卖 Call，看跌/看不涨,-1.221189253404943,CALL,5199.0,0.0,43853565.0,1.4707794339006572e-05,10M-50M,2026-01-16,316.2699890136719,320.17999267578125,317.70001220703125,319.8500061035156,314.44000244140625,84.35,82.15,85.45,44.0,0.6218299536132813,True,GOOGL,86.25,-0.022028985507246444,-0.012211892534049432,2981654760000.0,-2.2028985507246444,5199.0
MU251205C00200000,200.0,10440.0,多头买 Call，看涨,1.4377576186997205,CALL,10440.0,0.0,43774920.0,0.0002487143466965544,10M-50M,2025-12-05,239.8800048828125,236.47999572753903,232.28500366210935,242.3600006103516,231.5,41.93,39.35,42.3,34.0,1.0722702636718753,True,MU,36.12,0.16085271317829464,0.014377576186997205,176004804634.0,16.085271317829463,10440.0
GOOG260116C00270000,270.0,8562.0,空头卖 Call，看跌/看不涨,-1.1573743061283401,CALL,8562.0,0.0,43580580.0,1.4578395015135705e-05,10M-50M,2026-01-16,316.4150085449219,320.1199951171875,317.2699890136719,319.6300048828125,314.4100036621094,50.9,49.8,50.5,71.0,0.4517877087402344,True,GOOG,53.09,-0.041250706347711524,-0.011573743061283401,2989394920000.0,-4.125070634771152,8562.0
PDD260116C00095000,95.0,16978.0,多头买 Call，看涨,2.2226066422790827,CALL,16978.0,0.0,42614780.00000001,0.00023092454816166664,10M-50M,2026-01-16,118.66000366210938,116.08000183105467,116.41000366210938,119.5,116.1500015258789,25.1,24.4,25.8,1.0,0.5598188549804688,True,PDD,22.4,0.12053571428571443,0.022226066422790826,184539843595.0,12.053571428571443,16978.0
NVDA260320P00175000,175.0,30340.0,空头卖 Put，看涨/看不跌,1.2146858172228108,PUT,30340.0,0.0,42354640.0,9.78163365178474e-06,10M-50M,2026-03-20,179.14999389648438,177.0,174.6999969482422,180.3000030517578,173.67999267578125,13.96,14.0,14.05,819.0,0.4148007739257812,False,NVDA,15.45,-0.0964401294498381,0.012146858172228107,4330017000000.0,-9.64401294498381,30340.0
AVGO260116C00320000,320.0,5385.0,空头卖 Call，看跌/看不涨,-3.875072107776674,CALL,5385.0,0.0,41636819.99999999,2.635620816445106e-05,10M-50M,2026-01-16,387.3450012207031,402.9599914550781,394.8500061035156,395.4200134277344,385.6400146484375,77.32,76.15,77.6,1435.0,0.6511875701904297,True,AVGO,87.54,-0.11674663011194897,-0.03875072107776674,1579772770810.0,-11.674663011194896,5385.0
NVDA251219C00165000,165.0,24611.0,多头买 Call，看涨,1.2146858172228108,CALL,24611.0,0.0,41346480.00000001,9.548803157123865e-06,10M-50M,2025-12-19,179.14999389648438,177.0,174.6999969482422,180.3000030517578,173.67999267578125,16.8,16.75,16.85,257.0,0.4975636181640626,True,NVDA,14.83,0.1328388401888065,0.012146858172228107,4330017000000.0,13.28388401888065,24611.0
NVDA260220C00180000,180.0,28142.0,多头买 Call，看涨,1.2146858172228108,CALL,28142.0,0.0,40946610.0,9.456454789900362e-06,10M-50M,2026-02-20,179.14999389648438,177.0,174.6999969482422,180.3000030517578,173.67999267578125,14.55,14.55,14.6,3112.0,0.4426325268554688,False,NVDA,13.4,0.08582089552238809,0.012146858172228107,4330017000000.0,8.58208955223881,28142.0
GOOGL251219C00240000,240.0,5214.0,空头卖 Call，看跌/看不涨,-1.221189253404943,CALL,5214.0,0.0,40721340.0,1.3657295454286599e-05,10M-50M,2025-12-19,316.2699890136719,320.17999267578125,317.70001220703125,319.8500061035156,314.44000244140625,78.1,76.6,77.75,423.0,0.7358424853515625,True,GOOGL,78.19,-0.0011510423327791713,-0.012211892534049432,2981654760000.0,-0.11510423327791713,5214.0
NVDA261218C00194000,194.0,13030.0,多头买 Call，看涨,1.2146858172228108,CALL,13030.0,0.0,39871800.0,9.20823174597236e-06,10M-50M,2026-12-18,179.14999389648438,177.0,174.6999969482422,180.3000030517578,173.67999267578125,30.6,30.55,30.7,10.0,0.4994251718139648,False,NVDA,29.1,0.05154639175257732,0.012146858172228107,4330017000000.0,5.154639175257731,13030.0
NVDA260320C00210000,210.0,51693.0,多头买 Call，看涨,1.2146858172228108,CALL,51693.0,0.0,39545145.0,9.13279208834515e-06,10M-50M,2026-03-20,179.14999389648438,177.0,174.6999969482422,180.3000030517578,173.67999267578125,7.65,7.6,7.65,1025.0,0.4542290905761719,False,NVDA,7.02,0.08974358974358985,0.012146858172228107,4330017000000.0,8.974358974358985,51693.0
GOOGL260320C00240000,240.0,4623.0,空头卖 Call，看跌/看不涨,-1.221189253404943,CALL,4623.0,0.0,38763855.0,1.300078584550815e-05,10M-50M,2026-03-20,316.2699890136719,320.17999267578125,317.70001220703125,319.8500061035156,314.44000244140625,83.85,82.65,83.2,2.0,0.5136767382812499,True,GOOGL,86.67,-0.03253721010730365,-0.012211892534049432,2981654760000.0,-3.2537210107303647,4623.0
GOOG251219C00290000,290.0,12882.0,空头卖 Call，看跌/看不涨,-1.1573743061283401,CALL,12882.0,0.0,38581590.0,1.290615359712995e-05,10M-50M,2025-12-19,316.4150085449219,320.1199951171875,317.2699890136719,319.6300048828125,314.4100036621094,29.95,28.85,29.5,133.0,0.4331111376953125,True,GOOG,32.14,-0.06813939016801497,-0.011573743061283401,2989394920000.0,-6.8139390168014975,12882.0
GOOG270115C00270000,270.0,4604.0,空头卖 Call，看跌/看不涨,-1.1573743061283401,CALL,4604.0,0.0,38111912.0,1.2749038859007628e-05,10M-50M,2027-01-15,316.4150085449219,320.1199951171875,317.2699890136719,319.6300048828125,314.4100036621094,82.78,81.9,82.65,1.0,0.459966337890625,True,GOOG,84.0,-0.01452380952380951,-0.011573743061283401,2989394920000.0,-1.452380952380951,4604.0
GOOG280121C00300000,300.0,4222.0,空头卖 Call，看跌/看不涨,-1.1573743061283401,CALL,4222.0,0.0,37681350.0,1.2605009043100936e-05,10M-50M,2028-01-21,316.4150085449219,320.1199951171875,317.2699890136719,319.6300048828125,314.4100036621094,89.25,88.35,89.2,543.0,0.4568840933227539,True,GOOG,91.66,-0.026292821296094226,-0.011573743061283401,2989394920000.0,-2.6292821296094226,4222.0
NVDA271217C00135000,135.0,5204.0,多头买 Call，看涨,1.2146858172228108,CALL,5204.0,0.0,37494820.0,8.659277781126495e-06,10M-50M,2027-12-17,179.14999389648438,177.0,174.6999969482422,180.3000030517578,173.67999267578125,72.05,74.4,74.9,10.0,0.5708355905151368,True,NVDA,72.05,0.0,0.012146858172228107,4330017000000.0,0.0,5204.0
GOOGL260320C00340000,340.0,-21047.0,多头平仓 Call，减仓，看涨减弱,-1.221189253404943,CALL,13192.0,34239.0,37358425.0,1.2529426780449927e-05,10M-50M,2026-03-20,316.2699890136719,320.17999267578125,317.70001220703125,319.8500061035156,314.44000244140625,17.75,17.65,17.75,561.0,0.3912719564819336,False,GOOGL,19.85,-0.10579345088161216,-0.012211892534049432,2981654760000.0,-10.579345088161215,-21047.0
GOOGL251219C00270000,270.0,7610.0,空头卖 Call，看跌/看不涨,-1.221189253404943,CALL,7610.0,0.0,37281390.0,1.2503590455925219e-05,10M-50M,2025-12-19,316.2699890136719,320.17999267578125,317.70001220703125,319.8500061035156,314.44000244140625,48.99,47.45,47.65,30.0,0.507817421875,True,GOOGL,50.6,-0.03181818181818181,-0.012211892534049432,2981654760000.0,-3.1818181818181808,7610.0
MU251219C00200000,200.0,8052.0,多头买 Call，看涨,1.4377576186997205,CALL,8052.0,0.0,36821796.0,0.00020920903879056318,10M-50M,2025-12-19,239.8800048828125,236.47999572753903,232.28500366210935,242.3600006103516,231.5,45.73,43.7,45.25,30.0,0.8950205810546874,True,MU,40.7,0.12358722358722343,0.014377576186997205,176004804634.0,12.358722358722343,8052.0
BABA271217C00150000,150.0,7470.0,多头买 Call，看涨,4.310234359668761,CALL,7470.0,0.0,36603000.0,9.22017253637777e-05,10M-50M,2027-12-17,164.0800018310547,157.3000030517578,160.5,164.7899932861328,159.41000366210938,49.0,49.05,51.2,3.0,0.4993031027221679,True,BABA,44.5,0.10112359550561797,0.04310234359668761,396988232656.0,10.112359550561797,7470.0
JPM260116C00240000,240.0,4751.0,空头卖 Call，看跌/看不涨,-1.26963579801355,CALL,4751.0,0.0,36107600.0,4.1546578837443856e-05,10M-50M,2026-01-16,309.1050109863281,313.0799865722656,312.95001220703125,314.0400085449219,308.7900085449219,76.0,71.15,73.4,1.0,0.5851481915283203,True,JPM,76.0,0.0,-0.0126963579801355,869087203095.0,0.0,4751.0
GOOGL270617C00295000,295.0,4628.0,空头卖 Call，看跌/看不涨,-1.221189253404943,CALL,4628.0,0.0,36028980.0,1.2083551886469915e-05,10M-50M,2027-06-17,316.2699890136719,320.17999267578125,317.70001220703125,319.8500061035156,314.44000244140625,77.85,77.95,78.95,2.0,0.4531915032958984,True,GOOGL,83.23,-0.06464015379070058,-0.012211892534049432,2981654760000.0,-6.464015379070058,4628.0
GOOG270115C00260000,260.0,3939.0,空头卖 Call，看跌/看不涨,-1.1573743061283401,CALL,3939.0,0.0,35923680.0,1.2017040558829878e-05,10M-50M,2027-01-15,316.4150085449219,320.1199951171875,317.2699890136719,319.6300048828125,314.4100036621094,91.2,88.25,89.3,1.0,0.4707694525146484,True,GOOG,91.2,0.0,-0.011573743061283401,2989394920000.0,0.0,3939.0
CIFR280121C00025000,25.0,35526.0,空头卖 Call，看跌/看不涨,-3.3906659514656172,CALL,35526.0,0.0,35881260.0,0.00795425437332864,10M-50M,2028-01-21,19.65999984741211,20.350000381469727,19.325000762939453,20.36000061035156,19.0,10.1,9.6,11.0,6.0,1.0915572766113284,False,CIFR,10.18,-0.007858546168958749,-0.03390665951465617,4510952041.0,-0.7858546168958749,35526.0
B260116C00035000,35.0,46644.0,多头买 Call，看涨,1.7174627040445478,CALL,46644.0,0.0,35822592.0,0.000608993004052012,10M-50M,2026-01-16,42.04999923706055,41.34000015258789,42.3650016784668,43.08000183105469,41.790000915527344,7.68,7.3,7.95,90.0,0.5083056982421875,True,B,7.28,0.05494505494505487,0.017174627040445478,58822665879.0,5.4945054945054865,46644.0
HOOD260116C00100000,100.0,13480.0,空头卖 Call，看跌/看不涨,-4.031448138466992,CALL,13480.0,0.0,35654600.0,0.0003317723278065008,10M-50M,2026-01-16,123.30999755859376,128.49000549316406,123.5999984741211,125.28990173339844,118.86000061035156,26.45,26.05,26.95,53.0,0.7005645178222657,True,HOOD,31.02,-0.147324306898775,-0.04031448138466992,107467070071.0,-14.732430689877498,13480.0
AVGO270115C00300000,300.0,2611.0,空头卖 Call，看跌/看不涨,-3.875072107776674,CALL,2611.0,0.0,35183225.0,2.2271066858533355e-05,10M-50M,2027-01-15,387.3450012207031,402.9599914550781,394.8500061035156,395.4200134277344,385.6400146484375,134.75,132.5,135.75,11.0,0.5848582774353026,True,AVGO,141.04,-0.04459727736812247,-0.03875072107776674,1579772770810.0,-4.459727736812247,2611.0
NVDA260618P00160000,160.0,26756.0,空头卖 Put，看涨/看不跌,1.2146858172228108,PUT,26756.0,0.0,34916580.00000001,8.063843629251342e-06,10M-50M,2026-06-18,179.14999389648438,177.0,174.6999969482422,180.3000030517578,173.67999267578125,13.05,13.0,13.15,2183.0,0.429265961303711,False,NVDA,14.01,-0.06852248394004276,0.012146858172228107,4330017000000.0,-6.852248394004276,26756.0
INTC270115C00030000,30.0,22859.0,空头卖 Call，看跌/看不涨,-1.486687920247983,CALL,22859.0,0.0,34288500.0,0.00022067014837482744,10M-50M,2027-01-15,39.95700073242188,40.560001373291016,39.8650016784668,40.375,39.59999847412109,15.0,14.75,15.45,74.0,0.6429479064941408,True,INTC,15.25,-0.01639344262295082,-0.01486687920247983,155383500000.0,-1.639344262295082,22859.0
NVDA260618P00150000,150.0,35314.0,空头卖 Put，看涨/看不跌,1.2146858172228108,PUT,35314.0,0.0,34254580.0,7.910957393469818e-06,10M-50M,2026-06-18,179.14999389648438,177.0,174.6999969482422,180.3000030517578,173.67999267578125,9.7,9.7,9.75,1189.0,0.4397639031982422,False,NVDA,10.4,-0.0673076923076924,0.012146858172228107,4330017000000.0,-6.730769230769241,35314.0
NVDA260618C00142000,142.0,7188.0,多头买 Call，看涨,1.2146858172228108,CALL,7188.0,0.0,33460139.999999996,7.72748467269297e-06,10M-50M,2026-06-18,179.14999389648438,177.0,174.6999969482422,180.3000030517578,173.67999267578125,46.55,48.45,48.8,13.0,0.5524947094726562,True,NVDA,46.55,0.0,0.012146858172228107,4330017000000.0,0.0,7188.0
SOFI270115C00030000,30.0,37467.0,空头卖 Call，看跌/看不涨,-1.4300109248978774,CALL,37467.0,0.0,33345630.0,0.000995253680310838,10M-50M,2027-01-15,29.295000076293945,29.71999931335449,28.86000061035156,29.700000762939453,28.670000076293945,8.9,8.85,8.9,1754.0,0.7545190563964843,False,SOFI,9.05,-0.016574585635359153,-0.014300109248978773,33504653798.0,-1.6574585635359154,37467.0
GOOGL270115C00350000,350.0,7724.0,空头卖 Call，看跌/看不涨,-1.221189253404943,CALL,7724.0,0.0,33290440.000000004,1.1165088744211285e-05,10M-50M,2027-01-15,316.2699890136719,320.17999267578125,317.70001220703125,319.8500061035156,314.44000244140625,43.1,42.35,42.65,64.0,0.4145566357421875,False,GOOGL,45.25,-0.0475138121546961,-0.012211892534049432,2981654760000.0,-4.75138121546961,7724.0
NVDA270617C00160000,160.0,6008.0,多头买 Call，看涨,1.2146858172228108,CALL,6008.0,0.0,32917832.0,7.602240822611089e-06,10M-50M,2027-06-17,179.14999389648438,177.0,174.6999969482422,180.3000030517578,173.67999267578125,54.79,54.35,54.65,5.0,0.536534175720215,True,NVDA,52.8,0.03768939393939398,0.012146858172228107,4330017000000.0,3.768939393939398,6008.0
MSTR260116P00200000,200.0,7658.0,多头买 Put，看跌,-6.817917976986597,PUT,7658.0,0.0,32661370.0,0.00037269831727651786,10M-50M,2026-01-16,165.10000610351562,177.17999267578125,168.25,168.25,155.61000061035156,42.65,42.35,43.35,593.0,0.8092060095214844,True,MSTR,33.59,0.26972313188448926,-0.06817917976986597,87634873800.0,26.972313188448926,7658.0
INTC270115C00035000,35.0,26757.0,空头卖 Call，看跌/看不涨,-1.486687920247983,CALL,26757.0,0.0,32643539.999999996,0.0002100836961453436,10M-50M,2027-01-15,39.95700073242188,40.560001373291016,39.8650016784668,40.375,39.59999847412109,12.2,12.1,12.3,59.0,0.6107216662597659,True,INTC,12.46,-0.020866773675762562,-0.01486687920247983,155383500000.0,-2.0866773675762564,26757.0
NVDA251219C00180000,180.0,48517.0,多头买 Call，看涨,1.2146858172228108,CALL,48517.0,0.0,32312322.000000004,7.462400724985607e-06,10M-50M,2025-12-19,179.14999389648438,177.0,174.6999969482422,180.3000030517578,173.67999267578125,6.66,6.6,6.7,13343.0,0.4344538977050781,False,NVDA,5.71,0.16637478108581438,0.012146858172228107,4330017000000.0,16.637478108581437,48517.0
B270115C00035000,35.0,27572.0,多头买 Call，看涨,1.7174627040445478,CALL,27572.0,0.0,32259239.999999996,0.0005484151307653792,10M-50M,2027-01-15,42.04999923706055,41.34000015258789,42.3650016784668,43.08000183105469,41.790000915527344,11.7,10.8,12.1,9074.0,0.5033008654785156,True,B,10.91,0.07241063244729598,0.017174627040445478,58822665879.0,7.241063244729598,27572.0
NVDA270115C00230000,230.0,15532.0,多头买 Call，看涨,1.2146858172228108,CALL,15532.0,0.0,32182303.999999996,7.432373591142944e-06,10M-50M,2027-01-15,179.14999389648438,177.0,174.6999969482422,180.3000030517578,173.67999267578125,20.72,20.6,20.8,416.0,0.4850515362548828,False,NVDA,19.6,0.05714285714285701,0.012146858172228107,4330017000000.0,5.714285714285701,15532.0
NVDA271217P00140000,140.0,15167.0,空头卖 Put，看涨/看不跌,1.2146858172228108,PUT,15167.0,0.0,31972036.0,7.383813042766345e-06,10M-50M,2027-12-17,179.14999389648438,177.0,174.6999969482422,180.3000030517578,173.67999267578125,21.08,20.9,21.15,7.0,0.420476986694336,False,NVDA,21.6,-0.024074074074074216,0.012146858172228107,4330017000000.0,-2.4074074074074217,15167.0
NVDA271217P00200000,200.0,6193.0,空头卖 Put，看涨/看不跌,1.2146858172228108,PUT,6193.0,0.0,31832020.0,7.351476911060626e-06,10M-50M,2027-12-17,179.14999389648438,177.0,174.6999969482422,180.3000030517578,173.67999267578125,51.4,51.2,51.5,1.0,0.3768678036499023,True,NVDA,52.75,-0.025592417061611403,0.012146858172228107,4330017000000.0,-2.5592417061611403,6193.0
AVGO260116C00350000,350.0,6001.0,空头卖 Call，看跌/看不涨,-3.875072107776674,CALL,6001.0,0.0,31805300.0,2.013283213109972e-05,10M-50M,2026-01-16,387.3450012207031,402.9599914550781,394.8500061035156,395.4200134277344,385.6400146484375,53.0,52.5,53.45,193.0,0.584843018798828,True,AVGO,63.9,-0.1705790297339593,-0.03875072107776674,1579772770810.0,-17.05790297339593,6001.0
NVDA270115C00165000,165.0,6948.0,多头买 Call，看涨,1.2146858172228108,CALL,6948.0,0.0,31592556.0,7.296173663983306e-06,10M-50M,2027-01-15,179.14999389648438,177.0,174.6999969482422,180.3000030517578,173.67999267578125,45.47,45.05,45.25,20.0,0.5236253692626953,True,NVDA,43.35,0.048904267589388636,0.012146858172228107,4330017000000.0,4.8904267589388635,6948.0
NVDA260320P00160000,160.0,37612.0,空头卖 Put，看涨/看不跌,1.2146858172228108,PUT,37612.0,0.0,31217960.000000004,7.209662225344613e-06,10M-50M,2026-03-20,179.14999389648438,177.0,174.6999969482422,180.3000030517578,173.67999267578125,8.3,8.25,8.35,2590.0,0.4365901068115234,False,NVDA,9.29,-0.1065662002152851,0.012146858172228107,4330017000000.0,-10.656620021528509,37612.0
NVDA270115P00140000,140.0,23068.0,空头卖 Put，看涨/看不跌,1.2146858172228108,PUT,23068.0,0.0,31026459.999999996,7.16543607103621e-06,10M-50M,2027-01-15,179.14999389648438,177.0,174.6999969482422,180.3000030517578,173.67999267578125,13.45,13.2,13.4,3.0,0.4331111376953125,False,NVDA,13.89,-0.03167746580273587,0.012146858172228107,4330017000000.0,-3.167746580273587,23068.0
NVDA270115P00200000,200.0,7417.0,空头卖 Put，看涨/看不跌,1.2146858172228108,PUT,7417.0,0.0,30973392.0,7.153180230008335e-06,10M-50M,2027-01-15,179.14999389648438,177.0,174.6999969482422,180.3000030517578,173.67999267578125,41.76,41.8,42.05,246.0,0.3832916896057128,True,NVDA,43.1,-0.031090487238979198,0.012146858172228107,4330017000000.0,-3.10904872389792,7417.0
NVDA260320P00190000,190.0,14082.0,空头卖 Put，看涨/看不跌,1.2146858172228108,PUT,14082.0,0.0,30924072.000000004,7.141789974496637e-06,10M-50M,2026-03-20,179.14999389648438,177.0,174.6999969482422,180.3000030517578,173.67999267578125,21.96,21.9,22.0,26.0,0.396917651977539,True,NVDA,23.4,-0.061538461538461445,0.012146858172228107,4330017000000.0,-6.153846153846144,14082.0
MP280121P00075000,75.0,10027.0,多头买 Put，看跌,-4.907184629682802,PUT,10027.0,0.0,30883160.000000004,0.002540933539839521,10M-50M,2028-01-21,58.90999984741211,61.95000076293945,60.43999862670898,60.5,58.11000061035156,30.8,30.5,34.6,10.0,0.629459271850586,True,MP,30.8,0.0,-0.04907184629682802,12154257290.0,0.0,10027.0
APP260116C00500000,500.0,2300.0,多头买 Call，看涨,2.7573947146574787,CALL,2300.0,0.0,30820000.0,0.00013602254441132404,10M-50M,2026-01-16,616.010009765625,599.47998046875,588.1300048828125,622.4299926757812,576.0,134.0,133.0,136.1,6.0,0.7442042181396484,True,APP,115.0,0.16521739130434782,0.02757394714657479,226580087392.0,16.52173913043478,2300.0
OKLO270115C00105000,105.0,10214.0,空头卖 Call，看跌/看不涨,-2.927331475995653,CALL,10214.0,0.0,30539859.999999996,0.0018718604270517637,10M-50M,2027-01-15,88.70500183105469,91.37999725341795,88.54000091552734,90.5999984741211,85.5,29.9,29.65,31.3,5.0,0.9724734197998046,False,OKLO,33.06,-0.0955837870538416,-0.02927331475995653,16315244213.0,-9.55837870538416,10214.0
MSTR260320P00200000,200.0,5396.0,多头买 Put，看跌,-6.817917976986597,PUT,5396.0,0.0,29839880.0,0.0003405023446270998,10M-50M,2026-03-20,165.10000610351562,177.17999267578125,168.25,168.25,155.61000061035156,55.3,51.3,52.4,48.0,0.7934590966796875,True,MSTR,41.6,0.32932692307692296,-0.06817917976986597,87634873800.0,32.9326923076923,5396.0
NVDA261218P00170000,170.0,12150.0,空头卖 Put，看涨/看不跌,1.2146858172228108,PUT,12150.0,0.0,29803950.0,6.883102306526741e-06,10M-50M,2026-12-18,179.14999389648438,177.0,174.6999969482422,180.3000030517578,173.67999267578125,24.53,24.4,24.55,15.0,0.4082395602416991,False,NVDA,25.56,-0.04029733959311415,0.012146858172228107,4330017000000.0,-4.0297339593114145,12150.0
GOOGL260618C00300000,300.0,6213.0,空头卖 Call，看跌/看不涨,-1.221189253404943,CALL,6213.0,0.0,29511750.0,9.89777569016743e-06,10M-50M,2026-06-18,316.2699890136719,320.17999267578125,317.70001220703125,319.8500061035156,314.44000244140625,47.5,47.2,47.55,84.0,0.4292964785766602,True,GOOGL,50.56,-0.06052215189873422,-0.012211892534049432,2981654760000.0,-6.052215189873422,6213.0
NVDA260918P00160000,160.0,17522.0,空头卖 Put，看涨/看不跌,1.2146858172228108,PUT,17522.0,0.0,29454481.999999996,6.8023940783604305e-06,10M-50M,2026-09-18,179.14999389648438,177.0,174.6999969482422,180.3000030517578,173.67999267578125,16.81,16.7,16.75,505.0,0.4190731921386719,False,NVDA,17.55,-0.04216524216524228,0.012146858172228107,4330017000000.0,-4.216524216524228,17522.0
NVDA271217C00195000,195.0,6175.0,多头买 Call，看涨,1.2146858172228108,CALL,6175.0,0.0,29139825.0,6.72972531054728e-06,10M-50M,2027-12-17,179.14999389648438,177.0,174.6999969482422,180.3000030517578,173.67999267578125,47.19,46.7,47.05,2.0,0.5218858847045899,False,NVDA,45.15,0.045182724252491674,0.012146858172228107,4330017000000.0,4.518272425249167,6175.0
CSCO260116C00065000,65.0,25054.0,空头卖 Call，看跌/看不涨,-1.0527751004493946,CALL,25054.0,0.0,29037586.0,0.00010927317173117442,10M-50M,2026-01-16,76.12999725341797,76.94000244140625,76.66999816894531,76.81800079345703,76.03500366210938,11.59,11.4,11.8,10.0,0.3960021337890625,True,CSCO,11.8,-0.017796610169491595,-0.010527751004493945,265733899181.0,-1.7796610169491596,25054.0
GILD270617C00097500,97.5,8051.0,空头卖 Call，看跌/看不涨,-1.438332494649602,CALL,8051.0,0.0,28983600.0,0.00020837351094133783,10M-50M,2027-06-17,124.02999877929688,125.83999633789062,125.69000244140624,126.2300033569336,123.90509796142578,36.0,33.15,36.5,1.0,0.3795838409423828,True,GILD,36.0,0.0,-0.01438332494649602,139094455284.0,0.0,8051.0
CSCO260116C00070000,70.0,41648.0,空头卖 Call，看跌/看不涨,-1.0527751004493946,CALL,41648.0,0.0,28862064.0,0.00010861265382005744,10M-50M,2026-01-16,76.12999725341797,76.94000244140625,76.66999816894531,76.81800079345703,76.03500366210938,6.93,6.9,7.2,50.0,0.3117744604492187,True,CSCO,7.45,-0.06979865771812087,-0.010527751004493945,265733899181.0,-6.9798657718120865,41648.0
COIN260116C00200000,200.0,4566.0,空头卖 Call，看跌/看不涨,-5.259880404028473,CALL,4566.0,0.0,28765800.0,0.00035815644568175,10M-50M,2026-01-16,258.4700012207031,272.82000732421875,260.4750061035156,265.8800048828125,252.1999969482422,63.0,63.65,65.65,9.0,0.7834494311523439,True,COIN,76.0,-0.17105263157894737,-0.052598804040284726,80316298497.0,-17.105263157894736,4566.0
GOOGL260618C00250000,250.0,3484.0,空头卖 Call，看跌/看不涨,-1.221189253404943,CALL,3484.0,0.0,28429439.999999996,9.534785979044736e-06,10M-50M,2026-06-18,316.2699890136719,320.17999267578125,317.70001220703125,319.8500061035156,314.44000244140625,81.6,80.85,81.5,14.0,0.4824880853271485,True,GOOGL,82.9,-0.015681544028950677,-0.012211892534049432,2981654760000.0,-1.5681544028950678,3484.0
INTC260618C00050000,50.0,74342.0,空头卖 Call，看跌/看不涨,-1.486687920247983,CALL,74342.0,0.0,28249959.999999996,0.00018180797832459687,10M-50M,2026-06-18,39.95700073242188,40.560001373291016,39.8650016784668,40.375,39.59999847412109,3.8,3.7,3.85,9079.0,0.5932657861328126,False,INTC,3.95,-0.03797468354430389,-0.01486687920247983,155383500000.0,-3.797468354430389,74342.0
MU260220C00220000,220.0,6790.0,多头买 Call，看涨,1.4377576186997205,CALL,6790.0,0.0,28144550.0,0.00015990785057559237,10M-50M,2026-02-20,239.8800048828125,236.47999572753903,232.28500366210935,242.3600006103516,231.5,41.45,40.0,41.2,27.0,0.6831086376953126,True,MU,38.08,0.088497899159664,0.014377576186997205,176004804634.0,8.849789915966399,6790.0
GOOGL260220C00350000,350.0,24586.0,空头卖 Call，看跌/看不涨,-1.221189253404943,CALL,27453.0,2867.0,28028040.000000004,9.400162747212223e-06,10M-50M,2026-02-20,316.2699890136719,320.17999267578125,317.70001220703125,319.8500061035156,314.44000244140625,11.4,11.2,11.3,428.0,0.3912414392089843,False,GOOGL,13.2,-0.1363636363636363,-0.012211892534049432,2981654760000.0,-13.63636363636363,24586.0
NVDA260618C00145000,145.0,6263.0,多头买 Call，看涨,1.2146858172228108,CALL,6263.0,0.0,27964295.0,6.458241387966837e-06,10M-50M,2026-06-18,179.14999389648438,177.0,174.6999969482422,180.3000030517578,173.67999267578125,44.65,46.3,46.6,4.0,0.5456588403320313,True,NVDA,44.65,0.0,0.012146858172228107,4330017000000.0,0.0,6263.0
INTC260116C00040000,40.0,86183.0,空头卖 Call，看跌/看不涨,-1.486687920247983,CALL,86183.0,0.0,27923292.000000004,0.00017970564442170502,10M-50M,2026-01-16,39.95700073242188,40.560001373291016,39.8650016784668,40.375,39.59999847412109,3.24,3.2,3.3,4150.0,0.5722699023437501,False,INTC,3.6,-0.09999999999999996,-0.01486687920247983,155383500000.0,-9.999999999999996,86183.0
NVDA260618P00165000,165.0,18414.0,空头卖 Put，看涨/看不跌,1.2146858172228108,PUT,18414.0,0.0,27621000.0,6.378958789307294e-06,10M-50M,2026-06-18,179.14999389648438,177.0,174.6999969482422,180.3000030517578,173.67999267578125,15.0,14.95,15.05,334.0,0.4230099203491211,False,NVDA,16.01,-0.06308557151780146,0.012146858172228107,4330017000000.0,-6.308557151780146,18414.0
AVGO270617C00390000,390.0,2673.0,空头卖 Call，看跌/看不涨,-3.875072107776674,CALL,2673.0,0.0,27585360.000000004,1.746159986404634e-05,10M-50M,2027-06-17,387.3450012207031,402.9599914550781,394.8500061035156,395.4200134277344,385.6400146484375,103.2,100.55,103.35,7.0,0.5461700046539308,False,AVGO,108.0,-0.04444444444444442,-0.03875072107776674,1579772770810.0,-4.444444444444442,2673.0
GOOG260116C00225000,225.0,2979.0,空头卖 Call，看跌/看不涨,-1.1573743061283401,CALL,2979.0,0.0,27242955.0,9.113200406455498e-06,10M-50M,2026-01-16,316.4150085449219,320.1199951171875,317.2699890136719,319.6300048828125,314.4100036621094,91.45,92.5,94.6,2.0,0.663333444824219,True,GOOG,94.75,-0.03482849604221633,-0.011573743061283401,2989394920000.0,-3.4828496042216326,2979.0
GS260116C00600000,600.0,1269.0,空头卖 Call，看跌/看不涨,-1.7299378247369428,CALL,1269.0,0.0,27213705.0,0.00011201973437252634,10M-50M,2026-01-16,811.75,826.0399780273438,818.5900268554688,824.72998046875,809.9299926757812,214.45,211.5,217.75,4.0,0.5195970892333983,True,GS,230.0,-0.06760869565217396,-0.017299378247369428,242936703541.0,-6.760869565217396,1269.0
AVGO260320C00330000,330.0,3271.0,空头卖 Call，看跌/看不涨,-3.875072107776674,CALL,3271.0,0.0,27116590.000000004,1.7164867315757354e-05,10M-50M,2026-03-20,387.3450012207031,402.9599914550781,394.8500061035156,395.4200134277344,385.6400146484375,82.9,80.5,81.15,2.0,0.5980875152587892,True,AVGO,90.76,-0.08660202732481267,-0.03875072107776674,1579772770810.0,-8.660202732481267,3271.0
SOFI260618C00022000,22.0,26138.0,空头卖 Call，看跌/看不涨,-1.4300109248978774,CALL,26138.0,0.0,27026692.0,0.0008066548654089752,10M-50M,2026-06-18,29.295000076293945,29.71999931335449,28.86000061035156,29.700000762939453,28.670000076293945,10.34,10.05,10.6,129.0,0.8071308349609375,True,SOFI,10.45,-0.01052631578947363,-0.014300109248978773,33504653798.0,-1.052631578947363,26138.0
NBIS270115C00080000,80.0,5750.0,多头买 Call，看涨,3.8199646299124375,CALL,5750.0,0.0,26553500.0,0.001035453420563957,10M-50M,2027-01-15,98.49400329589844,94.87000274658205,91.38999938964844,99.3499984741211,89.01000213623047,46.18,44.0,48.5,8.0,1.009160227661133,True,NBIS,41.5,0.11277108433734939,0.038199646299124375,25644321099.0,11.27710843373494,5750.0
NVDA270617C00175000,175.0,5599.0,多头买 Call，看涨,1.2146858172228108,CALL,5599.0,0.0,26539259.999999996,6.129135289769069e-06,10M-50M,2027-06-17,179.14999389648438,177.0,174.6999969482422,180.3000030517578,173.67999267578125,47.4,47.3,47.45,63.0,0.524495111541748,True,NVDA,45.65,0.03833515881708653,0.012146858172228107,4330017000000.0,3.833515881708653,5599.0
UUUU280121C00017000,17.0,36981.0,空头卖 Call，看跌/看不涨,-2.0833280903320093,CALL,36981.0,0.0,26219528.999999996,0.006802179223677549,10M-50M,2028-01-21,14.100000381469728,14.399999618530272,14.199999809265137,14.600000381469728,13.920000076293944,7.09,6.8,7.5,4.0,1.0312548437500002,False,UUUU,7.15,-0.008391608391608461,-0.02083328090332009,3854577796.0,-0.839160839160846,36981.0
PDD251219P00130000,130.0,21029.0,空头卖 Put，看涨/看不跌,2.2226066422790827,PUT,21029.0,0.0,25865670.0,0.00014016306449660834,10M-50M,2025-12-19,118.66000366210938,116.08000183105467,116.41000366210938,119.5,116.1500015258789,12.3,10.5,11.35,2.0,0.164070859375,True,PDD,13.65,-0.09890109890109887,0.022226066422790826,184539843595.0,-9.890109890109887,21029.0
NVDA260918C00130000,130.0,4159.0,多头买 Call，看涨,1.2146858172228108,CALL,4159.0,0.0,25619440.0,5.916706562583935e-06,10M-50M,2026-09-18,179.14999389648438,177.0,174.6999969482422,180.3000030517578,173.67999267578125,61.6,61.35,61.7,1.0,0.5715069705200196,True,NVDA,59.6,0.03355704697986577,0.012146858172228107,4330017000000.0,3.3557046979865772,4159.0
GOOGL260116C00255000,255.0,3962.0,空头卖 Call，看跌/看不涨,-1.221189253404943,CALL,3962.0,0.0,25610368.0,8.589313673592445e-06,10M-50M,2026-01-16,316.2699890136719,320.17999267578125,317.70001220703125,319.8500061035156,314.44000244140625,64.64,63.6,64.6,57.0,0.5014698291015626,True,GOOGL,66.0,-0.020606060606060597,-0.012211892534049432,2981654760000.0,-2.0606060606060597,3962.0
NVDA270115C00220000,220.0,10876.0,多头买 Call，看涨,1.2146858172228108,CALL,10876.0,0.0,25493344.0,5.887585198857187e-06,10M-50M,2027-01-15,179.14999389648438,177.0,174.6999969482422,180.3000030517578,173.67999267578125,23.44,23.35,23.5,111.0,0.4887746435546876,False,NVDA,22.1,0.06063348416289592,0.012146858172228107,4330017000000.0,6.063348416289592,10876.0
NVDA270617C00190000,190.0,6202.0,多头买 Call，看涨,1.2146858172228108,CALL,6202.0,0.0,25490220.0,5.8868637236297225e-06,10M-50M,2027-06-17,179.14999389648438,177.0,174.6999969482422,180.3000030517578,173.67999267578125,41.1,40.9,41.2,57.0,0.5141192387390137,False,NVDA,39.5,0.040506329113924086,0.012146858172228107,4330017000000.0,4.050632911392409,6202.0
MU251219C00190000,190.0,4655.0,多头买 Call，看涨,1.4377576186997205,CALL,4655.0,0.0,25486125.0,0.00014480357540805838,10M-50M,2025-12-19,239.8800048828125,236.47999572753903,232.28500366210935,242.3600006103516,231.5,54.75,52.65,54.15,13.0,0.9645999633789062,True,MU,49.63,0.10316340922828929,0.014377576186997205,176004804634.0,10.316340922828928,4655.0
AVGO271217C00300000,300.0,1567.0,空头卖 Call，看跌/看不涨,-3.875072107776674,CALL,1567.0,0.0,25275710.0,1.599958580564744e-05,10M-50M,2027-12-17,387.3450012207031,402.9599914550781,394.8500061035156,395.4200134277344,385.6400146484375,161.3,157.9,160.25,34.0,0.5797466342163086,True,AVGO,166.12,-0.02901516975680227,-0.03875072107776674,1579772770810.0,-2.9015169756802273,1567.0
GOOGL260220C00245000,245.0,3295.0,空头卖 Call，看跌/看不涨,-1.221189253404943,CALL,3295.0,0.0,25216635.0,8.457261832687832e-06,10M-50M,2026-02-20,316.2699890136719,320.17999267578125,317.70001220703125,319.8500061035156,314.44000244140625,76.53,76.45,76.85,11.0,0.5238084729003907,True,GOOGL,79.85,-0.04157795867251088,-0.012211892534049432,2981654760000.0,-4.157795867251088,3295.0
NVDA260618P00190000,190.0,9177.0,空头卖 Put，看涨/看不跌,1.2146858172228108,PUT,9177.0,0.0,25135803.0,5.8050125438306596e-06,10M-50M,2026-06-18,179.14999389648438,177.0,174.6999969482422,180.3000030517578,173.67999267578125,27.39,27.3,27.45,49.0,0.3980162738037109,True,NVDA,28.94,-0.053559087767795464,0.012146858172228107,4330017000000.0,-5.355908776779547,9177.0
COIN260320P00300000,300.0,4378.0,多头买 Put，看跌,-5.259880404028473,PUT,4378.0,0.0,25090318.000000004,0.0003123938536701512,10M-50M,2026-03-20,258.4700012207031,272.82000732421875,260.4750061035156,265.8800048828125,252.1999969482422,57.31,59.5,60.75,30.0,0.5845378460693358,True,COIN,51.97,0.10275158745430063,-0.052598804040284726,80316298497.0,10.275158745430064,4378.0
ASTS270115C00045000,45.0,10024.0,空头卖 Call，看跌/看不涨,-5.613883542995744,CALL,10024.0,0.0,24959759.999999996,0.0014181961990898878,10M-50M,2027-01-15,53.04499816894531,56.20000076293945,54.209999084472656,54.38999938964844,52.31999969482422,24.9,23.65,25.8,1.0,1.037724537963867,True,ASTS,28.03,-0.11166607206564404,-0.05613883542995744,17599652302.0,-11.166607206564404,10024.0
NVDA270115C00145000,145.0,4342.0,多头买 Call，看涨,1.2146858172228108,CALL,4342.0,0.0,24540984.000000004,5.667641489629256e-06,10M-50M,2027-01-15,179.14999389648438,177.0,174.6999969482422,180.3000030517578,173.67999267578125,56.52,56.3,56.65,14.0,0.5473678076171876,True,NVDA,54.3,0.0408839779005526,0.012146858172228107,4330017000000.0,4.08839779005526,4342.0
GOOGL251219C00290000,290.0,8295.0,空头卖 Call，看跌/看不涨,-1.221189253404943,CALL,8295.0,0.0,24511725.0,8.220846131763424e-06,10M-50M,2025-12-19,316.2699890136719,320.17999267578125,317.70001220703125,319.8500061035156,314.44000244140625,29.55,28.8,29.0,115.0,0.4143124975585937,True,GOOGL,32.25,-0.08372093023255811,-0.012211892534049432,2981654760000.0,-8.372093023255811,8295.0
AVGO270115C00360000,360.0,2278.0,空头卖 Call，看跌/看不涨,-3.875072107776674,CALL,2278.0,0.0,24504446.0,1.551137382082854e-05,10M-50M,2027-01-15,387.3450012207031,402.9599914550781,394.8500061035156,395.4200134277344,385.6400146484375,107.57,99.45,101.15,28.0,0.55138082901001,True,AVGO,107.57,0.0,-0.03875072107776674,1579772770810.0,0.0,2278.0
HOOD271217C00095000,95.0,3903.0,空头卖 Call，看跌/看不涨,-4.031448138466992,CALL,3903.0,0.0,24319593.000000004,0.00022629809283841867,10M-50M,2027-12-17,123.30999755859376,128.49000549316406,123.5999984741211,125.28990173339844,118.86000061035156,62.31,58.8,60.15,6.0,0.7412745599365234,True,HOOD,62.31,0.0,-0.04031448138466992,107467070071.0,0.0,3903.0
GOOGL251219C00280000,280.0,6373.0,空头卖 Call，看跌/看不涨,-1.221189253404943,CALL,6373.0,0.0,24160042.999999996,8.102897533314688e-06,10M-50M,2025-12-19,316.2699890136719,320.17999267578125,317.70001220703125,319.8500061035156,314.44000244140625,37.91,37.9,38.1,111.0,0.4592339233398438,True,GOOGL,41.47,-0.08584518929346521,-0.012211892534049432,2981654760000.0,-8.58451892934652,6373.0
NEM280121C00090000,90.0,9994.0,多头买 Call，看涨,1.3336261872629742,CALL,10255.0,261.0,24155498.0,0.00025795349909836247,10M-50M,2028-01-21,91.94000244140624,90.7300033569336,92.0,92.87999725341795,90.86000061035156,24.17,22.75,26.5,4.0,0.4906056799316406,True,NEM,22.8,0.060087719298245655,0.013336261872629743,93642839056.0,6.008771929824565,9994.0
MU251219C00175000,175.0,3586.0,多头买 Call，看涨,1.4377576186997205,CALL,3586.0,0.0,24137366.0,0.00013714038119694164,10M-50M,2025-12-19,239.8800048828125,236.47999572753903,232.28500366210935,242.3600006103516,231.5,67.31,65.9,67.65,6.0,1.0107471337890623,True,MU,63.15,0.06587490102929539,0.014377576186997205,176004804634.0,6.5874901029295385,3586.0
NVDA260918P00180000,180.0,9206.0,空头卖 Put，看涨/看不跌,1.2146858172228108,PUT,9206.0,0.0,23935600.0,5.527830491196686e-06,10M-50M,2026-09-18,179.14999389648438,177.0,174.6999969482422,180.3000030517578,173.67999267578125,26.0,25.9,26.1,1547.0,0.4030211065673829,True,NVDA,27.06,-0.03917220990391718,0.012146858172228107,4330017000000.0,-3.9172209903917175,9206.0
AVGO270115C00350000,350.0,2251.0,空头卖 Call，看跌/看不涨,-3.875072107776674,CALL,2251.0,0.0,23871855.0,1.5110942181741832e-05,10M-50M,2027-01-15,387.3450012207031,402.9599914550781,394.8500061035156,395.4200134277344,385.6400146484375,106.05,104.15,106.3,43.0,0.5547529876708985,True,AVGO,114.0,-0.06973684210526318,-0.03875072107776674,1579772770810.0,-6.973684210526318,2251.0
NVDA261218C00190000,190.0,7382.0,多头买 Call，看涨,1.2146858172228108,CALL,7382.0,0.0,23784803.999999996,5.493004761875068e-06,10M-50M,2026-12-18,179.14999389648438,177.0,174.6999969482422,180.3000030517578,173.67999267578125,32.22,32.15,32.3,631.0,0.5012562081909181,False,NVDA,30.75,0.047804878048780454,0.012146858172228107,4330017000000.0,4.780487804878045,7382.0
AVGO260116C00360000,360.0,5074.0,空头卖 Call，看跌/看不涨,-3.875072107776674,CALL,5074.0,0.0,23771690.0,1.5047537493516548e-05,10M-50M,2026-01-16,387.3450012207031,402.9599914550781,394.8500061035156,395.4200134277344,385.6400146484375,46.85,45.7,46.5,62.0,0.5717205914306642,True,AVGO,56.0,-0.16339285714285712,-0.03875072107776674,1579772770810.0,-16.33928571428571,5074.0
HOOD260220C00110000,110.0,10637.0,空头卖 Call，看跌/看不涨,-4.031448138466992,CALL,10637.0,0.0,23614140.0,0.00021973372852166626,10M-50M,2026-02-20,123.30999755859376,128.49000549316406,123.5999984741211,125.28990173339844,118.86000061035156,22.2,22.6,23.3,98.0,0.6998321032714845,True,HOOD,26.9,-0.17472118959107805,-0.04031448138466992,107467070071.0,-17.472118959107803,10637.0
AVGO251219C00380000,380.0,8870.0,空头卖 Call，看跌/看不涨,-3.875072107776674,CALL,8870.0,0.0,23505500.0,1.4879038577141686e-05,10M-50M,2025-12-19,387.3450012207031,402.9599914550781,394.8500061035156,395.4200134277344,385.6400146484375,26.5,26.15,26.5,735.0,0.6455113574218749,True,AVGO,33.65,-0.21248142644873697,-0.03875072107776674,1579772770810.0,-21.248142644873695,8870.0
COIN260116P00320000,320.0,3538.0,多头买 Put，看跌,-5.259880404028473,PUT,3538.0,0.0,23478168.0,0.00029232133999398594,10M-50M,2026-01-16,258.4700012207031,272.82000732421875,260.4750061035156,265.8800048828125,252.1999969482422,66.36,65.0,66.15,26.0,0.5485884985351563,True,COIN,54.0,0.2288888888888889,-0.052598804040284726,80316298497.0,22.88888888888889,3538.0
CIFR260116C00015000,15.0,37206.0,空头卖 Call，看跌/看不涨,-3.3906659514656172,CALL,37206.0,0.0,23439780.0,0.005196193572211822,10M-50M,2026-01-16,19.65999984741211,20.350000381469727,19.325000762939453,20.36000061035156,19.0,6.3,6.15,6.35,1767.0,1.4013701806640624,True,CIFR,6.55,-0.03816793893129771,-0.03390665951465617,4510952041.0,-3.816793893129771,37206.0
AVGO270115C00340000,340.0,2159.0,空头卖 Call，看跌/看不涨,-3.875072107776674,CALL,2159.0,0.0,23349585.0,1.4780344003541675e-05,10M-50M,2027-01-15,387.3450012207031,402.9599914550781,394.8500061035156,395.4200134277344,385.6400146484375,108.15,109.8,111.45,1.0,0.5602460968017577,True,AVGO,118.0,-0.08347457627118639,-0.03875072107776674,1579772770810.0,-8.347457627118638,2159.0
NVDA280121C00195000,195.0,4824.0,多头买 Call，看涨,1.2146858172228108,CALL,4824.0,0.0,23304744.0,5.38213683687616e-06,10M-50M,2028-01-21,179.14999389648438,177.0,174.6999969482422,180.3000030517578,173.67999267578125,48.31,48.05,48.4,32.0,0.523442265625,False,NVDA,46.8,0.03226495726495738,0.012146858172228107,4330017000000.0,3.226495726495738,4824.0
MU260618C00180000,180.0,2815.0,多头买 Call，看涨,1.4377576186997205,CALL,2815.0,0.0,23167450.0,0.00013162964527119842,10M-50M,2026-06-18,239.8800048828125,236.47999572753903,232.28500366210935,242.3600006103516,231.5,82.3,79.5,80.9,40.0,0.7205533316040039,True,MU,75.7,0.0871862615587846,0.014377576186997205,176004804634.0,8.71862615587846,2815.0
GS270617C00580000,580.0,846.0,空头卖 Call，看跌/看不涨,-1.7299378247369428,CALL,846.0,0.0,23116950.0,9.515626771521823e-05,10M-50M,2027-06-17,811.75,826.0399780273438,818.5900268554688,824.72998046875,809.9299926757812,273.25,268.0,274.2,4.0,0.3709932286071777,True,GS,290.9,-0.0606737710553454,-0.017299378247369428,242936703541.0,-6.067377105534541,846.0
NVDA280121C00150000,150.0,3396.0,多头买 Call，看涨,1.2146858172228108,CALL,3396.0,0.0,23018088.0,5.315934787323006e-06,10M-50M,2028-01-21,179.14999389648438,177.0,174.6999969482422,180.3000030517578,173.67999267578125,67.78,67.5,67.95,38.0,0.5557600576782228,True,NVDA,65.7,0.031659056316590536,0.012146858172228107,4330017000000.0,3.1659056316590535,3396.0
NVDA280121C00220000,220.0,5692.0,多头买 Call，看涨,1.2146858172228108,CALL,5692.0,0.0,22910300.0,5.291041582515727e-06,10M-50M,2028-01-21,179.14999389648438,177.0,174.6999969482422,180.3000030517578,173.67999267578125,40.25,39.8,40.15,214.0,0.5121813919067383,False,NVDA,38.45,0.0468140442132639,0.012146858172228107,4330017000000.0,4.6814044213263895,5692.0
NVDA251219C00175000,175.0,24030.0,多头买 Call，看涨,1.2146858172228108,CALL,24030.0,0.0,22900590.0,5.288799097093615e-06,10M-50M,2025-12-19,179.14999389648438,177.0,174.6999969482422,180.3000030517578,173.67999267578125,9.53,9.5,9.55,3396.0,0.4509332250976562,True,NVDA,8.19,0.16361416361416362,0.012146858172228107,4330017000000.0,16.36141636141636,24030.0
BABA251219C00120000,120.0,5982.0,多头买 Call，看涨,4.310234359668761,CALL,5982.0,0.0,22809366.0,5.7456025452937975e-05,10M-50M,2025-12-19,164.0800018310547,157.3000030517578,160.5,164.7899932861328,159.41000366210938,38.13,43.05,45.35,1.0,0.641605146484375,True,BABA,38.13,0.0,0.04310234359668761,396988232656.0,0.0,5982.0
GOOGL251219C00255000,255.0,3634.0,空头卖 Call，看跌/看不涨,-1.221189253404943,CALL,3634.0,0.0,22676160.0,7.605226568886868e-06,10M-50M,2025-12-19,316.2699890136719,320.17999267578125,317.70001220703125,319.8500061035156,314.44000244140625,62.4,61.75,62.45,20.0,0.5903361279296876,True,GOOGL,65.72,-0.05051734631771151,-0.012211892534049432,2981654760000.0,-5.051734631771151,3634.0
GOOGL260320C00270000,270.0,3877.0,空头卖 Call，看跌/看不涨,-1.221189253404943,CALL,3877.0,0.0,22564140.000000004,7.567656826909096e-06,10M-50M,2026-03-20,316.2699890136719,320.17999267578125,317.70001220703125,319.8500061035156,314.44000244140625,58.2,57.5,57.95,13.0,0.4570977142333985,True,GOOGL,61.2,-0.049019607843137254,-0.012211892534049432,2981654760000.0,-4.901960784313726,3877.0
BABA260116C00130000,130.0,6285.0,多头买 Call，看涨,4.310234359668761,CALL,6285.0,0.0,22456305.0,5.6566676673912744e-05,10M-50M,2026-01-16,164.0800018310547,157.3000030517578,160.5,164.7899932861328,159.41000366210938,35.73,35.35,36.05,51.0,0.543949873046875,True,BABA,29.25,0.22153846153846143,0.04310234359668761,396988232656.0,22.153846153846143,6285.0
GOOGL251219C00235000,235.0,2702.0,空头卖 Call，看跌/看不涨,-1.221189253404943,CALL,2702.0,0.0,22426600.0,7.521528079260256e-06,10M-50M,2025-12-19,316.2699890136719,320.17999267578125,317.70001220703125,319.8500061035156,314.44000244140625,83.0,81.45,84.15,48.0,0.8696302099609375,True,GOOGL,85.37,-0.02776150872671904,-0.012211892534049432,2981654760000.0,-2.776150872671904,2702.0
NVDA271217C00220000,220.0,5849.0,多头买 Call，看涨,1.2146858172228108,CALL,5849.0,0.0,22413368.0,5.176277137018169e-06,10M-50M,2027-12-17,179.14999389648438,177.0,174.6999969482422,180.3000030517578,173.67999267578125,38.32,38.35,38.65,9.0,0.5095721650695801,False,NVDA,37.25,0.028724832214765107,0.012146858172228107,4330017000000.0,2.872483221476511,5849.0
GOOGL270115C00275000,275.0,2790.0,空头卖 Call，看跌/看不涨,-1.221189253404943,CALL,2790.0,0.0,22121910.0,7.4193398567713455e-06,10M-50M,2027-01-15,316.2699890136719,320.17999267578125,317.70001220703125,319.8500061035156,314.44000244140625,79.29,78.9,79.65,8.0,0.4576165078735352,True,GOOGL,82.0,-0.0330487804878048,-0.012211892534049432,2981654760000.0,-3.3048780487804805,2790.0
NVDA260618C00185000,185.0,9312.0,多头买 Call，看涨,1.2146858172228108,CALL,9312.0,0.0,21948384.0,5.06889095354591e-06,10M-50M,2026-06-18,179.14999389648438,177.0,174.6999969482422,180.3000030517578,173.67999267578125,23.57,23.25,23.4,44.0,0.4901174035644532,False,NVDA,21.95,0.07380410022779048,0.012146858172228107,4330017000000.0,7.3804100227790475,9312.0
NVDA260821P00170000,170.0,10841.0,空头卖 Put，看涨/看不跌,1.2146858172228108,PUT,10841.0,0.0,21790410.0,5.032407494012148e-06,10M-50M,2026-08-21,179.14999389648438,177.0,174.6999969482422,180.3000030517578,173.67999267578125,20.1,19.6,19.75,14.0,0.4083311120605468,False,NVDA,20.72,-0.0299227799227798,0.012146858172228107,4330017000000.0,-2.99227799227798,10841.0
AVGO260618C00330000,330.0,2301.0,空头卖 Call，看跌/看不涨,-3.875072107776674,CALL,2301.0,0.0,21719139.0,1.3748267726417327e-05,10M-50M,2026-06-18,387.3450012207031,402.9599914550781,394.8500061035156,395.4200134277344,385.6400146484375,94.39,93.1,94.45,8.0,0.58047904876709,True,AVGO,102.55,-0.07957094100438807,-0.03875072107776674,1579772770810.0,-7.957094100438806,2301.0
GOOG260618C00240000,240.0,2391.0,空头卖 Call，看跌/看不涨,-1.1573743061283401,CALL,2391.0,0.0,21710280.0,7.262432893944973e-06,10M-50M,2026-06-18,316.4150085449219,320.1199951171875,317.2699890136719,319.6300048828125,314.4100036621094,90.8,88.8,89.8,17.0,0.5012562081909181,True,GOOG,92.54,-0.018802679922195906,-0.011573743061283401,2989394920000.0,-1.8802679922195906,2391.0
NVDA260618P00140000,140.0,30655.0,空头卖 Put，看涨/看不跌,1.2146858172228108,PUT,30655.0,0.0,21611775.0,4.991152459678565e-06,10M-50M,2026-06-18,179.14999389648438,177.0,174.6999969482422,180.3000030517578,173.67999267578125,7.05,7.0,7.05,253.0,0.452153916015625,False,NVDA,7.65,-0.07843137254901968,0.012146858172228107,4330017000000.0,-7.843137254901968,30655.0
GOOGL270115C00270000,270.0,2597.0,空头卖 Call，看跌/看不涨,-1.221189253404943,CALL,2597.0,0.0,21555100.0,7.229240718667241e-06,10M-50M,2027-01-15,316.2699890136719,320.17999267578125,317.70001220703125,319.8500061035156,314.44000244140625,83.0,81.6,82.25,25.0,0.4573723696899414,True,GOOGL,84.63,-0.019260309582890177,-0.012211892534049432,2981654760000.0,-1.9260309582890176,2597.0
COIN260116P00300000,300.0,4296.0,多头买 Put，看跌,-5.259880404028473,PUT,4296.0,0.0,21480000.0,0.0002674426038296863,10M-50M,2026-01-16,258.4700012207031,272.82000732421875,260.4750061035156,265.8800048828125,252.1999969482422,50.0,48.8,49.9,276.0,0.571415418701172,True,COIN,40.9,0.2224938875305624,-0.052598804040284726,80316298497.0,22.24938875305624,4296.0
CIFR270115P00022000,22.0,17938.0,多头买 Put，看跌,-3.3906659514656172,PUT,17938.0,0.0,21453848.0,0.0047559468167708676,10M-50M,2027-01-15,19.65999984741211,20.350000381469727,19.325000762939453,20.36000061035156,19.0,11.96,9.9,10.45,6.0,1.0720261242675786,True,CIFR,11.96,0.0,-0.03390665951465617,4510952041.0,0.0,17938.0
GOOGL260116C00305000,305.0,9392.0,空头卖 Call，看跌/看不涨,-1.221189253404943,CALL,9392.0,0.0,21413760.0,7.1818375109263156e-06,10M-50M,2026-01-16,316.2699890136719,320.17999267578125,317.70001220703125,319.8500061035156,314.44000244140625,22.8,22.3,22.45,213.0,0.3652712399291992,True,GOOGL,25.5,-0.10588235294117644,-0.012211892534049432,2981654760000.0,-10.588235294117645,9392.0
NVDA280121C00130000,130.0,2707.0,多头买 Call，看涨,1.2146858172228108,CALL,2707.0,0.0,21388007.0,4.9394741406327045e-06,10M-50M,2028-01-21,179.14999389648438,177.0,174.6999969482422,180.3000030517578,173.67999267578125,79.01,78.4,78.85,8.0,0.5783733569335938,True,NVDA,76.27,0.03592500327782889,0.012146858172228107,4330017000000.0,3.592500327782889,2707.0
MRVL260320C00070000,70.0,8144.0,多头买 Call，看涨,3.4563716836136065,CALL,8144.0,0.0,21378000.0,0.0002981554320891869,10M-50M,2026-03-20,92.48999786376952,89.4000015258789,89.06999969482422,92.73999786376952,88.30999755859375,26.25,26.25,27.0,43.0,0.6951934777832032,True,MRVL,23.0,0.14130434782608695,0.034563716836136064,71700857000.0,14.130434782608695,8144.0
OXY280121C00040000,40.0,21850.0,多头买 Call，看涨,1.2380963280087425,CALL,21850.0,0.0,21325600.0,0.0004563445721611544,10M-50M,2028-01-21,42.52000045776367,42.0,41.83000183105469,42.7400016784668,41.78499984741211,9.76,9.65,10.3,34.0,0.3775697009277343,True,OXY,9.72,0.0041152263374484715,0.012380963280087426,46731354553.0,0.41152263374484715,21850.0
NVDA251219P00190000,190.0,16616.0,空头卖 Put，看涨/看不跌,1.2146858172228108,PUT,16616.0,0.0,21318328.0,4.923382056005785e-06,10M-50M,2025-12-19,179.14999389648438,177.0,174.6999969482422,180.3000030517578,173.67999267578125,12.83,12.9,12.95,361.0,0.3615786499023437,True,NVDA,15.3,-0.16143790849673206,0.012146858172228107,4330017000000.0,-16.143790849673206,16616.0
NVDA280121C00175000,175.0,3785.0,多头买 Call，看涨,1.2146858172228108,CALL,3785.0,0.0,21309550.0,4.921354812232839e-06,10M-50M,2028-01-21,179.14999389648438,177.0,174.6999969482422,180.3000030517578,173.67999267578125,56.3,56.0,56.3,194.0,0.5360458993530274,True,NVDA,54.2,0.03874538745387443,0.012146858172228107,4330017000000.0,3.874538745387443,3785.0
AVGO251219C00360000,360.0,5226.0,空头卖 Call，看跌/看不涨,-3.875072107776674,CALL,5226.0,0.0,21186204.0,1.3410918577319925e-05,10M-50M,2025-12-19,387.3450012207031,402.9599914550781,394.8500061035156,395.4200134277344,385.6400146484375,40.54,39.2,39.6,78.0,0.6857941577148439,True,AVGO,50.1,-0.19081836327345314,-0.03875072107776674,1579772770810.0,-19.081836327345314,5226.0
GOOGL270115C00280000,280.0,2698.0,空头卖 Call，看跌/看不涨,-1.221189253404943,CALL,2698.0,0.0,20912198.0,7.013621523371807e-06,10M-50M,2027-01-15,316.2699890136719,320.17999267578125,317.70001220703125,319.8500061035156,314.44000244140625,77.51,75.55,76.6,5.0,0.4534203828430176,True,GOOGL,81.0,-0.04308641975308636,-0.012211892534049432,2981654760000.0,-4.308641975308635,2698.0
GOOGL260320C00250000,250.0,2771.0,空头卖 Call，看跌/看不涨,-1.221189253404943,CALL,2771.0,0.0,20837920.0,6.988709853182331e-06,10M-50M,2026-03-20,316.2699890136719,320.17999267578125,317.70001220703125,319.8500061035156,314.44000244140625,75.2,73.85,74.4,21.0,0.4960377545166016,True,GOOGL,76.36,-0.015191199580932381,-0.012211892534049432,2981654760000.0,-1.5191199580932382,2771.0
NVDA260918P00140000,140.0,20951.0,空头卖 Put，看涨/看不跌,1.2146858172228108,PUT,20951.0,0.0,20741490.0,4.7901636413898605e-06,10M-50M,2026-09-18,179.14999389648438,177.0,174.6999969482422,180.3000030517578,173.67999267578125,9.9,9.85,9.95,152.0,0.439885972290039,False,NVDA,10.5,-0.057142857142857106,0.012146858172228107,4330017000000.0,-5.714285714285711,20951.0
NVDA260220C00195000,195.0,24660.0,多头买 Call，看涨,1.2146858172228108,CALL,24660.0,0.0,20739060.0,4.789602442669394e-06,10M-50M,2026-02-20,179.14999389648438,177.0,174.6999969482422,180.3000030517578,173.67999267578125,8.41,8.4,8.45,1249.0,0.4265194067382813,False,NVDA,7.6,0.10657894736842112,0.012146858172228107,4330017000000.0,10.657894736842112,24660.0
BABA260320C00120000,120.0,4592.0,多头买 Call，看涨,4.310234359668761,CALL,4592.0,0.0,20572159.999999996,5.1820578817574866e-05,10M-50M,2026-03-20,164.0800018310547,157.3000030517578,160.5,164.7899932861328,159.41000366210938,44.8,46.7,48.1,35.0,0.55273884765625,True,BABA,41.6,0.07692307692307682,0.04310234359668761,396988232656.0,7.692307692307682,4592.0
GOOGL270115C00240000,240.0,2022.0,空头卖 Call，看跌/看不涨,-1.221189253404943,CALL,2022.0,0.0,20462640.0,6.8628468575617385e-06,10M-50M,2027-01-15,316.2699890136719,320.17999267578125,317.70001220703125,319.8500061035156,314.44000244140625,101.2,101.6,102.8,3.0,0.489812230834961,True,GOOGL,104.0,-0.026923076923076897,-0.012211892534049432,2981654760000.0,-2.69230769230769,2022.0
GOOGL260918C00260000,260.0,2510.0,空头卖 Call，看跌/看不涨,-1.221189253404943,CALL,2510.0,0.0,20348570.0,6.824589577902708e-06,10M-50M,2026-09-18,316.2699890136719,320.17999267578125,317.70001220703125,319.8500061035156,314.44000244140625,81.07,80.2,80.75,8.0,0.4656730679321289,True,GOOGL,83.05,-0.023841059602649057,-0.012211892534049432,2981654760000.0,-2.3841059602649057,2510.0
NVDA251219C00185000,185.0,46238.0,多头买 Call，看涨,1.2146858172228108,CALL,46238.0,0.0,20344720.0,4.698531206690412e-06,10M-50M,2025-12-19,179.14999389648438,177.0,174.6999969482422,180.3000030517578,173.67999267578125,4.4,4.4,4.45,6513.0,0.4210262976074219,False,NVDA,3.71,0.18598382749326156,0.012146858172228107,4330017000000.0,18.598382749326156,46238.0
MU251219C00240000,240.0,11718.0,多头买 Call，看涨,1.4377576186997205,CALL,11718.0,0.0,20225268.000000004,0.00011491315843370424,10M-50M,2025-12-19,239.8800048828125,236.47999572753903,232.28500366210935,242.3600006103516,231.5,17.26,17.1,17.25,6856.0,0.789064609375,False,MU,15.25,0.1318032786885247,0.014377576186997205,176004804634.0,13.180327868852471,11718.0
WULF270115C00015000,15.0,32058.0,空头卖 Call，看跌/看不涨,-2.3533189279938393,CALL,32058.0,0.0,20132424.000000004,0.004743109196961266,10M-50M,2027-01-15,15.145000457763672,15.510000228881836,14.854999542236328,15.760000228881836,14.802000045776367,6.28,6.0,6.55,62.0,1.01953615234375,True,WULF,6.47,-0.029366306027820636,-0.023533189279938395,4244562620.0,-2.9366306027820634,32058.0
GOOGL260618C00260000,260.0,2705.0,空头卖 Call，看跌/看不涨,-1.221189253404943,CALL,2705.0,0.0,20130610.0,6.7514892300945e-06,10M-50M,2026-06-18,316.2699890136719,320.17999267578125,317.70001220703125,319.8500061035156,314.44000244140625,74.42,73.25,73.95,11.0,0.4697623825073242,True,GOOGL,76.35,-0.025278323510150528,-0.012211892534049432,2981654760000.0,-2.5278323510150527,2705.0
SHOP260116C00120000,120.0,5529.0,空头卖 Call，看跌/看不涨,-4.317956461088212,CALL,5529.0,0.0,20097915.0,0.00011028486265539494,10M-50M,2026-01-16,151.7899932861328,158.63999938964844,152.8000030517578,155.55999755859375,150.75999450683594,36.35,33.85,34.65,14.0,0.6398961791992188,True,SHOP,42.06,-0.1357584403233476,-0.04317956461088212,182236387806.0,-13.57584403233476,5529.0
GOOG260320C00290000,290.0,-4557.0,多头平仓 Call，减仓，看涨减弱,-1.1573743061283401,CALL,5235.0,9792.0,19936875.0,6.669200802682839e-06,10M-50M,2026-03-20,316.4150085449219,320.1199951171875,317.2699890136719,319.6300048828125,314.4100036621094,43.75,42.95,43.55,30.0,0.4292964785766602,True,GOOG,46.4,-0.05711206896551721,-0.011573743061283401,2989394920000.0,-5.711206896551721,-4557.0
NVDA260116C00136000,136.0,4610.0,多头买 Call，看涨,1.2146858172228108,CALL,4610.0,0.0,19882930.0,4.591882664663903e-06,10M-50M,2026-01-16,179.14999389648438,177.0,174.6999969482422,180.3000030517578,173.67999267578125,43.13,44.85,45.35,1.0,0.6319616882324219,True,NVDA,43.13,0.0,0.012146858172228107,4330017000000.0,0.0,4610.0
PDD260320P00120000,120.0,25623.0,空头卖 Put，看涨/看不跌,2.2226066422790827,PUT,25623.0,0.0,19857825.0,0.00010760724954108521,10M-50M,2026-03-20,118.66000366210938,116.08000183105467,116.41000366210938,119.5,116.1500015258789,7.75,7.65,7.85,24.0,0.2742992492675781,True,PDD,9.3,-0.16666666666666674,0.022226066422790826,184539843595.0,-16.666666666666675,25623.0
NEM260116C00075000,75.0,10954.0,多头买 Call，看涨,1.3336261872629742,CALL,10954.0,0.0,19837694.0,0.00021184421788127039,10M-50M,2026-01-16,91.94000244140624,90.7300033569336,92.0,92.87999725341795,90.86000061035156,18.11,17.75,18.25,40.0,0.5170946728515625,True,NEM,17.0,0.0652941176470588,0.013336261872629743,93642839056.0,6.52941176470588,10954.0
GOOGL260618C00280000,280.0,3292.0,空头卖 Call，看跌/看不涨,-1.221189253404943,CALL,3292.0,0.0,19834300.0,6.652111527492874e-06,10M-50M,2026-06-18,316.2699890136719,320.17999267578125,317.70001220703125,319.8500061035156,314.44000244140625,60.25,59.55,59.8,19.0,0.4458978750610352,True,GOOGL,62.15,-0.03057119871279161,-0.012211892534049432,2981654760000.0,-3.057119871279161,3292.0
NVDA260417C00200000,200.0,15755.0,多头买 Call，看涨,1.2146858172228108,CALL,15755.0,0.0,19819790.0,4.577300735770783e-06,10M-50M,2026-04-17,179.14999389648438,177.0,174.6999969482422,180.3000030517578,173.67999267578125,12.58,12.5,12.6,680.0,0.4625297888183594,False,NVDA,11.56,0.08823529411764702,0.012146858172228107,4330017000000.0,8.823529411764703,15755.0
AVGO260320C00340000,340.0,2640.0,空头卖 Call，看跌/看不涨,-3.875072107776674,CALL,2640.0,0.0,19720800.0,1.248331428695819e-05,10M-50M,2026-03-20,387.3450012207031,402.9599914550781,394.8500061035156,395.4200134277344,385.6400146484375,74.7,73.25,73.85,14.0,0.5817607742309571,True,AVGO,82.65,-0.09618874773139749,-0.03875072107776674,1579772770810.0,-9.61887477313975,2640.0
AVGO260116C00370000,370.0,4898.0,空头卖 Call，看跌/看不涨,-3.875072107776674,CALL,4898.0,0.0,19665470.0,1.2448290262603328e-05,10M-50M,2026-01-16,387.3450012207031,402.9599914550781,394.8500061035156,395.4200134277344,385.6400146484375,40.15,39.2,39.55,69.0,0.5529829858398438,True,AVGO,49.4,-0.18724696356275305,-0.03875072107776674,1579772770810.0,-18.724696356275306,4898.0
CSCO260116C00067500,67.5,21000.0,空头卖 Call，看跌/看不涨,-1.0527751004493946,CALL,21000.0,0.0,19635000.0,7.38897071864586e-05,10M-50M,2026-01-16,76.12999725341797,76.94000244140625,76.66999816894531,76.81800079345703,76.03500366210938,9.35,8.8,9.45,2.0,0.3513248461914062,True,CSCO,9.55,-0.02094240837696346,-0.010527751004493945,265733899181.0,-2.094240837696346,21000.0
NVDA271217P00170000,170.0,5662.0,空头卖 Put，看涨/看不跌,1.2146858172228108,PUT,5662.0,0.0,19562209.999999996,4.517813671401289e-06,10M-50M,2027-12-17,179.14999389648438,177.0,174.6999969482422,180.3000030517578,173.67999267578125,34.55,34.4,34.65,1.0,0.3975585147094727,False,NVDA,35.45,-0.02538787023977449,0.012146858172228107,4330017000000.0,-2.538787023977449,5662.0
INTC260618C00040000,40.0,28045.0,空头卖 Call，看跌/看不涨,-1.486687920247983,CALL,28045.0,0.0,19491275.0,0.00012543979894905186,10M-50M,2026-06-18,39.95700073242188,40.560001373291016,39.8650016784668,40.375,39.59999847412109,6.95,6.9,7.0,243.0,0.594730615234375,False,INTC,7.15,-0.027972027972027996,-0.01486687920247983,155383500000.0,-2.7972027972027997,28045.0
INTC260320C00040000,40.0,37106.0,空头卖 Call，看跌/看不涨,-1.486687920247983,CALL,37106.0,0.0,19480650.0,0.00012537141974533977,10M-50M,2026-03-20,39.95700073242188,40.560001373291016,39.8650016784668,40.375,39.59999847412109,5.25,5.15,5.25,2539.0,0.5988809643554689,False,INTC,5.48,-0.0419708029197081,-0.01486687920247983,155383500000.0,-4.19708029197081,37106.0
NVDA280121P00200000,200.0,3742.0,空头卖 Put，看涨/看不跌,1.2146858172228108,PUT,3742.0,0.0,19473368.0,4.497295969045849e-06,10M-50M,2028-01-21,179.14999389648438,177.0,174.6999969482422,180.3000030517578,173.67999267578125,52.04,52.0,52.3,40.0,0.3760133200073242,True,NVDA,53.4,-0.02546816479400748,0.012146858172228107,4330017000000.0,-2.5468164794007477,3742.0
NVDA251219P00205000,205.0,7542.0,空头卖 Put，看涨/看不跌,1.2146858172228108,PUT,7542.0,0.0,19435734.0,4.4886045482038525e-06,10M-50M,2025-12-19,179.14999389648438,177.0,174.6999969482422,180.3000030517578,173.67999267578125,25.77,25.8,26.0,41.0,0.3222724023437499,True,NVDA,28.53,-0.09674027339642487,0.012146858172228107,4330017000000.0,-9.674027339642487,7542.0
NVDA260220P00160000,160.0,33787.0,空头卖 Put，看涨/看不跌,1.2146858172228108,PUT,33787.0,0.0,19427525.0,4.486708712690966e-06,10M-50M,2026-02-20,179.14999389648438,177.0,174.6999969482422,180.3000030517578,173.67999267578125,5.75,5.75,5.8,1240.0,0.413946290283203,False,NVDA,6.65,-0.1353383458646617,0.012146858172228107,4330017000000.0,-13.53383458646617,33787.0
NVDA271217P00220000,220.0,2934.0,空头卖 Put，看涨/看不跌,1.2146858172228108,PUT,2934.0,0.0,19291050.0,4.4551903606844965e-06,10M-50M,2027-12-17,179.14999389648438,177.0,174.6999969482422,180.3000030517578,173.67999267578125,65.75,64.0,64.3,2.0,0.3624941680908203,True,NVDA,65.75,0.0,0.012146858172228107,4330017000000.0,0.0,2934.0
GOOGL261218C00250000,250.0,2018.0,空头卖 Call，看跌/看不涨,-1.221189253404943,CALL,2018.0,0.0,19120550.0,6.412731029933191e-06,10M-50M,2026-12-18,316.2699890136719,320.17999267578125,317.70001220703125,319.8500061035156,314.44000244140625,94.75,93.4,93.75,15.0,0.4760031648254394,True,GOOGL,96.3,-0.01609553478712354,-0.012211892534049432,2981654760000.0,-1.6095534787123542,2018.0
AMAT260116C00200000,200.0,3295.0,多头买 Call，看涨,1.046580531079658,CALL,3295.0,0.0,19114295.0,0.00011766167589776763,10M-50M,2026-01-16,254.88999938964844,252.25,250.13999938964844,255.68499755859372,248.52999877929688,58.01,56.0,58.95,41.0,0.5651898950195313,True,AMAT,53.3,0.08836772983114449,0.010465805310796581,162451323714.0,8.83677298311445,3295.0
BABA271217C00175000,175.0,5163.0,多头买 Call，看涨,4.310234359668761,CALL,5163.0,0.0,19103100.0,4.812006610924738e-05,10M-50M,2027-12-17,164.0800018310547,157.3000030517578,160.5,164.7899932861328,159.41000366210938,37.0,38.25,39.75,1.0,0.4740348007202148,False,BABA,37.0,0.0,0.04310234359668761,396988232656.0,0.0,5163.0
COIN251219P00300000,300.0,4203.0,多头买 Put，看跌,-5.259880404028473,PUT,4203.0,0.0,18774801.0,0.00023376078518734628,10M-50M,2025-12-19,258.4700012207031,272.82000732421875,260.4750061035156,265.8800048828125,252.1999969482422,44.67,43.5,44.5,68.0,0.584843018798828,True,COIN,33.9,0.3176991150442479,-0.052598804040284726,80316298497.0,31.76991150442479,4203.0
JPM260116C00270000,270.0,4341.0,空头卖 Call，看跌/看不涨,-1.26963579801355,CALL,4341.0,0.0,18731415.0,2.1552975274855666e-05,10M-50M,2026-01-16,309.1050109863281,313.0799865722656,312.95001220703125,314.0400085449219,308.7900085449219,43.15,42.05,44.15,13.0,0.4431818377685547,True,JPM,45.71,-0.0560052504922337,-0.0126963579801355,869087203095.0,-5.60052504922337,4341.0
AVGO260320C00300000,300.0,1781.0,空头卖 Call，看跌/看不涨,-3.875072107776674,CALL,1781.0,0.0,18611450.0,1.178109304318324e-05,10M-50M,2026-03-20,387.3450012207031,402.9599914550781,394.8500061035156,395.4200134277344,385.6400146484375,104.5,103.25,105.15,4.0,0.6520115365600586,True,AVGO,113.64,-0.08042942625835973,-0.03875072107776674,1579772770810.0,-8.042942625835973,1781.0
GOOGL260220C00240000,240.0,2251.0,空头卖 Call，看跌/看不涨,-1.221189253404943,CALL,2251.0,0.0,18606766.0,6.24041597626145e-06,10M-50M,2026-02-20,316.2699890136719,320.17999267578125,317.70001220703125,319.8500061035156,314.44000244140625,82.66,80.95,81.5,19.0,0.539189178466797,True,GOOGL,83.8,-0.013603818615751797,-0.012211892534049432,2981654760000.0,-1.3603818615751797,2251.0
HOOD270115C00095000,95.0,3794.0,空头卖 Call，看跌/看不涨,-4.031448138466992,CALL,3794.0,0.0,18491956.0,0.000172070904955192,10M-50M,2027-01-15,123.30999755859376,128.49000549316406,123.5999984741211,125.28990173339844,118.86000061035156,48.74,48.85,50.0,5.0,0.7442652526855469,True,HOOD,52.99,-0.08020381204000755,-0.04031448138466992,107467070071.0,-8.020381204000754,3794.0
NVDA271217C00165000,165.0,3081.0,多头买 Call，看涨,1.2146858172228108,CALL,3081.0,0.0,18239520.0,4.212343739066151e-06,10M-50M,2027-12-17,179.14999389648438,177.0,174.6999969482422,180.3000030517578,173.67999267578125,59.2,59.1,59.45,3.0,0.5418441812133791,True,NVDA,57.39,0.031538595574141876,0.012146858172228107,4330017000000.0,3.1538595574141874,3081.0
MU251219C00210000,210.0,4827.0,多头买 Call，看涨,1.4377576186997205,CALL,4827.0,0.0,18164001.0,0.00010320173382636818,10M-50M,2025-12-19,239.8800048828125,236.47999572753903,232.28500366210935,242.3600006103516,231.5,37.63,35.6,36.85,51.0,0.8474136352539061,True,MU,33.35,0.12833583208395805,0.014377576186997205,176004804634.0,12.833583208395805,4827.0
GOOGL270115C00230000,230.0,1643.0,空头卖 Call，看跌/看不涨,-1.221189253404943,CALL,1643.0,0.0,18150221.0,6.087297980803116e-06,10M-50M,2027-01-15,316.2699890136719,320.17999267578125,317.70001220703125,319.8500061035156,314.44000244140625,110.47,108.95,110.1,2.0,0.5015308636474609,True,GOOGL,112.2,-0.015418894830659571,-0.012211892534049432,2981654760000.0,-1.541889483065957,1643.0
MU251219C00230000,230.0,7666.0,多头买 Call，看涨,1.4377576186997205,CALL,7666.0,0.0,18007434.0,0.00010231217288327018,10M-50M,2025-12-19,239.8800048828125,236.47999572753903,232.28500366210935,242.3600006103516,231.5,23.49,22.25,23.15,645.0,0.8095111822509764,True,MU,20.48,0.1469726562499999,0.014377576186997205,176004804634.0,14.69726562499999,7666.0
GOOGL260116C00320000,320.0,12833.0,空头卖 Call，看跌/看不涨,-1.221189253404943,CALL,12833.0,0.0,17966200.0,6.025580238538415e-06,10M-50M,2026-01-16,316.2699890136719,320.17999267578125,317.70001220703125,319.8500061035156,314.44000244140625,14.0,13.9,14.0,1920.0,0.3476017388916015,False,GOOGL,16.69,-0.16117435590173762,-0.012211892534049432,2981654760000.0,-16.117435590173763,12833.0
MU260116C00220000,220.0,5064.0,多头买 Call，看涨,1.4377576186997205,CALL,5064.0,0.0,17886048.0,0.00010162249852891139,10M-50M,2026-01-16,239.8800048828125,236.47999572753903,232.28500366210935,242.3600006103516,231.5,35.32,33.9,35.25,73.0,0.7084990087890625,True,MU,31.75,0.11244094488188977,0.014377576186997205,176004804634.0,11.244094488188978,5064.0
GAP251219C00024000,24.0,48332.0,多头买 Call，看涨,1.089767564165689,CALL,48332.0,0.0,17882840.0,0.002191704868850421,10M-50M,2025-12-19,27.364999771118164,27.06999969482422,27.030000686645508,27.6200008392334,26.91010093688965,3.7,3.65,3.75,354.0,0.6132851171875001,True,GAP,3.3,0.12121212121212133,0.01089767564165689,8159328500.0,12.121212121212132,48332.0
SOFI260618C00030000,30.0,28985.0,空头卖 Call，看跌/看不涨,-1.4300109248978774,CALL,28985.0,0.0,17854760.0,0.0005329038797907474,10M-50M,2026-06-18,29.295000076293945,29.71999931335449,28.86000061035156,29.700000762939453,28.670000076293945,6.16,6.0,6.15,360.0,0.7426783544921874,False,SOFI,6.26,-0.015974440894568634,-0.014300109248978773,33504653798.0,-1.5974440894568633,28985.0
GOOGL260320C00245000,245.0,2239.0,空头卖 Call，看跌/看不涨,-1.221189253404943,CALL,2239.0,0.0,17813484.0,5.974361699742864e-06,10M-50M,2026-03-20,316.2699890136719,320.17999267578125,317.70001220703125,319.8500061035156,314.44000244140625,79.56,78.1,78.8,2.0,0.5001881036376954,True,GOOGL,81.38,-0.022364217252396082,-0.012211892534049432,2981654760000.0,-2.2364217252396084,2239.0
SOFI271217C00025000,25.0,12893.0,空头卖 Call，看跌/看不涨,-1.4300109248978774,CALL,12893.0,0.0,17792340.000000004,0.0005310408550188358,10M-50M,2027-12-17,29.295000076293945,29.71999931335449,28.86000061035156,29.700000762939453,28.670000076293945,13.8,13.35,13.95,15.0,0.7731956274414062,True,SOFI,13.9,-0.007194244604316521,-0.014300109248978773,33504653798.0,-0.7194244604316521,12893.0
NVDA280121P00180000,180.0,4399.0,空头卖 Put，看涨/看不跌,1.2146858172228108,PUT,4399.0,0.0,17776359.0,4.105378570107231e-06,10M-50M,2028-01-21,179.14999389648438,177.0,174.6999969482422,180.3000030517578,173.67999267578125,40.41,40.4,40.7,300.0,0.3895019546508789,True,NVDA,41.46,-0.025325615050651333,0.012146858172228107,4330017000000.0,-2.532561505065133,4399.0
BABA260116C00160000,160.0,14733.0,多头买 Call，看涨,4.310234359668761,CALL,14733.0,0.0,17753265.000000004,4.471987716417691e-05,10M-50M,2026-01-16,164.0800018310547,157.3000030517578,160.5,164.7899932861328,159.41000366210938,12.05,11.8,12.25,866.0,0.4349421740722656,True,BABA,8.05,0.49689440993788814,0.04310234359668761,396988232656.0,49.689440993788814,14733.0
MU260116C00180000,180.0,2800.0,多头买 Call，看涨,1.4377576186997205,CALL,2800.0,0.0,17640000.0,0.000100224536691951,10M-50M,2026-01-16,239.8800048828125,236.47999572753903,232.28500366210935,242.3600006103516,231.5,63.0,64.05,65.5,23.0,0.7943135803222656,True,MU,61.02,0.03244837758112089,0.014377576186997205,176004804634.0,3.2448377581120886,2800.0
CIFR271217C00017000,17.0,15035.0,空头卖 Call，看跌/看不涨,-3.3906659514656172,CALL,15035.0,0.0,17440600.0,0.003866279189289213,10M-50M,2027-12-17,19.65999984741211,20.350000381469727,19.325000762939453,20.36000061035156,19.0,11.6,10.95,12.35,9.0,1.081791700439453,True,CIFR,12.25,-0.053061224489795944,-0.03390665951465617,4510952041.0,-5.306122448979594,15035.0
SHOP260320C00115000,115.0,3782.0,空头卖 Call，看跌/看不涨,-4.317956461088212,CALL,3782.0,0.0,17397200.0,9.546501776868082e-05,10M-50M,2026-03-20,151.7899932861328,158.63999938964844,152.8000030517578,155.55999755859375,150.75999450683594,46.0,41.35,43.75,12.0,0.6462437719726561,True,SHOP,46.0,0.0,-0.04317956461088212,182236387806.0,0.0,3782.0
AVGO260116C00330000,330.0,2511.0,空头卖 Call，看跌/看不涨,-3.875072107776674,CALL,2511.0,0.0,17238015.000000004,1.0911705353144884e-05,10M-50M,2026-01-16,387.3450012207031,402.9599914550781,394.8500061035156,395.4200134277344,385.6400146484375,68.65,68.0,68.85,36.0,0.624027197265625,True,AVGO,77.95,-0.11930724823604871,-0.03875072107776674,1579772770810.0,-11.930724823604871,2511.0
GS260116C00700000,700.0,1440.0,空头卖 Call，看跌/看不涨,-1.7299378247369428,CALL,1440.0,0.0,17156160.0,7.061987649430908e-05,10M-50M,2026-01-16,811.75,826.0399780273438,818.5900268554688,824.72998046875,809.9299926757812,119.14,116.45,119.95,27.0,0.3956359265136719,True,GS,134.36,-0.11327776123846392,-0.017299378247369428,242936703541.0,-11.327776123846393,1440.0
CELH260717C00040000,40.0,18015.0,多头买 Call，看涨,5.007335418962158,CALL,18015.0,0.0,17114250.0,0.0012198594305918222,10M-50M,2026-07-17,42.9900016784668,40.93999862670898,40.65999984741211,43.275001525878906,40.37009811401367,9.5,9.2,10.1,2.0,0.6215858154296876,True,CELH,8.41,0.12960760998810938,0.050073354189621576,14029690283.0,12.960760998810938,18015.0
PDD260116P00130000,130.0,13417.0,空头卖 Put，看涨/看不跌,2.2226066422790827,PUT,13417.0,0.0,17039590.0,9.2335561080218e-05,10M-50M,2026-01-16,118.66000366210938,116.08000183105467,116.41000366210938,119.5,116.1500015258789,12.7,11.35,12.75,1.0,0.2949289257812499,True,PDD,14.25,-0.10877192982456145,0.022226066422790826,184539843595.0,-10.877192982456146,13417.0
GOOG261218C00260000,260.0,1935.0,空头卖 Call，看跌/看不涨,-1.1573743061283401,CALL,1935.0,0.0,17028000.0,5.6961359926309105e-06,10M-50M,2026-12-18,316.4150085449219,320.1199951171875,317.2699890136719,319.6300048828125,314.4100036621094,88.0,86.3,87.3,1.0,0.4688010884094238,True,GOOG,89.65,-0.018404907975460186,-0.011573743061283401,2989394920000.0,-1.8404907975460187,1935.0
HOOD270115P00100000,100.0,8825.0,多头买 Put，看跌,-4.031448138466992,PUT,8825.0,0.0,16988125.0,0.00015807749284293783,10M-50M,2027-01-15,123.30999755859376,128.49000549316406,123.5999984741211,125.28990173339844,118.86000061035156,19.25,19.0,19.35,14.0,0.6358984164428713,False,HOOD,17.82,0.0802469135802469,-0.04031448138466992,107467070071.0,8.02469135802469,8825.0
SHOP260116C00115000,115.0,3750.0,空头卖 Call，看跌/看不涨,-4.317956461088212,CALL,3750.0,0.0,16987500.0,9.32168388789843e-05,10M-50M,2026-01-16,151.7899932861328,158.63999938964844,152.8000030517578,155.55999755859375,150.75999450683594,45.3,38.3,39.2,1.0,0.6713900048828126,True,SHOP,45.3,0.0,-0.04317956461088212,182236387806.0,0.0,3750.0
INTC271217C00030000,30.0,9705.0,空头卖 Call，看跌/看不涨,-1.486687920247983,CALL,9705.0,0.0,16983750.0,0.00010930214598075085,10M-50M,2027-12-17,39.95700073242188,40.560001373291016,39.8650016784668,40.375,39.59999847412109,17.5,17.6,17.85,3.0,0.6304968591308593,True,INTC,17.8,-0.0168539325842697,-0.01486687920247983,155383500000.0,-1.68539325842697,9705.0
CIFR261016P00022000,22.0,15350.0,多头买 Put，看跌,-3.3906659514656172,PUT,15350.0,0.0,16885000.0,0.0037431122846202747,10M-50M,2026-10-16,19.65999984741211,20.350000381469727,19.325000762939453,20.36000061035156,19.0,11.0,9.0,10.4,1380.0,1.1438031091308591,True,CIFR,11.0,0.0,-0.03390665951465617,4510952041.0,0.0,15350.0
SOFI270115C00035000,35.0,23117.0,空头卖 Call，看跌/看不涨,-1.4300109248978774,CALL,23117.0,0.0,16667357.0,0.0004974639374126268,10M-50M,2027-01-15,29.295000076293945,29.71999931335449,28.86000061035156,29.700000762939453,28.670000076293945,7.21,7.0,7.3,93.0,0.7355983471679688,False,SOFI,7.35,-0.019047619047619004,-0.014300109248978773,33504653798.0,-1.9047619047619004,23117.0
PDD260320P00125000,125.0,14788.0,空头卖 Put，看涨/看不跌,2.2226066422790827,PUT,14788.0,0.0,16636500.0,9.015126314136941e-05,10M-50M,2026-03-20,118.66000366210938,116.08000183105467,116.41000366210938,119.5,116.1500015258789,11.25,10.45,10.6,45.0,0.2618482019042969,True,PDD,12.4,-0.092741935483871,0.022226066422790826,184539843595.0,-9.2741935483871,14788.0
GOOG251219C00240000,240.0,2112.0,空头卖 Call，看跌/看不涨,-1.1573743061283401,CALL,2112.0,0.0,16598208.000000002,5.552363753933188e-06,10M-50M,2025-12-19,316.4150085449219,320.1199951171875,317.2699890136719,319.6300048828125,314.4100036621094,78.59,77.0,79.25,15.0,0.8371598315429687,True,GOOG,78.6,-0.00012722646310421,-0.011573743061283401,2989394920000.0,-0.012722646310420999,2112.0
NEE260918C00077500,77.5,11529.0,空头卖 Call，看跌/看不涨,-1.6861766318429474,CALL,11529.0,0.0,16463412.0,0.00010540135769838461,10M-50M,2026-09-18,84.83499908447266,86.29000091552734,85.58999633789062,85.66999816894531,84.3927993774414,14.28,12.3,13.5,5.0,0.325079991455078,True,NEE,14.28,0.0,-0.016861766318429474,156197342800.0,0.0,11529.0
GOOG271217C00275000,275.0,1589.0,空头卖 Call，看跌/看不涨,-1.1573743061283401,CALL,1589.0,0.0,16430260.0,5.496182484982613e-06,10M-50M,2027-12-17,316.4150085449219,320.1199951171875,317.2699890136719,319.6300048828125,314.4100036621094,103.4,99.2,100.65,5.0,0.4728522563934326,True,GOOG,103.4,0.0,-0.011573743061283401,2989394920000.0,0.0,1589.0
CORZ251219C00015000,15.0,71728.0,空头卖 Call，看跌/看不涨,-2.249847095906326,CALL,71728.0,0.0,16425712.0,0.0031918557876905924,10M-50M,2025-12-19,16.510000228881836,16.889999389648438,16.147499084472656,16.809999465942383,16.1200008392334,2.29,2.31,2.5,65.0,1.0722702636718753,True,CORZ,2.48,-0.07661290322580643,-0.02249847095906326,5146132248.0,-7.661290322580642,71728.0
GOOGL260320C00260000,260.0,2466.0,空头卖 Call，看跌/看不涨,-1.221189253404943,CALL,2466.0,0.0,16349579.999999998,5.483391376941306e-06,10M-50M,2026-03-20,316.2699890136719,320.17999267578125,317.70001220703125,319.8500061035156,314.44000244140625,66.3,65.4,66.0,12.0,0.4757132507324219,True,GOOGL,68.53,-0.03254049321465058,-0.012211892534049432,2981654760000.0,-3.254049321465058,2466.0
DIS270115C00100000,100.0,9324.0,多头买 Call，看涨,1.6751220250327683,CALL,9324.0,0.0,16317000.0,7.998076499864378e-05,10M-50M,2027-01-15,106.22000122070312,104.47000122070312,104.91999816894533,106.83000183105467,104.5,17.5,16.5,17.95,4.0,0.336920693359375,True,DIS,16.4,0.0670731707317074,0.016751220250327683,204011552031.0,6.70731707317074,9324.0
NBIS270115C00100000,100.0,4158.0,多头买 Call，看涨,3.8199646299124375,CALL,4158.0,0.0,16216200.0,0.0006323505285009222,10M-50M,2027-01-15,98.49400329589844,94.87000274658205,91.38999938964844,99.3499984741211,89.01000213623047,39.0,38.2,39.9,101.0,0.9910279217529296,False,NBIS,36.7,0.06267029972752035,0.038199646299124375,25644321099.0,6.267029972752034,4158.0
GOOGL260220C00280000,280.0,3347.0,空头卖 Call，看跌/看不涨,-1.221189253404943,CALL,3347.0,0.0,16125846.0,5.4083545205615955e-06,10M-50M,2026-02-20,316.2699890136719,320.17999267578125,317.70001220703125,319.8500061035156,314.44000244140625,48.18,46.95,47.45,30.0,0.4507196041870117,True,GOOGL,50.29,-0.04195665142175382,-0.012211892534049432,2981654760000.0,-4.195665142175382,3347.0
GOOGL260618C00400000,400.0,12797.0,空头卖 Call，看跌/看不涨,-1.221189253404943,CALL,12797.0,0.0,16124219.999999998,5.407809185795876e-06,10M-50M,2026-06-18,316.2699890136719,320.17999267578125,317.70001220703125,319.8500061035156,314.44000244140625,12.6,12.3,12.5,80.0,0.3970702383422851,False,GOOGL,13.85,-0.09025270758122744,-0.012211892534049432,2981654760000.0,-9.025270758122744,12797.0
GOOGL260220C00270000,270.0,2870.0,空头卖 Call，看跌/看不涨,-1.221189253404943,CALL,2870.0,0.0,16000250.0,5.366231602212726e-06,10M-50M,2026-02-20,316.2699890136719,320.17999267578125,317.70001220703125,319.8500061035156,314.44000244140625,55.75,54.8,55.25,5.0,0.4678397943115234,True,GOOGL,58.35,-0.04455869751499574,-0.012211892534049432,2981654760000.0,-4.455869751499574,2870.0
JPM251219C00230000,230.0,1969.0,空头卖 Call，看跌/看不涨,-1.26963579801355,CALL,1969.0,0.0,15990249.0,1.8398900528112026e-05,10M-50M,2025-12-19,309.1050109863281,313.0799865722656,312.95001220703125,314.0400085449219,308.7900085449219,81.21,80.15,81.65,1.0,0.8950205810546874,True,JPM,83.03,-0.02191978802842355,-0.0126963579801355,869087203095.0,-2.191978802842355,1969.0
WULF260618C00016000,16.0,37805.0,空头卖 Call，看跌/看不涨,-2.3533189279938393,CALL,37805.0,0.0,15878100.0,0.0037408094594208155,10M-50M,2026-06-18,15.145000457763672,15.510000228881836,14.854999542236328,15.760000228881836,14.802000045776367,4.2,4.15,4.7,118.0,1.0810592822265626,False,WULF,4.95,-0.15151515151515152,-0.023533189279938395,4244562620.0,-15.151515151515152,37805.0
MU260220C00250000,250.0,5924.0,多头买 Call，看涨,1.4377576186997205,CALL,5924.0,0.0,15846700.0,9.00356102945771e-05,10M-50M,2026-02-20,239.8800048828125,236.47999572753903,232.28500366210935,242.3600006103516,231.5,26.75,25.75,26.1,411.0,0.665286550292969,False,MU,23.75,0.12631578947368421,0.014377576186997205,176004804634.0,12.631578947368421,5924.0
GOOG270115C00320000,320.0,2821.0,空头卖 Call，看跌/看不涨,-1.1573743061283401,CALL,2821.0,0.0,15684760.0,5.246800914480714e-06,10M-50M,2027-01-15,316.4150085449219,320.1199951171875,317.2699890136719,319.6300048828125,314.4100036621094,55.6,54.85,55.4,121.0,0.4279842358398438,False,GOOG,56.98,-0.02421902421902414,-0.011573743061283401,2989394920000.0,-2.421902421902414,2821.0
MU261218C00220000,220.0,2138.0,多头买 Call，看涨,1.4377576186997205,CALL,2138.0,0.0,15656574.000000002,8.895537842025205e-05,10M-50M,2026-12-18,239.8800048828125,236.47999572753903,232.28500366210935,242.3600006103516,231.5,73.23,72.5,74.25,5.0,0.683291741333008,True,MU,70.5,0.038723404255319206,0.014377576186997205,176004804634.0,3.8723404255319207,2138.0
GOOG270617C00245000,245.0,1362.0,空头卖 Call，看跌/看不涨,-1.1573743061283401,CALL,1362.0,0.0,15628950.0,5.2281315845682915e-06,10M-50M,2027-06-17,316.4150085449219,320.1199951171875,317.2699890136719,319.6300048828125,314.4100036621094,114.75,106.85,108.15,2.0,0.4869283485412598,True,GOOG,114.75,0.0,-0.011573743061283401,2989394920000.0,0.0,1362.0
BE260320C00090000,90.0,4657.0,空头卖 Call，看跌/看不涨,-7.7535713899096175,CALL,4657.0,0.0,15554379.999999998,0.0009452827938653349,10M-50M,2026-03-20,100.7699966430664,109.23999786376952,107.08000183105467,110.83999633789062,100.3499984741211,33.4,29.2,31.9,2.0,1.212040072631836,True,BE,35.5,-0.05915492957746483,-0.07753571389909618,16454737250.0,-5.9154929577464825,4657.0
GOOGL261218C00390000,390.0,5166.0,空头卖 Call，看跌/看不涨,-1.221189253404943,CALL,5166.0,0.0,15498000.0,5.197784870304703e-06,10M-50M,2026-12-18,316.2699890136719,320.17999267578125,317.70001220703125,319.8500061035156,314.44000244140625,30.0,28.2,28.5,1.0,0.4067136965942383,False,GOOGL,30.0,0.0,-0.012211892534049432,2981654760000.0,0.0,5166.0
INTC260618C00045000,45.0,30122.0,空头卖 Call，看跌/看不涨,-1.486687920247983,CALL,30122.0,0.0,15362219.999999998,9.886648196237051e-05,10M-50M,2026-06-18,39.95700073242188,40.560001373291016,39.8650016784668,40.375,39.59999847412109,5.1,4.95,5.2,603.0,0.5886271606445312,False,INTC,5.3,-0.03773584905660381,-0.01486687920247983,155383500000.0,-3.7735849056603805,30122.0
NVDA260618P00130000,130.0,30842.0,空头卖 Put，看涨/看不跌,1.2146858172228108,PUT,30842.0,0.0,15205106.0,3.5115580377629002e-06,10M-50M,2026-06-18,179.14999389648438,177.0,174.6999969482422,180.3000030517578,173.67999267578125,4.93,4.9,5.0,118.0,0.4675346215820312,False,NVDA,5.45,-0.09541284403669734,0.012146858172228107,4330017000000.0,-9.541284403669733,30842.0
NVDA260220P00190000,190.0,8057.0,空头卖 Put，看涨/看不跌,1.2146858172228108,PUT,8057.0,0.0,15139103.0,3.4963149105419215e-06,10M-50M,2026-02-20,179.14999389648438,177.0,174.6999969482422,180.3000030517578,173.67999267578125,18.79,18.8,18.9,187.0,0.3664003790283203,True,NVDA,20.55,-0.08564476885644776,0.012146858172228107,4330017000000.0,-8.564476885644776,8057.0
GOOGL260220C00230000,230.0,1652.0,空头卖 Call，看跌/看不涨,-1.221189253404943,CALL,1652.0,0.0,15132319.999999998,5.075141563337802e-06,10M-50M,2026-02-20,316.2699890136719,320.17999267578125,317.70001220703125,319.8500061035156,314.44000244140625,91.6,90.35,92.15,29.0,0.6001016552734376,True,GOOGL,92.87,-0.013675029611284702,-0.012211892534049432,2981654760000.0,-1.3675029611284701,1652.0
APP270115C00700000,700.0,1029.0,多头买 Call，看涨,2.7573947146574787,CALL,1029.0,0.0,15097488.0,6.663201596299259e-05,10M-50M,2027-01-15,616.010009765625,599.47998046875,588.1300048828125,622.4299926757812,576.0,146.72,147.7,152.1,2.0,0.6938812350463868,False,APP,130.48,0.12446351931330481,0.02757394714657479,226580087392.0,12.446351931330481,1029.0
NVDA260417C00190000,190.0,9333.0,多头买 Call，看涨,1.2146858172228108,CALL,9333.0,0.0,15072794.999999998,3.481001344798415e-06,10M-50M,2026-04-17,179.14999389648438,177.0,174.6999969482422,180.3000030517578,173.67999267578125,16.15,16.1,16.2,1127.0,0.4692435888671875,False,NVDA,15.1,0.06953642384105953,0.012146858172228107,4330017000000.0,6.953642384105953,9333.0
NVDA261218C00220000,220.0,6812.0,多头买 Call，看涨,1.2146858172228108,CALL,6812.0,0.0,14986400.0,3.4610487672450246e-06,10M-50M,2026-12-18,179.14999389648438,177.0,174.6999969482422,180.3000030517578,173.67999267578125,22.0,21.9,22.05,98.0,0.4863027444458008,False,NVDA,20.8,0.057692307692307654,0.012146858172228107,4330017000000.0,5.769230769230766,6812.0
AVGO270115C00400000,400.0,1803.0,空头卖 Call，看跌/看不涨,-3.875072107776674,CALL,1803.0,0.0,14964900.0,9.47281803846196e-06,10M-50M,2027-01-15,387.3450012207031,402.9599914550781,394.8500061035156,395.4200134277344,385.6400146484375,83.0,81.45,83.15,66.0,0.5383041775512697,False,AVGO,87.6,-0.0525114155251141,-0.03875072107776674,1579772770810.0,-5.25114155251141,1803.0
JPM260116C00300000,300.0,8348.0,空头卖 Call，看跌/看不涨,-1.26963579801355,CALL,8348.0,0.0,14959616.0,1.721302068046302e-05,10M-50M,2026-01-16,309.1050109863281,313.0799865722656,312.95001220703125,314.0400085449219,308.7900085449219,17.92,17.6,18.05,53.0,0.2980416876220703,True,JPM,19.56,-0.08384458077709597,-0.0126963579801355,869087203095.0,-8.384458077709597,8348.0
INTC260116C00045000,45.0,95151.0,空头卖 Call，看跌/看不涨,-1.486687920247983,CALL,95151.0,0.0,14938707.0,9.61408836845611e-05,10M-50M,2026-01-16,39.95700073242188,40.560001373291016,39.8650016784668,40.375,39.59999847412109,1.57,1.55,1.63,4202.0,0.5864299169921875,False,INTC,1.9,-0.17368421052631572,-0.01486687920247983,155383500000.0,-17.36842105263157,95151.0
NVDA260918P00190000,190.0,4678.0,空头卖 Put，看涨/看不跌,1.2146858172228108,PUT,4678.0,0.0,14876040.0,3.4355615693887576e-06,10M-50M,2026-09-18,179.14999389648438,177.0,174.6999969482422,180.3000030517578,173.67999267578125,31.8,31.45,31.65,3.0,0.395086615600586,True,NVDA,32.7,-0.027522935779816578,0.012146858172228107,4330017000000.0,-2.752293577981658,4678.0
SOFI270115C00022000,22.0,11843.0,空头卖 Call，看跌/看不涨,-1.4300109248978774,CALL,11843.0,0.0,14862965.0,0.0004436089711479788,10M-50M,2027-01-15,29.295000076293945,29.71999931335449,28.86000061035156,29.700000762939453,28.670000076293945,12.55,12.35,12.6,248.0,0.7946797875976561,True,SOFI,12.6,-0.003968253968253884,-0.014300109248978773,33504653798.0,-0.39682539682538837,11843.0
RIVN260116C00015000,15.0,45438.0,多头买 Call，看涨,3.0545632918437886,CALL,45438.0,0.0,14858226.0,0.0007854249259299765,10M-50M,2026-01-16,17.375,16.860000610351562,16.511999130249023,17.790000915527344,16.511999130249023,3.27,3.2,3.35,3387.0,0.8007832421875,True,RIVN,2.56,0.27734375,0.030545632918437884,18917436294.0,27.734375,45438.0
APLD270115C00020000,20.0,9828.0,多头买 Call，看涨,4.35054955921596,CALL,9828.0,0.0,14742000.0,0.0025965220672228297,10M-50M,2027-01-15,28.27899932861328,27.100000381469727,25.850000381469727,28.524999618530277,25.690000534057617,15.0,14.4,16.15,33.0,1.1110884289550782,True,APLD,14.0,0.07142857142857142,0.0435054955921596,5677594728.0,7.142857142857142,9828.0
GOOG260320C00300000,300.0,3909.0,空头卖 Call，看跌/看不涨,-1.1573743061283401,CALL,3909.0,0.0,14678294.999999998,4.910122413668917e-06,10M-50M,2026-03-20,316.4150085449219,320.1199951171875,317.2699890136719,319.6300048828125,314.4100036621094,37.55,36.55,37.15,8.0,0.4187375021362304,True,GOOG,39.8,-0.056532663316582916,-0.011573743061283401,2989394920000.0,-5.653266331658291,3909.0
CRWV260618P00080000,80.0,6683.0,空头卖 Put，看涨/看不跌,3.6378500175031574,PUT,6683.0,0.0,14669185.0,0.0002494979948496865,10M-50M,2026-06-18,75.77999877929688,73.12000274658203,71.0,76.63999938964844,69.32009887695312,21.95,21.4,21.95,14.0,0.8621839953613282,True,CRWV,22.5,-0.024444444444444477,0.036378500175031574,58794801172.0,-2.4444444444444478,6683.0
MU260116C00210000,210.0,3445.0,多头买 Call，看涨,1.4377576186997205,CALL,3445.0,0.0,14630915.0,8.312792954956442e-05,10M-50M,2026-01-16,239.8800048828125,236.47999572753903,232.28500366210935,242.3600006103516,231.5,42.47,40.55,41.85,41.0,0.7238797143554687,True,MU,38.49,0.10340348142374634,0.014377576186997205,176004804634.0,10.340348142374634,3445.0
NKE260116P00080000,80.0,9208.0,空头卖 Put，看涨/看不跌,1.4931208545488865,PUT,9208.0,0.0,14622304.0,0.00014284590422866547,10M-50M,2026-01-16,65.59500122070312,64.62999725341797,63.77000045776367,65.98989868164062,63.58000183105469,15.88,14.2,15.75,5.0,0.5769085278320312,True,NKE,16.75,-0.05194029850746264,0.014931208545488866,102364181031.0,-5.194029850746264,9208.0
NVDA260918C00145000,145.0,2845.0,多头买 Call，看涨,1.2146858172228108,CALL,2845.0,0.0,14509500.0,3.3509106315286986e-06,10M-50M,2026-09-18,179.14999389648438,177.0,174.6999969482422,180.3000030517578,173.67999267578125,51.0,50.85,51.1,7.0,0.5421188366699221,True,NVDA,49.35,0.03343465045592702,0.012146858172228107,4330017000000.0,3.343465045592702,2845.0
INTC261218P00040000,40.0,18558.0,多头买 Put，看跌,-1.486687920247983,PUT,18558.0,0.0,14475240.0,9.315815385803512e-05,10M-50M,2026-12-18,39.95700073242188,40.560001373291016,39.8650016784668,40.375,39.59999847412109,7.8,7.85,7.9,82.0,0.4875539526367188,True,INTC,7.75,0.006451612903225784,-0.01486687920247983,155383500000.0,0.6451612903225784,18558.0
GOOGL261218C00340000,340.0,3188.0,空头卖 Call，看跌/看不涨,-1.221189253404943,CALL,3188.0,0.0,14473519.999999998,4.854190429478159e-06,10M-50M,2026-12-18,316.2699890136719,320.17999267578125,317.70001220703125,319.8500061035156,314.44000244140625,45.4,44.15,44.4,10.0,0.4167996553039549,False,GOOGL,47.25,-0.03915343915343918,-0.012211892534049432,2981654760000.0,-3.9153439153439185,3188.0
INTC260618C00038000,38.0,18313.0,空头卖 Call，看跌/看不涨,-1.486687920247983,CALL,18313.0,0.0,14467270.000000002,9.310686141063885e-05,10M-50M,2026-06-18,39.95700073242188,40.560001373291016,39.8650016784668,40.375,39.59999847412109,7.9,7.75,8.0,159.0,0.599735447998047,True,INTC,8.0,-0.012499999999999956,-0.01486687920247983,155383500000.0,-1.2499999999999956,18313.0
CORZ260320C00017000,17.0,48300.0,空头卖 Call，看跌/看不涨,-2.249847095906326,CALL,48300.0,0.0,14441700.0,0.002806321195031986,10M-50M,2026-03-20,16.510000228881836,16.889999389648438,16.147499084472656,16.809999465942383,16.1200008392334,2.99,3.15,3.25,44.0,0.9477544287109376,False,CORZ,3.4,-0.12058823529411757,-0.02249847095906326,5146132248.0,-12.058823529411757,48300.0
AVGO271217C00380000,380.0,1128.0,空头卖 Call，看跌/看不涨,-3.875072107776674,CALL,1128.0,0.0,14438400.0,9.139542259990322e-06,10M-50M,2027-12-17,387.3450012207031,402.9599914550781,394.8500061035156,395.4200134277344,385.6400146484375,128.0,119.0,123.0,22.0,0.5495345339965821,True,AVGO,128.0,0.0,-0.03875072107776674,1579772770810.0,0.0,1128.0
MU260116C00250000,250.0,7405.0,多头买 Call，看涨,1.4377576186997205,CALL,7405.0,0.0,14365700.0,8.162106727639231e-05,10M-50M,2026-01-16,239.8800048828125,236.47999572753903,232.28500366210935,242.3600006103516,231.5,19.4,19.0,19.8,332.0,0.6887848504638674,False,MU,17.35,0.11815561959654161,0.014377576186997205,176004804634.0,11.815561959654161,7405.0
INTC260116C00033000,33.0,18599.0,空头卖 Call，看跌/看不涨,-1.486687920247983,CALL,18599.0,0.0,14321230.000000002,9.216699327792206e-05,10M-50M,2026-01-16,39.95700073242188,40.560001373291016,39.8650016784668,40.375,39.59999847412109,7.7,7.8,8.2,86.0,0.6665072412109377,True,INTC,8.15,-0.05521472392638039,-0.01486687920247983,155383500000.0,-5.521472392638039,18599.0
JPM260116C00290000,290.0,5662.0,空头卖 Call，看跌/看不涨,-1.26963579801355,CALL,5662.0,0.0,14251254.0,1.6397956326187205e-05,10M-50M,2026-01-16,309.1050109863281,313.0799865722656,312.95001220703125,314.0400085449219,308.7900085449219,25.17,24.75,26.6,11.0,0.3540103662109374,True,JPM,27.5,-0.08472727272727267,-0.0126963579801355,869087203095.0,-8.472727272727267,5662.0
GS261218C00600000,600.0,626.0,空头卖 Call，看跌/看不涨,-1.7299378247369428,CALL,626.0,0.0,14241500.0,5.8622265768896e-05,10M-50M,2026-12-18,811.75,826.0399780273438,818.5900268554688,824.72998046875,809.9299926757812,227.5,239.05,246.0,2.0,0.3826508268737792,True,GS,227.5,0.0,-0.017299378247369428,242936703541.0,0.0,626.0
COIN260220P00310000,310.0,2239.0,多头买 Put，看跌,-5.259880404028473,PUT,2239.0,0.0,14233323.000000002,0.00017721587356931854,10M-50M,2026-02-20,258.4700012207031,272.82000732421875,260.4750061035156,265.8800048828125,252.1999969482422,63.57,62.25,64.25,7.0,0.5770000796508788,True,COIN,55.6,0.14334532374100717,-0.052598804040284726,80316298497.0,14.334532374100718,2239.0
NVDA260918C00135000,135.0,2451.0,多头买 Call，看涨,1.2146858172228108,CALL,2451.0,0.0,14215800.0,3.2830817985241167e-06,10M-50M,2026-09-18,179.14999389648438,177.0,174.6999969482422,180.3000030517578,173.67999267578125,58.0,57.7,58.05,18.0,0.5607343731689454,True,NVDA,55.6,0.043165467625899255,0.012146858172228107,4330017000000.0,4.316546762589925,2451.0
NVDA270617P00180000,180.0,4020.0,空头卖 Put，看涨/看不跌,1.2146858172228108,PUT,4020.0,0.0,14210700.0,3.2819039740490628e-06,10M-50M,2027-06-17,179.14999389648438,177.0,174.6999969482422,180.3000030517578,173.67999267578125,35.35,34.95,35.15,10.0,0.3940490283203125,True,NVDA,36.1,-0.02077562326869806,0.012146858172228107,4330017000000.0,-2.0775623268698062,4020.0
NVDA260618C00230000,230.0,15091.0,多头买 Call，看涨,1.2146858172228108,CALL,15091.0,0.0,14185540.0,3.276093373305463e-06,10M-50M,2026-06-18,179.14999389648438,177.0,174.6999969482422,180.3000030517578,173.67999267578125,9.4,9.35,9.4,3334.0,0.4632316860961915,False,NVDA,8.75,0.07428571428571433,0.012146858172228107,4330017000000.0,7.428571428571433,15091.0
MU251219C00250000,250.0,11048.0,多头买 Call，看涨,1.4377576186997205,CALL,11048.0,0.0,14174584.0,8.053521055562026e-05,10M-50M,2025-12-19,239.8800048828125,236.47999572753903,232.28500366210935,242.3600006103516,231.5,12.83,12.55,13.0,1903.0,0.7791770129394531,False,MU,11.12,0.15377697841726629,0.014377576186997205,176004804634.0,15.37769784172663,11048.0
RKLB270115C00035000,35.0,8325.0,空头卖 Call，看跌/看不涨,-3.407690661541297,CALL,8325.0,0.0,14152500.0,0.0006382188505288983,10M-50M,2027-01-15,40.70399856567383,42.13999938964844,41.09999847412109,41.29999923706055,39.97999954223633,17.0,16.7,18.2,7.0,0.9388433850097656,True,RKLB,18.18,-0.0649064906490649,-0.03407690661541297,22174995283.0,-6.490649064906489,8325.0
EOSE270115P00012500,12.5,31419.0,多头买 Put，看跌,-5.880400117381148,PUT,31419.0,0.0,14138550.0,0.005376450003160091,10M-50M,2027-01-15,14.164999961853027,15.050000190734863,14.55500030517578,14.749099731445312,14.06999969482422,4.5,4.35,4.65,10.0,0.9816896362304688,False,EOSE,4.35,0.03448275862068974,-0.05880400117381148,2629718493.0,3.4482758620689737,31419.0
BABA260116C00125000,125.0,4129.0,多头买 Call，看涨,4.310234359668761,CALL,4129.0,0.0,14137696.000000002,3.561238051166786e-05,10M-50M,2026-01-16,164.0800018310547,157.3000030517578,160.5,164.7899932861328,159.41000366210938,34.24,40.45,41.5,3.0,0.6397741101074219,True,BABA,34.24,0.0,0.04310234359668761,396988232656.0,0.0,4129.0
GOOG280121C00250000,250.0,1215.0,空头卖 Call，看跌/看不涨,-1.1573743061283401,CALL,1215.0,0.0,14100075.0,4.716698655525915e-06,10M-50M,2028-01-21,316.4150085449219,320.1199951171875,317.2699890136719,319.6300048828125,314.4100036621094,116.05,115.35,116.25,64.0,0.4875692112731934,True,GOOG,117.25,-0.010234541577825183,-0.011573743061283401,2989394920000.0,-1.0234541577825182,1215.0
COIN270115P00200000,200.0,4051.0,多头买 Put，看跌,-5.259880404028473,PUT,4051.0,0.0,14097479.999999998,0.00017552452321400956,10M-50M,2027-01-15,258.4700012207031,272.82000732421875,260.4750061035156,265.8800048828125,252.1999969482422,34.8,33.85,35.3,1.0,0.6255530609130859,False,COIN,31.28,0.11253196930946278,-0.052598804040284726,80316298497.0,11.25319693094628,4051.0
GOOG260618C00260000,260.0,1889.0,空头卖 Call，看跌/看不涨,-1.1573743061283401,CALL,1889.0,0.0,14044715.0,4.698179857748605e-06,10M-50M,2026-06-18,316.4150085449219,320.1199951171875,317.2699890136719,319.6300048828125,314.4100036621094,74.35,73.4,74.3,18.0,0.4729666961669921,True,GOOG,76.3,-0.025557011795543944,-0.011573743061283401,2989394920000.0,-2.5557011795543945,1889.0
JPM260320C00260000,260.0,2409.0,空头卖 Call，看跌/看不涨,-1.26963579801355,CALL,2409.0,0.0,13945701.0,1.6046377107310363e-05,10M-50M,2026-03-20,309.1050109863281,313.0799865722656,312.95001220703125,314.0400085449219,308.7900085449219,57.89,54.55,57.1,3.0,0.4081480084228516,True,JPM,57.89,0.0,-0.0126963579801355,869087203095.0,0.0,2409.0
GOOG251219C00300000,300.0,6524.0,空头卖 Call，看跌/看不涨,-1.1573743061283401,CALL,6524.0,0.0,13863500.0,4.637560566939078e-06,10M-50M,2025-12-19,316.4150085449219,320.1199951171875,317.2699890136719,319.6300048828125,314.4100036621094,21.25,20.6,20.75,361.0,0.3780579772949218,True,GOOG,23.84,-0.10864093959731543,-0.011573743061283401,2989394920000.0,-10.864093959731543,6524.0
GOOG260220C00340000,340.0,9620.0,空头卖 Call，看跌/看不涨,-1.1573743061283401,CALL,9620.0,0.0,13795079.999999998,4.614672992084966e-06,10M-50M,2026-02-20,316.4150085449219,320.1199951171875,317.2699890136719,319.6300048828125,314.4100036621094,14.34,14.15,14.25,192.0,0.3914245428466796,False,GOOG,16.35,-0.12293577981651385,-0.011573743061283401,2989394920000.0,-12.293577981651385,9620.0
BABA260618C00200000,200.0,13699.0,多头买 Call，看涨,4.310234359668761,CALL,13699.0,0.0,13781194.0,3.471436396942713e-05,10M-50M,2026-06-18,164.0800018310547,157.3000030517578,160.5,164.7899932861328,159.41000366210938,10.06,9.75,10.5,152.0,0.4567925415039063,False,BABA,8.38,0.2004773269689737,0.04310234359668761,396988232656.0,20.04773269689737,13699.0
U260116C00045000,45.0,39144.0,多头买 Call，看涨,3.057382932890307,CALL,39144.0,0.0,13700400.0,0.0007583164031311735,10M-50M,2026-01-16,43.81999969482422,42.52000045776367,42.77000045776367,44.560001373291016,41.22999954223633,3.5,3.5,3.6,465.0,0.648441015625,False,U,2.89,0.21107266435986155,0.030573829328903068,18066864891.0,21.107266435986155,39144.0
NVDA270617C00210000,210.0,4036.0,多头买 Call，看涨,1.2146858172228108,CALL,4036.0,0.0,13661860.0,3.1551515848552094e-06,10M-50M,2027-06-17,179.14999389648438,177.0,174.6999969482422,180.3000030517578,173.67999267578125,33.85,33.75,34.05,4794.0,0.5038349177551271,False,NVDA,32.51,0.04121808674254086,0.012146858172228107,4330017000000.0,4.121808674254086,4036.0
MSTR270115P00200000,200.0,1745.0,多头买 Put，看跌,-6.817917976986597,PUT,1745.0,0.0,13658115.0,0.000155852509483502,10M-50M,2027-01-15,165.10000610351562,177.17999267578125,168.25,168.25,155.61000061035156,78.27,74.25,75.45,8.0,0.7414576635742187,True,MSTR,67.37,0.16179308297461764,-0.06817917976986597,87634873800.0,16.179308297461763,1745.0
NVDA260918C00160000,160.0,3263.0,多头买 Call，看涨,1.2146858172228108,CALL,3263.0,0.0,13649129.0,3.152211411641109e-06,10M-50M,2026-09-18,179.14999389648438,177.0,174.6999969482422,180.3000030517578,173.67999267578125,41.83,41.7,41.85,14.0,0.5218248501586914,True,NVDA,39.89,0.04863374279267981,0.012146858172228107,4330017000000.0,4.8633742792679815,3263.0
IBM260116C00250000,250.0,2398.0,空头卖 Call，看跌/看不涨,-1.4048193802947502,CALL,2398.0,0.0,13647018.0,5.15292472999438e-05,10M-50M,2026-01-16,304.2449951171875,308.5799865722656,306.5050048828125,306.8800048828125,302.79998779296875,56.91,56.6,58.9,4.0,0.5036670727539063,True,IBM,59.9,-0.04991652754590988,-0.0140481938029475,264840235693.0,-4.991652754590988,2398.0
NVDA260320P00210000,210.0,3804.0,空头卖 Put，看涨/看不跌,1.2146858172228108,PUT,3804.0,0.0,13599300.0,3.1407036046278803e-06,10M-50M,2026-03-20,179.14999389648438,177.0,174.6999969482422,180.3000030517578,173.67999267578125,35.75,35.55,35.8,82.0,0.3731752136230468,True,NVDA,37.82,-0.05473294553146484,0.012146858172228107,4330017000000.0,-5.473294553146484,3804.0
GS260116C00620000,620.0,680.0,空头卖 Call，看跌/看不涨,-1.7299378247369428,CALL,680.0,0.0,13581640.0,5.590608500912605e-05,10M-50M,2026-01-16,811.75,826.0399780273438,818.5900268554688,824.72998046875,809.9299926757812,199.73,195.0,195.0,4.0,0.4854787780761719,True,GS,199.73,0.0,-0.017299378247369428,242936703541.0,0.0,680.0
NKE260116P00075000,75.0,13498.0,空头卖 Put，看涨/看不跌,1.4931208545488865,PUT,13498.0,0.0,13565490.000000002,0.00013252184370909806,10M-50M,2026-01-16,65.59500122070312,64.62999725341797,63.77000045776367,65.98989868164062,63.58000183105469,10.05,9.85,10.1,46.0,0.3588931298828125,True,NKE,11.32,-0.11219081272084802,0.014931208545488866,102364181031.0,-11.219081272084802,13498.0
NVDA260116P00195000,195.0,7071.0,空头卖 Put，看涨/看不跌,1.2146858172228108,PUT,7071.0,0.0,13555107.0,3.130497409132574e-06,10M-50M,2026-01-16,179.14999389648438,177.0,174.6999969482422,180.3000030517578,173.67999267578125,19.17,19.25,19.3,72.0,0.3491886370849609,True,NVDA,21.26,-0.09830667920978362,0.012146858172228107,4330017000000.0,-9.830667920978362,7071.0
BABA260320C00130000,130.0,3736.0,多头买 Call，看涨,4.310234359668761,CALL,3736.0,0.0,13486960.0,3.39731984239613e-05,10M-50M,2026-03-20,164.0800018310547,157.3000030517578,160.5,164.7899932861328,159.41000366210938,36.1,37.95,39.3,4.0,0.5064746618652343,True,BABA,32.75,0.1022900763358779,0.04310234359668761,396988232656.0,10.22900763358779,3736.0
RBLX260116C00075000,75.0,6837.0,空头卖 Call，看跌/看不涨,-1.631059078473819,CALL,6837.0,0.0,13482563.999999998,0.00014399849932951561,10M-50M,2026-01-16,93.4800033569336,95.02999877929688,93.01000213623048,93.94989776611328,90.6500015258789,19.72,18.55,20.25,1.0,0.5214891601562499,True,RBLX,19.72,0.0,-0.01631059078473819,93629892414.0,0.0,6837.0
NVDA260515P00140000,140.0,24056.0,空头卖 Put，看涨/看不跌,1.2146858172228108,PUT,24056.0,0.0,13471360.0,3.1111563765223094e-06,10M-50M,2026-05-15,179.14999389648438,177.0,174.6999969482422,180.3000030517578,173.67999267578125,5.6,5.6,5.7,430.0,0.4530694342041016,False,NVDA,6.24,-0.10256410256410266,0.012146858172228107,4330017000000.0,-10.256410256410266,24056.0
SE251219C00130000,130.0,13937.0,空头卖 Call，看跌/看不涨,-1.4459352465747306,CALL,13937.0,0.0,13449205.000000002,0.00012307664286035134,10M-50M,2025-12-19,137.0,139.00999450683594,138.32000732421875,138.6750030517578,136.03500366210938,9.65,9.35,9.95,2.0,0.4711966943359374,True,SE,11.44,-0.1564685314685314,-0.014459352465747305,109275039418.0,-15.64685314685314,13937.0
AVGO261218C00350000,350.0,1302.0,空头卖 Call，看跌/看不涨,-3.875072107776674,CALL,1302.0,0.0,13430130.000000002,8.5013049016625e-06,10M-50M,2026-12-18,387.3450012207031,402.9599914550781,394.8500061035156,395.4200134277344,385.6400146484375,103.15,101.95,103.75,11.0,0.5579573013305664,True,AVGO,110.03,-0.06252840134508766,-0.03875072107776674,1579772770810.0,-6.252840134508767,1302.0
NEM260116C00070000,70.0,6113.0,多头买 Call，看涨,1.3336261872629742,CALL,6113.0,0.0,13393582.999999998,0.00014302837392606615,10M-50M,2026-01-16,91.94000244140624,90.7300033569336,92.0,92.87999725341795,90.86000061035156,21.91,22.25,22.85,3.0,0.5512740185546876,True,NEM,21.91,0.0,0.013336261872629743,93642839056.0,0.0,6113.0
JPM260116C00260000,260.0,2487.0,空头卖 Call，看跌/看不涨,-1.26963579801355,CALL,2487.0,0.0,13355190.0,1.5366915946339325e-05,10M-50M,2026-01-16,309.1050109863281,313.0799865722656,312.95001220703125,314.0400085449219,308.7900085449219,53.7,52.0,54.05,13.0,0.5161181201171875,True,JPM,55.21,-0.027350117732294836,-0.0126963579801355,869087203095.0,-2.7350117732294836,2487.0
ONON270115C00045000,45.0,12836.0,多头买 Call，看涨,2.5460306641293164,CALL,12836.0,0.0,13349440.0,0.0004952096874607786,10M-50M,2027-01-15,45.11000061035156,43.9900016784668,43.52000045776367,45.380001068115234,43.16999816894531,10.4,9.8,10.35,19.0,0.532231240234375,True,ONON,9.25,0.12432432432432436,0.025460306641293163,26957146312.0,12.432432432432435,12836.0
BABA260320C00165000,165.0,8449.0,多头买 Call，看涨,4.310234359668761,CALL,8449.0,0.0,13349420.000000002,3.3626739791976654e-05,10M-50M,2026-03-20,164.0800018310547,157.3000030517578,160.5,164.7899932861328,159.41000366210938,15.8,15.55,16.0,44.0,0.4577996115112305,False,BABA,12.05,0.3112033195020747,0.04310234359668761,396988232656.0,31.12033195020747,8449.0
NKE260116P00070000,70.0,21595.0,空头卖 Put，看涨/看不跌,1.4931208545488865,PUT,21595.0,0.0,13345710.0,0.00013037480362352902,10M-50M,2026-01-16,65.59500122070312,64.62999725341797,63.77000045776367,65.98989868164062,63.58000183105469,6.18,6.15,6.3,46.0,0.3803772900390625,True,NKE,7.25,-0.14758620689655177,0.014931208545488866,102364181031.0,-14.758620689655178,21595.0
U270115C00040000,40.0,9485.0,多头买 Call，看涨,3.057382932890307,CALL,9485.0,0.0,13279000.0,0.0007349919357959514,10M-50M,2027-01-15,43.81999969482422,42.52000045776367,42.77000045776367,44.560001373291016,41.22999954223633,14.0,14.0,15.5,14.0,0.737307314453125,True,U,13.52,0.03550295857988169,0.030573829328903068,18066864891.0,3.550295857988169,9485.0
HOOD270115C00120000,120.0,3569.0,空头卖 Call，看跌/看不涨,-4.031448138466992,CALL,3569.0,0.0,13223144.999999998,0.00012304369134902345,10M-50M,2027-01-15,123.30999755859376,128.49000549316406,123.5999984741211,125.28990173339844,118.86000061035156,37.05,36.95,37.9,99.0,0.7098112515258789,True,HOOD,40.6,-0.0874384236453203,-0.04031448138466992,107467070071.0,-8.74384236453203,3569.0
AMAT260320C00180000,180.0,1680.0,多头买 Call，看涨,1.046580531079658,CALL,1680.0,0.0,13219919.999999998,8.137773025028734e-05,10M-50M,2026-03-20,254.88999938964844,252.25,250.13999938964844,255.68499755859372,248.52999877929688,78.69,78.05,80.45,1.0,0.5659223095703125,True,AMAT,59.0,0.333728813559322,0.010465805310796581,162451323714.0,33.3728813559322,1680.0
NVDA271217P00185000,185.0,3046.0,空头卖 Put，看涨/看不跌,1.2146858172228108,PUT,3046.0,0.0,13158720.000000002,3.038953426741743e-06,10M-50M,2027-12-17,179.14999389648438,177.0,174.6999969482422,180.3000030517578,173.67999267578125,43.2,42.45,42.7,1.0,0.3872741937255859,True,NVDA,43.2,0.0,0.012146858172228107,4330017000000.0,0.0,3046.0
MU270115C00200000,200.0,1544.0,多头买 Call，看涨,1.4377576186997205,CALL,1544.0,0.0,13147160.0,7.469773354960037e-05,10M-50M,2027-01-15,239.8800048828125,236.47999572753903,232.28500366210935,242.3600006103516,231.5,85.15,83.9,86.0,3.0,0.6938659764099122,True,MU,81.26,0.04787103125769136,0.014377576186997205,176004804634.0,4.7871031257691365,1544.0
NVDA260116P00165000,165.0,30204.0,空头卖 Put，看涨/看不跌,1.2146858172228108,PUT,30204.0,0.0,13138740.0,3.0343391261512366e-06,10M-50M,2026-01-16,179.14999389648438,177.0,174.6999969482422,180.3000030517578,173.67999267578125,4.35,4.35,4.4,1286.0,0.403326279296875,False,NVDA,5.35,-0.1869158878504673,0.012146858172228107,4330017000000.0,-18.691588785046733,30204.0
GOOGL270115C00245000,245.0,1293.0,空头卖 Call，看跌/看不涨,-1.221189253404943,CALL,1293.0,0.0,13117485.0,4.399397668695889e-06,10M-50M,2027-01-15,316.2699890136719,320.17999267578125,317.70001220703125,319.8500061035156,314.44000244140625,101.45,98.3,99.3,2.0,0.484807398071289,True,GOOGL,101.45,0.0,-0.012211892534049432,2981654760000.0,0.0,1293.0
GOOGL280121C00250000,250.0,1125.0,空头卖 Call，看跌/看不涨,-1.221189253404943,CALL,1125.0,0.0,13061250.0,4.380537336254182e-06,10M-50M,2028-01-21,316.2699890136719,320.17999267578125,317.70001220703125,319.8500061035156,314.44000244140625,116.1,114.35,116.1,4.0,0.4872945558166504,True,GOOGL,116.9,-0.006843455945252449,-0.012211892534049432,2981654760000.0,-0.6843455945252449,1125.0
RIVN270115C00020000,20.0,28808.0,多头买 Call，看涨,3.0545632918437886,CALL,28808.0,0.0,12963600.0,0.000685272560114905,10M-50M,2027-01-15,17.375,16.860000610351562,16.511999130249023,17.790000915527344,16.511999130249023,4.5,4.5,4.7,784.0,0.7563500927734376,False,RIVN,4.09,0.10024449877750614,0.030545632918437884,18917436294.0,10.024449877750614,28808.0
RIVN260320C00015000,15.0,31281.0,多头买 Call，看涨,3.0545632918437886,CALL,31281.0,0.0,12950334.0,0.0006845713023020687,10M-50M,2026-03-20,17.375,16.860000610351562,16.511999130249023,17.790000915527344,16.511999130249023,4.14,4.05,4.15,98.0,0.782228740234375,True,RIVN,3.45,0.19999999999999984,0.030545632918437884,18917436294.0,19.999999999999986,31281.0
GOOGL260618C00245000,245.0,1487.0,空头卖 Call，看跌/看不涨,-1.221189253404943,CALL,1487.0,0.0,12922030.0,4.333845143090946e-06,10M-50M,2026-06-18,316.2699890136719,320.17999267578125,317.70001220703125,319.8500061035156,314.44000244140625,86.9,84.8,85.55,3.0,0.4916737844848633,True,GOOGL,91.63,-0.05162064825930361,-0.012211892534049432,2981654760000.0,-5.162064825930361,1487.0
MU260320C00230000,230.0,3246.0,多头买 Call，看涨,1.4377576186997205,CALL,3246.0,0.0,12919079.999999998,7.340185983482144e-05,10M-50M,2026-03-20,239.8800048828125,236.47999572753903,232.28500366210935,242.3600006103516,231.5,39.8,40.4,41.3,57.0,0.697116065979004,True,MU,37.8,0.052910052910052914,0.014377576186997205,176004804634.0,5.291005291005291,3246.0
PANW260116C00170000,170.0,6206.0,空头卖 Call，看跌/看不涨,-1.1360666947022398,CALL,6206.0,0.0,12896068.0,9.526864467393425e-05,10M-50M,2026-01-16,187.97000122070312,190.1300048828125,189.5399932861328,189.8699951171875,185.6201019287109,20.78,20.9,22.25,2.0,0.4318904467773438,True,PANW,22.98,-0.09573542210617926,-0.011360666947022398,135365293000.0,-9.573542210617926,6206.0
AVGO260320C00360000,360.0,2090.0,空头卖 Call，看跌/看不涨,-3.875072107776674,CALL,2090.0,0.0,12886940.0,8.157464312663431e-06,10M-50M,2026-03-20,387.3450012207031,402.9599914550781,394.8500061035156,395.4200134277344,385.6400146484375,61.66,61.0,61.85,31.0,0.5706830041503907,True,AVGO,70.75,-0.12848056537102479,-0.03875072107776674,1579772770810.0,-12.848056537102478,2090.0
NVO260618P00050000,50.0,19363.0,多头买 Put，看跌,-1.5906785647090946,PUT,19363.0,0.0,12876395.000000002,5.1858497821071526e-05,10M-50M,2026-06-18,48.56499862670898,49.34999847412109,48.92499923706055,49.48529815673828,48.52999877929688,6.65,6.55,6.7,25.0,0.4107724938964844,True,NVO,6.45,0.031007751937984523,-0.015906785647090946,248298650000.0,3.1007751937984525,19363.0
IBM260116C00230000,230.0,1681.0,空头卖 Call，看跌/看不涨,-1.4048193802947502,CALL,1681.0,0.0,12863012.0,4.8568949375617786e-05,10M-50M,2026-01-16,304.2449951171875,308.5799865722656,306.5050048828125,306.8800048828125,302.79998779296875,76.52,75.15,78.0,3.0,0.5836223278808592,True,IBM,80.18,-0.045647293589423925,-0.0140481938029475,264840235693.0,-4.564729358942392,1681.0
SOFI271217C00030000,30.0,10696.0,空头卖 Call，看跌/看不涨,-1.4300109248978774,CALL,10696.0,0.0,12835200.0,0.0003830870803018467,10M-50M,2027-12-17,29.295000076293945,29.71999931335449,28.86000061035156,29.700000762939453,28.670000076293945,12.0,11.65,12.25,20.0,0.7630638928222657,False,SOFI,12.1,-0.008264462809917326,-0.014300109248978773,33504653798.0,-0.8264462809917326,10696.0
BABA260320C00160000,160.0,7051.0,多头买 Call，看涨,4.310234359668761,CALL,7051.0,0.0,12797565.0,3.223663561607228e-05,10M-50M,2026-03-20,164.0800018310547,157.3000030517578,160.5,164.7899932861328,159.41000366210938,18.15,18.0,18.25,174.0,0.4556023678588867,True,BABA,13.8,0.31521739130434767,0.04310234359668761,396988232656.0,31.521739130434767,7051.0
NVDA251219C00132000,132.0,2644.0,多头买 Call，看涨,1.2146858172228108,CALL,2644.0,0.0,12770520.0,2.9493001990523363e-06,10M-50M,2025-12-19,179.14999389648438,177.0,174.6999969482422,180.3000030517578,173.67999267578125,48.3,47.75,48.25,7.0,0.870118486328125,True,NVDA,45.16,0.06953055801594334,0.012146858172228107,4330017000000.0,6.953055801594334,2644.0
GOOG260320C00230000,230.0,1374.0,空头卖 Call，看跌/看不涨,-1.1573743061283401,CALL,1374.0,0.0,12675150.0,4.240038649694367e-06,10M-50M,2026-03-20,316.4150085449219,320.1199951171875,317.2699890136719,319.6300048828125,314.4100036621094,92.25,91.65,92.45,50.0,0.5381515911865236,True,GOOG,94.75,-0.026385224274406333,-0.011573743061283401,2989394920000.0,-2.638522427440633,1374.0
SOFI260116C00030000,30.0,51183.0,空头卖 Call，看跌/看不涨,-1.4300109248978774,CALL,51183.0,0.0,12642201.0,0.0003773267163487197,10M-50M,2026-01-16,29.295000076293945,29.71999931335449,28.86000061035156,29.700000762939453,28.670000076293945,2.47,2.46,2.47,2424.0,0.6621127539062501,False,SOFI,2.64,-0.06439393939393936,-0.014300109248978773,33504653798.0,-6.439393939393937,51183.0
HOOD261218C00155000,155.0,5316.0,空头卖 Call，看跌/看不涨,-4.031448138466992,CALL,5316.0,0.0,12625500.0,0.00011748249944526023,10M-50M,2026-12-18,123.30999755859376,128.49000549316406,123.5999984741211,125.28990173339844,118.86000061035156,23.75,23.9,24.35,31.0,0.6824372576904298,False,HOOD,27.01,-0.12069603850425774,-0.04031448138466992,107467070071.0,-12.069603850425773,5316.0
SOFI260220C00030000,30.0,34323.0,空头卖 Call，看跌/看不涨,-1.4300109248978774,CALL,34323.0,0.0,12596541.0,0.0003759639205927843,10M-50M,2026-02-20,29.295000076293945,29.71999931335449,28.86000061035156,29.700000762939453,28.670000076293945,3.67,3.65,3.75,681.0,0.7246121289062499,False,SOFI,3.85,-0.0467532467532468,-0.014300109248978773,33504653798.0,-4.6753246753246795,34323.0
BABA260320C00175000,175.0,10630.0,多头买 Call，看涨,4.310234359668761,CALL,10630.0,0.0,12500880.0,3.148929608407894e-05,10M-50M,2026-03-20,164.0800018310547,157.3000030517578,160.5,164.7899932861328,159.41000366210938,11.76,11.65,11.9,57.0,0.4536797796630859,False,BABA,8.81,0.3348467650397275,0.04310234359668761,396988232656.0,33.48467650397275,10630.0
GOOGL260618C00270000,270.0,1862.0,空头卖 Call，看跌/看不涨,-1.221189253404943,CALL,1862.0,0.0,12494019.999999998,4.190297336771478e-06,10M-50M,2026-06-18,316.2699890136719,320.17999267578125,317.70001220703125,319.8500061035156,314.44000244140625,67.1,66.2,66.75,6.0,0.458135301513672,True,GOOGL,69.0,-0.027536231884058054,-0.012211892534049432,2981654760000.0,-2.7536231884058053,1862.0
NVDA260417P00190000,190.0,5326.0,空头卖 Put，看涨/看不跌,1.2146858172228108,PUT,5326.0,0.0,12489470.0,2.8843928326378396e-06,10M-50M,2026-04-17,179.14999389648438,177.0,174.6999969482422,180.3000030517578,173.67999267578125,23.45,23.6,23.7,8.0,0.393560751953125,True,NVDA,25.2,-0.06944444444444445,0.012146858172228107,4330017000000.0,-6.944444444444445,5326.0
NVDA251219C00142000,142.0,3161.0,多头买 Call，看涨,1.2146858172228108,CALL,3161.0,0.0,12454340.0,2.8762797005184968e-06,10M-50M,2025-12-19,179.14999389648438,177.0,174.6999969482422,180.3000030517578,173.67999267578125,39.4,37.75,38.3,4.0,0.7033721069335939,True,NVDA,39.4,0.0,0.012146858172228107,4330017000000.0,0.0,3161.0
GS251219C00700000,700.0,1120.0,空头卖 Call，看跌/看不涨,-1.7299378247369428,CALL,1120.0,0.0,12432000.0,5.117382354660079e-05,10M-50M,2025-12-19,811.75,826.0399780273438,818.5900268554688,824.72998046875,809.9299926757812,111.0,109.95,114.9,25.0,0.4722953161621094,True,GS,127.4,-0.1287284144427002,-0.017299378247369428,242936703541.0,-12.87284144427002,1120.0
NVDA260618P00175000,175.0,6462.0,空头卖 Put，看涨/看不跌,1.2146858172228108,PUT,6462.0,0.0,12407040.0,2.8653559558773094e-06,10M-50M,2026-06-18,179.14999389648438,177.0,174.6999969482422,180.3000030517578,173.67999267578125,19.2,19.35,19.5,1910.0,0.4132443930053711,False,NVDA,20.7,-0.07246376811594203,0.012146858172228107,4330017000000.0,-7.246376811594203,6462.0
GOOG260918C00250000,250.0,1393.0,空头卖 Call，看跌/看不涨,-1.1573743061283401,CALL,1393.0,0.0,12369840.0,4.137907613758841e-06,10M-50M,2026-09-18,316.4150085449219,320.1199951171875,317.2699890136719,319.6300048828125,314.4100036621094,88.8,87.5,88.3,4.0,0.4804739453125,True,GOOG,90.3,-0.016611295681063124,-0.011573743061283401,2989394920000.0,-1.6611295681063125,1393.0
HOOD270115C00090000,90.0,2382.0,空头卖 Call，看跌/看不涨,-4.031448138466992,CALL,2382.0,0.0,12362580.0,0.00011503598257431272,10M-50M,2027-01-15,123.30999755859376,128.49000549316406,123.5999984741211,125.28990173339844,118.86000061035156,51.9,51.85,52.7,89.0,0.7550683673095704,True,HOOD,55.3,-0.06148282097649184,-0.04031448138466992,107467070071.0,-6.148282097649184,2382.0
HOOD251219C00100000,100.0,5196.0,空头卖 Call，看跌/看不涨,-4.031448138466992,CALL,5196.0,0.0,12340500.0,0.00011483052428848235,10M-50M,2025-12-19,123.30999755859376,128.49000549316406,123.5999984741211,125.28990173339844,118.86000061035156,23.75,23.65,24.85,38.0,0.7246121289062499,True,HOOD,28.99,-0.18075198344256635,-0.04031448138466992,107467070071.0,-18.075198344256634,5196.0
COIN260220P00330000,330.0,1505.0,多头买 Put，看跌,-5.259880404028473,PUT,1505.0,0.0,12306385.0,0.00015322400596511144,10M-50M,2026-02-20,258.4700012207031,272.82000732421875,260.4750061035156,265.8800048828125,252.1999969482422,81.77,77.85,80.55,22.0,0.564579549560547,True,COIN,69.6,0.1748563218390805,-0.052598804040284726,80316298497.0,17.485632183908052,1505.0
BIDU260116C00100000,100.0,5718.0,多头买 Call，看涨,2.104541960234204,CALL,5718.0,0.0,12293700.0,0.0002722804708151485,10M-50M,2026-01-16,119.3499984741211,116.88999938964844,118.37999725341795,120.19000244140624,117.2699966430664,21.5,21.25,21.9,81.0,0.554814022216797,True,BIDU,16.85,0.27596439169139453,0.02104541960234204,45150869481.0,27.59643916913945,5718.0
AVGO260116C00390000,390.0,4311.0,空头卖 Call，看跌/看不涨,-3.875072107776674,CALL,4311.0,0.0,12264795.0,7.763645016942181e-06,10M-50M,2026-01-16,387.3450012207031,402.9599914550781,394.8500061035156,395.4200134277344,385.6400146484375,28.45,28.25,28.5,1533.0,0.5345505529785157,False,AVGO,36.5,-0.22054794520547946,-0.03875072107776674,1579772770810.0,-22.054794520547947,4311.0
MRVL260116C00100000,100.0,21534.0,多头买 Call，看涨,3.4563716836136065,CALL,21534.0,0.0,12252846.0,0.0001708884176935291,10M-50M,2026-01-16,92.48999786376952,89.4000015258789,89.06999969482422,92.73999786376952,88.30999755859375,5.69,5.45,5.7,7775.0,0.6419713537597658,False,MRVL,4.94,0.15182186234817813,0.034563716836136064,71700857000.0,15.182186234817813,21534.0
INTC260320C00048000,48.0,45463.0,空头卖 Call，看跌/看不涨,-1.486687920247983,CALL,45463.0,0.0,12229547.0,7.870557041127275e-05,10M-50M,2026-03-20,39.95700073242188,40.560001373291016,39.8650016784668,40.375,39.59999847412109,2.69,2.64,2.7,800.0,0.6096230444335939,False,INTC,2.87,-0.06271777003484326,-0.01486687920247983,155383500000.0,-6.271777003484326,45463.0
MU261218C00280000,280.0,2392.0,多头买 Call，看涨,1.4377576186997205,CALL,2392.0,0.0,12223120.0,6.944764959921315e-05,10M-50M,2026-12-18,239.8800048828125,236.47999572753903,232.28500366210935,242.3600006103516,231.5,51.1,49.7,51.75,7.0,0.6622958575439455,False,MU,48.35,0.05687693898655636,0.014377576186997205,176004804634.0,5.687693898655636,2392.0
RKLB280121P00050000,50.0,5504.0,多头买 Put，看跌,-3.407690661541297,PUT,5504.0,0.0,12218880.0,0.0005510206358134989,10M-50M,2028-01-21,40.70399856567383,42.13999938964844,41.09999847412109,41.29999923706055,39.97999954223633,22.2,22.6,24.5,5.0,0.7367580035400392,True,RKLB,22.2,0.0,-0.03407690661541297,22174995283.0,0.0,5504.0
RUN260918P00015000,15.0,40029.0,多头买 Put，看跌,-6.913578363112462,PUT,40029.0,0.0,12208845.0,0.0029945331377317424,10M-50M,2026-09-18,18.850000381469727,20.25,19.549999237060547,19.88999938964844,18.549999237060547,3.05,2.63,3.2,1.0,0.7780783911132813,False,RUN,3.05,0.0,-0.06913578363112462,4077044547.0,0.0,40029.0
JPM260116C00275000,275.0,3163.0,空头卖 Call，看跌/看不涨,-1.26963579801355,CALL,3163.0,0.0,12199691.0,1.4037361218246416e-05,10M-50M,2026-01-16,309.1050109863281,313.0799865722656,312.95001220703125,314.0400085449219,308.7900085449219,38.57,37.85,39.4,83.0,0.4130307720947265,True,JPM,41.43,-0.06903210234129856,-0.0126963579801355,869087203095.0,-6.903210234129856,3163.0
IBM270115C00260000,260.0,1774.0,空头卖 Call，看跌/看不涨,-1.4048193802947502,CALL,1774.0,0.0,12164318.0,4.593077773160098e-05,10M-50M,2027-01-15,304.2449951171875,308.5799865722656,306.5050048828125,306.8800048828125,302.79998779296875,68.57,67.0,71.5,11.0,0.3888305746459961,True,IBM,68.57,0.0,-0.0140481938029475,264840235693.0,0.0,1774.0
SBUX260618C00080000,80.0,10156.0,空头卖 Call，看跌/看不涨,-2.1983709127649553,CALL,10156.0,0.0,12136420.0,0.00012803560667687646,10M-50M,2026-06-18,85.19499969482422,87.11000061035156,86.13500213623047,86.50440216064453,84.8499984741211,11.95,11.55,12.4,2.0,0.3941710974121094,True,SBUX,13.03,-0.08288564850345358,-0.02198370912764955,94789413000.0,-8.288564850345358,10156.0
AVGO260618C00320000,320.0,1242.0,空头卖 Call，看跌/看不涨,-3.875072107776674,CALL,1242.0,0.0,12128130.0,7.67713574008591e-06,10M-50M,2026-06-18,387.3450012207031,402.9599914550781,394.8500061035156,395.4200134277344,385.6400146484375,97.65,99.6,101.1,7.0,0.5892375061035158,True,AVGO,110.1,-0.11307901907356939,-0.03875072107776674,1579772770810.0,-11.30790190735694,1242.0
WULF260116C00012000,12.0,29152.0,空头卖 Call，看跌/看不涨,-2.3533189279938393,CALL,29152.0,0.0,12098080.000000002,0.0028502536263677507,10M-50M,2026-01-16,15.145000457763672,15.510000228881836,14.854999542236328,15.760000228881836,14.802000045776367,4.15,4.05,4.35,53.0,1.1943399658203124,True,WULF,4.3,-0.03488372093023243,-0.023533189279938395,4244562620.0,-3.4883720930232434,29152.0
BABA260116C00170000,170.0,16320.0,多头买 Call，看涨,4.310234359668761,CALL,16320.0,0.0,12076800.0,3.042105283373687e-05,10M-50M,2026-01-16,164.0800018310547,157.3000030517578,160.5,164.7899932861328,159.41000366210938,7.4,7.35,7.45,412.0,0.4243221630859375,False,BABA,4.6,0.6086956521739132,0.04310234359668761,396988232656.0,60.86956521739132,16320.0
HOOD271217C00120000,120.0,2492.0,空头卖 Call，看跌/看不涨,-4.031448138466992,CALL,2492.0,0.0,12023900.0,0.00011188450557046173,10M-50M,2027-12-17,123.30999755859376,128.49000549316406,123.5999984741211,125.28990173339844,118.86000061035156,48.25,48.1,49.55,40.0,0.7080412496948242,True,HOOD,52.0,-0.07211538461538461,-0.04031448138466992,107467070071.0,-7.211538461538461,2492.0
GOOGL260220C00235000,235.0,1416.0,空头卖 Call，看跌/看不涨,-1.221189253404943,CALL,1416.0,0.0,11986440.0,4.020063006892186e-06,10M-50M,2026-02-20,316.2699890136719,320.17999267578125,317.70001220703125,319.8500061035156,314.44000244140625,84.65,84.7,87.95,1.0,0.5725140405273439,True,GOOGL,91.43,-0.07415509132669802,-0.012211892534049432,2981654760000.0,-7.415509132669802,1416.0
NKE270115P00060000,60.0,16551.0,空头卖 Put，看涨/看不跌,1.4931208545488865,PUT,16551.0,0.0,11982924.0,0.0001170616897366774,10M-50M,2027-01-15,65.59500122070312,64.62999725341797,63.77000045776367,65.98989868164062,63.58000183105469,7.24,6.0,7.15,2.0,0.3672548626708984,False,NKE,7.24,0.0,0.014931208545488866,102364181031.0,0.0,16551.0
JPM251219C00240000,240.0,1798.0,空头卖 Call，看跌/看不涨,-1.26963579801355,CALL,1798.0,0.0,11974679.999999998,1.3778456243925438e-05,10M-50M,2025-12-19,309.1050109863281,313.0799865722656,312.95001220703125,314.0400085449219,308.7900085449219,66.6,70.15,72.6,2.0,0.8396012133789061,True,JPM,66.6,0.0,-0.0126963579801355,869087203095.0,0.0,1798.0
GOOG260618C00375000,375.0,6608.0,空头卖 Call，看跌/看不涨,-1.1573743061283401,CALL,6839.0,231.0,11960480.0,4.000970203026906e-06,10M-50M,2026-06-18,316.4150085449219,320.1199951171875,317.2699890136719,319.6300048828125,314.4100036621094,18.1,17.5,17.65,70.0,0.3977416183471679,False,GOOG,18.92,-0.04334038054968289,-0.011573743061283401,2989394920000.0,-4.334038054968289,6608.0
NVDA261218P00180000,180.0,4048.0,空头卖 Put，看涨/看不跌,1.2146858172228108,PUT,4048.0,0.0,11941600.0,2.7578644610402222e-06,10M-50M,2026-12-18,179.14999389648438,177.0,174.6999969482422,180.3000030517578,173.67999267578125,29.5,29.35,29.55,77.0,0.3998473101806641,True,NVDA,30.8,-0.04220779220779223,0.012146858172228107,4330017000000.0,-4.220779220779223,4048.0
T260116C00020000,20.0,19407.0,空头卖 Call，看跌/看不涨,-1.5180647610089273,CALL,19407.0,0.0,11818862.999999998,5.838568417391929e-05,10M-50M,2026-01-16,25.625,26.020000457763672,25.950000762939453,25.96999931335449,25.549999237060547,6.09,5.5,6.35,17.0,0.5996133789062501,True,T,6.09,0.0,-0.015180647610089273,202427412939.0,0.0,19407.0
MRK260116C00080000,80.0,4944.0,空头卖 Call，看跌/看不涨,-2.4182043478304904,CALL,4944.0,0.0,11816160.0,6.021714293425144e-05,10M-50M,2026-01-16,102.29499816894533,104.83000183105467,104.72000122070312,105.68000030517578,102.20999908447266,23.9,22.1,24.35,2.0,0.5542036767578126,True,MRK,25.35,-0.057199211045365,-0.024182043478304903,196225849056.0,-5.719921104536501,4944.0
AVGO270115C00330000,330.0,1014.0,空头卖 Call，看跌/看不涨,-3.875072107776674,CALL,1014.0,0.0,11813100.0,7.477720985115502e-06,10M-50M,2027-01-15,387.3450012207031,402.9599914550781,394.8500061035156,395.4200134277344,385.6400146484375,116.5,115.25,116.9,3.0,0.5649915327453614,True,AVGO,122.85,-0.05168905168905164,-0.03875072107776674,1579772770810.0,-5.168905168905164,1014.0
NVDA260220P00210000,210.0,3557.0,空头卖 Put，看涨/看不跌,1.2146858172228108,PUT,3557.0,0.0,11809240.0,2.7272964517229376e-06,10M-50M,2026-02-20,179.14999389648438,177.0,174.6999969482422,180.3000030517578,173.67999267578125,33.2,33.15,33.45,20.0,0.3381413842773437,True,NVDA,35.74,-0.07106883044208168,0.012146858172228107,4330017000000.0,-7.106883044208168,3557.0
GOOG260320C00285000,285.0,2498.0,空头卖 Call，看跌/看不涨,-1.1573743061283401,CALL,2498.0,0.0,11765580.0,3.935773062730701e-06,10M-50M,2026-03-20,316.4150085449219,320.1199951171875,317.2699890136719,319.6300048828125,314.4100036621094,47.1,46.45,47.1,24.0,0.4374140731811523,True,GOOG,48.6,-0.030864197530864196,-0.011573743061283401,2989394920000.0,-3.0864197530864197,2498.0
COIN270115P00250000,250.0,1975.0,多头买 Put，看跌,-5.259880404028473,PUT,1975.0,0.0,11699900.0,0.00014567279890814462,10M-50M,2027-01-15,258.4700012207031,272.82000732421875,260.4750061035156,265.8800048828125,252.1999969482422,59.24,58.25,59.8,9.0,0.5969126002502443,False,COIN,54.1,0.09500924214417746,-0.052598804040284726,80316298497.0,9.500924214417745,1975.0
RIVN251219C00015000,15.0,39411.0,多头买 Call，看涨,3.0545632918437886,CALL,39411.0,0.0,11626245.000000002,0.000614578255706217,10M-50M,2025-12-19,17.375,16.860000610351562,16.511999130249023,17.790000915527344,16.511999130249023,2.95,2.84,2.95,1090.0,0.9492192578125,True,RIVN,2.18,0.3532110091743119,0.030545632918437884,18917436294.0,35.321100917431195,39411.0
CRWV260320P00070000,70.0,10257.0,空头卖 Put，看涨/看不跌,3.6378500175031574,PUT,10257.0,0.0,11600667.0,0.00019730770014959444,10M-50M,2026-03-20,75.77999877929688,73.12000274658203,71.0,76.63999938964844,69.32009887695312,11.31,11.15,11.45,24.0,0.8867198828124999,False,CRWV,12.6,-0.10238095238095232,0.036378500175031574,58794801172.0,-10.238095238095232,10257.0
HOOD270115C00150000,150.0,4235.0,空头卖 Call，看跌/看不涨,-4.031448138466992,CALL,4235.0,0.0,11561550.0,0.0001075822574520889,10M-50M,2027-01-15,123.30999755859376,128.49000549316406,123.5999984741211,125.28990173339844,118.86000061035156,27.3,26.5,27.25,311.0,0.6865876068115235,False,HOOD,29.15,-0.06346483704974264,-0.04031448138466992,107467070071.0,-6.346483704974264,4235.0
BIDU261218C00150000,150.0,8254.0,多头买 Call，看涨,2.104541960234204,CALL,8254.0,0.0,11555600.0,0.00025593305583766724,10M-50M,2026-12-18,119.3499984741211,116.88999938964844,118.37999725341795,120.19000244140624,117.2699966430664,14.0,13.6,15.0,2.0,0.5105639764404297,False,BIDU,13.1,0.06870229007633591,0.02104541960234204,45150869481.0,6.870229007633591,8254.0
HOOD270319C00090000,90.0,2006.0,空头卖 Call，看跌/看不涨,-4.031448138466992,CALL,2006.0,0.0,11534500.0,0.00010733055244159473,10M-50M,2027-03-19,123.30999755859376,128.49000549316406,123.5999984741211,125.28990173339844,118.86000061035156,57.5,53.75,54.8,1.0,0.7526880200195312,True,HOOD,57.5,0.0,-0.04031448138466992,107467070071.0,0.0,2006.0
GOOGL270115C00235000,235.0,1081.0,空头卖 Call，看跌/看不涨,-1.221189253404943,CALL,1081.0,0.0,11518055.0,3.862974062094298e-06,10M-50M,2027-01-15,316.2699890136719,320.17999267578125,317.70001220703125,319.8500061035156,314.44000244140625,106.55,105.4,106.45,11.0,0.4958851681518554,True,GOOGL,109.4,-0.02605118829981726,-0.012211892534049432,2981654760000.0,-2.605118829981726,1081.0
PANW270115C00200000,200.0,4028.0,空头卖 Call，看跌/看不涨,-1.1360666947022398,CALL,4028.0,0.0,11459660.0,8.465729838149872e-05,10M-50M,2027-01-15,187.97000122070312,190.1300048828125,189.5399932861328,189.8699951171875,185.6201019287109,28.45,26.75,28.65,6.0,0.4218350053405762,False,PANW,28.45,0.0,-0.011360666947022398,135365293000.0,0.0,4028.0
AG260116C00015000,15.0,56143.0,多头买 Call，看涨,2.954699779809544,CALL,56143.0,0.0,11453172.0,0.0019310650444038873,10M-50M,2026-01-16,15.68000030517578,15.229999542236328,15.619999885559082,15.989999771118164,15.34000015258789,2.04,1.98,2.09,1732.0,0.764650791015625,True,AG,1.75,0.16571428571428573,0.02954699779809544,5931013061.0,16.571428571428573,56143.0
CIFR280121C00022000,22.0,10234.0,空头卖 Call，看跌/看不涨,-3.3906659514656172,CALL,10234.0,0.0,11451846.0,0.0025386760701320435,10M-50M,2028-01-21,19.65999984741211,20.350000381469727,19.325000762939453,20.36000061035156,19.0,11.19,10.5,11.35,21.0,1.1005904345703126,False,CIFR,11.22,-0.0026737967914439516,-0.03390665951465617,4510952041.0,-0.26737967914439514,10234.0
NVO271217C00045000,45.0,7455.0,空头卖 Call，看跌/看不涨,-1.5906785647090946,CALL,7455.0,0.0,11406150.0,4.593722116491572e-05,10M-50M,2027-12-17,48.56499862670898,49.34999847412109,48.92499923706055,49.48529815673828,48.52999877929688,15.3,14.55,16.1,5.0,0.5159960510253907,True,NVO,15.4,-0.0064935064935064705,-0.015906785647090946,248298650000.0,-0.649350649350647,7455.0
BABA251219C00160000,160.0,13134.0,多头买 Call，看涨,4.310234359668761,CALL,13134.0,0.0,11387178.0,2.8683918220486065e-05,10M-50M,2025-12-19,164.0800018310547,157.3000030517578,160.5,164.7899932861328,159.41000366210938,8.67,8.6,8.8,1247.0,0.4448297705078124,True,BABA,4.92,0.7621951219512195,0.04310234359668761,396988232656.0,76.21951219512195,13134.0
MSTR260417P00210000,210.0,1715.0,多头买 Put，看跌,-6.817917976986597,PUT,1715.0,0.0,11367020.0,0.00012970886482865,10M-50M,2026-04-17,165.10000610351562,177.17999267578125,168.25,168.25,155.61000061035156,66.28,61.25,62.5,13.0,0.7702049346923829,True,MSTR,51.65,0.2832526621490804,-0.06817917976986597,87634873800.0,28.32526621490804,1715.0
MU260618P00170000,170.0,6899.0,空头卖 Put，看涨/看不跌,1.4377576186997205,PUT,6899.0,0.0,11314360.0,6.428438146065435e-05,10M-50M,2026-06-18,239.8800048828125,236.47999572753903,232.28500366210935,242.3600006103516,231.5,16.4,12.15,12.9,11.0,0.6329992755126954,False,MU,16.4,0.0,0.014377576186997205,176004804634.0,0.0,6899.0
TEM260116C00055000,55.0,4919.0,空头卖 Call，看跌/看不涨,-3.1181833641214434,CALL,4919.0,0.0,11289105.0,0.000828002795434658,10M-50M,2026-01-16,75.5,77.93000030517578,75.5,77.05000305175781,74.45999908447266,22.95,22.0,23.3,1.0,0.9631351342773438,True,TEM,24.11,-0.04811281625881378,-0.031181833641214435,13634138752.0,-4.811281625881378,4919.0
NBIS260116C00080000,80.0,4604.0,多头买 Call，看涨,3.8199646299124375,CALL,4604.0,0.0,11279800.0,0.00043985566849105847,10M-50M,2026-01-16,98.49400329589844,94.87000274658205,91.38999938964844,99.3499984741211,89.01000213623047,24.5,23.4,24.5,40.0,0.9951172363281252,True,NBIS,21.0,0.16666666666666666,0.038199646299124375,25644321099.0,16.666666666666664,4604.0
NVDA260417C00185000,185.0,6091.0,多头买 Call，看涨,1.2146858172228108,CALL,6091.0,0.0,11262259.0,2.600973391097541e-06,10M-50M,2026-04-17,179.14999389648438,177.0,174.6999969482422,180.3000030517578,173.67999267578125,18.49,18.2,18.3,208.0,0.473638076171875,False,NVDA,17.05,0.08445747800586496,0.012146858172228107,4330017000000.0,8.445747800586496,6091.0
CRCL260116P00090000,90.0,6316.0,多头买 Put，看跌,-5.269608369521175,PUT,6316.0,0.0,11223532.0,0.00038522435556164673,10M-50M,2026-01-16,75.71800231933594,79.93000030517578,77.48999786376953,79.83989715576172,75.23999786376953,17.77,17.2,17.95,7.0,0.727541787109375,True,CRCL,14.95,0.18862876254180605,-0.052696083695211754,29135052958.0,18.862876254180605,6316.0
GOOGL260220C00290000,290.0,2768.0,空头卖 Call，看跌/看不涨,-1.221189253404943,CALL,2768.0,0.0,11210400.0,3.759791425349325e-06,10M-50M,2026-02-20,316.2699890136719,320.17999267578125,317.70001220703125,319.8500061035156,314.44000244140625,40.5,39.75,40.15,9.0,0.4350032086181641,True,GOOGL,43.1,-0.06032482598607892,-0.012211892534049432,2981654760000.0,-6.032482598607892,2768.0
COIN260618P00290000,290.0,1930.0,多头买 Put，看跌,-5.259880404028473,PUT,1930.0,0.0,11170840.0,0.00013908559294994473,10M-50M,2026-06-18,258.4700012207031,272.82000732421875,260.4750061035156,265.8800048828125,252.1999969482422,57.88,63.95,65.65,1.0,0.589969920654297,True,COIN,57.88,0.0,-0.052598804040284726,80316298497.0,0.0,1930.0
BIDU260116C00110000,110.0,9185.0,多头买 Call，看涨,2.104541960234204,CALL,9185.0,0.0,11150590.0,0.0002469629074295523,10M-50M,2026-01-16,119.3499984741211,116.88999938964844,118.37999725341795,120.19000244140624,117.2699966430664,12.14,13.0,13.65,6.0,0.4963429272460938,True,BIDU,11.8,0.028813559322033885,0.02104541960234204,45150869481.0,2.8813559322033884,9185.0
NVDA260618P00145000,145.0,13490.0,空头卖 Put，看涨/看不跌,1.2146858172228108,PUT,13490.0,0.0,11129250.0,2.570255497842156e-06,10M-50M,2026-06-18,179.14999389648438,177.0,174.6999969482422,180.3000030517578,173.67999267578125,8.25,8.25,8.35,24.0,0.4465997723388671,False,NVDA,8.95,-0.07821229050279323,0.012146858172228107,4330017000000.0,-7.821229050279323,13490.0
MRVL260116C00080000,80.0,6821.0,多头买 Call，看涨,3.4563716836136065,CALL,6821.0,0.0,11050020.0,0.00015411280230583576,10M-50M,2026-01-16,92.48999786376952,89.4000015258789,89.06999969482422,92.73999786376952,88.30999755859375,16.2,15.6,16.75,70.0,0.6916534741210938,True,MRVL,14.0,0.15714285714285708,0.034563716836136064,71700857000.0,15.714285714285708,6821.0
NVO260320P00055000,55.0,13365.0,多头买 Put，看跌,-1.5906785647090946,PUT,13365.0,0.0,11026125.0,4.440670539288071e-05,10M-50M,2026-03-20,48.56499862670898,49.34999847412109,48.92499923706055,49.48529815673828,48.52999877929688,8.25,8.15,8.3,13.0,0.3841614318847656,True,NVO,7.9,0.04430379746835438,-0.015906785647090946,248298650000.0,4.430379746835438,13365.0
UBER260618C00070000,70.0,5169.0,空头卖 Call，看跌/看不涨,-1.2222980164881725,CALL,5169.0,0.0,11009970.0,5.362621642483486e-05,10M-50M,2026-06-18,86.47000122070312,87.54000091552734,86.98999786376953,87.61000061035156,85.4800033569336,21.3,21.0,21.5,4.0,0.4995167236328125,True,UBER,21.81,-0.023383768913342415,-0.012222980164881724,205309468652.0,-2.3383768913342413,5169.0
PDD260320P00115000,115.0,16302.0,空头卖 Put，看涨/看不跌,2.2226066422790827,PUT,16302.0,0.0,11003850.0,5.962858635639454e-05,10M-50M,2026-03-20,118.66000366210938,116.08000183105467,116.41000366210938,119.5,116.1500015258789,6.75,5.45,5.65,10.0,0.2870554693603515,False,PDD,6.75,0.0,0.022226066422790826,184539843595.0,0.0,16302.0
ONON260320C00050000,50.0,37092.0,多头买 Call，看涨,2.5460306641293164,CALL,37092.0,0.0,10942140.0,0.0004059086920164504,10M-50M,2026-03-20,45.11000061035156,43.9900016784668,43.52000045776367,45.380001068115234,43.16999816894531,2.95,2.95,3.0,194.0,0.4890187817382813,False,ONON,2.57,0.14785992217898847,0.025460306641293163,26957146312.0,14.785992217898848,37092.0
GOOGL261218C00260000,260.0,1248.0,空头卖 Call，看跌/看不涨,-1.221189253404943,CALL,1248.0,0.0,10929984.0,3.6657443197749693e-06,10M-50M,2026-12-18,316.2699890136719,320.17999267578125,317.70001220703125,319.8500061035156,314.44000244140625,87.58,86.55,86.85,2.0,0.4653526365661621,True,GOOGL,89.6,-0.022544642857142815,-0.012211892534049432,2981654760000.0,-2.2544642857142816,1248.0
NVDA251205C00182500,182.5,55107.0,多头买 Call，看涨,1.2146858172228108,CALL,55107.0,0.0,10911186.0,2.519894494640552e-06,10M-50M,2025-12-05,179.14999389648438,177.0,174.6999969482422,180.3000030517578,173.67999267578125,1.98,1.98,1.99,56255.0,0.4018614501953125,False,NVDA,1.64,0.20731707317073178,0.012146858172228107,4330017000000.0,20.731707317073177,55107.0
MU260618C00280000,280.0,3302.0,多头买 Call，看涨,1.4377576186997205,CALL,3302.0,0.0,10896600.0,6.191080989328306e-05,10M-50M,2026-06-18,239.8800048828125,236.47999572753903,232.28500366210935,242.3600006103516,231.5,33.0,32.75,33.35,14.0,0.6666598275756838,False,MU,30.58,0.07913669064748208,0.014377576186997205,176004804634.0,7.913669064748207,3302.0
NVDA251219P00215000,215.0,3063.0,空头卖 Put，看涨/看不跌,1.2146858172228108,PUT,3063.0,0.0,10892028.000000002,2.5154700316419084e-06,10M-50M,2025-12-19,179.14999389648438,177.0,174.6999969482422,180.3000030517578,173.67999267578125,35.56,35.4,35.65,73.0,1.0000000000000004e-05,True,NVDA,38.35,-0.07275097783572357,0.012146858172228107,4330017000000.0,-7.275097783572357,3063.0
PFE260116P00030000,30.0,25263.0,多头买 Put，看跌,-1.8842292721997709,PUT,25263.0,0.0,10888352.999999998,8.060152049507168e-05,10M-50M,2026-01-16,25.2549991607666,25.739999771118164,25.76000022888184,25.940000534057617,25.234399795532227,4.31,4.15,4.9,100.0,0.3632876171875,True,PFE,4.3,0.0023255813953487877,-0.018842292721997708,135088679880.0,0.23255813953487878,25263.0
SOFI270115C00032000,32.0,13177.0,空头卖 Call，看跌/看不涨,-1.4300109248978774,CALL,13177.0,0.0,10871025.0,0.00032446313474962475,10M-50M,2027-01-15,29.295000076293945,29.71999931335449,28.86000061035156,29.700000762939453,28.670000076293945,8.25,7.85,8.2,23.0,0.7366969689941407,False,SOFI,8.3,-0.006024096385542254,-0.014300109248978773,33504653798.0,-0.6024096385542254,13177.0
RIVN260918C00015000,15.0,18525.0,多头买 Call，看涨,3.0545632918437886,CALL,18525.0,0.0,10837125.0,0.0005728643581285476,10M-50M,2026-09-18,17.375,16.860000610351562,16.511999130249023,17.790000915527344,16.511999130249023,5.85,5.5,5.85,260.0,0.7751487329101563,True,RIVN,5.16,0.13372093023255804,0.030545632918437884,18917436294.0,13.372093023255804,18525.0
NVDA261218C00210000,210.0,4329.0,多头买 Call，看涨,1.2146858172228108,CALL,4329.0,0.0,10813842.0,2.4974132896014034e-06,10M-50M,2026-12-18,179.14999389648438,177.0,174.6999969482422,180.3000030517578,173.67999267578125,24.98,24.9,25.1,128.0,0.4911855081176758,False,NVDA,23.62,0.05757832345469938,0.012146858172228107,4330017000000.0,5.7578323454699385,4329.0
COIN260320P00250000,250.0,3513.0,多头买 Put，看跌,-5.259880404028473,PUT,3513.0,0.0,10802475.0,0.00013449916395740644,10M-50M,2026-03-20,258.4700012207031,272.82000732421875,260.4750061035156,265.8800048828125,252.1999969482422,30.75,29.55,30.05,15.0,0.6107216662597659,False,COIN,24.42,0.2592137592137591,-0.052598804040284726,80316298497.0,25.921375921375912,3513.0
NVDA260220C00150000,150.0,3119.0,多头买 Call，看涨,1.2146858172228108,CALL,3119.0,0.0,10801097.0,2.494469883143646e-06,10M-50M,2026-02-20,179.14999389648438,177.0,174.6999969482422,180.3000030517578,173.67999267578125,34.63,34.45,34.8,92.0,0.5156908782958984,True,NVDA,32.55,0.06390168970814149,0.012146858172228107,4330017000000.0,6.390168970814149,3119.0
MU260618C00210000,210.0,1712.0,多头买 Call，看涨,1.4377576186997205,CALL,1712.0,0.0,10785600.0,6.128014529165004e-05,10M-50M,2026-06-18,239.8800048828125,236.47999572753903,232.28500366210935,242.3600006103516,231.5,63.0,61.45,62.8,10.0,0.6947662359619142,True,MU,58.76,0.07215793056501024,0.014377576186997205,176004804634.0,7.215793056501024,1712.0
GOOG260320C00280000,280.0,2100.0,空头卖 Call，看跌/看不涨,-1.1573743061283401,CALL,2100.0,0.0,10752000.0,3.596714481604859e-06,10M-50M,2026-03-20,316.4150085449219,320.1199951171875,317.2699890136719,319.6300048828125,314.4100036621094,51.2,49.85,50.6,22.0,0.4429071823120117,True,GOOG,53.55,-0.04388422035480849,-0.011573743061283401,2989394920000.0,-4.388422035480849,2100.0
GOOG251219C00280000,280.0,-2787.0,多头平仓 Call，减仓，看涨减弱,-1.1573743061283401,CALL,5210.0,7997.0,10741098.0,3.5930675897448838e-06,10M-50M,2025-12-19,316.4150085449219,320.1199951171875,317.2699890136719,319.6300048828125,314.4100036621094,38.54,37.65,38.45,156.0,0.4725394543457031,True,GOOG,40.57,-0.05003697313285682,-0.011573743061283401,2989394920000.0,-5.003697313285683,-2787.0
PATH270115C00015000,15.0,26626.0,多头买 Call，看涨,1.4444450637134965,CALL,26626.0,0.0,10730278.000000002,0.0016549431684336345,10M-50M,2027-01-15,14.060199737548828,13.859999656677246,13.68000030517578,14.199999809265137,13.550000190734863,4.03,4.0,4.05,404.0,0.7475611181640626,False,PATH,3.8,0.060526315789473796,0.014444450637134964,6483774310.0,6.05263157894738,26626.0
NKE271217P00060000,60.0,10511.0,空头卖 Put，看涨/看不跌,1.4931208545488865,PUT,10511.0,0.0,10721220.0,0.00010473605016927926,10M-50M,2027-12-17,65.59500122070312,64.62999725341797,63.77000045776367,65.98989868164062,63.58000183105469,10.2,9.3,10.6,27.0,0.3733888345336914,False,NKE,10.2,0.0,0.014931208545488866,102364181031.0,0.0,10511.0
MU260320C00250000,250.0,3370.0,多头买 Call，看涨,1.4377576186997205,CALL,3370.0,0.0,10716600.0,6.088811053928356e-05,10M-50M,2026-03-20,239.8800048828125,236.47999572753903,232.28500366210935,242.3600006103516,231.5,31.8,31.4,32.3,114.0,0.6873200213623047,False,MU,29.5,0.07796610169491527,0.014377576186997205,176004804634.0,7.796610169491528,3370.0
BIDU260116C00090000,90.0,3548.0,多头买 Call，看涨,2.104541960234204,CALL,3548.0,0.0,10704316.0,0.00023707884528125197,10M-50M,2026-01-16,119.3499984741211,116.88999938964844,118.37999725341795,120.19000244140624,117.2699966430664,30.17,30.4,31.15,1.0,0.6640658593750002,True,BIDU,28.48,0.05933988764044948,0.02104541960234204,45150869481.0,5.933988764044948,3548.0
MRK260320C00110000,110.0,34975.0,空头卖 Call，看跌/看不涨,-2.4182043478304904,CALL,34975.0,0.0,10667375.0,5.436274095038155e-05,10M-50M,2026-03-20,102.29499816894533,104.83000183105467,104.72000122070312,105.68000030517578,102.20999908447266,3.05,2.99,3.1,307.0,0.2673413110351562,False,MRK,4.2,-0.2738095238095239,-0.024182043478304903,196225849056.0,-27.38095238095239,34975.0
MRK270115C00100000,100.0,8194.0,空头卖 Call，看跌/看不涨,-2.4182043478304904,CALL,8194.0,0.0,10652200.0,5.4285406592686046e-05,10M-50M,2027-01-15,102.29499816894533,104.83000183105467,104.72000122070312,105.68000030517578,102.20999908447266,13.0,12.7,13.45,26.0,0.2876047802734374,True,MRK,14.5,-0.10344827586206896,-0.024182043478304903,196225849056.0,-10.344827586206897,8194.0
CELH251219C00036000,36.0,14103.0,多头买 Call，看涨,5.007335418962158,CALL,14103.0,0.0,10647765.0,0.0007589451217538328,10M-50M,2025-12-19,42.9900016784668,40.93999862670898,40.65999984741211,43.275001525878906,40.37009811401367,7.55,6.9,7.8,600.0,0.6669955175781253,True,CELH,5.65,0.3362831858407079,0.050073354189621576,14029690283.0,33.62831858407079,14103.0
NVDA261218C00156000,156.0,2215.0,多头买 Call，看涨,1.2146858172228108,CALL,2215.0,0.0,10643075.0,2.45797533820306e-06,10M-50M,2026-12-18,179.14999389648438,177.0,174.6999969482422,180.3000030517578,173.67999267578125,48.05,48.5,48.75,2.0,0.530827445678711,True,NVDA,47.59,0.009665896196679843,0.012146858172228107,4330017000000.0,0.9665896196679843,2215.0
NVDA260320P00145000,145.0,23358.0,空头卖 Put，看涨/看不跌,1.2146858172228108,PUT,23358.0,0.0,10627890.0,2.4544684235650805e-06,10M-50M,2026-03-20,179.14999389648438,177.0,174.6999969482422,180.3000030517578,173.67999267578125,4.55,4.55,4.6,425.0,0.4619804779052735,False,NVDA,5.17,-0.11992263056092846,0.012146858172228107,4330017000000.0,-11.992263056092845,23358.0
MU261218C00200000,200.0,1262.0,多头买 Call，看涨,1.4377576186997205,CALL,1262.0,0.0,10626040.0,6.037357913096026e-05,10M-50M,2026-12-18,239.8800048828125,236.47999572753903,232.28500366210935,242.3600006103516,231.5,84.2,81.95,84.15,5.0,0.6948120118713379,True,MU,80.26,0.04909045601794166,0.014377576186997205,176004804634.0,4.909045601794166,1262.0
CRWV260320P00090000,90.0,4584.0,空头卖 Put，看涨/看不跌,3.6378500175031574,PUT,4584.0,0.0,10625712.0,0.0001807253666683086,10M-50M,2026-03-20,75.77999877929688,73.12000274658203,71.0,76.63999938964844,69.32009887695312,23.18,22.9,23.35,14.0,0.8336198278808591,True,CRWV,24.25,-0.0441237113402062,0.036378500175031574,58794801172.0,-4.41237113402062,4584.0
GOOGL261218P00290000,290.0,3532.0,多头买 Put，看跌,-1.221189253404943,PUT,3532.0,0.0,10613660.0,3.559654237098865e-06,10M-50M,2026-12-18,316.2699890136719,320.17999267578125,317.70001220703125,319.8500061035156,314.44000244140625,30.05,30.1,30.35,11.0,0.342657940673828,False,GOOGL,29.9,0.005016722408026827,-0.012211892534049432,2981654760000.0,0.5016722408026827,3532.0
NVO260116P00060000,60.0,9407.0,多头买 Put，看跌,-1.5906785647090946,PUT,9407.0,0.0,10582875.0,4.262155674225374e-05,10M-50M,2026-01-16,48.56499862670898,49.34999847412109,48.92499923706055,49.48529815673828,48.52999877929688,11.25,11.1,11.55,6.0,0.3505924316406249,True,NVO,11.1,0.013513513513513545,-0.015906785647090946,248298650000.0,1.3513513513513546,9407.0
MU251219C00170000,170.0,1459.0,多头买 Call，看涨,1.4377576186997205,CALL,1459.0,0.0,10535438.999999998,5.985881477445076e-05,10M-50M,2025-12-19,239.8800048828125,236.47999572753903,232.28500366210935,242.3600006103516,231.5,72.21,70.7,72.85,1.0,1.083988955078125,True,MU,65.3,0.10581929555895861,0.014377576186997205,176004804634.0,10.581929555895861,1459.0
BIDU260116C00105000,105.0,6064.0,多头买 Call，看涨,2.104541960234204,CALL,6064.0,0.0,10490720.0,0.0002323481279671616,10M-50M,2026-01-16,119.3499984741211,116.88999938964844,118.37999725341795,120.19000244140624,117.2699966430664,17.3,16.35,17.9,4.0,0.5593305786132813,True,BIDU,16.2,0.06790123456790133,0.02104541960234204,45150869481.0,6.790123456790133,6064.0
IBM260116C00240000,240.0,1474.0,空头卖 Call，看跌/看不涨,-1.4048193802947502,CALL,1474.0,0.0,10391700.0,3.923761800320231e-05,10M-50M,2026-01-16,304.2449951171875,308.5799865722656,306.5050048828125,306.8800048828125,302.79998779296875,70.5,65.35,68.1,3.0,0.5225877819824218,True,IBM,70.5,0.0,-0.0140481938029475,264840235693.0,0.0,1474.0
MSTR251219P00190000,190.0,2884.0,多头买 Put，看跌,-6.817917976986597,PUT,2884.0,0.0,10391052.0,0.00011857211118617484,10M-50M,2025-12-19,165.10000610351562,177.17999267578125,168.25,168.25,155.61000061035156,36.03,29.15,30.2,129.0,0.861451580810547,True,MSTR,20.1,0.7925373134328357,-0.06817917976986597,87634873800.0,79.25373134328358,2884.0
HOOD251219C00090000,90.0,3295.0,空头卖 Call，看跌/看不涨,-4.031448138466992,CALL,3295.0,0.0,10389135.0,9.667272954530385e-05,10M-50M,2025-12-19,123.30999755859376,128.49000549316406,123.5999984741211,125.28990173339844,118.86000061035156,31.53,32.35,34.4,2.0,0.51562984375,True,HOOD,37.7,-0.16366047745358092,-0.04031448138466992,107467070071.0,-16.36604774535809,3295.0
INTC260116C00050000,50.0,123431.0,空头卖 Call，看跌/看不涨,-1.486687920247983,CALL,123431.0,0.0,10368204.0,6.67265443242043e-05,10M-50M,2026-01-16,39.95700073242188,40.560001373291016,39.8650016784668,40.375,39.59999847412109,0.84,0.84,0.86,4804.0,0.6293982373046876,False,INTC,1.09,-0.2293577981651377,-0.01486687920247983,155383500000.0,-22.935779816513772,123431.0
NEE251219C00077500,77.5,13345.0,空头卖 Call，看跌/看不涨,-1.6861766318429474,CALL,13345.0,0.0,10342375.0,6.621351435691645e-05,10M-50M,2025-12-19,84.83499908447266,86.29000091552734,85.58999633789062,85.66999816894531,84.3927993774414,7.75,7.3,8.2,2.0,0.4497125341796875,True,NEE,8.5,-0.08823529411764706,-0.016861766318429474,156197342800.0,-8.823529411764707,13345.0
NVDA270617C00185000,185.0,-2365.0,空头平仓 Call，回补信号，看涨,1.2146858172228108,CALL,4294.0,6659.0,10292480.0,2.377006833922361e-06,10M-50M,2027-06-17,179.14999389648438,177.0,174.6999969482422,180.3000030517578,173.67999267578125,43.52,42.9,43.2,31.0,0.5171557073974609,False,NVDA,41.45,0.049939686369119426,0.012146858172228107,4330017000000.0,4.9939686369119425,-2365.0
UBER260116C00070000,70.0,5990.0,空头卖 Call，看跌/看不涨,-1.2222980164881725,CALL,5990.0,0.0,10242900.000000002,4.989005167297832e-05,10M-50M,2026-01-16,86.47000122070312,87.54000091552734,86.98999786376953,87.61000061035156,85.4800033569336,17.1,16.15,17.9,16.0,0.5996133789062501,True,UBER,17.5,-0.022857142857142777,-0.012222980164881724,205309468652.0,-2.2857142857142776,5990.0
NVDA271217P00155000,155.0,3754.0,空头卖 Put，看涨/看不跌,1.2146858172228108,PUT,3754.0,0.0,10233404.0,2.3633634694736765e-06,10M-50M,2027-12-17,179.14999389648438,177.0,174.6999969482422,180.3000030517578,173.67999267578125,27.26,27.2,27.5,1.0,0.409063526611328,False,NVDA,27.26,0.0,0.012146858172228107,4330017000000.0,0.0,3754.0
NVDA260417C00170000,170.0,3916.0,多头买 Call，看涨,1.2146858172228108,CALL,3916.0,0.0,10212928.0,2.358634619679322e-06,10M-50M,2026-04-17,179.14999389648438,177.0,174.6999969482422,180.3000030517578,173.67999267578125,26.08,25.75,26.0,130.0,0.4944508563232422,True,NVDA,24.34,0.07148726376335245,0.012146858172228107,4330017000000.0,7.148726376335245,3916.0
GOOGL260320C00235000,235.0,1154.0,空头卖 Call，看跌/看不涨,-1.221189253404943,CALL,1154.0,0.0,10203668.0,3.422149383921296e-06,10M-50M,2026-03-20,316.2699890136719,320.17999267578125,317.70001220703125,319.8500061035156,314.44000244140625,88.42,87.2,87.8,7.0,0.5290574438476563,True,GOOGL,89.96,-0.017118719430858072,-0.012211892534049432,2981654760000.0,-1.7118719430858071,1154.0
NVDA260618C00177000,177.0,3739.0,多头买 Call，看涨,1.2146858172228108,CALL,3739.0,0.0,10188775.0,2.3530565815330517e-06,10M-50M,2026-06-18,179.14999389648438,177.0,174.6999969482422,180.3000030517578,173.67999267578125,27.25,26.95,27.15,180.0,0.4980824118041992,True,NVDA,25.55,0.06653620352250486,0.012146858172228107,4330017000000.0,6.653620352250486,3739.0
CSCO260320C00072500,72.5,15661.0,空头卖 Call，看跌/看不涨,-1.0527751004493946,CALL,15661.0,0.0,10179650.0,3.8307683104692296e-05,10M-50M,2026-03-20,76.12999725341797,76.94000244140625,76.66999816894531,76.81800079345703,76.03500366210938,6.5,6.4,7.05,3.0,0.3099434240722656,True,CSCO,7.0,-0.07142857142857142,-0.010527751004493945,265733899181.0,-7.142857142857142,15661.0
COIN260116P00280000,280.0,2836.0,多头买 Put，看跌,-5.259880404028473,PUT,2836.0,0.0,10172732.0,0.00012665837682223336,10M-50M,2026-01-16,258.4700012207031,272.82000732421875,260.4750061035156,265.8800048828125,252.1999969482422,35.87,34.35,35.25,18.0,0.5816387051391602,True,COIN,27.6,0.29963768115942013,-0.052598804040284726,80316298497.0,29.963768115942013,2836.0
B280121C00035000,35.0,7264.0,多头买 Call，看涨,1.7174627040445478,CALL,7264.0,0.0,10169600.0,0.00017288573797248792,10M-50M,2028-01-21,42.04999923706055,41.34000015258789,42.3650016784668,43.08000183105469,41.790000915527344,14.0,13.7,14.9,369.0,0.502080174560547,True,B,13.14,0.06544901065449006,0.017174627040445478,58822665879.0,6.5449010654490065,7264.0
BABA260320C00170000,170.0,7394.0,多头买 Call，看涨,4.310234359668761,CALL,7394.0,0.0,10137174.0,2.5535200205251698e-05,10M-50M,2026-03-20,164.0800018310547,157.3000030517578,160.5,164.7899932861328,159.41000366210938,13.71,13.35,13.8,223.0,0.4547173669433594,False,BABA,10.4,0.3182692307692308,0.04310234359668761,396988232656.0,31.82692307692308,7394.0
CRWV251219P00085000,85.0,8797.0,空头卖 Put，看涨/看不跌,3.6378500175031574,PUT,8797.0,0.0,10116550.0,0.00017206538330497546,10M-50M,2025-12-19,75.77999877929688,73.12000274658203,71.0,76.63999938964844,69.32009887695312,11.5,11.2,11.8,64.0,0.7905294384765625,True,CRWV,13.88,-0.1714697406340058,0.036378500175031574,58794801172.0,-17.14697406340058,8797.0
GOOGL260918C00290000,290.0,1650.0,空头卖 Call，看跌/看不涨,-1.221189253404943,CALL,1650.0,0.0,10109550.0,3.3905836905141893e-06,10M-50M,2026-09-18,316.2699890136719,320.17999267578125,317.70001220703125,319.8500061035156,314.44000244140625,61.27,61.05,61.75,12.0,0.4418085604858398,True,GOOGL,63.84,-0.04025689223057644,-0.012211892534049432,2981654760000.0,-4.025689223057644,1650.0
JPM251219C00250000,250.0,1647.0,空头卖 Call，看跌/看不涨,-1.26963579801355,CALL,1647.0,0.0,10063170.0,1.1579010672534312e-05,10M-50M,2025-12-19,309.1050109863281,313.0799865722656,312.95001220703125,314.0400085449219,308.7900085449219,61.1,60.2,61.55,558.0,0.6872589868164063,True,JPM,63.83,-0.042769857433808504,-0.0126963579801355,869087203095.0,-4.27698574338085,1647.0
GOOG260618C00380000,380.0,6022.0,空头卖 Call，看跌/看不涨,-1.1573743061283401,CALL,7290.0,1268.0,10056740.0,3.364138987698554e-06,10M-50M,2026-06-18,316.4150085449219,320.1199951171875,317.2699890136719,319.6300048828125,314.4100036621094,16.7,16.35,16.5,29.0,0.3975890319824219,False,GOOG,18.2,-0.08241758241758242,-0.011573743061283401,2989394920000.0,-8.241758241758241,6022.0
MRNA260116P00030000,30.0,16332.0,多头买 Put，看跌,-6.524248362932478,PUT,16332.0,0.0,9962520.0,0.0010455427266062953,5M-10M,2026-01-16,24.28499984741211,25.979999542236328,25.049999237060547,25.250999450683597,24.19499969482422,6.1,6.0,6.3,31.0,0.5722699023437501,True,MRNA,4.91,0.24236252545824835,-0.06524248362932478,9528563249.0,24.236252545824836,16332.0
NVDA260918C00190000,190.0,3671.0,多头买 Call，看涨,1.2146858172228108,CALL,3671.0,0.0,9948410.0,2.2975452521318045e-06,5M-10M,2026-09-18,179.14999389648438,177.0,174.6999969482422,180.3000030517578,173.67999267578125,27.1,27.0,27.15,691.0,0.4941762008666992,False,NVDA,25.69,0.05488516932658622,0.012146858172228107,4330017000000.0,5.488516932658622,3671.0
NVDA260116C00210000,210.0,49990.0,多头买 Call，看涨,1.2146858172228108,CALL,49990.0,0.0,9948010.0,2.297452873741604e-06,5M-10M,2026-01-16,179.14999389648438,177.0,174.6999969482422,180.3000030517578,173.67999267578125,1.99,1.98,2.0,4877.0,0.4074766284179688,False,NVDA,1.75,0.13714285714285715,0.012146858172228107,4330017000000.0,13.714285714285715,49990.0
B260618C00038000,38.0,12083.0,多头买 Call，看涨,1.7174627040445478,CALL,12083.0,0.0,9908060.0,0.0001684394927013539,5M-10M,2026-06-18,42.04999923706055,41.34000015258789,42.3650016784668,43.08000183105469,41.790000915527344,8.2,7.6,8.25,16.0,0.5117236328125,True,B,7.47,0.09772423025435067,0.017174627040445478,58822665879.0,9.772423025435067,12083.0
MSTR260618C00200000,200.0,3499.0,空头卖 Call，看跌/看不涨,-6.817917976986597,CALL,3499.0,0.0,9902170.0,0.00011299348730276827,5M-10M,2026-06-18,165.10000610351562,177.17999267578125,168.25,168.25,155.61000061035156,28.3,28.75,29.65,280.0,0.8411270770263672,False,MSTR,33.9,-0.1651917404129793,-0.06817917976986597,87634873800.0,-16.51917404129793,3499.0
TEM260116C00060000,60.0,5355.0,空头卖 Call，看跌/看不涨,-3.1181833641214434,CALL,5355.0,0.0,9853199.999999998,0.0007226859121229514,5M-10M,2026-01-16,75.5,77.93000030517578,75.5,77.05000305175781,74.45999908447266,18.4,17.7,19.4,1.0,0.9035654174804688,True,TEM,19.6,-0.061224489795918505,-0.031181833641214435,13634138752.0,-6.122448979591851,5355.0
BABA260116P00175000,175.0,6179.0,空头卖 Put，看涨/看不跌,4.310234359668761,PUT,6179.0,0.0,9824610.0,2.474786200656296e-05,5M-10M,2026-01-16,164.0800018310547,157.3000030517578,160.5,164.7899932861328,159.41000366210938,15.9,14.8,15.25,30.0,0.3598696826171874,True,BABA,19.8,-0.196969696969697,0.04310234359668761,396988232656.0,-19.6969696969697,6179.0
BABA251219P00190000,190.0,3676.0,空头卖 Put，看涨/看不跌,4.310234359668761,PUT,3676.0,0.0,9822272.0,2.4741972663233165e-05,5M-10M,2025-12-19,164.0800018310547,157.3000030517578,160.5,164.7899932861328,159.41000366210938,26.72,24.9,26.1,2.0,0.3491276025390625,True,BABA,32.55,-0.17910906298003068,0.04310234359668761,396988232656.0,-17.910906298003066,3676.0
COIN260116P00250000,250.0,5544.0,多头买 Put，看跌,-5.259880404028473,PUT,5544.0,0.0,9785160.0,0.00012183280583287212,5M-10M,2026-01-16,258.4700012207031,272.82000732421875,260.4750061035156,265.8800048828125,252.1999969482422,17.65,17.5,18.15,225.0,0.5994302752685547,False,COIN,13.25,0.3320754716981131,-0.052598804040284726,80316298497.0,33.207547169811306,5544.0
COIN260618C00300000,300.0,2617.0,空头卖 Call，看跌/看不涨,-5.259880404028473,CALL,2617.0,0.0,9748325.0,0.00012137418160977777,5M-10M,2026-06-18,258.4700012207031,272.82000732421875,260.4750061035156,265.8800048828125,252.1999969482422,37.25,36.3,37.8,49.0,0.6799958758544924,False,COIN,42.0,-0.1130952380952381,-0.052598804040284726,80316298497.0,-11.30952380952381,2617.0
MSTR261218P00195000,195.0,1347.0,多头买 Put，看跌,-6.817917976986597,PUT,1347.0,0.0,9698400.0,0.00011066827142506823,5M-10M,2026-12-18,165.10000610351562,177.17999267578125,168.25,168.25,155.61000061035156,72.0,69.55,70.5,30.0,0.7505823281860352,True,MSTR,63.0,0.14285714285714285,-0.06817917976986597,87634873800.0,14.285714285714285,1347.0
MSTR260116C00145000,145.0,3242.0,空头卖 Call，看跌/看不涨,-6.817917976986597,CALL,3242.0,0.0,9661160.0,0.00011024332644157925,5M-10M,2026-01-16,165.10000610351562,177.17999267578125,168.25,168.25,155.61000061035156,29.8,30.4,31.35,52.0,0.8653577917480468,True,MSTR,46.24,-0.3555363321799308,-0.06817917976986597,87634873800.0,-35.55363321799308,3242.0
APP260220C00600000,600.0,1087.0,多头买 Call，看涨,2.7573947146574787,CALL,1087.0,0.0,9635168.0,4.252433702759793e-05,5M-10M,2026-02-20,616.010009765625,599.47998046875,588.1300048828125,622.4299926757812,576.0,88.64,89.2,90.8,168.0,0.7129850479125978,True,APP,74.2,0.19460916442048515,0.02757394714657479,226580087392.0,19.460916442048514,1087.0
MSTR260220P00200000,200.0,1907.0,多头买 Put，看跌,-6.817917976986597,PUT,1907.0,0.0,9559791.0,0.00010908660656963255,5M-10M,2026-02-20,165.10000610351562,177.17999267578125,168.25,168.25,155.61000061035156,50.13,47.5,48.45,160.0,0.7901021966552735,True,MSTR,39.3,0.2755725190839696,-0.06817917976986597,87634873800.0,27.557251908396964,1907.0
UBER270115C00085000,85.0,5725.0,空头卖 Call，看跌/看不涨,-1.2222980164881725,CALL,5725.0,0.0,9549300.0,4.6511736953477215e-05,5M-10M,2027-01-15,86.47000122070312,87.54000091552734,86.98999786376953,87.61000061035156,85.4800033569336,16.68,16.4,17.05,16.0,0.4534356414794922,True,UBER,17.6,-0.052272727272727366,-0.012222980164881724,205309468652.0,-5.227272727272736,5725.0
APP251219C00600000,600.0,2153.0,多头买 Call，看涨,2.7573947146574787,CALL,2153.0,0.0,9501189.0,4.1933027343052674e-05,5M-10M,2025-12-19,616.010009765625,599.47998046875,588.1300048828125,622.4299926757812,576.0,44.13,43.8,45.2,272.0,0.6468541174316407,True,APP,33.3,0.3252252252252254,0.02757394714657479,226580087392.0,32.52252252252254,2153.0
NBIS260320C00090000,90.0,3874.0,多头买 Call，看涨,3.8199646299124375,CALL,3874.0,0.0,9491300.0,0.0003701131320013815,5M-10M,2026-03-20,98.49400329589844,94.87000274658205,91.38999938964844,99.3499984741211,89.01000213623047,24.5,24.5,25.1,206.0,0.9948730981445312,True,NBIS,22.6,0.08407079646017693,0.038199646299124375,25644321099.0,8.407079646017692,3874.0
MU260116C00270000,270.0,7367.0,多头买 Call，看涨,1.4377576186997205,CALL,7367.0,0.0,9488696.0,5.391157371943133e-05,5M-10M,2026-01-16,239.8800048828125,236.47999572753903,232.28500366210935,242.3600006103516,231.5,12.88,12.2,12.95,473.0,0.6805451867675782,False,MU,11.05,0.16561085972850678,0.014377576186997205,176004804634.0,16.561085972850677,7367.0
B260320C00030000,30.0,7094.0,多头买 Call，看涨,1.7174627040445478,CALL,7094.0,0.0,9413737.999999998,0.00016003589533606554,5M-10M,2026-03-20,42.04999923706055,41.34000015258789,42.3650016784668,43.08000183105469,41.790000915527344,13.27,12.3,13.65,24.0,0.6005899316406251,True,B,12.3,0.07886178861788608,0.017174627040445478,58822665879.0,7.886178861788608,7094.0
BMNR270115C00025000,25.0,6209.0,空头卖 Call，看跌/看不涨,-12.016907217967214,CALL,6209.0,0.0,9412844.0,0.04331329254705491,5M-10M,2027-01-15,29.13999938964844,33.119998931884766,30.51000022888184,30.899999618530277,28.809999465942383,15.16,15.05,15.3,3465.0,1.2141152575683591,True,BMNR,17.74,-0.14543404735062,-0.12016907217967214,217319983.0,-14.543404735062,6209.0
INTC251219C00040000,40.0,44371.0,空头卖 Call，看跌/看不涨,-1.486687920247983,CALL,44371.0,0.0,9317910.0,5.996717798221819e-05,5M-10M,2025-12-19,39.95700073242188,40.560001373291016,39.8650016784668,40.375,39.59999847412109,2.1,2.06,2.09,6419.0,0.5751995605468749,False,INTC,2.55,-0.17647058823529402,-0.01486687920247983,155383500000.0,-17.647058823529402,44371.0
PFE270115C00027000,27.0,49298.0,空头卖 Call，看跌/看不涨,-1.8842292721997709,CALL,49298.0,0.0,9317322.0,6.897189319102554e-05,5M-10M,2027-01-15,25.2549991607666,25.739999771118164,25.76000022888184,25.940000534057617,25.234399795532227,1.89,1.86,1.92,368.0,0.245124736328125,False,PFE,2.05,-0.07804878048780485,-0.018842292721997708,135088679880.0,-7.804878048780485,49298.0
UBER260116P00092500,92.5,12019.0,多头买 Put，看跌,-1.2222980164881725,PUT,12019.0,0.0,9314725.0,4.536919344810384e-05,5M-10M,2026-01-16,86.47000122070312,87.54000091552734,86.98999786376953,87.61000061035156,85.4800033569336,7.75,7.0,8.05,17.0,0.342657940673828,True,UBER,7.0,0.10714285714285714,-0.012222980164881724,205309468652.0,10.714285714285714,12019.0
RIVN271217P00020000,20.0,12073.0,空头卖 Put，看涨/看不跌,3.0545632918437886,PUT,12073.0,0.0,9296210.0,0.0004914096104527894,5M-10M,2027-12-17,17.375,16.860000610351562,16.511999130249023,17.790000915527344,16.511999130249023,7.7,7.0,8.0,1.0,0.5900919897460939,True,RIVN,8.34,-0.0767386091127098,0.030545632918437884,18917436294.0,-7.67386091127098,12073.0
GOOGL251219C00310000,310.0,6853.0,空头卖 Call，看跌/看不涨,-1.221189253404943,CALL,6853.0,0.0,9285815.0,3.114315957894468e-06,5M-10M,2025-12-19,316.2699890136719,320.17999267578125,317.70001220703125,319.8500061035156,314.44000244140625,13.55,13.5,13.65,380.0,0.3597476135253906,True,GOOGL,16.55,-0.18126888217522658,-0.012211892534049432,2981654760000.0,-18.12688821752266,6853.0
APLD260116C00020000,20.0,9690.0,多头买 Call，看涨,4.35054955921596,CALL,9690.0,0.0,9253950.0,0.0016299067551198416,5M-10M,2026-01-16,28.27899932861328,27.100000381469727,25.850000381469727,28.524999618530277,25.690000534057617,9.55,9.35,9.8,480.0,1.2373085009765623,True,APLD,8.5,0.12352941176470597,0.0435054955921596,5677594728.0,12.352941176470598,9690.0
MSTR260116P00170000,170.0,4132.0,多头买 Put，看跌,-6.817917976986597,PUT,4132.0,0.0,9201964.0,0.00010500344898083256,5M-10M,2026-01-16,165.10000610351562,177.17999267578125,168.25,168.25,155.61000061035156,22.27,21.85,22.45,364.0,0.8220232641601561,True,MSTR,15.88,0.40239294710327445,-0.06817917976986597,87634873800.0,40.23929471032744,4132.0
AVGO260417C00420000,420.0,2461.0,空头卖 Call，看跌/看不涨,-3.875072107776674,CALL,2461.0,0.0,9191835.0,5.818453875038657e-06,5M-10M,2026-04-17,387.3450012207031,402.9599914550781,394.8500061035156,395.4200134277344,385.6400146484375,37.35,37.0,37.3,145.0,0.5262803720092774,False,AVGO,43.0,-0.13139534883720927,-0.03875072107776674,1579772770810.0,-13.139534883720927,2461.0
RKLB270115C00050000,50.0,7418.0,空头卖 Call，看跌/看不涨,-3.407690661541297,CALL,7418.0,0.0,9176065.999999998,0.00041380238791007267,5M-10M,2027-01-15,40.70399856567383,42.13999938964844,41.09999847412109,41.29999923706055,39.97999954223633,12.37,12.2,12.55,31.0,0.901368173828125,False,RKLB,13.15,-0.05931558935361225,-0.03407690661541297,22174995283.0,-5.931558935361226,7418.0
GOOGL260220C00295000,295.0,2433.0,空头卖 Call，看跌/看不涨,-1.221189253404943,CALL,2433.0,0.0,9131049.0,3.0624098814176595e-06,5M-10M,2026-02-20,316.2699890136719,320.17999267578125,317.70001220703125,319.8500061035156,314.44000244140625,37.53,36.35,36.65,7.0,0.4265499240112305,True,GOOGL,39.8,-0.05703517587939689,-0.012211892534049432,2981654760000.0,-5.703517587939689,2433.0
HOOD260116C00105000,105.0,4011.0,空头卖 Call，看跌/看不涨,-4.031448138466992,CALL,4011.0,0.0,9104970.0,8.472334822178219e-05,5M-10M,2026-01-16,123.30999755859376,128.49000549316406,123.5999984741211,125.28990173339844,118.86000061035156,22.7,22.3,23.15,35.0,0.6907989904785157,True,HOOD,26.3,-0.1368821292775666,-0.04031448138466992,107467070071.0,-13.688212927756659,4011.0
BABA260116P00165000,165.0,10310.0,空头卖 Put，看涨/看不跌,4.310234359668761,PUT,10310.0,0.0,9072800.000000002,2.2854077913845384e-05,5M-10M,2026-01-16,164.0800018310547,157.3000030517578,160.5,164.7899932861328,159.41000366210938,8.8,8.75,9.1,566.0,0.3667665863037109,True,BABA,12.7,-0.30708661417322825,0.04310234359668761,396988232656.0,-30.708661417322823,10310.0
BE270115C00085000,85.0,1760.0,空头卖 Call，看跌/看不涨,-7.7535713899096175,CALL,1760.0,0.0,9049920.0,0.0005499887274103997,5M-10M,2027-01-15,100.7699966430664,109.23999786376952,107.08000183105467,110.83999633789062,100.3499984741211,51.42,51.5,52.7,33.0,1.1901285610961914,True,BE,56.38,-0.08797445902802413,-0.07753571389909618,16454737250.0,-8.797445902802412,1760.0
RIOT251219C00013000,13.0,29029.0,空头卖 Call，看跌/看不涨,-3.905760654340046,CALL,29029.0,0.0,8998990.0,0.0013762798048768123,5M-10M,2025-12-19,15.5,16.1299991607666,15.229999542236328,15.800000190734863,14.888999938964844,3.1,2.94,3.2,33.0,1.1660197949218751,True,RIOT,3.35,-0.07462686567164178,-0.03905760654340046,6538634054.0,-7.462686567164178,29029.0
NBIS260116C00100000,100.0,7222.0,多头买 Call，看涨,3.8199646299124375,CALL,7222.0,0.0,8955280.0,0.0003492110383982523,5M-10M,2026-01-16,98.49400329589844,94.87000274658205,91.38999938964844,99.3499984741211,89.01000213623047,12.4,12.1,12.8,399.0,0.9326178613281252,False,NBIS,10.6,0.16981132075471705,0.038199646299124375,25644321099.0,16.981132075471706,7222.0
NVDA261218C00178000,178.0,2362.0,多头买 Call，看涨,1.2146858172228108,CALL,2362.0,0.0,8925998.0,2.061423315428092e-06,5M-10M,2026-12-18,179.14999389648438,177.0,174.6999969482422,180.3000030517578,173.67999267578125,37.79,37.25,37.45,232.0,0.5094348373413086,True,NVDA,35.75,0.05706293706293704,0.012146858172228107,4330017000000.0,5.706293706293704,2362.0
EOSE280121C00015000,15.0,11446.0,空头卖 Call，看跌/看不涨,-5.880400117381148,CALL,11446.0,0.0,8870650.0,0.003373231782646174,5M-10M,2028-01-21,14.164999961853027,15.050000190734863,14.55500030517578,14.749099731445312,14.06999969482422,7.75,7.75,8.4,22.0,1.105961501464844,False,EOSE,8.37,-0.07407407407407399,-0.05880400117381148,2629718493.0,-7.407407407407399,11446.0
B260320C00035000,35.0,10084.0,多头买 Call，看涨,1.7174627040445478,CALL,10084.0,0.0,8823500.0,0.00015000170203353596,5M-10M,2026-03-20,42.04999923706055,41.34000015258789,42.3650016784668,43.08000183105469,41.790000915527344,8.75,8.35,9.1,58.0,0.5144091528320311,True,B,7.95,0.10062893081761004,0.017174627040445478,58822665879.0,10.062893081761004,10084.0
COIN270115P00230000,230.0,1767.0,多头买 Put，看跌,-5.259880404028473,PUT,1767.0,0.0,8737815.0,0.00010879255099544183,5M-10M,2027-01-15,258.4700012207031,272.82000732421875,260.4750061035156,265.8800048828125,252.1999969482422,49.45,47.75,49.5,1.0,0.6091042507934571,False,COIN,44.6,0.1087443946188341,-0.052598804040284726,80316298497.0,10.87443946188341,1767.0
NVDA260116P00178000,178.0,9704.0,空头卖 Put，看涨/看不跌,1.2146858172228108,PUT,9704.0,0.0,8733600.0,2.016989771633691e-06,5M-10M,2026-01-16,179.14999389648438,177.0,174.6999969482422,180.3000030517578,173.67999267578125,9.0,9.0,9.1,450.0,0.3789734954833984,False,NVDA,10.5,-0.14285714285714285,0.012146858172228107,4330017000000.0,-14.285714285714285,9704.0
RBLX260116C00070000,70.0,3717.0,空头卖 Call，看跌/看不涨,-1.631059078473819,CALL,3717.0,0.0,8697779.999999998,9.289533263096502e-05,5M-10M,2026-01-16,93.4800033569336,95.02999877929688,93.01000213623048,93.94989776611328,90.6500015258789,23.4,24.35,24.85,2.0,0.6772493212890626,True,RBLX,26.2,-0.10687022900763361,-0.01631059078473819,93629892414.0,-10.687022900763361,3717.0
MU260220C00240000,240.0,2781.0,多头买 Call，看涨,1.4377576186997205,CALL,2781.0,0.0,8693406.0,4.939300389030765e-05,5M-10M,2026-02-20,239.8800048828125,236.47999572753903,232.28500366210935,242.3600006103516,231.5,31.26,30.05,31.0,186.0,0.6760896649169923,False,MU,28.25,0.10654867256637174,0.014377576186997205,176004804634.0,10.654867256637173,2781.0
MRK260116C00085000,85.0,4916.0,空头卖 Call，看跌/看不涨,-2.4182043478304904,CALL,4916.0,0.0,8686572.0,4.426823500466026e-05,5M-10M,2026-01-16,102.29499816894533,104.83000183105467,104.72000122070312,105.68000030517578,102.20999908447266,17.67,17.4,18.0,15.0,0.4145566357421875,True,MRK,19.93,-0.11339688911189152,-0.024182043478304903,196225849056.0,-11.339688911189153,4916.0
BABA270115C00155000,155.0,2561.0,多头买 Call，看涨,4.310234359668761,CALL,2561.0,0.0,8656179.999999998,2.1804626152485455e-05,5M-10M,2027-01-15,164.0800018310547,157.3000030517578,160.5,164.7899932861328,159.41000366210938,33.8,35.6,36.25,3.0,0.4712882461547851,True,BABA,31.2,0.08333333333333327,0.04310234359668761,396988232656.0,8.333333333333327,2561.0
ASTS270115C00040000,40.0,3140.0,空头卖 Call，看跌/看不涨,-5.613883542995744,CALL,3140.0,0.0,8653840.0,0.0004917051684604354,5M-10M,2027-01-15,53.04499816894531,56.20000076293945,54.209999084472656,54.38999938964844,52.31999969482422,27.56,26.35,28.5,76.0,1.0924117645263671,True,ASTS,29.3,-0.059385665529010305,-0.05613883542995744,17599652302.0,-5.9385665529010305,3140.0
HOOD260220C00120000,120.0,4938.0,空头卖 Call，看跌/看不涨,-4.031448138466992,CALL,4938.0,0.0,8601996.0,8.004308663404466e-05,5M-10M,2026-02-20,123.30999755859376,128.49000549316406,123.5999984741211,125.28990173339844,118.86000061035156,17.42,17.15,17.55,586.0,0.6815217395019533,True,HOOD,20.5,-0.1502439024390243,-0.04031448138466992,107467070071.0,-15.024390243902431,4938.0
MSTR270115P00195000,195.0,1196.0,多头买 Put，看跌,-6.817917976986597,PUT,1196.0,0.0,8566948.0,9.775729259964999e-05,5M-10M,2027-01-15,165.10000610351562,177.17999267578125,168.25,168.25,155.61000061035156,71.63,70.8,71.9,2.0,0.7438380108642577,True,MSTR,67.3,0.06433878157503713,-0.06817917976986597,87634873800.0,6.433878157503712,1196.0
NVDA260220C00220000,220.0,28046.0,多头买 Call，看涨,1.2146858172228108,CALL,28046.0,0.0,8554029.999999998,1.9755188028130138e-06,5M-10M,2026-02-20,179.14999389648438,177.0,174.6999969482422,180.3000030517578,173.67999267578125,3.05,3.0,3.05,1486.0,0.4179745703124999,False,NVDA,2.76,0.10507246376811596,0.012146858172228107,4330017000000.0,10.507246376811597,28046.0
APP260116C00650000,650.0,2159.0,多头买 Call，看涨,2.7573947146574787,CALL,2159.0,0.0,8551799.0,3.7742941572816886e-05,5M-10M,2026-01-16,616.010009765625,599.47998046875,588.1300048828125,622.4299926757812,576.0,39.61,38.9,41.7,111.0,0.6141090835571289,False,APP,30.2,0.3115894039735099,0.02757394714657479,226580087392.0,31.158940397350992,2159.0
COIN270115C00300000,300.0,1420.0,空头卖 Call，看跌/看不涨,-5.259880404028473,CALL,1420.0,0.0,8528520.0,0.00010618666646245607,5M-10M,2027-01-15,258.4700012207031,272.82000732421875,260.4750061035156,265.8800048828125,252.1999969482422,60.06,59.7,61.2,18.0,0.6887695918273928,False,COIN,65.5,-0.08305343511450378,-0.052598804040284726,80316298497.0,-8.305343511450378,1420.0
MU251219P00230000,230.0,7470.0,空头卖 Put，看涨/看不跌,1.4377576186997205,PUT,7470.0,0.0,8523270.0,4.8426348460907326e-05,5M-10M,2025-12-19,239.8800048828125,236.47999572753903,232.28500366210935,242.3600006103516,231.5,11.41,11.35,12.1,206.0,0.7588525091552736,False,MU,14.12,-0.1919263456090651,0.014377576186997205,176004804634.0,-19.19263456090651,7470.0
AVGO271217C00400000,400.0,744.0,空头卖 Call，看跌/看不涨,-3.875072107776674,CALL,744.0,0.0,8484576.0,5.370757210639659e-06,5M-10M,2027-12-17,387.3450012207031,402.9599914550781,394.8500061035156,395.4200134277344,385.6400146484375,114.04,112.8,114.95,21.0,0.5483519896697999,False,AVGO,121.45,-0.061012762453684616,-0.03875072107776674,1579772770810.0,-6.101276245368462,744.0
COIN251219P00290000,290.0,2371.0,多头买 Put，看跌,-5.259880404028473,PUT,2371.0,0.0,8469212.0,0.00010544823601795275,5M-10M,2025-12-19,258.4700012207031,272.82000732421875,260.4750061035156,265.8800048828125,252.1999969482422,35.72,34.7,36.5,136.0,0.5930216479492189,True,COIN,27.4,0.3036496350364964,-0.052598804040284726,80316298497.0,30.36496350364964,2371.0
MU260618C00220000,220.0,1475.0,多头买 Call，看涨,1.4377576186997205,CALL,1475.0,0.0,8444375.0,4.797809365238626e-05,5M-10M,2026-06-18,239.8800048828125,236.47999572753903,232.28500366210935,242.3600006103516,231.5,57.25,56.2,57.55,10.0,0.6882355395507813,True,MU,52.6,0.08840304182509502,0.014377576186997205,176004804634.0,8.840304182509502,1475.0
MRK260320C00100000,100.0,11305.0,空头卖 Call，看跌/看不涨,-2.4182043478304904,CALL,11305.0,0.0,8433530.0,4.2978690323277404e-05,5M-10M,2026-03-20,102.29499816894533,104.83000183105467,104.72000122070312,105.68000030517578,102.20999908447266,7.46,7.25,7.4,63.0,0.2795482202148437,True,MRK,9.2,-0.18913043478260863,-0.024182043478304903,196225849056.0,-18.913043478260864,11305.0
AVGO261218C00450000,450.0,1352.0,空头卖 Call，看跌/看不涨,-3.875072107776674,CALL,1352.0,0.0,8424312.000000002,5.332609952303829e-06,5M-10M,2026-12-18,387.3450012207031,402.9599914550781,394.8500061035156,395.4200134277344,385.6400146484375,62.31,60.95,61.7,7.0,0.5286302020263673,False,AVGO,66.57,-0.06399278954483989,-0.03875072107776674,1579772770810.0,-6.399278954483989,1352.0
GOOGL251219C00320000,320.0,10308.0,空头卖 Call，看跌/看不涨,-1.221189253404943,CALL,10308.0,0.0,8401020.0,2.8175696639003237e-06,5M-10M,2025-12-19,316.2699890136719,320.17999267578125,317.70001220703125,319.8500061035156,314.44000244140625,8.15,8.1,8.2,1154.0,0.3448551843261719,False,GOOGL,10.62,-0.23258003766478333,-0.012211892534049432,2981654760000.0,-23.258003766478332,10308.0
CRCL260116C00060000,60.0,4485.0,空头卖 Call，看跌/看不涨,-5.269608369521175,CALL,4485.0,0.0,8386950.0,0.0002878645874469599,5M-10M,2026-01-16,75.71800231933594,79.93000030517578,77.48999786376953,79.83989715576172,75.23999786376953,18.7,18.15,19.65,2.0,0.9311530322265624,True,CRCL,21.99,-0.14961346066393813,-0.052696083695211754,29135052958.0,-14.961346066393814,4485.0
MRK260116C00095000,95.0,9803.0,空头卖 Call，看跌/看不涨,-2.4182043478304904,CALL,9803.0,0.0,8381565.000000001,4.2713867924750444e-05,5M-10M,2026-01-16,102.29499816894533,104.83000183105467,104.72000122070312,105.68000030517578,102.20999908447266,8.55,8.2,8.9,140.0,0.3054268676757812,True,MRK,10.35,-0.17391304347826078,-0.024182043478304903,196225849056.0,-17.39130434782608,9803.0
MRVL270115C00080000,80.0,2862.0,多头买 Call，看涨,3.4563716836136065,CALL,2862.0,0.0,8374212.000000001,0.00011679375045684602,5M-10M,2027-01-15,92.48999786376952,89.4000015258789,89.06999969482422,92.73999786376952,88.30999755859375,29.26,28.45,29.5,46.0,0.6192054681396486,True,MRVL,26.55,0.10207156308851227,0.034563716836136064,71700857000.0,10.207156308851227,2862.0
APLD251219C00024000,24.0,15208.0,多头买 Call，看涨,4.35054955921596,CALL,15208.0,0.0,8364400.0,0.00147322949254366,5M-10M,2025-12-19,28.27899932861328,27.100000381469727,25.850000381469727,28.524999618530277,25.690000534057617,5.5,5.5,5.7,223.0,1.26172244140625,True,APLD,4.48,0.2276785714285713,0.0435054955921596,5677594728.0,22.76785714285713,15208.0
COIN260320P00280000,280.0,1756.0,多头买 Put，看跌,-5.259880404028473,PUT,1756.0,0.0,8358560.000000001,0.00010407053308504018,5M-10M,2026-03-20,258.4700012207031,272.82000732421875,260.4750061035156,265.8800048828125,252.1999969482422,47.6,46.05,47.75,33.0,0.5975076870727539,True,COIN,39.75,0.1974842767295598,-0.052598804040284726,80316298497.0,19.74842767295598,1756.0
NVDA251219C00148000,148.0,2541.0,多头买 Call，看涨,1.2146858172228108,CALL,2541.0,0.0,8329398.0,1.923640946444321e-06,5M-10M,2025-12-19,179.14999389648438,177.0,174.6999969482422,180.3000030517578,173.67999267578125,32.78,31.95,32.45,2.0,0.632816171875,True,NVDA,29.9,0.0963210702341138,0.012146858172228107,4330017000000.0,9.63210702341138,2541.0
HOOD260618C00095000,95.0,2142.0,空头卖 Call，看跌/看不涨,-4.031448138466992,CALL,2142.0,0.0,8246700.0,7.673699482596551e-05,5M-10M,2026-06-18,123.30999755859376,128.49000549316406,123.5999984741211,125.28990173339844,118.86000061035156,38.5,39.7,40.95,1.0,0.7421900781249999,True,HOOD,43.7,-0.11899313501144171,-0.04031448138466992,107467070071.0,-11.89931350114417,2142.0
HOOD260918C00150000,150.0,3994.0,空头卖 Call，看跌/看不涨,-4.031448138466992,CALL,3994.0,0.0,8227640.000000001,7.6559638171621e-05,5M-10M,2026-09-18,123.30999755859376,128.49000549316406,123.5999984741211,125.28990173339844,118.86000061035156,20.6,20.6,21.35,10.0,0.6807893249511721,False,HOOD,22.89,-0.10004368719965047,-0.04031448138466992,107467070071.0,-10.004368719965047,3994.0
AVGO260320C00310000,310.0,847.0,空头卖 Call，看跌/看不涨,-3.875072107776674,CALL,847.0,0.0,8211665.000000001,5.198003884944553e-06,5M-10M,2026-03-20,387.3450012207031,402.9599914550781,394.8500061035156,395.4200134277344,385.6400146484375,96.95,95.15,96.25,2.0,0.62540047454834,True,AVGO,105.0,-0.07666666666666663,-0.03875072107776674,1579772770810.0,-7.666666666666663,847.0
MU260116C00190000,190.0,1420.0,多头买 Call，看涨,1.4377576186997205,CALL,1420.0,0.0,8193400.0,4.655213826144168e-05,5M-10M,2026-01-16,239.8800048828125,236.47999572753903,232.28500366210935,242.3600006103516,231.5,57.7,55.65,57.05,13.0,0.7645897564697266,True,MU,53.75,0.07348837209302331,0.014377576186997205,176004804634.0,7.348837209302331,1420.0
XYZ260320C00060000,60.0,8044.0,空头卖 Call，看跌/看不涨,-1.5119791767792308,CALL,8044.0,0.0,8164660.000000001,0.00018180837074129348,5M-10M,2026-03-20,65.79000091552734,66.80000305175781,65.66000366210938,66.55999755859375,64.87999725341797,10.15,9.85,11.2,23.0,0.5296677893066408,True,XYZ,11.24,-0.09697508896797151,-0.015119791767792308,44908053280.0,-9.697508896797151,8044.0
OSCR270115C00020000,20.0,15245.0,空头卖 Call，看跌/看不涨,-6.343903356753283,CALL,15245.0,0.0,8079850.0,0.0016965071435740924,5M-10M,2027-01-15,16.829999923706055,17.969999313354492,17.299999237060547,17.6299991607666,16.760000228881836,5.3,5.2,5.5,54.0,0.9108895629882812,False,OSCR,6.1,-0.13114754098360654,-0.06343903356753283,4762638360.0,-13.114754098360654,15245.0
GOOGL260116C00330000,330.0,8137.0,空头卖 Call，看跌/看不涨,-1.221189253404943,CALL,8137.0,0.0,8055630.0,2.7017313030566958e-06,5M-10M,2026-01-16,316.2699890136719,320.17999267578125,317.70001220703125,319.8500061035156,314.44000244140625,9.9,9.8,9.9,1303.0,0.3428715615844726,False,GOOGL,12.1,-0.18181818181818177,-0.012211892534049432,2981654760000.0,-18.181818181818176,8137.0
SBUX261218C00095000,95.0,9611.0,空头卖 Call，看跌/看不涨,-2.1983709127649553,CALL,9611.0,0.0,8025184.999999999,8.466330517312096e-05,5M-10M,2026-12-18,85.19499969482422,87.11000061035156,86.13500213623047,86.50440216064453,84.8499984741211,8.35,7.8,9.35,7.0,0.3745790081787109,False,SBUX,8.95,-0.06703910614525137,-0.02198370912764955,94789413000.0,-6.703910614525137,9611.0
NKE261218P00070000,70.0,6728.0,空头卖 Put，看涨/看不跌,1.4931208545488865,PUT,6728.0,0.0,7992864.0,7.808262538220707e-05,5M-10M,2026-12-18,65.59500122070312,64.62999725341797,63.77000045776367,65.98989868164062,63.58000183105469,11.88,10.95,12.2,1.0,0.3574893353271484,True,NKE,12.55,-0.05338645418326692,0.014931208545488866,102364181031.0,-5.338645418326692,6728.0
MU251219C00195000,195.0,1736.0,多头买 Call，看涨,1.4377576186997205,CALL,1736.0,0.0,7985600.0,4.537148867388004e-05,5M-10M,2025-12-19,239.8800048828125,236.47999572753903,232.28500366210935,242.3600006103516,231.5,46.0,47.9,49.7,1.0,0.9213875048828124,True,MU,42.37,0.08567382582015584,0.014377576186997205,176004804634.0,8.567382582015584,1736.0
BE251219C00100000,100.0,6426.0,空头卖 Call，看跌/看不涨,-7.7535713899096175,CALL,6426.0,0.0,7968240.000000001,0.00048425203507883427,5M-10M,2025-12-19,100.7699966430664,109.23999786376952,107.08000183105467,110.83999633789062,100.3499984741211,12.4,12.0,13.0,329.0,1.3343539141845695,True,BE,16.8,-0.2619047619047619,-0.07753571389909618,16454737250.0,-26.190476190476193,6426.0
NVDA260116C00154000,154.0,2737.0,多头买 Call，看涨,1.2146858172228108,CALL,2737.0,0.0,7950985.000000001,1.8362479870171412e-06,5M-10M,2026-01-16,179.14999389648438,177.0,174.6999969482422,180.3000030517578,173.67999267578125,29.05,28.55,28.8,17.0,0.5109912182617188,True,NVDA,26.98,0.07672349888806525,0.012146858172228107,4330017000000.0,7.672349888806525,2737.0
HOOD270115C00115000,115.0,2014.0,空头卖 Call，看跌/看不涨,-4.031448138466992,CALL,2014.0,0.0,7943215.999999999,7.39130227962126e-05,5M-10M,2027-01-15,123.30999755859376,128.49000549316406,123.5999984741211,125.28990173339844,118.86000061035156,39.44,39.3,40.15,41.0,0.7186307434082031,True,HOOD,41.8,-0.05645933014354066,-0.04031448138466992,107467070071.0,-5.645933014354066,2014.0
AVGO260618P00320000,320.0,3327.0,多头买 Put，看跌,-3.875072107776674,PUT,3327.0,0.0,7918260.000000001,5.012277807484969e-06,5M-10M,2026-06-18,387.3450012207031,402.9599914550781,394.8500061035156,395.4200134277344,385.6400146484375,23.8,23.8,24.2,43.0,0.4919179226684571,False,AVGO,21.9,0.08675799086758001,-0.03875072107776674,1579772770810.0,8.675799086758001,3327.0
COIN260918P00230000,230.0,1967.0,多头买 Put，看跌,-5.259880404028473,PUT,1967.0,0.0,7913240.999999999,9.852596730781333e-05,5M-10M,2026-09-18,258.4700012207031,272.82000732421875,260.4750061035156,265.8800048828125,252.1999969482422,40.23,39.8,40.8,1.0,0.6203651245117189,False,COIN,35.4,0.13644067796610165,-0.052598804040284726,80316298497.0,13.644067796610166,1967.0
APP260116C00530000,530.0,702.0,多头买 Call，看涨,2.7573947146574787,CALL,702.0,0.0,7911540.000000001,3.491719016910988e-05,5M-10M,2026-01-16,616.010009765625,599.47998046875,588.1300048828125,622.4299926757812,576.0,112.7,104.5,110.5,199.0,0.6570468865966796,True,APP,85.34,0.3205999531286618,0.02757394714657479,226580087392.0,32.05999531286618,702.0
BABA260116C00135000,135.0,2553.0,多头买 Call，看涨,4.310234359668761,CALL,2553.0,0.0,7830051.000000001,1.972363499949111e-05,5M-10M,2026-01-16,164.0800018310547,157.3000030517578,160.5,164.7899932861328,159.41000366210938,30.67,31.0,32.2,3.0,0.5518843640136719,True,BABA,25.0,0.22680000000000006,0.04310234359668761,396988232656.0,22.680000000000007,2553.0
CSCO251219C00070000,70.0,11769.0,空头卖 Call，看跌/看不涨,-1.0527751004493946,CALL,11769.0,0.0,7826385.000000001,2.945196312597361e-05,5M-10M,2025-12-19,76.12999725341797,76.94000244140625,76.66999816894531,76.81800079345703,76.03500366210938,6.65,6.55,6.75,122.0,0.3969786865234375,True,CSCO,7.15,-0.06993006993006992,-0.010527751004493945,265733899181.0,-6.9930069930069925,11769.0
MSTR260320P00160000,160.0,2923.0,多头买 Put，看跌,-6.817917976986597,PUT,2923.0,0.0,7792718.000000001,8.892256771869741e-05,5M-10M,2026-03-20,165.10000610351562,177.17999267578125,168.25,168.25,155.61000061035156,26.66,26.45,26.95,73.0,0.827028096923828,False,MSTR,21.4,0.24579439252336457,-0.06817917976986597,87634873800.0,24.579439252336456,2923.0
RIVN260618C00017000,17.0,19935.0,多头买 Call，看涨,3.0545632918437886,CALL,19935.0,0.0,7774650.0,0.0004109779929569985,5M-10M,2026-06-18,17.375,16.860000610351562,16.511999130249023,17.790000915527344,16.511999130249023,3.9,3.9,4.05,42.0,0.7546411254882812,True,RIVN,3.47,0.12391930835734861,0.030545632918437884,18917436294.0,12.391930835734861,19935.0
MSTR251219P00210000,210.0,1488.0,多头买 Put，看跌,-6.817917976986597,PUT,1488.0,0.0,7753967.999999999,8.848039215182847e-05,5M-10M,2025-12-19,165.10000610351562,177.17999267578125,168.25,168.25,155.61000061035156,52.11,46.65,48.05,14.0,0.929688203125,True,MSTR,35.83,0.45436784817192305,-0.06817917976986597,87634873800.0,45.436784817192304,1488.0
RIVN270115C00017000,17.0,13723.0,多头买 Call，看涨,3.0545632918437886,CALL,13723.0,0.0,7753495.000000001,0.0004098597124632136,5M-10M,2027-01-15,17.375,16.860000610351562,16.511999130249023,17.790000915527344,16.511999130249023,5.65,5.4,6.1,76.0,0.7863790893554687,True,RIVN,5.15,0.0970873786407767,0.030545632918437884,18917436294.0,9.70873786407767,13723.0
GOOG260116C00340000,340.0,11393.0,空头卖 Call，看跌/看不涨,-1.1573743061283401,CALL,11393.0,0.0,7747239.999999999,2.591574618719162e-06,5M-10M,2026-01-16,316.4150085449219,320.1199951171875,317.2699890136719,319.6300048828125,314.4100036621094,6.8,6.6,6.7,459.0,0.3360662097167969,False,GOOG,8.5,-0.2,-0.011573743061283401,2989394920000.0,-20.0,11393.0
HOOD270115C00110000,110.0,1840.0,空头卖 Call，看跌/看不涨,-4.031448138466992,CALL,1840.0,0.0,7746400.0,7.208161527882174e-05,5M-10M,2027-01-15,123.30999755859376,128.49000549316406,123.5999984741211,125.28990173339844,118.86000061035156,42.1,41.35,42.35,44.0,0.7216824707031251,True,HOOD,44.75,-0.05921787709497203,-0.04031448138466992,107467070071.0,-5.921787709497203,1840.0
DELL260320C00120000,120.0,4185.0,空头卖 Call，看跌/看不涨,-1.7360347472419182,CALL,4185.0,0.0,7742250.0,8.806065615102127e-05,5M-10M,2026-03-20,131.03500366210938,133.35000610351562,131.7100067138672,131.8800048828125,127.76499938964844,18.5,19.55,21.15,2.0,0.5164843273925781,True,DELL,21.0,-0.11904761904761904,-0.017360347472419182,87919512963.0,-11.904761904761903,4185.0
NVDA260821C00210000,210.0,4261.0,多头买 Call，看涨,1.2146858172228108,CALL,4261.0,0.0,7733714.999999999,1.7860703549200844e-06,5M-10M,2026-08-21,179.14999389648438,177.0,174.6999969482422,180.3000030517578,173.67999267578125,18.15,17.85,17.95,587.0,0.4729972134399414,False,NVDA,16.93,0.07206142941523916,0.012146858172228107,4330017000000.0,7.2061429415239155,4261.0
NEE251219C00080000,80.0,13829.0,空头卖 Call，看跌/看不涨,-1.6861766318429474,CALL,13829.0,0.0,7716582.000000001,4.940277383515132e-05,5M-10M,2025-12-19,84.83499908447266,86.29000091552734,85.58999633789062,85.66999816894531,84.3927993774414,5.58,5.3,5.75,8.0,0.3549869189453124,True,NEE,6.85,-0.18540145985401454,-0.016861766318429474,156197342800.0,-18.540145985401455,13829.0
APP260116C00490000,490.0,549.0,多头买 Call，看涨,2.7573947146574787,CALL,549.0,0.0,7694235.000000001,3.395812530819805e-05,5M-10M,2026-01-16,616.010009765625,599.47998046875,588.1300048828125,622.4299926757812,576.0,140.15,137.7,148.0,2.0,0.75821164642334,True,APP,115.7,0.21132238547968887,0.02757394714657479,226580087392.0,21.13223854796889,549.0
BABA260320P00160000,160.0,6326.0,空头卖 Put，看涨/看不跌,4.310234359668761,PUT,6326.0,0.0,7673438.0,1.9329132122284393e-05,5M-10M,2026-03-20,164.0800018310547,157.3000030517578,160.5,164.7899932861328,159.41000366210938,12.13,11.2,11.6,7.0,0.3823914300537109,False,BABA,14.6,-0.16917808219178074,0.04310234359668761,396988232656.0,-16.917808219178074,6326.0
APP260116C00570000,570.0,938.0,多头买 Call，看涨,2.7573947146574787,CALL,938.0,0.0,7654079.999999999,3.378090320336882e-05,5M-10M,2026-01-16,616.010009765625,599.47998046875,588.1300048828125,622.4299926757812,576.0,81.6,79.0,83.7,24.0,0.651218087463379,True,APP,66.8,0.22155688622754488,0.02757394714657479,226580087392.0,22.15568862275449,938.0
AVGO260515C00300000,300.0,693.0,空头卖 Call，看跌/看不涨,-3.875072107776674,CALL,693.0,0.0,7638939.0,4.835466936224804e-06,5M-10M,2026-05-15,387.3450012207031,402.9599914550781,394.8500061035156,395.4200134277344,385.6400146484375,110.23,109.0,111.4,1.0,0.6140785662841797,True,AVGO,120.25,-0.08332640332640329,-0.03875072107776674,1579772770810.0,-8.332640332640329,693.0
BABA251219C00125000,125.0,1945.0,多头买 Call，看涨,4.310234359668761,CALL,1945.0,0.0,7630234.999999999,1.9220305219000745e-05,5M-10M,2025-12-19,164.0800018310547,157.3000030517578,160.5,164.7899932861328,159.41000366210938,39.23,38.7,40.35,4.0,0.709963837890625,True,BABA,33.55,0.1692995529061103,0.04310234359668761,396988232656.0,16.92995529061103,1945.0
MSTR260116P00155000,155.0,5131.0,多头买 Put，看跌,-6.817917976986597,PUT,5131.0,0.0,7629797.0,8.706347905986258e-05,5M-10M,2026-01-16,165.10000610351562,177.17999267578125,168.25,168.25,155.61000061035156,14.87,14.55,14.95,244.0,0.8509536389160157,False,MSTR,10.61,0.40150801131008484,-0.06817917976986597,87634873800.0,40.150801131008485,5131.0
PDD260618P00120000,120.0,6775.0,空头卖 Put，看涨/看不跌,2.2226066422790827,PUT,6775.0,0.0,7588000.0,4.111849155271308e-05,5M-10M,2026-06-18,118.66000366210938,116.08000183105467,116.41000366210938,119.5,116.1500015258789,11.2,11.0,11.8,35.0,0.316291016845703,True,PDD,12.25,-0.08571428571428577,0.022226066422790826,184539843595.0,-8.571428571428577,6775.0
BABA260320C00180000,180.0,7475.0,多头买 Call，看涨,4.310234359668761,CALL,7475.0,0.0,7564700.0,1.905522475915551e-05,5M-10M,2026-03-20,164.0800018310547,157.3000030517578,160.5,164.7899932861328,159.41000366210938,10.12,10.0,10.3,1262.0,0.4551446087646484,False,BABA,7.25,0.3958620689655171,0.04310234359668761,396988232656.0,39.586206896551715,7475.0
MRK251219C00100000,100.0,19696.0,空头卖 Call，看跌/看不涨,-2.4182043478304904,CALL,19696.0,0.0,7563264.0,3.854366810685352e-05,5M-10M,2025-12-19,102.29499816894533,104.83000183105467,104.72000122070312,105.68000030517578,102.20999908447266,3.84,3.55,3.95,121.0,0.2866282275390625,True,MRK,5.52,-0.3043478260869565,-0.024182043478304903,196225849056.0,-30.43478260869565,19696.0
BABA260116C00180000,180.0,17346.0,多头买 Call，看涨,4.310234359668761,CALL,17346.0,0.0,7545509.999999999,1.900688579487032e-05,5M-10M,2026-01-16,164.0800018310547,157.3000030517578,160.5,164.7899932861328,159.41000366210938,4.35,4.3,4.4,1130.0,0.4268245794677735,False,BABA,2.6,0.6730769230769229,0.04310234359668761,396988232656.0,67.30769230769229,17346.0
GOOGL260220C00265000,265.0,1256.0,空头卖 Call，看跌/看不涨,-1.221189253404943,CALL,1256.0,0.0,7522184.0,2.522821924561112e-06,5M-10M,2026-02-20,316.2699890136719,320.17999267578125,317.70001220703125,319.8500061035156,314.44000244140625,59.89,59.05,59.5,43.0,0.4816336016845703,True,GOOGL,65.37,-0.08383050328897053,-0.012211892534049432,2981654760000.0,-8.383050328897053,1256.0
RIVN260618C00015000,15.0,15023.0,多头买 Call，看涨,3.0545632918437886,CALL,15023.0,0.0,7511500.0,0.0003970675456897088,5M-10M,2026-06-18,17.375,16.860000610351562,16.511999130249023,17.790000915527344,16.511999130249023,5.0,4.85,5.05,60.0,0.772463212890625,True,RIVN,4.45,0.12359550561797748,0.030545632918437884,18917436294.0,12.359550561797748,15023.0
TOST260116C00030000,30.0,13294.0,多头买 Call，看涨,1.3454311718239464,CALL,13294.0,0.0,7511110.000000001,0.0003462389304042745,5M-10M,2026-01-16,34.650001525878906,34.189998626708984,34.41999816894531,34.94499969482422,33.9656982421875,5.65,5.55,5.75,1.0,0.5888712988281251,True,TOST,4.95,0.14141414141414144,0.013454311718239464,21693430000.0,14.141414141414144,13294.0
MRK251219C00095000,95.0,9265.0,空头卖 Call，看跌/看不涨,-2.4182043478304904,CALL,9265.0,0.0,7504650.0,3.824496128365984e-05,5M-10M,2025-12-19,102.29499816894533,104.83000183105467,104.72000122070312,105.68000030517578,102.20999908447266,8.1,7.65,8.0,64.0,0.3403386279296875,True,MRK,10.0,-0.19000000000000003,-0.024182043478304903,196225849056.0,-19.000000000000004,9265.0
HOOD260618C00100000,100.0,2024.0,空头卖 Call，看跌/看不涨,-4.031448138466992,CALL,2024.0,0.0,7488800.0,6.968460194413408e-05,5M-10M,2026-06-18,123.30999755859376,128.49000549316406,123.5999984741211,125.28990173339844,118.86000061035156,37.0,36.9,37.95,23.0,0.7388942126464844,True,HOOD,40.92,-0.09579667644183777,-0.04031448138466992,107467070071.0,-9.579667644183777,2024.0
BIDU270115C00115000,115.0,2752.0,多头买 Call，看涨,2.104541960234204,CALL,2752.0,0.0,7485439.999999999,0.0001657872835239631,5M-10M,2027-01-15,119.3499984741211,116.88999938964844,118.37999725341795,120.19000244140624,117.2699966430664,27.2,25.55,28.2,14.0,0.5025684509277344,True,BIDU,25.5,0.06666666666666664,0.02104541960234204,45150869481.0,6.666666666666663,2752.0
PFE270115C00025000,25.0,27168.0,空头卖 Call，看跌/看不涨,-1.8842292721997709,CALL,27168.0,0.0,7471200.0,5.530589244514572e-05,5M-10M,2027-01-15,25.2549991607666,25.739999771118164,25.76000022888184,25.940000534057617,25.234399795532227,2.75,2.63,2.84,232.0,0.2555006091308594,True,PFE,2.94,-0.06462585034013604,-0.018842292721997708,135088679880.0,-6.462585034013604,27168.0
MU260918C00195000,195.0,992.0,多头买 Call，看涨,1.4377576186997205,CALL,992.0,0.0,7460831.999999999,4.23899337038822e-05,5M-10M,2026-09-18,239.8800048828125,236.47999572753903,232.28500366210935,242.3600006103516,231.5,75.21,77.9,79.3,2.0,0.6981841705322267,True,MU,65.73,0.14422638064810572,0.014377576186997205,176004804634.0,14.422638064810572,992.0
GS260320C00780000,780.0,1051.0,空头卖 Call，看跌/看不涨,-1.7299378247369428,CALL,1051.0,0.0,7367509.999999999,3.0326870714110094e-05,5M-10M,2026-03-20,811.75,826.0399780273438,818.5900268554688,824.72998046875,809.9299926757812,70.1,69.35,74.0,5.0,0.3257895180511474,True,GS,76.5,-0.08366013071895433,-0.017299378247369428,242936703541.0,-8.366013071895432,1051.0
AVGO260618C00370000,370.0,1013.0,空头卖 Call，看跌/看不涨,-3.875072107776674,CALL,1013.0,0.0,7349314.999999999,4.652134240946418e-06,5M-10M,2026-06-18,387.3450012207031,402.9599914550781,394.8500061035156,395.4200134277344,385.6400146484375,72.55,70.4,71.45,2.0,0.5574842835998537,True,AVGO,77.35,-0.06205559146735614,-0.03875072107776674,1579772770810.0,-6.205559146735614,1013.0
NVDA251219C00168000,168.0,5091.0,多头买 Call，看涨,1.2146858172228108,CALL,5091.0,0.0,7346313.0,1.6966014221191278e-06,5M-10M,2025-12-19,179.14999389648438,177.0,174.6999969482422,180.3000030517578,173.67999267578125,14.43,14.4,14.45,73.0,0.4801077380371094,True,NVDA,13.02,0.10829493087557605,0.012146858172228107,4330017000000.0,10.829493087557605,5091.0
COIN260220P00270000,270.0,2052.0,多头买 Put，看跌,-5.259880404028473,PUT,2052.0,0.0,7346159.999999999,9.14653705097527e-05,5M-10M,2026-02-20,258.4700012207031,272.82000732421875,260.4750061035156,265.8800048828125,252.1999969482422,35.8,35.55,36.55,13.0,0.6005288970947267,True,COIN,30.0,0.19333333333333325,-0.052598804040284726,80316298497.0,19.333333333333325,2052.0
CSCO251219C00075000,75.0,31137.0,空头卖 Call，看跌/看不涨,-1.0527751004493946,CALL,31137.0,0.0,7286058.0,2.741862450540128e-05,5M-10M,2025-12-19,76.12999725341797,76.94000244140625,76.66999816894531,76.81800079345703,76.03500366210938,2.34,2.23,2.38,148.0,0.256843369140625,True,CSCO,2.73,-0.1428571428571429,-0.010527751004493945,265733899181.0,-14.28571428571429,31137.0
CIFR260116C00017000,17.0,14561.0,空头卖 Call，看跌/看不涨,-3.3906659514656172,CALL,14561.0,0.0,7280500.0,0.0016139608521278004,5M-10M,2026-01-16,19.65999984741211,20.350000381469727,19.325000762939453,20.36000061035156,19.0,5.0,4.85,5.25,999.0,1.37109689453125,True,CIFR,5.4,-0.07407407407407414,-0.03390665951465617,4510952041.0,-7.407407407407414,14561.0
NEM251219C00065000,65.0,2649.0,多头买 Call，看涨,1.3336261872629742,CALL,2649.0,0.0,7176141.0,7.663309946966202e-05,5M-10M,2025-12-19,91.94000244140624,90.7300033569336,92.0,92.87999725341795,90.86000061035156,27.09,26.1,27.35,28.0,0.960937890625,True,NEM,21.25,0.2748235294117647,0.013336261872629743,93642839056.0,27.48235294117647,2649.0
WULF260116C00011000,11.0,15508.0,空头卖 Call，看跌/看不涨,-2.3533189279938393,CALL,15508.0,0.0,7133679.999999999,0.0016806631539341029,5M-10M,2026-01-16,15.145000457763672,15.510000228881836,14.854999542236328,15.760000228881836,14.802000045776367,4.6,4.4,5.1,13.0,1.107426337890625,True,WULF,4.9,-0.061224489795918505,-0.023533189279938395,4244562620.0,-6.122448979591851,15508.0
PDD260320C00110000,110.0,5165.0,多头买 Call，看涨,2.2226066422790827,CALL,5165.0,0.0,7127700.0,3.8624179262028596e-05,5M-10M,2026-03-20,118.66000366210938,116.08000183105467,116.41000366210938,119.5,116.1500015258789,13.8,13.3,15.15,1.0,0.4100400793457031,True,PDD,11.1,0.24324324324324334,0.022226066422790826,184539843595.0,24.324324324324333,5165.0
PDD260116P00115000,115.0,27446.0,空头卖 Put，看涨/看不跌,2.2226066422790827,PUT,27446.0,0.0,7108514.0,3.852021255420963e-05,5M-10M,2026-01-16,118.66000366210938,116.08000183105467,116.41000366210938,119.5,116.1500015258789,2.59,2.57,2.63,64.0,0.2518385363769531,False,PDD,3.72,-0.3037634408602151,0.022226066422790826,184539843595.0,-30.37634408602151,27446.0
MU260220P00220000,220.0,3940.0,空头卖 Put，看涨/看不跌,1.4377576186997205,PUT,3940.0,0.0,7092000.0,4.02943545475803e-05,5M-10M,2026-02-20,239.8800048828125,236.47999572753903,232.28500366210935,242.3600006103516,231.5,18.0,17.9,18.6,773.0,0.6250647845458985,False,MU,19.55,-0.07928388746803072,0.014377576186997205,176004804634.0,-7.928388746803073,3940.0
NVDA260618C00205000,205.0,4416.0,多头买 Call，看涨,1.2146858172228108,CALL,4416.0,0.0,7065600.0,1.631771884498375e-06,5M-10M,2026-06-18,179.14999389648438,177.0,174.6999969482422,180.3000030517578,173.67999267578125,16.0,15.7,15.8,133.0,0.4747366979980468,False,NVDA,14.84,0.07816711590296498,0.012146858172228107,4330017000000.0,7.816711590296498,4416.0
GOOGL260220C00285000,285.0,1595.0,空头卖 Call，看跌/看不涨,-1.221189253404943,CALL,1595.0,0.0,7018000.0,2.353726559543064e-06,5M-10M,2026-02-20,316.2699890136719,320.17999267578125,317.70001220703125,319.8500061035156,314.44000244140625,44.0,43.2,43.65,37.0,0.4410456286621094,True,GOOGL,49.55,-0.11200807265388492,-0.012211892534049432,2981654760000.0,-11.200807265388493,1595.0
MRVL260116C00077500,77.5,4044.0,多头买 Call，看涨,3.4563716836136065,CALL,4044.0,0.0,7016340.000000001,9.785573413718055e-05,5M-10M,2026-01-16,92.48999786376952,89.4000015258789,89.06999969482422,92.73999786376952,88.30999755859375,17.35,17.6,18.3,58.0,0.694338994140625,True,MRVL,14.5,0.19655172413793112,0.034563716836136064,71700857000.0,19.655172413793114,4044.0
COIN260417P00250000,250.0,2007.0,多头买 Put，看跌,-5.259880404028473,PUT,2007.0,0.0,7014465.000000001,8.73355113627654e-05,5M-10M,2026-04-17,258.4700012207031,272.82000732421875,260.4750061035156,265.8800048828125,252.1999969482422,34.95,33.15,34.5,16.0,0.6111489080810548,False,COIN,29.38,0.18958475153165433,-0.052598804040284726,80316298497.0,18.958475153165434,2007.0
HOOD261218P00100000,100.0,3726.0,多头买 Put，看跌,-4.031448138466992,PUT,3726.0,0.0,7001153.999999999,6.514697009395124e-05,5M-10M,2026-12-18,123.30999755859376,128.49000549316406,123.5999984741211,125.28990173339844,118.86000061035156,18.79,18.05,18.9,29.0,0.6413610083007812,False,HOOD,17.09,0.09947337624341716,-0.04031448138466992,107467070071.0,9.947337624341717,3726.0
MSTR251219P00160000,160.0,6599.0,多头买 Put，看跌,-6.817917976986597,PUT,6599.0,0.0,6994939.999999999,7.981913702487695e-05,5M-10M,2025-12-19,165.10000610351562,177.17999267578125,168.25,168.25,155.61000061035156,10.6,10.3,10.65,1316.0,0.8732922827148437,False,MSTR,5.9,0.7966101694915253,-0.06817917976986597,87634873800.0,79.66101694915253,6599.0
LYFT260116C00018000,18.0,16379.0,多头买 Call，看涨,2.851635762268727,CALL,16379.0,0.0,6961075.0,0.0007831220962857658,5M-10M,2026-01-16,21.62969970703125,21.030000686645508,20.76499938964844,21.825000762939453,20.68000030517578,4.25,4.15,4.4,25.0,0.6894562304687502,True,LYFT,3.55,0.19718309859154937,0.028516357622687272,8888875736.0,19.718309859154935,16379.0
BABA270617C00180000,180.0,2248.0,多头买 Call，看涨,4.310234359668761,CALL,2248.0,0.0,6946320.0,1.749754634671793e-05,5M-10M,2027-06-17,164.0800018310547,157.3000030517578,160.5,164.7899932861328,159.41000366210938,30.9,30.9,32.0,2.0,0.4691825543212891,False,BABA,27.74,0.11391492429704399,0.04310234359668761,396988232656.0,11.3914924297044,2248.0
HOOD271217C00105000,105.0,1289.0,空头卖 Call，看跌/看不涨,-4.031448138466992,CALL,1289.0,0.0,6925797.0,6.444575994697121e-05,5M-10M,2027-12-17,123.30999755859376,128.49000549316406,123.5999984741211,125.28990173339844,118.86000061035156,53.73,54.1,55.75,2.0,0.7260464407348632,True,HOOD,58.08,-0.07489669421487606,-0.04031448138466992,107467070071.0,-7.489669421487606,1289.0
MSTR260515P00205000,205.0,1070.0,多头买 Put，看跌,-6.817917976986597,PUT,1070.0,0.0,6883309.999999999,7.854532906282338e-05,5M-10M,2026-05-15,165.10000610351562,177.17999267578125,168.25,168.25,155.61000061035156,64.33,60.4,61.9,1.0,0.773165110168457,True,MSTR,53.3,0.20694183864915575,-0.06817917976986597,87634873800.0,20.694183864915576,1070.0
GOOG270115C00360000,360.0,1737.0,空头卖 Call，看跌/看不涨,-1.1573743061283401,CALL,1737.0,0.0,6852465.000000001,2.2922581938421175e-06,5M-10M,2027-01-15,316.4150085449219,320.1199951171875,317.2699890136719,319.6300048828125,314.4100036621094,39.45,38.95,39.25,81.0,0.4121610298156737,False,GOOG,45.0,-0.12333333333333327,-0.011573743061283401,2989394920000.0,-12.333333333333327,1737.0
NVDA251205C00185000,185.0,57565.0,多头买 Call，看涨,1.2146858172228108,CALL,57565.0,0.0,6850234.999999999,1.5820342044846473e-06,5M-10M,2025-12-05,179.14999389648438,177.0,174.6999969482422,180.3000030517578,173.67999267578125,1.19,1.18,1.19,89237.0,0.3903869555664062,False,NVDA,1.04,0.14423076923076913,0.012146858172228107,4330017000000.0,14.423076923076913,57565.0
MRVL260116C00075000,75.0,3496.0,多头买 Call，看涨,3.4563716836136065,CALL,3496.0,0.0,6845167.999999999,9.546842654893231e-05,5M-10M,2026-01-16,92.48999786376952,89.4000015258789,89.06999969482422,92.73999786376952,88.30999755859375,19.58,19.7,20.1,26.0,0.7055693505859376,True,MRVL,15.95,0.22758620689655168,0.034563716836136064,71700857000.0,22.758620689655167,3496.0
PFE270115C00020000,20.0,11682.0,空头卖 Call，看跌/看不涨,-1.8842292721997709,CALL,11682.0,0.0,6833970.0,5.058876884481107e-05,5M-10M,2027-01-15,25.2549991607666,25.739999771118164,25.76000022888184,25.940000534057617,25.234399795532227,5.85,5.8,5.95,35.0,0.2614819946289062,True,PFE,6.2,-0.05645161290322589,-0.018842292721997708,135088679880.0,-5.645161290322589,11682.0
PFE260116C00025000,25.0,61531.0,空头卖 Call，看跌/看不涨,-1.8842292721997709,CALL,61531.0,0.0,6829941.0,5.055894399195457e-05,5M-10M,2026-01-16,25.2549991607666,25.739999771118164,25.76000022888184,25.940000534057617,25.234399795532227,1.11,1.09,1.12,485.0,0.274421318359375,True,PFE,1.35,-0.17777777777777776,-0.018842292721997708,135088679880.0,-17.777777777777775,61531.0
CRWV260116P00080000,80.0,6076.0,空头卖 Put，看涨/看不跌,3.6378500175031574,PUT,6076.0,0.0,6799044.0,0.00011564022438157213,5M-10M,2026-01-16,75.77999877929688,73.12000274658203,71.0,76.63999938964844,69.32009887695312,11.19,11.0,11.25,120.0,0.7980977221679688,True,CRWV,13.26,-0.1561085972850679,0.036378500175031574,58794801172.0,-15.61085972850679,6076.0
UBER270115C00095000,95.0,5558.0,空头卖 Call，看跌/看不涨,-1.2222980164881725,CALL,5558.0,0.0,6780759.999999999,3.302702035381233e-05,5M-10M,2027-01-15,86.47000122070312,87.54000091552734,86.98999786376953,87.61000061035156,85.4800033569336,12.2,12.25,13.0,5.0,0.4449518395996094,False,UBER,12.91,-0.05499612703330758,-0.012222980164881724,205309468652.0,-5.499612703330758,5558.0
NVO251219C00050000,50.0,50980.0,空头卖 Call，看跌/看不涨,-1.5906785647090946,CALL,50980.0,0.0,6780340.000000001,2.7307196394342058e-05,5M-10M,2025-12-19,48.56499862670898,49.34999847412109,48.92499923706055,49.48529815673828,48.52999877929688,1.33,1.3,1.33,811.0,0.436529072265625,False,NVO,1.57,-0.15286624203821655,-0.015906785647090946,248298650000.0,-15.286624203821656,50980.0
UBER260116C00075000,75.0,5468.0,空头卖 Call，看跌/看不涨,-1.2222980164881725,CALL,5468.0,0.0,6780320.0,3.3024877247588896e-05,5M-10M,2026-01-16,86.47000122070312,87.54000091552734,86.98999786376953,87.61000061035156,85.4800033569336,12.4,11.95,13.0,6.0,0.473638076171875,True,UBER,13.26,-0.06485671191553541,-0.012222980164881724,205309468652.0,-6.485671191553541,5468.0
AVGO270115C00420000,420.0,916.0,空头卖 Call，看跌/看不涨,-3.875072107776674,CALL,916.0,0.0,6731684.0,4.261172318186273e-06,5M-10M,2027-01-15,387.3450012207031,402.9599914550781,394.8500061035156,395.4200134277344,385.6400146484375,73.49,73.95,74.5,27.0,0.5316971879577637,False,AVGO,80.19,-0.08355156503304655,-0.03875072107776674,1579772770810.0,-8.355156503304654,916.0
HOOD260220C00090000,90.0,1790.0,空头卖 Call，看跌/看不涨,-4.031448138466992,CALL,1790.0,0.0,6701759.999999999,6.23610562339921e-05,5M-10M,2026-02-20,123.30999755859376,128.49000549316406,123.5999984741211,125.28990173339844,118.86000061035156,37.44,36.6,37.8,4.0,0.7517114672851561,True,HOOD,42.2,-0.1127962085308058,-0.04031448138466992,107467070071.0,-11.27962085308058,1790.0
MU260116P00240000,240.0,3084.0,空头卖 Put，看涨/看不跌,1.4377576186997205,PUT,3084.0,0.0,6676859.999999999,3.793566893747278e-05,5M-10M,2026-01-16,239.8800048828125,236.47999572753903,232.28500366210935,242.3600006103516,231.5,21.65,21.75,22.4,115.0,0.6433141137695313,True,MU,24.48,-0.11560457516339877,0.014377576186997205,176004804634.0,-11.560457516339877,3084.0
HOOD260417C00100000,100.0,2043.0,空头卖 Call，看跌/看不涨,-4.031448138466992,CALL,2043.0,0.0,6637707.000000001,6.176503179638827e-05,5M-10M,2026-04-17,123.30999755859376,128.49000549316406,123.5999984741211,125.28990173339844,118.86000061035156,32.49,32.9,34.05,8.0,0.7247341979980468,True,HOOD,37.35,-0.13012048192771083,-0.04031448138466992,107467070071.0,-13.012048192771083,2043.0
INTC251219C00037000,37.0,17217.0,空头卖 Call，看跌/看不涨,-1.486687920247983,CALL,17217.0,0.0,6628545.0,4.2659259187751596e-05,5M-10M,2025-12-19,39.95700073242188,40.560001373291016,39.8650016784668,40.375,39.59999847412109,3.85,3.85,4.0,308.0,0.6064492480468751,True,INTC,4.43,-0.1309255079006771,-0.01486687920247983,155383500000.0,-13.092550790067712,17217.0
IONQ270115C00050000,50.0,3786.0,空头卖 Call，看跌/看不涨,-2.6166347575875917,CALL,3786.0,0.0,6587639.999999999,0.0003298562191954152,5M-10M,2027-01-15,48.0099983215332,49.29999923706055,48.63999938964844,48.869998931884766,46.61199951171875,17.4,17.1,18.5,38.0,0.943115803222656,False,IONQ,19.06,-0.087093389296957,-0.026166347575875916,19971246915.0,-8.709338929695699,3786.0
BABA251219C00150000,150.0,4079.0,多头买 Call，看涨,4.310234359668761,CALL,4079.0,0.0,6559031.999999999,1.6521980906380064e-05,5M-10M,2025-12-19,164.0800018310547,157.3000030517578,160.5,164.7899932861328,159.41000366210938,16.08,15.45,16.25,308.0,0.4969532727050781,True,BABA,10.5,0.5314285714285713,0.04310234359668761,396988232656.0,53.142857142857125,4079.0
NIO260116C00005000,5.0,123275.0,空头卖 Call，看跌/看不涨,-5.0909129056063565,CALL,123275.0,0.0,6533575.0,0.0004132094905043421,5M-10M,2026-01-16,5.21999979019165,5.5,5.329999923706055,5.425000190734863,5.139999866485596,0.53,0.52,0.54,6507.0,0.56836369140625,True,NIO,0.84,-0.369047619047619,-0.05090912905606357,15811773810.0,-36.9047619047619,123275.0
CRCL260116C00085000,85.0,11827.0,空头卖 Call，看跌/看不涨,-5.269608369521175,CALL,11827.0,0.0,6504850.0,0.0002232654256498915,5M-10M,2026-01-16,75.71800231933594,79.93000030517578,77.48999786376953,79.83989715576172,75.23999786376953,5.5,5.55,5.9,400.0,0.8457046679687499,False,CRCL,7.28,-0.24450549450549453,-0.052696083695211754,29135052958.0,-24.450549450549453,11827.0
TEM270115C00070000,70.0,2390.0,空头卖 Call，看跌/看不涨,-3.1181833641214434,CALL,2390.0,0.0,6500800.0,0.0004768031276670405,5M-10M,2027-01-15,75.5,77.93000030517578,75.5,77.05000305175781,74.45999908447266,27.2,25.9,28.5,1.0,0.815736705932617,True,TEM,29.8,-0.08724832214765105,-0.031181833641214435,13634138752.0,-8.724832214765105,2390.0
GOOG251212C00300000,300.0,3307.0,空头卖 Call，看跌/看不涨,-1.1573743061283401,CALL,3307.0,0.0,6498255.0,2.173769332557774e-06,5M-10M,2025-12-12,316.4150085449219,320.1199951171875,317.2699890136719,319.6300048828125,314.4100036621094,19.65,18.55,19.2,84.0,0.3878235046386719,True,GOOG,22.28,-0.11804308797127479,-0.011573743061283401,2989394920000.0,-11.80430879712748,3307.0
COIN260618C00200000,200.0,792.0,空头卖 Call，看跌/看不涨,-5.259880404028473,CALL,792.0,0.0,6494400.0,8.086030010761242e-05,5M-10M,2026-06-18,258.4700012207031,272.82000732421875,260.4750061035156,265.8800048828125,252.1999969482422,82.0,83.0,85.25,7.0,0.7452418054199219,True,COIN,94.7,-0.13410770855332632,-0.052598804040284726,80316298497.0,-13.410770855332633,792.0
NVDA260618C00225000,225.0,6225.0,多头买 Call，看涨,1.2146858172228108,CALL,6225.0,0.0,6467775.0,1.4937066066946157e-06,5M-10M,2026-06-18,179.14999389648438,177.0,174.6999969482422,180.3000030517578,173.67999267578125,10.39,10.4,10.5,38.0,0.4661308270263672,False,NVDA,9.7,0.07113402061855684,0.012146858172228107,4330017000000.0,7.113402061855684,6225.0
MU260320C00180000,180.0,892.0,多头买 Call，看涨,1.4377576186997205,CALL,892.0,0.0,6467000.0,3.674331512397092e-05,5M-10M,2026-03-20,239.8800048828125,236.47999572753903,232.28500366210935,242.3600006103516,231.5,72.5,71.5,73.1,4.0,0.7565331964111328,True,MU,68.46,0.05901256208004684,0.014377576186997205,176004804634.0,5.901256208004684,892.0
NBIS251219C00075000,75.0,2586.0,多头买 Call，看涨,3.8199646299124375,CALL,2586.0,0.0,6465000.0,0.00025210259905270423,5M-10M,2025-12-19,98.49400329589844,94.87000274658205,91.38999938964844,99.3499984741211,89.01000213623047,25.0,24.9,25.6,2.0,1.1545452429199217,True,NBIS,20.0,0.25,0.038199646299124375,25644321099.0,25.0,2586.0
B270115C00040000,40.0,7022.0,多头买 Call，看涨,1.7174627040445478,CALL,7022.0,0.0,6460239.999999999,0.00010982569224742224,5M-10M,2027-01-15,42.04999923706055,41.34000015258789,42.3650016784668,43.08000183105469,41.790000915527344,9.2,8.9,9.35,92.0,0.4821829125976563,True,B,8.4,0.09523809523809511,0.017174627040445478,58822665879.0,9.523809523809511,7022.0
IBM260116C00280000,280.0,2132.0,空头卖 Call，看跌/看不涨,-1.4048193802947502,CALL,2132.0,0.0,6438640.0,2.431141168241371e-05,5M-10M,2026-01-16,304.2449951171875,308.5799865722656,306.5050048828125,306.8800048828125,302.79998779296875,30.2,29.6,30.6,34.0,0.372625902709961,True,IBM,32.48,-0.0701970443349753,-0.0140481938029475,264840235693.0,-7.019704433497529,2132.0
AG260116C00013000,13.0,19221.0,多头买 Call，看涨,2.954699779809544,CALL,19221.0,0.0,6381371.999999999,0.0010759328860631553,5M-10M,2026-01-16,15.68000030517578,15.229999542236328,15.619999885559082,15.989999771118164,15.34000015258789,3.32,3.3,3.45,1869.0,0.8388687988281249,True,AG,2.85,0.1649122807017543,0.02954699779809544,5931013061.0,16.491228070175428,19221.0
DIS260116P00110000,110.0,11553.0,空头卖 Put，看涨/看不跌,1.6751220250327683,PUT,11553.0,0.0,6354150.0,3.114603039260479e-05,5M-10M,2026-01-16,106.22000122070312,104.47000122070312,104.91999816894533,106.83000183105467,104.5,5.5,5.45,5.75,50.0,0.2291336853027344,True,DIS,7.08,-0.2231638418079096,0.016751220250327683,204011552031.0,-22.316384180790962,11553.0
RIVN271217C00015000,15.0,7457.0,多头买 Call，看涨,3.0545632918437886,CALL,7457.0,0.0,6338450.0,0.00033505861478758364,5M-10M,2027-12-17,17.375,16.860000610351562,16.511999130249023,17.790000915527344,16.511999130249023,8.5,8.15,8.55,33.0,0.813478427734375,True,RIVN,7.85,0.08280254777070069,0.030545632918437884,18917436294.0,8.280254777070068,7457.0
BABA260618C00180000,180.0,4164.0,多头买 Call，看涨,4.310234359668761,CALL,4164.0,0.0,6316788.0,1.591177642152847e-05,5M-10M,2026-06-18,164.0800018310547,157.3000030517578,160.5,164.7899932861328,159.41000366210938,15.17,14.7,15.85,28.0,0.453832366027832,False,BABA,12.69,0.19542947202521674,0.04310234359668761,396988232656.0,19.542947202521674,4164.0
PDD260116C00105000,105.0,4250.0,多头买 Call，看涨,2.2226066422790827,CALL,4250.0,0.0,6311250.0,3.419993144597528e-05,5M-10M,2026-01-16,118.66000366210938,116.08000183105467,116.41000366210938,119.5,116.1500015258789,14.85,15.2,16.2,12.0,0.4672904833984375,True,PDD,13.5,0.09999999999999998,0.022226066422790826,184539843595.0,9.999999999999998,4250.0
BABA260116P00155000,155.0,14502.0,空头卖 Put，看涨/看不跌,4.310234359668761,PUT,14502.0,0.0,6308370.0,1.5890571762781586e-05,5M-10M,2026-01-16,164.0800018310547,157.3000030517578,160.5,164.7899932861328,159.41000366210938,4.35,4.35,4.5,455.0,0.3619448571777344,False,BABA,7.07,-0.3847241867043848,0.04310234359668761,396988232656.0,-38.47241867043848,14502.0
DIS260116P00115000,115.0,6625.0,空头卖 Put，看涨/看不跌,1.6751220250327683,PUT,6625.0,0.0,6293750.0,3.084996872649472e-05,5M-10M,2026-01-16,106.22000122070312,104.47000122070312,104.91999816894533,106.83000183105467,104.5,9.5,9.05,9.9,8.0,0.2591626818847656,True,DIS,11.4,-0.16666666666666669,0.016751220250327683,204011552031.0,-16.666666666666668,6625.0
GS270115C00720000,720.0,391.0,空头卖 Call，看跌/看不涨,-1.7299378247369428,CALL,391.0,0.0,6273595.0,2.582398998816256e-05,5M-10M,2027-01-15,811.75,826.0399780273438,818.5900268554688,824.72998046875,809.9299926757812,160.45,156.35,163.0,6.0,0.3450077706909179,True,GS,170.41,-0.05844727422099647,-0.017299378247369428,242936703541.0,-5.8447274220996475,391.0
HOOD280121C00140000,140.0,1448.0,空头卖 Call，看跌/看不涨,-4.031448138466992,CALL,1448.0,0.0,6248120.0,5.81398561984808e-05,5M-10M,2028-01-21,123.30999755859376,128.49000549316406,123.5999984741211,125.28990173339844,118.86000061035156,43.15,43.0,43.6,36.0,0.6955902023315431,False,HOOD,45.85,-0.058887677208287956,-0.04031448138466992,107467070071.0,-5.888767720828795,1448.0
PDD260618P00125000,125.0,4376.0,空头卖 Put，看涨/看不跌,2.2226066422790827,PUT,4376.0,0.0,6235800.0,3.3791076650554585e-05,5M-10M,2026-06-18,118.66000366210938,116.08000183105467,116.41000366210938,119.5,116.1500015258789,14.25,13.6,14.55,26.0,0.3092110095214844,True,PDD,15.6,-0.08653846153846152,0.022226066422790826,184539843595.0,-8.653846153846152,4376.0
BABA260320P00170000,170.0,3728.0,空头卖 Put，看涨/看不跌,4.310234359668761,PUT,3728.0,0.0,6225760.0,1.568247995248457e-05,5M-10M,2026-03-20,164.0800018310547,157.3000030517578,160.5,164.7899932861328,159.41000366210938,16.7,16.65,16.9,3.0,0.3762879754638671,True,BABA,21.14,-0.21002838221381273,0.04310234359668761,396988232656.0,-21.002838221381275,3728.0
NKE260320C00065000,65.0,9596.0,多头买 Call，看涨,1.4931208545488865,CALL,9596.0,0.0,6189420.0,6.046470491592752e-05,5M-10M,2026-03-20,65.59500122070312,64.62999725341797,63.77000045776367,65.98989868164062,63.58000183105469,6.45,6.35,6.6,459.0,0.4414118359375,True,NKE,5.5,0.17272727272727276,0.014931208545488866,102364181031.0,17.272727272727277,9596.0
MRVL251219C00100000,100.0,16240.0,多头买 Call，看涨,3.4563716836136065,CALL,16240.0,0.0,6171200.0,8.606870626385957e-05,5M-10M,2025-12-19,92.48999786376952,89.4000015258789,89.06999969482422,92.73999786376952,88.30999755859375,3.8,3.8,3.9,1669.0,0.79687703125,False,MRVL,3.1,0.22580645161290314,0.034563716836136064,71700857000.0,22.580645161290313,16240.0
MU260618C00190000,190.0,847.0,多头买 Call，看涨,1.4377576186997205,CALL,847.0,0.0,6168701.0,3.5048480709533716e-05,5M-10M,2026-06-18,239.8800048828125,236.47999572753903,232.28500366210935,242.3600006103516,231.5,72.83,72.65,74.45,1.0,0.7065153860473633,True,MU,67.45,0.0797627872498146,0.014377576186997205,176004804634.0,7.97627872498146,847.0
COIN260618P00270000,270.0,1140.0,多头买 Put，看跌,-5.259880404028473,PUT,1140.0,0.0,6161700.0,7.671792793376993e-05,5M-10M,2026-06-18,258.4700012207031,272.82000732421875,260.4750061035156,265.8800048828125,252.1999969482422,54.05,51.85,53.15,12.0,0.6007425180053713,True,COIN,46.35,0.16612729234088447,-0.052598804040284726,80316298497.0,16.612729234088448,1140.0
APP251219C00500000,500.0,555.0,多头买 Call，看涨,2.7573947146574787,CALL,555.0,0.0,6147735.0,2.7132724109881608e-05,5M-10M,2025-12-19,616.010009765625,599.47998046875,588.1300048828125,622.4299926757812,576.0,110.77,119.7,128.6,1.0,0.8563857135009765,True,APP,97.0,0.1419587628865979,0.02757394714657479,226580087392.0,14.19587628865979,555.0
BABA251219P00160000,160.0,16819.0,空头卖 Put，看涨/看不跌,4.310234359668761,PUT,16819.0,0.0,6138935.0,1.5463770699016e-05,5M-10M,2025-12-19,164.0800018310547,157.3000030517578,160.5,164.7899932861328,159.41000366210938,3.65,3.55,3.65,1635.0,0.3696352099609374,False,BABA,7.19,-0.4923504867872045,0.04310234359668761,396988232656.0,-49.23504867872045,16819.0
NVDA260116P00186000,186.0,4649.0,空头卖 Put，看涨/看不跌,1.2146858172228108,PUT,4649.0,0.0,6136680.0,1.417241548936182e-06,5M-10M,2026-01-16,179.14999389648438,177.0,174.6999969482422,180.3000030517578,173.67999267578125,13.2,13.15,13.25,39.0,0.3620669262695312,True,NVDA,15.1,-0.12582781456953646,0.012146858172228107,4330017000000.0,-12.582781456953645,4649.0
CORZ260116C00020000,20.0,61119.0,空头卖 Call，看跌/看不涨,-2.249847095906326,CALL,61119.0,0.0,6111900.0,0.0011876686617168335,5M-10M,2026-01-16,16.510000228881836,16.889999389648438,16.147499084472656,16.809999465942383,16.1200008392334,1.0,0.97,1.02,27615.0,0.901368173828125,False,CORZ,1.21,-0.17355371900826444,-0.02249847095906326,5146132248.0,-17.355371900826444,61119.0
MU251219C00280000,280.0,11279.0,多头买 Call，看涨,1.4377576186997205,CALL,11279.0,0.0,6090660.000000001,3.4605078041281084e-05,5M-10M,2025-12-19,239.8800048828125,236.47999572753903,232.28500366210935,242.3600006103516,231.5,5.4,4.9,5.3,316.0,0.7923604748535156,False,MU,4.16,0.29807692307692313,0.014377576186997205,176004804634.0,29.807692307692314,11279.0
PDD260618P00130000,130.0,3280.0,空头卖 Put，看涨/看不跌,2.2226066422790827,PUT,3280.0,0.0,6084400.0,3.2970657617728973e-05,5M-10M,2026-06-18,118.66000366210938,116.08000183105467,116.41000366210938,119.5,116.1500015258789,18.55,16.7,17.65,2.0,0.3024361749267578,True,PDD,20.25,-0.08395061728395058,0.022226066422790826,184539843595.0,-8.395061728395058,3280.0
LYFT270115C00017000,17.0,7558.0,多头买 Call，看涨,2.851635762268727,CALL,7558.0,0.0,6084190.000000001,0.0006844723878137924,5M-10M,2027-01-15,21.62969970703125,21.030000686645508,20.76499938964844,21.825000762939453,20.68000030517578,8.05,8.05,8.3,96.0,0.6982452050781252,True,LYFT,7.55,0.06622516556291402,0.028516357622687272,8888875736.0,6.622516556291402,7558.0
DKNG260116P00040000,40.0,9572.0,空头卖 Put，看涨/看不跌,2.7910101527777056,PUT,9572.0,0.0,6078220.0,0.00028929283894936334,5M-10M,2026-01-16,34.08549880981445,33.15999984741211,32.79999923706055,34.290000915527344,32.61009979248047,6.35,5.95,6.55,12.0,0.4892629199218751,True,DKNG,7.09,-0.10437235543018339,0.027910101527777058,21010613405.0,-10.437235543018339,9572.0
MRVL260618C00095000,95.0,3817.0,多头买 Call，看涨,3.4563716836136065,CALL,3817.0,0.0,6076664.0,8.475022829922382e-05,5M-10M,2026-06-18,92.48999786376952,89.4000015258789,89.06999969482422,92.73999786376952,88.30999755859375,15.92,15.45,16.4,5.0,0.6248206463623047,False,MRVL,14.08,0.13068181818181818,0.034563716836136064,71700857000.0,13.068181818181818,3817.0
NVDA260515C00185000,185.0,2962.0,多头买 Call，看涨,1.2146858172228108,CALL,2962.0,0.0,6072100.0,1.402327057838341e-06,5M-10M,2026-05-15,179.14999389648438,177.0,174.6999969482422,180.3000030517578,173.67999267578125,20.5,20.45,20.55,251.0,0.478673426208496,False,NVDA,19.3,0.06217616580310877,0.012146858172228107,4330017000000.0,6.217616580310877,2962.0
CRWV260220P00075000,75.0,5198.0,空头卖 Put，看涨/看不跌,3.6378500175031574,PUT,5198.0,0.0,6071264.0,0.00010326191906388032,5M-10M,2026-02-20,75.77999877929688,73.12000274658203,71.0,76.63999938964844,69.32009887695312,11.68,11.5,11.85,40.0,0.8524184680175781,False,CRWV,13.37,-0.1264023934181002,0.036378500175031574,58794801172.0,-12.64023934181002,5198.0
AVGO260320P00340000,340.0,3029.0,多头买 Put，看跌,-3.875072107776674,PUT,3029.0,0.0,6058000.0,3.834728710315643e-06,5M-10M,2026-03-20,387.3450012207031,402.9599914550781,394.8500061035156,395.4200134277344,385.6400146484375,20.0,19.9,20.25,98.0,0.4979908599853516,False,AVGO,18.0,0.1111111111111111,-0.03875072107776674,1579772770810.0,11.11111111111111,3029.0
HOOD251219C00095000,95.0,2349.0,空头卖 Call，看跌/看不涨,-4.031448138466992,CALL,2349.0,0.0,6055722.0,5.634955894860799e-05,5M-10M,2025-12-19,123.30999755859376,128.49000549316406,123.5999984741211,125.28990173339844,118.86000061035156,25.78,28.25,29.55,14.0,0.7597680273437502,True,HOOD,32.89,-0.21617512921860746,-0.04031448138466992,107467070071.0,-21.617512921860747,2349.0
DKNG260116C00032000,32.0,16421.0,多头买 Call，看涨,2.7910101527777056,CALL,16421.0,0.0,5993665.0,0.00028526844430794475,5M-10M,2026-01-16,34.08549880981445,33.15999984741211,32.79999923706055,34.290000915527344,32.61009979248047,3.65,3.55,3.7,226.0,0.5170946728515625,True,DKNG,3.1,0.1774193548387096,0.027910101527777058,21010613405.0,17.74193548387096,16421.0
CIFR260220C00015000,15.0,8605.0,空头卖 Call，看跌/看不涨,-3.3906659514656172,CALL,8605.0,0.0,5980475.0,0.0013257678081352938,5M-10M,2026-02-20,19.65999984741211,20.350000381469727,19.325000762939453,20.36000061035156,19.0,6.95,6.75,7.25,42.0,1.3310580322265622,True,CIFR,7.7,-0.09740259740259741,-0.03390665951465617,4510952041.0,-9.740259740259742,8605.0
PFE260116P00027500,27.5,26684.0,多头买 Put，看跌,-1.8842292721997709,PUT,26684.0,0.0,5977216.0,4.4246609007576305e-05,5M-10M,2026-01-16,25.2549991607666,25.739999771118164,25.76000022888184,25.940000534057617,25.234399795532227,2.24,2.14,2.38,88.0,0.213875048828125,True,PFE,1.95,0.14871794871794886,-0.018842292721997708,135088679880.0,14.871794871794886,26684.0
BIDU251219C00100000,100.0,2930.0,多头买 Call，看涨,2.104541960234204,CALL,2930.0,0.0,5968410.000000001,0.00013218815204680778,5M-10M,2025-12-19,119.3499984741211,116.88999938964844,118.37999725341795,120.19000244140624,117.2699966430664,20.37,19.25,20.9,5.0,0.6076699389648439,True,BIDU,18.37,0.10887316276537833,0.02104541960234204,45150869481.0,10.887316276537833,2930.0
AVGO260515C00400000,400.0,1188.0,空头卖 Call，看跌/看不涨,-3.875072107776674,CALL,1188.0,0.0,5963760.000000001,3.7750745614777186e-06,5M-10M,2026-05-15,387.3450012207031,402.9599914550781,394.8500061035156,395.4200134277344,385.6400146484375,50.2,49.8,50.1,31.0,0.532307533416748,False,AVGO,57.63,-0.12892590664584416,-0.03875072107776674,1579772770810.0,-12.892590664584416,1188.0
HOOD260320C00150000,150.0,6627.0,空头卖 Call，看跌/看不涨,-4.031448138466992,CALL,6627.0,0.0,5931164.999999999,5.519053414298418e-05,5M-10M,2026-03-20,123.30999755859376,128.49000549316406,123.5999984741211,125.28990173339844,118.86000061035156,8.95,8.8,8.95,278.0,0.6517979156494143,False,HOOD,10.85,-0.17511520737327194,-0.04031448138466992,107467070071.0,-17.511520737327192,6627.0
NVDA260320P00130000,130.0,25765.0,空头卖 Put，看涨/看不跌,1.2146858172228108,PUT,25765.0,0.0,5925949.999999999,1.3685743035189006e-06,5M-10M,2026-03-20,179.14999389648438,177.0,174.6999969482422,180.3000030517578,173.67999267578125,2.3,2.3,2.34,8366.0,0.4909718872070313,False,NVDA,2.65,-0.13207547169811323,0.012146858172228107,4330017000000.0,-13.207547169811324,25765.0
HOOD260618C00115000,115.0,2045.0,空头卖 Call，看跌/看不涨,-4.031448138466992,CALL,2045.0,0.0,5920275.0,5.508920077646731e-05,5M-10M,2026-06-18,123.30999755859376,128.49000549316406,123.5999984741211,125.28990173339844,118.86000061035156,28.95,28.4,29.4,58.0,0.7047148669433594,True,HOOD,32.02,-0.09587757651467843,-0.04031448138466992,107467070071.0,-9.587757651467843,2045.0
OKLO260116P00115000,115.0,1927.0,多头买 Put，看跌,-2.927331475995653,PUT,1927.0,0.0,5915890.0,0.00036259892421875085,5M-10M,2026-01-16,88.70500183105469,91.37999725341795,88.54000091552734,90.5999984741211,85.5,30.7,29.65,30.5,2.0,0.8901378173828124,True,OKLO,27.59,0.11272200072490031,-0.02927331475995653,16315244213.0,11.272200072490032,1927.0
NVDA260116C00176000,176.0,4628.0,多头买 Call，看涨,1.2146858172228108,CALL,4628.0,0.0,5914584.0,1.3659493715613588e-06,5M-10M,2026-01-16,179.14999389648438,177.0,174.6999969482422,180.3000030517578,173.67999267578125,12.78,12.65,12.75,337.0,0.4364070031738281,True,NVDA,11.45,0.11615720524017469,0.012146858172228107,4330017000000.0,11.615720524017469,4628.0
BABA260220C00155000,155.0,3445.0,多头买 Call，看涨,4.310234359668761,CALL,3445.0,0.0,5890950.000000001,1.4839104828340474e-05,5M-10M,2026-02-20,164.0800018310547,157.3000030517578,160.5,164.7899932861328,159.41000366210938,17.1,17.35,18.7,12.0,0.454534263305664,True,BABA,13.95,0.22580645161290339,0.04310234359668761,396988232656.0,22.580645161290338,3445.0
NVDA260618C00179000,179.0,2248.0,多头买 Call，看涨,1.2146858172228108,CALL,2248.0,0.0,5878520.0,1.3576205359008983e-06,5M-10M,2026-06-18,179.14999389648438,177.0,174.6999969482422,180.3000030517578,173.67999267578125,26.15,26.0,26.1,78.0,0.494572925415039,True,NVDA,24.8,0.05443548387096765,0.012146858172228107,4330017000000.0,5.443548387096765,2248.0
MSTR260102P00155000,155.0,5108.0,多头买 Put，看跌,-6.817917976986597,PUT,5108.0,0.0,5874200.0,6.703039264261485e-05,5M-10M,2026-01-02,165.10000610351562,177.17999267578125,168.25,168.25,155.61000061035156,11.5,10.85,11.55,242.0,0.8234880932617187,False,MSTR,7.2,0.5972222222222222,-0.06817917976986597,87634873800.0,59.72222222222222,5108.0
PDD260320C00125000,125.0,8967.0,多头买 Call，看涨,2.2226066422790827,CALL,8967.0,0.0,5873385.0,3.1827191817123314e-05,5M-10M,2026-03-20,118.66000366210938,116.08000183105467,116.41000366210938,119.5,116.1500015258789,6.55,6.35,6.6,24.0,0.3541324353027343,False,PDD,5.25,0.24761904761904757,0.022226066422790826,184539843595.0,24.761904761904756,8967.0
IBM260320C00290000,290.0,1987.0,空头卖 Call，看跌/看不涨,-1.4048193802947502,CALL,1987.0,0.0,5863637.0,2.2140280100026287e-05,5M-10M,2026-03-20,304.2449951171875,308.5799865722656,306.5050048828125,306.8800048828125,302.79998779296875,29.51,28.65,32.05,3.0,0.3735414208984374,True,IBM,32.5,-0.09199999999999996,-0.0140481938029475,264840235693.0,-9.199999999999996,1987.0
NKE270115C00070000,70.0,6291.0,多头买 Call，看涨,1.4931208545488865,CALL,6291.0,0.0,5850630.0,5.7155051123089564e-05,5M-10M,2027-01-15,65.59500122070312,64.62999725341797,63.77000045776367,65.98989868164062,63.58000183105469,9.3,9.1,9.45,41.0,0.4044249011230468,False,NKE,8.52,0.09154929577464803,0.014931208545488866,102364181031.0,9.154929577464802,6291.0
PANW251219P00210000,210.0,2752.0,多头买 Put，看跌,-1.1360666947022398,PUT,2752.0,0.0,5839743.999999999,4.314062985110961e-05,5M-10M,2025-12-19,187.97000122070312,190.1300048828125,189.5399932861328,189.8699951171875,185.6201019287109,21.22,20.55,22.0,3.0,1.0000000000000004e-05,True,PANW,20.14,0.05362462760675264,-0.011360666947022398,135365293000.0,5.362462760675264,2752.0
NBIS251219C00100000,100.0,7483.0,多头买 Call，看涨,3.8199646299124375,CALL,7483.0,0.0,5836740.0,0.0002276036077331602,5M-10M,2025-12-19,98.49400329589844,94.87000274658205,91.38999938964844,99.3499984741211,89.01000213623047,7.8,7.5,8.0,562.0,0.9406744213867188,False,NBIS,6.11,0.27659574468085096,0.038199646299124375,25644321099.0,27.659574468085097,7483.0
NVDA260618P00146000,146.0,6820.0,空头卖 Put，看涨/看不跌,1.2146858172228108,PUT,6820.0,0.0,5824280.0,1.3450940261897356e-06,5M-10M,2026-06-18,179.14999389648438,177.0,174.6999969482422,180.3000030517578,173.67999267578125,8.54,8.55,8.65,12.0,0.4460504614257812,False,NVDA,9.23,-0.07475622968580728,0.012146858172228107,4330017000000.0,-7.475622968580728,6820.0
NVDA251219C00162000,162.0,2983.0,多头买 Call，看涨,1.2146858172228108,CALL,2983.0,0.0,5819833.0,1.3440670094366834e-06,5M-10M,2025-12-19,179.14999389648438,177.0,174.6999969482422,180.3000030517578,173.67999267578125,19.51,19.25,19.35,355.0,0.5100146655273439,True,NVDA,17.6,0.10852272727272727,0.012146858172228107,4330017000000.0,10.852272727272727,2983.0
JPM251219C00300000,300.0,4198.0,空头卖 Call，看跌/看不涨,-1.26963579801355,CALL,4198.0,0.0,5814230.0,6.690042126146052e-06,5M-10M,2025-12-19,309.1050109863281,313.0799865722656,312.95001220703125,314.0400085449219,308.7900085449219,13.85,13.5,14.7,26.0,0.3411931115722656,True,JPM,15.88,-0.12783375314861467,-0.0126963579801355,869087203095.0,-12.783375314861466,4198.0
NVDA260515C00170000,170.0,2072.0,多头买 Call，看涨,1.2146858172228108,CALL,2072.0,0.0,5811960.0,1.3422487717715657e-06,5M-10M,2026-05-15,179.14999389648438,177.0,174.6999969482422,180.3000030517578,173.67999267578125,28.05,27.85,28.1,83.0,0.4968617208862305,True,NVDA,26.4,0.06250000000000008,0.012146858172228107,4330017000000.0,6.250000000000008,2072.0
NVDA251212P00185000,185.0,7243.0,空头卖 Put，看涨/看不跌,1.2146858172228108,PUT,7243.0,0.0,5808885.999999999,1.341538843842876e-06,5M-10M,2025-12-12,179.14999389648438,177.0,174.6999969482422,180.3000030517578,173.67999267578125,8.02,8.25,8.3,526.0,0.3689027954101562,True,NVDA,10.25,-0.21756097560975615,0.012146858172228107,4330017000000.0,-21.756097560975615,7243.0
HOOD260320C00120000,120.0,2909.0,空头卖 Call，看跌/看不涨,-4.031448138466992,CALL,2909.0,0.0,5774365.0,5.373148254795692e-05,5M-10M,2026-03-20,123.30999755859376,128.49000549316406,123.5999984741211,125.28990173339844,118.86000061035156,19.85,19.85,20.0,181.0,0.6868317449951173,True,HOOD,23.0,-0.13695652173913037,-0.04031448138466992,107467070071.0,-13.695652173913036,2909.0
SOFI251212C00029000,29.0,35361.0,空头卖 Call，看跌/看不涨,-1.4300109248978774,CALL,35361.0,0.0,5763842.999999999,0.00017203111647564798,5M-10M,2025-12-12,29.295000076293945,29.71999931335449,28.86000061035156,29.700000762939453,28.670000076293945,1.63,1.58,1.62,2251.0,0.6875031250000001,True,SOFI,1.79,-0.08938547486033527,-0.014300109248978773,33504653798.0,-8.938547486033526,35361.0
HOOD260618C00090000,90.0,1418.0,空头卖 Call，看跌/看不涨,-4.031448138466992,CALL,1418.0,0.0,5742900.0,5.3438695185472657e-05,5M-10M,2026-06-18,123.30999755859376,128.49000549316406,123.5999984741211,125.28990173339844,118.86000061035156,40.5,43.3,44.3,3.0,0.7611107873535157,True,HOOD,47.48,-0.1470092670598146,-0.04031448138466992,107467070071.0,-14.700926705981459,1418.0
HOOD270115C00130000,130.0,1713.0,空头卖 Call，看跌/看不涨,-4.031448138466992,CALL,1713.0,0.0,5738550.0,5.3398217669921834e-05,5M-10M,2027-01-15,123.30999755859376,128.49000549316406,123.5999984741211,125.28990173339844,118.86000061035156,33.5,33.25,34.0,14.0,0.7031890032958985,False,HOOD,35.95,-0.0681502086230877,-0.04031448138466992,107467070071.0,-6.81502086230877,1713.0
HOOD260320P00100000,100.0,7756.0,多头买 Put，看跌,-4.031448138466992,PUT,7756.0,0.0,5731684.0,5.333432833158346e-05,5M-10M,2026-03-20,123.30999755859376,128.49000549316406,123.5999984741211,125.28990173339844,118.86000061035156,7.39,7.1,7.3,166.0,0.6720003503417971,False,HOOD,6.3,0.173015873015873,-0.04031448138466992,107467070071.0,17.3015873015873,7756.0
NVDA260515C00220000,220.0,6246.0,多头买 Call，看涨,1.2146858172228108,CALL,6246.0,0.0,5721336.0,1.3213195236877822e-06,5M-10M,2026-05-15,179.14999389648438,177.0,174.6999969482422,180.3000030517578,173.67999267578125,9.16,9.1,9.2,302.0,0.4570977142333985,False,NVDA,8.47,0.08146399055489958,0.012146858172228107,4330017000000.0,8.146399055489958,6246.0
NIO260618C00004000,4.0,34671.0,空头卖 Call，看跌/看不涨,-5.0909129056063565,CALL,34671.0,0.0,5720714.999999999,0.0003618009635567889,5M-10M,2026-06-18,5.21999979019165,5.5,5.329999923706055,5.425000190734863,5.139999866485596,1.65,1.6,1.72,35.0,0.6953155468750001,True,NIO,1.96,-0.15816326530612249,-0.05090912905606357,15811773810.0,-15.81632653061225,34671.0
CRWV251219P00090000,90.0,3699.0,空头卖 Put，看涨/看不跌,3.6378500175031574,PUT,3699.0,0.0,5703858.0,9.701296519931702e-05,5M-10M,2025-12-19,75.77999877929688,73.12000274658203,71.0,76.63999938964844,69.32009887695312,15.42,14.85,16.0,78.0,0.762697685546875,True,CRWV,17.67,-0.12733446519524627,0.036378500175031574,58794801172.0,-12.733446519524627,3699.0
MU260618C00300000,300.0,2051.0,多头买 Call，看涨,1.4377576186997205,CALL,2051.0,0.0,5701780.0,3.239559290359594e-05,5M-10M,2026-06-18,239.8800048828125,236.47999572753903,232.28500366210935,242.3600006103516,231.5,27.8,27.1,28.3,254.0,0.6657748266601564,False,MU,24.96,0.11378205128205127,0.014377576186997205,176004804634.0,11.378205128205126,2051.0
AVGO261218C00330000,330.0,504.0,空头卖 Call，看跌/看不涨,-3.875072107776674,CALL,504.0,0.0,5699736.0,3.607946728362436e-06,5M-10M,2026-12-18,387.3450012207031,402.9599914550781,394.8500061035156,395.4200134277344,385.6400146484375,113.09,112.55,115.4,15.0,0.5697064514160157,True,AVGO,121.5,-0.06921810699588475,-0.03875072107776674,1579772770810.0,-6.921810699588475,504.0
MSTR280121C00180000,180.0,749.0,空头卖 Call，看跌/看不涨,-6.817917976986597,CALL,749.0,0.0,5697642.999999999,6.501570382817165e-05,5M-10M,2028-01-21,165.10000610351562,177.17999267578125,168.25,168.25,155.61000061035156,76.07,74.05,75.95,161.0,0.8723767645263671,False,MSTR,82.58,-0.07883264713005576,-0.06817917976986597,87634873800.0,-7.883264713005576,749.0
COIN260320P00260000,260.0,1550.0,多头买 Put，看跌,-5.259880404028473,PUT,1550.0,0.0,5688500.000000001,7.08262221548031e-05,5M-10M,2026-03-20,258.4700012207031,272.82000732421875,260.4750061035156,265.8800048828125,252.1999969482422,36.7,34.6,35.35,16.0,0.6047707980346682,True,COIN,29.45,0.24617996604414275,-0.052598804040284726,80316298497.0,24.617996604414273,1550.0
GOOGL251205C00290000,290.0,2013.0,空头卖 Call，看跌/看不涨,-1.221189253404943,CALL,2013.0,0.0,5676660.0,1.9038622700905855e-06,5M-10M,2025-12-05,316.2699890136719,320.17999267578125,317.70001220703125,319.8500061035156,314.44000244140625,28.2,26.6,27.2,85.0,0.5295457202148439,True,GOOGL,29.77,-0.052737655357742705,-0.012211892534049432,2981654760000.0,-5.27376553577427,2013.0
GOOGL270115C00400000,400.0,2040.0,空头卖 Call，看跌/看不涨,-1.221189253404943,CALL,2040.0,0.0,5671200.0,1.902031072168798e-06,5M-10M,2027-01-15,316.2699890136719,320.17999267578125,317.70001220703125,319.8500061035156,314.44000244140625,27.8,27.45,27.75,377.0,0.4048216256713867,False,GOOGL,29.74,-0.06523201075991923,-0.012211892534049432,2981654760000.0,-6.523201075991923,2040.0
PPTA251219C00020000,20.0,10103.0,空头卖 Call，看跌/看不涨,-1.6705528710154363,CALL,10103.0,0.0,5657680.0,0.0024856049500656865,5M-10M,2025-12-19,25.309999465942383,25.739999771118164,25.790000915527344,26.100000381469727,25.1299991607666,5.6,5.3,5.9,61.0,0.9023447265625,True,PPTA,6.2,-0.09677419354838718,-0.016705528710154363,2276178280.0,-9.677419354838717,10103.0
HOOD271217P00090000,90.0,2576.0,多头买 Put，看跌,-4.031448138466992,PUT,2576.0,0.0,5654320.0,5.261444269639411e-05,5M-10M,2027-12-17,123.30999755859376,128.49000549316406,123.5999984741211,125.28990173339844,118.86000061035156,21.95,21.45,22.55,2.0,0.6203651245117189,False,HOOD,20.82,0.054274735830931745,-0.04031448138466992,107467070071.0,5.427473583093175,2576.0
SOFI260320C00022000,22.0,6485.0,空头卖 Call，看跌/看不涨,-1.4300109248978774,CALL,6485.0,0.0,5641949.999999999,0.00016839302486202037,5M-10M,2026-03-20,29.295000076293945,29.71999931335449,28.86000061035156,29.700000762939453,28.670000076293945,8.7,8.4,9.35,3.0,0.77148666015625,True,SOFI,9.35,-0.06951871657754015,-0.014300109248978773,33504653798.0,-6.9518716577540145,6485.0
CIFR251219C00020000,20.0,25052.0,空头卖 Call，看跌/看不涨,-3.3906659514656172,CALL,25052.0,0.0,5636700.0,0.0012495588400781227,5M-10M,2025-12-19,19.65999984741211,20.350000381469727,19.325000762939453,20.36000061035156,19.0,2.25,2.18,2.27,1071.0,1.3271518017578123,False,CIFR,2.47,-0.08906882591093125,-0.03390665951465617,4510952041.0,-8.906882591093126,25052.0
RKLB261218C00040000,40.0,3836.0,空头卖 Call，看跌/看不涨,-3.407690661541297,CALL,3836.0,0.0,5635084.0,0.0002541188364680294,5M-10M,2026-12-18,40.70399856567383,42.13999938964844,41.09999847412109,41.29999923706055,39.97999954223633,14.69,14.55,15.15,82.0,0.911011632080078,True,RKLB,15.9,-0.07610062893081766,-0.03407690661541297,22174995283.0,-7.610062893081766,3836.0
BABA260116C00175000,175.0,9877.0,多头买 Call，看涨,4.310234359668761,CALL,9877.0,0.0,5629890.0,1.4181503472619143e-05,5M-10M,2026-01-16,164.0800018310547,157.3000030517578,160.5,164.7899932861328,159.41000366210938,5.7,5.6,5.8,739.0,0.4272518212890626,False,BABA,3.53,0.614730878186969,0.04310234359668761,396988232656.0,61.473087818696904,9877.0
UBER270115C00110000,110.0,7447.0,空头卖 Call，看跌/看不涨,-1.2222980164881725,CALL,7447.0,0.0,5622485.0,2.7385414987996118e-05,5M-10M,2027-01-15,86.47000122070312,87.54000091552734,86.98999786376953,87.61000061035156,85.4800033569336,7.55,7.6,7.85,29.0,0.4165097412109374,False,UBER,8.06,-0.06327543424317626,-0.012222980164881724,205309468652.0,-6.327543424317626,7447.0
MU260220C00210000,210.0,1165.0,多头买 Call，看涨,1.4377576186997205,CALL,1165.0,0.0,5621125.0,3.1937338368057995e-05,5M-10M,2026-02-20,239.8800048828125,236.47999572753903,232.28500366210935,242.3600006103516,231.5,48.25,46.2,47.7,8.0,0.6998321032714845,True,MU,44.27,0.08990286875988246,0.014377576186997205,176004804634.0,8.990286875988247,1165.0
BABA251219C00145000,145.0,2814.0,多头买 Call，看涨,4.310234359668761,CALL,2814.0,0.0,5602674.0,1.411294728439685e-05,5M-10M,2025-12-19,164.0800018310547,157.3000030517578,160.5,164.7899932861328,159.41000366210938,19.91,19.8,21.2,6.0,0.5217332983398437,True,BABA,14.15,0.40706713780918724,0.04310234359668761,396988232656.0,40.706713780918726,2814.0
MSTR260116P00150000,150.0,4463.0,多头买 Put，看跌,-6.817917976986597,PUT,4463.0,0.0,5601065.0,6.391365397276353e-05,5M-10M,2026-01-16,165.10000610351562,177.17999267578125,168.25,168.25,155.61000061035156,12.55,12.45,12.9,952.0,0.8607191662597657,False,MSTR,8.75,0.4342857142857144,-0.06817917976986597,87634873800.0,43.42857142857144,4463.0
IONQ251219P00050000,50.0,10549.0,多头买 Put，看跌,-2.6166347575875917,PUT,10549.0,0.0,5590970.0,0.000279950972705702,5M-10M,2025-12-19,48.0099983215332,49.29999923706055,48.63999938964844,48.869998931884766,46.61199951171875,5.3,4.8,5.1,94.0,0.870118486328125,True,IONQ,4.7,0.127659574468085,-0.026166347575875916,19971246915.0,12.765957446808502,10549.0
CRWV260320C00095000,95.0,6160.0,多头买 Call，看涨,3.6378500175031574,CALL,6160.0,0.0,5587120.0,9.502744951301525e-05,5M-10M,2026-03-20,75.77999877929688,73.12000274658203,71.0,76.63999938964844,69.32009887695312,9.07,8.9,9.3,20.0,0.922730264892578,False,CRWV,8.0,0.13375000000000004,0.036378500175031574,58794801172.0,13.375000000000004,6160.0
MU270115C00250000,250.0,886.0,多头买 Call，看涨,1.4377576186997205,CALL,886.0,0.0,5581800.0,3.171390696752449e-05,5M-10M,2027-01-15,239.8800048828125,236.47999572753903,232.28500366210935,242.3600006103516,231.5,63.0,63.0,64.4,25.0,0.6762117340087892,False,MU,59.5,0.058823529411764705,0.014377576186997205,176004804634.0,5.88235294117647,886.0
NVDA260220C00165000,165.0,2375.0,多头买 Call，看涨,1.2146858172228108,CALL,2375.0,0.0,5581250.0,1.2889672257637788e-06,5M-10M,2026-02-20,179.14999389648438,177.0,174.6999969482422,180.3000030517578,173.67999267578125,23.5,23.4,23.6,47.0,0.4771780798339844,True,NVDA,21.75,0.08045977011494253,0.012146858172228107,4330017000000.0,8.045977011494253,2375.0
RIVN261218P00020000,20.0,9103.0,空头卖 Put，看涨/看不跌,3.0545632918437886,PUT,9103.0,0.0,5580139.0,0.0002949733205534748,5M-10M,2026-12-18,17.375,16.860000610351562,16.511999130249023,17.790000915527344,16.511999130249023,6.13,5.9,6.1,1.0,0.6093789062500001,True,RIVN,7.05,-0.13049645390070921,0.030545632918437884,18917436294.0,-13.049645390070921,9103.0
LYFT260320P00020000,20.0,27413.0,空头卖 Put，看涨/看不跌,2.851635762268727,PUT,27413.0,0.0,5564838.999999999,0.0006260453138592509,5M-10M,2026-03-20,21.62969970703125,21.030000686645508,20.76499938964844,21.825000762939453,20.68000030517578,2.03,1.88,1.95,8.0,0.5844768115234374,False,LYFT,2.25,-0.09777777777777787,0.028516357622687272,8888875736.0,-9.777777777777787,27413.0
NVDA260821C00200000,200.0,2564.0,多头买 Call，看涨,1.2146858172228108,CALL,2564.0,0.0,5563880.0,1.2849556941693301e-06,5M-10M,2026-08-21,179.14999389648438,177.0,174.6999969482422,180.3000030517578,173.67999267578125,21.7,21.15,21.3,46.0,0.4794058407592773,False,NVDA,20.1,0.07960199004975113,0.012146858172228107,4330017000000.0,7.960199004975113,2564.0
AVGO260417C00360000,360.0,841.0,空头卖 Call，看跌/看不涨,-3.875072107776674,CALL,841.0,0.0,5550600.0,3.5135432782235066e-06,5M-10M,2026-04-17,387.3450012207031,402.9599914550781,394.8500061035156,395.4200134277344,385.6400146484375,66.0,65.4,66.2,29.0,0.5591169577026368,True,AVGO,73.98,-0.10786699107866995,-0.03875072107776674,1579772770810.0,-10.786699107866996,841.0
GS260116C00720000,720.0,518.0,空头卖 Call，看跌/看不涨,-1.7299378247369428,CALL,518.0,0.0,5542600.0,2.281499633119285e-05,5M-10M,2026-01-16,811.75,826.0399780273438,818.5900268554688,824.72998046875,809.9299926757812,107.0,97.55,102.95,1.0,0.3845886737060546,True,GS,115.85,-0.07639188605955972,-0.017299378247369428,242936703541.0,-7.639188605955972,518.0
MU251219P00240000,240.0,3365.0,空头卖 Put，看涨/看不跌,1.4377576186997205,PUT,3365.0,0.0,5535425.0,3.145041984229268e-05,5M-10M,2025-12-19,239.8800048828125,236.47999572753903,232.28500366210935,242.3600006103516,231.5,16.45,15.75,16.45,128.0,0.73633076171875,True,MU,18.7,-0.12032085561497327,0.014377576186997205,176004804634.0,-12.032085561497327,3365.0
NVDA251226C00185000,185.0,10526.0,多头买 Call，看涨,1.2146858172228108,CALL,10526.0,0.0,5526150.0,1.2762421025136852e-06,5M-10M,2025-12-26,179.14999389648438,177.0,174.6999969482422,180.3000030517578,173.67999267578125,5.25,5.2,5.25,4237.0,0.4034483483886719,False,NVDA,4.5,0.16666666666666666,0.012146858172228107,4330017000000.0,16.666666666666664,10526.0
B260116C00034000,34.0,6556.0,多头买 Call，看涨,1.7174627040445478,CALL,6556.0,0.0,5507040.0,9.362105436241444e-05,5M-10M,2026-01-16,42.04999923706055,41.34000015258789,42.3650016784668,43.08000183105469,41.790000915527344,8.4,8.4,8.9,22.0,0.5712933496093751,True,B,8.0,0.050000000000000044,0.017174627040445478,58822665879.0,5.000000000000004,6556.0
RIOT260116C00020000,20.0,70603.0,空头卖 Call，看跌/看不涨,-3.905760654340046,CALL,70603.0,0.0,5507034.0,0.0008422300368119056,5M-10M,2026-01-16,15.5,16.1299991607666,15.229999542236328,15.800000190734863,14.888999938964844,0.78,0.77,0.79,2434.0,0.9492192578125,False,RIOT,0.89,-0.12359550561797751,-0.03905760654340046,6538634054.0,-12.359550561797752,70603.0
HOOD260220C00135000,135.0,5091.0,空头卖 Call，看跌/看不涨,-4.031448138466992,CALL,7503.0,2412.0,5498280.0,5.1162463035118246e-05,5M-10M,2026-02-20,123.30999755859376,128.49000549316406,123.5999984741211,125.28990173339844,118.86000061035156,10.8,10.7,10.95,255.0,0.6570468865966796,False,HOOD,13.15,-0.17870722433460073,-0.04031448138466992,107467070071.0,-17.870722433460074,5091.0
U271217C00055000,55.0,3895.0,多头买 Call，看涨,3.057382932890307,CALL,3895.0,0.0,5491950.0,0.00030397913711835043,5M-10M,2027-12-17,43.81999969482422,42.52000045776367,42.77000045776367,44.560001373291016,41.22999954223633,14.1,12.6,14.7,1.0,0.6937286486816407,False,U,11.53,0.22289679098005208,0.030573829328903068,18066864891.0,22.28967909800521,3895.0
BIDU260116C00115000,115.0,5672.0,多头买 Call，看涨,2.104541960234204,CALL,5672.0,0.0,5473480.0,0.00012122645838090233,5M-10M,2026-01-16,119.3499984741211,116.88999938964844,118.37999725341795,120.19000244140624,117.2699966430664,9.65,9.4,10.3,16.0,0.473638076171875,True,BIDU,8.92,0.08183856502242157,0.02104541960234204,45150869481.0,8.183856502242156,5672.0
MSTR261218P00200000,200.0,731.0,多头买 Put，看跌,-6.817917976986597,PUT,731.0,0.0,5441564.0,6.209359087363689e-05,5M-10M,2026-12-18,165.10000610351562,177.17999267578125,168.25,168.25,155.61000061035156,74.44,72.6,73.95,7.0,0.7444788735961915,True,MSTR,65.35,0.13909716908951805,-0.06817917976986597,87634873800.0,13.909716908951806,731.0
HIMS251219P00045000,45.0,7888.0,多头买 Put，看跌,-3.4962239196687657,PUT,7888.0,0.0,5387504.0,0.0004081583569731218,5M-10M,2025-12-19,38.36989974975586,39.7599983215332,38.75,39.24990081787109,37.900001525878906,6.83,6.65,7.15,40.0,0.56055126953125,True,HIMS,6.2,0.10161290322580643,-0.03496223919668766,13199543530.0,10.161290322580644,7888.0
MU260116P00300000,300.0,827.0,空头卖 Put，看涨/看不跌,1.4377576186997205,PUT,827.0,0.0,5383770.0,3.058876722823271e-05,5M-10M,2026-01-16,239.8800048828125,236.47999572753903,232.28500366210935,242.3600006103516,231.5,65.1,64.0,65.75,1.0,0.6161537408447266,True,MU,106.58,-0.38919121786451494,0.014377576186997205,176004804634.0,-38.91912178645149,827.0
MSTR260116C00160000,160.0,2432.0,空头卖 Call，看跌/看不涨,-6.817917976986597,CALL,2432.0,0.0,5362560.0,6.119207762241337e-05,5M-10M,2026-01-16,165.10000610351562,177.17999267578125,168.25,168.25,155.61000061035156,22.05,21.85,22.5,726.0,0.8397843170166015,True,MSTR,33.2,-0.3358433734939759,-0.06817917976986597,87634873800.0,-33.58433734939759,2432.0
MSTR260515P00200000,200.0,949.0,多头买 Put，看跌,-6.817917976986597,PUT,949.0,0.0,5349513.0,6.104319853542141e-05,5M-10M,2026-05-15,165.10000610351562,177.17999267578125,168.25,168.25,155.61000061035156,56.37,57.05,58.15,2.0,0.7768882174682618,True,MSTR,46.42,0.2143472641102972,-0.06817917976986597,87634873800.0,21.434726411029718,949.0
OKLO260116C00100000,100.0,6213.0,空头卖 Call，看跌/看不涨,-2.927331475995653,CALL,6213.0,0.0,5349392.999999999,0.0003278769799680717,5M-10M,2026-01-16,88.70500183105469,91.37999725341795,88.54000091552734,90.5999984741211,85.5,8.61,8.55,8.95,150.0,1.0190478735351562,False,OKLO,10.3,-0.16407766990291273,-0.02927331475995653,16315244213.0,-16.40776699029127,6213.0
GOOG260220C00325000,325.0,2648.0,空头卖 Call，看跌/看不涨,-1.1573743061283401,CALL,2648.0,0.0,5346312.0,1.78842613407532e-06,5M-10M,2026-02-20,316.4150085449219,320.1199951171875,317.2699890136719,319.6300048828125,314.4100036621094,20.19,19.95,20.1,184.0,0.398992826538086,False,GOOG,22.6,-0.10663716814159292,-0.011573743061283401,2989394920000.0,-10.663716814159292,2648.0
NVDA260116C00220000,220.0,46429.0,多头买 Call，看涨,1.2146858172228108,CALL,46429.0,0.0,5339335.0,1.2330979301005053e-06,5M-10M,2026-01-16,179.14999389648438,177.0,174.6999969482422,180.3000030517578,173.67999267578125,1.15,1.14,1.15,2386.0,0.4162656030273437,False,NVDA,1.05,0.09523809523809511,0.012146858172228107,4330017000000.0,9.523809523809511,46429.0
BE260320C00110000,110.0,2332.0,空头卖 Call，看跌/看不涨,-7.7535713899096175,CALL,2332.0,0.0,5335616.0,0.0003242601761994103,5M-10M,2026-03-20,100.7699966430664,109.23999786376952,107.08000183105467,110.83999633789062,100.3499984741211,22.88,22.6,23.7,40.0,1.2168007910156249,False,BE,28.1,-0.18576512455516023,-0.07753571389909618,16454737250.0,-18.576512455516024,2332.0
PATH260116C00015000,15.0,42300.0,多头买 Call，看涨,1.4444450637134965,CALL,42300.0,0.0,5329800.0,0.0008220212094334912,5M-10M,2026-01-16,14.060199737548828,13.859999656677246,13.68000030517578,14.199999809265137,13.550000190734863,1.26,1.24,1.26,1093.0,0.8095722167968749,False,PATH,1.16,0.08620689655172423,0.014444450637134964,6483774310.0,8.620689655172423,42300.0
AVGO260618C00450000,450.0,1389.0,空头卖 Call，看跌/看不涨,-3.875072107776674,CALL,1389.0,0.0,5326815.0,3.371886829818425e-06,5M-10M,2026-06-18,387.3450012207031,402.9599914550781,394.8500061035156,395.4200134277344,385.6400146484375,38.35,37.95,38.3,45.0,0.5276078733825684,False,AVGO,44.2,-0.13235294117647062,-0.03875072107776674,1579772770810.0,-13.235294117647062,1389.0
CORZ260116C00017000,17.0,26585.0,空头卖 Call，看跌/看不涨,-2.249847095906326,CALL,26585.0,0.0,5317000.0,0.0010332031404879666,5M-10M,2026-01-16,16.510000228881836,16.889999389648438,16.147499084472656,16.809999465942383,16.1200008392334,2.0,1.89,2.01,2840.0,0.91601646484375,False,CORZ,2.26,-0.11504424778761053,-0.02249847095906326,5146132248.0,-11.504424778761054,26585.0
CNC260918C00035000,35.0,5971.0,空头卖 Call，看跌/看不涨,-2.5419420338619836,CALL,5971.0,0.0,5314190.0,0.00031039204268579304,5M-10M,2026-09-18,38.34000015258789,39.34000015258789,39.02999877929688,39.10499954223633,38.06499862670898,8.9,8.6,9.8,6.0,0.5728802478027344,True,CNC,9.64,-0.07676348547717844,-0.025419420338619835,17120896380.0,-7.676348547717844,5971.0
MSTR260320C00200000,200.0,2857.0,空头卖 Call，看跌/看不涨,-6.817917976986597,CALL,2857.0,0.0,5314020.0,6.063818853813423e-05,5M-10M,2026-03-20,165.10000610351562,177.17999267578125,168.25,168.25,155.61000061035156,18.6,18.2,18.75,262.0,0.8357560369873045,False,MSTR,23.1,-0.1948051948051948,-0.06817917976986597,87634873800.0,-19.48051948051948,2857.0
MSTR260116C00130000,130.0,1473.0,空头卖 Call，看跌/看不涨,-6.817917976986597,CALL,1473.0,0.0,5273339.999999999,6.017398977528965e-05,5M-10M,2026-01-16,165.10000610351562,177.17999267578125,168.25,168.25,155.61000061035156,35.8,40.95,42.45,31.0,0.9166268103027344,True,MSTR,53.95,-0.33642261353104735,-0.06817917976986597,87634873800.0,-33.642261353104736,1473.0
MARA260918P00010000,10.0,18134.0,多头买 Put，看跌,-4.02201832847304,PUT,18134.0,0.0,5258860.0,0.00088007240725,5M-10M,2026-09-18,11.335000038146973,11.8100004196167,11.076000213623049,11.5,10.619999885559082,2.9,2.59,2.86,2.0,0.9057626611328125,False,MARA,2.57,0.12840466926070043,-0.0402201832847304,5975485604.0,12.840466926070043,18134.0
U260116C00035000,35.0,5246.0,多头买 Call，看涨,3.057382932890307,CALL,5246.0,0.0,5246000.0,0.00029036581784664214,5M-10M,2026-01-16,43.81999969482422,42.52000045776367,42.77000045776367,44.560001373291016,41.22999954223633,10.0,9.8,10.35,34.0,0.7680687255859376,True,U,8.65,0.15606936416184966,0.030573829328903068,18066864891.0,15.606936416184967,5246.0
CNC260116C00035000,35.0,11605.0,空头卖 Call，看跌/看不涨,-2.5419420338619836,CALL,11605.0,0.0,5245460.0,0.00030637765007021205,5M-10M,2026-01-16,38.34000015258789,39.34000015258789,39.02999877929688,39.10499954223633,38.06499862670898,4.52,4.7,5.1,3.0,0.5600629931640625,True,CNC,5.58,-0.1899641577060933,-0.025419420338619835,17120896380.0,-18.996415770609328,11605.0
CRWV270115C00080000,80.0,1855.0,多头买 Call，看涨,3.6378500175031574,CALL,1855.0,0.0,5242230.0,8.916145467801192e-05,5M-10M,2027-01-15,75.77999877929688,73.12000274658203,71.0,76.63999938964844,69.32009887695312,28.26,27.8,28.65,64.0,0.958435474243164,False,CRWV,26.69,0.05882352941176471,0.036378500175031574,58794801172.0,5.882352941176471,1855.0
COIN270115P00270000,270.0,748.0,多头买 Put，看跌,-5.259880404028473,PUT,748.0,0.0,5236000.0,6.519224737673358e-05,5M-10M,2027-01-15,258.4700012207031,272.82000732421875,260.4750061035156,265.8800048828125,252.1999969482422,70.0,69.8,71.25,3.0,0.5870250038146974,True,COIN,64.54,0.08459869848156172,-0.052598804040284726,80316298497.0,8.459869848156172,748.0
BMNR260618C00030000,30.0,5539.0,空头卖 Call，看跌/看不涨,-12.016907217967214,CALL,5539.0,0.0,5234355.0,0.024085935070223156,5M-10M,2026-06-18,29.13999938964844,33.119998931884766,30.51000022888184,30.899999618530277,28.809999465942383,9.45,9.4,9.95,337.0,1.1926309899902343,False,BMNR,12.0,-0.21250000000000005,-0.12016907217967214,217319983.0,-21.250000000000004,5539.0
NKE260320P00070000,70.0,6690.0,空头卖 Put，看涨/看不跌,1.4931208545488865,PUT,6690.0,0.0,5218200.0,5.097681579086457e-05,5M-10M,2026-03-20,65.59500122070312,64.62999725341797,63.77000045776367,65.98989868164062,63.58000183105469,7.8,7.65,7.95,9.0,0.36914693359375,True,NKE,8.71,-0.10447761194029861,0.014931208545488866,102364181031.0,-10.447761194029862,6690.0
NVDA260116P00140000,140.0,61328.0,空头卖 Put，看涨/看不跌,1.2146858172228108,PUT,61328.0,0.0,5212880.0,1.2038936567685531e-06,5M-10M,2026-01-16,179.14999389648438,177.0,174.6999969482422,180.3000030517578,173.67999267578125,0.85,0.85,0.86,344.0,0.4714408325195312,False,NVDA,1.2,-0.2916666666666667,0.012146858172228107,4330017000000.0,-29.166666666666668,61328.0
AG270115C00012000,12.0,7946.0,多头买 Call，看涨,2.954699779809544,CALL,7946.0,0.0,5204630.0,0.0008775279950441505,5M-10M,2027-01-15,15.68000030517578,15.229999542236328,15.619999885559082,15.989999771118164,15.34000015258789,6.55,6.35,6.65,78.0,0.780275634765625,True,AG,6.06,0.08085808580858089,0.02954699779809544,5931013061.0,8.085808580858089,7946.0
GOOGL260618C00320000,320.0,1406.0,空头卖 Call，看跌/看不涨,-1.221189253404943,CALL,1406.0,0.0,5202200.0,1.7447358660665328e-06,5M-10M,2026-06-18,316.2699890136719,320.17999267578125,317.70001220703125,319.8500061035156,314.44000244140625,37.0,36.8,37.05,92.0,0.4157010334777831,False,GOOGL,39.85,-0.07151819322459226,-0.012211892534049432,2981654760000.0,-7.151819322459225,1406.0
OXY260116P00050000,50.0,6404.0,空头卖 Put，看涨/看不跌,1.2380963280087425,PUT,6404.0,0.0,5200048.0,0.00011127535355523252,5M-10M,2026-01-16,42.52000045776367,42.0,41.83000183105469,42.7400016784668,41.78499984741211,8.12,7.4,8.85,12.0,0.6157264990234376,True,OXY,8.8,-0.07727272727272744,0.012380963280087426,46731354553.0,-7.7272727272727435,6404.0
GOOGL260220C00275000,275.0,1018.0,空头卖 Call，看跌/看不涨,-1.221189253404943,CALL,1018.0,0.0,5196889.999999999,1.7429549757799589e-06,5M-10M,2026-02-20,316.2699890136719,320.17999267578125,317.70001220703125,319.8500061035156,314.44000244140625,51.05,50.7,51.3,7.0,0.4592949578857422,True,GOOGL,54.38,-0.06123574843692544,-0.012211892534049432,2981654760000.0,-6.123574843692544,1018.0
SOUN260116C00012000,12.0,38098.0,空头卖 Call，看跌/看不涨,-2.946062160095229,CALL,38098.0,0.0,5181328.000000001,0.0007973089760278773,5M-10M,2026-01-16,11.69499969482422,12.050000190734863,11.70199966430664,12.020000457763672,11.4399995803833,1.36,1.36,1.38,465.0,0.8984385156249999,False,SOUN,1.55,-0.12258064516129029,-0.02946062160095229,6498519590.0,-12.258064516129028,38098.0
HOOD260116P00125000,125.0,4545.0,多头买 Put，看跌,-4.031448138466992,PUT,4545.0,0.0,5181300.0,4.821290835022192e-05,5M-10M,2026-01-16,123.30999755859376,128.49000549316406,123.5999984741211,125.28990173339844,118.86000061035156,11.4,11.35,11.7,417.0,0.6022988989257814,True,HOOD,9.6,0.18750000000000008,-0.04031448138466992,107467070071.0,18.750000000000007,4545.0
NVO251219P00050000,50.0,21766.0,多头买 Put，看跌,-1.5906785647090946,PUT,21766.0,0.0,5180307.999999999,2.086321452009505e-05,5M-10M,2025-12-19,48.56499862670898,49.34999847412109,48.92499923706055,49.48529815673828,48.52999877929688,2.38,2.37,2.44,588.0,0.364264169921875,True,NVO,2.23,0.06726457399103135,-0.015906785647090946,248298650000.0,6.7264573991031344,21766.0
RIOT260116C00016000,16.0,27261.0,空头卖 Call，看跌/看不涨,-3.905760654340046,CALL,27261.0,0.0,5179589.999999999,0.0007921516875273655,5M-10M,2026-01-16,15.5,16.1299991607666,15.229999542236328,15.800000190734863,14.888999938964844,1.9,1.85,1.92,1107.0,0.948242705078125,False,RIOT,2.12,-0.10377358490566047,-0.03905760654340046,6538634054.0,-10.377358490566046,27261.0
AVGO260918C00450000,450.0,1025.0,空头卖 Call，看跌/看不涨,-3.875072107776674,CALL,1025.0,0.0,5166000.0,3.270090544320008e-06,5M-10M,2026-09-18,387.3450012207031,402.9599914550781,394.8500061035156,395.4200134277344,385.6400146484375,50.4,50.2,50.65,22.0,0.5264787342834474,False,AVGO,55.4,-0.09025270758122744,-0.03875072107776674,1579772770810.0,-9.025270758122744,1025.0
BIDU251219C00110000,110.0,4600.0,多头买 Call，看涨,2.104541960234204,CALL,4600.0,0.0,5152000.0,0.00011410632971681797,5M-10M,2025-12-19,119.3499984741211,116.88999938964844,118.37999725341795,120.19000244140624,117.2699966430664,11.2,11.2,11.8,31.0,0.540287800292969,True,BIDU,9.63,0.1630321910695741,0.02104541960234204,45150869481.0,16.30321910695741,4600.0
MU251205P00235000,235.0,11924.0,空头卖 Put，看涨/看不跌,1.4377576186997205,PUT,12329.0,405.0,5127320.0,2.9131704731937313e-05,5M-10M,2025-12-05,239.8800048828125,236.47999572753903,232.28500366210935,242.3600006103516,231.5,4.3,4.25,4.35,2186.0,0.5832561206054687,False,MU,6.2,-0.30645161290322587,0.014377576186997205,176004804634.0,-30.645161290322587,11924.0
BABA251205C00160000,160.0,8757.0,多头买 Call，看涨,4.310234359668761,CALL,8757.0,0.0,5122845.0,1.2904274178925275e-05,5M-10M,2025-12-05,164.0800018310547,157.3000030517578,160.5,164.7899932861328,159.41000366210938,5.85,5.75,6.0,4387.0,0.4755911816406249,True,BABA,2.15,1.7209302325581395,0.04310234359668761,396988232656.0,172.09302325581396,8757.0
APP251205C00600000,600.0,1856.0,多头买 Call，看涨,2.7573947146574787,CALL,1856.0,0.0,5120704.0,2.2599973629371985e-05,5M-10M,2025-12-05,616.010009765625,599.47998046875,588.1300048828125,622.4299926757812,576.0,27.59,27.1,29.2,1056.0,0.6659579302978518,True,APP,17.1,0.6134502923976607,0.02757394714657479,226580087392.0,61.34502923976607,1856.0
SHOP260320C00120000,120.0,1303.0,空头卖 Call，看跌/看不涨,-4.317956461088212,CALL,1303.0,0.0,5115578.0,2.807111171148649e-05,5M-10M,2026-03-20,151.7899932861328,158.63999938964844,152.8000030517578,155.55999755859375,150.75999450683594,39.26,37.3,40.2,1.0,0.6347692773437501,True,SHOP,42.49,-0.07601788656154398,-0.04317956461088212,182236387806.0,-7.601788656154398,1303.0
BABA271217C00200000,200.0,1671.0,多头买 Call，看涨,4.310234359668761,CALL,1671.0,0.0,5113260.000000001,1.2880129886446195e-05,5M-10M,2027-12-17,164.0800018310547,157.3000030517578,160.5,164.7899932861328,159.41000366210938,30.6,31.15,32.0,3.0,0.4704947970581055,False,BABA,28.61,0.06955609926599099,0.04310234359668761,396988232656.0,6.955609926599099,1671.0
COIN260515P00300000,300.0,748.0,多头买 Put，看跌,-5.259880404028473,PUT,748.0,0.0,5107344.0,6.359038072690528e-05,5M-10M,2026-05-15,258.4700012207031,272.82000732421875,260.4750061035156,265.8800048828125,252.1999969482422,68.28,67.1,69.05,16.0,0.5935404415893556,True,COIN,64.6,0.05696594427244593,-0.052598804040284726,80316298497.0,5.696594427244593,748.0
NIO260618C00004500,4.5,38097.0,空头卖 Call，看跌/看不涨,-5.0909129056063565,CALL,38097.0,0.0,5104998.0,0.0003228605507100914,5M-10M,2026-06-18,5.21999979019165,5.5,5.329999923706055,5.425000190734863,5.139999866485596,1.34,1.32,1.41,36.0,0.6826203613281252,True,NIO,1.61,-0.16770186335403728,-0.05090912905606357,15811773810.0,-16.77018633540373,38097.0
LYFT260618C00022000,22.0,12591.0,多头买 Call，看涨,2.851635762268727,CALL,12591.0,0.0,5099355.0,0.0005736782863717604,5M-10M,2026-06-18,21.62969970703125,21.030000686645508,20.76499938964844,21.825000762939453,20.68000030517578,4.05,4.05,4.3,14.0,0.6835969140625001,False,LYFT,3.58,0.13128491620111724,0.028516357622687272,8888875736.0,13.128491620111724,12591.0
MP251219P00065000,65.0,6716.0,多头买 Put，看跌,-4.907184629682802,PUT,6716.0,0.0,5070580.0,0.00041718550784438757,5M-10M,2025-12-19,58.90999984741211,61.95000076293945,60.43999862670898,60.5,58.11000061035156,7.55,7.2,7.7,40.0,0.6430699755859376,True,MP,6.08,0.24177631578947364,-0.04907184629682802,12154257290.0,24.177631578947363,6716.0
PANW260116P00200000,200.0,3523.0,多头买 Put，看跌,-1.1360666947022398,PUT,3523.0,0.0,5069597.0,3.745123205251733e-05,5M-10M,2026-01-16,187.97000122070312,190.1300048828125,189.5399932861328,189.8699951171875,185.6201019287109,14.39,13.1,14.95,40.0,0.2668530346679688,True,PANW,13.22,0.08850226928895612,-0.011360666947022398,135365293000.0,8.850226928895612,3523.0
MU260320C00190000,190.0,813.0,多头买 Call，看涨,1.4377576186997205,CALL,813.0,0.0,5064177.0,2.8772947480217366e-05,5M-10M,2026-03-20,239.8800048828125,236.47999572753903,232.28500366210935,242.3600006103516,231.5,62.29,64.1,65.8,2.0,0.7378566253662109,True,MU,57.49,0.08349278135327878,0.014377576186997205,176004804634.0,8.349278135327879,813.0
GS260116C00760000,760.0,756.0,空头卖 Call，看跌/看不涨,-1.7299378247369428,CALL,756.0,0.0,5061420.0,2.0834315795948853e-05,5M-10M,2026-01-16,811.75,826.0399780273438,818.5900268554688,824.72998046875,809.9299926757812,66.95,66.55,70.35,4.0,0.3483188948059082,True,GS,79.89,-0.1619727124796595,-0.017299378247369428,242936703541.0,-16.19727124796595,756.0
AVGO260116C00440000,440.0,4680.0,空头卖 Call，看跌/看不涨,-3.875072107776674,CALL,4680.0,0.0,5059080.0,3.2024099246919213e-06,5M-10M,2026-01-16,387.3450012207031,402.9599914550781,394.8500061035156,395.4200134277344,385.6400146484375,10.81,10.55,10.8,189.0,0.5067188000488281,False,AVGO,14.27,-0.24246671338472314,-0.03875072107776674,1579772770810.0,-24.246671338472314,4680.0
KGC260220C00022000,22.0,6921.0,多头买 Call，看涨,1.0316577797295579,CALL,6921.0,0.0,5052330.0,0.00017081292581266414,5M-10M,2026-02-20,28.399999618530277,28.11000061035156,28.489999771118164,28.80900001525879,27.960100173950195,7.3,6.6,7.9,1.0,0.6435582519531251,True,KGC,6.12,0.19281045751633982,0.010316577797295579,29578148000.0,19.281045751633982,6921.0
BABA251219C00170000,170.0,12714.0,多头买 Call，看涨,4.310234359668761,CALL,12714.0,0.0,5047458.0,1.2714376862585108e-05,5M-10M,2025-12-19,164.0800018310547,157.3000030517578,160.5,164.7899932861328,159.41000366210938,3.97,3.9,4.05,2867.0,0.4337214831542969,False,BABA,2.02,0.9653465346534654,0.04310234359668761,396988232656.0,96.53465346534654,12714.0
APP260618C00500000,500.0,284.0,多头买 Call，看涨,2.7573947146574787,CALL,284.0,0.0,5031912.0,2.220809453257217e-05,5M-10M,2026-06-18,616.010009765625,599.47998046875,588.1300048828125,622.4299926757812,576.0,177.18,185.5,190.7,1.0,0.7472559454345704,True,APP,162.0,0.09370370370370375,0.02757394714657479,226580087392.0,9.370370370370376,284.0
RGTI260116C00020000,20.0,8930.0,空头卖 Call，看跌/看不涨,-6.80484861902588,CALL,8930.0,0.0,5027590.0,0.0004974132992235037,5M-10M,2026-01-16,23.82999992370605,25.56999969482422,24.899999618530277,24.97719955444336,23.603500366210938,5.63,5.2,6.15,19.0,1.1040083862304688,True,RGTI,7.35,-0.23401360544217684,-0.0680484861902588,10107470001.0,-23.401360544217685,8930.0
MU260320P00230000,230.0,1886.0,空头卖 Put，看涨/看不跌,1.4377576186997205,PUT,1886.0,0.0,5016760.000000001,2.8503540062058515e-05,5M-10M,2026-03-20,239.8800048828125,236.47999572753903,232.28500366210935,242.3600006103516,231.5,26.6,27.2,27.7,28.0,0.6286047882080079,False,MU,28.92,-0.08022130013831259,0.014377576186997205,176004804634.0,-8.022130013831259,1886.0
COIN260116C00290000,290.0,4044.0,空头卖 Call，看跌/看不涨,-5.259880404028473,CALL,4044.0,0.0,5014560.0,6.243514820578173e-05,5M-10M,2026-01-16,258.4700012207031,272.82000732421875,260.4750061035156,265.8800048828125,252.1999969482422,12.4,12.5,13.05,210.0,0.6524082611083986,False,COIN,17.0,-0.27058823529411763,-0.052598804040284726,80316298497.0,-27.058823529411764,4044.0
MU251219P00250000,250.0,2354.0,空头卖 Put，看涨/看不跌,1.4377576186997205,PUT,2354.0,0.0,5014020.0,2.8487972305225404e-05,5M-10M,2025-12-19,239.8800048828125,236.47999572753903,232.28500366210935,242.3600006103516,231.5,21.3,21.4,22.3,8.0,0.7329128271484374,True,MU,24.7,-0.13765182186234812,0.014377576186997205,176004804634.0,-13.765182186234812,2354.0
MSTR260417P00185000,185.0,1038.0,多头买 Put，看跌,-6.817917976986597,PUT,1038.0,0.0,5001084.0,5.706728135894229e-05,5M-10M,2026-04-17,165.10000610351562,177.17999267578125,168.25,168.25,155.61000061035156,48.18,43.8,44.85,4.0,0.7872335729980469,True,MSTR,36.34,0.3258117776554759,-0.06817917976986597,87634873800.0,32.581177765547594,1038.0
