contractSymbol,strike,oi_change,signal_type,stock_price_change_pct,option_type,openInterest_new,openInterest_old,amount_threshold,amount_to_market_cap,amount_tier,expiry_date,股票价格(new),股票价格(old),股票价格(new open),股票价格(new high),股票价格(new low),lastPrice_new,bid,ask,volume,impliedVolatility,inTheMoney,symbol,lastPrice_old,option_price_change,stock_price_change,market_cap,option_price_change_pct,oi_change_abs
META260220C00500000,500.0,-13661.0,空头平仓 Call，回补信号，看涨,1.6982071012745705,CALL,0.0,13661.0,210352077.99999997,0.00011258375620002944,>50M,2026-02-20,644.3699951171875,633.6099853515625,636.0750122070312,645.4500122070312,635.5,153.98,153.35,155.3,1.0,0.5097094927978516,True,META,145.5,0.058281786941580684,0.016982071012745705,1868405222031.0,5.828178694158068,-13661.0
NVDA260116C00130000,130.0,-31416.0,多头平仓 Call，减仓，看涨减弱,-2.0083177586627814,CALL,0.0,31416.0,153844152.0,3.5529687758731664e-05,>50M,2026-01-16,176.63980102539062,180.25999450683597,178.99000549316406,179.2899932861328,176.53140258789062,48.97,49.15,49.6,1.0,0.7392604199218749,True,NVDA,52.0,-0.05826923076923079,-0.020083177586627813,4330017000000.0,-5.826923076923078,-31416.0
NVDA261218C00164000,164.0,-31502.0,多头平仓 Call，减仓，看涨减弱,-2.0083177586627814,CALL,0.0,31502.0,138451290.0,3.197476822839264e-05,>50M,2026-12-18,176.63980102539062,180.25999450683597,178.99000549316406,179.2899932861328,176.53140258789062,43.95,42.95,43.2,8.0,0.5274095111083985,True,NVDA,45.2,-0.027654867256637166,-0.020083177586627813,4330017000000.0,-2.765486725663717,-31502.0
MSFT260320P00550000,550.0,-20466.0,多头平仓 Put，减仓，看跌减弱,1.235839340885685,PUT,0.0,20466.0,137122200.0,3.60680152250009e-05,>50M,2026-03-20,491.5,485.5,487.5950012207031,492.6300048828125,486.6499938964844,67.0,61.25,62.9,1.0,0.195045891418457,True,MSFT,67.0,0.0,0.012358393408856848,3801767276203.0,0.0,-20466.0
NVDA270115C00135000,135.0,-18371.0,多头平仓 Call，减仓，看涨减弱,-2.0083177586627814,CALL,0.0,18371.0,113900200.0,2.630479279873497e-05,>50M,2027-01-15,176.63980102539062,180.25999450683597,178.99000549316406,179.2899932861328,176.53140258789062,62.0,61.25,61.55,1.0,0.5690045541381835,True,NVDA,63.8,-0.028213166144200583,-0.020083177586627813,4330017000000.0,-2.8213166144200583,-18371.0
NVDA260320C00130000,130.0,-21108.0,多头平仓 Call，减仓，看涨减弱,-2.0083177586627814,CALL,0.0,21108.0,110394839.99999999,2.549524401405352e-05,>50M,2026-03-20,176.63980102539062,180.25999450683597,178.99000549316406,179.2899932861328,176.53140258789062,52.3,51.95,52.4,25.0,0.6290320300292969,True,NVDA,54.9,-0.047358834244080175,-0.020083177586627813,4330017000000.0,-4.7358834244080175,-21108.0
MSFT260220C00480000,480.0,-30972.0,空头平仓 Call，回补信号，看涨,1.235839340885685,CALL,0.0,30972.0,106884372.0,2.811439108044255e-05,>50M,2026-02-20,491.5,485.5,487.5950012207031,492.6300048828125,486.6499938964844,34.51,34.5,35.1,28.0,0.3102180795288085,True,MSFT,30.77,0.1215469613259668,0.012358393408856848,3801767276203.0,12.15469613259668,-30972.0
NVDA251219C00150000,150.0,-31813.0,多头平仓 Call，减仓，看涨减弱,-2.0083177586627814,CALL,0.0,31813.0,91653252.99999999,2.1166949921905614e-05,>50M,2025-12-19,176.63980102539062,180.25999450683597,178.99000549316406,179.2899932861328,176.53140258789062,28.81,28.7,28.95,533.0,0.6597934411621094,True,NVDA,31.4,-0.08248407643312101,-0.020083177586627813,4330017000000.0,-8.2484076433121,-31813.0
NVDA270115C00130000,130.0,-13263.0,多头平仓 Call，减仓，看涨减弱,-2.0083177586627814,CALL,0.0,13263.0,85546350.0,1.9756585251281925e-05,>50M,2027-01-15,176.63980102539062,180.25999450683597,178.99000549316406,179.2899932861328,176.53140258789062,64.5,64.6,65.05,20.0,0.5797771514892578,True,NVDA,67.0,-0.03731343283582089,-0.020083177586627813,4330017000000.0,-3.731343283582089,-13263.0
NVDA260116C00135000,135.0,-18517.0,多头平仓 Call，减仓，看涨减弱,-2.0083177586627814,CALL,0.0,18517.0,83252432.0,1.9226814121053106e-05,>50M,2026-01-16,176.63980102539062,180.25999450683597,178.99000549316406,179.2899932861328,176.53140258789062,44.96,44.35,44.85,2.0,0.6889679541015626,True,NVDA,48.1,-0.06528066528066528,-0.020083177586627813,4330017000000.0,-6.528066528066528,-18517.0
NVDA270115P00180000,180.0,-24803.0,空头平仓 Put，回补，看跌信号减弱,-2.0083177586627814,PUT,0.0,24803.0,77385360.0,1.787183745467974e-05,>50M,2027-01-15,176.63980102539062,180.25999450683597,178.99000549316406,179.2899932861328,176.53140258789062,31.2,31.25,31.25,119.0,0.393011441040039,True,NVDA,30.6,0.019607843137254832,-0.020083177586627813,4330017000000.0,1.9607843137254832,-24803.0
NVDA260116C00145000,145.0,-20595.0,多头平仓 Call，减仓，看涨减弱,-2.0083177586627814,CALL,0.0,20595.0,73318200.0,1.693254322096195e-05,>50M,2026-01-16,176.63980102539062,180.25999450683597,178.99000549316406,179.2899932861328,176.53140258789062,35.6,35.1,35.3,10.0,0.5944864770507813,True,NVDA,37.9,-0.06068601583113449,-0.020083177586627813,4330017000000.0,-6.068601583113449,-20595.0
NVDA260116C00180000,180.0,-72870.0,多头平仓 Call，减仓，看涨减弱,-2.0083177586627814,CALL,0.0,72870.0,73234350.0,1.6913178400916207e-05,>50M,2026-01-16,176.63980102539062,180.25999450683597,178.99000549316406,179.2899932861328,176.53140258789062,10.05,10.0,10.1,2282.0,0.4445856323242187,False,NVDA,11.82,-0.14974619289340096,-0.020083177586627813,4330017000000.0,-14.974619289340097,-72870.0
NVDA280121C00200000,200.0,-15662.0,多头平仓 Call，减仓，看涨减弱,-2.0083177586627814,CALL,0.0,15662.0,71262100.0,1.6457695200734777e-05,>50M,2028-01-21,176.63980102539062,180.25999450683597,178.99000549316406,179.2899932861328,176.53140258789062,45.5,45.05,45.5,127.0,0.5230150238037108,False,NVDA,47.4,-0.04008438818565398,-0.020083177586627813,4330017000000.0,-4.008438818565398,-15662.0
NVDA260618C00180000,180.0,-28345.0,多头平仓 Call，减仓，看涨减弱,-2.0083177586627814,CALL,0.0,28345.0,70153875.0,1.6201755097035415e-05,>50M,2026-06-18,176.63980102539062,180.25999450683597,178.99000549316406,179.2899932861328,176.53140258789062,24.75,24.65,24.8,259.0,0.501103621826172,False,NVDA,26.65,-0.0712945590994371,-0.020083177586627813,4330017000000.0,-7.129455909943711,-28345.0
NVDA261218C00140000,140.0,-12242.0,多头平仓 Call，减仓，看涨减弱,-2.0083177586627814,CALL,0.0,12242.0,69534560.0,1.6058726790218145e-05,>50M,2026-12-18,176.63980102539062,180.25999450683597,178.99000549316406,179.2899932861328,176.53140258789062,56.8,56.7,57.15,13.0,0.5585981640625001,True,NVDA,59.47,-0.04489658651420887,-0.020083177586627813,4330017000000.0,-4.489658651420887,-12242.0
BMNR270115C00035000,35.0,-42014.0,空头平仓 Call，回补信号，看涨,6.301203282202088,CALL,0.0,42014.0,67222400.0,0.3093245226326012,>50M,2027-01-15,33.7400016784668,31.739999771118164,33.79999923706055,35.20000076293945,33.02000045776367,16.0,15.8,16.65,82.0,1.237796779785156,False,BMNR,14.01,0.1420413990007138,0.06301203282202088,217319983.0,14.20413990007138,-42014.0
MSFT260116C00360000,360.0,-4940.0,空头平仓 Call，回补信号，看涨,1.235839340885685,CALL,0.0,4940.0,64985700.0,1.709355025668594e-05,>50M,2026-01-16,491.5,485.5,487.5950012207031,492.6300048828125,486.6499938964844,131.55,133.35,136.4,1.0,0.5989419989013673,True,MSFT,111.5,0.17982062780269067,0.012358393408856848,3801767276203.0,17.982062780269068,-4940.0
NVDA261218C00160000,160.0,-14261.0,多头平仓 Call，减仓，看涨减弱,-2.0083177586627814,CALL,0.0,14261.0,64787723.0,1.4962463888709906e-05,>50M,2026-12-18,176.63980102539062,180.25999450683597,178.99000549316406,179.2899932861328,176.53140258789062,45.43,45.0,45.3,21.0,0.5312546875,True,NVDA,47.5,-0.04357894736842106,-0.020083177586627813,4330017000000.0,-4.3578947368421055,-14261.0
INTC260116C00035000,35.0,-108593.0,空头平仓 Call，回补信号，看涨,7.864711626618565,CALL,0.0,108593.0,64069870.00000001,0.00041233380635653083,>50M,2026-01-16,39.70500183105469,36.810001373291016,37.369998931884766,39.75,37.35499954223633,5.9,5.95,6.0,866.0,0.5573774731445313,True,INTC,3.8,0.5526315789473686,0.07864711626618565,155383500000.0,55.26315789473686,-108593.0
INTC260116C00030000,30.0,-60446.0,空头平仓 Call，回补信号，看涨,7.864711626618565,CALL,0.0,60446.0,61050460.0,0.00039290182033484896,>50M,2026-01-16,39.70500183105469,36.810001373291016,37.369998931884766,39.75,37.35499954223633,10.1,10.0,10.15,330.0,0.596683720703125,True,INTC,7.65,0.32026143790849665,0.07864711626618565,155383500000.0,32.026143790849666,-60446.0
NVDA251219C00140000,140.0,-15950.0,多头平仓 Call，减仓，看涨减弱,-2.0083177586627814,CALL,0.0,15950.0,60929000.0,1.4071307341287575e-05,>50M,2025-12-19,176.63980102539062,180.25999450683597,178.99000549316406,179.2899932861328,176.53140258789062,38.2,38.05,38.55,14.0,0.7788108056640625,True,NVDA,41.25,-0.07393939393939387,-0.020083177586627813,4330017000000.0,-7.393939393939387,-15950.0
NVDA260320C00190000,190.0,-45400.0,多头平仓 Call，减仓，看涨减弱,-2.0083177586627814,CALL,0.0,45400.0,60836000.0,1.4049829365566001e-05,>50M,2026-03-20,176.63980102539062,180.25999450683597,178.99000549316406,179.2899932861328,176.53140258789062,13.4,13.3,13.4,622.0,0.4768729071044921,False,NVDA,14.89,-0.10006715916722633,-0.020083177586627813,4330017000000.0,-10.006715916722634,-45400.0
INTC270115C00040000,40.0,-62887.0,空头平仓 Call，回补信号，看涨,7.864711626618565,CALL,0.0,62887.0,59742650.0,0.00038448516090833326,>50M,2027-01-15,39.70500183105469,36.810001373291016,37.369998931884766,39.75,37.35499954223633,9.5,9.25,9.6,300.0,0.5738568005371094,False,INTC,7.75,0.22580645161290322,0.07864711626618565,155383500000.0,22.58064516129032,-62887.0
AMZN260116C00190000,190.0,-13522.0,空头平仓 Call，回补信号，看涨,1.3505852553862998,CALL,0.0,13522.0,59483278.0,2.5377535519048385e-05,>50M,2026-01-16,232.2550048828125,229.16000366210935,231.34500122070312,232.7400054931641,230.22999572753903,43.99,44.0,44.2,12.0,0.4515435705566406,True,AMZN,41.88,0.050382043935052516,0.013505852553862998,2343934380679.0,5.038204393505252,-13522.0
NVDA261218C00200000,200.0,-21385.0,多头平仓 Call，减仓，看涨减弱,-2.0083177586627814,CALL,0.0,21385.0,58808750.0,1.3581644136732027e-05,>50M,2026-12-18,176.63980102539062,180.25999450683597,178.99000549316406,179.2899932861328,176.53140258789062,27.5,27.35,27.55,602.0,0.4989368954467773,False,NVDA,29.05,-0.053356282271944944,-0.020083177586627813,4330017000000.0,-5.335628227194494,-21385.0
B270115C00030000,30.0,-42257.0,空头平仓 Call，回补信号，看涨,1.2323110633389625,CALL,0.0,42257.0,58103375.0,0.0009877718755474361,>50M,2027-01-15,41.48500061035156,40.97999954223633,40.97999954223633,41.53499984741211,40.70000076293945,13.75,13.75,14.15,2.0,0.4661918615722656,True,B,13.4,0.026119402985074598,0.012323110633389624,58822665879.0,2.61194029850746,-42257.0
NVDA260116C00170000,170.0,-35509.0,多头平仓 Call，减仓，看涨减弱,-2.0083177586627814,CALL,0.0,35509.0,56530328.0,1.3055451745339567e-05,>50M,2026-01-16,176.63980102539062,180.25999450683597,178.99000549316406,179.2899932861328,176.53140258789062,15.92,15.55,15.65,646.0,0.4705863488769531,True,NVDA,17.9,-0.11061452513966474,-0.020083177586627813,4330017000000.0,-11.061452513966474,-35509.0
MSFT261218C00375000,375.0,-4396.0,空头平仓 Call，回补信号，看涨,1.235839340885685,CALL,0.0,4396.0,54950000.0,1.4453804246240211e-05,>50M,2026-12-18,491.5,485.5,487.5950012207031,492.6300048828125,486.6499938964844,125.0,141.25,144.35,2.0,0.4076368441009521,True,MSFT,125.0,0.0,0.012358393408856848,3801767276203.0,0.0,-4396.0
META260116C00700000,700.0,-52249.0,空头平仓 Call，回补信号，看涨,1.6982071012745705,CALL,0.0,52249.0,54861450.0,2.9362714979122315e-05,>50M,2026-01-16,644.3699951171875,633.6099853515625,636.0750122070312,645.4500122070312,635.5,10.5,10.45,10.6,1525.0,0.3098976481628417,False,META,8.52,0.23239436619718315,0.016982071012745705,1868405222031.0,23.239436619718315,-52249.0
JPM251219C00220000,220.0,-6210.0,空头平仓 Call，回补信号，看涨,1.891813980470497,CALL,0.0,6210.0,54151200.0,6.230813180444532e-05,>50M,2025-12-19,313.4599914550781,307.6400146484375,309.1000061035156,313.7200012207031,308.239990234375,87.2,92.05,95.0,10.0,0.5664105859375,True,JPM,87.2,0.0,0.01891813980470497,869087203095.0,0.0,-6210.0
NVDA270617C00135000,135.0,-8021.0,多头平仓 Call，减仓，看涨减弱,-2.0083177586627814,CALL,0.0,8021.0,53740700.0,1.2411198385595253e-05,>50M,2027-06-17,176.63980102539062,180.25999450683597,178.99000549316406,179.2899932861328,176.53140258789062,67.0,66.7,67.2,2.0,0.5691876577758789,True,NVDA,69.6,-0.03735632183908038,-0.020083177586627813,4330017000000.0,-3.735632183908038,-8021.0
NVDA270115C00160000,160.0,-10967.0,多头平仓 Call，减仓，看涨减弱,-2.0083177586627814,CALL,0.0,10967.0,51544900.0,1.190408721259062e-05,>50M,2027-01-15,176.63980102539062,180.25999450683597,178.99000549316406,179.2899932861328,176.53140258789062,47.0,46.45,46.8,84.0,0.5347946911621093,True,NVDA,48.8,-0.03688524590163929,-0.020083177586627813,4330017000000.0,-3.688524590163929,-10967.0
META260618C00750000,750.0,-13026.0,空头平仓 Call，回补信号，看涨,1.6982071012745705,CALL,0.0,13026.0,50762322.0,2.716879689772017e-05,>50M,2026-06-18,644.3699951171875,633.6099853515625,636.0750122070312,645.4500122070312,635.5,38.97,38.75,39.2,95.0,0.3942550199127198,False,META,35.8,0.08854748603351961,0.016982071012745705,1868405222031.0,8.854748603351961,-13026.0
MSFT260116C00400000,400.0,-5288.0,空头平仓 Call，回补信号，看涨,1.235839340885685,CALL,0.0,5288.0,50236000.0,1.3213854597163298e-05,>50M,2026-01-16,491.5,485.5,487.5950012207031,492.6300048828125,486.6499938964844,95.0,95.15,96.95,2.0,0.4992725854492187,True,MSFT,90.0,0.05555555555555555,0.012358393408856848,3801767276203.0,5.555555555555555,-5288.0
NVDA260116P00180000,180.0,-44043.0,空头平仓 Put，回补，看跌信号减弱,-2.0083177586627814,PUT,0.0,44043.0,49768590.0,1.1493855566848814e-05,10M-50M,2026-01-16,176.63980102539062,180.25999450683597,178.99000549316406,179.2899932861328,176.53140258789062,11.3,11.3,11.35,479.0,0.3644472735595704,True,NVDA,10.35,0.09178743961352667,-0.020083177586627813,4330017000000.0,9.178743961352668,-44043.0
MU260116C00200000,200.0,-10619.0,空头平仓 Call，回补信号，看涨,2.663250525055157,CALL,0.0,10619.0,48231498.00000001,0.0002740351213723788,10M-50M,2026-01-16,236.39239501953125,230.25999450683597,235.6150054931641,238.1000061035156,233.47999572753903,45.42,44.95,46.75,267.0,0.7258938543701172,True,MU,42.6,0.06619718309859156,0.026632505250551566,176004804634.0,6.619718309859156,-10619.0
NVDA270617C00150000,150.0,-8206.0,多头平仓 Call，减仓，看涨减弱,-2.0083177586627814,CALL,0.0,8206.0,48087160.0,1.1105536075262522e-05,10M-50M,2027-06-17,176.63980102539062,180.25999450683597,178.99000549316406,179.2899932861328,176.53140258789062,58.6,58.15,58.55,15.0,0.5502059140014649,True,NVDA,61.04,-0.03997378768020966,-0.020083177586627813,4330017000000.0,-3.9973787680209663,-8206.0
MSFT260116C00425000,425.0,-6947.0,空头平仓 Call，回补信号，看涨,1.235839340885685,CALL,0.0,6947.0,47413275.0,1.2471377534543309e-05,10M-50M,2026-01-16,491.5,485.5,487.5950012207031,492.6300048828125,486.6499938964844,68.25,70.3,72.9,1.0,0.413519048461914,True,MSFT,67.45,0.011860637509266081,0.012358393408856848,3801767276203.0,1.186063750926608,-6947.0
META260618C00700000,700.0,-8440.0,空头平仓 Call，回补信号，看涨,1.6982071012745705,CALL,0.0,8440.0,46166800.0,2.4709200903332744e-05,10M-50M,2026-06-18,644.3699951171875,633.6099853515625,636.0750122070312,645.4500122070312,635.5,54.7,54.45,55.0,162.0,0.4004271383666992,False,META,50.24,0.08877388535031848,0.016982071012745705,1868405222031.0,8.877388535031848,-8440.0
NVDA251219C00145000,145.0,-13444.0,多头平仓 Call，减仓，看涨减弱,-2.0083177586627814,CALL,0.0,13444.0,45736488.00000001,1.0562657837140133e-05,10M-50M,2025-12-19,176.63980102539062,180.25999450683597,178.99000549316406,179.2899932861328,176.53140258789062,34.02,33.3,33.65,10.0,0.7114286669921875,True,NVDA,36.29,-0.0625516671259299,-0.020083177586627813,4330017000000.0,-6.25516671259299,-13444.0
NVDA260320P00175000,175.0,-30375.0,空头平仓 Put，回补，看跌信号减弱,-2.0083177586627814,PUT,0.0,30375.0,45714375.0,1.0557550928783882e-05,10M-50M,2026-03-20,176.63980102539062,180.25999450683597,178.99000549316406,179.2899932861328,176.53140258789062,15.05,15.05,15.15,142.0,0.4100400793457031,False,NVDA,14.3,0.05244755244755245,-0.020083177586627813,4330017000000.0,5.244755244755245,-30375.0
META261218C00470000,470.0,-2137.0,空头平仓 Call，回补信号，看涨,1.6982071012745705,CALL,0.0,2137.0,45022316.0,2.4096654981010862e-05,10M-50M,2026-12-18,644.3699951171875,633.6099853515625,636.0750122070312,645.4500122070312,635.5,210.68,215.3,218.45,1.0,0.4900563690185547,True,META,210.68,0.0,0.016982071012745705,1868405222031.0,0.0,-2137.0
AMZN260116C00170000,170.0,-7354.0,空头平仓 Call，回补信号，看涨,1.3505852553862998,CALL,0.0,7354.0,44719674.0,1.9078893320829838e-05,10M-50M,2026-01-16,232.2550048828125,229.16000366210935,231.34500122070312,232.7400054931641,230.22999572753903,60.81,63.3,63.5,20.0,0.5568891967773439,True,AMZN,60.81,0.0,0.013505852553862998,2343934380679.0,0.0,-7354.0
NVDA251219C00160000,160.0,-21831.0,多头平仓 Call，减仓，看涨减弱,-2.0083177586627814,CALL,0.0,21831.0,43749324.0,1.0103730308680082e-05,10M-50M,2025-12-19,176.63980102539062,180.25999450683597,178.99000549316406,179.2899932861328,176.53140258789062,20.04,19.65,19.8,713.0,0.5494429821777345,True,NVDA,22.49,-0.10893730546909736,-0.020083177586627813,4330017000000.0,-10.893730546909735,-21831.0
AMZN260116C00180000,180.0,-8120.0,空头平仓 Call，回补信号，看涨,1.3505852553862998,CALL,0.0,8120.0,43198400.0,1.8429867472435863e-05,10M-50M,2026-01-16,232.2550048828125,229.16000366210935,231.34500122070312,232.7400054931641,230.22999572753903,53.2,53.55,53.75,2.0,0.5046436254882812,True,AMZN,51.5,0.03300970873786413,0.013505852553862998,2343934380679.0,3.300970873786413,-8120.0
NVDA251219C00155000,155.0,-17537.0,多头平仓 Call，减仓，看涨减弱,-2.0083177586627814,CALL,0.0,17537.0,42842891.0,9.894393255268975e-06,10M-50M,2025-12-19,176.63980102539062,180.25999450683597,178.99000549316406,179.2899932861328,176.53140258789062,24.43,24.1,24.3,227.0,0.6025430371093752,True,NVDA,26.64,-0.08295795795795799,-0.020083177586627813,4330017000000.0,-8.295795795795799,-17537.0
NVDA271217C00180000,180.0,-8314.0,多头平仓 Call，减仓，看涨减弱,-2.0083177586627814,CALL,0.0,8314.0,42817100.0,9.888436927614834e-06,10M-50M,2027-12-17,176.63980102539062,180.25999450683597,178.99000549316406,179.2899932861328,176.53140258789062,51.5,51.15,51.6,18.0,0.5326584820556641,False,NVDA,53.29,-0.033589791705760916,-0.020083177586627813,4330017000000.0,-3.3589791705760916,-8314.0
META260116C00500000,500.0,-2894.0,空头平仓 Call，回补信号，看涨,1.6982071012745705,CALL,0.0,2894.0,42570740.0,2.278453276518068e-05,10M-50M,2026-01-16,644.3699951171875,633.6099853515625,636.0750122070312,645.4500122070312,635.5,147.1,145.2,149.15,9.0,0.5195360546875,True,META,138.0,0.0659420289855072,0.016982071012745705,1868405222031.0,6.59420289855072,-2894.0
C260116C00075000,75.0,-14634.0,空头平仓 Call，回补信号，看涨,1.760975907488567,CALL,0.0,14634.0,42204456.0,0.00022167875387544566,10M-50M,2026-01-16,104.30500030517578,102.5,102.8000030517578,104.30500030517578,102.51000213623048,28.84,27.7,29.95,176.0,0.6118202880859377,True,C,28.84,0.0,0.01760975907488567,190385660611.0,0.0,-14634.0
MSFT271217C00500000,500.0,-4733.0,空头平仓 Call，回补信号，看涨,1.235839340885685,CALL,0.0,4733.0,42166297.0,1.1091235716593736e-05,10M-50M,2027-12-17,491.5,485.5,487.5950012207031,492.6300048828125,486.6499938964844,89.09,88.8,92.0,1.0,0.3425511302185058,False,MSFT,85.6,0.040771028037383285,0.012358393408856848,3801767276203.0,4.077102803738328,-4733.0
B261218C00030000,30.0,-30565.0,空头平仓 Call，回补信号，看涨,1.2323110633389625,CALL,0.0,30565.0,42026875.0,0.0007144673634216197,10M-50M,2026-12-18,41.48500061035156,40.97999954223633,40.97999954223633,41.53499984741211,40.70000076293945,13.75,13.45,14.1,2.0,0.4783987707519531,True,B,13.25,0.03773584905660377,0.012323110633389624,58822665879.0,3.7735849056603774,-30565.0
MSFT270115C00500000,500.0,-6647.0,空头平仓 Call，回补信号，看涨,1.235839340885685,CALL,0.0,6647.0,41643455.0,1.09537096761986e-05,10M-50M,2027-01-15,491.5,485.5,487.5950012207031,492.6300048828125,486.6499938964844,62.65,61.85,62.8,39.0,0.3193198561859129,False,MSFT,58.55,0.07002561912894964,0.012358393408856848,3801767276203.0,7.002561912894964,-6647.0
C260116C00080000,80.0,-15921.0,空头平仓 Call，回补信号，看涨,1.760975907488567,CALL,0.0,15921.0,39802500.0,0.00020906248859427134,10M-50M,2026-01-16,104.30500030517578,102.5,102.8000030517578,104.30500030517578,102.51000213623048,25.0,24.3,25.05,1.0,0.53320779296875,True,C,24.25,0.030927835051546393,0.01760975907488567,190385660611.0,3.0927835051546393,-15921.0
META271217C00500000,500.0,-1691.0,空头平仓 Call，回补信号，看涨,1.6982071012745705,CALL,0.0,1691.0,39642113.0,2.121708531562982e-05,10M-50M,2027-12-17,644.3699951171875,633.6099853515625,636.0750122070312,645.4500122070312,635.5,234.43,233.05,237.25,7.0,0.4839223971557618,True,META,227.61,0.029963534115372756,0.016982071012745705,1868405222031.0,2.996353411537276,-1691.0
NVDA251219C00165000,165.0,-24659.0,多头平仓 Call，减仓，看涨减弱,-2.0083177586627814,CALL,0.0,24659.0,38665312.0,8.929598197882365e-06,10M-50M,2025-12-19,176.63980102539062,180.25999450683597,178.99000549316406,179.2899932861328,176.53140258789062,15.68,15.7,15.75,126.0,0.5183153637695312,True,NVDA,18.15,-0.1360881542699724,-0.020083177586627813,4330017000000.0,-13.60881542699724,-24659.0
NVDA261218C00194000,194.0,-13027.0,多头平仓 Call，减仓，看涨减弱,-2.0083177586627814,CALL,0.0,13027.0,38429650.0,8.875173007403897e-06,10M-50M,2026-12-18,176.63980102539062,180.25999450683597,178.99000549316406,179.2899932861328,176.53140258789062,29.5,29.55,29.8,1.0,0.501805519104004,False,NVDA,31.5,-0.06349206349206349,-0.020083177586627813,4330017000000.0,-6.349206349206349,-13027.0
MU251205C00200000,200.0,-10446.0,空头平仓 Call，回补信号，看涨,2.663250525055157,CALL,0.0,10446.0,38107007.99999999,0.0002165111803580765,10M-50M,2025-12-05,236.39239501953125,230.25999450683597,235.6150054931641,238.1000061035156,233.47999572753903,36.48,34.85,37.4,12.0,0.818117053222656,True,MU,32.58,0.1197053406998158,0.026632505250551566,176004804634.0,11.97053406998158,-10446.0
ORCL260116P00250000,250.0,-7271.0,空头平仓 Put，回补，看跌信号减弱,-1.7515668808947178,PUT,0.0,7271.0,38027330.0,4.720887854806441e-05,10M-50M,2026-01-16,201.3699951171875,204.9600067138672,199.50999450683597,202.33990478515625,197.6100006103516,52.3,51.95,52.8,16.0,0.5705609350585938,True,ORCL,47.9,0.09185803757828807,-0.017515668808947178,805512250440.0,9.185803757828808,-7271.0
NVDA271217C00135000,135.0,-5206.0,多头平仓 Call，减仓，看涨减弱,-2.0083177586627814,CALL,0.0,5206.0,37826796.0,8.735946302289345e-06,10M-50M,2027-12-17,176.63980102539062,180.25999450683597,178.99000549316406,179.2899932861328,176.53140258789062,72.66,72.65,73.25,9.0,0.5728039546203614,True,NVDA,74.5,-0.024697986577181252,-0.020083177586627813,4330017000000.0,-2.4697986577181252,-5206.0
COIN260116C00200000,200.0,-4585.0,空头平仓 Call，回补信号，看涨,3.2314633384228597,CALL,0.0,4585.0,37298975.0,0.0004644010704924755,10M-50M,2026-01-16,273.53240966796875,264.9700012207031,273.69000244140625,279.8599853515625,270.20001220703125,81.35,78.95,80.5,9.0,0.8542495043945313,True,COIN,71.65,0.13538032100488467,0.032314633384228596,80316298497.0,13.538032100488467,-4585.0
NVDA260618P00160000,160.0,-26952.0,空头平仓 Put，回补，看跌信号减弱,-2.0083177586627814,PUT,0.0,26952.0,37220712.0,8.595973641673924e-06,10M-50M,2026-06-18,176.63980102539062,180.25999450683597,178.99000549316406,179.2899932861328,176.53140258789062,13.81,13.7,13.85,24.0,0.4243831976318359,False,NVDA,13.35,0.03445692883895138,-0.020083177586627813,4330017000000.0,3.4456928838951377,-26952.0
NVDA260320C00210000,210.0,-50277.0,多头平仓 Call，减仓，看涨减弱,-2.0083177586627814,CALL,0.0,50277.0,36802764.0,8.49945023310532e-06,10M-50M,2026-03-20,176.63980102539062,180.25999450683597,178.99000549316406,179.2899932861328,176.53140258789062,7.32,7.3,7.4,1448.0,0.4627128924560547,False,NVDA,8.2,-0.1073170731707316,-0.020083177586627813,4330017000000.0,-10.731707317073159,-50277.0
META270115C00700000,700.0,-3985.0,空头平仓 Call，回补信号，看涨,1.6982071012745705,CALL,0.0,3985.0,36662000.0,1.9622081745279832e-05,10M-50M,2027-01-15,644.3699951171875,633.6099853515625,636.0750122070312,645.4500122070312,635.5,92.0,91.55,92.65,67.0,0.4181271566772461,False,META,87.05,0.05686387133831135,0.016982071012745705,1868405222031.0,5.6863871338311345,-3985.0
META260618C00500000,500.0,-2106.0,空头平仓 Call，回补信号，看涨,1.6982071012745705,CALL,0.0,2106.0,36033660.0,1.928578424803939e-05,10M-50M,2026-06-18,644.3699951171875,633.6099853515625,636.0750122070312,645.4500122070312,635.5,171.1,170.25,172.5,21.0,0.4782004084777831,True,META,163.0,0.049693251533742294,0.016982071012745705,1868405222031.0,4.969325153374229,-2106.0
NVDA260618P00150000,150.0,-35060.0,空头平仓 Put，回补，看跌信号减弱,-2.0083177586627814,PUT,0.0,35060.0,36006620.0,8.31558398038622e-06,10M-50M,2026-06-18,176.63980102539062,180.25999450683597,178.99000549316406,179.2899932861328,176.53140258789062,10.27,10.3,10.45,76.0,0.438482177734375,False,NVDA,9.98,0.029058116232464844,-0.020083177586627813,4330017000000.0,2.9058116232464846,-35060.0
AMZN260116C00220000,220.0,-19622.0,空头平仓 Call，回补信号，看涨,1.3505852553862998,CALL,0.0,19622.0,35908260.0,1.5319652416889742e-05,10M-50M,2026-01-16,232.2550048828125,229.16000366210935,231.34500122070312,232.7400054931641,230.22999572753903,18.3,18.35,18.5,87.0,0.3400944897460937,True,AMZN,16.8,0.08928571428571429,0.013505852553862998,2343934380679.0,8.928571428571429,-19622.0
META260116C00610000,610.0,-7023.0,空头平仓 Call，回补信号，看涨,1.6982071012745705,CALL,0.0,7023.0,35901576.0,1.921509080400351e-05,10M-50M,2026-01-16,644.3699951171875,633.6099853515625,636.0750122070312,645.4500122070312,635.5,51.12,50.75,51.3,41.0,0.336371382446289,True,META,44.2,0.15656108597285054,0.016982071012745705,1868405222031.0,15.656108597285053,-7023.0
BA260220P00215000,215.0,-12662.0,多头平仓 Put，减仓，看跌减弱,1.3107195443195907,PUT,0.0,12662.0,35542234.0,0.00021243664678979396,10M-50M,2026-02-20,189.3699951171875,186.9199981689453,187.8699951171875,189.7400054931641,186.91000366210935,28.07,27.7,28.7,2.0,0.3006661730957031,True,BA,31.85,-0.11868131868131872,0.013107195443195907,167307451596.0,-11.868131868131872,-12662.0
AMZN260618C00200000,200.0,-7550.0,空头平仓 Call，回补信号，看涨,1.3505852553862998,CALL,0.0,7550.0,35016900.0,1.4939368733460946e-05,10M-50M,2026-06-18,232.2550048828125,229.16000366210935,231.34500122070312,232.7400054931641,230.22999572753903,46.38,46.5,46.75,24.0,0.4331111376953125,True,AMZN,44.9,0.03296213808463261,0.013505852553862998,2343934380679.0,3.2962138084632606,-7550.0
AMZN260116C00210000,210.0,-13391.0,空头平仓 Call，回补信号，看涨,1.3505852553862998,CALL,0.0,13391.0,34816600.0,1.4853914122764048e-05,10M-50M,2026-01-16,232.2550048828125,229.16000366210935,231.34500122070312,232.7400054931641,230.22999572753903,26.0,26.0,26.15,56.0,0.3637148590087891,True,AMZN,24.2,0.07438016528925623,0.013505852553862998,2343934380679.0,7.438016528925623,-13391.0
SOFI270115C00030000,30.0,-38650.0,空头平仓 Call，回补信号，看涨,2.825553919420712,CALL,0.0,38650.0,34591750.0,0.0010324461255010757,10M-50M,2027-01-15,29.295000076293945,28.489999771118164,28.790000915527344,29.46999931335449,28.45499992370605,8.95,8.85,9.0,1367.0,0.7563500927734376,False,SOFI,8.33,0.07442977190876342,0.028255539194207122,33504653798.0,7.442977190876341,-38650.0
SNOW260116C00180000,180.0,-4718.0,空头平仓 Call，回补信号，看涨,1.500038475269863,CALL,0.0,4718.0,34464990.0,0.00045284300611005157,10M-50M,2026-01-16,252.38999938964844,248.66000366210935,249.6499938964844,254.0,248.84500122070312,73.05,72.65,77.6,3.0,0.7189969506835938,True,SNOW,73.05,0.0,0.015000384752698631,76108032000.0,0.0,-4718.0
AMZN260116C00240000,240.0,-47470.0,空头平仓 Call，回补信号，看涨,1.3505852553862998,CALL,0.0,47470.0,34415750.0,1.4682898243094293e-05,10M-50M,2026-01-16,232.2550048828125,229.16000366210935,231.34500122070312,232.7400054931641,230.22999572753903,7.25,7.25,7.3,847.0,0.3081734222412109,False,AMZN,6.42,0.12928348909657322,0.013505852553862998,2343934380679.0,12.928348909657322,-47470.0
JNJ260116C00170000,170.0,-9458.0,多头平仓 Call，减仓，看涨减弱,-1.3361438637112688,CALL,0.0,9458.0,34256876.0,7.915127517013791e-05,10M-50M,2026-01-16,204.7866973876953,207.55999755859372,207.0,207.4550018310547,204.72000122070312,36.22,35.2,36.9,3.0,0.4538628833007812,True,JNJ,38.4,-0.056770833333333326,-0.013361438637112687,432802578687.0,-5.677083333333332,-9458.0
NVDA260618C00142000,142.0,-7190.0,多头平仓 Call，减仓，看涨减弱,-2.0083177586627814,CALL,0.0,7190.0,34152500.0,7.887382428290698e-06,10M-50M,2026-06-18,176.63980102539062,180.25999450683597,178.99000549316406,179.2899932861328,176.53140258789062,47.5,47.1,47.45,11.0,0.5632367895507813,True,NVDA,50.75,-0.06403940886699508,-0.020083177586627813,4330017000000.0,-6.403940886699508,-7190.0
META260618C00600000,600.0,-3313.0,空头平仓 Call，回补信号，看涨,1.6982071012745705,CALL,0.0,3313.0,33626950.0,1.799767502439686e-05,10M-50M,2026-06-18,644.3699951171875,633.6099853515625,636.0750122070312,645.4500122070312,635.5,101.5,101.05,102.0,17.0,0.4222012126159668,True,META,95.4,0.06394129979035633,0.016982071012745705,1868405222031.0,6.3941299790356325,-3313.0
MU251219C00200000,200.0,-8095.0,空头平仓 Call，回补信号，看涨,2.663250525055157,CALL,0.0,8095.0,33286639.999999996,0.0001891234734711884,10M-50M,2025-12-19,236.39239501953125,230.25999450683597,235.6150054931641,238.1000061035156,233.47999572753903,41.12,40.05,42.0,7.0,0.7972432385253907,True,MU,37.75,0.08927152317880788,0.026632505250551566,176004804634.0,8.927152317880788,-8095.0
OKLO270115C00105000,105.0,-10211.0,空头平仓 Call，回补信号，看涨,5.534260555858812,CALL,0.0,10211.0,33185750.0,0.002034033298352811,10M-50M,2027-01-15,93.62999725341795,88.72000122070312,90.0,94.50499725341795,89.01000213623047,32.5,33.0,35.5,7.0,0.984497225341797,False,OKLO,31.45,0.033386327503974585,0.05534260555858812,16315244213.0,3.3386327503974584,-10211.0
META260618P00600000,600.0,-7411.0,多头平仓 Put，减仓，看跌减弱,1.6982071012745705,PUT,0.0,7411.0,32978950.0,1.7650855184482472e-05,10M-50M,2026-06-18,644.3699951171875,633.6099853515625,636.0750122070312,645.4500122070312,635.5,44.5,44.1,44.65,125.0,0.3491886370849609,False,META,47.65,-0.06610703043022033,0.016982071012745705,1868405222031.0,-6.610703043022033,-7411.0
B260116C00035000,35.0,-46784.0,空头平仓 Call，回补信号，看涨,1.2323110633389625,CALL,0.0,46784.0,32935936.0,0.000559919131644768,10M-50M,2026-01-16,41.48500061035156,40.97999954223633,40.97999954223633,41.53499984741211,40.70000076293945,7.04,6.95,7.2,43.0,0.508793974609375,True,B,6.45,0.09147286821705423,0.012323110633389624,58822665879.0,9.147286821705423,-46784.0
INTC270115C00030000,30.0,-22929.0,空头平仓 Call，回补信号，看涨,7.864711626618565,CALL,0.0,22929.0,32788470.0,0.00021101642066242553,10M-50M,2027-01-15,39.70500183105469,36.810001373291016,37.369998931884766,39.75,37.35499954223633,14.3,14.15,14.6,81.0,0.5991251025390626,True,INTC,12.32,0.16071428571428575,0.07864711626618565,155383500000.0,16.071428571428577,-22929.0
JPM260116C00240000,240.0,-4760.0,空头平仓 Call，回补信号，看涨,1.891813980470497,CALL,0.0,4760.0,32763080.0,3.769826535625409e-05,10M-50M,2026-01-16,313.4599914550781,307.6400146484375,309.1000061035156,313.7200012207031,308.239990234375,68.83,73.1,75.35,10.0,0.5136767382812499,True,JPM,68.83,0.0,0.01891813980470497,869087203095.0,0.0,-4760.0
BA260220P00220000,220.0,-9095.0,多头平仓 Put，减仓，看跌减弱,1.3107195443195907,PUT,0.0,9095.0,32760190.000000004,0.00019580831390048642,10M-50M,2026-02-20,189.3699951171875,186.9199981689453,187.8699951171875,189.7400054931641,186.91000366210935,36.02,31.8,33.3,1.0,0.3160468786621093,True,BA,36.02,0.0,0.013107195443195907,167307451596.0,0.0,-9095.0
ORCL260116P00240000,240.0,-7544.0,空头平仓 Put，回补，看跌信号减弱,-1.7515668808947178,PUT,0.0,7544.0,32665519.999999996,4.0552480712933795e-05,10M-50M,2026-01-16,201.3699951171875,204.9600067138672,199.50999450683597,202.33990478515625,197.6100006103516,43.3,43.0,43.65,15.0,0.5457198748779297,True,ORCL,39.9,0.0852130325814536,-0.017515668808947178,805512250440.0,8.52130325814536,-7544.0
NVDA270115P00140000,140.0,-23355.0,空头平仓 Put，回补，看跌信号减弱,-2.0083177586627814,PUT,0.0,23355.0,32580225.0,7.5242718446601945e-06,10M-50M,2027-01-15,176.63980102539062,180.25999450683597,178.99000549316406,179.2899932861328,176.53140258789062,13.95,13.65,13.85,26.0,0.4295100994873047,False,NVDA,13.49,0.03409933283914003,-0.020083177586627813,4330017000000.0,3.409933283914003,-23355.0
NVDA271217P00140000,140.0,-15154.0,空头平仓 Put，回补，看跌信号减弱,-2.0083177586627814,PUT,0.0,15154.0,32505330.0,7.506975145825063e-06,10M-50M,2027-12-17,176.63980102539062,180.25999450683597,178.99000549316406,179.2899932861328,176.53140258789062,21.45,21.3,21.6,51.0,0.4176541389465332,False,NVDA,21.15,0.014184397163120602,-0.020083177586627813,4330017000000.0,1.4184397163120601,-15154.0
NVDA260320P00190000,190.0,-13989.0,空头平仓 Put，回补，看跌信号减弱,-2.0083177586627814,PUT,0.0,13989.0,32258633.999999996,7.450001697452919e-06,10M-50M,2026-03-20,176.63980102539062,180.25999450683597,178.99000549316406,179.2899932861328,176.53140258789062,23.06,23.15,23.3,69.0,0.3877624700927734,True,NVDA,22.02,0.04722979109900087,-0.020083177586627813,4330017000000.0,4.722979109900087,-13989.0
NVDA270617C00160000,160.0,-6005.0,多头平仓 Call，减仓，看涨减弱,-2.0083177586627814,CALL,0.0,6005.0,32066700.0,7.405675312591151e-06,10M-50M,2027-06-17,176.63980102539062,180.25999450683597,178.99000549316406,179.2899932861328,176.53140258789062,53.4,53.05,53.35,6.0,0.5405624557495119,True,NVDA,55.5,-0.03783783783783786,-0.020083177586627813,4330017000000.0,-3.783783783783786,-6005.0
MSFT251219C00380000,380.0,-2863.0,空头平仓 Call，回补信号，看涨,1.235839340885685,CALL,0.0,2863.0,32031244.0,8.425356333749886e-06,10M-50M,2025-12-19,491.5,485.5,487.5950012207031,492.6300048828125,486.6499938964844,111.88,111.5,114.95,1.0,0.6674837939453127,True,MSFT,107.45,0.04122847836202878,0.012358393408856848,3801767276203.0,4.122847836202878,-2863.0
NVDA271217P00200000,200.0,-6187.0,空头平仓 Put，回补，看跌信号减弱,-2.0083177586627814,PUT,0.0,6187.0,31708375.0,7.3229215959198315e-06,10M-50M,2027-12-17,176.63980102539062,180.25999450683597,178.99000549316406,179.2899932861328,176.53140258789062,51.25,52.1,52.45,22.0,0.3736177140808105,True,NVDA,51.25,0.0,-0.020083177586627813,4330017000000.0,0.0,-6187.0
NVDA270115P00200000,200.0,-7417.0,空头平仓 Put，回补，看跌信号减弱,-2.0083177586627814,PUT,0.0,7417.0,31707675.0,7.32275993373698e-06,10M-50M,2027-01-15,176.63980102539062,180.25999450683597,178.99000549316406,179.2899932861328,176.53140258789062,42.75,42.9,43.2,2.0,0.3794007373046875,True,NVDA,41.85,0.02150537634408599,-0.020083177586627813,4330017000000.0,2.150537634408599,-7417.0
AMZN270115C00250000,250.0,-9774.0,空头平仓 Call，回补信号，看涨,1.3505852553862998,CALL,0.0,9774.0,31032450.0,1.3239470462910484e-05,10M-50M,2027-01-15,232.2550048828125,229.16000366210935,231.34500122070312,232.7400054931641,230.22999572753903,31.75,31.7,31.85,464.0,0.3943542010498047,False,AMZN,30.45,0.04269293924466341,0.013505852553862998,2343934380679.0,4.269293924466341,-9774.0
NFLX260116C00089000,89.0,-18247.0,空头平仓 Call，回补信号，看涨,1.356701007807501,CALL,0.0,18247.0,30928664.999999996,6.012336216673294e-05,10M-50M,2026-01-16,107.58000183105467,106.13999938964844,106.5,107.88999938964844,106.25,16.95,18.2,20.05,17.0,0.5039112109375,True,NFLX,16.95,0.0,0.013567010078075011,514420083731.0,0.0,-18247.0
MP280121P00075000,75.0,-10027.0,多头平仓 Put，减仓，看跌减弱,2.6932649888425657,PUT,0.0,10027.0,30883160.000000004,0.002540933539839521,10M-50M,2028-01-21,61.77000045776367,60.150001525878906,60.5099983215332,62.18000030517578,60.2400016784668,30.8,29.0,33.3,10.0,0.6218299536132813,True,MP,30.8,0.0,0.026932649888425655,12154257290.0,0.0,-10027.0
NVDA260320P00160000,160.0,-34048.0,空头平仓 Put，回补，看跌信号减弱,-2.0083177586627814,PUT,0.0,34048.0,30813440.000000004,7.116239959335033e-06,10M-50M,2026-03-20,176.63980102539062,180.25999450683597,178.99000549316406,179.2899932861328,176.53140258789062,9.05,9.0,9.15,3134.0,0.4331111376953125,False,NVDA,8.55,0.05847953216374269,-0.020083177586627813,4330017000000.0,5.847953216374268,-34048.0
NVDA270115C00165000,165.0,-6915.0,多头平仓 Call，减仓，看涨减弱,-2.0083177586627814,CALL,0.0,6915.0,30806325.0,7.114596778719345e-06,10M-50M,2027-01-15,176.63980102539062,180.25999450683597,178.99000549316406,179.2899932861328,176.53140258789062,44.55,43.75,44.05,50.0,0.5275620974731446,True,NVDA,46.07,-0.032993271109181745,-0.020083177586627813,4330017000000.0,-3.2993271109181745,-6915.0
INTC270115C00035000,35.0,-26587.0,空头平仓 Call，回补信号，看涨,7.864711626618565,CALL,0.0,26587.0,30761159.000000004,0.00019796927601708035,10M-50M,2027-01-15,39.70500183105469,36.810001373291016,37.369998931884766,39.75,37.35499954223633,11.57,11.35,11.85,115.0,0.5800823242187501,True,INTC,9.65,0.19896373056994818,0.07864711626618565,155383500000.0,19.89637305699482,-26587.0
NVDA260918P00160000,160.0,-17526.0,空头平仓 Put，回补，看跌信号减弱,-2.0083177586627814,PUT,0.0,17526.0,30670500.0,7.08322854159695e-06,10M-50M,2026-09-18,176.63980102539062,180.25999450683597,178.99000549316406,179.2899932861328,176.53140258789062,17.5,17.4,17.55,7.0,0.4169980175781249,False,NVDA,16.9,0.03550295857988174,-0.020083177586627813,4330017000000.0,3.550295857988174,-17526.0
SNOW270115C00200000,200.0,-3740.0,空头平仓 Call，回补信号，看涨,1.500038475269863,CALL,0.0,3740.0,30481000.0,0.00040049649424649423,10M-50M,2027-01-15,252.38999938964844,248.66000366210935,249.6499938964844,254.0,248.84500122070312,81.5,80.0,85.5,11.0,0.5560347131347658,True,SNOW,81.5,0.0,0.015000384752698631,76108032000.0,0.0,-3740.0
NVDA261218P00170000,170.0,-12121.0,空头平仓 Put，回补，看跌信号减弱,-2.0083177586627814,PUT,0.0,12121.0,30423710.000000004,7.026233384303111e-06,10M-50M,2026-12-18,176.63980102539062,180.25999450683597,178.99000549316406,179.2899932861328,176.53140258789062,25.1,25.1,25.3,1561.0,0.4039213661193848,False,NVDA,24.52,0.023654159869494366,-0.020083177586627813,4330017000000.0,2.3654159869494364,-12121.0
B270115C00035000,35.0,-27625.0,空头平仓 Call，回补信号，看涨,1.2323110633389625,CALL,0.0,27625.0,30111250.0,0.000511898764703044,10M-50M,2027-01-15,41.48500061035156,40.97999954223633,40.97999954223633,41.53499984741211,40.70000076293945,10.9,10.45,11.05,6.0,0.4582573706054688,True,B,10.4,0.04807692307692307,0.012323110633389624,58822665879.0,4.8076923076923075,-27625.0
GS260116C00600000,600.0,-1309.0,空头平仓 Call，回补信号，看涨,1.6255945992926593,CALL,0.0,1309.0,30107000.0,0.00012392940037946507,10M-50M,2026-01-16,829.2750244140625,816.010009765625,820.0,830.5700073242188,818.9500122070312,230.0,227.5,233.4,20.0,0.5731243859863282,True,GS,218.83,0.051044189553534645,0.016255945992926592,242936703541.0,5.104418955353465,-1309.0
META260116C00620000,620.0,-6800.0,空头平仓 Call，回补信号，看涨,1.6982071012745705,CALL,0.0,6800.0,30022000.0,1.606824881776202e-05,10M-50M,2026-01-16,644.3699951171875,633.6099853515625,636.0750122070312,645.4500122070312,635.5,44.15,44.1,44.45,146.0,0.3293524096679687,True,META,37.97,0.16276007374242824,0.016982071012745705,1868405222031.0,16.276007374242823,-6800.0
ORCL260320P00250000,250.0,-5272.0,空头平仓 Put，回补，看跌信号减弱,-1.7515668808947178,PUT,0.0,5272.0,29987136.0,3.722741148085574e-05,10M-50M,2026-03-20,201.3699951171875,204.9600067138672,199.50999450683597,202.33990478515625,197.6100006103516,56.88,55.3,57.6,5.0,0.5019581054687501,True,ORCL,52.86,0.07604994324631106,-0.017515668808947178,805512250440.0,7.6049943246311065,-5272.0
ORCL260116P00260000,260.0,-4906.0,空头平仓 Put，回补，看跌信号减弱,-1.7515668808947178,PUT,0.0,4906.0,29980565.999999996,3.721925518031976e-05,10M-50M,2026-01-16,201.3699951171875,204.9600067138672,199.50999450683597,202.33990478515625,197.6100006103516,61.11,59.7,61.9,21.0,0.5406540075683595,True,ORCL,57.5,0.06278260869565216,-0.017515668808947178,805512250440.0,6.278260869565217,-4906.0
WFC260618C00067500,67.5,-13474.0,空头平仓 Call，回补信号，看涨,1.0051433320373944,CALL,0.0,13474.0,29952702.0,0.00010998899442003623,10M-50M,2026-06-18,86.41999816894531,85.55999755859375,85.63999938964844,86.51499938964844,85.30500030517578,22.23,20.15,21.5,119.0,0.3992979992675781,True,WFC,22.23,0.0,0.010051433320373945,272324537177.0,0.0,-13474.0
SNOW270917C00210000,210.0,-3122.0,空头平仓 Call，回补信号，看涨,1.500038475269863,CALL,0.0,3122.0,29659000.0,0.0003896960573096937,10M-50M,2027-09-17,252.38999938964844,248.66000366210935,249.6499938964844,254.0,248.84500122070312,95.0,88.0,94.7,1.0,0.5638166177368166,True,SNOW,95.0,0.0,0.015000384752698631,76108032000.0,0.0,-3122.0
NVDA251219C00180000,180.0,-47336.0,多头平仓 Call，减仓，看涨减弱,-2.0083177586627814,CALL,0.0,47336.0,29585000.0,6.8325366851908435e-06,10M-50M,2025-12-19,176.63980102539062,180.25999450683597,178.99000549316406,179.2899932861328,176.53140258789062,6.25,6.2,6.3,3609.0,0.4497125341796875,False,NVDA,7.92,-0.21085858585858586,-0.020083177586627813,4330017000000.0,-21.085858585858585,-47336.0
ORCL260618P00250000,250.0,-4565.0,空头平仓 Put，回补，看跌信号减弱,-1.7515668808947178,PUT,0.0,4565.0,29147525.0,3.618507972296953e-05,10M-50M,2026-06-18,201.3699951171875,204.9600067138672,199.50999450683597,202.33990478515625,197.6100006103516,63.85,60.45,63.4,18.0,0.5058032818603515,True,ORCL,59.4,0.07491582491582496,-0.017515668808947178,805512250440.0,7.491582491582497,-4565.0
CIFR260116C00015000,15.0,-41210.0,空头平仓 Call，回补信号，看涨,9.582250800912103,CALL,0.0,41210.0,29135470.0,0.0064588294743965335,10M-50M,2026-01-16,20.98500061035156,19.149999618530277,19.549999237060547,21.0,19.459999084472656,7.07,6.65,6.8,1887.0,1.0576218994140625,True,CIFR,5.55,0.27387387387387396,0.09582250800912102,4510952041.0,27.387387387387395,-41210.0
GILD270617C00097500,97.5,-8051.0,多头平仓 Call，减仓，看涨减弱,-1.9135772884698008,CALL,0.0,8051.0,28983600.0,0.00020837351094133783,10M-50M,2027-06-17,125.06999969482422,127.51000213623048,127.4000015258789,127.79989624023438,124.91999816894533,36.0,34.5,37.5,1.0,0.3827576373291015,True,GILD,36.0,0.0,-0.019135772884698008,139094455284.0,0.0,-8051.0
AMZN270115C00220000,220.0,-6277.0,空头平仓 Call，回补信号，看涨,1.3505852553862998,CALL,0.0,6277.0,28805153.000000004,1.2289231830652024e-05,10M-50M,2027-01-15,232.2550048828125,229.16000366210935,231.34500122070312,232.7400054931641,230.22999572753903,45.89,45.85,46.1,19.0,0.4162808616638183,True,AMZN,44.5,0.03123595505617979,0.013505852553862998,2343934380679.0,3.123595505617979,-6277.0
NVDA260618C00145000,145.0,-6260.0,多头平仓 Call，减仓，看涨减弱,-2.0083177586627814,CALL,0.0,6260.0,28144959.999999996,6.499965242630687e-06,10M-50M,2026-06-18,176.63980102539062,180.25999450683597,178.99000549316406,179.2899932861328,176.53140258789062,44.96,45.1,45.45,1.0,0.5593305786132813,True,NVDA,47.7,-0.05744234800838578,-0.020083177586627813,4330017000000.0,-5.744234800838578,-6260.0
NVDA271217C00195000,195.0,-6178.0,多头平仓 Call，减仓，看涨减弱,-2.0083177586627814,CALL,0.0,6178.0,28079010.000000004,6.484734355546411e-06,10M-50M,2027-12-17,176.63980102539062,180.25999450683597,178.99000549316406,179.2899932861328,176.53140258789062,45.45,45.4,45.85,36.0,0.5234270069885254,False,NVDA,47.8,-0.04916317991631788,-0.020083177586627813,4330017000000.0,-4.916317991631788,-6178.0
META260320C00550000,550.0,-2410.0,空头平仓 Call，回补信号，看涨,1.6982071012745705,CALL,0.0,2410.0,27642700.0,1.4794809859261547e-05,10M-50M,2026-03-20,644.3699951171875,633.6099853515625,636.0750122070312,645.4500122070312,635.5,114.7,114.85,116.85,8.0,0.4379481254577637,True,META,108.99,0.05239012753463628,0.016982071012745705,1868405222031.0,5.239012753463628,-2410.0
ASTS270115C00045000,45.0,-10075.0,空头平仓 Call，回补信号，看涨,3.170025769131815,CALL,0.0,10075.0,27474525.0,0.0015610833969076669,10M-50M,2027-01-15,57.27999877929688,55.52000045776367,56.66999816894531,57.80989837646485,55.79999923706055,27.27,26.35,29.0,53.0,1.0170947583007814,True,ASTS,27.27,0.0,0.03170025769131815,17599652302.0,0.0,-10075.0
MSFT271217C00400000,400.0,-1912.0,空头平仓 Call，回补信号，看涨,1.235839340885685,CALL,0.0,1912.0,27341600.0,7.191813178871726e-06,10M-50M,2027-12-17,491.5,485.5,487.5950012207031,492.6300048828125,486.6499938964844,143.0,144.7,149.0,9.0,0.3841766905212402,True,MSFT,143.0,0.0,0.012358393408856848,3801767276203.0,0.0,-1912.0
META270115C00750000,750.0,-3619.0,空头平仓 Call，回补信号，看涨,1.6982071012745705,CALL,0.0,3619.0,27269164.999999996,1.4594888024535587e-05,10M-50M,2027-01-15,644.3699951171875,633.6099853515625,636.0750122070312,645.4500122070312,635.5,75.35,74.2,75.4,10.0,0.4123059868621825,False,META,70.25,0.0725978647686832,0.016982071012745705,1868405222031.0,7.25978647686832,-3619.0
INTC260116C00040000,40.0,-90236.0,空头平仓 Call，回补信号，看涨,7.864711626618565,CALL,0.0,90236.0,27251272.000000004,0.00017538073218842414,10M-50M,2026-01-16,39.70500183105469,36.810001373291016,37.369998931884766,39.75,37.35499954223633,3.02,2.93,3.05,10472.0,0.5336960693359375,False,INTC,1.6,0.8875,0.07864711626618565,155383500000.0,88.75,-90236.0
SOFI260618C00022000,22.0,-26174.0,空头平仓 Call，回补信号，看涨,2.825553919420712,CALL,0.0,26174.0,27220960.000000004,0.0008124531046975005,10M-50M,2026-06-18,29.295000076293945,28.489999771118164,28.790000915527344,29.46999931335449,28.45499992370605,10.4,10.1,10.4,28.0,0.790041162109375,True,SOFI,10.0,0.040000000000000036,0.028255539194207122,33504653798.0,4.0000000000000036,-26174.0
NVDA260220C00180000,180.0,-19366.0,多头平仓 Call，减仓，看涨减弱,-2.0083177586627814,CALL,0.0,19366.0,27112400.0,6.261499666167593e-06,10M-50M,2026-02-20,176.63980102539062,180.25999450683597,178.99000549316406,179.2899932861328,176.53140258789062,14.0,13.95,14.05,3254.0,0.4570977142333985,False,NVDA,15.74,-0.1105463786531131,-0.020083177586627813,4330017000000.0,-11.05463786531131,-19366.0
GM260116C00055000,55.0,-14091.0,空头平仓 Call，回补信号，看涨,1.387175072238769,CALL,0.0,14091.0,26899719.0,0.0004613601952183755,10M-50M,2026-01-16,73.81999969482422,72.80999755859375,72.94000244140625,73.86000061035156,72.94000244140625,19.09,18.85,19.2,6.0,0.5346726220703125,True,GM,18.6,0.02634408602150529,0.01387175072238769,58305244533.0,2.634408602150529,-14091.0
UUUU280121C00017000,17.0,-36970.0,空头平仓 Call，回补信号，看涨,2.7158798930848715,CALL,0.0,36970.0,26766280.0,0.006944023811836434,10M-50M,2028-01-21,14.75,14.359999656677246,14.56999969482422,14.829899787902832,14.464099884033203,7.24,7.4,7.9,40.0,1.031743122558594,False,UUUU,7.24,0.0,0.027158798930848715,3854577796.0,0.0,-36970.0
MU260220C00220000,220.0,-6814.0,空头平仓 Call，回补信号，看涨,2.663250525055157,CALL,0.0,6814.0,26574600.0,0.00015098792362663952,10M-50M,2026-02-20,236.39239501953125,230.25999450683597,235.6150054931641,238.1000061035156,233.47999572753903,39.0,37.6,39.25,24.0,0.6748689739990237,True,MU,36.0,0.08333333333333333,0.026632505250551566,176004804634.0,8.333333333333332,-6814.0
ORCL251219P00220000,220.0,-10350.0,空头平仓 Put，回补，看跌信号减弱,-1.7515668808947178,PUT,0.0,10350.0,26568450.0,3.2983297256481636e-05,10M-50M,2025-12-19,201.3699951171875,204.9600067138672,199.50999450683597,202.33990478515625,197.6100006103516,25.67,24.95,25.4,38.0,0.6762727685546877,True,ORCL,22.54,0.13886424134871353,-0.017515668808947178,805512250440.0,13.886424134871353,-10350.0
SNOW270115C00230000,230.0,-4135.0,空头平仓 Call，回补信号，看涨,1.500038475269863,CALL,0.0,4135.0,26521890.000000004,0.0003484768861189316,10M-50M,2027-01-15,252.38999938964844,248.66000366210935,249.6499938964844,254.0,248.84500122070312,64.14,64.7,68.85,1.0,0.5430190962219239,True,SNOW,64.14,0.0,0.015000384752698631,76108032000.0,0.0,-4135.0
SNOW270115C00220000,220.0,-4004.0,空头平仓 Call，回补信号，看涨,1.500038475269863,CALL,0.0,4004.0,26466439.999999996,0.0003477483164983164,10M-50M,2027-01-15,252.38999938964844,248.66000366210935,249.6499938964844,254.0,248.84500122070312,66.1,70.5,75.55,1.0,0.560276614074707,True,SNOW,66.1,0.0,0.015000384752698631,76108032000.0,0.0,-4004.0
NVDA260618P00190000,190.0,-9210.0,空头平仓 Put，回补，看跌信号减弱,-2.0083177586627814,PUT,0.0,9210.0,26340600.0,6.083255562276084e-06,10M-50M,2026-06-18,176.63980102539062,180.25999450683597,178.99000549316406,179.2899932861328,176.53140258789062,28.6,28.45,28.6,6.0,0.3916076464843749,True,NVDA,27.6,0.036231884057971016,-0.020083177586627813,4330017000000.0,3.6231884057971016,-9210.0
C260717C00080000,80.0,-10861.0,空头平仓 Call，回补信号，看涨,1.760975907488567,CALL,0.0,10861.0,26240176.0,0.00013782643039285655,10M-50M,2026-07-17,104.30500030517578,102.5,102.8000030517578,104.30500030517578,102.51000213623048,24.16,25.55,27.65,1.0,0.4028380029296875,True,C,24.16,0.0,0.01760975907488567,190385660611.0,0.0,-10861.0
MSFT251219C00480000,480.0,-13805.0,空头平仓 Call，回补信号，看涨,1.235839340885685,CALL,0.0,13805.0,26229500.0,6.899291328057463e-06,10M-50M,2025-12-19,491.5,485.5,487.5950012207031,492.6300048828125,486.6499938964844,19.0,18.9,19.1,236.0,0.2637402728271484,True,MSFT,15.05,0.2624584717607973,0.012358393408856848,3801767276203.0,26.245847176079728,-13805.0
AMZN260618C00230000,230.0,-9329.0,空头平仓 Call，回补信号，看涨,1.3505852553862998,CALL,0.0,9329.0,26214490.000000004,1.1183969233987722e-05,10M-50M,2026-06-18,232.2550048828125,229.16000366210935,231.34500122070312,232.7400054931641,230.22999572753903,28.1,27.95,28.15,42.0,0.3940795455932617,True,AMZN,26.95,0.042671614100185606,0.013505852553862998,2343934380679.0,4.267161410018561,-9329.0
NVDA270617C00175000,175.0,-5577.0,多头平仓 Call，减仓，看涨减弱,-2.0083177586627814,CALL,0.0,5577.0,25877280.0,5.9762536729070574e-06,10M-50M,2027-06-17,176.63980102539062,180.25999450683597,178.99000549316406,179.2899932861328,176.53140258789062,46.4,45.9,46.3,7.0,0.5269822692871093,True,NVDA,48.1,-0.0353430353430354,-0.020083177586627813,4330017000000.0,-3.53430353430354,-5577.0
NVDA251219P00190000,190.0,-17762.0,空头平仓 Put，回补，看跌信号减弱,-2.0083177586627814,PUT,0.0,17762.0,25754900.0,5.9479905044252714e-06,10M-50M,2025-12-19,176.63980102539062,180.25999450683597,178.99000549316406,179.2899932861328,176.53140258789062,14.5,14.65,14.75,382.0,0.3239813696289061,True,NVDA,13.15,0.10266159695817488,-0.020083177586627813,4330017000000.0,10.266159695817487,-17762.0
BAC270115C00047000,47.0,-24205.0,空头平仓 Call，回补信号，看涨,1.7029574017326878,CALL,0.0,24205.0,25415250.0,6.572058755361106e-05,10M-50M,2027-01-15,53.89239883422852,52.9900016784668,53.11000061035156,53.900001525878906,53.04999923706055,10.5,10.25,10.95,11.0,0.327155166015625,True,BAC,10.15,0.03448275862068962,0.017029574017326878,386716719160.0,3.448275862068962,-24205.0
APP260116C00500000,500.0,-2331.0,空头平仓 Call，回补信号，看涨,1.296105811897593,CALL,0.0,2331.0,25291350.0,0.00011162212130426151,10M-50M,2026-01-16,593.969970703125,586.3699951171875,589.7899780273438,594.8800048828125,583.4000244140625,108.5,105.4,113.3,90.0,0.5995828616333009,True,APP,108.5,0.0,0.01296105811897593,226580087392.0,0.0,-2331.0
NVDA260918C00130000,130.0,-4158.0,多头平仓 Call，减仓，看涨减弱,-2.0083177586627814,CALL,0.0,4158.0,25155900.0,5.809653865100298e-06,10M-50M,2026-09-18,176.63980102539062,180.25999450683597,178.99000549316406,179.2899932861328,176.53140258789062,60.5,59.85,60.25,2.0,0.5809368078613282,True,NVDA,63.0,-0.03968253968253968,-0.020083177586627813,4330017000000.0,-3.968253968253968,-4158.0
NVDA270115C00220000,220.0,-10971.0,多头平仓 Call，减仓，看涨减弱,-2.0083177586627814,CALL,0.0,10971.0,25002909.0,5.774321209362457e-06,10M-50M,2027-01-15,176.63980102539062,180.25999450683597,178.99000549316406,179.2899932861328,176.53140258789062,22.79,22.6,22.85,62.0,0.4931080963134766,False,NVDA,24.02,-0.05120732722731059,-0.020083177586627813,4330017000000.0,-5.120732722731059,-10971.0
NVDA260918P00180000,180.0,-9115.0,空头平仓 Put，回补，看跌信号减弱,-2.0083177586627814,PUT,0.0,9115.0,24792800.0,5.7257973813959625e-06,10M-50M,2026-09-18,176.63980102539062,180.25999450683597,178.99000549316406,179.2899932861328,176.53140258789062,27.2,26.85,27.0,4.0,0.3977416183471679,True,NVDA,26.2,0.03816793893129771,-0.020083177586627813,4330017000000.0,3.816793893129771,-9115.0
C260717C00075000,75.0,-8479.0,空头平仓 Call，回补信号，看涨,1.760975907488567,CALL,0.0,8479.0,24690848.0,0.000129688590625787,10M-50M,2026-07-17,104.30500030517578,102.5,102.8000030517578,104.30500030517578,102.51000213623048,29.12,29.75,32.15,20.0,0.4386042468261719,True,C,29.12,0.0,0.01760975907488567,190385660611.0,0.0,-8479.0
SNOW260116C00200000,200.0,-4585.0,空头平仓 Call，回补信号，看涨,1.500038475269863,CALL,0.0,4585.0,24667300.0,0.0003241090243931153,10M-50M,2026-01-16,252.38999938964844,248.66000366210935,249.6499938964844,254.0,248.84500122070312,53.8,53.5,58.8,11.0,0.5989419989013673,True,SNOW,53.8,0.0,0.015000384752698631,76108032000.0,0.0,-4585.0
MSTR260116P00200000,200.0,-7928.0,多头平仓 Put，减仓，看跌减弱,2.2204474550426503,PUT,0.0,7928.0,24576800.0,0.00028044543153093467,10M-50M,2026-01-16,179.5399932861328,175.63999938964844,182.94500732421875,187.2790069580078,178.6999969482422,31.0,30.8,31.65,52.0,0.6882355395507813,True,MSTR,33.13,-0.0642921823121039,0.0222044745504265,87634873800.0,-6.42921823121039,-7928.0
NVDA270617C00190000,190.0,-6171.0,多头平仓 Call，减仓，看涨减弱,-2.0083177586627814,CALL,0.0,6171.0,24554409.0,5.6707419393503535e-06,10M-50M,2027-06-17,176.63980102539062,180.25999450683597,178.99000549316406,179.2899932861328,176.53140258789062,39.79,39.75,40.1,48.0,0.5167437242126465,False,NVDA,41.9,-0.0503579952267303,-0.020083177586627813,4330017000000.0,-5.03579952267303,-6171.0
META260618C00650000,650.0,-3246.0,空头平仓 Call，回补信号，看涨,1.6982071012745705,CALL,0.0,3246.0,24539759.999999996,1.3134067337557912e-05,10M-50M,2026-06-18,644.3699951171875,633.6099853515625,636.0750122070312,645.4500122070312,635.5,75.6,75.15,75.85,66.0,0.4099180102539062,False,META,70.0,0.07999999999999992,0.016982071012745705,1868405222031.0,7.999999999999992,-3246.0
C260116C00095000,95.0,-22689.0,空头平仓 Call，回补信号，看涨,1.760975907488567,CALL,0.0,22689.0,24504120.0,0.0001287078024750369,10M-50M,2026-01-16,104.30500030517578,102.5,102.8000030517578,104.30500030517578,102.51000213623048,10.8,10.75,11.5,26.0,0.3862366064453124,True,C,10.5,0.02857142857142864,0.01760975907488567,190385660611.0,2.857142857142864,-22689.0
NVDA260618C00134000,134.0,-4284.0,多头平仓 Call，减仓，看涨减弱,-2.0083177586627814,CALL,0.0,4284.0,24354540.0,5.624582998172986e-06,10M-50M,2026-06-18,176.63980102539062,180.25999450683597,178.99000549316406,179.2899932861328,176.53140258789062,56.85,53.05,53.4,5.0,0.5844768115234374,True,NVDA,56.85,0.0,-0.020083177586627813,4330017000000.0,0.0,-4284.0
AMZN271217C00225000,225.0,-4086.0,空头平仓 Call，回补信号，看涨,1.3505852553862998,CALL,0.0,4086.0,24025680.0,1.0250150429996315e-05,10M-50M,2027-12-17,232.2550048828125,229.16000366210935,231.34500122070312,232.7400054931641,230.22999572753903,58.8,59.7,60.75,18.0,0.4435938209533691,True,AMZN,58.8,0.0,0.013505852553862998,2343934380679.0,0.0,-4086.0
WMT260116C00090000,90.0,-11695.0,空头平仓 Call，回补信号，看涨,1.131989576190974,CALL,0.0,11695.0,23974750.0,2.914936505528821e-05,10M-50M,2026-01-16,110.33499908447266,109.0999984741211,109.3000030517578,110.34559631347656,109.0,20.5,20.35,21.0,5.0,0.4145566357421875,True,WMT,19.85,0.03274559193954653,0.01131989576190974,822479321746.0,3.274559193954653,-11695.0
NVDA270115C00145000,145.0,-4341.0,多头平仓 Call，减仓，看涨减弱,-2.0083177586627814,CALL,0.0,4341.0,23931933.0,5.5269836123045245e-06,10M-50M,2027-01-15,176.63980102539062,180.25999450683597,178.99000549316406,179.2899932861328,176.53140258789062,55.13,54.9,55.3,4.0,0.55313557220459,True,NVDA,57.3,-0.037870855148341966,-0.020083177586627813,4330017000000.0,-3.7870855148341964,-4341.0
NVDA260618P00140000,140.0,-31726.0,空头平仓 Put，回补，看跌信号减弱,-2.0083177586627814,PUT,0.0,31726.0,23794500.0,5.495244014053524e-06,10M-50M,2026-06-18,176.63980102539062,180.25999450683597,178.99000549316406,179.2899932861328,176.53140258789062,7.5,7.45,7.55,81.0,0.4495294305419921,False,NVDA,7.3,0.02739726027397263,-0.020083177586627813,4330017000000.0,2.739726027397263,-31726.0
AMZN261218C00250000,250.0,-7847.0,空头平仓 Call，回补信号，看涨,1.3505852553862998,CALL,0.0,7847.0,23776410.0,1.0143803596204924e-05,10M-50M,2026-12-18,232.2550048828125,229.16000366210935,231.34500122070312,232.7400054931641,230.22999572753903,30.3,30.35,30.5,13.0,0.3942473905944825,False,AMZN,29.35,0.03236797274275977,0.013505852553862998,2343934380679.0,3.236797274275977,-7847.0
NVDA260618P00165000,165.0,-14668.0,空头平仓 Put，回补，看跌信号减弱,-2.0083177586627814,PUT,0.0,14668.0,23542140.000000004,5.436962487676146e-06,10M-50M,2026-06-18,176.63980102539062,180.25999450683597,178.99000549316406,179.2899932861328,176.53140258789062,16.05,15.8,15.9,29.0,0.4195004339599609,False,NVDA,15.3,0.049019607843137254,-0.020083177586627813,4330017000000.0,4.901960784313726,-14668.0
ORCL251219P00240000,240.0,-5617.0,空头平仓 Put，回补，看跌信号减弱,-1.7515668808947178,PUT,0.0,5617.0,23422890.000000004,2.9078254225439242e-05,10M-50M,2025-12-19,201.3699951171875,204.9600067138672,199.50999450683597,202.33990478515625,197.6100006103516,41.7,40.85,42.6,62.0,0.7069121105957032,True,ORCL,38.02,0.09679116254602839,-0.017515668808947178,805512250440.0,9.679116254602839,-5617.0
C270617C00080000,80.0,-7451.0,空头平仓 Call，回补信号，看涨,1.760975907488567,CALL,0.0,7451.0,23247120.0,0.0001221054144802376,10M-50M,2027-06-17,104.30500030517578,102.5,102.8000030517578,104.30500030517578,102.51000213623048,31.2,30.95,31.35,7.0,0.3631655480957031,True,C,28.9,0.07958477508650522,0.01760975907488567,190385660611.0,7.958477508650522,-7451.0
MSFT251219C00350000,350.0,-1904.0,空头平仓 Call，回补信号，看涨,1.235839340885685,CALL,0.0,1904.0,23228800.0,6.110000510920193e-06,10M-50M,2025-12-19,491.5,485.5,487.5950012207031,492.6300048828125,486.6499938964844,122.0,141.45,144.4,1.0,0.8083515258789062,True,MSFT,122.0,0.0,0.012358393408856848,3801767276203.0,0.0,-1904.0
AMZN271217C00220000,220.0,-3743.0,空头平仓 Call，回补信号，看涨,1.3505852553862998,CALL,0.0,3743.0,23169170.0,9.884734910235954e-06,10M-50M,2027-12-17,232.2550048828125,229.16000366210935,231.34500122070312,232.7400054931641,230.22999572753903,61.9,62.1,63.15,5.0,0.4468133932495117,True,AMZN,61.2,0.011437908496731956,0.013505852553862998,2343934380679.0,1.1437908496731957,-3743.0
CMG260220P00037500,37.5,-52637.0,多头平仓 Put，减仓，看跌减弱,2.057010837641636,PUT,0.0,52637.0,23055006.0,0.00042898883990707807,10M-50M,2026-02-20,34.72999954223633,34.029998779296875,34.0099983215332,34.79999923706055,34.0,4.38,4.3,4.4,11.0,0.4035704174804688,True,CMG,4.72,-0.07203389830508472,0.02057010837641636,53742670800.0,-7.203389830508472,-52637.0
AMZN260116C00205000,205.0,-7633.0,空头平仓 Call，回补信号，看涨,1.3505852553862998,CALL,0.0,7633.0,22975330.0,9.802036349389788e-06,10M-50M,2026-01-16,232.2550048828125,229.16000366210935,231.34500122070312,232.7400054931641,230.22999572753903,30.1,30.2,30.5,2.0,0.3850159155273437,True,AMZN,28.43,0.05874076679563847,0.013505852553862998,2343934380679.0,5.8740766795638475,-7633.0
NVDA261218C00190000,190.0,-7323.0,多头平仓 Call，减仓，看涨减弱,-2.0083177586627814,CALL,0.0,7323.0,22935636.0,5.296892829751015e-06,10M-50M,2026-12-18,176.63980102539062,180.25999450683597,178.99000549316406,179.2899932861328,176.53140258789062,31.32,31.05,31.3,12.0,0.5039112109375,False,NVDA,32.83,-0.04599451720986896,-0.020083177586627813,4330017000000.0,-4.599451720986896,-7323.0
NFLX260116C00100000,100.0,-22498.0,空头平仓 Call，回补信号，看涨,1.356701007807501,CALL,0.0,22498.0,22835470.0,4.439070464430214e-05,10M-50M,2026-01-16,107.58000183105467,106.13999938964844,106.5,107.88999938964844,106.25,10.15,9.95,10.35,133.0,0.3780579772949218,True,NFLX,9.05,0.1215469613259668,0.013567010078075011,514420083731.0,12.15469613259668,-22498.0
MSFT261218C00500000,500.0,-3800.0,空头平仓 Call，回补信号，看涨,1.235839340885685,CALL,0.0,3800.0,22800000.0,5.997210861042344e-06,10M-50M,2026-12-18,491.5,485.5,487.5950012207031,492.6300048828125,486.6499938964844,60.0,59.5,60.3,116.0,0.3183051568603515,False,MSFT,56.52,0.061571125265392726,0.012358393408856848,3801767276203.0,6.157112526539272,-3800.0
AMZN260320C00230000,230.0,-11199.0,空头平仓 Call，回补信号，看涨,1.3505852553862998,CALL,0.0,11199.0,22767567.0,9.713397775839016e-06,10M-50M,2026-03-20,232.2550048828125,229.16000366210935,231.34500122070312,232.7400054931641,230.22999572753903,20.33,20.25,20.4,226.0,0.3760438372802734,True,AMZN,19.15,0.06161879895561357,0.013505852553862998,2343934380679.0,6.161879895561357,-11199.0
MU251219C00175000,175.0,-3586.0,空头平仓 Call，回补信号，看涨,2.663250525055157,CALL,0.0,3586.0,22645590.0,0.00012866461257743077,10M-50M,2025-12-19,236.39239501953125,230.25999450683597,235.6150054931641,238.1000061035156,233.47999572753903,63.15,61.4,64.0,1.0,0.8342301733398436,True,MU,58.65,0.07672634271099744,0.026632505250551566,176004804634.0,7.672634271099745,-3586.0
NVDA280121C00195000,195.0,-4812.0,多头平仓 Call，减仓，看涨减弱,-2.0083177586627814,CALL,0.0,4812.0,22616400.0,5.223166560316045e-06,10M-50M,2028-01-21,176.63980102539062,180.25999450683597,178.99000549316406,179.2899932861328,176.53140258789062,47.0,46.85,47.25,8.0,0.5258531301879883,False,NVDA,49.0,-0.04081632653061224,-0.020083177586627813,4330017000000.0,-4.081632653061225,-4812.0
META260320C00700000,700.0,-6898.0,空头平仓 Call，回补信号，看涨,1.6982071012745705,CALL,0.0,6898.0,22556460.0,1.2072573836782903e-05,10M-50M,2026-03-20,644.3699951171875,633.6099853515625,636.0750122070312,645.4500122070312,635.5,32.7,32.65,33.0,191.0,0.3795685823059082,False,META,29.3,0.11604095563139939,0.016982071012745705,1868405222031.0,11.60409556313994,-6898.0
COIN260320P00300000,300.0,-4360.0,多头平仓 Put，减仓，看跌减弱,3.2314633384228597,PUT,0.0,4360.0,22480160.0,0.0002798953689435736,10M-50M,2026-03-20,273.53240966796875,264.9700012207031,273.69000244140625,279.8599853515625,270.20001220703125,51.56,51.0,51.9,26.0,0.5796855996704101,True,COIN,57.2,-0.0986013986013986,0.032314633384228596,80316298497.0,-9.86013986013986,-4360.0
MU251219C00190000,190.0,-4656.0,空头平仓 Call，回补信号，看涨,2.663250525055157,CALL,0.0,4656.0,22427952.0,0.00012742806678850996,10M-50M,2025-12-19,236.39239501953125,230.25999450683597,235.6150054931641,238.1000061035156,233.47999572753903,48.17,48.5,50.5,16.0,0.8288591333007811,True,MU,46.3,0.04038876889848822,0.026632505250551566,176004804634.0,4.038876889848822,-4656.0
MSTR260320P00200000,200.0,-5394.0,多头平仓 Put，减仓，看跌减弱,2.2204474550426503,PUT,0.0,5394.0,22250250.0,0.0002538972104961256,10M-50M,2026-03-20,179.5399932861328,175.63999938964844,182.94500732421875,187.2790069580078,178.6999969482422,41.25,40.95,41.7,30.0,0.7159757406616211,True,MSTR,44.58,-0.07469717362045757,0.0222044745504265,87634873800.0,-7.469717362045756,-5394.0
NVDA260821P00170000,170.0,-10800.0,空头平仓 Put，回补，看跌信号减弱,-2.0083177586627814,PUT,0.0,10800.0,22248000.000000004,5.1380860629415555e-06,10M-50M,2026-08-21,176.63980102539062,180.25999450683597,178.99000549316406,179.2899932861328,176.53140258789062,20.6,20.4,20.55,98.0,0.4033873138427735,False,NVDA,20.05,0.027431421446384073,-0.020083177586627813,4330017000000.0,2.743142144638407,-10800.0
WFC260618C00072500,72.5,13221.0,多头买 Call，看涨,1.0051433320373944,CALL,13221.0,0.0,22145175.0,8.131905861133081e-05,10M-50M,2026-06-18,86.41999816894531,85.55999755859375,85.63999938964844,86.51499938964844,85.30500030517578,16.75,16.1,17.5,120.0,0.3765931481933594,True,WFC,16.75,0.0,0.010051433320373945,272324537177.0,0.0,13221.0
NVDA260618C00185000,185.0,-9655.0,多头平仓 Call，减仓，看涨减弱,-2.0083177586627814,CALL,0.0,9655.0,21955470.0,5.0705274367283086e-06,10M-50M,2026-06-18,176.63980102539062,180.25999450683597,178.99000549316406,179.2899932861328,176.53140258789062,22.74,22.5,22.65,186.0,0.4975025836181641,False,NVDA,24.19,-0.05994212484497738,-0.020083177586627813,4330017000000.0,-5.994212484497738,-9655.0
NFLX260116P00110000,110.0,-39696.0,多头平仓 Put，减仓，看跌减弱,1.356701007807501,PUT,0.0,39696.0,21912192.0,4.259591079935032e-05,10M-50M,2026-01-16,107.58000183105467,106.13999938964844,106.5,107.88999938964844,106.25,5.52,5.45,5.65,90.0,0.2699047619628906,True,NFLX,6.64,-0.16867469879518074,0.013567010078075011,514420083731.0,-16.867469879518072,-39696.0
NVDA251219C00175000,175.0,-24534.0,多头平仓 Call，减仓，看涨减弱,-2.0083177586627814,CALL,0.0,24534.0,21884328.0,5.054097478139231e-06,10M-50M,2025-12-19,176.63980102539062,180.25999450683597,178.99000549316406,179.2899932861328,176.53140258789062,8.92,8.85,8.95,1094.0,0.469731865234375,True,NVDA,10.84,-0.17712177121771217,-0.020083177586627813,4330017000000.0,-17.712177121771216,-24534.0
MSFT260116C00375000,375.0,-1868.0,空头平仓 Call，回补信号，看涨,1.235839340885685,CALL,0.0,1868.0,21762200.0,5.724232552639285e-06,10M-50M,2026-01-16,491.5,485.5,487.5950012207031,492.6300048828125,486.6499938964844,116.5,118.7,121.85,1.0,0.5517012603759766,True,MSFT,98.0,0.18877551020408162,0.012358393408856848,3801767276203.0,18.877551020408163,-1868.0
AMZN260515C00260000,260.0,-16281.0,空头平仓 Call，回补信号，看涨,1.3505852553862998,CALL,0.0,16281.0,21735135.0,9.272928107186892e-06,10M-50M,2026-05-15,232.2550048828125,229.16000366210935,231.34500122070312,232.7400054931641,230.22999572753903,13.35,13.25,13.35,158.0,0.3723817645263672,False,AMZN,12.62,0.05784469096671953,0.013505852553862998,2343934380679.0,5.784469096671953,-16281.0
ADBE260116P00400000,400.0,-2594.0,多头平仓 Put，减仓，看跌减弱,1.2944116941764112,PUT,0.0,2594.0,21732532.0,0.00014406632372225705,10M-50M,2026-01-16,321.6300048828125,317.5199890136719,317.7431945800781,322.1300048828125,317.5199890136719,83.78,79.55,82.55,3.0,0.5129443237304687,True,ADBE,83.78,0.0,0.012944116941764113,150850882000.0,0.0,-2594.0
NVDA271217C00220000,220.0,-5809.0,多头平仓 Call，减仓，看涨减弱,-2.0083177586627814,CALL,0.0,5809.0,21667570.0,5.004038090381631e-06,10M-50M,2027-12-17,176.63980102539062,180.25999450683597,178.99000549316406,179.2899932861328,176.53140258789062,37.3,37.4,37.75,5.0,0.5125475991821288,False,NVDA,39.25,-0.049681528662420454,-0.020083177586627813,4330017000000.0,-4.968152866242045,-5809.0
NFLX271217C00118000,118.0,-10254.0,空头平仓 Call，回补信号，看涨,1.356701007807501,CALL,0.0,10254.0,21584670.0,4.195922881441587e-05,10M-50M,2027-12-17,107.58000183105467,106.13999938964844,106.5,107.88999938964844,106.25,21.05,20.7,21.95,54.0,0.4225521612548828,False,NFLX,21.05,0.0,0.013567010078075011,514420083731.0,0.0,-10254.0
NVDA280121C00220000,220.0,-5509.0,多头平仓 Call，减仓，看涨减弱,-2.0083177586627814,CALL,0.0,5509.0,21540190.0,4.974620192022341e-06,10M-50M,2028-01-21,176.63980102539062,180.25999450683597,178.99000549316406,179.2899932861328,176.53140258789062,39.1,38.8,39.15,26.0,0.514576997833252,False,NVDA,40.66,-0.038366945400885276,-0.020083177586627813,4330017000000.0,-3.8366945400885277,-5509.0
TGT270115C00080000,80.0,-10908.0,空头平仓 Call，回补信号，看涨,1.7841822776137768,CALL,0.0,10908.0,21532392.0,0.0005394025601117366,10M-50M,2027-01-15,91.4021987915039,89.80000305175781,90.2750015258789,91.62000274658205,89.87210083007812,19.74,19.1,20.4,8.0,0.3866638482666015,True,TGT,18.6,0.061290322580645,0.01784182277613777,39918965152.0,6.1290322580645,-10908.0
CIFR270115P00022000,22.0,-17938.0,多头平仓 Put，减仓，看跌减弱,9.582250800912103,PUT,0.0,17938.0,21453848.0,0.0047559468167708676,10M-50M,2027-01-15,20.98500061035156,19.149999618530277,19.549999237060547,21.0,19.459999084472656,11.96,9.0,10.45,6.0,1.062992966308594,True,CIFR,11.96,0.0,0.09582250800912102,4510952041.0,0.0,-17938.0
NVDA260918P00140000,140.0,-20743.0,空头平仓 Put，回补，看跌信号减弱,-2.0083177586627814,PUT,0.0,20743.0,21427519.0,4.948599278016691e-06,10M-50M,2026-09-18,176.63980102539062,180.25999450683597,178.99000549316406,179.2899932861328,176.53140258789062,10.33,10.3,10.4,201.0,0.4360407958984374,False,NVDA,10.22,0.010763209393346324,-0.020083177586627813,4330017000000.0,1.0763209393346322,-20743.0
MU260618C00180000,180.0,-2808.0,空头平仓 Call，回补信号，看涨,2.663250525055157,CALL,0.0,2808.0,21368880.0,0.00012141077650940463,10M-50M,2026-06-18,236.39239501953125,230.25999450683597,235.6150054931641,238.1000061035156,233.47999572753903,76.1,75.25,77.2,28.0,0.6924469232177735,True,MU,74.5,0.021476510067114016,0.026632505250551566,176004804634.0,2.147651006711402,-2808.0
NVDA260220P00160000,160.0,-32602.0,空头平仓 Put，回补，看跌信号减弱,-2.0083177586627814,PUT,0.0,32602.0,21354310.0,4.931691954096254e-06,10M-50M,2026-02-20,176.63980102539062,180.25999450683597,178.99000549316406,179.2899932861328,176.53140258789062,6.55,6.5,6.6,652.0,0.411565942993164,False,NVDA,6.1,0.07377049180327873,-0.020083177586627813,4330017000000.0,7.377049180327873,-32602.0
NVDA280121C00150000,150.0,-3205.0,多头平仓 Call，减仓，看涨减弱,-2.0083177586627814,CALL,0.0,3205.0,21345299.999999996,4.929611130856991e-06,10M-50M,2028-01-21,176.63980102539062,180.25999450683597,178.99000549316406,179.2899932861328,176.53140258789062,66.6,66.1,66.55,9.0,0.5597730790710449,True,NVDA,68.54,-0.02830463962649565,-0.020083177586627813,4330017000000.0,-2.830463962649565,-3205.0
META270115P00550000,550.0,-4223.0,多头平仓 Put，减仓，看跌减弱,1.6982071012745705,PUT,0.0,4223.0,21326150.0,1.1414092483009643e-05,10M-50M,2027-01-15,644.3699951171875,633.6099853515625,636.0750122070312,645.4500122070312,635.5,50.5,47.9,48.85,5.0,0.3501041552734374,False,META,50.5,0.0,0.016982071012745705,1868405222031.0,0.0,-4223.0
WULF270115C00015000,15.0,-31591.0,空头平仓 Call，回补信号，看涨,6.7048509119157105,CALL,0.0,31591.0,21292334.0,0.00501637881360789,10M-50M,2027-01-15,15.835000038146973,14.84000015258789,15.130000114440918,15.984999656677246,15.130000114440918,6.74,6.55,6.8,100.0,0.9985351708984376,True,WULF,6.0,0.12333333333333336,0.06704850911915711,4244562620.0,12.333333333333336,-31591.0
NVDA260116C00136000,136.0,-4611.0,多头平仓 Call，减仓，看涨减弱,-2.0083177586627814,CALL,0.0,4611.0,21279765.0,4.914476086352548e-06,10M-50M,2026-01-16,176.63980102539062,180.25999450683597,178.99000549316406,179.2899932861328,176.53140258789062,46.15,43.25,43.7,2.0,0.6657748266601564,True,NVDA,46.15,0.0,-0.020083177586627813,4330017000000.0,0.0,-4611.0
ORCL260116P00230000,230.0,-6050.0,空头平仓 Put，回补，看跌信号减弱,-1.7515668808947178,PUT,0.0,6050.0,21259700.0,2.639277054866289e-05,10M-50M,2026-01-16,201.3699951171875,204.9600067138672,199.50999450683597,202.33990478515625,197.6100006103516,35.14,35.35,35.95,11.0,0.5607343731689454,True,ORCL,32.17,0.09232203916692566,-0.017515668808947178,805512250440.0,9.232203916692566,-6050.0
MSFT251219C00450000,450.0,-4726.0,空头平仓 Call，回补信号，看涨,1.235839340885685,CALL,0.0,4726.0,21243370.0,5.587761810927241e-06,10M-50M,2025-12-19,491.5,485.5,487.5950012207031,492.6300048828125,486.6499938964844,44.95,43.65,45.35,31.0,0.3743348699951171,True,MSFT,39.2,0.14668367346938774,0.012358393408856848,3801767276203.0,14.668367346938775,-4726.0
MSFT260116C00395000,395.0,-2669.0,空头平仓 Call，回补信号，看涨,1.235839340885685,CALL,0.0,2669.0,21218550.0,5.581233268226756e-06,10M-50M,2026-01-16,491.5,485.5,487.5950012207031,492.6300048828125,486.6499938964844,79.5,98.9,101.35,150.0,0.5032398309326171,True,MSFT,79.5,0.0,0.012358393408856848,3801767276203.0,0.0,-2669.0
META271217C00700000,700.0,-1521.0,空头平仓 Call，回补信号，看涨,1.6982071012745705,CALL,0.0,1521.0,21090186.0,1.1287800821426991e-05,10M-50M,2027-12-17,644.3699951171875,633.6099853515625,636.0750122070312,645.4500122070312,635.5,138.66,139.3,139.8,122.0,0.4394892477416992,False,META,133.64,0.037563603711463715,0.016982071012745705,1868405222031.0,3.7563603711463713,-1521.0
META251219P00700000,700.0,-3565.0,多头平仓 Put，减仓，看跌减弱,1.6982071012745705,PUT,0.0,3565.0,21051325.0,1.126700180013237e-05,10M-50M,2025-12-19,644.3699951171875,633.6099853515625,636.0750122070312,645.4500122070312,635.5,59.05,57.1,59.2,30.0,0.3100349758911133,True,META,67.43,-0.12427702802906732,0.016982071012745705,1868405222031.0,-12.427702802906731,-3565.0
NVDA280121C00130000,130.0,-2718.0,多头平仓 Call，减仓，看涨减弱,-2.0083177586627814,CALL,0.0,2718.0,21007422.000000004,4.851579566546737e-06,10M-50M,2028-01-21,176.63980102539062,180.25999450683597,178.99000549316406,179.2899932861328,176.53140258789062,77.29,76.7,77.2,39.0,0.5812114633178712,True,NVDA,80.1,-0.035081148564294486,-0.020083177586627813,4330017000000.0,-3.5081148564294486,-2718.0
OXY280121C00040000,40.0,-21844.0,空头平仓 Call，回补信号，看涨,1.9954127848912366,CALL,0.0,21844.0,20751800.0,0.0004440658782202538,10M-50M,2028-01-21,42.24649810791016,41.41999816894531,41.41999816894531,42.32500076293945,41.400001525878906,9.5,9.4,10.75,15.0,0.4041807629394531,True,OXY,9.5,0.0,0.019954127848912366,46731354553.0,0.0,-21844.0
ORCL260116C00200000,200.0,-11108.0,多头平仓 Call，减仓，看涨减弱,-1.7515668808947178,CALL,0.0,11108.0,20549800.0,2.5511467999121e-05,10M-50M,2026-01-16,201.3699951171875,204.9600067138672,199.50999450683597,202.33990478515625,197.6100006103516,18.5,18.2,18.8,642.0,0.6019326916503909,True,ORCL,20.94,-0.11652340019102202,-0.017515668808947178,805512250440.0,-11.652340019102201,-11108.0
NVDA251219P00205000,205.0,-7495.0,空头平仓 Put，回补，看跌信号减弱,-2.0083177586627814,PUT,0.0,7495.0,20513815.0,4.737583016417718e-06,10M-50M,2025-12-19,176.63980102539062,180.25999450683597,178.99000549316406,179.2899932861328,176.53140258789062,27.37,27.55,28.05,28.0,1.0000000000000004e-05,True,NVDA,25.51,0.07291258330066638,-0.020083177586627813,4330017000000.0,7.291258330066638,-7495.0
MSFT251219C00400000,400.0,-2203.0,空头平仓 Call，回补信号，看涨,1.235839340885685,CALL,0.0,2203.0,20377750.0,5.360072965947615e-06,10M-50M,2025-12-19,491.5,485.5,487.5950012207031,492.6300048828125,486.6499938964844,92.5,93.15,94.75,12.0,0.6052285571289064,True,MSFT,88.5,0.04519774011299435,0.012358393408856848,3801767276203.0,4.519774011299435,-2203.0
META260116P00660000,660.0,-5726.0,多头平仓 Put，减仓，看跌减弱,1.6982071012745705,PUT,0.0,5726.0,20327300.0,1.0879492178845311e-05,10M-50M,2026-01-16,644.3699951171875,633.6099853515625,636.0750122070312,645.4500122070312,635.5,35.5,35.05,35.45,51.0,0.2798228756713866,True,META,40.87,-0.13139221923171024,0.016982071012745705,1868405222031.0,-13.139221923171023,-5726.0
AMZN251219C00175000,175.0,-3532.0,空头平仓 Call，回补信号，看涨,1.3505852553862998,CALL,0.0,3532.0,20256020.0,8.641888683817232e-06,10M-50M,2025-12-19,232.2550048828125,229.16000366210935,231.34500122070312,232.7400054931641,230.22999572753903,57.35,57.45,57.65,5.0,0.6103554589843752,True,AMZN,54.9,0.04462659380692173,0.013505852553862998,2343934380679.0,4.462659380692173,-3532.0
C270115C00090000,90.0,-9268.0,空头平仓 Call，回补信号，看涨,1.760975907488567,CALL,0.0,9268.0,20157900.0,0.00010587929750227906,10M-50M,2027-01-15,104.30500030517578,102.5,102.8000030517578,104.30500030517578,102.51000213623048,21.75,21.0,23.0,8.0,0.3602053726196288,True,C,21.75,0.0,0.01760975907488567,190385660611.0,0.0,-9268.0
AMZN260618C00170000,170.0,-2922.0,空头平仓 Call，回补信号，看涨,1.3505852553862998,CALL,0.0,2922.0,20153034.0,8.597951446986324e-06,10M-50M,2026-06-18,232.2550048828125,229.16000366210935,231.34500122070312,232.7400054931641,230.22999572753903,68.97,70.0,70.4,21.0,0.497075341796875,True,AMZN,68.97,0.0,0.013505852553862998,2343934380679.0,0.0,-2922.0
NVDA271217P00170000,170.0,-5665.0,空头平仓 Put，回补，看跌信号减弱,-2.0083177586627814,PUT,0.0,5665.0,20037105.0,4.627488760436737e-06,10M-50M,2027-12-17,176.63980102539062,180.25999450683597,178.99000549316406,179.2899932861328,176.53140258789062,35.37,35.0,35.4,2.0,0.3952086846923829,False,NVDA,34.71,0.019014693171996444,-0.020083177586627813,4330017000000.0,1.9014693171996444,-5665.0
BA260515P00195000,195.0,-9111.0,多头平仓 Put，减仓，看跌减弱,1.3107195443195907,PUT,0.0,9111.0,19998645.0,0.00011953230300997621,10M-50M,2026-05-15,189.3699951171875,186.9199981689453,187.8699951171875,189.7400054931641,186.91000366210935,21.95,18.65,19.25,30.0,0.3127815304565429,True,BA,21.95,0.0,0.013107195443195907,167307451596.0,0.0,-9111.0
NVDA251205C00175000,175.0,35962.0,空头卖 Call，看跌/看不涨,-2.0083177586627814,CALL,35962.0,0.0,19779100.0,4.5679035440276565e-06,10M-50M,2025-12-05,176.63980102539062,180.25999450683597,178.99000549316406,179.2899932861328,176.53140258789062,5.5,5.5,5.55,4212.0,0.4492242578124999,True,NVDA,7.73,-0.2884864165588616,-0.020083177586627813,4330017000000.0,-28.84864165588616,35962.0
GAP251219C00024000,24.0,-58077.0,多头平仓 Call，减仓，看涨减弱,-1.398475188083069,CALL,0.0,58077.0,19746180.0,0.00242007415193542,10M-50M,2025-12-19,27.145000457763672,27.530000686645508,27.559999465942383,27.600000381469727,27.040000915527344,3.4,3.4,3.45,128.0,0.5136767382812499,True,GAP,3.75,-0.09333333333333335,-0.01398475188083069,8159328500.0,-9.333333333333336,-58077.0
AMZN251219C00210000,210.0,-8534.0,空头平仓 Call，回补信号，看涨,1.3505852553862998,CALL,0.0,8534.0,19730608.0,8.41773053146836e-06,10M-50M,2025-12-19,232.2550048828125,229.16000366210935,231.34500122070312,232.7400054931641,230.22999572753903,23.12,23.35,23.55,113.0,0.3687807263183594,True,AMZN,21.3,0.08544600938967137,0.013505852553862998,2343934380679.0,8.544600938967136,-8534.0
JPM260116C00270000,270.0,-4356.0,空头平仓 Call，回补信号，看涨,1.891813980470497,CALL,0.0,4356.0,19671696.0,2.263489317291177e-05,10M-50M,2026-01-16,313.4599914550781,307.6400146484375,309.1000061035156,313.7200012207031,308.239990234375,45.16,44.15,46.8,1.0,0.39258419921875,True,JPM,40.79,0.10713410149546451,0.01891813980470497,869087203095.0,10.713410149546451,-4356.0
NVDA280121P00200000,200.0,-3710.0,空头平仓 Put，回补，看跌信号减弱,-2.0083177586627814,PUT,0.0,3710.0,19663000.0,4.541090716272015e-06,10M-50M,2028-01-21,176.63980102539062,180.25999450683597,178.99000549316406,179.2899932861328,176.53140258789062,53.0,52.9,53.25,36.0,0.3729615927124023,True,NVDA,52.09,0.017469763870224544,-0.020083177586627813,4330017000000.0,1.7469763870224544,-3710.0
META260116C00510000,510.0,-1463.0,空头平仓 Call，回补信号，看涨,1.6982071012745705,CALL,0.0,1463.0,19640775.0,1.0512053150145887e-05,10M-50M,2026-01-16,644.3699951171875,633.6099853515625,636.0750122070312,645.4500122070312,635.5,134.25,135.65,139.45,1.0,0.4961598236083985,True,META,106.05,0.26591230551626593,0.016982071012745705,1868405222031.0,26.591230551626595,-1463.0
NVDA280121C00175000,175.0,-3563.0,多头平仓 Call，减仓，看涨减弱,-2.0083177586627814,CALL,0.0,3563.0,19614315.0,4.529847111454759e-06,10M-50M,2028-01-21,176.63980102539062,180.25999450683597,178.99000549316406,179.2899932861328,176.53140258789062,55.05,54.6,55.05,134.0,0.5385177984619143,True,NVDA,56.85,-0.03166226912928767,-0.020083177586627813,4330017000000.0,-3.1662269129287672,-3563.0
NVDA251219C00185000,185.0,-46490.0,多头平仓 Call，减仓，看涨减弱,-2.0083177586627814,CALL,0.0,46490.0,19572290.0,4.520141606834338e-06,10M-50M,2025-12-19,176.63980102539062,180.25999450683597,178.99000549316406,179.2899932861328,176.53140258789062,4.21,4.2,4.25,4884.0,0.4354304504394531,False,NVDA,5.5,-0.23454545454545456,-0.020083177586627813,4330017000000.0,-23.454545454545457,-46490.0
ORCL260320P00220000,220.0,-5640.0,空头平仓 Put，回补，看跌信号减弱,-1.7515668808947178,PUT,0.0,5640.0,19548240.0,2.4268085295192027e-05,10M-50M,2026-03-20,201.3699951171875,204.9600067138672,199.50999450683597,202.33990478515625,197.6100006103516,34.66,34.6,35.5,10.0,0.5289353747558594,True,ORCL,33.02,0.04966686856450616,-0.017515668808947178,805512250440.0,4.966686856450616,-5640.0
MSFT270115C00400000,400.0,-1564.0,空头平仓 Call，回补信号，看涨,1.235839340885685,CALL,0.0,1564.0,19471800.0,5.12177589666861e-06,10M-50M,2027-01-15,491.5,485.5,487.5950012207031,492.6300048828125,486.6499938964844,124.5,123.85,126.65,11.0,0.3829712582397461,True,MSFT,120.44,0.03370973098638328,0.012358393408856848,3801767276203.0,3.370973098638328,-1564.0
GS260116C00700000,700.0,-1433.0,空头平仓 Call，回补信号，看涨,1.6255945992926593,CALL,0.0,1433.0,19345500.0,7.963185355701138e-05,10M-50M,2026-01-16,829.2750244140625,816.010009765625,820.0,830.5700073242188,818.9500122070312,135.0,134.2,137.4,5.0,0.4175168112182617,True,GS,124.02,0.08853410740203196,0.016255945992926592,242936703541.0,8.853410740203197,-1433.0
AMZN260320C00210000,210.0,-5927.0,空头平仓 Call，回补信号，看涨,1.3505852553862998,CALL,0.0,5927.0,19316093.000000004,8.240884710434787e-06,10M-50M,2026-03-20,232.2550048828125,229.16000366210935,231.34500122070312,232.7400054931641,230.22999572753903,32.59,32.7,32.9,6.0,0.4050962811279296,True,AMZN,31.15,0.046227929373996945,0.013505852553862998,2343934380679.0,4.622792937399694,-5927.0
ORCL260320P00180000,180.0,-12694.0,空头平仓 Put，回补，看跌信号减弱,-1.7515668808947178,PUT,0.0,12694.0,19282186.0,2.393779360831244e-05,10M-50M,2026-03-20,201.3699951171875,204.9600067138672,199.50999450683597,202.33990478515625,197.6100006103516,15.19,14.05,14.6,9.0,0.5576216113281252,False,ORCL,12.78,0.1885758998435055,-0.017515668808947178,805512250440.0,18.85758998435055,-12694.0
BAC260618C00040000,40.0,-13913.0,空头平仓 Call，回补信号，看涨,1.7029574017326878,CALL,0.0,13913.0,19227766.0,4.972054490368365e-05,10M-50M,2026-06-18,53.89239883422852,52.9900016784668,53.11000061035156,53.900001525878906,53.04999923706055,13.82,14.5,14.95,13.0,0.3879455737304687,True,BAC,13.82,0.0,0.017029574017326878,386716719160.0,0.0,-13913.0
AMZN260116C00185000,185.0,-3951.0,空头平仓 Call，回补信号，看涨,1.3505852553862998,CALL,0.0,3951.0,19170252.0,8.178664111939297e-06,10M-50M,2026-01-16,232.2550048828125,229.16000366210935,231.34500122070312,232.7400054931641,230.22999572753903,48.52,48.7,48.95,2.0,0.4774222180175781,True,AMZN,46.55,0.04232008592910862,0.013505852553862998,2343934380679.0,4.232008592910861,-3951.0
INTC260618C00035000,35.0,-21508.0,空头平仓 Call，回补信号，看涨,7.864711626618565,CALL,0.0,21508.0,19142120.0,0.00012319274569050123,10M-50M,2026-06-18,39.70500183105469,36.810001373291016,37.369998931884766,39.75,37.35499954223633,8.9,8.85,9.05,75.0,0.5734905932617188,True,INTC,7.04,0.2642045454545455,0.07864711626618565,155383500000.0,26.420454545454554,-21508.0
MSFT260116C00440000,440.0,-3389.0,空头平仓 Call，回补信号，看涨,1.235839340885685,CALL,0.0,3389.0,19046180.0,5.009822699884538e-06,10M-50M,2026-01-16,491.5,485.5,487.5950012207031,492.6300048828125,486.6499938964844,56.2,57.55,58.8,6.0,0.3651491708374024,True,MSFT,53.48,0.05086013462976825,0.012358393408856848,3801767276203.0,5.086013462976825,-3389.0
COIN251128C00250000,250.0,-7262.0,空头平仓 Call，回补信号，看涨,3.2314633384228597,CALL,0.0,7262.0,18881200.0,0.0002350855349827315,10M-50M,2025-11-28,273.53240966796875,264.9700012207031,273.69000244140625,279.8599853515625,270.20001220703125,26.0,24.75,26.45,374.0,1.737794279785156,True,COIN,15.72,0.653944020356234,0.032314633384228596,80316298497.0,65.3944020356234,-7262.0
MRVL260320C00070000,70.0,-8145.0,空头平仓 Call，回补信号，看涨,1.2140930535633585,CALL,0.0,8145.0,18733500.0,0.0002612730277407981,10M-50M,2026-03-20,88.78500366210938,87.72000122070312,85.8949966430664,89.41629791259766,84.54000091552734,23.0,22.05,24.5,5.0,0.6611362011718751,True,MRVL,23.0,0.0,0.012140930535633586,71700857000.0,0.0,-8145.0
ADBE260116P00360000,360.0,-3941.0,多头平仓 Put，减仓，看跌减弱,1.2944116941764112,PUT,0.0,3941.0,18644871.000000004,0.00012359802443846502,10M-50M,2026-01-16,321.6300048828125,317.5199890136719,317.7431945800781,322.1300048828125,317.5199890136719,47.31,43.8,49.0,2.0,0.5054370745849608,True,ADBE,47.31,0.0,0.012944116941764113,150850882000.0,0.0,-3941.0
META271217P00600000,600.0,-1892.0,多头平仓 Put，减仓，看跌减弱,1.6982071012745705,PUT,0.0,1892.0,18636200.0,9.974388735513175e-06,10M-50M,2027-12-17,644.3699951171875,633.6099853515625,636.0750122070312,645.4500122070312,635.5,98.5,94.55,96.45,3.0,0.3331365515136719,False,META,98.5,0.0,0.016982071012745705,1868405222031.0,0.0,-1892.0
META251219C00475000,475.0,-1135.0,空头平仓 Call，回补信号，看涨,1.6982071012745705,CALL,0.0,1135.0,18525470.0,9.915124289720398e-06,10M-50M,2025-12-19,644.3699951171875,633.6099853515625,636.0750122070312,645.4500122070312,635.5,163.22,166.2,171.9,5.0,0.7806418420410157,True,META,163.22,0.0,0.016982071012745705,1868405222031.0,0.0,-1135.0
NVDA271217P00220000,220.0,-2890.0,空头平仓 Put，回补，看跌信号减弱,-2.0083177586627814,PUT,0.0,2890.0,18467100.0,4.264902424170621e-06,10M-50M,2027-12-17,176.63980102539062,180.25999450683597,178.99000549316406,179.2899932861328,176.53140258789062,63.9,65.05,65.45,54.0,0.3592135612487793,True,NVDA,63.9,0.0,-0.020083177586627813,4330017000000.0,0.0,-2890.0
ORCL260320P00200000,200.0,-7583.0,空头平仓 Put，回补，看跌信号减弱,-1.7515668808947178,PUT,0.0,7583.0,18426690.0,2.287574147995226e-05,10M-50M,2026-03-20,201.3699951171875,204.9600067138672,199.50999450683597,202.33990478515625,197.6100006103516,24.3,23.05,23.8,24.0,0.5433090103149415,False,ORCL,21.7,0.11981566820276504,-0.017515668808947178,805512250440.0,11.981566820276504,-7583.0
INTC260618C00040000,40.0,-28344.0,空头平仓 Call，回补信号，看涨,7.864711626618565,CALL,0.0,28344.0,18423600.0,0.00011856857388332738,10M-50M,2026-06-18,39.70500183105469,36.810001373291016,37.369998931884766,39.75,37.35499954223633,6.5,6.4,6.6,272.0,0.5644574804687501,False,INTC,4.9,0.3265306122448979,0.07864711626618565,155383500000.0,32.65306122448979,-28344.0
BAC260116C00050000,50.0,-39343.0,空头平仓 Call，回补信号，看涨,1.7029574017326878,CALL,0.0,39343.0,18294495.0,4.73072254019378e-05,10M-50M,2026-01-16,53.89239883422852,52.9900016784668,53.11000061035156,53.900001525878906,53.04999923706055,4.65,4.65,4.7,101.0,0.2905344384765624,True,BAC,4.03,0.15384615384615385,0.017029574017326878,386716719160.0,15.384615384615385,-39343.0
NVDA260417C00200000,200.0,-15214.0,多头平仓 Call，减仓，看涨减弱,-2.0083177586627814,CALL,0.0,15214.0,18256800.0,4.216334485522805e-06,10M-50M,2026-04-17,176.63980102539062,180.25999450683597,178.99000549316406,179.2899932861328,176.53140258789062,12.0,11.95,12.05,738.0,0.4681144497680664,False,NVDA,13.35,-0.10112359550561795,-0.020083177586627813,4330017000000.0,-10.112359550561795,-15214.0
MSFT251219C00485000,485.0,-11812.0,空头平仓 Call，回补信号，看涨,1.235839340885685,CALL,0.0,11812.0,18190480.0,4.784743167700593e-06,10M-50M,2025-12-19,491.5,485.5,487.5950012207031,492.6300048828125,486.6499938964844,15.4,15.4,15.65,222.0,0.2540357800292969,True,MSFT,12.19,0.2633305988515177,0.012358393408856848,3801767276203.0,26.333059885151773,-11812.0
COIN260116P00320000,320.0,-3536.0,多头平仓 Put，减仓，看跌减弱,3.2314633384228597,PUT,0.0,3536.0,18132608.0,0.00022576498592844508,10M-50M,2026-01-16,273.53240966796875,264.9700012207031,273.69000244140625,279.8599853515625,270.20001220703125,51.28,52.5,54.1,5.0,0.5250901983642577,True,COIN,61.67,-0.16847737960110265,0.032314633384228596,80316298497.0,-16.847737960110265,-3536.0
ORCL260320P00260000,260.0,-2810.0,空头平仓 Put，回补，看跌信号减弱,-1.7515668808947178,PUT,0.0,2810.0,18073920.0,2.2437796557566156e-05,10M-50M,2026-03-20,201.3699951171875,204.9600067138672,199.50999450683597,202.33990478515625,197.6100006103516,64.32,63.75,65.7,8.0,0.5278977874755859,True,ORCL,60.75,0.05876543209876532,-0.017515668808947178,805512250440.0,5.876543209876532,-2810.0
NVDA280121P00180000,180.0,-4342.0,空头平仓 Put，回补，看跌信号减弱,-2.0083177586627814,PUT,0.0,4342.0,17932459.999999996,4.141429467828879e-06,10M-50M,2028-01-21,176.63980102539062,180.25999450683597,178.99000549316406,179.2899932861328,176.53140258789062,41.3,41.15,41.45,1.0,0.3863281582641601,True,NVDA,40.63,0.016490278119615915,-0.020083177586627813,4330017000000.0,1.6490278119615915,-4342.0
NVDA271217C00165000,165.0,-3082.0,多头平仓 Call，减仓，看涨减弱,-2.0083177586627814,CALL,0.0,3082.0,17906420.0,4.135415634626838e-06,10M-50M,2027-12-17,176.63980102539062,180.25999450683597,178.99000549316406,179.2899932861328,176.53140258789062,58.1,57.6,58.1,3.0,0.5440414248657227,True,NVDA,60.05,-0.03247293921731883,-0.020083177586627813,4330017000000.0,-3.247293921731883,-3082.0
AMZN260220C00230000,230.0,-9937.0,空头平仓 Call，回补信号，看涨,1.3505852553862998,CALL,0.0,9937.0,17836915.0,7.609818409179583e-06,10M-50M,2026-02-20,232.2550048828125,229.16000366210935,231.34500122070312,232.7400054931641,230.22999572753903,17.95,17.8,17.95,458.0,0.3782105636596679,True,AMZN,16.6,0.08132530120481914,0.013505852553862998,2343934380679.0,8.132530120481913,-9937.0
MU251219C00240000,240.0,-11474.0,空头平仓 Call，回补信号，看涨,2.663250525055157,CALL,0.0,11474.0,17830596.0,0.0001013074389479226,10M-50M,2025-12-19,236.39239501953125,230.25999450683597,235.6150054931641,238.1000061035156,233.47999572753903,15.54,15.3,15.8,373.0,0.7423121472167968,False,MU,13.34,0.16491754122938526,0.026632505250551566,176004804634.0,16.491754122938527,-11474.0
SOFI260618C00030000,30.0,-29217.0,空头平仓 Call，回补信号，看涨,2.825553919420712,CALL,0.0,29217.0,17822370.0,0.0005319371484167932,10M-50M,2026-06-18,29.295000076293945,28.489999771118164,28.790000915527344,29.46999931335449,28.45499992370605,6.1,6.05,6.15,161.0,0.7404811108398437,False,SOFI,5.6,0.08928571428571429,0.028255539194207122,33504653798.0,8.928571428571429,-29217.0
CIFR271217C00017000,17.0,-15075.0,空头平仓 Call，回补信号，看涨,9.582250800912103,CALL,0.0,15075.0,17788500.0,0.003943402598458262,10M-50M,2027-12-17,20.98500061035156,19.149999618530277,19.549999237060547,21.0,19.459999084472656,11.8,11.35,13.6,1.0,1.0481004626464845,True,CIFR,10.0,0.18000000000000008,0.09582250800912102,4510952041.0,18.000000000000007,-15075.0
ORCL260320P00240000,240.0,-3591.0,空头平仓 Put，回补，看跌信号减弱,-1.7515668808947178,PUT,0.0,3591.0,17696448.0,2.196918543490004e-05,10M-50M,2026-03-20,201.3699951171875,204.9600067138672,199.50999450683597,202.33990478515625,197.6100006103516,49.28,47.65,49.15,40.0,0.5006153454589843,True,ORCL,45.75,0.07715846994535522,-0.017515668808947178,805512250440.0,7.7158469945355215,-3591.0
META271217C00600000,600.0,-967.0,空头平仓 Call，回补信号，看涨,1.6982071012745705,CALL,0.0,967.0,17667090.0,9.455705749310346e-06,10M-50M,2027-12-17,644.3699951171875,633.6099853515625,636.0750122070312,645.4500122070312,635.5,182.7,179.3,184.8,1.0,0.462720521774292,True,META,174.65,0.046092184368737375,0.016982071012745705,1868405222031.0,4.6092184368737374,-967.0
META261218C00800000,800.0,-3111.0,空头平仓 Call，回补信号，看涨,1.6982071012745705,CALL,0.0,3111.0,17595816.0,9.417558778214578e-06,10M-50M,2026-12-18,644.3699951171875,633.6099853515625,636.0750122070312,645.4500122070312,635.5,56.56,56.65,57.45,5.0,0.4077665425109864,False,META,53.52,0.05680119581464871,0.016982071012745705,1868405222031.0,5.68011958146487,-3111.0
META260116C00470000,470.0,-1022.0,空头平仓 Call，回补信号，看涨,1.6982071012745705,CALL,0.0,1022.0,17568180.0,9.402767554301192e-06,10M-50M,2026-01-16,644.3699951171875,633.6099853515625,636.0750122070312,645.4500122070312,635.5,171.9,173.65,179.1,1.0,0.5075732836914062,True,META,171.9,0.0,0.016982071012745705,1868405222031.0,0.0,-1022.0
MSFT260417C00400000,400.0,-1709.0,空头平仓 Call，回补信号，看涨,1.235839340885685,CALL,0.0,1709.0,17527504.0,4.610356901568558e-06,10M-50M,2026-04-17,491.5,485.5,487.5950012207031,492.6300048828125,486.6499938964844,102.56,103.05,104.55,6.0,0.4064390411376953,True,MSFT,98.43,0.0419587524128822,0.012358393408856848,3801767276203.0,4.1958752412882205,-1709.0
META260320P00600000,600.0,-6045.0,多头平仓 Put，减仓，看跌减弱,1.6982071012745705,PUT,0.0,6045.0,17470050.0,9.35024682761786e-06,10M-50M,2026-03-20,644.3699951171875,633.6099853515625,636.0750122070312,645.4500122070312,635.5,28.9,28.65,29.0,22.0,0.3480137220764159,False,META,32.1,-0.0996884735202493,0.016982071012745705,1868405222031.0,-9.96884735202493,-6045.0
ORCL260918P00200000,200.0,-5189.0,空头平仓 Put，回补，看跌信号减弱,-1.7515668808947178,PUT,0.0,5189.0,17460985.0,2.1676870824077694e-05,10M-50M,2026-09-18,201.3699951171875,204.9600067138672,199.50999450683597,202.33990478515625,197.6100006103516,33.65,32.8,34.1,177.0,0.4872182626342773,False,ORCL,32.3,0.04179566563467497,-0.017515668808947178,805512250440.0,4.179566563467497,-5189.0
SOFI271217C00025000,25.0,-12892.0,空头平仓 Call，回补信号，看涨,2.825553919420712,CALL,0.0,12892.0,17404200.0,0.0005194561956953847,10M-50M,2027-12-17,29.295000076293945,28.489999771118164,28.790000915527344,29.46999931335449,28.45499992370605,13.5,13.0,13.5,11.0,0.7413355944824218,True,SOFI,13.0,0.038461538461538464,0.028255539194207122,33504653798.0,3.8461538461538463,-12892.0
AMZN251219C00230000,230.0,-21363.0,空头平仓 Call，回补信号，看涨,1.3505852553862998,CALL,0.0,21363.0,17304030.0,7.3824720276458e-06,10M-50M,2025-12-19,232.2550048828125,229.16000366210935,231.34500122070312,232.7400054931641,230.22999572753903,8.1,8.05,8.15,1640.0,0.3089668713378906,True,AMZN,7.0,0.15714285714285708,0.013505852553862998,2343934380679.0,15.714285714285708,-21363.0
LYFT270115C00015000,15.0,-19761.0,空头平仓 Call，回补信号，看涨,3.4722260329248313,CALL,0.0,19761.0,17271114.0,0.0019430032000618352,10M-50M,2027-01-15,20.86000061035156,20.15999984741211,20.25,21.15999984741211,20.149999618530277,8.74,8.6,9.0,119.0,0.7290066162109375,True,LYFT,8.05,0.08571428571428565,0.034722260329248314,8888875736.0,8.571428571428564,-19761.0
META260116P00650000,650.0,-5744.0,多头平仓 Put，减仓，看跌减弱,1.6982071012745705,PUT,0.0,5744.0,17243488.0,9.22898726500878e-06,10M-50M,2026-01-16,644.3699951171875,633.6099853515625,636.0750122070312,645.4500122070312,635.5,30.02,29.4,29.65,48.0,0.2801280484008788,True,META,35.15,-0.14594594594594593,0.016982071012745705,1868405222031.0,-14.594594594594593,-5744.0
ORCL270115C00195000,195.0,-3474.0,多头平仓 Call，减仓，看涨减弱,-1.7515668808947178,CALL,0.0,3474.0,17231040.0,2.139140651254873e-05,10M-50M,2027-01-15,201.3699951171875,204.9600067138672,199.50999450683597,202.33990478515625,197.6100006103516,49.6,48.75,50.0,2.0,0.5556685058593751,True,ORCL,52.0,-0.04615384615384613,-0.017515668808947178,805512250440.0,-4.615384615384613,-3474.0
CORZ251219C00015000,15.0,-71730.0,空头平仓 Call，回补信号，看涨,2.966622578386369,CALL,0.0,71730.0,17215200.0,0.003345269645312854,10M-50M,2025-12-19,16.65999984741211,16.18000030517578,16.350000381469727,16.834999084472656,16.28030014038086,2.4,2.42,2.62,200.0,1.00391123046875,True,CORZ,2.15,0.11627906976744186,0.02966622578386369,5146132248.0,11.627906976744185,-71730.0
INTC260320C00040000,40.0,-35487.0,空头平仓 Call，回补信号，看涨,7.864711626618565,CALL,0.0,35487.0,17211195.0,0.0001107659114384732,10M-50M,2026-03-20,39.70500183105469,36.810001373291016,37.369998931884766,39.75,37.35499954223633,4.85,4.8,4.9,6070.0,0.5668988623046876,False,INTC,3.3,0.46969696969696967,0.07864711626618565,155383500000.0,46.96969696969697,-35487.0
TGT270115C00085000,85.0,-10235.0,空头平仓 Call，回补信号，看涨,1.7841822776137768,CALL,0.0,10235.0,17194800.0,0.0004307426290868794,10M-50M,2027-01-15,91.4021987915039,89.80000305175781,90.2750015258789,91.62000274658205,89.87210083007812,16.8,16.75,17.7,30.0,0.3834900518798828,True,TGT,16.28,0.031941031941031914,0.01784182277613777,39918965152.0,3.1941031941031914,-10235.0
BAC260618C00045000,45.0,-17359.0,空头平仓 Call，回补信号，看涨,1.7029574017326878,CALL,0.0,17359.0,17150692.0,4.434949706144999e-05,10M-50M,2026-06-18,53.89239883422852,52.9900016784668,53.11000061035156,53.900001525878906,53.04999923706055,9.88,10.2,10.6,1.0,0.3361882788085937,True,BAC,9.55,0.034554973821989535,0.017029574017326878,386716719160.0,3.4554973821989536,-17359.0
JPM260116C00300000,300.0,-8368.0,空头平仓 Call，回补信号，看涨,1.891813980470497,CALL,0.0,8368.0,17129296.0,1.9709525049959338e-05,10M-50M,2026-01-16,313.4599914550781,307.6400146484375,309.1000061035156,313.7200012207031,308.239990234375,20.47,20.0,20.7,45.0,0.2841868457031249,True,JPM,16.86,0.2141162514827995,0.01891813980470497,869087203095.0,21.41162514827995,-8368.0
MU251128C00210000,210.0,-6587.0,空头平仓 Call，回补信号，看涨,2.663250525055157,CALL,0.0,6587.0,17113026.0,9.723044797320359e-05,10M-50M,2025-11-28,236.39239501953125,230.25999450683597,235.6150054931641,238.1000061035156,233.47999572753903,25.98,25.7,27.1,42.0,0.8125018749999999,True,MU,21.51,0.207810320781032,0.026632505250551566,176004804634.0,20.781032078103202,-6587.0
MU251219C00230000,230.0,-8296.0,空头平仓 Call，回补信号，看涨,2.663250525055157,CALL,0.0,8296.0,17106352.0,9.719252855382252e-05,10M-50M,2025-12-19,236.39239501953125,230.25999450683597,235.6150054931641,238.1000061035156,233.47999572753903,20.62,20.25,20.75,235.0,0.7503687072753906,True,MU,17.78,0.15973003374578176,0.026632505250551566,176004804634.0,15.973003374578177,-8296.0
MSFT270115C00430000,430.0,-1656.0,空头平仓 Call，回补信号，看涨,1.235839340885685,CALL,0.0,1656.0,17098200.0,4.497434681766413e-06,10M-50M,2027-01-15,491.5,485.5,487.5950012207031,492.6300048828125,486.6499938964844,103.25,102.2,105.5,2.0,0.3628527460479737,True,MSFT,98.77,0.04535790219702343,0.012358393408856848,3801767276203.0,4.535790219702343,-1656.0
META260618C00550000,550.0,-1285.0,空头平仓 Call，回补信号，看涨,1.6982071012745705,CALL,0.0,1285.0,16995409.999999996,9.096211999196614e-06,10M-50M,2026-06-18,644.3699951171875,633.6099853515625,636.0750122070312,645.4500122070312,635.5,132.26,132.9,135.05,2.0,0.4479425323486328,True,META,126.2,0.0480190174326465,0.016982071012745705,1868405222031.0,4.80190174326465,-1285.0
MU260116C00180000,180.0,-2759.0,空头平仓 Call，回补信号，看涨,2.663250525055157,CALL,0.0,2759.0,16967850.0,9.640560685422453e-05,10M-50M,2026-01-16,236.39239501953125,230.25999450683597,235.6150054931641,238.1000061035156,233.47999572753903,61.5,60.55,62.55,8.0,0.7631859619140625,True,MU,58.42,0.05272167066073259,0.026632505250551566,176004804634.0,5.272167066073259,-2759.0
CRM260116P00260000,260.0,-5363.0,多头平仓 Put，减仓，看跌减弱,1.764194285755548,PUT,0.0,5363.0,16893450.0,7.289660513591296e-05,10M-50M,2026-01-16,232.1750030517578,228.1499938964844,229.0,232.55999755859372,228.625,31.5,31.5,32.0,13.0,0.3824524645996093,True,CRM,35.02,-0.1005139920045689,0.01764194285755548,231745360000.0,-10.05139920045689,-5363.0
MSFT261218C00480000,480.0,-2429.0,空头平仓 Call，回补信号，看涨,1.235839340885685,CALL,0.0,2429.0,16849973.0,4.432142152801327e-06,10M-50M,2026-12-18,491.5,485.5,487.5950012207031,492.6300048828125,486.6499938964844,69.37,69.7,71.75,28.0,0.3319463778686523,True,MSFT,67.3,0.030757800891530573,0.012358393408856848,3801767276203.0,3.0757800891530573,-2429.0
AMZN260618P00200000,200.0,-17012.0,多头平仓 Put，减仓，看跌减弱,1.3505852553862998,PUT,0.0,17012.0,16841880.0,7.185303538711344e-06,10M-50M,2026-06-18,232.2550048828125,229.16000366210935,231.34500122070312,232.7400054931641,230.22999572753903,9.9,9.75,9.85,11.0,0.3496769134521483,False,AMZN,10.5,-0.057142857142857106,0.013505852553862998,2343934380679.0,-5.714285714285711,-17012.0
INTC261218P00040000,40.0,-18573.0,多头平仓 Put，减仓，看跌减弱,7.864711626618565,PUT,0.0,18573.0,16715700.0,0.00010757705934027745,10M-50M,2026-12-18,39.70500183105469,36.810001373291016,37.369998931884766,39.75,37.35499954223633,9.0,7.75,8.25,91.0,0.5012256909179689,True,INTC,9.0,0.0,0.07864711626618565,155383500000.0,0.0,-18573.0
SOFI270115C00035000,35.0,-23052.0,空头平仓 Call，回补信号，看涨,2.825553919420712,CALL,0.0,23052.0,16712700.0,0.0004988172717963627,10M-50M,2027-01-15,29.295000076293945,28.489999771118164,28.790000915527344,29.46999931335449,28.45499992370605,7.25,7.1,7.35,210.0,0.7392604199218749,False,SOFI,6.8,0.06617647058823532,0.028255539194207122,33504653798.0,6.6176470588235325,-23052.0
COIN260116P00300000,300.0,-4320.0,多头平仓 Put，减仓，看跌减弱,3.2314633384228597,PUT,0.0,4320.0,16666560.0,0.00020751155508769536,10M-50M,2026-01-16,273.53240966796875,264.9700012207031,273.69000244140625,279.8599853515625,270.20001220703125,38.58,38.3,39.65,24.0,0.5533491931152343,True,COIN,46.62,-0.17245817245817244,0.032314633384228596,80316298497.0,-17.245817245817243,-4320.0
LULU270115P00200000,200.0,-3418.0,多头平仓 Put，减仓，看跌减弱,2.286470048525516,PUT,0.0,3418.0,16662750.0,0.0008329532983336896,10M-50M,2027-01-15,186.1000061035156,181.94000244140625,184.72000122070312,186.69000244140625,183.5,48.75,40.5,49.0,21.0,0.5149584637451172,True,LULU,48.75,0.0,0.02286470048525516,20004422857.0,0.0,-3418.0
ADBE251219P00350000,350.0,-4750.0,多头平仓 Put，减仓，看跌减弱,1.2944116941764112,PUT,0.0,4750.0,16653500.0,0.00011039710062815542,10M-50M,2025-12-19,321.6300048828125,317.5199890136719,317.7431945800781,322.1300048828125,317.5199890136719,35.06,32.7,37.25,12.0,0.5248460601806642,True,ADBE,37.45,-0.06381842456608813,0.012944116941764113,150850882000.0,-6.381842456608814,-4750.0
INTC271217C00030000,30.0,-9733.0,空头平仓 Call，回补信号，看涨,7.864711626618565,CALL,0.0,9733.0,16546100.0,0.0001064855663567882,10M-50M,2027-12-17,39.70500183105469,36.810001373291016,37.369998931884766,39.75,37.35499954223633,17.0,17.0,17.25,27.0,0.6057168334960938,True,INTC,15.05,0.12956810631229232,0.07864711626618565,155383500000.0,12.956810631229231,-9733.0
MU260116C00220000,220.0,-5093.0,空头平仓 Call，回补信号，看涨,2.663250525055157,CALL,0.0,5093.0,16542063.999999998,9.398643425899102e-05,10M-50M,2026-01-16,236.39239501953125,230.25999450683597,235.6150054931641,238.1000061035156,233.47999572753903,32.48,32.1,32.8,181.0,0.6949493395996094,True,MU,29.23,0.11118713650359208,0.026632505250551566,176004804634.0,11.118713650359208,-5093.0
NVDA260618P00130000,130.0,-30806.0,空头平仓 Put，回补，看跌信号减弱,-2.0083177586627814,PUT,0.0,30806.0,16388792.000000002,3.784925555719528e-06,10M-50M,2026-06-18,176.63980102539062,180.25999450683597,178.99000549316406,179.2899932861328,176.53140258789062,5.32,5.3,5.4,17.0,0.4657035852050781,False,NVDA,5.12,0.039062500000000035,-0.020083177586627813,4330017000000.0,3.9062500000000036,-30806.0
JPM251219C00230000,230.0,-1970.0,空头平仓 Call，回补信号，看涨,1.891813980470497,CALL,0.0,1970.0,16356910.0,1.882079259911968e-05,10M-50M,2025-12-19,313.4599914550781,307.6400146484375,309.1000061035156,313.7200012207031,308.239990234375,83.03,82.1,84.95,1.0,0.5019581054687501,True,JPM,79.04,0.05048076923076916,0.01891813980470497,869087203095.0,5.048076923076916,-1970.0
META270115P00600000,600.0,-2358.0,多头平仓 Put，减仓，看跌减弱,1.6982071012745705,PUT,0.0,2358.0,16355088.0,8.75350154621257e-06,10M-50M,2027-01-15,644.3699951171875,633.6099853515625,636.0750122070312,645.4500122070312,635.5,69.36,67.75,68.85,5.0,0.3398579808807372,False,META,71.36,-0.028026905829596414,0.016982071012745705,1868405222031.0,-2.8026905829596416,-2358.0
ORCL260220P00260000,260.0,-2593.0,空头平仓 Put，回补，看跌信号减弱,-1.7515668808947178,PUT,0.0,2593.0,16341086.000000002,2.028657663626333e-05,10M-50M,2026-02-20,201.3699951171875,204.9600067138672,199.50999450683597,202.33990478515625,197.6100006103516,63.02,62.15,64.0,15.0,0.514653291015625,True,ORCL,59.0,0.06813559322033903,-0.017515668808947178,805512250440.0,6.813559322033903,-2593.0
NVDA260220P00190000,190.0,-7977.0,空头平仓 Put，回补，看跌信号减弱,-2.0083177586627814,PUT,0.0,7977.0,16273079.999999998,3.7582023350023793e-06,10M-50M,2026-02-20,176.63980102539062,180.25999450683597,178.99000549316406,179.2899932861328,176.53140258789062,20.4,20.2,20.35,18.0,0.3568179553222655,True,NVDA,19.17,0.0641627543035992,-0.020083177586627813,4330017000000.0,6.416275430359921,-7977.0
NVDA270617C00210000,210.0,-4697.0,多头平仓 Call，减仓，看涨减弱,-2.0083177586627814,CALL,0.0,4697.0,16251620.000000002,3.7532462343681333e-06,10M-50M,2027-06-17,176.63980102539062,180.25999450683597,178.99000549316406,179.2899932861328,176.53140258789062,34.6,32.7,33.0,12.0,0.5053607814025878,False,NVDA,34.6,0.0,-0.020083177586627813,4330017000000.0,0.0,-4697.0
SOFI260918C00022000,22.0,-14609.0,空头平仓 Call，回补信号，看涨,2.825553919420712,CALL,0.0,14609.0,16215990.0,0.00048399216711106515,10M-50M,2026-09-18,29.295000076293945,28.489999771118164,28.790000915527344,29.46999931335449,28.45499992370605,11.1,11.1,11.5,14.0,0.7895528857421875,True,SOFI,10.75,0.032558139534883686,0.028255539194207122,33504653798.0,3.2558139534883686,-14609.0
CORZ260320C00017000,17.0,-48333.0,空头平仓 Call，回补信号，看涨,2.966622578386369,CALL,0.0,48333.0,16191555.000000002,0.003146354236483664,10M-50M,2026-03-20,16.65999984741211,16.18000030517578,16.350000381469727,16.834999084472656,16.28030014038086,3.35,3.3,3.4,88.0,0.9526371923828124,False,CORZ,3.26,0.027607361963190278,0.02966622578386369,5146132248.0,2.760736196319028,-48333.0
META260320P00700000,700.0,-1944.0,多头平仓 Put，减仓，看跌减弱,1.6982071012745705,PUT,0.0,1944.0,16189632.0,8.664946880421097e-06,10M-50M,2026-03-20,644.3699951171875,633.6099853515625,636.0750122070312,645.4500122070312,635.5,83.28,80.25,81.6,5.0,0.3280859428405762,True,META,84.66,-0.016300496102055227,0.016982071012745705,1868405222031.0,-1.6300496102055226,-1944.0
AMZN260116P00230000,230.0,-18725.0,多头平仓 Put，减仓，看跌减弱,1.3505852553862998,PUT,0.0,18725.0,16178400.0,6.902241006983045e-06,10M-50M,2026-01-16,232.2550048828125,229.16000366210935,231.34500122070312,232.7400054931641,230.22999572753903,8.64,8.55,8.65,145.0,0.2852244329833984,False,AMZN,10.0,-0.13599999999999995,0.013505852553862998,2343934380679.0,-13.599999999999996,-18725.0
NVDA270617P00150000,150.0,-7471.0,空头平仓 Put，回补，看跌信号减弱,-2.0083177586627814,PUT,0.0,7471.0,16100005.000000002,3.7182313602925814e-06,10M-50M,2027-06-17,176.63980102539062,180.25999450683597,178.99000549316406,179.2899932861328,176.53140258789062,21.55,21.3,21.55,7.0,0.4142819802856445,False,NVDA,21.1,0.021327014218009442,-0.020083177586627813,4330017000000.0,2.1327014218009444,-7471.0
META280121C00700000,700.0,-1107.0,空头平仓 Call，回补信号，看涨,1.6982071012745705,CALL,0.0,1107.0,16079175.0,8.605828548542357e-06,10M-50M,2028-01-21,644.3699951171875,633.6099853515625,636.0750122070312,645.4500122070312,635.5,145.25,142.05,144.45,12.0,0.4421213625335694,False,META,136.85,0.061381074168798,0.016982071012745705,1868405222031.0,6.1381074168798,-1107.0
MU251219C00210000,210.0,-4863.0,空头平仓 Call，回补信号，看涨,2.663250525055157,CALL,0.0,4863.0,16072215.0,9.131691054356152e-05,10M-50M,2025-12-19,236.39239501953125,230.25999450683597,235.6150054931641,238.1000061035156,233.47999572753903,33.05,32.6,34.0,25.0,0.7765525274658205,True,MU,30.0,0.10166666666666657,0.026632505250551566,176004804634.0,10.166666666666657,-4863.0
AMZN260618C00215000,215.0,-4437.0,空头平仓 Call，回补信号，看涨,1.3505852553862998,CALL,0.0,4437.0,16061940.000000002,6.8525553157111494e-06,10M-50M,2026-06-18,232.2550048828125,229.16000366210935,231.34500122070312,232.7400054931641,230.22999572753903,36.2,36.55,36.7,101.0,0.4106199075317382,True,AMZN,35.15,0.029871977240398414,0.013505852553862998,2343934380679.0,2.9871977240398415,-4437.0
MSFT251219C00425000,425.0,-2343.0,空头平仓 Call，回补信号，看涨,1.235839340885685,CALL,0.0,2343.0,15988631.999999998,4.205578837000402e-06,10M-50M,2025-12-19,491.5,485.5,487.5950012207031,492.6300048828125,486.6499938964844,68.24,67.95,69.8,1.0,0.5039112109375,True,MSFT,64.15,0.06375681995323443,0.012358393408856848,3801767276203.0,6.3756819953234425,-2343.0
META260918C00760000,760.0,-3227.0,空头平仓 Call，回补信号，看涨,1.6982071012745705,CALL,0.0,3227.0,15841343.000000002,8.47853710384094e-06,10M-50M,2026-09-18,644.3699951171875,633.6099853515625,636.0750122070312,645.4500122070312,635.5,49.09,52.35,53.25,23.0,0.4028074856567383,False,META,49.09,0.0,0.016982071012745705,1868405222031.0,0.0,-3227.0
BAC260618C00047000,47.0,-18492.0,空头平仓 Call，回补信号，看涨,1.7029574017326878,CALL,0.0,18492.0,15792168.0,4.083652766371902e-05,10M-50M,2026-06-18,53.89239883422852,52.9900016784668,53.11000061035156,53.900001525878906,53.04999923706055,8.54,8.6,8.95,1.0,0.3154365332031249,True,BAC,8.16,0.04656862745098027,0.017029574017326878,386716719160.0,4.656862745098027,-18492.0
MSFT261218C00475000,475.0,-2154.0,空头平仓 Call，回补信号，看涨,1.235839340885685,CALL,0.0,2154.0,15747894.0,4.1422561813747175e-06,10M-50M,2026-12-18,491.5,485.5,487.5950012207031,492.6300048828125,486.6499938964844,73.11,72.85,74.1,5.0,0.3320531883239746,True,MSFT,70.07,0.04338518624232919,0.012358393408856848,3801767276203.0,4.338518624232919,-2154.0
AMZN270115P00210000,210.0,-7766.0,多头平仓 Put，减仓，看跌减弱,1.3505852553862998,PUT,0.0,7766.0,15702851.999999998,6.69935648772349e-06,10M-50M,2027-01-15,232.2550048828125,229.16000366210935,231.34500122070312,232.7400054931641,230.22999572753903,20.22,20.0,20.4,1.0,0.3237830073547362,False,AMZN,20.8,-0.027884615384615473,0.013505852553862998,2343934380679.0,-2.788461538461547,-7766.0
BE260320C00090000,90.0,-4703.0,空头平仓 Call，回补信号，看涨,7.002175969111904,CALL,0.0,4703.0,15623366.0,0.0009494752643345915,10M-50M,2026-03-20,108.22200012207033,101.13999938964844,104.1999969482422,108.22200012207033,102.55120086669922,33.22,33.1,35.8,35.0,1.125248514404297,True,BE,31.0,0.07161290322580642,0.07002175969111904,16454737250.0,7.161290322580642,-4703.0
BMNR270115C00040000,40.0,-10448.0,空头平仓 Call，回补信号，看涨,6.301203282202088,CALL,0.0,10448.0,15619760.0,0.07187447644885929,10M-50M,2027-01-15,33.7400016784668,31.739999771118164,33.79999923706055,35.20000076293945,33.02000045776367,14.95,14.55,15.35,78.0,1.227909133911133,False,BMNR,12.89,0.15981380915438315,0.06301203282202088,217319983.0,15.981380915438315,-10448.0
MSFT251219C00500000,500.0,-20871.0,空头平仓 Call，回补信号，看涨,1.235839340885685,CALL,0.0,20871.0,15548895.000000002,4.089912367158202e-06,10M-50M,2025-12-19,491.5,485.5,487.5950012207031,492.6300048828125,486.6499938964844,7.45,7.35,7.55,707.0,0.2329788616943359,False,MSFT,5.6,0.33035714285714296,0.012358393408856848,3801767276203.0,33.0357142857143,-20871.0
AMZN260116C00235000,235.0,-16481.0,空头平仓 Call，回补信号，看涨,1.3505852553862998,CALL,0.0,16481.0,15492140.0,6.609459773149527e-06,10M-50M,2026-01-16,232.2550048828125,229.16000366210935,231.34500122070312,232.7400054931641,230.22999572753903,9.4,9.35,9.45,468.0,0.3125068749999999,False,AMZN,8.4,0.11904761904761904,0.013505852553862998,2343934380679.0,11.904761904761903,-16481.0
MSFT261218C00365000,365.0,-1142.0,空头平仓 Call，回补信号，看涨,1.235839340885685,CALL,0.0,1142.0,15461537.999999998,4.066934369386794e-06,10M-50M,2026-12-18,491.5,485.5,487.5950012207031,492.6300048828125,486.6499938964844,135.39,149.4,152.45,1.0,0.417425259399414,True,MSFT,135.39,0.0,0.012358393408856848,3801767276203.0,0.0,-1142.0
NVDA260918P00190000,190.0,-4676.0,空头平仓 Put，回补，看跌信号减弱,-2.0083177586627814,PUT,0.0,4676.0,15337279.999999998,3.542083091128741e-06,10M-50M,2026-09-18,176.63980102539062,180.25999450683597,178.99000549316406,179.2899932861328,176.53140258789062,32.8,32.3,32.55,7.0,0.3873962628173828,True,NVDA,31.7,0.034700315457413186,-0.020083177586627813,4330017000000.0,3.4700315457413184,-4676.0
NVDA260116P00165000,165.0,-28917.0,空头平仓 Put，回补，看跌信号减弱,-2.0083177586627814,PUT,0.0,28917.0,15326010.0,3.5394803299848476e-06,10M-50M,2026-01-16,176.63980102539062,180.25999450683597,178.99000549316406,179.2899932861328,176.53140258789062,5.3,5.3,5.35,1208.0,0.4021666229248046,False,NVDA,4.91,0.07942973523421581,-0.020083177586627813,4330017000000.0,7.942973523421582,-28917.0
NVDA260116C00128000,128.0,-2867.0,多头平仓 Call，减仓，看涨减弱,-2.0083177586627814,CALL,0.0,2867.0,15315514.000000002,3.537056321025992e-06,10M-50M,2026-01-16,176.63980102539062,180.25999450683597,178.99000549316406,179.2899932861328,176.53140258789062,53.42,50.85,51.4,2.0,0.7448755981445312,True,NVDA,53.42,0.0,-0.020083177586627813,4330017000000.0,0.0,-2867.0
NVDA260116P00195000,195.0,-7343.0,空头平仓 Put，回补，看跌信号减弱,-2.0083177586627814,PUT,0.0,7343.0,15310155.000000002,3.535818681543283e-06,10M-50M,2026-01-16,176.63980102539062,180.25999450683597,178.99000549316406,179.2899932861328,176.53140258789062,20.85,20.85,20.95,22.0,0.3265448205566406,True,NVDA,19.45,0.07197943444730089,-0.020083177586627813,4330017000000.0,7.197943444730089,-7343.0
MSFT261218C00370000,370.0,-1176.0,空头平仓 Call，回补信号，看涨,1.235839340885685,CALL,0.0,1176.0,15288000.0,4.02128770366734e-06,10M-50M,2026-12-18,491.5,485.5,487.5950012207031,492.6300048828125,486.6499938964844,130.0,145.25,148.4,10.0,0.412618788909912,True,MSFT,130.0,0.0,0.012358393408856848,3801767276203.0,0.0,-1176.0
NVDA251128P00190000,190.0,-12413.0,空头平仓 Put，回补，看跌信号减弱,-2.0083177586627814,PUT,0.0,12413.0,15243163.999999998,3.5203473796985087e-06,10M-50M,2025-11-28,176.63980102539062,180.25999450683597,178.99000549316406,179.2899932861328,176.53140258789062,12.28,12.3,12.4,940.0,1.0000000000000004e-05,True,NVDA,9.8,0.2530612244897958,-0.020083177586627813,4330017000000.0,25.30612244897958,-12413.0
COIN260320P00340000,340.0,-1876.0,多头平仓 Put，减仓，看跌减弱,3.2314633384228597,PUT,0.0,1876.0,15236872.0,0.00018971083435286964,10M-50M,2026-03-20,273.53240966796875,264.9700012207031,273.69000244140625,279.8599853515625,270.20001220703125,81.22,78.05,80.55,5.0,0.5468184967041017,True,COIN,110.67,-0.2661064425770308,0.032314633384228596,80316298497.0,-26.610644257703083,-1876.0
META260220P00650000,650.0,-3341.0,多头平仓 Put，减仓，看跌减弱,1.6982071012745705,PUT,0.0,3341.0,15201550.0,8.136109780016328e-06,10M-50M,2026-02-20,644.3699951171875,633.6099853515625,636.0750122070312,645.4500122070312,635.5,45.5,45.3,45.7,24.0,0.3442600975036621,True,META,50.46,-0.09829567974633374,0.016982071012745705,1868405222031.0,-9.829567974633374,-3341.0
RKLB270115C00035000,35.0,-8328.0,空头平仓 Call，回补信号，看涨,1.2761722529130624,CALL,0.0,8328.0,15140304.0,0.000682764699914367,10M-50M,2027-01-15,42.4650993347168,41.93000030517578,42.5,42.65999984741211,41.79999923706055,18.18,18.05,18.85,15.0,0.913086806640625,True,RKLB,18.18,0.0,0.012761722529130623,22174995283.0,0.0,-8328.0
DIS270115C00100000,100.0,-9327.0,空头平仓 Call，回补信号，看涨,1.1602020155675508,CALL,0.0,9327.0,15109740.0,7.406315892202047e-05,10M-50M,2027-01-15,104.62999725341795,103.43000030517578,103.3000030517578,104.62999725341795,103.25,16.2,16.05,16.75,4.0,0.3309393078613281,True,DIS,15.9,0.01886792452830182,0.011602020155675507,204011552031.0,1.886792452830182,-9327.0
MU261218C00220000,220.0,-2139.0,空头平仓 Call，回补信号，看涨,2.663250525055157,CALL,0.0,2139.0,15079950.0,8.567919512969312e-05,10M-50M,2026-12-18,236.39239501953125,230.25999450683597,235.6150054931641,238.1000061035156,233.47999572753903,70.5,69.1,71.05,2.0,0.670474486694336,True,MU,68.14,0.03463457587320222,0.026632505250551566,176004804634.0,3.463457587320222,-2139.0
MSTR251205C00187500,187.5,30108.0,多头买 Call，看涨,2.2204474550426503,CALL,39286.0,9178.0,15054000.0,0.00017178092861018076,10M-50M,2025-12-05,179.5399932861328,175.63999938964844,182.94500732421875,187.2790069580078,178.6999969482422,5.0,4.85,5.1,2796.0,0.7780783911132813,False,MSTR,4.0,0.25,0.0222044745504265,87634873800.0,25.0,30108.0
META260220P00700000,700.0,-1931.0,多头平仓 Put，减仓，看跌减弱,1.6982071012745705,PUT,0.0,1931.0,15000008.000000002,8.028241316781722e-06,10M-50M,2026-02-20,644.3699951171875,633.6099853515625,636.0750122070312,645.4500122070312,635.5,77.68,75.65,76.9,4.0,0.3373174179077148,True,META,80.6,-0.03622828784119091,0.016982071012745705,1868405222031.0,-3.622828784119091,-1931.0
MSTR260116C00145000,145.0,-3241.0,空头平仓 Call，回补信号，看涨,2.2204474550426503,CALL,0.0,3241.0,14986384.0,0.00017100936362619604,10M-50M,2026-01-16,179.5399932861328,175.63999938964844,182.94500732421875,187.2790069580078,178.6999969482422,46.24,43.45,45.4,4.0,0.9808351525878908,True,MSTR,41.3,0.1196125907990316,0.0222044745504265,87634873800.0,11.96125907990316,-3241.0
JPM260116C00250000,250.0,-2525.0,空头平仓 Call，回补信号，看涨,1.891813980470497,CALL,0.0,2525.0,14897500.0,1.714154799075042e-05,10M-50M,2026-01-16,313.4599914550781,307.6400146484375,309.1000061035156,313.7200012207031,308.239990234375,59.0,63.3,66.55,1.0,0.5159960510253907,True,JPM,59.0,0.0,0.01891813980470497,869087203095.0,0.0,-2525.0
C260116C00082500,82.5,-6937.0,空头平仓 Call，回补信号，看涨,1.760975907488567,CALL,0.0,6937.0,14859054.0,7.80471278788182e-05,10M-50M,2026-01-16,104.30500030517578,102.5,102.8000030517578,104.30500030517578,102.51000213623048,21.42,21.9,22.75,10.0,0.5173388110351562,True,C,21.42,0.0,0.01760975907488567,190385660611.0,0.0,-6937.0
SNOW261218C00210000,210.0,-2023.0,空头平仓 Call，回补信号，看涨,1.500038475269863,CALL,0.0,2023.0,14814429.0,0.00019465000750512113,10M-50M,2026-12-18,252.38999938964844,248.66000366210935,249.6499938964844,254.0,248.84500122070312,73.23,74.5,79.5,2.0,0.5697064514160157,True,SNOW,73.23,0.0,0.015000384752698631,76108032000.0,0.0,-2023.0
SOFI270115C00022000,22.0,-11902.0,空头平仓 Call，回补信号，看涨,2.825553919420712,CALL,0.0,11902.0,14734676.0,0.00043977998068076024,10M-50M,2027-01-15,29.295000076293945,28.489999771118164,28.790000915527344,29.46999931335449,28.45499992370605,12.38,12.25,12.6,104.0,0.7868673657226561,True,SOFI,11.94,0.03685092127303193,0.028255539194207122,33504653798.0,3.6850921273031934,-11902.0
ORCL260618P00240000,240.0,-2802.0,空头平仓 Put，回补，看跌信号减弱,-1.7515668808947178,PUT,0.0,2802.0,14696490.0,1.8244899431352216e-05,10M-50M,2026-06-18,201.3699951171875,204.9600067138672,199.50999450683597,202.33990478515625,197.6100006103516,52.45,53.8,54.8,3.0,0.4884999880981446,True,ORCL,52.45,0.0,-0.017515668808947178,805512250440.0,0.0,-2802.0
IBM260116C00270000,270.0,-3758.0,空头平仓 Call，回补信号，看涨,1.3785901887005145,CALL,0.0,3758.0,14686263.999999998,5.545329606572379e-05,10M-50M,2026-01-16,307.3900146484375,303.2099914550781,304.0599975585937,309.1300048828125,303.6000061035156,39.08,41.05,42.9,6.0,0.4348811395263672,True,IBM,37.8,0.03386243386243389,0.013785901887005144,264840235693.0,3.386243386243389,-3758.0
META260918P00580000,580.0,-3012.0,多头平仓 Put，减仓，看跌减弱,1.6982071012745705,PUT,0.0,3012.0,14683500.0,7.858841233615636e-06,10M-50M,2026-09-18,644.3699951171875,633.6099853515625,636.0750122070312,645.4500122070312,635.5,48.75,47.7,48.4,1.0,0.3493641114044189,False,META,50.87,-0.04167485747985055,0.016982071012745705,1868405222031.0,-4.167485747985055,-3012.0
INTC260618C00045000,45.0,-30878.0,空头平仓 Call，回补信号，看涨,7.864711626618565,CALL,0.0,30878.0,14667050.0,9.439258351111927e-05,10M-50M,2026-06-18,39.70500183105469,36.810001373291016,37.369998931884766,39.75,37.35499954223633,4.75,4.7,4.95,400.0,0.573368524169922,False,INTC,3.5,0.35714285714285715,0.07864711626618565,155383500000.0,35.714285714285715,-30878.0
META261218C00520000,520.0,-805.0,空头平仓 Call，回补信号，看涨,1.6982071012745705,CALL,0.0,805.0,14634900.0,7.832829745622056e-06,10M-50M,2026-12-18,644.3699951171875,633.6099853515625,636.0750122070312,645.4500122070312,635.5,181.8,180.2,183.0,1.0,0.4657264731597901,True,META,174.2,0.04362801377726764,0.016982071012745705,1868405222031.0,4.362801377726764,-805.0
SNDK251219C00175000,175.0,-2815.0,空头平仓 Call，回补信号，看涨,4.747957139433931,CALL,0.0,2815.0,14632369.999999998,0.0010333131377180287,10M-50M,2025-12-19,225.25,215.0399932861328,225.3999938964844,237.7698974609375,211.72999572753903,51.98,52.8,55.5,2300.0,1.0026905334472658,True,SNDK,46.15,0.1263271939328277,0.0474795713943393,14160634822.0,12.632719393282771,-2815.0
IBM260116C00250000,250.0,-2399.0,空头平仓 Call，回补信号，看涨,1.3785901887005145,CALL,0.0,2399.0,14626703.0,5.522840199007797e-05,10M-50M,2026-01-16,307.3900146484375,303.2099914550781,304.0599975585937,309.1300048828125,303.6000061035156,60.97,59.8,61.0,7.0,0.5095263891601562,True,IBM,54.9,0.11056466302367943,0.013785901887005144,264840235693.0,11.056466302367943,-2399.0
NVDA261218C00220000,220.0,-6824.0,多头平仓 Call，减仓，看涨减弱,-2.0083177586627814,CALL,0.0,6824.0,14576063.999999998,3.3662833194419327e-06,10M-50M,2026-12-18,176.63980102539062,180.25999450683597,178.99000549316406,179.2899932861328,176.53140258789062,21.36,21.2,21.4,27.0,0.4903920590209961,False,NVDA,22.65,-0.056953642384105926,-0.020083177586627813,4330017000000.0,-5.695364238410592,-6824.0
BA260618P00210000,210.0,-4077.0,多头平仓 Put，减仓，看跌减弱,1.3107195443195907,PUT,0.0,4077.0,14534504.999999998,8.687302843567721e-05,10M-50M,2026-06-18,189.3699951171875,186.9199981689453,187.8699951171875,189.7400054931641,186.91000366210935,35.65,28.65,29.65,27.0,0.2943490975952147,True,BA,35.65,0.0,0.013107195443195907,167307451596.0,0.0,-4077.0
MU260220C00250000,250.0,-5918.0,空头平仓 Call，回补信号，看涨,2.663250525055157,CALL,0.0,5918.0,14469510.0,8.221088072049614e-05,10M-50M,2026-02-20,236.39239501953125,230.25999450683597,235.6150054931641,238.1000061035156,233.47999572753903,24.45,24.1,24.95,60.0,0.6618686157226563,False,MU,21.9,0.1164383561643836,0.026632505250551566,176004804634.0,11.64383561643836,-5918.0
AMZN270617C00260000,260.0,-4019.0,空头平仓 Call，回补信号，看涨,1.3505852553862998,CALL,0.0,4019.0,14448305.000000002,6.164125207214445e-06,10M-50M,2027-06-17,232.2550048828125,229.16000366210935,231.34500122070312,232.7400054931641,230.22999572753903,35.95,36.0,36.25,11.0,0.4039061074829102,False,AMZN,35.75,0.005594405594405674,0.013505852553862998,2343934380679.0,0.5594405594405674,-4019.0
ORCL260618P00200000,200.0,-4893.0,空头平仓 Put，回补，看跌信号减弱,-1.7515668808947178,PUT,0.0,4893.0,14439243.000000002,1.7925541159818195e-05,10M-50M,2026-06-18,201.3699951171875,204.9600067138672,199.50999450683597,202.33990478515625,197.6100006103516,29.51,29.15,29.55,8.0,0.5058337991333007,False,ORCL,27.94,0.056191839656406596,-0.017515668808947178,805512250440.0,5.6191839656406595,-4893.0
ORCL260417P00250000,250.0,-2417.0,空头平仓 Put，回补，看跌信号减弱,-1.7515668808947178,PUT,0.0,2417.0,14315891.0,1.7772406306893707e-05,10M-50M,2026-04-17,201.3699951171875,204.9600067138672,199.50999450683597,202.33990478515625,197.6100006103516,59.23,57.95,58.35,10.0,0.4940846490478516,True,ORCL,55.0,0.07690909090909086,-0.017515668808947178,805512250440.0,7.690909090909086,-2417.0
COIN251219P00300000,300.0,-4459.0,多头平仓 Put，减仓，看跌减弱,3.2314633384228597,PUT,0.0,4459.0,14268800.0,0.00017765758964269216,10M-50M,2025-12-19,273.53240966796875,264.9700012207031,273.69000244140625,279.8599853515625,270.20001220703125,32.0,31.4,32.4,44.0,0.5410202148437502,True,COIN,40.41,-0.20811680277159111,0.032314633384228596,80316298497.0,-20.811680277159113,-4459.0
PANW260116C00170000,170.0,-6206.0,空头平仓 Call，回补信号，看涨,2.6598287097050006,CALL,0.0,6206.0,14261388.0,0.00010535483419667995,10M-50M,2026-01-16,190.27999877929688,185.3500061035156,187.1999969482422,190.7700042724609,186.9499969482422,22.98,22.55,23.6,3.0,0.3944152355957031,True,PANW,19.9,0.15477386934673376,0.026598287097050005,135365293000.0,15.477386934673376,-6206.0
C260618C00075000,75.0,-4876.0,空头平仓 Call，回补信号，看涨,1.760975907488567,CALL,0.0,4876.0,14247672.0,7.483584611506611e-05,10M-50M,2026-06-18,104.30500030517578,102.5,102.8000030517578,104.30500030517578,102.51000213623048,29.22,29.25,31.8,1.0,0.4475152905273437,True,C,29.22,0.0,0.01760975907488567,190385660611.0,0.0,-4876.0
GS261218C00600000,600.0,-626.0,空头平仓 Call，回补信号，看涨,1.6255945992926593,CALL,0.0,626.0,14241500.0,5.8622265768896e-05,10M-50M,2026-12-18,829.2750244140625,816.010009765625,820.0,830.5700073242188,818.9500122070312,227.5,255.0,264.0,2.0,0.397192307434082,True,GS,227.5,0.0,0.016255945992926592,242936703541.0,0.0,-626.0
NVDA260918C00145000,145.0,-2847.0,多头平仓 Call，减仓，看涨减弱,-2.0083177586627814,CALL,0.0,2847.0,14235000.0,3.2875159612537317e-06,10M-50M,2026-09-18,176.63980102539062,180.25999450683597,178.99000549316406,179.2899932861328,176.53140258789062,50.0,49.45,49.85,1.0,0.5499312585449221,True,NVDA,52.15,-0.04122722914669221,-0.020083177586627813,4330017000000.0,-4.122722914669221,-2847.0
INTC261218C00033000,33.0,-11650.0,空头平仓 Call，回补信号，看涨,7.864711626618565,CALL,0.0,11650.0,14213000.0,9.147045857507393e-05,10M-50M,2026-12-18,39.70500183105469,36.810001373291016,37.369998931884766,39.75,37.35499954223633,12.2,12.2,12.95,33.0,0.6024209680175783,True,INTC,10.45,0.1674641148325359,0.07864711626618565,155383500000.0,16.74641148325359,-11650.0
INTC260618C00038000,38.0,-18820.0,空头平仓 Call，回补信号，看涨,7.864711626618565,CALL,0.0,18820.0,14115000.0,9.083976097848227e-05,10M-50M,2026-06-18,39.70500183105469,36.810001373291016,37.369998931884766,39.75,37.35499954223633,7.5,7.25,7.5,9.0,0.5651898950195313,True,INTC,5.75,0.30434782608695654,0.07864711626618565,155383500000.0,30.434782608695656,-18820.0
NVDA260320P00210000,210.0,-3802.0,空头平仓 Put，回补，看跌信号减弱,-2.0083177586627814,PUT,0.0,3802.0,14105420.000000002,3.25758998174834e-06,10M-50M,2026-03-20,176.63980102539062,180.25999450683597,178.99000549316406,179.2899932861328,176.53140258789062,37.1,36.9,37.25,3.0,0.352545537109375,True,NVDA,35.45,0.04654442877291956,-0.020083177586627813,4330017000000.0,4.654442877291956,-3802.0
QCOM251219P00175000,175.0,-11996.0,多头平仓 Put，减仓，看跌减弱,1.3322011362318626,PUT,0.0,11996.0,14095300.0,7.72062609412007e-05,10M-50M,2025-12-19,167.33999633789062,165.13999938964844,165.02999877929688,167.52999877929688,164.1300048828125,11.75,9.45,11.4,1.0,0.41211525390625,True,QCOM,11.75,0.0,0.013322011362318626,182566800000.0,0.0,-11996.0
AMZN260618C00195000,195.0,-2786.0,空头平仓 Call，回补信号，看涨,1.3505852553862998,CALL,0.0,2786.0,14069300.0,6.002429127697829e-06,10M-50M,2026-06-18,232.2550048828125,229.16000366210935,231.34500122070312,232.7400054931641,230.22999572753903,50.5,50.05,50.4,1.0,0.4420526986694336,True,AMZN,49.33,0.023717818771538654,0.013505852553862998,2343934380679.0,2.3717818771538655,-2786.0
INTC260116C00045000,45.0,-94840.0,空头平仓 Call，回补信号，看涨,7.864711626618565,CALL,0.0,94840.0,14036320.000000002,9.033340090807584e-05,10M-50M,2026-01-16,39.70500183105469,36.810001373291016,37.369998931884766,39.75,37.35499954223633,1.48,1.47,1.48,2505.0,0.5620160986328125,False,INTC,0.7,1.1142857142857143,0.07864711626618565,155383500000.0,111.42857142857143,-94840.0
META260320C00600000,600.0,-1741.0,空头平仓 Call，回补信号，看涨,1.6982071012745705,CALL,0.0,1741.0,14015050.0,7.501076230543455e-06,10M-50M,2026-03-20,644.3699951171875,633.6099853515625,636.0750122070312,645.4500122070312,635.5,80.5,79.6,81.0,29.0,0.4066374034118652,True,META,73.74,0.09167344724708443,0.016982071012745705,1868405222031.0,9.167344724708443,-1741.0
META271217C00550000,550.0,-682.0,空头平仓 Call，回补信号，看涨,1.6982071012745705,CALL,0.0,682.0,13994640.0,7.490152476017756e-06,10M-50M,2027-12-17,644.3699951171875,633.6099853515625,636.0750122070312,645.4500122070312,635.5,205.2,204.65,209.1,1.0,0.4705939781951904,True,META,200.58,0.023033203709243073,0.016982071012745705,1868405222031.0,2.303320370924307,-682.0
JNJ260116C00180000,180.0,-5120.0,多头平仓 Call，减仓，看涨减弱,-1.3361438637112688,CALL,0.0,5120.0,13885440.0,3.20826184588005e-05,10M-50M,2026-01-16,204.7866973876953,207.55999755859372,207.0,207.4550018310547,204.72000122070312,27.12,25.85,27.85,5.0,0.4030821411132813,True,JNJ,29.0,-0.06482758620689652,-0.013361438637112687,432802578687.0,-6.482758620689652,-5120.0
NVDA260918C00135000,135.0,-2458.0,多头平仓 Call，减仓，看涨减弱,-2.0083177586627814,CALL,0.0,2458.0,13882784.0,3.206173093546746e-06,10M-50M,2026-09-18,176.63980102539062,180.25999450683597,178.99000549316406,179.2899932861328,176.53140258789062,56.48,56.25,56.65,8.0,0.569614899597168,True,NVDA,59.05,-0.043522438611346324,-0.020083177586627813,4330017000000.0,-4.352243861134633,-2458.0
META270115P00500000,500.0,-4245.0,多头平仓 Put，减仓，看跌减弱,1.6982071012745705,PUT,0.0,4245.0,13838700.0,7.406690923801321e-06,10M-50M,2027-01-15,644.3699951171875,633.6099853515625,636.0750122070312,645.4500122070312,635.5,32.6,32.5,33.15,14.0,0.361761753540039,False,META,34.3,-0.04956268221574332,0.016982071012745705,1868405222031.0,-4.956268221574332,-4245.0
CIFR270115C00020000,20.0,-13963.0,空头平仓 Call，回补信号，看涨,9.582250800912103,CALL,0.0,13963.0,13823370.000000002,0.003064401898836326,10M-50M,2027-01-15,20.98500061035156,19.149999618530277,19.549999237060547,21.0,19.459999084472656,9.9,9.0,10.0,219.0,1.092289694824219,True,CIFR,8.7,0.13793103448275876,0.09582250800912102,4510952041.0,13.793103448275875,-13963.0
NVDA260417C00190000,190.0,-8903.0,多头平仓 Call，减仓，看涨减弱,-2.0083177586627814,CALL,0.0,8903.0,13817456.0,3.19108585485923e-06,10M-50M,2026-04-17,176.63980102539062,180.25999450683597,178.99000549316406,179.2899932861328,176.53140258789062,15.52,15.5,15.55,396.0,0.4763235961914062,False,NVDA,17.1,-0.09239766081871355,-0.020083177586627813,4330017000000.0,-9.239766081871355,-8903.0
NVDA270617P00180000,180.0,-3919.0,空头平仓 Put，回补，看跌信号减弱,-2.0083177586627814,PUT,0.0,3919.0,13806637.0,3.1885872503502875e-06,10M-50M,2027-06-17,176.63980102539062,180.25999450683597,178.99000549316406,179.2899932861328,176.53140258789062,35.23,35.7,36.0,107.0,0.3908752319335937,True,NVDA,35.23,0.0,-0.020083177586627813,4330017000000.0,0.0,-3919.0
BAC270115C00040000,40.0,-8671.0,空头平仓 Call，回补信号，看涨,1.7029574017326878,CALL,0.0,8671.0,13786890.0,3.5651135099477864e-05,10M-50M,2027-01-15,53.89239883422852,52.9900016784668,53.11000061035156,53.900001525878906,53.04999923706055,15.9,15.7,16.25,8.0,0.3706117626953125,True,BAC,15.2,0.04605263157894744,0.017029574017326878,386716719160.0,4.605263157894744,-8671.0
XP270115C00020000,20.0,-35329.0,空头平仓 Call，回补信号，看涨,4.1120997440416085,CALL,0.0,35329.0,13778310.0,0.0013651606916124809,10M-50M,2027-01-15,19.875,19.09000015258789,19.36000061035156,19.8799991607666,19.200000762939453,3.9,3.6,4.3,1.0,0.5214891601562499,False,XP,3.7,0.05405405405405398,0.041120997440416085,10092811846.0,5.405405405405398,-35329.0
INTC260116C00033000,33.0,-18610.0,空头平仓 Call，回补信号，看涨,7.864711626618565,CALL,0.0,18610.0,13771400.0,8.862845797655478e-05,10M-50M,2026-01-16,39.70500183105469,36.810001373291016,37.369998931884766,39.75,37.35499954223633,7.4,7.35,7.6,33.0,0.5625043750000001,True,INTC,5.31,0.39359698681732597,0.07864711626618565,155383500000.0,39.359698681732596,-18610.0
META251128C00610000,610.0,-4055.0,空头平仓 Call，回补信号，看涨,1.6982071012745705,CALL,0.0,4055.0,13726175.0,7.346465765643348e-06,10M-50M,2025-11-28,644.3699951171875,633.6099853515625,636.0750122070312,645.4500122070312,635.5,33.85,33.9,34.4,332.0,0.437505625,True,META,23.9,0.41631799163179933,0.016982071012745705,1868405222031.0,41.631799163179934,-4055.0
COIN251128C00255000,255.0,-6662.0,空头平仓 Call，回补信号，看涨,3.2314633384228597,CALL,0.0,6662.0,13717057.999999998,0.00017078797525152834,10M-50M,2025-11-28,273.53240966796875,264.9700012207031,273.69000244140625,279.8599853515625,270.20001220703125,20.59,19.5,20.8,178.0,1.3491243481445312,True,COIN,10.7,0.9242990654205608,0.032314633384228596,80316298497.0,92.42990654205609,-6662.0
WDC280121P00120000,120.0,4032.0,空头卖 Put，看涨/看不跌,3.1000375423851207,PUT,4032.0,0.0,13708800.0,0.00036971834149741466,10M-50M,2028-01-21,162.6300048828125,157.74000549316406,160.0,162.68499755859375,156.7899932861328,34.0,28.0,32.0,4.0,0.6091958026123048,False,WDC,34.0,0.0,0.031000375423851208,37079036827.0,0.0,4032.0
AMZN271217P00220000,220.0,-3987.0,多头平仓 Put，减仓，看跌减弱,1.3505852553862998,PUT,0.0,3987.0,13683384.0,5.837784586800653e-06,10M-50M,2027-12-17,232.2550048828125,229.16000366210935,231.34500122070312,232.7400054931641,230.22999572753903,34.32,33.9,34.6,4.0,0.3156043782043456,False,AMZN,34.99,-0.019148328093741118,0.013505852553862998,2343934380679.0,-1.9148328093741118,-3987.0
GS260116C00620000,620.0,-683.0,空头平仓 Call，回补信号，看涨,1.6255945992926593,CALL,0.0,683.0,13641559.0,5.6152729501813375e-05,10M-50M,2026-01-16,829.2750244140625,816.010009765625,820.0,830.5700073242188,818.9500122070312,199.73,207.6,212.6,4.0,0.5009815527343751,True,GS,199.73,0.0,0.016255945992926592,242936703541.0,0.0,-683.0
AMZN251219C00190000,190.0,-3186.0,空头平仓 Call，回补信号，看涨,1.3505852553862998,CALL,0.0,3186.0,13636079.999999998,5.817603134457137e-06,10M-50M,2025-12-19,232.2550048828125,229.16000366210935,231.34500122070312,232.7400054931641,230.22999572753903,42.8,42.55,42.75,6.0,0.4985401708984375,True,AMZN,40.4,0.059405940594059375,0.013505852553862998,2343934380679.0,5.940594059405938,-3186.0
GS251219C00700000,700.0,-1120.0,空头平仓 Call，回补信号，看涨,1.6255945992926593,CALL,0.0,1120.0,13615840.0,5.604686241946178e-05,10M-50M,2025-12-19,829.2750244140625,816.010009765625,820.0,830.5700073242188,818.9500122070312,121.57,126.95,131.85,5.0,0.4622856506347657,True,GS,118.0,0.030254237288135536,0.016255945992926592,242936703541.0,3.0254237288135535,-1120.0
MSFT260618C00415000,415.0,-1458.0,空头平仓 Call，回补信号，看涨,1.235839340885685,CALL,0.0,1458.0,13588560.0,3.5742745446458578e-06,10M-50M,2026-06-18,491.5,485.5,487.5950012207031,492.6300048828125,486.6499938964844,93.2,95.3,97.85,1.0,0.3779511668395995,True,MSFT,93.2,0.0,0.012358393408856848,3801767276203.0,0.0,-1458.0
IONQ260417C00040000,40.0,-8768.0,空头平仓 Call，回补信号，看涨,5.074620844318565,CALL,0.0,8768.0,13572864.000000002,0.0006796202589536709,10M-50M,2026-04-17,49.27999877929688,46.900001525878906,47.70000076293945,49.5,47.56999969482422,15.48,14.9,16.05,6.0,0.9348151049804688,True,IONQ,13.8,0.12173913043478259,0.05074620844318565,19971246915.0,12.173913043478258,-8768.0
NVDA260220C00195000,195.0,-16732.0,多头平仓 Call，减仓，看涨减弱,-2.0083177586627814,CALL,0.0,16732.0,13552919.999999998,3.1299923302841533e-06,10M-50M,2026-02-20,176.63980102539062,180.25999450683597,178.99000549316406,179.2899932861328,176.53140258789062,8.1,8.0,8.1,408.0,0.4367121759033203,False,NVDA,9.3,-0.12903225806451624,-0.020083177586627813,4330017000000.0,-12.903225806451623,-16732.0
JPM260116C00290000,290.0,-5631.0,空头平仓 Call，回补信号，看涨,1.891813980470497,CALL,0.0,5631.0,13486244.999999998,1.55177120914595e-05,10M-50M,2026-01-16,313.4599914550781,307.6400146484375,309.1000061035156,313.7200012207031,308.239990234375,23.95,26.4,28.95,2.0,0.320197227783203,True,JPM,23.95,0.0,0.01891813980470497,869087203095.0,0.0,-5631.0
RBLX260116C00075000,75.0,-6837.0,空头平仓 Call，回补信号，看涨,3.0725733684363905,CALL,0.0,6837.0,13482563.999999998,0.00014399849932951561,10M-50M,2026-01-16,95.5792007446289,92.7300033569336,93.61000061035156,95.64869689941406,93.0749969482422,19.72,20.05,22.65,1.0,0.5151415673828125,True,RBLX,19.72,0.0,0.030725733684363904,93629892414.0,0.0,-6837.0
WULF260116C00012000,12.0,-29952.0,空头平仓 Call，回补信号，看涨,6.7048509119157105,CALL,0.0,29952.0,13478400.0,0.003175450854816226,10M-50M,2026-01-16,15.835000038146973,14.84000015258789,15.130000114440918,15.984999656677246,15.130000114440918,4.5,4.4,4.6,770.0,0.99804689453125,True,WULF,3.93,0.14503816793893126,0.06704850911915711,4244562620.0,14.503816793893126,-29952.0
MU260116C00210000,210.0,-3520.0,空头平仓 Call，回补信号，看涨,2.663250525055157,CALL,0.0,3520.0,13471040.000000002,7.653791058723015e-05,10M-50M,2026-01-16,236.39239501953125,230.25999450683597,235.6150054931641,238.1000061035156,233.47999572753903,38.27,37.65,39.8,9.0,0.7060576269531251,True,MU,35.0,0.09342857142857151,0.026632505250551566,176004804634.0,9.34285714285715,-3520.0
NVDA260515P00140000,140.0,-21867.0,空头平仓 Put，回补，看跌信号减弱,-2.0083177586627814,PUT,0.0,21867.0,13448205.000000002,3.105808822459589e-06,10M-50M,2026-05-15,176.63980102539062,180.25999450683597,178.99000549316406,179.2899932861328,176.53140258789062,6.15,6.05,6.15,763.0,0.4494073614501953,False,NVDA,5.9,0.0423728813559322,-0.020083177586627813,4330017000000.0,4.23728813559322,-21867.0
SE251219C00130000,130.0,-13935.0,空头平仓 Call，回补信号，看涨,3.67942994452806,CALL,0.0,13935.0,13447275.0,0.0001230589810044483,10M-50M,2025-12-19,139.1999969482422,134.25999450683594,136.38999938964844,139.80999755859375,135.6300048828125,9.65,11.2,12.2,1.0,0.5014698291015626,True,SE,9.0,0.07222222222222226,0.0367942994452806,109275039418.0,7.222222222222226,-13935.0
MSFT251219C00405000,405.0,-1832.0,空头平仓 Call，回补信号，看涨,1.235839340885685,CALL,0.0,1832.0,13443216.0,3.536043903620097e-06,10M-50M,2025-12-19,491.5,485.5,487.5950012207031,492.6300048828125,486.6499938964844,73.38,86.7,90.0,7.0,0.5394333166503908,True,MSFT,73.38,0.0,0.012358393408856848,3801767276203.0,0.0,-1832.0
META260116C00520000,520.0,-1127.0,空头平仓 Call，回补信号，看涨,1.6982071012745705,CALL,0.0,1127.0,13416935.0,7.180955630928648e-06,10M-50M,2026-01-16,644.3699951171875,633.6099853515625,636.0750122070312,645.4500122070312,635.5,119.05,125.5,129.6,5.0,0.4684501397705078,True,META,119.05,0.0,0.016982071012745705,1868405222031.0,0.0,-1127.0
APP270115C00700000,700.0,-1028.0,空头平仓 Call，回补信号，看涨,1.296105811897593,CALL,0.0,1028.0,13413344.0,5.919912978404824e-05,10M-50M,2027-01-15,593.969970703125,586.3699951171875,589.7899780273438,594.8800048828125,583.4000244140625,130.48,129.7,139.5,1.0,0.680812212905884,False,APP,130.48,0.0,0.01296105811897593,226580087392.0,0.0,-1028.0
COIN270115P00200000,200.0,-4052.0,多头平仓 Put，减仓，看跌减弱,3.2314633384228597,PUT,0.0,4052.0,13408068.000000002,0.00016694081090528376,10M-50M,2027-01-15,273.53240966796875,264.9700012207031,273.69000244140625,279.8599853515625,270.20001220703125,33.09,30.95,32.2,5.0,0.6276587527465821,False,COIN,33.09,0.0,0.032314633384228596,80316298497.0,0.0,-4052.0
META260618P00620000,620.0,-2429.0,多头平仓 Put，减仓，看跌减弱,1.6982071012745705,PUT,0.0,2429.0,13395935.0,7.1697160990795705e-06,10M-50M,2026-06-18,644.3699951171875,633.6099853515625,636.0750122070312,645.4500122070312,635.5,55.15,52.65,53.15,5.0,0.3445500115966796,False,META,55.15,0.0,0.016982071012745705,1868405222031.0,0.0,-2429.0
MSFT260116C00510000,510.0,-13795.0,空头平仓 Call，回补信号，看涨,1.235839340885685,CALL,0.0,13795.0,13353560.0,3.5124611870868685e-06,10M-50M,2026-01-16,491.5,485.5,487.5950012207031,492.6300048828125,486.6499938964844,9.68,9.6,9.8,196.0,0.2370071417236328,False,MSFT,7.95,0.21761006289308168,0.012358393408856848,3801767276203.0,21.761006289308167,-13795.0
META251219P00680000,680.0,-3169.0,多头平仓 Put，减仓，看跌减弱,1.6982071012745705,PUT,0.0,3169.0,13341490.0,7.1405762747213316e-06,10M-50M,2025-12-19,644.3699951171875,633.6099853515625,636.0750122070312,645.4500122070312,635.5,42.1,40.8,41.2,28.0,0.2790599438476562,True,META,49.2,-0.1443089430894309,0.016982071012745705,1868405222031.0,-14.43089430894309,-3169.0
NVDA260918C00160000,160.0,-3271.0,多头平仓 Call，减仓，看涨减弱,-2.0083177586627814,CALL,0.0,3271.0,13312970.000000002,3.0745768434627397e-06,10M-50M,2026-09-18,176.63980102539062,180.25999450683597,178.99000549316406,179.2899932861328,176.53140258789062,40.7,40.45,40.7,12.0,0.5277757183837892,True,NVDA,43.2,-0.057870370370370364,-0.020083177586627813,4330017000000.0,-5.787037037037036,-3271.0
NVDA251128P00185000,185.0,-18014.0,空头平仓 Put，回补，看跌信号减弱,-2.0083177586627814,PUT,0.0,18014.0,13312346.0,3.074432733174027e-06,10M-50M,2025-11-28,176.63980102539062,180.25999450683597,178.99000549316406,179.2899932861328,176.53140258789062,7.39,7.4,7.5,3015.0,1.0000000000000004e-05,True,NVDA,4.91,0.5050916496945009,-0.020083177586627813,4330017000000.0,50.50916496945009,-18014.0
AMZN251219C00195000,195.0,-3713.0,空头平仓 Call，回补信号，看涨,1.3505852553862998,CALL,0.0,3713.0,13292540.0,5.671037597967809e-06,10M-50M,2025-12-19,232.2550048828125,229.16000366210935,231.34500122070312,232.7400054931641,230.22999572753903,35.8,37.65,37.85,15.0,0.461919443359375,True,AMZN,35.8,0.0,0.013505852553862998,2343934380679.0,0.0,-3713.0
ORCL261218P00200000,200.0,-3488.0,空头平仓 Put，回补，看跌信号减弱,-1.7515668808947178,PUT,0.0,3488.0,13254400.0,1.6454622499856416e-05,10M-50M,2026-12-18,201.3699951171875,204.9600067138672,199.50999450683597,202.33990478515625,197.6100006103516,38.0,37.65,38.55,12.0,0.4815267912292481,False,ORCL,36.65,0.03683492496589363,-0.017515668808947178,805512250440.0,3.6834924965893627,-3488.0
APLD270115C00020000,20.0,-9814.0,空头平仓 Call，回补信号，看涨,7.417804097250917,CALL,0.0,9814.0,13248900.0,0.0023335409860553895,10M-50M,2027-01-15,26.790000915527344,24.940000534057617,25.45499992370605,27.1299991607666,25.25,13.5,13.2,14.15,15.0,1.0573777600097656,True,APLD,12.03,0.12219451371571079,0.07417804097250917,5677594728.0,12.219451371571079,-9814.0
MSFT270617C00505000,505.0,1827.0,多头买 Call，看涨,1.235839340885685,CALL,1921.0,94.0,13245750.0,3.484103322923317e-06,10M-50M,2027-06-17,491.5,485.5,487.5950012207031,492.6300048828125,486.6499938964844,72.5,72.65,74.0,10.0,0.3273458989715576,False,MSFT,69.3,0.04617604617604622,0.012358393408856848,3801767276203.0,4.617604617604622,1827.0
C270617C00075000,75.0,-4091.0,空头平仓 Call，回补信号，看涨,1.760975907488567,CALL,0.0,4091.0,13234385.0,6.951355977927757e-05,10M-50M,2027-06-17,104.30500030517578,102.5,102.8000030517578,104.30500030517578,102.51000213623048,32.35,32.9,35.95,2.0,0.4009459320068359,True,C,32.35,0.0,0.01760975907488567,190385660611.0,0.0,-4091.0
ORCL260618P00210000,210.0,-3789.0,空头平仓 Put，回补，看跌信号减弱,-1.7515668808947178,PUT,0.0,3789.0,13193298.000000002,1.6378767663425782e-05,10M-50M,2026-06-18,201.3699951171875,204.9600067138672,199.50999450683597,202.33990478515625,197.6100006103516,34.82,35.05,35.5,4.0,0.5057117300415038,True,ORCL,32.7,0.06483180428134548,-0.017515668808947178,805512250440.0,6.483180428134548,-3789.0
MSFT260320C00500000,500.0,-4794.0,空头平仓 Call，回补信号，看涨,1.235839340885685,CALL,0.0,4794.0,13183500.0,3.467729359059287e-06,10M-50M,2026-03-20,491.5,485.5,487.5950012207031,492.6300048828125,486.6499938964844,27.5,27.6,27.9,88.0,0.2909616802978515,False,MSFT,24.65,0.11561866125760656,0.012358393408856848,3801767276203.0,11.561866125760655,-4794.0
NVDA271217P00185000,185.0,-3048.0,空头平仓 Put，回补，看跌信号减弱,-2.0083177586627814,PUT,0.0,3048.0,13167360.0,3.040948799970069e-06,10M-50M,2027-12-17,176.63980102539062,180.25999450683597,178.99000549316406,179.2899932861328,176.53140258789062,43.2,43.15,43.45,1.0,0.3834747932434082,True,NVDA,42.65,0.012895662368112645,-0.020083177586627813,4330017000000.0,1.2895662368112646,-3048.0
MSFT260618P00450000,450.0,-6832.0,多头平仓 Put，减仓，看跌减弱,1.235839340885685,PUT,0.0,6832.0,13096944.000000002,3.444962052774709e-06,10M-50M,2026-06-18,491.5,485.5,487.5950012207031,492.6300048828125,486.6499938964844,19.17,18.55,19.2,2.0,0.2592847509765625,False,MSFT,19.65,-0.024427480916030378,0.012358393408856848,3801767276203.0,-2.442748091603038,-6832.0
META251219C00610000,610.0,-3161.0,空头平仓 Call，回补信号，看涨,1.6982071012745705,CALL,0.0,3161.0,13039125.0,6.978745748647698e-06,10M-50M,2025-12-19,644.3699951171875,633.6099853515625,636.0750122070312,645.4500122070312,635.5,41.25,41.15,41.45,85.0,0.3200141241455078,True,META,34.31,0.2022733896823083,0.016982071012745705,1868405222031.0,20.22733896823083,-3161.0
SOFI260116C00030000,30.0,-51529.0,空头平仓 Call，回补信号，看涨,2.825553919420712,CALL,0.0,51529.0,13036837.0,0.00038910525918576155,10M-50M,2026-01-16,29.295000076293945,28.489999771118164,28.790000915527344,29.46999931335449,28.45499992370605,2.53,2.5,2.52,1531.0,0.6528355029296876,False,SOFI,2.13,0.1877934272300469,0.028255539194207122,33504653798.0,18.779342723004692,-51529.0
NFLX260116C00080000,80.0,-4692.0,空头平仓 Call，回补信号，看涨,1.356701007807501,CALL,0.0,4692.0,12996840.0,2.5265032239286157e-05,10M-50M,2026-01-16,107.58000183105467,106.13999938964844,106.5,107.88999938964844,106.25,27.7,27.0,28.7,20.0,0.6420934228515626,True,NFLX,27.08,0.022895125553914365,0.013567010078075011,514420083731.0,2.2895125553914366,-4692.0
MU260116C00250000,250.0,-7180.0,空头平仓 Call，回补信号，看涨,2.663250525055157,CALL,0.0,7180.0,12959900.0,7.363378532165622e-05,10M-50M,2026-01-16,236.39239501953125,230.25999450683597,235.6150054931641,238.1000061035156,233.47999572753903,18.05,17.9,18.5,526.0,0.6815217395019533,False,MU,16.0,0.12812500000000004,0.026632505250551566,176004804634.0,12.812500000000004,-7180.0
ORCL260320P00210000,210.0,-4461.0,空头平仓 Put，回补，看跌信号减弱,-1.7515668808947178,PUT,0.0,4461.0,12950283.0,1.607707765204823e-05,10M-50M,2026-03-20,201.3699951171875,204.9600067138672,199.50999450683597,202.33990478515625,197.6100006103516,29.03,28.25,29.0,74.0,0.5292405474853517,True,ORCL,26.75,0.08523364485981312,-0.017515668808947178,805512250440.0,8.523364485981313,-4461.0
JPM260116C00275000,275.0,-3164.0,空头平仓 Call，回补信号，看涨,1.891813980470497,CALL,0.0,3164.0,12940760.0,1.4890059310406673e-05,10M-50M,2026-01-16,313.4599914550781,307.6400146484375,309.1000061035156,313.7200012207031,308.239990234375,40.9,40.15,41.9,5.0,0.3626772717285156,True,JPM,36.64,0.11626637554585147,0.01891813980470497,869087203095.0,11.626637554585146,-3164.0
IBM260116C00230000,230.0,-1685.0,空头平仓 Call，回补信号，看涨,1.3785901887005145,CALL,0.0,1685.0,12918895.0,4.8779955833355494e-05,10M-50M,2026-01-16,307.3900146484375,303.2099914550781,304.0599975585937,309.1300048828125,303.6000061035156,76.67,78.4,81.9,1.0,0.6068154553222658,True,IBM,76.67,0.0,0.013785901887005144,264840235693.0,0.0,-1685.0
CRM270115P00250000,250.0,-2896.0,多头平仓 Put，减仓，看跌减弱,1.764194285755548,PUT,0.0,2896.0,12832176.0,5.5371878858761186e-05,10M-50M,2027-01-15,232.1750030517578,228.1499938964844,229.0,232.55999755859372,228.625,44.31,43.3,45.15,1.0,0.3491886370849609,True,CRM,45.65,-0.029353778751369033,0.01764194285755548,231745360000.0,-2.9353778751369033,-2896.0
COIN251128C00252500,252.5,-5452.0,空头平仓 Call，回补信号，看涨,3.2314633384228597,CALL,2990.0,8442.0,12812200.0,0.00015952179370515393,10M-50M,2025-11-28,273.53240966796875,264.9700012207031,273.69000244140625,279.8599853515625,270.20001220703125,23.5,21.65,24.15,202.0,1.5498069384765625,True,COIN,13.0,0.8076923076923077,0.032314633384228596,80316298497.0,80.76923076923077,-5452.0
META260116P00630000,630.0,-6200.0,多头平仓 Put，减仓，看跌减弱,1.6982071012745705,PUT,0.0,6200.0,12802999.999999998,6.852367917320868e-06,10M-50M,2026-01-16,644.3699951171875,633.6099853515625,636.0750122070312,645.4500122070312,635.5,20.65,20.15,20.35,199.0,0.2864756411743163,False,META,24.59,-0.16022773485156572,0.016982071012745705,1868405222031.0,-16.02277348515657,-6200.0
NVDA260618P00175000,175.0,-6309.0,空头平仓 Put，回补，看跌信号减弱,-2.0083177586627814,PUT,0.0,6309.0,12775725.0,2.9505022728548178e-06,10M-50M,2026-06-18,176.63980102539062,180.25999450683597,178.99000549316406,179.2899932861328,176.53140258789062,20.25,20.25,20.45,124.0,0.4082700775146484,False,NVDA,19.63,0.031584309730005145,-0.020083177586627813,4330017000000.0,3.1584309730005145,-6309.0
SMCI260320P00040000,40.0,-12960.0,多头平仓 Put，减仓，看跌减弱,1.8473916674839082,PUT,0.0,12960.0,12765600.0,0.00046881329899146743,10M-50M,2026-03-20,33.436500549316406,32.83000183105469,33.27000045776367,33.56999969482422,32.880001068115234,9.85,9.15,9.4,9.0,0.6645541357421877,True,SMCI,9.85,0.0,0.01847391667483908,27229602973.0,0.0,-12960.0
MSTR260618C00200000,200.0,-3444.0,空头平仓 Call，回补信号，看涨,2.2204474550426503,CALL,0.0,3444.0,12742800.0,0.00014540786615476362,10M-50M,2026-06-18,179.5399932861328,175.63999938964844,182.94500732421875,187.2790069580078,178.6999969482422,37.0,35.9,37.15,102.0,0.8302629278564453,False,MSTR,34.05,0.08663729809104267,0.0222044745504265,87634873800.0,8.663729809104268,-3444.0
AMZN270617C00250000,250.0,-3225.0,空头平仓 Call，回补信号，看涨,1.3505852553862998,CALL,0.0,3225.0,12722625.000000002,5.427892992599248e-06,10M-50M,2027-06-17,232.2550048828125,229.16000366210935,231.34500122070312,232.7400054931641,230.22999572753903,39.45,39.85,40.25,1.0,0.4099027516174316,False,AMZN,38.75,0.018064516129032333,0.013505852553862998,2343934380679.0,1.8064516129032333,-3225.0
SCHW270617C00085000,85.0,-7501.0,空头平仓 Call，回补信号，看涨,1.5032649319629392,CALL,0.0,7501.0,12676690.0,7.315690766092856e-05,10M-50M,2027-06-17,93.18000030517578,91.8000030517578,91.8499984741211,93.23989868164062,91.5749969482422,16.9,17.45,19.25,11.0,0.3366765551757812,True,SCHW,16.9,0.0,0.015032649319629391,173280834378.0,0.0,-7501.0
NVDA270617C00185000,185.0,-3022.0,多头平仓 Call，减仓，看涨减弱,-2.0083177586627814,CALL,6659.0,9681.0,12616850.0,2.91381073099713e-06,10M-50M,2027-06-17,176.63980102539062,180.25999450683597,178.99000549316406,179.2899932861328,176.53140258789062,41.75,41.65,42.0,3.0,0.5191393301391601,False,NVDA,43.8,-0.046803652968036465,-0.020083177586627813,4330017000000.0,-4.680365296803647,-3022.0
RKLB280121P00050000,50.0,-5505.0,多头平仓 Put，减仓，看跌减弱,1.2761722529130624,PUT,0.0,5505.0,12606449.999999998,0.00056849842983572,10M-50M,2028-01-21,42.4650993347168,41.93000030517578,42.5,42.65999984741211,41.79999923706055,22.9,21.2,23.1,12.0,0.7020293469238281,True,RKLB,22.9,0.0,0.012761722529130623,22174995283.0,0.0,-5505.0
NVDA260417P00190000,190.0,-5315.0,空头平仓 Put，回补，看跌信号减弱,-2.0083177586627814,PUT,0.0,5315.0,12596550.0,2.909122527694464e-06,10M-50M,2026-04-17,176.63980102539062,180.25999450683597,178.99000549316406,179.2899932861328,176.53140258789062,23.7,24.75,24.9,38.0,0.3844666046142577,True,NVDA,23.7,0.0,-0.020083177586627813,4330017000000.0,0.0,-5315.0
SOFI260220C00030000,30.0,-34022.0,空头平仓 Call，回补信号，看涨,2.825553919420712,CALL,0.0,34022.0,12554118.0,0.00037469773828104427,10M-50M,2026-02-20,29.295000076293945,28.489999771118164,28.790000915527344,29.46999931335449,28.45499992370605,3.69,3.65,3.7,374.0,0.7077665942382813,False,SOFI,3.26,0.13190184049079762,0.028255539194207122,33504653798.0,13.190184049079761,-34022.0
META260618C00720000,720.0,-2670.0,空头平仓 Call，回补信号，看涨,1.6982071012745705,CALL,0.0,2670.0,12549000.0,6.716423103527266e-06,10M-50M,2026-06-18,644.3699951171875,633.6099853515625,636.0750122070312,645.4500122070312,635.5,47.0,47.65,48.2,2.0,0.3980544203948974,False,META,43.92,0.07012750455373402,0.016982071012745705,1868405222031.0,7.012750455373403,-2670.0
C260320C00095000,95.0,10400.0,多头买 Call，看涨,1.760975907488567,CALL,10400.0,0.0,12521599.999999998,6.576965912146291e-05,10M-50M,2026-03-20,104.30500030517578,102.5,102.8000030517578,104.30500030517578,102.51000213623048,12.04,11.5,13.25,1.0,0.3497989825439452,True,C,12.0,0.0033333333333332624,0.01760975907488567,190385660611.0,0.33333333333332626,10400.0
NVDA251205C00180000,180.0,43257.0,空头卖 Call，看跌/看不涨,-2.0083177586627814,CALL,43257.0,0.0,12501273.000000002,2.8871186879866756e-06,10M-50M,2025-12-05,176.63980102539062,180.25999450683597,178.99000549316406,179.2899932861328,176.53140258789062,2.89,2.88,2.89,38896.0,0.4132138757324218,False,NVDA,4.59,-0.37037037037037035,-0.020083177586627813,4330017000000.0,-37.03703703703704,43257.0
NVDA251219C00142000,142.0,-3164.0,多头平仓 Call，减仓，看涨减弱,-2.0083177586627814,CALL,0.0,3164.0,12466160.0,2.879009481948916e-06,10M-50M,2025-12-19,176.63980102539062,180.25999450683597,178.99000549316406,179.2899932861328,176.53140258789062,39.4,36.25,36.75,4.0,0.7690452783203126,True,NVDA,39.4,0.0,-0.020083177586627813,4330017000000.0,0.0,-3164.0
NVDA260220P00210000,210.0,-3548.0,空头平仓 Put，回补，看跌信号减弱,-2.0083177586627814,PUT,0.0,3548.0,12453480.0,2.876081086979566e-06,10M-50M,2026-02-20,176.63980102539062,180.25999450683597,178.99000549316406,179.2899932861328,176.53140258789062,35.1,34.85,35.3,36.0,0.320197227783203,True,NVDA,33.4,0.05089820359281446,-0.020083177586627813,4330017000000.0,5.089820359281446,-3548.0
JNJ260116C00175000,175.0,-3715.0,多头平仓 Call，减仓，看涨减弱,-1.3361438637112688,CALL,0.0,3715.0,12437819.999999998,2.8737860198829704e-05,10M-50M,2026-01-16,204.7866973876953,207.55999755859372,207.0,207.4550018310547,204.72000122070312,33.48,31.05,33.4,4.0,0.4877980908203125,True,JNJ,33.52,-0.0011933174224345539,-0.013361438637112687,432802578687.0,-0.11933174224345539,-3715.0
INTC260618C00033000,33.0,-12251.0,空头平仓 Call，回补信号，看涨,7.864711626618565,CALL,0.0,12251.0,12398012.0,7.97897588868831e-05,10M-50M,2026-06-18,39.70500183105469,36.810001373291016,37.369998931884766,39.75,37.35499954223633,10.12,10.0,10.25,20.0,0.5793499096679688,True,INTC,8.1,0.24938271604938267,0.07864711626618565,155383500000.0,24.938271604938265,-12251.0
PYPL260618C00062500,62.5,-16140.0,空头平仓 Call，回补信号，看涨,1.7952397910115923,CALL,0.0,16140.0,12347100.0,0.0001920323872487968,10M-50M,2026-06-18,62.93999862670898,61.83000183105469,62.22999954223633,63.05500030517578,62.130001068115234,7.65,7.45,8.35,25.0,0.4373835559082031,True,PYPL,7.65,0.0,0.017952397910115922,64296966657.0,0.0,-16140.0
SOFI271217C00030000,30.0,-10697.0,空头平仓 Call，回补信号，看涨,2.825553919420712,CALL,0.0,10697.0,12301550.0,0.0003671594422126015,10M-50M,2027-12-17,29.295000076293945,28.489999771118164,28.790000915527344,29.46999931335449,28.45499992370605,11.5,11.6,12.0,6.0,0.7513452600097656,False,SOFI,11.1,0.03603603603603607,0.028255539194207122,33504653798.0,3.603603603603607,-10697.0
MU260320C00230000,230.0,-3219.0,空头平仓 Call，回补信号，看涨,2.663250525055157,CALL,0.0,3219.0,12296580.0,6.98650245689065e-05,10M-50M,2026-03-20,236.39239501953125,230.25999450683597,235.6150054931641,238.1000061035156,233.47999572753903,38.2,38.35,39.15,116.0,0.6892731268310548,True,MU,36.05,0.059639389736477276,0.026632505250551566,176004804634.0,5.9639389736477275,-3219.0
RIVN260116C00015000,15.0,-45868.0,空头平仓 Call，回补信号，看涨,4.295424485263434,CALL,0.0,45868.0,12292624.0,0.0006498039062459443,10M-50M,2026-01-16,16.875,16.18000030517578,16.389999389648438,17.05500030517578,16.260000228881836,2.68,2.7,2.73,430.0,0.68555001953125,True,RIVN,2.16,0.24074074074074073,0.042954244852634334,18917436294.0,24.074074074074073,-45868.0
COIN260618C00300000,300.0,-2609.0,空头平仓 Call，回补信号，看涨,3.2314633384228597,CALL,0.0,2609.0,12262300.0,0.00015267511363783808,10M-50M,2026-06-18,273.53240966796875,264.9700012207031,273.69000244140625,279.8599853515625,270.20001220703125,47.0,44.3,46.15,24.0,0.6815217395019533,False,COIN,39.25,0.19745222929936307,0.032314633384228596,80316298497.0,19.745222929936308,-2609.0
ORCL260918P00250000,250.0,-1926.0,空头平仓 Put，回补，看跌信号减弱,-1.7515668808947178,PUT,0.0,1926.0,12230100.0,1.5183009312793785e-05,10M-50M,2026-09-18,201.3699951171875,204.9600067138672,199.50999450683597,202.33990478515625,197.6100006103516,63.5,65.55,66.8,4.0,0.4698539343261719,True,ORCL,63.5,0.0,-0.017515668808947178,805512250440.0,0.0,-1926.0
META260116P00690000,690.0,-2194.0,多头平仓 Put，减仓，看跌减弱,1.6982071012745705,PUT,0.0,2194.0,12224968.0,6.5429960566643965e-06,10M-50M,2026-01-16,644.3699951171875,633.6099853515625,636.0750122070312,645.4500122070312,635.5,55.72,55.05,56.35,6.0,0.2824473611450195,True,META,62.75,-0.11203187250996018,0.016982071012745705,1868405222031.0,-11.203187250996018,-2194.0
RUN260918P00015000,15.0,-40028.0,多头平仓 Put，减仓，看跌减弱,5.382214623244598,PUT,0.0,40028.0,12208540.0,0.0029944583286398907,10M-50M,2026-09-18,20.26499938964844,19.229999542236328,19.3799991607666,20.290000915527344,19.290000915527344,3.05,2.55,3.25,1.0,0.8325212060546874,False,RUN,3.3,-0.07575757575757576,0.05382214623244598,4077044547.0,-7.575757575757576,-40028.0
META260116C00630000,630.0,-3200.0,空头平仓 Call，回补信号，看涨,1.6982071012745705,CALL,0.0,3200.0,12198399.999999998,6.528776443227906e-06,10M-50M,2026-01-16,644.3699951171875,633.6099853515625,636.0750122070312,645.4500122070312,635.5,38.12,38.0,38.2,168.0,0.3239661109924315,True,META,32.35,0.17836166924265828,0.016982071012745705,1868405222031.0,17.83616692426583,-3200.0
MSFT260116C00490000,490.0,-6418.0,空头平仓 Call，回补信号，看涨,1.235839340885685,CALL,0.0,6418.0,12194200.0,3.2075082755141467e-06,10M-50M,2026-01-16,491.5,485.5,487.5950012207031,492.6300048828125,486.6499938964844,19.0,19.0,19.15,336.0,0.2538526763916016,True,MSFT,15.97,0.18973074514715085,0.012358393408856848,3801767276203.0,18.973074514715087,-6418.0
META260618P00630000,630.0,-1995.0,多头平仓 Put，减仓，看跌减弱,1.6982071012745705,PUT,0.0,1995.0,12185460.0,6.521850750745666e-06,10M-50M,2026-06-18,644.3699951171875,633.6099853515625,636.0750122070312,645.4500122070312,635.5,61.08,57.15,57.75,28.0,0.342207810897827,False,META,61.08,0.0,0.016982071012745705,1868405222031.0,0.0,-1995.0
IBM270115C00260000,260.0,-1777.0,空头平仓 Call，回补信号，看涨,1.3785901887005145,CALL,0.0,1777.0,12184888.999999998,4.6008450974664565e-05,10M-50M,2027-01-15,307.3900146484375,303.2099914550781,304.0599975585937,309.1300048828125,303.6000061035156,68.57,70.0,73.45,11.0,0.3843445355224609,True,IBM,68.57,0.0,0.013785901887005144,264840235693.0,0.0,-1777.0
AMZN260618P00235000,235.0,-5170.0,多头平仓 Put，减仓，看跌减弱,1.3505852553862998,PUT,0.0,5170.0,12149500.0,5.183378894967395e-06,10M-50M,2026-06-18,232.2550048828125,229.16000366210935,231.34500122070312,232.7400054931641,230.22999572753903,23.5,23.2,23.4,6.0,0.3173591213989257,True,AMZN,24.15,-0.026915113871635553,0.013505852553862998,2343934380679.0,-2.691511387163555,-5170.0
BA251219P00190000,190.0,-21885.0,多头平仓 Put，减仓，看跌减弱,1.3107195443195907,PUT,0.0,21885.0,12146175.0,7.259793203550529e-05,10M-50M,2025-12-19,189.3699951171875,186.9199981689453,187.8699951171875,189.7400054931641,186.91000366210935,5.55,5.4,5.75,3568.0,0.2923654748535155,True,BA,6.3,-0.11904761904761905,0.013107195443195907,167307451596.0,-11.904761904761905,-21885.0
ADBE260116P00350000,350.0,-3080.0,多头平仓 Put，减仓，看跌减弱,1.2944116941764112,PUT,0.0,3080.0,12119800.0,8.034291771658318e-05,10M-50M,2026-01-16,321.6300048828125,317.5199890136719,317.7431945800781,322.1300048828125,317.5199890136719,39.35,36.1,41.55,1.0,0.5025684509277344,True,ADBE,39.96,-0.01526526526526525,0.012944116941764113,150850882000.0,-1.526526526526525,-3080.0
ORCL260417P00260000,260.0,-1807.0,空头平仓 Put，回补，看跌信号减弱,-1.7515668808947178,PUT,0.0,1807.0,12119549.0,1.5045766210730951e-05,10M-50M,2026-04-17,201.3699951171875,204.9600067138672,199.50999450683597,202.33990478515625,197.6100006103516,67.07,64.85,66.35,1.0,0.4885915399169922,True,ORCL,63.01,0.06443421679098549,-0.017515668808947178,805512250440.0,6.443421679098549,-1807.0
MSFT251219C00445000,445.0,-2523.0,空头平仓 Call，回补信号，看涨,1.235839340885685,CALL,0.0,2523.0,12115446.0,3.186793172700527e-06,10M-50M,2025-12-19,491.5,485.5,487.5950012207031,492.6300048828125,486.6499938964844,48.02,47.7,50.0,5.0,0.3924621301269531,True,MSFT,45.3,0.060044150110375415,0.012358393408856848,3801767276203.0,6.004415011037541,-2523.0
AMZN260515C00210000,210.0,-3233.0,空头平仓 Call，回补信号，看涨,1.3505852553862998,CALL,0.0,3233.0,12114051.0,5.168255178069769e-06,10M-50M,2026-05-15,232.2550048828125,229.16000366210935,231.34500122070312,232.7400054931641,230.22999572753903,37.47,37.6,37.9,53.0,0.4219418157958984,True,AMZN,35.96,0.0419911012235817,0.013505852553862998,2343934380679.0,4.19911012235817,-3233.0
MSFT280121P00570000,570.0,-1001.0,多头平仓 Put，减仓，看跌减弱,1.235839340885685,PUT,0.0,1001.0,12057045.0,3.1714316327226443e-06,10M-50M,2028-01-21,491.5,485.5,487.5950012207031,492.6300048828125,486.6499938964844,120.45,106.9,108.7,1.0,0.2000202069091796,True,MSFT,120.45,0.0,0.012358393408856848,3801767276203.0,0.0,-1001.0
AMZN270115P00180000,180.0,-11150.0,多头平仓 Put，减仓，看跌减弱,1.3505852553862998,PUT,0.0,11150.0,12042000.000000002,5.137515836305805e-06,10M-50M,2027-01-15,232.2550048828125,229.16000366210935,231.34500122070312,232.7400054931641,230.22999572753903,10.8,10.6,10.75,4.0,0.3451298397827148,False,AMZN,11.22,-0.037433155080213894,0.013505852553862998,2343934380679.0,-3.7433155080213893,-11150.0
MU270115C00200000,200.0,-1505.0,空头平仓 Call，回补信号，看涨,2.663250525055157,CALL,0.0,1505.0,12040000.0,6.840722345641099e-05,10M-50M,2027-01-15,236.39239501953125,230.25999450683597,235.6150054931641,238.1000061035156,233.47999572753903,80.0,80.3,82.15,3.0,0.6772493212890626,True,MU,79.3,0.008827238335435092,0.026632505250551566,176004804634.0,0.8827238335435093,-1505.0
NVDA261218P00180000,180.0,-3972.0,空头平仓 Put，回补，看跌信号减弱,-2.0083177586627814,PUT,0.0,3972.0,12035160.0,2.779471766508076e-06,10M-50M,2026-12-18,176.63980102539062,180.25999450683597,178.99000549316406,179.2899932861328,176.53140258789062,30.3,30.15,30.4,14.0,0.3951171328735352,True,NVDA,29.63,0.022612217347283217,-0.020083177586627813,4330017000000.0,2.2612217347283217,-3972.0
BMNR270115C00025000,25.0,-6212.0,空头平仓 Call，回补信号，看涨,6.301203282202088,CALL,0.0,6212.0,12020220.000000002,0.055311158385282964,10M-50M,2027-01-15,33.7400016784668,31.739999771118164,33.79999923706055,35.20000076293945,33.02000045776367,19.35,18.45,20.25,18.0,1.2653845324707031,True,BMNR,17.1,0.13157894736842105,0.06301203282202088,217319983.0,13.157894736842104,-6212.0
AMZN251219C00215000,215.0,-6273.0,空头平仓 Call，回补信号，看涨,1.3505852553862998,CALL,0.0,6273.0,11987703.0,5.114350938667215e-06,10M-50M,2025-12-19,232.2550048828125,229.16000366210935,231.34500122070312,232.7400054931641,230.22999572753903,19.11,18.9,19.1,141.0,0.3466862207031249,True,AMZN,17.45,0.09512893982808024,0.013505852553862998,2343934380679.0,9.512893982808023,-6273.0
JPM251219C00240000,240.0,-1798.0,空头平仓 Call，回补信号，看涨,1.891813980470497,CALL,0.0,1798.0,11974679.999999998,1.3778456243925438e-05,10M-50M,2025-12-19,313.4599914550781,307.6400146484375,309.1000061035156,313.7200012207031,308.239990234375,66.6,72.15,74.9,2.0,0.726565234375,True,JPM,66.6,0.0,0.01891813980470497,869087203095.0,0.0,-1798.0
AMZN260116P00235000,235.0,-10877.0,多头平仓 Put，减仓，看跌减弱,1.3505852553862998,PUT,0.0,10877.0,11964700.0,5.104537097379842e-06,10M-50M,2026-01-16,232.2550048828125,229.16000366210935,231.34500122070312,232.7400054931641,230.22999572753903,11.0,10.95,11.05,63.0,0.2786327020263671,True,AMZN,12.65,-0.13043478260869568,0.013505852553862998,2343934380679.0,-13.043478260869568,-10877.0
AMZN260618C00190000,190.0,-2290.0,空头平仓 Call，回补信号，看涨,1.3505852553862998,CALL,0.0,2290.0,11908000.0,5.080347000392752e-06,10M-50M,2026-06-18,232.2550048828125,229.16000366210935,231.34500122070312,232.7400054931641,230.22999572753903,52.0,53.75,54.15,10.0,0.4510858114624023,True,AMZN,52.0,0.0,0.013505852553862998,2343934380679.0,0.0,-2290.0
NVDA260618P00145000,145.0,-13342.0,空头平仓 Put，回补，看跌信号减弱,-2.0083177586627814,PUT,0.0,13342.0,11874380.0,2.7423402725670593e-06,10M-50M,2026-06-18,176.63980102539062,180.25999450683597,178.99000549316406,179.2899932861328,176.53140258789062,8.9,8.75,8.9,45.0,0.4434259759521484,False,NVDA,8.5,0.047058823529411806,-0.020083177586627813,4330017000000.0,4.70588235294118,-13342.0
META271217C00800000,800.0,-1125.0,空头平仓 Call，回补信号，看涨,1.6982071012745705,CALL,0.0,1125.0,11868750.0,6.352342553987508e-06,10M-50M,2027-12-17,644.3699951171875,633.6099853515625,636.0750122070312,645.4500122070312,635.5,105.5,105.05,107.0,4.0,0.4291515215301513,False,META,102.2,0.03228962818003911,0.016982071012745705,1868405222031.0,3.228962818003911,-1125.0
META260515C00600000,600.0,1236.0,多头买 Call，看涨,1.6982071012745705,CALL,11792.0,10556.0,11865600.0,6.3506566242101466e-06,10M-50M,2026-05-15,644.3699951171875,633.6099853515625,636.0750122070312,645.4500122070312,635.5,96.0,95.7,96.4,236.0,0.4282360033416748,True,META,89.5,0.07262569832402235,0.016982071012745705,1868405222031.0,7.262569832402235,1236.0
BA270115C00150000,150.0,-2207.0,空头平仓 Call，回补信号，看涨,1.3107195443195907,CALL,0.0,2207.0,11860418.0,7.088995670461555e-05,10M-50M,2027-01-15,189.3699951171875,186.9199981689453,187.8699951171875,189.7400054931641,186.91000366210935,53.74,54.35,56.35,24.0,0.4642692733764648,True,BA,53.74,0.0,0.013107195443195907,167307451596.0,0.0,-2207.0
ONON270115C00045000,45.0,-12913.0,空头平仓 Call，回补信号，看涨,1.9564742939829078,CALL,0.0,12913.0,11815395.000000002,0.0004383028850030898,10M-50M,2027-01-15,44.03499984741211,43.18999862670898,43.34000015258789,44.23989868164063,43.27999877929688,9.15,7.9,9.65,1.0,0.5427291821289064,False,ONON,9.15,0.0,0.01956474293982908,26957146312.0,0.0,-12913.0
C261218C00075000,75.0,-3625.0,空头平仓 Call，回补信号，看涨,1.760975907488567,CALL,0.0,3625.0,11745000.0,6.169057040486695e-05,10M-50M,2026-12-18,104.30500030517578,102.5,102.8000030517578,104.30500030517578,102.51000213623048,32.4,31.3,34.4,2308.0,0.4298152722167969,True,C,32.4,0.0,0.01760975907488567,190385660611.0,0.0,-3625.0
META251219P00650000,650.0,-5612.0,多头平仓 Put，减仓，看跌减弱,1.6982071012745705,PUT,0.0,5612.0,11729079.999999998,6.277588962875095e-06,10M-50M,2025-12-19,644.3699951171875,633.6099853515625,636.0750122070312,645.4500122070312,635.5,20.9,20.65,20.85,107.0,0.2825694302368163,True,META,26.75,-0.21869158878504677,0.016982071012745705,1868405222031.0,-21.869158878504678,-5612.0
MU261218C00280000,280.0,-2393.0,空头平仓 Call，回补信号，看涨,2.663250525055157,CALL,0.0,2393.0,11725700.0,6.662147675106632e-05,10M-50M,2026-12-18,236.39239501953125,230.25999450683597,235.6150054931641,238.1000061035156,233.47999572753903,49.0,47.05,48.8,1.0,0.65059248336792,False,MU,45.2,0.08407079646017693,0.026632505250551566,176004804634.0,8.407079646017692,-2393.0
ORCL251219C00190000,190.0,-5752.0,多头平仓 Call，减仓，看涨减弱,-1.7515668808947178,CALL,0.0,5752.0,11705320.000000002,1.4531523255675046e-05,10M-50M,2025-12-19,201.3699951171875,204.9600067138672,199.50999450683597,202.33990478515625,197.6100006103516,20.35,19.95,20.3,60.0,0.7153348779296875,True,ORCL,24.75,-0.17777777777777773,-0.017515668808947178,805512250440.0,-17.77777777777777,-5752.0
META260618C00520000,520.0,-754.0,空头平仓 Call，回补信号，看涨,1.6982071012745705,CALL,0.0,754.0,11702079.999999998,6.263138136211996e-06,10M-50M,2026-06-18,644.3699951171875,633.6099853515625,636.0750122070312,645.4500122070312,635.5,155.2,154.75,156.95,1.0,0.4648491015625,True,META,144.08,0.07717934480843959,0.016982071012745705,1868405222031.0,7.717934480843959,-754.0
PANW270115C00200000,200.0,-4026.0,空头平仓 Call，回补信号，看涨,2.6598287097050006,CALL,0.0,4026.0,11679426.0,8.62808016823042e-05,10M-50M,2027-01-15,190.27999877929688,185.3500061035156,187.1999969482422,190.7700042724609,186.9499969482422,29.01,28.25,29.7,12.0,0.4175320698547363,False,PANW,26.25,0.1051428571428572,0.026598287097050005,135365293000.0,10.51428571428572,-4026.0
ORCL260116P00195000,195.0,-8387.0,空头平仓 Put，回补，看跌信号减弱,-1.7515668808947178,PUT,0.0,8387.0,11674704.0,1.4493515143466599e-05,10M-50M,2026-01-16,201.3699951171875,204.9600067138672,199.50999450683597,202.33990478515625,197.6100006103516,13.92,13.5,14.2,81.0,0.5769085278320312,False,ORCL,12.1,0.1504132231404959,-0.017515668808947178,805512250440.0,15.04132231404959,-8387.0
JPM260320C00260000,260.0,-2406.0,空头平仓 Call，回补信号，看涨,1.891813980470497,CALL,0.0,2406.0,11669100.0,1.3426845957970514e-05,10M-50M,2026-03-20,313.4599914550781,307.6400146484375,309.1000061035156,313.7200012207031,308.239990234375,48.5,56.45,59.3,42.0,0.3709169354248046,True,JPM,48.5,0.0,0.01891813980470497,869087203095.0,0.0,-2406.0
NVDA261218C00127000,127.0,-1780.0,多头平仓 Call，减仓，看涨减弱,-2.0083177586627814,CALL,0.0,1780.0,11659000.0,2.692599128363699e-06,10M-50M,2026-12-18,176.63980102539062,180.25999450683597,178.99000549316406,179.2899932861328,176.53140258789062,65.5,65.35,66.0,2.0,0.5827678442382812,True,NVDA,67.7,-0.03249630723781392,-0.020083177586627813,4330017000000.0,-3.2496307237813924,-1780.0
META260618P00550000,550.0,-4138.0,多头平仓 Put，减仓，看跌减弱,1.6982071012745705,PUT,0.0,4138.0,11648470.0,6.2344452170487095e-06,10M-50M,2026-06-18,644.3699951171875,633.6099853515625,636.0750122070312,645.4500122070312,635.5,28.15,27.2,27.7,4.0,0.3629214099121094,False,META,29.61,-0.049307666328942956,0.016982071012745705,1868405222031.0,-4.930766632894295,-4138.0
ORCL260417P00220000,220.0,-3064.0,空头平仓 Put，回补，看跌信号减弱,-1.7515668808947178,PUT,0.0,3064.0,11646264.0,1.4458208417858807e-05,10M-50M,2026-04-17,201.3699951171875,204.9600067138672,199.50999450683597,202.33990478515625,197.6100006103516,38.01,36.3,37.45,3.0,0.5100146655273439,True,ORCL,34.95,0.08755364806866939,-0.017515668808947178,805512250440.0,8.75536480686694,-3064.0
MSTR270115P00200000,200.0,-1746.0,多头平仓 Put，减仓，看跌减弱,2.2204474550426503,PUT,0.0,1746.0,11637090.0,0.00013279062883753476,10M-50M,2027-01-15,179.5399932861328,175.63999938964844,182.94500732421875,187.2790069580078,178.6999969482422,66.65,65.0,66.4,1.0,0.6969329623413086,True,MSTR,67.22,-0.008479619160963897,0.0222044745504265,87634873800.0,-0.8479619160963897,-1746.0
RIVN270115C00020000,20.0,-28144.0,空头平仓 Call，回补信号，看涨,4.295424485263434,CALL,0.0,28144.0,11623472.0,0.0006144316713616522,10M-50M,2027-01-15,16.875,16.18000030517578,16.389999389648438,17.05500030517578,16.260000228881836,4.13,3.95,4.1,341.0,0.7133817724609376,False,RIVN,3.77,0.09549071618037132,0.042954244852634334,18917436294.0,9.549071618037132,-28144.0
MSFT251219C00345000,345.0,-816.0,空头平仓 Call，回补信号，看涨,1.235839340885685,CALL,0.0,816.0,11615760.0,3.0553579838272464e-06,10M-50M,2025-12-19,491.5,485.5,487.5950012207031,492.6300048828125,486.6499938964844,142.35,146.45,149.2,1.0,0.825929475097656,True,MSFT,142.35,0.0,0.012358393408856848,3801767276203.0,0.0,-816.0
MSFT260116C00480000,480.0,-4577.0,空头平仓 Call，回补信号，看涨,1.235839340885685,CALL,0.0,4577.0,11602695.000000002,3.051921424182531e-06,10M-50M,2026-01-16,491.5,485.5,487.5950012207031,492.6300048828125,486.6499938964844,25.35,25.3,25.55,111.0,0.2685314846801757,True,MSFT,21.59,0.17415470125057905,0.012358393408856848,3801767276203.0,17.415470125057904,-4577.0
NVDA260320P00145000,145.0,-22955.0,空头平仓 Put，回补，看跌信号减弱,-2.0083177586627814,PUT,0.0,22955.0,11592275.0,2.6771892581484092e-06,10M-50M,2026-03-20,176.63980102539062,180.25999450683597,178.99000549316406,179.2899932861328,176.53140258789062,5.05,5.05,5.15,863.0,0.4600273724365235,False,NVDA,4.87,0.03696098562628331,-0.020083177586627813,4330017000000.0,3.696098562628331,-22955.0
RIOT260116C00016000,16.0,-51015.0,空头平仓 Call，回补信号，看涨,8.823533724148557,CALL,0.0,51015.0,11580405.0,0.0017710740353966902,10M-50M,2026-01-16,16.280000686645508,14.960000038146973,15.710000038146973,16.649999618530273,15.564900398254396,2.27,2.25,2.3,44649.0,0.8974619628906249,True,RIOT,1.61,0.4099378881987577,0.08823533724148558,6538634054.0,40.99378881987577,-51015.0
COIN260220P00310000,310.0,-2228.0,多头平仓 Put，减仓，看跌减弱,3.2314633384228597,PUT,0.0,2228.0,11574460.0,0.00014411097394425283,10M-50M,2026-02-20,273.53240966796875,264.9700012207031,273.69000244140625,279.8599853515625,270.20001220703125,51.95,52.6,54.1,1.0,0.5691266232299804,True,COIN,63.64,-0.1836895034569453,0.032314633384228596,80316298497.0,-18.36895034569453,-2228.0
AMZN260320P00220000,220.0,-10039.0,多头平仓 Put，减仓，看跌减弱,1.3505852553862998,PUT,0.0,10039.0,11544850.0,4.925415188737341e-06,10M-50M,2026-03-20,232.2550048828125,229.16000366210935,231.34500122070312,232.7400054931641,230.22999572753903,11.5,11.2,11.3,10.0,0.333563793334961,False,AMZN,12.34,-0.06807131280388978,0.013505852553862998,2343934380679.0,-6.807131280388978,-10039.0
BAC270115C00050000,50.0,-13542.0,空头平仓 Call，回补信号，看涨,1.7029574017326878,CALL,0.0,13542.0,11510700.0,2.9765198735143302e-05,10M-50M,2027-01-15,53.89239883422852,52.9900016784668,53.11000061035156,53.900001525878906,53.04999923706055,8.5,8.3,8.95,7.0,0.3107979077148437,True,BAC,8.1,0.04938271604938276,0.017029574017326878,386716719160.0,4.938271604938276,-13542.0
ORCL260618P00190000,190.0,-4683.0,空头平仓 Put，回补，看跌信号减弱,-1.7515668808947178,PUT,0.0,4683.0,11473350.0,1.4243545015898691e-05,10M-50M,2026-06-18,201.3699951171875,204.9600067138672,199.50999450683597,202.33990478515625,197.6100006103516,24.5,23.95,24.55,8.0,0.5113574255371094,False,ORCL,22.86,0.07174103237095365,-0.017515668808947178,805512250440.0,7.174103237095365,-4683.0
CIFR280121C00022000,22.0,-10243.0,空头平仓 Call，回补信号，看涨,9.582250800912103,CALL,0.0,10243.0,11472160.0,0.0025431793323736646,10M-50M,2028-01-21,20.98500061035156,19.149999618530277,19.549999237060547,21.0,19.459999084472656,11.2,11.1,11.95,10.0,1.052128762817383,False,CIFR,9.8,0.1428571428571427,0.09582250800912102,4510952041.0,14.28571428571427,-10243.0
MU251219C00250000,250.0,-9918.0,空头平仓 Call，回补信号，看涨,2.663250525055157,CALL,0.0,9918.0,11455290.0,6.508509823820517e-05,10M-50M,2025-12-19,236.39239501953125,230.25999450683597,235.6150054931641,238.1000061035156,233.47999572753903,11.55,11.2,11.6,441.0,0.7300442034912109,False,MU,9.85,0.17258883248730975,0.026632505250551566,176004804634.0,17.258883248730974,-9918.0
MSFT260116C00380000,380.0,-1032.0,空头平仓 Call，回补信号，看涨,1.235839340885685,CALL,0.0,1032.0,11455200.0,3.0131249936584325e-06,10M-50M,2026-01-16,491.5,485.5,487.5950012207031,492.6300048828125,486.6499938964844,111.0,113.95,116.4,5.0,0.5269212347412109,True,MSFT,111.0,0.0,0.012358393408856848,3801767276203.0,0.0,-1032.0
ORCL251219P00200000,200.0,-8714.0,空头平仓 Put，回补，看跌信号减弱,-1.7515668808947178,PUT,0.0,8714.0,11415340.0,1.4171528730648762e-05,10M-50M,2025-12-19,201.3699951171875,204.9600067138672,199.50999450683597,202.33990478515625,197.6100006103516,13.1,12.85,13.15,446.0,0.6967803759765626,False,ORCL,11.52,0.1371527777777778,-0.017515668808947178,805512250440.0,13.715277777777779,-8714.0
INTC251219C00028000,28.0,-9906.0,空头平仓 Call，回补信号，看涨,7.864711626618565,CALL,0.0,9906.0,11391900.0,7.331473418992364e-05,10M-50M,2025-12-19,39.70500183105469,36.810001373291016,37.369998931884766,39.75,37.35499954223633,11.5,11.55,11.9,49.0,0.6250037500000001,True,INTC,9.2,0.2500000000000001,0.07864711626618565,155383500000.0,25.00000000000001,-9906.0
META260220P00660000,660.0,-2226.0,多头平仓 Put，减仓，看跌减弱,1.6982071012745705,PUT,0.0,2226.0,11374860.0,6.088004821371277e-06,10M-50M,2026-02-20,644.3699951171875,633.6099853515625,636.0750122070312,645.4500122070312,635.5,51.1,50.65,51.0,5.0,0.3408879388427734,True,META,56.13,-0.08961339747015858,0.016982071012745705,1868405222031.0,-8.961339747015858,-2226.0
BA260220C00200000,200.0,-13564.0,空头平仓 Call，回补信号，看涨,1.3107195443195907,CALL,0.0,13564.0,11325940.0,6.769537095902298e-05,10M-50M,2026-02-20,189.3699951171875,186.9199981689453,187.8699951171875,189.7400054931641,186.91000366210935,8.35,8.25,8.35,90.0,0.3466862207031249,False,BA,7.9,0.056962025316455604,0.013107195443195907,167307451596.0,5.69620253164556,-13564.0
MU260618P00170000,170.0,-6899.0,多头平仓 Put，减仓，看跌减弱,2.663250525055157,PUT,0.0,6899.0,11314360.0,6.428438146065435e-05,10M-50M,2026-06-18,236.39239501953125,230.25999450683597,235.6150054931641,238.1000061035156,233.47999572753903,16.4,12.95,13.75,11.0,0.6331518618774415,False,MU,16.4,0.0,0.026632505250551566,176004804634.0,0.0,-6899.0
AMZN270115C00260000,260.0,-4041.0,空头平仓 Call，回补信号，看涨,1.3505852553862998,CALL,0.0,4041.0,11282472.0,4.813476048220961e-06,10M-50M,2027-01-15,232.2550048828125,229.16000366210935,231.34500122070312,232.7400054931641,230.22999572753903,27.92,27.85,28.0,21.0,0.3890747128295898,False,AMZN,26.8,0.04179104477611944,0.013505852553862998,2343934380679.0,4.1791044776119435,-4041.0
AMZN260116C00165000,165.0,-1647.0,空头平仓 Call，回补信号，看涨,1.3505852553862998,CALL,0.0,1647.0,11265480.0,4.806226698520703e-06,10M-50M,2026-01-16,232.2550048828125,229.16000366210935,231.34500122070312,232.7400054931641,230.22999572753903,68.4,68.25,68.5,15.0,0.5971719970703125,True,AMZN,65.81,0.03935572101504336,0.013505852553862998,2343934380679.0,3.9355721015043357,-1647.0
UBER260618C00070000,70.0,-5164.0,空头平仓 Call，回补信号，看涨,1.9729100394134897,CALL,0.0,5164.0,11262684.0,5.485710948426969e-05,10M-50M,2026-06-18,87.3499984741211,85.66000366210938,86.51000213623047,87.41999816894531,86.23999786376953,21.81,21.45,22.1,1.0,0.4908498181152344,True,UBER,20.9,0.04354066985645934,0.019729100394134898,205309468652.0,4.354066985645934,-5164.0
AMZN260320P00250000,250.0,-3985.0,多头平仓 Put，减仓，看跌减弱,1.3505852553862998,PUT,0.0,3985.0,11237700.0,4.794374830896341e-06,10M-50M,2026-03-20,232.2550048828125,229.16000366210935,231.34500122070312,232.7400054931641,230.22999572753903,28.2,26.4,26.6,44.0,0.303168589477539,True,AMZN,28.2,0.0,0.013505852553862998,2343934380679.0,0.0,-3985.0
BIDU260116C00110000,110.0,-9132.0,空头平仓 Call，回补信号，看涨,1.0314634823878628,CALL,0.0,9132.0,11232360.0,0.0002487739467503877,10M-50M,2026-01-16,117.54000091552734,116.33999633789062,117.16500091552734,118.1999969482422,116.87999725341795,12.3,11.5,12.85,7.0,0.5102588037109376,True,BIDU,11.23,0.0952804986642921,0.010314634823878628,45150869481.0,9.52804986642921,-9132.0
JNJ260116C00165000,165.0,-2740.0,多头平仓 Call，减仓，看涨减弱,-1.3361438637112688,CALL,0.0,2740.0,11223040.0,2.593108394605114e-05,10M-50M,2026-01-16,204.7866973876953,207.55999755859372,207.0,207.4550018310547,204.72000122070312,40.96,40.9,43.3,1.0,0.5197801928710937,True,JNJ,43.12,-0.05009276437847859,-0.013361438637112687,432802578687.0,-5.009276437847858,-2740.0
COIN260618P00290000,290.0,-1931.0,多头平仓 Put，减仓，看跌减弱,3.2314633384228597,PUT,0.0,1931.0,11176628.0,0.00013915765802401207,10M-50M,2026-06-18,273.53240966796875,264.9700012207031,273.69000244140625,279.8599853515625,270.20001220703125,57.88,55.4,57.9,1.0,0.5769085278320312,True,COIN,61.3,-0.05579119086460024,0.032314633384228596,80316298497.0,-5.579119086460024,-1931.0
ORCL260618P00220000,220.0,-2718.0,空头平仓 Put，回补，看跌信号减弱,-1.7515668808947178,PUT,0.0,2718.0,11132928.0,1.3820929469314454e-05,10M-50M,2026-06-18,201.3699951171875,204.9600067138672,199.50999450683597,202.33990478515625,197.6100006103516,40.96,40.25,41.2,1.0,0.4975636181640626,True,ORCL,39.4,0.03959390862944168,-0.017515668808947178,805512250440.0,3.9593908629441685,-2718.0
ORCL260618P00230000,230.0,-2344.0,空头平仓 Put，回补，看跌信号减弱,-1.7515668808947178,PUT,0.0,2344.0,11122280.0,1.3807710551794349e-05,10M-50M,2026-06-18,201.3699951171875,204.9600067138672,199.50999450683597,202.33990478515625,197.6100006103516,47.45,46.75,48.25,2.0,0.5007984490966797,True,ORCL,45.59,0.040798420706295226,-0.017515668808947178,805512250440.0,4.079842070629523,-2344.0
WMT260116C00100000,100.0,-10016.0,空头平仓 Call，回补信号，看涨,1.131989576190974,CALL,0.0,10016.0,11117760.0,1.3517373271340933e-05,10M-50M,2026-01-16,110.33499908447266,109.0999984741211,109.3000030517578,110.34559631347656,109.0,11.1,11.0,11.4,75.0,0.2858958129882812,True,WMT,10.42,0.06525911708253357,0.01131989576190974,822479321746.0,6.525911708253357,-10016.0
SNOW260116C00230000,230.0,-3318.0,空头平仓 Call，回补信号，看涨,1.500038475269863,CALL,0.0,3318.0,11098710.0,0.00014582836670904852,10M-50M,2026-01-16,252.38999938964844,248.66000366210935,249.6499938964844,254.0,248.84500122070312,33.45,32.35,34.3,15.0,0.5681805877685546,True,SNOW,31.13,0.07452618053324779,0.015000384752698631,76108032000.0,7.4526180533247794,-3318.0
INTC261218C00028000,28.0,-7379.0,空头平仓 Call，回补信号，看涨,7.864711626618565,CALL,0.0,7379.0,11031604.999999998,7.099598734743392e-05,10M-50M,2026-12-18,39.70500183105469,36.810001373291016,37.369998931884766,39.75,37.35499954223633,14.95,13.65,15.95,2.0,0.5562788513183594,True,INTC,13.15,0.13688212927756646,0.07864711626618565,155383500000.0,13.688212927756647,-7379.0
META251128C00620000,620.0,-4650.0,空头平仓 Call，回补信号，看涨,1.6982071012745705,CALL,0.0,4650.0,11020500.0,5.898345749655131e-06,10M-50M,2025-11-28,644.3699951171875,633.6099853515625,636.0750122070312,645.4500122070312,635.5,23.7,24.0,24.35,777.0,1.0000000000000004e-05,True,META,14.15,0.6749116607773851,0.016982071012745705,1868405222031.0,67.49116607773851,-4650.0
RIVN260320C00015000,15.0,-31288.0,空头平仓 Call，回补信号，看涨,4.295424485263434,CALL,0.0,31288.0,11013376.0,0.0005821812125511472,10M-50M,2026-03-20,16.875,16.18000030517578,16.389999389648438,17.05500030517578,16.260000228881836,3.52,3.45,3.6,115.0,0.7050810742187501,True,RIVN,3.1,0.13548387096774192,0.042954244852634334,18917436294.0,13.548387096774192,-31288.0
META260116C00660000,660.0,-4817.0,空头平仓 Call，回补信号，看涨,1.6982071012745705,CALL,0.0,4817.0,11011662.0,5.893615512394076e-06,10M-50M,2026-01-16,644.3699951171875,633.6099853515625,636.0750122070312,645.4500122070312,635.5,22.86,22.8,23.05,259.0,0.313910669555664,False,META,18.97,0.2050606220347918,0.016982071012745705,1868405222031.0,20.506062203479182,-4817.0
NU270115C00015000,15.0,-22719.0,空头平仓 Call，回补信号，看涨,1.2463776961616848,CALL,0.0,22719.0,10950558.0,0.00014401346160275867,10M-50M,2027-01-15,17.46500015258789,17.25,17.389999389648438,17.530000686645508,17.200000762939453,4.82,4.75,5.0,71.0,0.51562984375,True,NU,4.72,0.021186440677966215,0.012463776961616848,76038433339.0,2.1186440677966214,-22719.0
CRM260116P00250000,250.0,-4326.0,多头平仓 Put，减仓，看跌减弱,1.764194285755548,PUT,0.0,4326.0,10810674.0,4.66489339851292e-05,10M-50M,2026-01-16,232.1750030517578,228.1499938964844,229.0,232.55999755859372,228.625,24.99,24.0,24.85,6.0,0.3992979992675781,True,CRM,27.03,-0.07547169811320764,0.01764194285755548,231745360000.0,-7.547169811320764,-4326.0
SNOW261218C00200000,200.0,-1339.0,空头平仓 Call，回补信号，看涨,1.500038475269863,CALL,0.0,1339.0,10799035.0,0.00014189087164939438,10M-50M,2026-12-18,252.38999938964844,248.66000366210935,249.6499938964844,254.0,248.84500122070312,80.65,79.8,85.55,1.0,0.5749401637268066,True,SNOW,80.65,0.0,0.015000384752698631,76108032000.0,0.0,-1339.0
SOFI270115C00032000,32.0,-13160.0,空头平仓 Call，回补信号，看涨,2.825553919420712,CALL,0.0,13160.0,10791199.999999998,0.00032208062990473756,10M-50M,2027-01-15,29.295000076293945,28.489999771118164,28.790000915527344,29.46999931335449,28.45499992370605,8.2,8.0,8.3,30.0,0.7446314599609375,False,SOFI,8.0,0.02499999999999991,0.028255539194207122,33504653798.0,2.499999999999991,-13160.0
NVDA251219P00215000,215.0,-2892.0,空头平仓 Put，回补，看跌信号减弱,-2.0083177586627814,PUT,0.0,2892.0,10787160.0,2.4912511890830914e-06,10M-50M,2025-12-19,176.63980102539062,180.25999450683597,178.99000549316406,179.2899932861328,176.53140258789062,37.3,37.15,37.75,20.0,1.0000000000000004e-05,True,NVDA,35.12,0.06207289293849658,-0.020083177586627813,4330017000000.0,6.207289293849658,-2892.0
WMT260116C00085000,85.0,-4251.0,空头平仓 Call，回补信号，看涨,1.131989576190974,CALL,0.0,4251.0,10772034.0,1.3097027141220512e-05,10M-50M,2026-01-16,110.33499908447266,109.0999984741211,109.3000030517578,110.34559631347656,109.0,25.34,24.6,26.1,2.0,0.5205126074218749,True,WMT,24.7,0.025910931174089092,0.01131989576190974,822479321746.0,2.591093117408909,-4251.0
META270115C00670000,670.0,-1032.0,空头平仓 Call，回补信号，看涨,1.6982071012745705,CALL,0.0,1032.0,10753440.0,5.755411017483007e-06,10M-50M,2027-01-15,644.3699951171875,633.6099853515625,636.0750122070312,645.4500122070312,635.5,104.2,103.6,104.85,20.0,0.4233303517150878,False,META,98.47,0.0581903117700823,0.016982071012745705,1868405222031.0,5.81903117700823,-1032.0
TEVA260918C00022000,22.0,-15351.0,空头平仓 Call，回补信号，看涨,1.8427075075040256,CALL,0.0,15351.0,10745700.0,0.0005107575837192347,10M-50M,2026-09-18,26.80500030517578,26.31999969482422,26.46999931335449,26.959999084472656,26.38999938964844,7.0,7.0,7.75,100.0,0.5295457202148439,True,TEVA,6.42,0.09034267912772587,0.018427075075040256,21038747818.0,9.034267912772586,-15351.0
ORCL260918P00230000,230.0,-2061.0,空头平仓 Put，回补，看跌信号减弱,-1.7515668808947178,PUT,0.0,2061.0,10731627.0,1.3322735928768304e-05,10M-50M,2026-09-18,201.3699951171875,204.9600067138672,199.50999450683597,202.33990478515625,197.6100006103516,52.07,50.95,52.7,1.0,0.4778799771118164,True,ORCL,48.95,0.06373850868232885,-0.017515668808947178,805512250440.0,6.373850868232885,-2061.0
MSFT251219C00460000,460.0,-2997.0,空头平仓 Call，回补信号，看涨,1.235839340885685,CALL,0.0,2997.0,10687301.999999998,2.8111405100719104e-06,10M-50M,2025-12-19,491.5,485.5,487.5950012207031,492.6300048828125,486.6499938964844,35.66,35.3,35.85,18.0,0.3267889587402344,True,MSFT,30.45,0.1711001642036124,0.012358393408856848,3801767276203.0,17.11001642036124,-2997.0
MSFT271217C00440000,440.0,-904.0,空头平仓 Call，回补信号，看涨,1.235839340885685,CALL,0.0,904.0,10682568.0,2.809895299711552e-06,10M-50M,2027-12-17,491.5,485.5,487.5950012207031,492.6300048828125,486.6499938964844,118.17,119.6,124.0,3.0,0.3649584378814697,True,MSFT,118.17,0.0,0.012358393408856848,3801767276203.0,0.0,-904.0
MS260116C00120000,120.0,-2590.0,空头平仓 Call，回补信号，看涨,1.2551475924840334,CALL,0.0,2590.0,10670800.000000002,4.174978863736093e-05,10M-50M,2026-01-16,170.0478973388672,167.94000244140625,168.0,170.19000244140625,167.7899932861328,41.2,49.0,51.7,1.0,0.7152128088378906,True,MS,41.2,0.0,0.012551475924840334,255589317893.0,0.0,-2590.0
AMZN260618C00240000,240.0,-4610.0,空头平仓 Call，回补信号，看涨,1.3505852553862998,CALL,0.0,4610.0,10667540.0,4.551125700417341e-06,10M-50M,2026-06-18,232.2550048828125,229.16000366210935,231.34500122070312,232.7400054931641,230.22999572753903,23.14,23.1,23.25,184.0,0.3848328118896483,False,AMZN,22.12,0.046112115732368876,0.013505852553862998,2343934380679.0,4.611211573236887,-4610.0
META260116C00580000,580.0,-1442.0,空头平仓 Call，回补信号，看涨,1.6982071012745705,CALL,0.0,1442.0,10657822.0,5.7042347528951455e-06,10M-50M,2026-01-16,644.3699951171875,633.6099853515625,636.0750122070312,645.4500122070312,635.5,73.91,73.6,75.0,23.0,0.3698183135986328,True,META,66.44,0.11243226971703792,0.016982071012745705,1868405222031.0,11.243226971703791,-1442.0
MS260116C00150000,150.0,-5120.0,空头平仓 Call，回补信号，看涨,1.2551475924840334,CALL,0.0,5120.0,10649600.0,4.166684307385003e-05,10M-50M,2026-01-16,170.0478973388672,167.94000244140625,168.0,170.19000244140625,167.7899932861328,20.8,20.8,22.75,2.0,0.4055235229492187,True,MS,20.8,0.0,0.012551475924840334,255589317893.0,0.0,-5120.0
META280121C00800000,800.0,-967.0,空头平仓 Call，回补信号，看涨,1.6982071012745705,CALL,0.0,967.0,10622495.0,5.685327184245985e-06,10M-50M,2028-01-21,644.3699951171875,633.6099853515625,636.0750122070312,645.4500122070312,635.5,109.85,109.05,111.25,11.0,0.4307384197235108,False,META,105.0,0.046190476190476136,0.016982071012745705,1868405222031.0,4.619047619047613,-967.0
NVDA261218C00210000,210.0,-4344.0,多头平仓 Call，减仓，看涨减弱,-2.0083177586627814,CALL,0.0,4344.0,10621080.0,2.4528956814719203e-06,10M-50M,2026-12-18,176.63980102539062,180.25999450683597,178.99000549316406,179.2899932861328,176.53140258789062,24.45,24.1,24.3,77.0,0.4944508563232422,False,NVDA,25.65,-0.04678362573099413,-0.020083177586627813,4330017000000.0,-4.678362573099413,-4344.0
META260116C00570000,570.0,-1291.0,空头平仓 Call，回补信号，看涨,1.6982071012745705,CALL,0.0,1291.0,10619766.0,5.683866580321408e-06,10M-50M,2026-01-16,644.3699951171875,633.6099853515625,636.0750122070312,645.4500122070312,635.5,82.26,82.45,83.4,11.0,0.3801941864013671,True,META,74.15,0.10937289278489547,0.016982071012745705,1868405222031.0,10.937289278489546,-1291.0
RIOT251219C00013000,13.0,-29075.0,空头平仓 Call，回补信号，看涨,8.823533724148557,CALL,0.0,29075.0,10583300.0,0.001618579647155155,10M-50M,2025-12-19,16.280000686645508,14.960000038146973,15.710000038146973,16.649999618530273,15.564900398254396,3.64,3.45,3.95,86.0,1.0722702636718753,True,RIOT,2.55,0.427450980392157,0.08823533724148558,6538634054.0,42.7450980392157,-29075.0
MSFT260618C00360000,360.0,-733.0,空头平仓 Call，回补信号，看涨,1.235839340885685,CALL,0.0,733.0,10569860.0,2.780249087355133e-06,10M-50M,2026-06-18,491.5,485.5,487.5950012207031,492.6300048828125,486.6499938964844,144.2,143.35,144.95,2.0,0.4512383978271485,True,MSFT,135.05,0.06775268419104018,0.012358393408856848,3801767276203.0,6.775268419104018,-733.0
FCX270115C00040000,40.0,-11182.0,空头平仓 Call，回补信号，看涨,2.419920773763572,CALL,0.0,11182.0,10566990.0,0.0002058681326385147,10M-50M,2027-01-15,43.16999816894531,42.150001525878906,42.7599983215332,43.40499877929688,42.31999969482422,9.45,9.25,9.75,58.0,0.4611870288085938,True,FCX,8.77,0.07753705815279359,0.02419920773763572,51328925291.0,7.753705815279359,-11182.0
META261218C00660000,660.0,-1016.0,空头平仓 Call，回补信号，看涨,1.6982071012745705,CALL,0.0,1016.0,10566400.0,5.65530425381389e-06,10M-50M,2026-12-18,644.3699951171875,633.6099853515625,636.0750122070312,645.4500122070312,635.5,104.0,104.05,104.95,5.0,0.4240780249023437,False,META,98.64,0.0543390105433901,0.016982071012745705,1868405222031.0,5.433901054339009,-1016.0
META260618C00760000,760.0,-2946.0,空头平仓 Call，回补信号，看涨,1.6982071012745705,CALL,0.0,2946.0,10561410.0,5.6526335269602285e-06,10M-50M,2026-06-18,644.3699951171875,633.6099853515625,636.0750122070312,645.4500122070312,635.5,35.85,36.05,36.6,2.0,0.3934844587707519,False,META,33.37,0.07431824992508253,0.016982071012745705,1868405222031.0,7.431824992508253,-2946.0
ORCL260116C00160000,160.0,-2269.0,多头平仓 Call，减仓，看涨减弱,-1.7515668808947178,CALL,0.0,2269.0,10550850.0,1.3098311036532024e-05,10M-50M,2026-01-16,201.3699951171875,204.9600067138672,199.50999450683597,202.33990478515625,197.6100006103516,46.5,43.95,46.9,5.0,0.659183095703125,True,ORCL,49.75,-0.06532663316582915,-0.017515668808947178,805512250440.0,-6.532663316582915,-2269.0
NVDA260417C00185000,185.0,-5993.0,多头平仓 Call，减仓，看涨减弱,-2.0083177586627814,CALL,0.0,5993.0,10547680.0,2.4359442468701625e-06,10M-50M,2026-04-17,176.63980102539062,180.25999450683597,178.99000549316406,179.2899932861328,176.53140258789062,17.6,17.5,17.6,237.0,0.4816336016845703,False,NVDA,19.15,-0.08093994778067871,-0.020083177586627813,4330017000000.0,-8.093994778067872,-5993.0
JPM260116C00260000,260.0,-2490.0,空头平仓 Call，回补信号，看涨,1.891813980470497,CALL,0.0,2490.0,10545150.0,1.2133592535302017e-05,10M-50M,2026-01-16,313.4599914550781,307.6400146484375,309.1000061035156,313.7200012207031,308.239990234375,42.35,53.65,56.5,21.0,0.4466608068847656,True,JPM,42.35,0.0,0.01891813980470497,869087203095.0,0.0,-2490.0
NVDA261218C00156000,156.0,-2215.0,多头平仓 Call，减仓，看涨减弱,-2.0083177586627814,CALL,0.0,2215.0,10541185.0,2.434444252759285e-06,10M-50M,2026-12-18,176.63980102539062,180.25999450683597,178.99000549316406,179.2899932861328,176.53140258789062,47.59,47.2,47.45,2.0,0.5357102093505859,True,NVDA,49.05,-0.029765545361875513,-0.020083177586627813,4330017000000.0,-2.9765545361875514,-2215.0
WMT260116C00095000,95.0,-6735.0,空头平仓 Call，回补信号，看涨,1.131989576190974,CALL,0.0,6735.0,10540275.0,1.2815246196858275e-05,10M-50M,2026-01-16,110.33499908447266,109.0999984741211,109.3000030517578,110.34559631347656,109.0,15.65,15.3,16.0,15.0,0.3286199951171874,True,WMT,14.94,0.04752342704149939,0.01131989576190974,822479321746.0,4.752342704149939,-6735.0
JPM251219C00225000,225.0,-1353.0,空头平仓 Call，回补信号，看涨,1.891813980470497,CALL,0.0,1353.0,10533104.999999998,1.211973316657917e-05,10M-50M,2025-12-19,313.4599914550781,307.6400146484375,309.1000061035156,313.7200012207031,308.239990234375,77.85,87.4,89.7,3.0,0.5546919531250001,True,JPM,77.85,0.0,0.01891813980470497,869087203095.0,0.0,-1353.0
AMZN260618P00215000,215.0,-6791.0,多头平仓 Put，减仓，看跌减弱,1.3505852553862998,PUT,0.0,6791.0,10526050.0,4.490761382556611e-06,10M-50M,2026-06-18,232.2550048828125,229.16000366210935,231.34500122070312,232.7400054931641,230.22999572753903,15.5,14.5,14.7,19.0,0.3358831060791015,False,AMZN,15.5,0.0,0.013505852553862998,2343934380679.0,0.0,-6791.0
AMZN260116P00225000,225.0,-15934.0,多头平仓 Put，减仓，看跌减弱,1.3505852553862998,PUT,0.0,15934.0,10516440.0,4.486661438428817e-06,10M-50M,2026-01-16,232.2550048828125,229.16000366210935,231.34500122070312,232.7400054931641,230.22999572753903,6.6,6.55,6.6,322.0,0.2904123693847655,False,AMZN,7.78,-0.15167095115681242,0.013505852553862998,2343934380679.0,-15.167095115681242,-15934.0
MSFT260618C00430000,430.0,-1335.0,空头平仓 Call，回补信号，看涨,1.235839340885685,CALL,0.0,1335.0,10493099.999999998,2.76005847745629e-06,10M-50M,2026-06-18,491.5,485.5,487.5950012207031,492.6300048828125,486.6499938964844,78.6,84.1,86.1,5.0,0.3618227880859375,True,MSFT,78.6,0.0,0.012358393408856848,3801767276203.0,0.0,-1335.0
ORCL260417P00240000,240.0,-2171.0,空头平仓 Put，回补，看跌信号减弱,-1.7515668808947178,PUT,0.0,2171.0,10485929.999999998,1.3017716359089763e-05,10M-50M,2026-04-17,201.3699951171875,204.9600067138672,199.50999450683597,202.33990478515625,197.6100006103516,48.3,49.7,50.75,37.0,0.4996998272705079,True,ORCL,48.3,0.0,-0.017515668808947178,805512250440.0,0.0,-2171.0
UBER260116C00070000,70.0,-5990.0,空头平仓 Call，回补信号，看涨,1.9729100394134897,CALL,0.0,5990.0,10482500.0,5.1057070425562594e-05,10M-50M,2026-01-16,87.3499984741211,85.66000366210938,86.51000213623047,87.41999816894531,86.23999786376953,17.5,17.05,18.3,2.0,0.5229539892578124,True,UBER,16.76,0.0441527446300715,0.019729100394134898,205309468652.0,4.41527446300715,-5990.0
BAC251219C00045000,45.0,-13520.0,空头平仓 Call，回补信号，看涨,1.7029574017326878,CALL,0.0,13520.0,10478000.0,2.7094768549856353e-05,10M-50M,2025-12-19,53.89239883422852,52.9900016784668,53.11000061035156,53.900001525878906,53.04999923706055,7.75,8.65,8.95,42.0,0.3847717773437499,True,BAC,7.75,0.0,0.017029574017326878,386716719160.0,0.0,-13520.0
MSFT260116C00435000,435.0,-1692.0,空头平仓 Call，回补信号，看涨,1.235839340885685,CALL,0.0,1692.0,10473480.0,2.754897719689025e-06,10M-50M,2026-01-16,491.5,485.5,487.5950012207031,492.6300048828125,486.6499938964844,61.9,62.25,63.1,1.0,0.3732362481689453,True,MSFT,57.6,0.07465277777777772,0.012358393408856848,3801767276203.0,7.465277777777772,-1692.0
COIN270115P00250000,250.0,-1969.0,多头平仓 Put，减仓，看跌减弱,3.2314633384228597,PUT,0.0,1969.0,10445545.0,0.0001300551095540112,10M-50M,2027-01-15,273.53240966796875,264.9700012207031,273.69000244140625,279.8599853515625,270.20001220703125,53.05,53.45,54.4,1.0,0.5949137188720703,False,COIN,56.6,-0.06272084805653717,0.032314633384228596,80316298497.0,-6.2720848056537175,-1969.0
META280121C00750000,750.0,-830.0,空头平仓 Call，回补信号，看涨,1.6982071012745705,CALL,0.0,830.0,10437250.0,5.586181132942064e-06,10M-50M,2028-01-21,644.3699951171875,633.6099853515625,636.0750122070312,645.4500122070312,635.5,125.75,125.0,126.5,19.0,0.4351557949829102,False,META,119.75,0.05010438413361169,0.016982071012745705,1868405222031.0,5.010438413361169,-830.0
IBM260116C00240000,240.0,-1476.0,空头平仓 Call，回补信号，看涨,1.3785901887005145,CALL,0.0,1476.0,10405800.0,3.9290857647711406e-05,10M-50M,2026-01-16,307.3900146484375,303.2099914550781,304.0599975585937,309.1300048828125,303.6000061035156,70.5,70.0,72.0,3.0,0.5809978424072266,True,IBM,66.15,0.06575963718820853,0.013785901887005144,264840235693.0,6.575963718820852,-1476.0
AMZN260618C00205000,205.0,-2426.0,空头平仓 Call，回补信号，看涨,1.3505852553862998,CALL,0.0,2426.0,10395410.0,4.435026033872423e-06,10M-50M,2026-06-18,232.2550048828125,229.16000366210935,231.34500122070312,232.7400054931641,230.22999572753903,42.85,43.0,43.3,2.0,0.4258480267333985,True,AMZN,42.12,0.017331433998100762,0.013505852553862998,2343934380679.0,1.7331433998100763,-2426.0
MSFT260320C00380000,380.0,-880.0,空头平仓 Call，回补信号，看涨,1.235839340885685,CALL,0.0,880.0,10392800.0,2.7336760103789856e-06,10M-50M,2026-03-20,491.5,485.5,487.5950012207031,492.6300048828125,486.6499938964844,118.1,117.9,120.6,1.0,0.4608513388061523,True,MSFT,104.15,0.13394143062890052,0.012358393408856848,3801767276203.0,13.394143062890052,-880.0
META280121P00700000,700.0,-669.0,多头平仓 Put，减仓，看跌减弱,1.6982071012745705,PUT,0.0,669.0,10379535.0,5.555291152910183e-06,10M-50M,2028-01-21,644.3699951171875,633.6099853515625,636.0750122070312,645.4500122070312,635.5,155.15,150.05,152.2,7.0,0.3143798726272583,True,META,155.15,0.0,0.016982071012745705,1868405222031.0,0.0,-669.0
INTC260918P00035000,35.0,-18045.0,多头平仓 Put，减仓，看跌减弱,7.864711626618565,PUT,0.0,18045.0,10375875.0,6.677591250036201e-05,10M-50M,2026-09-18,39.70500183105469,36.810001373291016,37.369998931884766,39.75,37.35499954223633,5.75,3.25,5.7,2.0,0.5921671643066408,False,INTC,5.75,0.0,0.07864711626618565,155383500000.0,0.0,-18045.0
META261218C00630000,630.0,-879.0,空头平仓 Call，回补信号，看涨,1.6982071012745705,CALL,0.0,879.0,10375716.0,5.553247163761058e-06,10M-50M,2026-12-18,644.3699951171875,633.6099853515625,636.0750122070312,645.4500122070312,635.5,118.04,117.95,118.85,13.0,0.4300060051727294,True,META,112.2,0.05204991087344031,0.016982071012745705,1868405222031.0,5.204991087344031,-879.0
BE251219C00100000,100.0,-6461.0,空头平仓 Call，回补信号，看涨,7.002175969111904,CALL,0.0,6461.0,10369905.0,0.000630207875242736,10M-50M,2025-12-19,108.22200012207033,101.13999938964844,104.1999969482422,108.22200012207033,102.55120086669922,16.05,15.7,16.5,61.0,1.137455484619141,True,BE,13.0,0.23461538461538467,0.07002175969111904,16454737250.0,23.461538461538467,-6461.0
MSFT261218C00495000,495.0,-1678.0,空头平仓 Call，回补信号，看涨,1.235839340885685,CALL,0.0,1678.0,10353260.0,2.7232755841752306e-06,10M-50M,2026-12-18,491.5,485.5,487.5950012207031,492.6300048828125,486.6499938964844,61.7,62.05,62.85,2.0,0.3205481764221191,False,MSFT,58.91,0.047360380241045774,0.012358393408856848,3801767276203.0,4.736038024104578,-1678.0
SNOW260116C00250000,250.0,-4842.0,空头平仓 Call，回补信号，看涨,1.500038475269863,CALL,0.0,4842.0,10337670.000000002,0.0001358288964823056,10M-50M,2026-01-16,252.38999938964844,248.66000366210935,249.6499938964844,254.0,248.84500122070312,21.35,21.1,21.5,17.0,0.5423019403076172,True,SNOW,19.23,0.1102444097763911,0.015000384752698631,76108032000.0,11.024440977639111,-4842.0
BAC270115C00045000,45.0,-8608.0,空头平仓 Call，回补信号，看涨,1.7029574017326878,CALL,0.0,8608.0,10329600.0,2.671102512049973e-05,10M-50M,2027-01-15,53.89239883422852,52.9900016784668,53.11000061035156,53.900001525878906,53.04999923706055,12.0,11.65,12.35,8.0,0.3370427624511719,True,BAC,11.35,0.05726872246696039,0.017029574017326878,386716719160.0,5.726872246696039,-8608.0
MU260618C00210000,210.0,-1720.0,空头平仓 Call，回补信号，看涨,2.663250525055157,CALL,0.0,1720.0,10326880.0,5.867385280461309e-05,10M-50M,2026-06-18,236.39239501953125,230.25999450683597,235.6150054931641,238.1000061035156,233.47999572753903,60.04,57.5,60.25,6.0,0.6770051831054689,True,MU,57.0,0.053333333333333316,0.026632505250551566,176004804634.0,5.333333333333331,-1720.0
NVDA260220C00150000,150.0,-3079.0,多头平仓 Call，减仓，看涨减弱,-2.0083177586627814,CALL,0.0,3079.0,10314650.0,2.3821269061992137e-06,10M-50M,2026-02-20,176.63980102539062,180.25999450683597,178.99000549316406,179.2899932861328,176.53140258789062,33.5,33.25,33.6,65.0,0.5383346948242189,True,NVDA,36.08,-0.07150776053215073,-0.020083177586627813,4330017000000.0,-7.150776053215073,-3079.0
CRCL260116C00060000,60.0,-4556.0,空头平仓 Call，回补信号，看涨,11.45374416951036,CALL,0.0,4556.0,10296560.0,0.00035340797268647956,10M-50M,2026-01-16,80.95999908447266,72.63999938964844,75.30999755859375,81.4800033569336,74.0199966430664,22.6,22.15,23.7,50.0,0.8591322680664062,True,CRCL,15.5,0.4580645161290324,0.1145374416951036,29135052958.0,45.80645161290324,-4556.0
META271217C00640000,640.0,-625.0,空头平仓 Call，回补信号，看涨,1.6982071012745705,CALL,0.0,625.0,10250000.0,5.485961973954457e-06,10M-50M,2027-12-17,644.3699951171875,633.6099853515625,636.0750122070312,645.4500122070312,635.5,164.0,161.3,164.7,1.0,0.4500711121368408,True,META,157.0,0.044585987261146494,0.016982071012745705,1868405222031.0,4.45859872611465,-625.0
NVDA271217P00155000,155.0,-3754.0,空头平仓 Put，回补，看跌信号减弱,-2.0083177586627814,PUT,0.0,3754.0,10233404.0,2.3633634694736765e-06,10M-50M,2027-12-17,176.63980102539062,180.25999450683597,178.99000549316406,179.2899932861328,176.53140258789062,27.26,27.75,28.0,1.0,0.4054167124938965,False,NVDA,27.26,0.0,-0.020083177586627813,4330017000000.0,0.0,-3754.0
AMZN251219P00250000,250.0,-5233.0,多头平仓 Put，减仓，看跌减弱,1.3505852553862998,PUT,0.0,5233.0,10230515.0,4.364676368216582e-06,10M-50M,2025-12-19,232.2550048828125,229.16000366210935,231.34500122070312,232.7400054931641,230.22999572753903,19.55,18.9,19.1,5.0,0.2882151257324218,True,AMZN,20.5,-0.04634146341463411,0.013505852553862998,2343934380679.0,-4.634146341463411,-5233.0
CRCL260116P00090000,90.0,-6315.0,多头平仓 Put，减仓，看跌减弱,11.45374416951036,PUT,0.0,6315.0,10230300.0,0.00035113373621622096,10M-50M,2026-01-16,80.95999908447266,72.63999938964844,75.30999755859375,81.4800033569336,74.0199966430664,16.2,14.55,15.45,7.0,0.7774680456542968,True,CRCL,20.2,-0.19801980198019803,0.1145374416951036,29135052958.0,-19.801980198019802,-6315.0
MSFT260618P00550000,550.0,-1211.0,多头平仓 Put，减仓，看跌减弱,1.235839340885685,PUT,0.0,1211.0,10215996.0,2.687170270507243e-06,10M-50M,2026-06-18,491.5,485.5,487.5950012207031,492.6300048828125,486.6499938964844,84.36,67.8,69.3,1.0,0.2061846960449218,True,MSFT,84.36,0.0,0.012358393408856848,3801767276203.0,0.0,-1211.0
META260618P00640000,640.0,-1534.0,多头平仓 Put，减仓，看跌减弱,1.6982071012745705,PUT,0.0,1534.0,10211837.999999998,5.465537068505671e-06,10M-50M,2026-06-18,644.3699951171875,633.6099853515625,636.0750122070312,645.4500122070312,635.5,66.57,62.15,62.75,6.0,0.3407353524780273,False,META,66.57,0.0,0.016982071012745705,1868405222031.0,0.0,-1534.0
META270115C00620000,620.0,-804.0,空头平仓 Call，回补信号，看涨,1.6982071012745705,CALL,0.0,804.0,10208388.0,5.4636905739876085e-06,10M-50M,2027-01-15,644.3699951171875,633.6099853515625,636.0750122070312,645.4500122070312,635.5,126.97,126.2,128.1,11.0,0.4338130349731446,True,META,120.6,0.0528192371475954,0.016982071012745705,1868405222031.0,5.2819237147595395,-804.0
MSFT271217C00550000,550.0,-1538.0,空头平仓 Call，回补信号，看涨,1.235839340885685,CALL,0.0,1538.0,10189250.0,2.680135121310338e-06,10M-50M,2027-12-17,491.5,485.5,487.5950012207031,492.6300048828125,486.6499938964844,66.25,67.35,68.8,7.0,0.3227377907562254,False,MSFT,65.75,0.0076045627376425855,0.012358393408856848,3801767276203.0,0.7604562737642585,-1538.0
META260618P00580000,580.0,-2551.0,多头平仓 Put，减仓，看跌减弱,1.6982071012745705,PUT,0.0,2551.0,10152979.999999998,5.434035336811718e-06,10M-50M,2026-06-18,644.3699951171875,633.6099853515625,636.0750122070312,645.4500122070312,635.5,39.8,36.65,37.15,67.0,0.3542926509857176,False,META,39.8,0.0,0.016982071012745705,1868405222031.0,0.0,-2551.0
MSFT251219C00410000,410.0,-1212.0,空头平仓 Call，回补信号，看涨,1.235839340885685,CALL,0.0,1212.0,10144440.0,2.668348497683877e-06,10M-50M,2025-12-19,491.5,485.5,487.5950012207031,492.6300048828125,486.6499938964844,83.7,81.8,84.25,2.0,0.5648236877441408,True,MSFT,79.59,0.05163965322276667,0.012358393408856848,3801767276203.0,5.163965322276667,-1212.0
META261218C00620000,620.0,-831.0,空头平仓 Call，回补信号，看涨,1.6982071012745705,CALL,0.0,831.0,10119087.0,5.4158952676231105e-06,10M-50M,2026-12-18,644.3699951171875,633.6099853515625,636.0750122070312,645.4500122070312,635.5,121.77,122.35,124.2,8.0,0.43379777633667,True,META,117.0,0.04076923076923074,0.016982071012745705,1868405222031.0,4.076923076923074,-831.0
ORCL270115P00180000,180.0,-3486.0,空头平仓 Put，回补，看跌信号减弱,-1.7515668808947178,PUT,0.0,3486.0,10109400.0,1.2550274678600952e-05,10M-50M,2027-01-15,201.3699951171875,204.9600067138672,199.50999450683597,202.33990478515625,197.6100006103516,29.0,27.55,30.2,3.0,0.4999592240905762,False,ORCL,27.25,0.06422018348623854,-0.017515668808947178,805512250440.0,6.422018348623854,-3486.0
BIDU260116C00090000,90.0,-3548.0,空头平仓 Call，回补信号，看涨,1.0314634823878628,CALL,0.0,3548.0,10104704.0,0.00022379865805800648,10M-50M,2026-01-16,117.54000091552734,116.33999633789062,117.16500091552734,118.1999969482422,116.87999725341795,28.48,27.4,29.5,1.0,0.5471236694335939,True,BIDU,26.6,0.07067669172932327,0.010314634823878628,45150869481.0,7.067669172932327,-3548.0
META260116C00670000,670.0,-5312.0,空头平仓 Call，回补信号，看涨,1.6982071012745705,CALL,0.0,5312.0,10103424.0,5.4075121825111054e-06,10M-50M,2026-01-16,644.3699951171875,633.6099853515625,636.0750122070312,645.4500122070312,635.5,19.02,19.0,19.15,161.0,0.3118660122680663,False,META,15.6,0.21923076923076923,0.016982071012745705,1868405222031.0,21.923076923076923,-5312.0
META251219P00660000,660.0,-3758.0,多头平仓 Put，减仓，看跌减弱,1.6982071012745705,PUT,0.0,3758.0,10097746.0,5.404473227185436e-06,10M-50M,2025-12-19,644.3699951171875,633.6099853515625,636.0750122070312,645.4500122070312,635.5,26.87,26.55,26.8,64.0,0.280707876586914,True,META,33.47,-0.19719151478936356,0.016982071012745705,1868405222031.0,-19.719151478936357,-3758.0
MSFT251219C00440000,440.0,-1902.0,空头平仓 Call，回补信号，看涨,1.235839340885685,CALL,0.0,1902.0,10097718.0,2.6560589500588936e-06,10M-50M,2025-12-19,491.5,485.5,487.5950012207031,492.6300048828125,486.6499938964844,53.09,53.55,55.15,2.0,0.4284725122070312,True,MSFT,48.5,0.09463917525773202,0.012358393408856848,3801767276203.0,9.463917525773201,-1902.0
MU261218C00200000,200.0,-1257.0,空头平仓 Call，回补信号，看涨,2.663250525055157,CALL,0.0,1257.0,10088682.0,5.732049202281324e-05,10M-50M,2026-12-18,236.39239501953125,230.25999450683597,235.6150054931641,238.1000061035156,233.47999572753903,80.26,78.5,80.35,1.0,0.6792939785766602,True,MU,77.5,0.03561290322580652,0.026632505250551566,176004804634.0,3.561290322580652,-1257.0
AMZN270115P00190000,190.0,-7482.0,多头平仓 Put，减仓，看跌减弱,1.3505852553862998,PUT,0.0,7482.0,10078254.0,4.2997167851945125e-06,10M-50M,2027-01-15,232.2550048828125,229.16000366210935,231.34500122070312,232.7400054931641,230.22999572753903,13.47,13.3,13.5,1.0,0.337622590637207,False,AMZN,13.95,-0.03440860215053754,0.013505852553862998,2343934380679.0,-3.4408602150537537,-7482.0
RIVN271217P00020000,20.0,-12073.0,多头平仓 Put，减仓，看跌减弱,4.295424485263434,PUT,0.0,12073.0,10068882.0,0.000532254045607307,10M-50M,2027-12-17,16.875,16.18000030517578,16.389999389648438,17.05500030517578,16.260000228881836,8.34,6.95,8.4,8.0,0.585941640625,True,RIVN,8.34,0.0,0.042954244852634334,18917436294.0,0.0,-12073.0
C260320C00075000,75.0,-3494.0,空头平仓 Call，回补信号，看涨,1.760975907488567,CALL,0.0,3494.0,10059226.0,5.283604851183211e-05,10M-50M,2026-03-20,104.30500030517578,102.5,102.8000030517578,104.30500030517578,102.51000213623048,28.79,28.15,30.75,23.0,0.5031787963867188,True,C,28.79,0.0,0.01760975907488567,190385660611.0,0.0,-3494.0
MRVL260116C00100000,100.0,-19946.0,空头平仓 Call，回补信号，看涨,1.2140930535633585,CALL,0.0,19946.0,10052784.0,0.0001402045166628901,10M-50M,2026-01-16,88.78500366210938,87.72000122070312,85.8949966430664,89.41629791259766,84.54000091552734,5.04,4.7,5.15,187.0,0.6842072595214845,False,MRVL,4.7,0.07234042553191486,0.012140930535633586,71700857000.0,7.234042553191486,-19946.0
CLSK270115C00015000,15.0,-16749.0,空头平仓 Call，回补信号，看涨,14.275093706479748,CALL,0.0,16749.0,10049400.0,0.002758671327666983,10M-50M,2027-01-15,15.369999885559082,13.449999809265137,14.239999771118164,15.539999961853027,14.010000228881836,6.0,5.95,6.35,223.0,0.9650882397460938,True,CLSK,5.0,0.2,0.14275093706479747,3642840631.0,20.0,-16749.0
META270115C00640000,640.0,-855.0,空头平仓 Call，回补信号，看涨,1.6982071012745705,CALL,0.0,855.0,10045395.0,5.376454144717291e-06,10M-50M,2027-01-15,644.3699951171875,633.6099853515625,636.0750122070312,645.4500122070312,635.5,117.49,116.9,118.35,27.0,0.4293193665313721,True,META,112.0,0.0490178571428571,0.016982071012745705,1868405222031.0,4.90178571428571,-855.0
BAC270115P00050000,50.0,-24193.0,多头平仓 Put，减仓，看跌减弱,1.7029574017326878,PUT,0.0,24193.0,10040095.000000002,2.596240219923364e-05,10M-50M,2027-01-15,53.89239883422852,52.9900016784668,53.11000061035156,53.900001525878906,53.04999923706055,4.15,3.75,4.35,1.0,0.2775951147460937,False,BAC,4.46,-0.06950672645739901,0.017029574017326878,386716719160.0,-6.9506726457399015,-24193.0
META260116P00710000,710.0,-1373.0,多头平仓 Put，减仓，看跌减弱,1.6982071012745705,PUT,0.0,1373.0,10029765.0,5.368088721726763e-06,10M-50M,2026-01-16,644.3699951171875,633.6099853515625,636.0750122070312,645.4500122070312,635.5,73.05,71.05,72.35,5.0,0.2825083956909179,True,META,79.67,-0.08309275762520402,0.016982071012745705,1868405222031.0,-8.309275762520402,-1373.0
UBER270115C00085000,85.0,-5722.0,空头平仓 Call，回补信号，看涨,1.9729100394134897,CALL,0.0,5722.0,10024944.0,4.8828454263803596e-05,10M-50M,2027-01-15,87.3499984741211,85.66000366210938,86.51000213623047,87.41999816894531,86.23999786376953,17.52,16.85,17.35,17.0,0.4450739086914062,True,UBER,16.5,0.06181818181818179,0.019729100394134898,205309468652.0,6.181818181818179,-5722.0
AMZN260116P00250000,250.0,-4813.0,多头平仓 Put，减仓，看跌减弱,1.3505852553862998,PUT,0.0,4813.0,10011040.0,4.271041067753766e-06,10M-50M,2026-01-16,232.2550048828125,229.16000366210935,231.34500122070312,232.7400054931641,230.22999572753903,20.8,20.65,20.9,6.0,0.2668530346679688,True,AMZN,22.97,-0.09447104919460157,0.013505852553862998,2343934380679.0,-9.447104919460157,-4813.0
MU251219P00230000,230.0,-7342.0,多头平仓 Put，减仓，看跌减弱,2.663250525055157,PUT,0.0,7342.0,9992462.0,5.677380240146973e-05,5M-10M,2025-12-19,236.39239501953125,230.25999450683597,235.6150054931641,238.1000061035156,233.47999572753903,13.61,13.25,13.85,18.0,0.7256497161865234,False,MU,16.5,-0.1751515151515152,0.026632505250551566,176004804634.0,-17.51515151515152,-7342.0
NFLX260116P00105000,105.0,-30949.0,多头平仓 Put，减仓，看跌减弱,1.356701007807501,PUT,0.0,30949.0,9965578.0,1.9372451261469778e-05,5M-10M,2026-01-16,107.58000183105467,106.13999938964844,106.5,107.88999938964844,106.25,3.22,3.15,3.25,111.0,0.2818675329589843,False,NFLX,4.15,-0.2240963855421687,0.013567010078075011,514420083731.0,-22.40963855421687,-30949.0
C251219C00095000,95.0,-10060.0,空头平仓 Call，回补信号，看涨,1.760975907488567,CALL,0.0,10060.0,9959400.0,5.231171280461744e-05,5M-10M,2025-12-19,104.30500030517578,102.5,102.8000030517578,104.30500030517578,102.51000213623048,9.9,9.75,10.05,34.0,0.3754945263671875,True,C,8.92,0.10986547085201799,0.01760975907488567,190385660611.0,10.9865470852018,-10060.0
MSFT260116C00470000,470.0,-3104.0,空头平仓 Call，回补信号，看涨,1.235839340885685,CALL,0.0,3104.0,9948320.0,2.6167619628563494e-06,5M-10M,2026-01-16,491.5,485.5,487.5950012207031,492.6300048828125,486.6499938964844,32.05,32.25,32.85,19.0,0.2863230548095703,True,MSFT,27.8,0.15287769784172647,0.012358393408856848,3801767276203.0,15.287769784172648,-3104.0
AMZN260618P00230000,230.0,-4771.0,多头平仓 Put，减仓，看跌减弱,1.3505852553862998,PUT,0.0,4771.0,9947535.0,4.243947732495122e-06,5M-10M,2026-06-18,232.2550048828125,229.16000366210935,231.34500122070312,232.7400054931641,230.22999572753903,20.85,20.8,20.95,49.0,0.3216620568847655,False,AMZN,22.15,-0.058690744920993104,0.013505852553862998,2343934380679.0,-5.86907449209931,-4771.0
SBET260116P00012500,12.5,-36419.0,多头平仓 Put，减仓，看跌减弱,5.219510706459603,PUT,0.0,36419.0,9942387.0,0.0036798202320784054,5M-10M,2026-01-16,10.78499984741211,10.25,10.600000381469728,10.989999771118164,10.470000267028809,2.73,2.45,2.69,3.0,0.91601646484375,True,SBET,2.91,-0.061855670103092834,0.052195107064596034,2701867584.0,-6.185567010309283,-36419.0
BA260116P00210000,210.0,-4471.0,多头平仓 Put，减仓，看跌减弱,1.3107195443195907,PUT,0.0,4471.0,9925620.0,5.93256301815388e-05,5M-10M,2026-01-16,189.3699951171875,186.9199981689453,187.8699951171875,189.7400054931641,186.91000366210935,22.2,21.6,22.2,69.0,0.2711254528808594,True,BA,23.9,-0.07112970711297069,0.013107195443195907,167307451596.0,-7.112970711297069,-4471.0
NVDA260618C00177000,177.0,-3739.0,多头平仓 Call，减仓，看涨减弱,-2.0083177586627814,CALL,0.0,3739.0,9874699.0,2.280521993331666e-06,5M-10M,2026-06-18,176.63980102539062,180.25999450683597,178.99000549316406,179.2899932861328,176.53140258789062,26.41,26.15,26.4,35.0,0.5055591436767577,False,NVDA,28.19,-0.06314295849592058,-0.020083177586627813,4330017000000.0,-6.3142958495920585,-3739.0
COIN270115C00300000,300.0,-1409.0,空头平仓 Call，回补信号，看涨,3.2314633384228597,CALL,0.0,1409.0,9870045.0,0.000122889689698146,5M-10M,2027-01-15,273.53240966796875,264.9700012207031,273.69000244140625,279.8599853515625,270.20001220703125,70.05,69.15,71.15,5.0,0.6947662359619142,False,COIN,62.2,0.1262057877813504,0.032314633384228596,80316298497.0,12.62057877813504,-1409.0
BIDU260116C00105000,105.0,-6074.0,空头平仓 Call，回补信号，看涨,1.0314634823878628,CALL,0.0,6074.0,9839880.0,0.00021793334465332353,5M-10M,2026-01-16,117.54000091552734,116.33999633789062,117.16500091552734,118.1999969482422,116.87999725341795,16.2,14.7,16.2,2.0,0.5185595019531251,True,BIDU,14.04,0.15384615384615385,0.010314634823878628,45150869481.0,15.384615384615385,-6074.0
META260116P00640000,640.0,-3959.0,多头平仓 Put，减仓，看跌减弱,1.6982071012745705,PUT,0.0,3959.0,9798525.0,5.244325419594351e-06,5M-10M,2026-01-16,644.3699951171875,633.6099853515625,636.0750122070312,645.4500122070312,635.5,24.75,24.35,24.55,100.0,0.2816233947753905,False,META,29.75,-0.16806722689075632,0.016982071012745705,1868405222031.0,-16.80672268907563,-3959.0
NVDA260515C00140000,140.0,2094.0,空头卖 Call，看跌/看不涨,-2.0083177586627814,CALL,12649.0,10555.0,9785262.0,2.259866878120802e-06,5M-10M,2026-05-15,176.63980102539062,180.25999450683597,178.99000549316406,179.2899932861328,176.53140258789062,46.73,46.6,46.75,773.0,0.5649457568359376,True,NVDA,49.55,-0.05691220988900102,-0.020083177586627813,4330017000000.0,-5.691220988900102,2094.0
PYPL260116P00077500,77.5,-6458.0,多头平仓 Put，减仓，看跌减弱,1.7952397910115923,PUT,0.0,6458.0,9764496.0,0.0001518655779220487,5M-10M,2026-01-16,62.93999862670898,61.83000183105469,62.22999954223633,63.05500030517578,62.130001068115234,15.12,14.5,15.15,3.0,0.4506890869140625,True,PYPL,16.0,-0.05500000000000005,0.017952397910115922,64296966657.0,-5.500000000000005,-6458.0
NVDA260417C00170000,170.0,-3874.0,多头平仓 Call，减仓，看涨减弱,-2.0083177586627814,CALL,0.0,3874.0,9762480.0,2.254605466906943e-06,5M-10M,2026-04-17,176.63980102539062,180.25999450683597,178.99000549316406,179.2899932861328,176.53140258789062,25.2,24.95,25.15,101.0,0.5036060382080079,True,NVDA,26.95,-0.06493506493506494,-0.020083177586627813,4330017000000.0,-6.493506493506494,-3874.0
NVDA260918C00190000,190.0,-3696.0,多头平仓 Call，减仓，看涨减弱,-2.0083177586627814,CALL,0.0,3696.0,9750048.0,2.251734346539517e-06,5M-10M,2026-09-18,176.63980102539062,180.25999450683597,178.99000549316406,179.2899932861328,176.53140258789062,26.38,26.1,26.3,25.0,0.4991199990844727,False,NVDA,27.95,-0.05617173524150269,-0.020083177586627813,4330017000000.0,-5.617173524150269,-3696.0
SBSW270115C00010000,10.0,-19092.0,空头平仓 Call，回补信号，看涨,4.968203527745933,CALL,0.0,19092.0,9736920.0,0.0012329456106069502,5M-10M,2027-01-15,13.204999923706056,12.579999923706056,12.90999984741211,13.289999961853027,12.920000076293944,5.1,4.7,5.3,55.0,0.6533237792968751,True,SBSW,4.6,0.10869565217391305,0.04968203527745933,7897282667.0,10.869565217391305,-19092.0
RIVN260918C00015000,15.0,-18851.0,空头平仓 Call，回补信号，看涨,4.295424485263434,CALL,0.0,18851.0,9708265.0,0.0005131913674306464,5M-10M,2026-09-18,16.875,16.18000030517578,16.389999389648438,17.05500030517578,16.260000228881836,5.15,4.95,5.25,44.0,0.7299831689453125,True,RIVN,4.83,0.06625258799171849,0.042954244852634334,18917436294.0,6.625258799171848,-18851.0
NVDA260116C00210000,210.0,-48889.0,多头平仓 Call，减仓，看涨减弱,-2.0083177586627814,CALL,0.0,48889.0,9680022.0,2.235562123659099e-06,5M-10M,2026-01-16,176.63980102539062,180.25999450683597,178.99000549316406,179.2899932861328,176.53140258789062,1.98,1.95,1.96,2029.0,0.4172421557617187,False,NVDA,2.47,-0.1983805668016195,-0.020083177586627813,4330017000000.0,-19.83805668016195,-48889.0
RIVN251219C00015000,15.0,-41886.0,空头平仓 Call，回补信号，看涨,4.295424485263434,CALL,0.0,41886.0,9675666.0,0.0005114681423861228,5M-10M,2025-12-19,16.875,16.18000030517578,16.389999389648438,17.05500030517578,16.260000228881836,2.31,2.27,2.35,482.0,0.72851833984375,True,RIVN,1.73,0.33526011560693647,0.042954244852634334,18917436294.0,33.52601156069365,-41886.0
AMZN260116P00220000,220.0,-19269.0,多头平仓 Put，减仓，看跌减弱,1.3505852553862998,PUT,0.0,19269.0,9634500.0,4.1103966388380895e-06,5M-10M,2026-01-16,232.2550048828125,229.16000366210935,231.34500122070312,232.7400054931641,230.22999572753903,5.0,5.0,5.05,331.0,0.299811689453125,False,AMZN,6.05,-0.17355371900826444,0.013505852553862998,2343934380679.0,-17.355371900826444,-19269.0
BA260116P00200000,200.0,-6874.0,多头平仓 Put，减仓，看跌减弱,1.3107195443195907,PUT,0.0,6874.0,9616726.0,5.747936453674319e-05,5M-10M,2026-01-16,189.3699951171875,186.9199981689453,187.8699951171875,189.7400054931641,186.91000366210935,13.99,13.85,14.55,11.0,0.284064776611328,True,BA,15.45,-0.0944983818770226,0.013107195443195907,167307451596.0,-9.44983818770226,-6874.0
ORCL260220P00220000,220.0,-3070.0,空头平仓 Put，回补，看跌信号减弱,-1.7515668808947178,PUT,0.0,3070.0,9609100.0,1.192917922073955e-05,5M-10M,2026-02-20,201.3699951171875,204.9600067138672,199.50999450683597,202.33990478515625,197.6100006103516,31.3,30.35,32.0,29.0,0.5079394909667969,True,ORCL,28.62,0.09364081062194268,-0.017515668808947178,805512250440.0,9.364081062194268,-3070.0
ONON260320C00050000,50.0,-36941.0,空头平仓 Call，回补信号，看涨,1.9564742939829078,CALL,0.0,36941.0,9604660.0,0.00035629364803070704,5M-10M,2026-03-20,44.03499984741211,43.18999862670898,43.34000015258789,44.23989868164063,43.27999877929688,2.6,2.4,2.55,6.0,0.47852083984375,False,ONON,2.4,0.08333333333333341,0.01956474293982908,26957146312.0,8.333333333333341,-36941.0
AG260116C00015000,15.0,-56482.0,空头平仓 Call，回补信号，看涨,12.43522814981115,CALL,0.0,56482.0,9601940.0,0.0016189375914780167,5M-10M,2026-01-16,15.1899995803833,13.510000228881836,13.989999771118164,15.210000038146973,13.859999656677246,1.7,1.7,1.73,3369.0,0.727541787109375,True,AG,0.88,0.9318181818181818,0.1243522814981115,5931013061.0,93.18181818181817,-56482.0
NVDA260116P00178000,178.0,-9352.0,空头平仓 Put，回补，看跌信号减弱,-2.0083177586627814,PUT,0.0,9352.0,9585800.0,2.2138019319554635e-06,5M-10M,2026-01-16,176.63980102539062,180.25999450683597,178.99000549316406,179.2899932861328,176.53140258789062,10.25,10.25,10.35,135.0,0.3694521063232422,True,NVDA,9.45,0.08465608465608473,-0.020083177586627813,4330017000000.0,8.465608465608474,-9352.0
BE270115C00085000,85.0,-1753.0,空头平仓 Call，回补信号，看涨,7.002175969111904,CALL,0.0,1753.0,9559109.0,0.0005809335545604048,5M-10M,2027-01-15,108.22200012207033,101.13999938964844,104.1999969482422,108.22200012207033,102.55120086669922,54.53,53.1,56.1,14.0,1.0847824081420896,True,BE,50.93,0.07068525427056747,0.07002175969111904,16454737250.0,7.0685254270567475,-1753.0
META260417C00700000,700.0,-2473.0,空头平仓 Call，回补信号，看涨,1.6982071012745705,CALL,0.0,2473.0,9558145.0,5.1156702450285776e-06,5M-10M,2026-04-17,644.3699951171875,633.6099853515625,636.0750122070312,645.4500122070312,635.5,38.65,38.35,38.8,52.0,0.3774171145629882,False,META,34.72,0.11319124423963133,0.016982071012745705,1868405222031.0,11.319124423963132,-2473.0
CRCL260116C00085000,85.0,-11757.0,空头平仓 Call，回补信号，看涨,11.45374416951036,CALL,0.0,11757.0,9546684.0,0.00032767004109318567,5M-10M,2026-01-16,80.95999908447266,72.63999938964844,75.30999755859375,81.4800033569336,74.0199966430664,8.12,7.9,8.3,263.0,0.82226740234375,False,CRCL,4.69,0.7313432835820892,0.1145374416951036,29135052958.0,73.13432835820892,-11757.0
MSFT260618C00440000,440.0,-1274.0,空头平仓 Call，回补信号，看涨,1.235839340885685,CALL,0.0,1274.0,9516780.0,2.5032515955329193e-06,5M-10M,2026-06-18,491.5,485.5,487.5950012207031,492.6300048828125,486.6499938964844,74.7,77.25,78.0,1.0,0.3470676866149901,True,MSFT,70.7,0.056577086280056574,0.012358393408856848,3801767276203.0,5.657708628005658,-1274.0
EOSE280121C00015000,15.0,-11449.0,空头平仓 Call，回补信号，看涨,6.016886276854808,CALL,0.0,11449.0,9514119.0,0.003617922992641783,5M-10M,2028-01-21,15.0649995803833,14.210000038146973,14.449999809265137,15.09000015258789,14.199999809265137,8.31,7.7,9.0,2.0,1.0376024682617189,True,EOSE,7.69,0.08062418725617686,0.060168862768548076,2629718493.0,8.062418725617686,-11449.0
JPM260116C00255000,255.0,-1574.0,空头平仓 Call，回补信号，看涨,1.891813980470497,CALL,0.0,1574.0,9506960.0,1.093901735768717e-05,5M-10M,2026-01-16,313.4599914550781,307.6400146484375,309.1000061035156,313.7200012207031,308.239990234375,60.4,58.85,61.4,1.0,0.4752249743652343,True,JPM,54.55,0.10724106324472964,0.01891813980470497,869087203095.0,10.724106324472963,-1574.0
MSFT260116P00495000,495.0,-5915.0,多头平仓 Put，减仓，看跌减弱,1.235839340885685,PUT,0.0,5915.0,9493575.0,2.497147855268424e-06,5M-10M,2026-01-16,491.5,485.5,487.5950012207031,492.6300048828125,486.6499938964844,16.05,15.65,15.85,30.0,0.1927265786743164,True,MSFT,19.45,-0.17480719794344465,0.012358393408856848,3801767276203.0,-17.480719794344466,-5915.0
JD251219P00034000,34.0,-22152.0,多头平仓 Put，减仓，看跌减弱,1.444592916242034,PUT,0.0,22152.0,9458904.0,0.00018865490478752305,5M-10M,2025-12-19,29.84499931335449,29.420000076293945,29.850000381469727,29.989999771118164,29.7450008392334,4.27,4.05,4.55,41.0,0.5585981640625001,True,JD,4.9,-0.12857142857142873,0.014445929162420339,50138659319.0,-12.857142857142872,-22152.0
XYZ260320C00060000,60.0,-8045.0,空头平仓 Call，回补信号，看涨,3.429191755795548,CALL,0.0,8045.0,9428740.0,0.00020995655147223072,5M-10M,2026-03-20,67.26000213623047,65.02999877929688,65.7300033569336,67.4800033569336,65.5,11.72,11.4,12.0,3.0,0.5354050366210938,True,XYZ,10.68,0.09737827715355814,0.03429191755795548,44908053280.0,9.737827715355813,-8045.0
PANW260116C00180000,180.0,-6170.0,空头平仓 Call，回补信号，看涨,2.6598287097050006,CALL,0.0,6170.0,9409250.0,6.95100626716776e-05,5M-10M,2026-01-16,190.27999877929688,185.3500061035156,187.1999969482422,190.7700042724609,186.9499969482422,15.25,14.45,15.4,19.0,0.3430241479492187,True,PANW,11.85,0.28691983122362874,0.026598287097050005,135365293000.0,28.691983122362874,-6170.0
JD251219P00035000,35.0,-17861.0,多头平仓 Put，减仓，看跌减弱,1.444592916242034,PUT,0.0,17861.0,9394886.0,0.00018737808564497888,5M-10M,2025-12-19,29.84499931335449,29.420000076293945,29.850000381469727,29.989999771118164,29.7450008392334,5.26,4.95,5.3,33.0,0.476567734375,True,JD,5.65,-0.06902654867256647,0.014445929162420339,50138659319.0,-6.902654867256647,-17861.0
MSTR251205C00185000,185.0,16021.0,多头买 Call，看涨,2.2204474550426503,CALL,24544.0,8523.0,9372285.0,0.00010694697890921137,5M-10M,2025-12-05,179.5399932861328,175.63999938964844,182.94500732421875,187.2790069580078,178.6999969482422,5.85,5.75,6.0,4261.0,0.780275634765625,False,MSTR,4.69,0.2473347547974412,0.0222044745504265,87634873800.0,24.73347547974412,16021.0
META260618C00640000,640.0,-1166.0,空头平仓 Call，回补信号，看涨,1.6982071012745705,CALL,0.0,1166.0,9358316.0,5.0087186064633736e-06,5M-10M,2026-06-18,644.3699951171875,633.6099853515625,636.0750122070312,645.4500122070312,635.5,80.26,80.05,80.55,10.0,0.4116117189025879,True,META,74.4,0.07876344086021504,0.016982071012745705,1868405222031.0,7.876344086021504,-1166.0
MU260320C00250000,250.0,-3183.0,空头平仓 Call，回补信号，看涨,2.663250525055157,CALL,0.0,3183.0,9358020.0,5.316911671508e-05,5M-10M,2026-03-20,236.39239501953125,230.25999450683597,235.6150054931641,238.1000061035156,233.47999572753903,29.4,29.75,30.35,60.0,0.6793550131225586,False,MU,27.95,0.05187835420393558,0.026632505250551566,176004804634.0,5.187835420393558,-3183.0
BMNR260116P00040000,40.0,-9949.0,多头平仓 Put，减仓，看跌减弱,6.301203282202088,PUT,0.0,9949.0,9322212.999999998,0.04289625312551215,5M-10M,2026-01-16,33.7400016784668,31.739999771118164,33.79999923706055,35.20000076293945,33.02000045776367,9.37,9.3,9.8,177.0,1.0883834643554686,True,BMNR,10.88,-0.1387867647058825,0.06301203282202088,217319983.0,-13.87867647058825,-9949.0
NVDA261218C00215000,215.0,-4102.0,多头平仓 Call，减仓，看涨减弱,-2.0083177586627814,CALL,0.0,4102.0,9295132.0,2.1466733271486e-06,5M-10M,2026-12-18,176.63980102539062,180.25999450683597,178.99000549316406,179.2899932861328,176.53140258789062,22.66,22.6,22.8,7.0,0.4922536126708985,False,NVDA,24.9,-0.08995983935742966,-0.020083177586627813,4330017000000.0,-8.995983935742965,-4102.0
NFLX260116P00114000,114.0,-11186.0,多头平仓 Put，减仓，看跌减弱,1.356701007807501,PUT,0.0,11186.0,9262007.999999998,1.800475582684147e-05,5M-10M,2026-01-16,107.58000183105467,106.13999938964844,106.5,107.88999938964844,106.25,8.28,7.9,8.2,121.0,0.2594068200683594,True,NFLX,9.2,-0.1,0.013567010078075011,514420083731.0,-10.0,-11186.0
META260515C00650000,650.0,-1347.0,空头平仓 Call，回补信号，看涨,1.6982071012745705,CALL,0.0,1347.0,9248501.999999998,4.949944418345535e-06,5M-10M,2026-05-15,644.3699951171875,633.6099853515625,636.0750122070312,645.4500122070312,635.5,68.66,69.0,69.65,20.0,0.4135953416442871,False,META,63.85,0.07533281127642906,0.016982071012745705,1868405222031.0,7.533281127642906,-1347.0
META251219C00670000,670.0,-10548.0,空头平仓 Call，回补信号，看涨,1.6982071012745705,CALL,0.0,10548.0,9229500.0,4.939774247669528e-06,5M-10M,2025-12-19,644.3699951171875,633.6099853515625,636.0750122070312,645.4500122070312,635.5,8.75,8.7,8.85,501.0,0.2947458221435546,False,META,6.45,0.3565891472868217,0.016982071012745705,1868405222031.0,35.65891472868217,-10548.0
CRM260116P00240000,240.0,-5214.0,多头平仓 Put，减仓，看跌减弱,1.764194285755548,PUT,0.0,5214.0,9228780.0,3.982293324017361e-05,5M-10M,2026-01-16,232.1750030517578,228.1499938964844,229.0,232.55999755859372,228.625,17.7,17.6,17.75,18.0,0.3870300555419921,True,CRM,20.6,-0.14077669902912632,0.01764194285755548,231745360000.0,-14.077669902912632,-5214.0
META260618C00730000,730.0,-2061.0,空头平仓 Call，回补信号，看涨,1.6982071012745705,CALL,0.0,2061.0,9181754.999999998,4.914220369186946e-06,5M-10M,2026-06-18,644.3699951171875,633.6099853515625,636.0750122070312,645.4500122070312,635.5,44.55,44.45,45.05,2.0,0.3968489881134033,False,META,41.3,0.07869249394673124,0.016982071012745705,1868405222031.0,7.8692493946731235,-2061.0
BMNR280121C00025000,25.0,-3817.0,空头平仓 Call，回补信号，看涨,6.301203282202088,CALL,0.0,3817.0,9160800.0,0.04215350964756886,5M-10M,2028-01-21,33.7400016784668,31.739999771118164,33.79999923706055,35.20000076293945,33.02000045776367,24.0,22.5,24.0,16.0,1.2387733374023435,True,BMNR,21.55,0.11368909512761018,0.06301203282202088,217319983.0,11.368909512761018,-3817.0
AMZN251219C00185000,185.0,-1915.0,空头平仓 Call，回补信号，看涨,1.3505852553862998,CALL,0.0,1915.0,9052205.0,3.8619703156441275e-06,5M-10M,2025-12-19,232.2550048828125,229.16000366210935,231.34500122070312,232.7400054931641,230.22999572753903,47.27,47.5,47.75,1.0,0.52539537109375,True,AMZN,42.34,0.11643835616438354,0.013505852553862998,2343934380679.0,11.643835616438354,-1915.0
MSFT251219P00525000,525.0,-2618.0,多头平仓 Put，减仓，看跌减弱,1.235839340885685,PUT,0.0,2618.0,9029482.0,2.375074891227471e-06,5M-10M,2025-12-19,491.5,485.5,487.5950012207031,492.6300048828125,486.6499938964844,34.49,32.65,34.35,14.0,0.188484677734375,True,MSFT,38.0,-0.09236842105263153,0.012358393408856848,3801767276203.0,-9.236842105263152,-2618.0
PYPL260116P00065000,65.0,-22412.0,多头平仓 Put，减仓，看跌减弱,1.7952397910115923,PUT,0.0,22412.0,8942388.0,0.0001390794692960285,5M-10M,2026-01-16,62.93999862670898,61.83000183105469,62.22999954223633,63.05500030517578,62.130001068115234,3.99,3.85,4.05,14.0,0.3077461804199218,True,PYPL,4.68,-0.14743589743589733,0.017952397910115922,64296966657.0,-14.743589743589732,-22412.0
PAAS270115C00055000,55.0,-12758.0,空头平仓 Call，回补信号，看涨,6.715425645065842,CALL,0.0,12758.0,8930600.0,0.0006434812215051001,5M-10M,2027-01-15,45.45009994506836,42.59000015258789,43.970001220703125,45.970001220703125,43.59999847412109,7.0,7.0,8.5,73.0,0.5688519677734375,False,PAAS,5.2,0.3461538461538461,0.06715425645065842,13878571280.0,34.615384615384606,-12758.0
META251219C00580000,580.0,-1358.0,空头平仓 Call，回补信号，看涨,1.6982071012745705,CALL,0.0,1358.0,8922060.0,4.775227501399034e-06,5M-10M,2025-12-19,644.3699951171875,633.6099853515625,636.0750122070312,645.4500122070312,635.5,65.7,66.85,67.7,6.0,0.3674379663085937,True,META,58.85,0.11639762107051829,0.016982071012745705,1868405222031.0,11.63976210705183,-1358.0
TOST270115C00035000,35.0,-11511.0,空头平仓 Call，回补信号，看涨,2.323496328041209,CALL,0.0,11511.0,8921025.0,0.0004112316493979975,5M-10M,2027-01-15,34.31930160522461,33.540000915527344,33.83000183105469,34.39849853515625,33.810001373291016,7.75,7.2,8.75,50.0,0.5730023168945313,False,TOST,7.3,0.06164383561643838,0.023234963280412087,21693430000.0,6.164383561643838,-11511.0
PYPL260618C00060000,60.0,-9469.0,空头平仓 Call，回补信号，看涨,1.7952397910115923,CALL,0.0,9469.0,8910329.0,0.00013858086101531408,5M-10M,2026-06-18,62.93999862670898,61.83000183105469,62.22999954223633,63.05500030517578,62.130001068115234,9.41,9.15,9.65,3.0,0.4447077014160155,True,PYPL,8.8,0.06931818181818175,0.017952397910115922,64296966657.0,6.931818181818175,-9469.0
MSFT260618C00480000,480.0,-1747.0,空头平仓 Call，回补信号，看涨,1.235839340885685,CALL,0.0,1747.0,8909700.0,2.3435679652907445e-06,5M-10M,2026-06-18,491.5,485.5,487.5950012207031,492.6300048828125,486.6499938964844,51.0,49.75,51.8,4.0,0.3178016218566894,True,MSFT,47.74,0.06828655215751986,0.012358393408856848,3801767276203.0,6.8286552157519855,-1747.0
ORCL260320P00185000,185.0,-5446.0,空头平仓 Put，回补，看跌信号减弱,-1.7515668808947178,PUT,0.0,5446.0,8904210.0,1.1054096315898607e-05,5M-10M,2026-03-20,201.3699951171875,204.9600067138672,199.50999450683597,202.33990478515625,197.6100006103516,16.35,15.9,16.4,1.0,0.5489852230834963,False,ORCL,15.0,0.0900000000000001,-0.017515668808947178,805512250440.0,9.000000000000009,-5446.0
AMZN251219P00235000,235.0,-11020.0,多头平仓 Put，减仓，看跌减弱,1.3505852553862998,PUT,0.0,11020.0,8871100.000000002,3.7847049273752226e-06,5M-10M,2025-12-19,232.2550048828125,229.16000366210935,231.34500122070312,232.7400054931641,230.22999572753903,8.05,8.0,8.1,746.0,0.288947540283203,True,AMZN,9.9,-0.18686868686868682,0.013505852553862998,2343934380679.0,-18.68686868686868,-11020.0
MSFT260116P00510000,510.0,-3635.0,多头平仓 Put，减仓，看跌减弱,1.235839340885685,PUT,0.0,3635.0,8869400.0,2.332967632058288e-06,5M-10M,2026-01-16,491.5,485.5,487.5950012207031,492.6300048828125,486.6499938964844,24.4,24.1,24.45,7.0,0.1784750122070312,True,MSFT,27.9,-0.12544802867383514,0.012358393408856848,3801767276203.0,-12.544802867383515,-3635.0
INTC261218P00035000,35.0,-15983.0,多头平仓 Put，减仓，看跌减弱,7.864711626618565,PUT,0.0,15983.0,8790650.0,5.6573896198759845e-05,5M-10M,2026-12-18,39.70500183105469,36.810001373291016,37.369998931884766,39.75,37.35499954223633,5.5,5.1,5.5,1502.0,0.5037891418457032,False,INTC,6.1,-0.09836065573770486,0.07864711626618565,155383500000.0,-9.836065573770487,-15983.0
META261218C00750000,750.0,-1249.0,空头平仓 Call，回补信号，看涨,1.6982071012745705,CALL,0.0,1249.0,8743000.0,4.679391759832567e-06,5M-10M,2026-12-18,644.3699951171875,633.6099853515625,636.0750122070312,645.4500122070312,635.5,70.0,70.4,71.35,4.0,0.4115430550384521,False,META,66.45,0.05342362678705789,0.016982071012745705,1868405222031.0,5.342362678705789,-1249.0
B260618C00038000,38.0,-12131.0,空头平仓 Call，回补信号，看涨,1.2323110633389625,CALL,0.0,12131.0,8734320.0,0.000148485619777362,5M-10M,2026-06-18,41.48500061035156,40.97999954223633,40.97999954223633,41.53499984741211,40.70000076293945,7.2,7.1,7.3,10.0,0.4572808178710938,True,B,6.37,0.13029827315541603,0.012323110633389624,58822665879.0,13.029827315541603,-12131.0
INTC251219C00040000,40.0,-44407.0,空头平仓 Call，回补信号，看涨,7.864711626618565,CALL,0.0,44407.0,8659365.0,5.572898666846866e-05,5M-10M,2025-12-19,39.70500183105469,36.810001373291016,37.369998931884766,39.75,37.35499954223633,1.95,1.88,1.96,8349.0,0.5293015820312501,False,INTC,0.75,1.5999999999999999,0.07864711626618565,155383500000.0,160.0,-44407.0
MSFT260116P00515000,515.0,-2883.0,多头平仓 Put，减仓，看跌减弱,1.235839340885685,PUT,0.0,2883.0,8649000.0,2.2749945937348786e-06,5M-10M,2026-01-16,491.5,485.5,487.5950012207031,492.6300048828125,486.6499938964844,30.0,27.55,27.85,1.0,0.1726156958007813,True,MSFT,31.75,-0.05511811023622047,0.012358393408856848,3801767276203.0,-5.511811023622047,-2883.0
BA270115P00200000,200.0,-3030.0,多头平仓 Put，减仓，看跌减弱,1.3107195443195907,PUT,0.0,3030.0,8620350.0,5.152400516395228e-05,5M-10M,2027-01-15,189.3699951171875,186.9199981689453,187.8699951171875,189.7400054931641,186.91000366210935,28.45,27.95,29.75,2.0,0.2923196989440916,True,BA,30.75,-0.0747967479674797,0.013107195443195907,167307451596.0,-7.47967479674797,-3030.0
META270617C00700000,700.0,-747.0,空头平仓 Call，回补信号，看涨,1.6982071012745705,CALL,0.0,747.0,8577801.0,4.5909746445022944e-06,5M-10M,2027-06-17,644.3699951171875,633.6099853515625,636.0750122070312,645.4500122070312,635.5,114.83,113.95,115.4,4.0,0.4284801415252686,False,META,109.18,0.051749404652866746,0.016982071012745705,1868405222031.0,5.174940465286674,-747.0
UBER260116P00092500,92.5,-12248.0,多头平仓 Put，减仓，看跌减弱,1.9729100394134897,PUT,0.0,12248.0,8573600.0,4.175939890299103e-05,5M-10M,2026-01-16,87.3499984741211,85.66000366210938,86.51000213623047,87.41999816894531,86.23999786376953,7.0,6.75,7.35,12.0,0.3236151623535155,True,UBER,8.06,-0.13151364764267995,0.019729100394134898,205309468652.0,-13.151364764267996,-12248.0
BAC251219C00050000,50.0,-21456.0,空头平仓 Call，回补信号，看涨,1.7029574017326878,CALL,0.0,21456.0,8560944.0,2.213750679979781e-05,5M-10M,2025-12-19,53.89239883422852,52.9900016784668,53.11000061035156,53.900001525878906,53.04999923706055,3.99,3.95,4.05,189.0,0.241218525390625,True,BAC,3.31,0.20543806646525684,0.017029574017326878,386716719160.0,20.543806646525685,-21456.0
FCX260116C00040000,40.0,-18999.0,空头平仓 Call，回补信号，看涨,2.419920773763572,CALL,0.0,18999.0,8511552.0,0.00016582369398434325,5M-10M,2026-01-16,43.16999816894531,42.150001525878906,42.7599983215332,43.40499877929688,42.31999969482422,4.48,4.4,4.6,1109.0,0.44336494140625,True,FCX,3.65,0.22739726027397275,0.02419920773763572,51328925291.0,22.739726027397275,-18999.0
B260320C00030000,30.0,-7096.0,空头平仓 Call，回补信号，看涨,1.2323110633389625,CALL,0.0,7096.0,8501008.0,0.00014451925755093844,5M-10M,2026-03-20,41.48500061035156,40.97999954223633,40.97999954223633,41.53499984741211,40.70000076293945,11.98,11.5,12.4,28.0,0.57617611328125,True,B,11.3,0.06017699115044245,0.012323110633389624,58822665879.0,6.017699115044245,-7096.0
INTC260320C00035000,35.0,-11480.0,空头平仓 Call，回补信号，看涨,7.864711626618565,CALL,0.0,11480.0,8460760.0,5.4450826503457575e-05,5M-10M,2026-03-20,39.70500183105469,36.810001373291016,37.369998931884766,39.75,37.35499954223633,7.37,7.3,7.55,138.0,0.5698285205078125,True,INTC,5.5,0.34,0.07864711626618565,155383500000.0,34.0,-11480.0
COIN260320P00250000,250.0,-3514.0,多头平仓 Put，减仓，看跌减弱,3.2314633384228597,PUT,0.0,3514.0,8447656.0,0.00010517984715537581,5M-10M,2026-03-20,273.53240966796875,264.9700012207031,273.69000244140625,279.8599853515625,270.20001220703125,24.04,24.25,24.8,4.0,0.6063882135009766,False,COIN,28.3,-0.1505300353356891,0.032314633384228596,80316298497.0,-15.053003533568909,-3514.0
NFLX261218C00100000,100.0,-3813.0,空头平仓 Call，回补信号，看涨,1.356701007807501,CALL,0.0,3813.0,8430543.0,1.6388440627851713e-05,5M-10M,2026-12-18,107.58000183105467,106.13999938964844,106.5,107.88999938964844,106.25,22.11,22.0,22.45,5.0,0.4359492440795898,True,NFLX,20.97,0.054363376251788297,0.013567010078075011,514420083731.0,5.43633762517883,-3813.0
META260618C00620000,620.0,-924.0,空头平仓 Call，回补信号，看涨,1.6982071012745705,CALL,0.0,924.0,8362200.0,4.47558158230263e-06,5M-10M,2026-06-18,644.3699951171875,633.6099853515625,636.0750122070312,645.4500122070312,635.5,90.5,90.5,91.6,2.0,0.4207592714691162,True,META,84.3,0.07354685646500597,0.016982071012745705,1868405222031.0,7.354685646500597,-924.0
OKLO251219P00100000,100.0,-6678.0,多头平仓 Put，减仓，看跌减弱,5.534260555858812,PUT,0.0,6678.0,8347500.0,0.0005116380662784505,5M-10M,2025-12-19,93.62999725341795,88.72000122070312,90.0,94.50499725341795,89.01000213623047,12.5,12.45,12.95,15.0,0.9665530688476562,True,OKLO,15.6,-0.1987179487179487,0.05534260555858812,16315244213.0,-19.871794871794872,-6678.0
AMZN260220P00225000,225.0,-7321.0,多头平仓 Put，减仓，看跌减弱,1.3505852553862998,PUT,0.0,7321.0,8309334.999999999,3.545037381802864e-06,5M-10M,2026-02-20,232.2550048828125,229.16000366210935,231.34500122070312,232.7400054931641,230.22999572753903,11.35,11.3,11.45,41.0,0.3364324169921875,False,AMZN,12.64,-0.10205696202531653,0.013505852553862998,2343934380679.0,-10.205696202531653,-7321.0
WULF260116C00015000,15.0,-30286.0,空头平仓 Call，回补信号，看涨,6.7048509119157105,CALL,0.0,30286.0,8298364.0,0.0019550575036633576,5M-10M,2026-01-16,15.835000038146973,14.84000015258789,15.130000114440918,15.984999656677246,15.130000114440918,2.74,2.7,2.74,3258.0,1.0048877880859377,True,WULF,2.23,0.22869955156950683,0.06704850911915711,4244562620.0,22.869955156950684,-30286.0
MSFT251219C00505000,505.0,-14908.0,空头平仓 Call，回补信号，看涨,1.235839340885685,CALL,0.0,14908.0,8273939.999999999,2.1763404750707317e-06,5M-10M,2025-12-19,491.5,485.5,487.5950012207031,492.6300048828125,486.6499938964844,5.55,5.5,5.7,308.0,0.2293778234863281,False,MSFT,4.25,0.30588235294117644,0.012358393408856848,3801767276203.0,30.588235294117645,-14908.0
INTC280121C00040000,40.0,-6286.0,空头平仓 Call，回补信号，看涨,7.864711626618565,CALL,0.0,6286.0,8259804.000000001,5.315753603181805e-05,5M-10M,2028-01-21,39.70500183105469,36.810001373291016,37.369998931884766,39.75,37.35499954223633,13.14,13.0,13.55,45.0,0.5936319934082033,False,INTC,11.56,0.13667820069204153,0.07864711626618565,155383500000.0,13.667820069204154,-6286.0
MSTR260116C00160000,160.0,-2434.0,空头平仓 Call，回补信号，看涨,2.2204474550426503,CALL,0.0,2434.0,8224486.0,9.384946475497749e-05,5M-10M,2026-01-16,179.5399932861328,175.63999938964844,182.94500732421875,187.2790069580078,178.6999969482422,33.79,33.05,34.35,1.0,0.9102792175292967,True,MSTR,31.85,0.06091051805337512,0.0222044745504265,87634873800.0,6.0910518053375124,-2434.0
ORCL260515P00200000,200.0,-3027.0,空头平仓 Put，回补，看跌信号减弱,-1.7515668808947178,PUT,0.0,3027.0,8203170.0,1.0183792978342826e-05,5M-10M,2026-05-15,201.3699951171875,204.9600067138672,199.50999450683597,202.33990478515625,197.6100006103516,27.1,26.65,27.3,10.0,0.5100451828002931,False,ORCL,24.95,0.08617234468937884,-0.017515668808947178,805512250440.0,8.617234468937884,-3027.0
MSFT260918C00400000,400.0,-709.0,空头平仓 Call，回补信号，看涨,1.235839340885685,CALL,0.0,709.0,8153500.0,2.14466047173284e-06,5M-10M,2026-09-18,491.5,485.5,487.5950012207031,492.6300048828125,486.6499938964844,115.0,115.15,117.65,2.0,0.3869995382690429,True,MSFT,108.0,0.06481481481481481,0.012358393408856848,3801767276203.0,6.481481481481481,-709.0
NVDA251128C00170000,170.0,-10806.0,多头平仓 Call，减仓，看涨减弱,-2.0083177586627814,CALL,15024.0,25830.0,8126112.0,1.8766928628686678e-06,5M-10M,2025-11-28,176.63980102539062,180.25999450683597,178.99000549316406,179.2899932861328,176.53140258789062,7.52,7.5,7.6,1459.0,0.8720715917968749,True,NVDA,10.3,-0.2699029126213593,-0.020083177586627813,4330017000000.0,-26.99029126213593,-10806.0
MU260618C00220000,220.0,-1482.0,空头平仓 Call，回补信号，看涨,2.663250525055157,CALL,0.0,1482.0,8125806.0,4.616809192736256e-05,5M-10M,2026-06-18,236.39239501953125,230.25999450683597,235.6150054931641,238.1000061035156,233.47999572753903,54.83,52.4,54.35,7.0,0.6653781021118167,True,MU,51.1,0.07299412915851265,0.026632505250551566,176004804634.0,7.299412915851265,-1482.0
DIS260116P00110000,110.0,-11604.0,多头平仓 Put，减仓，看跌减弱,1.1602020155675508,PUT,0.0,11604.0,8122800.0,3.981539240859127e-05,5M-10M,2026-01-16,104.62999725341795,103.43000030517578,103.3000030517578,104.62999725341795,103.25,7.0,6.95,7.15,9.0,0.2456130126953125,True,DIS,7.52,-0.06914893617021271,0.011602020155675507,204011552031.0,-6.914893617021272,-11604.0
META251219P00690000,690.0,-1624.0,多头平仓 Put，减仓，看跌减弱,1.6982071012745705,PUT,0.0,1624.0,8120000.0,4.345952314976604e-06,5M-10M,2025-12-19,644.3699951171875,633.6099853515625,636.0750122070312,645.4500122070312,635.5,50.0,48.85,50.3,18.0,0.3003610003662109,True,META,58.45,-0.144568006843456,0.016982071012745705,1868405222031.0,-14.4568006843456,-1624.0
INTC260320C00041000,41.0,-18418.0,空头平仓 Call，回补信号，看涨,7.864711626618565,CALL,0.0,18418.0,8103920.000000001,5.2154314969092605e-05,5M-10M,2026-03-20,39.70500183105469,36.810001373291016,37.369998931884766,39.75,37.35499954223633,4.4,4.35,4.45,63.0,0.5625043750000001,False,INTC,2.96,0.4864864864864866,0.07864711626618565,155383500000.0,48.64864864864866,-18418.0
ENPH260618P00030000,30.0,-12921.0,多头平仓 Put，减仓，看跌减弱,4.115745759611543,PUT,0.0,12921.0,8101467.0,0.001697565515516124,5M-10M,2026-06-18,28.96500015258789,27.81999969482422,28.209999084472656,29.030000686645508,28.09000015258789,6.27,6.0,6.35,15.0,0.6496617065429688,True,ENPH,6.65,-0.05714285714285726,0.04115745759611543,4772403142.0,-5.714285714285726,-12921.0
MU260116C00270000,270.0,-7224.0,空头平仓 Call，回补信号，看涨,2.663250525055157,CALL,0.0,7224.0,8090879.999999999,4.596965416270819e-05,5M-10M,2026-01-16,236.39239501953125,230.25999450683597,235.6150054931641,238.1000061035156,233.47999572753903,11.2,11.3,12.05,147.0,0.6703524176025393,False,MU,10.25,0.09268292682926822,0.026632505250551566,176004804634.0,9.268292682926822,-7224.0
META251128C00615000,615.0,-2745.0,空头平仓 Call，回补信号，看涨,1.6982071012745705,CALL,0.0,2745.0,8031870.0,4.2987837463166425e-06,5M-10M,2025-11-28,644.3699951171875,633.6099853515625,636.0750122070312,645.4500122070312,635.5,29.26,28.95,29.4,211.0,0.3789124609375,True,META,19.25,0.5200000000000001,0.016982071012745705,1868405222031.0,52.000000000000014,-2745.0
ENPH251219P00035000,35.0,-12820.0,多头平仓 Put，减仓，看跌减弱,4.115745759611543,PUT,0.0,12820.0,8012500.0,0.0016789235447201036,5M-10M,2025-12-19,28.96500015258789,27.81999969482422,28.209999084472656,29.030000686645508,28.09000015258789,6.25,6.1,6.45,40.0,0.614261669921875,True,ENPH,6.95,-0.10071942446043168,0.04115745759611543,4772403142.0,-10.071942446043169,-12820.0
CIFR260116C00017000,17.0,-14423.0,空头平仓 Call，回补信号，看涨,9.582250800912103,CALL,0.0,14423.0,8004764.999999999,0.0017745178683445904,5M-10M,2026-01-16,20.98500061035156,19.149999618530277,19.549999237060547,21.0,19.459999084472656,5.55,5.35,5.7,379.0,1.1328168359375002,True,CIFR,4.36,0.2729357798165136,0.09582250800912102,4510952041.0,27.293577981651364,-14423.0
TEVA251219C00024000,24.0,-26674.0,空头平仓 Call，回补信号，看涨,1.8427075075040256,CALL,0.0,26674.0,8002200.0,0.00038035533622175,5M-10M,2025-12-19,26.80500030517578,26.31999969482422,26.46999931335449,26.959999084472656,26.38999938964844,3.0,2.81,3.15,1.0,0.5195360546875,True,TEVA,2.54,0.1811023622047244,0.018427075075040256,21038747818.0,18.11023622047244,-26674.0
META260618C00680000,680.0,-1296.0,空头平仓 Call，回补信号，看涨,1.6982071012745705,CALL,0.0,1296.0,7995023.999999999,4.279063184863732e-06,5M-10M,2026-06-18,644.3699951171875,633.6099853515625,636.0750122070312,645.4500122070312,635.5,61.69,61.95,62.5,14.0,0.4027540804290771,False,META,57.74,0.06841011430550738,0.016982071012745705,1868405222031.0,6.841011430550738,-1296.0
MU260417C00170000,170.0,-1009.0,空头平仓 Call，回补信号，看涨,2.663250525055157,CALL,0.0,1009.0,7986235.000000001,4.5375096529934435e-05,5M-10M,2026-04-17,236.39239501953125,230.25999450683597,235.6150054931641,238.1000061035156,233.47999572753903,79.15,78.0,79.85,1.0,0.7377955908203124,True,MU,74.25,0.06599326599326608,0.026632505250551566,176004804634.0,6.5993265993266075,-1009.0
COIN260618C00200000,200.0,-796.0,空头平仓 Call，回补信号，看涨,3.2314633384228597,CALL,0.0,796.0,7979900.0,9.935592338456767e-05,5M-10M,2026-06-18,273.53240966796875,264.9700012207031,273.69000244140625,279.8599853515625,270.20001220703125,100.25,95.9,98.85,1.0,0.7634301000976562,True,COIN,88.77,0.1293229694716684,0.032314633384228596,80316298497.0,12.93229694716684,-796.0
MSTR260116P00220000,220.0,-1807.0,多头平仓 Put，减仓，看跌减弱,2.2204474550426503,PUT,0.0,1807.0,7959834.999999999,9.082953685956011e-05,5M-10M,2026-01-16,179.5399932861328,175.63999938964844,182.94500732421875,187.2790069580078,178.6999969482422,44.05,45.7,46.8,27.0,0.6702303485107424,True,MSTR,49.01,-0.10120383595184658,0.0222044745504265,87634873800.0,-10.120383595184657,-1807.0
EQT260116C00050000,50.0,-6833.0,空头平仓 Call，回补信号，看涨,3.2796633445610435,CALL,0.0,6833.0,7953612.000000001,0.00023575673084317656,5M-10M,2026-01-16,60.935001373291016,59.0,59.43000030517578,61.13999938964844,58.94499969482422,11.64,11.5,11.95,10.0,0.5090381127929688,True,EQT,10.0,0.16400000000000006,0.032796633445610436,33736521420.0,16.400000000000006,-6833.0
NU260116C00017000,17.0,-68766.0,空头平仓 Call，回补信号，看涨,1.2463776961616848,CALL,0.0,68766.0,7908089.999999999,0.00010400122218120388,5M-10M,2026-01-16,17.46500015258789,17.25,17.389999389648438,17.530000686645508,17.200000762939453,1.15,1.13,1.17,362.0,0.36133451171875,True,NU,1.04,0.10576923076923064,0.012463776961616848,76038433339.0,10.576923076923064,-68766.0
MSTR251205C00180000,180.0,9690.0,多头买 Call，看涨,2.2204474550426503,CALL,10998.0,1308.0,7897350.0,9.011652162612004e-05,5M-10M,2025-12-05,179.5399932861328,175.63999938964844,182.94500732421875,187.2790069580078,178.6999969482422,8.15,8.0,8.4,5850.0,0.8024922094726561,False,MSTR,6.42,0.26947040498442376,0.0222044745504265,87634873800.0,26.947040498442377,9690.0
INTC270115C00045000,45.0,-10187.0,空头平仓 Call，回补信号，看涨,7.864711626618565,CALL,0.0,10187.0,7894925.0,5.080928798746328e-05,5M-10M,2027-01-15,39.70500183105469,36.810001373291016,37.369998931884766,39.75,37.35499954223633,7.75,7.65,7.8,95.0,0.5736126623535156,False,INTC,6.2,0.24999999999999997,0.07864711626618565,155383500000.0,24.999999999999996,-10187.0
MSFT251219C00455000,455.0,-2020.0,空头平仓 Call，回补信号，看涨,1.235839340885685,CALL,0.0,2020.0,7851739.999999999,2.065286859915816e-06,5M-10M,2025-12-19,491.5,485.5,487.5950012207031,492.6300048828125,486.6499938964844,38.87,39.5,40.65,24.0,0.3527896752929687,True,MSFT,32.56,0.19379606879606864,0.012358393408856848,3801767276203.0,19.379606879606865,-2020.0
NVDA260116C00154000,154.0,-2751.0,多头平仓 Call，减仓，看涨减弱,-2.0083177586627814,CALL,0.0,2751.0,7840350.0,1.8106972790176111e-06,5M-10M,2026-01-16,176.63980102539062,180.25999450683597,178.99000549316406,179.2899932861328,176.53140258789062,28.5,27.5,27.7,3.0,0.5471236694335939,True,NVDA,30.15,-0.05472636815920393,-0.020083177586627813,4330017000000.0,-5.472636815920393,-2751.0
CIFR270115C00017000,17.0,-7361.0,空头平仓 Call，回补信号，看涨,9.582250800912103,CALL,0.0,7361.0,7839465.000000001,0.0017378737190613374,5M-10M,2027-01-15,20.98500061035156,19.149999618530277,19.549999237060547,21.0,19.459999084472656,10.65,10.0,11.65,9.0,1.148197618408203,True,CIFR,8.72,0.22133027522935775,0.09582250800912102,4510952041.0,22.133027522935773,-7361.0
MSFT260116P00480000,480.0,-7838.0,多头平仓 Put，减仓，看跌减弱,1.235839340885685,PUT,0.0,7838.0,7838000.0,2.0616727512653462e-06,5M-10M,2026-01-16,491.5,485.5,487.5950012207031,492.6300048828125,486.6499938964844,10.0,9.6,9.85,62.0,0.2078326287841796,False,MSFT,12.54,-0.20255183413078146,0.012358393408856848,3801767276203.0,-20.255183413078147,-7838.0
COIN260116C00290000,290.0,-4068.0,空头平仓 Call，回补信号，看涨,3.2314633384228597,CALL,0.0,4068.0,7830900.0,9.750075820902655e-05,5M-10M,2026-01-16,273.53240966796875,264.9700012207031,273.69000244140625,279.8599853515625,270.20001220703125,19.25,19.2,19.8,216.0,0.6496311892700196,False,COIN,15.35,0.254071661237785,0.032314633384228596,80316298497.0,25.407166123778502,-4068.0
ORCL260515P00240000,240.0,-1469.0,空头平仓 Put，回补，看跌信号减弱,-1.7515668808947178,PUT,0.0,1469.0,7807734.999999999,9.692881760314795e-06,5M-10M,2026-05-15,201.3699951171875,204.9600067138672,199.50999450683597,202.33990478515625,197.6100006103516,53.15,50.9,52.3,5.0,0.4870046417236329,True,ORCL,49.25,0.07918781725888321,-0.017515668808947178,805512250440.0,7.918781725888321,-1469.0
NVDA260220C00220000,220.0,-26518.0,多头平仓 Call，减仓，看涨减弱,-2.0083177586627814,CALL,0.0,26518.0,7796292.0,1.8005222612289974e-06,5M-10M,2026-02-20,176.63980102539062,180.25999450683597,178.99000549316406,179.2899932861328,176.53140258789062,2.94,2.92,2.94,644.0,0.4252376812744141,False,NVDA,3.49,-0.15759312320916913,-0.020083177586627813,4330017000000.0,-15.759312320916912,-26518.0
CRM260320C00270000,270.0,-8462.0,空头平仓 Call，回补信号，看涨,1.764194285755548,CALL,0.0,8462.0,7785039.999999999,3.3593078195826653e-05,5M-10M,2026-03-20,232.1750030517578,228.1499938964844,229.0,232.55999755859372,228.625,9.2,8.9,9.2,14.0,0.4217587121582031,False,CRM,8.1,0.13580246913580243,0.01764194285755548,231745360000.0,13.580246913580243,-8462.0
BIDU251219C00090000,90.0,-2792.0,空头平仓 Call，回补信号，看涨,1.0314634823878628,CALL,0.0,2792.0,7784095.999999999,0.0001724019069727026,5M-10M,2025-12-19,117.54000091552734,116.33999633789062,117.16500091552734,118.1999969482422,116.87999725341795,27.88,26.5,29.3,1.0,0.6655306884765627,True,BIDU,26.46,0.05366591080876788,0.010314634823878628,45150869481.0,5.3665910808767885,-2792.0
MU260116C00190000,190.0,-1421.0,空头平仓 Call，回补信号，看涨,2.663250525055157,CALL,0.0,1421.0,7762923.000000001,4.410631298471034e-05,5M-10M,2026-01-16,236.39239501953125,230.25999450683597,235.6150054931641,238.1000061035156,233.47999572753903,54.63,52.9,53.9,11.0,0.7417018017578124,True,MU,49.15,0.11149542217700924,0.026632505250551566,176004804634.0,11.149542217700924,-1421.0
LULU260116C00200000,200.0,-6577.0,空头平仓 Call，回补信号，看涨,2.286470048525516,CALL,0.0,6577.0,7727975.0,0.000386313319571517,5M-10M,2026-01-16,186.1000061035156,181.94000244140625,184.72000122070312,186.69000244140625,183.5,11.75,11.65,12.0,163.0,0.6304968591308593,False,LULU,10.5,0.11904761904761904,0.02286470048525516,20004422857.0,11.904761904761903,-6577.0
MSFT251128C00480000,480.0,-6220.0,空头平仓 Call，回补信号，看涨,1.235839340885685,CALL,0.0,6220.0,7712800.0,2.0287406986424294e-06,5M-10M,2025-11-28,491.5,485.5,487.5950012207031,492.6300048828125,486.6499938964844,12.4,12.3,12.9,312.0,0.5207567456054687,True,MSFT,6.22,0.9935691318327976,0.012358393408856848,3801767276203.0,99.35691318327976,-6220.0
META260116C00530000,530.0,-646.0,空头平仓 Call，回补信号，看涨,1.6982071012745705,CALL,0.0,646.0,7701612.0,4.122024445868422e-06,5M-10M,2026-01-16,644.3699951171875,633.6099853515625,636.0750122070312,645.4500122070312,635.5,119.22,118.55,120.65,4.0,0.4614311669921875,True,META,107.0,0.11420560747663551,0.016982071012745705,1868405222031.0,11.42056074766355,-646.0
COIN270115P00230000,230.0,-1766.0,多头平仓 Put，减仓，看跌减弱,3.2314633384228597,PUT,0.0,1766.0,7697994.0,9.584597577398986e-05,5M-10M,2027-01-15,273.53240966796875,264.9700012207031,273.69000244140625,279.8599853515625,270.20001220703125,43.59,43.75,44.6,2.0,0.6064034721374512,False,COIN,46.66,-0.06579511358765523,0.032314633384228596,80316298497.0,-6.579511358765523,-1766.0
MSFT270115C00510000,510.0,-1334.0,空头平仓 Call，回补信号，看涨,1.235839340885685,CALL,0.0,1334.0,7657159.999999999,2.014105399856973e-06,5M-10M,2027-01-15,491.5,485.5,487.5950012207031,492.6300048828125,486.6499938964844,57.4,57.15,58.05,20.0,0.3157951111602782,False,MSFT,54.4,0.05514705882352941,0.012358393408856848,3801767276203.0,5.514705882352941,-1334.0
META260220P00640000,640.0,-1819.0,多头平仓 Put，减仓，看跌减弱,1.6982071012745705,PUT,0.0,1819.0,7652533.0,4.095756589505524e-06,5M-10M,2026-02-20,644.3699951171875,633.6099853515625,636.0750122070312,645.4500122070312,635.5,42.07,40.3,40.75,14.0,0.347540704345703,False,META,45.05,-0.06614872364039949,0.016982071012745705,1868405222031.0,-6.614872364039949,-1819.0
PAAS280121C00040000,40.0,-4931.0,空头平仓 Call，回补信号，看涨,6.715425645065842,CALL,0.0,4931.0,7643050.0,0.0005507087037852501,5M-10M,2028-01-21,45.45009994506836,42.59000015258789,43.970001220703125,45.970001220703125,43.59999847412109,15.5,14.3,16.0,2.0,0.5009205181884766,True,PAAS,12.77,0.21378230227094758,0.06715425645065842,13878571280.0,21.378230227094758,-4931.0
CIFR251219C00020000,20.0,-27416.0,空头平仓 Call，回补信号，看涨,9.582250800912103,CALL,0.0,27416.0,7594232.000000001,0.0016835098070154813,5M-10M,2025-12-19,20.98500061035156,19.149999618530277,19.549999237060547,21.0,19.459999084472656,2.77,2.7,2.84,1237.0,1.123051259765625,True,CIFR,2.01,0.3781094527363186,0.09582250800912102,4510952041.0,37.81094527363186,-27416.0
FCX270115C00050000,50.0,-15230.0,空头平仓 Call，回补信号，看涨,2.419920773763572,CALL,0.0,15230.0,7538850.0,0.00014687332643845282,5M-10M,2027-01-15,43.16999816894531,42.150001525878906,42.7599983215332,43.40499877929688,42.31999969482422,4.95,4.65,5.3,17.0,0.4220028503417968,False,FCX,4.6,0.07608695652173925,0.02419920773763572,51328925291.0,7.608695652173925,-15230.0
CRM260116P00220000,220.0,-9302.0,多头平仓 Put，减仓，看跌减弱,1.764194285755548,PUT,0.0,9302.0,7534620.0,3.251249561156262e-05,5M-10M,2026-01-16,232.1750030517578,228.1499938964844,229.0,232.55999755859372,228.625,8.1,8.05,8.35,41.0,0.407232490234375,False,CRM,9.5,-0.14736842105263162,0.01764194285755548,231745360000.0,-14.736842105263163,-9302.0
ORCL251219P00210000,210.0,-4016.0,空头平仓 Put，回补，看跌信号减弱,-1.7515668808947178,PUT,0.0,4016.0,7530000.0,9.348088742147424e-06,5M-10M,2025-12-19,201.3699951171875,204.9600067138672,199.50999450683597,202.33990478515625,197.6100006103516,18.75,18.4,18.85,190.0,0.6904327832031252,True,ORCL,16.63,0.12748045700541197,-0.017515668808947178,805512250440.0,12.748045700541196,-4016.0
MSFT271217C00510000,510.0,-883.0,空头平仓 Call，回补信号，看涨,1.235839340885685,CALL,0.0,883.0,7501085.000000001,1.9730521241930623e-06,5M-10M,2027-12-17,491.5,485.5,487.5950012207031,492.6300048828125,486.6499938964844,84.95,83.25,87.5,2.0,0.3400944897460937,False,MSFT,75.9,0.11923583662714093,0.012358393408856848,3801767276203.0,11.923583662714094,-883.0
JNJ260116C00195000,195.0,-5753.0,多头平仓 Call，减仓，看涨减弱,-1.3361438637112688,CALL,0.0,5753.0,7478900.0,1.7280165064378443e-05,5M-10M,2026-01-16,204.7866973876953,207.55999755859372,207.0,207.4550018310547,204.72000122070312,13.0,12.35,13.55,28.0,0.2605054418945312,True,JNJ,14.77,-0.11983750846310086,-0.013361438637112687,432802578687.0,-11.983750846310086,-5753.0
BA260116C00200000,200.0,-16600.0,空头平仓 Call，回补信号，看涨,1.3107195443195907,CALL,0.0,16600.0,7470000.0,4.4648340099267843e-05,5M-10M,2026-01-16,189.3699951171875,186.9199981689453,187.8699951171875,189.7400054931641,186.91000366210935,4.5,4.4,4.5,565.0,0.3068306622314453,False,BA,3.9,0.15384615384615388,0.013107195443195907,167307451596.0,15.384615384615389,-16600.0
APLD260116C00020000,20.0,-9697.0,空头平仓 Call，回补信号，看涨,7.417804097250917,CALL,0.0,9697.0,7466690.000000001,0.0013151150016356013,5M-10M,2026-01-16,26.790000915527344,24.940000534057617,25.45499992370605,27.1299991607666,25.25,7.7,8.0,8.85,14.0,1.2294960400390624,True,APLD,6.9,0.11594202898550722,0.07417804097250917,5677594728.0,11.594202898550723,-9697.0
MSFT260618C00510000,510.0,-2098.0,空头平仓 Call，回补信号，看涨,1.235839340885685,CALL,0.0,2098.0,7458389.999999999,1.9618218207846316e-06,5M-10M,2026-06-18,491.5,485.5,487.5950012207031,492.6300048828125,486.6499938964844,35.55,35.45,35.8,17.0,0.2989266885375976,False,MSFT,32.72,0.08649144254278723,0.012358393408856848,3801767276203.0,8.649144254278724,-2098.0
AMZN251219P00255000,255.0,-3124.0,多头平仓 Put，减仓，看跌减弱,1.3505852553862998,PUT,0.0,3124.0,7450740.000000001,3.1787323320210193e-06,5M-10M,2025-12-19,232.2550048828125,229.16000366210935,231.34500122070312,232.7400054931641,230.22999572753903,23.85,23.35,23.65,8.0,0.2990792749023437,True,AMZN,26.15,-0.08795411089866147,0.013505852553862998,2343934380679.0,-8.795411089866146,-3124.0
TGT270115P00100000,100.0,-4180.0,多头平仓 Put，减仓，看跌减弱,1.7841822776137768,PUT,0.0,4180.0,7444579.999999999,0.00018649230939863216,5M-10M,2027-01-15,91.4021987915039,89.80000305175781,90.2750015258789,91.62000274658205,89.87210083007812,17.81,18.35,19.6,2.0,0.3694521063232422,True,TGT,19.54,-0.08853633572159675,0.01784182277613777,39918965152.0,-8.853633572159675,-4180.0
INTC270115P00030000,30.0,-18874.0,多头平仓 Put，减仓，看跌减弱,7.864711626618565,PUT,0.0,18874.0,7436356.0,4.785808016938735e-05,5M-10M,2027-01-15,39.70500183105469,36.810001373291016,37.369998931884766,39.75,37.35499954223633,3.94,3.35,3.8,28.0,0.5123339782714844,False,INTC,4.15,-0.05060240963855431,0.07864711626618565,155383500000.0,-5.06024096385543,-18874.0
JNJ260116C00200000,200.0,-8109.0,多头平仓 Call，减仓，看涨减弱,-1.3361438637112688,CALL,0.0,8109.0,7379189.999999999,1.704978288804647e-05,5M-10M,2026-01-16,204.7866973876953,207.55999755859372,207.0,207.4550018310547,204.72000122070312,9.1,8.6,9.1,35.0,0.2149736706542968,True,JNJ,11.1,-0.1801801801801802,-0.013361438637112687,432802578687.0,-18.01801801801802,-8109.0
TEVA251128C00022000,22.0,-16206.0,空头平仓 Call，回补信号，看涨,1.8427075075040256,CALL,0.0,16206.0,7373730.0,0.00035048331125920435,5M-10M,2025-11-28,26.80500030517578,26.31999969482422,26.46999931335449,26.959999084472656,26.38999938964844,4.55,4.25,5.1,3.0,3.4218764453125,True,TEVA,4.05,0.1234567901234568,0.018427075075040256,21038747818.0,12.34567901234568,-16206.0
NFLX260116C00110000,110.0,-18280.0,空头平仓 Call，回补信号，看涨,1.356701007807501,CALL,0.0,18280.0,7366840.000000001,1.4320669493635596e-05,5M-10M,2026-01-16,107.58000183105467,106.13999938964844,106.5,107.88999938964844,106.25,4.03,3.95,4.1,705.0,0.3252020605468749,False,NFLX,3.45,0.16811594202898553,0.013567010078075011,514420083731.0,16.811594202898554,-18280.0
MSFT251219C00495000,495.0,-7508.0,空头平仓 Call，回补信号，看涨,1.235839340885685,CALL,0.0,7508.0,7350331.999999999,1.9333987238011883e-06,5M-10M,2025-12-19,491.5,485.5,487.5950012207031,492.6300048828125,486.6499938964844,9.79,9.7,9.9,566.0,0.2398147308349609,False,MSFT,7.4,0.3229729729729728,0.012358393408856848,3801767276203.0,32.29729729729728,-7508.0
ORCL260320P00170000,170.0,-6638.0,空头平仓 Put，回补，看跌信号减弱,-1.7515668808947178,PUT,0.0,6638.0,7334990.000000001,9.105994348308624e-06,5M-10M,2026-03-20,201.3699951171875,204.9600067138672,199.50999450683597,202.33990478515625,197.6100006103516,11.05,10.55,11.3,38.0,0.5698895550537109,False,ORCL,9.95,0.11055276381909562,-0.017515668808947178,805512250440.0,11.055276381909563,-6638.0
TEVA251219C00022000,22.0,-14570.0,空头平仓 Call，回补信号，看涨,1.8427075075040256,CALL,0.0,14570.0,7285000.0,0.0003462658549368235,5M-10M,2025-12-19,26.80500030517578,26.31999969482422,26.46999931335449,26.959999084472656,26.38999938964844,5.0,4.7,5.25,4.0,0.6210975390625001,True,TEVA,4.39,0.1389521640091117,0.018427075075040256,21038747818.0,13.89521640091117,-14570.0
WULF260220C00012000,12.0,-14339.0,空头平仓 Call，回补信号，看涨,6.7048509119157105,CALL,0.0,14339.0,7241195.0,0.0017059932078467015,5M-10M,2026-02-20,15.835000038146973,14.84000015258789,15.130000114440918,15.984999656677246,15.130000114440918,5.05,4.9,5.3,19.0,1.0498094384765626,True,WULF,4.39,0.15034168564920278,0.06704850911915711,4244562620.0,15.034168564920277,-14339.0
META260417C00660000,660.0,-1335.0,空头平仓 Call，回补信号，看涨,1.6982071012745705,CALL,0.0,1335.0,7235700.0,3.872660980969977e-06,5M-10M,2026-04-17,644.3699951171875,633.6099853515625,636.0750122070312,645.4500122070312,635.5,54.2,54.15,54.65,25.0,0.3852447950744628,False,META,49.45,0.09605662285136501,0.016982071012745705,1868405222031.0,9.605662285136502,-1335.0
META260220C00610000,610.0,-1063.0,空头平仓 Call，回补信号，看涨,1.6982071012745705,CALL,0.0,1063.0,7228400.0,3.8687539056129165e-06,5M-10M,2026-02-20,644.3699951171875,633.6099853515625,636.0750122070312,645.4500122070312,635.5,68.0,67.3,68.5,9.0,0.4099180102539062,True,META,61.58,0.10425462812601496,0.016982071012745705,1868405222031.0,10.425462812601497,-1063.0
ORCL260116C00190000,190.0,-3012.0,多头平仓 Call，减仓，看涨减弱,-1.7515668808947178,CALL,0.0,3012.0,7213739.999999999,8.955469014977231e-06,5M-10M,2026-01-16,201.3699951171875,204.9600067138672,199.50999450683597,202.33990478515625,197.6100006103516,23.95,23.5,24.45,16.0,0.614261669921875,True,ORCL,27.07,-0.11525674178056892,-0.017515668808947178,805512250440.0,-11.525674178056892,-3012.0
SNOW260320C00250000,250.0,-2280.0,空头平仓 Call，回补信号，看涨,1.500038475269863,CALL,0.0,2280.0,7204800.0,9.466543557452648e-05,5M-10M,2026-03-20,252.38999938964844,248.66000366210935,249.6499938964844,254.0,248.84500122070312,31.6,31.3,31.75,24.0,0.5457198748779297,True,SNOW,29.9,0.05685618729097,0.015000384752698631,76108032000.0,5.685618729097,-2280.0
HUT270115C00050000,50.0,-3947.0,空头平仓 Call，回补信号，看涨,5.333967885776239,CALL,0.0,3947.0,7203275.0,0.0020584866858226244,5M-10M,2027-01-15,44.630001068115234,42.369998931884766,43.584999084472656,45.41999816894531,42.91999816894531,18.25,17.45,19.0,12.0,1.0946090191650393,False,HUT,16.35,0.1162079510703363,0.05333967885776239,3499306092.0,11.62079510703363,-3947.0
CRM251219P00250000,250.0,-3117.0,多头平仓 Put，减仓，看跌减弱,1.764194285755548,PUT,0.0,3117.0,7200270.000000001,3.1069748278886794e-05,5M-10M,2025-12-19,232.1750030517578,228.1499938964844,229.0,232.55999755859372,228.625,23.1,21.95,23.6,6.0,0.5408981457519533,True,CRM,26.12,-0.11562021439509952,0.01764194285755548,231745360000.0,-11.562021439509952,-3117.0
NU260116C00016000,16.0,-39341.0,空头平仓 Call，回补信号，看涨,1.2463776961616848,CALL,0.0,39341.0,7199403.0,9.468110643341512e-05,5M-10M,2026-01-16,17.46500015258789,17.25,17.389999389648438,17.530000686645508,17.200000762939453,1.83,1.81,1.9,5423.0,0.4062559375,True,NU,1.72,0.06395348837209308,0.012463776961616848,76038433339.0,6.395348837209308,-39341.0
BA251219P00195000,195.0,-8302.0,多头平仓 Put，减仓，看跌减弱,1.3107195443195907,PUT,0.0,8302.0,7139720.0,4.267424990275028e-05,5M-10M,2025-12-19,189.3699951171875,186.9199981689453,187.8699951171875,189.7400054931641,186.91000366210935,8.6,8.25,8.85,21.0,0.2971261694335937,True,BA,9.47,-0.09186906019007401,0.013107195443195907,167307451596.0,-9.186906019007402,-8302.0
WULF260116C00014000,14.0,-21895.0,空头平仓 Call，回补信号，看涨,6.7048509119157105,CALL,0.0,21895.0,7137770.0,0.0016816267396710005,5M-10M,2026-01-16,15.835000038146973,14.84000015258789,15.130000114440918,15.984999656677246,15.130000114440918,3.26,3.3,3.35,188.0,1.0468797656250002,True,WULF,2.71,0.20295202952029515,0.06704850911915711,4244562620.0,20.295202952029516,-21895.0
RIVN270115C00017000,17.0,-13737.0,空头平仓 Call，回补信号，看涨,4.295424485263434,CALL,0.0,13737.0,7129503.0,0.00037687469323003606,5M-10M,2027-01-15,16.875,16.18000030517578,16.389999389648438,17.05500030517578,16.260000228881836,5.19,5.05,5.35,100.0,0.7507349145507812,False,RIVN,4.9,0.05918367346938776,0.042954244852634334,18917436294.0,5.918367346938775,-13737.0
ORCL251219C00200000,200.0,-4806.0,多头平仓 Call，减仓，看涨减弱,-1.7515668808947178,CALL,0.0,4806.0,7112880.0,8.830256766566476e-06,5M-10M,2025-12-19,201.3699951171875,204.9600067138672,199.50999450683597,202.33990478515625,197.6100006103516,14.8,14.65,14.85,386.0,0.715701085205078,True,ORCL,17.3,-0.1445086705202312,-0.017515668808947178,805512250440.0,-14.45086705202312,-4806.0
ORCL260618C00250000,250.0,-4109.0,多头平仓 Call，减仓，看涨减弱,-1.7515668808947178,CALL,0.0,4109.0,7112678.999999999,8.830007235910808e-06,5M-10M,2026-06-18,201.3699951171875,204.9600067138672,199.50999450683597,202.33990478515625,197.6100006103516,17.31,16.95,18.0,108.0,0.554112124938965,False,ORCL,19.0,-0.0889473684210527,-0.017515668808947178,805512250440.0,-8.89473684210527,-4109.0
MSTR260320C00200000,200.0,-2792.0,空头平仓 Call，回补信号，看涨,2.2204474550426503,CALL,0.0,2792.0,7105639.999999999,8.108233277332567e-05,5M-10M,2026-03-20,179.5399932861328,175.63999938964844,182.94500732421875,187.2790069580078,178.6999969482422,25.45,25.35,25.35,186.0,0.8314225842285154,False,MSTR,23.19,0.09745579991375584,0.0222044745504265,87634873800.0,9.745579991375584,-2792.0
LYFT260116C00015000,15.0,-11445.0,空头平仓 Call，回补信号，看涨,3.4722260329248313,CALL,0.0,11445.0,7095900.0,0.0007982899312296112,5M-10M,2026-01-16,20.86000061035156,20.15999984741211,20.25,21.15999984741211,20.149999618530277,6.2,6.0,6.35,33.0,0.7763694238281251,True,LYFT,5.85,0.05982905982905992,0.034722260329248314,8888875736.0,5.982905982905992,-11445.0
BMNR260618C00030000,30.0,-5170.0,空头平仓 Call，回补信号，看涨,6.301203282202088,CALL,0.0,5170.0,7082900.0,0.032592032735434186,5M-10M,2026-06-18,33.7400016784668,31.739999771118164,33.79999923706055,35.20000076293945,33.02000045776367,13.7,13.0,13.7,193.0,1.2451209619140622,True,BMNR,11.15,0.22869955156950664,0.06301203282202088,217319983.0,22.869955156950663,-5170.0
JPM260320C00240000,240.0,-925.0,空头平仓 Call，回补信号，看涨,1.891813980470497,CALL,0.0,925.0,7073475.0,8.13897037582637e-06,5M-10M,2026-03-20,313.4599914550781,307.6400146484375,309.1000061035156,313.7200012207031,308.239990234375,76.47,74.85,77.55,1.0,0.4220028503417968,True,JPM,71.8,0.06504178272980504,0.01891813980470497,869087203095.0,6.504178272980504,-925.0
NVDA251205C00150000,150.0,2525.0,空头卖 Call，看跌/看不涨,-2.0083177586627814,CALL,2525.0,0.0,7070000.0,1.6327880467905785e-06,5M-10M,2025-12-05,176.63980102539062,180.25999450683597,178.99000549316406,179.2899932861328,176.53140258789062,28.0,27.85,27.95,120.0,0.9172371557617188,True,NVDA,30.6,-0.08496732026143795,-0.020083177586627813,4330017000000.0,-8.496732026143796,2525.0
META260320C00630000,630.0,-1129.0,空头平仓 Call，回补信号，看涨,1.6982071012745705,CALL,0.0,1129.0,7069798.0,3.7838676089306606e-06,5M-10M,2026-03-20,644.3699951171875,633.6099853515625,636.0750122070312,645.4500122070312,635.5,62.62,62.8,63.2,21.0,0.3946135978698731,True,META,57.08,0.09705676243868254,0.016982071012745705,1868405222031.0,9.705676243868254,-1129.0
PYPL260116C00060000,60.0,-14280.0,空头平仓 Call，回补信号，看涨,1.7952397910115923,CALL,0.0,14280.0,7068600.0,0.00010993675701232233,5M-10M,2026-01-16,62.93999862670898,61.83000183105469,62.22999954223633,63.05500030517578,62.130001068115234,4.95,4.9,5.05,148.0,0.3725648681640625,True,PYPL,4.55,0.08791208791208799,0.017952397910115922,64296966657.0,8.791208791208799,-14280.0
META260220P00680000,680.0,-1116.0,多头平仓 Put，减仓，看跌减弱,1.6982071012745705,PUT,0.0,1116.0,7054236.0,3.775538580614692e-06,5M-10M,2026-02-20,644.3699951171875,633.6099853515625,636.0750122070312,645.4500122070312,635.5,63.21,62.5,62.9,17.0,0.3359136233520507,True,META,68.3,-0.07452415812591504,0.016982071012745705,1868405222031.0,-7.452415812591504,-1116.0
MU260220C00240000,240.0,-2454.0,空头平仓 Call，回补信号，看涨,2.663250525055157,CALL,0.0,2454.0,7042980.0,4.001583942350777e-05,5M-10M,2026-02-20,236.39239501953125,230.25999450683597,235.6150054931641,238.1000061035156,233.47999572753903,28.7,28.3,28.7,145.0,0.6628451684570313,False,MU,27.16,0.05670103092783502,0.026632505250551566,176004804634.0,5.670103092783502,-2454.0
RIVN260618C00017000,17.0,-19928.0,空头平仓 Call，回补信号，看涨,4.295424485263434,CALL,0.0,19928.0,7034584.0,0.0003718571528760027,5M-10M,2026-06-18,16.875,16.18000030517578,16.389999389648438,17.05500030517578,16.260000228881836,3.53,3.4,3.55,35.0,0.709963837890625,False,RIVN,3.07,0.14983713355048858,0.042954244852634334,18917436294.0,14.983713355048858,-19928.0
ENPH260116P00035000,35.0,-10493.0,多头平仓 Put，减仓，看跌减弱,4.115745759611543,PUT,0.0,10493.0,7030310.000000001,0.0014731173773081052,5M-10M,2026-01-16,28.96500015258789,27.81999969482422,28.209999084472656,29.030000686645508,28.09000015258789,6.7,6.5,6.9,9.0,0.5664105859375,True,ENPH,7.4,-0.09459459459459461,0.04115745759611543,4772403142.0,-9.459459459459461,-10493.0
COIN260116P00250000,250.0,-5521.0,多头平仓 Put，减仓，看跌减弱,3.2314633384228597,PUT,0.0,5521.0,7028233.0,8.750693360529458e-05,5M-10M,2026-01-16,273.53240966796875,264.9700012207031,273.69000244140625,279.8599853515625,270.20001220703125,12.73,12.4,13.2,49.0,0.5871623315429688,False,COIN,16.22,-0.2151664611590628,0.032314633384228596,80316298497.0,-21.51664611590628,-5521.0
COIN260116P00280000,280.0,-2802.0,多头平仓 Put，减仓，看跌减弱,3.2314633384228597,PUT,0.0,2802.0,6988188.0,8.700834240090166e-05,5M-10M,2026-01-16,273.53240966796875,264.9700012207031,273.69000244140625,279.8599853515625,270.20001220703125,24.94,26.0,26.9,46.0,0.5651593777465821,True,COIN,32.41,-0.23048441838938588,0.032314633384228596,80316298497.0,-23.048441838938587,-2802.0
COIN260116C00230000,230.0,-1272.0,空头平仓 Call，回补信号，看涨,3.2314633384228597,CALL,0.0,1272.0,6970559.999999999,8.678886017463025e-05,5M-10M,2026-01-16,273.53240966796875,264.9700012207031,273.69000244140625,279.8599853515625,270.20001220703125,54.8,53.6,55.3,4.0,0.7408473181152342,True,COIN,41.22,0.32945172246482285,0.032314633384228596,80316298497.0,32.94517224648229,-1272.0
NVDA251219P00220000,220.0,-1645.0,空头平仓 Put，回补，看跌信号减弱,-2.0083177586627814,PUT,949.0,2594.0,6948480.0,1.6047234918477225e-06,5M-10M,2025-12-19,176.63980102539062,180.25999450683597,178.99000549316406,179.2899932861328,176.53140258789062,42.24,42.2,42.6,159.0,1.0000000000000004e-05,True,NVDA,39.47,0.0701798834557893,-0.020083177586627813,4330017000000.0,7.01798834557893,-1645.0
COIN260918P00230000,230.0,-1956.0,多头平仓 Put，减仓，看跌减弱,3.2314633384228597,PUT,0.0,1956.0,6924239.999999999,8.621214036972379e-05,5M-10M,2026-09-18,273.53240966796875,264.9700012207031,273.69000244140625,279.8599853515625,270.20001220703125,35.4,34.2,35.75,12.0,0.6067544207763673,False,COIN,44.27,-0.200361418567879,0.032314633384228596,80316298497.0,-20.0361418567879,-1956.0
NVDA260618C00154000,154.0,-1770.0,多头平仓 Call，减仓，看涨减弱,-2.0083177586627814,CALL,0.0,1770.0,6903000.0,1.5942200688819467e-06,5M-10M,2026-06-18,176.63980102539062,180.25999450683597,178.99000549316406,179.2899932861328,176.53140258789062,39.0,38.95,39.25,4.0,0.53751072845459,True,NVDA,41.65,-0.063625450180072,-0.020083177586627813,4330017000000.0,-6.3625450180072,-1770.0
JPM251219C00300000,300.0,-4239.0,空头平仓 Call，回补信号，看涨,1.891813980470497,CALL,0.0,4239.0,6884136.0,7.921110764816421e-06,5M-10M,2025-12-19,313.4599914550781,307.6400146484375,309.1000061035156,313.7200012207031,308.239990234375,16.24,15.4,16.8,33.0,0.2800364965820311,True,JPM,12.69,0.2797478329393222,0.01891813980470497,869087203095.0,27.97478329393222,-4239.0
AI260116C00015000,15.0,-50608.0,空头平仓 Call，回补信号，看涨,1.9067829143586859,CALL,0.0,50608.0,6882688.0,0.0029130064935703444,5M-10M,2026-01-16,14.43000030517578,14.15999984741211,14.199999809265137,14.529899597167969,14.15999984741211,1.36,1.31,1.37,63.0,0.743166630859375,False,AI,1.25,0.08800000000000008,0.01906782914358686,2362743789.0,8.800000000000008,-50608.0
IBM260116C00265000,265.0,-1486.0,空头平仓 Call，回补信号，看涨,1.3785901887005145,CALL,0.0,1486.0,6863834.0,2.5916885257406595e-05,5M-10M,2026-01-16,307.3900146484375,303.2099914550781,304.0599975585937,309.1300048828125,303.6000061035156,46.19,45.9,47.85,1.0,0.4713187634277344,True,IBM,42.85,0.0779463243873978,0.013785901887005144,264840235693.0,7.7946324387397805,-1486.0
IBM260116C00280000,280.0,-2129.0,空头平仓 Call，回补信号，看涨,1.3785901887005145,CALL,0.0,2129.0,6861767.0,2.5909080552073243e-05,5M-10M,2026-01-16,307.3900146484375,303.2099914550781,304.0599975585937,309.1300048828125,303.6000061035156,32.23,32.9,34.35,3.0,0.3999083447265625,True,IBM,29.71,0.08481992595085816,0.013785901887005144,264840235693.0,8.481992595085815,-2129.0
BAC260116C00052500,52.5,-24173.0,空头平仓 Call，回补信号，看涨,1.7029574017326878,CALL,0.0,24173.0,6816786.0,1.7627337175405715e-05,5M-10M,2026-01-16,53.89239883422852,52.9900016784668,53.11000061035156,53.900001525878906,53.04999923706055,2.82,2.8,2.85,282.0,0.2641675146484374,True,BAC,2.34,0.20512820512820512,0.017029574017326878,386716719160.0,20.51282051282051,-24173.0
COIN260320P00280000,280.0,-1751.0,多头平仓 Put，减仓，看跌减弱,3.2314633384228597,PUT,0.0,1751.0,6814892.0,8.485067324479043e-05,5M-10M,2026-03-20,273.53240966796875,264.9700012207031,273.69000244140625,279.8599853515625,270.20001220703125,38.92,39.15,39.9,9.0,0.5920145779418947,True,COIN,44.65,-0.1283314669652855,0.032314633384228596,80316298497.0,-12.83314669652855,-1751.0
NVDA260116P00186000,186.0,-4633.0,空头平仓 Put，回补，看跌信号减弱,-2.0083177586627814,PUT,0.0,4633.0,6801244.0,1.5707199301988883e-06,5M-10M,2026-01-16,176.63980102539062,180.25999450683597,178.99000549316406,179.2899932861328,176.53140258789062,14.68,14.7,14.85,11.0,0.3535220898437499,True,NVDA,13.6,0.07941176470588236,-0.020083177586627813,4330017000000.0,7.941176470588236,-4633.0
NVDA251219C00168000,168.0,-5001.0,多头平仓 Call，减仓，看涨减弱,-2.0083177586627814,CALL,0.0,5001.0,6776355.0,1.5649719158146493e-06,5M-10M,2025-12-19,176.63980102539062,180.25999450683597,178.99000549316406,179.2899932861328,176.53140258789062,13.55,13.4,13.5,296.0,0.5018360363769532,True,NVDA,16.1,-0.15838509316770188,-0.020083177586627813,4330017000000.0,-15.838509316770189,-5001.0
EQT260116C00060000,60.0,-17790.0,空头平仓 Call，回补信号，看涨,3.2796633445610435,CALL,0.0,17790.0,6760200.0,0.00020038224794546703,5M-10M,2026-01-16,60.935001373291016,59.0,59.43000030517578,61.13999938964844,58.94499969482422,3.8,3.7,3.85,70.0,0.3764710791015625,True,EQT,2.81,0.3523131672597864,0.032796633445610436,33736521420.0,35.23131672597864,-17790.0
NVDA251212P00185000,185.0,-6889.0,空头平仓 Put，回补，看跌信号减弱,-2.0083177586627814,PUT,0.0,6889.0,6751220.000000001,1.5591670887204372e-06,5M-10M,2025-12-12,176.63980102539062,180.25999450683597,178.99000549316406,179.2899932861328,176.53140258789062,9.8,10.0,10.1,305.0,0.3308172387695312,True,NVDA,8.55,0.14619883040935672,-0.020083177586627813,4330017000000.0,14.619883040935672,-6889.0
CRCL251205C00074000,74.0,8384.0,多头买 Call，看涨,11.45374416951036,CALL,8701.0,317.0,6749120.000000001,0.00023164948454802123,5M-10M,2025-12-05,80.95999908447266,72.63999938964844,75.30999755859375,81.4800033569336,74.0199966430664,8.05,7.6,8.5,4753.0,0.7939473730468749,True,CRCL,3.05,1.6393442622950825,0.1145374416951036,29135052958.0,163.93442622950823,8384.0
CRCL260618P00090000,90.0,-2667.0,多头平仓 Put，减仓，看跌减弱,11.45374416951036,PUT,0.0,2667.0,6742176.000000001,0.00023141114621343814,5M-10M,2026-06-18,80.95999908447266,72.63999938964844,75.30999755859375,81.4800033569336,74.0199966430664,25.28,23.35,25.85,12.0,0.786989434814453,True,CRCL,28.5,-0.11298245614035084,0.1145374416951036,29135052958.0,-11.298245614035084,-2667.0
WULF260116C00016000,16.0,-30609.0,空头平仓 Call，回补信号，看涨,6.7048509119157105,CALL,0.0,30609.0,6733980.0,0.0015864956187170117,5M-10M,2026-01-16,15.835000038146973,14.84000015258789,15.130000114440918,15.984999656677246,15.130000114440918,2.2,2.23,2.3,935.0,1.0029346728515625,False,WULF,1.79,0.229050279329609,0.06704850911915711,4244562620.0,22.905027932960902,-30609.0
INTC270115P00035000,35.0,-11364.0,多头平仓 Put，减仓，看跌减弱,7.864711626618565,PUT,0.0,11364.0,6727488.0,4.329602563978801e-05,5M-10M,2027-01-15,39.70500183105469,36.810001373291016,37.369998931884766,39.75,37.35499954223633,5.92,5.4,6.45,15.0,0.5151415673828125,False,INTC,6.25,-0.052800000000000014,0.07864711626618565,155383500000.0,-5.280000000000001,-11364.0
BAC270115C00052500,52.5,-9595.0,空头平仓 Call，回补信号，看涨,1.7029574017326878,CALL,0.0,9595.0,6716500.0,1.73680103994188e-05,5M-10M,2027-01-15,53.89239883422852,52.9900016784668,53.11000061035156,53.900001525878906,53.04999923706055,7.0,6.8,7.3,1.0,0.2922434057617186,True,BAC,6.6,0.06060606060606066,0.017029574017326878,386716719160.0,6.060606060606066,-9595.0
ORCL260116C00220000,220.0,-6550.0,多头平仓 Call，减仓，看涨减弱,-1.7515668808947178,CALL,0.0,6550.0,6713750.0,8.33475840539074e-06,5M-10M,2026-01-16,201.3699951171875,204.9600067138672,199.50999450683597,202.33990478515625,197.6100006103516,10.25,10.15,10.5,303.0,0.5844157769775391,False,ORCL,12.15,-0.1563786008230453,-0.017515668808947178,805512250440.0,-15.637860082304531,-6550.0
MU251219P00240000,240.0,-3542.0,多头平仓 Put，减仓，看跌减弱,2.663250525055157,PUT,0.0,3542.0,6712089.999999999,3.813583392770279e-05,5M-10M,2025-12-19,236.39239501953125,230.25999450683597,235.6150054931641,238.1000061035156,233.47999572753903,18.95,18.25,18.85,192.0,0.7161283270263672,True,MU,22.09,-0.14214576731552742,0.026632505250551566,176004804634.0,-14.214576731552741,-3542.0
BAC270115C00042000,42.0,-4698.0,空头平仓 Call，回补信号，看涨,1.7029574017326878,CALL,0.0,4698.0,6708744.0,1.734795437490337e-05,5M-10M,2027-01-15,53.89239883422852,52.9900016784668,53.11000061035156,53.900001525878906,53.04999923706055,14.28,13.95,14.6,2.0,0.3537662280273437,True,BAC,12.9,0.10697674418604643,0.017029574017326878,386716719160.0,10.697674418604644,-4698.0
MSFT260618C00600000,600.0,-7019.0,空头平仓 Call，回补信号，看涨,1.235839340885685,CALL,0.0,7019.0,6703145.000000001,1.7631655261904249e-06,5M-10M,2026-06-18,491.5,485.5,487.5950012207031,492.6300048828125,486.6499938964844,9.55,9.45,9.7,16.0,0.2745739047241211,False,MSFT,8.5,0.12352941176470597,0.012358393408856848,3801767276203.0,12.352941176470598,-7019.0
CIFR260220C00015000,15.0,-8619.0,空头平仓 Call，回补信号，看涨,9.582250800912103,CALL,0.0,8619.0,6679725.0,0.0014807794317669625,5M-10M,2026-02-20,20.98500061035156,19.149999618530277,19.549999237060547,21.0,19.459999084472656,7.75,7.35,7.95,7.0,1.169926025390625,True,CIFR,6.64,0.16716867469879523,0.09582250800912102,4510952041.0,16.716867469879524,-8619.0
RIVN260618C00015000,15.0,-15152.0,空头平仓 Call，回补信号，看涨,4.295424485263434,CALL,0.0,15152.0,6666880.0,0.0003524198467693278,5M-10M,2026-06-18,16.875,16.18000030517578,16.389999389648438,17.05500030517578,16.260000228881836,4.4,4.3,4.45,10.0,0.71679970703125,True,RIVN,4.0,0.10000000000000009,0.042954244852634334,18917436294.0,10.000000000000009,-15152.0
GS251219C00800000,800.0,-1779.0,空头平仓 Call，回补信号，看涨,1.6255945992926593,CALL,0.0,1779.0,6653459.999999999,2.7387627736033334e-05,5M-10M,2025-12-19,829.2750244140625,816.010009765625,820.0,830.5700073242188,818.9500122070312,37.4,36.75,39.85,147.0,0.2784190811157226,True,GS,31.22,0.1979500320307495,0.016255945992926592,242936703541.0,19.795003203074952,-1779.0
OKLO260116C00100000,100.0,-5966.0,空头平仓 Call，回补信号，看涨,5.534260555858812,CALL,0.0,5966.0,6646124.000000001,0.00040735669740722387,5M-10M,2026-01-16,93.62999725341795,88.72000122070312,90.0,94.50499725341795,89.01000213623047,11.14,10.9,11.35,148.0,0.9908448181152344,False,OKLO,9.4,0.18510638297872342,0.05534260555858812,16315244213.0,18.510638297872344,-5966.0
NVDA260821C00210000,210.0,-3827.0,多头平仓 Call，减仓，看涨减弱,-2.0083177586627814,CALL,0.0,3827.0,6639845.000000001,1.5334454806990368e-06,5M-10M,2026-08-21,176.63980102539062,180.25999450683597,178.99000549316406,179.2899932861328,176.53140258789062,17.35,17.25,17.4,542.0,0.4787344607543945,False,NVDA,18.9,-0.08201058201058187,-0.020083177586627813,4330017000000.0,-8.201058201058187,-3827.0
APLD251219C00024000,24.0,-15614.0,空头平仓 Call，回补信号，看涨,7.417804097250917,CALL,0.0,15614.0,6635950.0,0.001168795998642473,5M-10M,2025-12-19,26.790000915527344,24.940000534057617,25.45499992370605,27.1299991607666,25.25,4.25,4.1,4.45,266.0,1.0693405908203126,True,APLD,3.07,0.3843648208469056,0.07417804097250917,5677594728.0,38.43648208469056,-15614.0
COIN260116C00250000,250.0,-1657.0,空头平仓 Call，回补信号，看涨,3.2314633384228597,CALL,0.0,1657.0,6628000.0,8.252372337910432e-05,5M-10M,2026-01-16,273.53240966796875,264.9700012207031,273.69000244140625,279.8599853515625,270.20001220703125,40.0,39.05,40.0,37.0,0.6779207012939454,True,COIN,32.4,0.23456790123456794,0.032314633384228596,80316298497.0,23.456790123456795,-1657.0
C260116C00092500,92.5,-5097.0,空头平仓 Call，回补信号，看涨,1.760975907488567,CALL,0.0,5097.0,6626100.0,3.480356650146351e-05,5M-10M,2026-01-16,104.30500030517578,102.5,102.8000030517578,104.30500030517578,102.51000213623048,13.0,12.8,13.5,3.0,0.398443515625,True,C,11.31,0.1494252873563218,0.01760975907488567,190385660611.0,14.94252873563218,-5097.0
NFLX260618P00100000,100.0,-9281.0,多头平仓 Put，减仓，看跌减弱,1.356701007807501,PUT,0.0,9281.0,6608072.0,1.2845672649622844e-05,5M-10M,2026-06-18,107.58000183105467,106.13999938964844,106.5,107.88999938964844,106.25,7.12,6.9,7.3,3.0,0.3466862207031249,False,NFLX,7.53,-0.054448871181938925,0.013567010078075011,514420083731.0,-5.4448871181938925,-9281.0
HUT260320C00033000,33.0,-4177.0,空头平仓 Call，回补信号，看涨,5.333967885776239,CALL,0.0,4177.0,6608014.0,0.0018883783888202941,5M-10M,2026-03-20,44.630001068115234,42.369998931884766,43.584999084472656,45.41999816894531,42.91999816894531,15.82,15.9,17.25,1.0,1.1499065942382811,True,HUT,12.0,0.31833333333333336,0.05333967885776239,3499306092.0,31.833333333333336,-4177.0
COIN251219P00340000,340.0,-983.0,多头平仓 Put，减仓，看跌减弱,3.2314633384228597,PUT,0.0,983.0,6585117.0,8.198979688096519e-05,5M-10M,2025-12-19,273.53240966796875,264.9700012207031,273.69000244140625,279.8599853515625,270.20001220703125,66.99,65.55,67.9,4.0,0.6096230444335939,True,COIN,77.28,-0.13315217391304357,0.032314633384228596,80316298497.0,-13.315217391304357,-983.0
SOFI260320C00030000,30.0,-15472.0,空头平仓 Call，回补信号，看涨,2.825553919420712,CALL,0.0,15472.0,6575600.0,0.0001962593029506999,5M-10M,2026-03-20,29.295000076293945,28.489999771118164,28.790000915527344,29.46999931335449,28.45499992370605,4.25,4.25,4.35,240.0,0.7106962524414062,False,SOFI,3.88,0.09536082474226808,0.028255539194207122,33504653798.0,9.536082474226808,-15472.0
RGTI260116C00020000,20.0,-8930.0,空头平仓 Call，回补信号，看涨,1.1407914221376567,CALL,0.0,8930.0,6563550.0,0.0006493761544036859,5M-10M,2026-01-16,25.8617000579834,25.56999969482422,25.739999771118164,26.09000015258789,25.27199935913086,7.35,6.55,7.65,1.0,1.0127002490234376,True,RGTI,6.95,0.057553956834532294,0.011407914221376568,10107470001.0,5.755395683453229,-8930.0
META260320P00640000,640.0,-1408.0,多头平仓 Put，减仓，看跌减弱,1.6982071012745705,PUT,0.0,1408.0,6559872.0,3.510947155708153e-06,5M-10M,2026-03-20,644.3699951171875,633.6099853515625,636.0750122070312,645.4500122070312,635.5,46.59,45.4,45.75,5.0,0.3366765551757812,False,META,50.08,-0.06968849840255581,0.016982071012745705,1868405222031.0,-6.968849840255581,-1408.0
KGC280121C00030000,30.0,-8406.0,空头平仓 Call，回补信号，看涨,2.7514546139659206,CALL,0.0,8406.0,6556680.0,0.00022167310813374792,5M-10M,2028-01-21,28.19499969482422,27.440000534057617,27.90999984741211,28.32990074157715,27.614999771118164,7.8,6.3,9.3,100.0,0.5219774365234374,False,KGC,7.3,0.0684931506849315,0.027514546139659205,29578148000.0,6.8493150684931505,-8406.0
COIN251205C00270000,270.0,5450.0,多头买 Call，看涨,3.2314633384228597,CALL,6704.0,1254.0,6550900.0,8.156376878155921e-05,5M-10M,2025-12-05,273.53240966796875,264.9700012207031,273.69000244140625,279.8599853515625,270.20001220703125,12.02,11.75,12.3,1424.0,0.6313513427734375,True,COIN,8.0,0.5025,0.032314633384228596,80316298497.0,50.24999999999999,5450.0
ORCL260220P00190000,190.0,-4366.0,空头平仓 Put，回补，看跌信号减弱,-1.7515668808947178,PUT,0.0,4366.0,6549000.0,8.130230168967261e-06,5M-10M,2026-02-20,201.3699951171875,204.9600067138672,199.50999450683597,202.33990478515625,197.6100006103516,15.0,14.6,15.15,42.0,0.5339402075195312,False,ORCL,13.25,0.1320754716981132,-0.017515668808947178,805512250440.0,13.20754716981132,-4366.0
PPTA251219C00020000,20.0,-10109.0,空头平仓 Call，回补信号，看涨,3.1337320212398696,CALL,0.0,10109.0,6530414.0,0.002869025707423937,5M-10M,2025-12-19,25.834999084472656,25.049999237060547,25.299999237060547,26.68000030517578,24.940000534057617,6.46,6.3,6.7,31.0,1.171879140625,True,PPTA,5.3,0.21886792452830192,0.0313373202123987,2276178280.0,21.886792452830193,-10109.0
C260116C00110000,110.0,-27092.0,空头平仓 Call，回补信号，看涨,1.760975907488567,CALL,0.0,27092.0,6529172.0,3.429445252886215e-05,5M-10M,2026-01-16,104.30500030517578,102.5,102.8000030517578,104.30500030517578,102.51000213623048,2.41,2.35,2.41,945.0,0.2985909985351562,False,C,2.03,0.18719211822660117,0.01760975907488567,190385660611.0,18.719211822660117,-27092.0
ORCL260320C00200000,200.0,-2443.0,多头平仓 Call，减仓，看涨减弱,-1.7515668808947178,CALL,0.0,2443.0,6508152.0,8.07951958079472e-06,5M-10M,2026-03-20,201.3699951171875,204.9600067138672,199.50999450683597,202.33990478515625,197.6100006103516,26.64,26.75,27.1,316.0,0.591373715209961,True,ORCL,29.3,-0.09078498293515358,-0.017515668808947178,805512250440.0,-9.078498293515358,-2443.0
META260220C00670000,670.0,1740.0,多头买 Call，看涨,1.6982071012745705,CALL,3667.0,1927.0,6457140.0,3.4559633659024666e-06,5M-10M,2026-02-20,644.3699951171875,633.6099853515625,636.0750122070312,645.4500122070312,635.5,37.11,37.05,37.4,58.0,0.3890136782836914,False,META,33.06,0.12250453720508157,0.016982071012745705,1868405222031.0,12.250453720508157,1740.0
MSTR260220P00200000,200.0,-1795.0,多头平仓 Put，减仓，看跌减弱,2.2204474550426503,PUT,0.0,1795.0,6447640.0,7.35739063733324e-05,5M-10M,2026-02-20,179.5399932861328,175.63999938964844,182.94500732421875,187.2790069580078,178.6999969482422,35.92,37.0,37.6,17.0,0.7082548706054688,True,MSTR,41.0,-0.1239024390243902,0.0222044745504265,87634873800.0,-12.39024390243902,-1795.0
NVDA260618C00205000,205.0,-4314.0,多头平仓 Call，减仓，看涨减弱,-2.0083177586627814,CALL,0.0,4314.0,6440802.0,1.4874773008974329e-06,5M-10M,2026-06-18,176.63980102539062,180.25999450683597,178.99000549316406,179.2899932861328,176.53140258789062,14.93,15.1,15.2,8.0,0.4796194616699218,False,NVDA,16.82,-0.11236623067776459,-0.020083177586627813,4330017000000.0,-11.23662306777646,-4314.0
PYPL260116P00070000,70.0,-8305.0,多头平仓 Put，减仓，看跌减弱,1.7952397910115923,PUT,0.0,8305.0,6436375.0,0.00010010386701966247,5M-10M,2026-01-16,62.93999862670898,61.83000183105469,62.22999954223633,63.05500030517578,62.130001068115234,7.75,7.5,7.8,3.0,0.3120185986328124,True,PYPL,8.46,-0.08392434988179678,0.017952397910115922,64296966657.0,-8.392434988179678,-8305.0
BMNR260417P00040000,40.0,-5059.0,多头平仓 Put，减仓，看跌减弱,6.301203282202088,PUT,0.0,5059.0,6424930.0,0.02956437742773061,5M-10M,2026-04-17,33.7400016784668,31.739999771118164,33.79999923706055,35.20000076293945,33.02000045776367,12.7,12.3,13.3,1.0,1.0393114440917972,True,BMNR,13.75,-0.07636363636363641,0.06301203282202088,217319983.0,-7.636363636363641,-5059.0
MSFT260220C00510000,510.0,3379.0,多头买 Call，看涨,1.235839340885685,CALL,13425.0,10046.0,6420100.0,1.6887146249551734e-06,5M-10M,2026-02-20,491.5,485.5,487.5950012207031,492.6300048828125,486.6499938964844,19.0,19.05,19.25,79.0,0.2856364161682128,False,MSFT,16.6,0.14457831325301196,0.012358393408856848,3801767276203.0,14.457831325301196,3379.0
TMC270115C00005000,5.0,-17765.0,空头平仓 Call，回补信号，看涨,13.655234134408865,CALL,0.0,17765.0,6395400.0,0.0024743689803707635,5M-10M,2027-01-15,6.626100063323975,5.829999923706055,6.559999942779541,6.699999809265137,6.278600215911865,3.6,3.4,3.7,31.0,1.1513714306640623,True,TMC,2.97,0.21212121212121207,0.13655234134408864,2584658978.0,21.212121212121207,-17765.0
IBM260320C00290000,290.0,-1928.0,空头平仓 Call，回补信号，看涨,1.3785901887005145,CALL,0.0,1928.0,6391320.0,2.4132737925096664e-05,5M-10M,2026-03-20,307.3900146484375,303.2099914550781,304.0599975585937,309.1300048828125,303.6000061035156,33.15,31.9,34.4,1.0,0.3738160763549804,True,IBM,29.5,0.12372881355932198,0.013785901887005144,264840235693.0,12.372881355932199,-1928.0
CRM260116P00290000,290.0,-1085.0,多头平仓 Put，减仓，看跌减弱,1.764194285755548,PUT,0.0,1085.0,6390650.0,2.7576172398877802e-05,5M-10M,2026-01-16,232.1750030517578,228.1499938964844,229.0,232.55999755859372,228.625,58.9,57.75,60.4,1.0,0.4946339599609375,True,CRM,62.2,-0.05305466237942129,0.01764194285755548,231745360000.0,-5.305466237942129,-1085.0
CRM260618C00220000,220.0,-1758.0,空头平仓 Call，回补信号，看涨,1.764194285755548,CALL,0.0,1758.0,6337589.999999999,2.734721420096609e-05,5M-10M,2026-06-18,232.1750030517578,228.1499938964844,229.0,232.55999755859372,228.625,36.05,35.3,36.3,3.0,0.4453485641479492,True,CRM,33.8,0.06656804733727811,0.01764194285755548,231745360000.0,6.656804733727811,-1758.0
AMZN260220P00210000,210.0,-9858.0,多头平仓 Put，减仓，看跌减弱,1.3505852553862998,PUT,0.0,9858.0,6309120.0,2.6916794480280414e-06,5M-10M,2026-02-20,232.2550048828125,229.16000366210935,231.34500122070312,232.7400054931641,230.22999572753903,6.4,6.4,6.45,88.0,0.3536441589355468,False,AMZN,7.15,-0.1048951048951049,0.013505852553862998,2343934380679.0,-10.48951048951049,-9858.0
META251219P00630000,630.0,-5458.0,多头平仓 Put，减仓，看跌减弱,1.6982071012745705,PUT,0.0,5458.0,6303990.0,3.373995065774552e-06,5M-10M,2025-12-19,644.3699951171875,633.6099853515625,636.0750122070312,645.4500122070312,635.5,11.55,11.45,11.65,175.0,0.2874521939086913,False,META,16.0,-0.27812499999999996,0.016982071012745705,1868405222031.0,-27.812499999999996,-5458.0
LULU251219C00170000,170.0,-2793.0,空头平仓 Call，回补信号，看涨,2.286470048525516,CALL,0.0,2793.0,6287043.000000001,0.0003142826486393744,5M-10M,2025-12-19,186.1000061035156,181.94000244140625,184.72000122070312,186.69000244140625,183.5,22.51,21.2,23.75,60.0,0.7385280053710936,True,LULU,21.27,0.058298072402444855,0.02286470048525516,20004422857.0,5.829807240244485,-2793.0
ORCL260417P00180000,180.0,-3794.0,空头平仓 Put，回补，看跌信号减弱,-1.7515668808947178,PUT,0.0,3794.0,6260100.0,7.77157640567292e-06,5M-10M,2026-04-17,201.3699951171875,204.9600067138672,199.50999450683597,202.33990478515625,197.6100006103516,16.5,15.8,16.15,3.0,0.5365646929931642,False,ORCL,14.72,0.12092391304347822,-0.017515668808947178,805512250440.0,12.09239130434782,-3794.0
INTC260320C00044000,44.0,-18731.0,空头平仓 Call，回补信号，看涨,7.864711626618565,CALL,0.0,18731.0,6256154.0,4.026266624191114e-05,5M-10M,2026-03-20,39.70500183105469,36.810001373291016,37.369998931884766,39.75,37.35499954223633,3.34,3.3,3.55,235.0,0.5730023168945313,False,INTC,2.15,0.5534883720930233,0.07864711626618565,155383500000.0,55.348837209302324,-18731.0
WDC260116C00140000,140.0,-2256.0,空头平仓 Call，回补信号，看涨,3.1000375423851207,CALL,0.0,2256.0,6242352.0,0.00016835259311413612,5M-10M,2026-01-16,162.6300048828125,157.74000549316406,160.0,162.68499755859375,156.7899932861328,27.67,26.95,29.25,13.0,0.627506166381836,True,WDC,26.31,0.051691372101862525,0.031000375423851208,37079036827.0,5.1691372101862525,-2256.0
ORCL260618P00180000,180.0,-3078.0,空头平仓 Put，回补，看跌信号减弱,-1.7515668808947178,PUT,0.0,3078.0,6232950.0,7.73787114546717e-06,5M-10M,2026-06-18,201.3699951171875,204.9600067138672,199.50999450683597,202.33990478515625,197.6100006103516,20.25,19.7,20.5,1.0,0.5249070947265625,False,ORCL,18.7,0.0828877005347594,-0.017515668808947178,805512250440.0,8.28877005347594,-3078.0
ORCL260116P00185000,185.0,-6286.0,空头平仓 Put，回补，看跌信号减弱,-1.7515668808947178,PUT,0.0,6286.0,6229426.0,7.733496289593686e-06,5M-10M,2026-01-16,201.3699951171875,204.9600067138672,199.50999450683597,202.33990478515625,197.6100006103516,9.91,9.65,10.1,76.0,0.5908854388427736,False,ORCL,8.75,0.1325714285714286,-0.017515668808947178,805512250440.0,13.25714285714286,-6286.0
INTC261218C00043000,43.0,-7811.0,空头平仓 Call，回补信号，看涨,7.864711626618565,CALL,0.0,7811.0,6225367.0,4.006453066123495e-05,5M-10M,2026-12-18,39.70500183105469,36.810001373291016,37.369998931884766,39.75,37.35499954223633,7.97,7.85,8.3,32.0,0.5762981823730469,False,INTC,6.35,0.2551181102362205,0.07864711626618565,155383500000.0,25.511811023622048,-7811.0
MSFT260618P00500000,500.0,-1629.0,多头平仓 Put，减仓，看跌减弱,1.235839340885685,PUT,0.0,1629.0,6190200.0,1.6282427487729963e-06,5M-10M,2026-06-18,491.5,485.5,487.5950012207031,492.6300048828125,486.6499938964844,38.0,37.7,38.2,3.0,0.2293473062133789,True,MSFT,40.5,-0.06172839506172839,0.012358393408856848,3801767276203.0,-6.172839506172839,-1629.0
NVDA260618C00225000,225.0,-6182.0,多头平仓 Call，减仓，看涨减弱,-2.0083177586627814,CALL,0.0,6182.0,6182000.0,1.4277080205458778e-06,5M-10M,2026-06-18,176.63980102539062,180.25999450683597,178.99000549316406,179.2899932861328,176.53140258789062,10.0,9.95,10.05,33.0,0.4696097961425781,False,NVDA,11.55,-0.13419913419913426,-0.020083177586627813,4330017000000.0,-13.419913419913426,-6182.0
MU251219P00250000,250.0,-2372.0,多头平仓 Put，减仓，看跌减弱,2.663250525055157,PUT,0.0,2372.0,6176688.0,3.5093860152535906e-05,5M-10M,2025-12-19,236.39239501953125,230.25999450683597,235.6150054931641,238.1000061035156,233.47999572753903,26.04,23.9,24.45,23.0,0.6931183032226562,True,MU,28.03,-0.0709953621120229,0.026632505250551566,176004804634.0,-7.09953621120229,-2372.0
INTC260220C00035000,35.0,8988.0,多头买 Call，看涨,7.864711626618565,CALL,21436.0,12448.0,6174756.0,3.973881396673392e-05,5M-10M,2026-02-20,39.70500183105469,36.810001373291016,37.369998931884766,39.75,37.35499954223633,6.87,6.8,6.9,742.0,0.5688519677734375,True,INTC,4.95,0.3878787878787878,0.07864711626618565,155383500000.0,38.78787878787878,8988.0
AMZN260220P00205000,205.0,-11866.0,多头平仓 Put，减仓，看跌减弱,1.3505852553862998,PUT,0.0,11866.0,6170320.0,2.632462773216611e-06,5M-10M,2026-02-20,232.2550048828125,229.16000366210935,231.34500122070312,232.7400054931641,230.22999572753903,5.2,5.2,5.25,87.0,0.3602969244384765,False,AMZN,5.87,-0.11413969335604769,0.013505852553862998,2343934380679.0,-11.413969335604769,-11866.0
CLSK260116C00015000,15.0,-26139.0,空头平仓 Call，回补信号，看涨,14.275093706479748,CALL,0.0,26139.0,6168803.999999999,0.0016934048521103143,5M-10M,2026-01-16,15.369999885559082,13.449999809265137,14.239999771118164,15.539999961853027,14.010000228881836,2.36,2.34,2.43,1507.0,0.98437515625,True,CLSK,1.4,0.6857142857142857,0.14275093706479747,3642840631.0,68.57142857142857,-26139.0
JPM261218C00300000,300.0,-1464.0,空头平仓 Call，回补信号，看涨,1.891813980470497,CALL,0.0,1464.0,6163440.0,7.091854509019015e-06,5M-10M,2026-12-18,313.4599914550781,307.6400146484375,309.1000061035156,313.7200012207031,308.239990234375,42.1,42.55,43.1,5.0,0.2867960725402831,True,JPM,39.47,0.0666328857360021,0.01891813980470497,869087203095.0,6.66328857360021,-1464.0
ORCL260116P00180000,180.0,-7551.0,空头平仓 Put，回补，看跌信号减弱,-1.7515668808947178,PUT,0.0,7551.0,6161616.0,7.649313833072435e-06,5M-10M,2026-01-16,201.3699951171875,204.9600067138672,199.50999450683597,202.33990478515625,197.6100006103516,8.16,7.95,8.3,45.0,0.5942423388671876,False,ORCL,7.05,0.15744680851063836,-0.017515668808947178,805512250440.0,15.744680851063835,-7551.0
LYFT260320P00020000,20.0,-27375.0,多头平仓 Put，减仓，看跌减弱,3.4722260329248313,PUT,0.0,27375.0,6159375.0,0.0006929307128295758,5M-10M,2026-03-20,20.86000061035156,20.15999984741211,20.25,21.15999984741211,20.149999618530277,2.25,2.17,2.25,1.0,0.5800823242187501,False,LYFT,2.45,-0.08163265306122455,0.034722260329248314,8888875736.0,-8.163265306122454,-27375.0
INTC251219C00037000,37.0,-17080.0,空头平仓 Call，回补信号，看涨,7.864711626618565,CALL,0.0,17080.0,6148800.0,3.9571769203293784e-05,5M-10M,2025-12-19,39.70500183105469,36.810001373291016,37.369998931884766,39.75,37.35499954223633,3.6,3.55,3.65,585.0,0.5214891601562499,True,INTC,1.72,1.0930232558139537,0.07864711626618565,155383500000.0,109.30232558139537,-17080.0
META251219P00600000,600.0,-14868.0,多头平仓 Put，减仓，看跌减弱,1.6982071012745705,PUT,0.0,14868.0,6140484.0,3.286484070797635e-06,5M-10M,2025-12-19,644.3699951171875,633.6099853515625,636.0750122070312,645.4500122070312,635.5,4.13,4.1,4.2,590.0,0.3040841076660155,False,META,6.21,-0.33494363929146537,0.016982071012745705,1868405222031.0,-33.49436392914654,-14868.0
META260220P00550000,550.0,-5398.0,多头平仓 Put，减仓，看跌减弱,1.6982071012745705,PUT,0.0,5398.0,6126730.0,3.2791227126522915e-06,5M-10M,2026-02-20,644.3699951171875,633.6099853515625,636.0750122070312,645.4500122070312,635.5,11.35,11.35,11.6,59.0,0.3789734954833984,False,META,13.23,-0.14210128495842786,0.016982071012745705,1868405222031.0,-14.210128495842786,-5398.0
BE260320C00110000,110.0,-2294.0,空头平仓 Call，回补信号，看涨,7.002175969111904,CALL,0.0,2294.0,6124980.0,0.000372232014826004,5M-10M,2026-03-20,108.22200012207033,101.13999938964844,104.1999969482422,108.22200012207033,102.55120086669922,26.7,26.5,26.9,27.0,1.1595501007080078,False,BE,23.2,0.15086206896551724,0.07002175969111904,16454737250.0,15.086206896551724,-2294.0
MU260320C00180000,180.0,-892.0,空头平仓 Call，回补信号，看涨,2.663250525055157,CALL,0.0,892.0,6106631.999999999,3.4695825563959296e-05,5M-10M,2026-03-20,236.39239501953125,230.25999450683597,235.6150054931641,238.1000061035156,233.47999572753903,68.46,68.1,69.45,4.0,0.7286404089355469,True,MU,58.0,0.1803448275862068,0.026632505250551566,176004804634.0,18.03448275862068,-892.0
SNOW260116C00195000,195.0,-990.0,空头平仓 Call，回补信号，看涨,1.500038475269863,CALL,0.0,990.0,6087510.0,7.998511904761905e-05,5M-10M,2026-01-16,252.38999938964844,248.66000366210935,249.6499938964844,254.0,248.84500122070312,61.49,60.65,63.4,10.0,0.6914093359375001,True,SNOW,58.35,0.05381319622964868,0.015000384752698631,76108032000.0,5.3813196229648685,-990.0
IONQ270115C00035000,35.0,-2476.0,空头平仓 Call，回补信号，看涨,5.074620844318565,CALL,0.0,2476.0,6078580.0,0.00030436657389852314,5M-10M,2027-01-15,49.27999877929688,46.900001525878906,47.70000076293945,49.5,47.56999969482422,24.55,23.55,25.75,13.0,0.97460962890625,True,IONQ,23.25,0.055913978494623685,0.05074620844318565,19971246915.0,5.591397849462369,-2476.0
MSFT260116C00460000,460.0,-1552.0,空头平仓 Call，回补信号，看涨,1.235839340885685,CALL,0.0,1552.0,6068320.0,1.5961839742228279e-06,5M-10M,2026-01-16,491.5,485.5,487.5950012207031,492.6300048828125,486.6499938964844,39.1,39.45,40.75,2.0,0.3050606604003906,True,MSFT,37.05,0.05533063427800282,0.012358393408856848,3801767276203.0,5.533063427800282,-1552.0
META251219P00640000,640.0,-3836.0,多头平仓 Put，减仓，看跌减弱,1.6982071012745705,PUT,0.0,3836.0,6060880.0,3.2438787520683987e-06,5M-10M,2025-12-19,644.3699951171875,633.6099853515625,636.0750122070312,645.4500122070312,635.5,15.8,15.55,15.75,185.0,0.2840342593383788,False,META,21.15,-0.2529550827423167,0.016982071012745705,1868405222031.0,-25.295508274231672,-3836.0
SNOW260116C00240000,240.0,-2175.0,空头平仓 Call，回补信号，看涨,1.500038475269863,CALL,0.0,2175.0,5981250.0,7.858894577644578e-05,5M-10M,2026-01-16,252.38999938964844,248.66000366210935,249.6499938964844,254.0,248.84500122070312,27.5,26.9,27.5,15.0,0.5625043750000001,True,SNOW,24.9,0.10441767068273099,0.015000384752698631,76108032000.0,10.441767068273098,-2175.0
META260220P00670000,670.0,-1053.0,多头平仓 Put，减仓，看跌减弱,1.6982071012745705,PUT,0.0,1053.0,5975775.0,3.198329211210507e-06,5M-10M,2026-02-20,644.3699951171875,633.6099853515625,636.0750122070312,645.4500122070312,635.5,56.75,56.25,56.75,7.0,0.3382176774597168,True,META,61.8,-0.08171521035598701,0.016982071012745705,1868405222031.0,-8.171521035598701,-1053.0
MSFT251219C00430000,430.0,-952.0,空头平仓 Call，回补信号，看涨,1.235839340885685,CALL,0.0,952.0,5961424.0,1.5680665245648462e-06,5M-10M,2025-12-19,491.5,485.5,487.5950012207031,492.6300048828125,486.6499938964844,62.62,63.45,64.95,5.0,0.4806570489501953,True,MSFT,58.47,0.07097656918077644,0.012358393408856848,3801767276203.0,7.097656918077644,-952.0
SOFI251212C00029000,29.0,-36339.0,空头平仓 Call，回补信号，看涨,2.825553919420712,CALL,0.0,36339.0,5959596.0,0.00017787367796517114,5M-10M,2025-12-12,29.295000076293945,28.489999771118164,28.790000915527344,29.46999931335449,28.45499992370605,1.64,1.64,1.66,2334.0,0.6367223828125,True,SOFI,1.27,0.2913385826771653,0.028255539194207122,33504653798.0,29.133858267716526,-36339.0
WDC260116C00125000,125.0,-1520.0,空头平仓 Call，回补信号，看涨,3.1000375423851207,CALL,0.0,1520.0,5928000.0,0.00015987470299345485,5M-10M,2026-01-16,162.6300048828125,157.74000549316406,160.0,162.68499755859375,156.7899932861328,39.0,38.55,41.0,1.0,0.629886513671875,True,WDC,34.12,0.14302461899179375,0.031000375423851208,37079036827.0,14.302461899179375,-1520.0
PAAS260320C00040000,40.0,-6915.0,空头平仓 Call，回补信号，看涨,6.715425645065842,CALL,0.0,6915.0,5919240.0,0.0004265021147047061,5M-10M,2026-03-20,45.45009994506836,42.59000015258789,43.970001220703125,45.970001220703125,43.59999847412109,8.56,8.3,8.7,90.0,0.5659223095703125,True,PAAS,6.07,0.41021416803953875,0.06715425645065842,13878571280.0,41.021416803953876,-6915.0
AG260116C00013000,13.0,-20913.0,空头平仓 Call，回补信号，看涨,12.43522814981115,CALL,0.0,20913.0,5918379.0,0.0009978698308585633,5M-10M,2026-01-16,15.1899995803833,13.510000228881836,13.989999771118164,15.210000038146973,13.859999656677246,2.83,2.81,2.86,754.0,0.7187528125,True,AG,1.67,0.6946107784431139,0.1243522814981115,5931013061.0,69.46107784431139,-20913.0
BMNR260116C00030000,30.0,-7489.0,空头平仓 Call，回补信号，看涨,6.301203282202088,CALL,0.0,7489.0,5916310.000000001,0.027223957587002023,5M-10M,2026-01-16,33.7400016784668,31.739999771118164,33.79999923706055,35.20000076293945,33.02000045776367,7.9,7.7,8.1,436.0,1.2607458837890624,True,BMNR,6.0,0.3166666666666667,0.06301203282202088,217319983.0,31.66666666666667,-7489.0
GS260116C00760000,760.0,-756.0,空头平仓 Call，回补信号，看涨,1.6255945992926593,CALL,0.0,756.0,5914943.999999999,2.4347675397685407e-05,5M-10M,2026-01-16,829.2750244140625,816.010009765625,820.0,830.5700073242188,818.9500122070312,78.24,78.25,83.9,1.0,0.3421086297607422,True,GS,72.56,0.07828004410143319,0.016255945992926592,242936703541.0,7.828004410143318,-756.0
NVDA251205C00170000,170.0,6455.0,空头卖 Call，看跌/看不涨,-2.0083177586627814,CALL,6455.0,0.0,5912780.0,1.3655327450215553e-06,5M-10M,2025-12-05,176.63980102539062,180.25999450683597,178.99000549316406,179.2899932861328,176.53140258789062,9.16,9.05,9.15,1701.0,0.5019581054687501,True,NVDA,11.61,-0.21102497846683888,-0.020083177586627813,4330017000000.0,-21.10249784668389,6455.0
COIN260417P00250000,250.0,-2008.0,多头平仓 Put，减仓，看跌减弱,3.2314633384228597,PUT,0.0,2008.0,5899504.0,7.345338505882913e-05,5M-10M,2026-04-17,273.53240966796875,264.9700012207031,273.69000244140625,279.8599853515625,270.20001220703125,29.38,27.65,28.55,1.0,0.600712000732422,False,COIN,31.65,-0.07172195892575038,0.032314633384228596,80316298497.0,-7.172195892575038,-2008.0
NVDA260515C00185000,185.0,-2980.0,多头平仓 Call，减仓，看涨减弱,-2.0083177586627814,CALL,0.0,2980.0,5885500.0,1.3592325388098939e-06,5M-10M,2026-05-15,176.63980102539062,180.25999450683597,178.99000549316406,179.2899932861328,176.53140258789062,19.75,19.7,19.85,30.0,0.486882572631836,False,NVDA,21.58,-0.08480074142724738,-0.020083177586627813,4330017000000.0,-8.480074142724737,-2980.0
MSTR260618C00180000,180.0,-1265.0,空头平仓 Call，回补信号，看涨,2.2204474550426503,CALL,0.0,1265.0,5869600.0,6.697790212370911e-05,5M-10M,2026-06-18,179.5399932861328,175.63999938964844,182.94500732421875,187.2790069580078,178.6999969482422,46.4,44.2,45.65,10.0,0.8600477862548828,False,MSTR,42.07,0.10292369859757543,0.0222044745504265,87634873800.0,10.292369859757542,-1265.0
META260220C00680000,680.0,-1771.0,空头平仓 Call，回补信号，看涨,1.6982071012745705,CALL,0.0,1771.0,5865552.0,3.1393361198295133e-06,5M-10M,2026-02-20,644.3699951171875,633.6099853515625,636.0750122070312,645.4500122070312,635.5,33.12,33.0,33.4,268.0,0.3862671237182616,False,META,29.43,0.12538226299694183,0.016982071012745705,1868405222031.0,12.538226299694182,-1771.0
SOUN260116C00012000,12.0,-37107.0,空头平仓 Call，回补信号，看涨,1.7343479610732744,CALL,0.0,37107.0,5862906.000000001,0.0009021910173236857,5M-10M,2026-01-16,12.024999618530272,11.81999969482422,11.949999809265137,12.130000114440918,11.800000190734863,1.58,1.58,1.6,440.0,0.893555751953125,True,SOUN,1.44,0.09722222222222231,0.017343479610732744,6498519590.0,9.72222222222223,-37107.0
SOFI260320C00025000,25.0,-8371.0,空头平仓 Call，回补信号，看涨,2.825553919420712,CALL,0.0,8371.0,5859700.0,0.00017489212201171242,5M-10M,2026-03-20,29.295000076293945,28.489999771118164,28.790000915527344,29.46999931335449,28.45499992370605,7.0,6.75,7.05,238.0,0.7417018017578124,True,SOFI,6.5,0.07692307692307693,0.028255539194207122,33504653798.0,7.6923076923076925,-8371.0
ORCL260116C00170000,170.0,-1577.0,多头平仓 Call，减仓，看涨减弱,-1.7515668808947178,CALL,0.0,1577.0,5858555.0,7.2730799522910354e-06,5M-10M,2026-01-16,201.3699951171875,204.9600067138672,199.50999450683597,202.33990478515625,197.6100006103516,37.15,36.75,38.3,3.0,0.6430699755859376,True,ORCL,41.73,-0.1097531751737359,-0.017515668808947178,805512250440.0,-10.97531751737359,-1577.0
NVDA260515C00170000,170.0,-2175.0,多头平仓 Call，减仓，看涨减弱,-2.0083177586627814,CALL,0.0,2175.0,5855100.000000001,1.3522117811546701e-06,5M-10M,2026-05-15,176.63980102539062,180.25999450683597,178.99000549316406,179.2899932861328,176.53140258789062,26.92,26.95,27.15,24.0,0.5034229345703125,True,NVDA,29.34,-0.0824812542603953,-0.020083177586627813,4330017000000.0,-8.24812542603953,-2175.0
RIVN271217C00015000,15.0,-7504.0,空头平仓 Call，回补信号，看涨,4.295424485263434,CALL,0.0,7504.0,5853120.0,0.00030940344711806537,5M-10M,2027-12-17,16.875,16.18000030517578,16.389999389648438,17.05500030517578,16.260000228881836,7.8,7.55,8.0,4.0,0.7861349511718749,True,RIVN,7.4,0.05405405405405398,0.042954244852634334,18917436294.0,5.405405405405398,-7504.0
MSFT251219C00465000,465.0,-1879.0,空头平仓 Call，回补信号，看涨,1.235839340885685,CALL,0.0,1879.0,5845569.0,1.5375925392882646e-06,5M-10M,2025-12-19,491.5,485.5,487.5950012207031,492.6300048828125,486.6499938964844,31.11,30.55,31.2,10.0,0.3037179003906249,True,MSFT,26.12,0.1910413476263399,0.012358393408856848,3801767276203.0,19.10413476263399,-1879.0
INTC260515C00040000,40.0,-9604.0,空头平仓 Call，回补信号，看涨,7.864711626618565,CALL,0.0,9604.0,5829628.000000001,3.7517677230851415e-05,5M-10M,2026-05-15,39.70500183105469,36.810001373291016,37.369998931884766,39.75,37.35499954223633,6.07,5.8,6.15,1473.0,0.5690961059570312,False,INTC,4.5,0.34888888888888897,0.07864711626618565,155383500000.0,34.8888888888889,-9604.0
COIN260220P00270000,270.0,-1997.0,多头平仓 Put，减仓，看跌减弱,3.2314633384228597,PUT,0.0,1997.0,5815264.0,7.240453194213393e-05,5M-10M,2026-02-20,273.53240966796875,264.9700012207031,273.69000244140625,279.8599853515625,270.20001220703125,29.12,28.75,29.45,63.0,0.5910685424804689,False,COIN,34.34,-0.15200931857891678,0.032314633384228596,80316298497.0,-15.200931857891678,-1997.0
NVDA251219C00162000,162.0,-3033.0,多头平仓 Call，减仓，看涨减弱,-2.0083177586627814,CALL,0.0,3033.0,5814261.000000001,1.3427801784611933e-06,5M-10M,2025-12-19,176.63980102539062,180.25999450683597,178.99000549316406,179.2899932861328,176.53140258789062,19.17,17.95,18.15,5.0,0.5338181384277343,True,NVDA,20.6,-0.06941747572815532,-0.020083177586627813,4330017000000.0,-6.941747572815532,-3033.0
NVDA251128C00150000,150.0,-2076.0,多头平仓 Call，减仓，看涨减弱,-2.0083177586627814,CALL,0.0,2076.0,5771280.0,1.3328538894881937e-06,5M-10M,2025-11-28,176.63980102539062,180.25999450683597,178.99000549316406,179.2899932861328,176.53140258789062,27.8,27.45,27.6,441.0,2.3515666210937494,True,NVDA,30.35,-0.0840197693574959,-0.020083177586627813,4330017000000.0,-8.401976935749591,-2076.0
LYFT260116C00018000,18.0,-16385.0,空头平仓 Call，回补信号，看涨,3.4722260329248313,CALL,0.0,16385.0,5734750.0,0.0006451603296437398,5M-10M,2026-01-16,20.86000061035156,20.15999984741211,20.25,21.15999984741211,20.149999618530277,3.5,3.5,3.65,38.0,0.6279334082031252,True,LYFT,3.2,0.09374999999999994,0.034722260329248314,8888875736.0,9.374999999999995,-16385.0
LYFT270115C00017000,17.0,-7483.0,空头平仓 Call，回补信号，看涨,3.4722260329248313,CALL,0.0,7483.0,5724495.0,0.0006440066404366259,5M-10M,2027-01-15,20.86000061035156,20.15999984741211,20.25,21.15999984741211,20.149999618530277,7.65,7.55,7.75,57.0,0.7028838305664062,True,LYFT,7.2,0.06250000000000003,0.034722260329248314,8888875736.0,6.250000000000003,-7483.0
META270115C00560000,560.0,-358.0,空头平仓 Call，回补信号，看涨,1.6982071012745705,CALL,0.0,358.0,5720840.0,3.0618839706417185e-06,5M-10M,2027-01-15,644.3699951171875,633.6099853515625,636.0750122070312,645.4500122070312,635.5,159.8,157.95,161.3,1.0,0.4512383978271485,True,META,152.0,0.05131578947368429,0.016982071012745705,1868405222031.0,5.131578947368428,-358.0
NVDA251219C00205000,205.0,-80554.0,多头平仓 Call，减仓，看涨减弱,-2.0083177586627814,CALL,0.0,80554.0,5719334.0,1.3208571698448297e-06,5M-10M,2025-12-19,176.63980102539062,180.25999450683597,178.99000549316406,179.2899932861328,176.53140258789062,0.71,0.71,0.72,483.0,0.429693203125,False,NVDA,1.01,-0.29702970297029707,-0.020083177586627813,4330017000000.0,-29.702970297029708,-80554.0
NVDA260618C00179000,179.0,-2250.0,多头平仓 Call，减仓，看涨减弱,-2.0083177586627814,CALL,0.0,2250.0,5715000.0,1.3198562499870092e-06,5M-10M,2026-06-18,176.63980102539062,180.25999450683597,178.99000549316406,179.2899932861328,176.53140258789062,25.4,25.15,25.3,22.0,0.5014087945556642,False,NVDA,27.35,-0.07129798903107872,-0.020083177586627813,4330017000000.0,-7.129798903107871,-2250.0
JPM251219C00260000,260.0,-1098.0,空头平仓 Call，回补信号，看涨,1.891813980470497,CALL,0.0,1098.0,5700816.0,6.559544289339678e-06,5M-10M,2025-12-19,313.4599914550781,307.6400146484375,309.1000061035156,313.7200012207031,308.239990234375,51.92,53.25,55.3,5.0,0.5835002587890624,True,JPM,48.15,0.07829698857736248,0.01891813980470497,869087203095.0,7.829698857736248,-1098.0
MSTR260320P00160000,160.0,-2919.0,多头平仓 Put，减仓，看跌减弱,2.2204474550426503,PUT,0.0,2919.0,5692050.0,6.495188220377171e-05,5M-10M,2026-03-20,179.5399932861328,175.63999938964844,182.94500732421875,187.2790069580078,178.6999969482422,19.5,19.95,20.5,16.0,0.7741111456298828,False,MSTR,21.8,-0.10550458715596334,0.0222044745504265,87634873800.0,-10.550458715596333,-2919.0
EQX260116C00012500,12.5,-30374.0,空头平仓 Call，回补信号，看涨,2.7000003390842013,CALL,0.0,30374.0,5679938.0,0.0006922778047248094,5M-10M,2026-01-16,13.864500045776367,13.5,13.6899995803833,13.93000030517578,13.550000190734863,1.87,1.8,1.9,188.0,0.5293015820312501,True,EQX,1.65,0.13333333333333347,0.027000003390842013,8204709094.0,13.333333333333346,-30374.0
PANW251219P00210000,210.0,-2752.0,多头平仓 Put，减仓，看跌减弱,2.6598287097050006,PUT,0.0,2752.0,5677375.999999999,4.1941149567784695e-05,5M-10M,2025-12-19,190.27999877929688,185.3500061035156,187.1999969482422,190.7700042724609,186.9499969482422,20.63,18.95,22.4,3.0,0.4827932580566406,True,PANW,26.59,-0.22414441519368186,0.026598287097050005,135365293000.0,-22.414441519368186,-2752.0
INTC251219C00029000,29.0,-5842.0,空头平仓 Call，回补信号，看涨,7.864711626618565,CALL,0.0,5842.0,5666739.999999999,3.646938059703893e-05,5M-10M,2025-12-19,39.70500183105469,36.810001373291016,37.369998931884766,39.75,37.35499954223633,9.7,9.85,10.95,2.0,0.8867198828124999,True,INTC,8.32,0.1658653846153845,0.07864711626618565,155383500000.0,16.58653846153845,-5842.0
COIN260320C00300000,300.0,-1796.0,空头平仓 Call，回补信号，看涨,3.2314633384228597,CALL,0.0,1796.0,5657400.0,7.04390031148076e-05,5M-10M,2026-03-20,273.53240966796875,264.9700012207031,273.69000244140625,279.8599853515625,270.20001220703125,31.5,30.0,31.3,91.0,0.6732820758056643,False,COIN,25.85,0.21856866537717595,0.032314633384228596,80316298497.0,21.856866537717597,-1796.0
NVDA251219P00179000,179.0,-7487.0,空头平仓 Put，回补，看跌信号减弱,-2.0083177586627814,PUT,0.0,7487.0,5652685.0,1.3054648515236776e-06,5M-10M,2025-12-19,176.63980102539062,180.25999450683597,178.99000549316406,179.2899932861328,176.53140258789062,7.55,7.65,7.7,388.0,0.3717103845214844,True,NVDA,6.7,0.126865671641791,-0.020083177586627813,4330017000000.0,12.686567164179099,-7487.0
META260116P00715000,715.0,-726.0,多头平仓 Put，减仓，看跌减弱,1.6982071012745705,PUT,0.0,726.0,5641745.999999999,3.0195516119716736e-06,5M-10M,2026-01-16,644.3699951171875,633.6099853515625,636.0750122070312,645.4500122070312,635.5,77.71,75.35,76.6,1.0,0.2829661547851562,True,META,84.15,-0.07653000594177078,0.016982071012745705,1868405222031.0,-7.653000594177079,-726.0
MU251219P00220000,220.0,-5841.0,多头平仓 Put，减仓，看跌减弱,2.663250525055157,PUT,0.0,5841.0,5636565.0,3.202506324597884e-05,5M-10M,2025-12-19,236.39239501953125,230.25999450683597,235.6150054931641,238.1000061035156,233.47999572753903,9.65,9.35,9.95,82.0,0.7428614581298827,False,MU,11.8,-0.1822033898305085,0.026632505250551566,176004804634.0,-18.220338983050848,-5841.0
WULF260618C00015000,15.0,-10973.0,空头平仓 Call，回补信号，看涨,6.7048509119157105,CALL,0.0,10973.0,5618176.0,0.0013236171787235878,5M-10M,2026-06-18,15.835000038146973,14.84000015258789,15.130000114440918,15.984999656677246,15.130000114440918,5.12,5.0,5.3,71.0,1.055180505371094,True,WULF,4.65,0.10107526881720424,0.06704850911915711,4244562620.0,10.107526881720425,-10973.0
COIN251219P00290000,290.0,-2234.0,多头平仓 Put，减仓，看跌减弱,3.2314633384228597,PUT,0.0,2234.0,5614042.0,6.989916249949813e-05,5M-10M,2025-12-19,273.53240966796875,264.9700012207031,273.69000244140625,279.8599853515625,270.20001220703125,25.13,24.7,25.8,174.0,0.569340244140625,True,COIN,33.05,-0.23963691376701962,0.032314633384228596,80316298497.0,-23.963691376701963,-2234.0
META251219C00675000,675.0,-7518.0,空头平仓 Call，回补信号，看涨,1.6982071012745705,CALL,0.0,7518.0,5600910.0,2.9976955394674395e-06,5M-10M,2025-12-19,644.3699951171875,633.6099853515625,636.0750122070312,645.4500122070312,635.5,7.45,7.3,7.5,1349.0,0.2943490975952147,False,META,5.72,0.30244755244755256,0.016982071012745705,1868405222031.0,30.244755244755257,-7518.0
SNOW260116C00260000,260.0,-3405.0,空头平仓 Call，回补信号，看涨,1.500038475269863,CALL,0.0,3405.0,5584199.999999999,7.337201939474666e-05,5M-10M,2026-01-16,252.38999938964844,248.66000366210935,249.6499938964844,254.0,248.84500122070312,16.4,16.25,16.6,14.0,0.5295457202148439,False,SNOW,14.7,0.11564625850340132,0.015000384752698631,76108032000.0,11.564625850340132,-3405.0
META260417P00650000,650.0,-995.0,多头平仓 Put，减仓，看跌减弱,1.6982071012745705,PUT,0.0,995.0,5574985.0,2.9838200697918525e-06,5M-10M,2026-04-17,644.3699951171875,633.6099853515625,636.0750122070312,645.4500122070312,635.5,56.03,54.7,55.3,7.0,0.3273840455627441,True,META,60.05,-0.06694421315570352,0.016982071012745705,1868405222031.0,-6.694421315570352,-995.0
MSFT260320P00480000,480.0,-2565.0,多头平仓 Put，减仓，看跌减弱,1.235839340885685,PUT,0.0,2565.0,5553224.999999999,1.4606956703426257e-06,5M-10M,2026-03-20,491.5,485.5,487.5950012207031,492.6300048828125,486.6499938964844,21.65,20.3,20.6,1.0,0.2407302490234374,False,MSFT,23.1,-0.0627705627705629,0.012358393408856848,3801767276203.0,-6.277056277056289,-2565.0
NVDA261218C00188000,188.0,-1736.0,多头平仓 Call，减仓，看涨减弱,-2.0083177586627814,CALL,0.0,1736.0,5548256.000000001,1.281347394248106e-06,5M-10M,2026-12-18,176.63980102539062,180.25999450683597,178.99000549316406,179.2899932861328,176.53140258789062,31.96,31.85,32.15,2.0,0.5056812127685546,False,NVDA,34.18,-0.06495026331187825,-0.020083177586627813,4330017000000.0,-6.495026331187825,-1736.0
BMNR260116C00035000,35.0,-9982.0,空头平仓 Call，回补信号，看涨,6.301203282202088,CALL,0.0,9982.0,5540010.0,0.025492409503823678,5M-10M,2026-01-16,33.7400016784668,31.739999771118164,33.79999923706055,35.20000076293945,33.02000045776367,5.55,5.5,5.55,1118.0,1.2241249731445314,False,BMNR,4.21,0.31828978622327786,0.06301203282202088,217319983.0,31.828978622327785,-9982.0
UAL260116C00100000,100.0,-6188.0,空头平仓 Call，回补信号，看涨,1.058179561362744,CALL,0.0,6188.0,5538260.0,0.0001747272064146794,5M-10M,2026-01-16,102.66500091552734,101.58999633789062,101.80999755859376,103.19000244140624,101.5999984741211,8.95,8.75,9.0,18.0,0.5081836291503907,True,UAL,8.3,0.07831325301204801,0.01058179561362744,31696609324.0,7.831325301204801,-6188.0
COIN251219C00250000,250.0,-1660.0,空头平仓 Call，回补信号，看涨,3.2314633384228597,CALL,0.0,1660.0,5529460.000000001,6.88460512184403e-05,5M-10M,2025-12-19,273.53240966796875,264.9700012207031,273.69000244140625,279.8599853515625,270.20001220703125,33.31,32.15,33.6,144.0,0.7335842071533203,True,COIN,24.5,0.35959183673469397,0.032314633384228596,80316298497.0,35.9591836734694,-1660.0
UBER270115C00100000,100.0,-4926.0,空头平仓 Call，回补信号，看涨,1.9729100394134897,CALL,0.0,4926.0,5517120.0,2.687221410792081e-05,5M-10M,2027-01-15,87.3499984741211,85.66000366210938,86.51000213623047,87.41999816894531,86.23999786376953,11.2,10.5,11.2,2.0,0.4255428540039063,False,UBER,10.3,0.08737864077669888,0.019729100394134898,205309468652.0,8.737864077669888,-4926.0
BTG260116C00004000,4.0,-68813.0,空头平仓 Call，回补信号，看涨,3.5234960720670596,CALL,0.0,68813.0,5505040.0,0.0008457462237215796,5M-10M,2026-01-16,4.627500057220459,4.46999979019165,4.53000020980835,4.639999866485596,4.510000228881836,0.8,0.75,0.8,156.0,0.5976602734375001,True,BTG,0.68,0.1764705882352941,0.035234960720670595,6509092025.0,17.64705882352941,-68813.0
OKLO260116P00115000,115.0,-1934.0,多头平仓 Put，减仓，看跌减弱,5.534260555858812,PUT,0.0,1934.0,5502230.0,0.0003372447220628067,5M-10M,2026-01-16,93.62999725341795,88.72000122070312,90.0,94.50499725341795,89.01000213623047,28.45,27.15,27.95,27.0,0.9440923559570312,True,OKLO,31.27,-0.09018228333866327,0.05534260555858812,16315244213.0,-9.018228333866327,-1934.0
NVDA260116C00176000,176.0,-4473.0,多头平仓 Call，减仓，看涨减弱,-2.0083177586627814,CALL,0.0,4473.0,5501790.0,1.2706162585504861e-06,5M-10M,2026-01-16,176.63980102539062,180.25999450683597,178.99000549316406,179.2899932861328,176.53140258789062,12.3,12.05,12.1,40.0,0.4524590887451172,True,NVDA,14.1,-0.12765957446808504,-0.020083177586627813,4330017000000.0,-12.765957446808503,-4473.0
MSFT251128C00475000,475.0,-3221.0,空头平仓 Call，回补信号，看涨,1.235839340885685,CALL,0.0,3221.0,5475700.0,1.4403038382372615e-06,5M-10M,2025-11-28,491.5,485.5,487.5950012207031,492.6300048828125,486.6499938964844,17.0,16.65,17.95,122.0,0.5512740185546876,True,MSFT,11.2,0.5178571428571429,0.012358393408856848,3801767276203.0,51.78571428571429,-3221.0
META251205C00620000,620.0,-2070.0,空头平仓 Call，回补信号，看涨,1.6982071012745705,CALL,0.0,2070.0,5475150.0,2.930386800165536e-06,5M-10M,2025-12-05,644.3699951171875,633.6099853515625,636.0750122070312,645.4500122070312,635.5,26.45,26.35,26.95,328.0,0.2829661547851562,True,META,19.37,0.3655136809499225,0.016982071012745705,1868405222031.0,36.55136809499225,-2070.0
JPM260618C00290000,290.0,-1368.0,空头平仓 Call，回补信号，看涨,1.891813980470497,CALL,0.0,1368.0,5472000.0,6.2962611582739585e-06,5M-10M,2026-06-18,313.4599914550781,307.6400146484375,309.1000061035156,313.7200012207031,308.239990234375,40.0,38.5,39.65,5.0,0.2932504757690428,True,JPM,34.0,0.17647058823529413,0.01891813980470497,869087203095.0,17.647058823529413,-1368.0
JD260116P00030000,30.0,-38262.0,多头平仓 Put，减仓，看跌减弱,1.444592916242034,PUT,0.0,38262.0,5471466.0,0.00010912669134586518,5M-10M,2026-01-16,29.84499931335449,29.420000076293945,29.850000381469727,29.989999771118164,29.7450008392334,1.43,1.41,1.46,609.0,0.313483427734375,True,JD,1.66,-0.13855421686746988,0.014445929162420339,50138659319.0,-13.855421686746988,-38262.0
DKNG260116C00032000,32.0,-16812.0,空头平仓 Call，回补信号，看涨,3.695647821470277,CALL,0.0,16812.0,5463900.0,0.0002600542827892749,5M-10M,2026-01-16,33.38999938964844,32.20000076293945,32.29499816894531,33.435001373291016,32.25,3.25,3.2,3.3,335.0,0.5173388110351562,True,DKNG,2.75,0.18181818181818182,0.03695647821470277,21010613405.0,18.181818181818183,-16812.0
MSTR260116P00170000,170.0,-3717.0,多头平仓 Put，减仓，看跌减弱,2.2204474550426503,PUT,0.0,3717.0,5445405.0,6.213742045692316e-05,5M-10M,2026-01-16,179.5399932861328,175.63999938964844,182.94500732421875,187.2790069580078,178.6999969482422,14.65,14.55,15.0,71.0,0.7436549072265625,False,MSTR,17.95,-0.18384401114206123,0.0222044745504265,87634873800.0,-18.384401114206124,-3717.0
UPST270115P00045000,45.0,-3748.0,多头平仓 Put，减仓，看跌减弱,5.414883685748405,PUT,0.0,3748.0,5438348.0,0.0009855494310407006,5M-10M,2027-01-15,44.337501525878906,42.060001373291016,44.09170150756836,44.88999938964844,43.29999923706055,14.51,13.35,14.9,2.0,0.7459742199707031,True,UPST,16.63,-0.12748045700541186,0.054148836857484055,5518087504.0,-12.748045700541185,-3748.0
META251128C00635000,635.0,5875.0,多头买 Call，看涨,1.6982071012745705,CALL,13918.0,8043.0,5434375.0,2.908563375825244e-06,5M-10M,2025-11-28,644.3699951171875,633.6099853515625,636.0750122070312,645.4500122070312,635.5,9.25,8.9,9.3,16141.0,1.0000000000000004e-05,True,META,2.74,2.375912408759124,0.016982071012745705,1868405222031.0,237.59124087591238,5875.0
META260618C00670000,670.0,-817.0,空头平仓 Call，回补信号，看涨,1.6982071012745705,CALL,0.0,817.0,5432232.999999999,2.9074169435766376e-06,5M-10M,2026-06-18,644.3699951171875,633.6099853515625,636.0750122070312,645.4500122070312,635.5,66.49,66.2,66.85,155.0,0.4056074454498291,False,META,61.62,0.0790327815644271,0.016982071012745705,1868405222031.0,7.90327815644271,-817.0
MU260116P00240000,240.0,-2218.0,多头平仓 Put，减仓，看跌减弱,2.663250525055157,PUT,0.0,2218.0,5418574.0,3.078651182999159e-05,5M-10M,2026-01-16,236.39239501953125,230.25999450683597,235.6150054931641,238.1000061035156,233.47999572753903,24.43,24.25,24.65,47.0,0.6441685974121094,True,MU,25.92,-0.05748456790123464,0.026632505250551566,176004804634.0,-5.748456790123464,-2218.0
IONQ251219P00050000,50.0,-10613.0,多头平仓 Put，减仓，看跌减弱,5.074620844318565,PUT,0.0,10613.0,5412630.0,0.00027102113468612134,5M-10M,2025-12-19,49.27999877929688,46.900001525878906,47.70000076293945,49.5,47.56999969482422,5.1,4.7,5.0,1009.0,0.92382888671875,True,IONQ,5.87,-0.1311754684838161,0.05074620844318565,19971246915.0,-13.11754684838161,-10613.0
APP260220P00600000,600.0,-712.0,多头平仓 Put，减仓，看跌减弱,1.296105811897593,PUT,0.0,712.0,5411200.0,2.3882063345832465e-05,5M-10M,2026-02-20,593.969970703125,586.3699951171875,589.7899780273438,594.8800048828125,583.4000244140625,76.0,75.3,78.7,1.0,0.647388169708252,True,APP,81.2,-0.0640394088669951,0.01296105811897593,226580087392.0,-6.403940886699511,-712.0
SOUN260116P00012000,12.0,-38091.0,多头平仓 Put，减仓，看跌减弱,1.7343479610732744,PUT,0.0,38091.0,5408921.999999999,0.0008323314141151953,5M-10M,2026-01-16,12.024999618530272,11.81999969482422,11.949999809265137,12.130000114440918,11.800000190734863,1.42,1.41,1.43,72.0,0.8105487695312499,False,SOUN,1.52,-0.06578947368421058,0.017343479610732744,6498519590.0,-6.5789473684210575,-38091.0
JHX251219C00017500,17.5,-22049.0,空头平仓 Call，回补信号，看涨,1.6658065185960438,CALL,0.0,22049.0,5402005.0,0.0006695843910475703,5M-10M,2025-12-19,19.834999084472656,19.51000022888184,19.6299991607666,19.899999618530277,19.55500030517578,2.45,2.3,2.6,22.0,0.570316796875,True,JHX,2.05,0.1951219512195124,0.016658065185960438,8067698519.0,19.51219512195124,-22049.0
QS260116C00010000,10.0,-18246.0,空头平仓 Call，回补信号，看涨,3.10430465536752,CALL,0.0,18246.0,5400816.0,0.0007536891430122578,5M-10M,2026-01-16,12.454999923706056,12.079999923706056,12.210000038146973,12.484999656677246,12.031999588012695,2.96,2.89,3.05,10.0,0.86132951171875,True,QS,2.66,0.11278195488721797,0.0310430465536752,7165840254.0,11.278195488721797,-18246.0
BE251219C00110000,110.0,4864.0,多头买 Call，看涨,7.002175969111904,CALL,6080.0,1216.0,5399040.0,0.0003281146285091851,5M-10M,2025-12-19,108.22200012207033,101.13999938964844,104.1999969482422,108.22200012207033,102.55120086669922,11.1,10.5,11.5,87.0,1.116093286743164,False,BE,9.2,0.20652173913043484,0.07002175969111904,16454737250.0,20.652173913043484,4864.0
BBAI270115C00007000,7.0,-21670.0,空头平仓 Call，回补信号，看涨,6.06146367621648,CALL,0.0,21670.0,5395830.0,0.0021628024928549484,5M-10M,2027-01-15,6.384900093078613,6.019999980926514,6.070000171661377,6.440000057220459,6.039999961853027,2.49,2.44,2.54,123.0,1.0302782861328126,False,BBAI,2.3,0.08260869565217409,0.060614636762164796,2494832523.0,8.260869565217408,-21670.0
NVDA260220C00165000,165.0,-2377.0,多头平仓 Call，减仓，看涨减弱,-2.0083177586627814,CALL,0.0,2377.0,5395790.0,1.2461359851474024e-06,5M-10M,2026-02-20,176.63980102539062,180.25999450683597,178.99000549316406,179.2899932861328,176.53140258789062,22.7,22.35,22.55,29.0,0.4893239544677735,True,NVDA,25.0,-0.09200000000000003,-0.020083177586627813,4330017000000.0,-9.200000000000003,-2377.0
JPM260116C00310000,310.0,-3968.0,空头平仓 Call，回补信号，看涨,1.891813980470497,CALL,0.0,3968.0,5388544.0,6.200233970550108e-06,5M-10M,2026-01-16,313.4599914550781,307.6400146484375,309.1000061035156,313.7200012207031,308.239990234375,13.58,13.35,13.8,69.0,0.2605664764404296,True,JPM,10.98,0.2367941712204007,0.01891813980470497,869087203095.0,23.67941712204007,-3968.0
INTC260918C00030000,30.0,-4051.0,空头平仓 Call，回补信号，看涨,7.864711626618565,CALL,0.0,4051.0,5375677.0,3.459618942809243e-05,5M-10M,2026-09-18,39.70500183105469,36.810001373291016,37.369998931884766,39.75,37.35499954223633,13.27,12.75,13.4,68.0,0.586918193359375,True,INTC,11.06,0.19981916817359846,0.07864711626618565,155383500000.0,19.981916817359846,-4051.0
BIDU251219C00100000,100.0,-2926.0,空头平仓 Call，回补信号，看涨,1.0314634823878628,CALL,0.0,2926.0,5375062.0,0.00011904669969338878,5M-10M,2025-12-19,117.54000091552734,116.33999633789062,117.16500091552734,118.1999969482422,116.87999725341795,18.37,16.55,19.15,10.0,0.6816438085937502,True,BIDU,16.4,0.12012195121951236,0.010314634823878628,45150869481.0,12.012195121951235,-2926.0
NVDA260821C00200000,200.0,-2601.0,多头平仓 Call，减仓，看涨减弱,-2.0083177586627814,CALL,0.0,2601.0,5373666.0,1.241026536385423e-06,5M-10M,2026-08-21,176.63980102539062,180.25999450683597,178.99000549316406,179.2899932861328,176.53140258789062,20.66,20.4,20.55,21.0,0.483678258972168,False,NVDA,22.21,-0.06978838361098608,-0.020083177586627813,4330017000000.0,-6.978838361098608,-2601.0
META260417C00670000,670.0,-1083.0,空头平仓 Call，回补信号，看涨,1.6982071012745705,CALL,0.0,1083.0,5371680.0,2.8750080210977245e-06,5M-10M,2026-04-17,644.3699951171875,633.6099853515625,636.0750122070312,645.4500122070312,635.5,49.6,50.0,50.25,63.0,0.3827881546020507,False,META,45.8,0.08296943231441058,0.016982071012745705,1868405222031.0,8.296943231441057,-1083.0
AMZN251219P00230000,230.0,-9651.0,多头平仓 Put，减仓，看跌减弱,1.3505852553862998,PUT,0.0,9651.0,5356305.0,2.2851770272034513e-06,5M-10M,2025-12-19,232.2550048828125,229.16000366210935,231.34500122070312,232.7400054931641,230.22999572753903,5.55,5.55,5.65,530.0,0.295905478515625,False,AMZN,7.08,-0.21610169491525427,0.013505852553862998,2343934380679.0,-21.610169491525426,-9651.0
META251219C00560000,560.0,-635.0,空头平仓 Call，回补信号，看涨,1.6982071012745705,CALL,0.0,635.0,5355590.0,2.866396398838122e-06,5M-10M,2025-12-19,644.3699951171875,633.6099853515625,636.0750122070312,645.4500122070312,635.5,84.34,84.0,87.15,5.0,0.4320125158691406,True,META,76.52,0.1021955044432829,0.016982071012745705,1868405222031.0,10.21955044432829,-635.0
CIFR260320C00020000,20.0,-9311.0,空头平仓 Call，回补信号，看涨,9.582250800912103,CALL,0.0,9311.0,5353825.0,0.0011868503480726763,5M-10M,2026-03-20,20.98500061035156,19.149999618530277,19.549999237060547,21.0,19.459999084472656,5.75,5.7,5.9,325.0,1.185550947265625,True,CIFR,4.95,0.16161616161616157,0.09582250800912102,4510952041.0,16.16161616161616,-9311.0
META251219P00620000,620.0,-6416.0,多头平仓 Put，减仓，看跌减弱,1.6982071012745705,PUT,0.0,6416.0,5344528.0,2.86047584163267e-06,5M-10M,2025-12-19,644.3699951171875,633.6099853515625,636.0750122070312,645.4500122070312,635.5,8.33,8.25,8.45,132.0,0.2922739230346678,False,META,11.95,-0.302928870292887,0.016982071012745705,1868405222031.0,-30.2928870292887,-6416.0
NVDA260515C00220000,220.0,-6107.0,多头平仓 Call，减仓，看涨减弱,-2.0083177586627814,CALL,0.0,6107.0,5343625.0,1.2340886883354037e-06,5M-10M,2026-05-15,176.63980102539062,180.25999450683597,178.99000549316406,179.2899932861328,176.53140258789062,8.75,8.65,8.8,207.0,0.4613701324462891,False,NVDA,9.85,-0.11167512690355327,-0.020083177586627813,4330017000000.0,-11.167512690355327,-6107.0
IBM260320C00300000,300.0,-1976.0,空头平仓 Call，回补信号，看涨,1.3785901887005145,CALL,0.0,1976.0,5327296.0,2.0115130867710545e-05,5M-10M,2026-03-20,307.3900146484375,303.2099914550781,304.0599975585937,309.1300048828125,303.6000061035156,26.96,26.5,26.95,12.0,0.3426274234008788,True,IBM,23.9,0.12803347280334737,0.013785901887005144,264840235693.0,12.803347280334737,-1976.0
DKNG260116P00035000,35.0,-16361.0,多头平仓 Put，减仓，看跌减弱,3.695647821470277,PUT,0.0,16361.0,5317325.0,0.0002530780466759057,5M-10M,2026-01-16,33.38999938964844,32.20000076293945,32.29499816894531,33.435001373291016,32.25,3.25,3.15,3.3,3.0,0.4780325634765625,True,DKNG,3.61,-0.09972299168975066,0.03695647821470277,21010613405.0,-9.972299168975066,-16361.0
MSTR251219P00220000,220.0,-1292.0,多头平仓 Put，减仓，看跌减弱,2.2204474550426503,PUT,0.0,1292.0,5313996.000000001,6.063791467455734e-05,5M-10M,2025-12-19,179.5399932861328,175.63999938964844,182.94500732421875,187.2790069580078,178.6999969482422,41.13,40.8,41.9,112.0,0.5507857421875001,True,MSTR,44.25,-0.07050847457627113,0.0222044745504265,87634873800.0,-7.050847457627113,-1292.0
INTC280121C00035000,35.0,-3539.0,空头平仓 Call，回补信号，看涨,7.864711626618565,CALL,0.0,3539.0,5308500.0,3.416385909700837e-05,5M-10M,2028-01-21,39.70500183105469,36.810001373291016,37.369998931884766,39.75,37.35499954223633,15.0,14.65,15.85,13.0,0.6035195898437502,True,INTC,13.0,0.15384615384615385,0.07864711626618565,155383500000.0,15.384615384615385,-3539.0
LULU251128C00165000,165.0,-2561.0,空头平仓 Call，回补信号，看涨,2.286470048525516,CALL,0.0,2561.0,5301270.0,0.0002650048960620209,5M-10M,2025-11-28,186.1000061035156,181.94000244140625,184.72000122070312,186.69000244140625,183.5,20.7,20.75,21.45,129.0,0.500005,True,LULU,17.82,0.16161616161616155,0.02286470048525516,20004422857.0,16.161616161616156,-2561.0
XOM260116C00105000,105.0,-4197.0,空头平仓 Call，回补信号，看涨,1.3635989258354626,CALL,0.0,4197.0,5288220.0,1.0581988860525283e-05,5M-10M,2026-01-16,116.33499908447266,114.7699966430664,114.9499969482422,116.36000061035156,114.83499908447266,12.6,12.2,12.6,6.0,0.3078682495117187,True,XOM,11.5,0.09565217391304345,0.013635989258354625,499737815802.0,9.565217391304346,-4197.0
META251219P00710000,710.0,-773.0,多头平仓 Put，减仓，看跌减弱,1.6982071012745705,PUT,0.0,773.0,5285001.0,2.828616050566954e-06,5M-10M,2025-12-19,644.3699951171875,633.6099853515625,636.0750122070312,645.4500122070312,635.5,68.37,66.75,68.4,1.0,0.3205634350585937,True,META,76.18,-0.10252034654765033,0.016982071012745705,1868405222031.0,-10.252034654765033,-773.0
CRM251219P00240000,240.0,-3418.0,多头平仓 Put，减仓，看跌减弱,1.764194285755548,PUT,0.0,3418.0,5280810.0,2.2787122900756243e-05,5M-10M,2025-12-19,232.1750030517578,228.1499938964844,229.0,232.55999755859372,228.625,15.45,14.95,15.95,20.0,0.5029346582031251,True,CRM,18.42,-0.16123778501628677,0.01764194285755548,231745360000.0,-16.123778501628678,-3418.0
INTC260116C00032000,32.0,-6369.0,空头平仓 Call，回补信号，看涨,7.864711626618565,CALL,0.0,6369.0,5279900.999999999,3.397980480552954e-05,5M-10M,2026-01-16,39.70500183105469,36.810001373291016,37.369998931884766,39.75,37.35499954223633,8.29,8.2,8.45,60.0,0.577152666015625,True,INTC,5.7,0.4543859649122805,0.07864711626618565,155383500000.0,45.43859649122805,-6369.0
ORCL260417P00210000,210.0,-1620.0,空头平仓 Put，回补，看跌信号减弱,-1.7515668808947178,PUT,0.0,1620.0,5265000.0,6.536213443214633e-06,5M-10M,2026-04-17,201.3699951171875,204.9600067138672,199.50999450683597,202.33990478515625,197.6100006103516,32.5,30.15,31.25,27.0,0.5149889810180664,True,ORCL,28.98,0.1214630779848171,-0.017515668808947178,805512250440.0,12.146307798481711,-1620.0
META271217P00750000,750.0,-290.0,多头平仓 Put，减仓，看跌减弱,1.6982071012745705,PUT,0.0,290.0,5251900.0,2.8108998722937964e-06,5M-10M,2027-12-17,644.3699951171875,633.6099853515625,636.0750122070312,645.4500122070312,635.5,181.1,178.3,180.65,1.0,0.3056290446090698,True,META,211.75,-0.14474616292798115,0.016982071012745705,1868405222031.0,-14.474616292798114,-290.0
MSFT260515P00470000,470.0,-2278.0,多头平仓 Put，减仓，看跌减弱,1.235839340885685,PUT,0.0,2278.0,5250790.0,1.3811445095198478e-06,5M-10M,2026-05-15,491.5,485.5,487.5950012207031,492.6300048828125,486.6499938964844,23.05,22.6,23.0,6.0,0.2503279313659668,False,MSFT,24.4,-0.05532786885245893,0.012358393408856848,3801767276203.0,-5.532786885245893,-2278.0
ORCL260320P00195000,195.0,-2508.0,空头平仓 Put，回补，看跌信号减弱,-1.7515668808947178,PUT,0.0,2508.0,5241720.0,6.507312579215005e-06,5M-10M,2026-03-20,201.3699951171875,204.9600067138672,199.50999450683597,202.33990478515625,197.6100006103516,20.9,20.55,21.3,14.0,0.5473067730712893,False,ORCL,19.69,0.061452513966480306,-0.017515668808947178,805512250440.0,6.145251396648031,-2508.0
CORZ260116C00017000,17.0,-23886.0,空头平仓 Call，回补信号，看涨,2.966622578386369,CALL,0.0,23886.0,5231034.0,0.0010164981675379594,5M-10M,2026-01-16,16.65999984741211,16.18000030517578,16.350000381469727,16.834999084472656,16.28030014038086,2.19,2.12,2.24,29.0,0.9492192578125,False,CORZ,2.0,0.09499999999999997,0.02966622578386369,5146132248.0,9.499999999999996,-23886.0
BE260116C00080000,80.0,-1668.0,空头平仓 Call，回补信号，看涨,7.002175969111904,CALL,0.0,1668.0,5230848.0,0.0003178931343920426,5M-10M,2026-01-16,108.22200012207033,101.13999938964844,104.1999969482422,108.22200012207033,102.55120086669922,31.36,31.4,33.8,2.0,1.0439500927734378,True,BE,27.2,0.15294117647058825,0.07002175969111904,16454737250.0,15.294117647058824,-1668.0
XYZ260116P00077500,77.5,-4670.0,多头平仓 Put，减仓，看跌减弱,3.429191755795548,PUT,0.0,4670.0,5230400.0,0.00011646908779119539,5M-10M,2026-01-16,67.26000213623047,65.02999877929688,65.7300033569336,67.4800033569336,65.5,11.2,10.85,11.35,2.0,0.4201718139648437,True,XYZ,13.0,-0.13846153846153852,0.03429191755795548,44908053280.0,-13.846153846153852,-4670.0
META260417P00600000,600.0,-1536.0,多头平仓 Put，减仓，看跌减弱,1.6982071012745705,PUT,0.0,1536.0,5222400.0,2.7951110061248544e-06,5M-10M,2026-04-17,644.3699951171875,633.6099853515625,636.0750122070312,645.4500122070312,635.5,34.0,32.7,33.05,31.0,0.3396062133789062,False,META,36.29,-0.06310278313585008,0.016982071012745705,1868405222031.0,-6.310278313585008,-1536.0
XOM251219C00115000,115.0,-16575.0,空头平仓 Call，回补信号，看涨,1.3635989258354626,CALL,0.0,16575.0,5221125.0,1.0447728458613687e-05,5M-10M,2025-12-19,116.33499908447266,114.7699966430664,114.9499969482422,116.36000061035156,114.83499908447266,3.15,3.0,3.1,165.0,0.2094805615234374,True,XOM,2.61,0.20689655172413796,0.013635989258354625,499737815802.0,20.689655172413797,-16575.0
BE251219C00095000,95.0,-2804.0,空头平仓 Call，回补信号，看涨,7.002175969111904,CALL,0.0,2804.0,5215440.0,0.0003169567475165852,5M-10M,2025-12-19,108.22200012207033,101.13999938964844,104.1999969482422,108.22200012207033,102.55120086669922,18.6,17.5,19.5,29.0,1.0734909606933596,True,BE,15.8,0.17721518987341775,0.07002175969111904,16454737250.0,17.721518987341774,-2804.0
INTC260116C00034000,34.0,-7710.0,空头平仓 Call，回补信号，看涨,7.864711626618565,CALL,0.0,7710.0,5204250.0,3.349293843940959e-05,5M-10M,2026-01-16,39.70500183105469,36.810001373291016,37.369998931884766,39.75,37.35499954223633,6.75,6.5,6.75,92.0,0.5405319384765627,True,INTC,4.45,0.5168539325842696,0.07864711626618565,155383500000.0,51.685393258426956,-7710.0
OSCR260116C00015000,15.0,-13692.0,多头平仓 Call，减仓，看涨减弱,-1.2098009992574366,CALL,0.0,13692.0,5202960.0,0.001092453301451173,5M-10M,2026-01-16,17.94029998779297,18.15999984741211,18.200000762939453,18.23500061035156,17.809999465942383,3.8,3.8,4.0,67.0,0.87500125,True,OSCR,4.1,-0.07317073170731704,-0.012098009992574365,4762638360.0,-7.317073170731704,-13692.0
PAAS280121C00055000,55.0,-4955.0,空头平仓 Call，回补信号，看涨,6.715425645065842,CALL,0.0,4955.0,5202750.0,0.0003748764836837009,5M-10M,2028-01-21,45.45009994506836,42.59000015258789,43.970001220703125,45.970001220703125,43.59999847412109,10.5,10.0,10.7,8.0,0.5110522528076171,False,PAAS,8.38,0.2529832935560858,0.06715425645065842,13878571280.0,25.29832935560858,-4955.0
CORZ260320C00018000,18.0,-17040.0,空头平仓 Call，回补信号，看涨,2.966622578386369,CALL,0.0,17040.0,5197200.0,0.001009923521110412,5M-10M,2026-03-20,16.65999984741211,16.18000030517578,16.350000381469727,16.834999084472656,16.28030014038086,3.05,2.94,3.0,1.0,0.94726615234375,False,CORZ,2.78,0.09712230215827339,0.02966622578386369,5146132248.0,9.712230215827338,-17040.0
B260116C00034000,34.0,-6604.0,空头平仓 Call，回补信号，看涨,1.2323110633389625,CALL,0.0,6604.0,5184139.999999999,8.813167377799455e-05,5M-10M,2026-01-16,41.48500061035156,40.97999954223633,40.97999954223633,41.53499984741211,40.70000076293945,7.85,7.8,7.95,31.0,0.4887746435546876,True,B,7.45,0.053691275167785164,0.012323110633389624,58822665879.0,5.369127516778517,-6604.0
MSFT260320C00530000,530.0,-3357.0,空头平仓 Call，回补信号，看涨,1.235839340885685,CALL,0.0,3357.0,5179851.0,1.3624850296395195e-06,5M-10M,2026-03-20,491.5,485.5,487.5950012207031,492.6300048828125,486.6499938964844,15.43,15.4,15.65,28.0,0.2756267506408691,False,MSFT,13.53,0.1404286770140429,0.012358393408856848,3801767276203.0,14.04286770140429,-3357.0
NFLX260116P00109000,109.0,-9933.0,多头平仓 Put，减仓，看跌减弱,1.356701007807501,PUT,0.0,9933.0,5175093.0,1.0060052403992365e-05,5M-10M,2026-01-16,107.58000183105467,106.13999938964844,106.5,107.88999938964844,106.25,5.21,4.9,5.15,186.0,0.2756420092773437,True,NFLX,5.9,-0.11694915254237294,0.013567010078075011,514420083731.0,-11.694915254237294,-9933.0
NVDA260116C00220000,220.0,-44871.0,多头平仓 Call，减仓，看涨减弱,-2.0083177586627814,CALL,0.0,44871.0,5160164.999999999,1.1917193396700288e-06,5M-10M,2026-01-16,176.63980102539062,180.25999450683597,178.99000549316406,179.2899932861328,176.53140258789062,1.15,1.14,1.15,1388.0,0.4251766467285156,False,NVDA,1.45,-0.20689655172413796,-0.020083177586627813,4330017000000.0,-20.689655172413797,-44871.0
PYPL260618P00060000,60.0,-9554.0,多头平仓 Put，减仓，看跌减弱,1.7952397910115923,PUT,0.0,9554.0,5159160.000000001,8.023955511808463e-05,5M-10M,2026-06-18,62.93999862670898,61.83000183105469,62.22999954223633,63.05500030517578,62.130001068115234,5.4,5.25,5.5,1.0,0.3770814245605468,False,PYPL,5.75,-0.060869565217391244,0.017952397910115922,64296966657.0,-6.086956521739125,-9554.0
SOFI251219C00030000,30.0,-33916.0,空头平仓 Call，回补信号，看涨,2.825553919420712,CALL,0.0,33916.0,5155232.0,0.00015386614740390877,5M-10M,2025-12-19,29.295000076293945,28.489999771118164,28.790000915527344,29.46999931335449,28.45499992370605,1.52,1.52,1.54,2342.0,0.6425816992187501,False,SOFI,1.21,0.25619834710743805,0.028255539194207122,33504653798.0,25.619834710743806,-33916.0
SNOW260116C00280000,280.0,-5621.0,空头平仓 Call，回补信号，看涨,1.500038475269863,CALL,0.0,5621.0,5154457.0,6.772553256928257e-05,5M-10M,2026-01-16,252.38999938964844,248.66000366210935,249.6499938964844,254.0,248.84500122070312,9.17,9.0,9.3,87.0,0.509892596435547,False,SNOW,8.0,0.14625,0.015000384752698631,76108032000.0,14.625,-5621.0
BA251219P00200000,200.0,-4227.0,多头平仓 Put，减仓，看跌减弱,1.3107195443195907,PUT,0.0,4227.0,5135805.0,3.069680968186349e-05,5M-10M,2025-12-19,189.3699951171875,186.9199981689453,187.8699951171875,189.7400054931641,186.91000366210935,12.15,11.75,12.75,31.0,0.3145820495605468,True,BA,14.07,-0.13646055437100213,0.013107195443195907,167307451596.0,-13.646055437100213,-4227.0
NVDA260515P00195000,195.0,-1718.0,空头平仓 Put，回补，看跌信号减弱,-2.0083177586627814,PUT,0.0,1718.0,5119640.0,1.1823602540128596e-06,5M-10M,2026-05-15,176.63980102539062,180.25999450683597,178.99000549316406,179.2899932861328,176.53140258789062,29.8,29.55,29.7,27.0,0.3810486700439452,True,NVDA,28.36,0.050775740479548706,-0.020083177586627813,4330017000000.0,5.0775740479548706,-1718.0
C260116C00105000,105.0,-11233.0,空头平仓 Call，回补信号，看涨,1.760975907488567,CALL,0.0,11233.0,5111015.0,2.684558796916399e-05,5M-10M,2026-01-16,104.30500030517578,102.5,102.8000030517578,104.30500030517578,102.51000213623048,4.55,4.4,4.6,592.0,0.3198310205078124,False,C,3.9,0.16666666666666666,0.01760975907488567,190385660611.0,16.666666666666664,-11233.0
ORCL260116C00195000,195.0,-2492.0,多头平仓 Call，减仓，看涨减弱,-1.7515668808947178,CALL,0.0,2492.0,5108600.0,6.342051281292739e-06,5M-10M,2026-01-16,201.3699951171875,204.9600067138672,199.50999450683597,202.33990478515625,197.6100006103516,20.5,20.55,21.05,55.0,0.596683720703125,True,ORCL,24.15,-0.15113871635610762,-0.017515668808947178,805512250440.0,-15.113871635610762,-2492.0
META260320P00625000,625.0,-1309.0,多头平仓 Put，减仓，看跌减弱,1.6982071012745705,PUT,0.0,1309.0,5105100.0,2.732330192510722e-06,5M-10M,2026-03-20,644.3699951171875,633.6099853515625,636.0750122070312,645.4500122070312,635.5,39.0,38.4,38.75,1.0,0.3400334552001953,False,META,41.61,-0.06272530641672673,0.016982071012745705,1868405222031.0,-6.272530641672673,-1309.0
ORCL251219C00220000,220.0,-7295.0,多头平仓 Call，减仓，看涨减弱,-1.7515668808947178,CALL,0.0,7295.0,5084615.0,6.312275197829206e-06,5M-10M,2025-12-19,201.3699951171875,204.9600067138672,199.50999450683597,202.33990478515625,197.6100006103516,6.97,6.8,7.15,583.0,0.6997100341796876,False,ORCL,8.5,-0.18000000000000002,-0.017515668808947178,805512250440.0,-18.000000000000004,-7295.0
C270115P00080000,80.0,-11822.0,多头平仓 Put，减仓，看跌减弱,1.760975907488567,PUT,0.0,11822.0,5083460.0,2.670085543042358e-05,5M-10M,2027-01-15,104.30500030517578,102.5,102.8000030517578,104.30500030517578,102.51000213623048,4.3,4.15,4.45,2.0,0.340826904296875,False,C,4.6,-0.0652173913043478,0.01760975907488567,190385660611.0,-6.52173913043478,-11822.0
MSFT260918C00560000,560.0,-1917.0,空头平仓 Call，回补信号，看涨,1.235839340885685,CALL,0.0,1917.0,5080050.0,1.3362338173086912e-06,5M-10M,2026-09-18,491.5,485.5,487.5950012207031,492.6300048828125,486.6499938964844,26.5,26.4,27.05,2.0,0.2907709473419189,False,MSFT,24.44,0.0842880523731587,0.012358393408856848,3801767276203.0,8.42880523731587,-1917.0
B251219C00040000,40.0,-20961.0,空头平仓 Call，回补信号，看涨,1.2323110633389625,CALL,0.0,20961.0,5072562.0,8.623481993207199e-05,5M-10M,2025-12-19,41.48500061035156,40.97999954223633,40.97999954223633,41.53499984741211,40.70000076293945,2.42,2.42,2.5,287.0,0.414068359375,True,B,2.2,0.09999999999999988,0.012323110633389624,58822665879.0,9.999999999999988,-20961.0
JPM251219C00290000,290.0,-2012.0,空头平仓 Call，回补信号，看涨,1.891813980470497,CALL,0.0,2012.0,5056156.0,5.817777527955743e-06,5M-10M,2025-12-19,313.4599914550781,307.6400146484375,309.1000061035156,313.7200012207031,308.239990234375,25.13,24.6,25.7,13.0,0.3324041369628906,True,JPM,20.15,0.2471464019851117,0.01891813980470497,869087203095.0,24.71464019851117,-2012.0
ORCL251219P00205000,205.0,3208.0,多头买 Put，看跌,-1.7515668808947178,PUT,3420.0,212.0,5052600.0,6.272530302599479e-06,5M-10M,2025-12-19,201.3699951171875,204.9600067138672,199.50999450683597,202.33990478515625,197.6100006103516,15.75,15.45,15.9,53.0,0.6937286486816407,True,ORCL,14.15,0.11307420494699644,-0.017515668808947178,805512250440.0,11.307420494699643,3208.0
OKLO270115C00085000,85.0,-1295.0,空头平仓 Call，回补信号，看涨,5.534260555858812,CALL,0.0,1295.0,5044025.000000001,0.00030916025124410446,5M-10M,2027-01-15,93.62999725341795,88.72000122070312,90.0,94.50499725341795,89.01000213623047,38.95,38.8,41.45,1.0,0.9830323962402344,True,OKLO,36.53,0.06624692033944707,0.05534260555858812,16315244213.0,6.624692033944707,-1295.0
NFLX260618C00120000,120.0,-6966.0,空头平仓 Call，回补信号，看涨,1.356701007807501,CALL,0.0,6966.0,5036418.0,9.79047700368098e-06,5M-10M,2026-06-18,107.58000183105467,106.13999938964844,106.5,107.88999938964844,106.25,7.23,6.9,7.6,2.0,0.3815369464111328,False,NFLX,6.83,0.0585651537335286,0.013567010078075011,514420083731.0,5.85651537335286,-6966.0
MU260320P00230000,230.0,-1726.0,多头平仓 Put，减仓，看跌减弱,2.663250525055157,PUT,0.0,1726.0,5031289.999999999,2.8586094626578573e-05,5M-10M,2026-03-20,236.39239501953125,230.25999450683597,235.6150054931641,238.1000061035156,233.47999572753903,29.15,28.8,29.25,202.0,0.623752541809082,False,MU,30.85,-0.055105348460291824,0.026632505250551566,176004804634.0,-5.5105348460291825,-1726.0
NFLX251219P00112000,112.0,-8745.0,多头平仓 Put，减仓，看跌减弱,1.356701007807501,PUT,0.0,8745.0,5028375.0,9.774841922053402e-06,5M-10M,2025-12-19,107.58000183105467,106.13999938964844,106.5,107.88999938964844,106.25,5.75,5.35,5.55,10.0,0.260749580078125,True,NFLX,6.88,-0.16424418604651161,0.013567010078075011,514420083731.0,-16.424418604651162,-8745.0
XOM260116C00115000,115.0,-10898.0,空头平仓 Call，回补信号，看涨,1.3635989258354626,CALL,0.0,10898.0,5013080.0,1.0031420159698743e-05,5M-10M,2026-01-16,116.33499908447266,114.7699966430664,114.9499969482422,116.36000061035156,114.83499908447266,4.6,4.35,4.5,603.0,0.2221757470703124,True,XOM,3.85,0.19480519480519468,0.013635989258354625,499737815802.0,19.48051948051947,-10898.0
