contractSymbol,strike,oi_change,signal_type,stock_price_change_pct,option_type,openInterest_new,openInterest_old,amount_threshold,amount_to_market_cap,amount_tier,expiry_date,股票价格(new),股票价格(old),股票价格(new open),股票价格(new high),股票价格(new low),lastPrice_new,bid,ask,volume,impliedVolatility,inTheMoney,symbol,lastPrice_old,option_price_change,stock_price_change,market_cap,option_price_change_pct,oi_change_abs
NVDA260320C00160000,160.0,83154.0,多头买 Call，看涨,2.1185640497970435,CALL,108066.0,24912.0,259024710.0,5.982071432975898e-05,>50M,2026-03-20,186.8105926513672,182.93499755859372,187.07000732421875,189.1199951171875,186.00999450683597,31.15,30.75,30.95,21.0,0.5013477600097658,True,NVDA,30.45,0.022988505747126416,0.021185640497970434,4330017000000.0,2.2988505747126418,83154.0
TSM260220C00250000,250.0,-26674.0,空头平仓 Call，回补信号，看涨,13.562221773921,CALL,1939.0,28613.0,223661490.0,0.00015775312084024607,>50M,2026-02-20,332.760009765625,293.0199890136719,332.7900085449219,334.17999267578125,330.2300109863281,83.85,83.1,85.75,2.0,0.7264431652832031,True,TSM,48.05,0.745057232049948,0.13562221773921,1417794391697.0,74.5057232049948,-26674.0
TSM260220C00290000,290.0,40958.0,多头买 Call，看涨,13.562221773921,CALL,42797.0,1839.0,185539740.0,0.00013086505426073946,>50M,2026-02-20,332.760009765625,293.0199890136719,332.7900085449219,334.17999267578125,330.2300109863281,45.3,44.2,45.4,30.0,0.4705863488769531,True,TSM,19.42,1.3326467559217299,0.13562221773921,1417794391697.0,133.26467559217298,40958.0
MSFT260320P00550000,550.0,-20052.0,空头平仓 Put，回补，看跌信号减弱,-2.7752085298737206,PUT,353.0,20405.0,183215124.0,4.819209348947455e-05,>50M,2026-03-20,472.4249877929688,485.9100036621094,465.3049926757813,473.1000061035156,462.0,91.37,79.15,81.1,4.0,0.326056544189453,True,MSFT,67.55,0.3526276831976315,-0.027752085298737208,3801767276203.0,35.26276831976315,-20052.0
GOOGL261218C00300000,300.0,-27052.0,空头平仓 Call，回补信号，看涨,8.235286107723065,CALL,22503.0,49555.0,182601000.0,6.12414966513427e-05,>50M,2026-12-18,334.7500915527344,309.2799987792969,327.8099975585937,334.9800109863281,327.0,67.5,68.15,68.5,15.0,0.4133054275512695,True,GOOGL,52.52,0.2852246763137852,0.08235286107723065,2981654760000.0,28.522467631378518,-27052.0
MSTR260320C00160000,160.0,66839.0,空头卖 Call，看跌/看不涨,-3.691900354628539,CALL,66977.0,138.0,114094173.0,0.0013019265967151995,>50M,2026-03-20,160.1699981689453,166.30999755859375,159.37249755859375,163.1300048828125,158.6199951171875,17.07,16.8,17.3,232.0,0.6912872668457033,True,MSTR,27.53,-0.379949146385761,-0.03691900354628539,87634873800.0,-37.9949146385761,66839.0
TSLA270115C00400000,400.0,7969.0,空头卖 Call，看跌/看不涨,-11.205281544595117,CALL,18052.0,10083.0,90448150.0,6.367401181379433e-05,>50M,2027-01-15,438.9700012207031,494.364990234375,445.0299987792969,445.0299987792969,436.7099914550781,113.5,113.5,114.2,120.0,0.5716137809753419,True,TSLA,165.77,-0.31531640224407315,-0.11205281544595116,1420487690716.0,-31.531640224407315,7969.0
TSLA280121P00450000,450.0,-7196.0,空头平仓 Put，回补，看跌信号减弱,-11.205281544595117,PUT,2229.0,9425.0,86531900.0,6.0917036145792576e-05,>50M,2028-01-21,438.9700012207031,494.364990234375,445.0299987792969,445.0299987792969,436.7099914550781,120.25,119.45,120.35,14.0,0.4674583283996582,True,TSLA,114.4,0.051136363636363584,-0.11205281544595116,1420487690716.0,5.113636363636358,-7196.0
TSLA280121P00500000,500.0,5721.0,多头买 Put，看跌,-11.205281544595117,PUT,6655.0,934.0,86215470.0,6.069427462376876e-05,>50M,2028-01-21,438.9700012207031,494.364990234375,445.0299987792969,445.0299987792969,436.7099914550781,150.7,151.0,151.95,2.0,0.4591500008392334,True,TSLA,142.97,0.054067286843393646,-0.11205281544595116,1420487690716.0,5.406728684339365,5721.0
NFLX260918C00100000,100.0,145683.0,空头卖 Call，看跌/看不涨,-8.000430252636317,CALL,146876.0,1193.0,84496140.0,0.00016425513441692264,>50M,2026-09-18,86.00579833984375,93.48500061035156,86.91000366210938,86.94000244140625,85.3499984741211,5.8,5.7,5.9,797.0,0.3903869555664062,False,NFLX,10.5,-0.44761904761904764,-0.08000430252636317,514420083731.0,-44.761904761904766,145683.0
TSLA271217P00490000,490.0,5975.0,多头买 Put，看跌,-11.205281544595117,PUT,6243.0,268.0,83769499.99999999,5.897235192356773e-05,>50M,2027-12-17,438.9700012207031,494.364990234375,445.0299987792969,445.0299987792969,436.7099914550781,140.2,142.1,143.05,1.0,0.4624153490447998,True,TSLA,134.16,0.045020870602265894,-0.11205281544595116,1420487690716.0,4.502087060226589,5975.0
GOOG260918P00330000,330.0,23989.0,空头卖 Put，看涨/看不跌,7.864809334236379,PUT,24142.0,153.0,82282270.0,2.7524723966547718e-05,>50M,2026-09-18,335.260009765625,310.81500244140625,328.20001220703125,335.57000732421875,327.489990234375,34.3,32.4,32.65,3.0,0.331137670135498,False,GOOG,44.2,-0.2239819004524888,0.07864809334236379,2989394920000.0,-22.39819004524888,23989.0
GOOGL260220C00260000,260.0,-10441.0,空头平仓 Call，回补信号，看涨,8.235286107723065,CALL,7512.0,17953.0,73285378.99999999,2.457876075498425e-05,>50M,2026-02-20,334.7500915527344,309.2799987792969,327.8099975585937,334.9800109863281,327.0,70.19,72.4,75.8,1.0,0.5881388842773438,True,GOOGL,53.45,0.31318989710009343,0.08235286107723065,2981654760000.0,31.318989710009344,-10441.0
MSFT260320C00435000,435.0,15251.0,空头卖 Call，看跌/看不涨,-2.7752085298737206,CALL,15325.0,74.0,67409420.0,1.7731074814059868e-05,>50M,2026-03-20,472.4249877929688,485.9100036621094,465.3049926757813,473.1000061035156,462.0,44.2,44.75,45.7,9.0,0.3188544677734374,True,MSFT,63.12,-0.29974651457541185,-0.027752085298737208,3801767276203.0,-29.974651457541185,15251.0
AMZN260320C00220000,220.0,24019.0,多头买 Call，看涨,5.18471414096742,CALL,30645.0,6626.0,63001837.0,2.6878669266222966e-05,>50M,2026-03-20,239.9499969482422,228.12249755859372,239.97999572753903,240.9499969482422,237.5399932861328,26.23,26.1,26.4,8.0,0.4049131774902343,True,AMZN,19.8,0.32474747474747473,0.0518471414096742,2343934380679.0,32.474747474747474,24019.0
NVDA270115C00180000,180.0,15182.0,多头买 Call，看涨,2.1185640497970435,CALL,40137.0,24955.0,60348450.0,1.3937231655210592e-05,>50M,2027-01-15,186.8105926513672,182.93499755859372,187.07000732421875,189.1199951171875,186.00999450683597,39.75,39.45,39.65,375.0,0.504185866394043,True,NVDA,38.3,0.03785900783289825,0.021185640497970434,4330017000000.0,3.785900783289825,15182.0
UNH270115P00420000,420.0,-6540.0,多头平仓 Put，减仓，看跌减弱,7.150405665106835,PUT,609.0,7149.0,55590000.0,0.00017838795385272967,>50M,2027-01-15,349.67999267578125,326.3450012207031,353.95001220703125,354.7900085449219,347.2774963378906,85.0,87.3,94.0,1.0,0.3420323365783691,True,UNH,106.97,-0.2053846872955034,0.07150405665106835,311624180890.0,-20.538468729550342,-6540.0
AMD260320C00200000,200.0,9443.0,多头买 Call，看涨,17.781399838657244,CALL,17135.0,7692.0,53825100.0,0.00020799667605202922,>50M,2026-03-20,252.6999969482422,214.5500030517578,256.7449951171875,258.2898864746094,250.30999755859372,57.0,58.2,59.1,16.0,0.6745638012695314,True,AMD,29.88,0.9076305220883535,0.17781399838657244,258778654648.0,90.76305220883535,9443.0
AVGO280121P00330000,330.0,6641.0,多头买 Put，看跌,-4.434311329577715,PUT,6881.0,240.0,53426845.00000001,3.381932261853479e-05,>50M,2028-01-21,324.7799987792969,339.8500061035156,319.95001220703125,328.010009765625,317.6000061035156,80.45,80.1,80.9,1.0,0.4316768258666992,True,AVGO,76.1,0.05716162943495413,-0.04434311329577715,1579772770810.0,5.716162943495413,6641.0
MSFT260220C00460000,460.0,-22935.0,多头平仓 Call，减仓，看涨减弱,-2.7752085298737206,CALL,2321.0,25256.0,53300939.99999999,1.4020042818937116e-05,>50M,2026-02-20,472.4249877929688,485.9100036621094,465.3049926757813,473.1000061035156,462.0,23.24,23.35,23.55,295.0,0.3351506915283203,True,MSFT,38.22,-0.39194139194139194,-0.027752085298737208,3801767276203.0,-39.1941391941392,-22935.0
TSLA271217P00480000,480.0,3715.0,多头买 Put，看跌,-11.205281544595117,PUT,4077.0,362.0,53191370.00000001,3.744585070863147e-05,>50M,2027-12-17,438.9700012207031,494.364990234375,445.0299987792969,445.0299987792969,436.7099914550781,143.18,135.7,136.6,10.0,0.4639869886016846,True,TSLA,131.28,0.09064594759293118,-0.11205281544595116,1420487690716.0,9.064594759293119,3715.0
NVDA280121C00140000,140.0,6315.0,多头买 Call，看涨,2.1185640497970435,CALL,6981.0,666.0,49320149.99999999,1.1390290153595238e-05,10M-50M,2028-01-21,186.8105926513672,182.93499755859372,187.07000732421875,189.1199951171875,186.00999450683597,78.1,77.05,78.0,10.0,0.5698895550537109,True,NVDA,74.78,0.044396897566194075,0.021185640497970434,4330017000000.0,4.439689756619408,6315.0
TSLA280121P00520000,520.0,2942.0,多头买 Put，看跌,-11.205281544595117,PUT,3097.0,155.0,47395620.0,3.33657379150608e-05,10M-50M,2028-01-21,438.9700012207031,494.364990234375,445.0299987792969,445.0299987792969,436.7099914550781,161.1,164.4,165.35,2.0,0.4558770233154297,True,TSLA,158.0,0.019620253164556924,-0.11205281544595116,1420487690716.0,1.9620253164556924,2942.0
MSTR261218C00160000,160.0,9703.0,空头卖 Call，看跌/看不涨,-3.691900354628539,CALL,9765.0,62.0,46428855.0,0.0005297988459019154,10M-50M,2026-12-18,160.1699981689453,166.30999755859375,159.37249755859375,163.1300048828125,158.6199951171875,47.85,46.9,48.15,5.0,0.8034382449340819,True,MSTR,55.8,-0.14247311827956982,-0.03691900354628539,87634873800.0,-14.247311827956983,9703.0
META260220C00600000,600.0,-5613.0,空头平仓 Call，回补信号，看涨,1.8905747608431493,CALL,3591.0,9204.0,45100455.0,2.4138476208589673e-05,10M-50M,2026-02-20,671.52001953125,659.0599975585938,665.2249755859375,674.97998046875,661.2855224609375,80.35,80.9,82.05,83.0,0.5088244918823243,True,META,77.7,0.03410553410553399,0.018905747608431493,1868405222031.0,3.410553410553399,-5613.0
TSLA260320C00440000,440.0,13459.0,空头卖 Call，看跌/看不涨,-11.205281544595117,CALL,16531.0,3072.0,43257226.0,3.0452376520204903e-05,10M-50M,2026-03-20,438.9700012207031,494.364990234375,445.0299987792969,445.0299987792969,436.7099914550781,32.14,32.1,32.25,458.0,0.486882572631836,False,TSLA,82.24,-0.609192607003891,-0.11205281544595116,1420487690716.0,-60.9192607003891,13459.0
LRCX260320P00200000,200.0,40513.0,空头卖 Put，看涨/看不跌,27.105170801153346,PUT,40545.0,32.0,42011980.99999999,0.0002586671594026666,10M-50M,2026-03-20,223.09500122070312,175.52000427246094,218.97000122070312,223.25,215.9300994873047,10.37,10.05,10.45,31.0,0.6082802844238282,False,LRCX,39.9,-0.7401002506265665,0.27105170801153344,162417142930.0,-74.01002506265665,40513.0
MSFT260417C00510000,510.0,35774.0,空头卖 Call，看跌/看不涨,-2.7752085298737206,CALL,36601.0,827.0,41497840.0,1.0915407752534975e-05,10M-50M,2026-04-17,472.4249877929688,485.9100036621094,465.3049926757813,473.1000061035156,462.0,11.6,11.55,11.7,1748.0,0.2839732247924803,False,MSFT,18.9,-0.3862433862433862,-0.027752085298737208,3801767276203.0,-38.62433862433862,35774.0
MU260320C00310000,310.0,4420.0,多头买 Call，看涨,42.91124578171335,CALL,5304.0,884.0,41128100.0,0.00023367600722903797,10M-50M,2026-03-20,389.4330139160156,272.4999084472656,395.6300048828125,398.0,384.2999877929688,93.05,93.15,95.85,7.0,0.8229387823486327,True,MU,19.45,3.7840616966580973,0.4291124578171335,176004804634.0,378.4061696658097,4420.0
MU260515P00350000,350.0,10429.0,空头卖 Put，看涨/看不跌,42.91124578171335,PUT,10429.0,0.0,39004460.0,0.00022161020025055186,10M-50M,2026-05-15,389.4330139160156,272.4999084472656,395.6300048828125,398.0,384.2999877929688,37.4,36.3,36.95,24.0,0.6722444885253909,False,MU,119.05,-0.6858462830743386,0.4291124578171335,176004804634.0,-68.58462830743386,10429.0
NVDA260320C00150000,150.0,9527.0,多头买 Call，看涨,2.1185640497970435,CALL,43582.0,34055.0,37869825.0,8.745883676669167e-06,10M-50M,2026-03-20,186.8105926513672,182.93499755859372,187.07000732421875,189.1199951171875,186.00999450683597,39.75,39.4,39.6,61.0,0.5419967675781252,True,NVDA,38.55,0.031128404669260777,0.021185640497970434,4330017000000.0,3.1128404669260776,9527.0
TSLA271217P00420000,420.0,-3666.0,空头平仓 Put，回补，看跌信号减弱,-11.205281544595117,PUT,4288.0,7954.0,36696660.0,2.58338458262197e-05,10M-50M,2027-12-17,438.9700012207031,494.364990234375,445.0299987792969,445.0299987792969,436.7099914550781,100.1,99.85,100.65,1.0,0.4746756634521484,False,TSLA,95.1,0.05257623554153523,-0.11205281544595116,1420487690716.0,5.257623554153524,-3666.0
NEM280121C00090000,90.0,-6828.0,空头平仓 Call，回补信号，看涨,21.630742833192862,CALL,3461.0,10289.0,36345444.0,0.00038812838617873185,10M-50M,2028-01-21,127.83999633789062,105.1050033569336,127.70999908447266,129.24989318847656,125.72000122070312,53.23,52.0,54.9,13.0,0.5210008837890624,True,NEM,28.75,0.8514782608695651,0.21630742833192862,93642839056.0,85.14782608695651,-6828.0
AMD260320C00230000,230.0,10012.0,多头买 Call，看涨,17.781399838657244,CALL,13604.0,3592.0,35893020.0,0.00013870162532849927,10M-50M,2026-03-20,252.6999969482422,214.5500030517578,256.7449951171875,258.2898864746094,250.30999755859372,35.85,35.2,36.0,163.0,0.6046182116699221,True,AMD,15.72,1.2805343511450382,0.17781399838657244,258778654648.0,128.05343511450383,10012.0
META260417C00700000,700.0,8941.0,多头买 Call，看涨,1.8905747608431493,CALL,11760.0,2819.0,33931095.0,1.8160458234598655e-05,10M-50M,2026-04-17,671.52001953125,659.0599975585938,665.2249755859375,674.97998046875,661.2855224609375,37.95,38.0,38.25,173.0,0.3951476501464844,False,META,35.27,0.07598525659200452,0.018905747608431493,1868405222031.0,7.598525659200452,8941.0
META260320C00630000,630.0,5027.0,多头买 Call，看涨,1.8905747608431493,CALL,6014.0,987.0,32675500.0,1.7488443949263303e-05,10M-50M,2026-03-20,671.52001953125,659.0599975585938,665.2249755859375,674.97998046875,661.2855224609375,65.0,66.45,67.35,47.0,0.4347895877075196,True,META,64.0,0.015625,0.018905747608431493,1868405222031.0,1.5625,5027.0
MSTR261218P00180000,180.0,5879.0,多头买 Put，看跌,-3.691900354628539,PUT,6827.0,948.0,32263952.0,0.00036816338748467506,10M-50M,2026-12-18,160.1699981689453,166.30999755859375,159.37249755859375,163.1300048828125,158.6199951171875,54.88,53.65,54.65,1.0,0.6907684732055664,True,MSTR,54.35,0.009751609935602597,-0.03691900354628539,87634873800.0,0.9751609935602596,5879.0
AMZN260220C00210000,210.0,-9680.0,空头平仓 Call，回补信号，看涨,5.18471414096742,CALL,12347.0,22027.0,31169600.0,1.3297983193100597e-05,10M-50M,2026-02-20,239.9499969482422,228.12249755859372,239.97999572753903,240.9499969482422,237.5399932861328,32.2,31.8,32.15,58.0,0.4796194616699218,True,AMZN,24.15,0.33333333333333354,0.0518471414096742,2343934380679.0,33.33333333333336,-9680.0
AAPL270115C00280000,280.0,15652.0,空头卖 Call，看跌/看不涨,-6.297078450064497,CALL,30572.0,14920.0,30349228.000000004,8.005333445694815e-06,10M-50M,2027-01-15,254.9750061035156,272.1099853515625,251.47999572753903,255.5,249.8000030517578,19.39,19.2,19.35,227.0,0.288321936187744,False,AAPL,29.99,-0.3534511503834611,-0.06297078450064497,3791126029400.0,-35.34511503834611,15652.0
META261218C00500000,500.0,1405.0,多头买 Call，看涨,1.8905747608431493,CALL,2786.0,1381.0,29940550.0,1.602465549066167e-05,10M-50M,2026-12-18,671.52001953125,659.0599975585938,665.2249755859375,674.97998046875,661.2855224609375,213.1,213.1,215.0,13.0,0.4969380140686035,True,META,211.5,0.007565011820330942,0.018905747608431493,1868405222031.0,0.7565011820330942,1405.0
PLTR260220C00150000,150.0,-12625.0,多头平仓 Call，减仓，看涨减弱,-12.37863350817816,CALL,4724.0,17349.0,29605625.0,7.027927366159212e-05,10M-50M,2026-02-20,169.2100067138672,193.1150054931641,168.2100067138672,170.58970642089844,168.02000427246094,23.45,23.3,23.45,56.0,0.6638217211914064,True,PLTR,47.8,-0.5094142259414226,-0.12378633508178159,421256843697.0,-50.94142259414226,-12625.0
MU260220C00350000,350.0,5642.0,多头买 Call，看涨,42.91124578171335,CALL,6498.0,856.0,29394820.0,0.00016701146347184213,10M-50M,2026-02-20,389.4330139160156,272.4999084472656,395.6300048828125,398.0,384.2999877929688,52.1,51.4,52.65,59.0,0.7138700488281251,True,MU,5.5,8.472727272727273,0.4291124578171335,176004804634.0,847.2727272727273,5642.0
BABA260320C00170000,170.0,21190.0,多头买 Call，看涨,13.252811373151834,CALL,29347.0,8157.0,28606500.0,7.205881093404658e-05,10M-50M,2026-03-20,171.2949981689453,151.25010681152344,169.7899932861328,172.89999389648438,168.67999267578125,13.5,13.45,13.95,316.0,0.5084277673339843,True,BABA,5.31,1.5423728813559325,0.13252811373151835,396988232656.0,154.23728813559325,21190.0
PLTR260320C00160000,160.0,-14417.0,多头平仓 Call，减仓，看涨减弱,-12.37863350817816,CALL,18842.0,33259.0,28459157.999999996,6.755773449337713e-05,10M-50M,2026-03-20,169.2100067138672,193.1150054931641,168.2100067138672,170.58970642089844,168.02000427246094,19.74,19.75,19.85,21.0,0.5847819842529296,True,PLTR,42.2,-0.5322274881516589,-0.12378633508178159,421256843697.0,-53.222748815165886,-14417.0
NVDA270115C00160000,160.0,5604.0,多头买 Call，看涨,2.1185640497970435,CALL,90692.0,85088.0,28300200.0,6.535817295867429e-06,10M-50M,2027-01-15,186.8105926513672,182.93499755859372,187.07000732421875,189.1199951171875,186.00999450683597,50.5,50.2,50.45,39.0,0.5237474383544922,True,NVDA,48.65,0.03802672147995892,0.021185640497970434,4330017000000.0,3.802672147995892,5604.0
AVGO260320C00280000,280.0,5021.0,空头卖 Call，看跌/看不涨,-4.434311329577715,CALL,15973.0,10952.0,27916760.000000004,1.7671376868767138e-05,10M-50M,2026-03-20,324.7799987792969,339.8500061035156,319.95001220703125,328.010009765625,317.6000061035156,55.6,54.8,55.95,215.0,0.5902140588378908,True,AVGO,73.55,-0.24405166553365054,-0.04434311329577715,1579772770810.0,-24.405166553365053,5021.0
ORCL260320C00170000,170.0,11658.0,空头卖 Call，看跌/看不涨,-6.701367432426979,CALL,22014.0,10356.0,27862620.0,3.458993948854338e-05,10M-50M,2026-03-20,183.7050018310547,196.8999938964844,179.10000610351562,185.27999877929688,178.52999877929688,23.9,23.6,23.95,59.0,0.591373715209961,True,ORCL,35.72,-0.33090705487122063,-0.06701367432426979,805512250440.0,-33.090705487122065,11658.0
NVDA260320P00185000,185.0,24976.0,空头卖 Put，看涨/看不跌,2.1185640497970435,PUT,51139.0,26163.0,27648432.0,6.385294099307231e-06,10M-50M,2026-03-20,186.8105926513672,182.93499755859372,187.07000732421875,189.1199951171875,186.00999450683597,11.07,11.0,11.05,512.0,0.4200497448730469,False,NVDA,14.79,-0.25152129817444213,0.021185640497970434,4330017000000.0,-25.152129817444212,24976.0
ISRG280121C00520000,520.0,2242.0,空头卖 Call，看跌/看不涨,-8.357827617182323,CALL,2250.0,8.0,26457842.0,0.00016731580679324023,10M-50M,2028-01-21,531.7628784179688,580.260009765625,522.4099731445312,533.14501953125,518.6500244140625,118.01,115.9,124.0,2.0,0.4041731336212159,True,ISRG,155.0,-0.23864516129032254,-0.08357827617182323,158131156327.0,-23.864516129032253,2242.0
AMZN260320C00230000,230.0,13709.0,多头买 Call，看涨,5.18471414096742,CALL,25357.0,11648.0,26417243.0,1.1270470375688312e-05,10M-50M,2026-03-20,239.9499969482422,228.12249755859372,239.97999572753903,240.9499969482422,237.5399932861328,19.27,19.25,19.4,128.0,0.3849548809814452,True,AMZN,14.2,0.3570422535211268,0.0518471414096742,2343934380679.0,35.70422535211268,13709.0
NVDA260417C00140000,140.0,5145.0,多头买 Call，看涨,2.1185640497970435,CALL,5945.0,800.0,26007974.999999996,6.006437157175132e-06,10M-50M,2026-04-17,186.8105926513672,182.93499755859372,187.07000732421875,189.1199951171875,186.00999450683597,50.55,49.75,50.35,9.0,0.5694623132324219,True,NVDA,45.97,0.09963019360452466,0.021185640497970434,4330017000000.0,9.963019360452465,5145.0
META270115C00700000,700.0,2598.0,多头买 Call，看涨,1.8905747608431493,CALL,6513.0,3915.0,25720200.0,1.3765857479268627e-05,10M-50M,2027-01-15,671.52001953125,659.0599975585938,665.2249755859375,674.97998046875,661.2855224609375,99.0,98.95,99.6,109.0,0.4225140146636963,False,META,91.39,0.0832695043221359,0.018905747608431493,1868405222031.0,8.32695043221359,2598.0
TSM260515P00330000,330.0,10318.0,空头卖 Put，看涨/看不跌,13.562221773921,PUT,10339.0,21.0,25433870.0,1.7939039785280466e-05,10M-50M,2026-05-15,332.760009765625,293.0199890136719,332.7900085449219,334.17999267578125,330.2300109863281,24.65,23.95,25.35,5.0,0.3682619326782227,False,TSM,52.85,-0.533585619678335,0.13562221773921,1417794391697.0,-53.358561967833495,10318.0
ISRG280121C00530000,530.0,2226.0,空头卖 Call，看跌/看不涨,-8.357827617182323,CALL,2231.0,5.0,25156026.0,0.00015908329885338827,10M-50M,2028-01-21,531.7628784179688,580.260009765625,522.4099731445312,533.14501953125,518.6500244140625,113.01,111.0,119.0,2.0,0.4005644660949707,True,ISRG,146.7,-0.22965235173824122,-0.08357827617182323,158131156327.0,-22.965235173824123,2226.0
TSM280121C00300000,300.0,2404.0,多头买 Call，看涨,13.562221773921,CALL,8646.0,6242.0,24677060.0,1.7405245883687902e-05,10M-50M,2028-01-21,332.760009765625,293.0199890136719,332.7900085449219,334.17999267578125,330.2300109863281,102.65,100.0,101.85,39.0,0.4839910610198975,True,TSM,71.95,0.42668519805420435,0.13562221773921,1417794391697.0,42.66851980542044,2404.0
MSTR261218C00180000,180.0,6007.0,空头卖 Call，看跌/看不涨,-3.691900354628539,CALL,6267.0,260.0,24442483.0,0.0002789127426118345,10M-50M,2026-12-18,160.1699981689453,166.30999755859375,159.37249755859375,163.1300048828125,158.6199951171875,40.69,39.7,41.25,51.0,0.7937032348632812,False,MSTR,48.72,-0.1648193760262726,-0.03691900354628539,87634873800.0,-16.481937602627262,6007.0
META260320C00700000,700.0,8132.0,多头买 Call，看涨,1.8905747608431493,CALL,14920.0,6788.0,24436660.0,1.3078886588336967e-05,10M-50M,2026-03-20,671.52001953125,659.0599975585938,665.2249755859375,674.97998046875,661.2855224609375,30.05,30.1,30.3,1024.0,0.4088956816101074,False,META,29.0,0.03620689655172416,0.018905747608431493,1868405222031.0,3.6206896551724164,8132.0
PLTR260220C00155000,155.0,-12221.0,多头平仓 Call，减仓，看涨减弱,-12.37863350817816,CALL,2730.0,14951.0,23830950.0,5.6571069067642336e-05,10M-50M,2026-02-20,169.2100067138672,193.1150054931641,168.2100067138672,170.58970642089844,168.02000427246094,19.5,19.75,19.9,13.0,0.6574741284179688,True,PLTR,44.2,-0.5588235294117647,-0.12378633508178159,421256843697.0,-55.88235294117647,-12221.0
AAPL260717C00280000,280.0,24671.0,空头卖 Call，看跌/看不涨,-6.297078450064497,CALL,25024.0,353.0,23264753.0,6.13663402893572e-06,10M-50M,2026-07-17,254.9750061035156,272.1099853515625,251.47999572753903,255.5,249.8000030517578,9.43,9.35,9.45,130.0,0.2652051019287109,False,AAPL,18.85,-0.49973474801061013,-0.06297078450064497,3791126029400.0,-49.973474801061016,24671.0
TSM260220P00330000,330.0,23112.0,空头卖 Put，看涨/看不跌,13.562221773921,PUT,23426.0,314.0,23227560.0,1.6382883255870583e-05,10M-50M,2026-02-20,332.760009765625,293.0199890136719,332.7900085449219,334.17999267578125,330.2300109863281,10.05,9.55,9.9,279.0,0.317389638671875,False,TSM,39.79,-0.747423975873335,0.13562221773921,1417794391697.0,-74.7423975873335,23112.0
GOOGL260320C00310000,310.0,6896.0,多头买 Call，看涨,8.235286107723065,CALL,11638.0,4742.0,22480960.0,7.539759566261789e-06,10M-50M,2026-03-20,334.7500915527344,309.2799987792969,327.8099975585937,334.9800109863281,327.0,32.6,32.85,33.3,43.0,0.3705812454223632,True,GOOGL,21.25,0.5341176470588236,0.08235286107723065,2981654760000.0,53.41176470588236,6896.0
AAPL261218C00250000,250.0,6740.0,空头卖 Call，看跌/看不涨,-6.297078450064497,CALL,16500.0,9760.0,22073500.0,5.822412610084991e-06,10M-50M,2026-12-18,254.9750061035156,272.1099853515625,251.47999572753903,255.5,249.8000030517578,32.75,32.35,32.55,85.0,0.3156959300231933,True,AAPL,46.15,-0.29035752979414947,-0.06297078450064497,3791126029400.0,-29.035752979414948,6740.0
MU260320P00330000,330.0,13539.0,空头卖 Put，看涨/看不跌,42.91124578171335,PUT,13575.0,36.0,21784251.0,0.00012377077458368313,10M-50M,2026-03-20,389.4330139160156,272.4999084472656,395.6300048828125,398.0,384.2999877929688,16.09,15.95,16.55,73.0,0.7098112515258789,False,MU,110.92,-0.8549404976559682,0.4291124578171335,176004804634.0,-85.49404976559683,13539.0
MU260717C00300000,300.0,1758.0,多头买 Call，看涨,42.91124578171335,CALL,2092.0,334.0,21700752.0,0.00012329636139835198,10M-50M,2026-07-17,389.4330139160156,272.4999084472656,395.6300048828125,398.0,384.2999877929688,123.44,124.35,127.2,51.0,0.7786277020263672,True,MU,41.13,2.0012156576708,0.4291124578171335,176004804634.0,200.12156576707997,1758.0
NVDA260320P00190000,190.0,15976.0,空头卖 Put，看涨/看不跌,2.1185640497970435,PUT,30839.0,14863.0,21647480.0,4.9993983857338205e-06,10M-50M,2026-03-20,186.8105926513672,182.93499755859372,187.07000732421875,189.1199951171875,186.00999450683597,13.55,13.4,13.5,2767.0,0.4113218048095703,True,NVDA,17.45,-0.22349570200573057,0.021185640497970434,4330017000000.0,-22.34957020057306,15976.0
PAAS260320C00049000,49.0,10024.0,多头买 Call，看涨,24.70959593632118,CALL,10073.0,49.0,21000280.0,0.001513144226182913,10M-50M,2026-03-20,67.0999984741211,53.80500030517578,69.80999755859375,69.90059661865234,66.72000122070312,20.95,19.2,20.9,1.0,0.9006357592773437,True,PAAS,8.76,1.3915525114155252,0.2470959593632118,13878571280.0,139.15525114155253,10024.0
GOOGL270617C00295000,295.0,-2583.0,空头平仓 Call，回补信号，看涨,8.235286107723065,CALL,2042.0,4625.0,20818980.0,6.982357675775984e-06,10M-50M,2027-06-17,334.7500915527344,309.2799987792969,327.8099975585937,334.9800109863281,327.0,80.6,84.15,84.65,95.0,0.4285945812988281,True,GOOGL,68.0,0.18529411764705875,0.08235286107723065,2981654760000.0,18.529411764705873,-2583.0
AAPL260130P00260000,260.0,25192.0,多头买 Put，看跌,-6.297078450064497,PUT,25438.0,246.0,20531480.0,5.415668020735623e-06,10M-50M,2026-01-30,254.9750061035156,272.1099853515625,251.47999572753903,255.5,249.8000030517578,8.15,8.1,8.2,699.0,0.4434870104980468,True,AAPL,3.45,1.3623188405797102,-0.06297078450064497,3791126029400.0,136.23188405797103,25192.0
META260220C00650000,650.0,4490.0,多头买 Call，看涨,1.8905747608431493,CALL,8095.0,3605.0,20317250.0,1.0874113260031824e-05,10M-50M,2026-02-20,671.52001953125,659.0599975585938,665.2249755859375,674.97998046875,661.2855224609375,45.25,45.15,45.4,543.0,0.4757437680053711,True,META,44.41,0.018914658860617058,0.018905747608431493,1868405222031.0,1.8914658860617057,4490.0
NVDA280121P00140000,140.0,10144.0,空头卖 Put，看涨/看不跌,2.1185640497970435,PUT,19864.0,9720.0,20186559.999999996,4.662004791205207e-06,10M-50M,2028-01-21,186.8105926513672,182.93499755859372,187.07000732421875,189.1199951171875,186.00999450683597,19.9,19.85,20.15,1.0,0.436254416809082,False,NVDA,20.25,-0.017283950617284022,0.021185640497970434,4330017000000.0,-1.7283950617284023,10144.0
SNOW280121C00230000,230.0,3603.0,空头卖 Call，看跌/看不涨,-5.962289073909751,CALL,3660.0,57.0,20032680.0,0.00026321374332737967,10M-50M,2028-01-21,211.7400054931641,225.1649932861328,211.7899932861328,212.1625061035156,208.6000061035156,55.6,55.35,57.2,10.0,0.5356796920776368,False,SNOW,64.0,-0.13124999999999998,-0.05962289073909751,76108032000.0,-13.124999999999998,3603.0
AAPL260220P00275000,275.0,9400.0,多头买 Put，看跌,-6.297078450064497,PUT,13960.0,4560.0,19890400.0,5.2465678655235685e-06,10M-50M,2026-02-20,254.9750061035156,272.1099853515625,251.47999572753903,255.5,249.8000030517578,21.16,21.35,21.55,63.0,0.2751537329101562,True,AAPL,10.67,0.9831302717900656,-0.06297078450064497,3791126029400.0,98.31302717900657,9400.0
TSLA271217P00400000,400.0,-2204.0,空头平仓 Put，回补，看跌信号减弱,-11.205281544595117,PUT,6363.0,8567.0,19813960.0,1.3948702357295844e-05,10M-50M,2027-12-17,438.9700012207031,494.364990234375,445.0299987792969,445.0299987792969,436.7099914550781,89.9,89.0,89.75,2.0,0.4786123916625976,False,TSLA,86.35,0.0411117544875508,-0.11205281544595116,1420487690716.0,4.11117544875508,-2204.0
MU260220C00340000,340.0,3322.0,多头买 Call，看涨,42.91124578171335,CALL,4229.0,907.0,19556614.0,0.00011111409169009765,10M-50M,2026-02-20,389.4330139160156,272.4999084472656,395.6300048828125,398.0,384.2999877929688,58.87,58.15,59.8,144.0,0.7104521142578125,True,MU,6.87,7.569141193595342,0.4291124578171335,176004804634.0,756.9141193595342,3322.0
TSM260320P00320000,320.0,17109.0,空头卖 Put，看涨/看不跌,13.562221773921,PUT,17751.0,642.0,19487151.0,1.3744694656800873e-05,10M-50M,2026-03-20,332.760009765625,293.0199890136719,332.7900085449219,334.17999267578125,330.2300109863281,11.39,11.15,11.7,230.0,0.3460148406982422,False,TSM,43.8,-0.7399543378995433,0.13562221773921,1417794391697.0,-73.99543378995433,17109.0
TSLA260618P00440000,440.0,3732.0,多头买 Put，看跌,-11.205281544595117,PUT,6184.0,2452.0,19406400.0,1.3661786812258937e-05,10M-50M,2026-06-18,438.9700012207031,494.364990234375,445.0299987792969,445.0299987792969,436.7099914550781,52.0,51.1,51.35,16.0,0.4632316860961915,True,TSLA,43.3,0.20092378752886844,-0.11205281544595116,1420487690716.0,20.092378752886844,3732.0
GOOGL261218P00350000,350.0,-3841.0,多头平仓 Put，减仓，看跌减弱,8.235286107723065,PUT,3007.0,6848.0,19251092.0,6.456512758707182e-06,10M-50M,2026-12-18,334.7500915527344,309.2799987792969,327.8099975585937,334.9800109863281,327.0,50.12,48.8,49.2,1.0,0.3195258477783202,True,GOOGL,65.3,-0.2324655436447167,0.08235286107723065,2981654760000.0,-23.24655436447167,-3841.0
BE260618C00110000,110.0,3515.0,多头买 Call，看涨,56.05061224920851,CALL,3741.0,226.0,19033725.0,0.001156732235271639,10M-50M,2026-06-18,144.3000030517578,92.47000122070312,142.0,147.6300048828125,138.65049743652344,54.15,52.8,55.55,1.0,1.105961501464844,True,BE,20.7,1.6159420289855075,0.5605061224920851,16454737250.0,161.59420289855075,3515.0
GOOGL270617C00330000,330.0,2940.0,多头买 Call，看涨,8.235286107723065,CALL,3064.0,124.0,19021800.0,6.379611836750677e-06,10M-50M,2027-06-17,334.7500915527344,309.2799987792969,327.8099975585937,334.9800109863281,327.0,64.7,65.95,66.4,14.0,0.4130460307312011,True,GOOGL,52.39,0.2349685054399695,0.08235286107723065,2981654760000.0,23.49685054399695,2940.0
META260320C00650000,650.0,3407.0,多头买 Call，看涨,1.8905747608431493,CALL,6907.0,3500.0,18346695.0,9.819441084657596e-06,10M-50M,2026-03-20,671.52001953125,659.0599975585938,665.2249755859375,674.97998046875,661.2855224609375,53.85,54.0,54.3,520.0,0.4204159521484375,True,META,51.0,0.0558823529411765,0.018905747608431493,1868405222031.0,5.58823529411765,3407.0
PLTR260320C00180000,180.0,18165.0,空头卖 Call，看跌/看不涨,-12.37863350817816,CALL,22688.0,4523.0,18273990.000000004,4.337968693784367e-05,10M-50M,2026-03-20,169.2100067138672,193.1150054931641,168.2100067138672,170.58970642089844,168.02000427246094,10.06,10.0,10.15,223.0,0.5554243676757813,False,PLTR,28.91,-0.652023521272916,-0.12378633508178159,421256843697.0,-65.20235212729159,18165.0
NVDA260618P00140000,140.0,42427.0,空头卖 Put，看涨/看不跌,2.1185640497970435,PUT,76694.0,34267.0,18243610.0,4.21328830810595e-06,10M-50M,2026-06-18,186.8105926513672,182.93499755859372,187.07000732421875,189.1199951171875,186.00999450683597,4.3,4.2,4.3,806.0,0.4774222180175781,False,NVDA,5.35,-0.19626168224299062,0.021185640497970434,4330017000000.0,-19.62616822429906,42427.0
NVDA260417C00150000,150.0,4279.0,多头买 Call，看涨,2.1185640497970435,CALL,6872.0,2593.0,17950405.0,4.145573793359241e-06,10M-50M,2026-04-17,186.8105926513672,182.93499755859372,187.07000732421875,189.1199951171875,186.00999450683597,41.95,41.0,41.5,27.0,0.5280808911132813,True,NVDA,40.1,0.04613466334164592,0.021185640497970434,4330017000000.0,4.613466334164592,4279.0
MSFT260130C00460000,460.0,9474.0,空头卖 Call，看跌/看不涨,-2.7752085298737206,CALL,9497.0,23.0,17924808.0,4.7148619833201185e-06,10M-50M,2026-01-30,472.4249877929688,485.9100036621094,465.3049926757813,473.1000061035156,462.0,18.92,18.9,19.1,1157.0,0.5434615966796876,True,MSFT,34.76,-0.4556962025316455,-0.027752085298737208,3801767276203.0,-45.56962025316455,9474.0
NVDA270115C00230000,230.0,8486.0,多头买 Call，看涨,2.1185640497970435,CALL,25216.0,16730.0,17820600.0,4.115595851009361e-06,10M-50M,2027-01-15,186.8105926513672,182.93499755859372,187.07000732421875,189.1199951171875,186.00999450683597,21.0,20.9,21.05,6.0,0.4801077380371094,False,NVDA,20.22,0.038575667655786405,0.021185640497970434,4330017000000.0,3.8575667655786408,8486.0
TSLA260130P00435000,435.0,15520.0,多头买 Put，看跌,-11.205281544595117,PUT,15750.0,230.0,17770400.0,1.251006968673047e-05,10M-50M,2026-01-30,438.9700012207031,494.364990234375,445.0299987792969,445.0299987792969,436.7099914550781,11.45,11.45,11.55,7375.0,0.6561313684082033,False,TSLA,10.58,0.08223062381852544,-0.11205281544595116,1420487690716.0,8.223062381852545,15520.0
TSLA260417C00510000,510.0,10329.0,空头卖 Call，看跌/看不涨,-11.205281544595117,CALL,10732.0,403.0,17486997.0,1.2310558630174148e-05,10M-50M,2026-04-17,438.9700012207031,494.364990234375,445.0299987792969,445.0299987792969,436.7099914550781,16.93,17.25,17.4,15.0,0.4937489590454103,False,TSLA,55.3,-0.6938517179023508,-0.11205281544595116,1420487690716.0,-69.38517179023508,10329.0
NFLX260320P00110000,110.0,-7424.0,空头平仓 Put，回补，看跌信号减弱,-8.000430252636317,PUT,1426.0,8850.0,17468672.0,3.395798988504247e-05,10M-50M,2026-03-20,86.00579833984375,93.48500061035156,86.91000366210938,86.94000244140625,85.3499984741211,23.53,23.05,24.45,5.0,0.4233456103515625,True,NFLX,17.54,0.34150513112884845,-0.08000430252636317,514420083731.0,34.150513112884845,-7424.0
NFLX260821P00073000,73.0,48125.0,多头买 Put，看跌,-8.000430252636317,PUT,48157.0,32.0,17325000.0,3.367870063381812e-05,10M-50M,2026-08-21,86.00579833984375,93.48500061035156,86.91000366210938,86.94000244140625,85.3499984741211,3.6,3.45,3.65,6.0,0.3627993408203125,False,NFLX,3.0,0.20000000000000004,-0.08000430252636317,514420083731.0,20.000000000000004,48125.0
GOOGL260618C00320000,320.0,-4429.0,空头平仓 Call，回补信号，看涨,8.235286107723065,CALL,3963.0,8392.0,17188949.000000004,5.764902506687261e-06,10M-50M,2026-06-18,334.7500915527344,309.2799987792969,327.8099975585937,334.9800109863281,327.0,38.81,38.9,39.4,12.0,0.3846191909790039,True,GOOGL,27.45,0.4138433515482697,0.08235286107723065,2981654760000.0,41.38433515482697,-4429.0
PLTR260220C00160000,160.0,-10783.0,多头平仓 Call，减仓，看涨减弱,-12.37863350817816,CALL,17293.0,28076.0,17112621.0,4.0622772676682496e-05,10M-50M,2026-02-20,169.2100067138672,193.1150054931641,168.2100067138672,170.58970642089844,168.02000427246094,15.87,16.3,16.45,23.0,0.6381872119140625,True,PLTR,39.75,-0.6007547169811321,-0.12378633508178159,421256843697.0,-60.07547169811321,-10783.0
META270115P00720000,720.0,1482.0,空头卖 Put，看涨/看不跌,1.8905747608431493,PUT,1703.0,221.0,17065230.0,9.133580766515786e-06,10M-50M,2027-01-15,671.52001953125,659.0599975585938,665.2249755859375,674.97998046875,661.2855224609375,115.15,112.65,113.5,23.0,0.320197227783203,True,META,117.95,-0.023738872403560807,0.018905747608431493,1868405222031.0,-2.3738872403560807,1482.0
BABA260320C00155000,155.0,8277.0,多头买 Call，看涨,13.252811373151834,CALL,9563.0,1286.0,16967850.0,4.274144320721732e-05,10M-50M,2026-03-20,171.2949981689453,151.25010681152344,169.7899932861328,172.89999389648438,168.67999267578125,20.5,22.15,22.95,10.0,0.5118457019042968,True,BABA,10.0,1.05,0.13252811373151835,396988232656.0,105.0,8277.0
AMZN260618C00230000,230.0,6004.0,多头买 Call，看涨,5.18471414096742,CALL,16458.0,10454.0,16895256.0,7.208075507261307e-06,10M-50M,2026-06-18,239.9499969482422,228.12249755859372,239.97999572753903,240.9499969482422,237.5399932861328,28.14,27.8,28.2,28.0,0.389654541015625,True,AMZN,22.22,0.2664266426642665,0.0518471414096742,2343934380679.0,26.642664266426653,6004.0
UNH270115C00420000,420.0,-6510.0,空头平仓 Call，回补信号，看涨,7.150405665106835,CALL,1498.0,8008.0,16860900.0,5.410652007763068e-05,10M-50M,2027-01-15,349.67999267578125,326.3450012207031,353.95001220703125,354.7900085449219,347.2774963378906,25.9,23.5,25.4,1.0,0.3550632121276855,False,UNH,21.72,0.19244935543278086,0.07150405665106835,311624180890.0,19.244935543278086,-6510.0
AAPL270115C00300000,300.0,13034.0,空头卖 Call，看跌/看不涨,-6.297078450064497,CALL,35237.0,22203.0,16383738.0,4.32160204460229e-06,10M-50M,2027-01-15,254.9750061035156,272.1099853515625,251.47999572753903,255.5,249.8000030517578,12.57,12.5,12.65,527.0,0.2755046815490722,False,AAPL,21.1,-0.4042654028436019,-0.06297078450064497,3791126029400.0,-40.42654028436019,13034.0
GOOGL260220P00330000,330.0,13723.0,空头卖 Put，看涨/看不跌,8.235286107723065,PUT,14400.0,677.0,16193140.000000002,5.430923867255511e-06,10M-50M,2026-02-20,334.7500915527344,309.2799987792969,327.8099975585937,334.9800109863281,327.0,11.8,11.5,11.6,84.0,0.3914245428466796,False,GOOGL,28.56,-0.5868347338935573,0.08235286107723065,2981654760000.0,-58.68347338935573,13723.0
AAPL260618P00260000,260.0,8945.0,多头买 Put，看跌,-6.297078450064497,PUT,12230.0,3285.0,15922100.0,4.199834000907614e-06,10M-50M,2026-06-18,254.9750061035156,272.1099853515625,251.47999572753903,255.5,249.8000030517578,17.8,17.75,17.85,12.0,0.2360305889892577,True,AAPL,12.05,0.4771784232365145,-0.06297078450064497,3791126029400.0,47.717842323651446,8945.0
AMZN270115C00250000,250.0,5017.0,多头买 Call，看涨,5.18471414096742,CALL,18255.0,13238.0,15898873.000000002,6.782985535369106e-06,10M-50M,2027-01-15,239.9499969482422,228.12249755859372,239.97999572753903,240.9499969482422,237.5399932861328,31.69,31.55,31.75,201.0,0.3814759118652343,False,AMZN,26.6,0.1913533834586466,0.0518471414096742,2343934380679.0,19.13533834586466,5017.0
NVDA260320P00180000,180.0,18041.0,空头卖 Put，看涨/看不跌,2.1185640497970435,PUT,67230.0,49189.0,15876080.000000002,3.666516782728567e-06,10M-50M,2026-03-20,186.8105926513672,182.93499755859372,187.07000732421875,189.1199951171875,186.00999450683597,8.8,8.85,8.95,700.0,0.4298763067626954,False,NVDA,12.35,-0.28744939271255054,0.021185640497970434,4330017000000.0,-28.744939271255056,18041.0
MU260320C00320000,320.0,1865.0,多头买 Call，看涨,42.91124578171335,CALL,2800.0,935.0,15818929.999999998,8.987783051090727e-05,10M-50M,2026-03-20,389.4330139160156,272.4999084472656,395.6300048828125,398.0,384.2999877929688,84.82,85.6,87.65,24.0,0.8020344503784179,True,MU,16.94,4.007083825265643,0.4291124578171335,176004804634.0,400.7083825265643,1865.0
MU270115C00350000,350.0,1206.0,多头买 Call，看涨,42.91124578171335,CALL,1949.0,743.0,15798600.0,8.976232230053611e-05,10M-50M,2027-01-15,389.4330139160156,272.4999084472656,395.6300048828125,398.0,384.2999877929688,131.0,128.35,130.55,12.0,0.7649330757904054,True,MU,46.55,1.8141783029001075,0.4291124578171335,176004804634.0,181.41783029001076,1206.0
META260618C00690000,690.0,2565.0,多头买 Call，看涨,1.8905747608431493,CALL,3257.0,692.0,15790140.0,8.451132449113876e-06,10M-50M,2026-06-18,671.52001953125,659.0599975585938,665.2249755859375,674.97998046875,661.2855224609375,61.56,61.55,61.9,13.0,0.4154568952941894,False,META,56.35,0.09245785270629993,0.018905747608431493,1868405222031.0,9.245785270629993,2565.0
BA260220C00210000,210.0,-3900.0,空头平仓 Call，回补信号，看涨,15.734362909095474,CALL,6550.0,10450.0,15775500.0,9.429048048674697e-05,10M-50M,2026-02-20,250.4199981689453,216.3748016357422,251.4900054931641,251.5641021728516,247.40499877929688,40.45,40.4,41.9,8.0,0.5136767382812499,True,BA,14.95,1.7056856187290974,0.15734362909095473,167307451596.0,170.56856187290975,-3900.0
TSLA260618P00400000,400.0,4860.0,多头买 Put，看跌,-11.205281544595117,PUT,12561.0,7701.0,15649200.0,1.1016779731552609e-05,10M-50M,2026-06-18,438.9700012207031,494.364990234375,445.0299987792969,445.0299987792969,436.7099914550781,32.2,32.2,32.35,56.0,0.472112212524414,False,TSLA,28.79,0.11844390413337978,-0.11205281544595116,1420487690716.0,11.844390413337978,4860.0
GOOG260320C00340000,340.0,9853.0,多头买 Call，看涨,7.864809334236379,CALL,11480.0,1627.0,15617004.999999998,5.224135792670711e-06,10M-50M,2026-03-20,335.260009765625,310.81500244140625,328.20001220703125,335.57000732421875,327.489990234375,15.85,15.8,15.95,64.0,0.3522403643798828,False,GOOG,9.4,0.6861702127659574,0.07864809334236379,2989394920000.0,68.61702127659574,9853.0
JNJ260320C00220000,220.0,22382.0,多头买 Call，看涨,6.774548759212196,CALL,24757.0,2375.0,15555490.0,3.59413061890503e-05,10M-50M,2026-03-20,221.0500030517578,207.0249938964844,220.2100067138672,222.02999877929688,220.0,6.95,6.6,7.35,11.0,0.2013019323730468,True,JNJ,3.15,1.2063492063492065,0.06774548759212196,432802578687.0,120.63492063492065,22382.0
TSM270115C00370000,370.0,3538.0,多头买 Call，看涨,13.562221773921,CALL,3718.0,180.0,15475212.0,1.091499027688864e-05,10M-50M,2027-01-15,332.760009765625,293.0199890136719,332.7900085449219,334.17999267578125,330.2300109863281,43.74,42.9,43.7,3.0,0.4414423532104492,False,TSM,25.7,0.701945525291829,0.13562221773921,1417794391697.0,70.1945525291829,3538.0
PLTR260220P00170000,170.0,14190.0,多头买 Put，看跌,-12.37863350817816,PUT,20978.0,6788.0,15254250.0,3.6211281141754025e-05,10M-50M,2026-02-20,169.2100067138672,193.1150054931641,168.2100067138672,170.58970642089844,168.02000427246094,10.75,10.6,10.7,178.0,0.5682416223144531,True,PLTR,7.44,0.4448924731182795,-0.12378633508178159,421256843697.0,44.48924731182795,14190.0
TSLA260130C00460000,460.0,26111.0,空头卖 Call，看跌/看不涨,-11.205281544595117,CALL,26450.0,339.0,15013825.0,1.0569486168818716e-05,10M-50M,2026-01-30,438.9700012207031,494.364990234375,445.0299987792969,445.0299987792969,436.7099914550781,5.75,5.75,5.8,9171.0,0.6589389575195312,False,TSLA,54.33,-0.8941652862138781,-0.11205281544595116,1420487690716.0,-89.41652862138781,26111.0
BABA260320C00150000,150.0,5744.0,多头买 Call，看涨,13.252811373151834,CALL,11390.0,5646.0,14762079.999999998,3.718518279807981e-05,10M-50M,2026-03-20,171.2949981689453,151.25010681152344,169.7899932861328,172.89999389648438,168.67999267578125,25.7,25.65,26.4,25.0,0.513554669189453,True,BABA,12.2,1.1065573770491803,0.13252811373151835,396988232656.0,110.65573770491804,5744.0
BABA260320C00160000,160.0,7625.0,多头买 Call，看涨,13.252811373151834,CALL,16202.0,8577.0,14716250.0,3.706973857019079e-05,10M-50M,2026-03-20,171.2949981689453,151.25010681152344,169.7899932861328,172.89999389648438,168.67999267578125,19.3,18.85,19.4,102.0,0.500005,True,BABA,8.12,1.3768472906403944,0.13252811373151835,396988232656.0,137.68472906403943,7625.0
GOOGL270115C00350000,350.0,3272.0,多头买 Call，看涨,8.235286107723065,CALL,12957.0,9685.0,14681463.999999998,4.923931568791015e-06,10M-50M,2027-01-15,334.7500915527344,309.2799987792969,327.8099975585937,334.9800109863281,327.0,44.87,44.85,45.1,9.0,0.3911804046630859,False,GOOGL,33.05,0.3576399394856279,0.08235286107723065,2981654760000.0,35.76399394856279,3272.0
NVDA260220P00180000,180.0,33470.0,空头卖 Put，看涨/看不跌,2.1185640497970435,PUT,67712.0,34242.0,14392100.0,3.3237975740049057e-06,10M-50M,2026-02-20,186.8105926513672,182.93499755859372,187.07000732421875,189.1199951171875,186.00999450683597,4.3,4.3,4.35,4513.0,0.37305314453125,False,NVDA,8.65,-0.5028901734104047,0.021185640497970434,4330017000000.0,-50.28901734104046,33470.0
AMD260220C00240000,240.0,6187.0,多头买 Call，看涨,17.781399838657244,CALL,9534.0,3347.0,14291970.000000002,5.5228550513335236e-05,10M-50M,2026-02-20,252.6999969482422,214.5500030517578,256.7449951171875,258.2898864746094,250.30999755859372,23.1,23.1,23.35,199.0,0.6097451135253908,True,AMD,8.85,1.610169491525424,0.17781399838657244,258778654648.0,161.01694915254242,6187.0
FCX260320C00065000,65.0,38383.0,多头买 Call，看涨,22.3869492685865,CALL,38919.0,536.0,14201710.0,0.0002766804471257871,10M-50M,2026-03-20,62.08689880371094,50.72999954223633,63.415000915527344,63.57500076293945,61.88999938964844,3.7,3.65,3.75,3394.0,0.5161181201171875,False,FCX,0.48,6.708333333333334,0.22386949268586498,51328925291.0,670.8333333333334,38383.0
NVDA260220P00185000,185.0,22742.0,空头卖 Put，看涨/看不跌,2.1185640497970435,PUT,43107.0,20365.0,14122782.0,3.261599665774984e-06,10M-50M,2026-02-20,186.8105926513672,182.93499755859372,187.07000732421875,189.1199951171875,186.00999450683597,6.21,6.15,6.25,2404.0,0.3615786499023437,False,NVDA,11.0,-0.4354545454545455,0.021185640497970434,4330017000000.0,-43.54545454545455,22742.0
CRWD260821C00470000,470.0,2254.0,空头卖 Call，看跌/看不涨,-3.740616795730555,CALL,2283.0,29.0,14114547.999999998,0.00011682794868393634,10M-50M,2026-08-21,465.5199890136719,483.6099853515625,454.05999755859375,467.1531066894531,452.6600036621094,62.62,62.05,63.85,225.0,0.4713797979736328,False,CRWD,74.61,-0.16070231872403165,-0.03740616795730555,120814823499.0,-16.070231872403166,2254.0
MU260320C00340000,340.0,1899.0,多头买 Call，看涨,42.91124578171335,CALL,2353.0,454.0,14073488.999999998,7.996082282677259e-05,10M-50M,2026-03-20,389.4330139160156,272.4999084472656,395.6300048828125,398.0,384.2999877929688,74.11,71.15,71.95,141.0,0.7599816482543947,True,MU,12.65,4.858498023715415,0.4291124578171335,176004804634.0,485.84980237154156,1899.0
META260417C00650000,650.0,2260.0,多头买 Call，看涨,1.8905747608431493,CALL,3421.0,1161.0,14039119.999999998,7.513958874905706e-06,10M-50M,2026-04-17,671.52001953125,659.0599975585938,665.2249755859375,674.97998046875,661.2855224609375,62.12,61.9,62.55,343.0,0.4085905088806152,True,META,57.45,0.08128807658833759,0.018905747608431493,1868405222031.0,8.12880765883376,2260.0
AAPL270115C00220000,220.0,2623.0,空头卖 Call，看跌/看不涨,-6.297078450064497,CALL,7164.0,4541.0,13993705.000000002,3.6911737809504333e-06,10M-50M,2027-01-15,254.9750061035156,272.1099853515625,251.47999572753903,255.5,249.8000030517578,53.35,53.4,53.6,43.0,0.3579318357849121,True,AAPL,69.37,-0.23093556292345396,-0.06297078450064497,3791126029400.0,-23.093556292345397,2623.0
APP260618C00700000,700.0,2952.0,空头卖 Call，看跌/看不涨,-24.416269484028895,CALL,3943.0,991.0,13903920.000000002,6.136426267655732e-05,10M-50M,2026-06-18,551.594970703125,729.780029296875,532.7899780273438,558.3699951171875,530.5900268554688,47.1,45.5,47.9,10.0,0.6750063017272951,False,APP,151.9,-0.6899275839368005,-0.24416269484028894,226580087392.0,-68.99275839368005,2952.0
MU270115P00350000,350.0,1821.0,空头卖 Put，看涨/看不跌,42.91124578171335,PUT,1887.0,66.0,13757654.999999998,7.816636045026661e-05,10M-50M,2027-01-15,389.4330139160156,272.4999084472656,395.6300048828125,398.0,384.2999877929688,75.55,75.45,75.75,4.0,0.6583743879699708,False,MU,119.4,-0.3672529313232831,0.4291124578171335,176004804634.0,-36.72529313232831,1821.0
META260417C00680000,680.0,2938.0,多头买 Call，看涨,1.8905747608431493,CALL,3553.0,615.0,13720460.0,7.343407007332992e-06,10M-50M,2026-04-17,671.52001953125,659.0599975585938,665.2249755859375,674.97998046875,661.2855224609375,46.7,46.7,47.0,40.0,0.4000609310913086,False,META,44.55,0.048260381593715054,0.018905747608431493,1868405222031.0,4.826038159371506,2938.0
NVDA261218C00160000,160.0,2783.0,多头买 Call，看涨,2.1185640497970435,CALL,17566.0,14783.0,13636700.0,3.14934098411161e-06,10M-50M,2026-12-18,186.8105926513672,182.93499755859372,187.07000732421875,189.1199951171875,186.00999450683597,49.0,48.8,49.0,4.0,0.5220995056152342,True,NVDA,47.8,0.025104602510460313,0.021185640497970434,4330017000000.0,2.510460251046031,2783.0
MSFT270617C00515000,515.0,2705.0,空头卖 Call，看跌/看不涨,-2.7752085298737206,CALL,2897.0,192.0,13606150.0,3.578901340218039e-06,10M-50M,2027-06-17,472.4249877929688,485.9100036621094,465.3049926757813,473.1000061035156,462.0,50.3,52.55,53.05,12.0,0.3133232120513916,False,MSFT,61.3,-0.17944535073409462,-0.027752085298737208,3801767276203.0,-17.94453507340946,2705.0
SHOP260220C00140000,140.0,-16851.0,多头平仓 Call，减仓，看涨减弱,-19.289201919626173,CALL,23369.0,40220.0,13598757.0,7.462152407496453e-05,10M-50M,2026-02-20,137.85000610351562,170.7949981689453,136.72999572753906,138.13999938964844,135.84010314941406,8.07,8.05,8.5,69.0,0.6301306518554688,False,SHOP,36.95,-0.7815967523680649,-0.19289201919626173,182236387806.0,-78.15967523680649,-16851.0
MU260320C00300000,300.0,-1321.0,空头平仓 Call，回补信号，看涨,42.91124578171335,CALL,7624.0,8945.0,13474200.0,7.65558646425559e-05,10M-50M,2026-03-20,389.4330139160156,272.4999084472656,395.6300048828125,398.0,384.2999877929688,102.0,102.0,102.0,35.0,0.8283098223876952,True,MU,22.28,3.578096947935368,0.4291124578171335,176004804634.0,357.8096947935368,-1321.0
NVDA280121C00190000,190.0,2499.0,多头买 Call，看涨,2.1185640497970435,CALL,7240.0,4741.0,13444619.999999998,3.104980881137418e-06,10M-50M,2028-01-21,186.8105926513672,182.93499755859372,187.07000732421875,189.1199951171875,186.00999450683597,53.8,53.15,53.45,14.0,0.5293626165771486,False,NVDA,51.1,0.052837573385518505,0.021185640497970434,4330017000000.0,5.28375733855185,2499.0
BIDU260417C00125000,125.0,3775.0,多头买 Call，看涨,26.06766795942818,CALL,4952.0,1177.0,13401250.0,0.00029681045246846016,10M-50M,2026-04-17,156.97000122070312,124.5124969482422,158.00999450683594,159.10000610351562,155.34010314941406,35.5,34.3,36.15,6.0,0.5170946728515625,True,BIDU,12.8,1.7734374999999998,0.2606766795942818,45150869481.0,177.34374999999997,3775.0
TSLA260515P00400000,400.0,5001.0,多头买 Put，看跌,-11.205281544595117,PUT,8560.0,3559.0,13377675.0,9.41766344575429e-06,10M-50M,2026-05-15,438.9700012207031,494.364990234375,445.0299987792969,445.0299987792969,436.7099914550781,26.75,26.75,26.9,163.0,0.476644027557373,False,TSLA,24.05,0.11226611226611223,-0.11205281544595116,1420487690716.0,11.226611226611222,5001.0
BABA260220C00170000,170.0,13752.0,多头买 Call，看涨,13.252811373151834,CALL,19334.0,5582.0,13353192.000000002,3.3636241333054494e-05,10M-50M,2026-02-20,171.2949981689453,151.25010681152344,169.7899932861328,172.89999389648438,168.67999267578125,9.71,9.35,9.65,223.0,0.4950001672363281,True,BABA,3.19,2.0438871473354236,0.13252811373151835,396988232656.0,204.38871473354237,13752.0
BMNR270115C00028000,28.0,-12460.0,多头平仓 Call，减仓，看涨减弱,-10.602176613522579,CALL,20097.0,32557.0,13332200.0,0.06134824702245628,10M-50M,2027-01-15,27.90999984741211,31.21999931335449,27.75,28.739999771118164,27.540000915527344,10.7,10.45,10.7,631.0,1.0051319274902344,False,BMNR,15.1,-0.29139072847682124,-0.10602176613522579,217319983.0,-29.139072847682122,-12460.0
MU260220C00280000,280.0,1156.0,多头买 Call，看涨,42.91124578171335,CALL,3003.0,1847.0,13060488.0,7.420529244732345e-05,10M-50M,2026-02-20,389.4330139160156,272.4999084472656,395.6300048828125,398.0,384.2999877929688,112.98,112.65,114.95,5.0,0.9899903344726562,True,MU,21.7,4.206451612903226,0.4291124578171335,176004804634.0,420.6451612903226,1156.0
APP260220P00700000,700.0,816.0,多头买 Put，看跌,-24.416269484028895,PUT,922.0,106.0,12928704.0,5.7060195133707416e-05,10M-50M,2026-02-20,551.594970703125,729.780029296875,532.7899780273438,558.3699951171875,530.5900268554688,158.44,153.0,164.0,1.0,0.8363053479003906,True,APP,60.75,1.608065843621399,-0.24416269484028894,226580087392.0,160.80658436213992,816.0
PYPL270115C00050000,50.0,9849.0,空头卖 Call，看跌/看不涨,-5.569369316050662,CALL,11409.0,1560.0,12902190.0,0.00020066560944979417,10M-50M,2027-01-15,56.970001220703125,60.33000183105469,56.560001373291016,57.119998931884766,56.494998931884766,13.1,12.8,13.05,104.0,0.438482177734375,True,PYPL,16.41,-0.20170627666057284,-0.055693693160506624,64296966657.0,-20.170627666057285,9849.0
TSLA261218P00480000,480.0,1258.0,多头买 Put，看跌,-11.205281544595117,PUT,4226.0,2968.0,12850470.000000002,9.046519786118452e-06,10M-50M,2026-12-18,438.9700012207031,494.364990234375,445.0299987792969,445.0299987792969,436.7099914550781,102.15,101.8,102.2,2.0,0.4653373779296875,True,TSLA,90.15,0.13311148086522462,-0.11205281544595116,1420487690716.0,13.311148086522461,1258.0
TSLA260320P00440000,440.0,4189.0,多头买 Put，看跌,-11.205281544595117,PUT,5929.0,1740.0,12780639.0,8.997359909227999e-06,10M-50M,2026-03-20,438.9700012207031,494.364990234375,445.0299987792969,445.0299987792969,436.7099914550781,30.51,30.4,30.55,280.0,0.4455621850585937,True,TSLA,23.98,0.2723102585487907,-0.11205281544595116,1420487690716.0,27.23102585487907,4189.0
TSM270115C00350000,350.0,2468.0,多头买 Call，看涨,13.562221773921,CALL,3419.0,951.0,12737348.0,8.98391760793629e-06,10M-50M,2027-01-15,332.760009765625,293.0199890136719,332.7900085449219,334.17999267578125,330.2300109863281,51.61,50.45,52.8,4.0,0.458287887878418,False,TSM,31.2,0.6541666666666667,0.13562221773921,1417794391697.0,65.41666666666667,2468.0
MRK260417C00110000,110.0,-28890.0,空头平仓 Call，回补信号，看涨,3.2643831874174856,CALL,2605.0,31495.0,12711600.000000002,6.478045609766884e-05,10M-50M,2026-04-17,107.08000183105467,103.69499969482422,107.8000030517578,108.41999816894533,107.05999755859376,4.4,4.3,4.45,43.0,0.281135118408203,False,MRK,3.86,0.13989637305699495,0.032643831874174856,196225849056.0,13.989637305699496,-28890.0
SHOP260320P00145000,145.0,7937.0,多头买 Put，看跌,-19.289201919626173,PUT,8649.0,712.0,12643641.0,6.938044126214686e-05,10M-50M,2026-03-20,137.85000610351562,170.7949981689453,136.72999572753906,138.13999938964844,135.84010314941406,15.93,15.45,16.25,14.0,0.5512129840087892,True,SHOP,6.55,1.4320610687022899,-0.19289201919626173,182236387806.0,143.20610687022898,7937.0
BMNR270115C00025000,25.0,10893.0,空头卖 Call，看跌/看不涨,-10.602176613522579,CALL,31138.0,20245.0,12635880.0,0.05814412381948327,10M-50M,2027-01-15,27.90999984741211,31.21999931335449,27.75,28.739999771118164,27.540000915527344,11.6,11.45,11.75,30.0,1.0092822973632811,True,BMNR,16.02,-0.2759051186017478,-0.10602176613522579,217319983.0,-27.590511860174782,10893.0
PLTR260220C00180000,180.0,19081.0,空头卖 Call，看跌/看不涨,-12.37863350817816,CALL,24389.0,5308.0,12593460.0,2.9894968327347046e-05,10M-50M,2026-02-20,169.2100067138672,193.1150054931641,168.2100067138672,170.58970642089844,168.02000427246094,6.6,6.6,6.7,322.0,0.6047402807617189,False,PLTR,25.7,-0.7431906614785992,-0.12378633508178159,421256843697.0,-74.31906614785993,19081.0
TSLA270115C00500000,500.0,1694.0,空头卖 Call，看跌/看不涨,-11.205281544595117,CALL,16331.0,14637.0,12535600.0,8.824856478468604e-06,10M-50M,2027-01-15,438.9700012207031,494.364990234375,445.0299987792969,445.0299987792969,436.7099914550781,74.0,73.65,74.05,80.0,0.5568281622314455,False,TSLA,118.7,-0.37657961246840777,-0.11205281544595116,1420487690716.0,-37.65796124684078,1694.0
TSLA280121P00510000,510.0,792.0,多头买 Put，看跌,-11.205281544595117,PUT,1170.0,378.0,12509640.0,8.80658106491193e-06,10M-50M,2028-01-21,438.9700012207031,494.364990234375,445.0299987792969,445.0299987792969,436.7099914550781,157.95,157.65,158.6,2.0,0.4575173267364503,True,TSLA,152.05,0.038803025320618065,-0.11205281544595116,1420487690716.0,3.8803025320618065,792.0
AAPL260130C00220000,220.0,3538.0,空头卖 Call，看跌/看不涨,-6.297078450064497,CALL,3551.0,13.0,12460836.0,3.286842986323012e-06,10M-50M,2026-01-30,254.9750061035156,272.1099853515625,251.47999572753903,255.5,249.8000030517578,35.22,34.55,35.25,1136.0,0.6875031250000001,True,AAPL,52.43,-0.32824718672515735,-0.06297078450064497,3791126029400.0,-32.824718672515736,3538.0
AVGO280121C00350000,350.0,1393.0,空头卖 Call，看跌/看不涨,-4.434311329577715,CALL,5760.0,4367.0,12411629.999999998,7.856591928493716e-06,10M-50M,2028-01-21,324.7799987792969,339.8500061035156,319.95001220703125,328.010009765625,317.6000061035156,89.1,86.05,89.65,1.0,0.5394027993774416,False,AVGO,97.8,-0.08895705521472395,-0.04434311329577715,1579772770810.0,-8.895705521472395,1393.0
AAPL260618P00240000,240.0,12642.0,多头买 Put，看跌,-6.297078450064497,PUT,16362.0,3720.0,12389160.0,3.2679367301225705e-06,10M-50M,2026-06-18,254.9750061035156,272.1099853515625,251.47999572753903,255.5,249.8000030517578,9.8,9.85,9.95,8196.0,0.2642590664672851,False,AAPL,6.6,0.48484848484848503,-0.06297078450064497,3791126029400.0,48.484848484848506,12642.0
ET280121C00013000,13.0,23780.0,多头买 Call，看涨,10.377651519144345,CALL,31056.0,7276.0,12318040.0,0.00020552462160252366,10M-50M,2028-01-21,17.975000381469727,16.28499984741211,18.040000915527344,18.11000061035156,17.959999084472656,5.18,4.9,5.65,103.0,0.2768627001953124,True,ET,3.6,0.4388888888888888,0.10377651519144346,59934619531.0,43.88888888888888,23780.0
TSLA261218C00500000,500.0,1757.0,空头卖 Call，看跌/看不涨,-11.205281544595117,CALL,8192.0,6435.0,12237505.0,8.615002495256864e-06,10M-50M,2026-12-18,438.9700012207031,494.364990234375,445.0299987792969,445.0299987792969,436.7099914550781,69.65,69.6,70.0,42.0,0.5558592388153077,False,TSLA,113.95,-0.38876700307152257,-0.11205281544595116,1420487690716.0,-38.876700307152255,1757.0
TSLA260130P00445000,445.0,7321.0,多头买 Put，看跌,-11.205281544595117,PUT,7571.0,250.0,12152860.0,8.55541380571508e-06,10M-50M,2026-01-30,438.9700012207031,494.364990234375,445.0299987792969,445.0299987792969,436.7099914550781,16.6,16.65,16.8,7166.0,0.6536899865722658,True,TSLA,13.34,0.2443778110944529,-0.11205281544595116,1420487690716.0,24.43778110944529,7321.0
TSLA260320P00450000,450.0,3309.0,多头买 Put，看跌,-11.205281544595117,PUT,6630.0,3321.0,12077850.0,8.502607997899744e-06,10M-50M,2026-03-20,438.9700012207031,494.364990234375,445.0299987792969,445.0299987792969,436.7099914550781,36.5,36.05,36.2,183.0,0.4454706332397461,True,TSLA,27.4,0.332116788321168,-0.11205281544595116,1420487690716.0,33.211678832116796,3309.0
META260515C00730000,730.0,3116.0,多头买 Call，看涨,1.8905747608431493,CALL,10605.0,7489.0,12043340.0,6.445785880917529e-06,10M-50M,2026-05-15,671.52001953125,659.0599975585938,665.2249755859375,674.97998046875,661.2855224609375,38.65,38.8,39.1,31.0,0.4186306916809082,False,META,36.3,0.06473829201101933,0.018905747608431493,1868405222031.0,6.473829201101933,3116.0
TSLA280616C00500000,500.0,862.0,空头卖 Call，看跌/看不涨,-11.205281544595117,CALL,2072.0,1210.0,12023176.0,8.464118400026185e-06,10M-50M,2028-06-16,438.9700012207031,494.364990234375,445.0299987792969,445.0299987792969,436.7099914550781,139.48,138.2,140.2,2.0,0.6014901911926271,False,TSLA,187.9,-0.25769026077700913,-0.11205281544595116,1420487690716.0,-25.769026077700914,862.0
XP270115C00017000,17.0,28430.0,多头买 Call，看涨,27.020439528950323,CALL,44346.0,15916.0,11940600.0,0.001183079619653498,10M-50M,2027-01-15,20.18989944458008,15.895000457763672,20.09000015258789,20.2775993347168,19.915000915527344,4.2,5.4,6.0,6.0,0.5405319384765627,True,XP,2.88,0.4583333333333334,0.27020439528950324,10092811846.0,45.83333333333334,28430.0
BABA260220C00165000,165.0,10155.0,多头买 Call，看涨,13.252811373151834,CALL,15187.0,5032.0,11932125.0,3.0056621376834306e-05,10M-50M,2026-02-20,171.2949981689453,151.25010681152344,169.7899932861328,172.89999389648438,168.67999267578125,11.75,11.65,12.45,33.0,0.5004322418212892,True,BABA,4.2,1.7976190476190474,0.13252811373151835,396988232656.0,179.76190476190476,10155.0
GOOG260515P00305000,305.0,9130.0,空头卖 Put，看涨/看不跌,7.864809334236379,PUT,9139.0,9.0,11914650.0,3.985639341355407e-06,10M-50M,2026-05-15,335.260009765625,310.81500244140625,328.20001220703125,335.57000732421875,327.489990234375,13.05,12.8,12.95,15.0,0.3610293389892578,False,GOOG,25.02,-0.4784172661870503,0.07864809334236379,2989394920000.0,-47.84172661870503,9130.0
NVDA260918C00175000,175.0,3414.0,多头买 Call，看涨,2.1185640497970435,CALL,6582.0,3168.0,11880720.0,2.743804470051734e-06,10M-50M,2026-09-18,186.8105926513672,182.93499755859372,187.07000732421875,189.1199951171875,186.00999450683597,34.8,34.8,35.0,23.0,0.4974110317993164,True,NVDA,34.01,0.02322846221699498,0.021185640497970434,4330017000000.0,2.322846221699498,3414.0
AMZN260515C00250000,250.0,7706.0,多头买 Call，看涨,5.18471414096742,CALL,19493.0,11787.0,11867240.0,5.062957435080692e-06,10M-50M,2026-05-15,239.9499969482422,228.12249755859372,239.97999572753903,240.9499969482422,237.5399932861328,15.4,15.3,15.4,246.0,0.3739686627197265,False,AMZN,11.7,0.31623931623931634,0.0518471414096742,2343934380679.0,31.623931623931632,7706.0
GOOGL260417C00330000,330.0,4843.0,多头买 Call，看涨,8.235286107723065,CALL,6189.0,1346.0,11865350.0,3.979451329905143e-06,10M-50M,2026-04-17,334.7500915527344,309.2799987792969,327.8099975585937,334.9800109863281,327.0,24.5,24.45,24.6,113.0,0.3525150198364257,True,GOOGL,15.75,0.5555555555555556,0.08235286107723065,2981654760000.0,55.55555555555556,4843.0
GFS260417C00045000,45.0,28918.0,多头买 Call，看涨,22.81901857071318,CALL,30241.0,1323.0,11856379.999999998,0.0006025144403168822,10M-50M,2026-04-17,44.5526008605957,36.275001525878906,43.619998931884766,44.65999984741211,43.130001068115234,4.1,4.0,4.2,93.0,0.5114794946289063,False,GFS,1.15,2.5652173913043477,0.2281901857071318,19678167371.0,256.52173913043475,28918.0
TSM260220P00320000,320.0,19723.0,空头卖 Put，看涨/看不跌,13.562221773921,PUT,20087.0,364.0,11833800.0,8.346626329813434e-06,10M-50M,2026-02-20,332.760009765625,293.0199890136719,332.7900085449219,334.17999267578125,330.2300109863281,6.0,5.8,6.1,1092.0,0.3263006823730469,False,TSM,32.16,-0.8134328358208955,0.13562221773921,1417794391697.0,-81.34328358208955,19723.0
WMT260320C00115000,115.0,16684.0,多头买 Call，看涨,4.826755444417906,CALL,23870.0,7186.0,11678800.0,1.4199505922176454e-05,10M-50M,2026-03-20,118.1449966430664,112.70500183105467,117.80999755859376,118.8499984741211,117.5199966430664,7.0,6.95,7.1,75.0,0.3010323803710937,True,WMT,4.86,0.44032921810699577,0.048267554444179066,822479321746.0,44.03292181069958,16684.0
NFLX260320C00085000,85.0,23025.0,空头卖 Call，看跌/看不涨,-8.000430252636317,CALL,23395.0,370.0,11627625.0,2.2603365163480485e-05,10M-50M,2026-03-20,86.00579833984375,93.48500061035156,86.91000366210938,86.94000244140625,85.3499984741211,5.05,5.05,5.1,439.0,0.3494938098144531,True,NFLX,12.4,-0.592741935483871,-0.08000430252636317,514420083731.0,-59.2741935483871,23025.0
BE260618C00105000,105.0,2060.0,多头买 Call，看涨,56.05061224920851,CALL,2234.0,174.0,11536000.0,0.0007010747011472335,10M-50M,2026-06-18,144.3000030517578,92.47000122070312,142.0,147.6300048828125,138.65049743652344,56.0,55.65,58.4,1.0,1.1135298229980468,True,BE,22.9,1.4454148471615722,0.5605061224920851,16454737250.0,144.5414847161572,2060.0
TSM260515P00320000,320.0,5766.0,空头卖 Put，看涨/看不跌,13.562221773921,PUT,5873.0,107.0,11526234.0,8.129693605434502e-06,10M-50M,2026-05-15,332.760009765625,293.0199890136719,332.7900085449219,334.17999267578125,330.2300109863281,19.99,19.35,20.65,5.0,0.3717103845214844,False,TSM,47.95,-0.5831074035453598,0.13562221773921,1417794391697.0,-58.31074035453598,5766.0
AVGO260618P00300000,300.0,4259.0,多头买 Put，看跌,-4.434311329577715,PUT,9392.0,5133.0,11499300.0,7.2790848231318365e-06,10M-50M,2026-06-18,324.7799987792969,339.8500061035156,319.95001220703125,328.010009765625,317.6000061035156,27.0,25.75,26.0,2.0,0.4763541134643554,False,AVGO,23.77,0.13588557004627683,-0.04434311329577715,1579772770810.0,13.588557004627683,4259.0
NVDA260220C00135000,135.0,2193.0,多头买 Call，看涨,2.1185640497970435,CALL,3010.0,817.0,11491320.0,2.653874107191727e-06,10M-50M,2026-02-20,186.8105926513672,182.93499755859372,187.07000732421875,189.1199951171875,186.00999450683597,52.4,52.15,52.75,3.0,0.7182645361328125,True,NVDA,50.2,0.043824701195219036,0.021185640497970434,4330017000000.0,4.382470119521904,2193.0
VALE260618C00015000,15.0,64878.0,多头买 Call，看涨,20.904599436117845,CALL,97894.0,33016.0,11483406.0,0.0002514104308437527,10M-50M,2026-06-18,15.904999732971191,13.154999732971191,16.270000457763672,16.350000381469727,15.880000114440918,1.77,1.75,1.86,97.0,0.3520572607421874,True,VALE,0.39,3.538461538461538,0.20904599436117846,45675933021.0,353.8461538461538,64878.0
TSLA260515C00470000,470.0,3074.0,空头卖 Call，看跌/看不涨,-11.205281544595117,CALL,7362.0,4288.0,11472168.0,8.076217819400765e-06,10M-50M,2026-05-15,438.9700012207031,494.364990234375,445.0299987792969,445.0299987792969,436.7099914550781,37.32,37.25,37.4,38.0,0.5180712255859375,False,TSLA,82.55,-0.5479103573591763,-0.11205281544595116,1420487690716.0,-54.791035735917625,3074.0
MSFT280121C00350000,350.0,707.0,空头卖 Call，看跌/看不涨,-2.7752085298737206,CALL,764.0,57.0,11453400.0,3.0126515296430867e-06,10M-50M,2028-01-21,472.4249877929688,485.9100036621094,465.3049926757813,473.1000061035156,462.0,162.0,160.15,162.0,4.0,0.3856415196228026,True,MSFT,176.9,-0.08422837761447148,-0.027752085298737208,3801767276203.0,-8.422837761447148,707.0
AVGO260220P00350000,350.0,3766.0,多头买 Put，看跌,-4.434311329577715,PUT,6307.0,2541.0,11369554.0,7.1969552900766015e-06,10M-50M,2026-02-20,324.7799987792969,339.8500061035156,319.95001220703125,328.010009765625,317.6000061035156,30.19,29.75,30.05,40.0,0.391058335571289,True,AVGO,26.55,0.13709981167608287,-0.04434311329577715,1579772770810.0,13.709981167608287,3766.0
MU260417C00350000,350.0,1555.0,多头买 Call，看涨,42.91124578171335,CALL,2197.0,642.0,11351500.0,6.44953984273629e-05,10M-50M,2026-04-17,389.4330139160156,272.4999084472656,395.6300048828125,398.0,384.2999877929688,73.0,73.9,74.9,60.0,0.7532678482055665,True,MU,15.16,3.815303430079156,0.4291124578171335,176004804634.0,381.5303430079156,1555.0
SOUN260417P00012000,12.0,43046.0,多头买 Put，看跌,-10.481944124910852,PUT,47807.0,4761.0,11321098.0,0.0017421041582179797,10M-50M,2026-04-17,10.045000076293944,11.221199989318848,10.270000457763672,10.324999809265137,10.020000457763672,2.63,2.73,2.8,6501.0,0.7744163183593751,True,SOUN,2.46,0.06910569105691054,-0.10481944124910852,6498519590.0,6.910569105691054,43046.0
COIN260320P00260000,260.0,2220.0,多头买 Put，看跌,-14.706468788280283,PUT,3751.0,1531.0,11204340.0,0.00013950269384511673,10M-50M,2026-03-20,213.5749969482422,250.3999938964844,212.10499572753903,215.63999938964844,210.88999938964844,50.47,49.85,52.45,3.0,0.549381947631836,True,COIN,31.5,0.6022222222222222,-0.14706468788280283,80316298497.0,60.22222222222222,2220.0
BABA260320C00180000,180.0,11688.0,多头买 Call，看涨,13.252811373151834,CALL,24432.0,12744.0,11162040.0,2.8116803174043146e-05,10M-50M,2026-03-20,171.2949981689453,151.25010681152344,169.7899932861328,172.89999389648438,168.67999267578125,9.55,9.6,9.75,782.0,0.5049487982177734,False,BABA,3.5,1.7285714285714289,0.13252811373151835,396988232656.0,172.8571428571429,11688.0
NVDA271217C00200000,200.0,-2318.0,空头平仓 Call，回补信号，看涨,2.1185640497970435,CALL,38710.0,41028.0,11126400.0,2.569597301811979e-06,10M-50M,2027-12-17,186.8105926513672,182.93499755859372,187.07000732421875,189.1199951171875,186.00999450683597,48.0,47.9,48.3,261.0,0.5237474383544922,False,NVDA,45.85,0.04689203925845144,0.021185640497970434,4330017000000.0,4.689203925845144,-2318.0
BABA260618C00160000,160.0,4273.0,多头买 Call，看涨,13.252811373151834,CALL,8145.0,3872.0,11088435.0,2.7931394655741346e-05,10M-50M,2026-06-18,171.2949981689453,151.25010681152344,169.7899932861328,172.89999389648438,168.67999267578125,25.95,25.8,26.25,280.0,0.4862111926269531,True,BABA,13.2,0.9659090909090909,0.13252811373151835,396988232656.0,96.5909090909091,4273.0
TSLA260320C00500000,500.0,8925.0,空头卖 Call，看跌/看不涨,-11.205281544595117,CALL,23613.0,14688.0,11058075.0,7.784703149681045e-06,10M-50M,2026-03-20,438.9700012207031,494.364990234375,445.0299987792969,445.0299987792969,436.7099914550781,12.39,12.35,12.5,1435.0,0.4851736053466796,False,TSLA,50.65,-0.7553800592300098,-0.11205281544595116,1420487690716.0,-75.53800592300098,8925.0
TSM261218C00310000,310.0,-1684.0,空头平仓 Call，回补信号，看涨,13.562221773921,CALL,497.0,2181.0,11013360.0,7.767952860088396e-06,10M-50M,2026-12-18,332.760009765625,293.0199890136719,332.7900085449219,334.17999267578125,330.2300109863281,65.4,65.4,67.9,1.0,0.4634300483703613,True,TSM,38.13,0.7151848937844217,0.13562221773921,1417794391697.0,71.51848937844217,-1684.0
TSLA260220C00440000,440.0,4915.0,空头卖 Call，看跌/看不涨,-11.205281544595117,CALL,7153.0,2238.0,10985025.0,7.733277149668909e-06,10M-50M,2026-02-20,438.9700012207031,494.364990234375,445.0299987792969,445.0299987792969,436.7099914550781,22.35,22.3,22.45,1585.0,0.4911549908447266,False,TSLA,75.25,-0.7029900332225913,-0.11205281544595116,1420487690716.0,-70.29900332225914,4915.0
PLTR270115P00150000,150.0,4565.0,多头买 Put，看跌,-12.37863350817816,PUT,7121.0,2556.0,10956000.0,2.6007886076933127e-05,10M-50M,2027-01-15,169.2100067138672,193.1150054931641,168.2100067138672,170.58970642089844,168.02000427246094,24.0,23.8,24.0,13.0,0.5258836474609375,False,PLTR,21.5,0.11627906976744186,-0.12378633508178159,421256843697.0,11.627906976744185,4565.0
AVGO270115P00350000,350.0,1506.0,多头买 Put，看跌,-4.434311329577715,PUT,2735.0,1229.0,10918500.0,6.9114370128064275e-06,10M-50M,2027-01-15,324.7799987792969,339.8500061035156,319.95001220703125,328.010009765625,317.6000061035156,72.5,70.55,71.0,1.0,0.436956314086914,True,AVGO,64.9,0.11710323574730344,-0.04434311329577715,1579772770810.0,11.710323574730344,1506.0
MSFT260320C00470000,470.0,4851.0,空头卖 Call，看跌/看不涨,-2.7752085298737206,CALL,5753.0,902.0,10914750.0,2.8709674230509615e-06,10M-50M,2026-03-20,472.4249877929688,485.9100036621094,465.3049926757813,473.1000061035156,462.0,22.5,22.8,23.0,1248.0,0.3014901394653321,True,MSFT,35.05,-0.3580599144079885,-0.027752085298737208,3801767276203.0,-35.80599144079885,4851.0
MSFT271217P00580000,580.0,734.0,多头买 Put，看跌,-2.7752085298737206,PUT,905.0,171.0,10907240.0,2.8689920259647148e-06,10M-50M,2027-12-17,472.4249877929688,485.9100036621094,465.3049926757813,473.1000061035156,462.0,148.6,125.5,126.45,2.0,0.2000049482727051,True,MSFT,116.64,0.2740054869684499,-0.027752085298737208,3801767276203.0,27.40054869684499,734.0
CRWV260220C00100000,100.0,9632.0,多头买 Call，看涨,19.266232354169478,CALL,15595.0,5963.0,10884160.0,0.00018512112947128038,10M-50M,2026-02-20,101.5551986694336,85.1500015258789,101.81999969482422,108.6500015258789,100.61000061035156,11.3,10.7,11.3,1477.0,0.9553227124023438,True,CRWV,6.91,0.6353111432706223,0.1926623235416948,58794801172.0,63.531114327062234,9632.0
MU260130C00310000,310.0,1244.0,多头买 Call，看涨,42.91124578171335,CALL,1339.0,95.0,10875048.0,6.178835869063085e-05,10M-50M,2026-01-30,389.4330139160156,272.4999084472656,395.6300048828125,398.0,384.2999877929688,87.42,80.45,82.9,22.0,1.425295842285156,True,MU,7.45,10.734228187919463,0.4291124578171335,176004804634.0,1073.4228187919464,1244.0
AAPL260220C00220000,220.0,3041.0,空头卖 Call，看跌/看不涨,-6.297078450064497,CALL,6508.0,3467.0,10871575.0,2.86763745538699e-06,10M-50M,2026-02-20,254.9750061035156,272.1099853515625,251.47999572753903,255.5,249.8000030517578,35.75,35.75,35.9,23.0,0.3952697192382813,True,AAPL,54.17,-0.3400406128853609,-0.06297078450064497,3791126029400.0,-34.00406128853609,3041.0
AMD260130C00235000,235.0,5302.0,多头买 Call，看涨,17.781399838657244,CALL,5636.0,334.0,10869100.0,4.200153221595707e-05,10M-50M,2026-01-30,252.6999969482422,214.5500030517578,256.7449951171875,258.2898864746094,250.30999755859372,20.5,20.0,20.3,186.0,0.7341335180664061,True,AMD,5.8,2.5344827586206895,0.17781399838657244,258778654648.0,253.44827586206895,5302.0
NVDA270115C00210000,210.0,3962.0,多头买 Call，看涨,2.1185640497970435,CALL,25377.0,21415.0,10847956.0,2.5052917806096374e-06,10M-50M,2027-01-15,186.8105926513672,182.93499755859372,187.07000732421875,189.1199951171875,186.00999450683597,27.38,27.05,27.2,7.0,0.487309814453125,False,NVDA,26.23,0.04384292794510097,0.021185640497970434,4330017000000.0,4.384292794510097,3962.0
BMNR270115C00022500,22.5,8113.0,空头卖 Call，看跌/看不涨,-10.602176613522579,CALL,9497.0,1384.0,10733499.0,0.049390299280485404,10M-50M,2027-01-15,27.90999984741211,31.21999931335449,27.75,28.739999771118164,27.540000915527344,13.23,12.4,12.95,622.0,1.0273486132812502,True,BMNR,16.9,-0.21715976331360937,-0.10602176613522579,217319983.0,-21.715976331360938,8113.0
TSLA260130C00440000,440.0,8113.0,空头卖 Call，看跌/看不涨,-11.205281544595117,CALL,8325.0,212.0,10668595.0,7.510515627645088e-06,10M-50M,2026-01-30,438.9700012207031,494.364990234375,445.0299987792969,445.0299987792969,436.7099914550781,13.15,13.15,13.2,29118.0,0.6673617248535157,False,TSLA,67.42,-0.80495401957876,-0.11205281544595116,1420487690716.0,-80.495401957876,8113.0
XOM260417C00135000,135.0,18854.0,多头买 Call，看涨,13.619827932335966,CALL,21098.0,2244.0,10652510.0,2.1316197540313033e-05,10M-50M,2026-04-17,134.30999755859375,118.20999908447266,136.92999267578125,136.93980407714844,134.1699981689453,5.65,5.55,5.75,330.0,0.2392043853759765,False,XOM,0.89,5.348314606741574,0.13619827932335965,499737815802.0,534.8314606741574,18854.0
GOOG260320P00320000,320.0,9292.0,空头卖 Put，看涨/看不跌,7.864809334236379,PUT,9702.0,410.0,10639340.0,3.559027925289978e-06,10M-50M,2026-03-20,335.260009765625,310.81500244140625,328.20001220703125,335.57000732421875,327.489990234375,11.45,11.25,11.35,27.0,0.3573672662353515,False,GOOG,26.9,-0.5743494423791822,0.07864809334236379,2989394920000.0,-57.43494423791822,9292.0
IREN260320C00040000,40.0,-5821.0,空头平仓 Call，回补信号，看涨,28.085313561628293,CALL,7856.0,13677.0,10588399.0,0.0009300222013379559,10M-50M,2026-03-20,53.45000076293945,41.72999954223633,56.13899993896485,57.04560089111328,53.02000045776367,18.19,16.7,17.8,8.0,1.2661169506835934,True,IREN,9.35,0.9454545454545457,0.28085313561628295,11385103479.0,94.54545454545456,-5821.0
GOOG260220C00330000,330.0,6583.0,多头买 Call，看涨,7.864809334236379,CALL,10462.0,3879.0,10532800.0,3.5233886060126174e-06,10M-50M,2026-02-20,335.260009765625,310.81500244140625,328.20001220703125,335.57000732421875,327.489990234375,16.0,15.95,16.0,289.0,0.3734193518066406,True,GOOG,9.9,0.6161616161616161,0.07864809334236379,2989394920000.0,61.61616161616161,6583.0
TSLA260130P00450000,450.0,5341.0,多头买 Put，看跌,-11.205281544595117,PUT,5792.0,451.0,10495065.0,7.388353358211741e-06,10M-50M,2026-01-30,438.9700012207031,494.364990234375,445.0299987792969,445.0299987792969,436.7099914550781,19.65,19.7,19.8,5200.0,0.6514317083740235,True,TSLA,14.54,0.3514442916093535,-0.11205281544595116,1420487690716.0,35.144429160935346,5341.0
META260618C00655000,655.0,1369.0,多头买 Call，看涨,1.8905747608431493,CALL,1729.0,360.0,10493385.0,5.6162254720062526e-06,10M-50M,2026-06-18,671.52001953125,659.0599975585938,665.2249755859375,674.97998046875,661.2855224609375,76.65,78.55,79.2,20.0,0.4256496644592285,True,META,73.55,0.04214819850441888,0.018905747608431493,1868405222031.0,4.214819850441888,1369.0
AVGO260130C00250000,250.0,1343.0,空头卖 Call，看跌/看不涨,-4.434311329577715,CALL,1435.0,92.0,10475400.0,6.630953636850525e-06,10M-50M,2026-01-30,324.7799987792969,339.8500061035156,319.95001220703125,328.010009765625,317.6000061035156,78.0,74.15,76.4,20.0,1.1640666796875,True,AVGO,92.37,-0.15556999025657686,-0.04434311329577715,1579772770810.0,-15.556999025657687,1343.0
GOOGL270115C00310000,310.0,1626.0,多头买 Call，看涨,8.235286107723065,CALL,3784.0,2158.0,10373879.999999998,3.479235805288201e-06,10M-50M,2027-01-15,334.7500915527344,309.2799987792969,327.8099975585937,334.9800109863281,327.0,63.8,64.5,64.8,1.0,0.408712577972412,True,GOOGL,49.85,0.2798395185556669,0.08235286107723065,2981654760000.0,27.98395185556669,1626.0
NVDA270115C00140000,140.0,1645.0,多头买 Call，看涨,2.1185640497970435,CALL,13588.0,11943.0,10350340.0,2.390369368064837e-06,10M-50M,2027-01-15,186.8105926513672,182.93499755859372,187.07000732421875,189.1199951171875,186.00999450683597,62.92,62.9,63.65,25.0,0.5542341940307618,True,NVDA,60.85,0.03401807723911258,0.021185640497970434,4330017000000.0,3.401807723911258,1645.0
C260515P00120000,120.0,9635.0,多头买 Put，看跌,-2.8588385239306344,PUT,9663.0,28.0,10309450.0,5.415034917500686e-05,10M-50M,2026-05-15,114.8499984741211,118.2300033569336,113.9000015258789,115.4800033569336,113.9000015258789,10.7,10.15,10.35,7.0,0.2921213366699218,True,C,9.4,0.13829787234042543,-0.028588385239306346,190385660611.0,13.829787234042543,9635.0
MU280121C00350000,350.0,600.0,多头买 Call，看涨,42.91124578171335,CALL,788.0,188.0,10305000.0,5.854953801647137e-05,10M-50M,2028-01-21,389.4330139160156,272.4999084472656,395.6300048828125,398.0,384.2999877929688,171.75,169.5,172.7,1.0,0.759111905975342,True,MU,78.0,1.2019230769230769,0.4291124578171335,176004804634.0,120.1923076923077,600.0
MU260320C00350000,350.0,1559.0,多头买 Call，看涨,42.91124578171335,CALL,2384.0,825.0,10275368.999999998,5.838118465781381e-05,10M-50M,2026-03-20,389.4330139160156,272.4999084472656,395.6300048828125,398.0,384.2999877929688,65.91,64.4,66.75,46.0,0.7615685464477541,True,MU,11.1,4.937837837837837,0.4291124578171335,176004804634.0,493.78378378378375,1559.0
NFLX260320P00111000,111.0,-4082.0,空头平仓 Put，回补，看跌信号减弱,-8.000430252636317,PUT,351.0,4433.0,10266229.999999998,1.995689967145296e-05,10M-50M,2026-03-20,86.00579833984375,93.48500061035156,86.91000366210938,86.94000244140625,85.3499984741211,25.15,23.25,27.0,13.0,0.6562534375000001,True,NFLX,18.45,0.36314363143631434,-0.08000430252636317,514420083731.0,36.31436314363143,-4082.0
AMZN260220C00250000,250.0,16092.0,多头买 Call，看涨,5.18471414096742,CALL,44961.0,28869.0,10186236.0,4.345785481012148e-06,10M-50M,2026-02-20,239.9499969482422,228.12249755859372,239.97999572753903,240.9499969482422,237.5399932861328,6.33,6.35,6.45,5278.0,0.4119321502685547,False,AMZN,4.65,0.3612903225806451,0.0518471414096742,2343934380679.0,36.129032258064505,16092.0
PFE260320P00029000,29.0,30367.0,空头卖 Put，看涨/看不跌,2.1984487200516245,PUT,30454.0,87.0,10172945.0,7.530568075013156e-05,10M-50M,2026-03-20,25.799999237060547,25.2450008392334,25.6299991607666,25.850000381469727,25.59499931335449,3.35,3.35,3.4,31.0,0.2749095947265625,True,PFE,4.4,-0.23863636363636367,0.021984487200516243,135088679880.0,-23.863636363636367,30367.0
GOOGL270617C00305000,305.0,1300.0,多头买 Call，看涨,8.235286107723065,CALL,1881.0,581.0,10042500.0,3.3680961775735565e-06,10M-50M,2027-06-17,334.7500915527344,309.2799987792969,327.8099975585937,334.9800109863281,327.0,77.25,78.55,79.05,1.0,0.4234066448974609,True,GOOGL,62.85,0.22911694510739855,0.08235286107723065,2981654760000.0,22.911694510739856,1300.0
TSLA261218P00400000,400.0,1740.0,多头买 Put，看跌,-11.205281544595117,PUT,4717.0,2977.0,9959760.0,7.011507431634103e-06,5M-10M,2026-12-18,438.9700012207031,494.364990234375,445.0299987792969,445.0299987792969,436.7099914550781,57.24,57.0,57.35,7.0,0.4794668753051757,False,TSLA,52.11,0.09844559585492232,-0.11205281544595116,1420487690716.0,9.844559585492233,1740.0
NVDA270115P00140000,140.0,9047.0,空头卖 Put，看涨/看不跌,2.1185640497970435,PUT,31595.0,22548.0,9951700.0,2.298305064391202e-06,5M-10M,2027-01-15,186.8105926513672,182.93499755859372,187.07000732421875,189.1199951171875,186.00999450683597,11.0,10.8,10.95,23.0,0.4492242578124999,False,NVDA,11.7,-0.05982905982905977,0.021185640497970434,4330017000000.0,-5.982905982905977,9047.0
BABA260320C00135000,135.0,-2628.0,空头平仓 Call，回补信号，看涨,13.252811373151834,CALL,3954.0,6582.0,9946980.0,2.5056107918995424e-05,5M-10M,2026-03-20,171.2949981689453,151.25010681152344,169.7899932861328,172.89999389648438,168.67999267578125,37.85,38.5,39.8,1.0,0.6082802844238282,True,BABA,20.8,0.8197115384615384,0.13252811373151835,396988232656.0,81.97115384615384,-2628.0
AAPL260717P00255000,255.0,5986.0,多头买 Put，看跌,-6.297078450064497,PUT,6051.0,65.0,9942746.0,2.6226366316747275e-06,5M-10M,2026-07-17,254.9750061035156,272.1099853515625,251.47999572753903,255.5,249.8000030517578,16.61,16.55,16.7,4.0,0.2388076608276367,True,AAPL,11.83,0.4040574809805578,-0.06297078450064497,3791126029400.0,40.40574809805578,5986.0
BE260320C00115000,115.0,2406.0,多头买 Call，看涨,56.05061224920851,CALL,2975.0,569.0,9941592.0,0.0006041781068245256,5M-10M,2026-03-20,144.3000030517578,92.47000122070312,142.0,147.6300048828125,138.65049743652344,41.32,38.6,41.35,3.0,1.1363568572998048,True,BE,10.62,2.8907721280602643,0.5605061224920851,16454737250.0,289.0772128060264,2406.0
NVDA260717P00170000,170.0,7403.0,空头卖 Put，看涨/看不跌,2.1185640497970435,PUT,7808.0,405.0,9920020.0,2.2909886958873372e-06,5M-10M,2026-07-17,186.8105926513672,182.93499755859372,187.07000732421875,189.1199951171875,186.00999450683597,13.4,13.25,13.35,348.0,0.4244137149047852,False,NVDA,15.27,-0.12246234446627369,0.021185640497970434,4330017000000.0,-12.24623444662737,7403.0
NFLX270115P00090000,90.0,7527.0,多头买 Put，看跌,-8.000430252636317,PUT,14385.0,6858.0,9890478.0,1.9226461626976288e-05,5M-10M,2027-01-15,86.00579833984375,93.48500061035156,86.91000366210938,86.94000244140625,85.3499984741211,13.14,12.95,13.25,14.0,0.3231879205322264,True,NFLX,11.1,0.18378378378378388,-0.08000430252636317,514420083731.0,18.378378378378386,7527.0
GOOG260618C00340000,340.0,3469.0,多头买 Call，看涨,7.864809334236379,CALL,4134.0,665.0,9890119.0,3.3084016212886318e-06,5M-10M,2026-06-18,335.260009765625,310.81500244140625,328.20001220703125,335.57000732421875,327.489990234375,28.51,28.85,29.0,15.0,0.3708864181518554,False,GOOG,20.29,0.40512567767373103,0.07864809334236379,2989394920000.0,40.512567767373106,3469.0
INTC270115P00045000,45.0,9867.0,空头卖 Put，看涨/看不跌,17.020573110311542,PUT,11090.0,1223.0,9867000.0,6.35009508731622e-05,5M-10M,2027-01-15,42.73099899291992,36.51580047607422,44.27999877929688,44.459999084472656,42.310001373291016,10.0,9.7,10.0,5087.0,0.5079394909667969,True,INTC,12.2,-0.18032786885245897,0.17020573110311543,155383500000.0,-18.032786885245898,9867.0
NVDA260220P00190000,190.0,11323.0,空头卖 Put，看涨/看不跌,2.1185640497970435,PUT,20113.0,8790.0,9851010.0,2.2750511141180276e-06,5M-10M,2026-02-20,186.8105926513672,182.93499755859372,187.07000732421875,189.1199951171875,186.00999450683597,8.7,8.6,8.7,834.0,0.3508365698242187,True,NVDA,13.75,-0.3672727272727273,0.021185640497970434,4330017000000.0,-36.727272727272734,11323.0
AAPL270115C00270000,270.0,4133.0,空头卖 Call，看跌/看不涨,-6.297078450064497,CALL,11047.0,6914.0,9795210.0,2.583720489384583e-06,5M-10M,2027-01-15,254.9750061035156,272.1099853515625,251.47999572753903,255.5,249.8000030517578,23.7,23.5,23.7,93.0,0.2976144458007811,False,AAPL,35.4,-0.3305084745762712,-0.06297078450064497,3791126029400.0,-33.05084745762712,4133.0
GOOGL260320C00240000,240.0,-1028.0,空头平仓 Call，回补信号，看涨,8.235286107723065,CALL,5259.0,6287.0,9736187.999999998,3.265363961855865e-06,5M-10M,2026-03-20,334.7500915527344,309.2799987792969,327.8099975585937,334.9800109863281,327.0,94.71,94.0,96.2,2.0,0.5459029785156251,True,GOOGL,73.5,0.2885714285714285,0.08235286107723065,2981654760000.0,28.857142857142847,-1028.0
META260918C00650000,650.0,959.0,多头买 Call，看涨,1.8905747608431493,CALL,2141.0,1182.0,9720424.0,5.202524530216027e-06,5M-10M,2026-09-18,671.52001953125,659.0599975585938,665.2249755859375,674.97998046875,661.2855224609375,101.36,100.8,102.1,101.0,0.4306544972229004,True,META,95.4,0.06247379454926618,0.018905747608431493,1868405222031.0,6.247379454926618,959.0
ORCL270115P00200000,200.0,2165.0,多头买 Put，看跌,-6.701367432426979,PUT,4266.0,2101.0,9471875.0,1.1758821786789857e-05,5M-10M,2027-01-15,183.7050018310547,196.8999938964844,179.10000610351562,185.27999877929688,178.52999877929688,43.75,43.4,45.05,5.0,0.4863180030822754,True,ORCL,38.15,0.1467889908256881,-0.06701367432426979,805512250440.0,14.678899082568812,2165.0
META270115P00670000,670.0,1094.0,空头卖 Put，看涨/看不跌,1.8905747608431493,PUT,1780.0,686.0,9456536.0,5.0612875025689155e-06,5M-10M,2027-01-15,671.52001953125,659.0599975585938,665.2249755859375,674.97998046875,661.2855224609375,86.44,85.2,85.95,7.0,0.3304052555847167,False,META,91.4,-0.054266958424507745,0.018905747608431493,1868405222031.0,-5.4266958424507745,1094.0
AMAT260320C00250000,250.0,1245.0,多头买 Call，看涨,23.277421899535923,CALL,2470.0,1225.0,9449550.0,5.816850108673901e-05,5M-10M,2026-03-20,319.7200012207031,259.3500061035156,321.239990234375,322.0,316.57000732421875,75.9,72.55,75.35,2.0,0.5841716387939453,True,AMAT,27.17,1.7935222672064777,0.23277421899535924,162451323714.0,179.35222672064776,1245.0
TSLA270115C00450000,450.0,1030.0,空头卖 Call，看跌/看不涨,-11.205281544595117,CALL,5711.0,4681.0,9434800.0,6.641944215119786e-06,5M-10M,2027-01-15,438.9700012207031,494.364990234375,445.0299987792969,445.0299987792969,436.7099914550781,91.6,91.1,92.1,40.0,0.5617414431762696,False,TSLA,140.33,-0.3472529038694507,-0.11205281544595116,1420487690716.0,-34.72529038694507,1030.0
TSM260220C00310000,310.0,3475.0,多头买 Call，看涨,13.562221773921,CALL,6202.0,2727.0,9434625.0,6.6544380872514375e-06,5M-10M,2026-02-20,332.760009765625,293.0199890136719,332.7900085449219,334.17999267578125,330.2300109863281,27.15,26.25,28.2,9.0,0.4104673211669921,True,TSM,10.83,1.5069252077562327,0.13562221773921,1417794391697.0,150.69252077562328,3475.0
FCX260320C00060000,60.0,15126.0,多头买 Call，看涨,22.3869492685865,CALL,16778.0,1652.0,9393246.0,0.00018300102616111095,5M-10M,2026-03-20,62.08689880371094,50.72999954223633,63.415000915527344,63.57500076293945,61.88999938964844,6.21,6.0,6.25,1100.0,0.5361374511718751,True,FCX,1.02,5.088235294117647,0.22386949268586498,51328925291.0,508.8235294117647,15126.0
ORCL260918C00190000,190.0,3242.0,空头卖 Call，看跌/看不涨,-6.701367432426979,CALL,3801.0,559.0,9369379.999999998,1.1631579774090466e-05,5M-10M,2026-09-18,183.7050018310547,196.8999938964844,179.10000610351562,185.27999877929688,178.52999877929688,28.9,28.85,30.3,9.0,0.5486495330810548,False,ORCL,39.1,-0.26086956521739135,-0.06701367432426979,805512250440.0,-26.086956521739136,3242.0
TSLA260130C00450000,450.0,10518.0,空头卖 Call，看跌/看不涨,-11.205281544595117,CALL,11239.0,721.0,9361020.0,6.5900043070993155e-06,5M-10M,2026-01-30,438.9700012207031,494.364990234375,445.0299987792969,445.0299987792969,436.7099914550781,8.9,8.9,8.95,19155.0,0.6626010302734376,False,TSLA,60.6,-0.8531353135313532,-0.11205281544595116,1420487690716.0,-85.31353135313532,10518.0
IREN260918C00050000,50.0,4737.0,多头买 Call，看涨,28.085313561628293,CALL,16890.0,12153.0,9284520.000000002,0.0008154971992240073,5M-10M,2026-09-18,53.45000076293945,41.72999954223633,56.13899993896485,57.04560089111328,53.02000045776367,19.6,19.4,19.4,17.0,1.0964400646972656,True,IREN,11.6,0.6896551724137933,0.28085313561628295,11385103479.0,68.96551724137933,4737.0
NVDA260717P00180000,180.0,5248.0,空头卖 Put，看涨/看不跌,2.1185640497970435,PUT,5869.0,621.0,9262720.0,2.1391879061906686e-06,5M-10M,2026-07-17,186.8105926513672,182.93499755859372,187.07000732421875,189.1199951171875,186.00999450683597,17.65,17.4,17.5,25.0,0.4136411175537109,False,NVDA,19.7,-0.10406091370558379,0.021185640497970434,4330017000000.0,-10.406091370558379,5248.0
HOOD260515P00140000,140.0,2508.0,多头买 Put，看跌,-11.432667861511646,PUT,4130.0,1622.0,9257027.999999998,8.613827467227106e-05,5M-10M,2026-05-15,108.18499755859376,122.1500015258789,106.23999786376952,108.48999786376952,104.83000183105467,36.91,35.45,36.1,3.0,0.5464522894287109,True,HOOD,29.43,0.25416241930003386,-0.11432667861511646,107467070071.0,25.416241930003387,2508.0
QURE260417C00030000,30.0,12907.0,多头买 Call，看涨,3.2108241879844437,CALL,14128.0,1221.0,9254319.0,0.0031056606715838967,5M-10M,2026-04-17,25.55500030517578,24.76000022888184,24.5,25.789899826049805,24.270000457763672,7.17,7.5,8.0,7.0,1.9382327307128908,False,QURE,5.4,0.32777777777777767,0.032108241879844436,2979822968.0,32.777777777777764,12907.0
CRCL280616P00070000,70.0,3530.0,多头买 Put，看跌,-18.527761417884673,PUT,3532.0,2.0,9248600.0,0.0003174389287478707,5M-10M,2028-06-16,71.25,87.4531021118164,70.01000213623047,72.43000030517578,69.8499984741211,26.2,26.1,27.8,6.0,0.6606479248046876,False,CRCL,23.7,0.10548523206751055,-0.18527761417884672,29135052958.0,10.548523206751055,3530.0
TSLA260821C00400000,400.0,1020.0,空头卖 Call，看跌/看不涨,-11.205281544595117,CALL,1471.0,451.0,9241200.0,6.505652995375097e-06,5M-10M,2026-08-21,438.9700012207031,494.364990234375,445.0299987792969,445.0299987792969,436.7099914550781,90.6,90.25,91.3,8.0,0.5550581604003908,True,TSLA,144.35,-0.37235885001731905,-0.11205281544595116,1420487690716.0,-37.23588500173191,1020.0
UNH280121C00350000,350.0,1245.0,多头买 Call，看涨,7.150405665106835,CALL,1567.0,322.0,9125850.0,2.9284794183610954e-05,5M-10M,2028-01-21,349.67999267578125,326.3450012207031,353.95001220703125,354.7900085449219,347.2774963378906,73.3,70.05,71.3,2.0,0.3669573192596436,False,UNH,65.36,0.12148102815177475,0.07150405665106835,311624180890.0,12.148102815177475,1245.0
TSLA261218P00350000,350.0,2478.0,多头买 Put，看跌,-11.205281544595117,PUT,7388.0,4910.0,9119040.0,6.419654362089915e-06,5M-10M,2026-12-18,438.9700012207031,494.364990234375,445.0299987792969,445.0299987792969,436.7099914550781,36.8,36.2,36.5,54.0,0.4930318031311035,False,TSLA,34.6,0.0635838150289016,-0.11205281544595116,1420487690716.0,6.35838150289016,2478.0
BIDU270115C00115000,115.0,-1702.0,空头平仓 Call，回补信号，看涨,26.06766795942818,CALL,1059.0,2761.0,9098892.0,0.00020152196634505383,5M-10M,2027-01-15,156.97000122070312,124.5124969482422,158.00999450683594,159.10000610351562,155.34010314941406,53.46,52.75,56.7,1.0,0.5538679867553712,True,BIDU,28.0,0.9092857142857144,0.2606766795942818,45150869481.0,90.92857142857143,-1702.0
AAPL260618C00270000,270.0,7775.0,空头卖 Call，看跌/看不涨,-6.297078450064497,CALL,17713.0,9938.0,9096750.0,2.3994849892763103e-06,5M-10M,2026-06-18,254.9750061035156,272.1099853515625,251.47999572753903,255.5,249.8000030517578,11.7,11.3,11.4,1313.0,0.2727428683471679,False,AAPL,22.8,-0.48684210526315796,-0.06297078450064497,3791126029400.0,-48.684210526315795,7775.0
AAPL260130C00250000,250.0,11155.0,空头卖 Call，看跌/看不涨,-6.297078450064497,CALL,11176.0,21.0,9091325.0,2.398054016009284e-06,5M-10M,2026-01-30,254.9750061035156,272.1099853515625,251.47999572753903,255.5,249.8000030517578,8.15,8.1,8.2,10712.0,0.452153916015625,True,AAPL,25.24,-0.6770998415213945,-0.06297078450064497,3791126029400.0,-67.70998415213944,11155.0
AVGO280121C00260000,260.0,733.0,空头卖 Call，看跌/看不涨,-4.434311329577715,CALL,830.0,97.0,9008570.0,5.702446685026112e-06,5M-10M,2028-01-21,324.7799987792969,339.8500061035156,319.95001220703125,328.010009765625,317.6000061035156,122.9,124.65,127.75,368.0,0.5645337736511231,True,AVGO,137.5,-0.10618181818181814,-0.04434311329577715,1579772770810.0,-10.618181818181814,733.0
PLTR260130C00170000,170.0,24987.0,空头卖 Call，看跌/看不涨,-12.37863350817816,CALL,25214.0,227.0,8995320.0,2.1353528457973538e-05,5M-10M,2026-01-30,169.2100067138672,193.1150054931641,168.2100067138672,170.58970642089844,168.02000427246094,3.6,3.55,3.6,8322.0,0.5026905200195313,False,PLTR,27.0,-0.8666666666666666,-0.12378633508178159,421256843697.0,-86.66666666666666,24987.0
AAPL270617C00260000,260.0,2484.0,空头卖 Call，看跌/看不涨,-6.297078450064497,CALL,5591.0,3107.0,8989596.0,2.371220563570326e-06,5M-10M,2027-06-17,254.9750061035156,272.1099853515625,251.47999572753903,255.5,249.8000030517578,36.19,35.8,36.05,81.0,0.3195563650512695,False,AAPL,48.23,-0.24963715529753266,-0.06297078450064497,3791126029400.0,-24.963715529753266,2484.0
TSLA260618C00380000,380.0,998.0,空头卖 Call，看跌/看不涨,-11.205281544595117,CALL,3443.0,2445.0,8952060.0,6.302103185060121e-06,5M-10M,2026-06-18,438.9700012207031,494.364990234375,445.0299987792969,445.0299987792969,436.7099914550781,89.7,89.55,90.65,4.0,0.546726944885254,True,TSLA,145.28,-0.3825715859030837,-0.11205281544595116,1420487690716.0,-38.25715859030837,998.0
BIDU270115C00125000,125.0,-1866.0,空头平仓 Call，回补信号，看涨,26.06766795942818,CALL,6523.0,8389.0,8882160.0,0.00019672179300417935,5M-10M,2027-01-15,156.97000122070312,124.5124969482422,158.00999450683594,159.10000610351562,155.34010314941406,47.6,47.2,49.2,3.0,0.5403183175659182,True,BIDU,24.0,0.9833333333333334,0.2606766795942818,45150869481.0,98.33333333333334,-1866.0
TSM270115P00270000,270.0,3998.0,空头卖 Put，看涨/看不跌,13.562221773921,PUT,5368.0,1370.0,8855570.0,6.2460185001864105e-06,5M-10M,2027-01-15,332.760009765625,293.0199890136719,332.7900085449219,334.17999267578125,330.2300109863281,22.15,21.65,22.6,15.0,0.4051115397644042,False,TSM,30.7,-0.2785016286644951,0.13562221773921,1417794391697.0,-27.850162866449512,3998.0
NVDA260320P00175000,175.0,12670.0,空头卖 Put，看涨/看不跌,2.1185640497970435,PUT,46722.0,34052.0,8843660.0,2.042407685697308e-06,5M-10M,2026-03-20,186.8105926513672,182.93499755859372,187.07000732421875,189.1199951171875,186.00999450683597,6.98,7.0,7.05,254.0,0.4356135540771484,False,NVDA,10.3,-0.32233009708737864,0.021185640497970434,4330017000000.0,-32.23300970873787,12670.0
GOOGL270115P00360000,360.0,1505.0,空头卖 Put，看涨/看不跌,8.235286107723065,PUT,1568.0,63.0,8834350.0,2.962901714348713e-06,5M-10M,2027-01-15,334.7500915527344,309.2799987792969,327.8099975585937,334.9800109863281,327.0,58.7,56.05,56.35,10.0,0.3127815304565429,True,GOOGL,70.4,-0.16619318181818185,0.08235286107723065,2981654760000.0,-16.619318181818183,1505.0
GOOGL260320C00350000,350.0,7595.0,多头买 Call，看涨,8.235286107723065,CALL,12774.0,5179.0,8832985.0,2.962443914868266e-06,5M-10M,2026-03-20,334.7500915527344,309.2799987792969,327.8099975585937,334.9800109863281,327.0,11.63,11.65,11.75,183.0,0.3499210516357421,False,GOOGL,7.4,0.5716216216216217,0.08235286107723065,2981654760000.0,57.16216216216217,7595.0
META260417C00660000,660.0,1552.0,多头买 Call，看涨,1.8905747608431493,CALL,2777.0,1225.0,8823120.0,4.72227324991581e-06,5M-10M,2026-04-17,671.52001953125,659.0599975585938,665.2249755859375,674.97998046875,661.2855224609375,56.85,56.75,57.0,72.0,0.4052488674926757,True,META,52.68,0.07915717539863329,0.018905747608431493,1868405222031.0,7.915717539863329,1552.0
CIFR280121C00020000,20.0,10832.0,空头卖 Call，看跌/看不涨,-1.6954185393612209,CALL,12839.0,2007.0,8795584.0,0.0019498287545637863,5M-10M,2028-01-21,16.524999618530273,16.809999465942383,17.549999237060547,17.56999969482422,16.479999542236328,8.12,7.35,8.2,15.0,0.994384821777344,False,CIFR,9.5,-0.14526315789473693,-0.01695418539361221,4510952041.0,-14.526315789473692,10832.0
NVDA270115P00185000,185.0,3062.0,空头卖 Put，看涨/看不跌,2.1185640497970435,PUT,8385.0,5323.0,8772630.0,2.026003593057487e-06,5M-10M,2027-01-15,186.8105926513672,182.93499755859372,187.07000732421875,189.1199951171875,186.00999450683597,28.65,28.65,28.85,148.0,0.4098569757080078,False,NVDA,30.33,-0.055390702274975265,0.021185640497970434,4330017000000.0,-5.539070227497526,3062.0
AVGO270115C00350000,350.0,1538.0,空头卖 Call，看跌/看不涨,-4.434311329577715,CALL,4162.0,2624.0,8758910.0,5.544411298790159e-06,5M-10M,2027-01-15,324.7799987792969,339.8500061035156,319.95001220703125,328.010009765625,317.6000061035156,56.95,57.05,57.45,166.0,0.5268296829223633,False,AVGO,67.45,-0.15567086730911786,-0.04434311329577715,1579772770810.0,-15.567086730911786,1538.0
MU260220C00320000,320.0,1163.0,多头买 Call，看涨,42.91124578171335,CALL,2828.0,1665.0,8723663.0,4.956491397005189e-05,5M-10M,2026-02-20,389.4330139160156,272.4999084472656,395.6300048828125,398.0,384.2999877929688,75.01,75.65,78.15,15.0,0.8090839404296875,True,MU,9.81,6.646279306829766,0.4291124578171335,176004804634.0,664.6279306829766,1163.0
TSLA260618C00500000,500.0,2493.0,空头卖 Call，看跌/看不涨,-11.205281544595117,CALL,17308.0,14815.0,8713035.0,6.133833511509118e-06,5M-10M,2026-06-18,438.9700012207031,494.364990234375,445.0299987792969,445.0299987792969,436.7099914550781,34.95,34.85,35.0,232.0,0.5182695878601074,False,TSLA,76.6,-0.543733681462141,-0.11205281544595116,1420487690716.0,-54.3733681462141,2493.0
NFLX270115C00100000,100.0,10110.0,空头卖 Call，看跌/看不涨,-8.000430252636317,CALL,16488.0,6378.0,8694600.0,1.6901750679988168e-05,5M-10M,2027-01-15,86.00579833984375,93.48500061035156,86.91000366210938,86.94000244140625,85.3499984741211,8.6,8.6,8.7,360.0,0.4036924865722656,False,NFLX,13.45,-0.36059479553903345,-0.08000430252636317,514420083731.0,-36.059479553903344,10110.0
NFLX270115C00080000,80.0,4999.0,空头卖 Call，看跌/看不涨,-8.000430252636317,CALL,7242.0,2243.0,8648270.0,1.6811688099880534e-05,5M-10M,2027-01-15,86.00579833984375,93.48500061035156,86.91000366210938,86.94000244140625,85.3499984741211,17.3,17.2,17.4,185.0,0.4382990740966797,True,NFLX,23.9,-0.2761506276150627,-0.08000430252636317,514420083731.0,-27.61506276150627,4999.0
PLTR270115C00145000,145.0,1675.0,空头卖 Call，看跌/看不涨,-12.37863350817816,CALL,2658.0,983.0,8648025.0,2.0529102682591236e-05,5M-10M,2027-01-15,169.2100067138672,193.1150054931641,168.2100067138672,170.58970642089844,168.02000427246094,51.63,51.15,52.05,19.0,0.6304358245849608,True,PLTR,74.41,-0.30614164762800694,-0.12378633508178159,421256843697.0,-30.614164762800694,1675.0
BE260320C00120000,120.0,2453.0,多头买 Call，看涨,56.05061224920851,CALL,3851.0,1398.0,8641918.999999998,0.000525193375542961,5M-10M,2026-03-20,144.3000030517578,92.47000122070312,142.0,147.6300048828125,138.65049743652344,35.23,35.1,38.1,17.0,1.1153608685302734,True,BE,10.7,2.292523364485981,0.5605061224920851,16454737250.0,229.2523364485981,2453.0
TSLA260220P00430000,430.0,5018.0,多头买 Put，看跌,-11.205281544595117,PUT,7936.0,2918.0,8635978.0,6.079586649319725e-06,5M-10M,2026-02-20,438.9700012207031,494.364990234375,445.0299987792969,445.0299987792969,436.7099914550781,17.21,17.2,17.3,341.0,0.4646659979248047,False,TSLA,14.3,0.2034965034965035,-0.11205281544595116,1420487690716.0,20.34965034965035,5018.0
ORCL260320P00200000,200.0,3274.0,多头买 Put，看跌,-6.701367432426979,PUT,22594.0,19320.0,8617168.0,1.0697749159361624e-05,5M-10M,2026-03-20,183.7050018310547,196.8999938964844,179.10000610351562,185.27999877929688,178.52999877929688,26.32,25.45,25.95,23.0,0.553837469482422,True,ORCL,20.2,0.302970297029703,-0.06701367432426979,805512250440.0,30.297029702970303,3274.0
PYPL270115C00057500,57.5,9568.0,空头卖 Call，看跌/看不涨,-5.569369316050662,CALL,9919.0,351.0,8601632.0,0.00013377974805384605,5M-10M,2027-01-15,56.970001220703125,60.33000183105469,56.560001373291016,57.119998931884766,56.494998931884766,8.99,8.8,9.3,17.0,0.42774009765625,False,PYPL,12.2,-0.2631147540983606,-0.055693693160506624,64296966657.0,-26.31147540983606,9568.0
BABA260220C00155000,155.0,4409.0,多头买 Call，看涨,13.252811373151834,CALL,9174.0,4765.0,8597550.0,2.16569391552973e-05,5M-10M,2026-02-20,171.2949981689453,151.25010681152344,169.7899932861328,172.89999389648438,168.67999267578125,19.5,18.6,19.85,7.0,0.50586431640625,True,BABA,7.2,1.7083333333333335,0.13252811373151835,396988232656.0,170.83333333333334,4409.0
AMZN260320C00250000,250.0,9356.0,多头买 Call，看涨,5.18471414096742,CALL,27082.0,17726.0,8560740.0,3.652295077270931e-06,5M-10M,2026-03-20,239.9499969482422,228.12249755859372,239.97999572753903,240.9499969482422,237.5399932861328,9.15,9.15,9.25,732.0,0.3646914117431641,False,AMZN,6.64,0.3780120481927712,0.0518471414096742,2343934380679.0,37.80120481927712,9356.0
TSM260618C00330000,330.0,2383.0,多头买 Call，看涨,13.562221773921,CALL,5544.0,3161.0,8552587.0,6.032318261439274e-06,5M-10M,2026-06-18,332.760009765625,293.0199890136719,332.7900085449219,334.17999267578125,330.2300109863281,35.89,35.0,36.5,26.0,0.4243984562683106,True,TSM,18.15,0.9774104683195595,0.13562221773921,1417794391697.0,97.74104683195594,2383.0
AAPL260130C00255000,255.0,16442.0,空头卖 Call，看跌/看不涨,-6.297078450064497,CALL,16510.0,68.0,8549840.0,2.255224419788844e-06,5M-10M,2026-01-30,254.9750061035156,272.1099853515625,251.47999572753903,255.5,249.8000030517578,5.2,5.2,5.25,26898.0,0.4409235595703125,False,AAPL,19.4,-0.731958762886598,-0.06297078450064497,3791126029400.0,-73.1958762886598,16442.0
TSM260320C00340000,340.0,5210.0,多头买 Call，看涨,13.562221773921,CALL,6158.0,948.0,8507929.999999998,6.000820746523482e-06,5M-10M,2026-03-20,332.760009765625,293.0199890136719,332.7900085449219,334.17999267578125,330.2300109863281,16.33,15.15,15.85,149.0,0.3739686627197265,False,TSM,6.55,1.493129770992366,0.13562221773921,1417794391697.0,149.3129770992366,5210.0
AMZN260515C00275000,275.0,11561.0,多头买 Call，看涨,5.18471414096742,CALL,12622.0,1061.0,8497335.0,3.6252444053226692e-06,5M-10M,2026-05-15,239.9499969482422,228.12249755859372,239.97999572753903,240.9499969482422,237.5399932861328,7.35,7.25,7.4,12.0,0.3609683044433593,False,AMZN,5.49,0.33879781420765015,0.0518471414096742,2343934380679.0,33.87978142076501,11561.0
MU260320P00350000,350.0,3713.0,空头卖 Put，看涨/看不跌,42.91124578171335,PUT,3753.0,40.0,8473066.0,4.814110624775071e-05,5M-10M,2026-03-20,389.4330139160156,272.4999084472656,395.6300048828125,398.0,384.2999877929688,22.82,22.4,23.1,131.0,0.6966277896118166,False,MU,88.79,-0.7429890753463227,0.4291124578171335,176004804634.0,-74.29890753463228,3713.0
ORCL260220C00185000,185.0,9606.0,空头卖 Call，看跌/看不涨,-6.701367432426979,CALL,10659.0,1053.0,8424462.0,1.0458515057217632e-05,5M-10M,2026-02-20,183.7050018310547,196.8999938964844,179.10000610351562,185.27999877929688,178.52999877929688,8.77,8.65,8.95,3018.0,0.4888967126464845,False,ORCL,21.5,-0.5920930232558139,-0.06701367432426979,805512250440.0,-59.20930232558139,9606.0
TSLA261218C00550000,550.0,1523.0,空头卖 Call，看跌/看不涨,-11.205281544595117,CALL,5784.0,4261.0,8402391.0,5.915145238439029e-06,5M-10M,2026-12-18,438.9700012207031,494.364990234375,445.0299987792969,445.0299987792969,436.7099914550781,55.17,55.75,56.1,140.0,0.5546919531250001,False,TSLA,95.5,-0.4223036649214659,-0.11205281544595116,1420487690716.0,-42.230366492146594,1523.0
TSLA270115P00400000,400.0,1400.0,多头买 Put，看跌,-11.205281544595117,PUT,4838.0,3438.0,8400000.0,5.91346201371584e-06,5M-10M,2027-01-15,438.9700012207031,494.364990234375,445.0299987792969,445.0299987792969,436.7099914550781,60.0,59.7,60.2,59.0,0.4783835121154785,False,TSLA,54.95,0.09190172884440395,-0.11205281544595116,1420487690716.0,9.190172884440395,1400.0
RKLB280121C00075000,75.0,-1953.0,空头平仓 Call，回补信号，看涨,7.03305875591801,CALL,3461.0,5414.0,8397900.0,0.000378710339859151,5M-10M,2028-01-21,83.55000305175781,78.05999755859375,86.79000091552734,87.16000366210938,82.4000015258789,43.0,41.95,44.65,9.0,0.9357611404418944,True,RKLB,38.32,0.12212943632567849,0.0703305875591801,22174995283.0,12.21294363256785,-1953.0
PLTR270617C00170000,170.0,-1706.0,多头平仓 Call，减仓，看涨减弱,-12.37863350817816,CALL,2326.0,4032.0,8384989.999999999,1.9904697396515467e-05,5M-10M,2027-06-17,169.2100067138672,193.1150054931641,168.2100067138672,170.58970642089844,168.02000427246094,49.15,48.3,48.9,7.0,0.6276892700195313,False,PLTR,69.5,-0.2928057553956835,-0.12378633508178159,421256843697.0,-29.28057553956835,-1706.0
TSLA260220P00500000,500.0,1444.0,多头买 Put，看跌,-11.205281544595117,PUT,3532.0,2088.0,8367980.0,5.890920459706413e-06,5M-10M,2026-02-20,438.9700012207031,494.364990234375,445.0299987792969,445.0299987792969,436.7099914550781,57.95,64.5,65.7,31.0,0.4738211798095704,True,TSLA,42.76,0.35523854069223587,-0.11205281544595116,1420487690716.0,35.52385406922359,1444.0
MU260918C00320000,320.0,633.0,多头买 Call，看涨,42.91124578171335,CALL,822.0,189.0,8355600.0,4.747370401265679e-05,5M-10M,2026-09-18,389.4330139160156,272.4999084472656,395.6300048828125,398.0,384.2999877929688,132.0,123.2,125.95,5.0,0.7647423428344727,True,MU,44.02,1.998636983189459,0.4291124578171335,176004804634.0,199.8636983189459,633.0
TSM260515C00290000,290.0,1476.0,多头买 Call，看涨,13.562221773921,CALL,1970.0,494.0,8345303.999999999,5.8861172317173986e-06,5M-10M,2026-05-15,332.760009765625,293.0199890136719,332.7900085449219,334.17999267578125,330.2300109863281,56.54,55.15,57.85,7.0,0.4725699716186523,True,TSM,31.0,0.8238709677419355,0.13562221773921,1417794391697.0,82.38709677419355,1476.0
AMD260130C00230000,230.0,3395.0,多头买 Call，看涨,17.781399838657244,CALL,3748.0,353.0,8300775.0,3.2076737593720824e-05,5M-10M,2026-01-30,252.6999969482422,214.5500030517578,256.7449951171875,258.2898864746094,250.30999755859372,24.45,24.55,25.0,155.0,0.8115253222656249,True,AMD,7.15,2.419580419580419,0.17781399838657244,258778654648.0,241.95804195804192,3395.0
MSFT260618C00500000,500.0,3517.0,空头卖 Call，看跌/看不涨,-2.7752085298737206,CALL,10613.0,7096.0,8300120.000000001,2.183226746138368e-06,5M-10M,2026-06-18,472.4249877929688,485.9100036621094,465.3049926757813,473.1000061035156,462.0,23.6,23.5,23.7,435.0,0.2945169425964355,False,MSFT,32.15,-0.26594090202177284,-0.027752085298737208,3801767276203.0,-26.594090202177284,3517.0
AMD260130C00220000,220.0,2522.0,多头买 Call，看涨,17.781399838657244,CALL,3263.0,741.0,8292336.0,3.204412671238102e-05,5M-10M,2026-01-30,252.6999969482422,214.5500030517578,256.7449951171875,258.2898864746094,250.30999755859372,32.88,33.9,34.3,108.0,0.9340826904296876,True,AMD,11.05,1.9755656108597286,0.17781399838657244,258778654648.0,197.55656108597287,2522.0
BABA270115C00180000,180.0,2980.0,多头买 Call，看涨,13.252811373151834,CALL,4703.0,1723.0,8269500.0,2.0830592243689307e-05,5M-10M,2027-01-15,171.2949981689453,151.25010681152344,169.7899932861328,172.89999389648438,168.67999267578125,27.75,27.65,28.15,30.0,0.4718375570678711,False,BABA,16.25,0.7076923076923077,0.13252811373151835,396988232656.0,70.76923076923077,2980.0
NFLX270115C00090000,90.0,6641.0,空头卖 Call，看跌/看不涨,-8.000430252636317,CALL,9267.0,2626.0,8268045.0,1.6072554827240217e-05,5M-10M,2027-01-15,86.00579833984375,93.48500061035156,86.91000366210938,86.94000244140625,85.3499984741211,12.45,12.2,12.5,157.0,0.4192562957763671,False,NFLX,18.3,-0.31967213114754106,-0.08000430252636317,514420083731.0,-31.967213114754106,6641.0
GOOG270115P00330000,330.0,2063.0,空头卖 Put，看涨/看不跌,7.864809334236379,PUT,2136.0,73.0,8258189.0,2.762495160726372e-06,5M-10M,2027-01-15,335.260009765625,310.81500244140625,328.20001220703125,335.57000732421875,327.489990234375,40.03,39.15,39.4,103.0,0.3222418850708007,False,GOOG,54.7,-0.26819012797074954,0.07864809334236379,2989394920000.0,-26.819012797074954,2063.0
TSLA270115C00460000,460.0,949.0,空头卖 Call，看跌/看不涨,-11.205281544595117,CALL,2293.0,1344.0,8256300.0,5.812299574266915e-06,5M-10M,2027-01-15,438.9700012207031,494.364990234375,445.0299987792969,445.0299987792969,436.7099914550781,87.0,87.55,87.95,5.0,0.5606351920318604,False,TSLA,134.31,-0.3522448067902613,-0.11205281544595116,1420487690716.0,-35.22448067902613,949.0
TSLA260320P00460000,460.0,1940.0,多头买 Put，看跌,-11.205281544595117,PUT,3225.0,1285.0,8254700.0,5.811173200550016e-06,5M-10M,2026-03-20,438.9700012207031,494.364990234375,445.0299987792969,445.0299987792969,436.7099914550781,42.55,42.05,42.2,26.0,0.4430292514038085,True,TSLA,32.09,0.3259582424431285,-0.11205281544595116,1420487690716.0,32.59582424431285,1940.0
APP260320C00700000,700.0,5127.0,空头卖 Call，看跌/看不涨,-24.416269484028895,CALL,5895.0,768.0,8254470.000000001,3.643069474908962e-05,5M-10M,2026-03-20,551.594970703125,729.780029296875,532.7899780273438,558.3699951171875,530.5900268554688,16.1,15.4,16.1,35.0,0.6773408731079101,False,APP,106.0,-0.8481132075471699,-0.24416269484028894,226580087392.0,-84.81132075471699,5127.0
IREN260515C00050000,50.0,5537.0,多头买 Call，看涨,28.085313561628293,CALL,8477.0,2940.0,8250130.0,0.000724642513369992,5M-10M,2026-05-15,53.45000076293945,41.72999954223633,56.13899993896485,57.04560089111328,53.02000045776367,14.9,14.2,15.1,53.0,1.1513714306640623,True,IREN,8.0,0.8625,0.28085313561628295,11385103479.0,86.25,5537.0
BABA260618C00175000,175.0,4312.0,多头买 Call，看涨,13.252811373151834,CALL,6457.0,2145.0,8235920.000000001,2.0746005353606102e-05,5M-10M,2026-06-18,171.2949981689453,151.25010681152344,169.7899932861328,172.89999389648438,168.67999267578125,19.1,18.6,19.15,21.0,0.4846853289794922,False,BABA,8.87,1.1533258173618943,0.13252811373151835,396988232656.0,115.33258173618944,4312.0
AVGO260320P00350000,350.0,1996.0,多头买 Put，看跌,-4.434311329577715,PUT,3639.0,1643.0,8223520.000000001,5.205508128731412e-06,5M-10M,2026-03-20,324.7799987792969,339.8500061035156,319.95001220703125,328.010009765625,317.6000061035156,41.2,38.9,39.2,9.0,0.4762015270996094,True,AVGO,34.75,0.18561151079136698,-0.04434311329577715,1579772770810.0,18.5611510791367,1996.0
TSLA260515C00350000,350.0,-721.0,多头平仓 Call，减仓，看涨减弱,-11.205281544595117,CALL,1070.0,1791.0,8179745.0,5.758406111831199e-06,5M-10M,2026-05-15,438.9700012207031,494.364990234375,445.0299987792969,445.0299987792969,436.7099914550781,113.45,105.45,106.1,41.0,0.5719647296142578,True,TSLA,161.3,-0.29665220086794797,-0.11205281544595116,1420487690716.0,-29.665220086794797,-721.0
TSLA261218C00480000,480.0,1080.0,空头卖 Call，看跌/看不涨,-11.205281544595117,CALL,3650.0,2570.0,8129159.999999999,5.722795102787887e-06,5M-10M,2026-12-18,438.9700012207031,494.364990234375,445.0299987792969,445.0299987792969,436.7099914550781,75.27,76.25,76.6,11.0,0.5574003610992433,False,TSLA,122.02,-0.38313391247336503,-0.11205281544595116,1420487690716.0,-38.313391247336504,1080.0
TSM270115P00330000,330.0,1713.0,空头卖 Put，看涨/看不跌,13.562221773921,PUT,3152.0,1439.0,8097351.000000001,5.711230801462011e-06,5M-10M,2027-01-15,332.760009765625,293.0199890136719,332.7900085449219,334.17999267578125,330.2300109863281,47.27,46.1,48.0,5.0,0.381018152770996,False,TSM,65.0,-0.2727692307692307,0.13562221773921,1417794391697.0,-27.276923076923072,1713.0
AAPL270617P00260000,260.0,2703.0,多头买 Put，看跌,-6.297078450064497,PUT,3289.0,586.0,8081970.0,2.131812537310739e-06,5M-10M,2027-06-17,254.9750061035156,272.1099853515625,251.47999572753903,255.5,249.8000030517578,29.9,29.65,29.95,33.0,0.2266617861938476,True,AAPL,23.76,0.25841750841750827,-0.06297078450064497,3791126029400.0,25.841750841750827,2703.0
AVGO260320P00330000,330.0,2958.0,多头买 Put，看跌,-4.434311329577715,PUT,5733.0,2775.0,8072381.999999999,5.109837407731132e-06,5M-10M,2026-03-20,324.7799987792969,339.8500061035156,319.95001220703125,328.010009765625,317.6000061035156,27.29,27.05,27.25,151.0,0.4902089553833009,True,AVGO,24.55,0.11160896130346225,-0.04434311329577715,1579772770810.0,11.160896130346226,2958.0
BIDU270115C00130000,130.0,-1591.0,空头平仓 Call，回补信号，看涨,26.06766795942818,CALL,6559.0,8150.0,8056824.000000001,0.00017844227791428036,5M-10M,2027-01-15,156.97000122070312,124.5124969482422,158.00999450683594,159.10000610351562,155.34010314941406,50.64,43.7,46.15,7.0,0.5299424447631836,True,BIDU,22.67,1.2337891486546095,0.2606766795942818,45150869481.0,123.37891486546096,-1591.0
TSM280121C00350000,350.0,1018.0,多头买 Call，看涨,13.562221773921,CALL,2609.0,1591.0,8054416.0,5.680947849116141e-06,5M-10M,2028-01-21,332.760009765625,293.0199890136719,332.7900085449219,334.17999267578125,330.2300109863281,79.12,79.25,81.45,1.0,0.4763464841461181,False,TSM,55.24,0.4322954380883418,0.13562221773921,1417794391697.0,43.22954380883418,1018.0
ORCL260618C00190000,190.0,3522.0,空头卖 Call，看跌/看不涨,-6.701367432426979,CALL,4091.0,569.0,8047770.000000001,9.990872262469028e-06,5M-10M,2026-06-18,183.7050018310547,196.8999938964844,179.10000610351562,185.27999877929688,178.52999877929688,22.85,22.7,23.1,20.0,0.5567060931396486,False,ORCL,32.13,-0.28882664176781825,-0.06701367432426979,805512250440.0,-28.882664176781823,3522.0
FCX260618C00065000,65.0,12182.0,多头买 Call，看涨,22.3869492685865,CALL,12666.0,484.0,8040120.0,0.0001566391650403355,5M-10M,2026-06-18,62.08689880371094,50.72999954223633,63.415000915527344,63.57500076293945,61.88999938964844,6.6,6.6,6.8,236.0,0.5091601818847658,False,FCX,1.45,3.5517241379310343,0.22386949268586498,51328925291.0,355.17241379310343,12182.0
AAPL260717P00250000,250.0,5513.0,多头买 Put，看跌,-6.297078450064497,PUT,5766.0,253.0,8015901.999999999,2.114385524996285e-06,5M-10M,2026-07-17,254.9750061035156,272.1099853515625,251.47999572753903,255.5,249.8000030517578,14.54,14.5,14.65,9.0,0.2460097372436523,False,AAPL,10.07,0.44389275074478635,-0.06297078450064497,3791126029400.0,44.38927507447863,5513.0
XOM270617C00140000,140.0,6092.0,多头买 Call，看涨,13.619827932335966,CALL,6953.0,861.0,8010980.0,1.6030365817210864e-05,5M-10M,2027-06-17,134.30999755859375,118.20999908447266,136.92999267578125,136.93980407714844,134.1699981689453,13.15,12.2,12.9,2.0,0.2421340435791015,False,XOM,5.35,1.457943925233645,0.13619827932335965,499737815802.0,145.7943925233645,6092.0
C260320C00110000,110.0,10129.0,空头卖 Call，看跌/看不涨,-2.8588385239306344,CALL,21085.0,10956.0,8001910.000000001,4.2030003595437115e-05,5M-10M,2026-03-20,114.8499984741211,118.2300033569336,113.9000015258789,115.4800033569336,113.9000015258789,7.9,7.75,8.05,8.0,0.3054268676757812,True,C,11.45,-0.3100436681222707,-0.028588385239306346,190385660611.0,-31.00436681222707,10129.0
TSLA260220P00450000,450.0,2885.0,多头买 Put，看跌,-11.205281544595117,PUT,6928.0,4043.0,7997220.0,5.629911510158165e-06,5M-10M,2026-02-20,438.9700012207031,494.364990234375,445.0299987792969,445.0299987792969,436.7099914550781,27.72,27.65,27.85,338.0,0.4628044442749024,True,TSLA,20.2,0.3722772277227723,-0.11205281544595116,1420487690716.0,37.227722772277225,2885.0
GS280616C01000000,1000.0,487.0,多头买 Call，看涨,2.62173562212022,CALL,510.0,23.0,7983878.0,3.28640254174379e-05,5M-10M,2028-06-16,927.2899780273438,903.5999755859376,918.4099731445312,933.6900024414062,918.1699829101562,163.94,159.4,166.0,16.0,0.3407467964553833,False,GS,145.41,0.12743277628773814,0.0262173562212022,242936703541.0,12.743277628773814,487.0
PAAS260515C00050000,50.0,3820.0,多头买 Call，看涨,24.70959593632118,CALL,4994.0,1174.0,7983800.0,0.0005752609428540543,5M-10M,2026-05-15,67.0999984741211,53.80500030517578,69.80999755859375,69.90059661865234,66.72000122070312,20.9,19.7,21.4,60.0,0.7669701037597658,True,PAAS,9.99,1.092092092092092,0.2470959593632118,13878571280.0,109.2092092092092,3820.0
TSLA260320P00430000,430.0,3096.0,多头买 Put，看跌,-11.205281544595117,PUT,4755.0,1659.0,7975296.000000001,5.6144773743023675e-06,5M-10M,2026-03-20,438.9700012207031,494.364990234375,445.0299987792969,445.0299987792969,436.7099914550781,25.76,25.45,25.6,63.0,0.4483392568969726,False,TSLA,20.6,0.25048543689320385,-0.11205281544595116,1420487690716.0,25.048543689320386,3096.0
CRWD260618C00470000,470.0,1541.0,空头卖 Call，看跌/看不涨,-3.740616795730555,CALL,1799.0,258.0,7962347.0,6.590538122224633e-05,5M-10M,2026-06-18,465.5199890136719,483.6099853515625,454.05999755859375,467.1531066894531,452.6600036621094,51.67,51.15,52.9,234.0,0.4718375570678711,False,CRWD,66.9,-0.2276532137518685,-0.03740616795730555,120814823499.0,-22.76532137518685,1541.0
NVDA260130P00190000,190.0,15535.0,空头卖 Put，看涨/看不跌,2.1185640497970435,PUT,15912.0,377.0,7953920.0,1.8369258134552358e-06,5M-10M,2026-01-30,186.8105926513672,182.93499755859372,187.07000732421875,189.1199951171875,186.00999450683597,5.12,5.1,5.15,6970.0,0.3833069482421875,True,NVDA,11.7,-0.5623931623931624,0.021185640497970434,4330017000000.0,-56.23931623931624,15535.0
COIN260220P00250000,250.0,2031.0,多头买 Put，看跌,-14.706468788280283,PUT,4718.0,2687.0,7953395.999999999,9.902592809723517e-05,5M-10M,2026-02-20,213.5749969482422,250.3999938964844,212.10499572753903,215.63999938964844,210.88999938964844,39.16,38.55,40.2,10.0,0.5836223278808592,True,COIN,21.2,0.8471698113207546,-0.14706468788280283,80316298497.0,84.71698113207546,2031.0
AMD270115C00250000,250.0,1301.0,多头买 Call，看涨,17.781399838657244,CALL,5162.0,3861.0,7945207.000000001,3.070271391126658e-05,5M-10M,2027-01-15,252.6999969482422,214.5500030517578,256.7449951171875,258.2898864746094,250.30999755859372,61.07,60.55,61.0,187.0,0.609226319885254,True,AMD,36.81,0.6590600380331431,0.17781399838657244,258778654648.0,65.9060038033143,1301.0
NKE270115P00062500,62.5,9896.0,空头卖 Put，看涨/看不跌,12.928383924647823,PUT,12442.0,2546.0,7916800.0,7.733955295947197e-05,5M-10M,2027-01-15,64.94499969482422,57.5098991394043,64.80999755859375,65.4271011352539,64.77999877929688,8.0,7.1,7.5,2.0,0.347540704345703,False,NKE,9.7,-0.17525773195876282,0.12928383924647824,102364181031.0,-17.525773195876283,9896.0
NFLX260320C00090000,90.0,27615.0,空头卖 Call，看跌/看不涨,-8.000430252636317,CALL,31661.0,4046.0,7897889.999999999,1.535299699560322e-05,5M-10M,2026-03-20,86.00579833984375,93.48500061035156,86.91000366210938,86.94000244140625,85.3499984741211,2.86,2.86,2.87,4269.0,0.3405827661132812,False,NFLX,9.0,-0.6822222222222223,-0.08000430252636317,514420083731.0,-68.22222222222223,27615.0
NFLX260618P00090000,90.0,8487.0,多头买 Put，看跌,-8.000430252636317,PUT,20319.0,11832.0,7892910.000000001,1.534331619161151e-05,5M-10M,2026-06-18,86.00579833984375,93.48500061035156,86.91000366210938,86.94000244140625,85.3499984741211,9.3,9.1,9.35,12.0,0.326056544189453,True,NFLX,7.13,0.30434782608695665,-0.08000430252636317,514420083731.0,30.434782608695667,8487.0
GOOG270115P00350000,350.0,1518.0,空头卖 Put，看涨/看不跌,7.864809334236379,PUT,1571.0,53.0,7886010.000000001,2.637995384029087e-06,5M-10M,2027-01-15,335.260009765625,310.81500244140625,328.20001220703125,335.57000732421875,327.489990234375,51.95,49.65,49.95,2.0,0.3142921354675292,True,GOOG,62.7,-0.17145135566188197,0.07864809334236379,2989394920000.0,-17.145135566188195,1518.0
TSLA260320C00460000,460.0,3290.0,空头卖 Call，看跌/看不涨,-11.205281544595117,CALL,7942.0,4652.0,7830200.0,5.512332173785448e-06,5M-10M,2026-03-20,438.9700012207031,494.364990234375,445.0299987792969,445.0299987792969,436.7099914550781,23.8,23.7,23.85,174.0,0.4840749835205078,False,TSLA,69.99,-0.6599514216316616,-0.11205281544595116,1420487690716.0,-65.99514216316616,3290.0
AMD260220C00220000,220.0,2217.0,多头买 Call，看涨,17.781399838657244,CALL,8411.0,6194.0,7826009.999999999,3.024210018652898e-05,5M-10M,2026-02-20,252.6999969482422,214.5500030517578,256.7449951171875,258.2898864746094,250.30999755859372,35.3,37.1,38.1,27.0,0.6419103192138673,True,AMD,15.52,1.2744845360824741,0.17781399838657244,258778654648.0,127.44845360824742,2217.0
TSLA260717P00390000,390.0,2389.0,多头买 Put，看跌,-11.205281544595117,PUT,3322.0,933.0,7823975.0,5.507949876043141e-06,5M-10M,2026-07-17,438.9700012207031,494.364990234375,445.0299987792969,445.0299987792969,436.7099914550781,32.75,32.6,32.75,7.0,0.4745688529968262,False,TSLA,30.65,0.06851549755301799,-0.11205281544595116,1420487690716.0,6.851549755301798,2389.0
FCX260618C00055000,55.0,6581.0,多头买 Call，看涨,22.3869492685865,CALL,23455.0,16874.0,7811647.0,0.0001521880100881382,5M-10M,2026-06-18,62.08689880371094,50.72999954223633,63.415000915527344,63.57500076293945,61.88999938964844,11.87,11.65,12.15,9.0,0.5384567639160158,True,FCX,3.65,2.252054794520548,0.22386949268586498,51328925291.0,225.2054794520548,6581.0
AMD260220C00210000,210.0,1793.0,多头买 Call，看涨,17.781399838657244,CALL,8567.0,6774.0,7810308.0,3.0181422848124243e-05,5M-10M,2026-02-20,252.6999969482422,214.5500030517578,256.7449951171875,258.2898864746094,250.30999755859372,43.56,45.35,46.8,20.0,0.6724886267089845,True,AMD,20.5,1.124878048780488,0.17781399838657244,258778654648.0,112.48780487804879,1793.0
ORCL260320C00190000,190.0,5785.0,空头卖 Call，看跌/看不涨,-6.701367432426979,CALL,12479.0,6694.0,7809750.0,9.695383274101705e-06,5M-10M,2026-03-20,183.7050018310547,196.8999938964844,179.10000610351562,185.27999877929688,178.52999877929688,13.5,13.45,13.9,346.0,0.5816081878662109,False,ORCL,23.7,-0.430379746835443,-0.06701367432426979,805512250440.0,-43.0379746835443,5785.0
NU280121P00013000,13.0,50327.0,空头卖 Put，看涨/看不跌,10.587160496864625,PUT,50476.0,149.0,7800685.000000001,0.00010258871280556804,5M-10M,2028-01-21,18.174999237060547,16.434999465942383,18.049999237060547,18.239999771118164,17.899999618530273,1.55,1.38,1.77,10.0,0.4460504614257812,False,NU,2.09,-0.2583732057416267,0.10587160496864625,76038433339.0,-25.83732057416267,50327.0
AMD260821P00250000,250.0,2044.0,空头卖 Put，看涨/看不跌,17.781399838657244,PUT,2390.0,346.0,7791728.0,3.0109624036026418e-05,5M-10M,2026-08-21,252.6999969482422,214.5500030517578,256.7449951171875,258.2898864746094,250.30999755859372,38.12,37.4,37.75,14.0,0.518284846496582,False,AMD,57.27,-0.33438100226994943,0.17781399838657244,258778654648.0,-33.43810022699494,2044.0
IREN260220C00047000,47.0,7546.0,多头买 Call，看涨,28.085313561628293,CALL,8915.0,1369.0,7772380.0,0.0006826797854175218,5M-10M,2026-02-20,53.45000076293945,41.72999954223633,56.13899993896485,57.04560089111328,53.02000045776367,10.3,9.95,10.75,328.0,1.236331943359375,True,IREN,5.2,0.9807692307692308,0.28085313561628295,11385103479.0,98.07692307692308,7546.0
NVDA280121C00200000,200.0,1567.0,多头买 Call，看涨,2.1185640497970435,CALL,20748.0,19181.0,7756650.0,1.7913671008681952e-06,5M-10M,2028-01-21,186.8105926513672,182.93499755859372,187.07000732421875,189.1199951171875,186.00999450683597,49.5,49.2,49.6,38.0,0.5237779556274414,False,NVDA,47.13,0.05028644175684272,0.021185640497970434,4330017000000.0,5.028644175684272,1567.0
AMZN260220P00240000,240.0,7346.0,空头卖 Put，看涨/看不跌,5.18471414096742,PUT,10318.0,2972.0,7750030.0,3.3064193536659255e-06,5M-10M,2026-02-20,239.9499969482422,228.12249755859372,239.97999572753903,240.9499969482422,237.5399932861328,10.55,10.45,10.6,196.0,0.413946290283203,True,AMZN,18.78,-0.4382321618743344,0.0518471414096742,2343934380679.0,-43.82321618743344,7346.0
MU280121P00300000,300.0,984.0,空头卖 Put，看涨/看不跌,42.91124578171335,PUT,993.0,9.0,7739160.000000001,4.3971299624993175e-05,5M-10M,2028-01-21,389.4330139160156,272.4999084472656,395.6300048828125,398.0,384.2999877929688,78.65,78.2,79.15,4.0,0.6325872923278808,False,MU,101.35,-0.22397631968426235,0.4291124578171335,176004804634.0,-22.397631968426236,984.0
NKE280121C00070000,70.0,6573.0,多头买 Call，看涨,12.928383924647823,CALL,7614.0,1041.0,7723275.0,7.544899907577125e-05,5M-10M,2028-01-21,64.94499969482422,57.5098991394043,64.80999755859375,65.4271011352539,64.77999877929688,11.75,11.7,12.5,238.0,0.3975279974365234,False,NKE,7.5,0.5666666666666667,0.12928383924647824,102364181031.0,56.666666666666664,6573.0
NVDA260320P00170000,170.0,14031.0,空头卖 Put，看涨/看不跌,2.1185640497970435,PUT,52738.0,38707.0,7717050.0,1.782221640238364e-06,5M-10M,2026-03-20,186.8105926513672,182.93499755859372,187.07000732421875,189.1199951171875,186.00999450683597,5.5,5.45,5.55,1383.0,0.4456232196044921,False,NVDA,8.41,-0.3460166468489893,0.021185640497970434,4330017000000.0,-34.60166468489893,14031.0
TSLA260220C00450000,450.0,4291.0,空头卖 Call，看跌/看不涨,-11.205281544595117,CALL,10685.0,6394.0,7702345.0,5.4223243540516815e-06,5M-10M,2026-02-20,438.9700012207031,494.364990234375,445.0299987792969,445.0299987792969,436.7099914550781,17.95,17.85,18.0,941.0,0.4885305053710938,False,TSLA,68.3,-0.7371888726207906,-0.11205281544595116,1420487690716.0,-73.71888726207906,4291.0
AVGO260320C00380000,380.0,8242.0,空头卖 Call，看跌/看不涨,-4.434311329577715,CALL,14530.0,6288.0,7689786.0,4.86765321069384e-06,5M-10M,2026-03-20,324.7799987792969,339.8500061035156,319.95001220703125,328.010009765625,317.6000061035156,9.33,9.25,9.35,152.0,0.5359848648071289,False,AVGO,17.75,-0.4743661971830986,-0.04434311329577715,1579772770810.0,-47.436619718309856,8242.0
FLNC260515C00025000,25.0,10134.0,多头买 Call，看涨,33.167577691969775,CALL,10535.0,401.0,7671438.0,0.0035292908100390866,5M-10M,2026-05-15,26.780000686645508,20.11000061035156,26.6200008392334,27.540000915527344,25.70120048522949,7.57,6.4,7.7,2.0,1.0957076464843751,True,FLNC,3.72,1.0349462365591398,0.33167577691969774,2173648592.0,103.49462365591397,10134.0
VALE260320C00014000,14.0,33146.0,多头买 Call，看涨,20.904599436117845,CALL,45340.0,12194.0,7656725.999999999,0.00016763151825447632,5M-10M,2026-03-20,15.904999732971191,13.154999732971191,16.270000457763672,16.350000381469727,15.880000114440918,2.31,2.09,2.37,78.0,0.51562984375,True,VALE,0.41,4.634146341463415,0.20904599436117846,45675933021.0,463.41463414634154,33146.0
NVDA260417P00180000,180.0,6948.0,空头卖 Put，看涨/看不跌,2.1185640497970435,PUT,15820.0,8872.0,7656695.999999999,1.7682831268329892e-06,5M-10M,2026-04-17,186.8105926513672,182.93499755859372,187.07000732421875,189.1199951171875,186.00999450683597,11.02,10.95,11.1,104.0,0.4124814611816406,False,NVDA,14.3,-0.22937062937062944,0.021185640497970434,4330017000000.0,-22.937062937062944,6948.0
COIN270115C00200000,200.0,1284.0,空头卖 Call，看跌/看不涨,-14.706468788280283,CALL,2332.0,1048.0,7639800.0,9.512141549059764e-05,5M-10M,2027-01-15,213.5749969482422,250.3999938964844,212.10499572753903,215.63999938964844,210.88999938964844,59.5,58.4,60.0,14.0,0.6521641229248047,True,COIN,86.0,-0.3081395348837209,-0.14706468788280283,80316298497.0,-30.813953488372093,1284.0
META270115C00650000,650.0,626.0,多头买 Call，看涨,1.8905747608431493,CALL,3144.0,2518.0,7637200.0,4.087550125608291e-06,5M-10M,2027-01-15,671.52001953125,659.0599975585938,665.2249755859375,674.97998046875,661.2855224609375,122.0,121.45,122.95,93.0,0.4331187670135498,True,META,113.85,0.07158541941150642,0.018905747608431493,1868405222031.0,7.158541941150642,626.0
TSLA260515P00470000,470.0,1202.0,多头买 Put，看跌,-11.205281544595117,PUT,1521.0,319.0,7621881.999999999,5.365679723812441e-06,5M-10M,2026-05-15,438.9700012207031,494.364990234375,445.0299987792969,445.0299987792969,436.7099914550781,63.41,62.8,63.0,8.0,0.4615837533569337,True,TSLA,50.5,0.2556435643564356,-0.11205281544595116,1420487690716.0,25.56435643564356,1202.0
MU270115C00340000,340.0,567.0,多头买 Call，看涨,42.91124578171335,CALL,1006.0,439.0,7614810.000000001,4.326478482127185e-05,5M-10M,2027-01-15,389.4330139160156,272.4999084472656,395.6300048828125,398.0,384.2999877929688,134.3,131.6,135.5,5.0,0.7646050151062012,True,MU,50.35,1.6673286991062566,0.4291124578171335,176004804634.0,166.73286991062565,567.0
MU270115P00300000,300.0,1488.0,空头卖 Put，看涨/看不跌,42.91124578171335,PUT,1582.0,94.0,7588800.0,4.3117004764618917e-05,5M-10M,2027-01-15,389.4330139160156,272.4999084472656,395.6300048828125,398.0,384.2999877929688,51.0,50.85,51.6,35.0,0.6711611253356935,False,MU,80.78,-0.36865560782371876,0.4291124578171335,176004804634.0,-36.86556078237187,1488.0
MU270617C00300000,300.0,419.0,多头买 Call，看涨,42.91124578171335,CALL,478.0,59.0,7581804.999999999,4.3077261531389875e-05,5M-10M,2027-06-17,389.4330139160156,272.4999084472656,395.6300048828125,398.0,384.2999877929688,180.95,168.65,172.0,61.0,0.7717765742492677,True,MU,75.17,1.4072103232672606,0.4291124578171335,176004804634.0,140.72103232672606,419.0
TSLA280616C00450000,450.0,468.0,空头卖 Call，看跌/看不涨,-11.205281544595117,CALL,914.0,446.0,7576920.0,5.334027214400454e-06,5M-10M,2028-06-16,438.9700012207031,494.364990234375,445.0299987792969,445.0299987792969,436.7099914550781,161.9,153.7,155.6,21.0,0.6050454534912111,False,TSLA,206.06,-0.2143065126662137,-0.11205281544595116,1420487690716.0,-21.43065126662137,468.0
AMZN260130C00210000,210.0,2554.0,多头买 Call，看涨,5.18471414096742,CALL,2591.0,37.0,7572609.999999999,3.230726108384628e-06,5M-10M,2026-01-30,239.9499969482422,228.12249755859372,239.97999572753903,240.9499969482422,237.5399932861328,29.65,29.1,30.1,6.0,0.584965087890625,True,AMZN,20.5,0.4463414634146341,0.0518471414096742,2343934380679.0,44.634146341463406,2554.0
TSLA260130P00440000,440.0,5407.0,多头买 Put，看跌,-11.205281544595117,PUT,5959.0,552.0,7569800.0,5.329014851360257e-06,5M-10M,2026-01-30,438.9700012207031,494.364990234375,445.0299987792969,445.0299987792969,436.7099914550781,14.0,13.95,14.0,17218.0,0.6553989538574221,True,TSLA,11.74,0.19250425894378193,-0.11205281544595116,1420487690716.0,19.250425894378193,5407.0
TSLA260618C00445000,445.0,1409.0,空头卖 Call，看跌/看不涨,-11.205281544595117,CALL,1626.0,217.0,7566330.0,5.3265720283617344e-06,5M-10M,2026-06-18,438.9700012207031,494.364990234375,445.0299987792969,445.0299987792969,436.7099914550781,53.7,54.7,54.9,23.0,0.5239610592651367,False,TSLA,98.78,-0.45636768576634945,-0.11205281544595116,1420487690716.0,-45.63676857663494,1409.0
MU270617C00290000,290.0,420.0,多头买 Call，看涨,42.91124578171335,CALL,681.0,261.0,7560420.0,4.295575916647166e-05,5M-10M,2027-06-17,389.4330139160156,272.4999084472656,395.6300048828125,398.0,384.2999877929688,180.01,172.85,177.5,1.0,0.7750876983642578,True,MU,73.97,1.4335541435717183,0.4291124578171335,176004804634.0,143.35541435717184,420.0
HOOD270115P00115000,115.0,2737.0,多头买 Put，看跌,-11.432667861511646,PUT,3272.0,535.0,7513064.999999999,6.991039203949974e-05,5M-10M,2027-01-15,108.18499755859376,122.1500015258789,106.23999786376952,108.48999786376952,104.83000183105467,27.45,27.2,28.0,1.0,0.5547224703979493,True,HOOD,25.1,0.09362549800796803,-0.11432667861511646,107467070071.0,9.362549800796803,2737.0
MSFT260220C00465000,465.0,3725.0,空头卖 Call，看跌/看不涨,-2.7752085298737206,CALL,4221.0,496.0,7505875.0,1.974312064545009e-06,5M-10M,2026-02-20,472.4249877929688,485.9100036621094,465.3049926757813,473.1000061035156,462.0,20.15,20.4,20.6,565.0,0.3337468969726562,True,MSFT,35.4,-0.4307909604519774,-0.027752085298737208,3801767276203.0,-43.07909604519774,3725.0
MU270115C00300000,300.0,483.0,多头买 Call，看涨,42.91124578171335,CALL,1990.0,1507.0,7486500.0,4.253577063176254e-05,5M-10M,2027-01-15,389.4330139160156,272.4999084472656,395.6300048828125,398.0,384.2999877929688,155.0,151.15,154.95,48.0,0.7759726992797852,True,MU,62.32,1.4871630295250322,0.4291124578171335,176004804634.0,148.7163029525032,483.0
AMZN260320P00290000,290.0,1277.0,空头卖 Put，看涨/看不跌,5.18471414096742,PUT,1277.0,0.0,7481943.000000001,3.1920445647597877e-06,5M-10M,2026-03-20,239.9499969482422,228.12249755859372,239.97999572753903,240.9499969482422,237.5399932861328,58.59,50.5,51.1,46.0,0.3336248278808594,True,AMZN,67.04,-0.1260441527446301,0.0518471414096742,2343934380679.0,-12.60441527446301,1277.0
AVGO280121C00250000,250.0,575.0,空头卖 Call，看跌/看不涨,-4.434311329577715,CALL,714.0,139.0,7454875.0,4.71895397727209e-06,5M-10M,2028-01-21,324.7799987792969,339.8500061035156,319.95001220703125,328.010009765625,317.6000061035156,129.65,129.8,133.4,4.0,0.5700574000549317,True,AVGO,144.0,-0.09965277777777774,-0.04434311329577715,1579772770810.0,-9.965277777777775,575.0
GOOG270115C00340000,340.0,1513.0,多头买 Call，看涨,7.864809334236379,CALL,1933.0,420.0,7436395.0,2.4875920375217604e-06,5M-10M,2027-01-15,335.260009765625,310.81500244140625,328.20001220703125,335.57000732421875,327.489990234375,49.15,49.2,49.55,3.0,0.3929504064941406,False,GOOG,36.44,0.3487925356750824,0.07864809334236379,2989394920000.0,34.879253567508236,1513.0
COIN260320P00230000,230.0,2748.0,多头买 Put，看跌,-14.706468788280283,PUT,5324.0,2576.0,7433340.000000001,9.255082889903913e-05,5M-10M,2026-03-20,213.5749969482422,250.3999938964844,212.10499572753903,215.63999938964844,210.88999938964844,27.05,27.7,28.25,43.0,0.5480391876220705,True,COIN,16.91,0.5996451803666469,-0.14706468788280283,80316298497.0,59.96451803666469,2748.0
NVDA270115P00150000,150.0,5344.0,空头卖 Put，看涨/看不跌,2.1185640497970435,PUT,23596.0,18252.0,7428160.000000001,1.7155036573759411e-06,5M-10M,2027-01-15,186.8105926513672,182.93499755859372,187.07000732421875,189.1199951171875,186.00999450683597,13.9,13.9,14.05,190.0,0.4399470068359374,False,NVDA,14.9,-0.06711409395973154,0.021185640497970434,4330017000000.0,-6.7114093959731544,5344.0
AAPL260320C00260000,260.0,8998.0,空头卖 Call，看跌/看不涨,-6.297078450064497,CALL,19481.0,10483.0,7423350.0,1.95808578834686e-06,5M-10M,2026-03-20,254.9750061035156,272.1099853515625,251.47999572753903,255.5,249.8000030517578,8.25,8.25,8.35,3435.0,0.269965796508789,False,AAPL,21.35,-0.6135831381733021,-0.06297078450064497,3791126029400.0,-61.35831381733021,8998.0
ANET280121C00155000,155.0,2002.0,多头买 Call，看涨,10.170915671729023,CALL,2070.0,68.0,7397390.000000001,4.130236185714857e-05,5M-10M,2028-01-21,144.38999938964844,131.05999755859375,139.32000732421875,146.40499877929688,139.3300018310547,36.95,36.5,39.75,55.0,0.5250291638183593,False,ANET,28.8,0.28298611111111116,0.10170915671729024,179103316793.0,28.298611111111114,2002.0
FCX260220C00060000,60.0,15171.0,多头买 Call，看涨,22.3869492685865,CALL,19638.0,4467.0,7388277.0,0.0001439398342769405,5M-10M,2026-02-20,62.08689880371094,50.72999954223633,63.415000915527344,63.57500076293945,61.88999938964844,4.87,4.7,5.0,869.0,0.5717816259765626,True,FCX,0.55,7.8545454545454545,0.22386949268586498,51328925291.0,785.4545454545455,15171.0
PLTR270115C00155000,155.0,1598.0,空头卖 Call，看跌/看不涨,-12.37863350817816,CALL,2362.0,764.0,7377966.0,1.751417480900748e-05,5M-10M,2027-01-15,169.2100067138672,193.1150054931641,168.2100067138672,170.58970642089844,168.02000427246094,46.17,45.95,46.85,21.0,0.619388571777344,True,PLTR,68.42,-0.32519731072785735,-0.12378633508178159,421256843697.0,-32.51973107278573,1598.0
INTC260220P00045000,45.0,20730.0,空头卖 Put，看涨/看不跌,17.020573110311542,PUT,21030.0,300.0,7359150.0,4.736120630568883e-05,5M-10M,2026-02-20,42.73099899291992,36.51580047607422,44.27999877929688,44.459999084472656,42.310001373291016,3.55,3.45,3.6,772.0,0.49023947265625,True,INTC,8.72,-0.5928899082568808,0.17020573110311543,155383500000.0,-59.28899082568808,20730.0
NVDA260320P00200000,200.0,3745.0,空头卖 Put，看涨/看不跌,2.1185640497970435,PUT,15782.0,12037.0,7340200.0,1.6951896493708917e-06,5M-10M,2026-03-20,186.8105926513672,182.93499755859372,187.07000732421875,189.1199951171875,186.00999450683597,19.6,19.45,19.55,311.0,0.4001524829101562,True,NVDA,23.53,-0.16702082447938799,0.021185640497970434,4330017000000.0,-16.7020824479388,3745.0
TSM260515C00300000,300.0,1485.0,多头买 Call，看涨,13.562221773921,CALL,2320.0,835.0,7328475.0,5.168926498029331e-06,5M-10M,2026-05-15,332.760009765625,293.0199890136719,332.7900085449219,334.17999267578125,330.2300109863281,49.35,48.4,50.65,22.0,0.4584404742431641,True,TSM,26.86,0.8373045420699926,0.13562221773921,1417794391697.0,83.73045420699926,1485.0
AMZN260220C00230000,230.0,-4341.0,空头平仓 Call，回补信号，看涨,5.18471414096742,CALL,16793.0,21134.0,7271175.0,3.1021239587320095e-06,5M-10M,2026-02-20,239.9499969482422,228.12249755859372,239.97999572753903,240.9499969482422,237.5399932861328,16.75,16.4,16.55,292.0,0.4345149322509766,True,AMZN,11.75,0.425531914893617,0.0518471414096742,2343934380679.0,42.5531914893617,-4341.0
SHOP260220P00175000,175.0,1945.0,多头买 Put，看跌,-19.289201919626173,PUT,3287.0,1342.0,7254850.0,3.981010646305808e-05,5M-10M,2026-02-20,137.85000610351562,170.7949981689453,136.72999572753906,138.13999938964844,135.84010314941406,37.3,37.55,40.3,3.0,0.7512231909179687,True,SHOP,16.45,1.2674772036474162,-0.19289201919626173,182236387806.0,126.74772036474162,1945.0
AMZN260220C00240000,240.0,6758.0,多头买 Call，看涨,5.18471414096742,CALL,30583.0,23825.0,7231059.999999999,3.0850095717719187e-06,5M-10M,2026-02-20,239.9499969482422,228.12249755859372,239.97999572753903,240.9499969482422,237.5399932861328,10.7,10.7,10.8,643.0,0.4240780249023437,False,AMZN,7.6,0.40789473684210525,0.0518471414096742,2343934380679.0,40.78947368421053,6758.0
SOFI280616C00020000,20.0,5671.0,空头卖 Call，看跌/看不涨,-5.307462927481375,CALL,6969.0,1298.0,7230525.0,0.00021580658745477363,5M-10M,2028-06-16,25.8700008392334,27.31999969482422,25.899999618530277,26.399999618530277,25.770000457763672,12.75,12.7,13.05,31.0,0.7219266088867188,True,SOFI,14.5,-0.1206896551724138,-0.05307462927481375,33504653798.0,-12.068965517241379,5671.0
PAAS260417C00049000,49.0,3299.0,多头买 Call，看涨,24.70959593632118,CALL,3371.0,72.0,7224809.999999999,0.0005205730369675343,5M-10M,2026-04-17,67.0999984741211,53.80500030517578,69.80999755859375,69.90059661865234,66.72000122070312,21.9,19.7,22.0,2.0,0.8383805224609374,True,PAAS,9.75,1.246153846153846,0.2470959593632118,13878571280.0,124.6153846153846,3299.0
NVDA260717P00150000,150.0,10241.0,空头卖 Put，看涨/看不跌,2.1185640497970435,PUT,11677.0,1436.0,7219905.0,1.6674080032480242e-06,5M-10M,2026-07-17,186.8105926513672,182.93499755859372,187.07000732421875,189.1199951171875,186.00999450683597,7.05,7.15,7.25,34.0,0.4503228796386719,False,NVDA,8.55,-0.17543859649122817,0.021185640497970434,4330017000000.0,-17.543859649122815,10241.0
AMZN260618C00270000,270.0,6674.0,多头买 Call，看涨,5.18471414096742,CALL,14783.0,8109.0,7207920.000000001,3.0751372817493222e-06,5M-10M,2026-06-18,239.9499969482422,228.12249755859372,239.97999572753903,240.9499969482422,237.5399932861328,10.8,10.65,10.75,221.0,0.3561160580444336,False,AMZN,8.14,0.32678132678132676,0.0518471414096742,2343934380679.0,32.67813267813268,6674.0
TSLA270617P00410000,410.0,914.0,多头买 Put，看跌,-11.205281544595117,PUT,1344.0,430.0,7165760.000000001,5.044577328500526e-06,5M-10M,2027-06-17,438.9700012207031,494.364990234375,445.0299987792969,445.0299987792969,436.7099914550781,78.4,79.75,80.35,1.0,0.4777731666564941,False,TSLA,74.5,0.05234899328859068,-0.11205281544595116,1420487690716.0,5.234899328859068,914.0
AMZN270617C00265000,265.0,2105.0,多头买 Call，看涨,5.18471414096742,CALL,3042.0,937.0,7142264.999999999,3.047126685317445e-06,5M-10M,2027-06-17,239.9499969482422,228.12249755859372,239.97999572753903,240.9499969482422,237.5399932861328,33.93,34.35,34.65,6.0,0.3915923878479003,False,AMZN,29.95,0.1328881469115192,0.0518471414096742,2343934380679.0,13.28881469115192,2105.0
CRM260618P00230000,230.0,3479.0,多头买 Put，看跌,-13.076838017837627,PUT,6972.0,3493.0,7138908.0,3.0804966278504996e-05,5M-10M,2026-06-18,228.8600006103516,263.2900085449219,229.42999267578125,230.8699951171875,227.5850067138672,20.52,20.25,20.75,50.0,0.3523013989257812,True,CRM,10.0,1.052,-0.13076838017837628,231745360000.0,105.2,3479.0
MSFT260220C00470000,470.0,4066.0,空头卖 Call，看跌/看不涨,-2.7752085298737206,CALL,4568.0,502.0,7123631.999999999,1.8737685614240697e-06,5M-10M,2026-02-20,472.4249877929688,485.9100036621094,465.3049926757813,473.1000061035156,462.0,17.52,17.7,17.85,415.0,0.3316106878662109,True,MSFT,30.8,-0.4311688311688312,-0.027752085298737208,3801767276203.0,-43.11688311688312,4066.0
TSLA261218P00380000,380.0,1486.0,多头买 Put，看跌,-11.205281544595117,PUT,3876.0,2390.0,7120912.0,5.013005073215867e-06,5M-10M,2026-12-18,438.9700012207031,494.364990234375,445.0299987792969,445.0299987792969,436.7099914550781,47.92,48.0,48.3,604.0,0.4842123112487793,False,TSLA,44.26,0.08269317668323552,-0.11205281544595116,1420487690716.0,8.269317668323552,1486.0
NEM260618C00110000,110.0,2692.0,多头买 Call，看涨,21.630742833192862,CALL,3396.0,704.0,7079960.000000001,7.560599477089823e-05,5M-10M,2026-06-18,127.83999633789062,105.1050033569336,127.70999908447266,129.24989318847656,125.72000122070312,26.3,25.7,27.15,136.0,0.5385788330078126,True,NEM,10.95,1.401826484018265,0.21630742833192862,93642839056.0,140.1826484018265,2692.0
TSLA260130C00445000,445.0,6492.0,空头卖 Call，看跌/看不涨,-11.205281544595117,CALL,6752.0,260.0,7076280.0,4.9815848783829905e-06,5M-10M,2026-01-30,438.9700012207031,494.364990234375,445.0299987792969,445.0299987792969,436.7099914550781,10.9,10.9,10.95,12034.0,0.6657748266601564,False,TSLA,63.92,-0.8294743429286608,-0.11205281544595116,1420487690716.0,-82.94743429286609,6492.0
AMD260417C00210000,210.0,1326.0,多头买 Call，看涨,17.781399838657244,CALL,2699.0,1373.0,7071558.0,2.73266665274962e-05,5M-10M,2026-04-17,252.6999969482422,214.5500030517578,256.7449951171875,258.2898864746094,250.30999755859372,53.33,53.05,54.0,6.0,0.6168251208496094,True,AMD,28.0,0.9046428571428571,0.17781399838657244,258778654648.0,90.46428571428571,1326.0
NFLX260320P00090000,90.0,11274.0,多头买 Put，看跌,-8.000430252636317,PUT,20639.0,9365.0,7057523.999999999,1.3719378817430682e-05,5M-10M,2026-03-20,86.00579833984375,93.48500061035156,86.91000366210938,86.94000244140625,85.3499984741211,6.26,6.1,6.3,235.0,0.2954172021484375,True,NFLX,4.7,0.3319148936170212,-0.08000430252636317,514420083731.0,33.19148936170212,11274.0
AAPL280317P00300000,300.0,1108.0,多头买 Put，看跌,-6.297078450064497,PUT,1113.0,5.0,7025828.0,1.853229870364383e-06,5M-10M,2028-03-17,254.9750061035156,272.1099853515625,251.47999572753903,255.5,249.8000030517578,63.41,57.75,58.25,1.0,0.1903309727478027,True,AAPL,49.3,0.28620689655172415,-0.06297078450064497,3791126029400.0,28.620689655172416,1108.0
NFLX260220P00110000,110.0,-2898.0,空头平仓 Put，回补，看跌信号减弱,-8.000430252636317,PUT,314.0,3212.0,6995772.0,1.3599336847933452e-05,5M-10M,2026-02-20,86.00579833984375,93.48500061035156,86.91000366210938,86.94000244140625,85.3499984741211,24.14,23.75,24.35,4.0,0.5776409423828125,True,NFLX,17.05,0.4158357771260997,-0.08000430252636317,514420083731.0,41.58357771260997,-2898.0
GOOG260618P00320000,320.0,3204.0,空头卖 Put，看涨/看不跌,7.864809334236379,PUT,4234.0,1030.0,6984720.0,2.336499588351478e-06,5M-10M,2026-06-18,335.260009765625,310.81500244140625,328.20001220703125,335.57000732421875,327.489990234375,21.8,21.0,21.15,6.0,0.3433598379516601,False,GOOG,33.3,-0.3453453453453453,0.07864809334236379,2989394920000.0,-34.53453453453453,3204.0
META260618C00640000,640.0,803.0,多头买 Call，看涨,1.8905747608431493,CALL,2025.0,1222.0,6978070.000000001,3.734773333813891e-06,5M-10M,2026-06-18,671.52001953125,659.0599975585938,665.2249755859375,674.97998046875,661.2855224609375,86.9,86.75,87.55,16.0,0.4308223422241212,True,META,81.69,0.06377769616844177,0.018905747608431493,1868405222031.0,6.377769616844177,803.0
MSFT261218C00480000,480.0,1366.0,空头卖 Call，看跌/看不涨,-2.7752085298737206,CALL,3976.0,2610.0,6973430.0,1.834260093628005e-06,5M-10M,2026-12-18,472.4249877929688,485.9100036621094,465.3049926757813,473.1000061035156,462.0,51.05,51.8,52.1,106.0,0.3114921756744384,False,MSFT,62.38,-0.18162872715613987,-0.027752085298737208,3801767276203.0,-18.162872715613986,1366.0
TSLA280616C00400000,400.0,402.0,空头卖 Call，看跌/看不涨,-11.205281544595117,CALL,1300.0,898.0,6964650.0,4.9029991921221455e-06,5M-10M,2028-06-16,438.9700012207031,494.364990234375,445.0299987792969,445.0299987792969,436.7099914550781,173.25,172.35,174.15,4.0,0.6135750312805177,True,TSLA,226.15,-0.23391554278133983,-0.11205281544595116,1420487690716.0,-23.391554278133984,402.0
TSLA260918P00440000,440.0,1064.0,多头买 Put，看跌,-11.205281544595117,PUT,2376.0,1312.0,6954303.999999999,4.895715778075251e-06,5M-10M,2026-09-18,438.9700012207031,494.364990234375,445.0299987792969,445.0299987792969,436.7099914550781,65.36,65.95,66.2,32.0,0.4687171659088135,True,TSLA,58.0,0.1268965517241379,-0.11205281544595116,1420487690716.0,12.689655172413792,1064.0
INTC260918P00045000,45.0,8273.0,空头卖 Put，看涨/看不跌,17.020573110311542,PUT,8737.0,464.0,6949320.0,4.472366757088108e-05,5M-10M,2026-09-18,42.73099899291992,36.51580047607422,44.27999877929688,44.459999084472656,42.310001373291016,8.4,8.4,8.4,11.0,0.5163622583007812,True,INTC,11.3,-0.25663716814159293,0.17020573110311543,155383500000.0,-25.663716814159294,8273.0
NVDA260417P00185000,185.0,5269.0,空头卖 Put，看涨/看不跌,2.1185640497970435,PUT,8854.0,3585.0,6934003.999999999,1.601380317906373e-06,5M-10M,2026-04-17,186.8105926513672,182.93499755859372,187.07000732421875,189.1199951171875,186.00999450683597,13.16,13.25,13.35,510.0,0.406683179321289,False,NVDA,16.67,-0.2105578884223156,0.021185640497970434,4330017000000.0,-21.05578884223156,5269.0
BE260220C00115000,115.0,-2226.0,空头平仓 Call，回补信号，看涨,56.05061224920851,CALL,1648.0,3874.0,6933989.999999999,0.0004213977953370236,5M-10M,2026-02-20,144.3000030517578,92.47000122070312,142.0,147.6300048828125,138.65049743652344,31.15,33.9,36.95,12.0,1.2336464099121094,True,BE,8.7,2.5804597701149428,0.5605061224920851,16454737250.0,258.0459770114943,-2226.0
UNH260515C00300000,300.0,1161.0,多头买 Call，看涨,7.150405665106835,CALL,1712.0,551.0,6913755.0,2.218619550079293e-05,5M-10M,2026-05-15,349.67999267578125,326.3450012207031,353.95001220703125,354.7900085449219,347.2774963378906,59.55,57.1,58.25,3.0,0.3704896936035156,True,UNH,46.1,0.29175704989154005,0.07150405665106835,311624180890.0,29.175704989154006,1161.0
AVGO260717P00300000,300.0,2316.0,多头买 Put，看跌,-4.434311329577715,PUT,2849.0,533.0,6913260.000000001,4.376110367097511e-06,5M-10M,2026-07-17,324.7799987792969,339.8500061035156,319.95001220703125,328.010009765625,317.6000061035156,29.85,28.35,28.6,10.0,0.4663444479370118,False,AVGO,26.0,0.14807692307692313,-0.04434311329577715,1579772770810.0,14.807692307692314,2316.0
MARA260320C00010000,10.0,49378.0,空头卖 Call，看跌/看不涨,-3.2101160727430877,CALL,53139.0,3761.0,6912920.0,0.0011568800358873728,5M-10M,2026-03-20,9.949999809265137,10.279999732971191,10.369999885559082,10.390000343322754,9.880000114440918,1.4,1.38,1.39,182.0,0.92382888671875,False,MARA,1.96,-0.28571428571428575,-0.032101160727430876,5975485604.0,-28.571428571428577,49378.0
NFLX260618P00086000,86.0,9796.0,多头买 Put，看跌,-8.000430252636317,PUT,12163.0,2367.0,6906180.0,1.342517568503677e-05,5M-10M,2026-06-18,86.00579833984375,93.48500061035156,86.91000366210938,86.94000244140625,85.3499984741211,7.05,6.95,7.1,94.0,0.3301458587646484,False,NFLX,5.7,0.23684210526315783,-0.08000430252636317,514420083731.0,23.684210526315784,9796.0
TSLA260320P00470000,470.0,1401.0,多头买 Put，看跌,-11.205281544595117,PUT,2446.0,1045.0,6898524.000000001,4.856447574369887e-06,5M-10M,2026-03-20,438.9700012207031,494.364990234375,445.0299987792969,445.0299987792969,436.7099914550781,49.24,48.55,48.8,16.0,0.442388388671875,True,TSLA,35.54,0.3854811480022511,-0.11205281544595116,1420487690716.0,38.54811480022511,1401.0
AAPL261218C00290000,290.0,4739.0,空头卖 Call，看跌/看不涨,-6.297078450064497,CALL,13147.0,8408.0,6895245.0,1.8187854865619625e-06,5M-10M,2026-12-18,254.9750061035156,272.1099853515625,251.47999572753903,255.5,249.8000030517578,14.55,14.4,14.5,355.0,0.2797923583984374,False,AAPL,23.8,-0.38865546218487396,-0.06297078450064497,3791126029400.0,-38.865546218487395,4739.0
TSM260220C00320000,320.0,3490.0,多头买 Call，看涨,13.562221773921,CALL,5332.0,1842.0,6871810.000000001,4.846831134502464e-06,5M-10M,2026-02-20,332.760009765625,293.0199890136719,332.7900085449219,334.17999267578125,330.2300109863281,19.69,19.5,20.05,70.0,0.3659121026611328,True,TSM,7.78,1.530848329048843,0.13562221773921,1417794391697.0,153.0848329048843,3490.0
AG260220C00020000,20.0,8263.0,多头买 Call，看涨,53.683320050621454,CALL,8318.0,55.0,6858290.000000001,0.0011563437695150949,5M-10M,2026-02-20,27.225000381469727,17.71500015258789,27.190000534057617,27.780000686645508,26.299999237060547,8.3,8.0,8.35,1181.0,1.3730500097656249,True,AG,1.57,4.286624203821656,0.5368332005062145,5931013061.0,428.66242038216564,8263.0
TSLA260220P00440000,440.0,3103.0,多头买 Put，看跌,-11.205281544595117,PUT,6032.0,2929.0,6857630.0,4.827658870133113e-06,5M-10M,2026-02-20,438.9700012207031,494.364990234375,445.0299987792969,445.0299987792969,436.7099914550781,22.1,22.1,22.25,798.0,0.4645744461059571,True,TSLA,17.15,0.28862973760932964,-0.11205281544595116,1420487690716.0,28.862973760932963,3103.0
CRWV260320C00085000,85.0,2767.0,多头买 Call，看涨,19.266232354169478,CALL,4244.0,1477.0,6856626.000000001,0.00011661959668749335,5M-10M,2026-03-20,101.5551986694336,85.1500015258789,101.81999969482422,108.6500015258789,100.61000061035156,24.78,23.1,25.0,64.0,1.0079395306396484,True,CRWV,15.45,0.6038834951456312,0.1926623235416948,58794801172.0,60.388349514563124,2767.0
SLB260220C00040000,40.0,-7556.0,空头平仓 Call，回补信号，看涨,30.185477203894557,CALL,9223.0,16779.0,6838180.0,0.0001424728928912217,5M-10M,2026-02-20,49.834999084472656,38.27999877929688,49.70000076293945,50.06499862670898,49.22999954223633,9.05,9.4,10.25,5.0,0.6669955175781253,True,SLB,1.24,6.298387096774194,0.30185477203894556,47996358193.0,629.8387096774194,-7556.0
TSLA260515C00550000,550.0,-3992.0,多头平仓 Call，减仓，看涨减弱,-11.205281544595117,CALL,2908.0,6900.0,6826320.000000001,4.805617144460561e-06,5M-10M,2026-05-15,438.9700012207031,494.364990234375,445.0299987792969,445.0299987792969,436.7099914550781,17.1,16.95,17.1,139.0,0.5196581237792968,False,TSLA,50.55,-0.6617210682492581,-0.11205281544595116,1420487690716.0,-66.17210682492582,-3992.0
MRNA260618C00040000,40.0,5452.0,多头买 Call，看涨,34.080406274078975,CALL,20780.0,15328.0,6815000.0,0.0007152180052659269,5M-10M,2026-06-18,47.86000061035156,35.69499969482422,49.47499847412109,49.47999954223633,46.59999847412109,12.5,11.9,12.85,16.0,0.72070591796875,True,MRNA,4.94,1.5303643724696354,0.3408040627407897,9528563249.0,153.03643724696354,5452.0
XOM260320C00130000,130.0,9434.0,多头买 Call，看涨,13.619827932335966,CALL,16999.0,7565.0,6811348.0,1.362984305894255e-05,5M-10M,2026-03-20,134.30999755859375,118.20999908447266,136.92999267578125,136.93980407714844,134.1699981689453,7.22,7.1,7.35,134.0,0.2414626635742187,True,XOM,1.03,6.009708737864077,0.13619827932335965,499737815802.0,600.9708737864078,9434.0
GOOGL260220P00310000,310.0,13871.0,空头卖 Put，看涨/看不跌,8.235286107723065,PUT,15103.0,1232.0,6796790.000000001,2.2795362129718873e-06,5M-10M,2026-02-20,334.7500915527344,309.2799987792969,327.8099975585937,334.9800109863281,327.0,4.9,4.8,4.9,1491.0,0.405706626586914,False,GOOGL,16.17,-0.696969696969697,0.08235286107723065,2981654760000.0,-69.6969696969697,13871.0
AMZN260515C00220000,220.0,2151.0,多头买 Call，看涨,5.18471414096742,CALL,3295.0,1144.0,6792858.0,2.8980580924079534e-06,5M-10M,2026-05-15,239.9499969482422,228.12249755859372,239.97999572753903,240.9499969482422,237.5399932861328,31.58,31.7,31.95,31.0,0.4071104211425781,True,AMZN,25.05,0.26067864271457075,0.0518471414096742,2343934380679.0,26.067864271457076,2151.0
SHOP260320C00145000,145.0,7706.0,空头卖 Call，看跌/看不涨,-19.289201919626173,CALL,8317.0,611.0,6781280.0,3.721144872131147e-05,5M-10M,2026-03-20,137.85000610351562,170.7949981689453,136.72999572753906,138.13999938964844,135.84010314941406,8.8,8.75,8.8,73.0,0.5546919531250001,False,SHOP,34.35,-0.7438136826783115,-0.19289201919626173,182236387806.0,-74.38136826783115,7706.0
NFLX270115C00071000,71.0,2965.0,空头卖 Call，看跌/看不涨,-8.000430252636317,CALL,3275.0,310.0,6775025.0,1.317021868754018e-05,5M-10M,2027-01-15,86.00579833984375,93.48500061035156,86.91000366210938,86.94000244140625,85.3499984741211,22.85,22.65,23.0,1.0,0.467229448852539,True,NFLX,33.05,-0.3086232980332828,-0.08000430252636317,514420083731.0,-30.86232980332828,2965.0
MU260618P00350000,350.0,1573.0,空头卖 Put，看涨/看不跌,42.91124578171335,PUT,1576.0,3.0,6763900.0,3.843020089176232e-05,5M-10M,2026-06-18,389.4330139160156,272.4999084472656,395.6300048828125,398.0,384.2999877929688,43.0,42.95,43.85,50.0,0.6650424121093752,False,MU,100.75,-0.5732009925558312,0.4291124578171335,176004804634.0,-57.32009925558312,1573.0
GOOG260130C00315000,315.0,3619.0,多头买 Call，看涨,7.864809334236379,CALL,3755.0,136.0,6760292.0,2.2614248638650927e-06,5M-10M,2026-01-30,335.260009765625,310.81500244140625,328.20001220703125,335.57000732421875,327.489990234375,18.68,18.4,19.35,42.0,1.0000000000000004e-05,True,GOOG,10.1,0.8495049504950496,0.07864809334236379,2989394920000.0,84.95049504950497,3619.0
BABA260130C00160000,160.0,5181.0,多头买 Call，看涨,13.252811373151834,CALL,5360.0,179.0,6735300.0,1.6965994067225417e-05,5M-10M,2026-01-30,171.2949981689453,151.25010681152344,169.7899932861328,172.89999389648438,168.67999267578125,13.0,12.3,13.0,37.0,0.6660189648437502,True,BABA,3.5,2.7142857142857144,0.13252811373151835,396988232656.0,271.42857142857144,5181.0
AMZN260220C00245000,245.0,8009.0,多头买 Call，看涨,5.18471414096742,CALL,16736.0,8727.0,6727560.000000001,2.870199803994144e-06,5M-10M,2026-02-20,239.9499969482422,228.12249755859372,239.97999572753903,240.9499969482422,237.5399932861328,8.4,8.25,8.35,1240.0,0.4142514630126953,False,AMZN,6.0,0.4000000000000001,0.0518471414096742,2343934380679.0,40.00000000000001,8009.0
BP270115C00040000,40.0,30702.0,多头买 Call，看涨,6.694871835959999,CALL,63102.0,32400.0,6723738.0,7.159307910362403e-05,5M-10M,2027-01-15,36.57500076293945,34.279998779296875,36.86000061035156,36.90999984741211,36.45500183105469,2.19,2.15,2.22,5.0,0.245124736328125,False,BP,1.59,0.37735849056603765,0.06694871835959999,93916033284.0,37.73584905660377,30702.0
UNH280121P00350000,350.0,1159.0,空头卖 Put，看涨/看不跌,7.150405665106835,PUT,1358.0,199.0,6722200.0,2.157149673302427e-05,5M-10M,2028-01-21,349.67999267578125,326.3450012207031,353.95001220703125,354.7900085449219,347.2774963378906,58.0,59.95,62.95,11.0,0.3219519709777831,True,UNH,72.73,-0.20252990512855773,0.07150405665106835,311624180890.0,-20.252990512855774,1159.0
APP260220P00600000,600.0,952.0,多头买 Put，看跌,-24.416269484028895,PUT,1697.0,745.0,6707792.0,2.9604507956584167e-05,5M-10M,2026-02-20,551.594970703125,729.780029296875,532.7899780273438,558.3699951171875,530.5900268554688,70.46,74.7,78.7,16.0,0.7967549621582031,True,APP,26.27,1.6821469356680623,-0.24416269484028894,226580087392.0,168.21469356680623,952.0
COIN260320P00190000,190.0,8209.0,多头买 Put，看跌,-14.706468788280283,PUT,9269.0,1060.0,6690335.000000001,8.3299842313449e-05,5M-10M,2026-03-20,213.5749969482422,250.3999938964844,212.10499572753903,215.63999938964844,210.88999938964844,8.15,7.85,8.3,39.0,0.5627485131835939,False,COIN,5.8,0.40517241379310354,-0.14706468788280283,80316298497.0,40.517241379310356,8209.0
SOFI260918C00025000,25.0,11597.0,空头卖 Call，看跌/看不涨,-5.307462927481375,CALL,19761.0,8164.0,6668275.0,0.00019902533660556883,5M-10M,2026-09-18,25.8700008392334,27.31999969482422,25.899999618530277,26.399999618530277,25.770000457763672,5.75,5.65,5.8,165.0,0.6535679174804689,True,SOFI,7.35,-0.21768707482993194,-0.05307462927481375,33504653798.0,-21.768707482993193,11597.0
APP260220C00520000,520.0,1124.0,空头卖 Call，看跌/看不涨,-24.416269484028895,CALL,1237.0,113.0,6665320.0,2.9417059886946344e-05,5M-10M,2026-02-20,551.594970703125,729.780029296875,532.7899780273438,558.3699951171875,530.5900268554688,59.3,59.1,60.8,69.0,0.7425868026733399,True,APP,178.0,-0.6668539325842697,-0.24416269484028894,226580087392.0,-66.68539325842697,1124.0
AVGO270115P00300000,300.0,1496.0,多头买 Put，看跌,-4.434311329577715,PUT,3910.0,2414.0,6664680.0,4.218758623484063e-06,5M-10M,2027-01-15,324.7799987792969,339.8500061035156,319.95001220703125,328.010009765625,317.6000061035156,44.55,43.3,43.6,17.0,0.4524133128356934,False,AVGO,40.07,0.11180434240079852,-0.04434311329577715,1579772770810.0,11.180434240079853,1496.0
TSLA260717C00500000,500.0,1655.0,空头卖 Call，看跌/看不涨,-11.205281544595117,CALL,3366.0,1711.0,6646479.999999999,4.6790127386811964e-06,5M-10M,2026-07-17,438.9700012207031,494.364990234375,445.0299987792969,445.0299987792969,436.7099914550781,40.16,40.75,40.95,152.0,0.5230607997131347,False,TSLA,82.68,-0.5142718916303822,-0.11205281544595116,1420487690716.0,-51.42718916303822,1655.0
MSFT280121C00400000,400.0,519.0,空头卖 Call，看跌/看不涨,-2.7752085298737206,CALL,916.0,397.0,6643200.0,1.7473978593016009e-06,5M-10M,2028-01-21,472.4249877929688,485.9100036621094,465.3049926757813,473.1000061035156,462.0,128.0,127.35,128.75,15.0,0.3625094267272949,True,MSFT,141.04,-0.09245604083947812,-0.027752085298737208,3801767276203.0,-9.24560408394781,519.0
AMZN260320C00240000,240.0,4847.0,多头买 Call，看涨,5.18471414096742,CALL,13092.0,8245.0,6640389.999999999,2.833010196333391e-06,5M-10M,2026-03-20,239.9499969482422,228.12249755859372,239.97999572753903,240.9499969482422,237.5399932861328,13.7,13.7,13.75,1082.0,0.3745179736328125,False,AMZN,9.9,0.3838383838383837,0.0518471414096742,2343934380679.0,38.38383838383837,4847.0
NFLX260320P00083000,83.0,25244.0,多头买 Put，看跌,-8.000430252636317,PUT,26625.0,1381.0,6639172.0,1.2906129076157433e-05,5M-10M,2026-03-20,86.00579833984375,93.48500061035156,86.91000366210938,86.94000244140625,85.3499984741211,2.63,2.55,2.63,75.0,0.3049385913085937,False,NFLX,2.39,0.1004184100418409,-0.08000430252636317,514420083731.0,10.041841004184091,25244.0
GFS260717C00040000,40.0,7986.0,多头买 Call，看涨,22.81901857071318,CALL,8010.0,24.0,6628380.0,0.00033683929377327786,5M-10M,2026-07-17,44.5526008605957,36.275001525878906,43.619998931884766,44.65999984741211,43.130001068115234,8.3,8.0,9.0,20.0,0.5153857055664062,True,GFS,4.0,1.0750000000000002,0.2281901857071318,19678167371.0,107.50000000000001,7986.0
AMZN260618C00240000,240.0,2950.0,多头买 Call，看涨,5.18471414096742,CALL,8342.0,5392.0,6622750.0,2.825484388381852e-06,5M-10M,2026-06-18,239.9499969482422,228.12249755859372,239.97999572753903,240.9499969482422,237.5399932861328,22.45,22.45,22.6,596.0,0.3771424591064453,False,AMZN,17.62,0.2741203178206582,0.0518471414096742,2343934380679.0,27.41203178206582,2950.0
AMD260220C00250000,250.0,3736.0,多头买 Call，看涨,17.781399838657244,CALL,10331.0,6595.0,6616456.0,2.5568012976185925e-05,5M-10M,2026-02-20,252.6999969482422,214.5500030517578,256.7449951171875,258.2898864746094,250.30999755859372,17.71,17.75,18.0,882.0,0.6135292553710938,True,AMD,6.5,1.7246153846153847,0.17781399838657244,258778654648.0,172.46153846153845,3736.0
TSLA260320C00450000,450.0,2402.0,空头卖 Call，看跌/看不涨,-11.205281544595117,CALL,9125.0,6723.0,6605500.0,4.65016349185714e-06,5M-10M,2026-03-20,438.9700012207031,494.364990234375,445.0299987792969,445.0299987792969,436.7099914550781,27.5,27.6,27.7,790.0,0.4837392935180664,False,TSLA,76.3,-0.6395806028833552,-0.11205281544595116,1420487690716.0,-63.95806028833552,2402.0
ORCL280121P00155000,155.0,2127.0,多头买 Put，看跌,-6.701367432426979,PUT,2426.0,299.0,6593700.0,8.18572280731706e-06,5M-10M,2028-01-21,183.7050018310547,196.8999938964844,179.10000610351562,185.27999877929688,178.52999877929688,31.0,31.0,32.75,1.0,0.4902852485656738,False,ORCL,29.2,0.06164383561643838,-0.06701367432426979,805512250440.0,6.164383561643838,2127.0
TSLA260821P00450000,450.0,964.0,多头买 Put，看跌,-11.205281544595117,PUT,1273.0,309.0,6586048.0,4.6364696033939495e-06,5M-10M,2026-08-21,438.9700012207031,494.364990234375,445.0299987792969,445.0299987792969,436.7099914550781,68.32,67.85,68.15,1.0,0.4692741061401367,True,TSLA,59.4,0.1501683501683501,-0.11205281544595116,1420487690716.0,15.016835016835008,964.0
NVDA260717P00200000,200.0,2357.0,空头卖 Put，看涨/看不跌,2.1185640497970435,PUT,2398.0,41.0,6578387.0,1.519252002936709e-06,5M-10M,2026-07-17,186.8105926513672,182.93499755859372,187.07000732421875,189.1199951171875,186.00999450683597,27.91,27.95,28.1,25.0,0.3947204083251954,True,NVDA,30.9,-0.0967637540453074,0.021185640497970434,4330017000000.0,-9.67637540453074,2357.0
XOM260320C00140000,140.0,26824.0,多头买 Call，看涨,13.619827932335966,CALL,28217.0,1393.0,6571880.0,1.315065578828205e-05,5M-10M,2026-03-20,134.30999755859375,118.20999908447266,136.92999267578125,136.93980407714844,134.1699981689453,2.45,2.46,2.56,975.0,0.2323074816894531,False,XOM,0.28,7.749999999999999,0.13619827932335965,499737815802.0,774.9999999999999,26824.0
AA260618C00050000,50.0,-4456.0,空头平仓 Call，回补信号，看涨,12.1081297306417,CALL,6662.0,11118.0,6568144.0,0.0007755420933990279,5M-10M,2026-06-18,59.720001220703125,53.27000045776367,63.709999084472656,63.709999084472656,59.459999084472656,14.74,13.85,15.45,19.0,0.6580844738769531,True,AA,9.3,0.5849462365591397,0.12108129730641701,8469100589.0,58.49462365591397,-4456.0
TSLA271217P00510000,510.0,415.0,多头买 Put，看跌,-11.205281544595117,PUT,714.0,299.0,6559075.0,4.617481054477764e-06,5M-10M,2027-12-17,438.9700012207031,494.364990234375,445.0299987792969,445.0299987792969,436.7099914550781,158.05,155.3,156.3,1.0,0.459363621749878,True,TSLA,146.19,0.08112730008892546,-0.11205281544595116,1420487690716.0,8.112730008892546,415.0
MU260220C00330000,330.0,898.0,多头买 Call，看涨,42.91124578171335,CALL,2748.0,1850.0,6542828.0,3.717414427183245e-05,5M-10M,2026-02-20,389.4330139160156,272.4999084472656,395.6300048828125,398.0,384.2999877929688,72.86,66.35,68.95,4.0,0.75195560546875,True,MU,8.05,8.050931677018633,0.4291124578171335,176004804634.0,805.0931677018633,898.0
BIDU270115C00120000,120.0,-1293.0,空头平仓 Call，回补信号，看涨,26.06766795942818,CALL,1658.0,2951.0,6542580.0,0.00014490485067520555,5M-10M,2027-01-15,156.97000122070312,124.5124969482422,158.00999450683594,159.10000610351562,155.34010314941406,50.6,49.45,52.2,2.0,0.5344284838867188,True,BIDU,26.58,0.9036869826937549,0.2606766795942818,45150869481.0,90.36869826937549,-1293.0
TSM260130C00330000,330.0,9083.0,多头买 Call，看涨,13.562221773921,CALL,9294.0,211.0,6539760.0,4.612629333490569e-06,5M-10M,2026-01-30,332.760009765625,293.0199890136719,332.7900085449219,334.17999267578125,330.2300109863281,7.2,7.05,7.35,1990.0,0.3818421191406249,True,TSM,3.23,1.2291021671826625,0.13562221773921,1417794391697.0,122.91021671826626,9083.0
UNH260220P00350000,350.0,4320.0,空头卖 Put，看涨/看不跌,7.150405665106835,PUT,5089.0,769.0,6536160.000000001,2.0974495564922787e-05,5M-10M,2026-02-20,349.67999267578125,326.3450012207031,353.95001220703125,354.7900085449219,347.2774963378906,15.13,14.75,15.55,134.0,0.4133969793701171,True,UNH,30.85,-0.5095623987034036,0.07150405665106835,311624180890.0,-50.95623987034036,4320.0
TSLA260320C00480000,480.0,3857.0,空头卖 Call，看跌/看不涨,-11.205281544595117,CALL,7581.0,3724.0,6526044.000000001,4.594227773075974e-06,5M-10M,2026-03-20,438.9700012207031,494.364990234375,445.0299987792969,445.0299987792969,436.7099914550781,16.92,17.2,17.35,657.0,0.4834646380615235,False,TSLA,60.0,-0.718,-0.11205281544595116,1420487690716.0,-71.8,3857.0
AMD260130C00210000,210.0,1568.0,多头买 Call，看涨,17.781399838657244,CALL,2073.0,505.0,6499360.000000001,2.5115518159102664e-05,5M-10M,2026-01-30,252.6999969482422,214.5500030517578,256.7449951171875,258.2898864746094,250.30999755859372,41.45,43.7,44.05,36.0,1.107426337890625,True,AMD,15.6,1.6570512820512822,0.17781399838657244,258778654648.0,165.7051282051282,1568.0
LRCX260220P00220000,220.0,4719.0,空头卖 Put，看涨/看不跌,27.105170801153346,PUT,4719.0,0.0,6488625.0,3.9950370280780804e-05,5M-10M,2026-02-20,223.09500122070312,175.52000427246094,218.97000122070312,223.25,215.9300994873047,13.75,13.05,13.85,11.0,0.6344030700683594,False,LRCX,68.1,-0.7980910425844346,0.27105170801153344,162417142930.0,-79.80910425844347,4719.0
MSFT260220P00450000,450.0,8431.0,多头买 Put，看跌,-2.7752085298737206,PUT,11215.0,2784.0,6483439.000000001,1.7053750345484876e-06,5M-10M,2026-02-20,472.4249877929688,485.9100036621094,465.3049926757813,473.1000061035156,462.0,7.69,7.6,7.7,295.0,0.3369817279052735,False,MSFT,6.93,0.10966810966810978,-0.027752085298737208,3801767276203.0,10.966810966810977,8431.0
BA261218C00250000,250.0,-1822.0,空头平仓 Call，回补信号，看涨,15.734362909095474,CALL,9604.0,11426.0,6468100.0,3.865996366747983e-05,5M-10M,2026-12-18,250.4199981689453,216.3748016357422,251.4900054931641,251.5641021728516,247.40499877929688,35.5,33.3,35.65,3.0,0.3769898727416991,True,BA,18.3,0.9398907103825136,0.15734362909095473,167307451596.0,93.98907103825135,-1822.0
NFLX260417C00085000,85.0,9656.0,空头卖 Call，看跌/看不涨,-8.000430252636317,CALL,9795.0,139.0,6459864.000000001,1.2557565702232547e-05,5M-10M,2026-04-17,86.00579833984375,93.48500061035156,86.91000366210938,86.94000244140625,85.3499984741211,6.69,6.7,6.8,323.0,0.3894104028320312,True,NFLX,13.57,-0.5070007369196757,-0.08000430252636317,514420083731.0,-50.700073691967575,9656.0
INTC270115C00040000,40.0,-5868.0,空头平仓 Call，回补信号，看涨,17.020573110311542,CALL,58435.0,64303.0,6454800.0,4.154109027020243e-05,5M-10M,2027-01-15,42.73099899291992,36.51580047607422,44.27999877929688,44.459999084472656,42.310001373291016,11.0,11.2,11.3,1186.0,0.6127968408203126,True,INTC,7.34,0.49863760217983655,0.17020573110311543,155383500000.0,49.86376021798365,-5868.0
TSLA260220C00425000,425.0,2177.0,空头卖 Call，看跌/看不涨,-11.205281544595117,CALL,2631.0,454.0,6443920.0,4.536413826121877e-06,5M-10M,2026-02-20,438.9700012207031,494.364990234375,445.0299987792969,445.0299987792969,436.7099914550781,29.6,30.3,30.4,79.0,0.4948780981445312,True,TSLA,85.0,-0.6517647058823529,-0.11205281544595116,1420487690716.0,-65.17647058823529,2177.0
AMD260515C00200000,200.0,1033.0,多头买 Call，看涨,17.781399838657244,CALL,11226.0,10193.0,6443854.0,2.4901025970496527e-05,5M-10M,2026-05-15,252.6999969482422,214.5500030517578,256.7449951171875,258.2898864746094,250.30999755859372,62.38,64.4,65.7,11.0,0.6493565338134766,True,AMD,36.5,0.709041095890411,0.17781399838657244,258778654648.0,70.9041095890411,1033.0
AAL271217C00015000,15.0,15899.0,空头卖 Call，看跌/看不涨,-8.684782646260757,CALL,17287.0,1388.0,6439095.0,0.0008628413431633269,5M-10M,2027-12-17,14.614999771118164,16.0049991607666,14.539999961853027,14.775799751281738,14.5,4.05,3.9,4.2,5.0,0.53320779296875,False,AAL,4.95,-0.18181818181818188,-0.08684782646260757,7462663966.0,-18.181818181818187,15899.0
META260918P00550000,550.0,2392.0,空头卖 Put，看涨/看不跌,1.8905747608431493,PUT,6482.0,4090.0,6434480.0,3.44383537582151e-06,5M-10M,2026-09-18,671.52001953125,659.0599975585938,665.2249755859375,674.97998046875,661.2855224609375,26.9,26.35,26.65,34.0,0.3682466740417481,False,META,30.25,-0.1107438016528926,0.018905747608431493,1868405222031.0,-11.074380165289261,2392.0
NVDA260515C00150000,150.0,1457.0,多头买 Call，看涨,2.1185640497970435,CALL,3247.0,1790.0,6420999.0,1.4829038777445909e-06,5M-10M,2026-05-15,186.8105926513672,182.93499755859372,187.07000732421875,189.1199951171875,186.00999450683597,44.07,42.85,43.05,160.0,0.5214891601562499,True,NVDA,41.83,0.05355008367200579,0.021185640497970434,4330017000000.0,5.355008367200579,1457.0
MSFT260220C00445000,445.0,1969.0,空头卖 Call，看跌/看不涨,-2.7752085298737206,CALL,2104.0,135.0,6418940.0,1.6884095037008396e-06,5M-10M,2026-02-20,472.4249877929688,485.9100036621094,465.3049926757813,473.1000061035156,462.0,32.6,33.6,33.8,50.0,0.3410710424804687,True,MSFT,47.2,-0.3093220338983051,-0.027752085298737208,3801767276203.0,-30.93220338983051,1969.0
AAPL260220C00260000,260.0,11871.0,空头卖 Call，看跌/看不涨,-6.297078450064497,CALL,22710.0,10839.0,6410340.0,1.6908802161384564e-06,5M-10M,2026-02-20,254.9750061035156,272.1099853515625,251.47999572753903,255.5,249.8000030517578,5.4,5.45,5.5,6150.0,0.2828440856933593,False,AAPL,18.72,-0.7115384615384615,-0.06297078450064497,3791126029400.0,-71.15384615384615,11871.0
MSTR260130C00165000,165.0,21638.0,空头卖 Call，看跌/看不涨,-3.691900354628539,CALL,21970.0,332.0,6404848.0,7.308560761572067e-05,5M-10M,2026-01-30,160.1699981689453,166.30999755859375,159.37249755859375,163.1300048828125,158.6199951171875,2.96,2.96,3.1,5961.0,0.6684603466796877,False,MSTR,16.3,-0.8184049079754601,-0.03691900354628539,87634873800.0,-81.84049079754601,21638.0
AVGO260320C00340000,340.0,3060.0,空头卖 Call，看跌/看不涨,-4.434311329577715,CALL,8518.0,5458.0,6395399.999999999,4.048303729605918e-06,5M-10M,2026-03-20,324.7799987792969,339.8500061035156,319.95001220703125,328.010009765625,317.6000061035156,20.9,20.7,20.95,160.0,0.5449569430541993,False,AVGO,33.24,-0.37123947051744893,-0.04434311329577715,1579772770810.0,-37.12394705174489,3060.0
AAPL260320C00200000,200.0,1127.0,空头卖 Call，看跌/看不涨,-6.297078450064497,CALL,6757.0,5630.0,6384455.0,1.6840524294072153e-06,5M-10M,2026-03-20,254.9750061035156,272.1099853515625,251.47999572753903,255.5,249.8000030517578,56.65,56.05,56.55,38.0,0.4598442687988281,True,AAPL,75.21,-0.24677569472144656,-0.06297078450064497,3791126029400.0,-24.677569472144654,1127.0
AAPL260417C00250000,250.0,3860.0,空头卖 Call，看跌/看不涨,-6.297078450064497,CALL,5597.0,1737.0,6384439.999999999,1.6840484727991035e-06,5M-10M,2026-04-17,254.9750061035156,272.1099853515625,251.47999572753903,255.5,249.8000030517578,16.54,16.1,16.2,305.0,0.2842783975219726,True,AAPL,30.95,-0.4655896607431341,-0.06297078450064497,3791126029400.0,-46.55896607431341,3860.0
AVGO270115P00320000,320.0,1187.0,多头买 Put，看跌,-4.434311329577715,PUT,2813.0,1626.0,6383686.0,4.040888739161443e-06,5M-10M,2027-01-15,324.7799987792969,339.8500061035156,319.95001220703125,328.010009765625,317.6000061035156,53.78,53.35,53.75,7.0,0.4460352027893066,False,AVGO,49.38,0.08910490076954229,-0.04434311329577715,1579772770810.0,8.910490076954229,1187.0
MU260130C00320000,320.0,910.0,多头买 Call，看涨,42.91124578171335,CALL,958.0,48.0,6380920.0,3.6254237566236054e-05,5M-10M,2026-01-30,389.4330139160156,272.4999084472656,395.6300048828125,398.0,384.2999877929688,70.12,70.1,73.35,24.0,1.276859084472656,True,MU,6.0,10.686666666666667,0.4291124578171335,176004804634.0,1068.6666666666667,910.0
ORCL280121P00150000,150.0,2163.0,多头买 Put，看跌,-6.701367432426979,PUT,2883.0,720.0,6378687.0,7.918795768178236e-06,5M-10M,2028-01-21,183.7050018310547,196.8999938964844,179.10000610351562,185.27999877929688,178.52999877929688,29.49,28.35,29.6,5.0,0.4843648976135254,False,ORCL,26.45,0.11493383742911151,-0.06701367432426979,805512250440.0,11.493383742911151,2163.0
AVGO270115C00300000,300.0,813.0,空头卖 Call，看跌/看不涨,-4.434311329577715,CALL,3856.0,3043.0,6368229.0,4.031104420628041e-06,5M-10M,2027-01-15,324.7799987792969,339.8500061035156,319.95001220703125,328.010009765625,317.6000061035156,78.33,77.75,79.75,27.0,0.5404251280212404,True,AVGO,90.7,-0.1363836824696803,-0.04434311329577715,1579772770810.0,-13.63836824696803,813.0
AMZN260618C00245000,245.0,3165.0,多头买 Call，看涨,5.18471414096742,CALL,7331.0,4166.0,6358485.0,2.7127401911985476e-06,5M-10M,2026-06-18,239.9499969482422,228.12249755859372,239.97999572753903,240.9499969482422,237.5399932861328,20.09,19.95,20.05,440.0,0.3709169354248046,False,AMZN,15.67,0.2820676451818762,0.0518471414096742,2343934380679.0,28.206764518187622,3165.0
RKLB260220C00060000,60.0,-2405.0,空头平仓 Call，回补信号，看涨,7.03305875591801,CALL,1320.0,3725.0,6354010.000000001,0.00028653940706229467,5M-10M,2026-02-20,83.55000305175781,78.05999755859375,86.79000091552734,87.16000366210938,82.4000015258789,26.42,24.1,25.55,2.0,1.0795944458007811,True,RKLB,21.58,0.2242817423540317,0.0703305875591801,22174995283.0,22.42817423540317,-2405.0
META270115C00600000,600.0,424.0,多头买 Call，看涨,1.8905747608431493,CALL,3881.0,3457.0,6343039.999999999,3.394895242855812e-06,5M-10M,2027-01-15,671.52001953125,659.0599975585938,665.2249755859375,674.97998046875,661.2855224609375,149.6,147.95,151.6,91.0,0.4523293903350831,True,META,141.9,0.054263565891472784,0.018905747608431493,1868405222031.0,5.426356589147279,424.0
GOOGL260220C00330000,330.0,4024.0,多头买 Call，看涨,8.235286107723065,CALL,12356.0,8332.0,6337800.0,2.1255982030595654e-06,5M-10M,2026-02-20,334.7500915527344,309.2799987792969,327.8099975585937,334.9800109863281,327.0,15.75,15.65,15.75,522.0,0.3742128009033203,True,GOOGL,9.3,0.693548387096774,0.08235286107723065,2981654760000.0,69.35483870967741,4024.0
PLTR260320P00170000,170.0,4571.0,多头买 Put，看跌,-12.37863350817816,PUT,9318.0,4747.0,6330835.0,1.5028444272714579e-05,5M-10M,2026-03-20,169.2100067138672,193.1150054931641,168.2100067138672,170.58970642089844,168.02000427246094,13.85,13.7,13.8,88.0,0.5139819110107422,True,PLTR,10.0,0.38499999999999995,-0.12378633508178159,421256843697.0,38.49999999999999,4571.0
BABA270115C00140000,140.0,1367.0,多头买 Call，看涨,13.252811373151834,CALL,3388.0,2021.0,6329210.0,1.5943067021546746e-05,5M-10M,2027-01-15,171.2949981689453,151.25010681152344,169.7899932861328,172.89999389648438,168.67999267578125,46.3,47.25,48.25,35.0,0.497075341796875,True,BABA,31.25,0.4815999999999999,0.13252811373151835,396988232656.0,48.15999999999999,1367.0
WDC260618C00200000,200.0,899.0,多头买 Call，看涨,39.0517554861712,CALL,1446.0,547.0,6310980.0,0.00017020345025263727,5M-10M,2026-06-18,244.2444000244141,175.64999389648438,236.3999938964844,250.44000244140625,234.318603515625,70.2,70.15,73.0,3.0,0.8408829388427734,True,WDC,25.55,1.7475538160469668,0.390517554861712,37079036827.0,174.75538160469668,899.0
AAPL261218C00200000,200.0,-927.0,多头平仓 Call，减仓，看涨减弱,-6.297078450064497,CALL,22810.0,23737.0,6285060.0,1.6578346251904214e-06,5M-10M,2026-12-18,254.9750061035156,272.1099853515625,251.47999572753903,255.5,249.8000030517578,67.8,67.4,67.65,5.0,0.3899902310180664,True,AAPL,84.24,-0.19515669515669515,-0.06297078450064497,3791126029400.0,-19.515669515669515,-927.0
AAPL260320C00215000,215.0,1508.0,空头卖 Call，看跌/看不涨,-6.297078450064497,CALL,1531.0,23.0,6273280.0,1.6547273689534495e-06,5M-10M,2026-03-20,254.9750061035156,272.1099853515625,251.47999572753903,255.5,249.8000030517578,41.6,41.55,42.25,15.0,0.3907531628417968,True,AAPL,59.29,-0.298363973688649,-0.06297078450064497,3791126029400.0,-29.836397368864898,1508.0
NFLX260220P00102000,102.0,-3931.0,空头平仓 Put，回补，看跌信号减弱,-8.000430252636317,PUT,509.0,4440.0,6262083.0,1.2173091988520732e-05,5M-10M,2026-02-20,86.00579833984375,93.48500061035156,86.91000366210938,86.94000244140625,85.3499984741211,15.93,15.5,16.75,1.0,0.5336960693359375,True,NFLX,9.95,0.6010050251256283,-0.08000430252636317,514420083731.0,60.10050251256283,-3931.0
NFLX280121P00080000,80.0,4964.0,多头买 Put，看跌,-8.000430252636317,PUT,7566.0,2602.0,6254640.0,1.2158623268819865e-05,5M-10M,2028-01-21,86.00579833984375,93.48500061035156,86.91000366210938,86.94000244140625,85.3499984741211,12.6,11.8,12.7,58.0,0.335669485168457,False,NFLX,11.0,0.14545454545454542,-0.08000430252636317,514420083731.0,14.545454545454541,4964.0
NVDA260130P00185000,185.0,23406.0,空头卖 Put，看涨/看不跌,2.1185640497970435,PUT,23885.0,479.0,6249402.0,1.443274241186582e-06,5M-10M,2026-01-30,186.8105926513672,182.93499755859372,187.07000732421875,189.1199951171875,186.00999450683597,2.67,2.64,2.67,23868.0,0.4074766284179688,False,NVDA,8.75,-0.6948571428571428,0.021185640497970434,4330017000000.0,-69.48571428571428,23406.0
PLTR270617C00210000,210.0,1774.0,空头卖 Call，看跌/看不涨,-12.37863350817816,CALL,2470.0,696.0,6242706.0,1.4819239362886718e-05,5M-10M,2027-06-17,169.2100067138672,193.1150054931641,168.2100067138672,170.58970642089844,168.02000427246094,35.19,34.95,35.25,668.0,0.6091652853393555,False,PLTR,52.87,-0.33440514469453375,-0.12378633508178159,421256843697.0,-33.440514469453376,1774.0
TSLA260220C00500000,500.0,12004.0,空头卖 Call，看跌/看不涨,-11.205281544595117,CALL,23300.0,11296.0,6242080.0,4.3943217817351625e-06,5M-10M,2026-02-20,438.9700012207031,494.364990234375,445.0299987792969,445.0299987792969,436.7099914550781,5.2,5.15,5.2,6136.0,0.4919484399414063,False,TSLA,41.05,-0.8733252131546894,-0.11205281544595116,1420487690716.0,-87.33252131546894,12004.0
TSLA260220C00460000,460.0,4422.0,空头卖 Call，看跌/看不涨,-11.205281544595117,CALL,7245.0,2823.0,6235020.0,4.38935165770935e-06,5M-10M,2026-02-20,438.9700012207031,494.364990234375,445.0299987792969,445.0299987792969,436.7099914550781,14.1,14.25,14.35,821.0,0.4889577471923829,False,TSLA,60.84,-0.7682445759368837,-0.11205281544595116,1420487690716.0,-76.82445759368836,4422.0
PYPL270115C00060000,60.0,7735.0,空头卖 Call，看跌/看不涨,-5.569369316050662,CALL,15894.0,8159.0,6226675.000000001,9.684243789006342e-05,5M-10M,2027-01-15,56.970001220703125,60.33000183105469,56.560001373291016,57.119998931884766,56.494998931884766,8.05,7.9,8.1,42.0,0.4174862939453124,False,PYPL,10.95,-0.2648401826484017,-0.055693693160506624,64296966657.0,-26.48401826484017,7735.0
AVGO280121C00270000,270.0,527.0,空头卖 Call，看跌/看不涨,-4.434311329577715,CALL,586.0,59.0,6223870.0,3.939724823088844e-06,5M-10M,2028-01-21,324.7799987792969,339.8500061035156,319.95001220703125,328.010009765625,317.6000061035156,118.1,119.4,122.8,170.0,0.5600858811187744,True,AVGO,132.87,-0.1111612854669979,-0.04434311329577715,1579772770810.0,-11.11612854669979,527.0
NVDA270115P00180000,180.0,2372.0,空头卖 Put，看涨/看不跌,2.1185640497970435,PUT,27364.0,24992.0,6176688.0,1.4264812355240176e-06,5M-10M,2027-01-15,186.8105926513672,182.93499755859372,187.07000732421875,189.1199951171875,186.00999450683597,26.04,26.1,26.3,9.0,0.4132138757324218,False,NVDA,27.75,-0.06162162162162165,0.021185640497970434,4330017000000.0,-6.162162162162165,2372.0
IREN260220C00050000,50.0,7251.0,多头买 Call，看涨,28.085313561628293,CALL,12543.0,5292.0,6163350.0,0.0005413521283639095,5M-10M,2026-02-20,53.45000076293945,41.72999954223633,56.13899993896485,57.04560089111328,53.02000045776367,8.5,8.35,8.7,657.0,1.205082099609375,True,IREN,4.2,1.0238095238095237,0.28085313561628295,11385103479.0,102.38095238095238,7251.0
MU270115P00330000,330.0,945.0,空头卖 Put，看涨/看不跌,42.91124578171335,PUT,1091.0,146.0,6156675.000000001,3.4980153029360404e-05,5M-10M,2027-01-15,389.4330139160156,272.4999084472656,395.6300048828125,398.0,384.2999877929688,65.15,64.8,66.4,7.0,0.6654543952941898,False,MU,102.8,-0.36624513618677035,0.4291124578171335,176004804634.0,-36.624513618677035,945.0
AAPL260220C00250000,250.0,5720.0,空头卖 Call，看跌/看不涨,-6.297078450064497,CALL,11332.0,5612.0,6154720.0,1.6234543384394089e-06,5M-10M,2026-02-20,254.9750061035156,272.1099853515625,251.47999572753903,255.5,249.8000030517578,10.76,10.7,10.85,4899.0,0.3020089331054688,True,AAPL,26.84,-0.5991058122205662,-0.06297078450064497,3791126029400.0,-59.91058122205663,5720.0
PDD260618P00095000,95.0,11835.0,多头买 Put，看跌,-5.0296646505148885,PUT,15999.0,4164.0,6154200.0,3.3348895718727833e-05,5M-10M,2026-06-18,107.25,112.93000030517578,106.0500030517578,107.44000244140624,105.16000366210938,5.2,5.0,5.25,68.0,0.4055845574951171,False,PDD,3.7,0.4054054054054054,-0.05029664650514888,184539843595.0,40.54054054054054,11835.0
CORZ260220C00019000,19.0,33250.0,多头买 Call，看涨,20.304560971556906,CALL,39479.0,6229.0,6151250.0,0.0011953151811033675,5M-10M,2026-02-20,18.959999084472656,15.760000228881836,19.030000686645508,19.82999992370605,18.799999237060547,1.85,1.58,1.99,44.0,0.8955088574218748,False,CORZ,1.15,0.6086956521739132,0.20304560971556906,5146132248.0,60.86956521739132,33250.0
TSLA260821C00430000,430.0,815.0,空头卖 Call，看跌/看不涨,-11.205281544595117,CALL,1326.0,511.0,6149175.0,4.328918187879893e-06,5M-10M,2026-08-21,438.9700012207031,494.364990234375,445.0299987792969,445.0299987792969,436.7099914550781,75.45,75.2,75.9,5.0,0.546299703063965,True,TSLA,125.4,-0.39832535885167464,-0.11205281544595116,1420487690716.0,-39.83253588516747,815.0
AMZN260320P00250000,250.0,3245.0,空头卖 Put，看涨/看不跌,5.18471414096742,PUT,7332.0,4087.0,6133049.999999999,2.616562157436913e-06,5M-10M,2026-03-20,239.9499969482422,228.12249755859372,239.97999572753903,240.9499969482422,237.5399932861328,18.9,18.25,18.35,10.0,0.3379582806396484,True,AMZN,26.4,-0.2840909090909091,0.0518471414096742,2343934380679.0,-28.40909090909091,3245.0
AMD260417C00250000,250.0,2140.0,多头买 Call，看涨,17.781399838657244,CALL,4756.0,2616.0,6131100.0,2.3692448700375777e-05,5M-10M,2026-04-17,252.6999969482422,214.5500030517578,256.7449951171875,258.2898864746094,250.30999755859372,28.65,28.85,29.1,340.0,0.5806926696777344,True,AMD,12.87,1.2261072261072261,0.17781399838657244,258778654648.0,122.6107226107226,2140.0
CRWV260220P00080000,80.0,29120.0,空头卖 Put，看涨/看不跌,19.266232354169478,PUT,32642.0,3522.0,6115200.0,0.00010400919601905648,5M-10M,2026-02-20,101.5551986694336,85.1500015258789,101.81999969482422,108.6500015258789,100.61000061035156,2.1,2.1,2.36,549.0,0.9675296215820312,False,CRWV,8.8,-0.7613636363636365,0.1926623235416948,58794801172.0,-76.13636363636364,29120.0
GOOG280121C00320000,320.0,748.0,多头买 Call，看涨,7.864809334236379,CALL,1514.0,766.0,6114900.0,2.0455310066560225e-06,5M-10M,2028-01-21,335.260009765625,310.81500244140625,328.20001220703125,335.57000732421875,327.489990234375,81.75,84.7,85.2,5.0,0.4257412162780762,True,GOOG,67.67,0.2080685680508349,0.07864809334236379,2989394920000.0,20.80685680508349,748.0
NFLX270115C00095000,95.0,5844.0,空头卖 Call，看跌/看不涨,-8.000430252636317,CALL,8114.0,2270.0,6106980.0,1.1871581598655965e-05,5M-10M,2027-01-15,86.00579833984375,93.48500061035156,86.91000366210938,86.94000244140625,85.3499984741211,10.45,10.25,10.45,79.0,0.4105283557128906,False,NFLX,15.75,-0.33650793650793653,-0.08000430252636317,514420083731.0,-33.65079365079365,5844.0
INTC270115P00040000,40.0,8553.0,空头卖 Put，看涨/看不跌,17.020573110311542,PUT,10452.0,1899.0,6072630.0,3.90815627141878e-05,5M-10M,2027-01-15,42.73099899291992,36.51580047607422,44.27999877929688,44.459999084472656,42.310001373291016,7.1,6.9,7.1,464.0,0.5155077746582031,False,INTC,9.0,-0.21111111111111114,0.17020573110311543,155383500000.0,-21.111111111111114,8553.0
AMD260220C00230000,230.0,2021.0,多头买 Call，看涨,17.781399838657244,CALL,6820.0,4799.0,6063000.0,2.3429289437519913e-05,5M-10M,2026-02-20,252.6999969482422,214.5500030517578,256.7449951171875,258.2898864746094,250.30999755859372,30.0,29.8,30.1,214.0,0.6231116790771485,True,AMD,11.95,1.5104602510460252,0.17781399838657244,258778654648.0,151.04602510460253,2021.0
NFLX260320P00099000,99.0,4523.0,多头买 Put，看跌,-8.000430252636317,PUT,7608.0,3085.0,6060820.0,1.1781849487760897e-05,5M-10M,2026-03-20,86.00579833984375,93.48500061035156,86.91000366210938,86.94000244140625,85.3499984741211,13.4,13.2,13.55,22.0,0.2968820312499999,True,NFLX,9.4,0.425531914893617,-0.08000430252636317,514420083731.0,42.5531914893617,4523.0
NEM260220C00115000,115.0,3791.0,多头买 Call，看涨,21.630742833192862,CALL,4178.0,387.0,6058018.0,6.469280578280206e-05,5M-10M,2026-02-20,127.83999633789062,105.1050033569336,127.70999908447266,129.24989318847656,125.72000122070312,15.98,15.75,16.25,348.0,0.6198768481445314,True,NEM,3.95,3.045569620253165,0.21630742833192862,93642839056.0,304.55696202531647,3791.0
TSLA270115P00430000,430.0,798.0,多头买 Put，看跌,-11.205281544595117,PUT,1997.0,1199.0,6057618.0,4.264463563881109e-06,5M-10M,2027-01-15,438.9700012207031,494.364990234375,445.0299987792969,445.0299987792969,436.7099914550781,75.91,75.05,75.55,26.0,0.4721579884338379,False,TSLA,71.81,0.057095112101378555,-0.11205281544595116,1420487690716.0,5.709511210137856,798.0
TSLA260130C00465000,465.0,13288.0,空头卖 Call，看跌/看不涨,-11.205281544595117,CALL,13410.0,122.0,6046039.999999999,4.256312842072204e-06,5M-10M,2026-01-30,438.9700012207031,494.364990234375,445.0299987792969,445.0299987792969,436.7099914550781,4.55,4.5,4.6,2886.0,0.6564975756835938,False,TSLA,51.05,-0.910871694417238,-0.11205281544595116,1420487690716.0,-91.0871694417238,13288.0
TSM261218C00280000,280.0,-730.0,空头平仓 Call，回补信号，看涨,13.562221773921,CALL,690.0,1420.0,6045860.0,4.264271346682033e-06,5M-10M,2026-12-18,332.760009765625,293.0199890136719,332.7900085449219,334.17999267578125,330.2300109863281,82.82,83.25,85.1,1.0,0.478093598022461,True,TSM,52.9,0.5655954631379961,0.13562221773921,1417794391697.0,56.559546313799615,-730.0
TSLA260618P00450000,450.0,1053.0,多头买 Put，看跌,-11.205281544595117,PUT,2869.0,1816.0,6044220.0,4.2550315919692325e-06,5M-10M,2026-06-18,438.9700012207031,494.364990234375,445.0299987792969,445.0299987792969,436.7099914550781,57.4,56.6,56.85,228.0,0.4608513388061523,True,TSLA,47.6,0.2058823529411764,-0.11205281544595116,1420487690716.0,20.58823529411764,1053.0
MSFT260220C00475000,475.0,4037.0,空头卖 Call，看跌/看不涨,-2.7752085298737206,CALL,5034.0,997.0,6043389.0,1.5896262345747293e-06,5M-10M,2026-02-20,472.4249877929688,485.9100036621094,465.3049926757813,473.1000061035156,462.0,14.97,15.3,15.45,1283.0,0.3317327569580078,False,MSFT,28.0,-0.46535714285714286,-0.027752085298737208,3801767276203.0,-46.535714285714285,4037.0
TSLA260417C00500000,500.0,3074.0,空头卖 Call，看跌/看不涨,-11.205281544595117,CALL,10054.0,6980.0,6040410.0,4.252349414555869e-06,5M-10M,2026-04-17,438.9700012207031,494.364990234375,445.0299987792969,445.0299987792969,436.7099914550781,19.65,19.55,19.65,219.0,0.4921468022155762,False,TSLA,59.42,-0.6693032648939752,-0.11205281544595116,1420487690716.0,-66.93032648939752,3074.0
COIN260320C00270000,270.0,15084.0,空头卖 Call，看跌/看不涨,-14.706468788280283,CALL,16417.0,1333.0,6033600.0,7.512298391372417e-05,5M-10M,2026-03-20,213.5749969482422,250.3999938964844,212.10499572753903,215.63999938964844,210.88999938964844,4.0,3.9,4.2,202.0,0.5810588769531251,False,COIN,22.0,-0.8181818181818182,-0.14706468788280283,80316298497.0,-81.81818181818183,15084.0
AAPL260220P00300000,300.0,-1160.0,空头平仓 Put，回补，看跌信号减弱,-6.297078450064497,PUT,186.0,1346.0,6032000.0,1.591084008609086e-06,5M-10M,2026-02-20,254.9750061035156,272.1099853515625,251.47999572753903,255.5,249.8000030517578,52.0,44.25,45.85,683.0,0.401373173828125,True,AAPL,27.89,0.8644675510935819,-0.06297078450064497,3791126029400.0,86.4467551093582,-1160.0
BAC280121P00050000,50.0,10220.0,多头买 Put，看跌,-7.355176688267242,PUT,10443.0,223.0,6029800.0,1.559229198338651e-05,5M-10M,2028-01-21,51.900001525878906,56.02040100097656,51.79999923706055,52.275001525878906,51.66999816894531,5.9,5.95,6.15,3.0,0.2476881872558593,False,BAC,5.2,0.13461538461538464,-0.07355176688267241,386716719160.0,13.461538461538463,10220.0
AAPL280121C00240000,240.0,1108.0,空头卖 Call，看跌/看不涨,-6.297078450064497,CALL,1987.0,879.0,6029736.0,1.5904868245581095e-06,5M-10M,2028-01-21,254.9750061035156,272.1099853515625,251.47999572753903,255.5,249.8000030517578,54.42,55.45,55.8,15.0,0.3476932907104492,True,AAPL,69.6,-0.21810344827586198,-0.06297078450064497,3791126029400.0,-21.8103448275862,1108.0
PLTR260618P00160000,160.0,3494.0,多头买 Put，看跌,-12.37863350817816,PUT,5914.0,2420.0,6027150.0,1.4307542038023685e-05,5M-10M,2026-06-18,169.2100067138672,193.1150054931641,168.2100067138672,170.58970642089844,168.02000427246094,17.25,16.9,17.05,13.0,0.5180407083129883,False,PLTR,13.95,0.2365591397849463,-0.12378633508178159,421256843697.0,23.65591397849463,3494.0
PLTR260918P00170000,170.0,2183.0,多头买 Put，看跌,-12.37863350817816,PUT,3601.0,1418.0,6003250.0,1.4250807054705074e-05,5M-10M,2026-09-18,169.2100067138672,193.1150054931641,168.2100067138672,170.58970642089844,168.02000427246094,27.5,27.85,28.05,27.0,0.5101367346191408,True,PLTR,22.6,0.21681415929203532,-0.12378633508178159,421256843697.0,21.68141592920353,2183.0
WFC260618C00072500,72.5,-3566.0,多头平仓 Call，减仓，看涨减弱,-6.672686590085969,CALL,9654.0,13220.0,5998012.0,2.2025235265897225e-05,5M-10M,2026-06-18,87.90499877929688,94.19000244140624,87.0999984741211,88.13999938964844,87.0999984741211,16.82,16.25,17.5,10.0,0.3687807263183594,True,WFC,21.9,-0.23196347031963463,-0.06672686590085969,272324537177.0,-23.196347031963462,-3566.0
NEM260320C00100000,100.0,2074.0,多头买 Call，看涨,21.630742833192862,CALL,6033.0,3959.0,5973120.0,6.378619080982768e-05,5M-10M,2026-03-20,127.83999633789062,105.1050033569336,127.70999908447266,129.24989318847656,125.72000122070312,28.8,28.15,30.1,25.0,0.5314988256835937,True,NEM,11.95,1.4100418410041844,0.21630742833192862,93642839056.0,141.00418410041843,2074.0
PLTR280121C00200000,200.0,1244.0,空头卖 Call，看跌/看不涨,-12.37863350817816,CALL,3483.0,2239.0,5971200.0,1.4174725204689949e-05,5M-10M,2028-01-21,169.2100067138672,193.1150054931641,168.2100067138672,170.58970642089844,168.02000427246094,48.0,47.8,48.55,4.0,0.6210059872436525,False,PLTR,67.79,-0.29193096326891876,-0.12378633508178159,421256843697.0,-29.193096326891876,1244.0
COIN260417P00240000,240.0,1544.0,多头买 Put，看跌,-14.706468788280283,PUT,2615.0,1071.0,5959840.0,7.420461489796636e-05,5M-10M,2026-04-17,213.5749969482422,250.3999938964844,212.10499572753903,215.63999938964844,210.88999938964844,38.6,38.35,38.85,10.0,0.5384567639160158,True,COIN,24.75,0.5595959595959596,-0.14706468788280283,80316298497.0,55.959595959595966,1544.0
HL260618C00025000,25.0,4941.0,多头买 Call，看涨,59.78781876298166,CALL,8605.0,3664.0,5929200.0,0.0007583349177285445,5M-10M,2026-06-18,33.06010055541992,20.690000534057617,33.599998474121094,34.16999816894531,32.564998626708984,12.0,11.9,12.4,1081.0,1.0459032080078128,True,HL,3.5,2.4285714285714284,0.5978781876298166,7818708939.0,242.85714285714283,4941.0
MSFT260220C00450000,450.0,1989.0,空头卖 Call，看跌/看不涨,-2.7752085298737206,CALL,2455.0,466.0,5927220.0,1.5590696561310263e-06,5M-10M,2026-02-20,472.4249877929688,485.9100036621094,465.3049926757813,473.1000061035156,462.0,29.8,29.95,30.15,169.0,0.3385381088256836,True,MSFT,45.5,-0.34505494505494505,-0.027752085298737208,3801767276203.0,-34.505494505494504,1989.0
BABA260515C00155000,155.0,2114.0,多头买 Call，看涨,13.252811373151834,CALL,2202.0,88.0,5919200.0,1.491026562777021e-05,5M-10M,2026-05-15,171.2949981689453,151.25010681152344,169.7899932861328,172.89999389648438,168.67999267578125,28.0,26.55,27.25,27.0,0.5039722454833984,True,BABA,13.31,1.1036814425244177,0.13252811373151835,396988232656.0,110.36814425244177,2114.0
BABA260220C00180000,180.0,11156.0,多头买 Call，看涨,13.252811373151834,CALL,14487.0,3331.0,5912680.0,1.4893841967158462e-05,5M-10M,2026-02-20,171.2949981689453,151.25010681152344,169.7899932861328,172.89999389648438,168.67999267578125,5.3,5.25,5.55,1116.0,0.4954884436035156,False,BABA,1.84,1.8804347826086956,0.13252811373151835,396988232656.0,188.04347826086956,11156.0
AAPL260618C00260000,260.0,3694.0,空头卖 Call，看跌/看不涨,-6.297078450064497,CALL,9650.0,5956.0,5910400.0,1.5590091055177624e-06,5M-10M,2026-06-18,254.9750061035156,272.1099853515625,251.47999572753903,255.5,249.8000030517578,16.0,15.85,15.95,684.0,0.2847361566162109,False,AAPL,28.7,-0.4425087108013937,-0.06297078450064497,3791126029400.0,-44.25087108013937,3694.0
IREN260918P00050000,50.0,4248.0,空头卖 Put，看涨/看不跌,28.085313561628293,PUT,4380.0,132.0,5904720.0,0.0005186356022930619,5M-10M,2026-09-18,53.45000076293945,41.72999954223633,56.13899993896485,57.04560089111328,53.02000045776367,13.9,13.55,14.4,10.0,0.967041345214844,False,IREN,18.4,-0.24456521739130427,0.28085313561628295,11385103479.0,-24.456521739130427,4248.0
AMD260220C00260000,260.0,4536.0,多头买 Call，看涨,17.781399838657244,CALL,8947.0,4411.0,5896800.0,2.2787041721122783e-05,5M-10M,2026-02-20,252.6999969482422,214.5500030517578,256.7449951171875,258.2898864746094,250.30999755859372,13.0,12.95,13.1,442.0,0.5994302752685547,False,AMD,4.74,1.742616033755274,0.17781399838657244,258778654648.0,174.26160337552741,4536.0
TSLA261218C00400000,400.0,539.0,空头卖 Call，看跌/看不涨,-11.205281544595117,CALL,5491.0,4952.0,5869710.000000001,4.132179418634287e-06,5M-10M,2026-12-18,438.9700012207031,494.364990234375,445.0299987792969,445.0299987792969,436.7099914550781,108.9,109.65,110.1,15.0,0.5692944682312011,True,TSLA,161.9,-0.32736256948733783,-0.11205281544595116,1420487690716.0,-32.73625694873378,539.0
MU270617P00300000,300.0,906.0,空头卖 Put，看涨/看不跌,42.91124578171335,PUT,947.0,41.0,5854572.0,3.3263705568575337e-05,5M-10M,2027-06-17,389.4330139160156,272.4999084472656,395.6300048828125,398.0,384.2999877929688,64.62,63.35,64.6,2.0,0.6514622256469728,False,MU,92.41,-0.30072502975868404,0.4291124578171335,176004804634.0,-30.072502975868403,906.0
TSLA261218P00460000,460.0,671.0,多头买 Put，看跌,-11.205281544595117,PUT,2098.0,1427.0,5851120.0,4.119092364011074e-06,5M-10M,2026-12-18,438.9700012207031,494.364990234375,445.0299987792969,445.0299987792969,436.7099914550781,87.2,89.35,89.8,1.0,0.4684959156799316,True,TSLA,81.75,0.06666666666666671,-0.11205281544595116,1420487690716.0,6.6666666666666705,671.0
NXE260320C00010000,10.0,-21274.0,空头平仓 Call，回补信号，看涨,31.40716299707019,CALL,18918.0,40192.0,5850350.0,0.0011254840850545265,5M-10M,2026-03-20,12.279999732971191,9.345000267028809,12.949999809265137,13.199999809265137,12.15999984741211,2.75,2.65,2.85,17.0,0.76367423828125,True,NXE,1.05,1.6190476190476188,0.3140716299707019,5198074391.0,161.9047619047619,-21274.0
TSLA260717C00450000,450.0,1005.0,空头卖 Call，看跌/看不涨,-11.205281544595117,CALL,2932.0,1927.0,5840055.0,4.11130278577515e-06,5M-10M,2026-07-17,438.9700012207031,494.364990234375,445.0299987792969,445.0299987792969,436.7099914550781,58.11,58.55,58.8,29.0,0.5275010629272462,False,TSLA,107.22,-0.45803021824286516,-0.11205281544595116,1420487690716.0,-45.80302182428652,1005.0
ORCL260618C00230000,230.0,5448.0,空头卖 Call，看跌/看不涨,-6.701367432426979,CALL,8388.0,2940.0,5818464.0,7.223309138776901e-06,5M-10M,2026-06-18,183.7050018310547,196.8999938964844,179.10000610351562,185.27999877929688,178.52999877929688,10.68,10.6,10.8,44.0,0.5444076321411133,False,ORCL,16.85,-0.3661721068249259,-0.06701367432426979,805512250440.0,-36.61721068249259,5448.0
MSFT260618P00490000,490.0,1298.0,多头买 Put，看跌,-2.7752085298737206,PUT,2173.0,875.0,5815039.999999999,1.5295623265524415e-06,5M-10M,2026-06-18,472.4249877929688,485.9100036621094,465.3049926757813,473.1000061035156,462.0,44.8,40.1,40.4,1.0,0.255790523223877,True,MSFT,35.4,0.2655367231638418,-0.027752085298737208,3801767276203.0,26.55367231638418,1298.0
NVDA260618C00155000,155.0,1352.0,多头买 Call，看涨,2.1185640497970435,CALL,8976.0,7624.0,5813600.0,1.342627523171387e-06,5M-10M,2026-06-18,186.8105926513672,182.93499755859372,187.07000732421875,189.1199951171875,186.00999450683597,43.0,41.5,41.95,2.0,0.5228624374389649,True,NVDA,40.59,0.059374230105937335,0.021185640497970434,4330017000000.0,5.937423010593734,1352.0
XOM270115C00130000,130.0,3879.0,多头买 Call，看涨,13.619827932335966,CALL,6227.0,2348.0,5783589.0,1.1573246644779635e-05,5M-10M,2027-01-15,134.30999755859375,118.20999908447266,136.92999267578125,136.93980407714844,134.1699981689453,14.91,14.7,15.35,20.0,0.2522047436523437,True,XOM,6.25,1.3856,0.13619827932335965,499737815802.0,138.56,3879.0
AMD270115P00180000,180.0,3240.0,空头卖 Put，看涨/看不跌,17.781399838657244,PUT,6743.0,3503.0,5783400.000000001,2.2348829380331964e-05,5M-10M,2027-01-15,252.6999969482422,214.5500030517578,256.7449951171875,258.2898864746094,250.30999755859372,17.85,17.05,17.45,3.0,0.5337571038818358,False,AMD,24.35,-0.26694045174537984,0.17781399838657244,258778654648.0,-26.694045174537983,3240.0
AVGO260220P00340000,340.0,2480.0,多头买 Put，看跌,-4.434311329577715,PUT,6347.0,3867.0,5768480.0,3.651461847289795e-06,5M-10M,2026-02-20,324.7799987792969,339.8500061035156,319.95001220703125,328.010009765625,317.6000061035156,23.26,22.95,23.2,213.0,0.4063780065917969,True,AVGO,21.4,0.08691588785046743,-0.04434311329577715,1579772770810.0,8.691588785046743,2480.0
MSFT261218C00500000,500.0,1343.0,空头卖 Call，看跌/看不涨,-2.7752085298737206,CALL,5384.0,4041.0,5768185.000000001,1.5172377951974358e-06,5M-10M,2026-12-18,472.4249877929688,485.9100036621094,465.3049926757813,473.1000061035156,462.0,42.95,42.8,43.15,49.0,0.3053963504028321,False,MSFT,52.14,-0.17625623321825848,-0.027752085298737208,3801767276203.0,-17.62562332182585,1343.0
TSLA270617C00370000,370.0,370.0,空头卖 Call，看跌/看不涨,-11.205281544595117,CALL,1539.0,1169.0,5766820.0,4.059746548801997e-06,5M-10M,2027-06-17,438.9700012207031,494.364990234375,445.0299987792969,445.0299987792969,436.7099914550781,155.86,147.7,149.35,4.0,0.5943338906860353,True,TSLA,200.46,-0.2224882769629851,-0.11205281544595116,1420487690716.0,-22.24882769629851,370.0
TSM270115C00330000,330.0,963.0,多头买 Call，看涨,13.562221773921,CALL,5297.0,4334.0,5750073.0,4.055646597048228e-06,5M-10M,2027-01-15,332.760009765625,293.0199890136719,332.7900085449219,334.17999267578125,330.2300109863281,59.71,59.2,60.5,36.0,0.4571129728698731,True,TSM,37.55,0.5901464713715048,0.13562221773921,1417794391697.0,59.014647137150476,963.0
TSLA261218C00350000,350.0,-396.0,多头平仓 Call，减仓，看涨减弱,-11.205281544595117,CALL,4804.0,5200.0,5748336.0,4.04673411643753e-06,5M-10M,2026-12-18,438.9700012207031,494.364990234375,445.0299987792969,445.0299987792969,436.7099914550781,145.16,137.6,138.1,8.0,0.5883525051879883,True,TSLA,191.02,-0.2400795728196001,-0.11205281544595116,1420487690716.0,-24.00795728196001,-396.0
XOM260220C00130000,130.0,9412.0,多头买 Call，看涨,13.619827932335966,CALL,15818.0,6406.0,5741320.0,1.1488664292467223e-05,5M-10M,2026-02-20,134.30999755859375,118.20999908447266,136.92999267578125,136.93980407714844,134.1699981689453,6.1,6.05,6.25,145.0,0.2631909619140625,True,XOM,0.55,10.09090909090909,0.13619827932335965,499737815802.0,1009.090909090909,9412.0
CRWV260220C00095000,95.0,4291.0,多头买 Call，看涨,19.266232354169478,CALL,6886.0,2595.0,5728485.0,9.743182876393656e-05,5M-10M,2026-02-20,101.5551986694336,85.1500015258789,101.81999969482422,108.6500015258789,100.61000061035156,13.35,13.2,14.25,553.0,0.971557901611328,True,CRWV,8.7,0.5344827586206897,0.1926623235416948,58794801172.0,53.448275862068975,4291.0
MU260320P00340000,340.0,2966.0,空头卖 Put，看涨/看不跌,42.91124578171335,PUT,3020.0,54.0,5724380.0,3.2523998489153657e-05,5M-10M,2026-03-20,389.4330139160156,272.4999084472656,395.6300048828125,398.0,384.2999877929688,19.3,19.05,19.6,116.0,0.7033415896606446,False,MU,87.0,-0.7781609195402299,0.4291124578171335,176004804634.0,-77.816091954023,2966.0
AMD280121C00260000,260.0,671.0,多头买 Call，看涨,17.781399838657244,CALL,2243.0,1572.0,5715578.000000001,2.2086744394643116e-05,5M-10M,2028-01-21,252.6999969482422,214.5500030517578,256.7449951171875,258.2898864746094,250.30999755859372,85.18,83.75,85.85,53.0,0.6328466891479493,False,AMD,56.28,0.5135039090262972,0.17781399838657244,258778654648.0,51.35039090262972,671.0
TSLA260515C00450000,450.0,1270.0,空头卖 Call，看跌/看不涨,-11.205281544595117,CALL,4125.0,2855.0,5715000.0,4.023266120045955e-06,5M-10M,2026-05-15,438.9700012207031,494.364990234375,445.0299987792969,445.0299987792969,436.7099914550781,45.0,45.1,45.2,108.0,0.5205126074218749,False,TSLA,93.15,-0.5169082125603865,-0.11205281544595116,1420487690716.0,-51.69082125603865,1270.0
BABA260320P00145000,145.0,28566.0,空头卖 Put，看涨/看不跌,13.252811373151834,PUT,54531.0,25965.0,5713200.0,1.4391358559362204e-05,5M-10M,2026-03-20,171.2949981689453,151.25010681152344,169.7899932861328,172.89999389648438,168.67999267578125,2.0,1.9,2.07,48.0,0.4254207849121094,False,BABA,7.9,-0.7468354430379747,0.13252811373151835,396988232656.0,-74.68354430379746,28566.0
ORCL260130C00175000,175.0,5791.0,空头卖 Call，看跌/看不涨,-6.701367432426979,CALL,5824.0,33.0,5704135.0,7.081375853544369e-06,5M-10M,2026-01-30,183.7050018310547,196.8999938964844,179.10000610351562,185.27999877929688,178.52999877929688,9.85,9.85,10.4,5464.0,0.5385788330078126,True,ORCL,24.96,-0.6053685897435898,-0.06701367432426979,805512250440.0,-60.53685897435898,5791.0
META270115C00500000,500.0,264.0,多头买 Call，看涨,1.8905747608431493,CALL,1309.0,1045.0,5702400.0,3.052014591246624e-06,5M-10M,2027-01-15,671.52001953125,659.0599975585938,665.2249755859375,674.97998046875,661.2855224609375,216.0,216.25,218.45,15.0,0.495747840423584,True,META,204.95,0.053915589168089834,0.018905747608431493,1868405222031.0,5.391558916808983,264.0
TSM260515C00270000,270.0,828.0,多头买 Call，看涨,13.562221773921,CALL,1254.0,426.0,5696639.999999999,4.017959186015345e-06,5M-10M,2026-05-15,332.760009765625,293.0199890136719,332.7900085449219,334.17999267578125,330.2300109863281,68.8,71.1,73.75,2.0,0.510594493713379,True,TSM,44.5,0.546067415730337,0.13562221773921,1417794391697.0,54.6067415730337,828.0
AVGO260417P00350000,350.0,1341.0,多头买 Put，看跌,-4.434311329577715,PUT,2527.0,1186.0,5691203.999999999,3.602545951644639e-06,5M-10M,2026-04-17,324.7799987792969,339.8500061035156,319.95001220703125,328.010009765625,317.6000061035156,42.44,43.1,43.4,14.0,0.4574944387817383,True,AVGO,38.4,0.10520833333333332,-0.04434311329577715,1579772770810.0,10.520833333333332,1341.0
AMZN260220C00260000,260.0,16202.0,多头买 Call，看涨,5.18471414096742,CALL,26015.0,9813.0,5670700.0,2.419308341881691e-06,5M-10M,2026-02-20,239.9499969482422,228.12249755859372,239.97999572753903,240.9499969482422,237.5399932861328,3.5,3.45,3.5,1103.0,0.4008848974609375,False,AMZN,2.72,0.28676470588235287,0.0518471414096742,2343934380679.0,28.676470588235286,16202.0
META260417C00640000,640.0,831.0,多头买 Call，看涨,1.8905747608431493,CALL,1523.0,692.0,5650800.0,3.0243974558460334e-06,5M-10M,2026-04-17,671.52001953125,659.0599975585938,665.2249755859375,674.97998046875,661.2855224609375,68.0,67.85,68.75,30.0,0.4148770671081542,True,META,64.73,0.05051753437355161,0.018905747608431493,1868405222031.0,5.051753437355161,831.0
AMD260220C00200000,200.0,-1046.0,空头平仓 Call，回补信号，看涨,17.781399838657244,CALL,5886.0,6932.0,5648400.0,2.1827148022247647e-05,5M-10M,2026-02-20,252.6999969482422,214.5500030517578,256.7449951171875,258.2898864746094,250.30999755859372,54.0,55.2,56.75,139.0,0.7862570202636718,True,AMD,26.4,1.0454545454545456,0.17781399838657244,258778654648.0,104.54545454545456,-1046.0
BABA260220C00160000,160.0,3588.0,多头买 Call，看涨,13.252811373151834,CALL,10968.0,7380.0,5647512.0,1.422589269766519e-05,5M-10M,2026-02-20,171.2949981689453,151.25010681152344,169.7899932861328,172.89999389648438,168.67999267578125,15.74,15.0,15.8,141.0,0.5139208764648437,True,BABA,5.65,1.7858407079646017,0.13252811373151835,396988232656.0,178.58407079646017,3588.0
BIDU260320C00150000,150.0,-3644.0,空头平仓 Call，回补信号，看涨,26.06766795942818,CALL,13169.0,16813.0,5640912.0,0.00012493473691295714,5M-10M,2026-03-20,156.97000122070312,124.5124969482422,158.00999450683594,159.10000610351562,155.34010314941406,15.48,15.75,16.5,20.0,0.5243577838134765,True,BIDU,3.8,3.073684210526316,0.2606766795942818,45150869481.0,307.3684210526316,-3644.0
NFLX260220P00105000,105.0,-2932.0,空头平仓 Put，回补，看跌信号减弱,-8.000430252636317,PUT,142.0,3074.0,5638236.0,1.0960373007031234e-05,5M-10M,2026-02-20,86.00579833984375,93.48500061035156,86.91000366210938,86.94000244140625,85.3499984741211,19.23,18.45,19.65,10.0,0.5722699023437501,True,NFLX,13.03,0.47582501918649284,-0.08000430252636317,514420083731.0,47.582501918649285,-2932.0
XOM270617P00140000,140.0,3158.0,空头卖 Put，看涨/看不跌,13.619827932335966,PUT,3161.0,3.0,5637030.0,1.1279974862325478e-05,5M-10M,2027-06-17,134.30999755859375,118.20999908447266,136.92999267578125,136.93980407714844,134.1699981689453,17.85,16.05,17.7,150.0,0.2282792016601562,True,XOM,28.12,-0.36522048364153625,0.13619827932335965,499737815802.0,-36.522048364153626,3158.0
GOOGL260618P00325000,325.0,2239.0,空头卖 Put，看涨/看不跌,8.235286107723065,PUT,2401.0,162.0,5631085.0,1.8885771335914155e-06,5M-10M,2026-06-18,334.7500915527344,309.2799987792969,327.8099975585937,334.9800109863281,327.0,25.15,23.45,23.6,11.0,0.3420018193054199,False,GOOGL,35.4,-0.2895480225988701,0.08235286107723065,2981654760000.0,-28.954802259887007,2239.0
TSLA260918C00470000,470.0,805.0,空头卖 Call，看跌/看不涨,-11.205281544595117,CALL,2063.0,1258.0,5630975.0,3.96411390031947e-06,5M-10M,2026-09-18,438.9700012207031,494.364990234375,445.0299987792969,445.0299987792969,436.7099914550781,69.95,63.75,64.05,46.0,0.5425003025817872,False,TSLA,104.9,-0.33317445185891326,-0.11205281544595116,1420487690716.0,-33.31744518589132,805.0
RKLB260320P00080000,80.0,5608.0,空头卖 Put，看涨/看不跌,7.03305875591801,PUT,5631.0,23.0,5608000.0,0.0002528974607854486,5M-10M,2026-03-20,83.55000305175781,78.05999755859375,86.79000091552734,87.16000366210938,82.4000015258789,10.0,9.85,10.05,712.0,0.932739930419922,False,RKLB,15.25,-0.3442622950819672,0.0703305875591801,22174995283.0,-34.42622950819672,5608.0
PBR260220C00012000,12.0,22702.0,多头买 Call，看涨,22.289900589899414,CALL,32078.0,9376.0,5607394.0,6.652319588178338e-05,5M-10M,2026-02-20,14.354999542236328,11.738499641418455,14.420000076293944,14.5600004196167,14.26259994506836,2.47,2.34,2.49,148.0,0.5937540625000001,True,PBR,0.24,9.29166666666667,0.22289900589899414,84292312263.0,929.166666666667,22702.0
NVDA260417P00165000,165.0,9409.0,空头卖 Put，看涨/看不跌,2.1185640497970435,PUT,15774.0,6365.0,5598355.0,1.2929175566747199e-06,5M-10M,2026-04-17,186.8105926513672,182.93499755859372,187.07000732421875,189.1199951171875,186.00999450683597,5.95,5.95,6.05,846.0,0.435125277709961,False,NVDA,8.42,-0.29334916864608074,0.021185640497970434,4330017000000.0,-29.334916864608076,9409.0
AMD260130C00215000,215.0,1445.0,多头买 Call，看涨,17.781399838657244,CALL,2002.0,557.0,5592150.000000001,2.160978078971252e-05,5M-10M,2026-01-30,252.6999969482422,214.5500030517578,256.7449951171875,258.2898864746094,250.30999755859372,38.7,38.75,40.1,11.0,1.1162153564453123,True,AMD,13.0,1.9769230769230772,0.17781399838657244,258778654648.0,197.69230769230774,1445.0
BIDU260618C00160000,160.0,3017.0,多头买 Call，看涨,26.06766795942818,CALL,3106.0,89.0,5581450.0,0.00012361777445612067,5M-10M,2026-06-18,156.97000122070312,124.5124969482422,158.00999450683594,159.10000610351562,155.34010314941406,18.5,18.55,19.5,5.0,0.5185595019531251,False,BIDU,6.8,1.7205882352941175,0.2606766795942818,45150869481.0,172.05882352941174,3017.0
NVDA260918P00185000,185.0,2382.0,空头卖 Put，看涨/看不跌,2.1185640497970435,PUT,11313.0,8931.0,5573880.0,1.2872651539243379e-06,5M-10M,2026-09-18,186.8105926513672,182.93499755859372,187.07000732421875,189.1199951171875,186.00999450683597,23.4,23.25,23.45,4.0,0.4106199075317382,False,NVDA,25.65,-0.08771929824561404,0.021185640497970434,4330017000000.0,-8.771929824561404,2382.0
AMZN260320C00190000,190.0,1089.0,多头买 Call，看涨,5.18471414096742,CALL,3073.0,1984.0,5559345.0,2.371800612604841e-06,5M-10M,2026-03-20,239.9499969482422,228.12249755859372,239.97999572753903,240.9499969482422,237.5399932861328,51.05,51.45,52.85,25.0,0.5407760766601564,True,AMZN,42.19,0.2100023702299123,0.0518471414096742,2343934380679.0,21.00023702299123,1089.0
GOOGL260918C00360000,360.0,1889.0,多头买 Call，看涨,8.235286107723065,CALL,2503.0,614.0,5553660.0,1.8626100092151514e-06,5M-10M,2026-09-18,334.7500915527344,309.2799987792969,327.8099975585937,334.9800109863281,327.0,29.4,30.5,30.65,1.0,0.3791260818481445,False,GOOGL,20.29,0.44898965007392805,0.08235286107723065,2981654760000.0,44.8989650073928,1889.0
RKLB261218C00100000,100.0,2256.0,多头买 Call，看涨,7.03305875591801,CALL,3007.0,751.0,5538480.0,0.000249762398111803,5M-10M,2026-12-18,83.55000305175781,78.05999755859375,86.79000091552734,87.16000366210938,82.4000015258789,24.55,24.0,26.15,261.0,0.9782717016601564,False,RKLB,21.22,0.15692742695570228,0.0703305875591801,22174995283.0,15.692742695570228,2256.0
NVDA260717P00185000,185.0,2762.0,空头卖 Put，看涨/看不跌,2.1185640497970435,PUT,2909.0,147.0,5537810.0,1.2789349325880245e-06,5M-10M,2026-07-17,186.8105926513672,182.93499755859372,187.07000732421875,189.1199951171875,186.00999450683597,20.05,19.7,19.85,29.0,0.4083311120605468,False,NVDA,22.37,-0.10371032632990614,0.021185640497970434,4330017000000.0,-10.371032632990614,2762.0
AMD280121P00250000,250.0,834.0,空头卖 Put，看涨/看不跌,17.781399838657244,PUT,1373.0,539.0,5535258.0,2.1389932672496717e-05,5M-10M,2028-01-21,252.6999969482422,214.5500030517578,256.7449951171875,258.2898864746094,250.30999755859372,66.37,67.05,67.8,33.0,0.4994862063598633,False,AMD,78.0,-0.14910256410256403,0.17781399838657244,258778654648.0,-14.910256410256403,834.0
V270115P00350000,350.0,1441.0,多头买 Put，看跌,-7.606459086350892,PUT,2411.0,970.0,5533440.0,8.454735423618016e-06,5M-10M,2027-01-15,326.218505859375,353.07501220703125,328.0,329.2200012207031,325.5,38.4,37.2,39.45,7.0,0.1947864945983886,True,V,28.24,0.3597733711048159,-0.07606459086350892,654478197454.0,35.977337110481585,1441.0
COIN270115P00230000,230.0,1017.0,多头买 Put，看跌,-14.706468788280283,PUT,2793.0,1776.0,5527395.0,6.88203403722155e-05,5M-10M,2027-01-15,213.5749969482422,250.3999938964844,212.10499572753903,215.63999938964844,210.88999938964844,54.35,54.7,56.3,19.0,0.5434005621337892,True,COIN,48.7,0.11601642710472276,-0.14706468788280283,80316298497.0,11.601642710472277,1017.0
AVGO260220P00400000,400.0,690.0,多头买 Put，看跌,-4.434311329577715,PUT,1380.0,690.0,5520000.0,3.4941734039191723e-06,5M-10M,2026-02-20,324.7799987792969,339.8500061035156,319.95001220703125,328.010009765625,317.6000061035156,80.0,73.95,76.35,45.0,0.4978077563476563,True,AVGO,61.5,0.3008130081300813,-0.04434311329577715,1579772770810.0,30.081300813008134,690.0
NFLX270115C00076000,76.0,2847.0,空头卖 Call，看跌/看不涨,-8.000430252636317,CALL,3548.0,701.0,5508945.0,1.0709039507253631e-05,5M-10M,2027-01-15,86.00579833984375,93.48500061035156,86.91000366210938,86.94000244140625,85.3499984741211,19.35,19.35,19.8,1.0,0.45117736328125,True,NFLX,26.65,-0.27392120075046894,-0.08000430252636317,514420083731.0,-27.392120075046893,2847.0
META260618C00650000,650.0,675.0,多头买 Call，看涨,1.8905747608431493,CALL,4129.0,3454.0,5498549.999999999,2.942910849940222e-06,5M-10M,2026-06-18,671.52001953125,659.0599975585938,665.2249755859375,674.97998046875,661.2855224609375,81.46,81.35,81.85,83.0,0.4268779846954347,True,META,76.35,0.06692861820563195,0.018905747608431493,1868405222031.0,6.692861820563195,675.0
ORCL280121P00180000,180.0,1234.0,多头买 Put，看跌,-6.701367432426979,PUT,2622.0,1388.0,5476492.000000001,6.798769350818119e-06,5M-10M,2028-01-21,183.7050018310547,196.8999938964844,179.10000610351562,185.27999877929688,178.52999877929688,44.38,44.0,45.0,15.0,0.4661918615722656,False,ORCL,39.9,0.11228070175438606,-0.06701367432426979,805512250440.0,11.228070175438607,1234.0
NVDA261218P00215000,215.0,1217.0,空头卖 Put，看涨/看不跌,2.1185640497970435,PUT,1581.0,364.0,5454594.0,1.2597165322907509e-06,5M-10M,2026-12-18,186.8105926513672,182.93499755859372,187.07000732421875,189.1199951171875,186.00999450683597,44.82,45.15,45.45,39.0,0.3885254019165038,True,NVDA,54.95,-0.18434940855323026,0.021185640497970434,4330017000000.0,-18.434940855323028,1217.0
ORCL260320C00200000,200.0,5426.0,空头卖 Call，看跌/看不涨,-6.701367432426979,CALL,24202.0,18776.0,5453130.0,6.769766688242547e-06,5M-10M,2026-03-20,183.7050018310547,196.8999938964844,179.10000610351562,185.27999877929688,178.52999877929688,10.05,10.1,10.15,592.0,0.5808147387695313,False,ORCL,18.7,-0.46256684491978606,-0.06701367432426979,805512250440.0,-46.2566844919786,5426.0
GOOGL260320C00325000,325.0,2391.0,多头买 Call，看涨,8.235286107723065,CALL,4529.0,2138.0,5451480.0,1.8283404481074126e-06,5M-10M,2026-03-20,334.7500915527344,309.2799987792969,327.8099975585937,334.9800109863281,327.0,22.8,23.2,23.35,26.0,0.3567569207763671,True,GOOGL,14.7,0.5510204081632655,0.08235286107723065,2981654760000.0,55.10204081632655,2391.0
PLTR260417P00180000,180.0,2492.0,多头买 Put，看跌,-12.37863350817816,PUT,4152.0,1660.0,5447512.0,1.2931569140080881e-05,5M-10M,2026-04-17,169.2100067138672,193.1150054931641,168.2100067138672,170.58970642089844,168.02000427246094,21.86,21.65,21.75,31.0,0.4790091162109374,True,PLTR,15.9,0.3748427672955974,-0.12378633508178159,421256843697.0,37.48427672955974,2492.0
JPM260417P00275000,275.0,11005.0,多头买 Put，看跌,-6.771710058917383,PUT,11221.0,216.0,5447475.0,6.268041895681366e-06,5M-10M,2026-04-17,299.989990234375,321.7799987792969,297.8099975585937,301.01129150390625,297.5,4.95,4.95,5.0,27.0,0.2600782000732422,False,JPM,4.17,0.18705035971223027,-0.06771710058917382,869087203095.0,18.705035971223026,11005.0
BAC270115C00050000,50.0,7947.0,空头卖 Call，看跌/看不涨,-7.355176688267242,CALL,22836.0,14889.0,5443695.0,1.4076699377840263e-05,5M-10M,2027-01-15,51.900001525878906,56.02040100097656,51.79999923706055,52.275001525878906,51.66999816894531,6.85,6.85,7.05,7.0,0.3029854858398437,True,BAC,10.09,-0.3211100099108028,-0.07355176688267241,386716719160.0,-32.11100099108028,7947.0
SNOW270115C00230000,230.0,-1512.0,多头平仓 Call，减仓，看涨减弱,-5.962289073909751,CALL,2651.0,4163.0,5441688.0,7.149952320406865e-05,5M-10M,2027-01-15,211.7400054931641,225.1649932861328,211.7899932861328,212.1625061035156,208.6000061035156,35.99,35.3,36.7,35.0,0.518284846496582,False,SNOW,44.95,-0.19933259176863183,-0.05962289073909751,76108032000.0,-19.93325917686318,-1512.0
AVGO260417P00320000,320.0,1981.0,多头买 Put，看跌,-4.434311329577715,PUT,3015.0,1034.0,5437845.0,3.4421690894266033e-06,5M-10M,2026-04-17,324.7799987792969,339.8500061035156,319.95001220703125,328.010009765625,317.6000061035156,27.45,26.2,26.45,26.0,0.4736075588989258,False,AVGO,23.55,0.1656050955414012,-0.04434311329577715,1579772770810.0,16.560509554140122,1981.0
FCX261218C00060000,60.0,4266.0,多头买 Call，看涨,22.3869492685865,CALL,7813.0,3547.0,5417820.0,0.00010555101181808611,5M-10M,2026-12-18,62.08689880371094,50.72999954223633,63.415000915527344,63.57500076293945,61.88999938964844,12.7,12.55,13.0,23.0,0.512578116455078,True,FCX,4.9,1.5918367346938773,0.22386949268586498,51328925291.0,159.18367346938774,4266.0
CRM261218P00240000,240.0,1488.0,多头买 Put，看跌,-13.076838017837627,PUT,2207.0,719.0,5416320.0,2.33718595271983e-05,5M-10M,2026-12-18,228.8600006103516,263.2900085449219,229.42999267578125,230.8699951171875,227.5850067138672,36.4,34.2,34.8,3.0,0.328284305114746,True,CRM,22.9,0.5895196506550219,-0.13076838017837628,231745360000.0,58.951965065502186,1488.0
AVGO260618P00340000,340.0,1175.0,多头买 Put，看跌,-4.434311329577715,PUT,3794.0,2619.0,5410875.0,3.425097013936803e-06,5M-10M,2026-06-18,324.7799987792969,339.8500061035156,319.95001220703125,328.010009765625,317.6000061035156,46.05,45.75,46.05,32.0,0.4582573706054688,True,AVGO,41.23,0.11690516614115937,-0.04434311329577715,1579772770810.0,11.690516614115937,1175.0
CRWV260918C00072500,72.5,1246.0,多头买 Call，看涨,19.266232354169478,CALL,1302.0,56.0,5407640.0,9.197479865915924e-05,5M-10M,2026-09-18,101.5551986694336,85.1500015258789,101.81999969482422,108.6500015258789,100.61000061035156,43.4,41.55,43.75,2.0,0.946716841430664,True,CRWV,32.8,0.32317073170731714,0.1926623235416948,58794801172.0,32.31707317073172,1246.0
NU260417C00019000,19.0,56285.0,多头买 Call，看涨,10.587160496864625,CALL,66849.0,10564.0,5403360.0,7.106090647489215e-05,5M-10M,2026-04-17,18.174999237060547,16.434999465942383,18.049999237060547,18.239999771118164,17.899999618530273,0.96,0.94,1.0,145.0,0.3911193701171874,False,NU,0.59,0.6271186440677966,0.10587160496864625,76038433339.0,62.71186440677966,56285.0
TSM260515C00280000,280.0,841.0,多头买 Call，看涨,13.562221773921,CALL,1152.0,311.0,5399220.0,3.808182647370691e-06,5M-10M,2026-05-15,332.760009765625,293.0199890136719,332.7900085449219,334.17999267578125,330.2300109863281,64.2,63.2,65.55,2.0,0.4894460235595704,True,TSM,34.93,0.8379616375608361,0.13562221773921,1417794391697.0,83.79616375608362,841.0
BA280121C00230000,230.0,778.0,多头买 Call，看涨,15.734362909095474,CALL,1015.0,237.0,5391539.999999999,3.2225342915502875e-05,5M-10M,2028-01-21,250.4199981689453,216.3748016357422,251.4900054931641,251.5641021728516,247.40499877929688,69.3,63.4,68.1,7.0,0.4306850144958496,True,BA,43.28,0.6012014787430683,0.15734362909095473,167307451596.0,60.12014787430683,778.0
AMZN260220C00200000,200.0,1310.0,多头买 Call，看涨,5.18471414096742,CALL,3246.0,1936.0,5386720.0,2.298153073056403e-06,5M-10M,2026-02-20,239.9499969482422,228.12249755859372,239.97999572753903,240.9499969482422,237.5399932861328,41.12,40.8,41.45,21.0,0.5029346582031251,True,AMZN,31.88,0.2898368883312421,0.0518471414096742,2343934380679.0,28.983688833124212,1310.0
PPTA260320C00030000,30.0,7915.0,多头买 Call，看涨,22.12909348701683,CALL,14763.0,6848.0,5382200.0,0.0023645775233388133,5M-10M,2026-03-20,34.244998931884766,28.040000915527344,35.79999923706055,35.969200134277344,33.84000015258789,6.8,6.5,7.1,63.0,0.8886729882812499,True,PPTA,3.77,0.8037135278514588,0.22129093487016832,2276178280.0,80.37135278514587,7915.0
TSLA260130C00425000,425.0,2482.0,空头卖 Call，看跌/看不涨,-11.205281544595117,CALL,2590.0,108.0,5371048.0,3.7811295621243372e-06,5M-10M,2026-01-30,438.9700012207031,494.364990234375,445.0299987792969,445.0299987792969,436.7099914550781,21.64,21.6,21.75,2242.0,0.673098972167969,True,TSLA,79.58,-0.7280723799949737,-0.11205281544595116,1420487690716.0,-72.80723799949736,2482.0
AVGO260515P00300000,300.0,2483.0,多头买 Put，看跌,-4.434311329577715,PUT,3707.0,1224.0,5363280.0,3.3949692633644237e-06,5M-10M,2026-05-15,324.7799987792969,339.8500061035156,319.95001220703125,328.010009765625,317.6000061035156,21.6,21.0,21.25,560.0,0.4719291088867187,False,AVGO,19.4,0.11340206185567026,-0.04434311329577715,1579772770810.0,11.340206185567025,2483.0
MSTR260130C00175000,175.0,53618.0,空头卖 Call，看跌/看不涨,-3.691900354628539,CALL,53692.0,74.0,5361800.0,6.118340527581155e-05,5M-10M,2026-01-30,160.1699981689453,166.30999755859375,159.37249755859375,163.1300048828125,158.6199951171875,1.0,0.99,1.09,3357.0,0.7133817724609376,False,MSTR,11.32,-0.911660777385159,-0.03691900354628539,87634873800.0,-91.16607773851591,53618.0
XOM260918C00110000,110.0,-1978.0,空头平仓 Call，回补信号，看涨,13.619827932335966,CALL,9081.0,11059.0,5360380.0,1.072638457707556e-05,5M-10M,2026-09-18,134.30999755859375,118.20999908447266,136.92999267578125,136.93980407714844,134.1699981689453,27.1,26.75,27.6,1166.0,0.2979196185302734,True,XOM,13.87,0.9538572458543622,0.13619827932335965,499737815802.0,95.38572458543622,-1978.0
GOOG260515C00325000,325.0,1643.0,多头买 Call，看涨,7.864809334236379,CALL,1691.0,48.0,5339750.0,1.786231041029534e-06,5M-10M,2026-05-15,335.260009765625,310.81500244140625,328.20001220703125,335.57000732421875,327.489990234375,32.5,32.35,32.95,14.0,0.3812317736816406,True,GOOG,22.9,0.4192139737991267,0.07864809334236379,2989394920000.0,41.921397379912676,1643.0
TSLA260717P00420000,420.0,1148.0,多头买 Put，看跌,-11.205281544595117,PUT,1689.0,541.0,5337052.0,3.7571969365745417e-06,5M-10M,2026-07-17,438.9700012207031,494.364990234375,445.0299987792969,445.0299987792969,436.7099914550781,46.49,45.6,45.8,3.0,0.4663444479370118,False,TSLA,39.61,0.1736935117394598,-0.11205281544595116,1420487690716.0,17.36935117394598,1148.0
TSLA260130C00435000,435.0,3396.0,空头卖 Call，看跌/看不涨,-11.205281544595117,CALL,3500.0,104.0,5335116.0,3.7558340243770947e-06,5M-10M,2026-01-30,438.9700012207031,494.364990234375,445.0299987792969,445.0299987792969,436.7099914550781,15.71,15.7,15.8,8905.0,0.6707186248779298,True,TSLA,70.2,-0.7762108262108262,-0.11205281544595116,1420487690716.0,-77.62108262108262,3396.0
MSFT260320C00500000,500.0,4975.0,空头卖 Call，看跌/看不涨,-2.7752085298737206,CALL,10419.0,5444.0,5323250.0,1.4002040664931429e-06,5M-10M,2026-03-20,472.4249877929688,485.9100036621094,465.3049926757813,473.1000061035156,462.0,10.7,10.7,10.8,1060.0,0.293677717590332,False,MSFT,19.25,-0.4441558441558442,-0.027752085298737208,3801767276203.0,-44.41558441558442,4975.0
PLTR261120P00150000,150.0,2426.0,多头买 Put，看跌,-12.37863350817816,PUT,2659.0,233.0,5320218.0,1.2629392446919404e-05,5M-10M,2026-11-20,169.2100067138672,193.1150054931641,168.2100067138672,170.58970642089844,168.02000427246094,21.93,21.7,21.9,3.0,0.5342148629760742,False,PLTR,19.45,0.12750642673521853,-0.12378633508178159,421256843697.0,12.750642673521853,2426.0
AVGO260320C00350000,350.0,3083.0,空头卖 Call，看跌/看不涨,-4.434311329577715,CALL,7590.0,4507.0,5318175.0,3.3664176888383774e-06,5M-10M,2026-03-20,324.7799987792969,339.8500061035156,319.95001220703125,328.010009765625,317.6000061035156,17.25,17.1,17.35,252.0,0.5424240093994142,False,AVGO,28.46,-0.3938861560084329,-0.04434311329577715,1579772770810.0,-39.38861560084329,3083.0
AAPL260220P00270000,270.0,3163.0,多头买 Put，看跌,-6.297078450064497,PUT,7580.0,4417.0,5313840.0,1.4016521631809195e-06,5M-10M,2026-02-20,254.9750061035156,272.1099853515625,251.47999572753903,255.5,249.8000030517578,16.8,17.1,17.3,46.0,0.2693554510498046,True,AAPL,8.3,1.0240963855421685,-0.06297078450064497,3791126029400.0,102.40963855421685,3163.0
TSLA260417P00390000,390.0,3134.0,多头买 Put，看跌,-11.205281544595117,PUT,3958.0,824.0,5312130.0,3.739652257966705e-06,5M-10M,2026-04-17,438.9700012207031,494.364990234375,445.0299987792969,445.0299987792969,436.7099914550781,16.95,16.7,16.85,36.0,0.4631401342773438,False,TSLA,15.63,0.08445297504798455,-0.11205281544595116,1420487690716.0,8.445297504798454,3134.0
WMT260320C00110000,110.0,-5058.0,空头平仓 Call，回补信号，看涨,4.826755444417906,CALL,4847.0,9905.0,5310900.0,6.457183614933634e-06,5M-10M,2026-03-20,118.1449966430664,112.70500183105467,117.80999755859376,118.8499984741211,117.5199966430664,10.5,10.25,11.05,4.0,0.3509586389160155,True,WMT,7.78,0.3496143958868894,0.048267554444179066,822479321746.0,34.96143958868894,-5058.0
PDD260320P00110000,110.0,7265.0,多头买 Put，看跌,-5.0296646505148885,PUT,19349.0,12084.0,5310714.999999999,2.877814837458706e-05,5M-10M,2026-03-20,107.25,112.93000030517578,106.0500030517578,107.44000244140624,105.16000366210938,7.31,7.0,7.45,2.0,0.3595034753417968,True,PDD,5.7,0.28245614035087707,-0.05029664650514888,184539843595.0,28.24561403508771,7265.0
IREN270115C00050000,50.0,2354.0,多头买 Call，看涨,28.085313561628293,CALL,16450.0,14096.0,5308270.0,0.00046624696998065815,5M-10M,2027-01-15,53.45000076293945,41.72999954223633,56.13899993896485,57.04560089111328,53.02000045776367,22.55,22.0,23.25,294.0,1.0734909606933596,True,IREN,14.84,0.5195417789757413,0.28085313561628295,11385103479.0,51.95417789757413,2354.0
AG260220C00022000,22.0,8161.0,多头买 Call，看涨,53.683320050621454,CALL,8381.0,220.0,5304650.0,0.0008943918931626173,5M-10M,2026-02-20,27.225000381469727,17.71500015258789,27.190000534057617,27.780000686645508,26.299999237060547,6.5,6.45,6.9,4215.0,1.3271518017578123,True,AG,1.13,4.7522123893805315,0.5368332005062145,5931013061.0,475.22123893805315,8161.0
BABA260320P00155000,155.0,12598.0,空头卖 Put，看涨/看不跌,13.252811373151834,PUT,16736.0,4138.0,5291160.000000001,1.3328254000377185e-05,5M-10M,2026-03-20,171.2949981689453,151.25010681152344,169.7899932861328,172.89999389648438,168.67999267578125,4.2,4.05,4.3,840.0,0.4201107794189453,False,BABA,13.3,-0.6842105263157895,0.13252811373151835,396988232656.0,-68.42105263157895,12598.0
NVDA270115P00160000,160.0,3017.0,空头卖 Put，看涨/看不跌,2.1185640497970435,PUT,16376.0,13359.0,5288801.0,1.2214273061745485e-06,5M-10M,2027-01-15,186.8105926513672,182.93499755859372,187.07000732421875,189.1199951171875,186.00999450683597,17.53,17.4,17.55,252.0,0.4294795822143554,False,NVDA,18.66,-0.06055734190782417,0.021185640497970434,4330017000000.0,-6.055734190782417,3017.0
BA260220C00195000,195.0,894.0,多头买 Call，看涨,15.734362909095474,CALL,1871.0,977.0,5282646.000000001,3.1574481289429303e-05,5M-10M,2026-02-20,250.4199981689453,216.3748016357422,251.4900054931641,251.5641021728516,247.40499877929688,59.09,54.4,56.85,91.0,0.6677279321289065,True,BA,25.9,1.2814671814671816,0.15734362909095473,167307451596.0,128.14671814671817,894.0
META260220P00710000,710.0,-960.0,多头平仓 Put，减仓，看跌减弱,1.8905747608431493,PUT,1251.0,2211.0,5280000.0,2.8259394363394665e-06,5M-10M,2026-02-20,671.52001953125,659.0599975585938,665.2249755859375,674.97998046875,661.2855224609375,55.0,50.9,51.25,19.0,0.3812012564086914,True,META,65.75,-0.1634980988593156,0.018905747608431493,1868405222031.0,-16.34980988593156,-960.0
TSLA260320P00420000,420.0,2505.0,多头买 Put，看跌,-11.205281544595117,PUT,5633.0,3128.0,5273025.0,3.7121229803421386e-06,5M-10M,2026-03-20,438.9700012207031,494.364990234375,445.0299987792969,445.0299987792969,436.7099914550781,21.05,21.05,21.2,121.0,0.4514520187377929,False,TSLA,17.7,0.18926553672316393,-0.11205281544595116,1420487690716.0,18.926553672316395,2505.0
MSFT260130C00440000,440.0,1582.0,空头卖 Call，看跌/看不涨,-2.7752085298737206,CALL,1606.0,24.0,5271224.0,1.386519378236275e-06,5M-10M,2026-01-30,472.4249877929688,485.9100036621094,465.3049926757813,473.1000061035156,462.0,33.32,33.65,34.2,107.0,0.5128222546386718,True,MSFT,50.21,-0.3363871738697471,-0.027752085298737208,3801767276203.0,-33.63871738697471,1582.0
COIN260220P00230000,230.0,2272.0,多头买 Put，看跌,-14.706468788280283,PUT,4154.0,1882.0,5271040.0,6.56285224623105e-05,5M-10M,2026-02-20,213.5749969482422,250.3999938964844,212.10499572753903,215.63999938964844,210.88999938964844,23.2,22.8,23.85,14.0,0.5742840423583984,True,COIN,12.67,0.8310970797158642,-0.14706468788280283,80316298497.0,83.10970797158642,2272.0
WDC260320C00195000,195.0,877.0,多头买 Call，看涨,39.0517554861712,CALL,1416.0,539.0,5262000.0,0.00014191307138184203,5M-10M,2026-03-20,244.2444000244141,175.64999389648438,236.3999938964844,250.44000244140625,234.318603515625,60.0,59.1,62.0,7.0,0.8876354010009764,True,WDC,19.65,2.053435114503817,0.390517554861712,37079036827.0,205.3435114503817,877.0
WFC260417C00090000,90.0,14405.0,空头卖 Call，看跌/看不涨,-6.672686590085969,CALL,16753.0,2348.0,5257825.0,1.9307202555099267e-05,5M-10M,2026-04-17,87.90499877929688,94.19000244140624,87.0999984741211,88.13999938964844,87.0999984741211,3.65,3.4,3.55,214.0,0.2689282092285155,False,WFC,7.83,-0.5338441890166028,-0.06672686590085969,272324537177.0,-53.38441890166028,14405.0
FCX260320C00050000,50.0,-3793.0,空头平仓 Call，回补信号，看涨,22.3869492685865,CALL,27622.0,31415.0,5257098.0,0.00010241979488555118,5M-10M,2026-03-20,62.08689880371094,50.72999954223633,63.415000915527344,63.57500076293945,61.88999938964844,13.86,13.55,14.0,236.0,0.684573466796875,True,FCX,4.3,2.223255813953488,0.22386949268586498,51328925291.0,222.32558139534882,-3793.0
RKLB270115P00080000,80.0,2295.0,空头卖 Put，看涨/看不跌,7.03305875591801,PUT,2643.0,348.0,5255550.0,0.00023700343260181248,5M-10M,2027-01-15,83.55000305175781,78.05999755859375,86.79000091552734,87.16000366210938,82.4000015258789,22.9,23.0,25.8,506.0,0.8358781060791014,False,RKLB,27.0,-0.1518518518518519,0.0703305875591801,22174995283.0,-15.18518518518519,2295.0
AVGO260320C00370000,370.0,4675.0,空头卖 Call，看跌/看不涨,-4.434311329577715,CALL,9625.0,4950.0,5250025.0,3.323278573353397e-06,5M-10M,2026-03-20,324.7799987792969,339.8500061035156,319.95001220703125,328.010009765625,317.6000061035156,11.23,11.35,11.55,119.0,0.5366257275390626,False,AVGO,20.85,-0.46139088729016786,-0.04434311329577715,1579772770810.0,-46.139088729016784,4675.0
GOOGL260320C00315000,315.0,1772.0,多头买 Call，看涨,8.235286107723065,CALL,3792.0,2020.0,5245120.0,1.759130557422416e-06,5M-10M,2026-03-20,334.7500915527344,309.2799987792969,327.8099975585937,334.9800109863281,327.0,29.6,29.6,29.8,35.0,0.3661562408447265,True,GOOGL,18.6,0.5913978494623655,0.08235286107723065,2981654760000.0,59.13978494623655,1772.0
MSFT260130C00470000,470.0,3971.0,空头卖 Call，看跌/看不涨,-2.7752085298737206,CALL,3997.0,26.0,5241720.0,1.3787587769536348e-06,5M-10M,2026-01-30,472.4249877929688,485.9100036621094,465.3049926757813,473.1000061035156,462.0,13.2,13.15,13.3,4920.0,0.5466353930664063,True,MSFT,27.0,-0.5111111111111112,-0.027752085298737208,3801767276203.0,-51.11111111111112,3971.0
GS260320C00680000,680.0,-201.0,空头平仓 Call，回补信号，看涨,2.62173562212022,CALL,92.0,293.0,5238864.0,2.156472827546969e-05,5M-10M,2026-03-20,927.2899780273438,903.5999755859376,918.4099731445312,933.6900024414062,918.1699829101562,260.64,246.0,252.9,1.0,0.5573164385986329,True,GS,224.2,0.1625334522747547,0.0262173562212022,242936703541.0,16.253345227475467,-201.0
AMD260618P00190000,190.0,5810.0,空头卖 Put，看涨/看不跌,17.781399838657244,PUT,8200.0,2390.0,5234810.0,2.0228909556395123e-05,5M-10M,2026-06-18,252.6999969482422,214.5500030517578,256.7449951171875,258.2898864746094,250.30999755859372,9.01,8.5,8.7,23.0,0.5501753967285157,False,AMD,17.25,-0.4776811594202899,0.17781399838657244,258778654648.0,-47.768115942028984,5810.0
AAPL260130C00260000,260.0,17159.0,空头卖 Call，看跌/看不涨,-6.297078450064497,CALL,17233.0,74.0,5233495.0,1.3804592512658502e-06,5M-10M,2026-01-30,254.9750061035156,272.1099853515625,251.47999572753903,255.5,249.8000030517578,3.05,3.0,3.1,26218.0,0.434575966796875,False,AAPL,16.75,-0.817910447761194,-0.06297078450064497,3791126029400.0,-81.7910447761194,17159.0
GOOGL260220C00340000,340.0,4831.0,多头买 Call，看涨,8.235286107723065,CALL,7512.0,2681.0,5231973.0,1.7547212608880312e-06,5M-10M,2026-02-20,334.7500915527344,309.2799987792969,327.8099975585937,334.9800109863281,327.0,10.83,10.8,10.9,784.0,0.372076591796875,False,GOOGL,6.78,0.5973451327433628,0.08235286107723065,2981654760000.0,59.73451327433628,4831.0
HOOD260220P00110000,110.0,6451.0,多头买 Put，看跌,-11.432667861511646,PUT,9701.0,3250.0,5225310.0,4.8622429145484356e-05,5M-10M,2026-02-20,108.18499755859376,122.1500015258789,106.23999786376952,108.48999786376952,104.83000183105467,8.1,7.9,8.25,83.0,0.6143837390136719,True,HOOD,6.63,0.22171945701357462,-0.11432667861511646,107467070071.0,22.171945701357462,6451.0
XOM260618C00130000,130.0,4976.0,多头买 Call，看涨,13.619827932335966,CALL,11451.0,6475.0,5224800.0,1.045508231474343e-05,5M-10M,2026-06-18,134.30999755859375,118.20999908447266,136.92999267578125,136.93980407714844,134.1699981689453,10.5,10.25,10.45,16.0,0.2451857708740234,True,XOM,2.73,2.846153846153846,0.13619827932335965,499737815802.0,284.6153846153846,4976.0
AVGO260618P00350000,350.0,980.0,多头买 Put，看跌,-4.434311329577715,PUT,2468.0,1488.0,5223400.0,3.306424883701341e-06,5M-10M,2026-06-18,324.7799987792969,339.8500061035156,319.95001220703125,328.010009765625,317.6000061035156,53.3,51.75,52.0,5.0,0.4530083996582031,True,AVGO,46.53,0.1454975284762518,-0.04434311329577715,1579772770810.0,14.54975284762518,980.0
NVDA260515P00210000,210.0,1711.0,空头卖 Put，看涨/看不跌,2.1185640497970435,PUT,3155.0,1444.0,5218550.0,1.2052031204496426e-06,5M-10M,2026-05-15,186.8105926513672,182.93499755859372,187.07000732421875,189.1199951171875,186.00999450683597,30.5,30.25,30.45,13.0,0.3777528045654296,True,NVDA,33.81,-0.09790002957704827,0.021185640497970434,4330017000000.0,-9.790002957704827,1711.0
TSM260618C00340000,340.0,1708.0,多头买 Call，看涨,13.562221773921,CALL,2340.0,632.0,5209400.0,3.674298636323928e-06,5M-10M,2026-06-18,332.760009765625,293.0199890136719,332.7900085449219,334.17999267578125,330.2300109863281,30.5,30.05,31.7,8.0,0.4192257785034179,False,TSM,16.0,0.90625,0.13562221773921,1417794391697.0,90.625,1708.0
AVGO280121C00340000,340.0,594.0,空头卖 Call，看跌/看不涨,-4.434311329577715,CALL,1240.0,646.0,5202252.0,3.29303814834879e-06,5M-10M,2028-01-21,324.7799987792969,339.8500061035156,319.95001220703125,328.010009765625,317.6000061035156,87.58,90.0,93.0,40.0,0.5418289225769044,False,AVGO,101.0,-0.13287128712871288,-0.04434311329577715,1579772770810.0,-13.287128712871288,594.0
TSLA271217C00430000,430.0,-364.0,多头平仓 Call，减仓，看涨减弱,-11.205281544595117,CALL,955.0,1319.0,5201560.0,3.661812794293305e-06,5M-10M,2027-12-17,438.9700012207031,494.364990234375,445.0299987792969,445.0299987792969,436.7099914550781,142.9,142.1,143.8,51.0,0.5965692809295654,True,TSLA,194.3,-0.2645393721049923,-0.11205281544595116,1420487690716.0,-26.45393721049923,-364.0
BA260618C00200000,200.0,-929.0,空头平仓 Call，回补信号，看涨,15.734362909095474,CALL,2073.0,3002.0,5192181.0,3.103377016666085e-05,5M-10M,2026-06-18,250.4199981689453,216.3748016357422,251.4900054931641,251.5641021728516,247.40499877929688,55.89,55.4,57.1,12.0,0.4262142340087891,True,BA,30.67,0.8223019237039452,0.15734362909095473,167307451596.0,82.23019237039452,-929.0
BABA260618C00185000,185.0,3771.0,多头买 Call，看涨,13.252811373151834,CALL,5902.0,2131.0,5185125.0,1.3061155403296393e-05,5M-10M,2026-06-18,171.2949981689453,151.25010681152344,169.7899932861328,172.89999389648438,168.67999267578125,13.75,15.05,15.45,3.0,0.4862722271728515,False,BABA,6.8,1.022058823529412,0.13252811373151835,396988232656.0,102.20588235294119,3771.0
NEM260618C00100000,100.0,-1570.0,空头平仓 Call，回补信号，看涨,21.630742833192862,CALL,3547.0,5117.0,5181000.0,5.532724180758418e-05,5M-10M,2026-06-18,127.83999633789062,105.1050033569336,127.70999908447266,129.24989318847656,125.72000122070312,33.0,33.1,34.05,20.0,0.5639692041015626,True,NEM,16.36,1.017114914425428,0.21630742833192862,93642839056.0,101.7114914425428,-1570.0
GS280121P01100000,1100.0,198.0,空头卖 Put，看涨/看不跌,2.62173562212022,PUT,200.0,2.0,5180670.0,2.1325184397777372e-05,5M-10M,2028-01-21,927.2899780273438,903.5999755859376,918.4099731445312,933.6900024414062,918.1699829101562,261.65,240.0,247.0,200.0,0.2557256740188599,True,GS,327.69,-0.20153193567090855,0.0262173562212022,242936703541.0,-20.153193567090856,198.0
AAL260515P00013000,13.0,-75062.0,空头平仓 Put，回补，看跌信号减弱,-8.684782646260757,PUT,11868.0,86930.0,5179278.0,0.0006940253538946497,5M-10M,2026-05-15,14.614999771118164,16.0049991607666,14.539999961853027,14.775799751281738,14.5,0.69,0.72,0.8,4.0,0.487309814453125,False,AAL,0.56,0.23214285714285693,-0.08684782646260757,7462663966.0,23.214285714285694,-75062.0
AMD260130C00225000,225.0,1816.0,多头买 Call，看涨,17.781399838657244,CALL,1959.0,143.0,5177416.0,2.000712155738852e-05,5M-10M,2026-01-30,252.6999969482422,214.5500030517578,256.7449951171875,258.2898864746094,250.30999755859372,28.51,28.75,29.15,61.0,0.79101771484375,True,AMD,8.9,2.203370786516854,0.17781399838657244,258778654648.0,220.3370786516854,1816.0
MSFT270115P00400000,400.0,2687.0,多头买 Put，看跌,-2.7752085298737206,PUT,4506.0,1819.0,5169788.0,1.3598381027581744e-06,5M-10M,2027-01-15,472.4249877929688,485.9100036621094,465.3049926757813,473.1000061035156,462.0,19.24,18.6,18.75,6.0,0.270713469696045,False,MSFT,17.35,0.10893371757925054,-0.027752085298737208,3801767276203.0,10.893371757925054,2687.0
EQX260717C00015000,15.0,12911.0,多头买 Call，看涨,14.171072665141804,CALL,22211.0,9300.0,5164400.0,0.000629443401445721,5M-10M,2026-07-17,16.959999084472656,14.854900360107422,16.540000915527344,17.079999923706055,16.440000534057617,4.0,3.9,4.2,28.0,0.6831086376953126,True,EQX,2.66,0.5037593984962405,0.14171072665141804,8204709094.0,50.375939849624054,12911.0
NVDA260320P00165000,165.0,12134.0,空头卖 Put，看涨/看不跌,2.1185640497970435,PUT,32056.0,19922.0,5156950.0,1.190976848358794e-06,5M-10M,2026-03-20,186.8105926513672,182.93499755859372,187.07000732421875,189.1199951171875,186.00999450683597,4.25,4.2,4.3,1281.0,0.4553277124023437,False,NVDA,6.8,-0.375,0.021185640497970434,4330017000000.0,-37.5,12134.0
AVGO280121P00400000,400.0,402.0,多头买 Put，看跌,-4.434311329577715,PUT,972.0,570.0,5153639.999999999,3.262266634306884e-06,5M-10M,2028-01-21,324.7799987792969,339.8500061035156,319.95001220703125,328.010009765625,317.6000061035156,128.2,124.4,125.4,1.0,0.4115201670837402,True,AVGO,117.15,0.09432351685872797,-0.04434311329577715,1579772770810.0,9.432351685872797,402.0
ASTS271217C00080000,80.0,-818.0,空头平仓 Call，回补信号，看涨,21.38841446183347,CALL,3865.0,4683.0,5153400.0,0.0002928126028611585,5M-10M,2027-12-17,104.73999786376952,86.28500366210938,112.5500030517578,113.0,103.75,63.0,60.95,63.95,12.0,1.0605515722656251,True,ASTS,47.7,0.320754716981132,0.21388414461833472,17599652302.0,32.0754716981132,-818.0
AMZN260220P00280000,280.0,1246.0,空头卖 Put，看涨/看不跌,5.18471414096742,PUT,1275.0,29.0,5152210.0,2.1981033438775225e-06,5M-10M,2026-02-20,239.9499969482422,228.12249755859372,239.97999572753903,240.9499969482422,237.5399932861328,41.35,40.5,41.15,1.0,0.4174862939453124,True,AMZN,56.71,-0.2708517016399224,0.0518471414096742,2343934380679.0,-27.085170163992238,1246.0
AAPL260220C00225000,225.0,1630.0,空头卖 Call，看跌/看不涨,-6.297078450064497,CALL,4354.0,2724.0,5150800.0,1.3586464707466314e-06,5M-10M,2026-02-20,254.9750061035156,272.1099853515625,251.47999572753903,255.5,249.8000030517578,31.6,30.95,31.15,96.0,0.3712221081542969,True,AAPL,49.69,-0.3640571543570134,-0.06297078450064497,3791126029400.0,-36.40571543570134,1630.0
NVDA260618P00185000,185.0,2836.0,空头卖 Put，看涨/看不跌,2.1185640497970435,PUT,4808.0,1972.0,5147339.999999999,1.1887574575342312e-06,5M-10M,2026-06-18,186.8105926513672,182.93499755859372,187.07000732421875,189.1199951171875,186.00999450683597,18.15,18.2,18.35,12.0,0.415044912109375,False,NVDA,20.9,-0.13157894736842107,0.021185640497970434,4330017000000.0,-13.157894736842108,2836.0
GS270115C00950000,950.0,-490.0,空头平仓 Call，回补信号，看涨,2.62173562212022,CALL,240.0,730.0,5145000.0,2.1178356028576337e-05,5M-10M,2027-01-15,927.2899780273438,903.5999755859376,918.4099731445312,933.6900024414062,918.1699829101562,105.0,103.2,110.25,1.0,0.3297300609207153,False,GS,89.23,0.1767342821920878,0.0262173562212022,242936703541.0,17.67342821920878,-490.0
MU260918P00330000,330.0,1010.0,空头卖 Put，看涨/看不跌,42.91124578171335,PUT,1033.0,23.0,5144939.999999999,2.9231815635367702e-05,5M-10M,2026-09-18,389.4330139160156,272.4999084472656,395.6300048828125,398.0,384.2999877929688,50.94,49.2,50.3,10.0,0.6662478443908695,False,MU,94.2,-0.459235668789809,0.4291124578171335,176004804634.0,-45.9235668789809,1010.0
SOFI260918C00027000,27.0,10036.0,空头卖 Call，看跌/看不涨,-5.307462927481375,CALL,15357.0,5321.0,5138432.0,0.00015336472452393254,5M-10M,2026-09-18,25.8700008392334,27.31999969482422,25.899999618530277,26.399999618530277,25.770000457763672,5.12,4.75,5.05,56.0,0.6489292919921875,False,SOFI,6.45,-0.2062015503875969,-0.05307462927481375,33504653798.0,-20.62015503875969,10036.0
XOM260220C00120000,120.0,-3441.0,空头平仓 Call，回补信号，看涨,13.619827932335966,CALL,11331.0,14772.0,5133972.0,1.0273331010103345e-05,5M-10M,2026-02-20,134.30999755859375,118.20999908447266,136.92999267578125,136.93980407714844,134.1699981689453,14.92,14.7,15.05,34.0,0.362311064453125,True,XOM,3.04,3.907894736842105,0.13619827932335965,499737815802.0,390.78947368421046,-3441.0
MSFT260130C00475000,475.0,4706.0,空头卖 Call，看跌/看不涨,-2.7752085298737206,CALL,4754.0,48.0,5129540.0,1.3492514473750502e-06,5M-10M,2026-01-30,472.4249877929688,485.9100036621094,465.3049926757813,473.1000061035156,462.0,10.9,10.9,11.0,4928.0,0.5534712622070312,False,MSFT,23.86,-0.5431684828164292,-0.027752085298737208,3801767276203.0,-54.31684828164292,4706.0
TSLA270115C00430000,430.0,516.0,空头卖 Call，看跌/看不涨,-11.205281544595117,CALL,3345.0,2829.0,5126460.0,3.608943627956393e-06,5M-10M,2027-01-15,438.9700012207031,494.364990234375,445.0299987792969,445.0299987792969,436.7099914550781,99.35,99.2,100.3,14.0,0.5639386868286134,True,TSLA,148.0,-0.3287162162162163,-0.11205281544595116,1420487690716.0,-32.87162162162163,516.0
MU260717P00300000,300.0,1796.0,空头卖 Put，看涨/看不跌,42.91124578171335,PUT,1838.0,42.0,5125784.0,2.912297769744985e-05,5M-10M,2026-07-17,389.4330139160156,272.4999084472656,395.6300048828125,398.0,384.2999877929688,28.54,29.45,29.45,16.0,0.6922027850341796,False,MU,68.0,-0.5802941176470588,0.4291124578171335,176004804634.0,-58.029411764705884,1796.0
TSLA260918P00450000,450.0,710.0,多头买 Put，看跌,-11.205281544595117,PUT,1352.0,642.0,5122650.000000001,3.6062614505430297e-06,5M-10M,2026-09-18,438.9700012207031,494.364990234375,445.0299987792969,445.0299987792969,436.7099914550781,72.15,71.5,71.85,4.0,0.4670158279418945,True,TSLA,64.11,0.12540945250350968,-0.11205281544595116,1420487690716.0,12.540945250350969,710.0
AVGO260320P00340000,340.0,1549.0,多头买 Put，看跌,-4.434311329577715,PUT,6090.0,4541.0,5117896.0,3.2396405955116514e-06,5M-10M,2026-03-20,324.7799987792969,339.8500061035156,319.95001220703125,328.010009765625,317.6000061035156,33.04,32.7,33.0,147.0,0.4848684326171875,True,AVGO,29.37,0.12495743956418107,-0.04434311329577715,1579772770810.0,12.495743956418107,1549.0
MU260130C00330000,330.0,821.0,多头买 Call，看涨,42.91124578171335,CALL,953.0,132.0,5114830.0,2.9060740760095902e-05,5M-10M,2026-01-30,389.4330139160156,272.4999084472656,395.6300048828125,398.0,384.2999877929688,62.3,60.45,62.6,25.0,1.0952193676757815,True,MU,4.45,12.999999999999998,0.4291124578171335,176004804634.0,1299.9999999999998,821.0
META260618P00645000,645.0,1071.0,空头卖 Put，看涨/看不跌,1.8905747608431493,PUT,1196.0,125.0,5111882.999999999,2.735960561297973e-06,5M-10M,2026-06-18,671.52001953125,659.0599975585938,665.2249755859375,674.97998046875,661.2855224609375,47.73,45.0,45.3,7.0,0.3503482934570311,False,META,51.95,-0.08123195380173255,0.018905747608431493,1868405222031.0,-8.123195380173255,1071.0
PLTR260220P00160000,160.0,8211.0,多头买 Put，看跌,-12.37863350817816,PUT,21403.0,13192.0,5107242.0,1.2123819651636371e-05,5M-10M,2026-02-20,169.2100067138672,193.1150054931641,168.2100067138672,170.58970642089844,168.02000427246094,6.22,6.15,6.3,406.0,0.5813030151367188,False,PLTR,5.0,0.24399999999999994,-0.12378633508178159,421256843697.0,24.399999999999995,8211.0
TSLA260130C00455000,455.0,7053.0,空头卖 Call，看跌/看不涨,-11.205281544595117,CALL,7308.0,255.0,5106372.0,3.5948020059407354e-06,5M-10M,2026-01-30,438.9700012207031,494.364990234375,445.0299987792969,445.0299987792969,436.7099914550781,7.24,7.2,7.25,3614.0,0.6608920629882813,False,TSLA,56.8,-0.8725352112676056,-0.11205281544595116,1420487690716.0,-87.25352112676056,7053.0
MU260220C00310000,310.0,609.0,多头买 Call，看涨,42.91124578171335,CALL,1507.0,898.0,5105247.0,2.9006293382821583e-05,5M-10M,2026-02-20,389.4330139160156,272.4999084472656,395.6300048828125,398.0,384.2999877929688,83.83,83.8,86.8,23.0,0.8237322314453124,True,MU,12.09,5.9338296112489655,0.4291124578171335,176004804634.0,593.3829611248965,609.0
MSFT260515C00460000,460.0,1322.0,空头卖 Call，看跌/看不涨,-2.7752085298737206,CALL,1444.0,122.0,5101598.0,1.3419017076435044e-06,5M-10M,2026-05-15,472.4249877929688,485.9100036621094,465.3049926757813,473.1000061035156,462.0,38.59,38.25,38.85,166.0,0.3165046377563476,True,MSFT,51.98,-0.25759907656791065,-0.027752085298737208,3801767276203.0,-25.759907656791064,1322.0
TSLA270617C00420000,420.0,405.0,空头卖 Call，看跌/看不涨,-11.205281544595117,CALL,1854.0,1449.0,5096115.0,3.5875812464318446e-06,5M-10M,2027-06-17,438.9700012207031,494.364990234375,445.0299987792969,445.0299987792969,436.7099914550781,125.83,124.75,126.05,5.0,0.5834697415161132,True,TSLA,174.5,-0.2789111747851003,-0.11205281544595116,1420487690716.0,-27.89111747851003,405.0
HOOD260618P00100000,100.0,4467.0,多头买 Put，看跌,-11.432667861511646,PUT,7800.0,3333.0,5092380.0,4.738549210130722e-05,5M-10M,2026-06-18,108.18499755859376,122.1500015258789,106.23999786376952,108.48999786376952,104.83000183105467,11.4,11.15,11.55,46.0,0.5821574987792968,False,HOOD,10.27,0.11002921129503417,-0.11432667861511646,107467070071.0,11.002921129503417,4467.0
LRCX260320C00200000,200.0,1642.0,多头买 Call，看涨,27.105170801153346,CALL,3334.0,1692.0,5090200.0,3.134028778103688e-05,5M-10M,2026-03-20,223.09500122070312,175.52000427246094,218.97000122070312,223.25,215.9300994873047,31.0,30.55,32.55,3.0,0.5452315985107423,True,LRCX,7.95,2.89937106918239,0.27105170801153344,162417142930.0,289.937106918239,1642.0
WDC260618C00180000,180.0,615.0,多头买 Call，看涨,39.0517554861712,CALL,1013.0,398.0,5083590.0,0.00013710145772444284,5M-10M,2026-06-18,244.2444000244141,175.64999389648438,236.3999938964844,250.44000244140625,234.318603515625,82.66,82.6,85.5,1.0,0.85937640625,True,WDC,38.33,1.1565353509000782,0.390517554861712,37079036827.0,115.65353509000782,615.0
XOM260417C00140000,140.0,13836.0,多头买 Call，看涨,13.619827932335966,CALL,14210.0,374.0,5050140.0,1.0105579046275146e-05,5M-10M,2026-04-17,134.30999755859375,118.20999908447266,136.92999267578125,136.93980407714844,134.1699981689453,3.65,3.5,3.7,85.0,0.2364578308105468,False,XOM,0.49,6.448979591836735,0.13619827932335965,499737815802.0,644.8979591836735,13836.0
TEVA260220C00027000,27.0,-9986.0,空头平仓 Call，回补信号，看涨,2.557227790154676,CALL,13989.0,23975.0,5042930.0,0.00023969725021778386,5M-10M,2026-02-20,31.7549991607666,30.96319961547852,31.899999618530277,32.084999084472656,31.6200008392334,5.05,4.9,5.55,4.0,0.64648791015625,True,TEVA,4.15,0.21686746987951794,0.02557227790154676,21038747818.0,21.686746987951793,-9986.0
MU260717C00350000,350.0,526.0,多头买 Call，看涨,42.91124578171335,CALL,734.0,208.0,5041710.0,2.8645297555848994e-05,5M-10M,2026-07-17,389.4330139160156,272.4999084472656,395.6300048828125,398.0,384.2999877929688,95.85,95.6,98.2,13.0,0.7529931927490234,True,MU,27.43,2.494349252643091,0.4291124578171335,176004804634.0,249.4349252643091,526.0
PLTR260320P00160000,160.0,5420.0,多头买 Put，看跌,-12.37863350817816,PUT,10584.0,5164.0,5040600.000000001,1.1965621628275752e-05,5M-10M,2026-03-20,169.2100067138672,193.1150054931641,168.2100067138672,170.58970642089844,168.02000427246094,9.3,9.1,9.25,296.0,0.5266770965576173,False,PLTR,7.08,0.3135593220338984,-0.12378633508178159,421256843697.0,31.35593220338984,5420.0
AVGO260320C00400000,400.0,8400.0,空头卖 Call，看跌/看不涨,-4.434311329577715,CALL,19958.0,11558.0,5040000.0,3.1903322383609834e-06,5M-10M,2026-03-20,324.7799987792969,339.8500061035156,319.95001220703125,328.010009765625,317.6000061035156,6.0,5.95,6.1,397.0,0.5348557257080078,False,AVGO,12.8,-0.53125,-0.04434311329577715,1579772770810.0,-53.125,8400.0
AAPL271217P00250000,250.0,1723.0,多头买 Put，看跌,-6.297078450064497,PUT,2857.0,1134.0,5039775.0,1.3293609763739816e-06,5M-10M,2027-12-17,254.9750061035156,272.1099853515625,251.47999572753903,255.5,249.8000030517578,29.25,29.05,29.4,12.0,0.2307968766784668,False,AAPL,25.25,0.15841584158415842,-0.06297078450064497,3791126029400.0,15.841584158415841,1723.0
AVGO260417P00330000,330.0,1529.0,多头买 Put，看跌,-4.434311329577715,PUT,2282.0,753.0,5038055.0,3.1891010486380446e-06,5M-10M,2026-04-17,324.7799987792969,339.8500061035156,319.95001220703125,328.010009765625,317.6000061035156,32.95,31.3,31.55,16.0,0.4678397943115234,True,AVGO,29.25,0.1264957264957266,-0.04434311329577715,1579772770810.0,12.64957264957266,1529.0
MSFT260320C00475000,475.0,2463.0,空头卖 Call，看跌/看不涨,-2.7752085298737206,CALL,3177.0,714.0,5019593.999999999,1.3203317392466218e-06,5M-10M,2026-03-20,472.4249877929688,485.9100036621094,465.3049926757813,473.1000061035156,462.0,20.38,20.25,20.45,905.0,0.2991403094482421,False,MSFT,32.35,-0.37001545595054103,-0.027752085298737208,3801767276203.0,-37.001545595054104,2463.0
GOOG260320C00380000,380.0,11402.0,多头买 Call，看涨,7.864809334236379,CALL,12902.0,1500.0,5016880.0,1.6782259066660887e-06,5M-10M,2026-03-20,335.260009765625,310.81500244140625,328.20001220703125,335.57000732421875,327.489990234375,4.4,4.3,4.4,22.0,0.3457096679687499,False,GOOG,3.03,0.45214521452145234,0.07864809334236379,2989394920000.0,45.214521452145235,11402.0
META260130C00580000,580.0,562.0,多头买 Call，看涨,1.8905747608431493,CALL,573.0,11.0,5004048.0,2.6782455652529614e-06,5M-10M,2026-01-30,671.52001953125,659.0599975585938,665.2249755859375,674.97998046875,661.2855224609375,89.04,93.25,96.1,8.0,0.9477544287109376,True,META,82.35,0.08123861566484532,0.018905747608431493,1868405222031.0,8.123861566484532,562.0
