contractSymbol,strike,oi_change,signal_type,stock_price_change_pct,option_type,openInterest_new,openInterest_old,amount_threshold,amount_to_market_cap,amount_tier,expiry_date,股票价格(new),股票价格(old),股票价格(new open),股票价格(new high),股票价格(new low),lastPrice_new,bid,ask,volume,impliedVolatility,inTheMoney,symbol,lastPrice_old,option_price_change,stock_price_change,market_cap,option_price_change_pct,oi_change_abs
NVDA260320C00160000,160.0,83154.0,多头买 Call，看涨,2.2416703284091137,CALL,108066.0,24912.0,261685638.0,6.0435244942456346e-05,>50M,2026-03-20,187.03579711914065,182.93499755859372,187.07000732421875,189.1199951171875,186.8500061035156,31.47,31.15,31.35,13.0,0.5136767382812499,True,NVDA,30.45,0.0334975369458128,0.022416703284091136,4330017000000.0,3.34975369458128,83154.0
TSM260220C00250000,250.0,-26674.0,空头平仓 Call，回补信号，看涨,13.650945839784894,CALL,1939.0,28613.0,225395300.0,0.00015897601324986037,>50M,2026-02-20,333.0199890136719,293.0199890136719,332.7900085449219,334.17999267578125,330.2300109863281,84.5,83.1,85.95,1.0,0.705203143310547,True,TSM,48.05,0.7585848074921957,0.13650945839784895,1417794391697.0,75.85848074921957,-26674.0
TSM260220C00290000,290.0,40958.0,多头买 Call，看涨,13.650945839784894,CALL,42797.0,1839.0,185539740.0,0.00013086505426073946,>50M,2026-02-20,333.0199890136719,293.0199890136719,332.7900085449219,334.17999267578125,330.2300109863281,45.3,44.2,46.2,29.0,0.4979908599853516,True,TSM,19.42,1.3326467559217299,0.13650945839784895,1417794391697.0,133.26467559217298,40958.0
MSFT260320P00550000,550.0,-20052.0,空头平仓 Put，回补，看跌信号减弱,-3.235167233073554,PUT,353.0,20405.0,183215124.0,4.819209348947455e-05,>50M,2026-03-20,470.1900024414063,485.9100036621094,465.3049926757813,470.80999755859375,462.0,91.37,81.55,82.9,4.0,0.3217841259765625,True,MSFT,67.55,0.3526276831976315,-0.03235167233073554,3801767276203.0,35.26276831976315,-20052.0
GOOGL261218C00300000,300.0,-27052.0,空头平仓 Call，回补信号，看涨,7.666189714388108,CALL,22503.0,49555.0,180572100.0,6.056103557743889e-05,>50M,2026-12-18,332.989990234375,309.2799987792969,327.8099975585937,333.2900085449219,327.0,66.75,66.8,67.1,12.0,0.4114591325378418,True,GOOGL,52.52,0.27094440213252086,0.07666189714388108,2981654760000.0,27.094440213252085,-27052.0
MSTR260320C00160000,160.0,66839.0,空头卖 Call，看跌/看不涨,-3.6196846547463815,CALL,66977.0,138.0,121646980.0,0.0013881115442423333,>50M,2026-03-20,160.29010009765625,166.30999755859375,159.37249755859375,163.1300048828125,158.6199951171875,18.2,18.05,18.45,160.0,0.739138350830078,True,MSTR,27.53,-0.33890301489284425,-0.036196846547463815,87634873800.0,-33.890301489284425,66839.0
TSLA270115C00400000,400.0,7969.0,空头卖 Call，看跌/看不涨,-11.45003824844352,CALL,18052.0,10083.0,90328614.99999999,6.358986113738841e-05,>50M,2027-01-15,437.760009765625,494.364990234375,445.0299987792969,445.0299987792969,436.7099914550781,113.35,114.7,116.05,106.0,0.5866282792663573,True,TSLA,165.77,-0.31622127043494,-0.11450038248443518,1420487690716.0,-31.622127043494004,7969.0
TSLA280121P00450000,450.0,-7196.0,空头平仓 Put，回补，看跌信号减弱,-11.45003824844352,PUT,2229.0,9425.0,86510312.0,6.090183854841733e-05,>50M,2028-01-21,437.760009765625,494.364990234375,445.0299987792969,445.0299987792969,436.7099914550781,120.22,119.0,119.7,4.0,0.4627281510925293,True,TSLA,114.4,0.05087412587412581,-0.11450038248443518,1420487690716.0,5.087412587412581,-7196.0
TSLA280121P00500000,500.0,5721.0,多头买 Put，看跌,-11.45003824844352,PUT,6655.0,934.0,86215470.0,6.069427462376876e-05,>50M,2028-01-21,437.760009765625,494.364990234375,445.0299987792969,445.0299987792969,436.7099914550781,150.7,150.25,151.1,2.0,0.4534356414794922,True,TSLA,142.97,0.054067286843393646,-0.11450038248443518,1420487690716.0,5.406728684339365,5721.0
TSLA271217P00490000,490.0,5975.0,多头买 Put，看跌,-11.45003824844352,PUT,6243.0,268.0,83769499.99999999,5.897235192356773e-05,>50M,2027-12-17,437.760009765625,494.364990234375,445.0299987792969,445.0299987792969,436.7099914550781,140.2,141.3,142.15,1.0,0.4563729290008544,True,TSLA,134.16,0.045020870602265894,-0.11450038248443518,1420487690716.0,4.502087060226589,5975.0
GOOG260918P00330000,330.0,23989.0,空头卖 Put，看涨/看不跌,7.301066512344982,PUT,24142.0,153.0,82282270.0,2.7524723966547718e-05,>50M,2026-09-18,333.5078125,310.81500244140625,328.20001220703125,333.760009765625,327.489990234375,34.3,33.15,33.4,3.0,0.3310308596801757,False,GOOG,44.2,-0.2239819004524888,0.07301066512344982,2989394920000.0,-22.39819004524888,23989.0
NFLX260918C00100000,100.0,145683.0,空头卖 Call，看跌/看不涨,-8.113600080174542,CALL,146876.0,1193.0,81582480.0,0.00015859116426461496,>50M,2026-09-18,85.9000015258789,93.48500061035156,86.91000366210938,86.94000244140625,85.3499984741211,5.6,5.6,5.85,170.0,0.3895935064697265,False,NFLX,10.5,-0.4666666666666667,-0.08113600080174543,514420083731.0,-46.666666666666664,145683.0
GOOGL260220C00260000,260.0,-10441.0,空头平仓 Call，回补信号，看涨,7.666189714388108,CALL,7512.0,17953.0,73285378.99999999,2.457876075498425e-05,>50M,2026-02-20,332.989990234375,309.2799987792969,327.8099975585937,333.2900085449219,327.0,70.19,70.95,73.25,1.0,0.43555251953125,True,GOOGL,53.45,0.31318989710009343,0.07666189714388108,2981654760000.0,31.318989710009344,-10441.0
MSFT260320C00435000,435.0,15251.0,空头卖 Call，看跌/看不涨,-3.235167233073554,CALL,15325.0,74.0,66875635.0,1.7590670375486997e-05,>50M,2026-03-20,470.1900024414063,485.9100036621094,465.3049926757813,470.80999755859375,462.0,43.85,42.6,43.75,7.0,0.3142768768310546,True,MSFT,63.12,-0.3052915082382762,-0.03235167233073554,3801767276203.0,-30.52915082382762,15251.0
AMZN260320C00220000,220.0,24019.0,多头买 Call，看涨,4.871287650576244,CALL,30645.0,6626.0,61800887.0,2.636630424017983e-05,>50M,2026-03-20,239.2350006103516,228.12249755859372,239.97999572753903,240.9499969482422,237.5399932861328,25.73,25.15,25.55,1.0,0.3940490283203125,True,AMZN,19.8,0.2994949494949495,0.04871287650576244,2343934380679.0,29.949494949494948,24019.0
NVDA270115C00180000,180.0,15182.0,多头买 Call，看涨,2.2416703284091137,CALL,40137.0,24955.0,60879820.00000001,1.4059949418212448e-05,>50M,2027-01-15,187.03579711914065,182.93499755859372,187.07000732421875,189.1199951171875,186.8500061035156,40.1,39.75,39.9,338.0,0.5063831100463867,True,NVDA,38.3,0.046997389033942676,0.022416703284091136,4330017000000.0,4.699738903394268,15182.0
AMD260320C00200000,200.0,9443.0,多头买 Call，看涨,16.942433152031956,CALL,17135.0,7692.0,55902560.0,0.00021602461793473912,>50M,2026-03-20,250.8999938964844,214.5500030517578,256.7449951171875,258.2898864746094,250.6999969482422,59.2,58.25,59.1,3.0,0.7417018017578124,True,AMD,29.88,0.9812583668005357,0.16942433152031958,258778654648.0,98.12583668005357,9443.0
UNH270115P00420000,420.0,-6540.0,多头平仓 Put，减仓，看跌减弱,7.14366336056844,PUT,609.0,7149.0,55590000.0,0.00017838795385272967,>50M,2027-01-15,349.6579895019531,326.3450012207031,353.95001220703125,354.7900085449219,348.0,85.0,85.85,90.45,1.0,0.313910669555664,True,UNH,106.97,-0.2053846872955034,0.0714366336056844,311624180890.0,-20.538468729550342,-6540.0
AVGO280121P00330000,330.0,6641.0,多头买 Put，看跌,-4.988674328462883,PUT,6881.0,240.0,55352735.0,3.503841566506991e-05,>50M,2028-01-21,322.89599609375,339.8500061035156,319.95001220703125,328.010009765625,317.6000061035156,83.35,81.1,82.05,3.0,0.4339122161102294,True,AVGO,76.1,0.09526938239159002,-0.04988674328462883,1579772770810.0,9.526938239159003,6641.0
TSLA271217P00480000,480.0,3715.0,多头买 Put，看跌,-11.45003824844352,PUT,4077.0,362.0,53191370.00000001,3.744585070863147e-05,>50M,2027-12-17,437.760009765625,494.364990234375,445.0299987792969,445.0299987792969,436.7099914550781,143.18,135.05,135.9,10.0,0.4588295694732667,True,TSLA,131.28,0.09064594759293118,-0.11450038248443518,1420487690716.0,9.064594759293119,3715.0
NVDA280121C00140000,140.0,6315.0,多头买 Call，看涨,2.2416703284091137,CALL,6981.0,666.0,49320149.99999999,1.1390290153595238e-05,10M-50M,2028-01-21,187.03579711914065,182.93499755859372,187.07000732421875,189.1199951171875,186.8500061035156,78.1,77.2,78.15,10.0,0.5700116241455078,True,NVDA,74.78,0.044396897566194075,0.022416703284091136,4330017000000.0,4.439689756619408,6315.0
MSFT260220C00460000,460.0,-22935.0,多头平仓 Call，减仓，看涨减弱,-3.235167233073554,CALL,2321.0,25256.0,48828615.0,1.2843662289809434e-05,10M-50M,2026-02-20,470.1900024414063,485.9100036621094,465.3049926757813,470.80999755859375,462.0,21.29,21.35,21.55,194.0,0.3225775750732421,True,MSFT,38.22,-0.44296180010465724,-0.03235167233073554,3801767276203.0,-44.296180010465726,-22935.0
TSLA280121P00520000,520.0,2942.0,多头买 Put，看跌,-11.45003824844352,PUT,3097.0,155.0,47395620.0,3.33657379150608e-05,10M-50M,2028-01-21,437.760009765625,494.364990234375,445.0299987792969,445.0299987792969,436.7099914550781,161.1,163.75,164.65,2.0,0.4506738282775879,True,TSLA,158.0,0.019620253164556924,-0.11450038248443518,1420487690716.0,1.9620253164556924,2942.0
MSTR261218C00160000,160.0,9703.0,空头卖 Call，看跌/看不涨,-3.6196846547463815,CALL,9765.0,62.0,47108065.0,0.0005375492992379936,10M-50M,2026-12-18,160.29010009765625,166.30999755859375,159.37249755859375,163.1300048828125,158.6199951171875,48.55,48.0,49.15,1.0,0.8200701586914061,True,MSTR,55.8,-0.12992831541218638,-0.036196846547463815,87634873800.0,-12.992831541218639,9703.0
TSLA260320C00440000,440.0,13459.0,空头卖 Call，看跌/看不涨,-11.45003824844352,CALL,16531.0,3072.0,44724256.99999999,3.148514224537675e-05,10M-50M,2026-03-20,437.760009765625,494.364990234375,445.0299987792969,445.0299987792969,436.7099914550781,33.23,33.15,33.3,232.0,0.5108996664428712,False,TSLA,82.24,-0.5959387159533074,-0.11450038248443518,1420487690716.0,-59.59387159533074,13459.0
LRCX260320P00200000,200.0,40513.0,空头卖 Put，看涨/看不跌,25.410203828102514,PUT,40545.0,32.0,40918130.0,0.0002519323346159048,10M-50M,2026-03-20,220.1199951171875,175.52000427246094,218.97000122070312,222.6000061035156,215.9300994873047,10.1,9.45,11.9,7.0,0.5933878552246095,False,LRCX,39.9,-0.7468671679197995,0.2541020382810251,162417142930.0,-74.68671679197995,40513.0
MU260320C00310000,310.0,4420.0,多头买 Call，看涨,42.97252733899956,CALL,5304.0,884.0,39293800.0,0.0002232541326454753,10M-50M,2026-03-20,389.6000061035156,272.4999084472656,395.6300048828125,398.0,384.2999877929688,88.9,98.2,100.6,4.0,0.9362799340820313,True,MU,19.45,3.570694087403599,0.4297252733899956,176004804634.0,357.0694087403599,4420.0
NVDA260320C00150000,150.0,9527.0,多头买 Call，看涨,2.2416703284091137,CALL,43582.0,34055.0,38108000.0,8.800889234384068e-06,10M-50M,2026-03-20,187.03579711914065,182.93499755859372,187.07000732421875,189.1199951171875,186.8500061035156,40.0,39.7,40.0,1.0,0.553837469482422,True,NVDA,38.55,0.037613488975356754,0.022416703284091136,4330017000000.0,3.7613488975356755,9527.0
MSFT260417C00510000,510.0,35774.0,空头卖 Call，看跌/看不涨,-3.235167233073554,CALL,36601.0,827.0,37920440.0,9.974424325592304e-06,10M-50M,2026-04-17,470.1900024414063,485.9100036621094,465.3049926757813,470.80999755859375,462.0,10.6,10.6,10.75,894.0,0.2801890829467772,False,MSFT,18.9,-0.43915343915343913,-0.03235167233073554,3801767276203.0,-43.91534391534391,35774.0
MU260515P00350000,350.0,10429.0,空头卖 Put，看涨/看不跌,42.97252733899956,PUT,10429.0,0.0,37075094.99999999,0.00021064819836650046,10M-50M,2026-05-15,389.6000061035156,272.4999084472656,395.6300048828125,398.0,384.2999877929688,35.55,34.65,35.5,4.0,0.65274395111084,False,MU,119.05,-0.7013859722805544,0.4297252733899956,176004804634.0,-70.13859722805545,10429.0
TSLA271217P00420000,420.0,-3666.0,空头平仓 Put，回补，看跌信号减弱,-11.45003824844352,PUT,4288.0,7954.0,36696660.0,2.58338458262197e-05,10M-50M,2027-12-17,437.760009765625,494.364990234375,445.0299987792969,445.0299987792969,436.7099914550781,100.1,99.15,99.95,1.0,0.4696403134155273,False,TSLA,95.1,0.05257623554153523,-0.11450038248443518,1420487690716.0,5.257623554153524,-3666.0
NEM280121C00090000,90.0,-6828.0,空头平仓 Call，回补信号，看涨,20.641262548794757,CALL,3461.0,10289.0,35881140.0,0.00038317014265813184,10M-50M,2028-01-21,126.8000030517578,105.1050033569336,127.70999908447266,128.99000549316406,125.72000122070312,52.55,52.0,56.95,3.0,0.5576826458740236,True,NEM,28.75,0.8278260869565216,0.20641262548794756,93642839056.0,82.78260869565216,-6828.0
AMD260320C00230000,230.0,10012.0,多头买 Call，看涨,16.942433152031956,CALL,13604.0,3592.0,35262264.0,0.00013626419090850052,10M-50M,2026-03-20,250.8999938964844,214.5500030517578,256.7449951171875,258.2898864746094,250.6999969482422,35.22,35.65,36.2,109.0,0.6521641229248047,True,AMD,15.72,1.2404580152671756,0.16942433152031958,258778654648.0,124.04580152671755,10012.0
MSTR261218P00180000,180.0,5879.0,多头买 Put，看跌,-3.6196846547463815,PUT,6827.0,948.0,32263952.0,0.00036816338748467506,10M-50M,2026-12-18,160.29010009765625,166.30999755859375,159.37249755859375,163.1300048828125,158.6199951171875,54.88,53.25,54.1,1.0,0.6841767422485353,True,MSTR,54.35,0.009751609935602597,-0.036196846547463815,87634873800.0,0.9751609935602596,5879.0
MU260220C00350000,350.0,5642.0,多头买 Call，看涨,42.97252733899956,CALL,6498.0,856.0,31877300.0,0.00018111607842915701,10M-50M,2026-02-20,389.6000061035156,272.4999084472656,395.6300048828125,398.0,384.2999877929688,56.5,56.5,58.7,24.0,0.8699964172363281,True,MU,5.5,9.272727272727273,0.4297252733899956,176004804634.0,927.2727272727274,5642.0
AMZN260220C00210000,210.0,-9680.0,空头平仓 Call，回补信号，看涨,4.871287650576244,CALL,12347.0,22027.0,30801759.999999996,1.3141050472188229e-05,10M-50M,2026-02-20,239.2350006103516,228.12249755859372,239.97999572753903,240.9499969482422,237.5399932861328,31.82,30.75,31.1,145.0,0.4509332250976562,True,AMZN,24.15,0.3175983436853003,0.04871287650576244,2343934380679.0,31.759834368530033,-9680.0
AAPL270115C00280000,280.0,15652.0,空头卖 Call，看跌/看不涨,-6.501043010149722,CALL,30572.0,14920.0,29269239.999999996,7.720460826946519e-06,10M-50M,2027-01-15,254.4199981689453,272.1099853515625,251.47999572753903,254.88999938964844,249.8000030517578,18.7,18.5,18.65,121.0,0.2836375347900389,False,AAPL,29.99,-0.3764588196065355,-0.06501043010149722,3791126029400.0,-37.64588196065355,15652.0
PLTR260220C00150000,150.0,-12625.0,多头平仓 Call，减仓，看涨减弱,-12.513273364341075,CALL,4724.0,17349.0,28911250.0,6.863093248829251e-05,10M-50M,2026-02-20,168.9499969482422,193.1150054931641,168.2100067138672,170.58970642089844,168.02000427246094,22.9,23.05,23.2,45.0,0.6616244775390626,True,PLTR,47.8,-0.5209205020920502,-0.12513273364341074,421256843697.0,-52.09205020920502,-12625.0
PLTR260320C00160000,160.0,-14417.0,多头平仓 Call，减仓，看涨减弱,-12.513273364341075,CALL,18842.0,33259.0,28906085.000000004,6.861867155988915e-05,10M-50M,2026-03-20,168.9499969482422,193.1150054931641,168.2100067138672,170.58970642089844,168.02000427246094,20.05,19.35,19.5,10.0,0.5765423205566407,True,PLTR,42.2,-0.5248815165876778,-0.12513273364341074,421256843697.0,-52.48815165876778,-14417.0
NVDA270115C00160000,160.0,5604.0,多头买 Call，看涨,2.2416703284091137,CALL,90692.0,85088.0,28406676.0,6.560407499554852e-06,10M-50M,2027-01-15,187.03579711914065,182.93499755859372,187.07000732421875,189.1199951171875,186.8500061035156,50.69,50.65,50.85,14.0,0.5283250292968751,True,NVDA,48.65,0.04193216855087357,0.022416703284091136,4330017000000.0,4.193216855087357,5604.0
NVDA260320P00185000,185.0,24976.0,空头卖 Put，看涨/看不跌,2.2416703284091137,PUT,51139.0,26163.0,27473600.0,6.344917352518478e-06,10M-50M,2026-03-20,187.03579711914065,182.93499755859372,187.07000732421875,189.1199951171875,186.8500061035156,11.0,10.95,11.0,291.0,0.4213925048828125,False,NVDA,14.79,-0.2562542258282623,0.022416703284091136,4330017000000.0,-25.62542258282623,24976.0
AVGO260320C00280000,280.0,5021.0,空头卖 Call，看跌/看不涨,-4.988674328462883,CALL,15973.0,10952.0,27163610.000000004,1.7194631089933494e-05,10M-50M,2026-03-20,322.89599609375,339.8500061035156,319.95001220703125,328.010009765625,317.6000061035156,54.1,53.75,55.0,6.0,0.6041299353027345,True,AVGO,73.55,-0.26444595513256286,-0.04988674328462883,1579772770810.0,-26.444595513256285,5021.0
ORCL260320C00170000,170.0,11658.0,空头卖 Call，看跌/看不涨,-7.6536274924175025,CALL,22014.0,10356.0,26929980.0,3.343211724624904e-05,10M-50M,2026-03-20,181.8300018310547,196.8999938964844,179.10000610351562,185.27999877929688,178.52999877929688,23.1,22.7,23.1,46.0,0.6062661444091797,True,ORCL,35.72,-0.3533034714445688,-0.07653627492417503,805512250440.0,-35.33034714445688,11658.0
ISRG280121C00520000,520.0,2242.0,空头卖 Call，看跌/看不涨,-8.815880542506664,CALL,2250.0,8.0,26457842.0,0.00016731580679324023,10M-50M,2028-01-21,529.10498046875,580.260009765625,522.4099731445312,530.280029296875,518.6500244140625,118.01,114.7,121.0,2.0,0.3994544002914429,True,ISRG,155.0,-0.23864516129032254,-0.08815880542506664,158131156327.0,-23.864516129032253,2242.0
NVDA260417C00140000,140.0,5145.0,多头买 Call，看涨,2.2416703284091137,CALL,5945.0,800.0,26270370.0,6.067036226416663e-06,10M-50M,2026-04-17,187.03579711914065,182.93499755859372,187.07000732421875,189.1199951171875,186.8500061035156,51.06,49.85,50.65,6.0,0.5708050732421875,True,NVDA,45.97,0.11072438546878406,0.022416703284091136,4330017000000.0,11.072438546878406,5145.0
AMZN260320C00230000,230.0,13709.0,多头买 Call，看涨,4.871287650576244,CALL,25357.0,11648.0,25978555.0,1.1083311552635885e-05,10M-50M,2026-03-20,239.2350006103516,228.12249755859372,239.97999572753903,240.9499969482422,237.5399932861328,18.95,18.55,18.7,103.0,0.377813839111328,True,AMZN,14.2,0.3345070422535211,0.04871287650576244,2343934380679.0,33.45070422535211,13709.0
BABA260320C00170000,170.0,21190.0,多头买 Call，看涨,13.670795969503427,CALL,29347.0,8157.0,25639900.0,6.458604535570101e-05,10M-50M,2026-03-20,171.9272003173828,151.25010681152344,169.7899932861328,172.27999877929688,168.67999267578125,12.1,11.95,12.35,90.0,0.433050103149414,True,BABA,5.31,1.2787193973634652,0.13670795969503427,396988232656.0,127.87193973634652,21190.0
ISRG280121C00530000,530.0,2226.0,空头卖 Call，看跌/看不涨,-8.815880542506664,CALL,2231.0,5.0,25156026.0,0.00015908329885338827,10M-50M,2028-01-21,529.10498046875,580.260009765625,522.4099731445312,530.280029296875,518.6500244140625,113.01,109.2,115.5,2.0,0.3940261403656006,False,ISRG,146.7,-0.22965235173824122,-0.08815880542506664,158131156327.0,-22.965235173824123,2226.0
TSM260515P00330000,330.0,10318.0,空头卖 Put，看涨/看不跌,13.650945839784894,PUT,10339.0,21.0,24856062.0,1.7531499733363345e-05,10M-50M,2026-05-15,333.0199890136719,293.0199890136719,332.7900085449219,334.17999267578125,330.2300109863281,24.09,24.0,24.75,4.0,0.3619753744506836,False,TSM,52.85,-0.5441816461684011,0.13650945839784895,1417794391697.0,-54.418164616840116,10318.0
META270115C00700000,700.0,2598.0,多头买 Call，看涨,1.5362789484275803,CALL,6513.0,3915.0,24810900.0,1.3279185750203573e-05,10M-50M,2027-01-15,669.1849975585938,659.0599975585938,665.2249755859375,671.7100219726562,661.2855224609375,95.5,94.85,95.45,46.0,0.4115430550384521,False,META,91.39,0.04497209760367654,0.015362789484275802,1868405222031.0,4.497209760367654,2598.0
TSM280121C00300000,300.0,2404.0,多头买 Call，看涨,13.650945839784894,CALL,8646.0,6242.0,24677060.0,1.7405245883687902e-05,10M-50M,2028-01-21,333.0199890136719,293.0199890136719,332.7900085449219,334.17999267578125,330.2300109863281,102.65,100.0,102.15,39.0,0.4847158462524414,True,TSM,71.95,0.42668519805420435,0.13650945839784895,1417794391697.0,42.66851980542044,2404.0
MSTR261218C00180000,180.0,6007.0,空头卖 Call，看跌/看不涨,-3.6196846547463815,CALL,6267.0,260.0,24442483.0,0.0002789127426118345,10M-50M,2026-12-18,160.29010009765625,166.30999755859375,159.37249755859375,163.1300048828125,158.6199951171875,40.69,40.85,42.25,51.0,0.8101215277099607,False,MSTR,48.72,-0.1648193760262726,-0.036196846547463815,87634873800.0,-16.481937602627262,6007.0
PLTR260220C00155000,155.0,-12221.0,多头平仓 Call，减仓，看涨减弱,-12.513273364341075,CALL,2730.0,14951.0,23525425.0,5.584579895139051e-05,10M-50M,2026-02-20,168.9499969482422,193.1150054931641,168.2100067138672,170.58970642089844,168.02000427246094,19.25,19.25,19.4,11.0,0.6379430737304688,True,PLTR,44.2,-0.5644796380090498,-0.12513273364341074,421256843697.0,-56.44796380090498,-12221.0
TSM260220P00330000,330.0,23112.0,空头卖 Put，看涨/看不跌,13.650945839784894,PUT,23426.0,314.0,22927104.0,1.6170965363008576e-05,10M-50M,2026-02-20,333.0199890136719,293.0199890136719,332.7900085449219,334.17999267578125,330.2300109863281,9.92,9.4,10.15,11.0,0.3286810296630859,False,TSM,39.79,-0.7506911284242271,0.13650945839784895,1417794391697.0,-75.06911284242271,23112.0
AAPL260130P00260000,260.0,25192.0,多头买 Put，看跌,-6.501043010149722,PUT,25438.0,246.0,22924720.0,6.046942207201739e-06,10M-50M,2026-01-30,254.4199981689453,272.1099853515625,251.47999572753903,254.88999938964844,249.8000030517578,9.1,9.4,9.55,445.0,0.5271043383789062,True,AAPL,3.45,1.6376811594202896,-0.06501043010149722,3791126029400.0,163.76811594202897,25192.0
AAPL260717C00280000,280.0,24671.0,空头卖 Call，看跌/看不涨,-6.501043010149722,CALL,25024.0,353.0,22327255.0,5.8893465495088295e-06,10M-50M,2026-07-17,254.4199981689453,272.1099853515625,251.47999572753903,254.88999938964844,249.8000030517578,9.05,8.85,9.0,45.0,0.2610242355346679,False,AAPL,18.85,-0.519893899204244,-0.06501043010149722,3791126029400.0,-51.9893899204244,24671.0
AAPL260220P00275000,275.0,9400.0,多头买 Put，看跌,-6.501043010149722,PUT,13960.0,4560.0,21977200.0,5.797011186008555e-06,10M-50M,2026-02-20,254.4199981689453,272.1099853515625,251.47999572753903,254.88999938964844,249.8000030517578,23.38,23.0,23.2,44.0,0.3429631134033203,True,AAPL,10.67,1.191190253045923,-0.06501043010149722,3791126029400.0,119.11902530459231,9400.0
GOOGL260320C00310000,310.0,6896.0,多头买 Call，看涨,7.666189714388108,CALL,11638.0,4742.0,21722400.0,7.2853505011425265e-06,10M-50M,2026-03-20,332.989990234375,309.2799987792969,327.8099975585937,333.2900085449219,327.0,31.5,31.4,32.0,13.0,0.3693910717773437,True,GOOGL,21.25,0.4823529411764706,0.07666189714388108,2981654760000.0,48.23529411764706,6896.0
MU260717C00300000,300.0,1758.0,多头买 Call，看涨,42.97252733899956,CALL,2092.0,334.0,21700752.0,0.00012329636139835198,10M-50M,2026-07-17,389.6000061035156,272.4999084472656,395.6300048828125,398.0,384.2999877929688,123.44,130.05,132.35,51.0,0.8437515624999999,True,MU,41.13,2.0012156576708,0.4297252733899956,176004804634.0,200.12156576707997,1758.0
AAPL261218C00250000,250.0,6740.0,空头卖 Call，看跌/看不涨,-6.501043010149722,CALL,16500.0,9760.0,21568000.0,5.689074916724265e-06,10M-50M,2026-12-18,254.4199981689453,272.1099853515625,251.47999572753903,254.88999938964844,249.8000030517578,32.0,31.35,31.6,30.0,0.3091041990661621,True,AAPL,46.15,-0.30660888407367276,-0.06501043010149722,3791126029400.0,-30.660888407367278,6740.0
MU260220C00340000,340.0,3322.0,多头买 Call，看涨,42.97252733899956,CALL,4229.0,907.0,21460120.0,0.00012192917144862083,10M-50M,2026-02-20,389.6000061035156,272.4999084472656,395.6300048828125,398.0,384.2999877929688,64.6,64.15,66.8,135.0,0.9094857684326172,True,MU,6.87,8.40320232896652,0.4297252733899956,176004804634.0,840.320232896652,3322.0
NVDA260320P00190000,190.0,15976.0,空头卖 Put，看涨/看不跌,2.2416703284091137,PUT,30839.0,14863.0,21248080.0,4.907158563118806e-06,10M-50M,2026-03-20,187.03579711914065,182.93499755859372,187.07000732421875,189.1199951171875,186.8500061035156,13.3,13.5,13.55,76.0,0.4166318103027343,True,NVDA,17.45,-0.23782234957020051,0.022416703284091136,4330017000000.0,-23.78223495702005,15976.0
PAAS260320C00049000,49.0,10024.0,多头买 Call，看涨,24.29885219478558,CALL,10073.0,49.0,21000280.0,0.001513144226182913,10M-50M,2026-03-20,66.87899780273438,53.80500030517578,69.80999755859375,69.90059661865234,66.72000122070312,20.95,20.0,21.7,1.0,1.0620164086914063,True,PAAS,8.76,1.3915525114155252,0.2429885219478558,13878571280.0,139.15525114155253,10024.0
GOOGL270617C00295000,295.0,-2583.0,空头平仓 Call，回补信号，看涨,7.666189714388108,CALL,2042.0,4625.0,20818980.0,6.982357675775984e-06,10M-50M,2027-06-17,332.989990234375,309.2799987792969,327.8099975585937,333.2900085449219,327.0,80.6,82.75,83.25,95.0,0.4272670799255372,True,GOOGL,68.0,0.18529411764705875,0.07666189714388108,2981654760000.0,18.529411764705873,-2583.0
MU260320P00330000,330.0,13539.0,空头卖 Put，看涨/看不跌,42.97252733899956,PUT,13575.0,36.0,20646975.0,0.00011730915552524348,10M-50M,2026-03-20,389.6000061035156,272.4999084472656,395.6300048828125,398.0,384.2999877929688,15.25,14.9,15.5,31.0,0.6875031250000001,False,MU,110.92,-0.8625135232600072,0.4297252733899956,176004804634.0,-86.25135232600071,13539.0
NVDA280121P00140000,140.0,10144.0,空头卖 Put，看涨/看不跌,2.2416703284091137,PUT,19864.0,9720.0,20186559.999999996,4.662004791205207e-06,10M-50M,2028-01-21,187.03579711914065,182.93499755859372,187.07000732421875,189.1199951171875,186.8500061035156,19.9,19.8,20.0,4547.0,0.4348201049804688,False,NVDA,20.25,-0.017283950617284022,0.022416703284091136,4330017000000.0,-1.7283950617284023,10144.0
SNOW280121C00230000,230.0,3603.0,空头卖 Call，看跌/看不涨,-6.6906435866223175,CALL,3660.0,57.0,20032680.0,0.00026321374332737967,10M-50M,2028-01-21,210.1000061035156,225.1649932861328,211.7899932861328,212.1625061035156,208.6000061035156,55.6,54.65,57.1,10.0,0.5408523698425294,False,SNOW,64.0,-0.13124999999999998,-0.06690643586622318,76108032000.0,-13.124999999999998,3603.0
TSM260320P00320000,320.0,17109.0,空头卖 Put，看涨/看不跌,13.650945839784894,PUT,17751.0,642.0,19692459.0,1.3889502677768046e-05,10M-50M,2026-03-20,333.0199890136719,293.0199890136719,332.7900085449219,334.17999267578125,330.2300109863281,11.51,11.25,11.95,65.0,0.3537051934814452,False,TSM,43.8,-0.7372146118721461,0.13650945839784895,1417794391697.0,-73.72146118721462,17109.0
TSLA271217P00400000,400.0,-2204.0,空头平仓 Put，回补，看跌信号减弱,-11.45003824844352,PUT,6363.0,8567.0,19686128.0,1.3858710729184258e-05,10M-50M,2027-12-17,437.760009765625,494.364990234375,445.0299987792969,445.0299987792969,436.7099914550781,89.32,88.55,89.25,1.0,0.4745001891326904,False,TSLA,86.35,0.03439490445859872,-0.11450038248443518,1420487690716.0,3.439490445859872,-2204.0
AAPL260618P00260000,260.0,8945.0,多头买 Put，看跌,-6.501043010149722,PUT,12230.0,3285.0,19321200.0,5.096427776382274e-06,10M-50M,2026-06-18,254.4199981689453,272.1099853515625,251.47999572753903,254.88999938964844,249.8000030517578,21.6,18.9,19.1,44.0,0.2512892254638671,True,AAPL,12.05,0.7925311203319502,-0.06501043010149722,3791126029400.0,79.25311203319502,8945.0
GOOGL261218P00350000,350.0,-3841.0,多头平仓 Put，减仓，看跌减弱,7.666189714388108,PUT,3007.0,6848.0,19251092.0,6.456512758707182e-06,10M-50M,2026-12-18,332.989990234375,309.2799987792969,327.8099975585937,333.2900085449219,327.0,50.12,49.7,50.0,1.0,0.3189002436828612,True,GOOGL,65.3,-0.2324655436447167,0.07666189714388108,2981654760000.0,-23.24655436447167,-3841.0
BE260618C00110000,110.0,3515.0,多头买 Call，看涨,58.949056073862636,CALL,3741.0,226.0,19033725.0,0.001156732235271639,10M-50M,2026-06-18,146.98019409179688,92.47000122070312,142.0,147.6300048828125,138.65049743652344,54.15,51.55,55.05,1.0,0.9982910327148438,True,BE,20.7,1.6159420289855075,0.5894905607386264,16454737250.0,161.59420289855075,3515.0
TSLA260618P00440000,440.0,3732.0,多头买 Put，看跌,-11.45003824844352,PUT,6184.0,2452.0,18995880.0,1.3372787475845767e-05,10M-50M,2026-06-18,437.760009765625,494.364990234375,445.0299987792969,445.0299987792969,436.7099914550781,50.9,50.0,50.25,7.0,0.4480646014404296,True,TSLA,43.3,0.1755196304849885,-0.11450038248443518,1420487690716.0,17.551963048498852,3732.0
GOOGL270617C00330000,330.0,2940.0,多头买 Call，看涨,7.666189714388108,CALL,3064.0,124.0,18619020.0,6.244525774674195e-06,10M-50M,2027-06-17,332.989990234375,309.2799987792969,327.8099975585937,333.2900085449219,327.0,63.33,64.7,65.15,2.0,0.4118253398132324,True,GOOGL,52.39,0.2088184768085512,0.07666189714388108,2981654760000.0,20.88184768085512,2940.0
NVDA270115C00230000,230.0,8486.0,多头买 Call，看涨,2.2416703284091137,CALL,25216.0,16730.0,18143068.0,4.190068537837149e-06,10M-50M,2027-01-15,187.03579711914065,182.93499755859372,187.07000732421875,189.1199951171875,186.8500061035156,21.38,21.1,21.3,3.0,0.48242705078125,False,NVDA,20.22,0.05736894164193868,0.022416703284091136,4330017000000.0,5.736894164193869,8486.0
NFLX260320P00110000,110.0,-7424.0,空头平仓 Put，回补，看跌信号减弱,-8.113600080174542,PUT,1426.0,8850.0,18003200.0,3.499707839831194e-05,10M-50M,2026-03-20,85.9000015258789,93.48500061035156,86.91000366210938,86.94000244140625,85.3499984741211,24.25,23.2,24.45,4.0,0.411138701171875,True,NFLX,17.54,0.3825541619156215,-0.08113600080174543,514420083731.0,38.255416191562155,-7424.0
TSLA260417C00510000,510.0,10329.0,空头卖 Call，看跌/看不涨,-11.45003824844352,CALL,10732.0,403.0,17786537.999999996,1.2521430573632534e-05,10M-50M,2026-04-17,437.760009765625,494.364990234375,445.0299987792969,445.0299987792969,436.7099914550781,17.22,17.8,17.95,13.0,0.50546759185791,False,TSLA,55.3,-0.6886075949367089,-0.11450038248443518,1420487690716.0,-68.86075949367088,10329.0
NVDA260417C00150000,150.0,4279.0,多头买 Call，看涨,2.2416703284091137,CALL,6872.0,2593.0,17774966.0,4.105056862363358e-06,10M-50M,2026-04-17,187.03579711914065,182.93499755859372,187.07000732421875,189.1199951171875,186.8500061035156,41.54,41.3,41.75,12.0,0.5330857238769531,True,NVDA,40.1,0.03591022443890268,0.022416703284091136,4330017000000.0,3.5910224438902683,4279.0
PLTR260320C00180000,180.0,18165.0,空头卖 Call，看跌/看不涨,-12.513273364341075,CALL,22688.0,4523.0,17710875.0,4.2042937141548284e-05,10M-50M,2026-03-20,168.9499969482422,193.1150054931641,168.2100067138672,170.58970642089844,168.02000427246094,9.75,9.85,9.95,133.0,0.5531050549316407,False,PLTR,28.91,-0.662746454514009,-0.12513273364341074,421256843697.0,-66.2746454514009,18165.0
PLTR260220C00160000,160.0,-10783.0,多头平仓 Call，减仓，看涨减弱,-12.513273364341075,CALL,17293.0,28076.0,17522375.0,4.159546666642032e-05,10M-50M,2026-02-20,168.9499969482422,193.1150054931641,168.2100067138672,170.58970642089844,168.02000427246094,16.25,15.9,16.0,22.0,0.6237830590820312,True,PLTR,39.75,-0.5911949685534591,-0.12513273364341074,421256843697.0,-59.11949685534591,-10783.0
GOOGL260220P00330000,330.0,13723.0,空头卖 Put，看涨/看不跌,7.666189714388108,PUT,14400.0,677.0,17222365.000000004,5.776109706275989e-06,10M-50M,2026-02-20,332.989990234375,309.2799987792969,327.8099975585937,333.2900085449219,327.0,12.55,12.3,12.45,37.0,0.3945373046875,False,GOOGL,28.56,-0.5605742296918768,0.07666189714388108,2981654760000.0,-56.05742296918768,13723.0
NFLX260821P00073000,73.0,48125.0,多头买 Put，看跌,-8.113600080174542,PUT,48157.0,32.0,17084375.0,3.321094090279287e-05,10M-50M,2026-08-21,85.9000015258789,93.48500061035156,86.91000366210938,86.94000244140625,85.3499984741211,3.55,3.5,3.7,1.0,0.3643862390136719,False,NFLX,3.0,0.18333333333333326,-0.08113600080174543,514420083731.0,18.333333333333325,48125.0
BA260220C00210000,210.0,-3900.0,空头平仓 Call，回补信号，看涨,15.078095100547314,CALL,6550.0,10450.0,17074200.0,0.00010205283648231846,10M-50M,2026-02-20,249.0,216.3748016357422,251.4900054931641,251.5641021728516,247.40499877929688,43.78,38.55,41.65,8.0,0.5968057897949219,True,BA,14.95,1.9284280936454852,0.15078095100547315,167307451596.0,192.84280936454851,-3900.0
NVDA260618P00140000,140.0,42427.0,空头卖 Put，看涨/看不跌,2.2416703284091137,PUT,76694.0,34267.0,16970800.0,3.9193379610287905e-06,10M-50M,2026-06-18,187.03579711914065,182.93499755859372,187.07000732421875,189.1199951171875,186.8500061035156,4.0,4.2,4.25,1.0,0.4764456652832031,False,NVDA,5.35,-0.2523364485981308,0.022416703284091136,4330017000000.0,-25.233644859813083,42427.0
UNH270115C00420000,420.0,-6510.0,空头平仓 Call，回补信号，看涨,7.14366336056844,CALL,1498.0,8008.0,16860900.0,5.410652007763068e-05,10M-50M,2027-01-15,349.6579895019531,326.3450012207031,353.95001220703125,354.7900085449219,348.0,25.9,23.65,28.5,1.0,0.3788819436645507,False,UNH,21.72,0.19244935543278086,0.0714366336056844,311624180890.0,19.244935543278086,-6510.0
BABA260320C00155000,155.0,8277.0,多头买 Call，看涨,13.670795969503427,CALL,9563.0,1286.0,16711263.0,4.209510918798623e-05,10M-50M,2026-03-20,171.9272003173828,151.25010681152344,169.7899932861328,172.27999877929688,168.67999267578125,20.19,19.8,20.7,5.0,0.4005186901855468,True,BABA,10.0,1.0190000000000001,0.13670795969503427,396988232656.0,101.9,8277.0
TSLA260130C00460000,460.0,26111.0,空头卖 Call，看跌/看不涨,-11.45003824844352,CALL,26450.0,339.0,16658818.0,1.1727534218619723e-05,10M-50M,2026-01-30,437.760009765625,494.364990234375,445.0299987792969,445.0299987792969,436.7099914550781,6.38,6.3,6.4,6164.0,0.7110624597167969,False,TSLA,54.33,-0.8825694827903552,-0.11450038248443518,1420487690716.0,-88.25694827903551,26111.0
GOOGL260618C00320000,320.0,-4429.0,空头平仓 Call，回补信号，看涨,7.666189714388108,CALL,3963.0,8392.0,16511312.0,5.5376337399974506e-06,10M-50M,2026-06-18,332.989990234375,309.2799987792969,327.8099975585937,333.2900085449219,327.0,37.28,37.75,38.2,7.0,0.3831848791503905,True,GOOGL,27.45,0.35810564663023686,0.07666189714388108,2981654760000.0,35.81056466302368,-4429.0
AMZN260618C00230000,230.0,6004.0,多头买 Call，看涨,4.871287650576244,CALL,16458.0,10454.0,16462968.000000002,7.023647136073385e-06,10M-50M,2026-06-18,239.2350006103516,228.12249755859372,239.97999572753903,240.9499969482422,237.5399932861328,27.42,27.05,27.4,13.0,0.3833374655151367,True,AMZN,22.22,0.23402340234023417,0.04871287650576244,2343934380679.0,23.402340234023416,6004.0
MU260320C00320000,320.0,1865.0,多头买 Call，看涨,42.97252733899956,CALL,2800.0,935.0,16384025.0,9.308850990784254e-05,10M-50M,2026-03-20,389.6000061035156,272.4999084472656,395.6300048828125,398.0,384.2999877929688,87.85,90.5,92.9,8.0,0.9120492193603515,True,MU,16.94,4.18595041322314,0.4297252733899956,176004804634.0,418.59504132231405,1865.0
MU270115C00350000,350.0,1206.0,多头买 Call，看涨,42.97252733899956,CALL,1949.0,743.0,16190550.0,9.198925014387003e-05,10M-50M,2027-01-15,389.6000061035156,272.4999084472656,395.6300048828125,398.0,384.2999877929688,134.25,132.65,136.0,8.0,0.8012715185546875,True,MU,46.55,1.8839957035445758,0.4297252733899956,176004804634.0,188.39957035445758,1206.0
AAPL270115C00300000,300.0,13034.0,空头卖 Call，看跌/看不涨,-6.501043010149722,CALL,35237.0,22203.0,16031820.000000002,4.228775270374556e-06,10M-50M,2027-01-15,254.4199981689453,272.1099853515625,251.47999572753903,254.88999938964844,249.8000030517578,12.3,12.1,12.25,285.0,0.2730632997131347,False,AAPL,21.1,-0.4170616113744076,-0.06501043010149722,3791126029400.0,-41.70616113744076,13034.0
NVDA260320P00180000,180.0,18041.0,空头卖 Put，看涨/看不跌,2.2416703284091137,PUT,67230.0,49189.0,16002366.999999998,3.6956822571366344e-06,10M-50M,2026-03-20,187.03579711914065,182.93499755859372,187.07000732421875,189.1199951171875,186.8500061035156,8.87,8.8,8.9,163.0,0.4307918249511719,False,NVDA,12.35,-0.28178137651821866,0.022416703284091136,4330017000000.0,-28.178137651821867,18041.0
MSFT260130C00460000,460.0,9474.0,空头卖 Call，看跌/看不涨,-3.235167233073554,CALL,9497.0,23.0,15992112.0,4.206494200763403e-06,10M-50M,2026-01-30,470.1900024414063,485.9100036621094,465.3049926757813,470.80999755859375,462.0,16.88,16.85,17.0,433.0,0.5115405291748047,True,MSFT,34.76,-0.5143843498273878,-0.03235167233073554,3801767276203.0,-51.43843498273878,9474.0
AMZN270115C00250000,250.0,5017.0,多头买 Call，看涨,4.871287650576244,CALL,18255.0,13238.0,15653040.0,6.678105039555573e-06,10M-50M,2027-01-15,239.2350006103516,228.12249755859372,239.97999572753903,240.9499969482422,237.5399932861328,31.2,30.9,31.15,77.0,0.3791413404846191,False,AMZN,26.6,0.17293233082706758,0.04871287650576244,2343934380679.0,17.293233082706756,5017.0
TSM270115C00370000,370.0,3538.0,多头买 Call，看涨,13.650945839784894,CALL,3718.0,180.0,15538896.0,1.0959907932349088e-05,10M-50M,2027-01-15,333.0199890136719,293.0199890136719,332.7900085449219,334.17999267578125,330.2300109863281,43.92,43.1,44.55,2.0,0.4469659796142577,False,TSM,25.7,0.7089494163424126,0.13650945839784895,1417794391697.0,70.89494163424126,3538.0
PLTR260220P00170000,170.0,14190.0,多头买 Put，看跌,-12.513273364341075,PUT,20978.0,6788.0,15396150.0,3.654813026865406e-05,10M-50M,2026-02-20,168.9499969482422,193.1150054931641,168.2100067138672,170.58970642089844,168.02000427246094,10.85,10.8,10.9,124.0,0.5717816259765626,True,PLTR,7.44,0.4583333333333332,-0.12513273364341074,421256843697.0,45.83333333333332,14190.0
TSLA260618P00400000,400.0,4860.0,多头买 Put，看跌,-11.45003824844352,PUT,12561.0,7701.0,15367320.000000002,1.081834084197806e-05,10M-50M,2026-06-18,437.760009765625,494.364990234375,445.0299987792969,445.0299987792969,436.7099914550781,31.62,31.45,31.65,8.0,0.4610191838073731,False,TSLA,28.79,0.09829802014588405,-0.11450038248443518,1420487690716.0,9.829802014588406,4860.0
APP260618C00700000,700.0,2952.0,空头卖 Call，看跌/看不涨,-25.2898203821183,CALL,3943.0,991.0,14848560.0,6.55333845569179e-05,10M-50M,2026-06-18,545.219970703125,729.780029296875,532.7899780273438,558.3699951171875,530.5900268554688,50.3,47.1,50.0,7.0,0.7072783178710937,False,APP,151.9,-0.6688610928242265,-0.252898203821183,226580087392.0,-66.88610928242265,2952.0
JNJ260320C00220000,220.0,22382.0,多头买 Call，看涨,6.972594248499535,CALL,24757.0,2375.0,14772119.999999998,3.413131235219164e-05,10M-50M,2026-03-20,221.4600067138672,207.0249938964844,220.2100067138672,222.02999877929688,220.0,6.6,6.4,7.05,2.0,0.1857991577148437,True,JNJ,3.15,1.0952380952380951,0.06972594248499535,432802578687.0,109.52380952380952,22382.0
MU260320C00340000,340.0,1899.0,多头买 Call，看涨,42.97252733899956,CALL,2353.0,454.0,14741937.0,8.375871914778515e-05,10M-50M,2026-03-20,389.6000061035156,272.4999084472656,395.6300048828125,398.0,384.2999877929688,77.63,77.05,79.0,131.0,0.8859264337158204,True,MU,12.65,5.136758893280631,0.4297252733899956,176004804634.0,513.6758893280631,1899.0
AMD260220C00240000,240.0,6187.0,多头买 Call，看涨,16.942433152031956,CALL,9534.0,3347.0,14725060.0,5.690214295313326e-05,10M-50M,2026-02-20,250.8999938964844,214.5500030517578,256.7449951171875,258.2898864746094,250.6999969482422,23.8,23.2,23.4,110.0,0.663638617553711,True,AMD,8.85,1.689265536723164,0.16942433152031958,258778654648.0,168.9265536723164,6187.0
META260618C00690000,690.0,2565.0,多头买 Call，看涨,1.5362789484275803,CALL,3257.0,692.0,14694885.0,7.864934665525243e-06,10M-50M,2026-06-18,669.1849975585938,659.0599975585938,665.2249755859375,671.7100219726562,661.2855224609375,57.29,57.25,57.6,7.0,0.3975508853912354,False,META,56.35,0.01668145519077192,0.015362789484275802,1868405222031.0,1.668145519077192,2565.0
GOOG260320C00340000,340.0,9853.0,多头买 Call，看涨,7.301066512344982,CALL,11480.0,1627.0,14661264.000000002,4.904425274128719e-06,10M-50M,2026-03-20,333.5078125,310.81500244140625,328.20001220703125,333.760009765625,327.489990234375,14.88,14.8,14.9,12.0,0.3474491525268554,False,GOOG,9.4,0.5829787234042554,0.07301066512344982,2989394920000.0,58.29787234042554,9853.0
FCX260320C00065000,65.0,38383.0,多头买 Call，看涨,23.122216569983305,CALL,38919.0,536.0,14508774.0,0.0002826627270636419,10M-50M,2026-03-20,62.45989990234375,50.72999954223633,63.415000915527344,63.57500076293945,62.08000183105469,3.78,3.6,3.7,1748.0,0.5002491381835938,False,FCX,0.48,6.875,0.23122216569983303,51328925291.0,687.5,38383.0
NVDA260220P00180000,180.0,33470.0,空头卖 Put，看涨/看不跌,2.2416703284091137,PUT,67712.0,34242.0,14392100.0,3.3237975740049057e-06,10M-50M,2026-02-20,187.03579711914065,182.93499755859372,187.07000732421875,189.1199951171875,186.8500061035156,4.3,4.3,4.35,1423.0,0.3767152172851562,False,NVDA,8.65,-0.5028901734104047,0.022416703284091136,4330017000000.0,-50.28901734104046,33470.0
APP260220P00700000,700.0,816.0,多头买 Put，看跌,-25.2898203821183,PUT,922.0,106.0,14280000.0,6.302407314061346e-05,10M-50M,2026-02-20,545.219970703125,729.780029296875,532.7899780273438,558.3699951171875,530.5900268554688,175.0,147.0,157.0,101.0,0.5844768115234374,True,APP,60.75,1.8806584362139918,-0.252898203821183,226580087392.0,188.06584362139918,816.0
NVDA260220P00185000,185.0,22742.0,空头卖 Put，看涨/看不跌,2.2416703284091137,PUT,43107.0,20365.0,14054556.0,3.2458431456504675e-06,10M-50M,2026-02-20,187.03579711914065,182.93499755859372,187.07000732421875,189.1199951171875,186.8500061035156,6.18,6.1,6.2,1926.0,0.3634707208251954,False,NVDA,11.0,-0.43818181818181823,0.022416703284091136,4330017000000.0,-43.81818181818182,22742.0
NVDA261218C00160000,160.0,2783.0,多头买 Call，看涨,2.2416703284091137,CALL,17566.0,14783.0,14040235.0,3.2425357683353205e-06,10M-50M,2026-12-18,187.03579711914065,182.93499755859372,187.07000732421875,189.1199951171875,186.8500061035156,50.45,49.05,49.2,3.0,0.5232591619873046,True,NVDA,47.8,0.05543933054393318,0.022416703284091136,4330017000000.0,5.543933054393317,2783.0
BIDU260417C00125000,125.0,3775.0,多头买 Call，看涨,25.26790580107893,CALL,4952.0,1177.0,13978825.0,0.00030960256492696,10M-50M,2026-04-17,155.9741973876953,124.5124969482422,158.00999450683594,159.10000610351562,155.34010314941406,37.03,35.5,35.5,5.0,0.5788616333007812,True,BIDU,12.8,1.8929687499999999,0.25267905801078927,45150869481.0,189.296875,3775.0
GOOGL270115C00350000,350.0,3272.0,多头买 Call，看涨,7.666189714388108,CALL,12957.0,9685.0,13906000.0,4.6638531685673764e-06,10M-50M,2027-01-15,332.989990234375,309.2799987792969,327.8099975585937,333.2900085449219,327.0,42.5,43.7,44.0,5.0,0.3898681619262696,False,GOOGL,33.05,0.28593040847201223,0.07666189714388108,2981654760000.0,28.593040847201223,3272.0
BABA260320C00150000,150.0,5744.0,多头买 Call，看涨,13.670795969503427,CALL,11390.0,5646.0,13814320.000000002,3.479780724878676e-05,10M-50M,2026-03-20,171.9272003173828,151.25010681152344,169.7899932861328,172.27999877929688,168.67999267578125,24.05,23.6,24.8,18.0,0.4187069848632812,True,BABA,12.2,0.9713114754098362,0.13670795969503427,396988232656.0,97.13114754098362,5744.0
BMNR270115C00028000,28.0,-12460.0,多头平仓 Call，减仓，看涨减弱,-9.93977922286354,CALL,20097.0,32557.0,13643700.0,0.0627816172799903,10M-50M,2027-01-15,28.11680030822754,31.21999931335449,27.75,28.739999771118164,27.600000381469727,10.95,10.95,11.45,569.0,1.054936365966797,True,BMNR,15.1,-0.27483443708609273,-0.09939779222863541,217319983.0,-27.483443708609272,-12460.0
AAPL270115C00220000,220.0,2623.0,空头卖 Call，看跌/看不涨,-6.501043010149722,CALL,7164.0,4541.0,13639600.0,3.597770133260028e-06,10M-50M,2027-01-15,254.4199981689453,272.1099853515625,251.47999572753903,254.88999938964844,249.8000030517578,52.0,51.9,52.15,18.0,0.3455265643310546,True,AAPL,69.37,-0.25039642496756526,-0.06501043010149722,3791126029400.0,-25.039642496756525,2623.0
MSFT270617C00515000,515.0,2705.0,空头卖 Call，看跌/看不涨,-3.235167233073554,CALL,2897.0,192.0,13606150.0,3.578901340218039e-06,10M-50M,2027-06-17,470.1900024414063,485.9100036621094,465.3049926757813,470.80999755859375,462.0,50.3,50.9,51.35,12.0,0.3103325193023681,False,MSFT,61.3,-0.17944535073409462,-0.03235167233073554,3801767276203.0,-17.94453507340946,2705.0
MU270115P00350000,350.0,1821.0,空头卖 Put，看涨/看不跌,42.97252733899956,PUT,1887.0,66.0,13566450.0,7.707999806148064e-05,10M-50M,2027-01-15,389.6000061035156,272.4999084472656,395.6300048828125,398.0,384.2999877929688,74.5,73.35,74.75,1.0,0.6470524797058104,False,MU,119.4,-0.37604690117252937,0.4297252733899956,176004804634.0,-37.604690117252936,1821.0
AAPL260618P00240000,240.0,12642.0,多头买 Put，看跌,-6.501043010149722,PUT,16362.0,3720.0,13552224.000000002,3.5747226272361183e-06,10M-50M,2026-06-18,254.4199981689453,272.1099853515625,251.47999572753903,254.88999938964844,249.8000030517578,10.72,10.55,10.7,40.0,0.2741771801757812,False,AAPL,6.6,0.6242424242424244,-0.06501043010149722,3791126029400.0,62.424242424242436,12642.0
CRWD260821C00470000,470.0,2254.0,空头卖 Call，看跌/看不涨,-4.0240218106571035,CALL,2283.0,29.0,13519491.999999998,0.00011190259281479561,10M-50M,2026-08-21,464.1494140625,483.6099853515625,454.05999755859375,464.9599914550781,452.6600036621094,59.98,57.9,61.0,3.0,0.4554802987670898,False,CRWD,74.61,-0.19608631550730468,-0.04024021810657104,120814823499.0,-19.60863155073047,2254.0
MRK260417C00110000,110.0,-28890.0,空头平仓 Call，回补信号，看涨,3.4090396571801325,CALL,2605.0,31495.0,13433850.0,6.846116383049093e-05,10M-50M,2026-04-17,107.2300033569336,103.69499969482422,107.8000030517578,108.41999816894533,107.1500015258789,4.65,4.55,4.85,32.0,0.2989572058105468,False,MRK,3.86,0.2046632124352333,0.034090396571801324,196225849056.0,20.466321243523332,-28890.0
NVDA280121C00190000,190.0,2499.0,多头买 Call，看涨,2.2416703284091137,CALL,7240.0,4741.0,13392141.0,3.0928610672891122e-06,10M-50M,2028-01-21,187.03579711914065,182.93499755859372,187.07000732421875,189.1199951171875,186.8500061035156,53.59,53.3,53.65,10.0,0.5299729620361329,False,NVDA,51.1,0.048727984344422735,0.022416703284091136,4330017000000.0,4.872798434442274,2499.0
MU260320C00300000,300.0,-1321.0,空头平仓 Call，回补信号，看涨,42.97252733899956,CALL,7624.0,8945.0,13381729.999999998,7.603048125775404e-05,10M-50M,2026-03-20,389.6000061035156,272.4999084472656,395.6300048828125,398.0,384.2999877929688,101.3,106.8,108.8,19.0,0.9733889379882812,True,MU,22.28,3.546678635547576,0.4297252733899956,176004804634.0,354.6678635547576,-1321.0
SHOP260220C00140000,140.0,-16851.0,多头平仓 Call，减仓，看涨减弱,-19.997657510737973,CALL,23369.0,40220.0,13312290.0,7.304957127536799e-05,10M-50M,2026-02-20,136.63999938964844,170.7949981689453,136.72999572753906,138.09950256347656,135.84010314941406,7.9,7.75,8.05,32.0,0.6435582519531251,False,SHOP,36.95,-0.7861975642760488,-0.19997657510737973,182236387806.0,-78.61975642760488,-16851.0
TSLA260515P00400000,400.0,5001.0,多头买 Put，看跌,-11.45003824844352,PUT,8560.0,3559.0,13277655.000000002,9.34725100877669e-06,10M-50M,2026-05-15,437.760009765625,494.364990234375,445.0299987792969,445.0299987792969,436.7099914550781,26.55,26.0,26.2,70.0,0.4640251351928711,False,TSLA,24.05,0.10395010395010394,-0.11450038248443518,1420487690716.0,10.395010395010393,5001.0
BMNR270115C00025000,25.0,10893.0,空头卖 Call，看跌/看不涨,-9.93977922286354,CALL,31138.0,20245.0,13071600.0,0.06014909360636201,10M-50M,2027-01-15,28.11680030822754,31.21999931335449,27.75,28.739999771118164,27.600000381469727,12.0,11.9,12.15,18.0,1.0393114440917972,True,BMNR,16.02,-0.250936329588015,-0.09939779222863541,217319983.0,-25.0936329588015,10893.0
MU260220C00280000,280.0,1156.0,多头买 Call，看涨,42.97252733899956,CALL,3003.0,1847.0,13060488.0,7.420529244732345e-05,10M-50M,2026-02-20,389.6000061035156,272.4999084472656,395.6300048828125,398.0,384.2999877929688,112.98,118.15,120.9,5.0,1.276859084472656,True,MU,21.7,4.206451612903226,0.4297252733899956,176004804634.0,420.6451612903226,1156.0
META260417C00650000,650.0,2260.0,多头买 Call，看涨,1.5362789484275803,CALL,3421.0,1161.0,13022120.0,6.9696444039289575e-06,10M-50M,2026-04-17,669.1849975585938,659.0599975585938,665.2249755859375,671.7100219726562,661.2855224609375,57.62,57.0,57.6,90.0,0.3807740145874023,True,META,57.45,0.0029590948650999927,0.015362789484275802,1868405222031.0,0.29590948650999926,2260.0
BABA260320C00160000,160.0,7625.0,多头买 Call，看涨,13.670795969503427,CALL,16202.0,8577.0,13000625.0,3.27481369234069e-05,10M-50M,2026-03-20,171.9272003173828,151.25010681152344,169.7899932861328,172.27999877929688,168.67999267578125,17.05,16.85,17.4,85.0,0.4067442138671875,True,BABA,8.12,1.0997536945812811,0.13670795969503427,396988232656.0,109.97536945812811,7625.0
TSLA261218P00480000,480.0,1258.0,多头买 Put，看跌,-11.45003824844352,PUT,4226.0,2968.0,12796376.0,9.008438498717267e-06,10M-50M,2026-12-18,437.760009765625,494.364990234375,445.0299987792969,445.0299987792969,436.7099914550781,101.72,100.65,101.15,1.0,0.4554802987670898,True,TSLA,90.15,0.12834165280088733,-0.11450038248443518,1420487690716.0,12.834165280088733,1258.0
TSM270115C00350000,350.0,2468.0,多头买 Call，看涨,13.650945839784894,CALL,3419.0,951.0,12705264.0,8.96128809255106e-06,10M-50M,2027-01-15,333.0199890136719,293.0199890136719,332.7900085449219,334.17999267578125,330.2300109863281,51.48,50.5,52.85,3.0,0.4575707319641114,False,TSM,31.2,0.6499999999999999,0.13650945839784895,1417794391697.0,64.99999999999999,2468.0
PYPL270115C00050000,50.0,9849.0,空头卖 Call，看跌/看不涨,-6.0003358805115194,CALL,11409.0,1560.0,12655965.0,0.0001968361130862485,10M-50M,2027-01-15,56.709999084472656,60.33000183105469,56.560001373291016,57.119998931884766,56.494998931884766,12.85,12.75,12.95,41.0,0.4426325268554688,True,PYPL,16.41,-0.2169408897014016,-0.060003358805115196,64296966657.0,-21.69408897014016,9849.0
SHOP260320P00145000,145.0,7937.0,多头买 Put，看跌,-19.997657510737973,PUT,8649.0,712.0,12643641.0,6.938044126214686e-05,10M-50M,2026-03-20,136.63999938964844,170.7949981689453,136.72999572753906,138.09950256347656,135.84010314941406,15.93,15.45,16.8,14.0,0.5327195166015625,True,SHOP,6.55,1.4320610687022899,-0.19997657510737973,182236387806.0,143.20610687022898,7937.0
GOOG260515P00305000,305.0,9130.0,空头卖 Put，看涨/看不跌,7.301066512344982,PUT,9139.0,9.0,12553750.0,4.199428424799758e-06,10M-50M,2026-05-15,333.5078125,310.81500244140625,328.20001220703125,333.760009765625,327.489990234375,13.75,13.2,13.4,13.0,0.3600527862548828,False,GOOG,25.02,-0.4504396482813749,0.07301066512344982,2989394920000.0,-45.04396482813749,9130.0
TSLA280121P00510000,510.0,792.0,多头买 Put，看跌,-11.45003824844352,PUT,1170.0,378.0,12509640.0,8.80658106491193e-06,10M-50M,2028-01-21,437.760009765625,494.364990234375,445.0299987792969,445.0299987792969,436.7099914550781,157.95,156.95,157.8,2.0,0.4519631830596924,True,TSLA,152.05,0.038803025320618065,-0.11450038248443518,1420487690716.0,3.8803025320618065,792.0
TSLA270115C00500000,500.0,1694.0,空头卖 Call，看跌/看不涨,-11.45003824844352,CALL,16331.0,14637.0,12484780.0,8.789080033285624e-06,10M-50M,2027-01-15,437.760009765625,494.364990234375,445.0299987792969,445.0299987792969,436.7099914550781,73.7,74.75,75.2,52.0,0.5670056727600099,False,TSLA,118.7,-0.37910699241786017,-0.11450038248443518,1420487690716.0,-37.91069924178602,1694.0
AVGO280121C00350000,350.0,1393.0,空头卖 Call，看跌/看不涨,-4.988674328462883,CALL,5760.0,4367.0,12411629.999999998,7.856591928493716e-06,10M-50M,2028-01-21,322.89599609375,339.8500061035156,319.95001220703125,328.010009765625,317.6000061035156,89.1,86.35,89.45,1.0,0.5464370307922364,False,AVGO,97.8,-0.08895705521472395,-0.04988674328462883,1579772770810.0,-8.895705521472395,1393.0
TSLA260320P00440000,440.0,4189.0,多头买 Put，看跌,-11.45003824844352,PUT,5929.0,1740.0,12340794.0,8.687716254534804e-06,10M-50M,2026-03-20,437.760009765625,494.364990234375,445.0299987792969,445.0299987792969,436.7099914550781,29.46,29.3,29.5,82.0,0.4214230221557618,True,TSLA,23.98,0.2285237698081735,-0.11450038248443518,1420487690716.0,22.85237698081735,4189.0
TSLA261218C00500000,500.0,1757.0,空头卖 Call，看跌/看不涨,-11.45003824844352,CALL,8192.0,6435.0,12334140.0,8.683031947839652e-06,10M-50M,2026-12-18,437.760009765625,494.364990234375,445.0299987792969,445.0299987792969,436.7099914550781,70.2,70.7,71.1,37.0,0.5660901545715333,False,TSLA,113.95,-0.38394032470381745,-0.11450038248443518,1420487690716.0,-38.394032470381745,1757.0
PLTR260220C00180000,180.0,19081.0,空头卖 Call，看跌/看不涨,-12.513273364341075,CALL,24389.0,5308.0,12230921.0,2.9034355602771903e-05,10M-50M,2026-02-20,168.9499969482422,193.1150054931641,168.2100067138672,170.58970642089844,168.02000427246094,6.41,6.35,6.45,214.0,0.5964395825195312,False,PLTR,25.7,-0.7505836575875486,-0.12513273364341074,421256843697.0,-75.05836575875486,19081.0
VALE260618C00015000,15.0,64878.0,多头买 Call，看涨,22.387684457689154,CALL,97894.0,33016.0,12197064.0,0.000267034807901839,10M-50M,2026-06-18,16.100099563598633,13.154999732971191,16.270000457763672,16.350000381469727,16.0,1.88,1.81,1.92,41.0,0.3335027587890625,True,VALE,0.39,3.82051282051282,0.22387684457689155,45675933021.0,382.051282051282,64878.0
CRWV260220C00100000,100.0,9632.0,多头买 Call，看涨,22.7774472055316,CALL,15595.0,5963.0,12136320.0,0.00020641825056089673,10M-50M,2026-02-20,104.54499816894533,85.1500015258789,101.81999969482422,108.6500015258789,101.5500030517578,12.6,12.4,12.95,1233.0,0.9348151049804688,True,CRWV,6.91,0.8234442836468885,0.227774472055316,58794801172.0,82.34442836468885,9632.0
TSLA280616C00500000,500.0,862.0,空头卖 Call，看跌/看不涨,-11.45003824844352,CALL,2072.0,1210.0,12135236.0,8.543006799223446e-06,10M-50M,2028-06-16,437.760009765625,494.364990234375,445.0299987792969,445.0299987792969,436.7099914550781,140.78,139.3,141.15,1.0,0.6084557587432863,False,TSLA,187.9,-0.2507716870675892,-0.11450038248443518,1420487690716.0,-25.07716870675892,862.0
NVDA260515C00185000,185.0,6144.0,多头买 Call，看涨,2.2416703284091137,CALL,10237.0,4093.0,12122112.0,2.7995529809698205e-06,10M-50M,2026-05-15,187.03579711914065,182.93499755859372,187.07000732421875,189.1199951171875,186.8500061035156,19.73,19.5,19.55,80.0,0.4549004705810546,True,NVDA,19.62,0.005606523955147779,0.022416703284091136,4330017000000.0,0.5606523955147779,6144.0
NVDA260918C00175000,175.0,3414.0,多头买 Call，看涨,2.2416703284091137,CALL,6582.0,3168.0,12085560.0,2.7911114436733158e-06,10M-50M,2026-09-18,187.03579711914065,182.93499755859372,187.07000732421875,189.1199951171875,186.8500061035156,35.4,34.95,35.1,3.0,0.4968922381591797,True,NVDA,34.01,0.04087033225521907,0.022416703284091136,4330017000000.0,4.087033225521907,3414.0
MU260417C00350000,350.0,1555.0,多头买 Call，看涨,42.97252733899956,CALL,2197.0,642.0,12051250.0,6.847114216603597e-05,10M-50M,2026-04-17,389.6000061035156,272.4999084472656,395.6300048828125,398.0,384.2999877929688,77.5,77.5,79.55,55.0,0.8138446350097657,True,MU,15.16,4.112137203166227,0.4297252733899956,176004804634.0,411.21372031662264,1555.0
XP270115C00017000,17.0,28430.0,多头买 Call，看涨,26.644849654853303,CALL,44346.0,15916.0,11940600.0,0.001183079619653498,10M-50M,2027-01-15,20.130199432373047,15.895000457763672,20.09000015258789,20.270000457763672,19.915000915527344,4.2,4.1,6.9,6.0,0.5170946728515625,True,XP,2.88,0.4583333333333334,0.26644849654853303,10092811846.0,45.83333333333334,28430.0
AAPL260130C00220000,220.0,3538.0,空头卖 Call，看跌/看不涨,-6.501043010149722,CALL,3551.0,13.0,11774464.0,3.105795984804936e-06,10M-50M,2026-01-30,254.4199981689453,272.1099853515625,251.47999572753903,254.88999938964844,249.8000030517578,33.28,32.9,33.6,76.0,1.0000000000000004e-05,True,AAPL,52.43,-0.3652489032996376,-0.06501043010149722,3791126029400.0,-36.52489032996376,3538.0
ET280121C00013000,13.0,23780.0,多头买 Call，看涨,10.561862631075318,CALL,31056.0,7276.0,11771100.0,0.0001963990109908286,10M-50M,2028-01-21,18.0049991607666,16.28499984741211,18.040000915527344,18.11000061035156,17.959999084472656,4.95,4.95,5.3,11.0,0.2065509033203124,True,ET,3.6,0.375,0.10561862631075318,59934619531.0,37.5,23780.0
TSM260220P00320000,320.0,19723.0,空头卖 Put，看涨/看不跌,13.650945839784894,PUT,20087.0,364.0,11735185.0,8.277071110398322e-06,10M-50M,2026-02-20,333.0199890136719,293.0199890136719,332.7900085449219,334.17999267578125,330.2300109863281,5.95,5.85,6.15,26.0,0.3311834460449219,False,TSM,32.16,-0.8149875621890548,0.13650945839784895,1417794391697.0,-81.49875621890547,19723.0
AAPL260717P00255000,255.0,5986.0,多头买 Put，看跌,-6.501043010149722,PUT,6051.0,65.0,11732560.0,3.0947428043843866e-06,10M-50M,2026-07-17,254.4199981689453,272.1099853515625,251.47999572753903,254.88999938964844,249.8000030517578,19.6,17.65,17.8,61.0,0.2508925009155273,True,AAPL,11.83,0.6568047337278108,-0.06501043010149722,3791126029400.0,65.68047337278108,5986.0
TSM260515P00320000,320.0,5766.0,空头卖 Put，看涨/看不跌,13.650945839784894,PUT,5873.0,107.0,11704980.0,8.255766892962501e-06,10M-50M,2026-05-15,333.0199890136719,293.0199890136719,332.7900085449219,334.17999267578125,330.2300109863281,20.3,19.65,20.7,2.0,0.3742433181762695,False,TSM,47.95,-0.5766423357664233,0.13650945839784895,1417794391697.0,-57.66423357664233,5766.0
TSLA260320P00450000,450.0,3309.0,多头买 Put，看跌,-11.45003824844352,PUT,6630.0,3321.0,11647680.0,8.199775384275918e-06,10M-50M,2026-03-20,437.760009765625,494.364990234375,445.0299987792969,445.0299987792969,436.7099914550781,35.2,34.75,34.9,152.0,0.4166012930297851,True,TSLA,27.4,0.2846715328467155,-0.11450038248443518,1420487690716.0,28.467153284671546,3309.0
AVGO260618P00300000,300.0,4259.0,多头买 Put，看跌,-4.988674328462883,PUT,9392.0,5133.0,11639846.999999998,7.368051415414558e-06,10M-50M,2026-06-18,322.89599609375,339.8500061035156,319.95001220703125,328.010009765625,317.6000061035156,27.33,26.35,26.6,1.0,0.4749198016357422,False,AVGO,23.77,0.14976861590239793,-0.04988674328462883,1579772770810.0,14.976861590239793,4259.0
NVDA260220C00135000,135.0,2193.0,多头买 Call，看涨,2.2416703284091137,CALL,3010.0,817.0,11620707.0,2.6837555141238475e-06,10M-50M,2026-02-20,187.03579711914065,182.93499755859372,187.07000732421875,189.1199951171875,186.8500061035156,52.99,52.55,53.3,2.0,0.7817404638671875,True,NVDA,50.2,0.05557768924302787,0.022416703284091136,4330017000000.0,5.557768924302787,2193.0
AMZN260515C00250000,250.0,7706.0,多头买 Call，看涨,4.871287650576244,CALL,19493.0,11787.0,11543588.0,4.9248767777603095e-06,10M-50M,2026-05-15,239.2350006103516,228.12249755859372,239.97999572753903,240.9499969482422,237.5399932861328,14.98,14.9,15.05,138.0,0.3735109036254882,False,AMZN,11.7,0.28034188034188046,0.04871287650576244,2343934380679.0,28.034188034188045,7706.0
BE260618C00105000,105.0,2060.0,多头买 Call，看涨,58.949056073862636,CALL,2234.0,174.0,11536000.0,0.0007010747011472335,10M-50M,2026-06-18,146.98019409179688,92.47000122070312,142.0,147.6300048828125,138.65049743652344,56.0,55.0,58.4,1.0,1.0190478735351562,True,BE,22.9,1.4454148471615722,0.5894905607386264,16454737250.0,144.5414847161572,2060.0
TSLA260320C00500000,500.0,8925.0,空头卖 Call，看跌/看不涨,-11.45003824844352,CALL,23613.0,14688.0,11513250.0,8.105138872549273e-06,10M-50M,2026-03-20,437.760009765625,494.364990234375,445.0299987792969,445.0299987792969,436.7099914550781,12.9,12.85,12.9,826.0,0.4981434463500976,False,TSLA,50.65,-0.7453109575518263,-0.11450038248443518,1420487690716.0,-74.53109575518263,8925.0
TSLA260515C00470000,470.0,3074.0,空头卖 Call，看跌/看不涨,-11.45003824844352,CALL,7362.0,4288.0,11512130.0,8.104350410947443e-06,10M-50M,2026-05-15,437.760009765625,494.364990234375,445.0299987792969,445.0299987792969,436.7099914550781,37.45,38.05,38.25,30.0,0.532505895690918,False,TSLA,82.55,-0.5463355542095699,-0.11450038248443518,1420487690716.0,-54.633555420956995,3074.0
TSLA260220C00440000,440.0,4915.0,空头卖 Call，看跌/看不涨,-11.45003824844352,CALL,7153.0,2238.0,11501100.0,8.096585472136577e-06,10M-50M,2026-02-20,437.760009765625,494.364990234375,445.0299987792969,445.0299987792969,436.7099914550781,23.4,23.35,23.5,708.0,0.5250901983642577,False,TSLA,75.25,-0.6890365448504984,-0.11450038248443518,1420487690716.0,-68.90365448504984,4915.0
TSLA260130C00440000,440.0,8113.0,空头卖 Call，看跌/看不涨,-11.45003824844352,CALL,8325.0,212.0,11479895.0,8.08165750046981e-06,10M-50M,2026-01-30,437.760009765625,494.364990234375,445.0299987792969,445.0299987792969,436.7099914550781,14.15,14.1,14.2,16346.0,0.7435328381347657,False,TSLA,67.42,-0.7901216256303768,-0.11450038248443518,1420487690716.0,-79.01216256303768,8113.0
XOM260417C00135000,135.0,18854.0,多头买 Call，看涨,13.805860983407728,CALL,21098.0,2244.0,11406670.0,2.2825308870600682e-05,10M-50M,2026-04-17,134.5299072265625,118.20999908447266,136.92999267578125,136.93980407714844,134.3699951171875,6.05,5.75,6.15,276.0,0.2510450872802734,False,XOM,0.89,5.797752808988764,0.13805860983407728,499737815802.0,579.7752808988764,18854.0
COIN260320P00260000,260.0,2220.0,多头买 Put，看跌,-14.726438058638355,PUT,3751.0,1531.0,11401920.0,0.0001419627175725222,10M-50M,2026-03-20,213.5249938964844,250.3999938964844,212.10499572753903,215.63999938964844,210.88999938964844,51.36,49.2,51.75,2.0,0.5210008837890624,True,COIN,31.5,0.6304761904761904,-0.14726438058638355,80316298497.0,63.047619047619044,2220.0
GOOGL260417C00330000,330.0,4843.0,多头买 Call，看涨,7.666189714388108,CALL,6189.0,1346.0,11356835.0,3.8089034157663512e-06,10M-50M,2026-04-17,332.989990234375,309.2799987792969,327.8099975585937,333.2900085449219,327.0,23.45,23.3,23.5,36.0,0.3508976043701171,True,GOOGL,15.75,0.4888888888888888,0.07666189714388108,2981654760000.0,48.88888888888888,4843.0
TSLA260130P00445000,445.0,7321.0,多头买 Put，看跌,-11.45003824844352,PUT,7571.0,250.0,11325587.000000002,7.97302720327785e-06,10M-50M,2026-01-30,437.760009765625,494.364990234375,445.0299987792969,445.0299987792969,436.7099914550781,15.47,15.4,15.55,5126.0,0.5585981640625001,True,TSLA,13.34,0.1596701649175413,-0.11450038248443518,1420487690716.0,15.96701649175413,7321.0
SOUN260417P00012000,12.0,43046.0,多头买 Put，看跌,-9.991797748158472,PUT,47807.0,4761.0,11321098.0,0.0017421041582179797,10M-50M,2026-04-17,10.100000381469728,11.221199989318848,10.270000457763672,10.324999809265137,10.0600004196167,2.63,2.54,2.78,6501.0,0.73633076171875,True,SOUN,2.46,0.06910569105691054,-0.09991797748158472,6498519590.0,6.910569105691054,43046.0
NVDA271217C00200000,200.0,-2318.0,空头平仓 Call，回补信号，看涨,2.2416703284091137,CALL,38710.0,41028.0,11318794.0,2.6140299218224778e-06,10M-50M,2027-12-17,187.03579711914065,182.93499755859372,187.07000732421875,189.1199951171875,186.8500061035156,48.83,48.1,48.4,226.0,0.5241899388122557,False,NVDA,45.85,0.06499454743729546,0.022416703284091136,4330017000000.0,6.4994547437295465,-2318.0
NFLX260320C00085000,85.0,23025.0,空头卖 Call，看跌/看不涨,-8.113600080174542,CALL,23395.0,370.0,11282250.000000002,2.1931978079416714e-05,10M-50M,2026-03-20,85.9000015258789,93.48500061035156,86.91000366210938,86.94000244140625,85.3499984741211,4.9,4.8,5.0,248.0,0.3444889770507812,True,NFLX,12.4,-0.6048387096774194,-0.08113600080174543,514420083731.0,-60.483870967741936,23025.0
TSM261218C00310000,310.0,-1684.0,空头平仓 Call，回补信号，看涨,13.650945839784894,CALL,497.0,2181.0,11262592.0,7.943741395760122e-06,10M-50M,2026-12-18,333.0199890136719,293.0199890136719,332.7900085449219,334.17999267578125,330.2300109863281,66.88,65.35,67.95,1.0,0.4624229783630372,True,TSM,38.13,0.7539994754786256,0.13650945839784895,1417794391697.0,75.39994754786255,-1684.0
MSFT280121C00350000,350.0,707.0,空头卖 Call，看跌/看不涨,-3.235167233073554,CALL,764.0,57.0,11237765.0,2.9559318557825225e-06,10M-50M,2028-01-21,470.1900024414063,485.9100036621094,465.3049926757813,470.80999755859375,462.0,158.95,158.5,160.1,1.0,0.3848328118896483,True,MSFT,176.9,-0.10146975692481637,-0.03235167233073554,3801767276203.0,-10.146975692481638,707.0
AVGO270115P00350000,350.0,1506.0,多头买 Put，看跌,-4.988674328462883,PUT,2735.0,1229.0,11228736.0,7.107817154135824e-06,10M-50M,2027-01-15,322.89599609375,339.8500061035156,319.95001220703125,328.010009765625,317.6000061035156,74.56,71.55,72.1,25.0,0.4382532981872559,True,AVGO,64.9,0.14884437596301997,-0.04988674328462883,1579772770810.0,14.884437596301996,1506.0
AVGO260220P00350000,350.0,3766.0,多头买 Put，看跌,-4.988674328462883,PUT,6307.0,2541.0,11203850.0,7.092064255706489e-06,10M-50M,2026-02-20,322.89599609375,339.8500061035156,319.95001220703125,328.010009765625,317.6000061035156,29.75,31.05,31.45,27.0,0.387701435546875,True,AVGO,26.55,0.1205273069679849,-0.04988674328462883,1579772770810.0,12.05273069679849,3766.0
WMT260320C00115000,115.0,16684.0,多头买 Call，看涨,5.150614623011615,CALL,23870.0,7186.0,11094860.0,1.348953062606763e-05,10M-50M,2026-03-20,118.51000213623048,112.70500183105467,117.80999755859376,118.8499984741211,117.5199966430664,6.65,6.85,7.0,12.0,0.2818675329589843,True,WMT,4.86,0.3683127572016461,0.051506146230116144,822479321746.0,36.831275720164605,16684.0
GOOG260320P00320000,320.0,9292.0,空头卖 Put，看涨/看不跌,7.301066512344982,PUT,9702.0,410.0,11011020.0,3.6833607785752175e-06,10M-50M,2026-03-20,333.5078125,310.81500244140625,328.20001220703125,333.760009765625,327.489990234375,11.85,11.7,11.85,25.0,0.3555362298583984,False,GOOG,26.9,-0.5594795539033457,0.07301066512344982,2989394920000.0,-55.94795539033457,9292.0
NVDA270115C00210000,210.0,3962.0,多头买 Call，看涨,2.2416703284091137,CALL,25377.0,21415.0,10915310.0,2.5208469158435174e-06,10M-50M,2027-01-15,187.03579711914065,182.93499755859372,187.07000732421875,189.1199951171875,186.8500061035156,27.55,27.35,27.5,4.0,0.490086886291504,False,NVDA,26.23,0.05032405642394206,0.022416703284091136,4330017000000.0,5.032405642394206,3962.0
MSFT271217P00580000,580.0,734.0,多头买 Put，看跌,-3.235167233073554,PUT,905.0,171.0,10907240.0,2.8689920259647148e-06,10M-50M,2027-12-17,470.1900024414063,485.9100036621094,465.3049926757813,470.80999755859375,462.0,148.6,127.45,128.3,2.0,0.2011417166900634,True,MSFT,116.64,0.2740054869684499,-0.03235167233073554,3801767276203.0,27.40054869684499,734.0
MU260320C00350000,350.0,1559.0,多头买 Call，看涨,42.97252733899956,CALL,2384.0,825.0,10886497.0,6.185340805120831e-05,10M-50M,2026-03-20,389.6000061035156,272.4999084472656,395.6300048828125,398.0,384.2999877929688,69.83,69.1,72.15,27.0,0.8546462289428712,True,MU,11.1,5.2909909909909905,0.4297252733899956,176004804634.0,529.099099099099,1559.0
MU260130C00310000,310.0,1244.0,多头买 Call，看涨,42.97252733899956,CALL,1339.0,95.0,10875048.0,6.178835869063085e-05,10M-50M,2026-01-30,389.6000061035156,272.4999084472656,395.6300048828125,398.0,384.2999877929688,87.42,86.4,89.05,22.0,2.097172725830078,True,MU,7.45,10.734228187919463,0.4297252733899956,176004804634.0,1073.4228187919464,1244.0
PLTR270115P00150000,150.0,4565.0,多头买 Put，看跌,-12.513273364341075,PUT,7121.0,2556.0,10869265.0,2.5801990312157405e-05,10M-50M,2027-01-15,168.9499969482422,193.1150054931641,168.2100067138672,170.58970642089844,168.02000427246094,23.81,24.0,24.2,1.0,0.5278977874755859,False,PLTR,21.5,0.10744186046511622,-0.12513273364341074,421256843697.0,10.744186046511622,4565.0
BABA260220C00170000,170.0,13752.0,多头买 Call，看涨,13.670795969503427,CALL,19334.0,5582.0,10864080.0,2.7366251959951647e-05,10M-50M,2026-02-20,171.9272003173828,151.25010681152344,169.7899932861328,172.27999877929688,168.67999267578125,7.9,7.75,8.1,61.0,0.3892272991943359,True,BABA,3.19,1.4764890282131664,0.13670795969503427,396988232656.0,147.64890282131665,13752.0
IREN260320C00040000,40.0,-5821.0,空头平仓 Call，回补信号，看涨,30.22046537113222,CALL,7856.0,13677.0,10856165.0,0.000953541179491637,10M-50M,2026-03-20,54.34099960327149,41.72999954223633,56.13899993896485,57.04560089111328,54.16419982910156,18.65,18.65,19.15,7.0,1.4272489575195313,True,IREN,9.35,0.9946524064171123,0.3022046537113222,11385103479.0,99.46524064171123,-5821.0
AMD260130C00235000,235.0,5302.0,多头买 Call，看涨,16.942433152031956,CALL,5636.0,334.0,10816079.999999998,4.1796646692952394e-05,10M-50M,2026-01-30,250.8999938964844,214.5500030517578,256.7449951171875,258.2898864746094,250.6999969482422,20.4,19.75,20.05,101.0,0.8841564318847657,True,AMD,5.8,2.5172413793103448,0.16942433152031958,258778654648.0,251.72413793103448,5302.0
GFS260417C00045000,45.0,28918.0,多头买 Call，看涨,21.902134695035606,CALL,30241.0,1323.0,10699660.0,0.000543732543700601,10M-50M,2026-04-17,44.220001220703125,36.275001525878906,43.619998931884766,44.337799072265625,43.130001068115234,3.7,3.7,4.0,48.0,0.5024463818359376,False,GFS,1.15,2.2173913043478266,0.21902134695035605,19678167371.0,221.73913043478265,28918.0
BABA260320C00135000,135.0,-2628.0,空头平仓 Call，回补信号，看涨,13.670795969503427,CALL,3954.0,6582.0,10669680.0,2.6876564901220983e-05,10M-50M,2026-03-20,171.9272003173828,151.25010681152344,169.7899932861328,172.27999877929688,168.67999267578125,40.6,35.1,36.7,3.0,1.0000000000000004e-05,True,BABA,20.8,0.9519230769230769,0.13670795969503427,396988232656.0,95.1923076923077,-2628.0
NVDA270115C00140000,140.0,1645.0,多头买 Call，看涨,2.2416703284091137,CALL,13588.0,11943.0,10585574.999999998,2.4446959446117642e-06,10M-50M,2027-01-15,187.03579711914065,182.93499755859372,187.07000732421875,189.1199951171875,186.8500061035156,64.35,63.35,64.0,19.0,0.558872819519043,True,NVDA,60.85,0.05751848808545592,0.022416703284091136,4330017000000.0,5.751848808545592,1645.0
BMNR270115C00022500,22.5,8113.0,空头卖 Call，看跌/看不涨,-9.93977922286354,CALL,9497.0,1384.0,10498222.0,0.048307669893384815,10M-50M,2027-01-15,28.11680030822754,31.21999931335449,27.75,28.739999771118164,27.600000381469727,12.94,12.65,13.2,556.0,1.038090747070313,True,BMNR,16.9,-0.2343195266272189,-0.09939779222863541,217319983.0,-23.43195266272189,8113.0
AVGO260130C00250000,250.0,1343.0,空头卖 Call，看跌/看不涨,-4.988674328462883,CALL,1435.0,92.0,10475400.0,6.630953636850525e-06,10M-50M,2026-01-30,322.89599609375,339.8500061035156,319.95001220703125,328.010009765625,317.6000061035156,78.0,73.8,76.35,20.0,1.619142529296875,True,AVGO,92.37,-0.15556999025657686,-0.04988674328462883,1579772770810.0,-15.556999025657687,1343.0
AAPL260220C00220000,220.0,3041.0,空头卖 Call，看跌/看不涨,-6.501043010149722,CALL,6508.0,3467.0,10348523.000000002,2.7296700029879522e-06,10M-50M,2026-02-20,254.4199981689453,272.1099853515625,251.47999572753903,254.88999938964844,249.8000030517578,34.03,33.85,34.0,13.0,1.0000000000000004e-05,True,AAPL,54.17,-0.37179250507661066,-0.06501043010149722,3791126029400.0,-37.17925050766107,3041.0
C260515P00120000,120.0,9635.0,多头买 Put，看跌,-2.858922413067128,PUT,9663.0,28.0,10309450.0,5.415034917500686e-05,10M-50M,2026-05-15,114.8498992919922,118.2300033569336,113.9000015258789,115.4800033569336,113.9000015258789,10.7,9.85,10.4,7.0,0.2935861657714843,True,C,9.4,0.13829787234042543,-0.028589224130671276,190385660611.0,13.829787234042543,9635.0
MU280121C00350000,350.0,600.0,多头买 Call，看涨,42.97252733899956,CALL,788.0,188.0,10305000.0,5.854953801647137e-05,10M-50M,2028-01-21,389.6000061035156,272.4999084472656,395.6300048828125,398.0,384.2999877929688,171.75,174.95,178.35,1.0,0.7901479725646974,True,MU,78.0,1.2019230769230769,0.4297252733899956,176004804634.0,120.1923076923077,600.0
NFLX260320P00111000,111.0,-4082.0,空头平仓 Put，回补，看跌信号减弱,-8.113600080174542,PUT,351.0,4433.0,10266229.999999998,1.995689967145296e-05,10M-50M,2026-03-20,85.9000015258789,93.48500061035156,86.91000366210938,86.94000244140625,85.3499984741211,25.15,24.15,25.95,13.0,0.514653291015625,True,NFLX,18.45,0.36314363143631434,-0.08113600080174543,514420083731.0,36.31436314363143,-4082.0
MSFT260320C00470000,470.0,4851.0,空头卖 Call，看跌/看不涨,-3.235167233073554,CALL,5753.0,902.0,10235610.0,2.692329450061124e-06,10M-50M,2026-03-20,470.1900024414063,485.9100036621094,465.3049926757813,470.80999755859375,462.0,21.1,20.9,21.05,688.0,0.2908090939331054,True,MSFT,35.05,-0.39800285306704697,-0.03235167233073554,3801767276203.0,-39.800285306704694,4851.0
BABA260220C00165000,165.0,10155.0,多头买 Call，看涨,13.670795969503427,CALL,15187.0,5032.0,10205775.0,2.570800381593062e-05,10M-50M,2026-02-20,171.9272003173828,151.25010681152344,169.7899932861328,172.27999877929688,168.67999267578125,10.05,10.15,10.75,20.0,0.3742738354492187,True,BABA,4.2,1.392857142857143,0.13670795969503427,396988232656.0,139.2857142857143,10155.0
TSLA260130C00450000,450.0,10518.0,空头卖 Call，看跌/看不涨,-11.45003824844352,CALL,11239.0,721.0,10202460.0,7.182364244816107e-06,10M-50M,2026-01-30,437.760009765625,494.364990234375,445.0299987792969,445.0299987792969,436.7099914550781,9.7,9.7,9.75,11086.0,0.7264431652832031,False,TSLA,60.6,-0.83993399339934,-0.11450038248443518,1420487690716.0,-83.993399339934,10518.0
PFE260320P00029000,29.0,30367.0,空头卖 Put，看涨/看不跌,1.7033011825410023,PUT,30454.0,87.0,10172945.0,7.530568075013156e-05,10M-50M,2026-03-20,25.674999237060547,25.2450008392334,25.6299991607666,25.69499969482422,25.59499931335449,3.35,3.3,3.45,31.0,0.24805439453125,True,PFE,4.4,-0.23863636363636367,0.017033011825410022,135088679880.0,-23.863636363636367,30367.0
BABA260618C00160000,160.0,4273.0,多头买 Call，看涨,13.670795969503427,CALL,8145.0,3872.0,10127010.0,2.55095974312551e-05,10M-50M,2026-06-18,171.9272003173828,151.25010681152344,169.7899932861328,172.27999877929688,168.67999267578125,23.7,24.05,24.55,9.0,0.4329280340576171,True,BABA,13.2,0.7954545454545455,0.13670795969503427,396988232656.0,79.54545454545455,4273.0
META260618C00655000,655.0,1369.0,多头买 Call，看涨,1.5362789484275803,CALL,1729.0,360.0,10104589.0,5.4081357089208285e-06,10M-50M,2026-06-18,669.1849975585938,659.0599975585938,665.2249755859375,671.7100219726562,661.2855224609375,73.81,73.55,74.15,11.0,0.4039976593017578,True,META,73.55,0.0035350101971448693,0.015362789484275802,1868405222031.0,0.35350101971448694,1369.0
GOOGL270617C00305000,305.0,1300.0,多头买 Call，看涨,7.666189714388108,CALL,1881.0,581.0,10042500.0,3.3680961775735565e-06,10M-50M,2027-06-17,332.989990234375,309.2799987792969,327.8099975585937,333.2900085449219,327.0,77.25,77.25,77.75,1.0,0.4225216439819336,True,GOOGL,62.85,0.22911694510739855,0.07666189714388108,2981654760000.0,22.911694510739856,1300.0
TSLA261218P00400000,400.0,1740.0,多头买 Put，看跌,-11.45003824844352,PUT,4717.0,2977.0,10022400.0,7.05560496265067e-06,10M-50M,2026-12-18,437.760009765625,494.364990234375,445.0299987792969,445.0299987792969,436.7099914550781,57.6,56.5,56.75,4.0,0.4729056616210937,False,TSLA,52.11,0.10535405872193442,-0.11450038248443518,1420487690716.0,10.535405872193442,1740.0
GOOGL270115C00310000,310.0,1626.0,多头买 Call，看涨,7.666189714388108,CALL,3784.0,2158.0,9918600.0,3.3265420708868386e-06,5M-10M,2027-01-15,332.989990234375,309.2799987792969,327.8099975585937,333.2900085449219,327.0,61.0,63.15,63.5,6.0,0.4074461111450196,True,GOOGL,49.85,0.22367101303911732,0.07666189714388108,2981654760000.0,22.36710130391173,1626.0
NFLX270115P00090000,90.0,7527.0,多头买 Put，看跌,-8.113600080174542,PUT,14385.0,6858.0,9875424.0,1.9197197606235075e-05,5M-10M,2027-01-15,85.9000015258789,93.48500061035156,86.91000366210938,86.94000244140625,85.3499984741211,13.12,13.0,13.35,10.0,0.3249579223632812,True,NFLX,11.1,0.18198198198198196,-0.08113600080174543,514420083731.0,18.198198198198195,7527.0
IREN260918C00050000,50.0,4737.0,多头买 Call，看涨,30.22046537113222,CALL,16890.0,12153.0,9852960.0,0.0008654255991764974,5M-10M,2026-09-18,54.34099960327149,41.72999954223633,56.13899993896485,57.04560089111328,54.16419982910156,20.8,20.2,21.5,4.0,1.1499065942382811,True,IREN,11.6,0.7931034482758622,0.3022046537113222,11385103479.0,79.31034482758622,4737.0
NVDA260717P00170000,170.0,7403.0,空头卖 Put，看涨/看不跌,2.2416703284091137,PUT,7808.0,405.0,9808975.0,2.265343300037852e-06,5M-10M,2026-07-17,187.03579711914065,182.93499755859372,187.07000732421875,189.1199951171875,186.8500061035156,13.25,13.25,13.35,321.0,0.4256649230957031,False,NVDA,15.27,-0.13228552717747213,0.022416703284091136,4330017000000.0,-13.228552717747213,7403.0
TSLA260130P00450000,450.0,5341.0,多头买 Put，看跌,-11.45003824844352,PUT,5792.0,451.0,9795394.0,6.895796467664292e-06,5M-10M,2026-01-30,437.760009765625,494.364990234375,445.0299987792969,445.0299987792969,436.7099914550781,18.34,18.2,18.35,2657.0,0.5365036584472658,True,TSLA,14.54,0.26134800550206333,-0.11450038248443518,1420487690716.0,26.134800550206332,5341.0
IBM260320P00295000,295.0,5789.0,多头买 Put，看跌,-2.1378765878769768,PUT,5836.0,47.0,9754465.0,3.6831507019602837e-05,5M-10M,2026-03-20,295.7099914550781,302.1700134277344,293.1600036621094,296.81500244140625,293.1400146484375,16.85,14.9,15.25,20.0,0.3440007006835937,False,IBM,14.7,0.1462585034013607,-0.021378765878769766,264840235693.0,14.62585034013607,5789.0
GOOG260220C00330000,330.0,6583.0,多头买 Call，看涨,7.301066512344982,CALL,10462.0,3879.0,9742840.0,3.2591344605616713e-06,5M-10M,2026-02-20,333.5078125,310.81500244140625,328.20001220703125,333.760009765625,327.489990234375,14.8,14.75,14.85,245.0,0.3681398635864258,True,GOOG,9.9,0.494949494949495,0.07301066512344982,2989394920000.0,49.494949494949495,6583.0
NVDA270115P00140000,140.0,9047.0,空头卖 Put，看涨/看不跌,2.2416703284091137,PUT,31595.0,22548.0,9725525.0,2.2460708583823112e-06,5M-10M,2027-01-15,187.03579711914065,182.93499755859372,187.07000732421875,189.1199951171875,186.8500061035156,10.75,10.85,10.95,22.0,0.4499871896362304,False,NVDA,11.7,-0.08119658119658114,0.022416703284091136,4330017000000.0,-8.119658119658114,9047.0
BABA260320C00180000,180.0,11688.0,多头买 Call，看涨,13.670795969503427,CALL,24432.0,12744.0,9701040.0,2.4436593334508703e-05,5M-10M,2026-03-20,171.9272003173828,151.25010681152344,169.7899932861328,172.27999877929688,168.67999267578125,8.3,8.2,8.45,532.0,0.446843910522461,False,BABA,3.5,1.3714285714285717,0.13670795969503427,396988232656.0,137.14285714285717,11688.0
NVDA260220P00190000,190.0,11323.0,空头卖 Put，看涨/看不跌,2.2416703284091137,PUT,20113.0,8790.0,9681165.0,2.235826094909096e-06,5M-10M,2026-02-20,187.03579711914065,182.93499755859372,187.07000732421875,189.1199951171875,186.8500061035156,8.55,8.6,8.65,559.0,0.3538882971191405,True,NVDA,13.75,-0.3781818181818181,0.022416703284091136,4330017000000.0,-37.81818181818181,11323.0
TSLA260821C00400000,400.0,1020.0,空头卖 Call，看跌/看不涨,-11.45003824844352,CALL,1471.0,451.0,9588000.0,6.749794498512794e-06,5M-10M,2026-08-21,437.760009765625,494.364990234375,445.0299987792969,445.0299987792969,436.7099914550781,94.0,91.7,92.5,1.0,0.5728497305297852,True,TSLA,144.35,-0.34880498787668857,-0.11450038248443518,1420487690716.0,-34.880498787668856,1020.0
AAPL270115C00270000,270.0,4133.0,空头卖 Call，看跌/看不涨,-6.501043010149722,CALL,11047.0,6914.0,9580294.0,2.5270312634571578e-06,5M-10M,2027-01-15,254.4199981689453,272.1099853515625,251.47999572753903,254.88999938964844,249.8000030517578,23.18,22.65,22.85,45.0,0.2918314225769041,False,AAPL,35.4,-0.3451977401129943,-0.06501043010149722,3791126029400.0,-34.51977401129943,4133.0
TSLA270115C00450000,450.0,1030.0,空头卖 Call，看跌/看不涨,-11.45003824844352,CALL,5711.0,4681.0,9517200.0,6.699952461540046e-06,5M-10M,2027-01-15,437.760009765625,494.364990234375,445.0299987792969,445.0299987792969,436.7099914550781,92.4,92.5,93.4,20.0,0.5740780507659913,False,TSLA,140.33,-0.34155205586831044,-0.11450038248443518,1420487690716.0,-34.155205586831045,1030.0
AMZN260220C00250000,250.0,16092.0,多头买 Call，看涨,4.871287650576244,CALL,44961.0,28869.0,9494280.0,4.050574145019222e-06,5M-10M,2026-02-20,239.2350006103516,228.12249755859372,239.97999572753903,240.9499969482422,237.5399932861328,5.9,5.95,6.05,4455.0,0.4069883520507812,False,AMZN,4.65,0.26881720430107525,0.04871287650576244,2343934380679.0,26.881720430107524,16092.0
INTC270115P00045000,45.0,9867.0,空头卖 Put，看涨/看不跌,16.15629646824131,PUT,11090.0,1223.0,9472320.0,6.096091283823572e-05,5M-10M,2027-01-15,42.41540145874024,36.51580047607422,44.27999877929688,44.459999084472656,42.310001373291016,9.6,9.55,9.9,114.0,0.5019581054687501,True,INTC,12.2,-0.21311475409836064,0.1615629646824131,155383500000.0,-21.311475409836063,9867.0
ORCL270115P00200000,200.0,2165.0,多头买 Put，看跌,-7.6536274924175025,PUT,4266.0,2101.0,9471875.0,1.1758821786789857e-05,5M-10M,2027-01-15,181.8300018310547,196.8999938964844,179.10000610351562,185.27999877929688,178.52999877929688,43.75,43.65,45.4,5.0,0.4784903225708008,True,ORCL,38.15,0.1467889908256881,-0.07653627492417503,805512250440.0,14.678899082568812,2165.0
GOOGL260320C00240000,240.0,-1028.0,空头平仓 Call，回补信号，看涨,7.666189714388108,CALL,5259.0,6287.0,9462740.0,3.173653813629315e-06,5M-10M,2026-03-20,332.989990234375,309.2799987792969,327.8099975585937,333.2900085449219,327.0,92.05,91.25,94.2,1.0,0.5159960510253907,True,GOOGL,73.5,0.2523809523809523,0.07666189714388108,2981654760000.0,25.23809523809523,-1028.0
AMAT260320C00250000,250.0,1245.0,多头买 Call，看涨,22.988237406630745,CALL,2470.0,1225.0,9449550.0,5.816850108673901e-05,5M-10M,2026-03-20,318.9700012207031,259.3500061035156,321.239990234375,322.0,316.57000732421875,75.9,74.45,77.1,2.0,0.6741975939941409,True,AMAT,27.17,1.7935222672064777,0.22988237406630746,162451323714.0,179.35222672064776,1245.0
TSM260220C00310000,310.0,3475.0,多头买 Call，看涨,13.650945839784894,CALL,6202.0,2727.0,9434625.0,6.6544380872514375e-06,5M-10M,2026-02-20,333.0199890136719,293.0199890136719,332.7900085449219,334.17999267578125,330.2300109863281,27.15,26.95,28.8,9.0,0.4230404376220703,True,TSM,10.83,1.5069252077562327,0.13650945839784895,1417794391697.0,150.69252077562328,3475.0
ORCL260918C00190000,190.0,3242.0,空头卖 Call，看跌/看不涨,-7.6536274924175025,CALL,3801.0,559.0,9369379.999999998,1.1631579774090466e-05,5M-10M,2026-09-18,181.8300018310547,196.8999938964844,179.10000610351562,185.27999877929688,178.52999877929688,28.9,28.2,29.7,9.0,0.5560041958618166,False,ORCL,39.1,-0.26086956521739135,-0.07653627492417503,805512250440.0,-26.086956521739136,3242.0
GOOG260618C00340000,340.0,3469.0,多头买 Call，看涨,7.301066512344982,CALL,4134.0,665.0,9366300.0,3.133175860217224e-06,5M-10M,2026-06-18,333.5078125,310.81500244140625,328.20001220703125,333.760009765625,327.489990234375,27.0,27.8,27.95,5.0,0.3693605545043945,False,GOOG,20.29,0.33070478068013803,0.07301066512344982,2989394920000.0,33.070478068013806,3469.0
FCX260320C00060000,60.0,15126.0,多头买 Call，看涨,23.122216569983305,CALL,16778.0,1652.0,9302490.0,0.00018123290030448185,5M-10M,2026-03-20,62.45989990234375,50.72999954223633,63.415000915527344,63.57500076293945,62.08000183105469,6.15,6.0,6.25,847.0,0.5139208764648437,True,FCX,1.02,5.029411764705883,0.23122216569983303,51328925291.0,502.9411764705883,15126.0
AVGO260220P00330000,330.0,5194.0,多头买 Put，看跌,-4.988674328462883,PUT,8823.0,3629.0,9292066.0,5.881900341424204e-06,5M-10M,2026-02-20,322.89599609375,339.8500061035156,319.95001220703125,328.010009765625,317.6000061035156,17.89,17.95,18.3,102.0,0.4163266375732422,True,AVGO,16.75,0.06805970149253734,-0.04988674328462883,1579772770810.0,6.805970149253734,5194.0
HOOD260515P00140000,140.0,2508.0,多头买 Put，看跌,-11.65779589511722,PUT,4130.0,1622.0,9257027.999999998,8.613827467227106e-05,5M-10M,2026-05-15,107.91000366210938,122.1500015258789,106.23999786376952,108.4000015258789,104.83000183105467,36.91,35.45,36.3,3.0,0.540287800292969,True,HOOD,29.43,0.25416241930003386,-0.11657795895117219,107467070071.0,25.416241930003387,2508.0
CRCL280616P00070000,70.0,3530.0,多头买 Put，看跌,-18.859368769167137,PUT,3532.0,2.0,9248600.0,0.0003174389287478707,5M-10M,2028-06-16,70.95999908447266,87.4531021118164,70.01000213623047,72.43000030517578,69.8499984741211,26.2,25.8,27.8,6.0,0.6544529183959963,False,CRCL,23.7,0.10548523206751055,-0.18859368769167137,29135052958.0,10.548523206751055,3530.0
QURE260417C00030000,30.0,12907.0,多头买 Call，看涨,1.2520172175958773,CALL,14128.0,1221.0,9215598.0,0.0030926662754684827,5M-10M,2026-04-17,25.06999969482422,24.76000022888184,24.5,25.26000022888184,24.270000457763672,7.14,6.8,7.7,2.0,1.8935552197265624,False,QURE,5.4,0.3222222222222221,0.012520172175958773,2979822968.0,32.22222222222221,12907.0
NVDA260717C00180000,180.0,3137.0,多头买 Call，看涨,2.2416703284091137,CALL,4514.0,1377.0,9128670.000000002,2.108229598174788e-06,5M-10M,2026-07-17,187.03579711914065,182.93499755859372,187.07000732421875,189.1199951171875,186.8500061035156,29.1,27.65,27.75,3.0,0.4792532543945312,True,NVDA,27.35,0.06398537477148081,0.022416703284091136,4330017000000.0,6.39853747714808,3137.0
UNH280121C00350000,350.0,1245.0,多头买 Call，看涨,7.14366336056844,CALL,1567.0,322.0,9125850.0,2.9284794183610954e-05,5M-10M,2028-01-21,349.6579895019531,326.3450012207031,353.95001220703125,354.7900085449219,348.0,73.3,70.5,73.6,2.0,0.3791260818481445,False,UNH,65.36,0.12148102815177475,0.0714366336056844,311624180890.0,12.148102815177475,1245.0
BIDU270115C00115000,115.0,-1702.0,空头平仓 Call，回补信号，看涨,25.26790580107893,CALL,1059.0,2761.0,9098892.0,0.00020152196634505383,5M-10M,2027-01-15,155.9741973876953,124.5124969482422,158.00999450683594,159.10000610351562,155.34010314941406,53.46,53.45,55.3,1.0,0.5640912731933594,True,BIDU,28.0,0.9092857142857144,0.25267905801078927,45150869481.0,90.92857142857143,-1702.0
NVDA260717P00180000,180.0,5248.0,空头卖 Put，看涨/看不跌,2.2416703284091137,PUT,5869.0,621.0,9094784.0,2.100403762848968e-06,5M-10M,2026-07-17,187.03579711914065,182.93499755859372,187.07000732421875,189.1199951171875,186.8500061035156,17.33,17.35,17.5,479.0,0.415044912109375,False,NVDA,19.7,-0.12030456852791883,0.022416703284091136,4330017000000.0,-12.030456852791884,5248.0
MU260220C00320000,320.0,1163.0,多头买 Call，看涨,42.97252733899956,CALL,2828.0,1665.0,9037673.0,5.1349012993104015e-05,5M-10M,2026-02-20,389.6000061035156,272.4999084472656,395.6300048828125,398.0,384.2999877929688,77.71,80.75,83.85,12.0,1.0020801849365235,True,MU,9.81,6.92150866462793,0.4297252733899956,176004804634.0,692.150866462793,1163.0
AVGO280121C00260000,260.0,733.0,空头卖 Call，看跌/看不涨,-4.988674328462883,CALL,830.0,97.0,9008570.0,5.702446685026112e-06,5M-10M,2028-01-21,322.89599609375,339.8500061035156,319.95001220703125,328.010009765625,317.6000061035156,122.9,123.05,127.0,368.0,0.5664258445739747,True,AVGO,137.5,-0.10618181818181814,-0.04988674328462883,1579772770810.0,-10.618181818181814,733.0
APP260320C00700000,700.0,5127.0,空头卖 Call，看跌/看不涨,-25.2898203821183,CALL,5895.0,768.0,8997885.0,3.971172005257905e-05,5M-10M,2026-03-20,545.219970703125,729.780029296875,532.7899780273438,558.3699951171875,530.5900268554688,17.55,14.8,17.6,23.0,0.7069426278686525,False,APP,106.0,-0.834433962264151,-0.252898203821183,226580087392.0,-83.4433962264151,5127.0
TSLA260618C00380000,380.0,998.0,空头卖 Call，看跌/看不涨,-11.45003824844352,CALL,3443.0,2445.0,8952060.0,6.302103185060121e-06,5M-10M,2026-06-18,437.760009765625,494.364990234375,445.0299987792969,445.0299987792969,436.7099914550781,89.7,91.1,92.2,4.0,0.5729870582580567,True,TSLA,145.28,-0.3825715859030837,-0.11450038248443518,1420487690716.0,-38.25715859030837,998.0
TSM270115P00270000,270.0,3998.0,空头卖 Put，看涨/看不跌,13.650945839784894,PUT,5368.0,1370.0,8931532.0,6.299596085515323e-06,5M-10M,2027-01-15,333.0199890136719,293.0199890136719,332.7900085449219,334.17999267578125,330.2300109863281,22.34,21.2,22.7,2.0,0.4067136965942383,False,TSM,30.7,-0.27231270358306187,0.13650945839784895,1417794391697.0,-27.231270358306187,3998.0
BIDU270115C00125000,125.0,-1866.0,空头平仓 Call，回补信号，看涨,25.26790580107893,CALL,6523.0,8389.0,8928810.0,0.00019775499569852902,5M-10M,2027-01-15,155.9741973876953,124.5124969482422,158.00999450683594,159.10000610351562,155.34010314941406,47.85,47.0,48.8,1.0,0.5495650512695314,True,BIDU,24.0,0.99375,0.25267905801078927,45150869481.0,99.375,-1866.0
TSLA260618C00500000,500.0,2493.0,空头卖 Call，看跌/看不涨,-11.45003824844352,CALL,17308.0,14815.0,8924940.0,6.283011150558696e-06,5M-10M,2026-06-18,437.760009765625,494.364990234375,445.0299987792969,445.0299987792969,436.7099914550781,35.8,35.65,35.85,165.0,0.5306748593139649,False,TSLA,76.6,-0.5326370757180157,-0.11450038248443518,1420487690716.0,-53.26370757180157,2493.0
IREN260220C00047000,47.0,7546.0,多头买 Call，看涨,30.22046537113222,CALL,8915.0,1369.0,8919372.0,0.0007834247634597191,5M-10M,2026-02-20,54.34099960327149,41.72999954223633,56.13899993896485,57.04560089111328,54.16419982910156,11.82,11.8,12.2,102.0,1.4487332250976563,True,IREN,5.2,1.273076923076923,0.3022046537113222,11385103479.0,127.30769230769229,7546.0
AVGO270115C00350000,350.0,1538.0,空头卖 Call，看跌/看不涨,-4.988674328462883,CALL,4162.0,2624.0,8868108.0,5.61353389794979e-06,5M-10M,2027-01-15,322.89599609375,339.8500061035156,319.95001220703125,328.010009765625,317.6000061035156,57.66,55.9,56.4,53.0,0.5264176997375489,False,AVGO,67.45,-0.14514455151964425,-0.04988674328462883,1579772770810.0,-14.514455151964425,1538.0
GOOGL270115P00360000,360.0,1505.0,空头卖 Put，看涨/看不跌,7.666189714388108,PUT,1568.0,63.0,8834350.0,2.962901714348713e-06,5M-10M,2027-01-15,332.989990234375,309.2799987792969,327.8099975585937,333.2900085449219,327.0,58.7,56.75,57.15,10.0,0.3116981672668457,True,GOOGL,70.4,-0.16619318181818185,0.07666189714388108,2981654760000.0,-16.619318181818183,1505.0
BE260320C00115000,115.0,2406.0,多头买 Call，看涨,58.949056073862636,CALL,2975.0,569.0,8830020.000000002,0.0005366247947836421,5M-10M,2026-03-20,146.98019409179688,92.47000122070312,142.0,147.6300048828125,138.65049743652344,36.7,38.05,40.65,1.0,0.9699710034179688,True,BE,10.62,2.455743879472694,0.5894905607386264,16454737250.0,245.57438794726937,2406.0
PLTR270115C00145000,145.0,1675.0,空头卖 Call，看跌/看不涨,-12.513273364341075,CALL,2658.0,983.0,8802125.0,2.0894912763319185e-05,5M-10M,2027-01-15,168.9499969482422,193.1150054931641,168.2100067138672,170.58970642089844,168.02000427246094,52.55,50.8,51.7,18.0,0.6275672009277344,True,PLTR,74.41,-0.2937777180486494,-0.12513273364341074,421256843697.0,-29.37777180486494,1675.0
IREN260515C00050000,50.0,5537.0,多头买 Call，看涨,30.22046537113222,CALL,8477.0,2940.0,8748460.0,0.0007684128665265687,5M-10M,2026-05-15,54.34099960327149,41.72999954223633,56.13899993896485,57.04560089111328,54.16419982910156,15.8,15.6,16.3,15.0,1.2170449304199216,True,IREN,8.0,0.9750000000000001,0.3022046537113222,11385103479.0,97.50000000000001,5537.0
PLTR260130C00170000,170.0,24987.0,空头卖 Call，看跌/看不涨,-12.513273364341075,CALL,25214.0,227.0,8745450.0,2.0760374889696493e-05,5M-10M,2026-01-30,168.9499969482422,193.1150054931641,168.2100067138672,170.58970642089844,168.02000427246094,3.5,3.4,3.5,5736.0,0.5007374145507812,False,PLTR,27.0,-0.8703703703703703,-0.12513273364341074,421256843697.0,-87.03703703703704,24987.0
NVDA270115P00185000,185.0,3062.0,空头卖 Put，看涨/看不跌,2.2416703284091137,PUT,8385.0,5323.0,8742010.0,2.0189320272876525e-06,5M-10M,2027-01-15,187.03579711914065,182.93499755859372,187.07000732421875,189.1199951171875,186.8500061035156,28.55,28.65,28.8,49.0,0.4102842175292969,False,NVDA,30.33,-0.058687767886580866,0.022416703284091136,4330017000000.0,-5.868776788658087,3062.0
AAPL260618C00270000,270.0,7775.0,空头卖 Call，看跌/看不涨,-6.501043010149722,CALL,17713.0,9938.0,8708000.0,2.2969428957174935e-06,5M-10M,2026-06-18,254.4199981689453,272.1099853515625,251.47999572753903,254.88999938964844,249.8000030517578,11.2,10.8,10.9,703.0,0.2680737255859374,False,AAPL,22.8,-0.5087719298245614,-0.06501043010149722,3791126029400.0,-50.877192982456144,7775.0
RKLB280121C00075000,75.0,-1953.0,空头平仓 Call，回补信号，看涨,7.73763912943191,CALL,3461.0,5414.0,8690850.0,0.0003919211656681911,5M-10M,2028-01-21,84.0999984741211,78.05999755859375,86.79000091552734,87.16000366210938,83.47000122070312,44.5,42.55,45.0,3.0,0.937500625,True,RKLB,38.32,0.16127348643006262,0.0773763912943191,22174995283.0,16.12734864300626,-1953.0
NVDA260320P00175000,175.0,12670.0,空头卖 Put，看涨/看不跌,2.2416703284091137,PUT,46722.0,34052.0,8678950.0,2.004368574072573e-06,5M-10M,2026-03-20,187.03579711914065,182.93499755859372,187.07000732421875,189.1199951171875,186.8500061035156,6.85,6.95,7.0,46.0,0.4361018304443359,False,NVDA,10.3,-0.3349514563106797,0.022416703284091136,4330017000000.0,-33.49514563106797,12670.0
TSLA261218C00550000,550.0,1523.0,空头卖 Call，看跌/看不涨,-11.45003824844352,CALL,5784.0,4261.0,8653686.0,6.092052790431496e-06,5M-10M,2026-12-18,437.760009765625,494.364990234375,445.0299987792969,445.0299987792969,436.7099914550781,56.82,56.75,57.1,133.0,0.5639386868286134,False,TSLA,95.5,-0.4050261780104712,-0.11450038248443518,1420487690716.0,-40.50261780104712,1523.0
BE260320C00120000,120.0,2453.0,多头买 Call，看涨,58.949056073862636,CALL,3851.0,1398.0,8641918.999999998,0.000525193375542961,5M-10M,2026-03-20,146.98019409179688,92.47000122070312,142.0,147.6300048828125,138.65049743652344,35.23,34.4,38.05,17.0,0.9801027380371096,True,BE,10.7,2.292523364485981,0.5894905607386264,16454737250.0,229.2523364485981,2453.0
AAPL270617C00260000,260.0,2484.0,空头卖 Call，看跌/看不涨,-6.501043010149722,CALL,5591.0,3107.0,8634384.0,2.2775249182012857e-06,5M-10M,2027-06-17,254.4199981689453,272.1099853515625,251.47999572753903,254.88999938964844,249.8000030517578,34.76,34.75,34.95,41.0,0.3129188581848144,False,AAPL,48.23,-0.27928675098486416,-0.06501043010149722,3791126029400.0,-27.928675098486416,2484.0
MSTR260130C00165000,165.0,21638.0,空头卖 Call，看跌/看不涨,-3.6196846547463815,CALL,21970.0,332.0,8611924.0,9.827051294275955e-05,5M-10M,2026-01-30,160.29010009765625,166.30999755859375,159.37249755859375,163.1300048828125,158.6199951171875,3.98,3.9,4.05,2943.0,0.7885763330078125,False,MSTR,16.3,-0.7558282208588957,-0.036196846547463815,87634873800.0,-75.58282208588956,21638.0
PYPL270115C00057500,57.5,9568.0,空头卖 Call，看跌/看不涨,-6.0003358805115194,CALL,9919.0,351.0,8611200.0,0.00013392855756224855,5M-10M,2027-01-15,56.709999084472656,60.33000183105469,56.560001373291016,57.119998931884766,56.494998931884766,9.0,8.6,9.3,12.0,0.4344538977050781,False,PYPL,12.2,-0.2622950819672131,-0.060003358805115196,64296966657.0,-26.22950819672131,9568.0
AMD260220C00220000,220.0,2217.0,多头买 Call，看涨,16.942433152031956,CALL,8411.0,6194.0,8577573.0,3.314636986449876e-05,5M-10M,2026-02-20,250.8999938964844,214.5500030517578,256.7449951171875,258.2898864746094,250.6999969482422,38.69,37.5,38.55,10.0,0.7465845654296875,True,AMD,15.52,1.4929123711340206,0.16942433152031958,258778654648.0,149.29123711340208,2217.0
NFLX270115C00100000,100.0,10110.0,空头卖 Call，看跌/看不涨,-8.113600080174542,CALL,16488.0,6378.0,8573280.0,1.6665912298406938e-05,5M-10M,2027-01-15,85.9000015258789,93.48500061035156,86.91000366210938,86.94000244140625,85.3499984741211,8.48,8.4,8.5,186.0,0.3987486883544922,False,NFLX,13.45,-0.3695167286245353,-0.08113600080174543,514420083731.0,-36.95167286245353,10110.0
AMD260130C00230000,230.0,3395.0,多头买 Call，看涨,16.942433152031956,CALL,3748.0,353.0,8562190.0,3.308692523982164e-05,5M-10M,2026-01-30,250.8999938964844,214.5500030517578,256.7449951171875,258.2898864746094,250.6999969482422,25.22,24.4,24.7,107.0,0.9926758544921876,True,AMD,7.15,2.5272727272727273,0.16942433152031958,258778654648.0,252.72727272727275,3395.0
NFLX270115C00080000,80.0,4999.0,空头卖 Call，看跌/看不涨,-8.113600080174542,CALL,7242.0,2243.0,8498300.0,1.652015593629879e-05,5M-10M,2027-01-15,85.9000015258789,93.48500061035156,86.91000366210938,86.94000244140625,85.3499984741211,17.0,16.95,17.25,72.0,0.4352473468017578,True,NFLX,23.9,-0.28870292887029286,-0.08113600080174543,514420083731.0,-28.870292887029287,4999.0
TSM260618C00330000,330.0,2383.0,多头买 Call，看涨,13.650945839784894,CALL,5544.0,3161.0,8485863.0,5.9852564304779195e-06,5M-10M,2026-06-18,333.0199890136719,293.0199890136719,332.7900085449219,334.17999267578125,330.2300109863281,35.61,35.0,36.5,25.0,0.4221249194335937,True,TSM,18.15,0.9619834710743803,0.13650945839784895,1417794391697.0,96.19834710743802,2383.0
TSLA270115C00460000,460.0,949.0,空头卖 Call，看跌/看不涨,-11.45003824844352,CALL,2293.0,1344.0,8460335.0,5.955936862596499e-06,5M-10M,2027-01-15,437.760009765625,494.364990234375,445.0299987792969,445.0299987792969,436.7099914550781,89.15,88.5,89.5,4.0,0.5721630918884277,False,TSLA,134.31,-0.33623706350979077,-0.11450038248443518,1420487690716.0,-33.62370635097908,949.0
AAPL270617P00260000,260.0,2703.0,多头买 Put，看跌,-6.501043010149722,PUT,3289.0,586.0,8446875.0,2.2280649428414912e-06,5M-10M,2027-06-17,254.4199981689453,272.1099853515625,251.47999572753903,254.88999938964844,249.8000030517578,31.25,30.55,30.85,1.0,0.2319260157775878,True,AAPL,23.76,0.31523569023569015,-0.06501043010149722,3791126029400.0,31.523569023569014,2703.0
AMZN260515C00275000,275.0,11561.0,多头买 Call，看涨,4.871287650576244,CALL,12622.0,1061.0,8439530.0,3.6005828787558484e-06,5M-10M,2026-05-15,239.2350006103516,228.12249755859372,239.97999572753903,240.9499969482422,237.5399932861328,7.3,7.0,7.1,565.0,0.3585879571533203,False,AMZN,5.49,0.3296903460837886,0.04871287650576244,2343934380679.0,32.96903460837886,11561.0
TSLA270115P00400000,400.0,1400.0,多头买 Put，看跌,-11.45003824844352,PUT,4838.0,3438.0,8428000.0,5.933173553761559e-06,5M-10M,2027-01-15,437.760009765625,494.364990234375,445.0299987792969,445.0299987792969,436.7099914550781,60.2,59.0,59.4,56.0,0.47070841796875,False,TSLA,54.95,0.09554140127388534,-0.11450038248443518,1420487690716.0,9.554140127388534,1400.0
AAPL260717P00250000,250.0,5513.0,多头买 Put，看跌,-6.501043010149722,PUT,5766.0,253.0,8390786.0,2.213270130016744e-06,5M-10M,2026-07-17,254.4199981689453,272.1099853515625,251.47999572753903,254.88999938964844,249.8000030517578,15.22,15.4,15.55,3.0,0.2557142300415039,False,AAPL,10.07,0.5114200595829196,-0.06501043010149722,3791126029400.0,51.14200595829196,5513.0
PLTR270617C00170000,170.0,-1706.0,多头平仓 Call，减仓，看涨减弱,-12.513273364341075,CALL,2326.0,4032.0,8384989.999999999,1.9904697396515467e-05,5M-10M,2027-06-17,168.9499969482422,193.1150054931641,168.2100067138672,170.58970642089844,168.02000427246094,49.15,47.9,48.75,7.0,0.6262854754638674,False,PLTR,69.5,-0.2928057553956835,-0.12513273364341074,421256843697.0,-29.28057553956835,-1706.0
TSLA260220P00500000,500.0,1444.0,多头买 Put，看跌,-11.45003824844352,PUT,3532.0,2088.0,8367980.0,5.890920459706413e-06,5M-10M,2026-02-20,437.760009765625,494.364990234375,445.0299987792969,445.0299987792969,436.7099914550781,57.95,62.8,63.85,31.0,0.3559634716796874,True,TSLA,42.76,0.35523854069223587,-0.11450038248443518,1420487690716.0,35.52385406922359,1444.0
MU260918C00320000,320.0,633.0,多头买 Call，看涨,42.97252733899956,CALL,822.0,189.0,8355600.0,4.747370401265679e-05,5M-10M,2026-09-18,389.6000061035156,272.4999084472656,395.6300048828125,398.0,384.2999877929688,132.0,128.5,130.7,5.0,0.8122577368164061,True,MU,44.02,1.998636983189459,0.4297252733899956,176004804634.0,199.8636983189459,633.0
AMD260130C00220000,220.0,2522.0,多头买 Call，看涨,16.942433152031956,CALL,3263.0,741.0,8350342.0,3.2268279666877604e-05,5M-10M,2026-01-30,250.8999938964844,214.5500030517578,256.7449951171875,258.2898864746094,250.6999969482422,33.11,33.8,34.3,49.0,1.2097207482910153,True,AMD,11.05,1.9963800904977373,0.16942433152031958,258778654648.0,199.63800904977373,2522.0
TSM260515C00290000,290.0,1476.0,多头买 Call，看涨,13.650945839784894,CALL,1970.0,494.0,8345303.999999999,5.8861172317173986e-06,5M-10M,2026-05-15,333.0199890136719,293.0199890136719,332.7900085449219,334.17999267578125,330.2300109863281,56.54,55.15,58.0,7.0,0.4709220388793945,True,TSM,31.0,0.8238709677419355,0.13650945839784895,1417794391697.0,82.38709677419355,1476.0
GOOGL260320C00350000,350.0,7595.0,多头买 Call，看涨,7.666189714388108,CALL,12774.0,5179.0,8316525.0,2.789231372984309e-06,5M-10M,2026-03-20,332.989990234375,309.2799987792969,327.8099975585937,333.2900085449219,327.0,10.95,10.9,11.0,85.0,0.3483036361694336,False,GOOGL,7.4,0.47972972972972955,0.07666189714388108,2981654760000.0,47.972972972972954,7595.0
AMD260220C00210000,210.0,1793.0,多头买 Call，看涨,16.942433152031956,CALL,8567.0,6774.0,8283660.000000001,3.2010599990434804e-05,5M-10M,2026-02-20,250.8999938964844,214.5500030517578,256.7449951171875,258.2898864746094,250.6999969482422,46.2,46.4,47.3,2.0,0.8248918878173828,True,AMD,20.5,1.253658536585366,0.16942433152031958,258778654648.0,125.36585365853661,1793.0
AMZN260220P00240000,240.0,7346.0,空头卖 Put，看涨/看不跌,4.871287650576244,PUT,10318.0,2972.0,8278942.0,3.532070721878197e-06,5M-10M,2026-02-20,239.2350006103516,228.12249755859372,239.97999572753903,240.9499969482422,237.5399932861328,11.27,10.95,11.1,65.0,0.4190731921386719,True,AMZN,18.78,-0.3998935037273696,0.04871287650576244,2343934380679.0,-39.98935037273696,7346.0
TSLA261218C00480000,480.0,1080.0,空头卖 Call，看跌/看不涨,-11.45003824844352,CALL,3650.0,2570.0,8267400.0,5.820113791927897e-06,5M-10M,2026-12-18,437.760009765625,494.364990234375,445.0299987792969,445.0299987792969,436.7099914550781,76.55,77.35,77.8,8.0,0.5682034757232666,False,TSLA,122.02,-0.3726438288805114,-0.11450038248443518,1420487690716.0,-37.26438288805114,1080.0
GOOG270115P00330000,330.0,2063.0,空头卖 Put，看涨/看不跌,7.301066512344982,PUT,2136.0,73.0,8258189.0,2.762495160726372e-06,5M-10M,2027-01-15,333.5078125,310.81500244140625,328.20001220703125,333.760009765625,327.489990234375,40.03,39.75,40.05,103.0,0.3214789532470703,False,GOOG,54.7,-0.26819012797074954,0.07301066512344982,2989394920000.0,-26.819012797074954,2063.0
TSM260320C00340000,340.0,5210.0,多头买 Call，看涨,13.650945839784894,CALL,6158.0,948.0,8242220.0,5.813409933251777e-06,5M-10M,2026-03-20,333.0199890136719,293.0199890136719,332.7900085449219,334.17999267578125,330.2300109863281,15.82,15.9,16.1,93.0,0.3757996990966796,False,TSM,6.55,1.415267175572519,0.13650945839784895,1417794391697.0,141.5267175572519,5210.0
TSLA260515C00350000,350.0,-721.0,多头平仓 Call，减仓，看涨减弱,-11.45003824844352,CALL,1070.0,1791.0,8179745.0,5.758406111831199e-06,5M-10M,2026-05-15,437.760009765625,494.364990234375,445.0299987792969,445.0299987792969,436.7099914550781,113.45,106.95,107.85,41.0,0.6108437353515627,True,TSLA,161.3,-0.29665220086794797,-0.11450038248443518,1420487690716.0,-29.665220086794797,-721.0
ORCL260320P00200000,200.0,3274.0,多头买 Put，看跌,-7.6536274924175025,PUT,22594.0,19320.0,8168630.0,1.0140913431841661e-05,5M-10M,2026-03-20,181.8300018310547,196.8999938964844,179.10000610351562,185.27999877929688,178.52999877929688,24.95,26.4,27.0,18.0,0.5470626348876955,True,ORCL,20.2,0.23514851485148516,-0.07653627492417503,805512250440.0,23.514851485148515,3274.0
TSLA260320P00460000,460.0,1940.0,多头买 Put，看跌,-11.45003824844352,PUT,3225.0,1285.0,8167400.0,5.749715434621755e-06,5M-10M,2026-03-20,437.760009765625,494.364990234375,445.0299987792969,445.0299987792969,436.7099914550781,42.1,40.7,40.9,15.0,0.4126035302734374,True,TSLA,32.09,0.3119351822997818,-0.11450038248443518,1420487690716.0,31.193518229978178,1940.0
AMZN260320C00250000,250.0,9356.0,多头买 Call，看涨,4.871287650576244,CALL,27082.0,17726.0,8139720.0,3.4726740078969508e-06,5M-10M,2026-03-20,239.2350006103516,228.12249755859372,239.97999572753903,240.9499969482422,237.5399932861328,8.7,8.7,8.8,144.0,0.3601748553466796,False,AMZN,6.64,0.31024096385542166,0.04871287650576244,2343934380679.0,31.024096385542165,9356.0
TSLA260220P00430000,430.0,5018.0,多头买 Put，看跌,-11.45003824844352,PUT,7936.0,2918.0,8139195.999999999,5.729860281927131e-06,5M-10M,2026-02-20,437.760009765625,494.364990234375,445.0299987792969,445.0299987792969,436.7099914550781,16.22,16.2,16.3,244.0,0.432073550415039,False,TSLA,14.3,0.13426573426573413,-0.11450038248443518,1420487690716.0,13.426573426573412,5018.0
NFLX270115C00090000,90.0,6641.0,空头卖 Call，看跌/看不涨,-8.113600080174542,CALL,9267.0,2626.0,8102020.0,1.5749812762436195e-05,5M-10M,2027-01-15,85.9000015258789,93.48500061035156,86.91000366210938,86.94000244140625,85.3499984741211,12.2,12.05,12.2,109.0,0.4116269775390625,False,NFLX,18.3,-0.33333333333333337,-0.08113600080174543,514420083731.0,-33.333333333333336,6641.0
TSLA260320C00460000,460.0,3290.0,空头卖 Call，看跌/看不涨,-11.45003824844352,CALL,7942.0,4652.0,8093400.0,5.697620650215211e-06,5M-10M,2026-03-20,437.760009765625,494.364990234375,445.0299987792969,445.0299987792969,436.7099914550781,24.6,24.55,24.7,96.0,0.5036365554809571,False,TSLA,69.99,-0.6485212173167595,-0.11450038248443518,1420487690716.0,-64.85212173167595,3290.0
FCX260618C00065000,65.0,12182.0,多头买 Call，看涨,23.122216569983305,CALL,12666.0,484.0,8064484.0,0.00015711382917682137,5M-10M,2026-06-18,62.45989990234375,50.72999954223633,63.415000915527344,63.57500076293945,62.08000183105469,6.62,6.6,6.85,173.0,0.5079394909667969,False,FCX,1.45,3.5655172413793106,0.23122216569983303,51328925291.0,356.55172413793105,12182.0
TSLA260220C00450000,450.0,4291.0,空头卖 Call，看跌/看不涨,-11.45003824844352,CALL,10685.0,6394.0,8062789.0,5.676071009060228e-06,5M-10M,2026-02-20,437.760009765625,494.364990234375,445.0299987792969,445.0299987792969,436.7099914550781,18.79,18.75,18.85,487.0,0.5172167419433593,False,TSLA,68.3,-0.7248901903367496,-0.11450038248443518,1420487690716.0,-72.48901903367496,4291.0
BIDU270115C00130000,130.0,-1591.0,空头平仓 Call，回补信号，看涨,25.26790580107893,CALL,6559.0,8150.0,8056824.000000001,0.00017844227791428036,5M-10M,2027-01-15,155.9741973876953,124.5124969482422,158.00999450683594,159.10000610351562,155.34010314941406,50.64,44.15,47.0,7.0,0.5569502313232424,True,BIDU,22.67,1.2337891486546095,0.25267905801078927,45150869481.0,123.37891486546096,-1591.0
TSM280121C00350000,350.0,1018.0,多头买 Call，看涨,13.650945839784894,CALL,2609.0,1591.0,8054416.0,5.680947849116141e-06,5M-10M,2028-01-21,333.0199890136719,293.0199890136719,332.7900085449219,334.17999267578125,330.2300109863281,79.12,79.2,81.45,1.0,0.4754843711853027,False,TSM,55.24,0.4322954380883418,0.13650945839784895,1417794391697.0,43.22954380883418,1018.0
NFLX260618P00090000,90.0,8487.0,多头买 Put，看跌,-8.113600080174542,PUT,20319.0,11832.0,8054163.0,1.5656781791225077e-05,5M-10M,2026-06-18,85.9000015258789,93.48500061035156,86.91000366210938,86.94000244140625,85.3499984741211,9.49,9.25,9.45,10.0,0.3291693060302734,True,NFLX,7.13,0.3309957924263675,-0.08113600080174543,514420083731.0,33.09957924263675,8487.0
TSM270115P00330000,330.0,1713.0,空头卖 Put，看涨/看不跌,13.650945839784894,PUT,3152.0,1439.0,8051100.0,5.67860900505002e-06,5M-10M,2027-01-15,333.0199890136719,293.0199890136719,332.7900085449219,334.17999267578125,330.2300109863281,47.0,46.45,47.45,3.0,0.3775697009277343,False,TSM,65.0,-0.27692307692307694,0.13650945839784895,1417794391697.0,-27.692307692307693,1713.0
PAAS260515C00050000,50.0,3820.0,多头买 Call，看涨,24.29885219478558,CALL,4994.0,1174.0,8022000.0,0.0005780133875567053,5M-10M,2026-05-15,66.87899780273438,53.80500030517578,69.80999755859375,69.90059661865234,66.72000122070312,21.0,20.6,22.1,56.0,0.8649915844726561,True,PAAS,9.99,1.102102102102102,0.2429885219478558,13878571280.0,110.2102102102102,3820.0
ORCL260220C00185000,185.0,9606.0,空头卖 Call，看跌/看不涨,-7.6536274924175025,CALL,10659.0,1053.0,8021009.999999999,9.95765116622203e-06,5M-10M,2026-02-20,181.8300018310547,196.8999938964844,179.10000610351562,185.27999877929688,178.52999877929688,8.35,8.05,8.4,1896.0,0.5079394909667969,False,ORCL,21.5,-0.6116279069767442,-0.07653627492417503,805512250440.0,-61.16279069767442,9606.0
GS280616C01000000,1000.0,487.0,多头买 Call，看涨,2.653279910233184,CALL,510.0,23.0,8011637.0,3.2978289748827065e-05,5M-10M,2028-06-16,927.5750122070312,903.5999755859376,918.4099731445312,933.6900024414062,918.1699829101562,164.51,161.0,167.7,15.0,0.3434628337478638,False,GS,145.41,0.13135272677257406,0.026532799102331837,242936703541.0,13.135272677257406,487.0
XOM270617C00140000,140.0,6092.0,多头买 Call，看涨,13.805860983407728,CALL,6953.0,861.0,8010980.0,1.6030365817210864e-05,5M-10M,2027-06-17,134.5299072265625,118.20999908447266,136.92999267578125,136.93980407714844,134.3699951171875,13.15,12.6,13.25,2.0,0.2460707717895507,False,XOM,5.35,1.457943925233645,0.13805860983407728,499737815802.0,145.7943925233645,6092.0
VALE260320C00014000,14.0,33146.0,多头买 Call，看涨,22.387684457689154,CALL,45340.0,12194.0,7988186.0,0.0001748882939364883,5M-10M,2026-03-20,16.100099563598633,13.154999732971191,16.270000457763672,16.350000381469727,16.0,2.41,2.31,2.51,63.0,0.5097705273437501,True,VALE,0.41,4.878048780487805,0.22387684457689155,45675933021.0,487.8048780487805,33146.0
AMD270115C00250000,250.0,1301.0,多头买 Call，看涨,16.942433152031956,CALL,5162.0,3861.0,7977732.000000001,3.082840047550134e-05,5M-10M,2027-01-15,250.8999938964844,214.5500030517578,256.7449951171875,258.2898864746094,250.6999969482422,61.32,61.0,61.9,17.0,0.6286200468444825,True,AMD,36.81,0.6658516707416462,0.16942433152031958,258778654648.0,66.58516707416462,1301.0
CRWV260320C00085000,85.0,2767.0,多头买 Call，看涨,22.7774472055316,CALL,4244.0,1477.0,7968960.000000001,0.00013553851430991962,5M-10M,2026-03-20,104.54499816894533,85.1500015258789,101.81999969482422,108.6500015258789,101.5500030517578,28.8,25.55,27.45,44.0,1.0125781793212891,True,CRWV,15.45,0.8640776699029128,0.227774472055316,58794801172.0,86.40776699029128,2767.0
MU270115C00340000,340.0,567.0,多头买 Call，看涨,42.97252733899956,CALL,1006.0,439.0,7965215.999999999,4.5255673653702665e-05,5M-10M,2027-01-15,389.6000061035156,272.4999084472656,395.6300048828125,398.0,384.2999877929688,140.48,136.9,139.75,43.0,0.8009205699157713,True,MU,50.35,1.7900695134061568,0.4297252733899956,176004804634.0,179.00695134061567,567.0
NVDA260130P00190000,190.0,15535.0,空头卖 Put，看涨/看不跌,2.2416703284091137,PUT,15912.0,377.0,7922850.0,1.8297503219964264e-06,5M-10M,2026-01-30,187.03579711914065,182.93499755859372,187.07000732421875,189.1199951171875,186.8500061035156,5.1,4.95,5.05,5045.0,0.3857483300781249,True,NVDA,11.7,-0.5641025641025641,0.022416703284091136,4330017000000.0,-56.41025641025641,15535.0
COIN260220P00250000,250.0,2031.0,多头买 Put，看跌,-14.726438058638355,PUT,4718.0,2687.0,7920900.0,9.862132777814535e-05,5M-10M,2026-02-20,213.5249938964844,250.3999938964844,212.10499572753903,215.63999938964844,210.88999938964844,39.0,38.8,39.9,4.0,0.583866466064453,True,COIN,21.2,0.839622641509434,-0.14726438058638355,80316298497.0,83.9622641509434,2031.0
NKE270115P00062500,62.5,9896.0,空头卖 Put，看涨/看不跌,12.989249380218396,PUT,12442.0,2546.0,7916800.0,7.733955295947197e-05,5M-10M,2027-01-15,64.9800033569336,57.5098991394043,64.80999755859375,65.4271011352539,64.77999877929688,8.0,7.1,7.5,2.0,0.3480289807128905,False,NKE,9.7,-0.17525773195876282,0.12989249380218396,102364181031.0,-17.525773195876283,9896.0
MU260320P00350000,350.0,3713.0,空头卖 Put，看涨/看不跌,42.97252733899956,PUT,3753.0,40.0,7908690.000000001,4.493451196656837e-05,5M-10M,2026-03-20,389.6000061035156,272.4999084472656,395.6300048828125,398.0,384.2999877929688,21.3,21.0,21.55,107.0,0.6692537957763673,False,MU,88.79,-0.7601081202838158,0.4297252733899956,176004804634.0,-76.01081202838158,3713.0
MSFT260618C00500000,500.0,3517.0,空头卖 Call，看跌/看不涨,-3.235167233073554,CALL,10613.0,7096.0,7895664.999999999,2.0768406970680653e-06,5M-10M,2026-06-18,470.1900024414063,485.9100036621094,465.3049926757813,470.80999755859375,462.0,22.45,22.2,22.4,146.0,0.2909921975708007,False,MSFT,32.15,-0.30171073094867806,-0.03235167233073554,3801767276203.0,-30.171073094867808,3517.0
GOOG270115P00350000,350.0,1518.0,空头卖 Put，看涨/看不跌,7.301066512344982,PUT,1571.0,53.0,7886010.000000001,2.637995384029087e-06,5M-10M,2027-01-15,333.5078125,310.81500244140625,328.20001220703125,333.760009765625,327.489990234375,51.95,50.3,50.75,2.0,0.3136512727355957,True,GOOG,62.7,-0.17145135566188197,0.07301066512344982,2989394920000.0,-17.145135566188195,1518.0
AVGO260320P00330000,330.0,2958.0,多头买 Put，看跌,-4.988674328462883,PUT,5733.0,2775.0,7883070.0,4.990002452034984e-06,5M-10M,2026-03-20,322.89599609375,339.8500061035156,319.95001220703125,328.010009765625,317.6000061035156,26.65,27.8,28.05,76.0,0.4863942962646485,True,AVGO,24.55,0.08553971486761702,-0.04988674328462883,1579772770810.0,8.553971486761702,2958.0
TSLA260618C00445000,445.0,1409.0,空头卖 Call，看跌/看不涨,-11.45003824844352,CALL,1626.0,217.0,7867856.0,5.538841379212649e-06,5M-10M,2026-06-18,437.760009765625,494.364990234375,445.0299987792969,445.0299987792969,436.7099914550781,55.84,55.8,56.05,14.0,0.5404709039306643,False,TSLA,98.78,-0.4347033812512654,-0.11450038248443518,1420487690716.0,-43.47033812512654,1409.0
NVDA280121C00200000,200.0,1567.0,多头买 Call，看涨,2.2416703284091137,CALL,20748.0,19181.0,7833433.0,1.8090998257050722e-06,5M-10M,2028-01-21,187.03579711914065,182.93499755859372,187.07000732421875,189.1199951171875,186.8500061035156,49.99,49.55,49.8,33.0,0.5254258883666992,False,NVDA,47.13,0.06068321663483979,0.022416703284091136,4330017000000.0,6.068321663483979,1567.0
ORCL260618C00190000,190.0,3522.0,空头卖 Call，看跌/看不涨,-7.6536274924175025,CALL,4091.0,569.0,7829406.0,9.71978513762304e-06,5M-10M,2026-06-18,181.8300018310547,196.8999938964844,179.10000610351562,185.27999877929688,178.52999877929688,22.23,21.65,23.25,4.0,0.5685773123168946,False,ORCL,32.13,-0.3081232492997199,-0.07653627492417503,805512250440.0,-30.81232492997199,3522.0
BABA270115C00180000,180.0,2980.0,多头买 Call，看涨,13.670795969503427,CALL,4703.0,1723.0,7822500.0,1.9704614284570967e-05,5M-10M,2027-01-15,171.9272003173828,151.25010681152344,169.7899932861328,172.27999877929688,168.67999267578125,26.25,26.0,26.45,13.0,0.4411676977539062,False,BABA,16.25,0.6153846153846154,0.13670795969503427,396988232656.0,61.53846153846154,2980.0
AMD260821P00250000,250.0,2044.0,空头卖 Put，看涨/看不跌,16.942433152031956,PUT,2390.0,346.0,7818300.0,3.0212306384522833e-05,5M-10M,2026-08-21,250.8999938964844,214.5500030517578,256.7449951171875,258.2898864746094,250.6999969482422,38.25,37.85,38.05,8.0,0.5126086337280272,False,AMD,57.27,-0.3321110529072813,0.16942433152031958,258778654648.0,-33.211105290728135,2044.0
AVGO260320P00350000,350.0,1996.0,多头买 Put，看跌,-4.988674328462883,PUT,3639.0,1643.0,7810348.000000001,4.943969249448062e-06,5M-10M,2026-03-20,322.89599609375,339.8500061035156,319.95001220703125,328.010009765625,317.6000061035156,39.13,40.25,40.6,4.0,0.4796194616699218,True,AVGO,34.75,0.12604316546762598,-0.04988674328462883,1579772770810.0,12.604316546762599,1996.0
AAPL260130C00250000,250.0,11155.0,空头卖 Call，看跌/看不涨,-6.501043010149722,CALL,11176.0,21.0,7808500.0,2.059678295958894e-06,5M-10M,2026-01-30,254.4199981689453,272.1099853515625,251.47999572753903,254.88999938964844,249.8000030517578,7.0,7.0,7.1,6982.0,0.3835510864257812,True,AAPL,25.24,-0.722662440570523,-0.06501043010149722,3791126029400.0,-72.2662440570523,11155.0
NU280121P00013000,13.0,50327.0,空头卖 Put，看涨/看不跌,9.066016547221881,PUT,50476.0,149.0,7800685.000000001,0.00010258871280556804,5M-10M,2028-01-21,17.924999237060547,16.434999465942383,18.049999237060547,18.114999771118164,17.924999237060547,1.55,1.55,1.75,10.0,0.4362849340820312,False,NU,2.09,-0.2583732057416267,0.0906601654722188,76038433339.0,-25.83732057416267,50327.0
TSLA260717P00390000,390.0,2389.0,多头买 Put，看跌,-11.45003824844352,PUT,3322.0,933.0,7790528.999999999,5.4844044414585284e-06,5M-10M,2026-07-17,437.760009765625,494.364990234375,445.0299987792969,445.0299987792969,436.7099914550781,32.61,31.95,32.15,3.0,0.4653373779296875,False,TSLA,30.65,0.06394779771615011,-0.11450038248443518,1420487690716.0,6.394779771615012,2389.0
MU280121P00300000,300.0,984.0,空头卖 Put，看涨/看不跌,42.97252733899956,PUT,993.0,9.0,7788360.000000001,4.4250837448419704e-05,5M-10M,2028-01-21,389.6000061035156,272.4999084472656,395.6300048828125,398.0,384.2999877929688,79.15,77.3,79.4,1.0,0.6306952214050292,False,MU,101.35,-0.2190429205722742,0.4297252733899956,176004804634.0,-21.90429205722742,984.0
NKE280121C00070000,70.0,6573.0,多头买 Call，看涨,12.989249380218396,CALL,7614.0,1041.0,7756140.000000001,7.577005864630645e-05,5M-10M,2028-01-21,64.9800033569336,57.5098991394043,64.80999755859375,65.4271011352539,64.77999877929688,11.8,11.55,12.05,3.0,0.3844666046142577,False,NKE,7.5,0.5733333333333335,0.12989249380218396,102364181031.0,57.33333333333335,6573.0
TSLA260320P00430000,430.0,3096.0,多头买 Put，看跌,-11.45003824844352,PUT,4755.0,1659.0,7755480.0,5.4597305212063e-06,5M-10M,2026-03-20,437.760009765625,494.364990234375,445.0299987792969,445.0299987792969,436.7099914550781,25.05,24.45,24.6,23.0,0.4255123367309571,False,TSLA,20.6,0.21601941747572811,-0.11450038248443518,1420487690716.0,21.601941747572813,3096.0
NVDA260320P00170000,170.0,14031.0,空头卖 Put，看涨/看不跌,2.2416703284091137,PUT,52738.0,38707.0,7731081.0,1.7854620432206156e-06,5M-10M,2026-03-20,187.03579711914065,182.93499755859372,187.07000732421875,189.1199951171875,186.8500061035156,5.51,5.45,5.55,177.0,0.4478814978027343,False,NVDA,8.41,-0.3448275862068966,0.022416703284091136,4330017000000.0,-34.48275862068966,14031.0
COIN260320P00230000,230.0,2748.0,多头买 Put，看跌,-14.726438058638355,PUT,5324.0,2576.0,7724628.0,9.617758966181108e-05,5M-10M,2026-03-20,213.5249938964844,250.3999938964844,212.10499572753903,215.63999938964844,210.88999938964844,28.11,27.45,28.1,24.0,0.5423629748535157,True,COIN,16.91,0.6623299822590183,-0.14726438058638355,80316298497.0,66.23299822590182,2748.0
COIN270115C00200000,200.0,1284.0,空头卖 Call，看跌/看不涨,-14.726438058638355,CALL,2332.0,1048.0,7691159.999999999,9.576088719137476e-05,5M-10M,2027-01-15,213.5249938964844,250.3999938964844,212.10499572753903,215.63999938964844,210.88999938964844,59.9,58.15,61.05,10.0,0.6570774038696289,True,COIN,86.0,-0.30348837209302326,-0.14726438058638355,80316298497.0,-30.348837209302324,1284.0
TSLA260220P00450000,450.0,2885.0,多头买 Put，看跌,-11.45003824844352,PUT,6928.0,4043.0,7676984.999999999,5.404471330638844e-06,5M-10M,2026-02-20,437.760009765625,494.364990234375,445.0299987792969,445.0299987792969,436.7099914550781,26.61,26.45,26.65,241.0,0.4223385403442382,True,TSLA,20.2,0.31732673267326733,-0.11450038248443518,1420487690716.0,31.73267326732673,2885.0
FLNC260515C00025000,25.0,10134.0,多头买 Call，看涨,32.17304384378825,CALL,10535.0,401.0,7671438.0,0.0035292908100390866,5M-10M,2026-05-15,26.57999992370605,20.11000061035156,26.6200008392334,27.540000915527344,25.70120048522949,7.57,7.0,7.8,2.0,1.1860392260742183,True,FLNC,3.72,1.0349462365591398,0.3217304384378825,2173648592.0,103.49462365591397,10134.0
FCX260618C00055000,55.0,6581.0,多头买 Call，看涨,23.122216569983305,CALL,23455.0,16874.0,7666865.000000001,0.00014936733930301686,5M-10M,2026-06-18,62.45989990234375,50.72999954223633,63.415000915527344,63.57500076293945,62.08000183105469,11.65,11.15,12.1,4.0,0.5004932763671875,True,FCX,3.65,2.191780821917808,0.23122216569983303,51328925291.0,219.17808219178082,6581.0
ORCL260320C00190000,190.0,5785.0,空头卖 Call，看跌/看不涨,-7.6536274924175025,CALL,12479.0,6694.0,7659339.999999999,9.508657374007894e-06,5M-10M,2026-03-20,181.8300018310547,196.8999938964844,179.10000610351562,185.27999877929688,178.52999877929688,13.24,13.1,13.55,210.0,0.6012002770996094,False,ORCL,23.7,-0.4413502109704641,-0.07653627492417503,805512250440.0,-44.13502109704641,5785.0
AVGO280121C00250000,250.0,575.0,空头卖 Call，看跌/看不涨,-4.988674328462883,CALL,714.0,139.0,7633125.0,4.831786660106981e-06,5M-10M,2028-01-21,322.89599609375,339.8500061035156,319.95001220703125,328.010009765625,317.6000061035156,132.75,129.15,132.55,1.0,0.5752758537292479,True,AVGO,144.0,-0.078125,-0.04988674328462883,1579772770810.0,-7.8125,575.0
TSLA260130C00445000,445.0,6492.0,空头卖 Call，看跌/看不涨,-11.45003824844352,CALL,6752.0,260.0,7628100.0,5.370057093669738e-06,5M-10M,2026-01-30,437.760009765625,494.364990234375,445.0299987792969,445.0299987792969,436.7099914550781,11.75,11.75,11.85,8249.0,0.7346217944335938,False,TSLA,63.92,-0.8161764705882353,-0.11450038248443518,1420487690716.0,-81.61764705882352,6492.0
CRWD260618C00470000,470.0,1541.0,空头卖 Call，看跌/看不涨,-4.0240218106571035,CALL,1799.0,258.0,7601753.0,6.292069780711073e-05,5M-10M,2026-06-18,464.1494140625,483.6099853515625,454.05999755859375,464.9599914550781,452.6600036621094,49.33,47.25,51.45,7.0,0.4647728083801269,False,CRWD,66.9,-0.26263079222720487,-0.04024021810657104,120814823499.0,-26.263079222720485,1541.0
NVDA260417P00180000,180.0,6948.0,空头卖 Put，看涨/看不跌,2.2416703284091137,PUT,15820.0,8872.0,7587216.0,1.7522370004551945e-06,5M-10M,2026-04-17,187.03579711914065,182.93499755859372,187.07000732421875,189.1199951171875,186.8500061035156,10.92,11.0,11.05,48.0,0.4132749102783203,False,NVDA,14.3,-0.23636363636363641,0.022416703284091136,4330017000000.0,-23.63636363636364,6948.0
MU270617C00300000,300.0,419.0,多头买 Call，看涨,42.97252733899956,CALL,478.0,59.0,7581804.999999999,4.3077261531389875e-05,5M-10M,2027-06-17,389.6000061035156,272.4999084472656,395.6300048828125,398.0,384.2999877929688,180.95,173.5,177.0,61.0,0.8070850590515137,True,MU,75.17,1.4072103232672606,0.4297252733899956,176004804634.0,140.72103232672606,419.0
TSLA280616C00450000,450.0,468.0,空头卖 Call，看跌/看不涨,-11.45003824844352,CALL,914.0,446.0,7576920.0,5.334027214400454e-06,5M-10M,2028-06-16,437.760009765625,494.364990234375,445.0299987792969,445.0299987792969,436.7099914550781,161.9,155.4,157.45,21.0,0.6156196885681153,False,TSLA,206.06,-0.2143065126662137,-0.11450038248443518,1420487690716.0,-21.43065126662137,468.0
NFLX260320C00090000,90.0,27615.0,空头卖 Call，看跌/看不涨,-8.113600080174542,CALL,31661.0,4046.0,7566510.000000001,1.470881530348001e-05,5M-10M,2026-03-20,85.9000015258789,93.48500061035156,86.91000366210938,86.94000244140625,85.3499984741211,2.74,2.68,2.73,2893.0,0.3313055151367187,False,NFLX,9.0,-0.6955555555555555,-0.08113600080174543,514420083731.0,-69.55555555555554,27615.0
MU270617C00290000,290.0,420.0,多头买 Call，看涨,42.97252733899956,CALL,681.0,261.0,7560420.0,4.295575916647166e-05,5M-10M,2027-06-17,389.6000061035156,272.4999084472656,395.6300048828125,398.0,384.2999877929688,180.01,179.0,183.0,1.0,0.8181017945861815,True,MU,73.97,1.4335541435717183,0.4297252733899956,176004804634.0,143.35541435717184,420.0
AMZN260130C00210000,210.0,2554.0,多头买 Call，看涨,4.871287650576244,CALL,2591.0,37.0,7557286.0,3.2241883827015567e-06,5M-10M,2026-01-30,239.2350006103516,228.12249755859372,239.97999572753903,240.9499969482422,237.5399932861328,29.59,27.45,29.2,30.0,0.437505625,True,AMZN,20.5,0.44341463414634147,0.04871287650576244,2343934380679.0,44.34146341463415,2554.0
TSLA260515P00470000,470.0,1202.0,多头买 Put，看跌,-11.45003824844352,PUT,1521.0,319.0,7553368.000000001,5.317446993287713e-06,5M-10M,2026-05-15,437.760009765625,494.364990234375,445.0299987792969,445.0299987792969,436.7099914550781,62.84,61.4,61.65,4.0,0.4402216622924804,True,TSLA,50.5,0.24435643564356443,-0.11450038248443518,1420487690716.0,24.435643564356443,1202.0
APP260220C00520000,520.0,1124.0,空头卖 Call，看跌/看不涨,-25.2898203821183,CALL,1237.0,113.0,7513939.999999999,3.316240225029279e-05,5M-10M,2026-02-20,545.219970703125,729.780029296875,532.7899780273438,558.3699951171875,530.5900268554688,66.85,61.6,64.9,11.0,0.8771679763793946,True,APP,178.0,-0.624438202247191,-0.252898203821183,226580087392.0,-62.443820224719104,1124.0
HOOD270115P00115000,115.0,2737.0,多头买 Put，看跌,-11.65779589511722,PUT,3272.0,535.0,7513064.999999999,6.991039203949974e-05,5M-10M,2027-01-15,107.91000366210938,122.1500015258789,106.23999786376952,108.4000015258789,104.83000183105467,27.45,27.3,28.05,1.0,0.5536238485717774,True,HOOD,25.1,0.09362549800796803,-0.11657795895117219,107467070071.0,9.362549800796803,2737.0
MU270115P00300000,300.0,1488.0,空头卖 Put，看涨/看不跌,42.97252733899956,PUT,1582.0,94.0,7490592.0,4.255901999707679e-05,5M-10M,2027-01-15,389.6000061035156,272.4999084472656,395.6300048828125,398.0,384.2999877929688,50.34,49.45,51.15,5.0,0.6633792207336429,False,MU,80.78,-0.3768259470165882,0.4297252733899956,176004804634.0,-37.68259470165882,1488.0
AMZN260320P00290000,290.0,1277.0,空头卖 Put，看涨/看不跌,4.871287650576244,PUT,1277.0,0.0,7481943.000000001,3.1920445647597877e-06,5M-10M,2026-03-20,239.2350006103516,228.12249755859372,239.97999572753903,240.9499969482422,237.5399932861328,58.59,51.55,52.45,46.0,0.3797669445800781,True,AMZN,67.04,-0.1260441527446301,0.04871287650576244,2343934380679.0,-12.60441527446301,1277.0
FCX260220C00060000,60.0,15171.0,多头买 Call，看涨,23.122216569983305,CALL,19638.0,4467.0,7479303.0,0.00014571322032552703,5M-10M,2026-02-20,62.45989990234375,50.72999954223633,63.415000915527344,63.57500076293945,62.08000183105469,4.93,4.85,5.0,468.0,0.5512740185546876,True,FCX,0.55,7.963636363636363,0.23122216569983303,51328925291.0,796.3636363636363,15171.0
PLTR270115C00155000,155.0,1598.0,空头卖 Call，看跌/看不涨,-12.513273364341075,CALL,2362.0,764.0,7478639.999999999,1.7753159650455925e-05,5M-10M,2027-01-15,168.9499969482422,193.1150054931641,168.2100067138672,170.58970642089844,168.02000427246094,46.8,45.6,46.5,20.0,0.6165199481201173,True,PLTR,68.42,-0.315989476761181,-0.12513273364341074,421256843697.0,-31.5989476761181,1598.0
INTC260220P00045000,45.0,20730.0,空头卖 Put，看涨/看不跌,16.15629646824131,PUT,21030.0,300.0,7462800.0,4.802826554943092e-05,5M-10M,2026-02-20,42.41540145874024,36.51580047607422,44.27999877929688,44.459999084472656,42.310001373291016,3.6,3.4,3.6,366.0,0.4409235595703125,True,INTC,8.72,-0.5871559633027523,0.1615629646824131,155383500000.0,-58.71559633027523,20730.0
CRM260618P00230000,230.0,3479.0,多头买 Put，看跌,-12.396981878964281,PUT,6972.0,3493.0,7445059.999999999,3.2126036957115344e-05,5M-10M,2026-06-18,230.6499938964844,263.2900085449219,229.42999267578125,230.8699951171875,227.5850067138672,21.4,20.1,21.5,58.0,0.378790391845703,False,CRM,10.0,1.14,-0.1239698187896428,231745360000.0,113.99999999999999,3479.0
BABA260220C00155000,155.0,4409.0,多头买 Call，看涨,13.670795969503427,CALL,9174.0,4765.0,7429165.000000001,1.8713816654705616e-05,5M-10M,2026-02-20,171.9272003173828,151.25010681152344,169.7899932861328,172.27999877929688,168.67999267578125,16.85,17.05,17.8,1.0,0.3308172387695312,True,BABA,7.2,1.3402777777777781,0.13670795969503427,396988232656.0,134.0277777777778,4409.0
MU270115C00300000,300.0,483.0,多头买 Call，看涨,42.97252733899956,CALL,1990.0,1507.0,7414050.0,4.2124134141777735e-05,5M-10M,2027-01-15,389.6000061035156,272.4999084472656,395.6300048828125,398.0,384.2999877929688,153.5,157.5,160.5,44.0,0.8262804237365722,True,MU,62.32,1.4630937098844674,0.4297252733899956,176004804634.0,146.30937098844674,483.0
MARA260320C00010000,10.0,49378.0,空头卖 Call，看跌/看不涨,-2.285988937563199,CALL,53139.0,3761.0,7406700.0,0.0012395143241650424,5M-10M,2026-03-20,10.045000076293944,10.279999732971191,10.369999885559082,10.390000343322754,10.029999732971191,1.5,1.54,1.59,90.0,1.009770576171875,True,MARA,1.96,-0.2346938775510204,-0.022859889375631992,5975485604.0,-23.46938775510204,49378.0
ANET280121C00155000,155.0,2002.0,多头买 Call，看涨,9.606284581427634,CALL,2070.0,68.0,7397390.000000001,4.130236185714857e-05,5M-10M,2028-01-21,143.64999389648438,131.05999755859375,139.32000732421875,146.40499877929688,139.3300018310547,36.95,36.5,41.0,55.0,0.5388229711914063,False,ANET,28.8,0.28298611111111116,0.09606284581427633,179103316793.0,28.298611111111114,2002.0
C260320C00110000,110.0,10129.0,空头卖 Call，看跌/看不涨,-2.858922413067128,CALL,21085.0,10956.0,7394170.0,3.883785142363176e-05,5M-10M,2026-03-20,114.8498992919922,118.2300033569336,113.9000015258789,115.4800033569336,113.9000015258789,7.3,8.05,8.5,69.0,0.3342351733398437,True,C,11.45,-0.36244541484716153,-0.028589224130671276,190385660611.0,-36.24454148471615,10129.0
TSM260515C00300000,300.0,1485.0,多头买 Call，看涨,13.650945839784894,CALL,2320.0,835.0,7350750.0,5.184637520819694e-06,5M-10M,2026-05-15,333.0199890136719,293.0199890136719,332.7900085449219,334.17999267578125,330.2300109863281,49.5,48.8,51.05,18.0,0.4610954769897462,True,TSM,26.86,0.8428890543559197,0.13650945839784895,1417794391697.0,84.28890543559197,1485.0
NVDA270115P00150000,150.0,5344.0,空头卖 Put，看涨/看不跌,2.2416703284091137,PUT,23596.0,18252.0,7348000.0,1.6969910279797977e-06,5M-10M,2027-01-15,187.03579711914065,182.93499755859372,187.07000732421875,189.1199951171875,186.8500061035156,13.75,13.9,14.0,23.0,0.439885972290039,False,NVDA,14.9,-0.0771812080536913,0.022416703284091136,4330017000000.0,-7.71812080536913,5344.0
AVGO260320C00380000,380.0,8242.0,空头卖 Call，看跌/看不涨,-4.988674328462883,CALL,14530.0,6288.0,7335380.0,4.6433133521088075e-06,5M-10M,2026-03-20,322.89599609375,339.8500061035156,319.95001220703125,328.010009765625,317.6000061035156,8.9,8.7,8.85,47.0,0.5351914157104493,False,AVGO,17.75,-0.49859154929577465,-0.04988674328462883,1579772770810.0,-49.859154929577464,8242.0
NVDA260717P00150000,150.0,10241.0,空头卖 Put，看涨/看不跌,2.2416703284091137,PUT,11677.0,1436.0,7332556.0,1.6934242983341636e-06,5M-10M,2026-07-17,187.03579711914065,182.93499755859372,187.07000732421875,189.1199951171875,186.8500061035156,7.16,7.15,7.2,32.0,0.4498956378173828,False,NVDA,8.55,-0.16257309941520473,0.022416703284091136,4330017000000.0,-16.25730994152047,10241.0
SOFI280616C00020000,20.0,5671.0,空头卖 Call，看跌/看不涨,-5.1793522107790615,CALL,6969.0,1298.0,7315590.000000001,0.00021834548848365335,5M-10M,2028-06-16,25.905000686645508,27.31999969482422,25.899999618530277,26.399999618530277,25.850000381469727,12.9,12.85,13.05,5.0,0.7259548889160157,True,SOFI,14.5,-0.11034482758620687,-0.05179352210779061,33504653798.0,-11.034482758620687,5671.0
BIDU270115C00120000,120.0,-1293.0,空头平仓 Call，回补信号，看涨,25.26790580107893,CALL,1658.0,2951.0,7308036.0,0.00016185814545775922,5M-10M,2027-01-15,155.9741973876953,124.5124969482422,158.00999450683594,159.10000610351562,155.34010314941406,56.52,49.1,52.0,5.0,0.5452926330566408,True,BIDU,26.58,1.1264108352144473,0.25267905801078927,45150869481.0,112.64108352144473,-1293.0
AMD260417C00210000,210.0,1326.0,多头买 Call，看涨,16.942433152031956,CALL,2699.0,1373.0,7299630.0,2.8208006606762905e-05,5M-10M,2026-04-17,250.8999938964844,214.5500030517578,256.7449951171875,258.2898864746094,250.6999969482422,55.05,53.5,54.3,1.0,0.667666897583008,True,AMD,28.0,0.9660714285714285,0.16942433152031958,258778654648.0,96.60714285714285,1326.0
NEM260618C00110000,110.0,2692.0,多头买 Call，看涨,20.641262548794757,CALL,3396.0,704.0,7295320.0,7.790579689320692e-05,5M-10M,2026-06-18,126.8000030517578,105.1050033569336,127.70999908447266,128.99000549316406,125.72000122070312,27.1,26.05,27.5,117.0,0.5806926696777344,True,NEM,10.95,1.4748858447488586,0.20641262548794756,93642839056.0,147.48858447488587,2692.0
GOOGL260220P00310000,310.0,13871.0,空头卖 Put，看涨/看不跌,7.666189714388108,PUT,15103.0,1232.0,7282275.0,2.4423602281841643e-06,5M-10M,2026-02-20,332.989990234375,309.2799987792969,327.8099975585937,333.2900085449219,327.0,5.25,5.2,5.35,1419.0,0.4078428356933594,False,GOOGL,16.17,-0.6753246753246753,0.07666189714388108,2981654760000.0,-67.53246753246754,13871.0
GOOG270115C00340000,340.0,1513.0,多头买 Call，看涨,7.301066512344982,CALL,1933.0,420.0,7277530.0,2.4344491760894543e-06,5M-10M,2027-01-15,333.5078125,310.81500244140625,328.20001220703125,333.760009765625,327.489990234375,48.1,48.0,48.3,1.0,0.3909973010253906,False,GOOG,36.44,0.3199780461031834,0.07301066512344982,2989394920000.0,31.997804610318344,1513.0
NFLX260320P00090000,90.0,11274.0,多头买 Put，看跌,-8.113600080174542,PUT,20639.0,9365.0,7271730.0,1.4135781688886247e-05,5M-10M,2026-03-20,85.9000015258789,93.48500061035156,86.91000366210938,86.94000244140625,85.3499984741211,6.45,6.35,6.55,64.0,0.312384805908203,True,NFLX,4.7,0.3723404255319149,-0.08113600080174543,514420083731.0,37.234042553191486,11274.0
NVDA260320P00200000,200.0,3745.0,空头卖 Put，看涨/看不跌,2.2416703284091137,PUT,15782.0,12037.0,7261555.0,1.677026903127632e-06,5M-10M,2026-03-20,187.03579711914065,182.93499755859372,187.07000732421875,189.1199951171875,186.8500061035156,19.39,19.4,19.5,58.0,0.4030821411132813,True,NVDA,23.53,-0.175945601359966,0.022416703284091136,4330017000000.0,-17.594560135996602,3745.0
SHOP260220P00175000,175.0,1945.0,多头买 Put，看跌,-19.997657510737973,PUT,3287.0,1342.0,7254850.0,3.981010646305808e-05,5M-10M,2026-02-20,136.63999938964844,170.7949981689453,136.72999572753906,138.09950256347656,135.84010314941406,37.3,38.35,40.35,3.0,0.6667513793945314,True,SHOP,16.45,1.2674772036474162,-0.19997657510737973,182236387806.0,126.74772036474162,1945.0
IREN260220C00050000,50.0,7251.0,多头买 Call，看涨,30.22046537113222,CALL,12543.0,5292.0,7251000.0,0.000636884856898717,5M-10M,2026-02-20,54.34099960327149,41.72999954223633,56.13899993896485,57.04560089111328,54.16419982910156,10.0,9.9,10.2,334.0,1.3872100952148436,True,IREN,4.2,1.380952380952381,0.3022046537113222,11385103479.0,138.0952380952381,7251.0
BABA260618C00175000,175.0,4312.0,多头买 Call，看涨,13.670795969503427,CALL,6457.0,2145.0,7244160.000000001,1.8247795284847254e-05,5M-10M,2026-06-18,171.9272003173828,151.25010681152344,169.7899932861328,172.27999877929688,168.67999267578125,16.8,17.05,17.6,13.0,0.4404352832031249,False,BABA,8.87,0.8940248027057499,0.13670795969503427,396988232656.0,89.402480270575,4312.0
MSTR260130C00175000,175.0,53618.0,空头卖 Call，看跌/看不涨,-3.6196846547463815,CALL,53692.0,74.0,7238430.0,8.25975971223456e-05,5M-10M,2026-01-30,160.29010009765625,166.30999755859375,159.37249755859375,163.1300048828125,158.6199951171875,1.35,1.32,1.4,1847.0,0.773439765625,False,MSTR,11.32,-0.8807420494699647,-0.036196846547463815,87634873800.0,-88.07420494699647,53618.0
PAAS260417C00049000,49.0,3299.0,多头买 Call，看涨,24.29885219478558,CALL,3371.0,72.0,7224809.999999999,0.0005205730369675343,5M-10M,2026-04-17,66.87899780273438,53.80500030517578,69.80999755859375,69.90059661865234,66.72000122070312,21.9,20.4,22.0,2.0,0.905274384765625,True,PAAS,9.75,1.246153846153846,0.2429885219478558,13878571280.0,124.6153846153846,3299.0
XOM260320C00130000,130.0,9434.0,多头买 Call，看涨,13.805860983407728,CALL,16999.0,7565.0,7217010.000000001,1.444159271480755e-05,5M-10M,2026-03-20,134.5299072265625,118.20999908447266,136.92999267578125,136.93980407714844,134.3699951171875,7.65,7.3,7.95,47.0,0.2662426892089844,True,XOM,1.03,6.427184466019417,0.13805860983407728,499737815802.0,642.7184466019418,9434.0
AVGO260717P00300000,300.0,2316.0,多头买 Put，看跌,-4.988674328462883,PUT,2849.0,533.0,7202760.000000001,4.559364570074794e-06,5M-10M,2026-07-17,322.89599609375,339.8500061035156,319.95001220703125,328.010009765625,317.6000061035156,31.1,29.05,29.4,16.0,0.4673972938537598,False,AVGO,26.0,0.1961538461538462,-0.04988674328462883,1579772770810.0,19.61538461538462,2316.0
TSLA261218P00380000,380.0,1486.0,多头买 Put，看跌,-11.45003824844352,PUT,3876.0,2390.0,7199670.0,5.0684494114630376e-06,5M-10M,2026-12-18,437.760009765625,494.364990234375,445.0299987792969,445.0299987792969,436.7099914550781,48.45,47.4,47.75,603.0,0.4779562702941894,False,TSLA,44.26,0.09466787166741991,-0.11450038248443518,1420487690716.0,9.466787166741991,1486.0
TSLA270617P00410000,410.0,914.0,多头买 Put，看跌,-11.45003824844352,PUT,1344.0,430.0,7165760.000000001,5.044577328500526e-06,5M-10M,2027-06-17,437.760009765625,494.364990234375,445.0299987792969,445.0299987792969,436.7099914550781,78.4,79.3,79.8,1.0,0.4726920407104492,False,TSLA,74.5,0.05234899328859068,-0.11450038248443518,1420487690716.0,5.234899328859068,914.0
AMZN270617C00265000,265.0,2105.0,多头买 Call，看涨,4.871287650576244,CALL,3042.0,937.0,7142264.999999999,3.047126685317445e-06,5M-10M,2027-06-17,239.2350006103516,228.12249755859372,239.97999572753903,240.9499969482422,237.5399932861328,33.93,33.7,33.95,6.0,0.3885254019165038,False,AMZN,29.95,0.1328881469115192,0.04871287650576244,2343934380679.0,13.28881469115192,2105.0
APP260220P00600000,600.0,952.0,多头买 Put，看跌,-25.2898203821183,PUT,1697.0,745.0,7140000.0,3.151203657030673e-05,5M-10M,2026-02-20,545.219970703125,729.780029296875,532.7899780273438,558.3699951171875,530.5900268554688,75.0,71.4,74.8,15.0,0.655246367492676,True,APP,26.27,1.8549676437000382,-0.252898203821183,226580087392.0,185.49676437000383,952.0
TSM260130C00330000,330.0,9083.0,多头买 Call，看涨,13.650945839784894,CALL,9294.0,211.0,7130155.0,5.02904725943069e-06,5M-10M,2026-01-30,333.0199890136719,293.0199890136719,332.7900085449219,334.17999267578125,330.2300109863281,7.85,7.35,8.0,1100.0,0.4119931848144531,True,TSM,3.23,1.4303405572755417,0.13650945839784895,1417794391697.0,143.03405572755418,9083.0
MU260130C00320000,320.0,910.0,多头买 Call，看涨,42.97252733899956,CALL,958.0,48.0,7070700.0,4.017333512402369e-05,5M-10M,2026-01-30,389.6000061035156,272.4999084472656,395.6300048828125,398.0,384.2999877929688,77.7,76.3,79.1,2.0,1.8957524743652343,True,MU,6.0,11.950000000000001,0.4297252733899956,176004804634.0,1195.0,910.0
AAPL280317P00300000,300.0,1108.0,多头买 Put，看跌,-6.501043010149722,PUT,1113.0,5.0,7025828.0,1.853229870364383e-06,5M-10M,2028-03-17,254.4199981689453,272.1099853515625,251.47999572753903,254.88999938964844,249.8000030517578,63.41,59.0,59.45,1.0,0.1964496859741211,True,AAPL,49.3,0.28620689655172415,-0.06501043010149722,3791126029400.0,28.620689655172416,1108.0
TSM260220C00320000,320.0,3490.0,多头买 Call，看涨,13.650945839784894,CALL,5332.0,1842.0,6997450.0,4.935447650928105e-06,5M-10M,2026-02-20,333.0199890136719,293.0199890136719,332.7900085449219,334.17999267578125,330.2300109863281,20.05,19.9,21.15,8.0,0.3932555792236328,True,TSM,7.78,1.5771208226221078,0.13650945839784895,1417794391697.0,157.71208226221077,3490.0
AAPL260130C00255000,255.0,16442.0,空头卖 Call，看跌/看不涨,-6.501043010149722,CALL,16510.0,68.0,6987850.0,1.8432122661735746e-06,5M-10M,2026-01-30,254.4199981689453,272.1099853515625,251.47999572753903,254.88999938964844,249.8000030517578,4.25,4.25,4.3,17054.0,0.3833069482421875,False,AAPL,19.4,-0.7809278350515464,-0.06501043010149722,3791126029400.0,-78.09278350515464,16442.0
GOOG260618P00320000,320.0,3204.0,空头卖 Put，看涨/看不跌,7.301066512344982,PUT,4234.0,1030.0,6984720.0,2.336499588351478e-06,5M-10M,2026-06-18,333.5078125,310.81500244140625,328.20001220703125,333.760009765625,327.489990234375,21.8,21.5,21.7,6.0,0.3418339743041991,False,GOOG,33.3,-0.3453453453453453,0.07301066512344982,2989394920000.0,-34.53453453453453,3204.0
NVDA260417P00185000,185.0,5269.0,空头卖 Put，看涨/看不跌,2.2416703284091137,PUT,8854.0,3585.0,6981425.0,1.6123320070105961e-06,5M-10M,2026-04-17,187.03579711914065,182.93499755859372,187.07000732421875,189.1199951171875,186.8500061035156,13.25,13.2,13.3,397.0,0.407781801147461,False,NVDA,16.67,-0.20515896820635882,0.022416703284091136,4330017000000.0,-20.51589682063588,5269.0
TSLA280616C00400000,400.0,402.0,空头卖 Call，看跌/看不涨,-11.45003824844352,CALL,1300.0,898.0,6964650.0,4.9029991921221455e-06,5M-10M,2028-06-16,437.760009765625,494.364990234375,445.0299987792969,445.0299987792969,436.7099914550781,173.25,173.65,175.85,4.0,0.6239051281738281,True,TSLA,226.15,-0.23391554278133983,-0.11450038248443518,1420487690716.0,-23.391554278133984,402.0
TSLA260918P00440000,440.0,1064.0,多头买 Put，看跌,-11.45003824844352,PUT,2376.0,1312.0,6962816.0,4.90170808624915e-06,5M-10M,2026-09-18,437.760009765625,494.364990234375,445.0299987792969,445.0299987792969,436.7099914550781,65.44,65.05,65.35,22.0,0.4589440092468262,True,TSLA,58.0,0.1282758620689655,-0.11450038248443518,1420487690716.0,12.82758620689655,1064.0
MSFT260220C00465000,465.0,3725.0,空头卖 Call，看跌/看不涨,-3.235167233073554,CALL,4221.0,496.0,6947125.0,1.8273409431148594e-06,5M-10M,2026-02-20,470.1900024414063,485.9100036621094,465.3049926757813,470.80999755859375,462.0,18.65,18.45,18.65,466.0,0.3204108486938476,True,MSFT,35.4,-0.4731638418079096,-0.03235167233073554,3801767276203.0,-47.31638418079096,3725.0
NFLX260320P00083000,83.0,25244.0,多头买 Put，看跌,-8.113600080174542,PUT,26625.0,1381.0,6942100.0,1.3495001885715946e-05,5M-10M,2026-03-20,85.9000015258789,93.48500061035156,86.91000366210938,86.94000244140625,85.3499984741211,2.75,2.67,2.76,40.0,0.3136054968261719,False,NFLX,2.39,0.15062761506276146,-0.08113600080174543,514420083731.0,15.062761506276146,25244.0
AMZN260618C00270000,270.0,6674.0,多头买 Call，看涨,4.871287650576244,CALL,14783.0,8109.0,6940960.000000001,2.961243308351199e-06,5M-10M,2026-06-18,239.2350006103516,228.12249755859372,239.97999572753903,240.9499969482422,237.5399932861328,10.4,10.25,10.4,152.0,0.3540714007568358,False,AMZN,8.14,0.2776412776412776,0.04871287650576244,2343934380679.0,27.76412776412776,6674.0
BE260220C00115000,115.0,-2226.0,空头平仓 Call，回补信号，看涨,58.949056073862636,CALL,1648.0,3874.0,6933989.999999999,0.0004213977953370236,5M-10M,2026-02-20,146.98019409179688,92.47000122070312,142.0,147.6300048828125,138.65049743652344,31.15,34.0,36.55,12.0,0.994384821777344,True,BE,8.7,2.5804597701149428,0.5894905607386264,16454737250.0,258.0459770114943,-2226.0
NFLX260220P00110000,110.0,-2898.0,空头平仓 Put，回补，看跌信号减弱,-8.113600080174542,PUT,314.0,3212.0,6926220.0,1.346413217338896e-05,5M-10M,2026-02-20,85.9000015258789,93.48500061035156,86.91000366210938,86.94000244140625,85.3499984741211,23.9,23.9,24.65,478.0,0.5283250292968751,True,NFLX,17.05,0.4017595307917887,-0.08113600080174543,514420083731.0,40.175953079178875,-2898.0
AMZN260220C00230000,230.0,-4341.0,空头平仓 Call，回补信号，看涨,4.871287650576244,CALL,16793.0,21134.0,6923895.0,2.953962814434361e-06,5M-10M,2026-02-20,239.2350006103516,228.12249755859372,239.97999572753903,240.9499969482422,237.5399932861328,15.95,15.85,16.0,76.0,0.4323787231445312,True,AMZN,11.75,0.35744680851063826,0.04871287650576244,2343934380679.0,35.744680851063826,-4341.0
UNH260515C00300000,300.0,1161.0,多头买 Call，看涨,7.14366336056844,CALL,1712.0,551.0,6913755.0,2.218619550079293e-05,5M-10M,2026-05-15,349.6579895019531,326.3450012207031,353.95001220703125,354.7900085449219,348.0,59.55,58.6,60.0,3.0,0.4029905892944336,True,UNH,46.1,0.29175704989154005,0.0714366336056844,311624180890.0,29.175704989154006,1161.0
MSFT260220P00450000,450.0,8431.0,多头买 Put，看跌,-3.235167233073554,PUT,11215.0,2784.0,6904989.0,1.8162576765867506e-06,5M-10M,2026-02-20,470.1900024414063,485.9100036621094,465.3049926757813,470.80999755859375,462.0,8.19,8.35,8.45,201.0,0.3393620751953125,False,MSFT,6.93,0.1818181818181818,-0.03235167233073554,3801767276203.0,18.18181818181818,8431.0
NFLX260618P00086000,86.0,9796.0,多头买 Put，看跌,-8.113600080174542,PUT,12163.0,2367.0,6896384.0,1.3406132882646645e-05,5M-10M,2026-06-18,85.9000015258789,93.48500061035156,86.91000366210938,86.94000244140625,85.3499984741211,7.04,7.05,7.25,2.0,0.3358220715332031,True,NFLX,5.7,0.2350877192982456,-0.08113600080174543,514420083731.0,23.508771929824558,9796.0
TSLA260130P00440000,440.0,5407.0,多头买 Put，看跌,-11.45003824844352,PUT,5959.0,552.0,6893925.0,4.853209953917377e-06,5M-10M,2026-01-30,437.760009765625,494.364990234375,445.0299987792969,445.0299987792969,436.7099914550781,12.75,12.7,12.75,9546.0,0.5653729986572267,True,TSLA,11.74,0.08603066439522997,-0.11450038248443518,1420487690716.0,8.603066439522996,5407.0
XOM260320C00140000,140.0,26824.0,多头买 Call，看涨,13.805860983407728,CALL,28217.0,1393.0,6893767.999999999,1.3794769541177496e-05,5M-10M,2026-03-20,134.5299072265625,118.20999908447266,136.92999267578125,136.93980407714844,134.3699951171875,2.57,2.41,2.64,761.0,0.2330398962402343,False,XOM,0.28,8.178571428571427,0.13805860983407728,499737815802.0,817.8571428571427,26824.0
NXE260320C00010000,10.0,-21274.0,空头平仓 Call，回补信号，看涨,31.139644347354604,CALL,18918.0,40192.0,6892776.000000001,0.0013260248856642423,5M-10M,2026-03-20,12.255000114440918,9.345000267028809,12.949999809265137,13.199999809265137,12.220000267028809,3.24,2.85,3.3,15.0,1.015629921875,True,NXE,1.05,2.085714285714286,0.31139644347354606,5198074391.0,208.57142857142858,-21274.0
TSLA260320C00480000,480.0,3857.0,空头卖 Call，看跌/看不涨,-11.45003824844352,CALL,7581.0,3724.0,6888602.0,4.849462649357972e-06,5M-10M,2026-03-20,437.760009765625,494.364990234375,445.0299987792969,445.0299987792969,436.7099914550781,17.86,17.9,18.05,193.0,0.5002186209106446,False,TSLA,60.0,-0.7023333333333334,-0.11450038248443518,1420487690716.0,-70.23333333333333,3857.0
MRNA260618C00040000,40.0,5452.0,多头买 Call，看涨,32.707660279805026,CALL,20780.0,15328.0,6885876.000000001,0.0007226562725206927,5M-10M,2026-06-18,47.369998931884766,35.69499969482422,49.47499847412109,49.47999954223633,46.59999847412109,12.63,12.3,13.3,13.0,0.7973653076171875,True,MRNA,4.94,1.5566801619433197,0.3270766027980503,9528563249.0,155.66801619433198,5452.0
AAPL260320C00260000,260.0,8998.0,空头卖 Call，看跌/看不涨,-6.501043010149722,CALL,19481.0,10483.0,6874472.0,1.8133061118751526e-06,5M-10M,2026-03-20,254.4199981689453,272.1099853515625,251.47999572753903,254.88999938964844,249.8000030517578,7.64,7.55,7.65,1590.0,0.2581250946044922,False,AAPL,21.35,-0.6421545667447307,-0.06501043010149722,3791126029400.0,-64.21545667447307,8998.0
MU260618P00350000,350.0,1573.0,空头卖 Put，看涨/看不跌,42.97252733899956,PUT,1576.0,3.0,6874010.000000001,3.9055808813256134e-05,5M-10M,2026-06-18,389.6000061035156,272.4999084472656,395.6300048828125,398.0,384.2999877929688,43.7,41.35,42.2,27.0,0.6472355833435057,False,MU,100.75,-0.5662531017369726,0.4297252733899956,176004804634.0,-56.625310173697265,1573.0
TSLA260717C00500000,500.0,1655.0,空头卖 Call，看跌/看不涨,-11.45003824844352,CALL,3366.0,1711.0,6868250.0,4.8351351756790255e-06,5M-10M,2026-07-17,437.760009765625,494.364990234375,445.0299987792969,445.0299987792969,436.7099914550781,41.5,41.7,41.9,98.0,0.5355423643493653,False,TSLA,82.68,-0.49806482825350756,-0.11450038248443518,1420487690716.0,-49.806482825350756,1655.0
AMZN260220C00240000,240.0,6758.0,多头买 Call，看涨,4.871287650576244,CALL,30583.0,23825.0,6859370.0,2.926434313409811e-06,5M-10M,2026-02-20,239.2350006103516,228.12249755859372,239.97999572753903,240.9499969482422,237.5399932861328,10.15,10.25,10.35,422.0,0.4217587121582031,False,AMZN,7.6,0.3355263157894738,0.04871287650576244,2343934380679.0,33.55263157894738,6758.0
SLB260220C00040000,40.0,-7556.0,空头平仓 Call，回补信号，看涨,29.49295217716776,CALL,9223.0,16779.0,6838180.0,0.0001424728928912217,5M-10M,2026-02-20,49.56990051269531,38.27999877929688,49.70000076293945,50.06499862670898,49.22999954223633,9.05,9.35,10.4,5.0,0.6084023535156251,True,SLB,1.24,6.298387096774194,0.2949295217716776,47996358193.0,629.8387096774194,-7556.0
TSLA260515C00550000,550.0,-3992.0,多头平仓 Call，减仓，看涨减弱,-11.45003824844352,CALL,2908.0,6900.0,6834304.000000001,4.811237749307884e-06,5M-10M,2026-05-15,437.760009765625,494.364990234375,445.0299987792969,445.0299987792969,436.7099914550781,17.12,17.45,17.65,16.0,0.530400203857422,False,TSLA,50.55,-0.6613254203758654,-0.11450038248443518,1420487690716.0,-66.13254203758655,-3992.0
TSLA260320C00450000,450.0,2402.0,空头卖 Call，看跌/看不涨,-11.45003824844352,CALL,9125.0,6723.0,6833689.999999999,4.810805503394023e-06,5M-10M,2026-03-20,437.760009765625,494.364990234375,445.0299987792969,445.0299987792969,436.7099914550781,28.45,28.45,28.65,569.0,0.5049793154907226,False,TSLA,76.3,-0.627129750982962,-0.11450038248443518,1420487690716.0,-62.7129750982962,2402.0
TSLA260320P00470000,470.0,1401.0,多头买 Put，看跌,-11.45003824844352,PUT,2446.0,1045.0,6832677.0,4.810092368034512e-06,5M-10M,2026-03-20,437.760009765625,494.364990234375,445.0299987792969,445.0299987792969,436.7099914550781,48.77,47.1,47.3,13.0,0.406683179321289,True,TSLA,35.54,0.3722566122678673,-0.11450038248443518,1420487690716.0,37.225661226786734,1401.0
SOFI260918C00025000,25.0,11597.0,空头卖 Call，看跌/看不涨,-5.1793522107790615,CALL,19761.0,8164.0,6784245.0,0.0002024866468074048,5M-10M,2026-09-18,25.905000686645508,27.31999969482422,25.899999618530277,26.399999618530277,25.850000381469727,5.85,5.75,5.9,110.0,0.664309997558594,True,SOFI,7.35,-0.20408163265306123,-0.05179352210779061,33504653798.0,-20.408163265306122,11597.0
AMZN260515C00220000,220.0,2151.0,多头买 Call，看涨,4.871287650576244,CALL,3295.0,1144.0,6775650.0,2.890716589957268e-06,5M-10M,2026-05-15,239.2350006103516,228.12249755859372,239.97999572753903,240.9499969482422,237.5399932861328,31.5,31.0,31.2,6.0,0.4014952429199219,True,AMZN,25.05,0.25748502994011974,0.04871287650576244,2343934380679.0,25.748502994011975,2151.0
NFLX270115C00071000,71.0,2965.0,空头卖 Call，看跌/看不涨,-8.113600080174542,CALL,3275.0,310.0,6775025.0,1.317021868754018e-05,5M-10M,2027-01-15,85.9000015258789,93.48500061035156,86.91000366210938,86.94000244140625,85.3499984741211,22.85,22.4,22.85,1.0,0.4639946179199219,True,NFLX,33.05,-0.3086232980332828,-0.08113600080174543,514420083731.0,-30.86232980332828,2965.0
INTC260918P00045000,45.0,8273.0,空头卖 Put，看涨/看不跌,16.15629646824131,PUT,8737.0,464.0,6767314.0,4.355233342021514e-05,5M-10M,2026-09-18,42.41540145874024,36.51580047607422,44.27999877929688,44.459999084472656,42.310001373291016,8.18,8.1,8.5,8.0,0.5128222546386718,True,INTC,11.3,-0.27610619469026554,0.1615629646824131,155383500000.0,-27.610619469026553,8273.0
AMD260130C00210000,210.0,1568.0,多头买 Call，看涨,16.942433152031956,CALL,2073.0,505.0,6750239.999999999,2.6084995337741118e-05,5M-10M,2026-01-30,250.8999938964844,214.5500030517578,256.7449951171875,258.2898864746094,250.6999969482422,43.05,43.8,44.15,15.0,1.472903026123047,True,AMD,15.6,1.7596153846153844,0.16942433152031958,258778654648.0,175.96153846153842,1568.0
AMD260515C00200000,200.0,1033.0,多头买 Call，看涨,16.942433152031956,CALL,11226.0,10193.0,6740325.0,2.6046680740219597e-05,5M-10M,2026-05-15,250.8999938964844,214.5500030517578,256.7449951171875,258.2898864746094,250.6999969482422,65.25,64.2,65.4,6.0,0.6806672558593752,True,AMD,36.5,0.7876712328767124,0.16942433152031958,258778654648.0,78.76712328767124,1033.0
BP270115C00040000,40.0,30702.0,多头买 Call，看涨,6.796971744531896,CALL,63102.0,32400.0,6723738.0,7.159307910362403e-05,5M-10M,2027-01-15,36.61000061035156,34.279998779296875,36.86000061035156,36.90999984741211,36.45500183105469,2.19,2.11,2.2,5.0,0.2424392163085937,False,BP,1.59,0.37735849056603765,0.06796971744531896,93916033284.0,37.73584905660377,30702.0
UNH280121P00350000,350.0,1159.0,空头卖 Put，看涨/看不跌,7.14366336056844,PUT,1358.0,199.0,6722200.0,2.157149673302427e-05,5M-10M,2028-01-21,349.6579895019531,326.3450012207031,353.95001220703125,354.7900085449219,348.0,58.0,58.5,62.25,11.0,0.3182593809509277,True,UNH,72.73,-0.20252990512855773,0.0714366336056844,311624180890.0,-20.252990512855774,1159.0
AVGO270115P00300000,300.0,1496.0,多头买 Put，看跌,-4.988674328462883,PUT,3910.0,2414.0,6717039.999999999,4.251902630627035e-06,5M-10M,2027-01-15,322.89599609375,339.8500061035156,319.95001220703125,328.010009765625,317.6000061035156,44.9,44.0,44.4,1.0,0.4535424519348144,False,AVGO,40.07,0.12053905665086095,-0.04988674328462883,1579772770810.0,12.053905665086095,1496.0
META260918P00550000,550.0,2392.0,空头卖 Put，看涨/看不跌,1.5362789484275803,PUT,6482.0,4090.0,6714344.0,3.5936230111267576e-06,5M-10M,2026-09-18,669.1849975585938,659.0599975585938,665.2249755859375,671.7100219726562,661.2855224609375,28.07,27.7,28.0,32.0,0.3738160763549804,False,META,30.25,-0.07206611570247932,0.015362789484275802,1868405222031.0,-7.206611570247932,2392.0
TSLA260130C00465000,465.0,13288.0,空头卖 Call，看跌/看不涨,-11.45003824844352,CALL,13410.0,122.0,6710439.999999999,4.724039528014204e-06,5M-10M,2026-01-30,437.760009765625,494.364990234375,445.0299987792969,445.0299987792969,436.7099914550781,5.05,5.0,5.1,1908.0,0.7053252124023439,False,TSLA,51.05,-0.901077375122429,-0.11450038248443518,1420487690716.0,-90.1077375122429,13288.0
COIN260320P00190000,190.0,8209.0,多头买 Put，看跌,-14.726438058638355,PUT,9269.0,1060.0,6690335.000000001,8.3299842313449e-05,5M-10M,2026-03-20,213.5249938964844,250.3999938964844,212.10499572753903,215.63999938964844,210.88999938964844,8.15,7.95,8.2,18.0,0.5631147204589844,False,COIN,5.8,0.40517241379310354,-0.14726438058638355,80316298497.0,40.517241379310356,8209.0
TSLA260220C00425000,425.0,2177.0,空头卖 Call，看跌/看不涨,-11.45003824844352,CALL,2631.0,454.0,6687744.0,4.708061916840003e-06,5M-10M,2026-02-20,437.760009765625,494.364990234375,445.0299987792969,445.0299987792969,436.7099914550781,30.72,31.55,31.75,49.0,0.5390060748291017,True,TSLA,85.0,-0.6385882352941177,-0.11450038248443518,1420487690716.0,-63.858823529411765,2177.0
MSFT261218C00480000,480.0,1366.0,空头卖 Call，看跌/看不涨,-3.235167233073554,CALL,3976.0,2610.0,6677008.0,1.7562905656520447e-06,5M-10M,2026-12-18,470.1900024414063,485.9100036621094,465.3049926757813,470.80999755859375,462.0,48.88,50.05,50.4,1.0,0.3084480776977538,False,MSFT,62.38,-0.2164155177941648,-0.03235167233073554,3801767276203.0,-21.641551779416478,1366.0
BA261218C00250000,250.0,-1822.0,空头平仓 Call，回补信号，看涨,15.078095100547314,CALL,9604.0,11426.0,6668520.0,3.985787803464118e-05,5M-10M,2026-12-18,249.0,216.3748016357422,251.4900054931641,251.5641021728516,247.40499877929688,36.6,33.3,34.55,41.0,0.3738465936279296,False,BA,18.3,1.0,0.15078095100547315,167307451596.0,100.0,-1822.0
CRWV260220C00095000,95.0,4291.0,多头买 Call，看涨,22.7774472055316,CALL,6886.0,2595.0,6659631.999999999,0.00011326906235328053,5M-10M,2026-02-20,104.54499816894533,85.1500015258789,101.81999969482422,108.6500015258789,101.5500030517578,15.52,15.0,15.85,395.0,0.92773509765625,True,CRWV,8.7,0.7839080459770116,0.227774472055316,58794801172.0,78.39080459770116,4291.0
TSLA260220C00460000,460.0,4422.0,空头卖 Call，看跌/看不涨,-11.45003824844352,CALL,7245.0,2823.0,6633000.0,4.669523040116329e-06,5M-10M,2026-02-20,437.760009765625,494.364990234375,445.0299987792969,445.0299987792969,436.7099914550781,15.0,15.0,15.15,304.0,0.5152636364746093,False,TSLA,60.84,-0.7534516765285996,-0.11450038248443518,1420487690716.0,-75.34516765285996,4422.0
AMD260220C00250000,250.0,3736.0,多头买 Call，看涨,16.942433152031956,CALL,10331.0,6595.0,6612720.0,2.5553575927639235e-05,5M-10M,2026-02-20,250.8999938964844,214.5500030517578,256.7449951171875,258.2898864746094,250.6999969482422,17.7,17.55,17.75,465.0,0.6459996337890624,True,AMD,6.5,1.723076923076923,0.16942433152031958,258778654648.0,172.3076923076923,3736.0
TSLA260220C00500000,500.0,12004.0,空头卖 Call，看跌/看不涨,-11.45003824844352,CALL,23300.0,11296.0,6602200.0,4.6478403460660375e-06,5M-10M,2026-02-20,437.760009765625,494.364990234375,445.0299987792969,445.0299987792969,436.7099914550781,5.5,5.45,5.55,5231.0,0.5086719055175781,False,TSLA,41.05,-0.8660170523751523,-0.11450038248443518,1420487690716.0,-86.60170523751522,12004.0
NFLX260320P00099000,99.0,4523.0,多头买 Put，看跌,-8.113600080174542,PUT,7608.0,3085.0,6594534.0,1.2819355636683124e-05,5M-10M,2026-03-20,85.9000015258789,93.48500061035156,86.91000366210938,86.94000244140625,85.3499984741211,14.58,13.4,13.8,1.0,0.3249579223632812,True,NFLX,9.4,0.551063829787234,-0.08113600080174543,514420083731.0,55.1063829787234,4523.0
ORCL280121P00155000,155.0,2127.0,多头买 Put，看跌,-7.6536274924175025,PUT,2426.0,299.0,6593700.0,8.18572280731706e-06,5M-10M,2028-01-21,181.8300018310547,196.8999938964844,179.10000610351562,185.27999877929688,178.52999877929688,31.0,31.2,32.3,1.0,0.4791922198486328,False,ORCL,29.2,0.06164383561643838,-0.07653627492417503,805512250440.0,6.164383561643838,2127.0
MSFT280121C00400000,400.0,519.0,空头卖 Call，看跌/看不涨,-3.235167233073554,CALL,916.0,397.0,6591819.0,1.733882828983565e-06,5M-10M,2028-01-21,470.1900024414063,485.9100036621094,465.3049926757813,470.80999755859375,462.0,127.01,125.15,126.6,2.0,0.3599688637542724,True,MSFT,141.04,-0.09947532614861024,-0.03235167233073554,3801767276203.0,-9.947532614861023,519.0
SHOP260320C00145000,145.0,7706.0,空头卖 Call，看跌/看不涨,-19.997657510737973,CALL,8317.0,611.0,6588630.0,3.615430529172876e-05,5M-10M,2026-03-20,136.63999938964844,170.7949981689453,136.72999572753906,138.09950256347656,135.84010314941406,8.55,8.4,8.8,35.0,0.5711712805175782,False,SHOP,34.35,-0.7510917030567685,-0.19997657510737973,182236387806.0,-75.10917030567686,7706.0
GFS260717C00040000,40.0,7986.0,多头买 Call，看涨,21.902134695035606,CALL,8010.0,24.0,6588450.0,0.0003348101414011497,5M-10M,2026-07-17,44.220001220703125,36.275001525878906,43.619998931884766,44.337799072265625,43.130001068115234,8.25,7.9,8.3,8.0,0.5178270874023438,True,GFS,4.0,1.0625,0.21902134695035605,19678167371.0,106.25,7986.0
TSLA260821P00450000,450.0,964.0,多头买 Put，看跌,-11.45003824844352,PUT,1273.0,309.0,6586048.0,4.6364696033939495e-06,5M-10M,2026-08-21,437.760009765625,494.364990234375,445.0299987792969,445.0299987792969,436.7099914550781,68.32,66.85,67.15,1.0,0.4573418524169922,True,TSLA,59.4,0.1501683501683501,-0.11450038248443518,1420487690716.0,15.016835016835008,964.0
NVDA260717P00200000,200.0,2357.0,空头卖 Put，看涨/看不跌,2.2416703284091137,PUT,2398.0,41.0,6578387.0,1.519252002936709e-06,5M-10M,2026-07-17,187.03579711914065,182.93499755859372,187.07000732421875,189.1199951171875,186.8500061035156,27.91,27.85,28.0,25.0,0.3946898910522461,True,NVDA,30.9,-0.0967637540453074,0.022416703284091136,4330017000000.0,-9.67637540453074,2357.0
TSLA260220P00440000,440.0,3103.0,多头买 Put，看跌,-11.45003824844352,PUT,6032.0,2929.0,6578359.999999999,4.631057377684253e-06,5M-10M,2026-02-20,437.760009765625,494.364990234375,445.0299987792969,445.0299987792969,436.7099914550781,21.2,20.85,21.0,621.0,0.4254818194580079,True,TSLA,17.15,0.23615160349854233,-0.11450038248443518,1420487690716.0,23.615160349854232,3103.0
BABA260320P00145000,145.0,28566.0,空头卖 Put，看涨/看不跌,13.670795969503427,PUT,54531.0,25965.0,6570179.999999999,1.6550062343266535e-05,5M-10M,2026-03-20,171.9272003173828,151.25010681152344,169.7899932861328,172.27999877929688,168.67999267578125,2.3,2.1,2.29,18.0,0.4467828759765625,False,BABA,7.9,-0.7088607594936709,0.13670795969503427,396988232656.0,-70.88607594936708,28566.0
AA260618C00050000,50.0,-4456.0,空头平仓 Call，回补信号，看涨,14.482443978482143,CALL,6662.0,11118.0,6568144.0,0.0007755420933990279,5M-10M,2026-06-18,60.98479843139648,53.27000045776367,63.709999084472656,63.709999084472656,59.90280151367188,14.74,13.85,15.45,19.0,0.579105771484375,True,AA,9.3,0.5849462365591397,0.14482443978482143,8469100589.0,58.49462365591397,-4456.0
INTC270115C00040000,40.0,-5868.0,空头平仓 Call，回补信号，看涨,16.15629646824131,CALL,58435.0,64303.0,6566292.0,4.2258618193051384e-05,5M-10M,2027-01-15,42.41540145874024,36.51580047607422,44.27999877929688,44.459999084472656,42.310001373291016,11.19,11.1,11.25,633.0,0.6221961608886719,True,INTC,7.34,0.5245231607629427,0.1615629646824131,155383500000.0,52.45231607629427,-5868.0
TSLA271217P00510000,510.0,415.0,多头买 Put，看跌,-11.45003824844352,PUT,714.0,299.0,6559075.0,4.617481054477764e-06,5M-10M,2027-12-17,437.760009765625,494.364990234375,445.0299987792969,445.0299987792969,436.7099914550781,158.05,154.35,155.3,1.0,0.4528176667022705,True,TSLA,146.19,0.08112730008892546,-0.11450038248443518,1420487690716.0,8.112730008892546,415.0
MU260220C00330000,330.0,898.0,多头买 Call，看涨,42.97252733899956,CALL,2748.0,1850.0,6542828.0,3.717414427183245e-05,5M-10M,2026-02-20,389.6000061035156,272.4999084472656,395.6300048828125,398.0,384.2999877929688,72.86,72.2,74.8,4.0,0.9460454614257812,True,MU,8.05,8.050931677018633,0.4297252733899956,176004804634.0,805.0931677018633,898.0
MSFT260220C00470000,470.0,4066.0,空头卖 Call，看跌/看不涨,-3.235167233073554,CALL,4568.0,502.0,6529995.999999999,1.7176211813053972e-06,5M-10M,2026-02-20,470.1900024414063,485.9100036621094,465.3049926757813,470.80999755859375,462.0,16.06,15.95,16.1,233.0,0.3203192968749999,True,MSFT,30.8,-0.47857142857142865,-0.03235167233073554,3801767276203.0,-47.85714285714286,4066.0
AG260220C00020000,20.0,8263.0,多头买 Call，看涨,54.78408038448875,CALL,8318.0,55.0,6486455.0,0.0010936504326136739,5M-10M,2026-02-20,27.420000076293945,17.71500015258789,27.190000534057617,27.690000534057617,26.299999237060547,7.85,7.45,7.95,1091.0,0.929688203125,True,AG,1.57,3.9999999999999996,0.5478408038448875,5931013061.0,399.99999999999994,8263.0
PLTR260320P00170000,170.0,4571.0,多头买 Put，看跌,-12.513273364341075,PUT,9318.0,4747.0,6467965.0,1.5353970141437636e-05,5M-10M,2026-03-20,168.9499969482422,193.1150054931641,168.2100067138672,170.58970642089844,168.02000427246094,14.15,13.8,13.9,14.0,0.5128222546386718,True,PLTR,10.0,0.41500000000000004,-0.12513273364341074,421256843697.0,41.5,4571.0
AMZN260618C00240000,240.0,2950.0,多头买 Call，看涨,4.871287650576244,CALL,8342.0,5392.0,6451650.0,2.7524874643167532e-06,5M-10M,2026-06-18,239.2350006103516,228.12249755859372,239.97999572753903,240.9499969482422,237.5399932861328,21.87,21.8,21.95,208.0,0.3727174545288085,False,AMZN,17.62,0.2412031782065834,0.04871287650576244,2343934380679.0,24.12031782065834,2950.0
NBIS270115P00085000,85.0,2604.0,空头卖 Put，看涨/看不跌,2.0599692843405224,PUT,3502.0,898.0,6444900.0,0.00025131879978882804,5M-10M,2027-01-15,95.13009643554688,93.20999908447266,97.87000274658205,100.87999725341795,95.0199966430664,24.75,23.15,24.35,70.0,0.8286149951171874,False,NBIS,27.3,-0.09340659340659344,0.020599692843405223,25644321099.0,-9.340659340659343,2604.0
AAL271217C00015000,15.0,15899.0,空头卖 Call，看跌/看不涨,-8.809740504042972,CALL,17287.0,1388.0,6439095.0,0.0008628413431633269,5M-10M,2027-12-17,14.595000267028809,16.0049991607666,14.539999961853027,14.775799751281738,14.5,4.05,3.9,4.2,5.0,0.5349167602539062,False,AAL,4.95,-0.18181818181818188,-0.08809740504042972,7462663966.0,-18.181818181818187,15899.0
AVGO270115C00300000,300.0,813.0,空头卖 Call，看跌/看不涨,-4.988674328462883,CALL,3856.0,3043.0,6433268.999999999,4.072274898561175e-06,5M-10M,2027-01-15,322.89599609375,339.8500061035156,319.95001220703125,328.010009765625,317.6000061035156,79.13,77.0,78.0,21.0,0.5405777143859865,True,AVGO,90.7,-0.1275633958103639,-0.04988674328462883,1579772770810.0,-12.756339581036391,813.0
HL260618C00025000,25.0,4941.0,多头买 Call，看涨,60.101494175764984,CALL,8605.0,3664.0,6423300.0,0.0008215294942059231,5M-10M,2026-06-18,33.125,20.690000534057617,33.599998474121094,34.16999816894531,32.83000183105469,13.0,12.9,13.1,26.0,1.175297092285156,True,HL,3.5,2.7142857142857144,0.6010149417576498,7818708939.0,271.42857142857144,4941.0
NVDA260515C00150000,150.0,1457.0,多头买 Call，看涨,2.2416703284091137,CALL,3247.0,1790.0,6420999.0,1.4829038777445909e-06,5M-10M,2026-05-15,187.03579711914065,182.93499755859372,187.07000732421875,189.1199951171875,186.8500061035156,44.07,43.0,43.55,160.0,0.5275926147460939,True,NVDA,41.83,0.05355008367200579,0.022416703284091136,4330017000000.0,5.355008367200579,1457.0
RKLB260220C00060000,60.0,-2405.0,空头平仓 Call，回补信号，看涨,7.73763912943191,CALL,1320.0,3725.0,6382870.0,0.0002878408729535692,5M-10M,2026-02-20,84.0999984741211,78.05999755859375,86.79000091552734,87.16000366210938,83.47000122070312,26.54,25.15,27.7,1.0,1.3481477905273436,True,RKLB,21.58,0.22984244670991666,0.0773763912943191,22174995283.0,22.984244670991664,-2405.0
ORCL280121P00150000,150.0,2163.0,多头买 Put，看跌,-7.6536274924175025,PUT,2883.0,720.0,6378687.0,7.918795768178236e-06,5M-10M,2028-01-21,181.8300018310547,196.8999938964844,179.10000610351562,185.27999877929688,178.52999877929688,29.49,28.05,29.85,6.0,0.4816030844116211,False,ORCL,26.45,0.11493383742911151,-0.07653627492417503,805512250440.0,11.493383742911151,2163.0
AVGO270115P00320000,320.0,1187.0,多头买 Put，看跌,-4.988674328462883,PUT,2813.0,1626.0,6365881.000000001,4.029618130926519e-06,5M-10M,2027-01-15,322.89599609375,339.8500061035156,319.95001220703125,328.010009765625,317.6000061035156,53.63,54.25,54.8,3.0,0.4482629637145995,False,AVGO,49.38,0.08606723369785338,-0.04988674328462883,1579772770810.0,8.606723369785337,1187.0
XOM260220C00130000,130.0,9412.0,多头买 Call，看涨,13.805860983407728,CALL,15818.0,6406.0,6353100.0,1.2712866225271108e-05,5M-10M,2026-02-20,134.5299072265625,118.20999908447266,136.92999267578125,136.93980407714844,134.3699951171875,6.75,6.15,6.65,115.0,0.2844309838867186,True,XOM,0.55,11.272727272727272,0.13805860983407728,499737815802.0,1127.2727272727273,9412.0
AMZN260220C00245000,245.0,8009.0,多头买 Call，看涨,4.871287650576244,CALL,16736.0,8727.0,6327110.000000001,2.699354577565921e-06,5M-10M,2026-02-20,239.2350006103516,228.12249755859372,239.97999572753903,240.9499969482422,237.5399932861328,7.9,7.85,7.95,1146.0,0.411688012084961,False,AMZN,6.0,0.3166666666666667,0.04871287650576244,2343934380679.0,31.66666666666667,8009.0
GOOG260130C00315000,315.0,3619.0,多头买 Call，看涨,7.301066512344982,CALL,3755.0,136.0,6326012.0,2.1161513180065217e-06,5M-10M,2026-01-30,333.5078125,310.81500244140625,328.20001220703125,333.760009765625,327.489990234375,17.48,17.4,17.8,24.0,1.0000000000000004e-05,True,GOOG,10.1,0.7306930693069308,0.07301066512344982,2989394920000.0,73.06930693069307,3619.0
AMZN260320C00240000,240.0,4847.0,多头买 Call，看涨,4.871287650576244,CALL,13092.0,8245.0,6325335.000000001,2.698597303806625e-06,5M-10M,2026-03-20,239.2350006103516,228.12249755859372,239.97999572753903,240.9499969482422,237.5399932861328,13.05,13.0,13.1,328.0,0.3669191726684571,False,AMZN,9.9,0.31818181818181823,0.04871287650576244,2343934380679.0,31.818181818181824,4847.0
CORZ260220C00019000,19.0,33250.0,多头买 Call，看涨,21.48095695165029,CALL,39479.0,6229.0,6317500.0,0.001227620996808864,5M-10M,2026-02-20,19.14539909362793,15.760000228881836,19.030000686645508,19.82999992370605,18.86000061035156,1.9,1.75,1.97,27.0,0.8818371191406249,True,CORZ,1.15,0.6521739130434783,0.21480956951650287,5146132248.0,65.21739130434783,33250.0
BAC280121P00050000,50.0,10220.0,多头买 Put，看跌,-7.007089756828068,PUT,10443.0,223.0,6315960.0,1.633226516225909e-05,5M-10M,2028-01-21,52.095001220703125,56.02040100097656,51.79999923706055,52.275001525878906,51.66999816894531,6.18,5.9,6.25,271.0,0.2539747454833985,False,BAC,5.2,0.18846153846153837,-0.07007089756828068,386716719160.0,18.846153846153836,10220.0
AAPL261218C00290000,290.0,4739.0,空头卖 Call，看跌/看不涨,-6.501043010149722,CALL,13147.0,8408.0,6302870.0,1.6625324378882544e-06,5M-10M,2026-12-18,254.4199981689453,272.1099853515625,251.47999572753903,254.88999938964844,249.8000030517578,13.3,13.75,13.9,46.0,0.2753978710937499,False,AAPL,23.8,-0.4411764705882353,-0.06501043010149722,3791126029400.0,-44.11764705882353,4739.0
NFLX260417C00085000,85.0,9656.0,空头卖 Call，看跌/看不涨,-8.113600080174542,CALL,9795.0,139.0,6276400.0,1.2200923328028632e-05,5M-10M,2026-04-17,85.9000015258789,93.48500061035156,86.91000366210938,86.94000244140625,85.3499984741211,6.5,6.45,6.7,205.0,0.3852600537109374,True,NFLX,13.57,-0.5210022107590273,-0.08113600080174543,514420083731.0,-52.10022107590273,9656.0
NFLX260220P00102000,102.0,-3931.0,空头平仓 Put，回补，看跌信号减弱,-8.113600080174542,PUT,509.0,4440.0,6262083.0,1.2173091988520732e-05,5M-10M,2026-02-20,85.9000015258789,93.48500061035156,86.91000366210938,86.94000244140625,85.3499984741211,15.93,15.5,16.75,1.0,0.5236864038085938,True,NFLX,9.95,0.6010050251256283,-0.08113600080174543,514420083731.0,60.10050251256283,-3931.0
NFLX280121P00080000,80.0,4964.0,多头买 Put，看跌,-8.113600080174542,PUT,7566.0,2602.0,6254640.0,1.2158623268819865e-05,5M-10M,2028-01-21,85.9000015258789,93.48500061035156,86.91000366210938,86.94000244140625,85.3499984741211,12.6,12.45,12.75,58.0,0.3360967269897461,False,NFLX,11.0,0.14545454545454542,-0.08113600080174543,514420083731.0,14.545454545454541,4964.0
NEM260220C00115000,115.0,3791.0,多头买 Call，看涨,20.641262548794757,CALL,4178.0,387.0,6251359.0,6.675746979714681e-05,5M-10M,2026-02-20,126.8000030517578,105.1050033569336,127.70999908447266,128.99000549316406,125.72000122070312,16.49,16.15,16.75,226.0,0.7375514526367187,True,NEM,3.95,3.174683544303797,0.20641262548794756,93642839056.0,317.4683544303797,3791.0
PLTR270617C00210000,210.0,1774.0,空头卖 Call，看跌/看不涨,-12.513273364341075,CALL,2470.0,696.0,6242706.0,1.4819239362886718e-05,5M-10M,2027-06-17,168.9499969482422,193.1150054931641,168.2100067138672,170.58970642089844,168.02000427246094,35.19,34.7,34.95,668.0,0.6074410594177246,False,PLTR,52.87,-0.33440514469453375,-0.12513273364341074,421256843697.0,-33.440514469453376,1774.0
BABA270115C00140000,140.0,1367.0,多头买 Call，看涨,13.670795969503427,CALL,3388.0,2021.0,6233520.0,1.570202713137217e-05,5M-10M,2027-01-15,171.9272003173828,151.25010681152344,169.7899932861328,172.27999877929688,168.67999267578125,45.6,45.05,45.9,20.0,0.4444025286865234,True,BABA,31.25,0.45920000000000005,0.13670795969503427,396988232656.0,45.92,1367.0
TSLA260417C00500000,500.0,3074.0,空头卖 Call，看跌/看不涨,-11.45003824844352,CALL,10054.0,6980.0,6230998.0,4.386520235778496e-06,5M-10M,2026-04-17,437.760009765625,494.364990234375,445.0299987792969,445.0299987792969,436.7099914550781,20.27,20.2,20.35,136.0,0.50586431640625,False,TSLA,59.42,-0.6588690676539887,-0.11450038248443518,1420487690716.0,-65.88690676539886,3074.0
AVGO280121C00270000,270.0,527.0,空头卖 Call，看跌/看不涨,-4.988674328462883,CALL,586.0,59.0,6223870.0,3.939724823088844e-06,5M-10M,2028-01-21,322.89599609375,339.8500061035156,319.95001220703125,328.010009765625,317.6000061035156,118.1,118.25,120.55,170.0,0.5582166981506349,True,AVGO,132.87,-0.1111612854669979,-0.04988674328462883,1579772770810.0,-11.11612854669979,527.0
LRCX260220P00220000,220.0,4719.0,空头卖 Put，看涨/看不跌,25.410203828102514,PUT,4719.0,0.0,6219642.0,3.829424584005025e-05,5M-10M,2026-02-20,220.1199951171875,175.52000427246094,218.97000122070312,222.6000061035156,215.9300994873047,13.18,12.4,13.95,1.0,0.5654340332031251,False,LRCX,68.1,-0.8064610866372981,0.2541020382810251,162417142930.0,-80.6461086637298,4719.0
AMZN260618C00245000,245.0,3165.0,多头买 Call，看涨,4.871287650576244,CALL,7331.0,4166.0,6203400.000000001,2.6465757962912663e-06,5M-10M,2026-06-18,239.2350006103516,228.12249755859372,239.97999572753903,240.9499969482422,237.5399932861328,19.6,19.35,19.5,3.0,0.3677736563110352,False,AMZN,15.67,0.25079770261646467,0.04871287650576244,2343934380679.0,25.079770261646466,3165.0
PYPL270115C00060000,60.0,7735.0,空头卖 Call，看跌/看不涨,-6.0003358805115194,CALL,15894.0,8159.0,6188000.0,9.624093206465929e-05,5M-10M,2027-01-15,56.709999084472656,60.33000183105469,56.560001373291016,57.119998931884766,56.494998931884766,8.0,7.8,8.05,14.0,0.4213925048828125,False,PYPL,10.95,-0.26940639269406386,-0.060003358805115196,64296966657.0,-26.940639269406386,7735.0
COIN260320C00270000,270.0,15084.0,空头卖 Call，看跌/看不涨,-14.726438058638355,CALL,16417.0,1333.0,6184439.999999999,7.700105851156727e-05,5M-10M,2026-03-20,213.5249938964844,250.3999938964844,212.10499572753903,215.63999938964844,210.88999938964844,4.1,4.05,4.3,49.0,0.5866740551757812,False,COIN,22.0,-0.8136363636363636,-0.14726438058638355,80316298497.0,-81.36363636363636,15084.0
NVDA270115P00180000,180.0,2372.0,空头卖 Put，看涨/看不跌,2.2416703284091137,PUT,27364.0,24992.0,6183804.0,1.4281246470856813e-06,5M-10M,2027-01-15,187.03579711914065,182.93499755859372,187.07000732421875,189.1199951171875,186.8500061035156,26.07,26.15,26.35,3.0,0.4149533602905273,False,NVDA,27.75,-0.06054054054054053,0.022416703284091136,4330017000000.0,-6.0540540540540535,2372.0
AMD260417C00250000,250.0,2140.0,多头买 Call，看涨,16.942433152031956,CALL,4756.0,2616.0,6182460.0,2.3890919474829188e-05,5M-10M,2026-04-17,250.8999938964844,214.5500030517578,256.7449951171875,258.2898864746094,250.6999969482422,28.89,28.65,28.9,162.0,0.5990640679931643,True,AMD,12.87,1.244755244755245,0.16942433152031958,258778654648.0,124.47552447552451,2140.0
UNH260220P00350000,350.0,4320.0,空头卖 Put，看涨/看不跌,7.14366336056844,PUT,5089.0,769.0,6177600.0,1.9823878822101506e-05,5M-10M,2026-02-20,349.6579895019531,326.3450012207031,353.95001220703125,354.7900085449219,348.0,14.3,14.05,14.7,57.0,0.3898986791992188,True,UNH,30.85,-0.5364667747163695,0.0714366336056844,311624180890.0,-53.64667747163695,4320.0
AVGO260320C00340000,340.0,3060.0,空头卖 Call，看跌/看不涨,-4.988674328462883,CALL,8518.0,5458.0,6175080.0,3.908840634614711e-06,5M-10M,2026-03-20,322.89599609375,339.8500061035156,319.95001220703125,328.010009765625,317.6000061035156,20.18,19.65,19.9,110.0,0.5416000430297853,False,AVGO,33.24,-0.3929001203369435,-0.04988674328462883,1579772770810.0,-39.290012033694346,3060.0
PDD260618P00095000,95.0,11835.0,多头买 Put，看跌,-5.091649680741626,PUT,15999.0,4164.0,6154200.0,3.3348895718727833e-05,5M-10M,2026-06-18,107.18000030517578,112.93000030517578,106.0500030517578,107.44000244140624,105.16000366210938,5.2,5.2,5.4,66.0,0.411138701171875,False,PDD,3.7,0.4054054054054054,-0.05091649680741626,184539843595.0,40.54054054054054,11835.0
TSLA260821C00430000,430.0,815.0,空头卖 Call，看跌/看不涨,-11.45003824844352,CALL,1326.0,511.0,6149175.0,4.328918187879893e-06,5M-10M,2026-08-21,437.760009765625,494.364990234375,445.0299987792969,445.0299987792969,436.7099914550781,75.45,76.45,77.1,5.0,0.5616651499938965,True,TSLA,125.4,-0.39832535885167464,-0.11450038248443518,1420487690716.0,-39.83253588516747,815.0
MSFT260220C00445000,445.0,1969.0,空头卖 Call，看跌/看不涨,-3.235167233073554,CALL,2104.0,135.0,6141311.0,1.61538320308065e-06,5M-10M,2026-02-20,470.1900024414063,485.9100036621094,465.3049926757813,470.80999755859375,462.0,31.19,31.0,31.3,44.0,0.3206244696044921,True,MSFT,47.2,-0.3391949152542373,-0.03235167233073554,3801767276203.0,-33.91949152542373,1969.0
AMZN260320P00250000,250.0,3245.0,空头卖 Put，看涨/看不跌,4.871287650576244,PUT,7332.0,4087.0,6133049.999999999,2.616562157436913e-06,5M-10M,2026-03-20,239.2350006103516,228.12249755859372,239.97999572753903,240.9499969482422,237.5399932861328,18.9,18.95,19.15,10.0,0.3484562225341796,True,AMZN,26.4,-0.2840909090909091,0.04871287650576244,2343934380679.0,-28.40909090909091,3245.0
GOOG280121C00320000,320.0,748.0,多头买 Call，看涨,7.301066512344982,CALL,1514.0,766.0,6114900.0,2.0455310066560225e-06,5M-10M,2028-01-21,333.5078125,310.81500244140625,328.20001220703125,333.760009765625,327.489990234375,81.75,83.45,83.95,5.0,0.4250698362731934,True,GOOG,67.67,0.2080685680508349,0.07301066512344982,2989394920000.0,20.80685680508349,748.0
NEM260320C00100000,100.0,2074.0,多头买 Call，看涨,20.641262548794757,CALL,6033.0,3959.0,6095486.0,6.509292180211235e-05,5M-10M,2026-03-20,126.8000030517578,105.1050033569336,127.70999908447266,128.99000549316406,125.72000122070312,29.39,28.8,30.9,21.0,0.6999541723632813,True,NEM,11.95,1.459414225941423,0.20641262548794756,93642839056.0,145.9414225941423,2074.0
AAPL260417C00250000,250.0,3860.0,空头卖 Call，看跌/看不涨,-6.501043010149722,CALL,5597.0,1737.0,6079500.0,1.6036132676291345e-06,5M-10M,2026-04-17,254.4199981689453,272.1099853515625,251.47999572753903,254.88999938964844,249.8000030517578,15.75,15.15,15.2,169.0,0.2695995892333984,True,AAPL,30.95,-0.4911147011308562,-0.06501043010149722,3791126029400.0,-49.11147011308562,3860.0
AMD260220C00230000,230.0,2021.0,多头买 Call，看涨,16.942433152031956,CALL,6820.0,4799.0,6079167.999999999,2.349176754268663e-05,5M-10M,2026-02-20,250.8999938964844,214.5500030517578,256.7449951171875,258.2898864746094,250.6999969482422,30.08,29.85,30.05,33.0,0.6877472631835939,True,AMD,11.95,1.5171548117154812,0.16942433152031958,258778654648.0,151.7154811715481,2021.0
MU270115P00330000,330.0,945.0,空头卖 Put，看涨/看不跌,42.97252733899956,PUT,1091.0,146.0,6066900.0,3.4470081726553144e-05,5M-10M,2027-01-15,389.6000061035156,272.4999084472656,395.6300048828125,398.0,384.2999877929688,64.2,63.2,65.0,5.0,0.6539341247558594,False,MU,102.8,-0.37548638132295714,0.4297252733899956,176004804634.0,-37.548638132295714,945.0
TSM261218C00280000,280.0,-730.0,空头平仓 Call，回补信号，看涨,13.650945839784894,CALL,690.0,1420.0,6045860.0,4.264271346682033e-06,5M-10M,2026-12-18,333.0199890136719,293.0199890136719,332.7900085449219,334.17999267578125,330.2300109863281,82.82,83.25,86.3,1.0,0.4877523149108887,True,TSM,52.9,0.5655954631379961,0.13650945839784895,1417794391697.0,56.559546313799615,-730.0
AMD260220C00260000,260.0,4536.0,多头买 Call，看涨,16.942433152031956,CALL,8947.0,4411.0,6032880.0,2.331289653007177e-05,5M-10M,2026-02-20,250.8999938964844,214.5500030517578,256.7449951171875,258.2898864746094,250.6999969482422,13.3,13.0,13.2,259.0,0.6361120373535156,False,AMD,4.74,1.8059071729957805,0.16942433152031958,258778654648.0,180.59071729957805,4536.0
AAPL260220P00300000,300.0,-1160.0,空头平仓 Put，回补，看跌信号减弱,-6.501043010149722,PUT,186.0,1346.0,6032000.0,1.591084008609086e-06,5M-10M,2026-02-20,254.4199981689453,272.1099853515625,251.47999572753903,254.88999938964844,249.8000030517578,52.0,45.85,47.45,683.0,0.4996387927246094,True,AAPL,27.89,0.8644675510935819,-0.06501043010149722,3791126029400.0,86.4467551093582,-1160.0
PLTR260618P00160000,160.0,3494.0,多头买 Put，看跌,-12.513273364341075,PUT,5914.0,2420.0,6030644.0,1.4315836265292104e-05,5M-10M,2026-06-18,168.9499969482422,193.1150054931641,168.2100067138672,170.58970642089844,168.02000427246094,17.26,17.15,17.25,1.0,0.52109243560791,False,PLTR,13.95,0.2372759856630826,-0.12513273364341074,421256843697.0,23.72759856630826,3494.0
AAPL280121C00240000,240.0,1108.0,空头卖 Call，看跌/看不涨,-6.501043010149722,CALL,1987.0,879.0,6029736.0,1.5904868245581095e-06,5M-10M,2028-01-21,254.4199981689453,272.1099853515625,251.47999572753903,254.88999938964844,249.8000030517578,54.42,54.05,54.4,15.0,0.3399037567901611,True,AAPL,69.6,-0.21810344827586198,-0.06501043010149722,3791126029400.0,-21.8103448275862,1108.0
TSLA260717C00450000,450.0,1005.0,空头卖 Call，看跌/看不涨,-11.45003824844352,CALL,2932.0,1927.0,6028995.0,4.2443134420693724e-06,5M-10M,2026-07-17,437.760009765625,494.364990234375,445.0299987792969,445.0299987792969,436.7099914550781,59.99,59.75,60.0,11.0,0.5431259066772461,False,TSLA,107.22,-0.440496176086551,-0.11450038248443518,1420487690716.0,-44.0496176086551,1005.0
PLTR260918P00170000,170.0,2183.0,多头买 Put，看跌,-12.513273364341075,PUT,3601.0,1418.0,6003250.0,1.4250807054705074e-05,5M-10M,2026-09-18,168.9499969482422,193.1150054931641,168.2100067138672,170.58970642089844,168.02000427246094,27.5,28.2,28.35,27.0,0.5140124282836914,True,PLTR,22.6,0.21681415929203532,-0.12513273364341074,421256843697.0,21.68141592920353,2183.0
WFC260618C00072500,72.5,-3566.0,多头平仓 Call，减仓，看涨减弱,-6.608988153905257,CALL,9654.0,13220.0,5998012.0,2.2025235265897225e-05,5M-10M,2026-06-18,87.96499633789062,94.19000244140624,87.0999984741211,88.13999938964844,87.0999984741211,16.82,16.25,17.5,10.0,0.36524072265625,True,WFC,21.9,-0.23196347031963463,-0.06608988153905257,272324537177.0,-23.196347031963462,-3566.0
AAPL261218C00200000,200.0,-927.0,多头平仓 Call，减仓，看涨减弱,-6.501043010149722,CALL,22810.0,23737.0,5987493.0,1.5793442247942378e-06,5M-10M,2026-12-18,254.4199981689453,272.1099853515625,251.47999572753903,254.88999938964844,249.8000030517578,64.59,65.75,66.0,2.0,0.3721071090698242,True,AAPL,84.24,-0.23326210826210816,-0.06501043010149722,3791126029400.0,-23.326210826210815,-927.0
PLTR280121C00200000,200.0,1244.0,空头卖 Call，看跌/看不涨,-12.513273364341075,CALL,3483.0,2239.0,5971200.0,1.4174725204689949e-05,5M-10M,2028-01-21,168.9499969482422,193.1150054931641,168.2100067138672,170.58970642089844,168.02000427246094,48.0,47.5,48.55,4.0,0.6210670217895509,False,PLTR,67.79,-0.29193096326891876,-0.12513273364341074,421256843697.0,-29.193096326891876,1244.0
COIN260417P00240000,240.0,1544.0,多头买 Put，看跌,-14.726438058638355,PUT,2615.0,1071.0,5959840.0,7.420461489796636e-05,5M-10M,2026-04-17,213.5249938964844,250.3999938964844,212.10499572753903,215.63999938964844,210.88999938964844,38.6,37.65,39.15,10.0,0.5337571038818358,True,COIN,24.75,0.5595959595959596,-0.14726438058638355,80316298497.0,55.959595959595966,1544.0
XOM270115C00130000,130.0,3879.0,多头买 Call，看涨,13.805860983407728,CALL,6227.0,2348.0,5954265.0,1.1914777732888492e-05,5M-10M,2027-01-15,134.5299072265625,118.20999908447266,136.92999267578125,136.93980407714844,134.3699951171875,15.35,14.5,15.65,7.0,0.2557142300415039,True,XOM,6.25,1.456,0.13805860983407728,499737815802.0,145.6,3879.0
TSLA261218C00400000,400.0,539.0,空头卖 Call，看跌/看不涨,-11.45003824844352,CALL,5491.0,4952.0,5950021.0,4.1887170433704205e-06,5M-10M,2026-12-18,437.760009765625,494.364990234375,445.0299987792969,445.0299987792969,436.7099914550781,110.39,111.3,111.75,12.0,0.5854991401672363,True,TSLA,161.9,-0.31815935762816555,-0.11450038248443518,1420487690716.0,-31.815935762816554,539.0
TSLA260618P00450000,450.0,1053.0,多头买 Put，看跌,-11.45003824844352,PUT,2869.0,1816.0,5941026.0,4.182384711130733e-06,5M-10M,2026-06-18,437.760009765625,494.364990234375,445.0299987792969,445.0299987792969,436.7099914550781,56.42,55.6,55.8,223.0,0.4458978750610352,True,TSLA,47.6,0.18529411764705883,-0.11450038248443518,1420487690716.0,18.529411764705884,1053.0
BIDU260320C00150000,150.0,-3644.0,空头平仓 Call，回补信号，看涨,25.26790580107893,CALL,13169.0,16813.0,5939720.0,0.00013155272685279077,5M-10M,2026-03-20,155.9741973876953,124.5124969482422,158.00999450683594,159.10000610351562,155.34010314941406,16.3,15.15,16.15,15.0,0.5306443420410156,True,BIDU,3.8,3.2894736842105265,0.25267905801078927,45150869481.0,328.94736842105266,-3644.0
BABA260515C00155000,155.0,2114.0,多头买 Call，看涨,13.670795969503427,CALL,2202.0,88.0,5919200.0,1.491026562777021e-05,5M-10M,2026-05-15,171.9272003173828,151.25010681152344,169.7899932861328,172.27999877929688,168.67999267578125,28.0,24.65,25.3,27.0,0.4303645831298829,True,BABA,13.31,1.1036814425244177,0.13670795969503427,396988232656.0,110.36814425244177,2114.0
AAPL260320C00200000,200.0,1127.0,空头卖 Call，看跌/看不涨,-6.501043010149722,CALL,6757.0,5630.0,5899845.0,1.5562249722765706e-06,5M-10M,2026-03-20,254.4199981689453,272.1099853515625,251.47999572753903,254.88999938964844,249.8000030517578,52.35,54.2,54.9,1.0,0.3503482934570311,True,AAPL,75.21,-0.30394894295971275,-0.06501043010149722,3791126029400.0,-30.394894295971277,1127.0
AAPL260220P00270000,270.0,3163.0,多头买 Put，看跌,-6.501043010149722,PUT,7580.0,4417.0,5883180.0,1.5518291806645893e-06,5M-10M,2026-02-20,254.4199981689453,272.1099853515625,251.47999572753903,254.88999938964844,249.8000030517578,18.6,18.9,19.1,32.0,0.3353337951660156,True,AAPL,8.3,1.2409638554216866,-0.06501043010149722,3791126029400.0,124.09638554216866,3163.0
TSLA260515C00450000,450.0,1270.0,空头卖 Call，看跌/看不涨,-11.45003824844352,CALL,4125.0,2855.0,5867400.0,4.130553216580514e-06,5M-10M,2026-05-15,437.760009765625,494.364990234375,445.0299987792969,445.0299987792969,436.7099914550781,46.2,45.95,46.2,62.0,0.5366867620849609,False,TSLA,93.15,-0.5040257648953301,-0.11450038248443518,1420487690716.0,-50.40257648953301,1270.0
INTC270115P00040000,40.0,8553.0,空头卖 Put，看涨/看不跌,16.15629646824131,PUT,10452.0,1899.0,5858805.0,3.7705451351012174e-05,5M-10M,2027-01-15,42.41540145874024,36.51580047607422,44.27999877929688,44.459999084472656,42.310001373291016,6.85,6.65,7.0,188.0,0.5079394909667969,False,INTC,9.0,-0.23888888888888893,0.1615629646824131,155383500000.0,-23.888888888888893,8553.0
BABA260320P00155000,155.0,12598.0,空头卖 Put，看涨/看不跌,13.670795969503427,PUT,16736.0,4138.0,5858070.0,1.475628121470331e-05,5M-10M,2026-03-20,171.9272003173828,151.25010681152344,169.7899932861328,172.27999877929688,168.67999267578125,4.65,4.6,4.75,8.0,0.4495294305419921,False,BABA,13.3,-0.650375939849624,0.13670795969503427,396988232656.0,-65.0375939849624,12598.0
GOOGL260220C00330000,330.0,4024.0,多头买 Call，看涨,7.666189714388108,CALL,12356.0,8332.0,5854920.0,1.963647863778837e-06,5M-10M,2026-02-20,332.989990234375,309.2799987792969,327.8099975585937,333.2900085449219,327.0,14.55,14.6,14.7,192.0,0.3718324536132812,True,GOOGL,9.3,0.564516129032258,0.07666189714388108,2981654760000.0,56.4516129032258,4024.0
MU270617P00300000,300.0,906.0,空头卖 Put，看涨/看不跌,42.97252733899956,PUT,947.0,41.0,5854572.0,3.3263705568575337e-05,5M-10M,2027-06-17,389.6000061035156,272.4999084472656,395.6300048828125,398.0,384.2999877929688,64.62,62.45,64.25,2.0,0.6470982556152343,False,MU,92.41,-0.30072502975868404,0.4297252733899956,176004804634.0,-30.072502975868403,906.0
TSLA261218P00460000,460.0,671.0,多头买 Put，看跌,-11.45003824844352,PUT,2098.0,1427.0,5851120.0,4.119092364011074e-06,5M-10M,2026-12-18,437.760009765625,494.364990234375,445.0299987792969,445.0299987792969,436.7099914550781,87.2,88.5,88.85,1.0,0.4594780615234375,True,TSLA,81.75,0.06666666666666671,-0.11450038248443518,1420487690716.0,6.6666666666666705,671.0
NFLX270115C00095000,95.0,5844.0,空头卖 Call，看跌/看不涨,-8.113600080174542,CALL,8114.0,2270.0,5844000.0,1.1360365166177955e-05,5M-10M,2027-01-15,85.9000015258789,93.48500061035156,86.91000366210938,86.94000244140625,85.3499984741211,10.0,10.05,10.15,67.0,0.4028380029296875,False,NFLX,15.75,-0.36507936507936506,-0.08113600080174543,514420083731.0,-36.507936507936506,5844.0
NVDA260130P00185000,185.0,23406.0,空头卖 Put，看涨/看不跌,2.2416703284091137,PUT,23885.0,479.0,5828094.0,1.3459748541402955e-06,5M-10M,2026-01-30,187.03579711914065,182.93499755859372,187.07000732421875,189.1199951171875,186.8500061035156,2.49,2.49,2.5,13145.0,0.3962462719726562,False,NVDA,8.75,-0.7154285714285714,0.022416703284091136,4330017000000.0,-71.54285714285714,23406.0
MSFT260618P00490000,490.0,1298.0,多头买 Put，看跌,-3.235167233073554,PUT,2173.0,875.0,5815039.999999999,1.5295623265524415e-06,5M-10M,2026-06-18,470.1900024414063,485.9100036621094,465.3049926757813,470.80999755859375,462.0,44.8,41.9,42.2,1.0,0.2606885455322265,True,MSFT,35.4,0.2655367231638418,-0.03235167233073554,3801767276203.0,26.55367231638418,1298.0
NVDA260618C00155000,155.0,1352.0,多头买 Call，看涨,2.2416703284091137,CALL,8976.0,7624.0,5813600.0,1.342627523171387e-06,5M-10M,2026-06-18,187.03579711914065,182.93499755859372,187.07000732421875,189.1199951171875,186.8500061035156,43.0,41.85,42.35,2.0,0.5291795129394532,True,NVDA,40.59,0.059374230105937335,0.022416703284091136,4330017000000.0,5.937423010593734,1352.0
WDC260618C00200000,200.0,899.0,多头买 Call，看涨,39.5673227526318,CALL,1446.0,547.0,5798550.0,0.00015638351198426074,5M-10M,2026-06-18,245.1499938964844,175.64999389648438,236.3999938964844,250.44000244140625,234.318603515625,64.5,71.3,73.5,1.0,0.8413712152099608,True,WDC,25.55,1.5244618395303327,0.395673227526318,37079036827.0,152.44618395303326,899.0
TSLA270617C00370000,370.0,370.0,空头卖 Call，看跌/看不涨,-11.45003824844352,CALL,1539.0,1169.0,5766820.0,4.059746548801997e-06,5M-10M,2027-06-17,437.760009765625,494.364990234375,445.0299987792969,445.0299987792969,436.7099914550781,155.86,149.1,150.75,4.0,0.6075020939636231,True,TSLA,200.46,-0.2224882769629851,-0.11450038248443518,1420487690716.0,-22.24882769629851,370.0
ORCL260618C00230000,230.0,5448.0,空头卖 Call，看跌/看不涨,-7.6536274924175025,CALL,8388.0,2940.0,5763984.0,7.155675158076743e-06,5M-10M,2026-06-18,181.8300018310547,196.8999938964844,179.10000610351562,185.27999877929688,178.52999877929688,10.58,10.1,10.85,32.0,0.5532881585693359,False,ORCL,16.85,-0.3721068249258161,-0.07653627492417503,805512250440.0,-37.21068249258161,5448.0
TSLA261218C00350000,350.0,-396.0,多头平仓 Call，减仓，看涨减弱,-11.45003824844352,CALL,4804.0,5200.0,5748336.0,4.04673411643753e-06,5M-10M,2026-12-18,437.760009765625,494.364990234375,445.0299987792969,445.0299987792969,436.7099914550781,145.16,139.3,139.85,8.0,0.6081887326049805,True,TSLA,191.02,-0.2400795728196001,-0.11450038248443518,1420487690716.0,-24.00795728196001,-396.0
TSLA260130C00425000,425.0,2482.0,空头卖 Call，看跌/看不涨,-11.45003824844352,CALL,2590.0,108.0,5743348.0,4.0432226463751e-06,5M-10M,2026-01-30,437.760009765625,494.364990234375,445.0299987792969,445.0299987792969,436.7099914550781,23.14,23.05,23.2,1222.0,0.7907735766601562,True,TSLA,79.58,-0.7092234229705956,-0.11450038248443518,1420487690716.0,-70.92234229705956,2482.0
JPM260417P00275000,275.0,11005.0,多头买 Put，看跌,-6.737520280323938,PUT,11221.0,216.0,5722600.0,6.584609668190526e-06,5M-10M,2026-04-17,300.1000061035156,321.7799987792969,297.8099975585937,301.01129150390625,297.5,5.2,5.0,5.2,20.0,0.2653271710205078,False,JPM,4.17,0.24700239808153485,-0.06737520280323939,869087203095.0,24.700239808153484,11005.0
TSLA260130C00435000,435.0,3396.0,空头卖 Call，看跌/看不涨,-11.45003824844352,CALL,3500.0,104.0,5722260.000000001,4.028377040786382e-06,5M-10M,2026-01-30,437.760009765625,494.364990234375,445.0299987792969,445.0299987792969,436.7099914550781,16.85,16.85,16.9,4160.0,0.7580590600585939,True,TSLA,70.2,-0.75997150997151,-0.11450038248443518,1420487690716.0,-75.997150997151,3396.0
AMD260220C00200000,200.0,-1046.0,空头平仓 Call，回补信号，看涨,16.942433152031956,CALL,5886.0,6932.0,5718482.0,2.209796634030146e-05,5M-10M,2026-02-20,250.8999938964844,214.5500030517578,256.7449951171875,258.2898864746094,250.6999969482422,54.67,54.9,55.9,124.0,0.870240555419922,True,AMD,26.4,1.0708333333333335,0.16942433152031958,258778654648.0,107.08333333333336,-1046.0
AMD270115P00180000,180.0,3240.0,空头卖 Put，看涨/看不跌,16.942433152031956,PUT,6743.0,3503.0,5705640.0,2.2048340918075396e-05,5M-10M,2027-01-15,250.8999938964844,214.5500030517578,256.7449951171875,258.2898864746094,250.6999969482422,17.61,17.3,17.45,2.0,0.5305222729492188,False,AMD,24.35,-0.2767967145790555,0.16942433152031958,258778654648.0,-27.679671457905553,3240.0
RKLB261218C00100000,100.0,2256.0,多头买 Call，看涨,7.73763912943191,CALL,3007.0,751.0,5705424.0,0.00025729087772902236,5M-10M,2026-12-18,84.0999984741211,78.05999755859375,86.79000091552734,87.16000366210938,83.47000122070312,25.29,23.65,26.3,260.0,0.9640506524658204,False,RKLB,21.22,0.19180018850141378,0.0773763912943191,22174995283.0,19.18001885014138,2256.0
AMD280121C00260000,260.0,671.0,多头买 Call，看涨,16.942433152031956,CALL,2243.0,1572.0,5703500.0,2.204007130247317e-05,5M-10M,2028-01-21,250.8999938964844,214.5500030517578,256.7449951171875,258.2898864746094,250.6999969482422,85.0,84.1,85.9,17.0,0.6442143733215333,False,AMD,56.28,0.5103056147832267,0.16942433152031958,258778654648.0,51.03056147832267,671.0
BIDU260618C00160000,160.0,3017.0,多头买 Call，看涨,25.26790580107893,CALL,3106.0,89.0,5702130.0,0.00012629059120111786,5M-10M,2026-06-18,155.9741973876953,124.5124969482422,158.00999450683594,159.10000610351562,155.34010314941406,18.9,18.5,19.1,4.0,0.5264939929199219,False,BIDU,6.8,1.779411764705882,0.25267905801078927,45150869481.0,177.9411764705882,3017.0
MSFT261218C00500000,500.0,1343.0,空头卖 Call，看跌/看不涨,-3.235167233073554,CALL,5384.0,4041.0,5701035.000000001,1.4995749570694098e-06,5M-10M,2026-12-18,470.1900024414063,485.9100036621094,465.3049926757813,470.80999755859375,462.0,42.45,41.2,41.55,21.0,0.302214924697876,False,MSFT,52.14,-0.18584579976985036,-0.03235167233073554,3801767276203.0,-18.584579976985037,1343.0
AAPL260220C00260000,260.0,11871.0,空头卖 Call，看跌/看不涨,-6.501043010149722,CALL,22710.0,10839.0,5698080.0,1.5030046365675169e-06,5M-10M,2026-02-20,254.4199981689453,272.1099853515625,251.47999572753903,254.88999938964844,249.8000030517578,4.8,4.85,4.95,3368.0,0.2697826928710937,False,AAPL,18.72,-0.7435897435897435,-0.06501043010149722,3791126029400.0,-74.35897435897435,11871.0
TSM260515C00270000,270.0,828.0,多头买 Call，看涨,13.650945839784894,CALL,1254.0,426.0,5696639.999999999,4.017959186015345e-06,5M-10M,2026-05-15,333.0199890136719,293.0199890136719,332.7900085449219,334.17999267578125,330.2300109863281,68.8,71.1,74.25,2.0,0.5152941537475585,True,TSM,44.5,0.546067415730337,0.13650945839784895,1417794391697.0,54.6067415730337,828.0
AVGO260417P00350000,350.0,1341.0,多头买 Put，看跌,-4.988674328462883,PUT,2527.0,1186.0,5691203.999999999,3.602545951644639e-06,5M-10M,2026-04-17,322.89599609375,339.8500061035156,319.95001220703125,328.010009765625,317.6000061035156,42.44,44.2,44.5,14.0,0.4561516787719727,True,AVGO,38.4,0.10520833333333332,-0.04988674328462883,1579772770810.0,10.520833333333332,1341.0
MSFT260220C00450000,450.0,1989.0,空头卖 Call，看跌/看不涨,-3.235167233073554,CALL,2455.0,466.0,5686551.0,1.4957651499592632e-06,5M-10M,2026-02-20,470.1900024414063,485.9100036621094,465.3049926757813,470.80999755859375,462.0,28.59,27.65,27.9,116.0,0.3233405068969726,True,MSFT,45.5,-0.37164835164835164,-0.03235167233073554,3801767276203.0,-37.16483516483516,1989.0
AMZN260320C00190000,190.0,1089.0,多头买 Call，看涨,4.871287650576244,CALL,3073.0,1984.0,5684580.0,2.425230009362834e-06,5M-10M,2026-03-20,239.2350006103516,228.12249755859372,239.97999572753903,240.9499969482422,237.5399932861328,52.2,50.4,51.1,3.0,0.4714408325195312,True,AMZN,42.19,0.2372600142213796,0.04871287650576244,2343934380679.0,23.72600142213796,1089.0
IREN270115C00050000,50.0,2354.0,多头买 Call，看涨,30.22046537113222,CALL,16450.0,14096.0,5673140.0,0.0004982949878728985,5M-10M,2027-01-15,54.34099960327149,41.72999954223633,56.13899993896485,57.04560089111328,54.16419982910156,24.1,23.5,24.65,245.0,1.116947774658203,True,IREN,14.84,0.6239892183288411,0.3022046537113222,11385103479.0,62.39892183288411,2354.0
AMZN260220P00280000,280.0,1246.0,空头卖 Put，看涨/看不跌,4.871287650576244,PUT,1275.0,29.0,5669300.0,2.418711055536331e-06,5M-10M,2026-02-20,239.2350006103516,228.12249755859372,239.97999572753903,240.9499969482422,237.5399932861328,45.5,41.7,42.25,1.0,0.4545952978515625,True,AMZN,56.71,-0.19767236818903192,0.04871287650576244,2343934380679.0,-19.767236818903193,1246.0
IREN260918P00050000,50.0,4248.0,空头卖 Put，看涨/看不跌,30.22046537113222,PUT,4380.0,132.0,5666832.0,0.0004977409305460033,5M-10M,2026-09-18,54.34099960327149,41.72999954223633,56.13899993896485,57.04560089111328,54.16419982910156,13.34,12.55,14.35,1.0,0.9516606396484374,False,IREN,18.4,-0.27499999999999997,0.3022046537113222,11385103479.0,-27.499999999999996,4248.0
NVDA260417P00165000,165.0,9409.0,空头卖 Put，看涨/看不跌,2.2416703284091137,PUT,15774.0,6365.0,5645400.0,1.3037824100921543e-06,5M-10M,2026-04-17,187.03579711914065,182.93499755859372,187.07000732421875,189.1199951171875,186.8500061035156,6.0,6.0,6.05,222.0,0.4368342449951171,False,NVDA,8.42,-0.28741092636579574,0.022416703284091136,4330017000000.0,-28.741092636579573,9409.0
NFLX260220P00105000,105.0,-2932.0,空头平仓 Put，回补，看跌信号减弱,-8.113600080174542,PUT,142.0,3074.0,5638236.0,1.0960373007031234e-05,5M-10M,2026-02-20,85.9000015258789,93.48500061035156,86.91000366210938,86.94000244140625,85.3499984741211,19.23,18.5,19.65,10.0,0.5607954077148438,True,NFLX,13.03,0.47582501918649284,-0.08113600080174543,514420083731.0,47.582501918649285,-2932.0
XOM270617P00140000,140.0,3158.0,空头卖 Put，看涨/看不跌,13.805860983407728,PUT,3161.0,3.0,5637030.0,1.1279974862325478e-05,5M-10M,2027-06-17,134.5299072265625,118.20999908447266,136.92999267578125,136.93980407714844,134.3699951171875,17.85,16.05,17.7,150.0,0.2298660998535156,True,XOM,28.12,-0.36522048364153625,0.13805860983407728,499737815802.0,-36.522048364153626,3158.0
AAPL260618C00260000,260.0,3694.0,空头卖 Call，看跌/看不涨,-6.501043010149722,CALL,9650.0,5956.0,5633350.0,1.4859305536966173e-06,5M-10M,2026-06-18,254.4199981689453,272.1099853515625,251.47999572753903,254.88999938964844,249.8000030517578,15.25,15.05,15.15,330.0,0.276252354736328,False,AAPL,28.7,-0.4686411149825784,-0.06501043010149722,3791126029400.0,-46.864111498257834,3694.0
NVDA270115P00175000,175.0,2370.0,空头卖 Put，看涨/看不跌,2.2416703284091137,PUT,7787.0,5417.0,5631120.0,1.300484501562003e-06,5M-10M,2027-01-15,187.03579711914065,182.93499755859372,187.07000732421875,189.1199951171875,186.8500061035156,23.76,23.8,23.9,13.0,0.4179135357666015,False,NVDA,25.32,-0.06161137440758289,0.022416703284091136,4330017000000.0,-6.161137440758289,2370.0
GOOGL260618P00325000,325.0,2239.0,空头卖 Put，看涨/看不跌,7.666189714388108,PUT,2401.0,162.0,5631085.0,1.8885771335914155e-06,5M-10M,2026-06-18,332.989990234375,309.2799987792969,327.8099975585937,333.2900085449219,327.0,25.15,24.05,24.25,11.0,0.3411625942993164,False,GOOGL,35.4,-0.2895480225988701,0.07666189714388108,2981654760000.0,-28.954802259887007,2239.0
TSLA260918C00470000,470.0,805.0,空头卖 Call，看跌/看不涨,-11.45003824844352,CALL,2063.0,1258.0,5630975.0,3.96411390031947e-06,5M-10M,2026-09-18,437.760009765625,494.364990234375,445.0299987792969,445.0299987792969,436.7099914550781,69.95,64.95,65.3,46.0,0.5556074713134767,False,TSLA,104.9,-0.33317445185891326,-0.11450038248443518,1420487690716.0,-33.31744518589132,805.0
TSM270115C00330000,330.0,963.0,多头买 Call，看涨,13.650945839784894,CALL,5297.0,4334.0,5599845.0,3.949687650617224e-06,5M-10M,2027-01-15,333.0199890136719,293.0199890136719,332.7900085449219,334.17999267578125,330.2300109863281,58.15,59.35,61.0,34.0,0.4598290101623535,True,TSM,37.55,0.5486018641810919,0.13650945839784895,1417794391697.0,54.860186418109194,963.0
MSFT260220C00475000,475.0,4037.0,空头卖 Call，看跌/看不涨,-3.235167233073554,CALL,5034.0,997.0,5591245.0,1.4706962824889782e-06,5M-10M,2026-02-20,470.1900024414063,485.9100036621094,465.3049926757813,470.80999755859375,462.0,13.85,13.75,13.9,951.0,0.3223029196166991,False,MSFT,28.0,-0.5053571428571428,-0.03235167233073554,3801767276203.0,-50.535714285714285,4037.0
AAPL260220C00250000,250.0,5720.0,空头卖 Call，看跌/看不涨,-6.501043010149722,CALL,11332.0,5612.0,5588439.999999999,1.474084469010504e-06,5M-10M,2026-02-20,254.4199981689453,272.1099853515625,251.47999572753903,254.88999938964844,249.8000030517578,9.77,9.65,9.75,3513.0,0.2717357983398437,True,AAPL,26.84,-0.6359910581222057,-0.06501043010149722,3791126029400.0,-63.59910581222057,5720.0
AMD260130C00215000,215.0,1445.0,多头买 Call，看涨,16.942433152031956,CALL,2002.0,557.0,5584925.0,2.1581861176289116e-05,5M-10M,2026-01-30,250.8999938964844,214.5500030517578,256.7449951171875,258.2898864746094,250.6999969482422,38.65,38.55,38.85,2.0,1.2939488427734374,True,AMD,13.0,1.973076923076923,0.16942433152031958,258778654648.0,197.3076923076923,1445.0
TSLA260320C00390000,390.0,785.0,空头卖 Call，看跌/看不涨,-11.45003824844352,CALL,1690.0,905.0,5573500.0,3.9236524444577655e-06,5M-10M,2026-03-20,437.760009765625,494.364990234375,445.0299987792969,445.0299987792969,436.7099914550781,71.0,63.65,65.05,225.0,0.5607343731689454,True,TSLA,119.37,-0.4052106894529614,-0.11450038248443518,1420487690716.0,-40.52106894529614,785.0
BAC270115C00050000,50.0,7947.0,空头卖 Call，看跌/看不涨,-7.007089756828068,CALL,22836.0,14889.0,5562900.0,1.4384948269325818e-05,5M-10M,2027-01-15,52.095001220703125,56.02040100097656,51.79999923706055,52.275001525878906,51.66999816894531,7.0,6.9,7.1,5.0,0.2994454821777343,True,BAC,10.09,-0.3062438057482656,-0.07007089756828068,386716719160.0,-30.62438057482656,7947.0
PBR260220C00012000,12.0,22702.0,多头买 Call，看涨,22.46028401516359,CALL,32078.0,9376.0,5561990.0,6.598454652241672e-05,5M-10M,2026-02-20,14.375,11.738499641418455,14.420000076293944,14.5600004196167,14.26259994506836,2.45,2.29,2.48,135.0,0.5546919531250001,True,PBR,0.24,9.208333333333334,0.2246028401516359,84292312263.0,920.8333333333334,22702.0
TSLA260130C00455000,455.0,7053.0,空头卖 Call，看跌/看不涨,-11.45003824844352,CALL,7308.0,255.0,5550711.0,3.907609362811269e-06,5M-10M,2026-01-30,437.760009765625,494.364990234375,445.0299987792969,445.0299987792969,436.7099914550781,7.87,7.9,8.0,2563.0,0.7205838488769531,False,TSLA,56.8,-0.861443661971831,-0.11450038248443518,1420487690716.0,-86.1443661971831,7053.0
GOOGL260918C00360000,360.0,1889.0,多头买 Call，看涨,7.666189714388108,CALL,2503.0,614.0,5536659.0,1.856908141840003e-06,5M-10M,2026-09-18,332.989990234375,309.2799987792969,327.8099975585937,333.2900085449219,327.0,29.31,29.55,29.75,23.0,0.3782715982055663,False,GOOGL,20.29,0.4445539674716609,0.07666189714388108,2981654760000.0,44.45539674716609,1889.0
AMD280121P00250000,250.0,834.0,空头卖 Put，看涨/看不跌,16.942433152031956,PUT,1373.0,539.0,5535258.0,2.1389932672496717e-05,5M-10M,2028-01-21,250.8999938964844,214.5500030517578,256.7449951171875,258.2898864746094,250.6999969482422,66.37,67.05,67.7,33.0,0.4935048208618164,False,AMD,78.0,-0.14910256410256403,0.16942433152031958,258778654648.0,-14.910256410256403,834.0
V270115P00350000,350.0,1441.0,多头买 Put，看跌,-7.538064103031732,PUT,2411.0,970.0,5533440.0,8.454735423618016e-06,5M-10M,2027-01-15,326.4599914550781,353.07501220703125,328.0,329.2200012207031,325.760009765625,38.4,37.9,39.25,7.0,0.1943592527770996,True,V,28.24,0.3597733711048159,-0.07538064103031732,654478197454.0,35.977337110481585,1441.0
CRWV260220P00080000,80.0,29120.0,空头卖 Put，看涨/看不跌,22.7774472055316,PUT,32642.0,3522.0,5532800.0,9.410355830295587e-05,5M-10M,2026-02-20,104.54499816894533,85.1500015258789,101.81999969482422,108.6500015258789,101.5500030517578,1.9,1.8,2.1,311.0,0.9924317163085938,False,CRWV,8.8,-0.7840909090909091,0.227774472055316,58794801172.0,-78.4090909090909,29120.0
COIN270115P00230000,230.0,1017.0,多头买 Put，看跌,-14.726438058638355,PUT,2793.0,1776.0,5527395.0,6.88203403722155e-05,5M-10M,2027-01-15,213.5249938964844,250.3999938964844,212.10499572753903,215.63999938964844,210.88999938964844,54.35,54.9,57.3,19.0,0.5507857421875001,True,COIN,48.7,0.11601642710472276,-0.14726438058638355,80316298497.0,11.601642710472277,1017.0
AVGO260220P00400000,400.0,690.0,多头买 Put，看跌,-4.988674328462883,PUT,1380.0,690.0,5520000.0,3.4941734039191723e-06,5M-10M,2026-02-20,322.89599609375,339.8500061035156,319.95001220703125,328.010009765625,317.6000061035156,80.0,74.2,76.7,45.0,1.0000000000000004e-05,True,AVGO,61.5,0.3008130081300813,-0.04988674328462883,1579772770810.0,30.081300813008134,690.0
NU260417C00019000,19.0,56285.0,多头买 Call，看涨,9.066016547221881,CALL,66849.0,10564.0,5515930.0,7.25413420264524e-05,5M-10M,2026-04-17,17.924999237060547,16.434999465942383,18.049999237060547,18.114999771118164,17.924999237060547,0.98,0.96,0.99,64.0,0.4204159521484375,False,NU,0.59,0.6610169491525424,0.0906601654722188,76038433339.0,66.10169491525424,56285.0
NVDA260918P00185000,185.0,2382.0,空头卖 Put，看涨/看不跌,2.2416703284091137,PUT,11313.0,8931.0,5514330.0,1.273512321083266e-06,5M-10M,2026-09-18,187.03579711914065,182.93499755859372,187.07000732421875,189.1199951171875,186.8500061035156,23.15,23.3,23.4,2.0,0.4111997357177734,False,NVDA,25.65,-0.09746588693957116,0.022416703284091136,4330017000000.0,-9.746588693957117,2382.0
NFLX270115C00076000,76.0,2847.0,空头卖 Call，看跌/看不涨,-8.113600080174542,CALL,3548.0,701.0,5508945.0,1.0709039507253631e-05,5M-10M,2027-01-15,85.9000015258789,93.48500061035156,86.91000366210938,86.94000244140625,85.3499984741211,19.35,19.2,19.65,1.0,0.4480646014404296,True,NFLX,26.65,-0.27392120075046894,-0.08113600080174543,514420083731.0,-27.392120075046893,2847.0
PDD260320P00110000,110.0,7265.0,多头买 Put，看跌,-5.091649680741626,PUT,19349.0,12084.0,5506870.0,2.9841089559421332e-05,5M-10M,2026-03-20,107.18000030517578,112.93000030517578,106.0500030517578,107.44000244140624,105.16000366210938,7.58,7.55,7.85,20.0,0.3809876354980468,True,PDD,5.7,0.32982456140350874,-0.05091649680741626,184539843595.0,32.98245614035088,7265.0
MU260130C00330000,330.0,821.0,多头买 Call，看涨,42.97252733899956,CALL,953.0,132.0,5476070.0,3.111318473031134e-05,5M-10M,2026-01-30,389.6000061035156,272.4999084472656,395.6300048828125,398.0,384.2999877929688,66.7,66.8,69.85,18.0,1.751344016723633,True,MU,4.45,13.988764044943819,0.4297252733899956,176004804634.0,1398.8764044943819,821.0
NVDA261218P00215000,215.0,1217.0,空头卖 Put，看涨/看不跌,2.2416703284091137,PUT,1581.0,364.0,5454594.0,1.2597165322907509e-06,5M-10M,2026-12-18,187.03579711914065,182.93499755859372,187.07000732421875,189.1199951171875,186.8500061035156,44.82,45.25,45.35,39.0,0.3888916091918946,True,NVDA,54.95,-0.18434940855323026,0.022416703284091136,4330017000000.0,-18.434940855323028,1217.0
AAPL260320C00215000,215.0,1508.0,空头卖 Call，看跌/看不涨,-6.501043010149722,CALL,1531.0,23.0,5451420.0,1.4379421727804616e-06,5M-10M,2026-03-20,254.4199981689453,272.1099853515625,251.47999572753903,254.88999938964844,249.8000030517578,36.15,40.25,41.05,88.0,0.3507145007324218,True,AAPL,59.29,-0.390285039635689,-0.06501043010149722,3791126029400.0,-39.0285039635689,1508.0
ORCL280121P00180000,180.0,1234.0,多头买 Put，看跌,-7.6536274924175025,PUT,2622.0,1388.0,5448110.0,6.763534629081115e-06,5M-10M,2028-01-21,181.8300018310547,196.8999938964844,179.10000610351562,185.27999877929688,178.52999877929688,44.15,43.4,46.2,4.0,0.4717765225219726,False,ORCL,39.9,0.10651629072681705,-0.07653627492417503,805512250440.0,10.651629072681706,1234.0
PLTR260417P00180000,180.0,2492.0,多头买 Put，看跌,-12.513273364341075,PUT,4152.0,1660.0,5447512.0,1.2931569140080881e-05,5M-10M,2026-04-17,168.9499969482422,193.1150054931641,168.2100067138672,170.58970642089844,168.02000427246094,21.86,22.0,22.1,31.0,0.4852346398925781,True,PLTR,15.9,0.3748427672955974,-0.12513273364341074,421256843697.0,37.48427672955974,2492.0
NVDA260717P00185000,185.0,2762.0,空头卖 Put，看涨/看不跌,2.2416703284091137,PUT,2909.0,147.0,5427330.0,1.2534200212146973e-06,5M-10M,2026-07-17,187.03579711914065,182.93499755859372,187.07000732421875,189.1199951171875,186.8500061035156,19.65,19.65,19.75,19.0,0.4079038702392578,False,NVDA,22.37,-0.12159141707644176,0.022416703284091136,4330017000000.0,-12.159141707644176,2762.0
AMZN260220C00200000,200.0,1310.0,多头买 Call，看涨,4.871287650576244,CALL,3246.0,1936.0,5423400.0,2.3138019753048415e-06,5M-10M,2026-02-20,239.2350006103516,228.12249755859372,239.97999572753903,240.9499969482422,237.5399932861328,41.4,39.6,40.7,2.0,0.5302781347656251,True,AMZN,31.88,0.2986198243412798,0.04871287650576244,2343934380679.0,29.86198243412798,1310.0
CRM261218P00240000,240.0,1488.0,多头买 Put，看跌,-12.396981878964281,PUT,2207.0,719.0,5416320.0,2.33718595271983e-05,5M-10M,2026-12-18,230.6499938964844,263.2900085449219,229.42999267578125,230.8699951171875,227.5850067138672,36.4,34.45,35.75,3.0,0.3487308779907226,True,CRM,22.9,0.5895196506550219,-0.1239698187896428,231745360000.0,58.951965065502186,1488.0
MU260717P00300000,300.0,1796.0,空头卖 Put，看涨/看不跌,42.97252733899956,PUT,1838.0,42.0,5411348.0,3.074545613259159e-05,5M-10M,2026-07-17,389.6000061035156,272.4999084472656,395.6300048828125,398.0,384.2999877929688,30.13,27.6,28.65,15.0,0.6758455267333985,False,MU,68.0,-0.5569117647058824,0.4297252733899956,176004804634.0,-55.691176470588246,1796.0
TSM260515C00280000,280.0,841.0,多头买 Call，看涨,13.650945839784894,CALL,1152.0,311.0,5399220.0,3.808182647370691e-06,5M-10M,2026-05-15,333.0199890136719,293.0199890136719,332.7900085449219,334.17999267578125,330.2300109863281,64.2,63.2,65.55,2.0,0.484654811706543,True,TSM,34.93,0.8379616375608361,0.13650945839784895,1417794391697.0,83.79616375608362,841.0
SNOW270115C00230000,230.0,-1512.0,多头平仓 Call，减仓，看涨减弱,-6.6906435866223175,CALL,2651.0,4163.0,5396328.0,7.090352828989193e-05,5M-10M,2027-01-15,210.1000061035156,225.1649932861328,211.7899932861328,212.1625061035156,208.6000061035156,35.69,34.8,36.7,30.0,0.5258836474609375,False,SNOW,44.95,-0.2060066740823138,-0.06690643586622318,76108032000.0,-20.60066740823138,-1512.0
BA280121C00230000,230.0,778.0,多头买 Call，看涨,15.078095100547314,CALL,1015.0,237.0,5391539.999999999,3.2225342915502875e-05,5M-10M,2028-01-21,249.0,216.3748016357422,251.4900054931641,251.5641021728516,247.40499877929688,69.3,63.4,68.1,7.0,0.4381617463684082,True,BA,43.28,0.6012014787430683,0.15078095100547315,167307451596.0,60.12014787430683,778.0
META260220P00710000,710.0,-960.0,多头平仓 Put，减仓，看跌减弱,1.5362789484275803,PUT,1251.0,2211.0,5390400.0,2.8850272609174736e-06,5M-10M,2026-02-20,669.1849975585938,659.0599975585938,665.2249755859375,671.7100219726562,661.2855224609375,56.15,56.25,56.7,1.0,0.4399775241088867,True,META,65.75,-0.14600760456273768,0.015362789484275802,1868405222031.0,-14.600760456273768,-960.0
FCX261218C00060000,60.0,4266.0,多头买 Call，看涨,23.122216569983305,CALL,7813.0,3547.0,5387958.0,0.00010496923458759272,5M-10M,2026-12-18,62.45989990234375,50.72999954223633,63.415000915527344,63.57500076293945,62.08000183105469,12.63,12.65,13.0,9.0,0.5053760400390624,True,FCX,4.9,1.5775510204081633,0.23122216569983303,51328925291.0,157.75510204081633,4266.0
XOM260918C00110000,110.0,-1978.0,空头平仓 Call，回补信号，看涨,13.805860983407728,CALL,9081.0,11059.0,5382138.0,1.0769923407462214e-05,5M-10M,2026-09-18,134.5299072265625,118.20999908447266,136.92999267578125,136.93980407714844,134.3699951171875,27.21,27.1,27.2,1146.0,0.2767406311035155,True,XOM,13.87,0.9617880317231436,0.13805860983407728,499737815802.0,96.17880317231436,-1978.0
AVGO260618P00340000,340.0,1175.0,多头买 Put，看跌,-4.988674328462883,PUT,3794.0,2619.0,5379150.0,3.405015011900691e-06,5M-10M,2026-06-18,322.89599609375,339.8500061035156,319.95001220703125,328.010009765625,317.6000061035156,45.78,46.8,47.3,31.0,0.4606682351684571,True,AVGO,41.23,0.1103565365025468,-0.04988674328462883,1579772770810.0,11.03565365025468,1175.0
AMD260130C00225000,225.0,1816.0,多头买 Call，看涨,16.942433152031956,CALL,1959.0,143.0,5366280.0,2.073694991304212e-05,5M-10M,2026-01-30,250.8999938964844,214.5500030517578,256.7449951171875,258.2898864746094,250.6999969482422,29.55,28.9,29.2,28.0,1.0717819848632817,True,AMD,8.9,2.320224719101123,0.16942433152031958,258778654648.0,232.0224719101123,1816.0
PLTR261120P00150000,150.0,2426.0,多头买 Put，看跌,-12.513273364341075,PUT,2659.0,233.0,5361460.000000001,1.272729471394979e-05,5M-10M,2026-11-20,168.9499969482422,193.1150054931641,168.2100067138672,170.58970642089844,168.02000427246094,22.1,21.95,22.1,90.0,0.5368698657226563,False,PLTR,19.45,0.13624678663239087,-0.12513273364341074,421256843697.0,13.624678663239088,2426.0
MU260717C00350000,350.0,526.0,多头买 Call，看涨,42.97252733899956,CALL,734.0,208.0,5357836.0,3.0441418977973696e-05,5M-10M,2026-07-17,389.6000061035156,272.4999084472656,395.6300048828125,398.0,384.2999877929688,101.86,100.35,102.65,12.0,0.799532033996582,True,MU,27.43,2.7134524243528984,0.4297252733899956,176004804634.0,271.34524243528983,526.0
MU260320P00340000,340.0,2966.0,空头卖 Put，看涨/看不跌,42.97252733899956,PUT,3020.0,54.0,5338800.0,3.033326283962517e-05,5M-10M,2026-03-20,389.6000061035156,272.4999084472656,395.6300048828125,398.0,384.2999877929688,18.0,17.75,18.5,95.0,0.6796907031250001,False,MU,87.0,-0.7931034482758621,0.4297252733899956,176004804634.0,-79.3103448275862,2966.0
AVGO260515P00300000,300.0,2483.0,多头买 Put，看跌,-4.988674328462883,PUT,3707.0,1224.0,5338450.0,3.37925181307107e-06,5M-10M,2026-05-15,322.89599609375,339.8500061035156,319.95001220703125,328.010009765625,317.6000061035156,21.5,21.55,21.75,10.0,0.4689384161376954,False,AVGO,19.4,0.10824742268041246,-0.04988674328462883,1579772770810.0,10.824742268041247,2483.0
GOOGL260320C00325000,325.0,2391.0,多头买 Call，看涨,7.666189714388108,CALL,4529.0,2138.0,5315193.0,1.7826319369047274e-06,5M-10M,2026-03-20,332.989990234375,309.2799987792969,327.8099975585937,333.2900085449219,327.0,22.23,22.2,22.35,13.0,0.3576114044189453,True,GOOGL,14.7,0.5122448979591838,0.07666189714388108,2981654760000.0,51.22448979591838,2391.0
WMT260320C00110000,110.0,-5058.0,空头平仓 Call，回补信号，看涨,5.150614623011615,CALL,4847.0,9905.0,5310900.0,6.457183614933634e-06,5M-10M,2026-03-20,118.51000213623048,112.70500183105467,117.80999755859376,118.8499984741211,117.5199966430664,10.5,9.95,10.6,4.0,0.301764794921875,True,WMT,7.78,0.3496143958868894,0.051506146230116144,822479321746.0,34.96143958868894,-5058.0
NEM260618C00100000,100.0,-1570.0,空头平仓 Call，回补信号，看涨,20.641262548794757,CALL,3547.0,5117.0,5303460.0,5.663497661394526e-05,5M-10M,2026-06-18,126.8000030517578,105.1050033569336,127.70999908447266,128.99000549316406,125.72000122070312,33.78,32.85,34.55,19.0,0.6079140771484376,True,NEM,16.36,1.06479217603912,0.20641262548794756,93642839056.0,106.47921760391199,-1570.0
PPTA260320C00030000,30.0,7915.0,多头买 Call，看涨,21.754630081852735,CALL,14763.0,6848.0,5303050.0,0.002329804324466184,5M-10M,2026-03-20,34.13999938964844,28.040000915527344,35.79999923706055,35.969200134277344,33.84000015258789,6.7,6.5,7.1,29.0,0.9047861083984376,True,PPTA,3.77,0.7771883289124669,0.21754630081852736,2276178280.0,77.71883289124669,7915.0
XOM260618C00130000,130.0,4976.0,多头买 Call，看涨,13.805860983407728,CALL,11451.0,6475.0,5299440.0,1.060444063352548e-05,5M-10M,2026-06-18,134.5299072265625,118.20999908447266,136.92999267578125,136.93980407714844,134.3699951171875,10.65,10.4,10.75,10.0,0.2507399145507812,True,XOM,2.73,2.901098901098901,0.13805860983407728,499737815802.0,290.1098901098901,4976.0
COIN260220P00230000,230.0,2272.0,多头买 Put，看跌,-14.726438058638355,PUT,4154.0,1882.0,5289216.0,6.585482771218054e-05,5M-10M,2026-02-20,213.5249938964844,250.3999938964844,212.10499572753903,215.63999938964844,210.88999938964844,23.28,22.75,23.65,5.0,0.5694012786865235,True,COIN,12.67,0.8374112075769535,-0.14726438058638355,80316298497.0,83.74112075769536,2272.0
PLTR260220P00160000,160.0,8211.0,多头买 Put，看跌,-12.513273364341075,PUT,21403.0,13192.0,5287884.0,1.2552636423880744e-05,5M-10M,2026-02-20,168.9499969482422,193.1150054931641,168.2100067138672,170.58970642089844,168.02000427246094,6.44,6.35,6.45,260.0,0.5861857788085938,False,PLTR,5.0,0.2880000000000001,-0.12513273364341074,421256843697.0,28.800000000000008,8211.0
BA260220C00195000,195.0,894.0,多头买 Call，看涨,15.078095100547314,CALL,1871.0,977.0,5282646.000000001,3.1574481289429303e-05,5M-10M,2026-02-20,249.0,216.3748016357422,251.4900054931641,251.5641021728516,247.40499877929688,59.09,53.15,55.45,91.0,0.6589389575195312,True,BA,25.9,1.2814671814671816,0.15078095100547315,167307451596.0,128.14671814671817,894.0
EQX260717C00015000,15.0,12911.0,多头买 Call，看涨,13.161307436873463,CALL,22211.0,9300.0,5267688.0,0.0006420322694746355,5M-10M,2026-07-17,16.809999465942383,14.854900360107422,16.540000915527344,17.079999923706055,16.440000534057617,4.08,3.8,4.2,17.0,0.6958038232421876,True,EQX,2.66,0.5338345864661653,0.13161307436873462,8204709094.0,53.38345864661653,12911.0
NVDA270115P00160000,160.0,3017.0,空头卖 Put，看涨/看不跌,2.2416703284091137,PUT,16376.0,13359.0,5264665.0,1.2158531941098616e-06,5M-10M,2027-01-15,187.03579711914065,182.93499755859372,187.07000732421875,189.1199951171875,186.8500061035156,17.45,17.45,17.6,97.0,0.4311580322265625,False,NVDA,18.66,-0.06484458735262598,0.022416703284091136,4330017000000.0,-6.4844587352625975,3017.0
WDC260320C00195000,195.0,877.0,多头买 Call，看涨,39.5673227526318,CALL,1416.0,539.0,5262000.0,0.00014191307138184203,5M-10M,2026-03-20,245.1499938964844,175.64999389648438,236.3999938964844,250.44000244140625,234.318603515625,60.0,58.5,61.5,7.0,0.8333756896972655,True,WDC,19.65,2.053435114503817,0.395673227526318,37079036827.0,205.3435114503817,877.0
XOM260220C00120000,120.0,-3441.0,空头平仓 Call，回补信号，看涨,13.805860983407728,CALL,11331.0,14772.0,5261289.0,1.0528098602176954e-05,5M-10M,2026-02-20,134.5299072265625,118.20999908447266,136.92999267578125,136.93980407714844,134.3699951171875,15.29,14.9,15.6,19.0,0.4143124975585937,True,XOM,3.04,4.029605263157895,0.13805860983407728,499737815802.0,402.9605263157895,-3441.0
HOOD260220P00110000,110.0,6451.0,多头买 Put，看跌,-11.65779589511722,PUT,9701.0,3250.0,5257565.0,4.892256759699969e-05,5M-10M,2026-02-20,107.91000366210938,122.1500015258789,106.23999786376952,108.4000015258789,104.83000183105467,8.15,8.0,8.4,11.0,0.6132851171875001,True,HOOD,6.63,0.22926093514328816,-0.11657795895117219,107467070071.0,22.926093514328816,6451.0
RKLB270115P00080000,80.0,2295.0,空头卖 Put，看涨/看不跌,7.73763912943191,PUT,2643.0,348.0,5255550.0,0.00023700343260181248,5M-10M,2027-01-15,84.0999984741211,78.05999755859375,86.79000091552734,87.16000366210938,83.47000122070312,22.9,23.0,25.25,506.0,0.832338102416992,False,RKLB,27.0,-0.1518518518518519,0.0773763912943191,22174995283.0,-15.18518518518519,2295.0
FCX260320C00050000,50.0,-3793.0,空头平仓 Call，回补信号，看涨,23.122216569983305,CALL,27622.0,31415.0,5249512.0,0.0001022720029737394,5M-10M,2026-03-20,62.45989990234375,50.72999954223633,63.415000915527344,63.57500076293945,62.08000183105469,13.84,13.65,14.0,47.0,0.6457554956054687,True,FCX,4.3,2.2186046511627904,0.23122216569983303,51328925291.0,221.86046511627904,-3793.0
AVGO260320C00350000,350.0,3083.0,空头卖 Call，看跌/看不涨,-4.988674328462883,CALL,7590.0,4507.0,5241100.0,3.3176290266812994e-06,5M-10M,2026-03-20,322.89599609375,339.8500061035156,319.95001220703125,328.010009765625,317.6000061035156,17.0,16.15,16.35,183.0,0.5382736602783205,False,AVGO,28.46,-0.40267041461700637,-0.04988674328462883,1579772770810.0,-40.267041461700636,3083.0
GS260320C00680000,680.0,-201.0,空头平仓 Call，回补信号，看涨,2.653279910233184,CALL,92.0,293.0,5238864.0,2.156472827546969e-05,5M-10M,2026-03-20,927.5750122070312,903.5999755859376,918.4099731445312,933.6900024414062,918.1699829101562,260.64,248.0,256.4,1.0,0.5334519311523438,True,GS,224.2,0.1625334522747547,0.026532799102331837,242936703541.0,16.253345227475467,-201.0
TSLA260417P00390000,390.0,3134.0,多头买 Put，看跌,-11.45003824844352,PUT,3958.0,824.0,5236914.0,3.6867014295353183e-06,5M-10M,2026-04-17,437.760009765625,494.364990234375,445.0299987792969,445.0299987792969,436.7099914550781,16.71,16.1,16.25,19.0,0.4494683959960937,False,TSLA,15.63,0.0690978886756238,-0.11450038248443518,1420487690716.0,6.90978886756238,3134.0
NVDA260320P00165000,165.0,12134.0,空头卖 Put，看涨/看不跌,2.2416703284091137,PUT,32056.0,19922.0,5217620.0,1.204988340692427e-06,5M-10M,2026-03-20,187.03579711914065,182.93499755859372,187.07000732421875,189.1199951171875,186.8500061035156,4.3,4.25,4.3,145.0,0.4572808178710938,False,NVDA,6.8,-0.36764705882352944,0.022416703284091136,4330017000000.0,-36.76470588235294,12134.0
AMZN260220C00260000,260.0,16202.0,多头买 Call，看涨,4.871287650576244,CALL,26015.0,9813.0,5217044.0,2.225763674531156e-06,5M-10M,2026-02-20,239.2350006103516,228.12249755859372,239.97999572753903,240.9499969482422,237.5399932861328,3.22,3.25,3.3,193.0,0.3999083447265625,False,AMZN,2.72,0.1838235294117647,0.04871287650576244,2343934380679.0,18.382352941176467,16202.0
TSM260618C00340000,340.0,1708.0,多头买 Call，看涨,13.650945839784894,CALL,2340.0,632.0,5209400.0,3.674298636323928e-06,5M-10M,2026-06-18,333.0199890136719,293.0199890136719,332.7900085449219,334.17999267578125,330.2300109863281,30.5,30.5,31.45,7.0,0.4141599111938476,False,TSM,16.0,0.90625,0.13650945839784895,1417794391697.0,90.625,1708.0
BABA260220P00165000,165.0,9639.0,空头卖 Put，看涨/看不跌,13.670795969503427,PUT,13992.0,4353.0,5205060.000000001,1.3111370997513452e-05,5M-10M,2026-02-20,171.9272003173828,151.25010681152344,169.7899932861328,172.27999877929688,168.67999267578125,5.4,4.95,5.35,16.0,0.4669242761230469,False,BABA,18.15,-0.7024793388429752,0.13670795969503427,396988232656.0,-70.24793388429752,9639.0
BA260618C00200000,200.0,-929.0,空头平仓 Call，回补信号，看涨,15.078095100547314,CALL,2073.0,3002.0,5202400.0,3.109484933499746e-05,5M-10M,2026-06-18,249.0,216.3748016357422,251.4900054931641,251.5641021728516,247.40499877929688,56.0,54.35,55.75,6.0,0.4219418157958984,True,BA,30.67,0.8258884903814802,0.15078095100547315,167307451596.0,82.58884903814801,-929.0
AVGO280121C00340000,340.0,594.0,空头卖 Call，看跌/看不涨,-4.988674328462883,CALL,1240.0,646.0,5202252.0,3.29303814834879e-06,5M-10M,2028-01-21,322.89599609375,339.8500061035156,319.95001220703125,328.010009765625,317.6000061035156,87.58,89.5,91.9,40.0,0.5441940112304688,False,AVGO,101.0,-0.13287128712871288,-0.04988674328462883,1579772770810.0,-13.287128712871288,594.0
TSLA271217C00430000,430.0,-364.0,多头平仓 Call，减仓，看涨减弱,-11.45003824844352,CALL,955.0,1319.0,5201560.0,3.661812794293305e-06,5M-10M,2027-12-17,437.760009765625,494.364990234375,445.0299987792969,445.0299987792969,436.7099914550781,142.9,143.05,144.95,51.0,0.6050836000823976,True,TSLA,194.3,-0.2645393721049923,-0.11450038248443518,1420487690716.0,-26.45393721049923,-364.0
AAPL260618P00250000,250.0,3590.0,多头买 Put，看跌,-6.501043010149722,PUT,8327.0,4737.0,5187550.0,1.3683401606200373e-06,5M-10M,2026-06-18,254.4199981689453,272.1099853515625,251.47999572753903,254.88999938964844,249.8000030517578,14.45,14.25,14.35,6.0,0.2611157873535156,False,AAPL,8.95,0.6145251396648045,-0.06501043010149722,3791126029400.0,61.452513966480446,3590.0
RKLB260320P00080000,80.0,5608.0,空头卖 Put，看涨/看不跌,7.73763912943191,PUT,5631.0,23.0,5187400.0,0.00023393015122653995,5M-10M,2026-03-20,84.0999984741211,78.05999755859375,86.79000091552734,87.16000366210938,83.47000122070312,9.25,9.2,9.45,50.0,0.8986826538085937,False,RKLB,15.25,-0.39344262295081966,0.0773763912943191,22174995283.0,-39.34426229508197,5608.0
BABA260618C00185000,185.0,3771.0,多头买 Call，看涨,13.670795969503427,CALL,5902.0,2131.0,5185125.0,1.3061155403296393e-05,5M-10M,2026-06-18,171.9272003173828,151.25010681152344,169.7899932861328,172.27999877929688,168.67999267578125,13.75,13.7,13.95,3.0,0.444219425048828,False,BABA,6.8,1.022058823529412,0.13670795969503427,396988232656.0,102.20588235294119,3771.0
TSLA260220C00435000,435.0,1999.0,空头卖 Call，看跌/看不涨,-11.45003824844352,CALL,2360.0,361.0,5183407.0,3.6490333804915215e-06,5M-10M,2026-02-20,437.760009765625,494.364990234375,445.0299987792969,445.0299987792969,436.7099914550781,25.93,25.75,25.95,268.0,0.5262803720092774,True,TSLA,78.3,-0.668837803320562,-0.11450038248443518,1420487690716.0,-66.8837803320562,1999.0
AMZN260320P00220000,220.0,9335.0,空头卖 Put，看涨/看不跌,4.871287650576244,PUT,21252.0,11917.0,5180925.0,2.210354113453965e-06,5M-10M,2026-03-20,239.2350006103516,228.12249755859372,239.97999572753903,240.9499969482422,237.5399932861328,5.55,5.6,5.65,92.0,0.3717103845214844,False,AMZN,9.95,-0.4422110552763819,0.04871287650576244,2343934380679.0,-44.22110552763819,9335.0
GS280121P01100000,1100.0,198.0,空头卖 Put，看涨/看不跌,2.653279910233184,PUT,200.0,2.0,5180670.0,2.1325184397777372e-05,5M-10M,2028-01-21,927.5750122070312,903.5999755859376,918.4099731445312,933.6900024414062,918.1699829101562,261.65,237.0,246.0,200.0,0.2540739266204834,True,GS,327.69,-0.20153193567090855,0.026532799102331837,242936703541.0,-20.153193567090856,198.0
AAL260515P00013000,13.0,-75062.0,空头平仓 Put，回补，看跌信号减弱,-8.809740504042972,PUT,11868.0,86930.0,5179278.0,0.0006940253538946497,5M-10M,2026-05-15,14.595000267028809,16.0049991607666,14.539999961853027,14.775799751281738,14.5,0.69,0.7,0.81,4.0,0.4892629199218751,False,AAL,0.56,0.23214285714285693,-0.08809740504042972,7462663966.0,23.214285714285694,-75062.0
NVDA280121C00185000,185.0,927.0,多头买 Call，看涨,2.2416703284091137,CALL,9232.0,8305.0,5171733.0,1.194390922714622e-06,5M-10M,2028-01-21,187.03579711914065,182.93499755859372,187.07000732421875,189.1199951171875,186.8500061035156,55.79,55.4,55.7,9.0,0.5331467584228515,True,NVDA,52.85,0.05562913907284764,0.022416703284091136,4330017000000.0,5.562913907284764,927.0
MSFT270115P00400000,400.0,2687.0,多头买 Put，看跌,-3.235167233073554,PUT,4506.0,1819.0,5169788.0,1.3598381027581744e-06,5M-10M,2027-01-15,470.1900024414063,485.9100036621094,465.3049926757813,470.80999755859375,462.0,19.24,19.2,19.4,6.0,0.2718273501586914,False,MSFT,17.35,0.10893371757925054,-0.03235167233073554,3801767276203.0,10.893371757925054,2687.0
TSLA260717P00420000,420.0,1148.0,多头买 Put，看跌,-11.45003824844352,PUT,1689.0,541.0,5166000.0,3.6367791384352415e-06,5M-10M,2026-07-17,437.760009765625,494.364990234375,445.0299987792969,445.0299987792969,436.7099914550781,45.0,44.75,44.95,1.0,0.4548699533081054,False,TSLA,39.61,0.1360767482958849,-0.11450038248443518,1420487690716.0,13.60767482958849,1148.0
TSLA270115C00430000,430.0,516.0,空头卖 Call，看跌/看不涨,-11.45003824844352,CALL,3345.0,2829.0,5164644.0,3.63582453671017e-06,5M-10M,2027-01-15,437.760009765625,494.364990234375,445.0299987792969,445.0299987792969,436.7099914550781,100.09,100.35,101.25,5.0,0.5749630516815185,True,TSLA,148.0,-0.3237162162162162,-0.11450038248443518,1420487690716.0,-32.37162162162162,516.0
AAPL271217P00250000,250.0,1723.0,多头买 Put，看跌,-6.501043010149722,PUT,2857.0,1134.0,5163831.0,1.3620837081001104e-06,5M-10M,2027-12-17,254.4199981689453,272.1099853515625,251.47999572753903,254.88999938964844,249.8000030517578,29.97,29.8,30.15,2.0,0.2346115357971191,False,AAPL,25.25,0.18693069306930687,-0.06501043010149722,3791126029400.0,18.69306930693069,1723.0
AG260220C00022000,22.0,8161.0,多头买 Call，看涨,54.78408038448875,CALL,8381.0,220.0,5157752.0,0.0008696241176596526,5M-10M,2026-02-20,27.420000076293945,17.71500015258789,27.190000534057617,27.690000534057617,26.299999237060547,6.32,6.2,6.4,3922.0,1.0693405908203126,True,AG,1.13,4.592920353982302,0.5478408038448875,5931013061.0,459.29203539823015,8161.0
NVDA260515P00210000,210.0,1711.0,空头卖 Put，看涨/看不跌,2.2416703284091137,PUT,3155.0,1444.0,5156954.0,1.190977772142696e-06,5M-10M,2026-05-15,187.03579711914065,182.93499755859372,187.07000732421875,189.1199951171875,186.8500061035156,30.14,30.1,30.2,3.0,0.3745790081787109,True,NVDA,33.81,-0.10854776693286014,0.022416703284091136,4330017000000.0,-10.854776693286015,1711.0
BABA260130C00160000,160.0,5181.0,多头买 Call，看涨,13.670795969503427,CALL,5360.0,179.0,5155095.0,1.2985510843760993e-05,5M-10M,2026-01-30,171.9272003173828,151.25010681152344,169.7899932861328,172.27999877929688,168.67999267578125,9.95,9.75,10.8,17.0,1.0000000000000004e-05,True,BABA,3.5,1.8428571428571427,0.13670795969503427,396988232656.0,184.28571428571428,5181.0
ORCL260130C00175000,175.0,5791.0,空头卖 Call，看跌/看不涨,-7.6536274924175025,CALL,5824.0,33.0,5153990.0,6.3984005174157234e-06,5M-10M,2026-01-30,181.8300018310547,196.8999938964844,179.10000610351562,185.27999877929688,178.52999877929688,8.9,8.8,9.05,3343.0,0.5717816259765626,True,ORCL,24.96,-0.6434294871794872,-0.07653627492417503,805512250440.0,-64.34294871794873,5791.0
AVGO280121P00400000,400.0,402.0,多头买 Put，看跌,-4.988674328462883,PUT,972.0,570.0,5153639.999999999,3.262266634306884e-06,5M-10M,2028-01-21,322.89599609375,339.8500061035156,319.95001220703125,328.010009765625,317.6000061035156,128.2,125.55,126.55,1.0,0.4122220643615722,True,AVGO,117.15,0.09432351685872797,-0.04988674328462883,1579772770810.0,9.432351685872797,402.0
ASTS271217C00080000,80.0,-818.0,空头平仓 Call，回补信号，看涨,22.506805753863887,CALL,3865.0,4683.0,5153400.0,0.0002928126028611585,5M-10M,2027-12-17,105.70500183105467,86.28500366210938,112.5500030517578,113.0,105.52010345458984,63.0,63.25,65.4,8.0,1.089787265930176,True,ASTS,47.7,0.320754716981132,0.22506805753863887,17599652302.0,32.0754716981132,-818.0
NVDA260618P00185000,185.0,2836.0,空头卖 Put，看涨/看不跌,2.2416703284091137,PUT,4808.0,1972.0,5147339.999999999,1.1887574575342312e-06,5M-10M,2026-06-18,187.03579711914065,182.93499755859372,187.07000732421875,189.1199951171875,186.8500061035156,18.15,18.2,18.3,12.0,0.4157773266601562,False,NVDA,20.9,-0.13157894736842107,0.022416703284091136,4330017000000.0,-13.157894736842108,2836.0
GS270115C00950000,950.0,-490.0,空头平仓 Call，回补信号，看涨,2.653279910233184,CALL,240.0,730.0,5145000.0,2.1178356028576337e-05,5M-10M,2027-01-15,927.5750122070312,903.5999755859376,918.4099731445312,933.6900024414062,918.1699829101562,105.0,106.0,112.25,1.0,0.3348150015258788,False,GS,89.23,0.1767342821920878,0.026532799102331837,242936703541.0,17.67342821920878,-490.0
MU260918P00330000,330.0,1010.0,空头卖 Put，看涨/看不跌,42.97252733899956,PUT,1033.0,23.0,5144939.999999999,2.9231815635367702e-05,5M-10M,2026-09-18,389.6000061035156,272.4999084472656,395.6300048828125,398.0,384.2999877929688,50.94,48.0,49.55,10.0,0.6575656802368165,False,MU,94.2,-0.459235668789809,0.4297252733899956,176004804634.0,-45.9235668789809,1010.0
SOFI260918C00027000,27.0,10036.0,空头卖 Call，看跌/看不涨,-5.1793522107790615,CALL,15357.0,5321.0,5138432.0,0.00015336472452393254,5M-10M,2026-09-18,25.905000686645508,27.31999969482422,25.899999618530277,26.399999618530277,25.850000381469727,5.12,4.95,5.1,56.0,0.6623568920898439,False,SOFI,6.45,-0.2062015503875969,-0.05179352210779061,33504653798.0,-20.62015503875969,10036.0
MU260220C00310000,310.0,609.0,多头买 Call，看涨,42.97252733899956,CALL,1507.0,898.0,5136914.999999999,2.9186220289168557e-05,5M-10M,2026-02-20,389.6000061035156,272.4999084472656,395.6300048828125,398.0,384.2999877929688,84.35,90.25,92.7,2.0,1.0681198937988283,True,MU,12.09,5.9768403639371375,0.4297252733899956,176004804634.0,597.6840363937138,609.0
PLTR260320P00160000,160.0,5420.0,多头买 Put，看跌,-12.513273364341075,PUT,10584.0,5164.0,5121899.999999999,1.2158615525506002e-05,5M-10M,2026-03-20,168.9499969482422,193.1150054931641,168.2100067138672,170.58970642089844,168.02000427246094,9.45,9.2,9.3,106.0,0.5257615783691407,False,PLTR,7.08,0.3347457627118643,-0.12513273364341074,421256843697.0,33.47457627118643,5420.0
AVGO260618P00350000,350.0,980.0,多头买 Put，看跌,-4.988674328462883,PUT,2468.0,1488.0,5115600.0,3.238187221936398e-06,5M-10M,2026-06-18,322.89599609375,339.8500061035156,319.95001220703125,328.010009765625,317.6000061035156,52.2,52.8,53.2,1.0,0.4537102969360351,True,AVGO,46.53,0.12185686653771763,-0.04988674328462883,1579772770810.0,12.185686653771763,980.0
WFC260417C00090000,90.0,14405.0,空头卖 Call，看跌/看不涨,-6.608988153905257,CALL,16753.0,2348.0,5113775.0,1.8778238101534903e-05,5M-10M,2026-04-17,87.96499633789062,94.19000244140624,87.0999984741211,88.13999938964844,87.0999984741211,3.55,3.5,3.55,118.0,0.2672192419433594,False,WFC,7.83,-0.5466155810983397,-0.06608988153905257,272324537177.0,-54.661558109833976,14405.0
META260618P00645000,645.0,1071.0,空头卖 Put，看涨/看不跌,1.5362789484275803,PUT,1196.0,125.0,5111882.999999999,2.735960561297973e-06,5M-10M,2026-06-18,669.1849975585938,659.0599975585938,665.2249755859375,671.7100219726562,661.2855224609375,47.73,47.7,48.0,7.0,0.3609377871704101,False,META,51.95,-0.08123195380173255,0.015362789484275802,1868405222031.0,-8.123195380173255,1071.0
TSLA270617C00420000,420.0,405.0,空头卖 Call，看跌/看不涨,-11.45003824844352,CALL,1854.0,1449.0,5096115.0,3.5875812464318446e-06,5M-10M,2027-06-17,437.760009765625,494.364990234375,445.0299987792969,445.0299987792969,436.7099914550781,125.83,126.1,127.5,5.0,0.5950510466003418,True,TSLA,174.5,-0.2789111747851003,-0.11450038248443518,1420487690716.0,-27.89111747851003,405.0
MRVL260618P00080000,80.0,4898.0,多头买 Put，看跌,-5.164640765533223,PUT,10257.0,5359.0,5093920.0,7.104406018466418e-05,5M-10M,2026-06-18,80.72859954833984,85.125,80.04239654541016,81.26000213623047,79.55500030517578,10.4,9.7,10.75,113.0,0.5283860638427735,False,MRVL,9.45,0.10052910052910065,-0.05164640765533223,71700857000.0,10.052910052910065,4898.0
HOOD260618P00100000,100.0,4467.0,多头买 Put，看跌,-11.65779589511722,PUT,7800.0,3333.0,5092380.0,4.738549210130722e-05,5M-10M,2026-06-18,107.91000366210938,122.1500015258789,106.23999786376952,108.4000015258789,104.83000183105467,11.4,11.25,11.45,1.0,0.5783733569335938,False,HOOD,10.27,0.11002921129503417,-0.11657795895117219,107467070071.0,11.002921129503417,4467.0
LRCX260320C00200000,200.0,1642.0,多头买 Call，看涨,25.410203828102514,CALL,3334.0,1692.0,5090200.0,3.134028778103688e-05,5M-10M,2026-03-20,220.1199951171875,175.52000427246094,218.97000122070312,222.6000061035156,215.9300994873047,31.0,31.25,33.8,3.0,0.6519810192871094,True,LRCX,7.95,2.89937106918239,0.2541020382810251,162417142930.0,289.937106918239,1642.0
TSLA260320P00420000,420.0,2505.0,多头买 Put，看跌,-11.45003824844352,PUT,5633.0,3128.0,5090160.0,3.583389024254264e-06,5M-10M,2026-03-20,437.760009765625,494.364990234375,445.0299987792969,445.0299987792969,436.7099914550781,20.32,20.25,20.35,63.0,0.4311275149536133,False,TSLA,17.7,0.14802259887005656,-0.11450038248443518,1420487690716.0,14.802259887005656,2505.0
TSLA260918P00450000,450.0,710.0,多头买 Put，看跌,-11.45003824844352,PUT,1352.0,642.0,5083599.999999999,3.5787708920149804e-06,5M-10M,2026-09-18,437.760009765625,494.364990234375,445.0299987792969,445.0299987792969,436.7099914550781,71.6,70.65,70.95,1.0,0.4567696535491944,True,TSLA,64.11,0.11683044766807042,-0.11450038248443518,1420487690716.0,11.683044766807042,710.0
AVGO260417P00320000,320.0,1981.0,多头买 Put，看跌,-4.988674328462883,PUT,3015.0,1034.0,5081264.999999999,3.2164530835625635e-06,5M-10M,2026-04-17,322.89599609375,339.8500061035156,319.95001220703125,328.010009765625,317.6000061035156,25.65,27.0,27.25,23.0,0.4726920407104492,False,AVGO,23.55,0.0891719745222929,-0.04988674328462883,1579772770810.0,8.91719745222929,1981.0
IREN270115C00045000,45.0,-1949.0,空头平仓 Call，回补信号，看涨,30.22046537113222,CALL,9149.0,11098.0,5067400.0,0.0004450903770305556,5M-10M,2027-01-15,54.34099960327149,41.72999954223633,56.13899993896485,57.04560089111328,54.16419982910156,26.0,25.2,26.2,6.0,1.1140181018066406,True,IREN,16.05,0.6199376947040498,0.3022046537113222,11385103479.0,61.99376947040498,-1949.0
TSLA260130C00430000,430.0,2551.0,空头卖 Call，看跌/看不涨,-11.45003824844352,CALL,2608.0,57.0,5063735.000000001,3.5647862583361167e-06,5M-10M,2026-01-30,437.760009765625,494.364990234375,445.0299987792969,445.0299987792969,436.7099914550781,19.85,19.75,19.85,7866.0,0.7702659692382813,True,TSLA,75.5,-0.7370860927152317,-0.11450038248443518,1420487690716.0,-73.70860927152317,2551.0
AVGO260320P00340000,340.0,1549.0,多头买 Put，看跌,-4.988674328462883,PUT,6090.0,4541.0,5055936.0,3.200419765057515e-06,5M-10M,2026-03-20,322.89599609375,339.8500061035156,319.95001220703125,328.010009765625,317.6000061035156,32.64,33.8,34.1,85.0,0.4845327426147461,True,AVGO,29.37,0.11133810010214502,-0.04988674328462883,1579772770810.0,11.133810010214502,1549.0
XOM260417C00140000,140.0,13836.0,多头买 Call，看涨,13.805860983407728,CALL,14210.0,374.0,5050140.0,1.0105579046275146e-05,5M-10M,2026-04-17,134.5299072265625,118.20999908447266,136.92999267578125,136.93980407714844,134.3699951171875,3.65,3.65,3.9,60.0,0.241645767211914,False,XOM,0.49,6.448979591836735,0.13805860983407728,499737815802.0,644.8979591836735,13836.0
ORCL260320C00200000,200.0,5426.0,空头卖 Call，看跌/看不涨,-7.6536274924175025,CALL,24202.0,18776.0,5046180.0,6.2645602189707155e-06,5M-10M,2026-03-20,181.8300018310547,196.8999938964844,179.10000610351562,185.27999877929688,178.52999877929688,9.3,9.6,9.85,371.0,0.5930826824951172,False,ORCL,18.7,-0.5026737967914437,-0.07653627492417503,805512250440.0,-50.267379679144376,5426.0
TEVA260220C00027000,27.0,-9986.0,空头平仓 Call，回补信号，看涨,2.6218220763139044,CALL,13989.0,23975.0,5042930.0,0.00023969725021778386,5M-10M,2026-02-20,31.774999618530277,30.96319961547852,31.899999618530277,32.084999084472656,31.6200008392334,5.05,4.9,5.55,4.0,0.637698935546875,True,TEVA,4.15,0.21686746987951794,0.026218220763139045,21038747818.0,21.686746987951793,-9986.0
BABA260220C00150000,150.0,2045.0,多头买 Call，看涨,13.670795969503427,CALL,6377.0,4332.0,5032745.0,1.267731531065556e-05,5M-10M,2026-02-20,171.9272003173828,151.25010681152344,169.7899932861328,172.27999877929688,168.67999267578125,24.61,20.55,21.65,48.0,1.0000000000000004e-05,True,BABA,9.5,1.5905263157894736,0.13670795969503427,396988232656.0,159.05263157894737,2045.0
AVGO260320C00370000,370.0,4675.0,空头卖 Call，看跌/看不涨,-4.988674328462883,CALL,9625.0,4950.0,5025625.0,3.1812328284549437e-06,5M-10M,2026-03-20,322.89599609375,339.8500061035156,319.95001220703125,328.010009765625,317.6000061035156,10.75,10.75,10.95,94.0,0.5361374511718751,False,AVGO,20.85,-0.48441247002398086,-0.04988674328462883,1579772770810.0,-48.441247002398086,4675.0
APP260618C00650000,650.0,770.0,空头卖 Call，看跌/看不涨,-25.2898203821183,CALL,1220.0,450.0,5005000.0,2.2089319752715016e-05,5M-10M,2026-06-18,545.219970703125,729.780029296875,532.7899780273438,558.3699951171875,530.5900268554688,65.0,60.0,65.4,2.0,0.7226742820739747,False,APP,138.0,-0.5289855072463768,-0.252898203821183,226580087392.0,-52.89855072463768,770.0
AMZN260220P00235000,235.0,5622.0,空头卖 Put，看涨/看不跌,4.871287650576244,PUT,10094.0,4472.0,5003580.0,2.1346928656554556e-06,5M-10M,2026-02-20,239.2350006103516,228.12249755859372,239.97999572753903,240.9499969482422,237.5399932861328,8.9,8.65,8.75,90.0,0.4245663012695312,False,AMZN,15.4,-0.42207792207792205,0.04871287650576244,2343934380679.0,-42.2077922077922,5622.0
